Block Name,Row ID,N,Time,avg(Area),avg(K),avg(Qdot),avg(T),avg(U (0)),avg(U (1)),avg(U (2)),avg(U (Magnitude)),avg(p),avg(p_rgh),avg(rho),avg(vtkOriginalCellIds),max(Area),max(K),max(Qdot),max(T),max(U (0)),max(U (1)),max(U (2)),max(U (Magnitude)),max(p),max(p_rgh),max(rho),max(vtkOriginalCellIds),med(Area),med(K),med(Qdot),med(T),med(U (0)),med(U (1)),med(U (2)),med(U (Magnitude)),med(p),med(p_rgh),med(rho),med(vtkOriginalCellIds),min(Area),min(K),min(Qdot),min(T),min(U (0)),min(U (1)),min(U (2)),min(U (Magnitude)),min(p),min(p_rgh),min(rho),min(vtkOriginalCellIds),q1(Area),q1(K),q1(Qdot),q1(T),q1(U (0)),q1(U (1)),q1(U (2)),q1(U (Magnitude)),q1(p),q1(p_rgh),q1(rho),q1(vtkOriginalCellIds),q3(Area),q3(K),q3(Qdot),q3(T),q3(U (0)),q3(U (1)),q3(U (2)),q3(U (Magnitude)),q3(p),q3(p_rgh),q3(rho),q3(vtkOriginalCellIds),std(Area),std(K),std(Qdot),std(T),std(U (0)),std(U (1)),std(U (2)),std(U (Magnitude)),std(p),std(p_rgh),std(rho),std(vtkOriginalCellIds),vtkValidPointMask
stats,0,1,1,0.00500595,0.000471319,0,563.15,-0.0299766,-4.71503e-07,-9.33826e-06,0.0299766,100000,100000,1905.56,0,0.00500595,0.000471319,0,563.15,-0.0299766,-4.71503e-07,-9.33826e-06,0.0299766,100000,100000,1905.56,0,0.00500595,0.000471319,0,563.15,-0.0299766,-4.71503e-07,-9.33826e-06,0.0299766,100000,100000,1905.56,0,0.00500595,0.000471319,0,563.15,-0.0299766,-4.71503e-07,-9.33826e-06,0.0299766,100000,100000,1905.56,0,0.00500595,0.000471319,0,563.15,-0.0299766,-4.71503e-07,-9.33826e-06,0.0299766,100000,100000,1905.56,0,0.00500595,0.000471319,0,563.15,-0.0299766,-4.71503e-07,-9.33826e-06,0.0299766,100000,100000,1905.56,0,0,0,0,0,0,0,0,0,0,0,0,0,1
stats,1,1,2,0.00500595,0.000496382,0,563.15,-0.0299758,6.58436e-07,0.000352342,0.0299779,100000,100000,1905.56,0,0.00500595,0.000496382,0,563.15,-0.0299758,6.58436e-07,0.000352342,0.0299779,100000,100000,1905.56,0,0.00500595,0.000496382,0,563.15,-0.0299758,6.58436e-07,0.000352342,0.0299779,100000,100000,1905.56,0,0.00500595,0.000496382,0,563.15,-0.0299758,6.58436e-07,0.000352342,0.0299779,100000,100000,1905.56,0,0.00500595,0.000496382,0,563.15,-0.0299758,6.58436e-07,0.000352342,0.0299779,100000,100000,1905.56,0,0.00500595,0.000496382,0,563.15,-0.0299758,6.58436e-07,0.000352342,0.0299779,100000,100000,1905.56,0,0,0,0,0,0,0,0,0,0,0,0,0,1
stats,2,1,3,0.00500595,0.000523617,0,563.15,-0.0299758,-3.67961e-05,0.0002085,0.0299765,100000,100000,1905.56,0,0.00500595,0.000523617,0,563.15,-0.0299758,-3.67961e-05,0.0002085,0.0299765,100000,100000,1905.56,0,0.00500595,0.000523617,0,563.15,-0.0299758,-3.67961e-05,0.0002085,0.0299765,100000,100000,1905.56,0,0.00500595,0.000523617,0,563.15,-0.0299758,-3.67961e-05,0.0002085,0.0299765,100000,100000,1905.56,0,0.00500595,0.000523617,0,563.15,-0.0299758,-3.67961e-05,0.0002085,0.0299765,100000,100000,1905.56,0,0.00500595,0.000523617,0,563.15,-0.0299758,-3.67961e-05,0.0002085,0.0299765,100000,100000,1905.56,0,0,0,0,0,0,0,0,0,0,0,0,0,1
stats,3,1,4,0.00500595,0.00053517,0,563.15,-0.0299714,-1.03934e-05,-0.000130906,0.0299716,100000,100000,1905.56,0,0.00500595,0.00053517,0,563.15,-0.0299714,-1.03934e-05,-0.000130906,0.0299716,100000,100000,1905.56,0,0.00500595,0.00053517,0,563.15,-0.0299714,-1.03934e-05,-0.000130906,0.0299716,100000,100000,1905.56,0,0.00500595,0.00053517,0,563.15,-0.0299714,-1.03934e-05,-0.000130906,0.0299716,100000,100000,1905.56,0,0.00500595,0.00053517,0,563.15,-0.0299714,-1.03934e-05,-0.000130906,0.0299716,100000,100000,1905.56,0,0.00500595,0.00053517,0,563.15,-0.0299714,-1.03934e-05,-0.000130906,0.0299716,100000,100000,1905.56,0,0,0,0,0,0,0,0,0,0,0,0,0,1
stats,4,1,5,0.00500595,0.00053812,0,563.15,-0.02997,1.91017e-05,-0.000374636,0.0299723,100000,100000,1905.56,0,0.00500595,0.00053812,0,563.15,-0.02997,1.91017e-05,-0.000374636,0.0299723,100000,100000,1905.56,0,0.00500595,0.00053812,0,563.15,-0.02997,1.91017e-05,-0.000374636,0.0299723,100000,100000,1905.56,0,0.00500595,0.00053812,0,563.15,-0.02997,1.91017e-05,-0.000374636,0.0299723,100000,100000,1905.56,0,0.00500595,0.00053812,0,563.15,-0.02997,1.91017e-05,-0.000374636,0.0299723,100000,100000,1905.56,0,0.00500595,0.00053812,0,563.15,-0.02997,1.91017e-05,-0.000374636,0.0299723,100000,100000,1905.56,0,0,0,0,0,0,0,0,0,0,0,0,0,1
stats,5,1,6,0.00500595,0.000539095,0,563.15,-0.0299702,3.00048e-05,-0.000510451,0.0299745,100000,100000,1905.56,0,0.00500595,0.000539095,0,563.15,-0.0299702,3.00048e-05,-0.000510451,0.0299745,100000,100000,1905.56,0,0.00500595,0.000539095,0,563.15,-0.0299702,3.00048e-05,-0.000510451,0.0299745,100000,100000,1905.56,0,0.00500595,0.000539095,0,563.15,-0.0299702,3.00048e-05,-0.000510451,0.0299745,100000,100000,1905.56,0,0.00500595,0.000539095,0,563.15,-0.0299702,3.00048e-05,-0.000510451,0.0299745,100000,100000,1905.56,0,0.00500595,0.000539095,0,563.15,-0.0299702,3.00048e-05,-0.000510451,0.0299745,100000,100000,1905.56,0,0,0,0,0,0,0,0,0,0,0,0,0,1
stats,6,1,7,0.00500595,0.000539511,0,563.15,-0.0299706,3.28013e-05,-0.000581106,0.0299763,100000,100000,1905.56,0,0.00500595,0.000539511,0,563.15,-0.0299706,3.28013e-05,-0.000581106,0.0299763,100000,100000,1905.56,0,0.00500595,0.000539511,0,563.15,-0.0299706,3.28013e-05,-0.000581106,0.0299763,100000,100000,1905.56,0,0.00500595,0.000539511,0,563.15,-0.0299706,3.28013e-05,-0.000581106,0.0299763,100000,100000,1905.56,0,0.00500595,0.000539511,0,563.15,-0.0299706,3.28013e-05,-0.000581106,0.0299763,100000,100000,1905.56,0,0.00500595,0.000539511,0,563.15,-0.0299706,3.28013e-05,-0.000581106,0.0299763,100000,100000,1905.56,0,0,0,0,0,0,0,0,0,0,0,0,0,1
stats,7,1,8,0.00500595,0.000539645,0,563.15,-0.0299713,3.30349e-05,-0.000616139,0.0299776,100000,100000,1905.56,0,0.00500595,0.000539645,0,563.15,-0.0299713,3.30349e-05,-0.000616139,0.0299776,100000,100000,1905.56,0,0.00500595,0.000539645,0,563.15,-0.0299713,3.30349e-05,-0.000616139,0.0299776,100000,100000,1905.56,0,0.00500595,0.000539645,0,563.15,-0.0299713,3.30349e-05,-0.000616139,0.0299776,100000,100000,1905.56,0,0.00500595,0.000539645,0,563.15,-0.0299713,3.30349e-05,-0.000616139,0.0299776,100000,100000,1905.56,0,0.00500595,0.000539645,0,563.15,-0.0299713,3.30349e-05,-0.000616139,0.0299776,100000,100000,1905.56,0,0,0,0,0,0,0,0,0,0,0,0,0,1
stats,8,1,9,0.00500595,0.000539616,0,563.15,-0.0299711,3.26385e-05,-0.000631739,0.0299778,100000,100000,1905.56,0,0.00500595,0.000539616,0,563.15,-0.0299711,3.26385e-05,-0.000631739,0.0299778,100000,100000,1905.56,0,0.00500595,0.000539616,0,563.15,-0.0299711,3.26385e-05,-0.000631739,0.0299778,100000,100000,1905.56,0,0.00500595,0.000539616,0,563.15,-0.0299711,3.26385e-05,-0.000631739,0.0299778,100000,100000,1905.56,0,0.00500595,0.000539616,0,563.15,-0.0299711,3.26385e-05,-0.000631739,0.0299778,100000,100000,1905.56,0,0.00500595,0.000539616,0,563.15,-0.0299711,3.26385e-05,-0.000631739,0.0299778,100000,100000,1905.56,0,0,0,0,0,0,0,0,0,0,0,0,0,1
stats,9,1,10,0.00500595,0.000539539,0,563.15,-0.0299718,3.22119e-05,-0.000636958,0.0299786,100000,100000,1905.56,0,0.00500595,0.000539539,0,563.15,-0.0299718,3.22119e-05,-0.000636958,0.0299786,100000,100000,1905.56,0,0.00500595,0.000539539,0,563.15,-0.0299718,3.22119e-05,-0.000636958,0.0299786,100000,100000,1905.56,0,0.00500595,0.000539539,0,563.15,-0.0299718,3.22119e-05,-0.000636958,0.0299786,100000,100000,1905.56,0,0.00500595,0.000539539,0,563.15,-0.0299718,3.22119e-05,-0.000636958,0.0299786,100000,100000,1905.56,0,0.00500595,0.000539539,0,563.15,-0.0299718,3.22119e-05,-0.000636958,0.0299786,100000,100000,1905.56,0,0,0,0,0,0,0,0,0,0,0,0,0,1
stats,10,1,11,0.00500595,0.000539427,0,563.15,-0.0299725,3.19438e-05,-0.000637193,0.0299793,100000,100000,1905.56,0,0.00500595,0.000539427,0,563.15,-0.0299725,3.19438e-05,-0.000637193,0.0299793,100000,100000,1905.56,0,0.00500595,0.000539427,0,563.15,-0.0299725,3.19438e-05,-0.000637193,0.0299793,100000,100000,1905.56,0,0.00500595,0.000539427,0,563.15,-0.0299725,3.19438e-05,-0.000637193,0.0299793,100000,100000,1905.56,0,0.00500595,0.000539427,0,563.15,-0.0299725,3.19438e-05,-0.000637193,0.0299793,100000,100000,1905.56,0,0.00500595,0.000539427,0,563.15,-0.0299725,3.19438e-05,-0.000637193,0.0299793,100000,100000,1905.56,0,0,0,0,0,0,0,0,0,0,0,0,0,1
stats,11,1,12,0.00500595,0.000539301,0,563.15,-0.0299733,3.17924e-05,-0.000635135,0.02998,100000,100000,1905.56,0,0.00500595,0.000539301,0,563.15,-0.0299733,3.17924e-05,-0.000635135,0.02998,100000,100000,1905.56,0,0.00500595,0.000539301,0,563.15,-0.0299733,3.17924e-05,-0.000635135,0.02998,100000,100000,1905.56,0,0.00500595,0.000539301,0,563.15,-0.0299733,3.17924e-05,-0.000635135,0.02998,100000,100000,1905.56,0,0.00500595,0.000539301,0,563.15,-0.0299733,3.17924e-05,-0.000635135,0.02998,100000,100000,1905.56,0,0.00500595,0.000539301,0,563.15,-0.0299733,3.17924e-05,-0.000635135,0.02998,100000,100000,1905.56,0,0,0,0,0,0,0,0,0,0,0,0,0,1
stats,12,1,13,0.00500595,0.000539171,0,563.15,-0.029974,3.1716e-05,-0.000631981,0.0299807,100000,100000,1905.56,0,0.00500595,0.000539171,0,563.15,-0.029974,3.1716e-05,-0.000631981,0.0299807,100000,100000,1905.56,0,0.00500595,0.000539171,0,563.15,-0.029974,3.1716e-05,-0.000631981,0.0299807,100000,100000,1905.56,0,0.00500595,0.000539171,0,563.15,-0.029974,3.1716e-05,-0.000631981,0.0299807,100000,100000,1905.56,0,0.00500595,0.000539171,0,563.15,-0.029974,3.1716e-05,-0.000631981,0.0299807,100000,100000,1905.56,0,0.00500595,0.000539171,0,563.15,-0.029974,3.1716e-05,-0.000631981,0.0299807,100000,100000,1905.56,0,0,0,0,0,0,0,0,0,0,0,0,0,1
stats,13,1,14,0.00500595,0.000539039,0,563.15,-0.0299748,3.16625e-05,-0.000628144,0.0299813,100000,100000,1905.56,0,0.00500595,0.000539039,0,563.15,-0.0299748,3.16625e-05,-0.000628144,0.0299813,100000,100000,1905.56,0,0.00500595,0.000539039,0,563.15,-0.0299748,3.16625e-05,-0.000628144,0.0299813,100000,100000,1905.56,0,0.00500595,0.000539039,0,563.15,-0.0299748,3.16625e-05,-0.000628144,0.0299813,100000,100000,1905.56,0,0.00500595,0.000539039,0,563.15,-0.0299748,3.16625e-05,-0.000628144,0.0299813,100000,100000,1905.56,0,0.00500595,0.000539039,0,563.15,-0.0299748,3.16625e-05,-0.000628144,0.0299813,100000,100000,1905.56,0,0,0,0,0,0,0,0,0,0,0,0,0,1
stats,14,1,15,0.00500595,0.000538907,0,563.15,-0.0299755,3.16177e-05,-0.000623713,0.029982,100000,100000,1905.56,0,0.00500595,0.000538907,0,563.15,-0.0299755,3.16177e-05,-0.000623713,0.029982,100000,100000,1905.56,0,0.00500595,0.000538907,0,563.15,-0.0299755,3.16177e-05,-0.000623713,0.029982,100000,100000,1905.56,0,0.00500595,0.000538907,0,563.15,-0.0299755,3.16177e-05,-0.000623713,0.029982,100000,100000,1905.56,0,0.00500595,0.000538907,0,563.15,-0.0299755,3.16177e-05,-0.000623713,0.029982,100000,100000,1905.56,0,0.00500595,0.000538907,0,563.15,-0.0299755,3.16177e-05,-0.000623713,0.029982,100000,100000,1905.56,0,0,0,0,0,0,0,0,0,0,0,0,0,1
stats,15,1,16,0.00500595,0.000538778,0,563.15,-0.0299762,3.15511e-05,-0.000618692,0.0299826,100000,100000,1905.56,0,0.00500595,0.000538778,0,563.15,-0.0299762,3.15511e-05,-0.000618692,0.0299826,100000,100000,1905.56,0,0.00500595,0.000538778,0,563.15,-0.0299762,3.15511e-05,-0.000618692,0.0299826,100000,100000,1905.56,0,0.00500595,0.000538778,0,563.15,-0.0299762,3.15511e-05,-0.000618692,0.0299826,100000,100000,1905.56,0,0.00500595,0.000538778,0,563.15,-0.0299762,3.15511e-05,-0.000618692,0.0299826,100000,100000,1905.56,0,0.00500595,0.000538778,0,563.15,-0.0299762,3.15511e-05,-0.000618692,0.0299826,100000,100000,1905.56,0,0,0,0,0,0,0,0,0,0,0,0,0,1
stats,16,1,17,0.00500595,0.000538653,0,563.15,-0.029977,3.14601e-05,-0.000613173,0.0299833,100000,100000,1905.56,0,0.00500595,0.000538653,0,563.15,-0.029977,3.14601e-05,-0.000613173,0.0299833,100000,100000,1905.56,0,0.00500595,0.000538653,0,563.15,-0.029977,3.14601e-05,-0.000613173,0.0299833,100000,100000,1905.56,0,0.00500595,0.000538653,0,563.15,-0.029977,3.14601e-05,-0.000613173,0.0299833,100000,100000,1905.56,0,0.00500595,0.000538653,0,563.15,-0.029977,3.14601e-05,-0.000613173,0.0299833,100000,100000,1905.56,0,0.00500595,0.000538653,0,563.15,-0.029977,3.14601e-05,-0.000613173,0.0299833,100000,100000,1905.56,0,0,0,0,0,0,0,0,0,0,0,0,0,1
stats,17,1,18,0.00500595,0.000538536,0,563.15,-0.0299777,3.13815e-05,-0.000607329,0.0299839,100000,100000,1905.56,0,0.00500595,0.000538536,0,563.15,-0.0299777,3.13815e-05,-0.000607329,0.0299839,100000,100000,1905.56,0,0.00500595,0.000538536,0,563.15,-0.0299777,3.13815e-05,-0.000607329,0.0299839,100000,100000,1905.56,0,0.00500595,0.000538536,0,563.15,-0.0299777,3.13815e-05,-0.000607329,0.0299839,100000,100000,1905.56,0,0.00500595,0.000538536,0,563.15,-0.0299777,3.13815e-05,-0.000607329,0.0299839,100000,100000,1905.56,0,0.00500595,0.000538536,0,563.15,-0.0299777,3.13815e-05,-0.000607329,0.0299839,100000,100000,1905.56,0,0,0,0,0,0,0,0,0,0,0,0,0,1
stats,18,1,19,0.00500595,0.000538427,0,563.15,-0.0299785,3.13136e-05,-0.000601385,0.0299845,100000,100000,1905.56,0,0.00500595,0.000538427,0,563.15,-0.0299785,3.13136e-05,-0.000601385,0.0299845,100000,100000,1905.56,0,0.00500595,0.000538427,0,563.15,-0.0299785,3.13136e-05,-0.000601385,0.0299845,100000,100000,1905.56,0,0.00500595,0.000538427,0,563.15,-0.0299785,3.13136e-05,-0.000601385,0.0299845,100000,100000,1905.56,0,0.00500595,0.000538427,0,563.15,-0.0299785,3.13136e-05,-0.000601385,0.0299845,100000,100000,1905.56,0,0.00500595,0.000538427,0,563.15,-0.0299785,3.13136e-05,-0.000601385,0.0299845,100000,100000,1905.56,0,0,0,0,0,0,0,0,0,0,0,0,0,1
stats,19,1,20,0.00500595,0.000538346,0,563.15,-0.02998,3.12612e-05,-0.000595533,0.029986,100000,100000,1905.56,0,0.00500595,0.000538346,0,563.15,-0.02998,3.12612e-05,-0.000595533,0.029986,100000,100000,1905.56,0,0.00500595,0.000538346,0,563.15,-0.02998,3.12612e-05,-0.000595533,0.029986,100000,100000,1905.56,0,0.00500595,0.000538346,0,563.15,-0.02998,3.12612e-05,-0.000595533,0.029986,100000,100000,1905.56,0,0.00500595,0.000538346,0,563.15,-0.02998,3.12612e-05,-0.000595533,0.029986,100000,100000,1905.56,0,0.00500595,0.000538346,0,563.15,-0.02998,3.12612e-05,-0.000595533,0.029986,100000,100000,1905.56,0,0,0,0,0,0,0,0,0,0,0,0,0,1
stats,20,1,21,0.00500595,0.00053825,0,563.15,-0.0299808,3.12118e-05,-0.000590078,0.0299866,100000,100000,1905.56,0,0.00500595,0.00053825,0,563.15,-0.0299808,3.12118e-05,-0.000590078,0.0299866,100000,100000,1905.56,0,0.00500595,0.00053825,0,563.15,-0.0299808,3.12118e-05,-0.000590078,0.0299866,100000,100000,1905.56,0,0.00500595,0.00053825,0,563.15,-0.0299808,3.12118e-05,-0.000590078,0.0299866,100000,100000,1905.56,0,0.00500595,0.00053825,0,563.15,-0.0299808,3.12118e-05,-0.000590078,0.0299866,100000,100000,1905.56,0,0.00500595,0.00053825,0,563.15,-0.0299808,3.12118e-05,-0.000590078,0.0299866,100000,100000,1905.56,0,0,0,0,0,0,0,0,0,0,0,0,0,1
stats,21,1,22,0.00500595,0.000538171,0,563.15,-0.0299815,3.11452e-05,-0.000584892,0.0299872,100000,100000,1905.56,0,0.00500595,0.000538171,0,563.15,-0.0299815,3.11452e-05,-0.000584892,0.0299872,100000,100000,1905.56,0,0.00500595,0.000538171,0,563.15,-0.0299815,3.11452e-05,-0.000584892,0.0299872,100000,100000,1905.56,0,0.00500595,0.000538171,0,563.15,-0.0299815,3.11452e-05,-0.000584892,0.0299872,100000,100000,1905.56,0,0.00500595,0.000538171,0,563.15,-0.0299815,3.11452e-05,-0.000584892,0.0299872,100000,100000,1905.56,0,0.00500595,0.000538171,0,563.15,-0.0299815,3.11452e-05,-0.000584892,0.0299872,100000,100000,1905.56,0,0,0,0,0,0,0,0,0,0,0,0,0,1
stats,22,1,23,0.00500595,0.000538103,0,563.151,-0.0299822,3.11153e-05,-0.000580161,0.0299878,100000,100000,1905.56,0,0.00500595,0.000538103,0,563.151,-0.0299822,3.11153e-05,-0.000580161,0.0299878,100000,100000,1905.56,0,0.00500595,0.000538103,0,563.151,-0.0299822,3.11153e-05,-0.000580161,0.0299878,100000,100000,1905.56,0,0.00500595,0.000538103,0,563.151,-0.0299822,3.11153e-05,-0.000580161,0.0299878,100000,100000,1905.56,0,0.00500595,0.000538103,0,563.151,-0.0299822,3.11153e-05,-0.000580161,0.0299878,100000,100000,1905.56,0,0.00500595,0.000538103,0,563.151,-0.0299822,3.11153e-05,-0.000580161,0.0299878,100000,100000,1905.56,0,0,0,0,0,0,0,0,0,0,0,0,0,1
stats,23,1,24,0.00500595,0.000538042,0,563.152,-0.0299829,3.11039e-05,-0.000576028,0.0299884,100000,100000,1905.56,0,0.00500595,0.000538042,0,563.152,-0.0299829,3.11039e-05,-0.000576028,0.0299884,100000,100000,1905.56,0,0.00500595,0.000538042,0,563.152,-0.0299829,3.11039e-05,-0.000576028,0.0299884,100000,100000,1905.56,0,0.00500595,0.000538042,0,563.152,-0.0299829,3.11039e-05,-0.000576028,0.0299884,100000,100000,1905.56,0,0.00500595,0.000538042,0,563.152,-0.0299829,3.11039e-05,-0.000576028,0.0299884,100000,100000,1905.56,0,0.00500595,0.000538042,0,563.152,-0.0299829,3.11039e-05,-0.000576028,0.0299884,100000,100000,1905.56,0,0,0,0,0,0,0,0,0,0,0,0,0,1
stats,24,1,25,0.00500595,0.000537989,0,563.155,-0.0299834,3.10902e-05,-0.00057229,0.0299889,100000,100000,1905.56,0,0.00500595,0.000537989,0,563.155,-0.0299834,3.10902e-05,-0.00057229,0.0299889,100000,100000,1905.56,0,0.00500595,0.000537989,0,563.155,-0.0299834,3.10902e-05,-0.00057229,0.0299889,100000,100000,1905.56,0,0.00500595,0.000537989,0,563.155,-0.0299834,3.10902e-05,-0.00057229,0.0299889,100000,100000,1905.56,0,0.00500595,0.000537989,0,563.155,-0.0299834,3.10902e-05,-0.00057229,0.0299889,100000,100000,1905.56,0,0.00500595,0.000537989,0,563.155,-0.0299834,3.10902e-05,-0.00057229,0.0299889,100000,100000,1905.56,0,0,0,0,0,0,0,0,0,0,0,0,0,1
stats,25,1,26,0.00500595,0.000537942,0,563.161,-0.0299839,3.10778e-05,-0.000568747,0.0299893,100000,100000,1905.55,0,0.00500595,0.000537942,0,563.161,-0.0299839,3.10778e-05,-0.000568747,0.0299893,100000,100000,1905.55,0,0.00500595,0.000537942,0,563.161,-0.0299839,3.10778e-05,-0.000568747,0.0299893,100000,100000,1905.55,0,0.00500595,0.000537942,0,563.161,-0.0299839,3.10778e-05,-0.000568747,0.0299893,100000,100000,1905.55,0,0.00500595,0.000537942,0,563.161,-0.0299839,3.10778e-05,-0.000568747,0.0299893,100000,100000,1905.55,0,0.00500595,0.000537942,0,563.161,-0.0299839,3.10778e-05,-0.000568747,0.0299893,100000,100000,1905.55,0,0,0,0,0,0,0,0,0,0,0,0,0,1
stats,26,1,27,0.00500595,0.000537901,0,563.168,-0.0299843,3.10724e-05,-0.000565506,0.0299896,100000,100000,1905.55,0,0.00500595,0.000537901,0,563.168,-0.0299843,3.10724e-05,-0.000565506,0.0299896,100000,100000,1905.55,0,0.00500595,0.000537901,0,563.168,-0.0299843,3.10724e-05,-0.000565506,0.0299896,100000,100000,1905.55,0,0.00500595,0.000537901,0,563.168,-0.0299843,3.10724e-05,-0.000565506,0.0299896,100000,100000,1905.55,0,0.00500595,0.000537901,0,563.168,-0.0299843,3.10724e-05,-0.000565506,0.0299896,100000,100000,1905.55,0,0.00500595,0.000537901,0,563.168,-0.0299843,3.10724e-05,-0.000565506,0.0299896,100000,100000,1905.55,0,0,0,0,0,0,0,0,0,0,0,0,0,1
stats,27,1,28,0.00500595,0.000537865,0,563.175,-0.0299846,3.10691e-05,-0.00056268,0.0299899,100000,100000,1905.54,0,0.00500595,0.000537865,0,563.175,-0.0299846,3.10691e-05,-0.00056268,0.0299899,100000,100000,1905.54,0,0.00500595,0.000537865,0,563.175,-0.0299846,3.10691e-05,-0.00056268,0.0299899,100000,100000,1905.54,0,0.00500595,0.000537865,0,563.175,-0.0299846,3.10691e-05,-0.00056268,0.0299899,100000,100000,1905.54,0,0.00500595,0.000537865,0,563.175,-0.0299846,3.10691e-05,-0.00056268,0.0299899,100000,100000,1905.54,0,0.00500595,0.000537865,0,563.175,-0.0299846,3.10691e-05,-0.00056268,0.0299899,100000,100000,1905.54,0,0,0,0,0,0,0,0,0,0,0,0,0,1
stats,28,1,29,0.00500595,0.000537835,0,563.183,-0.0299848,3.10664e-05,-0.000560271,0.0299901,100000,100000,1905.54,0,0.00500595,0.000537835,0,563.183,-0.0299848,3.10664e-05,-0.000560271,0.0299901,100000,100000,1905.54,0,0.00500595,0.000537835,0,563.183,-0.0299848,3.10664e-05,-0.000560271,0.0299901,100000,100000,1905.54,0,0.00500595,0.000537835,0,563.183,-0.0299848,3.10664e-05,-0.000560271,0.0299901,100000,100000,1905.54,0,0.00500595,0.000537835,0,563.183,-0.0299848,3.10664e-05,-0.000560271,0.0299901,100000,100000,1905.54,0,0.00500595,0.000537835,0,563.183,-0.0299848,3.10664e-05,-0.000560271,0.0299901,100000,100000,1905.54,0,0,0,0,0,0,0,0,0,0,0,0,0,1
stats,29,1,30,0.00500595,0.00053781,0,563.19,-0.0299851,3.10678e-05,-0.000558236,0.0299903,100000,100000,1905.53,0,0.00500595,0.00053781,0,563.19,-0.0299851,3.10678e-05,-0.000558236,0.0299903,100000,100000,1905.53,0,0.00500595,0.00053781,0,563.19,-0.0299851,3.10678e-05,-0.000558236,0.0299903,100000,100000,1905.53,0,0.00500595,0.00053781,0,563.19,-0.0299851,3.10678e-05,-0.000558236,0.0299903,100000,100000,1905.53,0,0.00500595,0.00053781,0,563.19,-0.0299851,3.10678e-05,-0.000558236,0.0299903,100000,100000,1905.53,0,0.00500595,0.00053781,0,563.19,-0.0299851,3.10678e-05,-0.000558236,0.0299903,100000,100000,1905.53,0,0,0,0,0,0,0,0,0,0,0,0,0,1
stats,30,1,31,0.00500595,0.000537791,0,563.198,-0.0299852,3.10731e-05,-0.000556553,0.0299904,100000,100000,1905.53,0,0.00500595,0.000537791,0,563.198,-0.0299852,3.10731e-05,-0.000556553,0.0299904,100000,100000,1905.53,0,0.00500595,0.000537791,0,563.198,-0.0299852,3.10731e-05,-0.000556553,0.0299904,100000,100000,1905.53,0,0.00500595,0.000537791,0,563.198,-0.0299852,3.10731e-05,-0.000556553,0.0299904,100000,100000,1905.53,0,0.00500595,0.000537791,0,563.198,-0.0299852,3.10731e-05,-0.000556553,0.0299904,100000,100000,1905.53,0,0.00500595,0.000537791,0,563.198,-0.0299852,3.10731e-05,-0.000556553,0.0299904,100000,100000,1905.53,0,0,0,0,0,0,0,0,0,0,0,0,0,1
stats,31,1,32,0.00500595,0.000537777,0,563.206,-0.0299854,3.10842e-05,-0.0005552,0.0299906,100000,100000,1905.52,0,0.00500595,0.000537777,0,563.206,-0.0299854,3.10842e-05,-0.0005552,0.0299906,100000,100000,1905.52,0,0.00500595,0.000537777,0,563.206,-0.0299854,3.10842e-05,-0.0005552,0.0299906,100000,100000,1905.52,0,0.00500595,0.000537777,0,563.206,-0.0299854,3.10842e-05,-0.0005552,0.0299906,100000,100000,1905.52,0,0.00500595,0.000537777,0,563.206,-0.0299854,3.10842e-05,-0.0005552,0.0299906,100000,100000,1905.52,0,0.00500595,0.000537777,0,563.206,-0.0299854,3.10842e-05,-0.0005552,0.0299906,100000,100000,1905.52,0,0,0,0,0,0,0,0,0,0,0,0,0,1
stats,32,1,33,0.00500595,0.000537766,0,563.215,-0.0299856,3.10975e-05,-0.000554144,0.0299907,100000,100000,1905.52,0,0.00500595,0.000537766,0,563.215,-0.0299856,3.10975e-05,-0.000554144,0.0299907,100000,100000,1905.52,0,0.00500595,0.000537766,0,563.215,-0.0299856,3.10975e-05,-0.000554144,0.0299907,100000,100000,1905.52,0,0.00500595,0.000537766,0,563.215,-0.0299856,3.10975e-05,-0.000554144,0.0299907,100000,100000,1905.52,0,0.00500595,0.000537766,0,563.215,-0.0299856,3.10975e-05,-0.000554144,0.0299907,100000,100000,1905.52,0,0.00500595,0.000537766,0,563.215,-0.0299856,3.10975e-05,-0.000554144,0.0299907,100000,100000,1905.52,0,0,0,0,0,0,0,0,0,0,0,0,0,1
stats,33,1,34,0.00500595,0.00053776,0,563.225,-0.0299857,3.11121e-05,-0.000553341,0.0299908,100000,100000,1905.51,0,0.00500595,0.00053776,0,563.225,-0.0299857,3.11121e-05,-0.000553341,0.0299908,100000,100000,1905.51,0,0.00500595,0.00053776,0,563.225,-0.0299857,3.11121e-05,-0.000553341,0.0299908,100000,100000,1905.51,0,0.00500595,0.00053776,0,563.225,-0.0299857,3.11121e-05,-0.000553341,0.0299908,100000,100000,1905.51,0,0.00500595,0.00053776,0,563.225,-0.0299857,3.11121e-05,-0.000553341,0.0299908,100000,100000,1905.51,0,0.00500595,0.00053776,0,563.225,-0.0299857,3.11121e-05,-0.000553341,0.0299908,100000,100000,1905.51,0,0,0,0,0,0,0,0,0,0,0,0,0,1
stats,34,1,35,0.00500595,0.000537755,0,563.236,-0.0299858,3.11276e-05,-0.000552749,0.0299909,100000,100000,1905.51,0,0.00500595,0.000537755,0,563.236,-0.0299858,3.11276e-05,-0.000552749,0.0299909,100000,100000,1905.51,0,0.00500595,0.000537755,0,563.236,-0.0299858,3.11276e-05,-0.000552749,0.0299909,100000,100000,1905.51,0,0.00500595,0.000537755,0,563.236,-0.0299858,3.11276e-05,-0.000552749,0.0299909,100000,100000,1905.51,0,0.00500595,0.000537755,0,563.236,-0.0299858,3.11276e-05,-0.000552749,0.0299909,100000,100000,1905.51,0,0.00500595,0.000537755,0,563.236,-0.0299858,3.11276e-05,-0.000552749,0.0299909,100000,100000,1905.51,0,0,0,0,0,0,0,0,0,0,0,0,0,1
stats,35,1,36,0.00500595,0.000537753,0,563.248,-0.0299859,3.11435e-05,-0.000552329,0.029991,100000,100000,1905.5,0,0.00500595,0.000537753,0,563.248,-0.0299859,3.11435e-05,-0.000552329,0.029991,100000,100000,1905.5,0,0.00500595,0.000537753,0,563.248,-0.0299859,3.11435e-05,-0.000552329,0.029991,100000,100000,1905.5,0,0.00500595,0.000537753,0,563.248,-0.0299859,3.11435e-05,-0.000552329,0.029991,100000,100000,1905.5,0,0.00500595,0.000537753,0,563.248,-0.0299859,3.11435e-05,-0.000552329,0.029991,100000,100000,1905.5,0,0.00500595,0.000537753,0,563.248,-0.0299859,3.11435e-05,-0.000552329,0.029991,100000,100000,1905.5,0,0,0,0,0,0,0,0,0,0,0,0,0,1
stats,36,1,37,0.00500595,0.000537753,0,563.262,-0.029986,3.11597e-05,-0.000552043,0.0299911,100000,100000,1905.49,0,0.00500595,0.000537753,0,563.262,-0.029986,3.11597e-05,-0.000552043,0.0299911,100000,100000,1905.49,0,0.00500595,0.000537753,0,563.262,-0.029986,3.11597e-05,-0.000552043,0.0299911,100000,100000,1905.49,0,0.00500595,0.000537753,0,563.262,-0.029986,3.11597e-05,-0.000552043,0.0299911,100000,100000,1905.49,0,0.00500595,0.000537753,0,563.262,-0.029986,3.11597e-05,-0.000552043,0.0299911,100000,100000,1905.49,0,0.00500595,0.000537753,0,563.262,-0.029986,3.11597e-05,-0.000552043,0.0299911,100000,100000,1905.49,0,0,0,0,0,0,0,0,0,0,0,0,0,1
stats,37,1,38,0.00500595,0.000537753,0,563.276,-0.0299861,3.11758e-05,-0.000551862,0.0299912,100000,100000,1905.48,0,0.00500595,0.000537753,0,563.276,-0.0299861,3.11758e-05,-0.000551862,0.0299912,100000,100000,1905.48,0,0.00500595,0.000537753,0,563.276,-0.0299861,3.11758e-05,-0.000551862,0.0299912,100000,100000,1905.48,0,0.00500595,0.000537753,0,563.276,-0.0299861,3.11758e-05,-0.000551862,0.0299912,100000,100000,1905.48,0,0.00500595,0.000537753,0,563.276,-0.0299861,3.11758e-05,-0.000551862,0.0299912,100000,100000,1905.48,0,0.00500595,0.000537753,0,563.276,-0.0299861,3.11758e-05,-0.000551862,0.0299912,100000,100000,1905.48,0,0,0,0,0,0,0,0,0,0,0,0,0,1
stats,38,1,39,0.00500595,0.000537755,0,563.291,-0.0299862,3.11921e-05,-0.000551758,0.0299913,100000,100000,1905.47,0,0.00500595,0.000537755,0,563.291,-0.0299862,3.11921e-05,-0.000551758,0.0299913,100000,100000,1905.47,0,0.00500595,0.000537755,0,563.291,-0.0299862,3.11921e-05,-0.000551758,0.0299913,100000,100000,1905.47,0,0.00500595,0.000537755,0,563.291,-0.0299862,3.11921e-05,-0.000551758,0.0299913,100000,100000,1905.47,0,0.00500595,0.000537755,0,563.291,-0.0299862,3.11921e-05,-0.000551758,0.0299913,100000,100000,1905.47,0,0.00500595,0.000537755,0,563.291,-0.0299862,3.11921e-05,-0.000551758,0.0299913,100000,100000,1905.47,0,0,0,0,0,0,0,0,0,0,0,0,0,1
stats,39,1,40,0.00500595,0.000537757,0,563.307,-0.0299863,3.12082e-05,-0.000551712,0.0299914,100000,100000,1905.46,0,0.00500595,0.000537757,0,563.307,-0.0299863,3.12082e-05,-0.000551712,0.0299914,100000,100000,1905.46,0,0.00500595,0.000537757,0,563.307,-0.0299863,3.12082e-05,-0.000551712,0.0299914,100000,100000,1905.46,0,0.00500595,0.000537757,0,563.307,-0.0299863,3.12082e-05,-0.000551712,0.0299914,100000,100000,1905.46,0,0.00500595,0.000537757,0,563.307,-0.0299863,3.12082e-05,-0.000551712,0.0299914,100000,100000,1905.46,0,0.00500595,0.000537757,0,563.307,-0.0299863,3.12082e-05,-0.000551712,0.0299914,100000,100000,1905.46,0,0,0,0,0,0,0,0,0,0,0,0,0,1
stats,40,1,41,0.00500595,0.000537759,0,563.324,-0.0299864,3.12235e-05,-0.000551705,0.0299915,100000,100000,1905.45,0,0.00500595,0.000537759,0,563.324,-0.0299864,3.12235e-05,-0.000551705,0.0299915,100000,100000,1905.45,0,0.00500595,0.000537759,0,563.324,-0.0299864,3.12235e-05,-0.000551705,0.0299915,100000,100000,1905.45,0,0.00500595,0.000537759,0,563.324,-0.0299864,3.12235e-05,-0.000551705,0.0299915,100000,100000,1905.45,0,0.00500595,0.000537759,0,563.324,-0.0299864,3.12235e-05,-0.000551705,0.0299915,100000,100000,1905.45,0,0.00500595,0.000537759,0,563.324,-0.0299864,3.12235e-05,-0.000551705,0.0299915,100000,100000,1905.45,0,0,0,0,0,0,0,0,0,0,0,0,0,1
stats,41,1,42,0.00500595,0.000537761,0,563.34,-0.0299865,3.12374e-05,-0.000551724,0.0299916,100000,100000,1905.44,0,0.00500595,0.000537761,0,563.34,-0.0299865,3.12374e-05,-0.000551724,0.0299916,100000,100000,1905.44,0,0.00500595,0.000537761,0,563.34,-0.0299865,3.12374e-05,-0.000551724,0.0299916,100000,100000,1905.44,0,0.00500595,0.000537761,0,563.34,-0.0299865,3.12374e-05,-0.000551724,0.0299916,100000,100000,1905.44,0,0.00500595,0.000537761,0,563.34,-0.0299865,3.12374e-05,-0.000551724,0.0299916,100000,100000,1905.44,0,0.00500595,0.000537761,0,563.34,-0.0299865,3.12374e-05,-0.000551724,0.0299916,100000,100000,1905.44,0,0,0,0,0,0,0,0,0,0,0,0,0,1
stats,42,1,43,0.00500595,0.000537764,0,563.358,-0.0299866,3.12494e-05,-0.000551759,0.0299917,100000,100000,1905.43,0,0.00500595,0.000537764,0,563.358,-0.0299866,3.12494e-05,-0.000551759,0.0299917,100000,100000,1905.43,0,0.00500595,0.000537764,0,563.358,-0.0299866,3.12494e-05,-0.000551759,0.0299917,100000,100000,1905.43,0,0.00500595,0.000537764,0,563.358,-0.0299866,3.12494e-05,-0.000551759,0.0299917,100000,100000,1905.43,0,0.00500595,0.000537764,0,563.358,-0.0299866,3.12494e-05,-0.000551759,0.0299917,100000,100000,1905.43,0,0.00500595,0.000537764,0,563.358,-0.0299866,3.12494e-05,-0.000551759,0.0299917,100000,100000,1905.43,0,0,0,0,0,0,0,0,0,0,0,0,0,1
stats,43,1,44,0.00500595,0.000537766,0,563.375,-0.0299867,3.126e-05,-0.000551803,0.0299918,100000,100000,1905.42,0,0.00500595,0.000537766,0,563.375,-0.0299867,3.126e-05,-0.000551803,0.0299918,100000,100000,1905.42,0,0.00500595,0.000537766,0,563.375,-0.0299867,3.126e-05,-0.000551803,0.0299918,100000,100000,1905.42,0,0.00500595,0.000537766,0,563.375,-0.0299867,3.126e-05,-0.000551803,0.0299918,100000,100000,1905.42,0,0.00500595,0.000537766,0,563.375,-0.0299867,3.126e-05,-0.000551803,0.0299918,100000,100000,1905.42,0,0.00500595,0.000537766,0,563.375,-0.0299867,3.126e-05,-0.000551803,0.0299918,100000,100000,1905.42,0,0,0,0,0,0,0,0,0,0,0,0,0,1
stats,44,1,45,0.00500595,0.000537769,0,563.393,-0.0299867,3.12681e-05,-0.00055185,0.0299918,100000,100000,1905.41,0,0.00500595,0.000537769,0,563.393,-0.0299867,3.12681e-05,-0.00055185,0.0299918,100000,100000,1905.41,0,0.00500595,0.000537769,0,563.393,-0.0299867,3.12681e-05,-0.00055185,0.0299918,100000,100000,1905.41,0,0.00500595,0.000537769,0,563.393,-0.0299867,3.12681e-05,-0.00055185,0.0299918,100000,100000,1905.41,0,0.00500595,0.000537769,0,563.393,-0.0299867,3.12681e-05,-0.00055185,0.0299918,100000,100000,1905.41,0,0.00500595,0.000537769,0,563.393,-0.0299867,3.12681e-05,-0.00055185,0.0299918,100000,100000,1905.41,0,0,0,0,0,0,0,0,0,0,0,0,0,1
stats,45,1,46,0.00500595,0.000537771,0,563.411,-0.0299868,3.1274e-05,-0.000551894,0.0299919,100000,100000,1905.39,0,0.00500595,0.000537771,0,563.411,-0.0299868,3.1274e-05,-0.000551894,0.0299919,100000,100000,1905.39,0,0.00500595,0.000537771,0,563.411,-0.0299868,3.1274e-05,-0.000551894,0.0299919,100000,100000,1905.39,0,0.00500595,0.000537771,0,563.411,-0.0299868,3.1274e-05,-0.000551894,0.0299919,100000,100000,1905.39,0,0.00500595,0.000537771,0,563.411,-0.0299868,3.1274e-05,-0.000551894,0.0299919,100000,100000,1905.39,0,0.00500595,0.000537771,0,563.411,-0.0299868,3.1274e-05,-0.000551894,0.0299919,100000,100000,1905.39,0,0,0,0,0,0,0,0,0,0,0,0,0,1
stats,46,1,47,0.00500595,0.000537773,0,563.43,-0.0299869,3.1278e-05,-0.000551934,0.029992,100000,100000,1905.38,0,0.00500595,0.000537773,0,563.43,-0.0299869,3.1278e-05,-0.000551934,0.029992,100000,100000,1905.38,0,0.00500595,0.000537773,0,563.43,-0.0299869,3.1278e-05,-0.000551934,0.029992,100000,100000,1905.38,0,0.00500595,0.000537773,0,563.43,-0.0299869,3.1278e-05,-0.000551934,0.029992,100000,100000,1905.38,0,0.00500595,0.000537773,0,563.43,-0.0299869,3.1278e-05,-0.000551934,0.029992,100000,100000,1905.38,0,0.00500595,0.000537773,0,563.43,-0.0299869,3.1278e-05,-0.000551934,0.029992,100000,100000,1905.38,0,0,0,0,0,0,0,0,0,0,0,0,0,1
stats,47,1,48,0.00500595,0.000537775,0,563.449,-0.029987,3.12805e-05,-0.000551967,0.029992,100000,100000,1905.37,0,0.00500595,0.000537775,0,563.449,-0.029987,3.12805e-05,-0.000551967,0.029992,100000,100000,1905.37,0,0.00500595,0.000537775,0,563.449,-0.029987,3.12805e-05,-0.000551967,0.029992,100000,100000,1905.37,0,0.00500595,0.000537775,0,563.449,-0.029987,3.12805e-05,-0.000551967,0.029992,100000,100000,1905.37,0,0.00500595,0.000537775,0,563.449,-0.029987,3.12805e-05,-0.000551967,0.029992,100000,100000,1905.37,0,0.00500595,0.000537775,0,563.449,-0.029987,3.12805e-05,-0.000551967,0.029992,100000,100000,1905.37,0,0,0,0,0,0,0,0,0,0,0,0,0,1
stats,48,1,49,0.00500595,0.000537777,0,563.467,-0.029987,3.12819e-05,-0.000551993,0.0299921,100000,100000,1905.36,0,0.00500595,0.000537777,0,563.467,-0.029987,3.12819e-05,-0.000551993,0.0299921,100000,100000,1905.36,0,0.00500595,0.000537777,0,563.467,-0.029987,3.12819e-05,-0.000551993,0.0299921,100000,100000,1905.36,0,0.00500595,0.000537777,0,563.467,-0.029987,3.12819e-05,-0.000551993,0.0299921,100000,100000,1905.36,0,0.00500595,0.000537777,0,563.467,-0.029987,3.12819e-05,-0.000551993,0.0299921,100000,100000,1905.36,0,0.00500595,0.000537777,0,563.467,-0.029987,3.12819e-05,-0.000551993,0.0299921,100000,100000,1905.36,0,0,0,0,0,0,0,0,0,0,0,0,0,1
stats,49,1,50,0.00500595,0.000537778,0,563.487,-0.0299871,3.12826e-05,-0.000552012,0.0299922,100000,100000,1905.35,0,0.00500595,0.000537778,0,563.487,-0.0299871,3.12826e-05,-0.000552012,0.0299922,100000,100000,1905.35,0,0.00500595,0.000537778,0,563.487,-0.0299871,3.12826e-05,-0.000552012,0.0299922,100000,100000,1905.35,0,0.00500595,0.000537778,0,563.487,-0.0299871,3.12826e-05,-0.000552012,0.0299922,100000,100000,1905.35,0,0.00500595,0.000537778,0,563.487,-0.0299871,3.12826e-05,-0.000552012,0.0299922,100000,100000,1905.35,0,0.00500595,0.000537778,0,563.487,-0.0299871,3.12826e-05,-0.000552012,0.0299922,100000,100000,1905.35,0,0,0,0,0,0,0,0,0,0,0,0,0,1
stats,50,1,51,0.00500595,0.000537779,0,563.506,-0.0299871,3.12831e-05,-0.000552025,0.0299922,100000,100000,1905.33,0,0.00500595,0.000537779,0,563.506,-0.0299871,3.12831e-05,-0.000552025,0.0299922,100000,100000,1905.33,0,0.00500595,0.000537779,0,563.506,-0.0299871,3.12831e-05,-0.000552025,0.0299922,100000,100000,1905.33,0,0.00500595,0.000537779,0,563.506,-0.0299871,3.12831e-05,-0.000552025,0.0299922,100000,100000,1905.33,0,0.00500595,0.000537779,0,563.506,-0.0299871,3.12831e-05,-0.000552025,0.0299922,100000,100000,1905.33,0,0.00500595,0.000537779,0,563.506,-0.0299871,3.12831e-05,-0.000552025,0.0299922,100000,100000,1905.33,0,0,0,0,0,0,0,0,0,0,0,0,0,1
stats,51,1,52,0.00500595,0.000537781,0,563.526,-0.0299872,3.12837e-05,-0.000552033,0.0299923,100000,100000,1905.32,0,0.00500595,0.000537781,0,563.526,-0.0299872,3.12837e-05,-0.000552033,0.0299923,100000,100000,1905.32,0,0.00500595,0.000537781,0,563.526,-0.0299872,3.12837e-05,-0.000552033,0.0299923,100000,100000,1905.32,0,0.00500595,0.000537781,0,563.526,-0.0299872,3.12837e-05,-0.000552033,0.0299923,100000,100000,1905.32,0,0.00500595,0.000537781,0,563.526,-0.0299872,3.12837e-05,-0.000552033,0.0299923,100000,100000,1905.32,0,0.00500595,0.000537781,0,563.526,-0.0299872,3.12837e-05,-0.000552033,0.0299923,100000,100000,1905.32,0,0,0,0,0,0,0,0,0,0,0,0,0,1
stats,52,1,53,0.00500595,0.000537782,0,563.545,-0.0299872,3.12848e-05,-0.000552036,0.0299923,100000,100000,1905.31,0,0.00500595,0.000537782,0,563.545,-0.0299872,3.12848e-05,-0.000552036,0.0299923,100000,100000,1905.31,0,0.00500595,0.000537782,0,563.545,-0.0299872,3.12848e-05,-0.000552036,0.0299923,100000,100000,1905.31,0,0.00500595,0.000537782,0,563.545,-0.0299872,3.12848e-05,-0.000552036,0.0299923,100000,100000,1905.31,0,0.00500595,0.000537782,0,563.545,-0.0299872,3.12848e-05,-0.000552036,0.0299923,100000,100000,1905.31,0,0.00500595,0.000537782,0,563.545,-0.0299872,3.12848e-05,-0.000552036,0.0299923,100000,100000,1905.31,0,0,0,0,0,0,0,0,0,0,0,0,0,1
stats,53,1,54,0.00500595,0.000537783,0,563.565,-0.0299873,3.12866e-05,-0.000552036,0.0299924,100000,100000,1905.3,0,0.00500595,0.000537783,0,563.565,-0.0299873,3.12866e-05,-0.000552036,0.0299924,100000,100000,1905.3,0,0.00500595,0.000537783,0,563.565,-0.0299873,3.12866e-05,-0.000552036,0.0299924,100000,100000,1905.3,0,0.00500595,0.000537783,0,563.565,-0.0299873,3.12866e-05,-0.000552036,0.0299924,100000,100000,1905.3,0,0.00500595,0.000537783,0,563.565,-0.0299873,3.12866e-05,-0.000552036,0.0299924,100000,100000,1905.3,0,0.00500595,0.000537783,0,563.565,-0.0299873,3.12866e-05,-0.000552036,0.0299924,100000,100000,1905.3,0,0,0,0,0,0,0,0,0,0,0,0,0,1
stats,54,1,55,0.00500595,0.000537783,0,563.585,-0.0299873,3.12891e-05,-0.000552034,0.0299924,100000,100000,1905.28,0,0.00500595,0.000537783,0,563.585,-0.0299873,3.12891e-05,-0.000552034,0.0299924,100000,100000,1905.28,0,0.00500595,0.000537783,0,563.585,-0.0299873,3.12891e-05,-0.000552034,0.0299924,100000,100000,1905.28,0,0.00500595,0.000537783,0,563.585,-0.0299873,3.12891e-05,-0.000552034,0.0299924,100000,100000,1905.28,0,0.00500595,0.000537783,0,563.585,-0.0299873,3.12891e-05,-0.000552034,0.0299924,100000,100000,1905.28,0,0.00500595,0.000537783,0,563.585,-0.0299873,3.12891e-05,-0.000552034,0.0299924,100000,100000,1905.28,0,0,0,0,0,0,0,0,0,0,0,0,0,1
stats,55,1,56,0.00500595,0.000537784,0,563.605,-0.0299874,3.12924e-05,-0.000552031,0.0299925,100000,100000,1905.27,0,0.00500595,0.000537784,0,563.605,-0.0299874,3.12924e-05,-0.000552031,0.0299925,100000,100000,1905.27,0,0.00500595,0.000537784,0,563.605,-0.0299874,3.12924e-05,-0.000552031,0.0299925,100000,100000,1905.27,0,0.00500595,0.000537784,0,563.605,-0.0299874,3.12924e-05,-0.000552031,0.0299925,100000,100000,1905.27,0,0.00500595,0.000537784,0,563.605,-0.0299874,3.12924e-05,-0.000552031,0.0299925,100000,100000,1905.27,0,0.00500595,0.000537784,0,563.605,-0.0299874,3.12924e-05,-0.000552031,0.0299925,100000,100000,1905.27,0,0,0,0,0,0,0,0,0,0,0,0,0,1
stats,56,1,57,0.00500595,0.000537785,0,563.625,-0.0299874,3.12963e-05,-0.000552027,0.0299925,100000,100000,1905.26,0,0.00500595,0.000537785,0,563.625,-0.0299874,3.12963e-05,-0.000552027,0.0299925,100000,100000,1905.26,0,0.00500595,0.000537785,0,563.625,-0.0299874,3.12963e-05,-0.000552027,0.0299925,100000,100000,1905.26,0,0.00500595,0.000537785,0,563.625,-0.0299874,3.12963e-05,-0.000552027,0.0299925,100000,100000,1905.26,0,0.00500595,0.000537785,0,563.625,-0.0299874,3.12963e-05,-0.000552027,0.0299925,100000,100000,1905.26,0,0.00500595,0.000537785,0,563.625,-0.0299874,3.12963e-05,-0.000552027,0.0299925,100000,100000,1905.26,0,0,0,0,0,0,0,0,0,0,0,0,0,1
stats,57,1,58,0.00500595,0.000537785,0,563.645,-0.0299875,3.13007e-05,-0.000552024,0.0299926,100000,100000,1905.24,0,0.00500595,0.000537785,0,563.645,-0.0299875,3.13007e-05,-0.000552024,0.0299926,100000,100000,1905.24,0,0.00500595,0.000537785,0,563.645,-0.0299875,3.13007e-05,-0.000552024,0.0299926,100000,100000,1905.24,0,0.00500595,0.000537785,0,563.645,-0.0299875,3.13007e-05,-0.000552024,0.0299926,100000,100000,1905.24,0,0.00500595,0.000537785,0,563.645,-0.0299875,3.13007e-05,-0.000552024,0.0299926,100000,100000,1905.24,0,0.00500595,0.000537785,0,563.645,-0.0299875,3.13007e-05,-0.000552024,0.0299926,100000,100000,1905.24,0,0,0,0,0,0,0,0,0,0,0,0,0,1
stats,58,1,59,0.00500595,0.000537786,0,563.666,-0.0299875,3.13054e-05,-0.000552021,0.0299926,100000,100000,1905.23,0,0.00500595,0.000537786,0,563.666,-0.0299875,3.13054e-05,-0.000552021,0.0299926,100000,100000,1905.23,0,0.00500595,0.000537786,0,563.666,-0.0299875,3.13054e-05,-0.000552021,0.0299926,100000,100000,1905.23,0,0.00500595,0.000537786,0,563.666,-0.0299875,3.13054e-05,-0.000552021,0.0299926,100000,100000,1905.23,0,0.00500595,0.000537786,0,563.666,-0.0299875,3.13054e-05,-0.000552021,0.0299926,100000,100000,1905.23,0,0.00500595,0.000537786,0,563.666,-0.0299875,3.13054e-05,-0.000552021,0.0299926,100000,100000,1905.23,0,0,0,0,0,0,0,0,0,0,0,0,0,1
stats,59,1,60,0.00500595,0.000537786,0,563.686,-0.0299875,3.13101e-05,-0.000552019,0.0299926,100000,100000,1905.22,0,0.00500595,0.000537786,0,563.686,-0.0299875,3.13101e-05,-0.000552019,0.0299926,100000,100000,1905.22,0,0.00500595,0.000537786,0,563.686,-0.0299875,3.13101e-05,-0.000552019,0.0299926,100000,100000,1905.22,0,0.00500595,0.000537786,0,563.686,-0.0299875,3.13101e-05,-0.000552019,0.0299926,100000,100000,1905.22,0,0.00500595,0.000537786,0,563.686,-0.0299875,3.13101e-05,-0.000552019,0.0299926,100000,100000,1905.22,0,0.00500595,0.000537786,0,563.686,-0.0299875,3.13101e-05,-0.000552019,0.0299926,100000,100000,1905.22,0,0,0,0,0,0,0,0,0,0,0,0,0,1
stats,60,1,61,0.00500595,0.000537787,0,563.706,-0.0299876,3.13148e-05,-0.000552017,0.0299927,100000,100000,1905.21,0,0.00500595,0.000537787,0,563.706,-0.0299876,3.13148e-05,-0.000552017,0.0299927,100000,100000,1905.21,0,0.00500595,0.000537787,0,563.706,-0.0299876,3.13148e-05,-0.000552017,0.0299927,100000,100000,1905.21,0,0.00500595,0.000537787,0,563.706,-0.0299876,3.13148e-05,-0.000552017,0.0299927,100000,100000,1905.21,0,0.00500595,0.000537787,0,563.706,-0.0299876,3.13148e-05,-0.000552017,0.0299927,100000,100000,1905.21,0,0.00500595,0.000537787,0,563.706,-0.0299876,3.13148e-05,-0.000552017,0.0299927,100000,100000,1905.21,0,0,0,0,0,0,0,0,0,0,0,0,0,1
stats,61,1,62,0.00500595,0.000537787,0,563.727,-0.0299876,3.13192e-05,-0.000552015,0.0299927,100000,100000,1905.19,0,0.00500595,0.000537787,0,563.727,-0.0299876,3.13192e-05,-0.000552015,0.0299927,100000,100000,1905.19,0,0.00500595,0.000537787,0,563.727,-0.0299876,3.13192e-05,-0.000552015,0.0299927,100000,100000,1905.19,0,0.00500595,0.000537787,0,563.727,-0.0299876,3.13192e-05,-0.000552015,0.0299927,100000,100000,1905.19,0,0.00500595,0.000537787,0,563.727,-0.0299876,3.13192e-05,-0.000552015,0.0299927,100000,100000,1905.19,0,0.00500595,0.000537787,0,563.727,-0.0299876,3.13192e-05,-0.000552015,0.0299927,100000,100000,1905.19,0,0,0,0,0,0,0,0,0,0,0,0,0,1
stats,62,1,63,0.00500595,0.000537787,0,563.748,-0.0299876,3.13232e-05,-0.000552014,0.0299927,100000,100000,1905.18,0,0.00500595,0.000537787,0,563.748,-0.0299876,3.13232e-05,-0.000552014,0.0299927,100000,100000,1905.18,0,0.00500595,0.000537787,0,563.748,-0.0299876,3.13232e-05,-0.000552014,0.0299927,100000,100000,1905.18,0,0.00500595,0.000537787,0,563.748,-0.0299876,3.13232e-05,-0.000552014,0.0299927,100000,100000,1905.18,0,0.00500595,0.000537787,0,563.748,-0.0299876,3.13232e-05,-0.000552014,0.0299927,100000,100000,1905.18,0,0.00500595,0.000537787,0,563.748,-0.0299876,3.13232e-05,-0.000552014,0.0299927,100000,100000,1905.18,0,0,0,0,0,0,0,0,0,0,0,0,0,1
stats,63,1,64,0.00500595,0.000537788,0,563.768,-0.0299877,3.13267e-05,-0.000552013,0.0299928,100000,100000,1905.17,0,0.00500595,0.000537788,0,563.768,-0.0299877,3.13267e-05,-0.000552013,0.0299928,100000,100000,1905.17,0,0.00500595,0.000537788,0,563.768,-0.0299877,3.13267e-05,-0.000552013,0.0299928,100000,100000,1905.17,0,0.00500595,0.000537788,0,563.768,-0.0299877,3.13267e-05,-0.000552013,0.0299928,100000,100000,1905.17,0,0.00500595,0.000537788,0,563.768,-0.0299877,3.13267e-05,-0.000552013,0.0299928,100000,100000,1905.17,0,0.00500595,0.000537788,0,563.768,-0.0299877,3.13267e-05,-0.000552013,0.0299928,100000,100000,1905.17,0,0,0,0,0,0,0,0,0,0,0,0,0,1
stats,64,1,65,0.00500595,0.000537788,0,563.789,-0.0299877,3.13297e-05,-0.000552013,0.0299928,100000,100000,1905.15,0,0.00500595,0.000537788,0,563.789,-0.0299877,3.13297e-05,-0.000552013,0.0299928,100000,100000,1905.15,0,0.00500595,0.000537788,0,563.789,-0.0299877,3.13297e-05,-0.000552013,0.0299928,100000,100000,1905.15,0,0.00500595,0.000537788,0,563.789,-0.0299877,3.13297e-05,-0.000552013,0.0299928,100000,100000,1905.15,0,0.00500595,0.000537788,0,563.789,-0.0299877,3.13297e-05,-0.000552013,0.0299928,100000,100000,1905.15,0,0.00500595,0.000537788,0,563.789,-0.0299877,3.13297e-05,-0.000552013,0.0299928,100000,100000,1905.15,0,0,0,0,0,0,0,0,0,0,0,0,0,1
stats,65,1,66,0.00500595,0.000537788,0,563.81,-0.0299877,3.1332e-05,-0.000552013,0.0299928,100000,100000,1905.14,0,0.00500595,0.000537788,0,563.81,-0.0299877,3.1332e-05,-0.000552013,0.0299928,100000,100000,1905.14,0,0.00500595,0.000537788,0,563.81,-0.0299877,3.1332e-05,-0.000552013,0.0299928,100000,100000,1905.14,0,0.00500595,0.000537788,0,563.81,-0.0299877,3.1332e-05,-0.000552013,0.0299928,100000,100000,1905.14,0,0.00500595,0.000537788,0,563.81,-0.0299877,3.1332e-05,-0.000552013,0.0299928,100000,100000,1905.14,0,0.00500595,0.000537788,0,563.81,-0.0299877,3.1332e-05,-0.000552013,0.0299928,100000,100000,1905.14,0,0,0,0,0,0,0,0,0,0,0,0,0,1
stats,66,1,67,0.00500595,0.000537788,0,563.831,-0.0299877,3.13337e-05,-0.000552013,0.0299928,100000,100000,1905.13,0,0.00500595,0.000537788,0,563.831,-0.0299877,3.13337e-05,-0.000552013,0.0299928,100000,100000,1905.13,0,0.00500595,0.000537788,0,563.831,-0.0299877,3.13337e-05,-0.000552013,0.0299928,100000,100000,1905.13,0,0.00500595,0.000537788,0,563.831,-0.0299877,3.13337e-05,-0.000552013,0.0299928,100000,100000,1905.13,0,0.00500595,0.000537788,0,563.831,-0.0299877,3.13337e-05,-0.000552013,0.0299928,100000,100000,1905.13,0,0.00500595,0.000537788,0,563.831,-0.0299877,3.13337e-05,-0.000552013,0.0299928,100000,100000,1905.13,0,0,0,0,0,0,0,0,0,0,0,0,0,1
stats,67,1,68,0.00500595,0.000537788,0,563.852,-0.0299878,3.13349e-05,-0.000552014,0.0299929,100000,100000,1905.11,0,0.00500595,0.000537788,0,563.852,-0.0299878,3.13349e-05,-0.000552014,0.0299929,100000,100000,1905.11,0,0.00500595,0.000537788,0,563.852,-0.0299878,3.13349e-05,-0.000552014,0.0299929,100000,100000,1905.11,0,0.00500595,0.000537788,0,563.852,-0.0299878,3.13349e-05,-0.000552014,0.0299929,100000,100000,1905.11,0,0.00500595,0.000537788,0,563.852,-0.0299878,3.13349e-05,-0.000552014,0.0299929,100000,100000,1905.11,0,0.00500595,0.000537788,0,563.852,-0.0299878,3.13349e-05,-0.000552014,0.0299929,100000,100000,1905.11,0,0,0,0,0,0,0,0,0,0,0,0,0,1
stats,68,1,69,0.00500595,0.000537788,0,563.872,-0.0299878,3.13359e-05,-0.000552016,0.0299929,100000,100000,1905.1,0,0.00500595,0.000537788,0,563.872,-0.0299878,3.13359e-05,-0.000552016,0.0299929,100000,100000,1905.1,0,0.00500595,0.000537788,0,563.872,-0.0299878,3.13359e-05,-0.000552016,0.0299929,100000,100000,1905.1,0,0.00500595,0.000537788,0,563.872,-0.0299878,3.13359e-05,-0.000552016,0.0299929,100000,100000,1905.1,0,0.00500595,0.000537788,0,563.872,-0.0299878,3.13359e-05,-0.000552016,0.0299929,100000,100000,1905.1,0,0.00500595,0.000537788,0,563.872,-0.0299878,3.13359e-05,-0.000552016,0.0299929,100000,100000,1905.1,0,0,0,0,0,0,0,0,0,0,0,0,0,1
stats,69,1,70,0.00500595,0.000537788,0,563.893,-0.0299878,3.13368e-05,-0.000552018,0.0299929,100000,100000,1905.09,0,0.00500595,0.000537788,0,563.893,-0.0299878,3.13368e-05,-0.000552018,0.0299929,100000,100000,1905.09,0,0.00500595,0.000537788,0,563.893,-0.0299878,3.13368e-05,-0.000552018,0.0299929,100000,100000,1905.09,0,0.00500595,0.000537788,0,563.893,-0.0299878,3.13368e-05,-0.000552018,0.0299929,100000,100000,1905.09,0,0.00500595,0.000537788,0,563.893,-0.0299878,3.13368e-05,-0.000552018,0.0299929,100000,100000,1905.09,0,0.00500595,0.000537788,0,563.893,-0.0299878,3.13368e-05,-0.000552018,0.0299929,100000,100000,1905.09,0,0,0,0,0,0,0,0,0,0,0,0,0,1
stats,70,1,71,0.00500595,0.000537788,0,563.914,-0.0299878,3.13373e-05,-0.000552021,0.0299929,100000,100000,1905.07,0,0.00500595,0.000537788,0,563.914,-0.0299878,3.13373e-05,-0.000552021,0.0299929,100000,100000,1905.07,0,0.00500595,0.000537788,0,563.914,-0.0299878,3.13373e-05,-0.000552021,0.0299929,100000,100000,1905.07,0,0.00500595,0.000537788,0,563.914,-0.0299878,3.13373e-05,-0.000552021,0.0299929,100000,100000,1905.07,0,0.00500595,0.000537788,0,563.914,-0.0299878,3.13373e-05,-0.000552021,0.0299929,100000,100000,1905.07,0,0.00500595,0.000537788,0,563.914,-0.0299878,3.13373e-05,-0.000552021,0.0299929,100000,100000,1905.07,0,0,0,0,0,0,0,0,0,0,0,0,0,1
stats,71,1,72,0.00500595,0.000537788,0,563.934,-0.0299878,3.13392e-05,-0.000552024,0.0299929,100000,100000,1905.06,0,0.00500595,0.000537788,0,563.934,-0.0299878,3.13392e-05,-0.000552024,0.0299929,100000,100000,1905.06,0,0.00500595,0.000537788,0,563.934,-0.0299878,3.13392e-05,-0.000552024,0.0299929,100000,100000,1905.06,0,0.00500595,0.000537788,0,563.934,-0.0299878,3.13392e-05,-0.000552024,0.0299929,100000,100000,1905.06,0,0.00500595,0.000537788,0,563.934,-0.0299878,3.13392e-05,-0.000552024,0.0299929,100000,100000,1905.06,0,0.00500595,0.000537788,0,563.934,-0.0299878,3.13392e-05,-0.000552024,0.0299929,100000,100000,1905.06,0,0,0,0,0,0,0,0,0,0,0,0,0,1
stats,72,1,73,0.00500595,0.000537788,0,563.955,-0.0299879,3.13424e-05,-0.000552029,0.029993,100000,100000,1905.05,0,0.00500595,0.000537788,0,563.955,-0.0299879,3.13424e-05,-0.000552029,0.029993,100000,100000,1905.05,0,0.00500595,0.000537788,0,563.955,-0.0299879,3.13424e-05,-0.000552029,0.029993,100000,100000,1905.05,0,0.00500595,0.000537788,0,563.955,-0.0299879,3.13424e-05,-0.000552029,0.029993,100000,100000,1905.05,0,0.00500595,0.000537788,0,563.955,-0.0299879,3.13424e-05,-0.000552029,0.029993,100000,100000,1905.05,0,0.00500595,0.000537788,0,563.955,-0.0299879,3.13424e-05,-0.000552029,0.029993,100000,100000,1905.05,0,0,0,0,0,0,0,0,0,0,0,0,0,1
stats,73,1,74,0.00500595,0.000537787,0,563.975,-0.0299879,3.1345e-05,-0.000552034,0.029993,100000,100000,1905.04,0,0.00500595,0.000537787,0,563.975,-0.0299879,3.1345e-05,-0.000552034,0.029993,100000,100000,1905.04,0,0.00500595,0.000537787,0,563.975,-0.0299879,3.1345e-05,-0.000552034,0.029993,100000,100000,1905.04,0,0.00500595,0.000537787,0,563.975,-0.0299879,3.1345e-05,-0.000552034,0.029993,100000,100000,1905.04,0,0.00500595,0.000537787,0,563.975,-0.0299879,3.1345e-05,-0.000552034,0.029993,100000,100000,1905.04,0,0.00500595,0.000537787,0,563.975,-0.0299879,3.1345e-05,-0.000552034,0.029993,100000,100000,1905.04,0,0,0,0,0,0,0,0,0,0,0,0,0,1
stats,74,1,75,0.00500595,0.000537787,0,563.995,-0.0299879,3.13479e-05,-0.00055204,0.029993,100000,100000,1905.02,0,0.00500595,0.000537787,0,563.995,-0.0299879,3.13479e-05,-0.00055204,0.029993,100000,100000,1905.02,0,0.00500595,0.000537787,0,563.995,-0.0299879,3.13479e-05,-0.00055204,0.029993,100000,100000,1905.02,0,0.00500595,0.000537787,0,563.995,-0.0299879,3.13479e-05,-0.00055204,0.029993,100000,100000,1905.02,0,0.00500595,0.000537787,0,563.995,-0.0299879,3.13479e-05,-0.00055204,0.029993,100000,100000,1905.02,0,0.00500595,0.000537787,0,563.995,-0.0299879,3.13479e-05,-0.00055204,0.029993,100000,100000,1905.02,0,0,0,0,0,0,0,0,0,0,0,0,0,1
stats,75,1,76,0.00500595,0.000537787,0,564.015,-0.0299879,3.13495e-05,-0.000552047,0.029993,100000,100000,1905.01,0,0.00500595,0.000537787,0,564.015,-0.0299879,3.13495e-05,-0.000552047,0.029993,100000,100000,1905.01,0,0.00500595,0.000537787,0,564.015,-0.0299879,3.13495e-05,-0.000552047,0.029993,100000,100000,1905.01,0,0.00500595,0.000537787,0,564.015,-0.0299879,3.13495e-05,-0.000552047,0.029993,100000,100000,1905.01,0,0.00500595,0.000537787,0,564.015,-0.0299879,3.13495e-05,-0.000552047,0.029993,100000,100000,1905.01,0,0.00500595,0.000537787,0,564.015,-0.0299879,3.13495e-05,-0.000552047,0.029993,100000,100000,1905.01,0,0,0,0,0,0,0,0,0,0,0,0,0,1
stats,76,1,77,0.00500595,0.000537787,0,564.035,-0.0299879,3.13516e-05,-0.000552054,0.029993,100000,100000,1905,0,0.00500595,0.000537787,0,564.035,-0.0299879,3.13516e-05,-0.000552054,0.029993,100000,100000,1905,0,0.00500595,0.000537787,0,564.035,-0.0299879,3.13516e-05,-0.000552054,0.029993,100000,100000,1905,0,0.00500595,0.000537787,0,564.035,-0.0299879,3.13516e-05,-0.000552054,0.029993,100000,100000,1905,0,0.00500595,0.000537787,0,564.035,-0.0299879,3.13516e-05,-0.000552054,0.029993,100000,100000,1905,0,0.00500595,0.000537787,0,564.035,-0.0299879,3.13516e-05,-0.000552054,0.029993,100000,100000,1905,0,0,0,0,0,0,0,0,0,0,0,0,0,1
stats,77,1,78,0.00500595,0.000537787,0,564.054,-0.0299879,3.13545e-05,-0.00055206,0.029993,100000,100000,1904.99,0,0.00500595,0.000537787,0,564.054,-0.0299879,3.13545e-05,-0.00055206,0.029993,100000,100000,1904.99,0,0.00500595,0.000537787,0,564.054,-0.0299879,3.13545e-05,-0.00055206,0.029993,100000,100000,1904.99,0,0.00500595,0.000537787,0,564.054,-0.0299879,3.13545e-05,-0.00055206,0.029993,100000,100000,1904.99,0,0.00500595,0.000537787,0,564.054,-0.0299879,3.13545e-05,-0.00055206,0.029993,100000,100000,1904.99,0,0.00500595,0.000537787,0,564.054,-0.0299879,3.13545e-05,-0.00055206,0.029993,100000,100000,1904.99,0,0,0,0,0,0,0,0,0,0,0,0,0,1
stats,78,1,79,0.00500595,0.000537787,0,564.073,-0.0299879,3.13576e-05,-0.000552067,0.029993,100000,100000,1904.97,0,0.00500595,0.000537787,0,564.073,-0.0299879,3.13576e-05,-0.000552067,0.029993,100000,100000,1904.97,0,0.00500595,0.000537787,0,564.073,-0.0299879,3.13576e-05,-0.000552067,0.029993,100000,100000,1904.97,0,0.00500595,0.000537787,0,564.073,-0.0299879,3.13576e-05,-0.000552067,0.029993,100000,100000,1904.97,0,0.00500595,0.000537787,0,564.073,-0.0299879,3.13576e-05,-0.000552067,0.029993,100000,100000,1904.97,0,0.00500595,0.000537787,0,564.073,-0.0299879,3.13576e-05,-0.000552067,0.029993,100000,100000,1904.97,0,0,0,0,0,0,0,0,0,0,0,0,0,1
stats,79,1,80,0.00500595,0.000537786,0,564.092,-0.029988,3.13609e-05,-0.000552073,0.0299931,100000,100000,1904.96,0,0.00500595,0.000537786,0,564.092,-0.029988,3.13609e-05,-0.000552073,0.0299931,100000,100000,1904.96,0,0.00500595,0.000537786,0,564.092,-0.029988,3.13609e-05,-0.000552073,0.0299931,100000,100000,1904.96,0,0.00500595,0.000537786,0,564.092,-0.029988,3.13609e-05,-0.000552073,0.0299931,100000,100000,1904.96,0,0.00500595,0.000537786,0,564.092,-0.029988,3.13609e-05,-0.000552073,0.0299931,100000,100000,1904.96,0,0.00500595,0.000537786,0,564.092,-0.029988,3.13609e-05,-0.000552073,0.0299931,100000,100000,1904.96,0,0,0,0,0,0,0,0,0,0,0,0,0,1
stats,80,1,81,0.00500595,0.000537786,0,564.11,-0.029988,3.13641e-05,-0.00055208,0.0299931,100000,100000,1904.95,0,0.00500595,0.000537786,0,564.11,-0.029988,3.13641e-05,-0.00055208,0.0299931,100000,100000,1904.95,0,0.00500595,0.000537786,0,564.11,-0.029988,3.13641e-05,-0.00055208,0.0299931,100000,100000,1904.95,0,0.00500595,0.000537786,0,564.11,-0.029988,3.13641e-05,-0.00055208,0.0299931,100000,100000,1904.95,0,0.00500595,0.000537786,0,564.11,-0.029988,3.13641e-05,-0.00055208,0.0299931,100000,100000,1904.95,0,0.00500595,0.000537786,0,564.11,-0.029988,3.13641e-05,-0.00055208,0.0299931,100000,100000,1904.95,0,0,0,0,0,0,0,0,0,0,0,0,0,1
stats,81,1,82,0.00500595,0.000537786,0,564.128,-0.029988,3.13672e-05,-0.000552086,0.0299931,100000,100000,1904.94,0,0.00500595,0.000537786,0,564.128,-0.029988,3.13672e-05,-0.000552086,0.0299931,100000,100000,1904.94,0,0.00500595,0.000537786,0,564.128,-0.029988,3.13672e-05,-0.000552086,0.0299931,100000,100000,1904.94,0,0.00500595,0.000537786,0,564.128,-0.029988,3.13672e-05,-0.000552086,0.0299931,100000,100000,1904.94,0,0.00500595,0.000537786,0,564.128,-0.029988,3.13672e-05,-0.000552086,0.0299931,100000,100000,1904.94,0,0.00500595,0.000537786,0,564.128,-0.029988,3.13672e-05,-0.000552086,0.0299931,100000,100000,1904.94,0,0,0,0,0,0,0,0,0,0,0,0,0,1
stats,82,1,83,0.00500595,0.000537785,0,564.146,-0.029988,3.13701e-05,-0.000552092,0.0299931,100000,100000,1904.93,0,0.00500595,0.000537785,0,564.146,-0.029988,3.13701e-05,-0.000552092,0.0299931,100000,100000,1904.93,0,0.00500595,0.000537785,0,564.146,-0.029988,3.13701e-05,-0.000552092,0.0299931,100000,100000,1904.93,0,0.00500595,0.000537785,0,564.146,-0.029988,3.13701e-05,-0.000552092,0.0299931,100000,100000,1904.93,0,0.00500595,0.000537785,0,564.146,-0.029988,3.13701e-05,-0.000552092,0.0299931,100000,100000,1904.93,0,0.00500595,0.000537785,0,564.146,-0.029988,3.13701e-05,-0.000552092,0.0299931,100000,100000,1904.93,0,0,0,0,0,0,0,0,0,0,0,0,0,1
stats,83,1,84,0.00500595,0.000537785,0,564.164,-0.029988,3.13726e-05,-0.000552097,0.0299931,100000,100000,1904.92,0,0.00500595,0.000537785,0,564.164,-0.029988,3.13726e-05,-0.000552097,0.0299931,100000,100000,1904.92,0,0.00500595,0.000537785,0,564.164,-0.029988,3.13726e-05,-0.000552097,0.0299931,100000,100000,1904.92,0,0.00500595,0.000537785,0,564.164,-0.029988,3.13726e-05,-0.000552097,0.0299931,100000,100000,1904.92,0,0.00500595,0.000537785,0,564.164,-0.029988,3.13726e-05,-0.000552097,0.0299931,100000,100000,1904.92,0,0.00500595,0.000537785,0,564.164,-0.029988,3.13726e-05,-0.000552097,0.0299931,100000,100000,1904.92,0,0,0,0,0,0,0,0,0,0,0,0,0,1
stats,84,1,85,0.00500595,0.000537785,0,564.181,-0.029988,3.13745e-05,-0.000552103,0.0299931,100000,100000,1904.9,0,0.00500595,0.000537785,0,564.181,-0.029988,3.13745e-05,-0.000552103,0.0299931,100000,100000,1904.9,0,0.00500595,0.000537785,0,564.181,-0.029988,3.13745e-05,-0.000552103,0.0299931,100000,100000,1904.9,0,0.00500595,0.000537785,0,564.181,-0.029988,3.13745e-05,-0.000552103,0.0299931,100000,100000,1904.9,0,0.00500595,0.000537785,0,564.181,-0.029988,3.13745e-05,-0.000552103,0.0299931,100000,100000,1904.9,0,0.00500595,0.000537785,0,564.181,-0.029988,3.13745e-05,-0.000552103,0.0299931,100000,100000,1904.9,0,0,0,0,0,0,0,0,0,0,0,0,0,1
stats,85,1,86,0.00500595,0.000537784,0,564.198,-0.029988,3.13758e-05,-0.00055211,0.0299931,100000,100000,1904.89,0,0.00500595,0.000537784,0,564.198,-0.029988,3.13758e-05,-0.00055211,0.0299931,100000,100000,1904.89,0,0.00500595,0.000537784,0,564.198,-0.029988,3.13758e-05,-0.00055211,0.0299931,100000,100000,1904.89,0,0.00500595,0.000537784,0,564.198,-0.029988,3.13758e-05,-0.00055211,0.0299931,100000,100000,1904.89,0,0.00500595,0.000537784,0,564.198,-0.029988,3.13758e-05,-0.00055211,0.0299931,100000,100000,1904.89,0,0.00500595,0.000537784,0,564.198,-0.029988,3.13758e-05,-0.00055211,0.0299931,100000,100000,1904.89,0,0,0,0,0,0,0,0,0,0,0,0,0,1
stats,86,1,87,0.00500595,0.000537784,0,564.214,-0.029988,3.13763e-05,-0.000552115,0.0299931,100000,100000,1904.88,0,0.00500595,0.000537784,0,564.214,-0.029988,3.13763e-05,-0.000552115,0.0299931,100000,100000,1904.88,0,0.00500595,0.000537784,0,564.214,-0.029988,3.13763e-05,-0.000552115,0.0299931,100000,100000,1904.88,0,0.00500595,0.000537784,0,564.214,-0.029988,3.13763e-05,-0.000552115,0.0299931,100000,100000,1904.88,0,0.00500595,0.000537784,0,564.214,-0.029988,3.13763e-05,-0.000552115,0.0299931,100000,100000,1904.88,0,0.00500595,0.000537784,0,564.214,-0.029988,3.13763e-05,-0.000552115,0.0299931,100000,100000,1904.88,0,0,0,0,0,0,0,0,0,0,0,0,0,1
stats,87,1,88,0.00500595,0.000537784,0,564.23,-0.029988,3.13762e-05,-0.000552121,0.0299931,100000,100000,1904.87,0,0.00500595,0.000537784,0,564.23,-0.029988,3.13762e-05,-0.000552121,0.0299931,100000,100000,1904.87,0,0.00500595,0.000537784,0,564.23,-0.029988,3.13762e-05,-0.000552121,0.0299931,100000,100000,1904.87,0,0.00500595,0.000537784,0,564.23,-0.029988,3.13762e-05,-0.000552121,0.0299931,100000,100000,1904.87,0,0.00500595,0.000537784,0,564.23,-0.029988,3.13762e-05,-0.000552121,0.0299931,100000,100000,1904.87,0,0.00500595,0.000537784,0,564.23,-0.029988,3.13762e-05,-0.000552121,0.0299931,100000,100000,1904.87,0,0,0,0,0,0,0,0,0,0,0,0,0,1
stats,88,1,89,0.00500595,0.000537783,0,564.246,-0.029988,3.13759e-05,-0.000552127,0.0299931,100000,100000,1904.86,0,0.00500595,0.000537783,0,564.246,-0.029988,3.13759e-05,-0.000552127,0.0299931,100000,100000,1904.86,0,0.00500595,0.000537783,0,564.246,-0.029988,3.13759e-05,-0.000552127,0.0299931,100000,100000,1904.86,0,0.00500595,0.000537783,0,564.246,-0.029988,3.13759e-05,-0.000552127,0.0299931,100000,100000,1904.86,0,0.00500595,0.000537783,0,564.246,-0.029988,3.13759e-05,-0.000552127,0.0299931,100000,100000,1904.86,0,0.00500595,0.000537783,0,564.246,-0.029988,3.13759e-05,-0.000552127,0.0299931,100000,100000,1904.86,0,0,0,0,0,0,0,0,0,0,0,0,0,1
stats,89,1,90,0.00500595,0.000537783,0,564.262,-0.0299881,3.13756e-05,-0.000552132,0.0299931,100000,100000,1904.85,0,0.00500595,0.000537783,0,564.262,-0.0299881,3.13756e-05,-0.000552132,0.0299931,100000,100000,1904.85,0,0.00500595,0.000537783,0,564.262,-0.0299881,3.13756e-05,-0.000552132,0.0299931,100000,100000,1904.85,0,0.00500595,0.000537783,0,564.262,-0.0299881,3.13756e-05,-0.000552132,0.0299931,100000,100000,1904.85,0,0.00500595,0.000537783,0,564.262,-0.0299881,3.13756e-05,-0.000552132,0.0299931,100000,100000,1904.85,0,0.00500595,0.000537783,0,564.262,-0.0299881,3.13756e-05,-0.000552132,0.0299931,100000,100000,1904.85,0,0,0,0,0,0,0,0,0,0,0,0,0,1
stats,90,1,91,0.00500595,0.000537783,0,564.277,-0.0299881,3.13754e-05,-0.000552138,0.0299932,100000,100000,1904.84,0,0.00500595,0.000537783,0,564.277,-0.0299881,3.13754e-05,-0.000552138,0.0299932,100000,100000,1904.84,0,0.00500595,0.000537783,0,564.277,-0.0299881,3.13754e-05,-0.000552138,0.0299932,100000,100000,1904.84,0,0.00500595,0.000537783,0,564.277,-0.0299881,3.13754e-05,-0.000552138,0.0299932,100000,100000,1904.84,0,0.00500595,0.000537783,0,564.277,-0.0299881,3.13754e-05,-0.000552138,0.0299932,100000,100000,1904.84,0,0.00500595,0.000537783,0,564.277,-0.0299881,3.13754e-05,-0.000552138,0.0299932,100000,100000,1904.84,0,0,0,0,0,0,0,0,0,0,0,0,0,1
stats,91,1,92,0.00500595,0.000537782,0,564.292,-0.0299881,3.13757e-05,-0.000552143,0.0299932,100000,100000,1904.83,0,0.00500595,0.000537782,0,564.292,-0.0299881,3.13757e-05,-0.000552143,0.0299932,100000,100000,1904.83,0,0.00500595,0.000537782,0,564.292,-0.0299881,3.13757e-05,-0.000552143,0.0299932,100000,100000,1904.83,0,0.00500595,0.000537782,0,564.292,-0.0299881,3.13757e-05,-0.000552143,0.0299932,100000,100000,1904.83,0,0.00500595,0.000537782,0,564.292,-0.0299881,3.13757e-05,-0.000552143,0.0299932,100000,100000,1904.83,0,0.00500595,0.000537782,0,564.292,-0.0299881,3.13757e-05,-0.000552143,0.0299932,100000,100000,1904.83,0,0,0,0,0,0,0,0,0,0,0,0,0,1
stats,92,1,93,0.00500595,0.000537782,0,564.307,-0.0299881,3.13766e-05,-0.000552149,0.0299932,100000,100000,1904.82,0,0.00500595,0.000537782,0,564.307,-0.0299881,3.13766e-05,-0.000552149,0.0299932,100000,100000,1904.82,0,0.00500595,0.000537782,0,564.307,-0.0299881,3.13766e-05,-0.000552149,0.0299932,100000,100000,1904.82,0,0.00500595,0.000537782,0,564.307,-0.0299881,3.13766e-05,-0.000552149,0.0299932,100000,100000,1904.82,0,0.00500595,0.000537782,0,564.307,-0.0299881,3.13766e-05,-0.000552149,0.0299932,100000,100000,1904.82,0,0.00500595,0.000537782,0,564.307,-0.0299881,3.13766e-05,-0.000552149,0.0299932,100000,100000,1904.82,0,0,0,0,0,0,0,0,0,0,0,0,0,1
stats,93,1,94,0.00500595,0.000537781,0,564.321,-0.0299881,3.13783e-05,-0.000552154,0.0299932,100000,100000,1904.82,0,0.00500595,0.000537781,0,564.321,-0.0299881,3.13783e-05,-0.000552154,0.0299932,100000,100000,1904.82,0,0.00500595,0.000537781,0,564.321,-0.0299881,3.13783e-05,-0.000552154,0.0299932,100000,100000,1904.82,0,0.00500595,0.000537781,0,564.321,-0.0299881,3.13783e-05,-0.000552154,0.0299932,100000,100000,1904.82,0,0.00500595,0.000537781,0,564.321,-0.0299881,3.13783e-05,-0.000552154,0.0299932,100000,100000,1904.82,0,0.00500595,0.000537781,0,564.321,-0.0299881,3.13783e-05,-0.000552154,0.0299932,100000,100000,1904.82,0,0,0,0,0,0,0,0,0,0,0,0,0,1
stats,94,1,95,0.00500595,0.000537781,0,564.335,-0.0299881,3.13807e-05,-0.00055216,0.0299932,100000,100000,1904.81,0,0.00500595,0.000537781,0,564.335,-0.0299881,3.13807e-05,-0.00055216,0.0299932,100000,100000,1904.81,0,0.00500595,0.000537781,0,564.335,-0.0299881,3.13807e-05,-0.00055216,0.0299932,100000,100000,1904.81,0,0.00500595,0.000537781,0,564.335,-0.0299881,3.13807e-05,-0.00055216,0.0299932,100000,100000,1904.81,0,0.00500595,0.000537781,0,564.335,-0.0299881,3.13807e-05,-0.00055216,0.0299932,100000,100000,1904.81,0,0.00500595,0.000537781,0,564.335,-0.0299881,3.13807e-05,-0.00055216,0.0299932,100000,100000,1904.81,0,0,0,0,0,0,0,0,0,0,0,0,0,1
stats,95,1,96,0.00500595,0.000537781,0,564.349,-0.0299881,3.13837e-05,-0.000552166,0.0299932,100000,100000,1904.8,0,0.00500595,0.000537781,0,564.349,-0.0299881,3.13837e-05,-0.000552166,0.0299932,100000,100000,1904.8,0,0.00500595,0.000537781,0,564.349,-0.0299881,3.13837e-05,-0.000552166,0.0299932,100000,100000,1904.8,0,0.00500595,0.000537781,0,564.349,-0.0299881,3.13837e-05,-0.000552166,0.0299932,100000,100000,1904.8,0,0.00500595,0.000537781,0,564.349,-0.0299881,3.13837e-05,-0.000552166,0.0299932,100000,100000,1904.8,0,0.00500595,0.000537781,0,564.349,-0.0299881,3.13837e-05,-0.000552166,0.0299932,100000,100000,1904.8,0,0,0,0,0,0,0,0,0,0,0,0,0,1
stats,96,1,97,0.00500595,0.00053778,0,564.363,-0.0299881,3.13871e-05,-0.000552173,0.0299932,100000,100000,1904.79,0,0.00500595,0.00053778,0,564.363,-0.0299881,3.13871e-05,-0.000552173,0.0299932,100000,100000,1904.79,0,0.00500595,0.00053778,0,564.363,-0.0299881,3.13871e-05,-0.000552173,0.0299932,100000,100000,1904.79,0,0.00500595,0.00053778,0,564.363,-0.0299881,3.13871e-05,-0.000552173,0.0299932,100000,100000,1904.79,0,0.00500595,0.00053778,0,564.363,-0.0299881,3.13871e-05,-0.000552173,0.0299932,100000,100000,1904.79,0,0.00500595,0.00053778,0,564.363,-0.0299881,3.13871e-05,-0.000552173,0.0299932,100000,100000,1904.79,0,0,0,0,0,0,0,0,0,0,0,0,0,1
stats,97,1,98,0.00500595,0.00053778,0,564.376,-0.0299881,3.13905e-05,-0.000552179,0.0299932,100000,100000,1904.78,0,0.00500595,0.00053778,0,564.376,-0.0299881,3.13905e-05,-0.000552179,0.0299932,100000,100000,1904.78,0,0.00500595,0.00053778,0,564.376,-0.0299881,3.13905e-05,-0.000552179,0.0299932,100000,100000,1904.78,0,0.00500595,0.00053778,0,564.376,-0.0299881,3.13905e-05,-0.000552179,0.0299932,100000,100000,1904.78,0,0.00500595,0.00053778,0,564.376,-0.0299881,3.13905e-05,-0.000552179,0.0299932,100000,100000,1904.78,0,0.00500595,0.00053778,0,564.376,-0.0299881,3.13905e-05,-0.000552179,0.0299932,100000,100000,1904.78,0,0,0,0,0,0,0,0,0,0,0,0,0,1
stats,98,1,99,0.00500595,0.00053778,0,564.389,-0.0299881,3.13937e-05,-0.000552185,0.0299932,100000,100000,1904.77,0,0.00500595,0.00053778,0,564.389,-0.0299881,3.13937e-05,-0.000552185,0.0299932,100000,100000,1904.77,0,0.00500595,0.00053778,0,564.389,-0.0299881,3.13937e-05,-0.000552185,0.0299932,100000,100000,1904.77,0,0.00500595,0.00053778,0,564.389,-0.0299881,3.13937e-05,-0.000552185,0.0299932,100000,100000,1904.77,0,0.00500595,0.00053778,0,564.389,-0.0299881,3.13937e-05,-0.000552185,0.0299932,100000,100000,1904.77,0,0.00500595,0.00053778,0,564.389,-0.0299881,3.13937e-05,-0.000552185,0.0299932,100000,100000,1904.77,0,0,0,0,0,0,0,0,0,0,0,0,0,1
stats,99,1,100,0.00500595,0.000537779,0,564.401,-0.0299881,3.13963e-05,-0.000552191,0.0299932,100000,100000,1904.76,0,0.00500595,0.000537779,0,564.401,-0.0299881,3.13963e-05,-0.000552191,0.0299932,100000,100000,1904.76,0,0.00500595,0.000537779,0,564.401,-0.0299881,3.13963e-05,-0.000552191,0.0299932,100000,100000,1904.76,0,0.00500595,0.000537779,0,564.401,-0.0299881,3.13963e-05,-0.000552191,0.0299932,100000,100000,1904.76,0,0.00500595,0.000537779,0,564.401,-0.0299881,3.13963e-05,-0.000552191,0.0299932,100000,100000,1904.76,0,0.00500595,0.000537779,0,564.401,-0.0299881,3.13963e-05,-0.000552191,0.0299932,100000,100000,1904.76,0,0,0,0,0,0,0,0,0,0,0,0,0,1
stats,100,1,101,0.00500595,0.000537779,0,564.414,-0.0299881,3.13983e-05,-0.000552197,0.0299932,100000,100000,1904.76,0,0.00500595,0.000537779,0,564.414,-0.0299881,3.13983e-05,-0.000552197,0.0299932,100000,100000,1904.76,0,0.00500595,0.000537779,0,564.414,-0.0299881,3.13983e-05,-0.000552197,0.0299932,100000,100000,1904.76,0,0.00500595,0.000537779,0,564.414,-0.0299881,3.13983e-05,-0.000552197,0.0299932,100000,100000,1904.76,0,0.00500595,0.000537779,0,564.414,-0.0299881,3.13983e-05,-0.000552197,0.0299932,100000,100000,1904.76,0,0.00500595,0.000537779,0,564.414,-0.0299881,3.13983e-05,-0.000552197,0.0299932,100000,100000,1904.76,0,0,0,0,0,0,0,0,0,0,0,0,0,1
stats,101,1,102,0.00500595,0.000537779,0,564.426,-0.0299881,3.13996e-05,-0.000552202,0.0299932,100000,100000,1904.75,0,0.00500595,0.000537779,0,564.426,-0.0299881,3.13996e-05,-0.000552202,0.0299932,100000,100000,1904.75,0,0.00500595,0.000537779,0,564.426,-0.0299881,3.13996e-05,-0.000552202,0.0299932,100000,100000,1904.75,0,0.00500595,0.000537779,0,564.426,-0.0299881,3.13996e-05,-0.000552202,0.0299932,100000,100000,1904.75,0,0.00500595,0.000537779,0,564.426,-0.0299881,3.13996e-05,-0.000552202,0.0299932,100000,100000,1904.75,0,0.00500595,0.000537779,0,564.426,-0.0299881,3.13996e-05,-0.000552202,0.0299932,100000,100000,1904.75,0,0,0,0,0,0,0,0,0,0,0,0,0,1
stats,102,1,103,0.00500595,0.000537778,0,564.438,-0.0299881,3.14002e-05,-0.000552207,0.0299932,100000,100000,1904.74,0,0.00500595,0.000537778,0,564.438,-0.0299881,3.14002e-05,-0.000552207,0.0299932,100000,100000,1904.74,0,0.00500595,0.000537778,0,564.438,-0.0299881,3.14002e-05,-0.000552207,0.0299932,100000,100000,1904.74,0,0.00500595,0.000537778,0,564.438,-0.0299881,3.14002e-05,-0.000552207,0.0299932,100000,100000,1904.74,0,0.00500595,0.000537778,0,564.438,-0.0299881,3.14002e-05,-0.000552207,0.0299932,100000,100000,1904.74,0,0.00500595,0.000537778,0,564.438,-0.0299881,3.14002e-05,-0.000552207,0.0299932,100000,100000,1904.74,0,0,0,0,0,0,0,0,0,0,0,0,0,1
stats,103,1,104,0.00500595,0.000537778,0,564.45,-0.0299881,3.14004e-05,-0.000552213,0.0299932,100000,100000,1904.73,0,0.00500595,0.000537778,0,564.45,-0.0299881,3.14004e-05,-0.000552213,0.0299932,100000,100000,1904.73,0,0.00500595,0.000537778,0,564.45,-0.0299881,3.14004e-05,-0.000552213,0.0299932,100000,100000,1904.73,0,0.00500595,0.000537778,0,564.45,-0.0299881,3.14004e-05,-0.000552213,0.0299932,100000,100000,1904.73,0,0.00500595,0.000537778,0,564.45,-0.0299881,3.14004e-05,-0.000552213,0.0299932,100000,100000,1904.73,0,0.00500595,0.000537778,0,564.45,-0.0299881,3.14004e-05,-0.000552213,0.0299932,100000,100000,1904.73,0,0,0,0,0,0,0,0,0,0,0,0,0,1
stats,104,1,105,0.00500595,0.000537778,0,564.462,-0.0299881,3.14002e-05,-0.000552218,0.0299932,100000,100000,1904.73,0,0.00500595,0.000537778,0,564.462,-0.0299881,3.14002e-05,-0.000552218,0.0299932,100000,100000,1904.73,0,0.00500595,0.000537778,0,564.462,-0.0299881,3.14002e-05,-0.000552218,0.0299932,100000,100000,1904.73,0,0.00500595,0.000537778,0,564.462,-0.0299881,3.14002e-05,-0.000552218,0.0299932,100000,100000,1904.73,0,0.00500595,0.000537778,0,564.462,-0.0299881,3.14002e-05,-0.000552218,0.0299932,100000,100000,1904.73,0,0.00500595,0.000537778,0,564.462,-0.0299881,3.14002e-05,-0.000552218,0.0299932,100000,100000,1904.73,0,0,0,0,0,0,0,0,0,0,0,0,0,1
stats,105,1,106,0.00500595,0.000537777,0,564.473,-0.0299881,3.13998e-05,-0.000552224,0.0299932,100000,100000,1904.72,0,0.00500595,0.000537777,0,564.473,-0.0299881,3.13998e-05,-0.000552224,0.0299932,100000,100000,1904.72,0,0.00500595,0.000537777,0,564.473,-0.0299881,3.13998e-05,-0.000552224,0.0299932,100000,100000,1904.72,0,0.00500595,0.000537777,0,564.473,-0.0299881,3.13998e-05,-0.000552224,0.0299932,100000,100000,1904.72,0,0.00500595,0.000537777,0,564.473,-0.0299881,3.13998e-05,-0.000552224,0.0299932,100000,100000,1904.72,0,0.00500595,0.000537777,0,564.473,-0.0299881,3.13998e-05,-0.000552224,0.0299932,100000,100000,1904.72,0,0,0,0,0,0,0,0,0,0,0,0,0,1
stats,106,1,107,0.00500595,0.000537777,0,564.484,-0.0299881,3.13991e-05,-0.00055223,0.0299932,100000,100000,1904.71,0,0.00500595,0.000537777,0,564.484,-0.0299881,3.13991e-05,-0.00055223,0.0299932,100000,100000,1904.71,0,0.00500595,0.000537777,0,564.484,-0.0299881,3.13991e-05,-0.00055223,0.0299932,100000,100000,1904.71,0,0.00500595,0.000537777,0,564.484,-0.0299881,3.13991e-05,-0.00055223,0.0299932,100000,100000,1904.71,0,0.00500595,0.000537777,0,564.484,-0.0299881,3.13991e-05,-0.00055223,0.0299932,100000,100000,1904.71,0,0.00500595,0.000537777,0,564.484,-0.0299881,3.13991e-05,-0.00055223,0.0299932,100000,100000,1904.71,0,0,0,0,0,0,0,0,0,0,0,0,0,1
stats,107,1,108,0.00500595,0.000537777,0,564.495,-0.0299881,3.13984e-05,-0.000552237,0.0299932,100000,100000,1904.7,0,0.00500595,0.000537777,0,564.495,-0.0299881,3.13984e-05,-0.000552237,0.0299932,100000,100000,1904.7,0,0.00500595,0.000537777,0,564.495,-0.0299881,3.13984e-05,-0.000552237,0.0299932,100000,100000,1904.7,0,0.00500595,0.000537777,0,564.495,-0.0299881,3.13984e-05,-0.000552237,0.0299932,100000,100000,1904.7,0,0.00500595,0.000537777,0,564.495,-0.0299881,3.13984e-05,-0.000552237,0.0299932,100000,100000,1904.7,0,0.00500595,0.000537777,0,564.495,-0.0299881,3.13984e-05,-0.000552237,0.0299932,100000,100000,1904.7,0,0,0,0,0,0,0,0,0,0,0,0,0,1
stats,108,1,109,0.00500595,0.000537776,0,564.506,-0.0299881,3.13978e-05,-0.000552243,0.0299932,100000,100000,1904.7,0,0.00500595,0.000537776,0,564.506,-0.0299881,3.13978e-05,-0.000552243,0.0299932,100000,100000,1904.7,0,0.00500595,0.000537776,0,564.506,-0.0299881,3.13978e-05,-0.000552243,0.0299932,100000,100000,1904.7,0,0.00500595,0.000537776,0,564.506,-0.0299881,3.13978e-05,-0.000552243,0.0299932,100000,100000,1904.7,0,0.00500595,0.000537776,0,564.506,-0.0299881,3.13978e-05,-0.000552243,0.0299932,100000,100000,1904.7,0,0.00500595,0.000537776,0,564.506,-0.0299881,3.13978e-05,-0.000552243,0.0299932,100000,100000,1904.7,0,0,0,0,0,0,0,0,0,0,0,0,0,1
stats,109,1,110,0.00500595,0.000537776,0,564.516,-0.0299881,3.13974e-05,-0.00055225,0.0299932,100000,100000,1904.69,0,0.00500595,0.000537776,0,564.516,-0.0299881,3.13974e-05,-0.00055225,0.0299932,100000,100000,1904.69,0,0.00500595,0.000537776,0,564.516,-0.0299881,3.13974e-05,-0.00055225,0.0299932,100000,100000,1904.69,0,0.00500595,0.000537776,0,564.516,-0.0299881,3.13974e-05,-0.00055225,0.0299932,100000,100000,1904.69,0,0.00500595,0.000537776,0,564.516,-0.0299881,3.13974e-05,-0.00055225,0.0299932,100000,100000,1904.69,0,0.00500595,0.000537776,0,564.516,-0.0299881,3.13974e-05,-0.00055225,0.0299932,100000,100000,1904.69,0,0,0,0,0,0,0,0,0,0,0,0,0,1
stats,110,1,111,0.00500595,0.000537776,0,564.527,-0.0299881,3.13974e-05,-0.000552256,0.0299932,100000,100000,1904.68,0,0.00500595,0.000537776,0,564.527,-0.0299881,3.13974e-05,-0.000552256,0.0299932,100000,100000,1904.68,0,0.00500595,0.000537776,0,564.527,-0.0299881,3.13974e-05,-0.000552256,0.0299932,100000,100000,1904.68,0,0.00500595,0.000537776,0,564.527,-0.0299881,3.13974e-05,-0.000552256,0.0299932,100000,100000,1904.68,0,0.00500595,0.000537776,0,564.527,-0.0299881,3.13974e-05,-0.000552256,0.0299932,100000,100000,1904.68,0,0.00500595,0.000537776,0,564.527,-0.0299881,3.13974e-05,-0.000552256,0.0299932,100000,100000,1904.68,0,0,0,0,0,0,0,0,0,0,0,0,0,1
stats,111,1,112,0.00500595,0.000537776,0,564.537,-0.0299881,3.13977e-05,-0.000552262,0.0299932,100000,100000,1904.68,0,0.00500595,0.000537776,0,564.537,-0.0299881,3.13977e-05,-0.000552262,0.0299932,100000,100000,1904.68,0,0.00500595,0.000537776,0,564.537,-0.0299881,3.13977e-05,-0.000552262,0.0299932,100000,100000,1904.68,0,0.00500595,0.000537776,0,564.537,-0.0299881,3.13977e-05,-0.000552262,0.0299932,100000,100000,1904.68,0,0.00500595,0.000537776,0,564.537,-0.0299881,3.13977e-05,-0.000552262,0.0299932,100000,100000,1904.68,0,0.00500595,0.000537776,0,564.537,-0.0299881,3.13977e-05,-0.000552262,0.0299932,100000,100000,1904.68,0,0,0,0,0,0,0,0,0,0,0,0,0,1
stats,112,1,113,0.00500595,0.000537775,0,564.547,-0.0299881,3.13984e-05,-0.000552268,0.0299932,100000,100000,1904.67,0,0.00500595,0.000537775,0,564.547,-0.0299881,3.13984e-05,-0.000552268,0.0299932,100000,100000,1904.67,0,0.00500595,0.000537775,0,564.547,-0.0299881,3.13984e-05,-0.000552268,0.0299932,100000,100000,1904.67,0,0.00500595,0.000537775,0,564.547,-0.0299881,3.13984e-05,-0.000552268,0.0299932,100000,100000,1904.67,0,0.00500595,0.000537775,0,564.547,-0.0299881,3.13984e-05,-0.000552268,0.0299932,100000,100000,1904.67,0,0.00500595,0.000537775,0,564.547,-0.0299881,3.13984e-05,-0.000552268,0.0299932,100000,100000,1904.67,0,0,0,0,0,0,0,0,0,0,0,0,0,1
stats,113,1,114,0.00500595,0.000537775,0,564.557,-0.0299881,3.13993e-05,-0.000552274,0.0299932,100000,100000,1904.67,0,0.00500595,0.000537775,0,564.557,-0.0299881,3.13993e-05,-0.000552274,0.0299932,100000,100000,1904.67,0,0.00500595,0.000537775,0,564.557,-0.0299881,3.13993e-05,-0.000552274,0.0299932,100000,100000,1904.67,0,0.00500595,0.000537775,0,564.557,-0.0299881,3.13993e-05,-0.000552274,0.0299932,100000,100000,1904.67,0,0.00500595,0.000537775,0,564.557,-0.0299881,3.13993e-05,-0.000552274,0.0299932,100000,100000,1904.67,0,0.00500595,0.000537775,0,564.557,-0.0299881,3.13993e-05,-0.000552274,0.0299932,100000,100000,1904.67,0,0,0,0,0,0,0,0,0,0,0,0,0,1
stats,114,1,115,0.00500595,0.000537775,0,564.566,-0.0299881,3.14003e-05,-0.000552279,0.0299932,100000,100000,1904.66,0,0.00500595,0.000537775,0,564.566,-0.0299881,3.14003e-05,-0.000552279,0.0299932,100000,100000,1904.66,0,0.00500595,0.000537775,0,564.566,-0.0299881,3.14003e-05,-0.000552279,0.0299932,100000,100000,1904.66,0,0.00500595,0.000537775,0,564.566,-0.0299881,3.14003e-05,-0.000552279,0.0299932,100000,100000,1904.66,0,0.00500595,0.000537775,0,564.566,-0.0299881,3.14003e-05,-0.000552279,0.0299932,100000,100000,1904.66,0,0.00500595,0.000537775,0,564.566,-0.0299881,3.14003e-05,-0.000552279,0.0299932,100000,100000,1904.66,0,0,0,0,0,0,0,0,0,0,0,0,0,1
stats,115,1,116,0.00500595,0.000537774,0,564.576,-0.0299881,3.14013e-05,-0.000552284,0.0299932,100000,100000,1904.65,0,0.00500595,0.000537774,0,564.576,-0.0299881,3.14013e-05,-0.000552284,0.0299932,100000,100000,1904.65,0,0.00500595,0.000537774,0,564.576,-0.0299881,3.14013e-05,-0.000552284,0.0299932,100000,100000,1904.65,0,0.00500595,0.000537774,0,564.576,-0.0299881,3.14013e-05,-0.000552284,0.0299932,100000,100000,1904.65,0,0.00500595,0.000537774,0,564.576,-0.0299881,3.14013e-05,-0.000552284,0.0299932,100000,100000,1904.65,0,0.00500595,0.000537774,0,564.576,-0.0299881,3.14013e-05,-0.000552284,0.0299932,100000,100000,1904.65,0,0,0,0,0,0,0,0,0,0,0,0,0,1
stats,116,1,117,0.00500595,0.000537774,0,564.585,-0.0299881,3.14026e-05,-0.000552289,0.0299932,100000,100000,1904.65,0,0.00500595,0.000537774,0,564.585,-0.0299881,3.14026e-05,-0.000552289,0.0299932,100000,100000,1904.65,0,0.00500595,0.000537774,0,564.585,-0.0299881,3.14026e-05,-0.000552289,0.0299932,100000,100000,1904.65,0,0.00500595,0.000537774,0,564.585,-0.0299881,3.14026e-05,-0.000552289,0.0299932,100000,100000,1904.65,0,0.00500595,0.000537774,0,564.585,-0.0299881,3.14026e-05,-0.000552289,0.0299932,100000,100000,1904.65,0,0.00500595,0.000537774,0,564.585,-0.0299881,3.14026e-05,-0.000552289,0.0299932,100000,100000,1904.65,0,0,0,0,0,0,0,0,0,0,0,0,0,1
stats,117,1,118,0.00500595,0.000537774,0,564.594,-0.0299881,3.1404e-05,-0.000552294,0.0299932,100000,100000,1904.64,0,0.00500595,0.000537774,0,564.594,-0.0299881,3.1404e-05,-0.000552294,0.0299932,100000,100000,1904.64,0,0.00500595,0.000537774,0,564.594,-0.0299881,3.1404e-05,-0.000552294,0.0299932,100000,100000,1904.64,0,0.00500595,0.000537774,0,564.594,-0.0299881,3.1404e-05,-0.000552294,0.0299932,100000,100000,1904.64,0,0.00500595,0.000537774,0,564.594,-0.0299881,3.1404e-05,-0.000552294,0.0299932,100000,100000,1904.64,0,0.00500595,0.000537774,0,564.594,-0.0299881,3.1404e-05,-0.000552294,0.0299932,100000,100000,1904.64,0,0,0,0,0,0,0,0,0,0,0,0,0,1
stats,118,1,119,0.00500595,0.000537774,0,564.603,-0.0299881,3.14058e-05,-0.0005523,0.0299932,100000,100000,1904.64,0,0.00500595,0.000537774,0,564.603,-0.0299881,3.14058e-05,-0.0005523,0.0299932,100000,100000,1904.64,0,0.00500595,0.000537774,0,564.603,-0.0299881,3.14058e-05,-0.0005523,0.0299932,100000,100000,1904.64,0,0.00500595,0.000537774,0,564.603,-0.0299881,3.14058e-05,-0.0005523,0.0299932,100000,100000,1904.64,0,0.00500595,0.000537774,0,564.603,-0.0299881,3.14058e-05,-0.0005523,0.0299932,100000,100000,1904.64,0,0.00500595,0.000537774,0,564.603,-0.0299881,3.14058e-05,-0.0005523,0.0299932,100000,100000,1904.64,0,0,0,0,0,0,0,0,0,0,0,0,0,1
stats,119,1,120,0.00500595,0.000537773,0,564.612,-0.0299881,3.14078e-05,-0.000552304,0.0299932,100000,100000,1904.63,0,0.00500595,0.000537773,0,564.612,-0.0299881,3.14078e-05,-0.000552304,0.0299932,100000,100000,1904.63,0,0.00500595,0.000537773,0,564.612,-0.0299881,3.14078e-05,-0.000552304,0.0299932,100000,100000,1904.63,0,0.00500595,0.000537773,0,564.612,-0.0299881,3.14078e-05,-0.000552304,0.0299932,100000,100000,1904.63,0,0.00500595,0.000537773,0,564.612,-0.0299881,3.14078e-05,-0.000552304,0.0299932,100000,100000,1904.63,0,0.00500595,0.000537773,0,564.612,-0.0299881,3.14078e-05,-0.000552304,0.0299932,100000,100000,1904.63,0,0,0,0,0,0,0,0,0,0,0,0,0,1
stats,120,1,121,0.00500595,0.000537773,0,564.62,-0.0299881,3.14099e-05,-0.000552309,0.0299932,100000,100000,1904.62,0,0.00500595,0.000537773,0,564.62,-0.0299881,3.14099e-05,-0.000552309,0.0299932,100000,100000,1904.62,0,0.00500595,0.000537773,0,564.62,-0.0299881,3.14099e-05,-0.000552309,0.0299932,100000,100000,1904.62,0,0.00500595,0.000537773,0,564.62,-0.0299881,3.14099e-05,-0.000552309,0.0299932,100000,100000,1904.62,0,0.00500595,0.000537773,0,564.62,-0.0299881,3.14099e-05,-0.000552309,0.0299932,100000,100000,1904.62,0,0.00500595,0.000537773,0,564.62,-0.0299881,3.14099e-05,-0.000552309,0.0299932,100000,100000,1904.62,0,0,0,0,0,0,0,0,0,0,0,0,0,1
stats,121,1,122,0.00500595,0.000537773,0,564.629,-0.0299881,3.14119e-05,-0.000552314,0.0299932,100000,100000,1904.62,0,0.00500595,0.000537773,0,564.629,-0.0299881,3.14119e-05,-0.000552314,0.0299932,100000,100000,1904.62,0,0.00500595,0.000537773,0,564.629,-0.0299881,3.14119e-05,-0.000552314,0.0299932,100000,100000,1904.62,0,0.00500595,0.000537773,0,564.629,-0.0299881,3.14119e-05,-0.000552314,0.0299932,100000,100000,1904.62,0,0.00500595,0.000537773,0,564.629,-0.0299881,3.14119e-05,-0.000552314,0.0299932,100000,100000,1904.62,0,0.00500595,0.000537773,0,564.629,-0.0299881,3.14119e-05,-0.000552314,0.0299932,100000,100000,1904.62,0,0,0,0,0,0,0,0,0,0,0,0,0,1
stats,122,1,123,0.00500595,0.000537772,0,564.637,-0.0299881,3.14136e-05,-0.000552319,0.0299932,100000,100000,1904.61,0,0.00500595,0.000537772,0,564.637,-0.0299881,3.14136e-05,-0.000552319,0.0299932,100000,100000,1904.61,0,0.00500595,0.000537772,0,564.637,-0.0299881,3.14136e-05,-0.000552319,0.0299932,100000,100000,1904.61,0,0.00500595,0.000537772,0,564.637,-0.0299881,3.14136e-05,-0.000552319,0.0299932,100000,100000,1904.61,0,0.00500595,0.000537772,0,564.637,-0.0299881,3.14136e-05,-0.000552319,0.0299932,100000,100000,1904.61,0,0.00500595,0.000537772,0,564.637,-0.0299881,3.14136e-05,-0.000552319,0.0299932,100000,100000,1904.61,0,0,0,0,0,0,0,0,0,0,0,0,0,1
stats,123,1,124,0.00500595,0.000537772,0,564.645,-0.0299881,3.14149e-05,-0.000552324,0.0299932,100000,100000,1904.61,0,0.00500595,0.000537772,0,564.645,-0.0299881,3.14149e-05,-0.000552324,0.0299932,100000,100000,1904.61,0,0.00500595,0.000537772,0,564.645,-0.0299881,3.14149e-05,-0.000552324,0.0299932,100000,100000,1904.61,0,0.00500595,0.000537772,0,564.645,-0.0299881,3.14149e-05,-0.000552324,0.0299932,100000,100000,1904.61,0,0.00500595,0.000537772,0,564.645,-0.0299881,3.14149e-05,-0.000552324,0.0299932,100000,100000,1904.61,0,0.00500595,0.000537772,0,564.645,-0.0299881,3.14149e-05,-0.000552324,0.0299932,100000,100000,1904.61,0,0,0,0,0,0,0,0,0,0,0,0,0,1
stats,124,1,125,0.00500595,0.000537772,0,564.653,-0.0299881,3.14159e-05,-0.000552328,0.0299932,100000,100000,1904.6,0,0.00500595,0.000537772,0,564.653,-0.0299881,3.14159e-05,-0.000552328,0.0299932,100000,100000,1904.6,0,0.00500595,0.000537772,0,564.653,-0.0299881,3.14159e-05,-0.000552328,0.0299932,100000,100000,1904.6,0,0.00500595,0.000537772,0,564.653,-0.0299881,3.14159e-05,-0.000552328,0.0299932,100000,100000,1904.6,0,0.00500595,0.000537772,0,564.653,-0.0299881,3.14159e-05,-0.000552328,0.0299932,100000,100000,1904.6,0,0.00500595,0.000537772,0,564.653,-0.0299881,3.14159e-05,-0.000552328,0.0299932,100000,100000,1904.6,0,0,0,0,0,0,0,0,0,0,0,0,0,1
stats,125,1,126,0.00500595,0.000537772,0,564.661,-0.0299881,3.14164e-05,-0.000552333,0.0299932,100000,100000,1904.6,0,0.00500595,0.000537772,0,564.661,-0.0299881,3.14164e-05,-0.000552333,0.0299932,100000,100000,1904.6,0,0.00500595,0.000537772,0,564.661,-0.0299881,3.14164e-05,-0.000552333,0.0299932,100000,100000,1904.6,0,0.00500595,0.000537772,0,564.661,-0.0299881,3.14164e-05,-0.000552333,0.0299932,100000,100000,1904.6,0,0.00500595,0.000537772,0,564.661,-0.0299881,3.14164e-05,-0.000552333,0.0299932,100000,100000,1904.6,0,0.00500595,0.000537772,0,564.661,-0.0299881,3.14164e-05,-0.000552333,0.0299932,100000,100000,1904.6,0,0,0,0,0,0,0,0,0,0,0,0,0,1
stats,126,1,127,0.00500595,0.000537771,0,564.669,-0.0299881,3.14167e-05,-0.000552339,0.0299932,100000,100000,1904.59,0,0.00500595,0.000537771,0,564.669,-0.0299881,3.14167e-05,-0.000552339,0.0299932,100000,100000,1904.59,0,0.00500595,0.000537771,0,564.669,-0.0299881,3.14167e-05,-0.000552339,0.0299932,100000,100000,1904.59,0,0.00500595,0.000537771,0,564.669,-0.0299881,3.14167e-05,-0.000552339,0.0299932,100000,100000,1904.59,0,0.00500595,0.000537771,0,564.669,-0.0299881,3.14167e-05,-0.000552339,0.0299932,100000,100000,1904.59,0,0.00500595,0.000537771,0,564.669,-0.0299881,3.14167e-05,-0.000552339,0.0299932,100000,100000,1904.59,0,0,0,0,0,0,0,0,0,0,0,0,0,1
stats,127,1,128,0.00500595,0.000537771,0,564.677,-0.0299881,3.14166e-05,-0.000552344,0.0299932,100000,100000,1904.59,0,0.00500595,0.000537771,0,564.677,-0.0299881,3.14166e-05,-0.000552344,0.0299932,100000,100000,1904.59,0,0.00500595,0.000537771,0,564.677,-0.0299881,3.14166e-05,-0.000552344,0.0299932,100000,100000,1904.59,0,0.00500595,0.000537771,0,564.677,-0.0299881,3.14166e-05,-0.000552344,0.0299932,100000,100000,1904.59,0,0.00500595,0.000537771,0,564.677,-0.0299881,3.14166e-05,-0.000552344,0.0299932,100000,100000,1904.59,0,0.00500595,0.000537771,0,564.677,-0.0299881,3.14166e-05,-0.000552344,0.0299932,100000,100000,1904.59,0,0,0,0,0,0,0,0,0,0,0,0,0,1
stats,128,1,129,0.00500595,0.000537771,0,564.684,-0.0299881,3.14161e-05,-0.00055235,0.0299932,100000,100000,1904.58,0,0.00500595,0.000537771,0,564.684,-0.0299881,3.14161e-05,-0.00055235,0.0299932,100000,100000,1904.58,0,0.00500595,0.000537771,0,564.684,-0.0299881,3.14161e-05,-0.00055235,0.0299932,100000,100000,1904.58,0,0.00500595,0.000537771,0,564.684,-0.0299881,3.14161e-05,-0.00055235,0.0299932,100000,100000,1904.58,0,0.00500595,0.000537771,0,564.684,-0.0299881,3.14161e-05,-0.00055235,0.0299932,100000,100000,1904.58,0,0.00500595,0.000537771,0,564.684,-0.0299881,3.14161e-05,-0.00055235,0.0299932,100000,100000,1904.58,0,0,0,0,0,0,0,0,0,0,0,0,0,1
stats,129,1,130,0.00500595,0.000537771,0,564.691,-0.0299881,3.14154e-05,-0.000552355,0.0299932,100000,100000,1904.58,0,0.00500595,0.000537771,0,564.691,-0.0299881,3.14154e-05,-0.000552355,0.0299932,100000,100000,1904.58,0,0.00500595,0.000537771,0,564.691,-0.0299881,3.14154e-05,-0.000552355,0.0299932,100000,100000,1904.58,0,0.00500595,0.000537771,0,564.691,-0.0299881,3.14154e-05,-0.000552355,0.0299932,100000,100000,1904.58,0,0.00500595,0.000537771,0,564.691,-0.0299881,3.14154e-05,-0.000552355,0.0299932,100000,100000,1904.58,0,0.00500595,0.000537771,0,564.691,-0.0299881,3.14154e-05,-0.000552355,0.0299932,100000,100000,1904.58,0,0,0,0,0,0,0,0,0,0,0,0,0,1
stats,130,1,131,0.00500595,0.00053777,0,564.699,-0.0299881,3.14147e-05,-0.00055236,0.0299932,100000,100000,1904.58,0,0.00500595,0.00053777,0,564.699,-0.0299881,3.14147e-05,-0.00055236,0.0299932,100000,100000,1904.58,0,0.00500595,0.00053777,0,564.699,-0.0299881,3.14147e-05,-0.00055236,0.0299932,100000,100000,1904.58,0,0.00500595,0.00053777,0,564.699,-0.0299881,3.14147e-05,-0.00055236,0.0299932,100000,100000,1904.58,0,0.00500595,0.00053777,0,564.699,-0.0299881,3.14147e-05,-0.00055236,0.0299932,100000,100000,1904.58,0,0.00500595,0.00053777,0,564.699,-0.0299881,3.14147e-05,-0.00055236,0.0299932,100000,100000,1904.58,0,0,0,0,0,0,0,0,0,0,0,0,0,1
stats,131,1,132,0.00500595,0.00053777,0,564.706,-0.0299881,3.1414e-05,-0.000552364,0.0299932,100000,100000,1904.57,0,0.00500595,0.00053777,0,564.706,-0.0299881,3.1414e-05,-0.000552364,0.0299932,100000,100000,1904.57,0,0.00500595,0.00053777,0,564.706,-0.0299881,3.1414e-05,-0.000552364,0.0299932,100000,100000,1904.57,0,0.00500595,0.00053777,0,564.706,-0.0299881,3.1414e-05,-0.000552364,0.0299932,100000,100000,1904.57,0,0.00500595,0.00053777,0,564.706,-0.0299881,3.1414e-05,-0.000552364,0.0299932,100000,100000,1904.57,0,0.00500595,0.00053777,0,564.706,-0.0299881,3.1414e-05,-0.000552364,0.0299932,100000,100000,1904.57,0,0,0,0,0,0,0,0,0,0,0,0,0,1
stats,132,1,133,0.00500595,0.00053777,0,564.713,-0.0299881,3.14137e-05,-0.000552368,0.0299932,100000,100000,1904.57,0,0.00500595,0.00053777,0,564.713,-0.0299881,3.14137e-05,-0.000552368,0.0299932,100000,100000,1904.57,0,0.00500595,0.00053777,0,564.713,-0.0299881,3.14137e-05,-0.000552368,0.0299932,100000,100000,1904.57,0,0.00500595,0.00053777,0,564.713,-0.0299881,3.14137e-05,-0.000552368,0.0299932,100000,100000,1904.57,0,0.00500595,0.00053777,0,564.713,-0.0299881,3.14137e-05,-0.000552368,0.0299932,100000,100000,1904.57,0,0.00500595,0.00053777,0,564.713,-0.0299881,3.14137e-05,-0.000552368,0.0299932,100000,100000,1904.57,0,0,0,0,0,0,0,0,0,0,0,0,0,1
stats,133,1,134,0.00500595,0.00053777,0,564.72,-0.0299881,3.14139e-05,-0.000552372,0.0299932,100000,100000,1904.56,0,0.00500595,0.00053777,0,564.72,-0.0299881,3.14139e-05,-0.000552372,0.0299932,100000,100000,1904.56,0,0.00500595,0.00053777,0,564.72,-0.0299881,3.14139e-05,-0.000552372,0.0299932,100000,100000,1904.56,0,0.00500595,0.00053777,0,564.72,-0.0299881,3.14139e-05,-0.000552372,0.0299932,100000,100000,1904.56,0,0.00500595,0.00053777,0,564.72,-0.0299881,3.14139e-05,-0.000552372,0.0299932,100000,100000,1904.56,0,0.00500595,0.00053777,0,564.72,-0.0299881,3.14139e-05,-0.000552372,0.0299932,100000,100000,1904.56,0,0,0,0,0,0,0,0,0,0,0,0,0,1
stats,134,1,135,0.00500595,0.000537769,0,564.726,-0.0299881,3.14147e-05,-0.000552376,0.0299932,100000,100000,1904.56,0,0.00500595,0.000537769,0,564.726,-0.0299881,3.14147e-05,-0.000552376,0.0299932,100000,100000,1904.56,0,0.00500595,0.000537769,0,564.726,-0.0299881,3.14147e-05,-0.000552376,0.0299932,100000,100000,1904.56,0,0.00500595,0.000537769,0,564.726,-0.0299881,3.14147e-05,-0.000552376,0.0299932,100000,100000,1904.56,0,0.00500595,0.000537769,0,564.726,-0.0299881,3.14147e-05,-0.000552376,0.0299932,100000,100000,1904.56,0,0.00500595,0.000537769,0,564.726,-0.0299881,3.14147e-05,-0.000552376,0.0299932,100000,100000,1904.56,0,0,0,0,0,0,0,0,0,0,0,0,0,1
stats,135,1,136,0.00500595,0.000537769,0,564.733,-0.0299881,3.1416e-05,-0.00055238,0.0299932,100000,100000,1904.55,0,0.00500595,0.000537769,0,564.733,-0.0299881,3.1416e-05,-0.00055238,0.0299932,100000,100000,1904.55,0,0.00500595,0.000537769,0,564.733,-0.0299881,3.1416e-05,-0.00055238,0.0299932,100000,100000,1904.55,0,0.00500595,0.000537769,0,564.733,-0.0299881,3.1416e-05,-0.00055238,0.0299932,100000,100000,1904.55,0,0.00500595,0.000537769,0,564.733,-0.0299881,3.1416e-05,-0.00055238,0.0299932,100000,100000,1904.55,0,0.00500595,0.000537769,0,564.733,-0.0299881,3.1416e-05,-0.00055238,0.0299932,100000,100000,1904.55,0,0,0,0,0,0,0,0,0,0,0,0,0,1
stats,136,1,137,0.00500595,0.000537769,0,564.74,-0.0299881,3.14178e-05,-0.000552384,0.0299932,100000,100000,1904.55,0,0.00500595,0.000537769,0,564.74,-0.0299881,3.14178e-05,-0.000552384,0.0299932,100000,100000,1904.55,0,0.00500595,0.000537769,0,564.74,-0.0299881,3.14178e-05,-0.000552384,0.0299932,100000,100000,1904.55,0,0.00500595,0.000537769,0,564.74,-0.0299881,3.14178e-05,-0.000552384,0.0299932,100000,100000,1904.55,0,0.00500595,0.000537769,0,564.74,-0.0299881,3.14178e-05,-0.000552384,0.0299932,100000,100000,1904.55,0,0.00500595,0.000537769,0,564.74,-0.0299881,3.14178e-05,-0.000552384,0.0299932,100000,100000,1904.55,0,0,0,0,0,0,0,0,0,0,0,0,0,1
stats,137,1,138,0.00500595,0.000537769,0,564.746,-0.0299881,3.14199e-05,-0.000552388,0.0299932,100000,100000,1904.54,0,0.00500595,0.000537769,0,564.746,-0.0299881,3.14199e-05,-0.000552388,0.0299932,100000,100000,1904.54,0,0.00500595,0.000537769,0,564.746,-0.0299881,3.14199e-05,-0.000552388,0.0299932,100000,100000,1904.54,0,0.00500595,0.000537769,0,564.746,-0.0299881,3.14199e-05,-0.000552388,0.0299932,100000,100000,1904.54,0,0.00500595,0.000537769,0,564.746,-0.0299881,3.14199e-05,-0.000552388,0.0299932,100000,100000,1904.54,0,0.00500595,0.000537769,0,564.746,-0.0299881,3.14199e-05,-0.000552388,0.0299932,100000,100000,1904.54,0,0,0,0,0,0,0,0,0,0,0,0,0,1
stats,138,1,139,0.00500595,0.000537769,0,564.753,-0.0299881,3.14219e-05,-0.000552393,0.0299932,100000,100000,1904.54,0,0.00500595,0.000537769,0,564.753,-0.0299881,3.14219e-05,-0.000552393,0.0299932,100000,100000,1904.54,0,0.00500595,0.000537769,0,564.753,-0.0299881,3.14219e-05,-0.000552393,0.0299932,100000,100000,1904.54,0,0.00500595,0.000537769,0,564.753,-0.0299881,3.14219e-05,-0.000552393,0.0299932,100000,100000,1904.54,0,0.00500595,0.000537769,0,564.753,-0.0299881,3.14219e-05,-0.000552393,0.0299932,100000,100000,1904.54,0,0.00500595,0.000537769,0,564.753,-0.0299881,3.14219e-05,-0.000552393,0.0299932,100000,100000,1904.54,0,0,0,0,0,0,0,0,0,0,0,0,0,1
stats,139,1,140,0.00500595,0.000537768,0,564.759,-0.0299881,3.14237e-05,-0.000552397,0.0299932,100000,100000,1904.54,0,0.00500595,0.000537768,0,564.759,-0.0299881,3.14237e-05,-0.000552397,0.0299932,100000,100000,1904.54,0,0.00500595,0.000537768,0,564.759,-0.0299881,3.14237e-05,-0.000552397,0.0299932,100000,100000,1904.54,0,0.00500595,0.000537768,0,564.759,-0.0299881,3.14237e-05,-0.000552397,0.0299932,100000,100000,1904.54,0,0.00500595,0.000537768,0,564.759,-0.0299881,3.14237e-05,-0.000552397,0.0299932,100000,100000,1904.54,0,0.00500595,0.000537768,0,564.759,-0.0299881,3.14237e-05,-0.000552397,0.0299932,100000,100000,1904.54,0,0,0,0,0,0,0,0,0,0,0,0,0,1
stats,140,1,141,0.00500595,0.000537768,0,564.765,-0.0299881,3.14253e-05,-0.000552402,0.0299932,100000,100000,1904.53,0,0.00500595,0.000537768,0,564.765,-0.0299881,3.14253e-05,-0.000552402,0.0299932,100000,100000,1904.53,0,0.00500595,0.000537768,0,564.765,-0.0299881,3.14253e-05,-0.000552402,0.0299932,100000,100000,1904.53,0,0.00500595,0.000537768,0,564.765,-0.0299881,3.14253e-05,-0.000552402,0.0299932,100000,100000,1904.53,0,0.00500595,0.000537768,0,564.765,-0.0299881,3.14253e-05,-0.000552402,0.0299932,100000,100000,1904.53,0,0.00500595,0.000537768,0,564.765,-0.0299881,3.14253e-05,-0.000552402,0.0299932,100000,100000,1904.53,0,0,0,0,0,0,0,0,0,0,0,0,0,1
stats,141,1,142,0.00500595,0.000537768,0,564.771,-0.0299881,3.14266e-05,-0.000552406,0.0299932,100000,100000,1904.53,0,0.00500595,0.000537768,0,564.771,-0.0299881,3.14266e-05,-0.000552406,0.0299932,100000,100000,1904.53,0,0.00500595,0.000537768,0,564.771,-0.0299881,3.14266e-05,-0.000552406,0.0299932,100000,100000,1904.53,0,0.00500595,0.000537768,0,564.771,-0.0299881,3.14266e-05,-0.000552406,0.0299932,100000,100000,1904.53,0,0.00500595,0.000537768,0,564.771,-0.0299881,3.14266e-05,-0.000552406,0.0299932,100000,100000,1904.53,0,0.00500595,0.000537768,0,564.771,-0.0299881,3.14266e-05,-0.000552406,0.0299932,100000,100000,1904.53,0,0,0,0,0,0,0,0,0,0,0,0,0,1
stats,142,1,143,0.00500595,0.000537768,0,564.777,-0.0299881,3.14274e-05,-0.000552411,0.0299932,100000,100000,1904.53,0,0.00500595,0.000537768,0,564.777,-0.0299881,3.14274e-05,-0.000552411,0.0299932,100000,100000,1904.53,0,0.00500595,0.000537768,0,564.777,-0.0299881,3.14274e-05,-0.000552411,0.0299932,100000,100000,1904.53,0,0.00500595,0.000537768,0,564.777,-0.0299881,3.14274e-05,-0.000552411,0.0299932,100000,100000,1904.53,0,0.00500595,0.000537768,0,564.777,-0.0299881,3.14274e-05,-0.000552411,0.0299932,100000,100000,1904.53,0,0.00500595,0.000537768,0,564.777,-0.0299881,3.14274e-05,-0.000552411,0.0299932,100000,100000,1904.53,0,0,0,0,0,0,0,0,0,0,0,0,0,1
stats,143,1,144,0.00500595,0.000537768,0,564.783,-0.0299881,3.14278e-05,-0.000552415,0.0299932,100000,100000,1904.52,0,0.00500595,0.000537768,0,564.783,-0.0299881,3.14278e-05,-0.000552415,0.0299932,100000,100000,1904.52,0,0.00500595,0.000537768,0,564.783,-0.0299881,3.14278e-05,-0.000552415,0.0299932,100000,100000,1904.52,0,0.00500595,0.000537768,0,564.783,-0.0299881,3.14278e-05,-0.000552415,0.0299932,100000,100000,1904.52,0,0.00500595,0.000537768,0,564.783,-0.0299881,3.14278e-05,-0.000552415,0.0299932,100000,100000,1904.52,0,0.00500595,0.000537768,0,564.783,-0.0299881,3.14278e-05,-0.000552415,0.0299932,100000,100000,1904.52,0,0,0,0,0,0,0,0,0,0,0,0,0,1
stats,144,1,145,0.00500595,0.000537767,0,564.788,-0.0299881,3.14278e-05,-0.00055242,0.0299932,100000,100000,1904.52,0,0.00500595,0.000537767,0,564.788,-0.0299881,3.14278e-05,-0.00055242,0.0299932,100000,100000,1904.52,0,0.00500595,0.000537767,0,564.788,-0.0299881,3.14278e-05,-0.00055242,0.0299932,100000,100000,1904.52,0,0.00500595,0.000537767,0,564.788,-0.0299881,3.14278e-05,-0.00055242,0.0299932,100000,100000,1904.52,0,0.00500595,0.000537767,0,564.788,-0.0299881,3.14278e-05,-0.00055242,0.0299932,100000,100000,1904.52,0,0.00500595,0.000537767,0,564.788,-0.0299881,3.14278e-05,-0.00055242,0.0299932,100000,100000,1904.52,0,0,0,0,0,0,0,0,0,0,0,0,0,1
stats,145,1,146,0.00500595,0.000537767,0,564.794,-0.0299881,3.14274e-05,-0.000552424,0.0299932,100000,100000,1904.51,0,0.00500595,0.000537767,0,564.794,-0.0299881,3.14274e-05,-0.000552424,0.0299932,100000,100000,1904.51,0,0.00500595,0.000537767,0,564.794,-0.0299881,3.14274e-05,-0.000552424,0.0299932,100000,100000,1904.51,0,0.00500595,0.000537767,0,564.794,-0.0299881,3.14274e-05,-0.000552424,0.0299932,100000,100000,1904.51,0,0.00500595,0.000537767,0,564.794,-0.0299881,3.14274e-05,-0.000552424,0.0299932,100000,100000,1904.51,0,0.00500595,0.000537767,0,564.794,-0.0299881,3.14274e-05,-0.000552424,0.0299932,100000,100000,1904.51,0,0,0,0,0,0,0,0,0,0,0,0,0,1
stats,146,1,147,0.00500595,0.000537767,0,564.799,-0.0299881,3.14266e-05,-0.000552428,0.0299932,100000,100000,1904.51,0,0.00500595,0.000537767,0,564.799,-0.0299881,3.14266e-05,-0.000552428,0.0299932,100000,100000,1904.51,0,0.00500595,0.000537767,0,564.799,-0.0299881,3.14266e-05,-0.000552428,0.0299932,100000,100000,1904.51,0,0.00500595,0.000537767,0,564.799,-0.0299881,3.14266e-05,-0.000552428,0.0299932,100000,100000,1904.51,0,0.00500595,0.000537767,0,564.799,-0.0299881,3.14266e-05,-0.000552428,0.0299932,100000,100000,1904.51,0,0.00500595,0.000537767,0,564.799,-0.0299881,3.14266e-05,-0.000552428,0.0299932,100000,100000,1904.51,0,0,0,0,0,0,0,0,0,0,0,0,0,1
stats,147,1,148,0.00500595,0.000537767,0,564.805,-0.0299881,3.14258e-05,-0.000552433,0.0299932,100000,100000,1904.51,0,0.00500595,0.000537767,0,564.805,-0.0299881,3.14258e-05,-0.000552433,0.0299932,100000,100000,1904.51,0,0.00500595,0.000537767,0,564.805,-0.0299881,3.14258e-05,-0.000552433,0.0299932,100000,100000,1904.51,0,0.00500595,0.000537767,0,564.805,-0.0299881,3.14258e-05,-0.000552433,0.0299932,100000,100000,1904.51,0,0.00500595,0.000537767,0,564.805,-0.0299881,3.14258e-05,-0.000552433,0.0299932,100000,100000,1904.51,0,0.00500595,0.000537767,0,564.805,-0.0299881,3.14258e-05,-0.000552433,0.0299932,100000,100000,1904.51,0,0,0,0,0,0,0,0,0,0,0,0,0,1
stats,148,1,149,0.00500595,0.000537767,0,564.81,-0.0299881,3.1425e-05,-0.000552436,0.0299932,100000,100000,1904.5,0,0.00500595,0.000537767,0,564.81,-0.0299881,3.1425e-05,-0.000552436,0.0299932,100000,100000,1904.5,0,0.00500595,0.000537767,0,564.81,-0.0299881,3.1425e-05,-0.000552436,0.0299932,100000,100000,1904.5,0,0.00500595,0.000537767,0,564.81,-0.0299881,3.1425e-05,-0.000552436,0.0299932,100000,100000,1904.5,0,0.00500595,0.000537767,0,564.81,-0.0299881,3.1425e-05,-0.000552436,0.0299932,100000,100000,1904.5,0,0.00500595,0.000537767,0,564.81,-0.0299881,3.1425e-05,-0.000552436,0.0299932,100000,100000,1904.5,0,0,0,0,0,0,0,0,0,0,0,0,0,1
stats,149,1,150,0.00500595,0.000537766,0,564.816,-0.0299881,3.14246e-05,-0.00055244,0.0299932,100000,100000,1904.5,0,0.00500595,0.000537766,0,564.816,-0.0299881,3.14246e-05,-0.00055244,0.0299932,100000,100000,1904.5,0,0.00500595,0.000537766,0,564.816,-0.0299881,3.14246e-05,-0.00055244,0.0299932,100000,100000,1904.5,0,0.00500595,0.000537766,0,564.816,-0.0299881,3.14246e-05,-0.00055244,0.0299932,100000,100000,1904.5,0,0.00500595,0.000537766,0,564.816,-0.0299881,3.14246e-05,-0.00055244,0.0299932,100000,100000,1904.5,0,0.00500595,0.000537766,0,564.816,-0.0299881,3.14246e-05,-0.00055244,0.0299932,100000,100000,1904.5,0,0,0,0,0,0,0,0,0,0,0,0,0,1
stats,150,1,151,0.00500595,0.000537766,0,564.821,-0.0299881,3.14246e-05,-0.000552443,0.0299932,100000,100000,1904.5,0,0.00500595,0.000537766,0,564.821,-0.0299881,3.14246e-05,-0.000552443,0.0299932,100000,100000,1904.5,0,0.00500595,0.000537766,0,564.821,-0.0299881,3.14246e-05,-0.000552443,0.0299932,100000,100000,1904.5,0,0.00500595,0.000537766,0,564.821,-0.0299881,3.14246e-05,-0.000552443,0.0299932,100000,100000,1904.5,0,0.00500595,0.000537766,0,564.821,-0.0299881,3.14246e-05,-0.000552443,0.0299932,100000,100000,1904.5,0,0.00500595,0.000537766,0,564.821,-0.0299881,3.14246e-05,-0.000552443,0.0299932,100000,100000,1904.5,0,0,0,0,0,0,0,0,0,0,0,0,0,1
stats,151,1,152,0.00500595,0.000537766,0,564.826,-0.0299881,3.14253e-05,-0.000552446,0.0299932,100000,100000,1904.49,0,0.00500595,0.000537766,0,564.826,-0.0299881,3.14253e-05,-0.000552446,0.0299932,100000,100000,1904.49,0,0.00500595,0.000537766,0,564.826,-0.0299881,3.14253e-05,-0.000552446,0.0299932,100000,100000,1904.49,0,0.00500595,0.000537766,0,564.826,-0.0299881,3.14253e-05,-0.000552446,0.0299932,100000,100000,1904.49,0,0.00500595,0.000537766,0,564.826,-0.0299881,3.14253e-05,-0.000552446,0.0299932,100000,100000,1904.49,0,0.00500595,0.000537766,0,564.826,-0.0299881,3.14253e-05,-0.000552446,0.0299932,100000,100000,1904.49,0,0,0,0,0,0,0,0,0,0,0,0,0,1
stats,152,1,153,0.00500595,0.000537766,0,564.831,-0.0299881,3.14265e-05,-0.00055245,0.0299932,100000,100000,1904.49,0,0.00500595,0.000537766,0,564.831,-0.0299881,3.14265e-05,-0.00055245,0.0299932,100000,100000,1904.49,0,0.00500595,0.000537766,0,564.831,-0.0299881,3.14265e-05,-0.00055245,0.0299932,100000,100000,1904.49,0,0.00500595,0.000537766,0,564.831,-0.0299881,3.14265e-05,-0.00055245,0.0299932,100000,100000,1904.49,0,0.00500595,0.000537766,0,564.831,-0.0299881,3.14265e-05,-0.00055245,0.0299932,100000,100000,1904.49,0,0.00500595,0.000537766,0,564.831,-0.0299881,3.14265e-05,-0.00055245,0.0299932,100000,100000,1904.49,0,0,0,0,0,0,0,0,0,0,0,0,0,1
stats,153,1,154,0.00500595,0.000537766,0,564.836,-0.0299881,3.14282e-05,-0.000552453,0.0299932,100000,100000,1904.49,0,0.00500595,0.000537766,0,564.836,-0.0299881,3.14282e-05,-0.000552453,0.0299932,100000,100000,1904.49,0,0.00500595,0.000537766,0,564.836,-0.0299881,3.14282e-05,-0.000552453,0.0299932,100000,100000,1904.49,0,0.00500595,0.000537766,0,564.836,-0.0299881,3.14282e-05,-0.000552453,0.0299932,100000,100000,1904.49,0,0.00500595,0.000537766,0,564.836,-0.0299881,3.14282e-05,-0.000552453,0.0299932,100000,100000,1904.49,0,0.00500595,0.000537766,0,564.836,-0.0299881,3.14282e-05,-0.000552453,0.0299932,100000,100000,1904.49,0,0,0,0,0,0,0,0,0,0,0,0,0,1
stats,154,1,155,0.00500595,0.000537766,0,564.841,-0.0299881,3.14302e-05,-0.000552456,0.0299932,100000,100000,1904.48,0,0.00500595,0.000537766,0,564.841,-0.0299881,3.14302e-05,-0.000552456,0.0299932,100000,100000,1904.48,0,0.00500595,0.000537766,0,564.841,-0.0299881,3.14302e-05,-0.000552456,0.0299932,100000,100000,1904.48,0,0.00500595,0.000537766,0,564.841,-0.0299881,3.14302e-05,-0.000552456,0.0299932,100000,100000,1904.48,0,0.00500595,0.000537766,0,564.841,-0.0299881,3.14302e-05,-0.000552456,0.0299932,100000,100000,1904.48,0,0.00500595,0.000537766,0,564.841,-0.0299881,3.14302e-05,-0.000552456,0.0299932,100000,100000,1904.48,0,0,0,0,0,0,0,0,0,0,0,0,0,1
stats,155,1,156,0.00500595,0.000537765,0,564.846,-0.0299881,3.14324e-05,-0.00055246,0.0299932,100000,100000,1904.48,0,0.00500595,0.000537765,0,564.846,-0.0299881,3.14324e-05,-0.00055246,0.0299932,100000,100000,1904.48,0,0.00500595,0.000537765,0,564.846,-0.0299881,3.14324e-05,-0.00055246,0.0299932,100000,100000,1904.48,0,0.00500595,0.000537765,0,564.846,-0.0299881,3.14324e-05,-0.00055246,0.0299932,100000,100000,1904.48,0,0.00500595,0.000537765,0,564.846,-0.0299881,3.14324e-05,-0.00055246,0.0299932,100000,100000,1904.48,0,0.00500595,0.000537765,0,564.846,-0.0299881,3.14324e-05,-0.00055246,0.0299932,100000,100000,1904.48,0,0,0,0,0,0,0,0,0,0,0,0,0,1
stats,156,1,157,0.00500595,0.000537765,0,564.85,-0.0299881,3.14346e-05,-0.000552464,0.0299932,100000,100000,1904.48,0,0.00500595,0.000537765,0,564.85,-0.0299881,3.14346e-05,-0.000552464,0.0299932,100000,100000,1904.48,0,0.00500595,0.000537765,0,564.85,-0.0299881,3.14346e-05,-0.000552464,0.0299932,100000,100000,1904.48,0,0.00500595,0.000537765,0,564.85,-0.0299881,3.14346e-05,-0.000552464,0.0299932,100000,100000,1904.48,0,0.00500595,0.000537765,0,564.85,-0.0299881,3.14346e-05,-0.000552464,0.0299932,100000,100000,1904.48,0,0.00500595,0.000537765,0,564.85,-0.0299881,3.14346e-05,-0.000552464,0.0299932,100000,100000,1904.48,0,0,0,0,0,0,0,0,0,0,0,0,0,1
stats,157,1,158,0.00500595,0.000537765,0,564.855,-0.0299881,3.14366e-05,-0.000552467,0.0299932,100000,100000,1904.48,0,0.00500595,0.000537765,0,564.855,-0.0299881,3.14366e-05,-0.000552467,0.0299932,100000,100000,1904.48,0,0.00500595,0.000537765,0,564.855,-0.0299881,3.14366e-05,-0.000552467,0.0299932,100000,100000,1904.48,0,0.00500595,0.000537765,0,564.855,-0.0299881,3.14366e-05,-0.000552467,0.0299932,100000,100000,1904.48,0,0.00500595,0.000537765,0,564.855,-0.0299881,3.14366e-05,-0.000552467,0.0299932,100000,100000,1904.48,0,0.00500595,0.000537765,0,564.855,-0.0299881,3.14366e-05,-0.000552467,0.0299932,100000,100000,1904.48,0,0,0,0,0,0,0,0,0,0,0,0,0,1
stats,158,1,159,0.00500595,0.000537765,0,564.859,-0.0299881,3.14383e-05,-0.000552471,0.0299932,100000,100000,1904.47,0,0.00500595,0.000537765,0,564.859,-0.0299881,3.14383e-05,-0.000552471,0.0299932,100000,100000,1904.47,0,0.00500595,0.000537765,0,564.859,-0.0299881,3.14383e-05,-0.000552471,0.0299932,100000,100000,1904.47,0,0.00500595,0.000537765,0,564.859,-0.0299881,3.14383e-05,-0.000552471,0.0299932,100000,100000,1904.47,0,0.00500595,0.000537765,0,564.859,-0.0299881,3.14383e-05,-0.000552471,0.0299932,100000,100000,1904.47,0,0.00500595,0.000537765,0,564.859,-0.0299881,3.14383e-05,-0.000552471,0.0299932,100000,100000,1904.47,0,0,0,0,0,0,0,0,0,0,0,0,0,1
stats,159,1,160,0.00500595,0.000537765,0,564.864,-0.0299881,3.14396e-05,-0.000552474,0.0299932,100000,100000,1904.47,0,0.00500595,0.000537765,0,564.864,-0.0299881,3.14396e-05,-0.000552474,0.0299932,100000,100000,1904.47,0,0.00500595,0.000537765,0,564.864,-0.0299881,3.14396e-05,-0.000552474,0.0299932,100000,100000,1904.47,0,0.00500595,0.000537765,0,564.864,-0.0299881,3.14396e-05,-0.000552474,0.0299932,100000,100000,1904.47,0,0.00500595,0.000537765,0,564.864,-0.0299881,3.14396e-05,-0.000552474,0.0299932,100000,100000,1904.47,0,0.00500595,0.000537765,0,564.864,-0.0299881,3.14396e-05,-0.000552474,0.0299932,100000,100000,1904.47,0,0,0,0,0,0,0,0,0,0,0,0,0,1
stats,160,1,161,0.00500595,0.000537765,0,564.868,-0.0299881,3.14403e-05,-0.000552478,0.0299932,100000,100000,1904.47,0,0.00500595,0.000537765,0,564.868,-0.0299881,3.14403e-05,-0.000552478,0.0299932,100000,100000,1904.47,0,0.00500595,0.000537765,0,564.868,-0.0299881,3.14403e-05,-0.000552478,0.0299932,100000,100000,1904.47,0,0.00500595,0.000537765,0,564.868,-0.0299881,3.14403e-05,-0.000552478,0.0299932,100000,100000,1904.47,0,0.00500595,0.000537765,0,564.868,-0.0299881,3.14403e-05,-0.000552478,0.0299932,100000,100000,1904.47,0,0.00500595,0.000537765,0,564.868,-0.0299881,3.14403e-05,-0.000552478,0.0299932,100000,100000,1904.47,0,0,0,0,0,0,0,0,0,0,0,0,0,1
stats,161,1,162,0.00500595,0.000537765,0,564.873,-0.0299881,3.14404e-05,-0.000552482,0.0299932,100000,100000,1904.46,0,0.00500595,0.000537765,0,564.873,-0.0299881,3.14404e-05,-0.000552482,0.0299932,100000,100000,1904.46,0,0.00500595,0.000537765,0,564.873,-0.0299881,3.14404e-05,-0.000552482,0.0299932,100000,100000,1904.46,0,0.00500595,0.000537765,0,564.873,-0.0299881,3.14404e-05,-0.000552482,0.0299932,100000,100000,1904.46,0,0.00500595,0.000537765,0,564.873,-0.0299881,3.14404e-05,-0.000552482,0.0299932,100000,100000,1904.46,0,0.00500595,0.000537765,0,564.873,-0.0299881,3.14404e-05,-0.000552482,0.0299932,100000,100000,1904.46,0,0,0,0,0,0,0,0,0,0,0,0,0,1
stats,162,1,163,0.00500595,0.000537764,0,564.877,-0.0299881,3.144e-05,-0.000552485,0.0299932,100000,100000,1904.46,0,0.00500595,0.000537764,0,564.877,-0.0299881,3.144e-05,-0.000552485,0.0299932,100000,100000,1904.46,0,0.00500595,0.000537764,0,564.877,-0.0299881,3.144e-05,-0.000552485,0.0299932,100000,100000,1904.46,0,0.00500595,0.000537764,0,564.877,-0.0299881,3.144e-05,-0.000552485,0.0299932,100000,100000,1904.46,0,0.00500595,0.000537764,0,564.877,-0.0299881,3.144e-05,-0.000552485,0.0299932,100000,100000,1904.46,0,0.00500595,0.000537764,0,564.877,-0.0299881,3.144e-05,-0.000552485,0.0299932,100000,100000,1904.46,0,0,0,0,0,0,0,0,0,0,0,0,0,1
stats,163,1,164,0.00500595,0.000537764,0,564.881,-0.0299881,3.14389e-05,-0.000552489,0.0299932,100000,100000,1904.46,0,0.00500595,0.000537764,0,564.881,-0.0299881,3.14389e-05,-0.000552489,0.0299932,100000,100000,1904.46,0,0.00500595,0.000537764,0,564.881,-0.0299881,3.14389e-05,-0.000552489,0.0299932,100000,100000,1904.46,0,0.00500595,0.000537764,0,564.881,-0.0299881,3.14389e-05,-0.000552489,0.0299932,100000,100000,1904.46,0,0.00500595,0.000537764,0,564.881,-0.0299881,3.14389e-05,-0.000552489,0.0299932,100000,100000,1904.46,0,0.00500595,0.000537764,0,564.881,-0.0299881,3.14389e-05,-0.000552489,0.0299932,100000,100000,1904.46,0,0,0,0,0,0,0,0,0,0,0,0,0,1
stats,164,1,165,0.00500595,0.000537764,0,564.885,-0.0299881,3.14373e-05,-0.000552493,0.0299932,100000,100000,1904.46,0,0.00500595,0.000537764,0,564.885,-0.0299881,3.14373e-05,-0.000552493,0.0299932,100000,100000,1904.46,0,0.00500595,0.000537764,0,564.885,-0.0299881,3.14373e-05,-0.000552493,0.0299932,100000,100000,1904.46,0,0.00500595,0.000537764,0,564.885,-0.0299881,3.14373e-05,-0.000552493,0.0299932,100000,100000,1904.46,0,0.00500595,0.000537764,0,564.885,-0.0299881,3.14373e-05,-0.000552493,0.0299932,100000,100000,1904.46,0,0.00500595,0.000537764,0,564.885,-0.0299881,3.14373e-05,-0.000552493,0.0299932,100000,100000,1904.46,0,0,0,0,0,0,0,0,0,0,0,0,0,1
stats,165,1,166,0.00500595,0.000537764,0,564.889,-0.0299881,3.14355e-05,-0.000552496,0.0299932,100000,100000,1904.45,0,0.00500595,0.000537764,0,564.889,-0.0299881,3.14355e-05,-0.000552496,0.0299932,100000,100000,1904.45,0,0.00500595,0.000537764,0,564.889,-0.0299881,3.14355e-05,-0.000552496,0.0299932,100000,100000,1904.45,0,0.00500595,0.000537764,0,564.889,-0.0299881,3.14355e-05,-0.000552496,0.0299932,100000,100000,1904.45,0,0.00500595,0.000537764,0,564.889,-0.0299881,3.14355e-05,-0.000552496,0.0299932,100000,100000,1904.45,0,0.00500595,0.000537764,0,564.889,-0.0299881,3.14355e-05,-0.000552496,0.0299932,100000,100000,1904.45,0,0,0,0,0,0,0,0,0,0,0,0,0,1
stats,166,1,167,0.00500595,0.000537764,0,564.893,-0.0299881,3.14336e-05,-0.0005525,0.0299932,100000,100000,1904.45,0,0.00500595,0.000537764,0,564.893,-0.0299881,3.14336e-05,-0.0005525,0.0299932,100000,100000,1904.45,0,0.00500595,0.000537764,0,564.893,-0.0299881,3.14336e-05,-0.0005525,0.0299932,100000,100000,1904.45,0,0.00500595,0.000537764,0,564.893,-0.0299881,3.14336e-05,-0.0005525,0.0299932,100000,100000,1904.45,0,0.00500595,0.000537764,0,564.893,-0.0299881,3.14336e-05,-0.0005525,0.0299932,100000,100000,1904.45,0,0.00500595,0.000537764,0,564.893,-0.0299881,3.14336e-05,-0.0005525,0.0299932,100000,100000,1904.45,0,0,0,0,0,0,0,0,0,0,0,0,0,1
stats,167,1,168,0.00500595,0.000537764,0,564.897,-0.0299881,3.1432e-05,-0.000552503,0.0299932,100000,100000,1904.45,0,0.00500595,0.000537764,0,564.897,-0.0299881,3.1432e-05,-0.000552503,0.0299932,100000,100000,1904.45,0,0.00500595,0.000537764,0,564.897,-0.0299881,3.1432e-05,-0.000552503,0.0299932,100000,100000,1904.45,0,0.00500595,0.000537764,0,564.897,-0.0299881,3.1432e-05,-0.000552503,0.0299932,100000,100000,1904.45,0,0.00500595,0.000537764,0,564.897,-0.0299881,3.1432e-05,-0.000552503,0.0299932,100000,100000,1904.45,0,0.00500595,0.000537764,0,564.897,-0.0299881,3.1432e-05,-0.000552503,0.0299932,100000,100000,1904.45,0,0,0,0,0,0,0,0,0,0,0,0,0,1
stats,168,1,169,0.00500595,0.000537763,0,564.901,-0.0299881,3.14311e-05,-0.000552505,0.0299932,100000,100000,1904.45,0,0.00500595,0.000537763,0,564.901,-0.0299881,3.14311e-05,-0.000552505,0.0299932,100000,100000,1904.45,0,0.00500595,0.000537763,0,564.901,-0.0299881,3.14311e-05,-0.000552505,0.0299932,100000,100000,1904.45,0,0.00500595,0.000537763,0,564.901,-0.0299881,3.14311e-05,-0.000552505,0.0299932,100000,100000,1904.45,0,0.00500595,0.000537763,0,564.901,-0.0299881,3.14311e-05,-0.000552505,0.0299932,100000,100000,1904.45,0,0.00500595,0.000537763,0,564.901,-0.0299881,3.14311e-05,-0.000552505,0.0299932,100000,100000,1904.45,0,0,0,0,0,0,0,0,0,0,0,0,0,1
stats,169,1,170,0.00500595,0.000537763,0,564.905,-0.0299881,3.14309e-05,-0.000552508,0.0299932,100000,100000,1904.44,0,0.00500595,0.000537763,0,564.905,-0.0299881,3.14309e-05,-0.000552508,0.0299932,100000,100000,1904.44,0,0.00500595,0.000537763,0,564.905,-0.0299881,3.14309e-05,-0.000552508,0.0299932,100000,100000,1904.44,0,0.00500595,0.000537763,0,564.905,-0.0299881,3.14309e-05,-0.000552508,0.0299932,100000,100000,1904.44,0,0.00500595,0.000537763,0,564.905,-0.0299881,3.14309e-05,-0.000552508,0.0299932,100000,100000,1904.44,0,0.00500595,0.000537763,0,564.905,-0.0299881,3.14309e-05,-0.000552508,0.0299932,100000,100000,1904.44,0,0,0,0,0,0,0,0,0,0,0,0,0,1
stats,170,1,171,0.00500595,0.000537763,0,564.909,-0.0299881,3.14315e-05,-0.000552511,0.0299932,100000,100000,1904.44,0,0.00500595,0.000537763,0,564.909,-0.0299881,3.14315e-05,-0.000552511,0.0299932,100000,100000,1904.44,0,0.00500595,0.000537763,0,564.909,-0.0299881,3.14315e-05,-0.000552511,0.0299932,100000,100000,1904.44,0,0.00500595,0.000537763,0,564.909,-0.0299881,3.14315e-05,-0.000552511,0.0299932,100000,100000,1904.44,0,0.00500595,0.000537763,0,564.909,-0.0299881,3.14315e-05,-0.000552511,0.0299932,100000,100000,1904.44,0,0.00500595,0.000537763,0,564.909,-0.0299881,3.14315e-05,-0.000552511,0.0299932,100000,100000,1904.44,0,0,0,0,0,0,0,0,0,0,0,0,0,1
stats,171,1,172,0.00500595,0.000537763,0,564.912,-0.0299881,3.14327e-05,-0.000552514,0.0299932,100000,100000,1904.44,0,0.00500595,0.000537763,0,564.912,-0.0299881,3.14327e-05,-0.000552514,0.0299932,100000,100000,1904.44,0,0.00500595,0.000537763,0,564.912,-0.0299881,3.14327e-05,-0.000552514,0.0299932,100000,100000,1904.44,0,0.00500595,0.000537763,0,564.912,-0.0299881,3.14327e-05,-0.000552514,0.0299932,100000,100000,1904.44,0,0.00500595,0.000537763,0,564.912,-0.0299881,3.14327e-05,-0.000552514,0.0299932,100000,100000,1904.44,0,0.00500595,0.000537763,0,564.912,-0.0299881,3.14327e-05,-0.000552514,0.0299932,100000,100000,1904.44,0,0,0,0,0,0,0,0,0,0,0,0,0,1
stats,172,1,173,0.00500595,0.000537763,0,564.916,-0.0299881,3.14344e-05,-0.000552517,0.0299932,100000,100000,1904.44,0,0.00500595,0.000537763,0,564.916,-0.0299881,3.14344e-05,-0.000552517,0.0299932,100000,100000,1904.44,0,0.00500595,0.000537763,0,564.916,-0.0299881,3.14344e-05,-0.000552517,0.0299932,100000,100000,1904.44,0,0.00500595,0.000537763,0,564.916,-0.0299881,3.14344e-05,-0.000552517,0.0299932,100000,100000,1904.44,0,0.00500595,0.000537763,0,564.916,-0.0299881,3.14344e-05,-0.000552517,0.0299932,100000,100000,1904.44,0,0.00500595,0.000537763,0,564.916,-0.0299881,3.14344e-05,-0.000552517,0.0299932,100000,100000,1904.44,0,0,0,0,0,0,0,0,0,0,0,0,0,1
stats,173,1,174,0.00500595,0.000537763,0,564.919,-0.0299881,3.14363e-05,-0.00055252,0.0299932,100000,100000,1904.43,0,0.00500595,0.000537763,0,564.919,-0.0299881,3.14363e-05,-0.00055252,0.0299932,100000,100000,1904.43,0,0.00500595,0.000537763,0,564.919,-0.0299881,3.14363e-05,-0.00055252,0.0299932,100000,100000,1904.43,0,0.00500595,0.000537763,0,564.919,-0.0299881,3.14363e-05,-0.00055252,0.0299932,100000,100000,1904.43,0,0.00500595,0.000537763,0,564.919,-0.0299881,3.14363e-05,-0.00055252,0.0299932,100000,100000,1904.43,0,0.00500595,0.000537763,0,564.919,-0.0299881,3.14363e-05,-0.00055252,0.0299932,100000,100000,1904.43,0,0,0,0,0,0,0,0,0,0,0,0,0,1
stats,174,1,175,0.00500595,0.000537763,0,564.923,-0.0299881,3.14383e-05,-0.000552523,0.0299932,100000,100000,1904.43,0,0.00500595,0.000537763,0,564.923,-0.0299881,3.14383e-05,-0.000552523,0.0299932,100000,100000,1904.43,0,0.00500595,0.000537763,0,564.923,-0.0299881,3.14383e-05,-0.000552523,0.0299932,100000,100000,1904.43,0,0.00500595,0.000537763,0,564.923,-0.0299881,3.14383e-05,-0.000552523,0.0299932,100000,100000,1904.43,0,0.00500595,0.000537763,0,564.923,-0.0299881,3.14383e-05,-0.000552523,0.0299932,100000,100000,1904.43,0,0.00500595,0.000537763,0,564.923,-0.0299881,3.14383e-05,-0.000552523,0.0299932,100000,100000,1904.43,0,0,0,0,0,0,0,0,0,0,0,0,0,1
stats,175,1,176,0.00500595,0.000537763,0,564.926,-0.0299881,3.14403e-05,-0.000552525,0.0299932,100000,100000,1904.43,0,0.00500595,0.000537763,0,564.926,-0.0299881,3.14403e-05,-0.000552525,0.0299932,100000,100000,1904.43,0,0.00500595,0.000537763,0,564.926,-0.0299881,3.14403e-05,-0.000552525,0.0299932,100000,100000,1904.43,0,0.00500595,0.000537763,0,564.926,-0.0299881,3.14403e-05,-0.000552525,0.0299932,100000,100000,1904.43,0,0.00500595,0.000537763,0,564.926,-0.0299881,3.14403e-05,-0.000552525,0.0299932,100000,100000,1904.43,0,0.00500595,0.000537763,0,564.926,-0.0299881,3.14403e-05,-0.000552525,0.0299932,100000,100000,1904.43,0,0,0,0,0,0,0,0,0,0,0,0,0,1
stats,176,1,177,0.00500595,0.000537763,0,564.93,-0.0299881,3.14421e-05,-0.000552528,0.0299932,100000,100000,1904.43,0,0.00500595,0.000537763,0,564.93,-0.0299881,3.14421e-05,-0.000552528,0.0299932,100000,100000,1904.43,0,0.00500595,0.000537763,0,564.93,-0.0299881,3.14421e-05,-0.000552528,0.0299932,100000,100000,1904.43,0,0.00500595,0.000537763,0,564.93,-0.0299881,3.14421e-05,-0.000552528,0.0299932,100000,100000,1904.43,0,0.00500595,0.000537763,0,564.93,-0.0299881,3.14421e-05,-0.000552528,0.0299932,100000,100000,1904.43,0,0.00500595,0.000537763,0,564.93,-0.0299881,3.14421e-05,-0.000552528,0.0299932,100000,100000,1904.43,0,0,0,0,0,0,0,0,0,0,0,0,0,1
stats,177,1,178,0.00500595,0.000537762,0,564.933,-0.0299881,3.14436e-05,-0.000552531,0.0299932,100000,100000,1904.43,0,0.00500595,0.000537762,0,564.933,-0.0299881,3.14436e-05,-0.000552531,0.0299932,100000,100000,1904.43,0,0.00500595,0.000537762,0,564.933,-0.0299881,3.14436e-05,-0.000552531,0.0299932,100000,100000,1904.43,0,0.00500595,0.000537762,0,564.933,-0.0299881,3.14436e-05,-0.000552531,0.0299932,100000,100000,1904.43,0,0.00500595,0.000537762,0,564.933,-0.0299881,3.14436e-05,-0.000552531,0.0299932,100000,100000,1904.43,0,0.00500595,0.000537762,0,564.933,-0.0299881,3.14436e-05,-0.000552531,0.0299932,100000,100000,1904.43,0,0,0,0,0,0,0,0,0,0,0,0,0,1
stats,178,1,179,0.00500595,0.000537762,0,564.936,-0.0299881,3.14446e-05,-0.000552534,0.0299932,100000,100000,1904.42,0,0.00500595,0.000537762,0,564.936,-0.0299881,3.14446e-05,-0.000552534,0.0299932,100000,100000,1904.42,0,0.00500595,0.000537762,0,564.936,-0.0299881,3.14446e-05,-0.000552534,0.0299932,100000,100000,1904.42,0,0.00500595,0.000537762,0,564.936,-0.0299881,3.14446e-05,-0.000552534,0.0299932,100000,100000,1904.42,0,0.00500595,0.000537762,0,564.936,-0.0299881,3.14446e-05,-0.000552534,0.0299932,100000,100000,1904.42,0,0.00500595,0.000537762,0,564.936,-0.0299881,3.14446e-05,-0.000552534,0.0299932,100000,100000,1904.42,0,0,0,0,0,0,0,0,0,0,0,0,0,1
stats,179,1,180,0.00500595,0.000537762,0,564.94,-0.0299881,3.14448e-05,-0.000552537,0.0299932,100000,100000,1904.42,0,0.00500595,0.000537762,0,564.94,-0.0299881,3.14448e-05,-0.000552537,0.0299932,100000,100000,1904.42,0,0.00500595,0.000537762,0,564.94,-0.0299881,3.14448e-05,-0.000552537,0.0299932,100000,100000,1904.42,0,0.00500595,0.000537762,0,564.94,-0.0299881,3.14448e-05,-0.000552537,0.0299932,100000,100000,1904.42,0,0.00500595,0.000537762,0,564.94,-0.0299881,3.14448e-05,-0.000552537,0.0299932,100000,100000,1904.42,0,0.00500595,0.000537762,0,564.94,-0.0299881,3.14448e-05,-0.000552537,0.0299932,100000,100000,1904.42,0,0,0,0,0,0,0,0,0,0,0,0,0,1
stats,180,1,181,0.00500595,0.000537762,0,564.943,-0.0299881,3.14443e-05,-0.00055254,0.0299932,100000,100000,1904.42,0,0.00500595,0.000537762,0,564.943,-0.0299881,3.14443e-05,-0.00055254,0.0299932,100000,100000,1904.42,0,0.00500595,0.000537762,0,564.943,-0.0299881,3.14443e-05,-0.00055254,0.0299932,100000,100000,1904.42,0,0.00500595,0.000537762,0,564.943,-0.0299881,3.14443e-05,-0.00055254,0.0299932,100000,100000,1904.42,0,0.00500595,0.000537762,0,564.943,-0.0299881,3.14443e-05,-0.00055254,0.0299932,100000,100000,1904.42,0,0.00500595,0.000537762,0,564.943,-0.0299881,3.14443e-05,-0.00055254,0.0299932,100000,100000,1904.42,0,0,0,0,0,0,0,0,0,0,0,0,0,1
stats,181,1,182,0.00500595,0.000537762,0,564.946,-0.0299881,3.1443e-05,-0.000552543,0.0299932,100000,100000,1904.42,0,0.00500595,0.000537762,0,564.946,-0.0299881,3.1443e-05,-0.000552543,0.0299932,100000,100000,1904.42,0,0.00500595,0.000537762,0,564.946,-0.0299881,3.1443e-05,-0.000552543,0.0299932,100000,100000,1904.42,0,0.00500595,0.000537762,0,564.946,-0.0299881,3.1443e-05,-0.000552543,0.0299932,100000,100000,1904.42,0,0.00500595,0.000537762,0,564.946,-0.0299881,3.1443e-05,-0.000552543,0.0299932,100000,100000,1904.42,0,0.00500595,0.000537762,0,564.946,-0.0299881,3.1443e-05,-0.000552543,0.0299932,100000,100000,1904.42,0,0,0,0,0,0,0,0,0,0,0,0,0,1
stats,182,1,183,0.00500595,0.000537762,0,564.949,-0.0299881,3.14412e-05,-0.000552545,0.0299932,100000,100000,1904.42,0,0.00500595,0.000537762,0,564.949,-0.0299881,3.14412e-05,-0.000552545,0.0299932,100000,100000,1904.42,0,0.00500595,0.000537762,0,564.949,-0.0299881,3.14412e-05,-0.000552545,0.0299932,100000,100000,1904.42,0,0.00500595,0.000537762,0,564.949,-0.0299881,3.14412e-05,-0.000552545,0.0299932,100000,100000,1904.42,0,0.00500595,0.000537762,0,564.949,-0.0299881,3.14412e-05,-0.000552545,0.0299932,100000,100000,1904.42,0,0.00500595,0.000537762,0,564.949,-0.0299881,3.14412e-05,-0.000552545,0.0299932,100000,100000,1904.42,0,0,0,0,0,0,0,0,0,0,0,0,0,1
stats,183,1,184,0.00500595,0.000537762,0,564.952,-0.0299881,3.14392e-05,-0.000552548,0.0299932,100000,100000,1904.41,0,0.00500595,0.000537762,0,564.952,-0.0299881,3.14392e-05,-0.000552548,0.0299932,100000,100000,1904.41,0,0.00500595,0.000537762,0,564.952,-0.0299881,3.14392e-05,-0.000552548,0.0299932,100000,100000,1904.41,0,0.00500595,0.000537762,0,564.952,-0.0299881,3.14392e-05,-0.000552548,0.0299932,100000,100000,1904.41,0,0.00500595,0.000537762,0,564.952,-0.0299881,3.14392e-05,-0.000552548,0.0299932,100000,100000,1904.41,0,0.00500595,0.000537762,0,564.952,-0.0299881,3.14392e-05,-0.000552548,0.0299932,100000,100000,1904.41,0,0,0,0,0,0,0,0,0,0,0,0,0,1
stats,184,1,185,0.00500595,0.000537762,0,564.955,-0.0299881,3.14374e-05,-0.00055255,0.0299932,100000,100000,1904.41,0,0.00500595,0.000537762,0,564.955,-0.0299881,3.14374e-05,-0.00055255,0.0299932,100000,100000,1904.41,0,0.00500595,0.000537762,0,564.955,-0.0299881,3.14374e-05,-0.00055255,0.0299932,100000,100000,1904.41,0,0.00500595,0.000537762,0,564.955,-0.0299881,3.14374e-05,-0.00055255,0.0299932,100000,100000,1904.41,0,0.00500595,0.000537762,0,564.955,-0.0299881,3.14374e-05,-0.00055255,0.0299932,100000,100000,1904.41,0,0.00500595,0.000537762,0,564.955,-0.0299881,3.14374e-05,-0.00055255,0.0299932,100000,100000,1904.41,0,0,0,0,0,0,0,0,0,0,0,0,0,1
stats,185,1,186,0.00500595,0.000537761,0,564.958,-0.0299881,3.14361e-05,-0.000552552,0.0299932,100000,100000,1904.41,0,0.00500595,0.000537761,0,564.958,-0.0299881,3.14361e-05,-0.000552552,0.0299932,100000,100000,1904.41,0,0.00500595,0.000537761,0,564.958,-0.0299881,3.14361e-05,-0.000552552,0.0299932,100000,100000,1904.41,0,0.00500595,0.000537761,0,564.958,-0.0299881,3.14361e-05,-0.000552552,0.0299932,100000,100000,1904.41,0,0.00500595,0.000537761,0,564.958,-0.0299881,3.14361e-05,-0.000552552,0.0299932,100000,100000,1904.41,0,0.00500595,0.000537761,0,564.958,-0.0299881,3.14361e-05,-0.000552552,0.0299932,100000,100000,1904.41,0,0,0,0,0,0,0,0,0,0,0,0,0,1
stats,186,1,187,0.00500595,0.000537761,0,564.961,-0.0299881,3.14355e-05,-0.000552554,0.0299932,100000,100000,1904.41,0,0.00500595,0.000537761,0,564.961,-0.0299881,3.14355e-05,-0.000552554,0.0299932,100000,100000,1904.41,0,0.00500595,0.000537761,0,564.961,-0.0299881,3.14355e-05,-0.000552554,0.0299932,100000,100000,1904.41,0,0.00500595,0.000537761,0,564.961,-0.0299881,3.14355e-05,-0.000552554,0.0299932,100000,100000,1904.41,0,0.00500595,0.000537761,0,564.961,-0.0299881,3.14355e-05,-0.000552554,0.0299932,100000,100000,1904.41,0,0.00500595,0.000537761,0,564.961,-0.0299881,3.14355e-05,-0.000552554,0.0299932,100000,100000,1904.41,0,0,0,0,0,0,0,0,0,0,0,0,0,1
stats,187,1,188,0.00500595,0.000537761,0,564.964,-0.0299881,3.14355e-05,-0.000552557,0.0299932,100000,100000,1904.41,0,0.00500595,0.000537761,0,564.964,-0.0299881,3.14355e-05,-0.000552557,0.0299932,100000,100000,1904.41,0,0.00500595,0.000537761,0,564.964,-0.0299881,3.14355e-05,-0.000552557,0.0299932,100000,100000,1904.41,0,0.00500595,0.000537761,0,564.964,-0.0299881,3.14355e-05,-0.000552557,0.0299932,100000,100000,1904.41,0,0.00500595,0.000537761,0,564.964,-0.0299881,3.14355e-05,-0.000552557,0.0299932,100000,100000,1904.41,0,0.00500595,0.000537761,0,564.964,-0.0299881,3.14355e-05,-0.000552557,0.0299932,100000,100000,1904.41,0,0,0,0,0,0,0,0,0,0,0,0,0,1
stats,188,1,189,0.00500595,0.000537761,0,564.967,-0.0299881,3.14361e-05,-0.00055256,0.0299932,100000,100000,1904.4,0,0.00500595,0.000537761,0,564.967,-0.0299881,3.14361e-05,-0.00055256,0.0299932,100000,100000,1904.4,0,0.00500595,0.000537761,0,564.967,-0.0299881,3.14361e-05,-0.00055256,0.0299932,100000,100000,1904.4,0,0.00500595,0.000537761,0,564.967,-0.0299881,3.14361e-05,-0.00055256,0.0299932,100000,100000,1904.4,0,0.00500595,0.000537761,0,564.967,-0.0299881,3.14361e-05,-0.00055256,0.0299932,100000,100000,1904.4,0,0.00500595,0.000537761,0,564.967,-0.0299881,3.14361e-05,-0.00055256,0.0299932,100000,100000,1904.4,0,0,0,0,0,0,0,0,0,0,0,0,0,1
stats,189,1,190,0.00500595,0.000537761,0,564.969,-0.0299881,3.14371e-05,-0.000552563,0.0299932,100000,100000,1904.4,0,0.00500595,0.000537761,0,564.969,-0.0299881,3.14371e-05,-0.000552563,0.0299932,100000,100000,1904.4,0,0.00500595,0.000537761,0,564.969,-0.0299881,3.14371e-05,-0.000552563,0.0299932,100000,100000,1904.4,0,0.00500595,0.000537761,0,564.969,-0.0299881,3.14371e-05,-0.000552563,0.0299932,100000,100000,1904.4,0,0.00500595,0.000537761,0,564.969,-0.0299881,3.14371e-05,-0.000552563,0.0299932,100000,100000,1904.4,0,0.00500595,0.000537761,0,564.969,-0.0299881,3.14371e-05,-0.000552563,0.0299932,100000,100000,1904.4,0,0,0,0,0,0,0,0,0,0,0,0,0,1
stats,190,1,191,0.00500595,0.000537761,0,564.972,-0.0299881,3.14385e-05,-0.000552566,0.0299932,100000,100000,1904.4,0,0.00500595,0.000537761,0,564.972,-0.0299881,3.14385e-05,-0.000552566,0.0299932,100000,100000,1904.4,0,0.00500595,0.000537761,0,564.972,-0.0299881,3.14385e-05,-0.000552566,0.0299932,100000,100000,1904.4,0,0.00500595,0.000537761,0,564.972,-0.0299881,3.14385e-05,-0.000552566,0.0299932,100000,100000,1904.4,0,0.00500595,0.000537761,0,564.972,-0.0299881,3.14385e-05,-0.000552566,0.0299932,100000,100000,1904.4,0,0.00500595,0.000537761,0,564.972,-0.0299881,3.14385e-05,-0.000552566,0.0299932,100000,100000,1904.4,0,0,0,0,0,0,0,0,0,0,0,0,0,1
stats,191,1,192,0.00500595,0.000537761,0,564.975,-0.0299881,3.14401e-05,-0.000552569,0.0299932,100000,100000,1904.4,0,0.00500595,0.000537761,0,564.975,-0.0299881,3.14401e-05,-0.000552569,0.0299932,100000,100000,1904.4,0,0.00500595,0.000537761,0,564.975,-0.0299881,3.14401e-05,-0.000552569,0.0299932,100000,100000,1904.4,0,0.00500595,0.000537761,0,564.975,-0.0299881,3.14401e-05,-0.000552569,0.0299932,100000,100000,1904.4,0,0.00500595,0.000537761,0,564.975,-0.0299881,3.14401e-05,-0.000552569,0.0299932,100000,100000,1904.4,0,0.00500595,0.000537761,0,564.975,-0.0299881,3.14401e-05,-0.000552569,0.0299932,100000,100000,1904.4,0,0,0,0,0,0,0,0,0,0,0,0,0,1
stats,192,1,193,0.00500595,0.000537761,0,564.977,-0.0299881,3.14419e-05,-0.000552572,0.0299932,100000,100000,1904.4,0,0.00500595,0.000537761,0,564.977,-0.0299881,3.14419e-05,-0.000552572,0.0299932,100000,100000,1904.4,0,0.00500595,0.000537761,0,564.977,-0.0299881,3.14419e-05,-0.000552572,0.0299932,100000,100000,1904.4,0,0.00500595,0.000537761,0,564.977,-0.0299881,3.14419e-05,-0.000552572,0.0299932,100000,100000,1904.4,0,0.00500595,0.000537761,0,564.977,-0.0299881,3.14419e-05,-0.000552572,0.0299932,100000,100000,1904.4,0,0.00500595,0.000537761,0,564.977,-0.0299881,3.14419e-05,-0.000552572,0.0299932,100000,100000,1904.4,0,0,0,0,0,0,0,0,0,0,0,0,0,1
stats,193,1,194,0.00500595,0.000537761,0,564.98,-0.0299881,3.14438e-05,-0.000552574,0.0299932,100000,100000,1904.4,0,0.00500595,0.000537761,0,564.98,-0.0299881,3.14438e-05,-0.000552574,0.0299932,100000,100000,1904.4,0,0.00500595,0.000537761,0,564.98,-0.0299881,3.14438e-05,-0.000552574,0.0299932,100000,100000,1904.4,0,0.00500595,0.000537761,0,564.98,-0.0299881,3.14438e-05,-0.000552574,0.0299932,100000,100000,1904.4,0,0.00500595,0.000537761,0,564.98,-0.0299881,3.14438e-05,-0.000552574,0.0299932,100000,100000,1904.4,0,0.00500595,0.000537761,0,564.98,-0.0299881,3.14438e-05,-0.000552574,0.0299932,100000,100000,1904.4,0,0,0,0,0,0,0,0,0,0,0,0,0,1
stats,194,1,195,0.00500595,0.000537761,0,564.983,-0.0299881,3.14456e-05,-0.000552576,0.0299932,100000,100000,1904.39,0,0.00500595,0.000537761,0,564.983,-0.0299881,3.14456e-05,-0.000552576,0.0299932,100000,100000,1904.39,0,0.00500595,0.000537761,0,564.983,-0.0299881,3.14456e-05,-0.000552576,0.0299932,100000,100000,1904.39,0,0.00500595,0.000537761,0,564.983,-0.0299881,3.14456e-05,-0.000552576,0.0299932,100000,100000,1904.39,0,0.00500595,0.000537761,0,564.983,-0.0299881,3.14456e-05,-0.000552576,0.0299932,100000,100000,1904.39,0,0.00500595,0.000537761,0,564.983,-0.0299881,3.14456e-05,-0.000552576,0.0299932,100000,100000,1904.39,0,0,0,0,0,0,0,0,0,0,0,0,0,1
stats,195,1,196,0.00500595,0.000537761,0,564.985,-0.0299881,3.1447e-05,-0.000552579,0.0299932,100000,100000,1904.39,0,0.00500595,0.000537761,0,564.985,-0.0299881,3.1447e-05,-0.000552579,0.0299932,100000,100000,1904.39,0,0.00500595,0.000537761,0,564.985,-0.0299881,3.1447e-05,-0.000552579,0.0299932,100000,100000,1904.39,0,0.00500595,0.000537761,0,564.985,-0.0299881,3.1447e-05,-0.000552579,0.0299932,100000,100000,1904.39,0,0.00500595,0.000537761,0,564.985,-0.0299881,3.1447e-05,-0.000552579,0.0299932,100000,100000,1904.39,0,0.00500595,0.000537761,0,564.985,-0.0299881,3.1447e-05,-0.000552579,0.0299932,100000,100000,1904.39,0,0,0,0,0,0,0,0,0,0,0,0,0,1
stats,196,1,197,0.00500595,0.000537761,0,564.988,-0.0299881,3.1448e-05,-0.000552581,0.0299932,100000,100000,1904.39,0,0.00500595,0.000537761,0,564.988,-0.0299881,3.1448e-05,-0.000552581,0.0299932,100000,100000,1904.39,0,0.00500595,0.000537761,0,564.988,-0.0299881,3.1448e-05,-0.000552581,0.0299932,100000,100000,1904.39,0,0.00500595,0.000537761,0,564.988,-0.0299881,3.1448e-05,-0.000552581,0.0299932,100000,100000,1904.39,0,0.00500595,0.000537761,0,564.988,-0.0299881,3.1448e-05,-0.000552581,0.0299932,100000,100000,1904.39,0,0.00500595,0.000537761,0,564.988,-0.0299881,3.1448e-05,-0.000552581,0.0299932,100000,100000,1904.39,0,0,0,0,0,0,0,0,0,0,0,0,0,1
stats,197,1,198,0.00500595,0.00053776,0,564.99,-0.0299881,3.14483e-05,-0.000552583,0.0299932,100000,100000,1904.39,0,0.00500595,0.00053776,0,564.99,-0.0299881,3.14483e-05,-0.000552583,0.0299932,100000,100000,1904.39,0,0.00500595,0.00053776,0,564.99,-0.0299881,3.14483e-05,-0.000552583,0.0299932,100000,100000,1904.39,0,0.00500595,0.00053776,0,564.99,-0.0299881,3.14483e-05,-0.000552583,0.0299932,100000,100000,1904.39,0,0.00500595,0.00053776,0,564.99,-0.0299881,3.14483e-05,-0.000552583,0.0299932,100000,100000,1904.39,0,0.00500595,0.00053776,0,564.99,-0.0299881,3.14483e-05,-0.000552583,0.0299932,100000,100000,1904.39,0,0,0,0,0,0,0,0,0,0,0,0,0,1
stats,198,1,199,0.00500595,0.00053776,0,564.992,-0.0299881,3.14481e-05,-0.000552585,0.0299932,100000,100000,1904.39,0,0.00500595,0.00053776,0,564.992,-0.0299881,3.14481e-05,-0.000552585,0.0299932,100000,100000,1904.39,0,0.00500595,0.00053776,0,564.992,-0.0299881,3.14481e-05,-0.000552585,0.0299932,100000,100000,1904.39,0,0.00500595,0.00053776,0,564.992,-0.0299881,3.14481e-05,-0.000552585,0.0299932,100000,100000,1904.39,0,0.00500595,0.00053776,0,564.992,-0.0299881,3.14481e-05,-0.000552585,0.0299932,100000,100000,1904.39,0,0.00500595,0.00053776,0,564.992,-0.0299881,3.14481e-05,-0.000552585,0.0299932,100000,100000,1904.39,0,0,0,0,0,0,0,0,0,0,0,0,0,1
stats,199,1,200,0.00500595,0.00053776,0,564.995,-0.0299881,3.14474e-05,-0.000552587,0.0299932,100000,100000,1904.39,0,0.00500595,0.00053776,0,564.995,-0.0299881,3.14474e-05,-0.000552587,0.0299932,100000,100000,1904.39,0,0.00500595,0.00053776,0,564.995,-0.0299881,3.14474e-05,-0.000552587,0.0299932,100000,100000,1904.39,0,0.00500595,0.00053776,0,564.995,-0.0299881,3.14474e-05,-0.000552587,0.0299932,100000,100000,1904.39,0,0.00500595,0.00053776,0,564.995,-0.0299881,3.14474e-05,-0.000552587,0.0299932,100000,100000,1904.39,0,0.00500595,0.00053776,0,564.995,-0.0299881,3.14474e-05,-0.000552587,0.0299932,100000,100000,1904.39,0,0,0,0,0,0,0,0,0,0,0,0,0,1
stats,200,1,201,0.00500595,0.00053776,0,564.997,-0.0299881,3.14463e-05,-0.000552589,0.0299932,100000,100000,1904.39,0,0.00500595,0.00053776,0,564.997,-0.0299881,3.14463e-05,-0.000552589,0.0299932,100000,100000,1904.39,0,0.00500595,0.00053776,0,564.997,-0.0299881,3.14463e-05,-0.000552589,0.0299932,100000,100000,1904.39,0,0.00500595,0.00053776,0,564.997,-0.0299881,3.14463e-05,-0.000552589,0.0299932,100000,100000,1904.39,0,0.00500595,0.00053776,0,564.997,-0.0299881,3.14463e-05,-0.000552589,0.0299932,100000,100000,1904.39,0,0.00500595,0.00053776,0,564.997,-0.0299881,3.14463e-05,-0.000552589,0.0299932,100000,100000,1904.39,0,0,0,0,0,0,0,0,0,0,0,0,0,1
stats,201,1,202,0.00500595,0.00053776,0,564.999,-0.0299881,3.1445e-05,-0.00055259,0.0299932,100000,100000,1904.38,0,0.00500595,0.00053776,0,564.999,-0.0299881,3.1445e-05,-0.00055259,0.0299932,100000,100000,1904.38,0,0.00500595,0.00053776,0,564.999,-0.0299881,3.1445e-05,-0.00055259,0.0299932,100000,100000,1904.38,0,0.00500595,0.00053776,0,564.999,-0.0299881,3.1445e-05,-0.00055259,0.0299932,100000,100000,1904.38,0,0.00500595,0.00053776,0,564.999,-0.0299881,3.1445e-05,-0.00055259,0.0299932,100000,100000,1904.38,0,0.00500595,0.00053776,0,564.999,-0.0299881,3.1445e-05,-0.00055259,0.0299932,100000,100000,1904.38,0,0,0,0,0,0,0,0,0,0,0,0,0,1
stats,202,1,203,0.00500595,0.00053776,0,565.002,-0.0299881,3.14438e-05,-0.000552591,0.0299932,100000,100000,1904.38,0,0.00500595,0.00053776,0,565.002,-0.0299881,3.14438e-05,-0.000552591,0.0299932,100000,100000,1904.38,0,0.00500595,0.00053776,0,565.002,-0.0299881,3.14438e-05,-0.000552591,0.0299932,100000,100000,1904.38,0,0.00500595,0.00053776,0,565.002,-0.0299881,3.14438e-05,-0.000552591,0.0299932,100000,100000,1904.38,0,0.00500595,0.00053776,0,565.002,-0.0299881,3.14438e-05,-0.000552591,0.0299932,100000,100000,1904.38,0,0.00500595,0.00053776,0,565.002,-0.0299881,3.14438e-05,-0.000552591,0.0299932,100000,100000,1904.38,0,0,0,0,0,0,0,0,0,0,0,0,0,1
stats,203,1,204,0.00500595,0.00053776,0,565.004,-0.0299881,3.14428e-05,-0.000552593,0.0299932,100000,100000,1904.38,0,0.00500595,0.00053776,0,565.004,-0.0299881,3.14428e-05,-0.000552593,0.0299932,100000,100000,1904.38,0,0.00500595,0.00053776,0,565.004,-0.0299881,3.14428e-05,-0.000552593,0.0299932,100000,100000,1904.38,0,0.00500595,0.00053776,0,565.004,-0.0299881,3.14428e-05,-0.000552593,0.0299932,100000,100000,1904.38,0,0.00500595,0.00053776,0,565.004,-0.0299881,3.14428e-05,-0.000552593,0.0299932,100000,100000,1904.38,0,0.00500595,0.00053776,0,565.004,-0.0299881,3.14428e-05,-0.000552593,0.0299932,100000,100000,1904.38,0,0,0,0,0,0,0,0,0,0,0,0,0,1
stats,204,1,205,0.00500595,0.00053776,0,565.006,-0.0299881,3.14421e-05,-0.000552594,0.0299932,100000,100000,1904.38,0,0.00500595,0.00053776,0,565.006,-0.0299881,3.14421e-05,-0.000552594,0.0299932,100000,100000,1904.38,0,0.00500595,0.00053776,0,565.006,-0.0299881,3.14421e-05,-0.000552594,0.0299932,100000,100000,1904.38,0,0.00500595,0.00053776,0,565.006,-0.0299881,3.14421e-05,-0.000552594,0.0299932,100000,100000,1904.38,0,0.00500595,0.00053776,0,565.006,-0.0299881,3.14421e-05,-0.000552594,0.0299932,100000,100000,1904.38,0,0.00500595,0.00053776,0,565.006,-0.0299881,3.14421e-05,-0.000552594,0.0299932,100000,100000,1904.38,0,0,0,0,0,0,0,0,0,0,0,0,0,1
stats,205,1,206,0.00500595,0.00053776,0,565.008,-0.0299881,3.14417e-05,-0.000552596,0.0299932,100000,100000,1904.38,0,0.00500595,0.00053776,0,565.008,-0.0299881,3.14417e-05,-0.000552596,0.0299932,100000,100000,1904.38,0,0.00500595,0.00053776,0,565.008,-0.0299881,3.14417e-05,-0.000552596,0.0299932,100000,100000,1904.38,0,0.00500595,0.00053776,0,565.008,-0.0299881,3.14417e-05,-0.000552596,0.0299932,100000,100000,1904.38,0,0.00500595,0.00053776,0,565.008,-0.0299881,3.14417e-05,-0.000552596,0.0299932,100000,100000,1904.38,0,0.00500595,0.00053776,0,565.008,-0.0299881,3.14417e-05,-0.000552596,0.0299932,100000,100000,1904.38,0,0,0,0,0,0,0,0,0,0,0,0,0,1
stats,206,1,207,0.00500595,0.00053776,0,565.01,-0.0299881,3.14417e-05,-0.000552598,0.0299932,100000,100000,1904.38,0,0.00500595,0.00053776,0,565.01,-0.0299881,3.14417e-05,-0.000552598,0.0299932,100000,100000,1904.38,0,0.00500595,0.00053776,0,565.01,-0.0299881,3.14417e-05,-0.000552598,0.0299932,100000,100000,1904.38,0,0.00500595,0.00053776,0,565.01,-0.0299881,3.14417e-05,-0.000552598,0.0299932,100000,100000,1904.38,0,0.00500595,0.00053776,0,565.01,-0.0299881,3.14417e-05,-0.000552598,0.0299932,100000,100000,1904.38,0,0.00500595,0.00053776,0,565.01,-0.0299881,3.14417e-05,-0.000552598,0.0299932,100000,100000,1904.38,0,0,0,0,0,0,0,0,0,0,0,0,0,1
stats,207,1,208,0.00500595,0.00053776,0,565.012,-0.0299881,3.14419e-05,-0.000552601,0.0299932,100000,100000,1904.38,0,0.00500595,0.00053776,0,565.012,-0.0299881,3.14419e-05,-0.000552601,0.0299932,100000,100000,1904.38,0,0.00500595,0.00053776,0,565.012,-0.0299881,3.14419e-05,-0.000552601,0.0299932,100000,100000,1904.38,0,0.00500595,0.00053776,0,565.012,-0.0299881,3.14419e-05,-0.000552601,0.0299932,100000,100000,1904.38,0,0.00500595,0.00053776,0,565.012,-0.0299881,3.14419e-05,-0.000552601,0.0299932,100000,100000,1904.38,0,0.00500595,0.00053776,0,565.012,-0.0299881,3.14419e-05,-0.000552601,0.0299932,100000,100000,1904.38,0,0,0,0,0,0,0,0,0,0,0,0,0,1
stats,208,1,209,0.00500595,0.000537759,0,565.014,-0.0299881,3.14425e-05,-0.000552603,0.0299932,100000,100000,1904.37,0,0.00500595,0.000537759,0,565.014,-0.0299881,3.14425e-05,-0.000552603,0.0299932,100000,100000,1904.37,0,0.00500595,0.000537759,0,565.014,-0.0299881,3.14425e-05,-0.000552603,0.0299932,100000,100000,1904.37,0,0.00500595,0.000537759,0,565.014,-0.0299881,3.14425e-05,-0.000552603,0.0299932,100000,100000,1904.37,0,0.00500595,0.000537759,0,565.014,-0.0299881,3.14425e-05,-0.000552603,0.0299932,100000,100000,1904.37,0,0.00500595,0.000537759,0,565.014,-0.0299881,3.14425e-05,-0.000552603,0.0299932,100000,100000,1904.37,0,0,0,0,0,0,0,0,0,0,0,0,0,1
stats,209,1,210,0.00500595,0.000537759,0,565.017,-0.0299881,3.14434e-05,-0.000552606,0.0299932,100000,100000,1904.37,0,0.00500595,0.000537759,0,565.017,-0.0299881,3.14434e-05,-0.000552606,0.0299932,100000,100000,1904.37,0,0.00500595,0.000537759,0,565.017,-0.0299881,3.14434e-05,-0.000552606,0.0299932,100000,100000,1904.37,0,0.00500595,0.000537759,0,565.017,-0.0299881,3.14434e-05,-0.000552606,0.0299932,100000,100000,1904.37,0,0.00500595,0.000537759,0,565.017,-0.0299881,3.14434e-05,-0.000552606,0.0299932,100000,100000,1904.37,0,0.00500595,0.000537759,0,565.017,-0.0299881,3.14434e-05,-0.000552606,0.0299932,100000,100000,1904.37,0,0,0,0,0,0,0,0,0,0,0,0,0,1
stats,210,1,211,0.00500595,0.000537759,0,565.018,-0.0299881,3.14445e-05,-0.000552608,0.0299932,100000,100000,1904.37,0,0.00500595,0.000537759,0,565.018,-0.0299881,3.14445e-05,-0.000552608,0.0299932,100000,100000,1904.37,0,0.00500595,0.000537759,0,565.018,-0.0299881,3.14445e-05,-0.000552608,0.0299932,100000,100000,1904.37,0,0.00500595,0.000537759,0,565.018,-0.0299881,3.14445e-05,-0.000552608,0.0299932,100000,100000,1904.37,0,0.00500595,0.000537759,0,565.018,-0.0299881,3.14445e-05,-0.000552608,0.0299932,100000,100000,1904.37,0,0.00500595,0.000537759,0,565.018,-0.0299881,3.14445e-05,-0.000552608,0.0299932,100000,100000,1904.37,0,0,0,0,0,0,0,0,0,0,0,0,0,1
stats,211,1,212,0.00500595,0.000537759,0,565.02,-0.0299881,3.14458e-05,-0.000552611,0.0299932,100000,100000,1904.37,0,0.00500595,0.000537759,0,565.02,-0.0299881,3.14458e-05,-0.000552611,0.0299932,100000,100000,1904.37,0,0.00500595,0.000537759,0,565.02,-0.0299881,3.14458e-05,-0.000552611,0.0299932,100000,100000,1904.37,0,0.00500595,0.000537759,0,565.02,-0.0299881,3.14458e-05,-0.000552611,0.0299932,100000,100000,1904.37,0,0.00500595,0.000537759,0,565.02,-0.0299881,3.14458e-05,-0.000552611,0.0299932,100000,100000,1904.37,0,0.00500595,0.000537759,0,565.02,-0.0299881,3.14458e-05,-0.000552611,0.0299932,100000,100000,1904.37,0,0,0,0,0,0,0,0,0,0,0,0,0,1
stats,212,1,213,0.00500595,0.000537759,0,565.022,-0.0299881,3.14471e-05,-0.000552614,0.0299932,100000,100000,1904.37,0,0.00500595,0.000537759,0,565.022,-0.0299881,3.14471e-05,-0.000552614,0.0299932,100000,100000,1904.37,0,0.00500595,0.000537759,0,565.022,-0.0299881,3.14471e-05,-0.000552614,0.0299932,100000,100000,1904.37,0,0.00500595,0.000537759,0,565.022,-0.0299881,3.14471e-05,-0.000552614,0.0299932,100000,100000,1904.37,0,0.00500595,0.000537759,0,565.022,-0.0299881,3.14471e-05,-0.000552614,0.0299932,100000,100000,1904.37,0,0.00500595,0.000537759,0,565.022,-0.0299881,3.14471e-05,-0.000552614,0.0299932,100000,100000,1904.37,0,0,0,0,0,0,0,0,0,0,0,0,0,1
stats,213,1,214,0.00500595,0.000537759,0,565.024,-0.0299881,3.14483e-05,-0.000552616,0.0299932,100000,100000,1904.37,0,0.00500595,0.000537759,0,565.024,-0.0299881,3.14483e-05,-0.000552616,0.0299932,100000,100000,1904.37,0,0.00500595,0.000537759,0,565.024,-0.0299881,3.14483e-05,-0.000552616,0.0299932,100000,100000,1904.37,0,0.00500595,0.000537759,0,565.024,-0.0299881,3.14483e-05,-0.000552616,0.0299932,100000,100000,1904.37,0,0.00500595,0.000537759,0,565.024,-0.0299881,3.14483e-05,-0.000552616,0.0299932,100000,100000,1904.37,0,0.00500595,0.000537759,0,565.024,-0.0299881,3.14483e-05,-0.000552616,0.0299932,100000,100000,1904.37,0,0,0,0,0,0,0,0,0,0,0,0,0,1
stats,214,1,215,0.00500595,0.000537759,0,565.026,-0.0299881,3.1449e-05,-0.000552618,0.0299932,100000,100000,1904.37,0,0.00500595,0.000537759,0,565.026,-0.0299881,3.1449e-05,-0.000552618,0.0299932,100000,100000,1904.37,0,0.00500595,0.000537759,0,565.026,-0.0299881,3.1449e-05,-0.000552618,0.0299932,100000,100000,1904.37,0,0.00500595,0.000537759,0,565.026,-0.0299881,3.1449e-05,-0.000552618,0.0299932,100000,100000,1904.37,0,0.00500595,0.000537759,0,565.026,-0.0299881,3.1449e-05,-0.000552618,0.0299932,100000,100000,1904.37,0,0.00500595,0.000537759,0,565.026,-0.0299881,3.1449e-05,-0.000552618,0.0299932,100000,100000,1904.37,0,0,0,0,0,0,0,0,0,0,0,0,0,1
stats,215,1,216,0.00500595,0.000537759,0,565.028,-0.0299881,3.14492e-05,-0.00055262,0.0299932,100000,100000,1904.37,0,0.00500595,0.000537759,0,565.028,-0.0299881,3.14492e-05,-0.00055262,0.0299932,100000,100000,1904.37,0,0.00500595,0.000537759,0,565.028,-0.0299881,3.14492e-05,-0.00055262,0.0299932,100000,100000,1904.37,0,0.00500595,0.000537759,0,565.028,-0.0299881,3.14492e-05,-0.00055262,0.0299932,100000,100000,1904.37,0,0.00500595,0.000537759,0,565.028,-0.0299881,3.14492e-05,-0.00055262,0.0299932,100000,100000,1904.37,0,0.00500595,0.000537759,0,565.028,-0.0299881,3.14492e-05,-0.00055262,0.0299932,100000,100000,1904.37,0,0,0,0,0,0,0,0,0,0,0,0,0,1
stats,216,1,217,0.00500595,0.000537759,0,565.03,-0.0299881,3.14489e-05,-0.000552621,0.0299932,100000,100000,1904.36,0,0.00500595,0.000537759,0,565.03,-0.0299881,3.14489e-05,-0.000552621,0.0299932,100000,100000,1904.36,0,0.00500595,0.000537759,0,565.03,-0.0299881,3.14489e-05,-0.000552621,0.0299932,100000,100000,1904.36,0,0.00500595,0.000537759,0,565.03,-0.0299881,3.14489e-05,-0.000552621,0.0299932,100000,100000,1904.36,0,0.00500595,0.000537759,0,565.03,-0.0299881,3.14489e-05,-0.000552621,0.0299932,100000,100000,1904.36,0,0.00500595,0.000537759,0,565.03,-0.0299881,3.14489e-05,-0.000552621,0.0299932,100000,100000,1904.36,0,0,0,0,0,0,0,0,0,0,0,0,0,1
stats,217,1,218,0.00500595,0.000537759,0,565.032,-0.0299881,3.14482e-05,-0.000552622,0.0299932,100000,100000,1904.36,0,0.00500595,0.000537759,0,565.032,-0.0299881,3.14482e-05,-0.000552622,0.0299932,100000,100000,1904.36,0,0.00500595,0.000537759,0,565.032,-0.0299881,3.14482e-05,-0.000552622,0.0299932,100000,100000,1904.36,0,0.00500595,0.000537759,0,565.032,-0.0299881,3.14482e-05,-0.000552622,0.0299932,100000,100000,1904.36,0,0.00500595,0.000537759,0,565.032,-0.0299881,3.14482e-05,-0.000552622,0.0299932,100000,100000,1904.36,0,0.00500595,0.000537759,0,565.032,-0.0299881,3.14482e-05,-0.000552622,0.0299932,100000,100000,1904.36,0,0,0,0,0,0,0,0,0,0,0,0,0,1
stats,218,1,219,0.00500595,0.000537759,0,565.033,-0.0299881,3.14474e-05,-0.000552623,0.0299932,100000,100000,1904.36,0,0.00500595,0.000537759,0,565.033,-0.0299881,3.14474e-05,-0.000552623,0.0299932,100000,100000,1904.36,0,0.00500595,0.000537759,0,565.033,-0.0299881,3.14474e-05,-0.000552623,0.0299932,100000,100000,1904.36,0,0.00500595,0.000537759,0,565.033,-0.0299881,3.14474e-05,-0.000552623,0.0299932,100000,100000,1904.36,0,0.00500595,0.000537759,0,565.033,-0.0299881,3.14474e-05,-0.000552623,0.0299932,100000,100000,1904.36,0,0.00500595,0.000537759,0,565.033,-0.0299881,3.14474e-05,-0.000552623,0.0299932,100000,100000,1904.36,0,0,0,0,0,0,0,0,0,0,0,0,0,1
stats,219,1,220,0.00500595,0.000537759,0,565.035,-0.0299881,3.14467e-05,-0.000552623,0.0299932,100000,100000,1904.36,0,0.00500595,0.000537759,0,565.035,-0.0299881,3.14467e-05,-0.000552623,0.0299932,100000,100000,1904.36,0,0.00500595,0.000537759,0,565.035,-0.0299881,3.14467e-05,-0.000552623,0.0299932,100000,100000,1904.36,0,0.00500595,0.000537759,0,565.035,-0.0299881,3.14467e-05,-0.000552623,0.0299932,100000,100000,1904.36,0,0.00500595,0.000537759,0,565.035,-0.0299881,3.14467e-05,-0.000552623,0.0299932,100000,100000,1904.36,0,0.00500595,0.000537759,0,565.035,-0.0299881,3.14467e-05,-0.000552623,0.0299932,100000,100000,1904.36,0,0,0,0,0,0,0,0,0,0,0,0,0,1
stats,220,1,221,0.00500595,0.000537759,0,565.037,-0.0299881,3.14463e-05,-0.000552624,0.0299932,100000,100000,1904.36,0,0.00500595,0.000537759,0,565.037,-0.0299881,3.14463e-05,-0.000552624,0.0299932,100000,100000,1904.36,0,0.00500595,0.000537759,0,565.037,-0.0299881,3.14463e-05,-0.000552624,0.0299932,100000,100000,1904.36,0,0.00500595,0.000537759,0,565.037,-0.0299881,3.14463e-05,-0.000552624,0.0299932,100000,100000,1904.36,0,0.00500595,0.000537759,0,565.037,-0.0299881,3.14463e-05,-0.000552624,0.0299932,100000,100000,1904.36,0,0.00500595,0.000537759,0,565.037,-0.0299881,3.14463e-05,-0.000552624,0.0299932,100000,100000,1904.36,0,0,0,0,0,0,0,0,0,0,0,0,0,1
stats,221,1,222,0.00500595,0.000537759,0,565.039,-0.0299881,3.14461e-05,-0.000552626,0.0299932,100000,100000,1904.36,0,0.00500595,0.000537759,0,565.039,-0.0299881,3.14461e-05,-0.000552626,0.0299932,100000,100000,1904.36,0,0.00500595,0.000537759,0,565.039,-0.0299881,3.14461e-05,-0.000552626,0.0299932,100000,100000,1904.36,0,0.00500595,0.000537759,0,565.039,-0.0299881,3.14461e-05,-0.000552626,0.0299932,100000,100000,1904.36,0,0.00500595,0.000537759,0,565.039,-0.0299881,3.14461e-05,-0.000552626,0.0299932,100000,100000,1904.36,0,0.00500595,0.000537759,0,565.039,-0.0299881,3.14461e-05,-0.000552626,0.0299932,100000,100000,1904.36,0,0,0,0,0,0,0,0,0,0,0,0,0,1
stats,222,1,223,0.00500595,0.000537759,0,565.04,-0.0299881,3.14462e-05,-0.000552627,0.0299932,100000,100000,1904.36,0,0.00500595,0.000537759,0,565.04,-0.0299881,3.14462e-05,-0.000552627,0.0299932,100000,100000,1904.36,0,0.00500595,0.000537759,0,565.04,-0.0299881,3.14462e-05,-0.000552627,0.0299932,100000,100000,1904.36,0,0.00500595,0.000537759,0,565.04,-0.0299881,3.14462e-05,-0.000552627,0.0299932,100000,100000,1904.36,0,0.00500595,0.000537759,0,565.04,-0.0299881,3.14462e-05,-0.000552627,0.0299932,100000,100000,1904.36,0,0.00500595,0.000537759,0,565.04,-0.0299881,3.14462e-05,-0.000552627,0.0299932,100000,100000,1904.36,0,0,0,0,0,0,0,0,0,0,0,0,0,1
stats,223,1,224,0.00500595,0.000537758,0,565.042,-0.0299881,3.14463e-05,-0.000552628,0.0299932,100000,100000,1904.36,0,0.00500595,0.000537758,0,565.042,-0.0299881,3.14463e-05,-0.000552628,0.0299932,100000,100000,1904.36,0,0.00500595,0.000537758,0,565.042,-0.0299881,3.14463e-05,-0.000552628,0.0299932,100000,100000,1904.36,0,0.00500595,0.000537758,0,565.042,-0.0299881,3.14463e-05,-0.000552628,0.0299932,100000,100000,1904.36,0,0.00500595,0.000537758,0,565.042,-0.0299881,3.14463e-05,-0.000552628,0.0299932,100000,100000,1904.36,0,0.00500595,0.000537758,0,565.042,-0.0299881,3.14463e-05,-0.000552628,0.0299932,100000,100000,1904.36,0,0,0,0,0,0,0,0,0,0,0,0,0,1
stats,224,1,225,0.00500595,0.000537758,0,565.043,-0.0299881,3.14463e-05,-0.00055263,0.0299932,100000,100000,1904.36,0,0.00500595,0.000537758,0,565.043,-0.0299881,3.14463e-05,-0.00055263,0.0299932,100000,100000,1904.36,0,0.00500595,0.000537758,0,565.043,-0.0299881,3.14463e-05,-0.00055263,0.0299932,100000,100000,1904.36,0,0.00500595,0.000537758,0,565.043,-0.0299881,3.14463e-05,-0.00055263,0.0299932,100000,100000,1904.36,0,0.00500595,0.000537758,0,565.043,-0.0299881,3.14463e-05,-0.00055263,0.0299932,100000,100000,1904.36,0,0.00500595,0.000537758,0,565.043,-0.0299881,3.14463e-05,-0.00055263,0.0299932,100000,100000,1904.36,0,0,0,0,0,0,0,0,0,0,0,0,0,1
stats,225,1,226,0.00500595,0.000537758,0,565.045,-0.0299881,3.14464e-05,-0.000552632,0.0299932,100000,100000,1904.35,0,0.00500595,0.000537758,0,565.045,-0.0299881,3.14464e-05,-0.000552632,0.0299932,100000,100000,1904.35,0,0.00500595,0.000537758,0,565.045,-0.0299881,3.14464e-05,-0.000552632,0.0299932,100000,100000,1904.35,0,0.00500595,0.000537758,0,565.045,-0.0299881,3.14464e-05,-0.000552632,0.0299932,100000,100000,1904.35,0,0.00500595,0.000537758,0,565.045,-0.0299881,3.14464e-05,-0.000552632,0.0299932,100000,100000,1904.35,0,0.00500595,0.000537758,0,565.045,-0.0299881,3.14464e-05,-0.000552632,0.0299932,100000,100000,1904.35,0,0,0,0,0,0,0,0,0,0,0,0,0,1
stats,226,1,227,0.00500595,0.000537758,0,565.047,-0.0299881,3.14465e-05,-0.000552633,0.0299932,100000,100000,1904.35,0,0.00500595,0.000537758,0,565.047,-0.0299881,3.14465e-05,-0.000552633,0.0299932,100000,100000,1904.35,0,0.00500595,0.000537758,0,565.047,-0.0299881,3.14465e-05,-0.000552633,0.0299932,100000,100000,1904.35,0,0.00500595,0.000537758,0,565.047,-0.0299881,3.14465e-05,-0.000552633,0.0299932,100000,100000,1904.35,0,0.00500595,0.000537758,0,565.047,-0.0299881,3.14465e-05,-0.000552633,0.0299932,100000,100000,1904.35,0,0.00500595,0.000537758,0,565.047,-0.0299881,3.14465e-05,-0.000552633,0.0299932,100000,100000,1904.35,0,0,0,0,0,0,0,0,0,0,0,0,0,1
stats,227,1,228,0.00500595,0.000537758,0,565.048,-0.0299881,3.14468e-05,-0.000552635,0.0299932,100000,100000,1904.35,0,0.00500595,0.000537758,0,565.048,-0.0299881,3.14468e-05,-0.000552635,0.0299932,100000,100000,1904.35,0,0.00500595,0.000537758,0,565.048,-0.0299881,3.14468e-05,-0.000552635,0.0299932,100000,100000,1904.35,0,0.00500595,0.000537758,0,565.048,-0.0299881,3.14468e-05,-0.000552635,0.0299932,100000,100000,1904.35,0,0.00500595,0.000537758,0,565.048,-0.0299881,3.14468e-05,-0.000552635,0.0299932,100000,100000,1904.35,0,0.00500595,0.000537758,0,565.048,-0.0299881,3.14468e-05,-0.000552635,0.0299932,100000,100000,1904.35,0,0,0,0,0,0,0,0,0,0,0,0,0,1
stats,228,1,229,0.00500595,0.000537758,0,565.05,-0.0299881,3.14472e-05,-0.000552637,0.0299932,100000,100000,1904.35,0,0.00500595,0.000537758,0,565.05,-0.0299881,3.14472e-05,-0.000552637,0.0299932,100000,100000,1904.35,0,0.00500595,0.000537758,0,565.05,-0.0299881,3.14472e-05,-0.000552637,0.0299932,100000,100000,1904.35,0,0.00500595,0.000537758,0,565.05,-0.0299881,3.14472e-05,-0.000552637,0.0299932,100000,100000,1904.35,0,0.00500595,0.000537758,0,565.05,-0.0299881,3.14472e-05,-0.000552637,0.0299932,100000,100000,1904.35,0,0.00500595,0.000537758,0,565.05,-0.0299881,3.14472e-05,-0.000552637,0.0299932,100000,100000,1904.35,0,0,0,0,0,0,0,0,0,0,0,0,0,1
stats,229,1,230,0.00500595,0.000537758,0,565.051,-0.0299881,3.14478e-05,-0.000552639,0.0299932,100000,100000,1904.35,0,0.00500595,0.000537758,0,565.051,-0.0299881,3.14478e-05,-0.000552639,0.0299932,100000,100000,1904.35,0,0.00500595,0.000537758,0,565.051,-0.0299881,3.14478e-05,-0.000552639,0.0299932,100000,100000,1904.35,0,0.00500595,0.000537758,0,565.051,-0.0299881,3.14478e-05,-0.000552639,0.0299932,100000,100000,1904.35,0,0.00500595,0.000537758,0,565.051,-0.0299881,3.14478e-05,-0.000552639,0.0299932,100000,100000,1904.35,0,0.00500595,0.000537758,0,565.051,-0.0299881,3.14478e-05,-0.000552639,0.0299932,100000,100000,1904.35,0,0,0,0,0,0,0,0,0,0,0,0,0,1
stats,230,1,231,0.00500595,0.000537758,0,565.053,-0.0299881,3.14483e-05,-0.000552642,0.0299932,100000,100000,1904.35,0,0.00500595,0.000537758,0,565.053,-0.0299881,3.14483e-05,-0.000552642,0.0299932,100000,100000,1904.35,0,0.00500595,0.000537758,0,565.053,-0.0299881,3.14483e-05,-0.000552642,0.0299932,100000,100000,1904.35,0,0.00500595,0.000537758,0,565.053,-0.0299881,3.14483e-05,-0.000552642,0.0299932,100000,100000,1904.35,0,0.00500595,0.000537758,0,565.053,-0.0299881,3.14483e-05,-0.000552642,0.0299932,100000,100000,1904.35,0,0.00500595,0.000537758,0,565.053,-0.0299881,3.14483e-05,-0.000552642,0.0299932,100000,100000,1904.35,0,0,0,0,0,0,0,0,0,0,0,0,0,1
stats,231,1,232,0.00500595,0.000537758,0,565.054,-0.0299881,3.14488e-05,-0.000552644,0.0299932,100000,100000,1904.35,0,0.00500595,0.000537758,0,565.054,-0.0299881,3.14488e-05,-0.000552644,0.0299932,100000,100000,1904.35,0,0.00500595,0.000537758,0,565.054,-0.0299881,3.14488e-05,-0.000552644,0.0299932,100000,100000,1904.35,0,0.00500595,0.000537758,0,565.054,-0.0299881,3.14488e-05,-0.000552644,0.0299932,100000,100000,1904.35,0,0.00500595,0.000537758,0,565.054,-0.0299881,3.14488e-05,-0.000552644,0.0299932,100000,100000,1904.35,0,0.00500595,0.000537758,0,565.054,-0.0299881,3.14488e-05,-0.000552644,0.0299932,100000,100000,1904.35,0,0,0,0,0,0,0,0,0,0,0,0,0,1
stats,232,1,233,0.00500595,0.000537758,0,565.055,-0.0299881,3.14491e-05,-0.000552646,0.0299932,100000,100000,1904.35,0,0.00500595,0.000537758,0,565.055,-0.0299881,3.14491e-05,-0.000552646,0.0299932,100000,100000,1904.35,0,0.00500595,0.000537758,0,565.055,-0.0299881,3.14491e-05,-0.000552646,0.0299932,100000,100000,1904.35,0,0.00500595,0.000537758,0,565.055,-0.0299881,3.14491e-05,-0.000552646,0.0299932,100000,100000,1904.35,0,0.00500595,0.000537758,0,565.055,-0.0299881,3.14491e-05,-0.000552646,0.0299932,100000,100000,1904.35,0,0.00500595,0.000537758,0,565.055,-0.0299881,3.14491e-05,-0.000552646,0.0299932,100000,100000,1904.35,0,0,0,0,0,0,0,0,0,0,0,0,0,1
stats,233,1,234,0.00500595,0.000537758,0,565.057,-0.0299881,3.14491e-05,-0.000552647,0.0299932,100000,100000,1904.35,0,0.00500595,0.000537758,0,565.057,-0.0299881,3.14491e-05,-0.000552647,0.0299932,100000,100000,1904.35,0,0.00500595,0.000537758,0,565.057,-0.0299881,3.14491e-05,-0.000552647,0.0299932,100000,100000,1904.35,0,0.00500595,0.000537758,0,565.057,-0.0299881,3.14491e-05,-0.000552647,0.0299932,100000,100000,1904.35,0,0.00500595,0.000537758,0,565.057,-0.0299881,3.14491e-05,-0.000552647,0.0299932,100000,100000,1904.35,0,0.00500595,0.000537758,0,565.057,-0.0299881,3.14491e-05,-0.000552647,0.0299932,100000,100000,1904.35,0,0,0,0,0,0,0,0,0,0,0,0,0,1
stats,234,1,235,0.00500595,0.000537758,0,565.058,-0.0299881,3.14488e-05,-0.000552648,0.0299932,100000,100000,1904.35,0,0.00500595,0.000537758,0,565.058,-0.0299881,3.14488e-05,-0.000552648,0.0299932,100000,100000,1904.35,0,0.00500595,0.000537758,0,565.058,-0.0299881,3.14488e-05,-0.000552648,0.0299932,100000,100000,1904.35,0,0.00500595,0.000537758,0,565.058,-0.0299881,3.14488e-05,-0.000552648,0.0299932,100000,100000,1904.35,0,0.00500595,0.000537758,0,565.058,-0.0299881,3.14488e-05,-0.000552648,0.0299932,100000,100000,1904.35,0,0.00500595,0.000537758,0,565.058,-0.0299881,3.14488e-05,-0.000552648,0.0299932,100000,100000,1904.35,0,0,0,0,0,0,0,0,0,0,0,0,0,1
stats,235,1,236,0.00500595,0.000537758,0,565.06,-0.0299881,3.14485e-05,-0.000552649,0.0299932,100000,100000,1904.35,0,0.00500595,0.000537758,0,565.06,-0.0299881,3.14485e-05,-0.000552649,0.0299932,100000,100000,1904.35,0,0.00500595,0.000537758,0,565.06,-0.0299881,3.14485e-05,-0.000552649,0.0299932,100000,100000,1904.35,0,0.00500595,0.000537758,0,565.06,-0.0299881,3.14485e-05,-0.000552649,0.0299932,100000,100000,1904.35,0,0.00500595,0.000537758,0,565.06,-0.0299881,3.14485e-05,-0.000552649,0.0299932,100000,100000,1904.35,0,0.00500595,0.000537758,0,565.06,-0.0299881,3.14485e-05,-0.000552649,0.0299932,100000,100000,1904.35,0,0,0,0,0,0,0,0,0,0,0,0,0,1
stats,236,1,237,0.00500595,0.000537758,0,565.061,-0.0299881,3.14482e-05,-0.000552649,0.0299932,100000,100000,1904.34,0,0.00500595,0.000537758,0,565.061,-0.0299881,3.14482e-05,-0.000552649,0.0299932,100000,100000,1904.34,0,0.00500595,0.000537758,0,565.061,-0.0299881,3.14482e-05,-0.000552649,0.0299932,100000,100000,1904.34,0,0.00500595,0.000537758,0,565.061,-0.0299881,3.14482e-05,-0.000552649,0.0299932,100000,100000,1904.34,0,0.00500595,0.000537758,0,565.061,-0.0299881,3.14482e-05,-0.000552649,0.0299932,100000,100000,1904.34,0,0.00500595,0.000537758,0,565.061,-0.0299881,3.14482e-05,-0.000552649,0.0299932,100000,100000,1904.34,0,0,0,0,0,0,0,0,0,0,0,0,0,1
stats,237,1,238,0.00500595,0.000537758,0,565.062,-0.0299881,3.1448e-05,-0.00055265,0.0299932,100000,100000,1904.34,0,0.00500595,0.000537758,0,565.062,-0.0299881,3.1448e-05,-0.00055265,0.0299932,100000,100000,1904.34,0,0.00500595,0.000537758,0,565.062,-0.0299881,3.1448e-05,-0.00055265,0.0299932,100000,100000,1904.34,0,0.00500595,0.000537758,0,565.062,-0.0299881,3.1448e-05,-0.00055265,0.0299932,100000,100000,1904.34,0,0.00500595,0.000537758,0,565.062,-0.0299881,3.1448e-05,-0.00055265,0.0299932,100000,100000,1904.34,0,0.00500595,0.000537758,0,565.062,-0.0299881,3.1448e-05,-0.00055265,0.0299932,100000,100000,1904.34,0,0,0,0,0,0,0,0,0,0,0,0,0,1
stats,238,1,239,0.00500595,0.000537758,0,565.064,-0.0299881,3.14481e-05,-0.00055265,0.0299932,100000,100000,1904.34,0,0.00500595,0.000537758,0,565.064,-0.0299881,3.14481e-05,-0.00055265,0.0299932,100000,100000,1904.34,0,0.00500595,0.000537758,0,565.064,-0.0299881,3.14481e-05,-0.00055265,0.0299932,100000,100000,1904.34,0,0.00500595,0.000537758,0,565.064,-0.0299881,3.14481e-05,-0.00055265,0.0299932,100000,100000,1904.34,0,0.00500595,0.000537758,0,565.064,-0.0299881,3.14481e-05,-0.00055265,0.0299932,100000,100000,1904.34,0,0.00500595,0.000537758,0,565.064,-0.0299881,3.14481e-05,-0.00055265,0.0299932,100000,100000,1904.34,0,0,0,0,0,0,0,0,0,0,0,0,0,1
stats,239,1,240,0.00500595,0.000537758,0,565.065,-0.0299881,3.14485e-05,-0.000552651,0.0299932,100000,100000,1904.34,0,0.00500595,0.000537758,0,565.065,-0.0299881,3.14485e-05,-0.000552651,0.0299932,100000,100000,1904.34,0,0.00500595,0.000537758,0,565.065,-0.0299881,3.14485e-05,-0.000552651,0.0299932,100000,100000,1904.34,0,0.00500595,0.000537758,0,565.065,-0.0299881,3.14485e-05,-0.000552651,0.0299932,100000,100000,1904.34,0,0.00500595,0.000537758,0,565.065,-0.0299881,3.14485e-05,-0.000552651,0.0299932,100000,100000,1904.34,0,0.00500595,0.000537758,0,565.065,-0.0299881,3.14485e-05,-0.000552651,0.0299932,100000,100000,1904.34,0,0,0,0,0,0,0,0,0,0,0,0,0,1
stats,240,1,241,0.00500595,0.000537758,0,565.066,-0.0299881,3.1449e-05,-0.000552652,0.0299932,100000,100000,1904.34,0,0.00500595,0.000537758,0,565.066,-0.0299881,3.1449e-05,-0.000552652,0.0299932,100000,100000,1904.34,0,0.00500595,0.000537758,0,565.066,-0.0299881,3.1449e-05,-0.000552652,0.0299932,100000,100000,1904.34,0,0.00500595,0.000537758,0,565.066,-0.0299881,3.1449e-05,-0.000552652,0.0299932,100000,100000,1904.34,0,0.00500595,0.000537758,0,565.066,-0.0299881,3.1449e-05,-0.000552652,0.0299932,100000,100000,1904.34,0,0.00500595,0.000537758,0,565.066,-0.0299881,3.1449e-05,-0.000552652,0.0299932,100000,100000,1904.34,0,0,0,0,0,0,0,0,0,0,0,0,0,1
stats,241,1,242,0.00500595,0.000537758,0,565.067,-0.0299881,3.14495e-05,-0.000552654,0.0299932,100000,100000,1904.34,0,0.00500595,0.000537758,0,565.067,-0.0299881,3.14495e-05,-0.000552654,0.0299932,100000,100000,1904.34,0,0.00500595,0.000537758,0,565.067,-0.0299881,3.14495e-05,-0.000552654,0.0299932,100000,100000,1904.34,0,0.00500595,0.000537758,0,565.067,-0.0299881,3.14495e-05,-0.000552654,0.0299932,100000,100000,1904.34,0,0.00500595,0.000537758,0,565.067,-0.0299881,3.14495e-05,-0.000552654,0.0299932,100000,100000,1904.34,0,0.00500595,0.000537758,0,565.067,-0.0299881,3.14495e-05,-0.000552654,0.0299932,100000,100000,1904.34,0,0,0,0,0,0,0,0,0,0,0,0,0,1
stats,242,1,243,0.00500595,0.000537758,0,565.069,-0.0299881,3.14498e-05,-0.000552655,0.0299932,100000,100000,1904.34,0,0.00500595,0.000537758,0,565.069,-0.0299881,3.14498e-05,-0.000552655,0.0299932,100000,100000,1904.34,0,0.00500595,0.000537758,0,565.069,-0.0299881,3.14498e-05,-0.000552655,0.0299932,100000,100000,1904.34,0,0.00500595,0.000537758,0,565.069,-0.0299881,3.14498e-05,-0.000552655,0.0299932,100000,100000,1904.34,0,0.00500595,0.000537758,0,565.069,-0.0299881,3.14498e-05,-0.000552655,0.0299932,100000,100000,1904.34,0,0.00500595,0.000537758,0,565.069,-0.0299881,3.14498e-05,-0.000552655,0.0299932,100000,100000,1904.34,0,0,0,0,0,0,0,0,0,0,0,0,0,1
stats,243,1,244,0.00500595,0.000537757,0,565.07,-0.0299881,3.145e-05,-0.000552656,0.0299932,100000,100000,1904.34,0,0.00500595,0.000537757,0,565.07,-0.0299881,3.145e-05,-0.000552656,0.0299932,100000,100000,1904.34,0,0.00500595,0.000537757,0,565.07,-0.0299881,3.145e-05,-0.000552656,0.0299932,100000,100000,1904.34,0,0.00500595,0.000537757,0,565.07,-0.0299881,3.145e-05,-0.000552656,0.0299932,100000,100000,1904.34,0,0.00500595,0.000537757,0,565.07,-0.0299881,3.145e-05,-0.000552656,0.0299932,100000,100000,1904.34,0,0.00500595,0.000537757,0,565.07,-0.0299881,3.145e-05,-0.000552656,0.0299932,100000,100000,1904.34,0,0,0,0,0,0,0,0,0,0,0,0,0,1
stats,244,1,245,0.00500595,0.000537757,0,565.071,-0.0299881,3.14501e-05,-0.000552658,0.0299932,100000,100000,1904.34,0,0.00500595,0.000537757,0,565.071,-0.0299881,3.14501e-05,-0.000552658,0.0299932,100000,100000,1904.34,0,0.00500595,0.000537757,0,565.071,-0.0299881,3.14501e-05,-0.000552658,0.0299932,100000,100000,1904.34,0,0.00500595,0.000537757,0,565.071,-0.0299881,3.14501e-05,-0.000552658,0.0299932,100000,100000,1904.34,0,0.00500595,0.000537757,0,565.071,-0.0299881,3.14501e-05,-0.000552658,0.0299932,100000,100000,1904.34,0,0.00500595,0.000537757,0,565.071,-0.0299881,3.14501e-05,-0.000552658,0.0299932,100000,100000,1904.34,0,0,0,0,0,0,0,0,0,0,0,0,0,1
stats,245,1,246,0.00500595,0.000537757,0,565.072,-0.0299881,3.14501e-05,-0.000552659,0.0299932,100000,100000,1904.34,0,0.00500595,0.000537757,0,565.072,-0.0299881,3.14501e-05,-0.000552659,0.0299932,100000,100000,1904.34,0,0.00500595,0.000537757,0,565.072,-0.0299881,3.14501e-05,-0.000552659,0.0299932,100000,100000,1904.34,0,0.00500595,0.000537757,0,565.072,-0.0299881,3.14501e-05,-0.000552659,0.0299932,100000,100000,1904.34,0,0.00500595,0.000537757,0,565.072,-0.0299881,3.14501e-05,-0.000552659,0.0299932,100000,100000,1904.34,0,0.00500595,0.000537757,0,565.072,-0.0299881,3.14501e-05,-0.000552659,0.0299932,100000,100000,1904.34,0,0,0,0,0,0,0,0,0,0,0,0,0,1
stats,246,1,247,0.00500595,0.000537757,0,565.073,-0.0299881,3.14501e-05,-0.000552661,0.0299932,100000,100000,1904.34,0,0.00500595,0.000537757,0,565.073,-0.0299881,3.14501e-05,-0.000552661,0.0299932,100000,100000,1904.34,0,0.00500595,0.000537757,0,565.073,-0.0299881,3.14501e-05,-0.000552661,0.0299932,100000,100000,1904.34,0,0.00500595,0.000537757,0,565.073,-0.0299881,3.14501e-05,-0.000552661,0.0299932,100000,100000,1904.34,0,0.00500595,0.000537757,0,565.073,-0.0299881,3.14501e-05,-0.000552661,0.0299932,100000,100000,1904.34,0,0.00500595,0.000537757,0,565.073,-0.0299881,3.14501e-05,-0.000552661,0.0299932,100000,100000,1904.34,0,0,0,0,0,0,0,0,0,0,0,0,0,1
stats,247,1,248,0.00500595,0.000537757,0,565.074,-0.0299881,3.145e-05,-0.000552662,0.0299932,100000,100000,1904.34,0,0.00500595,0.000537757,0,565.074,-0.0299881,3.145e-05,-0.000552662,0.0299932,100000,100000,1904.34,0,0.00500595,0.000537757,0,565.074,-0.0299881,3.145e-05,-0.000552662,0.0299932,100000,100000,1904.34,0,0.00500595,0.000537757,0,565.074,-0.0299881,3.145e-05,-0.000552662,0.0299932,100000,100000,1904.34,0,0.00500595,0.000537757,0,565.074,-0.0299881,3.145e-05,-0.000552662,0.0299932,100000,100000,1904.34,0,0.00500595,0.000537757,0,565.074,-0.0299881,3.145e-05,-0.000552662,0.0299932,100000,100000,1904.34,0,0,0,0,0,0,0,0,0,0,0,0,0,1
stats,248,1,249,0.00500595,0.000537757,0,565.076,-0.0299881,3.14498e-05,-0.000552664,0.0299932,100000,100000,1904.34,0,0.00500595,0.000537757,0,565.076,-0.0299881,3.14498e-05,-0.000552664,0.0299932,100000,100000,1904.34,0,0.00500595,0.000537757,0,565.076,-0.0299881,3.14498e-05,-0.000552664,0.0299932,100000,100000,1904.34,0,0.00500595,0.000537757,0,565.076,-0.0299881,3.14498e-05,-0.000552664,0.0299932,100000,100000,1904.34,0,0.00500595,0.000537757,0,565.076,-0.0299881,3.14498e-05,-0.000552664,0.0299932,100000,100000,1904.34,0,0.00500595,0.000537757,0,565.076,-0.0299881,3.14498e-05,-0.000552664,0.0299932,100000,100000,1904.34,0,0,0,0,0,0,0,0,0,0,0,0,0,1
stats,249,1,250,0.00500595,0.000537757,0,565.077,-0.0299881,3.14495e-05,-0.000552666,0.0299932,100000,100000,1904.33,0,0.00500595,0.000537757,0,565.077,-0.0299881,3.14495e-05,-0.000552666,0.0299932,100000,100000,1904.33,0,0.00500595,0.000537757,0,565.077,-0.0299881,3.14495e-05,-0.000552666,0.0299932,100000,100000,1904.33,0,0.00500595,0.000537757,0,565.077,-0.0299881,3.14495e-05,-0.000552666,0.0299932,100000,100000,1904.33,0,0.00500595,0.000537757,0,565.077,-0.0299881,3.14495e-05,-0.000552666,0.0299932,100000,100000,1904.33,0,0.00500595,0.000537757,0,565.077,-0.0299881,3.14495e-05,-0.000552666,0.0299932,100000,100000,1904.33,0,0,0,0,0,0,0,0,0,0,0,0,0,1
stats,250,1,251,0.00500595,0.000537757,0,565.078,-0.0299881,3.1449e-05,-0.000552667,0.0299932,100000,100000,1904.33,0,0.00500595,0.000537757,0,565.078,-0.0299881,3.1449e-05,-0.000552667,0.0299932,100000,100000,1904.33,0,0.00500595,0.000537757,0,565.078,-0.0299881,3.1449e-05,-0.000552667,0.0299932,100000,100000,1904.33,0,0.00500595,0.000537757,0,565.078,-0.0299881,3.1449e-05,-0.000552667,0.0299932,100000,100000,1904.33,0,0.00500595,0.000537757,0,565.078,-0.0299881,3.1449e-05,-0.000552667,0.0299932,100000,100000,1904.33,0,0.00500595,0.000537757,0,565.078,-0.0299881,3.1449e-05,-0.000552667,0.0299932,100000,100000,1904.33,0,0,0,0,0,0,0,0,0,0,0,0,0,1
stats,251,1,252,0.00500595,0.000537757,0,565.079,-0.0299881,3.14484e-05,-0.000552668,0.0299932,100000,100000,1904.33,0,0.00500595,0.000537757,0,565.079,-0.0299881,3.14484e-05,-0.000552668,0.0299932,100000,100000,1904.33,0,0.00500595,0.000537757,0,565.079,-0.0299881,3.14484e-05,-0.000552668,0.0299932,100000,100000,1904.33,0,0.00500595,0.000537757,0,565.079,-0.0299881,3.14484e-05,-0.000552668,0.0299932,100000,100000,1904.33,0,0.00500595,0.000537757,0,565.079,-0.0299881,3.14484e-05,-0.000552668,0.0299932,100000,100000,1904.33,0,0.00500595,0.000537757,0,565.079,-0.0299881,3.14484e-05,-0.000552668,0.0299932,100000,100000,1904.33,0,0,0,0,0,0,0,0,0,0,0,0,0,1
stats,252,1,253,0.00500595,0.000537757,0,565.08,-0.0299881,3.14478e-05,-0.000552669,0.0299932,100000,100000,1904.33,0,0.00500595,0.000537757,0,565.08,-0.0299881,3.14478e-05,-0.000552669,0.0299932,100000,100000,1904.33,0,0.00500595,0.000537757,0,565.08,-0.0299881,3.14478e-05,-0.000552669,0.0299932,100000,100000,1904.33,0,0.00500595,0.000537757,0,565.08,-0.0299881,3.14478e-05,-0.000552669,0.0299932,100000,100000,1904.33,0,0.00500595,0.000537757,0,565.08,-0.0299881,3.14478e-05,-0.000552669,0.0299932,100000,100000,1904.33,0,0.00500595,0.000537757,0,565.08,-0.0299881,3.14478e-05,-0.000552669,0.0299932,100000,100000,1904.33,0,0,0,0,0,0,0,0,0,0,0,0,0,1
stats,253,1,254,0.00500595,0.000537757,0,565.081,-0.0299881,3.14474e-05,-0.00055267,0.0299932,100000,100000,1904.33,0,0.00500595,0.000537757,0,565.081,-0.0299881,3.14474e-05,-0.00055267,0.0299932,100000,100000,1904.33,0,0.00500595,0.000537757,0,565.081,-0.0299881,3.14474e-05,-0.00055267,0.0299932,100000,100000,1904.33,0,0.00500595,0.000537757,0,565.081,-0.0299881,3.14474e-05,-0.00055267,0.0299932,100000,100000,1904.33,0,0.00500595,0.000537757,0,565.081,-0.0299881,3.14474e-05,-0.00055267,0.0299932,100000,100000,1904.33,0,0.00500595,0.000537757,0,565.081,-0.0299881,3.14474e-05,-0.00055267,0.0299932,100000,100000,1904.33,0,0,0,0,0,0,0,0,0,0,0,0,0,1
stats,254,1,255,0.00500595,0.000537757,0,565.082,-0.0299881,3.14472e-05,-0.00055267,0.0299932,100000,100000,1904.33,0,0.00500595,0.000537757,0,565.082,-0.0299881,3.14472e-05,-0.00055267,0.0299932,100000,100000,1904.33,0,0.00500595,0.000537757,0,565.082,-0.0299881,3.14472e-05,-0.00055267,0.0299932,100000,100000,1904.33,0,0.00500595,0.000537757,0,565.082,-0.0299881,3.14472e-05,-0.00055267,0.0299932,100000,100000,1904.33,0,0.00500595,0.000537757,0,565.082,-0.0299881,3.14472e-05,-0.00055267,0.0299932,100000,100000,1904.33,0,0.00500595,0.000537757,0,565.082,-0.0299881,3.14472e-05,-0.00055267,0.0299932,100000,100000,1904.33,0,0,0,0,0,0,0,0,0,0,0,0,0,1
stats,255,1,256,0.00500595,0.000537757,0,565.083,-0.0299881,3.14474e-05,-0.000552671,0.0299932,100000,100000,1904.33,0,0.00500595,0.000537757,0,565.083,-0.0299881,3.14474e-05,-0.000552671,0.0299932,100000,100000,1904.33,0,0.00500595,0.000537757,0,565.083,-0.0299881,3.14474e-05,-0.000552671,0.0299932,100000,100000,1904.33,0,0.00500595,0.000537757,0,565.083,-0.0299881,3.14474e-05,-0.000552671,0.0299932,100000,100000,1904.33,0,0.00500595,0.000537757,0,565.083,-0.0299881,3.14474e-05,-0.000552671,0.0299932,100000,100000,1904.33,0,0.00500595,0.000537757,0,565.083,-0.0299881,3.14474e-05,-0.000552671,0.0299932,100000,100000,1904.33,0,0,0,0,0,0,0,0,0,0,0,0,0,1
stats,256,1,257,0.00500595,0.000537757,0,565.084,-0.0299881,3.14479e-05,-0.000552671,0.0299932,100000,100000,1904.33,0,0.00500595,0.000537757,0,565.084,-0.0299881,3.14479e-05,-0.000552671,0.0299932,100000,100000,1904.33,0,0.00500595,0.000537757,0,565.084,-0.0299881,3.14479e-05,-0.000552671,0.0299932,100000,100000,1904.33,0,0.00500595,0.000537757,0,565.084,-0.0299881,3.14479e-05,-0.000552671,0.0299932,100000,100000,1904.33,0,0.00500595,0.000537757,0,565.084,-0.0299881,3.14479e-05,-0.000552671,0.0299932,100000,100000,1904.33,0,0.00500595,0.000537757,0,565.084,-0.0299881,3.14479e-05,-0.000552671,0.0299932,100000,100000,1904.33,0,0,0,0,0,0,0,0,0,0,0,0,0,1
stats,257,1,258,0.00500595,0.000537757,0,565.085,-0.0299881,3.14486e-05,-0.000552672,0.0299932,100000,100000,1904.33,0,0.00500595,0.000537757,0,565.085,-0.0299881,3.14486e-05,-0.000552672,0.0299932,100000,100000,1904.33,0,0.00500595,0.000537757,0,565.085,-0.0299881,3.14486e-05,-0.000552672,0.0299932,100000,100000,1904.33,0,0.00500595,0.000537757,0,565.085,-0.0299881,3.14486e-05,-0.000552672,0.0299932,100000,100000,1904.33,0,0.00500595,0.000537757,0,565.085,-0.0299881,3.14486e-05,-0.000552672,0.0299932,100000,100000,1904.33,0,0.00500595,0.000537757,0,565.085,-0.0299881,3.14486e-05,-0.000552672,0.0299932,100000,100000,1904.33,0,0,0,0,0,0,0,0,0,0,0,0,0,1
stats,258,1,259,0.00500595,0.000537757,0,565.086,-0.0299881,3.14493e-05,-0.000552673,0.0299932,100000,100000,1904.33,0,0.00500595,0.000537757,0,565.086,-0.0299881,3.14493e-05,-0.000552673,0.0299932,100000,100000,1904.33,0,0.00500595,0.000537757,0,565.086,-0.0299881,3.14493e-05,-0.000552673,0.0299932,100000,100000,1904.33,0,0.00500595,0.000537757,0,565.086,-0.0299881,3.14493e-05,-0.000552673,0.0299932,100000,100000,1904.33,0,0.00500595,0.000537757,0,565.086,-0.0299881,3.14493e-05,-0.000552673,0.0299932,100000,100000,1904.33,0,0.00500595,0.000537757,0,565.086,-0.0299881,3.14493e-05,-0.000552673,0.0299932,100000,100000,1904.33,0,0,0,0,0,0,0,0,0,0,0,0,0,1
stats,259,1,260,0.00500595,0.000537757,0,565.087,-0.0299881,3.14499e-05,-0.000552674,0.0299932,100000,100000,1904.33,0,0.00500595,0.000537757,0,565.087,-0.0299881,3.14499e-05,-0.000552674,0.0299932,100000,100000,1904.33,0,0.00500595,0.000537757,0,565.087,-0.0299881,3.14499e-05,-0.000552674,0.0299932,100000,100000,1904.33,0,0.00500595,0.000537757,0,565.087,-0.0299881,3.14499e-05,-0.000552674,0.0299932,100000,100000,1904.33,0,0.00500595,0.000537757,0,565.087,-0.0299881,3.14499e-05,-0.000552674,0.0299932,100000,100000,1904.33,0,0.00500595,0.000537757,0,565.087,-0.0299881,3.14499e-05,-0.000552674,0.0299932,100000,100000,1904.33,0,0,0,0,0,0,0,0,0,0,0,0,0,1
stats,260,1,261,0.00500595,0.000537757,0,565.088,-0.0299881,3.14505e-05,-0.000552675,0.0299932,100000,100000,1904.33,0,0.00500595,0.000537757,0,565.088,-0.0299881,3.14505e-05,-0.000552675,0.0299932,100000,100000,1904.33,0,0.00500595,0.000537757,0,565.088,-0.0299881,3.14505e-05,-0.000552675,0.0299932,100000,100000,1904.33,0,0.00500595,0.000537757,0,565.088,-0.0299881,3.14505e-05,-0.000552675,0.0299932,100000,100000,1904.33,0,0.00500595,0.000537757,0,565.088,-0.0299881,3.14505e-05,-0.000552675,0.0299932,100000,100000,1904.33,0,0.00500595,0.000537757,0,565.088,-0.0299881,3.14505e-05,-0.000552675,0.0299932,100000,100000,1904.33,0,0,0,0,0,0,0,0,0,0,0,0,0,1
stats,261,1,262,0.00500595,0.000537757,0,565.089,-0.0299881,3.14511e-05,-0.000552676,0.0299932,100000,100000,1904.33,0,0.00500595,0.000537757,0,565.089,-0.0299881,3.14511e-05,-0.000552676,0.0299932,100000,100000,1904.33,0,0.00500595,0.000537757,0,565.089,-0.0299881,3.14511e-05,-0.000552676,0.0299932,100000,100000,1904.33,0,0.00500595,0.000537757,0,565.089,-0.0299881,3.14511e-05,-0.000552676,0.0299932,100000,100000,1904.33,0,0.00500595,0.000537757,0,565.089,-0.0299881,3.14511e-05,-0.000552676,0.0299932,100000,100000,1904.33,0,0.00500595,0.000537757,0,565.089,-0.0299881,3.14511e-05,-0.000552676,0.0299932,100000,100000,1904.33,0,0,0,0,0,0,0,0,0,0,0,0,0,1
stats,262,1,263,0.00500595,0.000537757,0,565.09,-0.0299881,3.14515e-05,-0.000552677,0.0299932,100000,100000,1904.33,0,0.00500595,0.000537757,0,565.09,-0.0299881,3.14515e-05,-0.000552677,0.0299932,100000,100000,1904.33,0,0.00500595,0.000537757,0,565.09,-0.0299881,3.14515e-05,-0.000552677,0.0299932,100000,100000,1904.33,0,0.00500595,0.000537757,0,565.09,-0.0299881,3.14515e-05,-0.000552677,0.0299932,100000,100000,1904.33,0,0.00500595,0.000537757,0,565.09,-0.0299881,3.14515e-05,-0.000552677,0.0299932,100000,100000,1904.33,0,0.00500595,0.000537757,0,565.09,-0.0299881,3.14515e-05,-0.000552677,0.0299932,100000,100000,1904.33,0,0,0,0,0,0,0,0,0,0,0,0,0,1
stats,263,1,264,0.00500595,0.000537757,0,565.091,-0.0299881,3.14517e-05,-0.000552678,0.0299932,100000,100000,1904.33,0,0.00500595,0.000537757,0,565.091,-0.0299881,3.14517e-05,-0.000552678,0.0299932,100000,100000,1904.33,0,0.00500595,0.000537757,0,565.091,-0.0299881,3.14517e-05,-0.000552678,0.0299932,100000,100000,1904.33,0,0.00500595,0.000537757,0,565.091,-0.0299881,3.14517e-05,-0.000552678,0.0299932,100000,100000,1904.33,0,0.00500595,0.000537757,0,565.091,-0.0299881,3.14517e-05,-0.000552678,0.0299932,100000,100000,1904.33,0,0.00500595,0.000537757,0,565.091,-0.0299881,3.14517e-05,-0.000552678,0.0299932,100000,100000,1904.33,0,0,0,0,0,0,0,0,0,0,0,0,0,1
stats,264,1,265,0.00500595,0.000537757,0,565.091,-0.0299881,3.14517e-05,-0.000552679,0.0299932,100000,100000,1904.33,0,0.00500595,0.000537757,0,565.091,-0.0299881,3.14517e-05,-0.000552679,0.0299932,100000,100000,1904.33,0,0.00500595,0.000537757,0,565.091,-0.0299881,3.14517e-05,-0.000552679,0.0299932,100000,100000,1904.33,0,0.00500595,0.000537757,0,565.091,-0.0299881,3.14517e-05,-0.000552679,0.0299932,100000,100000,1904.33,0,0.00500595,0.000537757,0,565.091,-0.0299881,3.14517e-05,-0.000552679,0.0299932,100000,100000,1904.33,0,0.00500595,0.000537757,0,565.091,-0.0299881,3.14517e-05,-0.000552679,0.0299932,100000,100000,1904.33,0,0,0,0,0,0,0,0,0,0,0,0,0,1
stats,265,1,266,0.00500595,0.000537757,0,565.092,-0.0299881,3.14515e-05,-0.00055268,0.0299932,100000,100000,1904.32,0,0.00500595,0.000537757,0,565.092,-0.0299881,3.14515e-05,-0.00055268,0.0299932,100000,100000,1904.32,0,0.00500595,0.000537757,0,565.092,-0.0299881,3.14515e-05,-0.00055268,0.0299932,100000,100000,1904.32,0,0.00500595,0.000537757,0,565.092,-0.0299881,3.14515e-05,-0.00055268,0.0299932,100000,100000,1904.32,0,0.00500595,0.000537757,0,565.092,-0.0299881,3.14515e-05,-0.00055268,0.0299932,100000,100000,1904.32,0,0.00500595,0.000537757,0,565.092,-0.0299881,3.14515e-05,-0.00055268,0.0299932,100000,100000,1904.32,0,0,0,0,0,0,0,0,0,0,0,0,0,1
stats,266,1,267,0.00500595,0.000537757,0,565.093,-0.0299881,3.1451e-05,-0.000552681,0.0299932,100000,100000,1904.32,0,0.00500595,0.000537757,0,565.093,-0.0299881,3.1451e-05,-0.000552681,0.0299932,100000,100000,1904.32,0,0.00500595,0.000537757,0,565.093,-0.0299881,3.1451e-05,-0.000552681,0.0299932,100000,100000,1904.32,0,0.00500595,0.000537757,0,565.093,-0.0299881,3.1451e-05,-0.000552681,0.0299932,100000,100000,1904.32,0,0.00500595,0.000537757,0,565.093,-0.0299881,3.1451e-05,-0.000552681,0.0299932,100000,100000,1904.32,0,0.00500595,0.000537757,0,565.093,-0.0299881,3.1451e-05,-0.000552681,0.0299932,100000,100000,1904.32,0,0,0,0,0,0,0,0,0,0,0,0,0,1
stats,267,1,268,0.00500595,0.000537757,0,565.094,-0.0299881,3.14502e-05,-0.000552682,0.0299932,100000,100000,1904.32,0,0.00500595,0.000537757,0,565.094,-0.0299881,3.14502e-05,-0.000552682,0.0299932,100000,100000,1904.32,0,0.00500595,0.000537757,0,565.094,-0.0299881,3.14502e-05,-0.000552682,0.0299932,100000,100000,1904.32,0,0.00500595,0.000537757,0,565.094,-0.0299881,3.14502e-05,-0.000552682,0.0299932,100000,100000,1904.32,0,0.00500595,0.000537757,0,565.094,-0.0299881,3.14502e-05,-0.000552682,0.0299932,100000,100000,1904.32,0,0.00500595,0.000537757,0,565.094,-0.0299881,3.14502e-05,-0.000552682,0.0299932,100000,100000,1904.32,0,0,0,0,0,0,0,0,0,0,0,0,0,1
stats,268,1,269,0.00500595,0.000537757,0,565.095,-0.0299881,3.14492e-05,-0.000552683,0.0299932,100000,100000,1904.32,0,0.00500595,0.000537757,0,565.095,-0.0299881,3.14492e-05,-0.000552683,0.0299932,100000,100000,1904.32,0,0.00500595,0.000537757,0,565.095,-0.0299881,3.14492e-05,-0.000552683,0.0299932,100000,100000,1904.32,0,0.00500595,0.000537757,0,565.095,-0.0299881,3.14492e-05,-0.000552683,0.0299932,100000,100000,1904.32,0,0.00500595,0.000537757,0,565.095,-0.0299881,3.14492e-05,-0.000552683,0.0299932,100000,100000,1904.32,0,0.00500595,0.000537757,0,565.095,-0.0299881,3.14492e-05,-0.000552683,0.0299932,100000,100000,1904.32,0,0,0,0,0,0,0,0,0,0,0,0,0,1
stats,269,1,270,0.00500595,0.000537757,0,565.096,-0.0299881,3.14482e-05,-0.000552684,0.0299932,100000,100000,1904.32,0,0.00500595,0.000537757,0,565.096,-0.0299881,3.14482e-05,-0.000552684,0.0299932,100000,100000,1904.32,0,0.00500595,0.000537757,0,565.096,-0.0299881,3.14482e-05,-0.000552684,0.0299932,100000,100000,1904.32,0,0.00500595,0.000537757,0,565.096,-0.0299881,3.14482e-05,-0.000552684,0.0299932,100000,100000,1904.32,0,0.00500595,0.000537757,0,565.096,-0.0299881,3.14482e-05,-0.000552684,0.0299932,100000,100000,1904.32,0,0.00500595,0.000537757,0,565.096,-0.0299881,3.14482e-05,-0.000552684,0.0299932,100000,100000,1904.32,0,0,0,0,0,0,0,0,0,0,0,0,0,1
stats,270,1,271,0.00500595,0.000537757,0,565.096,-0.0299881,3.14473e-05,-0.000552685,0.0299932,100000,100000,1904.32,0,0.00500595,0.000537757,0,565.096,-0.0299881,3.14473e-05,-0.000552685,0.0299932,100000,100000,1904.32,0,0.00500595,0.000537757,0,565.096,-0.0299881,3.14473e-05,-0.000552685,0.0299932,100000,100000,1904.32,0,0.00500595,0.000537757,0,565.096,-0.0299881,3.14473e-05,-0.000552685,0.0299932,100000,100000,1904.32,0,0.00500595,0.000537757,0,565.096,-0.0299881,3.14473e-05,-0.000552685,0.0299932,100000,100000,1904.32,0,0.00500595,0.000537757,0,565.096,-0.0299881,3.14473e-05,-0.000552685,0.0299932,100000,100000,1904.32,0,0,0,0,0,0,0,0,0,0,0,0,0,1
stats,271,1,272,0.00500595,0.000537757,0,565.097,-0.0299881,3.14467e-05,-0.000552685,0.0299932,100000,100000,1904.32,0,0.00500595,0.000537757,0,565.097,-0.0299881,3.14467e-05,-0.000552685,0.0299932,100000,100000,1904.32,0,0.00500595,0.000537757,0,565.097,-0.0299881,3.14467e-05,-0.000552685,0.0299932,100000,100000,1904.32,0,0.00500595,0.000537757,0,565.097,-0.0299881,3.14467e-05,-0.000552685,0.0299932,100000,100000,1904.32,0,0.00500595,0.000537757,0,565.097,-0.0299881,3.14467e-05,-0.000552685,0.0299932,100000,100000,1904.32,0,0.00500595,0.000537757,0,565.097,-0.0299881,3.14467e-05,-0.000552685,0.0299932,100000,100000,1904.32,0,0,0,0,0,0,0,0,0,0,0,0,0,1
stats,272,1,273,0.00500595,0.000537757,0,565.098,-0.0299881,3.14466e-05,-0.000552686,0.0299932,100000,100000,1904.32,0,0.00500595,0.000537757,0,565.098,-0.0299881,3.14466e-05,-0.000552686,0.0299932,100000,100000,1904.32,0,0.00500595,0.000537757,0,565.098,-0.0299881,3.14466e-05,-0.000552686,0.0299932,100000,100000,1904.32,0,0.00500595,0.000537757,0,565.098,-0.0299881,3.14466e-05,-0.000552686,0.0299932,100000,100000,1904.32,0,0.00500595,0.000537757,0,565.098,-0.0299881,3.14466e-05,-0.000552686,0.0299932,100000,100000,1904.32,0,0.00500595,0.000537757,0,565.098,-0.0299881,3.14466e-05,-0.000552686,0.0299932,100000,100000,1904.32,0,0,0,0,0,0,0,0,0,0,0,0,0,1
stats,273,1,274,0.00500595,0.000537757,0,565.099,-0.0299881,3.14469e-05,-0.000552687,0.0299932,100000,100000,1904.32,0,0.00500595,0.000537757,0,565.099,-0.0299881,3.14469e-05,-0.000552687,0.0299932,100000,100000,1904.32,0,0.00500595,0.000537757,0,565.099,-0.0299881,3.14469e-05,-0.000552687,0.0299932,100000,100000,1904.32,0,0.00500595,0.000537757,0,565.099,-0.0299881,3.14469e-05,-0.000552687,0.0299932,100000,100000,1904.32,0,0.00500595,0.000537757,0,565.099,-0.0299881,3.14469e-05,-0.000552687,0.0299932,100000,100000,1904.32,0,0.00500595,0.000537757,0,565.099,-0.0299881,3.14469e-05,-0.000552687,0.0299932,100000,100000,1904.32,0,0,0,0,0,0,0,0,0,0,0,0,0,1
stats,274,1,275,0.00500595,0.000537756,0,565.1,-0.0299881,3.14475e-05,-0.000552687,0.0299932,100000,100000,1904.32,0,0.00500595,0.000537756,0,565.1,-0.0299881,3.14475e-05,-0.000552687,0.0299932,100000,100000,1904.32,0,0.00500595,0.000537756,0,565.1,-0.0299881,3.14475e-05,-0.000552687,0.0299932,100000,100000,1904.32,0,0.00500595,0.000537756,0,565.1,-0.0299881,3.14475e-05,-0.000552687,0.0299932,100000,100000,1904.32,0,0.00500595,0.000537756,0,565.1,-0.0299881,3.14475e-05,-0.000552687,0.0299932,100000,100000,1904.32,0,0.00500595,0.000537756,0,565.1,-0.0299881,3.14475e-05,-0.000552687,0.0299932,100000,100000,1904.32,0,0,0,0,0,0,0,0,0,0,0,0,0,1
stats,275,1,276,0.00500595,0.000537756,0,565.1,-0.0299881,3.14483e-05,-0.000552688,0.0299932,100000,100000,1904.32,0,0.00500595,0.000537756,0,565.1,-0.0299881,3.14483e-05,-0.000552688,0.0299932,100000,100000,1904.32,0,0.00500595,0.000537756,0,565.1,-0.0299881,3.14483e-05,-0.000552688,0.0299932,100000,100000,1904.32,0,0.00500595,0.000537756,0,565.1,-0.0299881,3.14483e-05,-0.000552688,0.0299932,100000,100000,1904.32,0,0.00500595,0.000537756,0,565.1,-0.0299881,3.14483e-05,-0.000552688,0.0299932,100000,100000,1904.32,0,0.00500595,0.000537756,0,565.1,-0.0299881,3.14483e-05,-0.000552688,0.0299932,100000,100000,1904.32,0,0,0,0,0,0,0,0,0,0,0,0,0,1
stats,276,1,277,0.00500595,0.000537756,0,565.101,-0.0299881,3.14491e-05,-0.000552689,0.0299932,100000,100000,1904.32,0,0.00500595,0.000537756,0,565.101,-0.0299881,3.14491e-05,-0.000552689,0.0299932,100000,100000,1904.32,0,0.00500595,0.000537756,0,565.101,-0.0299881,3.14491e-05,-0.000552689,0.0299932,100000,100000,1904.32,0,0.00500595,0.000537756,0,565.101,-0.0299881,3.14491e-05,-0.000552689,0.0299932,100000,100000,1904.32,0,0.00500595,0.000537756,0,565.101,-0.0299881,3.14491e-05,-0.000552689,0.0299932,100000,100000,1904.32,0,0.00500595,0.000537756,0,565.101,-0.0299881,3.14491e-05,-0.000552689,0.0299932,100000,100000,1904.32,0,0,0,0,0,0,0,0,0,0,0,0,0,1
stats,277,1,278,0.00500595,0.000537756,0,565.102,-0.0299881,3.14499e-05,-0.00055269,0.0299932,100000,100000,1904.32,0,0.00500595,0.000537756,0,565.102,-0.0299881,3.14499e-05,-0.00055269,0.0299932,100000,100000,1904.32,0,0.00500595,0.000537756,0,565.102,-0.0299881,3.14499e-05,-0.00055269,0.0299932,100000,100000,1904.32,0,0.00500595,0.000537756,0,565.102,-0.0299881,3.14499e-05,-0.00055269,0.0299932,100000,100000,1904.32,0,0.00500595,0.000537756,0,565.102,-0.0299881,3.14499e-05,-0.00055269,0.0299932,100000,100000,1904.32,0,0.00500595,0.000537756,0,565.102,-0.0299881,3.14499e-05,-0.00055269,0.0299932,100000,100000,1904.32,0,0,0,0,0,0,0,0,0,0,0,0,0,1
stats,278,1,279,0.00500595,0.000537756,0,565.103,-0.0299881,3.14505e-05,-0.00055269,0.0299932,100000,100000,1904.32,0,0.00500595,0.000537756,0,565.103,-0.0299881,3.14505e-05,-0.00055269,0.0299932,100000,100000,1904.32,0,0.00500595,0.000537756,0,565.103,-0.0299881,3.14505e-05,-0.00055269,0.0299932,100000,100000,1904.32,0,0.00500595,0.000537756,0,565.103,-0.0299881,3.14505e-05,-0.00055269,0.0299932,100000,100000,1904.32,0,0.00500595,0.000537756,0,565.103,-0.0299881,3.14505e-05,-0.00055269,0.0299932,100000,100000,1904.32,0,0.00500595,0.000537756,0,565.103,-0.0299881,3.14505e-05,-0.00055269,0.0299932,100000,100000,1904.32,0,0,0,0,0,0,0,0,0,0,0,0,0,1
stats,279,1,280,0.00500595,0.000537756,0,565.103,-0.0299881,3.14511e-05,-0.000552691,0.0299932,100000,100000,1904.32,0,0.00500595,0.000537756,0,565.103,-0.0299881,3.14511e-05,-0.000552691,0.0299932,100000,100000,1904.32,0,0.00500595,0.000537756,0,565.103,-0.0299881,3.14511e-05,-0.000552691,0.0299932,100000,100000,1904.32,0,0.00500595,0.000537756,0,565.103,-0.0299881,3.14511e-05,-0.000552691,0.0299932,100000,100000,1904.32,0,0.00500595,0.000537756,0,565.103,-0.0299881,3.14511e-05,-0.000552691,0.0299932,100000,100000,1904.32,0,0.00500595,0.000537756,0,565.103,-0.0299881,3.14511e-05,-0.000552691,0.0299932,100000,100000,1904.32,0,0,0,0,0,0,0,0,0,0,0,0,0,1
stats,280,1,281,0.00500595,0.000537756,0,565.104,-0.0299881,3.14517e-05,-0.000552692,0.0299932,100000,100000,1904.32,0,0.00500595,0.000537756,0,565.104,-0.0299881,3.14517e-05,-0.000552692,0.0299932,100000,100000,1904.32,0,0.00500595,0.000537756,0,565.104,-0.0299881,3.14517e-05,-0.000552692,0.0299932,100000,100000,1904.32,0,0.00500595,0.000537756,0,565.104,-0.0299881,3.14517e-05,-0.000552692,0.0299932,100000,100000,1904.32,0,0.00500595,0.000537756,0,565.104,-0.0299881,3.14517e-05,-0.000552692,0.0299932,100000,100000,1904.32,0,0.00500595,0.000537756,0,565.104,-0.0299881,3.14517e-05,-0.000552692,0.0299932,100000,100000,1904.32,0,0,0,0,0,0,0,0,0,0,0,0,0,1
stats,281,1,282,0.00500595,0.000537756,0,565.105,-0.0299881,3.14523e-05,-0.000552693,0.0299932,100000,100000,1904.32,0,0.00500595,0.000537756,0,565.105,-0.0299881,3.14523e-05,-0.000552693,0.0299932,100000,100000,1904.32,0,0.00500595,0.000537756,0,565.105,-0.0299881,3.14523e-05,-0.000552693,0.0299932,100000,100000,1904.32,0,0.00500595,0.000537756,0,565.105,-0.0299881,3.14523e-05,-0.000552693,0.0299932,100000,100000,1904.32,0,0.00500595,0.000537756,0,565.105,-0.0299881,3.14523e-05,-0.000552693,0.0299932,100000,100000,1904.32,0,0.00500595,0.000537756,0,565.105,-0.0299881,3.14523e-05,-0.000552693,0.0299932,100000,100000,1904.32,0,0,0,0,0,0,0,0,0,0,0,0,0,1
stats,282,1,283,0.00500595,0.000537756,0,565.105,-0.0299881,3.14527e-05,-0.000552694,0.0299932,100000,100000,1904.32,0,0.00500595,0.000537756,0,565.105,-0.0299881,3.14527e-05,-0.000552694,0.0299932,100000,100000,1904.32,0,0.00500595,0.000537756,0,565.105,-0.0299881,3.14527e-05,-0.000552694,0.0299932,100000,100000,1904.32,0,0.00500595,0.000537756,0,565.105,-0.0299881,3.14527e-05,-0.000552694,0.0299932,100000,100000,1904.32,0,0.00500595,0.000537756,0,565.105,-0.0299881,3.14527e-05,-0.000552694,0.0299932,100000,100000,1904.32,0,0.00500595,0.000537756,0,565.105,-0.0299881,3.14527e-05,-0.000552694,0.0299932,100000,100000,1904.32,0,0,0,0,0,0,0,0,0,0,0,0,0,1
stats,283,1,284,0.00500595,0.000537756,0,565.106,-0.0299881,3.14527e-05,-0.000552695,0.0299932,100000,100000,1904.32,0,0.00500595,0.000537756,0,565.106,-0.0299881,3.14527e-05,-0.000552695,0.0299932,100000,100000,1904.32,0,0.00500595,0.000537756,0,565.106,-0.0299881,3.14527e-05,-0.000552695,0.0299932,100000,100000,1904.32,0,0.00500595,0.000537756,0,565.106,-0.0299881,3.14527e-05,-0.000552695,0.0299932,100000,100000,1904.32,0,0.00500595,0.000537756,0,565.106,-0.0299881,3.14527e-05,-0.000552695,0.0299932,100000,100000,1904.32,0,0.00500595,0.000537756,0,565.106,-0.0299881,3.14527e-05,-0.000552695,0.0299932,100000,100000,1904.32,0,0,0,0,0,0,0,0,0,0,0,0,0,1
stats,284,1,285,0.00500595,0.000537756,0,565.107,-0.0299881,3.14524e-05,-0.000552695,0.0299932,100000,100000,1904.32,0,0.00500595,0.000537756,0,565.107,-0.0299881,3.14524e-05,-0.000552695,0.0299932,100000,100000,1904.32,0,0.00500595,0.000537756,0,565.107,-0.0299881,3.14524e-05,-0.000552695,0.0299932,100000,100000,1904.32,0,0.00500595,0.000537756,0,565.107,-0.0299881,3.14524e-05,-0.000552695,0.0299932,100000,100000,1904.32,0,0.00500595,0.000537756,0,565.107,-0.0299881,3.14524e-05,-0.000552695,0.0299932,100000,100000,1904.32,0,0.00500595,0.000537756,0,565.107,-0.0299881,3.14524e-05,-0.000552695,0.0299932,100000,100000,1904.32,0,0,0,0,0,0,0,0,0,0,0,0,0,1
stats,285,1,286,0.00500595,0.000537756,0,565.107,-0.0299881,3.14516e-05,-0.000552696,0.0299932,100000,100000,1904.32,0,0.00500595,0.000537756,0,565.107,-0.0299881,3.14516e-05,-0.000552696,0.0299932,100000,100000,1904.32,0,0.00500595,0.000537756,0,565.107,-0.0299881,3.14516e-05,-0.000552696,0.0299932,100000,100000,1904.32,0,0.00500595,0.000537756,0,565.107,-0.0299881,3.14516e-05,-0.000552696,0.0299932,100000,100000,1904.32,0,0.00500595,0.000537756,0,565.107,-0.0299881,3.14516e-05,-0.000552696,0.0299932,100000,100000,1904.32,0,0.00500595,0.000537756,0,565.107,-0.0299881,3.14516e-05,-0.000552696,0.0299932,100000,100000,1904.32,0,0,0,0,0,0,0,0,0,0,0,0,0,1
stats,286,1,287,0.00500595,0.000537756,0,565.108,-0.0299881,3.14504e-05,-0.000552696,0.0299932,100000,100000,1904.31,0,0.00500595,0.000537756,0,565.108,-0.0299881,3.14504e-05,-0.000552696,0.0299932,100000,100000,1904.31,0,0.00500595,0.000537756,0,565.108,-0.0299881,3.14504e-05,-0.000552696,0.0299932,100000,100000,1904.31,0,0.00500595,0.000537756,0,565.108,-0.0299881,3.14504e-05,-0.000552696,0.0299932,100000,100000,1904.31,0,0.00500595,0.000537756,0,565.108,-0.0299881,3.14504e-05,-0.000552696,0.0299932,100000,100000,1904.31,0,0.00500595,0.000537756,0,565.108,-0.0299881,3.14504e-05,-0.000552696,0.0299932,100000,100000,1904.31,0,0,0,0,0,0,0,0,0,0,0,0,0,1
stats,287,1,288,0.00500595,0.000537756,0,565.109,-0.0299881,3.14492e-05,-0.000552697,0.0299932,100000,100000,1904.31,0,0.00500595,0.000537756,0,565.109,-0.0299881,3.14492e-05,-0.000552697,0.0299932,100000,100000,1904.31,0,0.00500595,0.000537756,0,565.109,-0.0299881,3.14492e-05,-0.000552697,0.0299932,100000,100000,1904.31,0,0.00500595,0.000537756,0,565.109,-0.0299881,3.14492e-05,-0.000552697,0.0299932,100000,100000,1904.31,0,0.00500595,0.000537756,0,565.109,-0.0299881,3.14492e-05,-0.000552697,0.0299932,100000,100000,1904.31,0,0.00500595,0.000537756,0,565.109,-0.0299881,3.14492e-05,-0.000552697,0.0299932,100000,100000,1904.31,0,0,0,0,0,0,0,0,0,0,0,0,0,1
stats,288,1,289,0.00500595,0.000537756,0,565.109,-0.0299881,3.14482e-05,-0.000552697,0.0299932,100000,100000,1904.31,0,0.00500595,0.000537756,0,565.109,-0.0299881,3.14482e-05,-0.000552697,0.0299932,100000,100000,1904.31,0,0.00500595,0.000537756,0,565.109,-0.0299881,3.14482e-05,-0.000552697,0.0299932,100000,100000,1904.31,0,0.00500595,0.000537756,0,565.109,-0.0299881,3.14482e-05,-0.000552697,0.0299932,100000,100000,1904.31,0,0.00500595,0.000537756,0,565.109,-0.0299881,3.14482e-05,-0.000552697,0.0299932,100000,100000,1904.31,0,0.00500595,0.000537756,0,565.109,-0.0299881,3.14482e-05,-0.000552697,0.0299932,100000,100000,1904.31,0,0,0,0,0,0,0,0,0,0,0,0,0,1
stats,289,1,290,0.00500595,0.000537756,0,565.11,-0.0299881,3.14474e-05,-0.000552697,0.0299932,100000,100000,1904.31,0,0.00500595,0.000537756,0,565.11,-0.0299881,3.14474e-05,-0.000552697,0.0299932,100000,100000,1904.31,0,0.00500595,0.000537756,0,565.11,-0.0299881,3.14474e-05,-0.000552697,0.0299932,100000,100000,1904.31,0,0.00500595,0.000537756,0,565.11,-0.0299881,3.14474e-05,-0.000552697,0.0299932,100000,100000,1904.31,0,0.00500595,0.000537756,0,565.11,-0.0299881,3.14474e-05,-0.000552697,0.0299932,100000,100000,1904.31,0,0.00500595,0.000537756,0,565.11,-0.0299881,3.14474e-05,-0.000552697,0.0299932,100000,100000,1904.31,0,0,0,0,0,0,0,0,0,0,0,0,0,1
stats,290,1,291,0.00500595,0.000537756,0,565.11,-0.0299881,3.14471e-05,-0.000552697,0.0299932,100000,100000,1904.31,0,0.00500595,0.000537756,0,565.11,-0.0299881,3.14471e-05,-0.000552697,0.0299932,100000,100000,1904.31,0,0.00500595,0.000537756,0,565.11,-0.0299881,3.14471e-05,-0.000552697,0.0299932,100000,100000,1904.31,0,0.00500595,0.000537756,0,565.11,-0.0299881,3.14471e-05,-0.000552697,0.0299932,100000,100000,1904.31,0,0.00500595,0.000537756,0,565.11,-0.0299881,3.14471e-05,-0.000552697,0.0299932,100000,100000,1904.31,0,0.00500595,0.000537756,0,565.11,-0.0299881,3.14471e-05,-0.000552697,0.0299932,100000,100000,1904.31,0,0,0,0,0,0,0,0,0,0,0,0,0,1
stats,291,1,292,0.00500595,0.000537756,0,565.111,-0.0299881,3.14472e-05,-0.000552698,0.0299932,100000,100000,1904.31,0,0.00500595,0.000537756,0,565.111,-0.0299881,3.14472e-05,-0.000552698,0.0299932,100000,100000,1904.31,0,0.00500595,0.000537756,0,565.111,-0.0299881,3.14472e-05,-0.000552698,0.0299932,100000,100000,1904.31,0,0.00500595,0.000537756,0,565.111,-0.0299881,3.14472e-05,-0.000552698,0.0299932,100000,100000,1904.31,0,0.00500595,0.000537756,0,565.111,-0.0299881,3.14472e-05,-0.000552698,0.0299932,100000,100000,1904.31,0,0.00500595,0.000537756,0,565.111,-0.0299881,3.14472e-05,-0.000552698,0.0299932,100000,100000,1904.31,0,0,0,0,0,0,0,0,0,0,0,0,0,1
stats,292,1,293,0.00500595,0.000537756,0,565.112,-0.0299881,3.14476e-05,-0.000552699,0.0299932,100000,100000,1904.31,0,0.00500595,0.000537756,0,565.112,-0.0299881,3.14476e-05,-0.000552699,0.0299932,100000,100000,1904.31,0,0.00500595,0.000537756,0,565.112,-0.0299881,3.14476e-05,-0.000552699,0.0299932,100000,100000,1904.31,0,0.00500595,0.000537756,0,565.112,-0.0299881,3.14476e-05,-0.000552699,0.0299932,100000,100000,1904.31,0,0.00500595,0.000537756,0,565.112,-0.0299881,3.14476e-05,-0.000552699,0.0299932,100000,100000,1904.31,0,0.00500595,0.000537756,0,565.112,-0.0299881,3.14476e-05,-0.000552699,0.0299932,100000,100000,1904.31,0,0,0,0,0,0,0,0,0,0,0,0,0,1
stats,293,1,294,0.00500595,0.000537756,0,565.112,-0.0299881,3.14481e-05,-0.0005527,0.0299932,100000,100000,1904.31,0,0.00500595,0.000537756,0,565.112,-0.0299881,3.14481e-05,-0.0005527,0.0299932,100000,100000,1904.31,0,0.00500595,0.000537756,0,565.112,-0.0299881,3.14481e-05,-0.0005527,0.0299932,100000,100000,1904.31,0,0.00500595,0.000537756,0,565.112,-0.0299881,3.14481e-05,-0.0005527,0.0299932,100000,100000,1904.31,0,0.00500595,0.000537756,0,565.112,-0.0299881,3.14481e-05,-0.0005527,0.0299932,100000,100000,1904.31,0,0.00500595,0.000537756,0,565.112,-0.0299881,3.14481e-05,-0.0005527,0.0299932,100000,100000,1904.31,0,0,0,0,0,0,0,0,0,0,0,0,0,1
stats,294,1,295,0.00500595,0.000537756,0,565.113,-0.0299881,3.14487e-05,-0.000552702,0.0299932,100000,100000,1904.31,0,0.00500595,0.000537756,0,565.113,-0.0299881,3.14487e-05,-0.000552702,0.0299932,100000,100000,1904.31,0,0.00500595,0.000537756,0,565.113,-0.0299881,3.14487e-05,-0.000552702,0.0299932,100000,100000,1904.31,0,0.00500595,0.000537756,0,565.113,-0.0299881,3.14487e-05,-0.000552702,0.0299932,100000,100000,1904.31,0,0.00500595,0.000537756,0,565.113,-0.0299881,3.14487e-05,-0.000552702,0.0299932,100000,100000,1904.31,0,0.00500595,0.000537756,0,565.113,-0.0299881,3.14487e-05,-0.000552702,0.0299932,100000,100000,1904.31,0,0,0,0,0,0,0,0,0,0,0,0,0,1
stats,295,1,296,0.00500595,0.000537756,0,565.113,-0.0299881,3.14494e-05,-0.000552703,0.0299932,100000,100000,1904.31,0,0.00500595,0.000537756,0,565.113,-0.0299881,3.14494e-05,-0.000552703,0.0299932,100000,100000,1904.31,0,0.00500595,0.000537756,0,565.113,-0.0299881,3.14494e-05,-0.000552703,0.0299932,100000,100000,1904.31,0,0.00500595,0.000537756,0,565.113,-0.0299881,3.14494e-05,-0.000552703,0.0299932,100000,100000,1904.31,0,0.00500595,0.000537756,0,565.113,-0.0299881,3.14494e-05,-0.000552703,0.0299932,100000,100000,1904.31,0,0.00500595,0.000537756,0,565.113,-0.0299881,3.14494e-05,-0.000552703,0.0299932,100000,100000,1904.31,0,0,0,0,0,0,0,0,0,0,0,0,0,1
stats,296,1,297,0.00500595,0.000537756,0,565.114,-0.0299881,3.145e-05,-0.000552703,0.0299932,100000,100000,1904.31,0,0.00500595,0.000537756,0,565.114,-0.0299881,3.145e-05,-0.000552703,0.0299932,100000,100000,1904.31,0,0.00500595,0.000537756,0,565.114,-0.0299881,3.145e-05,-0.000552703,0.0299932,100000,100000,1904.31,0,0.00500595,0.000537756,0,565.114,-0.0299881,3.145e-05,-0.000552703,0.0299932,100000,100000,1904.31,0,0.00500595,0.000537756,0,565.114,-0.0299881,3.145e-05,-0.000552703,0.0299932,100000,100000,1904.31,0,0.00500595,0.000537756,0,565.114,-0.0299881,3.145e-05,-0.000552703,0.0299932,100000,100000,1904.31,0,0,0,0,0,0,0,0,0,0,0,0,0,1
stats,297,1,298,0.00500595,0.000537756,0,565.115,-0.0299881,3.14507e-05,-0.000552704,0.0299932,100000,100000,1904.31,0,0.00500595,0.000537756,0,565.115,-0.0299881,3.14507e-05,-0.000552704,0.0299932,100000,100000,1904.31,0,0.00500595,0.000537756,0,565.115,-0.0299881,3.14507e-05,-0.000552704,0.0299932,100000,100000,1904.31,0,0.00500595,0.000537756,0,565.115,-0.0299881,3.14507e-05,-0.000552704,0.0299932,100000,100000,1904.31,0,0.00500595,0.000537756,0,565.115,-0.0299881,3.14507e-05,-0.000552704,0.0299932,100000,100000,1904.31,0,0.00500595,0.000537756,0,565.115,-0.0299881,3.14507e-05,-0.000552704,0.0299932,100000,100000,1904.31,0,0,0,0,0,0,0,0,0,0,0,0,0,1
stats,298,1,299,0.00500595,0.000537756,0,565.115,-0.0299881,3.14514e-05,-0.000552705,0.0299932,100000,100000,1904.31,0,0.00500595,0.000537756,0,565.115,-0.0299881,3.14514e-05,-0.000552705,0.0299932,100000,100000,1904.31,0,0.00500595,0.000537756,0,565.115,-0.0299881,3.14514e-05,-0.000552705,0.0299932,100000,100000,1904.31,0,0.00500595,0.000537756,0,565.115,-0.0299881,3.14514e-05,-0.000552705,0.0299932,100000,100000,1904.31,0,0.00500595,0.000537756,0,565.115,-0.0299881,3.14514e-05,-0.000552705,0.0299932,100000,100000,1904.31,0,0.00500595,0.000537756,0,565.115,-0.0299881,3.14514e-05,-0.000552705,0.0299932,100000,100000,1904.31,0,0,0,0,0,0,0,0,0,0,0,0,0,1
stats,299,1,300,0.00500595,0.000537756,0,565.116,-0.0299881,3.1452e-05,-0.000552705,0.0299932,100000,100000,1904.31,0,0.00500595,0.000537756,0,565.116,-0.0299881,3.1452e-05,-0.000552705,0.0299932,100000,100000,1904.31,0,0.00500595,0.000537756,0,565.116,-0.0299881,3.1452e-05,-0.000552705,0.0299932,100000,100000,1904.31,0,0.00500595,0.000537756,0,565.116,-0.0299881,3.1452e-05,-0.000552705,0.0299932,100000,100000,1904.31,0,0.00500595,0.000537756,0,565.116,-0.0299881,3.1452e-05,-0.000552705,0.0299932,100000,100000,1904.31,0,0.00500595,0.000537756,0,565.116,-0.0299881,3.1452e-05,-0.000552705,0.0299932,100000,100000,1904.31,0,0,0,0,0,0,0,0,0,0,0,0,0,1
stats,300,1,301,0.00500595,0.000537756,0,565.116,-0.0299881,3.14524e-05,-0.000552706,0.0299932,100000,100000,1904.31,0,0.00500595,0.000537756,0,565.116,-0.0299881,3.14524e-05,-0.000552706,0.0299932,100000,100000,1904.31,0,0.00500595,0.000537756,0,565.116,-0.0299881,3.14524e-05,-0.000552706,0.0299932,100000,100000,1904.31,0,0.00500595,0.000537756,0,565.116,-0.0299881,3.14524e-05,-0.000552706,0.0299932,100000,100000,1904.31,0,0.00500595,0.000537756,0,565.116,-0.0299881,3.14524e-05,-0.000552706,0.0299932,100000,100000,1904.31,0,0.00500595,0.000537756,0,565.116,-0.0299881,3.14524e-05,-0.000552706,0.0299932,100000,100000,1904.31,0,0,0,0,0,0,0,0,0,0,0,0,0,1
stats,301,1,302,0.00500595,0.000537756,0,565.117,-0.0299881,3.14526e-05,-0.000552706,0.0299932,100000,100000,1904.31,0,0.00500595,0.000537756,0,565.117,-0.0299881,3.14526e-05,-0.000552706,0.0299932,100000,100000,1904.31,0,0.00500595,0.000537756,0,565.117,-0.0299881,3.14526e-05,-0.000552706,0.0299932,100000,100000,1904.31,0,0.00500595,0.000537756,0,565.117,-0.0299881,3.14526e-05,-0.000552706,0.0299932,100000,100000,1904.31,0,0.00500595,0.000537756,0,565.117,-0.0299881,3.14526e-05,-0.000552706,0.0299932,100000,100000,1904.31,0,0.00500595,0.000537756,0,565.117,-0.0299881,3.14526e-05,-0.000552706,0.0299932,100000,100000,1904.31,0,0,0,0,0,0,0,0,0,0,0,0,0,1
stats,302,1,303,0.00500595,0.000537756,0,565.117,-0.0299881,3.14525e-05,-0.000552707,0.0299932,100000,100000,1904.31,0,0.00500595,0.000537756,0,565.117,-0.0299881,3.14525e-05,-0.000552707,0.0299932,100000,100000,1904.31,0,0.00500595,0.000537756,0,565.117,-0.0299881,3.14525e-05,-0.000552707,0.0299932,100000,100000,1904.31,0,0.00500595,0.000537756,0,565.117,-0.0299881,3.14525e-05,-0.000552707,0.0299932,100000,100000,1904.31,0,0.00500595,0.000537756,0,565.117,-0.0299881,3.14525e-05,-0.000552707,0.0299932,100000,100000,1904.31,0,0.00500595,0.000537756,0,565.117,-0.0299881,3.14525e-05,-0.000552707,0.0299932,100000,100000,1904.31,0,0,0,0,0,0,0,0,0,0,0,0,0,1
stats,303,1,304,0.00500595,0.000537756,0,565.118,-0.0299881,3.14522e-05,-0.000552707,0.0299932,100000,100000,1904.31,0,0.00500595,0.000537756,0,565.118,-0.0299881,3.14522e-05,-0.000552707,0.0299932,100000,100000,1904.31,0,0.00500595,0.000537756,0,565.118,-0.0299881,3.14522e-05,-0.000552707,0.0299932,100000,100000,1904.31,0,0.00500595,0.000537756,0,565.118,-0.0299881,3.14522e-05,-0.000552707,0.0299932,100000,100000,1904.31,0,0.00500595,0.000537756,0,565.118,-0.0299881,3.14522e-05,-0.000552707,0.0299932,100000,100000,1904.31,0,0.00500595,0.000537756,0,565.118,-0.0299881,3.14522e-05,-0.000552707,0.0299932,100000,100000,1904.31,0,0,0,0,0,0,0,0,0,0,0,0,0,1
stats,304,1,305,0.00500595,0.000537756,0,565.118,-0.0299881,3.14517e-05,-0.000552707,0.0299932,100000,100000,1904.31,0,0.00500595,0.000537756,0,565.118,-0.0299881,3.14517e-05,-0.000552707,0.0299932,100000,100000,1904.31,0,0.00500595,0.000537756,0,565.118,-0.0299881,3.14517e-05,-0.000552707,0.0299932,100000,100000,1904.31,0,0.00500595,0.000537756,0,565.118,-0.0299881,3.14517e-05,-0.000552707,0.0299932,100000,100000,1904.31,0,0.00500595,0.000537756,0,565.118,-0.0299881,3.14517e-05,-0.000552707,0.0299932,100000,100000,1904.31,0,0.00500595,0.000537756,0,565.118,-0.0299881,3.14517e-05,-0.000552707,0.0299932,100000,100000,1904.31,0,0,0,0,0,0,0,0,0,0,0,0,0,1
stats,305,1,306,0.00500595,0.000537756,0,565.119,-0.0299881,3.14511e-05,-0.000552707,0.0299932,100000,100000,1904.31,0,0.00500595,0.000537756,0,565.119,-0.0299881,3.14511e-05,-0.000552707,0.0299932,100000,100000,1904.31,0,0.00500595,0.000537756,0,565.119,-0.0299881,3.14511e-05,-0.000552707,0.0299932,100000,100000,1904.31,0,0.00500595,0.000537756,0,565.119,-0.0299881,3.14511e-05,-0.000552707,0.0299932,100000,100000,1904.31,0,0.00500595,0.000537756,0,565.119,-0.0299881,3.14511e-05,-0.000552707,0.0299932,100000,100000,1904.31,0,0.00500595,0.000537756,0,565.119,-0.0299881,3.14511e-05,-0.000552707,0.0299932,100000,100000,1904.31,0,0,0,0,0,0,0,0,0,0,0,0,0,1
stats,306,1,307,0.00500595,0.000537756,0,565.119,-0.0299881,3.14505e-05,-0.000552707,0.0299932,100000,100000,1904.31,0,0.00500595,0.000537756,0,565.119,-0.0299881,3.14505e-05,-0.000552707,0.0299932,100000,100000,1904.31,0,0.00500595,0.000537756,0,565.119,-0.0299881,3.14505e-05,-0.000552707,0.0299932,100000,100000,1904.31,0,0.00500595,0.000537756,0,565.119,-0.0299881,3.14505e-05,-0.000552707,0.0299932,100000,100000,1904.31,0,0.00500595,0.000537756,0,565.119,-0.0299881,3.14505e-05,-0.000552707,0.0299932,100000,100000,1904.31,0,0.00500595,0.000537756,0,565.119,-0.0299881,3.14505e-05,-0.000552707,0.0299932,100000,100000,1904.31,0,0,0,0,0,0,0,0,0,0,0,0,0,1
stats,307,1,308,0.00500595,0.000537756,0,565.12,-0.0299881,3.14501e-05,-0.000552707,0.0299932,100000,100000,1904.31,0,0.00500595,0.000537756,0,565.12,-0.0299881,3.14501e-05,-0.000552707,0.0299932,100000,100000,1904.31,0,0.00500595,0.000537756,0,565.12,-0.0299881,3.14501e-05,-0.000552707,0.0299932,100000,100000,1904.31,0,0.00500595,0.000537756,0,565.12,-0.0299881,3.14501e-05,-0.000552707,0.0299932,100000,100000,1904.31,0,0.00500595,0.000537756,0,565.12,-0.0299881,3.14501e-05,-0.000552707,0.0299932,100000,100000,1904.31,0,0.00500595,0.000537756,0,565.12,-0.0299881,3.14501e-05,-0.000552707,0.0299932,100000,100000,1904.31,0,0,0,0,0,0,0,0,0,0,0,0,0,1
stats,308,1,309,0.00500595,0.000537756,0,565.12,-0.0299881,3.14498e-05,-0.000552707,0.0299932,100000,100000,1904.31,0,0.00500595,0.000537756,0,565.12,-0.0299881,3.14498e-05,-0.000552707,0.0299932,100000,100000,1904.31,0,0.00500595,0.000537756,0,565.12,-0.0299881,3.14498e-05,-0.000552707,0.0299932,100000,100000,1904.31,0,0.00500595,0.000537756,0,565.12,-0.0299881,3.14498e-05,-0.000552707,0.0299932,100000,100000,1904.31,0,0.00500595,0.000537756,0,565.12,-0.0299881,3.14498e-05,-0.000552707,0.0299932,100000,100000,1904.31,0,0.00500595,0.000537756,0,565.12,-0.0299881,3.14498e-05,-0.000552707,0.0299932,100000,100000,1904.31,0,0,0,0,0,0,0,0,0,0,0,0,0,1
stats,309,1,310,0.00500595,0.000537756,0,565.121,-0.0299881,3.14498e-05,-0.000552707,0.0299932,100000,100000,1904.31,0,0.00500595,0.000537756,0,565.121,-0.0299881,3.14498e-05,-0.000552707,0.0299932,100000,100000,1904.31,0,0.00500595,0.000537756,0,565.121,-0.0299881,3.14498e-05,-0.000552707,0.0299932,100000,100000,1904.31,0,0.00500595,0.000537756,0,565.121,-0.0299881,3.14498e-05,-0.000552707,0.0299932,100000,100000,1904.31,0,0.00500595,0.000537756,0,565.121,-0.0299881,3.14498e-05,-0.000552707,0.0299932,100000,100000,1904.31,0,0.00500595,0.000537756,0,565.121,-0.0299881,3.14498e-05,-0.000552707,0.0299932,100000,100000,1904.31,0,0,0,0,0,0,0,0,0,0,0,0,0,1
stats,310,1,311,0.00500595,0.000537756,0,565.121,-0.0299881,3.14499e-05,-0.000552708,0.0299932,100000,100000,1904.31,0,0.00500595,0.000537756,0,565.121,-0.0299881,3.14499e-05,-0.000552708,0.0299932,100000,100000,1904.31,0,0.00500595,0.000537756,0,565.121,-0.0299881,3.14499e-05,-0.000552708,0.0299932,100000,100000,1904.31,0,0.00500595,0.000537756,0,565.121,-0.0299881,3.14499e-05,-0.000552708,0.0299932,100000,100000,1904.31,0,0.00500595,0.000537756,0,565.121,-0.0299881,3.14499e-05,-0.000552708,0.0299932,100000,100000,1904.31,0,0.00500595,0.000537756,0,565.121,-0.0299881,3.14499e-05,-0.000552708,0.0299932,100000,100000,1904.31,0,0,0,0,0,0,0,0,0,0,0,0,0,1
stats,311,1,312,0.00500595,0.000537756,0,565.122,-0.0299881,3.14499e-05,-0.000552709,0.0299932,100000,100000,1904.31,0,0.00500595,0.000537756,0,565.122,-0.0299881,3.14499e-05,-0.000552709,0.0299932,100000,100000,1904.31,0,0.00500595,0.000537756,0,565.122,-0.0299881,3.14499e-05,-0.000552709,0.0299932,100000,100000,1904.31,0,0.00500595,0.000537756,0,565.122,-0.0299881,3.14499e-05,-0.000552709,0.0299932,100000,100000,1904.31,0,0.00500595,0.000537756,0,565.122,-0.0299881,3.14499e-05,-0.000552709,0.0299932,100000,100000,1904.31,0,0.00500595,0.000537756,0,565.122,-0.0299881,3.14499e-05,-0.000552709,0.0299932,100000,100000,1904.31,0,0,0,0,0,0,0,0,0,0,0,0,0,1
stats,312,1,313,0.00500595,0.000537756,0,565.122,-0.0299881,3.145e-05,-0.00055271,0.0299932,100000,100000,1904.31,0,0.00500595,0.000537756,0,565.122,-0.0299881,3.145e-05,-0.00055271,0.0299932,100000,100000,1904.31,0,0.00500595,0.000537756,0,565.122,-0.0299881,3.145e-05,-0.00055271,0.0299932,100000,100000,1904.31,0,0.00500595,0.000537756,0,565.122,-0.0299881,3.145e-05,-0.00055271,0.0299932,100000,100000,1904.31,0,0.00500595,0.000537756,0,565.122,-0.0299881,3.145e-05,-0.00055271,0.0299932,100000,100000,1904.31,0,0.00500595,0.000537756,0,565.122,-0.0299881,3.145e-05,-0.00055271,0.0299932,100000,100000,1904.31,0,0,0,0,0,0,0,0,0,0,0,0,0,1
stats,313,1,314,0.00500595,0.000537756,0,565.122,-0.0299881,3.14502e-05,-0.000552711,0.0299932,100000,100000,1904.31,0,0.00500595,0.000537756,0,565.122,-0.0299881,3.14502e-05,-0.000552711,0.0299932,100000,100000,1904.31,0,0.00500595,0.000537756,0,565.122,-0.0299881,3.14502e-05,-0.000552711,0.0299932,100000,100000,1904.31,0,0.00500595,0.000537756,0,565.122,-0.0299881,3.14502e-05,-0.000552711,0.0299932,100000,100000,1904.31,0,0.00500595,0.000537756,0,565.122,-0.0299881,3.14502e-05,-0.000552711,0.0299932,100000,100000,1904.31,0,0.00500595,0.000537756,0,565.122,-0.0299881,3.14502e-05,-0.000552711,0.0299932,100000,100000,1904.31,0,0,0,0,0,0,0,0,0,0,0,0,0,1
stats,314,1,315,0.00500595,0.000537756,0,565.123,-0.0299881,3.14505e-05,-0.000552712,0.0299932,100000,100000,1904.31,0,0.00500595,0.000537756,0,565.123,-0.0299881,3.14505e-05,-0.000552712,0.0299932,100000,100000,1904.31,0,0.00500595,0.000537756,0,565.123,-0.0299881,3.14505e-05,-0.000552712,0.0299932,100000,100000,1904.31,0,0.00500595,0.000537756,0,565.123,-0.0299881,3.14505e-05,-0.000552712,0.0299932,100000,100000,1904.31,0,0.00500595,0.000537756,0,565.123,-0.0299881,3.14505e-05,-0.000552712,0.0299932,100000,100000,1904.31,0,0.00500595,0.000537756,0,565.123,-0.0299881,3.14505e-05,-0.000552712,0.0299932,100000,100000,1904.31,0,0,0,0,0,0,0,0,0,0,0,0,0,1
stats,315,1,316,0.00500595,0.000537756,0,565.123,-0.0299881,3.14509e-05,-0.000552714,0.0299932,100000,100000,1904.3,0,0.00500595,0.000537756,0,565.123,-0.0299881,3.14509e-05,-0.000552714,0.0299932,100000,100000,1904.3,0,0.00500595,0.000537756,0,565.123,-0.0299881,3.14509e-05,-0.000552714,0.0299932,100000,100000,1904.3,0,0.00500595,0.000537756,0,565.123,-0.0299881,3.14509e-05,-0.000552714,0.0299932,100000,100000,1904.3,0,0.00500595,0.000537756,0,565.123,-0.0299881,3.14509e-05,-0.000552714,0.0299932,100000,100000,1904.3,0,0.00500595,0.000537756,0,565.123,-0.0299881,3.14509e-05,-0.000552714,0.0299932,100000,100000,1904.3,0,0,0,0,0,0,0,0,0,0,0,0,0,1
stats,316,1,317,0.00500595,0.000537756,0,565.124,-0.0299881,3.14514e-05,-0.000552715,0.0299932,100000,100000,1904.3,0,0.00500595,0.000537756,0,565.124,-0.0299881,3.14514e-05,-0.000552715,0.0299932,100000,100000,1904.3,0,0.00500595,0.000537756,0,565.124,-0.0299881,3.14514e-05,-0.000552715,0.0299932,100000,100000,1904.3,0,0.00500595,0.000537756,0,565.124,-0.0299881,3.14514e-05,-0.000552715,0.0299932,100000,100000,1904.3,0,0.00500595,0.000537756,0,565.124,-0.0299881,3.14514e-05,-0.000552715,0.0299932,100000,100000,1904.3,0,0.00500595,0.000537756,0,565.124,-0.0299881,3.14514e-05,-0.000552715,0.0299932,100000,100000,1904.3,0,0,0,0,0,0,0,0,0,0,0,0,0,1
stats,317,1,318,0.00500595,0.000537756,0,565.124,-0.0299881,3.14519e-05,-0.000552715,0.0299932,100000,100000,1904.3,0,0.00500595,0.000537756,0,565.124,-0.0299881,3.14519e-05,-0.000552715,0.0299932,100000,100000,1904.3,0,0.00500595,0.000537756,0,565.124,-0.0299881,3.14519e-05,-0.000552715,0.0299932,100000,100000,1904.3,0,0.00500595,0.000537756,0,565.124,-0.0299881,3.14519e-05,-0.000552715,0.0299932,100000,100000,1904.3,0,0.00500595,0.000537756,0,565.124,-0.0299881,3.14519e-05,-0.000552715,0.0299932,100000,100000,1904.3,0,0.00500595,0.000537756,0,565.124,-0.0299881,3.14519e-05,-0.000552715,0.0299932,100000,100000,1904.3,0,0,0,0,0,0,0,0,0,0,0,0,0,1
stats,318,1,319,0.00500595,0.000537756,0,565.125,-0.0299881,3.14522e-05,-0.000552716,0.0299932,100000,100000,1904.3,0,0.00500595,0.000537756,0,565.125,-0.0299881,3.14522e-05,-0.000552716,0.0299932,100000,100000,1904.3,0,0.00500595,0.000537756,0,565.125,-0.0299881,3.14522e-05,-0.000552716,0.0299932,100000,100000,1904.3,0,0.00500595,0.000537756,0,565.125,-0.0299881,3.14522e-05,-0.000552716,0.0299932,100000,100000,1904.3,0,0.00500595,0.000537756,0,565.125,-0.0299881,3.14522e-05,-0.000552716,0.0299932,100000,100000,1904.3,0,0.00500595,0.000537756,0,565.125,-0.0299881,3.14522e-05,-0.000552716,0.0299932,100000,100000,1904.3,0,0,0,0,0,0,0,0,0,0,0,0,0,1
stats,319,1,320,0.00500595,0.000537756,0,565.125,-0.0299881,3.14524e-05,-0.000552716,0.0299932,100000,100000,1904.3,0,0.00500595,0.000537756,0,565.125,-0.0299881,3.14524e-05,-0.000552716,0.0299932,100000,100000,1904.3,0,0.00500595,0.000537756,0,565.125,-0.0299881,3.14524e-05,-0.000552716,0.0299932,100000,100000,1904.3,0,0.00500595,0.000537756,0,565.125,-0.0299881,3.14524e-05,-0.000552716,0.0299932,100000,100000,1904.3,0,0.00500595,0.000537756,0,565.125,-0.0299881,3.14524e-05,-0.000552716,0.0299932,100000,100000,1904.3,0,0.00500595,0.000537756,0,565.125,-0.0299881,3.14524e-05,-0.000552716,0.0299932,100000,100000,1904.3,0,0,0,0,0,0,0,0,0,0,0,0,0,1
stats,320,1,321,0.00500595,0.000537756,0,565.125,-0.0299881,3.14523e-05,-0.000552717,0.0299932,100000,100000,1904.3,0,0.00500595,0.000537756,0,565.125,-0.0299881,3.14523e-05,-0.000552717,0.0299932,100000,100000,1904.3,0,0.00500595,0.000537756,0,565.125,-0.0299881,3.14523e-05,-0.000552717,0.0299932,100000,100000,1904.3,0,0.00500595,0.000537756,0,565.125,-0.0299881,3.14523e-05,-0.000552717,0.0299932,100000,100000,1904.3,0,0.00500595,0.000537756,0,565.125,-0.0299881,3.14523e-05,-0.000552717,0.0299932,100000,100000,1904.3,0,0.00500595,0.000537756,0,565.125,-0.0299881,3.14523e-05,-0.000552717,0.0299932,100000,100000,1904.3,0,0,0,0,0,0,0,0,0,0,0,0,0,1
stats,321,1,322,0.00500595,0.000537756,0,565.126,-0.0299881,3.1452e-05,-0.000552716,0.0299932,100000,100000,1904.3,0,0.00500595,0.000537756,0,565.126,-0.0299881,3.1452e-05,-0.000552716,0.0299932,100000,100000,1904.3,0,0.00500595,0.000537756,0,565.126,-0.0299881,3.1452e-05,-0.000552716,0.0299932,100000,100000,1904.3,0,0.00500595,0.000537756,0,565.126,-0.0299881,3.1452e-05,-0.000552716,0.0299932,100000,100000,1904.3,0,0.00500595,0.000537756,0,565.126,-0.0299881,3.1452e-05,-0.000552716,0.0299932,100000,100000,1904.3,0,0.00500595,0.000537756,0,565.126,-0.0299881,3.1452e-05,-0.000552716,0.0299932,100000,100000,1904.3,0,0,0,0,0,0,0,0,0,0,0,0,0,1
stats,322,1,323,0.00500595,0.000537756,0,565.126,-0.0299881,3.14517e-05,-0.000552716,0.0299932,100000,100000,1904.3,0,0.00500595,0.000537756,0,565.126,-0.0299881,3.14517e-05,-0.000552716,0.0299932,100000,100000,1904.3,0,0.00500595,0.000537756,0,565.126,-0.0299881,3.14517e-05,-0.000552716,0.0299932,100000,100000,1904.3,0,0.00500595,0.000537756,0,565.126,-0.0299881,3.14517e-05,-0.000552716,0.0299932,100000,100000,1904.3,0,0.00500595,0.000537756,0,565.126,-0.0299881,3.14517e-05,-0.000552716,0.0299932,100000,100000,1904.3,0,0.00500595,0.000537756,0,565.126,-0.0299881,3.14517e-05,-0.000552716,0.0299932,100000,100000,1904.3,0,0,0,0,0,0,0,0,0,0,0,0,0,1
stats,323,1,324,0.00500595,0.000537756,0,565.127,-0.0299881,3.14516e-05,-0.000552716,0.0299932,100000,100000,1904.3,0,0.00500595,0.000537756,0,565.127,-0.0299881,3.14516e-05,-0.000552716,0.0299932,100000,100000,1904.3,0,0.00500595,0.000537756,0,565.127,-0.0299881,3.14516e-05,-0.000552716,0.0299932,100000,100000,1904.3,0,0.00500595,0.000537756,0,565.127,-0.0299881,3.14516e-05,-0.000552716,0.0299932,100000,100000,1904.3,0,0.00500595,0.000537756,0,565.127,-0.0299881,3.14516e-05,-0.000552716,0.0299932,100000,100000,1904.3,0,0.00500595,0.000537756,0,565.127,-0.0299881,3.14516e-05,-0.000552716,0.0299932,100000,100000,1904.3,0,0,0,0,0,0,0,0,0,0,0,0,0,1
stats,324,1,325,0.00500595,0.000537756,0,565.127,-0.0299881,3.14517e-05,-0.000552715,0.0299932,100000,100000,1904.3,0,0.00500595,0.000537756,0,565.127,-0.0299881,3.14517e-05,-0.000552715,0.0299932,100000,100000,1904.3,0,0.00500595,0.000537756,0,565.127,-0.0299881,3.14517e-05,-0.000552715,0.0299932,100000,100000,1904.3,0,0.00500595,0.000537756,0,565.127,-0.0299881,3.14517e-05,-0.000552715,0.0299932,100000,100000,1904.3,0,0.00500595,0.000537756,0,565.127,-0.0299881,3.14517e-05,-0.000552715,0.0299932,100000,100000,1904.3,0,0.00500595,0.000537756,0,565.127,-0.0299881,3.14517e-05,-0.000552715,0.0299932,100000,100000,1904.3,0,0,0,0,0,0,0,0,0,0,0,0,0,1
stats,325,1,326,0.00500595,0.000537756,0,565.127,-0.0299881,3.14521e-05,-0.000552715,0.0299932,100000,100000,1904.3,0,0.00500595,0.000537756,0,565.127,-0.0299881,3.14521e-05,-0.000552715,0.0299932,100000,100000,1904.3,0,0.00500595,0.000537756,0,565.127,-0.0299881,3.14521e-05,-0.000552715,0.0299932,100000,100000,1904.3,0,0.00500595,0.000537756,0,565.127,-0.0299881,3.14521e-05,-0.000552715,0.0299932,100000,100000,1904.3,0,0.00500595,0.000537756,0,565.127,-0.0299881,3.14521e-05,-0.000552715,0.0299932,100000,100000,1904.3,0,0.00500595,0.000537756,0,565.127,-0.0299881,3.14521e-05,-0.000552715,0.0299932,100000,100000,1904.3,0,0,0,0,0,0,0,0,0,0,0,0,0,1
stats,326,1,327,0.00500595,0.000537755,0,565.128,-0.0299881,3.14526e-05,-0.000552715,0.0299932,100000,100000,1904.3,0,0.00500595,0.000537755,0,565.128,-0.0299881,3.14526e-05,-0.000552715,0.0299932,100000,100000,1904.3,0,0.00500595,0.000537755,0,565.128,-0.0299881,3.14526e-05,-0.000552715,0.0299932,100000,100000,1904.3,0,0.00500595,0.000537755,0,565.128,-0.0299881,3.14526e-05,-0.000552715,0.0299932,100000,100000,1904.3,0,0.00500595,0.000537755,0,565.128,-0.0299881,3.14526e-05,-0.000552715,0.0299932,100000,100000,1904.3,0,0.00500595,0.000537755,0,565.128,-0.0299881,3.14526e-05,-0.000552715,0.0299932,100000,100000,1904.3,0,0,0,0,0,0,0,0,0,0,0,0,0,1
stats,327,1,328,0.00500595,0.000537755,0,565.128,-0.0299881,3.1453e-05,-0.000552716,0.0299932,100000,100000,1904.3,0,0.00500595,0.000537755,0,565.128,-0.0299881,3.1453e-05,-0.000552716,0.0299932,100000,100000,1904.3,0,0.00500595,0.000537755,0,565.128,-0.0299881,3.1453e-05,-0.000552716,0.0299932,100000,100000,1904.3,0,0.00500595,0.000537755,0,565.128,-0.0299881,3.1453e-05,-0.000552716,0.0299932,100000,100000,1904.3,0,0.00500595,0.000537755,0,565.128,-0.0299881,3.1453e-05,-0.000552716,0.0299932,100000,100000,1904.3,0,0.00500595,0.000537755,0,565.128,-0.0299881,3.1453e-05,-0.000552716,0.0299932,100000,100000,1904.3,0,0,0,0,0,0,0,0,0,0,0,0,0,1
stats,328,1,329,0.00500595,0.000537755,0,565.128,-0.0299881,3.14532e-05,-0.000552716,0.0299932,100000,100000,1904.3,0,0.00500595,0.000537755,0,565.128,-0.0299881,3.14532e-05,-0.000552716,0.0299932,100000,100000,1904.3,0,0.00500595,0.000537755,0,565.128,-0.0299881,3.14532e-05,-0.000552716,0.0299932,100000,100000,1904.3,0,0.00500595,0.000537755,0,565.128,-0.0299881,3.14532e-05,-0.000552716,0.0299932,100000,100000,1904.3,0,0.00500595,0.000537755,0,565.128,-0.0299881,3.14532e-05,-0.000552716,0.0299932,100000,100000,1904.3,0,0.00500595,0.000537755,0,565.128,-0.0299881,3.14532e-05,-0.000552716,0.0299932,100000,100000,1904.3,0,0,0,0,0,0,0,0,0,0,0,0,0,1
stats,329,1,330,0.00500595,0.000537755,0,565.129,-0.0299881,3.14532e-05,-0.000552717,0.0299932,100000,100000,1904.3,0,0.00500595,0.000537755,0,565.129,-0.0299881,3.14532e-05,-0.000552717,0.0299932,100000,100000,1904.3,0,0.00500595,0.000537755,0,565.129,-0.0299881,3.14532e-05,-0.000552717,0.0299932,100000,100000,1904.3,0,0.00500595,0.000537755,0,565.129,-0.0299881,3.14532e-05,-0.000552717,0.0299932,100000,100000,1904.3,0,0.00500595,0.000537755,0,565.129,-0.0299881,3.14532e-05,-0.000552717,0.0299932,100000,100000,1904.3,0,0.00500595,0.000537755,0,565.129,-0.0299881,3.14532e-05,-0.000552717,0.0299932,100000,100000,1904.3,0,0,0,0,0,0,0,0,0,0,0,0,0,1
stats,330,1,331,0.00500595,0.000537755,0,565.129,-0.0299881,3.14529e-05,-0.000552717,0.0299932,100000,100000,1904.3,0,0.00500595,0.000537755,0,565.129,-0.0299881,3.14529e-05,-0.000552717,0.0299932,100000,100000,1904.3,0,0.00500595,0.000537755,0,565.129,-0.0299881,3.14529e-05,-0.000552717,0.0299932,100000,100000,1904.3,0,0.00500595,0.000537755,0,565.129,-0.0299881,3.14529e-05,-0.000552717,0.0299932,100000,100000,1904.3,0,0.00500595,0.000537755,0,565.129,-0.0299881,3.14529e-05,-0.000552717,0.0299932,100000,100000,1904.3,0,0.00500595,0.000537755,0,565.129,-0.0299881,3.14529e-05,-0.000552717,0.0299932,100000,100000,1904.3,0,0,0,0,0,0,0,0,0,0,0,0,0,1
stats,331,1,332,0.00500595,0.000537755,0,565.129,-0.0299881,3.14526e-05,-0.000552718,0.0299932,100000,100000,1904.3,0,0.00500595,0.000537755,0,565.129,-0.0299881,3.14526e-05,-0.000552718,0.0299932,100000,100000,1904.3,0,0.00500595,0.000537755,0,565.129,-0.0299881,3.14526e-05,-0.000552718,0.0299932,100000,100000,1904.3,0,0.00500595,0.000537755,0,565.129,-0.0299881,3.14526e-05,-0.000552718,0.0299932,100000,100000,1904.3,0,0.00500595,0.000537755,0,565.129,-0.0299881,3.14526e-05,-0.000552718,0.0299932,100000,100000,1904.3,0,0.00500595,0.000537755,0,565.129,-0.0299881,3.14526e-05,-0.000552718,0.0299932,100000,100000,1904.3,0,0,0,0,0,0,0,0,0,0,0,0,0,1
stats,332,1,333,0.00500595,0.000537755,0,565.13,-0.0299881,3.14522e-05,-0.000552719,0.0299932,100000,100000,1904.3,0,0.00500595,0.000537755,0,565.13,-0.0299881,3.14522e-05,-0.000552719,0.0299932,100000,100000,1904.3,0,0.00500595,0.000537755,0,565.13,-0.0299881,3.14522e-05,-0.000552719,0.0299932,100000,100000,1904.3,0,0.00500595,0.000537755,0,565.13,-0.0299881,3.14522e-05,-0.000552719,0.0299932,100000,100000,1904.3,0,0.00500595,0.000537755,0,565.13,-0.0299881,3.14522e-05,-0.000552719,0.0299932,100000,100000,1904.3,0,0.00500595,0.000537755,0,565.13,-0.0299881,3.14522e-05,-0.000552719,0.0299932,100000,100000,1904.3,0,0,0,0,0,0,0,0,0,0,0,0,0,1
stats,333,1,334,0.00500595,0.000537755,0,565.13,-0.0299881,3.1452e-05,-0.00055272,0.0299932,100000,100000,1904.3,0,0.00500595,0.000537755,0,565.13,-0.0299881,3.1452e-05,-0.00055272,0.0299932,100000,100000,1904.3,0,0.00500595,0.000537755,0,565.13,-0.0299881,3.1452e-05,-0.00055272,0.0299932,100000,100000,1904.3,0,0.00500595,0.000537755,0,565.13,-0.0299881,3.1452e-05,-0.00055272,0.0299932,100000,100000,1904.3,0,0.00500595,0.000537755,0,565.13,-0.0299881,3.1452e-05,-0.00055272,0.0299932,100000,100000,1904.3,0,0.00500595,0.000537755,0,565.13,-0.0299881,3.1452e-05,-0.00055272,0.0299932,100000,100000,1904.3,0,0,0,0,0,0,0,0,0,0,0,0,0,1
stats,334,1,335,0.00500595,0.000537755,0,565.13,-0.0299881,3.14518e-05,-0.000552721,0.0299932,100000,100000,1904.3,0,0.00500595,0.000537755,0,565.13,-0.0299881,3.14518e-05,-0.000552721,0.0299932,100000,100000,1904.3,0,0.00500595,0.000537755,0,565.13,-0.0299881,3.14518e-05,-0.000552721,0.0299932,100000,100000,1904.3,0,0.00500595,0.000537755,0,565.13,-0.0299881,3.14518e-05,-0.000552721,0.0299932,100000,100000,1904.3,0,0.00500595,0.000537755,0,565.13,-0.0299881,3.14518e-05,-0.000552721,0.0299932,100000,100000,1904.3,0,0.00500595,0.000537755,0,565.13,-0.0299881,3.14518e-05,-0.000552721,0.0299932,100000,100000,1904.3,0,0,0,0,0,0,0,0,0,0,0,0,0,1
stats,335,1,336,0.00500595,0.000537755,0,565.131,-0.0299881,3.14517e-05,-0.000552722,0.0299932,100000,100000,1904.3,0,0.00500595,0.000537755,0,565.131,-0.0299881,3.14517e-05,-0.000552722,0.0299932,100000,100000,1904.3,0,0.00500595,0.000537755,0,565.131,-0.0299881,3.14517e-05,-0.000552722,0.0299932,100000,100000,1904.3,0,0.00500595,0.000537755,0,565.131,-0.0299881,3.14517e-05,-0.000552722,0.0299932,100000,100000,1904.3,0,0.00500595,0.000537755,0,565.131,-0.0299881,3.14517e-05,-0.000552722,0.0299932,100000,100000,1904.3,0,0.00500595,0.000537755,0,565.131,-0.0299881,3.14517e-05,-0.000552722,0.0299932,100000,100000,1904.3,0,0,0,0,0,0,0,0,0,0,0,0,0,1
stats,336,1,337,0.00500595,0.000537755,0,565.131,-0.0299881,3.14517e-05,-0.000552723,0.0299932,100000,100000,1904.3,0,0.00500595,0.000537755,0,565.131,-0.0299881,3.14517e-05,-0.000552723,0.0299932,100000,100000,1904.3,0,0.00500595,0.000537755,0,565.131,-0.0299881,3.14517e-05,-0.000552723,0.0299932,100000,100000,1904.3,0,0.00500595,0.000537755,0,565.131,-0.0299881,3.14517e-05,-0.000552723,0.0299932,100000,100000,1904.3,0,0.00500595,0.000537755,0,565.131,-0.0299881,3.14517e-05,-0.000552723,0.0299932,100000,100000,1904.3,0,0.00500595,0.000537755,0,565.131,-0.0299881,3.14517e-05,-0.000552723,0.0299932,100000,100000,1904.3,0,0,0,0,0,0,0,0,0,0,0,0,0,1
stats,337,1,338,0.00500595,0.000537755,0,565.131,-0.0299881,3.14515e-05,-0.000552724,0.0299932,100000,100000,1904.3,0,0.00500595,0.000537755,0,565.131,-0.0299881,3.14515e-05,-0.000552724,0.0299932,100000,100000,1904.3,0,0.00500595,0.000537755,0,565.131,-0.0299881,3.14515e-05,-0.000552724,0.0299932,100000,100000,1904.3,0,0.00500595,0.000537755,0,565.131,-0.0299881,3.14515e-05,-0.000552724,0.0299932,100000,100000,1904.3,0,0.00500595,0.000537755,0,565.131,-0.0299881,3.14515e-05,-0.000552724,0.0299932,100000,100000,1904.3,0,0.00500595,0.000537755,0,565.131,-0.0299881,3.14515e-05,-0.000552724,0.0299932,100000,100000,1904.3,0,0,0,0,0,0,0,0,0,0,0,0,0,1
stats,338,1,339,0.00500595,0.000537755,0,565.132,-0.0299881,3.14512e-05,-0.000552724,0.0299932,100000,100000,1904.3,0,0.00500595,0.000537755,0,565.132,-0.0299881,3.14512e-05,-0.000552724,0.0299932,100000,100000,1904.3,0,0.00500595,0.000537755,0,565.132,-0.0299881,3.14512e-05,-0.000552724,0.0299932,100000,100000,1904.3,0,0.00500595,0.000537755,0,565.132,-0.0299881,3.14512e-05,-0.000552724,0.0299932,100000,100000,1904.3,0,0.00500595,0.000537755,0,565.132,-0.0299881,3.14512e-05,-0.000552724,0.0299932,100000,100000,1904.3,0,0.00500595,0.000537755,0,565.132,-0.0299881,3.14512e-05,-0.000552724,0.0299932,100000,100000,1904.3,0,0,0,0,0,0,0,0,0,0,0,0,0,1
stats,339,1,340,0.00500595,0.000537755,0,565.132,-0.0299881,3.1451e-05,-0.000552724,0.0299932,100000,100000,1904.3,0,0.00500595,0.000537755,0,565.132,-0.0299881,3.1451e-05,-0.000552724,0.0299932,100000,100000,1904.3,0,0.00500595,0.000537755,0,565.132,-0.0299881,3.1451e-05,-0.000552724,0.0299932,100000,100000,1904.3,0,0.00500595,0.000537755,0,565.132,-0.0299881,3.1451e-05,-0.000552724,0.0299932,100000,100000,1904.3,0,0.00500595,0.000537755,0,565.132,-0.0299881,3.1451e-05,-0.000552724,0.0299932,100000,100000,1904.3,0,0.00500595,0.000537755,0,565.132,-0.0299881,3.1451e-05,-0.000552724,0.0299932,100000,100000,1904.3,0,0,0,0,0,0,0,0,0,0,0,0,0,1
stats,340,1,341,0.00500595,0.000537755,0,565.132,-0.0299881,3.14509e-05,-0.000552723,0.0299932,100000,100000,1904.3,0,0.00500595,0.000537755,0,565.132,-0.0299881,3.14509e-05,-0.000552723,0.0299932,100000,100000,1904.3,0,0.00500595,0.000537755,0,565.132,-0.0299881,3.14509e-05,-0.000552723,0.0299932,100000,100000,1904.3,0,0.00500595,0.000537755,0,565.132,-0.0299881,3.14509e-05,-0.000552723,0.0299932,100000,100000,1904.3,0,0.00500595,0.000537755,0,565.132,-0.0299881,3.14509e-05,-0.000552723,0.0299932,100000,100000,1904.3,0,0.00500595,0.000537755,0,565.132,-0.0299881,3.14509e-05,-0.000552723,0.0299932,100000,100000,1904.3,0,0,0,0,0,0,0,0,0,0,0,0,0,1
stats,341,1,342,0.00500595,0.000537755,0,565.133,-0.0299881,3.14511e-05,-0.000552723,0.0299932,100000,100000,1904.3,0,0.00500595,0.000537755,0,565.133,-0.0299881,3.14511e-05,-0.000552723,0.0299932,100000,100000,1904.3,0,0.00500595,0.000537755,0,565.133,-0.0299881,3.14511e-05,-0.000552723,0.0299932,100000,100000,1904.3,0,0.00500595,0.000537755,0,565.133,-0.0299881,3.14511e-05,-0.000552723,0.0299932,100000,100000,1904.3,0,0.00500595,0.000537755,0,565.133,-0.0299881,3.14511e-05,-0.000552723,0.0299932,100000,100000,1904.3,0,0.00500595,0.000537755,0,565.133,-0.0299881,3.14511e-05,-0.000552723,0.0299932,100000,100000,1904.3,0,0,0,0,0,0,0,0,0,0,0,0,0,1
stats,342,1,343,0.00500595,0.000537755,0,565.133,-0.0299881,3.14516e-05,-0.000552722,0.0299932,100000,100000,1904.3,0,0.00500595,0.000537755,0,565.133,-0.0299881,3.14516e-05,-0.000552722,0.0299932,100000,100000,1904.3,0,0.00500595,0.000537755,0,565.133,-0.0299881,3.14516e-05,-0.000552722,0.0299932,100000,100000,1904.3,0,0.00500595,0.000537755,0,565.133,-0.0299881,3.14516e-05,-0.000552722,0.0299932,100000,100000,1904.3,0,0.00500595,0.000537755,0,565.133,-0.0299881,3.14516e-05,-0.000552722,0.0299932,100000,100000,1904.3,0,0.00500595,0.000537755,0,565.133,-0.0299881,3.14516e-05,-0.000552722,0.0299932,100000,100000,1904.3,0,0,0,0,0,0,0,0,0,0,0,0,0,1
stats,343,1,344,0.00500595,0.000537755,0,565.133,-0.0299881,3.14524e-05,-0.000552722,0.0299932,100000,100000,1904.3,0,0.00500595,0.000537755,0,565.133,-0.0299881,3.14524e-05,-0.000552722,0.0299932,100000,100000,1904.3,0,0.00500595,0.000537755,0,565.133,-0.0299881,3.14524e-05,-0.000552722,0.0299932,100000,100000,1904.3,0,0.00500595,0.000537755,0,565.133,-0.0299881,3.14524e-05,-0.000552722,0.0299932,100000,100000,1904.3,0,0.00500595,0.000537755,0,565.133,-0.0299881,3.14524e-05,-0.000552722,0.0299932,100000,100000,1904.3,0,0.00500595,0.000537755,0,565.133,-0.0299881,3.14524e-05,-0.000552722,0.0299932,100000,100000,1904.3,0,0,0,0,0,0,0,0,0,0,0,0,0,1
stats,344,1,345,0.00500595,0.000537755,0,565.134,-0.0299881,3.14534e-05,-0.000552722,0.0299932,100000,100000,1904.3,0,0.00500595,0.000537755,0,565.134,-0.0299881,3.14534e-05,-0.000552722,0.0299932,100000,100000,1904.3,0,0.00500595,0.000537755,0,565.134,-0.0299881,3.14534e-05,-0.000552722,0.0299932,100000,100000,1904.3,0,0.00500595,0.000537755,0,565.134,-0.0299881,3.14534e-05,-0.000552722,0.0299932,100000,100000,1904.3,0,0.00500595,0.000537755,0,565.134,-0.0299881,3.14534e-05,-0.000552722,0.0299932,100000,100000,1904.3,0,0.00500595,0.000537755,0,565.134,-0.0299881,3.14534e-05,-0.000552722,0.0299932,100000,100000,1904.3,0,0,0,0,0,0,0,0,0,0,0,0,0,1
stats,345,1,346,0.00500595,0.000537755,0,565.134,-0.0299881,3.14543e-05,-0.000552723,0.0299932,100000,100000,1904.3,0,0.00500595,0.000537755,0,565.134,-0.0299881,3.14543e-05,-0.000552723,0.0299932,100000,100000,1904.3,0,0.00500595,0.000537755,0,565.134,-0.0299881,3.14543e-05,-0.000552723,0.0299932,100000,100000,1904.3,0,0.00500595,0.000537755,0,565.134,-0.0299881,3.14543e-05,-0.000552723,0.0299932,100000,100000,1904.3,0,0.00500595,0.000537755,0,565.134,-0.0299881,3.14543e-05,-0.000552723,0.0299932,100000,100000,1904.3,0,0.00500595,0.000537755,0,565.134,-0.0299881,3.14543e-05,-0.000552723,0.0299932,100000,100000,1904.3,0,0,0,0,0,0,0,0,0,0,0,0,0,1
stats,346,1,347,0.00500595,0.000537755,0,565.134,-0.0299881,3.1455e-05,-0.000552723,0.0299932,100000,100000,1904.3,0,0.00500595,0.000537755,0,565.134,-0.0299881,3.1455e-05,-0.000552723,0.0299932,100000,100000,1904.3,0,0.00500595,0.000537755,0,565.134,-0.0299881,3.1455e-05,-0.000552723,0.0299932,100000,100000,1904.3,0,0.00500595,0.000537755,0,565.134,-0.0299881,3.1455e-05,-0.000552723,0.0299932,100000,100000,1904.3,0,0.00500595,0.000537755,0,565.134,-0.0299881,3.1455e-05,-0.000552723,0.0299932,100000,100000,1904.3,0,0.00500595,0.000537755,0,565.134,-0.0299881,3.1455e-05,-0.000552723,0.0299932,100000,100000,1904.3,0,0,0,0,0,0,0,0,0,0,0,0,0,1
stats,347,1,348,0.00500595,0.000537755,0,565.134,-0.0299881,3.14553e-05,-0.000552723,0.0299932,100000,100000,1904.3,0,0.00500595,0.000537755,0,565.134,-0.0299881,3.14553e-05,-0.000552723,0.0299932,100000,100000,1904.3,0,0.00500595,0.000537755,0,565.134,-0.0299881,3.14553e-05,-0.000552723,0.0299932,100000,100000,1904.3,0,0.00500595,0.000537755,0,565.134,-0.0299881,3.14553e-05,-0.000552723,0.0299932,100000,100000,1904.3,0,0.00500595,0.000537755,0,565.134,-0.0299881,3.14553e-05,-0.000552723,0.0299932,100000,100000,1904.3,0,0.00500595,0.000537755,0,565.134,-0.0299881,3.14553e-05,-0.000552723,0.0299932,100000,100000,1904.3,0,0,0,0,0,0,0,0,0,0,0,0,0,1
stats,348,1,349,0.00500595,0.000537755,0,565.135,-0.0299881,3.14552e-05,-0.000552724,0.0299932,100000,100000,1904.3,0,0.00500595,0.000537755,0,565.135,-0.0299881,3.14552e-05,-0.000552724,0.0299932,100000,100000,1904.3,0,0.00500595,0.000537755,0,565.135,-0.0299881,3.14552e-05,-0.000552724,0.0299932,100000,100000,1904.3,0,0.00500595,0.000537755,0,565.135,-0.0299881,3.14552e-05,-0.000552724,0.0299932,100000,100000,1904.3,0,0.00500595,0.000537755,0,565.135,-0.0299881,3.14552e-05,-0.000552724,0.0299932,100000,100000,1904.3,0,0.00500595,0.000537755,0,565.135,-0.0299881,3.14552e-05,-0.000552724,0.0299932,100000,100000,1904.3,0,0,0,0,0,0,0,0,0,0,0,0,0,1
stats,349,1,350,0.00500595,0.000537755,0,565.135,-0.0299881,3.14549e-05,-0.000552724,0.0299932,100000,100000,1904.3,0,0.00500595,0.000537755,0,565.135,-0.0299881,3.14549e-05,-0.000552724,0.0299932,100000,100000,1904.3,0,0.00500595,0.000537755,0,565.135,-0.0299881,3.14549e-05,-0.000552724,0.0299932,100000,100000,1904.3,0,0.00500595,0.000537755,0,565.135,-0.0299881,3.14549e-05,-0.000552724,0.0299932,100000,100000,1904.3,0,0.00500595,0.000537755,0,565.135,-0.0299881,3.14549e-05,-0.000552724,0.0299932,100000,100000,1904.3,0,0.00500595,0.000537755,0,565.135,-0.0299881,3.14549e-05,-0.000552724,0.0299932,100000,100000,1904.3,0,0,0,0,0,0,0,0,0,0,0,0,0,1
stats,350,1,351,0.00500595,0.000537755,0,565.135,-0.0299881,3.14543e-05,-0.000552725,0.0299932,100000,100000,1904.3,0,0.00500595,0.000537755,0,565.135,-0.0299881,3.14543e-05,-0.000552725,0.0299932,100000,100000,1904.3,0,0.00500595,0.000537755,0,565.135,-0.0299881,3.14543e-05,-0.000552725,0.0299932,100000,100000,1904.3,0,0.00500595,0.000537755,0,565.135,-0.0299881,3.14543e-05,-0.000552725,0.0299932,100000,100000,1904.3,0,0.00500595,0.000537755,0,565.135,-0.0299881,3.14543e-05,-0.000552725,0.0299932,100000,100000,1904.3,0,0.00500595,0.000537755,0,565.135,-0.0299881,3.14543e-05,-0.000552725,0.0299932,100000,100000,1904.3,0,0,0,0,0,0,0,0,0,0,0,0,0,1
stats,351,1,352,0.00500595,0.000537755,0,565.135,-0.0299881,3.14537e-05,-0.000552726,0.0299932,100000,100000,1904.3,0,0.00500595,0.000537755,0,565.135,-0.0299881,3.14537e-05,-0.000552726,0.0299932,100000,100000,1904.3,0,0.00500595,0.000537755,0,565.135,-0.0299881,3.14537e-05,-0.000552726,0.0299932,100000,100000,1904.3,0,0.00500595,0.000537755,0,565.135,-0.0299881,3.14537e-05,-0.000552726,0.0299932,100000,100000,1904.3,0,0.00500595,0.000537755,0,565.135,-0.0299881,3.14537e-05,-0.000552726,0.0299932,100000,100000,1904.3,0,0.00500595,0.000537755,0,565.135,-0.0299881,3.14537e-05,-0.000552726,0.0299932,100000,100000,1904.3,0,0,0,0,0,0,0,0,0,0,0,0,0,1
stats,352,1,353,0.00500595,0.000537755,0,565.136,-0.0299881,3.1453e-05,-0.000552726,0.0299932,100000,100000,1904.3,0,0.00500595,0.000537755,0,565.136,-0.0299881,3.1453e-05,-0.000552726,0.0299932,100000,100000,1904.3,0,0.00500595,0.000537755,0,565.136,-0.0299881,3.1453e-05,-0.000552726,0.0299932,100000,100000,1904.3,0,0.00500595,0.000537755,0,565.136,-0.0299881,3.1453e-05,-0.000552726,0.0299932,100000,100000,1904.3,0,0.00500595,0.000537755,0,565.136,-0.0299881,3.1453e-05,-0.000552726,0.0299932,100000,100000,1904.3,0,0.00500595,0.000537755,0,565.136,-0.0299881,3.1453e-05,-0.000552726,0.0299932,100000,100000,1904.3,0,0,0,0,0,0,0,0,0,0,0,0,0,1
stats,353,1,354,0.00500595,0.000537755,0,565.136,-0.0299881,3.14522e-05,-0.000552727,0.0299932,100000,100000,1904.3,0,0.00500595,0.000537755,0,565.136,-0.0299881,3.14522e-05,-0.000552727,0.0299932,100000,100000,1904.3,0,0.00500595,0.000537755,0,565.136,-0.0299881,3.14522e-05,-0.000552727,0.0299932,100000,100000,1904.3,0,0.00500595,0.000537755,0,565.136,-0.0299881,3.14522e-05,-0.000552727,0.0299932,100000,100000,1904.3,0,0.00500595,0.000537755,0,565.136,-0.0299881,3.14522e-05,-0.000552727,0.0299932,100000,100000,1904.3,0,0.00500595,0.000537755,0,565.136,-0.0299881,3.14522e-05,-0.000552727,0.0299932,100000,100000,1904.3,0,0,0,0,0,0,0,0,0,0,0,0,0,1
stats,354,1,355,0.00500595,0.000537755,0,565.136,-0.0299881,3.14514e-05,-0.000552728,0.0299932,100000,100000,1904.3,0,0.00500595,0.000537755,0,565.136,-0.0299881,3.14514e-05,-0.000552728,0.0299932,100000,100000,1904.3,0,0.00500595,0.000537755,0,565.136,-0.0299881,3.14514e-05,-0.000552728,0.0299932,100000,100000,1904.3,0,0.00500595,0.000537755,0,565.136,-0.0299881,3.14514e-05,-0.000552728,0.0299932,100000,100000,1904.3,0,0.00500595,0.000537755,0,565.136,-0.0299881,3.14514e-05,-0.000552728,0.0299932,100000,100000,1904.3,0,0.00500595,0.000537755,0,565.136,-0.0299881,3.14514e-05,-0.000552728,0.0299932,100000,100000,1904.3,0,0,0,0,0,0,0,0,0,0,0,0,0,1
stats,355,1,356,0.00500595,0.000537755,0,565.136,-0.0299881,3.14505e-05,-0.000552729,0.0299932,100000,100000,1904.3,0,0.00500595,0.000537755,0,565.136,-0.0299881,3.14505e-05,-0.000552729,0.0299932,100000,100000,1904.3,0,0.00500595,0.000537755,0,565.136,-0.0299881,3.14505e-05,-0.000552729,0.0299932,100000,100000,1904.3,0,0.00500595,0.000537755,0,565.136,-0.0299881,3.14505e-05,-0.000552729,0.0299932,100000,100000,1904.3,0,0.00500595,0.000537755,0,565.136,-0.0299881,3.14505e-05,-0.000552729,0.0299932,100000,100000,1904.3,0,0.00500595,0.000537755,0,565.136,-0.0299881,3.14505e-05,-0.000552729,0.0299932,100000,100000,1904.3,0,0,0,0,0,0,0,0,0,0,0,0,0,1
stats,356,1,357,0.00500595,0.000537755,0,565.137,-0.0299881,3.14497e-05,-0.000552729,0.0299932,100000,100000,1904.3,0,0.00500595,0.000537755,0,565.137,-0.0299881,3.14497e-05,-0.000552729,0.0299932,100000,100000,1904.3,0,0.00500595,0.000537755,0,565.137,-0.0299881,3.14497e-05,-0.000552729,0.0299932,100000,100000,1904.3,0,0.00500595,0.000537755,0,565.137,-0.0299881,3.14497e-05,-0.000552729,0.0299932,100000,100000,1904.3,0,0.00500595,0.000537755,0,565.137,-0.0299881,3.14497e-05,-0.000552729,0.0299932,100000,100000,1904.3,0,0.00500595,0.000537755,0,565.137,-0.0299881,3.14497e-05,-0.000552729,0.0299932,100000,100000,1904.3,0,0,0,0,0,0,0,0,0,0,0,0,0,1
stats,357,1,358,0.00500595,0.000537755,0,565.137,-0.0299881,3.14492e-05,-0.000552729,0.0299932,100000,100000,1904.3,0,0.00500595,0.000537755,0,565.137,-0.0299881,3.14492e-05,-0.000552729,0.0299932,100000,100000,1904.3,0,0.00500595,0.000537755,0,565.137,-0.0299881,3.14492e-05,-0.000552729,0.0299932,100000,100000,1904.3,0,0.00500595,0.000537755,0,565.137,-0.0299881,3.14492e-05,-0.000552729,0.0299932,100000,100000,1904.3,0,0.00500595,0.000537755,0,565.137,-0.0299881,3.14492e-05,-0.000552729,0.0299932,100000,100000,1904.3,0,0.00500595,0.000537755,0,565.137,-0.0299881,3.14492e-05,-0.000552729,0.0299932,100000,100000,1904.3,0,0,0,0,0,0,0,0,0,0,0,0,0,1
stats,358,1,359,0.00500595,0.000537755,0,565.137,-0.0299881,3.1449e-05,-0.000552729,0.0299932,100000,100000,1904.3,0,0.00500595,0.000537755,0,565.137,-0.0299881,3.1449e-05,-0.000552729,0.0299932,100000,100000,1904.3,0,0.00500595,0.000537755,0,565.137,-0.0299881,3.1449e-05,-0.000552729,0.0299932,100000,100000,1904.3,0,0.00500595,0.000537755,0,565.137,-0.0299881,3.1449e-05,-0.000552729,0.0299932,100000,100000,1904.3,0,0.00500595,0.000537755,0,565.137,-0.0299881,3.1449e-05,-0.000552729,0.0299932,100000,100000,1904.3,0,0.00500595,0.000537755,0,565.137,-0.0299881,3.1449e-05,-0.000552729,0.0299932,100000,100000,1904.3,0,0,0,0,0,0,0,0,0,0,0,0,0,1
stats,359,1,360,0.00500595,0.000537755,0,565.137,-0.0299881,3.14493e-05,-0.000552729,0.0299932,100000,100000,1904.3,0,0.00500595,0.000537755,0,565.137,-0.0299881,3.14493e-05,-0.000552729,0.0299932,100000,100000,1904.3,0,0.00500595,0.000537755,0,565.137,-0.0299881,3.14493e-05,-0.000552729,0.0299932,100000,100000,1904.3,0,0.00500595,0.000537755,0,565.137,-0.0299881,3.14493e-05,-0.000552729,0.0299932,100000,100000,1904.3,0,0.00500595,0.000537755,0,565.137,-0.0299881,3.14493e-05,-0.000552729,0.0299932,100000,100000,1904.3,0,0.00500595,0.000537755,0,565.137,-0.0299881,3.14493e-05,-0.000552729,0.0299932,100000,100000,1904.3,0,0,0,0,0,0,0,0,0,0,0,0,0,1
stats,360,1,361,0.00500595,0.000537755,0,565.138,-0.0299881,3.145e-05,-0.000552728,0.0299932,100000,100000,1904.3,0,0.00500595,0.000537755,0,565.138,-0.0299881,3.145e-05,-0.000552728,0.0299932,100000,100000,1904.3,0,0.00500595,0.000537755,0,565.138,-0.0299881,3.145e-05,-0.000552728,0.0299932,100000,100000,1904.3,0,0.00500595,0.000537755,0,565.138,-0.0299881,3.145e-05,-0.000552728,0.0299932,100000,100000,1904.3,0,0.00500595,0.000537755,0,565.138,-0.0299881,3.145e-05,-0.000552728,0.0299932,100000,100000,1904.3,0,0.00500595,0.000537755,0,565.138,-0.0299881,3.145e-05,-0.000552728,0.0299932,100000,100000,1904.3,0,0,0,0,0,0,0,0,0,0,0,0,0,1
stats,361,1,362,0.00500595,0.000537755,0,565.138,-0.0299881,3.1451e-05,-0.000552728,0.0299932,100000,100000,1904.3,0,0.00500595,0.000537755,0,565.138,-0.0299881,3.1451e-05,-0.000552728,0.0299932,100000,100000,1904.3,0,0.00500595,0.000537755,0,565.138,-0.0299881,3.1451e-05,-0.000552728,0.0299932,100000,100000,1904.3,0,0.00500595,0.000537755,0,565.138,-0.0299881,3.1451e-05,-0.000552728,0.0299932,100000,100000,1904.3,0,0.00500595,0.000537755,0,565.138,-0.0299881,3.1451e-05,-0.000552728,0.0299932,100000,100000,1904.3,0,0.00500595,0.000537755,0,565.138,-0.0299881,3.1451e-05,-0.000552728,0.0299932,100000,100000,1904.3,0,0,0,0,0,0,0,0,0,0,0,0,0,1
stats,362,1,363,0.00500595,0.000537755,0,565.138,-0.0299881,3.14523e-05,-0.000552728,0.0299932,100000,100000,1904.3,0,0.00500595,0.000537755,0,565.138,-0.0299881,3.14523e-05,-0.000552728,0.0299932,100000,100000,1904.3,0,0.00500595,0.000537755,0,565.138,-0.0299881,3.14523e-05,-0.000552728,0.0299932,100000,100000,1904.3,0,0.00500595,0.000537755,0,565.138,-0.0299881,3.14523e-05,-0.000552728,0.0299932,100000,100000,1904.3,0,0.00500595,0.000537755,0,565.138,-0.0299881,3.14523e-05,-0.000552728,0.0299932,100000,100000,1904.3,0,0.00500595,0.000537755,0,565.138,-0.0299881,3.14523e-05,-0.000552728,0.0299932,100000,100000,1904.3,0,0,0,0,0,0,0,0,0,0,0,0,0,1
stats,363,1,364,0.00500595,0.000537755,0,565.138,-0.0299881,3.14535e-05,-0.000552728,0.0299932,100000,100000,1904.3,0,0.00500595,0.000537755,0,565.138,-0.0299881,3.14535e-05,-0.000552728,0.0299932,100000,100000,1904.3,0,0.00500595,0.000537755,0,565.138,-0.0299881,3.14535e-05,-0.000552728,0.0299932,100000,100000,1904.3,0,0.00500595,0.000537755,0,565.138,-0.0299881,3.14535e-05,-0.000552728,0.0299932,100000,100000,1904.3,0,0.00500595,0.000537755,0,565.138,-0.0299881,3.14535e-05,-0.000552728,0.0299932,100000,100000,1904.3,0,0.00500595,0.000537755,0,565.138,-0.0299881,3.14535e-05,-0.000552728,0.0299932,100000,100000,1904.3,0,0,0,0,0,0,0,0,0,0,0,0,0,1
stats,364,1,365,0.00500595,0.000537755,0,565.139,-0.0299881,3.14545e-05,-0.000552729,0.0299932,100000,100000,1904.3,0,0.00500595,0.000537755,0,565.139,-0.0299881,3.14545e-05,-0.000552729,0.0299932,100000,100000,1904.3,0,0.00500595,0.000537755,0,565.139,-0.0299881,3.14545e-05,-0.000552729,0.0299932,100000,100000,1904.3,0,0.00500595,0.000537755,0,565.139,-0.0299881,3.14545e-05,-0.000552729,0.0299932,100000,100000,1904.3,0,0.00500595,0.000537755,0,565.139,-0.0299881,3.14545e-05,-0.000552729,0.0299932,100000,100000,1904.3,0,0.00500595,0.000537755,0,565.139,-0.0299881,3.14545e-05,-0.000552729,0.0299932,100000,100000,1904.3,0,0,0,0,0,0,0,0,0,0,0,0,0,1
stats,365,1,366,0.00500595,0.000537755,0,565.139,-0.0299881,3.14553e-05,-0.000552729,0.0299932,100000,100000,1904.3,0,0.00500595,0.000537755,0,565.139,-0.0299881,3.14553e-05,-0.000552729,0.0299932,100000,100000,1904.3,0,0.00500595,0.000537755,0,565.139,-0.0299881,3.14553e-05,-0.000552729,0.0299932,100000,100000,1904.3,0,0.00500595,0.000537755,0,565.139,-0.0299881,3.14553e-05,-0.000552729,0.0299932,100000,100000,1904.3,0,0.00500595,0.000537755,0,565.139,-0.0299881,3.14553e-05,-0.000552729,0.0299932,100000,100000,1904.3,0,0.00500595,0.000537755,0,565.139,-0.0299881,3.14553e-05,-0.000552729,0.0299932,100000,100000,1904.3,0,0,0,0,0,0,0,0,0,0,0,0,0,1
stats,366,1,367,0.00500595,0.000537755,0,565.139,-0.0299881,3.14558e-05,-0.000552729,0.0299932,100000,100000,1904.29,0,0.00500595,0.000537755,0,565.139,-0.0299881,3.14558e-05,-0.000552729,0.0299932,100000,100000,1904.29,0,0.00500595,0.000537755,0,565.139,-0.0299881,3.14558e-05,-0.000552729,0.0299932,100000,100000,1904.29,0,0.00500595,0.000537755,0,565.139,-0.0299881,3.14558e-05,-0.000552729,0.0299932,100000,100000,1904.29,0,0.00500595,0.000537755,0,565.139,-0.0299881,3.14558e-05,-0.000552729,0.0299932,100000,100000,1904.29,0,0.00500595,0.000537755,0,565.139,-0.0299881,3.14558e-05,-0.000552729,0.0299932,100000,100000,1904.29,0,0,0,0,0,0,0,0,0,0,0,0,0,1
stats,367,1,368,0.00500595,0.000537755,0,565.139,-0.0299881,3.14559e-05,-0.00055273,0.0299932,100000,100000,1904.29,0,0.00500595,0.000537755,0,565.139,-0.0299881,3.14559e-05,-0.00055273,0.0299932,100000,100000,1904.29,0,0.00500595,0.000537755,0,565.139,-0.0299881,3.14559e-05,-0.00055273,0.0299932,100000,100000,1904.29,0,0.00500595,0.000537755,0,565.139,-0.0299881,3.14559e-05,-0.00055273,0.0299932,100000,100000,1904.29,0,0.00500595,0.000537755,0,565.139,-0.0299881,3.14559e-05,-0.00055273,0.0299932,100000,100000,1904.29,0,0.00500595,0.000537755,0,565.139,-0.0299881,3.14559e-05,-0.00055273,0.0299932,100000,100000,1904.29,0,0,0,0,0,0,0,0,0,0,0,0,0,1
stats,368,1,369,0.00500595,0.000537755,0,565.14,-0.0299881,3.14556e-05,-0.00055273,0.0299932,100000,100000,1904.29,0,0.00500595,0.000537755,0,565.14,-0.0299881,3.14556e-05,-0.00055273,0.0299932,100000,100000,1904.29,0,0.00500595,0.000537755,0,565.14,-0.0299881,3.14556e-05,-0.00055273,0.0299932,100000,100000,1904.29,0,0.00500595,0.000537755,0,565.14,-0.0299881,3.14556e-05,-0.00055273,0.0299932,100000,100000,1904.29,0,0.00500595,0.000537755,0,565.14,-0.0299881,3.14556e-05,-0.00055273,0.0299932,100000,100000,1904.29,0,0.00500595,0.000537755,0,565.14,-0.0299881,3.14556e-05,-0.00055273,0.0299932,100000,100000,1904.29,0,0,0,0,0,0,0,0,0,0,0,0,0,1
stats,369,1,370,0.00500595,0.000537755,0,565.14,-0.0299881,3.14551e-05,-0.000552731,0.0299932,100000,100000,1904.29,0,0.00500595,0.000537755,0,565.14,-0.0299881,3.14551e-05,-0.000552731,0.0299932,100000,100000,1904.29,0,0.00500595,0.000537755,0,565.14,-0.0299881,3.14551e-05,-0.000552731,0.0299932,100000,100000,1904.29,0,0.00500595,0.000537755,0,565.14,-0.0299881,3.14551e-05,-0.000552731,0.0299932,100000,100000,1904.29,0,0.00500595,0.000537755,0,565.14,-0.0299881,3.14551e-05,-0.000552731,0.0299932,100000,100000,1904.29,0,0.00500595,0.000537755,0,565.14,-0.0299881,3.14551e-05,-0.000552731,0.0299932,100000,100000,1904.29,0,0,0,0,0,0,0,0,0,0,0,0,0,1
stats,370,1,371,0.00500595,0.000537755,0,565.14,-0.0299881,3.14542e-05,-0.000552731,0.0299932,100000,100000,1904.29,0,0.00500595,0.000537755,0,565.14,-0.0299881,3.14542e-05,-0.000552731,0.0299932,100000,100000,1904.29,0,0.00500595,0.000537755,0,565.14,-0.0299881,3.14542e-05,-0.000552731,0.0299932,100000,100000,1904.29,0,0.00500595,0.000537755,0,565.14,-0.0299881,3.14542e-05,-0.000552731,0.0299932,100000,100000,1904.29,0,0.00500595,0.000537755,0,565.14,-0.0299881,3.14542e-05,-0.000552731,0.0299932,100000,100000,1904.29,0,0.00500595,0.000537755,0,565.14,-0.0299881,3.14542e-05,-0.000552731,0.0299932,100000,100000,1904.29,0,0,0,0,0,0,0,0,0,0,0,0,0,1
stats,371,1,372,0.00500595,0.000537755,0,565.14,-0.0299881,3.1453e-05,-0.000552732,0.0299932,100000,100000,1904.29,0,0.00500595,0.000537755,0,565.14,-0.0299881,3.1453e-05,-0.000552732,0.0299932,100000,100000,1904.29,0,0.00500595,0.000537755,0,565.14,-0.0299881,3.1453e-05,-0.000552732,0.0299932,100000,100000,1904.29,0,0.00500595,0.000537755,0,565.14,-0.0299881,3.1453e-05,-0.000552732,0.0299932,100000,100000,1904.29,0,0.00500595,0.000537755,0,565.14,-0.0299881,3.1453e-05,-0.000552732,0.0299932,100000,100000,1904.29,0,0.00500595,0.000537755,0,565.14,-0.0299881,3.1453e-05,-0.000552732,0.0299932,100000,100000,1904.29,0,0,0,0,0,0,0,0,0,0,0,0,0,1
stats,372,1,373,0.00500595,0.000537755,0,565.14,-0.0299881,3.14516e-05,-0.000552732,0.0299932,100000,100000,1904.29,0,0.00500595,0.000537755,0,565.14,-0.0299881,3.14516e-05,-0.000552732,0.0299932,100000,100000,1904.29,0,0.00500595,0.000537755,0,565.14,-0.0299881,3.14516e-05,-0.000552732,0.0299932,100000,100000,1904.29,0,0.00500595,0.000537755,0,565.14,-0.0299881,3.14516e-05,-0.000552732,0.0299932,100000,100000,1904.29,0,0.00500595,0.000537755,0,565.14,-0.0299881,3.14516e-05,-0.000552732,0.0299932,100000,100000,1904.29,0,0.00500595,0.000537755,0,565.14,-0.0299881,3.14516e-05,-0.000552732,0.0299932,100000,100000,1904.29,0,0,0,0,0,0,0,0,0,0,0,0,0,1
stats,373,1,374,0.00500595,0.000537755,0,565.14,-0.0299881,3.14501e-05,-0.000552733,0.0299932,100000,100000,1904.29,0,0.00500595,0.000537755,0,565.14,-0.0299881,3.14501e-05,-0.000552733,0.0299932,100000,100000,1904.29,0,0.00500595,0.000537755,0,565.14,-0.0299881,3.14501e-05,-0.000552733,0.0299932,100000,100000,1904.29,0,0.00500595,0.000537755,0,565.14,-0.0299881,3.14501e-05,-0.000552733,0.0299932,100000,100000,1904.29,0,0.00500595,0.000537755,0,565.14,-0.0299881,3.14501e-05,-0.000552733,0.0299932,100000,100000,1904.29,0,0.00500595,0.000537755,0,565.14,-0.0299881,3.14501e-05,-0.000552733,0.0299932,100000,100000,1904.29,0,0,0,0,0,0,0,0,0,0,0,0,0,1
stats,374,1,375,0.00500595,0.000537755,0,565.141,-0.0299881,3.14488e-05,-0.000552733,0.0299932,100000,100000,1904.29,0,0.00500595,0.000537755,0,565.141,-0.0299881,3.14488e-05,-0.000552733,0.0299932,100000,100000,1904.29,0,0.00500595,0.000537755,0,565.141,-0.0299881,3.14488e-05,-0.000552733,0.0299932,100000,100000,1904.29,0,0.00500595,0.000537755,0,565.141,-0.0299881,3.14488e-05,-0.000552733,0.0299932,100000,100000,1904.29,0,0.00500595,0.000537755,0,565.141,-0.0299881,3.14488e-05,-0.000552733,0.0299932,100000,100000,1904.29,0,0.00500595,0.000537755,0,565.141,-0.0299881,3.14488e-05,-0.000552733,0.0299932,100000,100000,1904.29,0,0,0,0,0,0,0,0,0,0,0,0,0,1
stats,375,1,376,0.00500595,0.000537755,0,565.141,-0.0299881,3.14478e-05,-0.000552733,0.0299932,100000,100000,1904.29,0,0.00500595,0.000537755,0,565.141,-0.0299881,3.14478e-05,-0.000552733,0.0299932,100000,100000,1904.29,0,0.00500595,0.000537755,0,565.141,-0.0299881,3.14478e-05,-0.000552733,0.0299932,100000,100000,1904.29,0,0.00500595,0.000537755,0,565.141,-0.0299881,3.14478e-05,-0.000552733,0.0299932,100000,100000,1904.29,0,0.00500595,0.000537755,0,565.141,-0.0299881,3.14478e-05,-0.000552733,0.0299932,100000,100000,1904.29,0,0.00500595,0.000537755,0,565.141,-0.0299881,3.14478e-05,-0.000552733,0.0299932,100000,100000,1904.29,0,0,0,0,0,0,0,0,0,0,0,0,0,1
stats,376,1,377,0.00500595,0.000537755,0,565.141,-0.0299881,3.14473e-05,-0.000552733,0.0299932,100000,100000,1904.29,0,0.00500595,0.000537755,0,565.141,-0.0299881,3.14473e-05,-0.000552733,0.0299932,100000,100000,1904.29,0,0.00500595,0.000537755,0,565.141,-0.0299881,3.14473e-05,-0.000552733,0.0299932,100000,100000,1904.29,0,0.00500595,0.000537755,0,565.141,-0.0299881,3.14473e-05,-0.000552733,0.0299932,100000,100000,1904.29,0,0.00500595,0.000537755,0,565.141,-0.0299881,3.14473e-05,-0.000552733,0.0299932,100000,100000,1904.29,0,0.00500595,0.000537755,0,565.141,-0.0299881,3.14473e-05,-0.000552733,0.0299932,100000,100000,1904.29,0,0,0,0,0,0,0,0,0,0,0,0,0,1
stats,377,1,378,0.00500595,0.000537755,0,565.141,-0.0299881,3.14474e-05,-0.000552733,0.0299932,100000,100000,1904.29,0,0.00500595,0.000537755,0,565.141,-0.0299881,3.14474e-05,-0.000552733,0.0299932,100000,100000,1904.29,0,0.00500595,0.000537755,0,565.141,-0.0299881,3.14474e-05,-0.000552733,0.0299932,100000,100000,1904.29,0,0.00500595,0.000537755,0,565.141,-0.0299881,3.14474e-05,-0.000552733,0.0299932,100000,100000,1904.29,0,0.00500595,0.000537755,0,565.141,-0.0299881,3.14474e-05,-0.000552733,0.0299932,100000,100000,1904.29,0,0.00500595,0.000537755,0,565.141,-0.0299881,3.14474e-05,-0.000552733,0.0299932,100000,100000,1904.29,0,0,0,0,0,0,0,0,0,0,0,0,0,1
stats,378,1,379,0.00500595,0.000537755,0,565.141,-0.0299881,3.14482e-05,-0.000552733,0.0299932,100000,100000,1904.29,0,0.00500595,0.000537755,0,565.141,-0.0299881,3.14482e-05,-0.000552733,0.0299932,100000,100000,1904.29,0,0.00500595,0.000537755,0,565.141,-0.0299881,3.14482e-05,-0.000552733,0.0299932,100000,100000,1904.29,0,0.00500595,0.000537755,0,565.141,-0.0299881,3.14482e-05,-0.000552733,0.0299932,100000,100000,1904.29,0,0.00500595,0.000537755,0,565.141,-0.0299881,3.14482e-05,-0.000552733,0.0299932,100000,100000,1904.29,0,0.00500595,0.000537755,0,565.141,-0.0299881,3.14482e-05,-0.000552733,0.0299932,100000,100000,1904.29,0,0,0,0,0,0,0,0,0,0,0,0,0,1
stats,379,1,380,0.00500595,0.000537755,0,565.142,-0.0299881,3.14494e-05,-0.000552733,0.0299932,100000,100000,1904.29,0,0.00500595,0.000537755,0,565.142,-0.0299881,3.14494e-05,-0.000552733,0.0299932,100000,100000,1904.29,0,0.00500595,0.000537755,0,565.142,-0.0299881,3.14494e-05,-0.000552733,0.0299932,100000,100000,1904.29,0,0.00500595,0.000537755,0,565.142,-0.0299881,3.14494e-05,-0.000552733,0.0299932,100000,100000,1904.29,0,0.00500595,0.000537755,0,565.142,-0.0299881,3.14494e-05,-0.000552733,0.0299932,100000,100000,1904.29,0,0.00500595,0.000537755,0,565.142,-0.0299881,3.14494e-05,-0.000552733,0.0299932,100000,100000,1904.29,0,0,0,0,0,0,0,0,0,0,0,0,0,1
stats,380,1,381,0.00500595,0.000537755,0,565.142,-0.0299881,3.14507e-05,-0.000552733,0.0299932,100000,100000,1904.29,0,0.00500595,0.000537755,0,565.142,-0.0299881,3.14507e-05,-0.000552733,0.0299932,100000,100000,1904.29,0,0.00500595,0.000537755,0,565.142,-0.0299881,3.14507e-05,-0.000552733,0.0299932,100000,100000,1904.29,0,0.00500595,0.000537755,0,565.142,-0.0299881,3.14507e-05,-0.000552733,0.0299932,100000,100000,1904.29,0,0.00500595,0.000537755,0,565.142,-0.0299881,3.14507e-05,-0.000552733,0.0299932,100000,100000,1904.29,0,0.00500595,0.000537755,0,565.142,-0.0299881,3.14507e-05,-0.000552733,0.0299932,100000,100000,1904.29,0,0,0,0,0,0,0,0,0,0,0,0,0,1
stats,381,1,382,0.00500595,0.000537755,0,565.142,-0.0299881,3.14521e-05,-0.000552733,0.0299932,100000,100000,1904.29,0,0.00500595,0.000537755,0,565.142,-0.0299881,3.14521e-05,-0.000552733,0.0299932,100000,100000,1904.29,0,0.00500595,0.000537755,0,565.142,-0.0299881,3.14521e-05,-0.000552733,0.0299932,100000,100000,1904.29,0,0.00500595,0.000537755,0,565.142,-0.0299881,3.14521e-05,-0.000552733,0.0299932,100000,100000,1904.29,0,0.00500595,0.000537755,0,565.142,-0.0299881,3.14521e-05,-0.000552733,0.0299932,100000,100000,1904.29,0,0.00500595,0.000537755,0,565.142,-0.0299881,3.14521e-05,-0.000552733,0.0299932,100000,100000,1904.29,0,0,0,0,0,0,0,0,0,0,0,0,0,1
stats,382,1,383,0.00500595,0.000537755,0,565.142,-0.0299881,3.14533e-05,-0.000552733,0.0299932,100000,100000,1904.29,0,0.00500595,0.000537755,0,565.142,-0.0299881,3.14533e-05,-0.000552733,0.0299932,100000,100000,1904.29,0,0.00500595,0.000537755,0,565.142,-0.0299881,3.14533e-05,-0.000552733,0.0299932,100000,100000,1904.29,0,0.00500595,0.000537755,0,565.142,-0.0299881,3.14533e-05,-0.000552733,0.0299932,100000,100000,1904.29,0,0.00500595,0.000537755,0,565.142,-0.0299881,3.14533e-05,-0.000552733,0.0299932,100000,100000,1904.29,0,0.00500595,0.000537755,0,565.142,-0.0299881,3.14533e-05,-0.000552733,0.0299932,100000,100000,1904.29,0,0,0,0,0,0,0,0,0,0,0,0,0,1
stats,383,1,384,0.00500595,0.000537755,0,565.142,-0.0299881,3.14543e-05,-0.000552734,0.0299932,100000,100000,1904.29,0,0.00500595,0.000537755,0,565.142,-0.0299881,3.14543e-05,-0.000552734,0.0299932,100000,100000,1904.29,0,0.00500595,0.000537755,0,565.142,-0.0299881,3.14543e-05,-0.000552734,0.0299932,100000,100000,1904.29,0,0.00500595,0.000537755,0,565.142,-0.0299881,3.14543e-05,-0.000552734,0.0299932,100000,100000,1904.29,0,0.00500595,0.000537755,0,565.142,-0.0299881,3.14543e-05,-0.000552734,0.0299932,100000,100000,1904.29,0,0.00500595,0.000537755,0,565.142,-0.0299881,3.14543e-05,-0.000552734,0.0299932,100000,100000,1904.29,0,0,0,0,0,0,0,0,0,0,0,0,0,1
stats,384,1,385,0.00500595,0.000537755,0,565.143,-0.0299881,3.14552e-05,-0.000552734,0.0299932,100000,100000,1904.29,0,0.00500595,0.000537755,0,565.143,-0.0299881,3.14552e-05,-0.000552734,0.0299932,100000,100000,1904.29,0,0.00500595,0.000537755,0,565.143,-0.0299881,3.14552e-05,-0.000552734,0.0299932,100000,100000,1904.29,0,0.00500595,0.000537755,0,565.143,-0.0299881,3.14552e-05,-0.000552734,0.0299932,100000,100000,1904.29,0,0.00500595,0.000537755,0,565.143,-0.0299881,3.14552e-05,-0.000552734,0.0299932,100000,100000,1904.29,0,0.00500595,0.000537755,0,565.143,-0.0299881,3.14552e-05,-0.000552734,0.0299932,100000,100000,1904.29,0,0,0,0,0,0,0,0,0,0,0,0,0,1
stats,385,1,386,0.00500595,0.000537755,0,565.143,-0.0299881,3.14559e-05,-0.000552734,0.0299932,100000,100000,1904.29,0,0.00500595,0.000537755,0,565.143,-0.0299881,3.14559e-05,-0.000552734,0.0299932,100000,100000,1904.29,0,0.00500595,0.000537755,0,565.143,-0.0299881,3.14559e-05,-0.000552734,0.0299932,100000,100000,1904.29,0,0.00500595,0.000537755,0,565.143,-0.0299881,3.14559e-05,-0.000552734,0.0299932,100000,100000,1904.29,0,0.00500595,0.000537755,0,565.143,-0.0299881,3.14559e-05,-0.000552734,0.0299932,100000,100000,1904.29,0,0.00500595,0.000537755,0,565.143,-0.0299881,3.14559e-05,-0.000552734,0.0299932,100000,100000,1904.29,0,0,0,0,0,0,0,0,0,0,0,0,0,1
stats,386,1,387,0.00500595,0.000537755,0,565.143,-0.0299881,3.14562e-05,-0.000552735,0.0299932,100000,100000,1904.29,0,0.00500595,0.000537755,0,565.143,-0.0299881,3.14562e-05,-0.000552735,0.0299932,100000,100000,1904.29,0,0.00500595,0.000537755,0,565.143,-0.0299881,3.14562e-05,-0.000552735,0.0299932,100000,100000,1904.29,0,0.00500595,0.000537755,0,565.143,-0.0299881,3.14562e-05,-0.000552735,0.0299932,100000,100000,1904.29,0,0.00500595,0.000537755,0,565.143,-0.0299881,3.14562e-05,-0.000552735,0.0299932,100000,100000,1904.29,0,0.00500595,0.000537755,0,565.143,-0.0299881,3.14562e-05,-0.000552735,0.0299932,100000,100000,1904.29,0,0,0,0,0,0,0,0,0,0,0,0,0,1
stats,387,1,388,0.00500595,0.000537755,0,565.143,-0.0299881,3.14562e-05,-0.000552735,0.0299932,100000,100000,1904.29,0,0.00500595,0.000537755,0,565.143,-0.0299881,3.14562e-05,-0.000552735,0.0299932,100000,100000,1904.29,0,0.00500595,0.000537755,0,565.143,-0.0299881,3.14562e-05,-0.000552735,0.0299932,100000,100000,1904.29,0,0.00500595,0.000537755,0,565.143,-0.0299881,3.14562e-05,-0.000552735,0.0299932,100000,100000,1904.29,0,0.00500595,0.000537755,0,565.143,-0.0299881,3.14562e-05,-0.000552735,0.0299932,100000,100000,1904.29,0,0.00500595,0.000537755,0,565.143,-0.0299881,3.14562e-05,-0.000552735,0.0299932,100000,100000,1904.29,0,0,0,0,0,0,0,0,0,0,0,0,0,1
stats,388,1,389,0.00500595,0.000537755,0,565.143,-0.0299881,3.14556e-05,-0.000552735,0.0299932,100000,100000,1904.29,0,0.00500595,0.000537755,0,565.143,-0.0299881,3.14556e-05,-0.000552735,0.0299932,100000,100000,1904.29,0,0.00500595,0.000537755,0,565.143,-0.0299881,3.14556e-05,-0.000552735,0.0299932,100000,100000,1904.29,0,0.00500595,0.000537755,0,565.143,-0.0299881,3.14556e-05,-0.000552735,0.0299932,100000,100000,1904.29,0,0.00500595,0.000537755,0,565.143,-0.0299881,3.14556e-05,-0.000552735,0.0299932,100000,100000,1904.29,0,0.00500595,0.000537755,0,565.143,-0.0299881,3.14556e-05,-0.000552735,0.0299932,100000,100000,1904.29,0,0,0,0,0,0,0,0,0,0,0,0,0,1
stats,389,1,390,0.00500595,0.000537755,0,565.143,-0.0299881,3.14545e-05,-0.000552736,0.0299932,100000,100000,1904.29,0,0.00500595,0.000537755,0,565.143,-0.0299881,3.14545e-05,-0.000552736,0.0299932,100000,100000,1904.29,0,0.00500595,0.000537755,0,565.143,-0.0299881,3.14545e-05,-0.000552736,0.0299932,100000,100000,1904.29,0,0.00500595,0.000537755,0,565.143,-0.0299881,3.14545e-05,-0.000552736,0.0299932,100000,100000,1904.29,0,0.00500595,0.000537755,0,565.143,-0.0299881,3.14545e-05,-0.000552736,0.0299932,100000,100000,1904.29,0,0.00500595,0.000537755,0,565.143,-0.0299881,3.14545e-05,-0.000552736,0.0299932,100000,100000,1904.29,0,0,0,0,0,0,0,0,0,0,0,0,0,1
stats,390,1,391,0.00500595,0.000537755,0,565.143,-0.0299881,3.1453e-05,-0.000552736,0.0299932,100000,100000,1904.29,0,0.00500595,0.000537755,0,565.143,-0.0299881,3.1453e-05,-0.000552736,0.0299932,100000,100000,1904.29,0,0.00500595,0.000537755,0,565.143,-0.0299881,3.1453e-05,-0.000552736,0.0299932,100000,100000,1904.29,0,0.00500595,0.000537755,0,565.143,-0.0299881,3.1453e-05,-0.000552736,0.0299932,100000,100000,1904.29,0,0.00500595,0.000537755,0,565.143,-0.0299881,3.1453e-05,-0.000552736,0.0299932,100000,100000,1904.29,0,0.00500595,0.000537755,0,565.143,-0.0299881,3.1453e-05,-0.000552736,0.0299932,100000,100000,1904.29,0,0,0,0,0,0,0,0,0,0,0,0,0,1
stats,391,1,392,0.00500595,0.000537755,0,565.144,-0.0299881,3.14512e-05,-0.000552736,0.0299932,100000,100000,1904.29,0,0.00500595,0.000537755,0,565.144,-0.0299881,3.14512e-05,-0.000552736,0.0299932,100000,100000,1904.29,0,0.00500595,0.000537755,0,565.144,-0.0299881,3.14512e-05,-0.000552736,0.0299932,100000,100000,1904.29,0,0.00500595,0.000537755,0,565.144,-0.0299881,3.14512e-05,-0.000552736,0.0299932,100000,100000,1904.29,0,0.00500595,0.000537755,0,565.144,-0.0299881,3.14512e-05,-0.000552736,0.0299932,100000,100000,1904.29,0,0.00500595,0.000537755,0,565.144,-0.0299881,3.14512e-05,-0.000552736,0.0299932,100000,100000,1904.29,0,0,0,0,0,0,0,0,0,0,0,0,0,1
stats,392,1,393,0.00500595,0.000537755,0,565.144,-0.0299881,3.14495e-05,-0.000552736,0.0299932,100000,100000,1904.29,0,0.00500595,0.000537755,0,565.144,-0.0299881,3.14495e-05,-0.000552736,0.0299932,100000,100000,1904.29,0,0.00500595,0.000537755,0,565.144,-0.0299881,3.14495e-05,-0.000552736,0.0299932,100000,100000,1904.29,0,0.00500595,0.000537755,0,565.144,-0.0299881,3.14495e-05,-0.000552736,0.0299932,100000,100000,1904.29,0,0.00500595,0.000537755,0,565.144,-0.0299881,3.14495e-05,-0.000552736,0.0299932,100000,100000,1904.29,0,0.00500595,0.000537755,0,565.144,-0.0299881,3.14495e-05,-0.000552736,0.0299932,100000,100000,1904.29,0,0,0,0,0,0,0,0,0,0,0,0,0,1
stats,393,1,394,0.00500595,0.000537755,0,565.144,-0.0299881,3.14481e-05,-0.000552735,0.0299932,100000,100000,1904.29,0,0.00500595,0.000537755,0,565.144,-0.0299881,3.14481e-05,-0.000552735,0.0299932,100000,100000,1904.29,0,0.00500595,0.000537755,0,565.144,-0.0299881,3.14481e-05,-0.000552735,0.0299932,100000,100000,1904.29,0,0.00500595,0.000537755,0,565.144,-0.0299881,3.14481e-05,-0.000552735,0.0299932,100000,100000,1904.29,0,0.00500595,0.000537755,0,565.144,-0.0299881,3.14481e-05,-0.000552735,0.0299932,100000,100000,1904.29,0,0.00500595,0.000537755,0,565.144,-0.0299881,3.14481e-05,-0.000552735,0.0299932,100000,100000,1904.29,0,0,0,0,0,0,0,0,0,0,0,0,0,1
stats,394,1,395,0.00500595,0.000537755,0,565.144,-0.0299881,3.14473e-05,-0.000552735,0.0299932,100000,100000,1904.29,0,0.00500595,0.000537755,0,565.144,-0.0299881,3.14473e-05,-0.000552735,0.0299932,100000,100000,1904.29,0,0.00500595,0.000537755,0,565.144,-0.0299881,3.14473e-05,-0.000552735,0.0299932,100000,100000,1904.29,0,0.00500595,0.000537755,0,565.144,-0.0299881,3.14473e-05,-0.000552735,0.0299932,100000,100000,1904.29,0,0.00500595,0.000537755,0,565.144,-0.0299881,3.14473e-05,-0.000552735,0.0299932,100000,100000,1904.29,0,0.00500595,0.000537755,0,565.144,-0.0299881,3.14473e-05,-0.000552735,0.0299932,100000,100000,1904.29,0,0,0,0,0,0,0,0,0,0,0,0,0,1
stats,395,1,396,0.00500595,0.000537755,0,565.144,-0.0299881,3.1447e-05,-0.000552735,0.0299932,100000,100000,1904.29,0,0.00500595,0.000537755,0,565.144,-0.0299881,3.1447e-05,-0.000552735,0.0299932,100000,100000,1904.29,0,0.00500595,0.000537755,0,565.144,-0.0299881,3.1447e-05,-0.000552735,0.0299932,100000,100000,1904.29,0,0.00500595,0.000537755,0,565.144,-0.0299881,3.1447e-05,-0.000552735,0.0299932,100000,100000,1904.29,0,0.00500595,0.000537755,0,565.144,-0.0299881,3.1447e-05,-0.000552735,0.0299932,100000,100000,1904.29,0,0.00500595,0.000537755,0,565.144,-0.0299881,3.1447e-05,-0.000552735,0.0299932,100000,100000,1904.29,0,0,0,0,0,0,0,0,0,0,0,0,0,1
stats,396,1,397,0.00500595,0.000537755,0,565.144,-0.0299881,3.14474e-05,-0.000552736,0.0299932,100000,100000,1904.29,0,0.00500595,0.000537755,0,565.144,-0.0299881,3.14474e-05,-0.000552736,0.0299932,100000,100000,1904.29,0,0.00500595,0.000537755,0,565.144,-0.0299881,3.14474e-05,-0.000552736,0.0299932,100000,100000,1904.29,0,0.00500595,0.000537755,0,565.144,-0.0299881,3.14474e-05,-0.000552736,0.0299932,100000,100000,1904.29,0,0.00500595,0.000537755,0,565.144,-0.0299881,3.14474e-05,-0.000552736,0.0299932,100000,100000,1904.29,0,0.00500595,0.000537755,0,565.144,-0.0299881,3.14474e-05,-0.000552736,0.0299932,100000,100000,1904.29,0,0,0,0,0,0,0,0,0,0,0,0,0,1
stats,397,1,398,0.00500595,0.000537755,0,565.145,-0.0299881,3.14483e-05,-0.000552736,0.0299932,100000,100000,1904.29,0,0.00500595,0.000537755,0,565.145,-0.0299881,3.14483e-05,-0.000552736,0.0299932,100000,100000,1904.29,0,0.00500595,0.000537755,0,565.145,-0.0299881,3.14483e-05,-0.000552736,0.0299932,100000,100000,1904.29,0,0.00500595,0.000537755,0,565.145,-0.0299881,3.14483e-05,-0.000552736,0.0299932,100000,100000,1904.29,0,0.00500595,0.000537755,0,565.145,-0.0299881,3.14483e-05,-0.000552736,0.0299932,100000,100000,1904.29,0,0.00500595,0.000537755,0,565.145,-0.0299881,3.14483e-05,-0.000552736,0.0299932,100000,100000,1904.29,0,0,0,0,0,0,0,0,0,0,0,0,0,1
stats,398,1,399,0.00500595,0.000537755,0,565.145,-0.0299881,3.14494e-05,-0.000552737,0.0299932,100000,100000,1904.29,0,0.00500595,0.000537755,0,565.145,-0.0299881,3.14494e-05,-0.000552737,0.0299932,100000,100000,1904.29,0,0.00500595,0.000537755,0,565.145,-0.0299881,3.14494e-05,-0.000552737,0.0299932,100000,100000,1904.29,0,0.00500595,0.000537755,0,565.145,-0.0299881,3.14494e-05,-0.000552737,0.0299932,100000,100000,1904.29,0,0.00500595,0.000537755,0,565.145,-0.0299881,3.14494e-05,-0.000552737,0.0299932,100000,100000,1904.29,0,0.00500595,0.000537755,0,565.145,-0.0299881,3.14494e-05,-0.000552737,0.0299932,100000,100000,1904.29,0,0,0,0,0,0,0,0,0,0,0,0,0,1
stats,399,1,400,0.00500595,0.000537755,0,565.145,-0.0299881,3.14507e-05,-0.000552737,0.0299932,100000,100000,1904.29,0,0.00500595,0.000537755,0,565.145,-0.0299881,3.14507e-05,-0.000552737,0.0299932,100000,100000,1904.29,0,0.00500595,0.000537755,0,565.145,-0.0299881,3.14507e-05,-0.000552737,0.0299932,100000,100000,1904.29,0,0.00500595,0.000537755,0,565.145,-0.0299881,3.14507e-05,-0.000552737,0.0299932,100000,100000,1904.29,0,0.00500595,0.000537755,0,565.145,-0.0299881,3.14507e-05,-0.000552737,0.0299932,100000,100000,1904.29,0,0.00500595,0.000537755,0,565.145,-0.0299881,3.14507e-05,-0.000552737,0.0299932,100000,100000,1904.29,0,0,0,0,0,0,0,0,0,0,0,0,0,1
stats,400,1,401,0.00500595,0.000537755,0,565.145,-0.0299881,3.14519e-05,-0.000552738,0.0299932,100000,100000,1904.29,0,0.00500595,0.000537755,0,565.145,-0.0299881,3.14519e-05,-0.000552738,0.0299932,100000,100000,1904.29,0,0.00500595,0.000537755,0,565.145,-0.0299881,3.14519e-05,-0.000552738,0.0299932,100000,100000,1904.29,0,0.00500595,0.000537755,0,565.145,-0.0299881,3.14519e-05,-0.000552738,0.0299932,100000,100000,1904.29,0,0.00500595,0.000537755,0,565.145,-0.0299881,3.14519e-05,-0.000552738,0.0299932,100000,100000,1904.29,0,0.00500595,0.000537755,0,565.145,-0.0299881,3.14519e-05,-0.000552738,0.0299932,100000,100000,1904.29,0,0,0,0,0,0,0,0,0,0,0,0,0,1
stats,401,1,402,0.00500595,0.000537755,0,565.145,-0.0299881,3.14531e-05,-0.000552738,0.0299932,100000,100000,1904.29,0,0.00500595,0.000537755,0,565.145,-0.0299881,3.14531e-05,-0.000552738,0.0299932,100000,100000,1904.29,0,0.00500595,0.000537755,0,565.145,-0.0299881,3.14531e-05,-0.000552738,0.0299932,100000,100000,1904.29,0,0.00500595,0.000537755,0,565.145,-0.0299881,3.14531e-05,-0.000552738,0.0299932,100000,100000,1904.29,0,0.00500595,0.000537755,0,565.145,-0.0299881,3.14531e-05,-0.000552738,0.0299932,100000,100000,1904.29,0,0.00500595,0.000537755,0,565.145,-0.0299881,3.14531e-05,-0.000552738,0.0299932,100000,100000,1904.29,0,0,0,0,0,0,0,0,0,0,0,0,0,1
stats,402,1,403,0.00500595,0.000537755,0,565.145,-0.0299881,3.14542e-05,-0.000552738,0.0299932,100000,100000,1904.29,0,0.00500595,0.000537755,0,565.145,-0.0299881,3.14542e-05,-0.000552738,0.0299932,100000,100000,1904.29,0,0.00500595,0.000537755,0,565.145,-0.0299881,3.14542e-05,-0.000552738,0.0299932,100000,100000,1904.29,0,0.00500595,0.000537755,0,565.145,-0.0299881,3.14542e-05,-0.000552738,0.0299932,100000,100000,1904.29,0,0.00500595,0.000537755,0,565.145,-0.0299881,3.14542e-05,-0.000552738,0.0299932,100000,100000,1904.29,0,0.00500595,0.000537755,0,565.145,-0.0299881,3.14542e-05,-0.000552738,0.0299932,100000,100000,1904.29,0,0,0,0,0,0,0,0,0,0,0,0,0,1
stats,403,1,404,0.00500595,0.000537755,0,565.145,-0.0299881,3.14551e-05,-0.000552738,0.0299932,100000,100000,1904.29,0,0.00500595,0.000537755,0,565.145,-0.0299881,3.14551e-05,-0.000552738,0.0299932,100000,100000,1904.29,0,0.00500595,0.000537755,0,565.145,-0.0299881,3.14551e-05,-0.000552738,0.0299932,100000,100000,1904.29,0,0.00500595,0.000537755,0,565.145,-0.0299881,3.14551e-05,-0.000552738,0.0299932,100000,100000,1904.29,0,0.00500595,0.000537755,0,565.145,-0.0299881,3.14551e-05,-0.000552738,0.0299932,100000,100000,1904.29,0,0.00500595,0.000537755,0,565.145,-0.0299881,3.14551e-05,-0.000552738,0.0299932,100000,100000,1904.29,0,0,0,0,0,0,0,0,0,0,0,0,0,1
stats,404,1,405,0.00500595,0.000537755,0,565.146,-0.0299881,3.14557e-05,-0.000552739,0.0299932,100000,100000,1904.29,0,0.00500595,0.000537755,0,565.146,-0.0299881,3.14557e-05,-0.000552739,0.0299932,100000,100000,1904.29,0,0.00500595,0.000537755,0,565.146,-0.0299881,3.14557e-05,-0.000552739,0.0299932,100000,100000,1904.29,0,0.00500595,0.000537755,0,565.146,-0.0299881,3.14557e-05,-0.000552739,0.0299932,100000,100000,1904.29,0,0.00500595,0.000537755,0,565.146,-0.0299881,3.14557e-05,-0.000552739,0.0299932,100000,100000,1904.29,0,0.00500595,0.000537755,0,565.146,-0.0299881,3.14557e-05,-0.000552739,0.0299932,100000,100000,1904.29,0,0,0,0,0,0,0,0,0,0,0,0,0,1
stats,405,1,406,0.00500595,0.000537755,0,565.146,-0.0299881,3.1456e-05,-0.000552739,0.0299932,100000,100000,1904.29,0,0.00500595,0.000537755,0,565.146,-0.0299881,3.1456e-05,-0.000552739,0.0299932,100000,100000,1904.29,0,0.00500595,0.000537755,0,565.146,-0.0299881,3.1456e-05,-0.000552739,0.0299932,100000,100000,1904.29,0,0.00500595,0.000537755,0,565.146,-0.0299881,3.1456e-05,-0.000552739,0.0299932,100000,100000,1904.29,0,0.00500595,0.000537755,0,565.146,-0.0299881,3.1456e-05,-0.000552739,0.0299932,100000,100000,1904.29,0,0.00500595,0.000537755,0,565.146,-0.0299881,3.1456e-05,-0.000552739,0.0299932,100000,100000,1904.29,0,0,0,0,0,0,0,0,0,0,0,0,0,1
stats,406,1,407,0.00500595,0.000537755,0,565.146,-0.0299881,3.14559e-05,-0.000552739,0.0299932,100000,100000,1904.29,0,0.00500595,0.000537755,0,565.146,-0.0299881,3.14559e-05,-0.000552739,0.0299932,100000,100000,1904.29,0,0.00500595,0.000537755,0,565.146,-0.0299881,3.14559e-05,-0.000552739,0.0299932,100000,100000,1904.29,0,0.00500595,0.000537755,0,565.146,-0.0299881,3.14559e-05,-0.000552739,0.0299932,100000,100000,1904.29,0,0.00500595,0.000537755,0,565.146,-0.0299881,3.14559e-05,-0.000552739,0.0299932,100000,100000,1904.29,0,0.00500595,0.000537755,0,565.146,-0.0299881,3.14559e-05,-0.000552739,0.0299932,100000,100000,1904.29,0,0,0,0,0,0,0,0,0,0,0,0,0,1
stats,407,1,408,0.00500595,0.000537755,0,565.146,-0.0299881,3.14553e-05,-0.000552739,0.0299932,100000,100000,1904.29,0,0.00500595,0.000537755,0,565.146,-0.0299881,3.14553e-05,-0.000552739,0.0299932,100000,100000,1904.29,0,0.00500595,0.000537755,0,565.146,-0.0299881,3.14553e-05,-0.000552739,0.0299932,100000,100000,1904.29,0,0.00500595,0.000537755,0,565.146,-0.0299881,3.14553e-05,-0.000552739,0.0299932,100000,100000,1904.29,0,0.00500595,0.000537755,0,565.146,-0.0299881,3.14553e-05,-0.000552739,0.0299932,100000,100000,1904.29,0,0.00500595,0.000537755,0,565.146,-0.0299881,3.14553e-05,-0.000552739,0.0299932,100000,100000,1904.29,0,0,0,0,0,0,0,0,0,0,0,0,0,1
stats,408,1,409,0.00500595,0.000537755,0,565.146,-0.0299881,3.14543e-05,-0.000552739,0.0299932,100000,100000,1904.29,0,0.00500595,0.000537755,0,565.146,-0.0299881,3.14543e-05,-0.000552739,0.0299932,100000,100000,1904.29,0,0.00500595,0.000537755,0,565.146,-0.0299881,3.14543e-05,-0.000552739,0.0299932,100000,100000,1904.29,0,0.00500595,0.000537755,0,565.146,-0.0299881,3.14543e-05,-0.000552739,0.0299932,100000,100000,1904.29,0,0.00500595,0.000537755,0,565.146,-0.0299881,3.14543e-05,-0.000552739,0.0299932,100000,100000,1904.29,0,0.00500595,0.000537755,0,565.146,-0.0299881,3.14543e-05,-0.000552739,0.0299932,100000,100000,1904.29,0,0,0,0,0,0,0,0,0,0,0,0,0,1
stats,409,1,410,0.00500595,0.000537755,0,565.146,-0.0299881,3.14529e-05,-0.000552739,0.0299932,100000,100000,1904.29,0,0.00500595,0.000537755,0,565.146,-0.0299881,3.14529e-05,-0.000552739,0.0299932,100000,100000,1904.29,0,0.00500595,0.000537755,0,565.146,-0.0299881,3.14529e-05,-0.000552739,0.0299932,100000,100000,1904.29,0,0.00500595,0.000537755,0,565.146,-0.0299881,3.14529e-05,-0.000552739,0.0299932,100000,100000,1904.29,0,0.00500595,0.000537755,0,565.146,-0.0299881,3.14529e-05,-0.000552739,0.0299932,100000,100000,1904.29,0,0.00500595,0.000537755,0,565.146,-0.0299881,3.14529e-05,-0.000552739,0.0299932,100000,100000,1904.29,0,0,0,0,0,0,0,0,0,0,0,0,0,1
stats,410,1,411,0.00500595,0.000537755,0,565.146,-0.0299881,3.14514e-05,-0.000552738,0.0299932,100000,100000,1904.29,0,0.00500595,0.000537755,0,565.146,-0.0299881,3.14514e-05,-0.000552738,0.0299932,100000,100000,1904.29,0,0.00500595,0.000537755,0,565.146,-0.0299881,3.14514e-05,-0.000552738,0.0299932,100000,100000,1904.29,0,0.00500595,0.000537755,0,565.146,-0.0299881,3.14514e-05,-0.000552738,0.0299932,100000,100000,1904.29,0,0.00500595,0.000537755,0,565.146,-0.0299881,3.14514e-05,-0.000552738,0.0299932,100000,100000,1904.29,0,0.00500595,0.000537755,0,565.146,-0.0299881,3.14514e-05,-0.000552738,0.0299932,100000,100000,1904.29,0,0,0,0,0,0,0,0,0,0,0,0,0,1
stats,411,1,412,0.00500595,0.000537755,0,565.146,-0.0299881,3.14501e-05,-0.000552738,0.0299932,100000,100000,1904.29,0,0.00500595,0.000537755,0,565.146,-0.0299881,3.14501e-05,-0.000552738,0.0299932,100000,100000,1904.29,0,0.00500595,0.000537755,0,565.146,-0.0299881,3.14501e-05,-0.000552738,0.0299932,100000,100000,1904.29,0,0.00500595,0.000537755,0,565.146,-0.0299881,3.14501e-05,-0.000552738,0.0299932,100000,100000,1904.29,0,0.00500595,0.000537755,0,565.146,-0.0299881,3.14501e-05,-0.000552738,0.0299932,100000,100000,1904.29,0,0.00500595,0.000537755,0,565.146,-0.0299881,3.14501e-05,-0.000552738,0.0299932,100000,100000,1904.29,0,0,0,0,0,0,0,0,0,0,0,0,0,1
stats,412,1,413,0.00500595,0.000537755,0,565.147,-0.0299881,3.14492e-05,-0.000552737,0.0299932,100000,100000,1904.29,0,0.00500595,0.000537755,0,565.147,-0.0299881,3.14492e-05,-0.000552737,0.0299932,100000,100000,1904.29,0,0.00500595,0.000537755,0,565.147,-0.0299881,3.14492e-05,-0.000552737,0.0299932,100000,100000,1904.29,0,0.00500595,0.000537755,0,565.147,-0.0299881,3.14492e-05,-0.000552737,0.0299932,100000,100000,1904.29,0,0.00500595,0.000537755,0,565.147,-0.0299881,3.14492e-05,-0.000552737,0.0299932,100000,100000,1904.29,0,0.00500595,0.000537755,0,565.147,-0.0299881,3.14492e-05,-0.000552737,0.0299932,100000,100000,1904.29,0,0,0,0,0,0,0,0,0,0,0,0,0,1
stats,413,1,414,0.00500595,0.000537755,0,565.147,-0.0299881,3.14487e-05,-0.000552737,0.0299932,100000,100000,1904.29,0,0.00500595,0.000537755,0,565.147,-0.0299881,3.14487e-05,-0.000552737,0.0299932,100000,100000,1904.29,0,0.00500595,0.000537755,0,565.147,-0.0299881,3.14487e-05,-0.000552737,0.0299932,100000,100000,1904.29,0,0.00500595,0.000537755,0,565.147,-0.0299881,3.14487e-05,-0.000552737,0.0299932,100000,100000,1904.29,0,0.00500595,0.000537755,0,565.147,-0.0299881,3.14487e-05,-0.000552737,0.0299932,100000,100000,1904.29,0,0.00500595,0.000537755,0,565.147,-0.0299881,3.14487e-05,-0.000552737,0.0299932,100000,100000,1904.29,0,0,0,0,0,0,0,0,0,0,0,0,0,1
stats,414,1,415,0.00500595,0.000537755,0,565.147,-0.0299881,3.14486e-05,-0.000552737,0.0299932,100000,100000,1904.29,0,0.00500595,0.000537755,0,565.147,-0.0299881,3.14486e-05,-0.000552737,0.0299932,100000,100000,1904.29,0,0.00500595,0.000537755,0,565.147,-0.0299881,3.14486e-05,-0.000552737,0.0299932,100000,100000,1904.29,0,0.00500595,0.000537755,0,565.147,-0.0299881,3.14486e-05,-0.000552737,0.0299932,100000,100000,1904.29,0,0.00500595,0.000537755,0,565.147,-0.0299881,3.14486e-05,-0.000552737,0.0299932,100000,100000,1904.29,0,0.00500595,0.000537755,0,565.147,-0.0299881,3.14486e-05,-0.000552737,0.0299932,100000,100000,1904.29,0,0,0,0,0,0,0,0,0,0,0,0,0,1
stats,415,1,416,0.00500595,0.000537755,0,565.147,-0.0299881,3.14488e-05,-0.000552738,0.0299932,100000,100000,1904.29,0,0.00500595,0.000537755,0,565.147,-0.0299881,3.14488e-05,-0.000552738,0.0299932,100000,100000,1904.29,0,0.00500595,0.000537755,0,565.147,-0.0299881,3.14488e-05,-0.000552738,0.0299932,100000,100000,1904.29,0,0.00500595,0.000537755,0,565.147,-0.0299881,3.14488e-05,-0.000552738,0.0299932,100000,100000,1904.29,0,0.00500595,0.000537755,0,565.147,-0.0299881,3.14488e-05,-0.000552738,0.0299932,100000,100000,1904.29,0,0.00500595,0.000537755,0,565.147,-0.0299881,3.14488e-05,-0.000552738,0.0299932,100000,100000,1904.29,0,0,0,0,0,0,0,0,0,0,0,0,0,1
stats,416,1,417,0.00500595,0.000537755,0,565.147,-0.0299881,3.14493e-05,-0.000552738,0.0299932,100000,100000,1904.29,0,0.00500595,0.000537755,0,565.147,-0.0299881,3.14493e-05,-0.000552738,0.0299932,100000,100000,1904.29,0,0.00500595,0.000537755,0,565.147,-0.0299881,3.14493e-05,-0.000552738,0.0299932,100000,100000,1904.29,0,0.00500595,0.000537755,0,565.147,-0.0299881,3.14493e-05,-0.000552738,0.0299932,100000,100000,1904.29,0,0.00500595,0.000537755,0,565.147,-0.0299881,3.14493e-05,-0.000552738,0.0299932,100000,100000,1904.29,0,0.00500595,0.000537755,0,565.147,-0.0299881,3.14493e-05,-0.000552738,0.0299932,100000,100000,1904.29,0,0,0,0,0,0,0,0,0,0,0,0,0,1
stats,417,1,418,0.00500595,0.000537755,0,565.147,-0.0299881,3.145e-05,-0.000552739,0.0299932,100000,100000,1904.29,0,0.00500595,0.000537755,0,565.147,-0.0299881,3.145e-05,-0.000552739,0.0299932,100000,100000,1904.29,0,0.00500595,0.000537755,0,565.147,-0.0299881,3.145e-05,-0.000552739,0.0299932,100000,100000,1904.29,0,0.00500595,0.000537755,0,565.147,-0.0299881,3.145e-05,-0.000552739,0.0299932,100000,100000,1904.29,0,0.00500595,0.000537755,0,565.147,-0.0299881,3.145e-05,-0.000552739,0.0299932,100000,100000,1904.29,0,0.00500595,0.000537755,0,565.147,-0.0299881,3.145e-05,-0.000552739,0.0299932,100000,100000,1904.29,0,0,0,0,0,0,0,0,0,0,0,0,0,1
stats,418,1,419,0.00500595,0.000537755,0,565.147,-0.0299881,3.14509e-05,-0.00055274,0.0299932,100000,100000,1904.29,0,0.00500595,0.000537755,0,565.147,-0.0299881,3.14509e-05,-0.00055274,0.0299932,100000,100000,1904.29,0,0.00500595,0.000537755,0,565.147,-0.0299881,3.14509e-05,-0.00055274,0.0299932,100000,100000,1904.29,0,0.00500595,0.000537755,0,565.147,-0.0299881,3.14509e-05,-0.00055274,0.0299932,100000,100000,1904.29,0,0.00500595,0.000537755,0,565.147,-0.0299881,3.14509e-05,-0.00055274,0.0299932,100000,100000,1904.29,0,0.00500595,0.000537755,0,565.147,-0.0299881,3.14509e-05,-0.00055274,0.0299932,100000,100000,1904.29,0,0,0,0,0,0,0,0,0,0,0,0,0,1
stats,419,1,420,0.00500595,0.000537755,0,565.147,-0.0299881,3.1452e-05,-0.000552741,0.0299932,100000,100000,1904.29,0,0.00500595,0.000537755,0,565.147,-0.0299881,3.1452e-05,-0.000552741,0.0299932,100000,100000,1904.29,0,0.00500595,0.000537755,0,565.147,-0.0299881,3.1452e-05,-0.000552741,0.0299932,100000,100000,1904.29,0,0.00500595,0.000537755,0,565.147,-0.0299881,3.1452e-05,-0.000552741,0.0299932,100000,100000,1904.29,0,0.00500595,0.000537755,0,565.147,-0.0299881,3.1452e-05,-0.000552741,0.0299932,100000,100000,1904.29,0,0.00500595,0.000537755,0,565.147,-0.0299881,3.1452e-05,-0.000552741,0.0299932,100000,100000,1904.29,0,0,0,0,0,0,0,0,0,0,0,0,0,1
stats,420,1,421,0.00500595,0.000537755,0,565.147,-0.0299881,3.14531e-05,-0.000552741,0.0299932,100000,100000,1904.29,0,0.00500595,0.000537755,0,565.147,-0.0299881,3.14531e-05,-0.000552741,0.0299932,100000,100000,1904.29,0,0.00500595,0.000537755,0,565.147,-0.0299881,3.14531e-05,-0.000552741,0.0299932,100000,100000,1904.29,0,0.00500595,0.000537755,0,565.147,-0.0299881,3.14531e-05,-0.000552741,0.0299932,100000,100000,1904.29,0,0.00500595,0.000537755,0,565.147,-0.0299881,3.14531e-05,-0.000552741,0.0299932,100000,100000,1904.29,0,0.00500595,0.000537755,0,565.147,-0.0299881,3.14531e-05,-0.000552741,0.0299932,100000,100000,1904.29,0,0,0,0,0,0,0,0,0,0,0,0,0,1
stats,421,1,422,0.00500595,0.000537755,0,565.148,-0.0299881,3.14541e-05,-0.000552742,0.0299932,100000,100000,1904.29,0,0.00500595,0.000537755,0,565.148,-0.0299881,3.14541e-05,-0.000552742,0.0299932,100000,100000,1904.29,0,0.00500595,0.000537755,0,565.148,-0.0299881,3.14541e-05,-0.000552742,0.0299932,100000,100000,1904.29,0,0.00500595,0.000537755,0,565.148,-0.0299881,3.14541e-05,-0.000552742,0.0299932,100000,100000,1904.29,0,0.00500595,0.000537755,0,565.148,-0.0299881,3.14541e-05,-0.000552742,0.0299932,100000,100000,1904.29,0,0.00500595,0.000537755,0,565.148,-0.0299881,3.14541e-05,-0.000552742,0.0299932,100000,100000,1904.29,0,0,0,0,0,0,0,0,0,0,0,0,0,1
stats,422,1,423,0.00500595,0.000537755,0,565.148,-0.0299881,3.14549e-05,-0.000552742,0.0299932,100000,100000,1904.29,0,0.00500595,0.000537755,0,565.148,-0.0299881,3.14549e-05,-0.000552742,0.0299932,100000,100000,1904.29,0,0.00500595,0.000537755,0,565.148,-0.0299881,3.14549e-05,-0.000552742,0.0299932,100000,100000,1904.29,0,0.00500595,0.000537755,0,565.148,-0.0299881,3.14549e-05,-0.000552742,0.0299932,100000,100000,1904.29,0,0.00500595,0.000537755,0,565.148,-0.0299881,3.14549e-05,-0.000552742,0.0299932,100000,100000,1904.29,0,0.00500595,0.000537755,0,565.148,-0.0299881,3.14549e-05,-0.000552742,0.0299932,100000,100000,1904.29,0,0,0,0,0,0,0,0,0,0,0,0,0,1
stats,423,1,424,0.00500595,0.000537755,0,565.148,-0.0299881,3.14553e-05,-0.000552742,0.0299932,100000,100000,1904.29,0,0.00500595,0.000537755,0,565.148,-0.0299881,3.14553e-05,-0.000552742,0.0299932,100000,100000,1904.29,0,0.00500595,0.000537755,0,565.148,-0.0299881,3.14553e-05,-0.000552742,0.0299932,100000,100000,1904.29,0,0.00500595,0.000537755,0,565.148,-0.0299881,3.14553e-05,-0.000552742,0.0299932,100000,100000,1904.29,0,0.00500595,0.000537755,0,565.148,-0.0299881,3.14553e-05,-0.000552742,0.0299932,100000,100000,1904.29,0,0.00500595,0.000537755,0,565.148,-0.0299881,3.14553e-05,-0.000552742,0.0299932,100000,100000,1904.29,0,0,0,0,0,0,0,0,0,0,0,0,0,1
stats,424,1,425,0.00500595,0.000537755,0,565.148,-0.0299881,3.14553e-05,-0.000552742,0.0299932,100000,100000,1904.29,0,0.00500595,0.000537755,0,565.148,-0.0299881,3.14553e-05,-0.000552742,0.0299932,100000,100000,1904.29,0,0.00500595,0.000537755,0,565.148,-0.0299881,3.14553e-05,-0.000552742,0.0299932,100000,100000,1904.29,0,0.00500595,0.000537755,0,565.148,-0.0299881,3.14553e-05,-0.000552742,0.0299932,100000,100000,1904.29,0,0.00500595,0.000537755,0,565.148,-0.0299881,3.14553e-05,-0.000552742,0.0299932,100000,100000,1904.29,0,0.00500595,0.000537755,0,565.148,-0.0299881,3.14553e-05,-0.000552742,0.0299932,100000,100000,1904.29,0,0,0,0,0,0,0,0,0,0,0,0,0,1
stats,425,1,426,0.00500595,0.000537755,0,565.148,-0.0299881,3.14549e-05,-0.000552742,0.0299932,100000,100000,1904.29,0,0.00500595,0.000537755,0,565.148,-0.0299881,3.14549e-05,-0.000552742,0.0299932,100000,100000,1904.29,0,0.00500595,0.000537755,0,565.148,-0.0299881,3.14549e-05,-0.000552742,0.0299932,100000,100000,1904.29,0,0.00500595,0.000537755,0,565.148,-0.0299881,3.14549e-05,-0.000552742,0.0299932,100000,100000,1904.29,0,0.00500595,0.000537755,0,565.148,-0.0299881,3.14549e-05,-0.000552742,0.0299932,100000,100000,1904.29,0,0.00500595,0.000537755,0,565.148,-0.0299881,3.14549e-05,-0.000552742,0.0299932,100000,100000,1904.29,0,0,0,0,0,0,0,0,0,0,0,0,0,1
stats,426,1,427,0.00500595,0.000537755,0,565.148,-0.0299881,3.14542e-05,-0.000552742,0.0299932,100000,100000,1904.29,0,0.00500595,0.000537755,0,565.148,-0.0299881,3.14542e-05,-0.000552742,0.0299932,100000,100000,1904.29,0,0.00500595,0.000537755,0,565.148,-0.0299881,3.14542e-05,-0.000552742,0.0299932,100000,100000,1904.29,0,0.00500595,0.000537755,0,565.148,-0.0299881,3.14542e-05,-0.000552742,0.0299932,100000,100000,1904.29,0,0.00500595,0.000537755,0,565.148,-0.0299881,3.14542e-05,-0.000552742,0.0299932,100000,100000,1904.29,0,0.00500595,0.000537755,0,565.148,-0.0299881,3.14542e-05,-0.000552742,0.0299932,100000,100000,1904.29,0,0,0,0,0,0,0,0,0,0,0,0,0,1
stats,427,1,428,0.00500595,0.000537755,0,565.148,-0.0299881,3.14534e-05,-0.000552742,0.0299932,100000,100000,1904.29,0,0.00500595,0.000537755,0,565.148,-0.0299881,3.14534e-05,-0.000552742,0.0299932,100000,100000,1904.29,0,0.00500595,0.000537755,0,565.148,-0.0299881,3.14534e-05,-0.000552742,0.0299932,100000,100000,1904.29,0,0.00500595,0.000537755,0,565.148,-0.0299881,3.14534e-05,-0.000552742,0.0299932,100000,100000,1904.29,0,0.00500595,0.000537755,0,565.148,-0.0299881,3.14534e-05,-0.000552742,0.0299932,100000,100000,1904.29,0,0.00500595,0.000537755,0,565.148,-0.0299881,3.14534e-05,-0.000552742,0.0299932,100000,100000,1904.29,0,0,0,0,0,0,0,0,0,0,0,0,0,1
stats,428,1,429,0.00500595,0.000537755,0,565.148,-0.0299881,3.14527e-05,-0.000552741,0.0299932,100000,100000,1904.29,0,0.00500595,0.000537755,0,565.148,-0.0299881,3.14527e-05,-0.000552741,0.0299932,100000,100000,1904.29,0,0.00500595,0.000537755,0,565.148,-0.0299881,3.14527e-05,-0.000552741,0.0299932,100000,100000,1904.29,0,0.00500595,0.000537755,0,565.148,-0.0299881,3.14527e-05,-0.000552741,0.0299932,100000,100000,1904.29,0,0.00500595,0.000537755,0,565.148,-0.0299881,3.14527e-05,-0.000552741,0.0299932,100000,100000,1904.29,0,0.00500595,0.000537755,0,565.148,-0.0299881,3.14527e-05,-0.000552741,0.0299932,100000,100000,1904.29,0,0,0,0,0,0,0,0,0,0,0,0,0,1
stats,429,1,430,0.00500595,0.000537755,0,565.148,-0.0299881,3.14522e-05,-0.00055274,0.0299932,100000,100000,1904.29,0,0.00500595,0.000537755,0,565.148,-0.0299881,3.14522e-05,-0.00055274,0.0299932,100000,100000,1904.29,0,0.00500595,0.000537755,0,565.148,-0.0299881,3.14522e-05,-0.00055274,0.0299932,100000,100000,1904.29,0,0.00500595,0.000537755,0,565.148,-0.0299881,3.14522e-05,-0.00055274,0.0299932,100000,100000,1904.29,0,0.00500595,0.000537755,0,565.148,-0.0299881,3.14522e-05,-0.00055274,0.0299932,100000,100000,1904.29,0,0.00500595,0.000537755,0,565.148,-0.0299881,3.14522e-05,-0.00055274,0.0299932,100000,100000,1904.29,0,0,0,0,0,0,0,0,0,0,0,0,0,1
stats,430,1,431,0.00500595,0.000537755,0,565.148,-0.0299881,3.14518e-05,-0.00055274,0.0299932,100000,100000,1904.29,0,0.00500595,0.000537755,0,565.148,-0.0299881,3.14518e-05,-0.00055274,0.0299932,100000,100000,1904.29,0,0.00500595,0.000537755,0,565.148,-0.0299881,3.14518e-05,-0.00055274,0.0299932,100000,100000,1904.29,0,0.00500595,0.000537755,0,565.148,-0.0299881,3.14518e-05,-0.00055274,0.0299932,100000,100000,1904.29,0,0.00500595,0.000537755,0,565.148,-0.0299881,3.14518e-05,-0.00055274,0.0299932,100000,100000,1904.29,0,0.00500595,0.000537755,0,565.148,-0.0299881,3.14518e-05,-0.00055274,0.0299932,100000,100000,1904.29,0,0,0,0,0,0,0,0,0,0,0,0,0,1
stats,431,1,432,0.00500595,0.000537755,0,565.149,-0.0299881,3.14516e-05,-0.000552739,0.0299932,100000,100000,1904.29,0,0.00500595,0.000537755,0,565.149,-0.0299881,3.14516e-05,-0.000552739,0.0299932,100000,100000,1904.29,0,0.00500595,0.000537755,0,565.149,-0.0299881,3.14516e-05,-0.000552739,0.0299932,100000,100000,1904.29,0,0.00500595,0.000537755,0,565.149,-0.0299881,3.14516e-05,-0.000552739,0.0299932,100000,100000,1904.29,0,0.00500595,0.000537755,0,565.149,-0.0299881,3.14516e-05,-0.000552739,0.0299932,100000,100000,1904.29,0,0.00500595,0.000537755,0,565.149,-0.0299881,3.14516e-05,-0.000552739,0.0299932,100000,100000,1904.29,0,0,0,0,0,0,0,0,0,0,0,0,0,1
stats,432,1,433,0.00500595,0.000537755,0,565.149,-0.0299881,3.14515e-05,-0.000552739,0.0299932,100000,100000,1904.29,0,0.00500595,0.000537755,0,565.149,-0.0299881,3.14515e-05,-0.000552739,0.0299932,100000,100000,1904.29,0,0.00500595,0.000537755,0,565.149,-0.0299881,3.14515e-05,-0.000552739,0.0299932,100000,100000,1904.29,0,0.00500595,0.000537755,0,565.149,-0.0299881,3.14515e-05,-0.000552739,0.0299932,100000,100000,1904.29,0,0.00500595,0.000537755,0,565.149,-0.0299881,3.14515e-05,-0.000552739,0.0299932,100000,100000,1904.29,0,0.00500595,0.000537755,0,565.149,-0.0299881,3.14515e-05,-0.000552739,0.0299932,100000,100000,1904.29,0,0,0,0,0,0,0,0,0,0,0,0,0,1
stats,433,1,434,0.00500595,0.000537755,0,565.149,-0.0299881,3.14514e-05,-0.000552739,0.0299932,100000,100000,1904.29,0,0.00500595,0.000537755,0,565.149,-0.0299881,3.14514e-05,-0.000552739,0.0299932,100000,100000,1904.29,0,0.00500595,0.000537755,0,565.149,-0.0299881,3.14514e-05,-0.000552739,0.0299932,100000,100000,1904.29,0,0.00500595,0.000537755,0,565.149,-0.0299881,3.14514e-05,-0.000552739,0.0299932,100000,100000,1904.29,0,0.00500595,0.000537755,0,565.149,-0.0299881,3.14514e-05,-0.000552739,0.0299932,100000,100000,1904.29,0,0.00500595,0.000537755,0,565.149,-0.0299881,3.14514e-05,-0.000552739,0.0299932,100000,100000,1904.29,0,0,0,0,0,0,0,0,0,0,0,0,0,1
stats,434,1,435,0.00500595,0.000537755,0,565.149,-0.0299881,3.14513e-05,-0.00055274,0.0299932,100000,100000,1904.29,0,0.00500595,0.000537755,0,565.149,-0.0299881,3.14513e-05,-0.00055274,0.0299932,100000,100000,1904.29,0,0.00500595,0.000537755,0,565.149,-0.0299881,3.14513e-05,-0.00055274,0.0299932,100000,100000,1904.29,0,0.00500595,0.000537755,0,565.149,-0.0299881,3.14513e-05,-0.00055274,0.0299932,100000,100000,1904.29,0,0.00500595,0.000537755,0,565.149,-0.0299881,3.14513e-05,-0.00055274,0.0299932,100000,100000,1904.29,0,0.00500595,0.000537755,0,565.149,-0.0299881,3.14513e-05,-0.00055274,0.0299932,100000,100000,1904.29,0,0,0,0,0,0,0,0,0,0,0,0,0,1
stats,435,1,436,0.00500595,0.000537755,0,565.149,-0.0299881,3.14513e-05,-0.00055274,0.0299932,100000,100000,1904.29,0,0.00500595,0.000537755,0,565.149,-0.0299881,3.14513e-05,-0.00055274,0.0299932,100000,100000,1904.29,0,0.00500595,0.000537755,0,565.149,-0.0299881,3.14513e-05,-0.00055274,0.0299932,100000,100000,1904.29,0,0.00500595,0.000537755,0,565.149,-0.0299881,3.14513e-05,-0.00055274,0.0299932,100000,100000,1904.29,0,0.00500595,0.000537755,0,565.149,-0.0299881,3.14513e-05,-0.00055274,0.0299932,100000,100000,1904.29,0,0.00500595,0.000537755,0,565.149,-0.0299881,3.14513e-05,-0.00055274,0.0299932,100000,100000,1904.29,0,0,0,0,0,0,0,0,0,0,0,0,0,1
stats,436,1,437,0.00500595,0.000537755,0,565.149,-0.0299881,3.14515e-05,-0.000552741,0.0299932,100000,100000,1904.29,0,0.00500595,0.000537755,0,565.149,-0.0299881,3.14515e-05,-0.000552741,0.0299932,100000,100000,1904.29,0,0.00500595,0.000537755,0,565.149,-0.0299881,3.14515e-05,-0.000552741,0.0299932,100000,100000,1904.29,0,0.00500595,0.000537755,0,565.149,-0.0299881,3.14515e-05,-0.000552741,0.0299932,100000,100000,1904.29,0,0.00500595,0.000537755,0,565.149,-0.0299881,3.14515e-05,-0.000552741,0.0299932,100000,100000,1904.29,0,0.00500595,0.000537755,0,565.149,-0.0299881,3.14515e-05,-0.000552741,0.0299932,100000,100000,1904.29,0,0,0,0,0,0,0,0,0,0,0,0,0,1
stats,437,1,438,0.00500595,0.000537755,0,565.149,-0.0299881,3.14519e-05,-0.000552742,0.0299932,100000,100000,1904.29,0,0.00500595,0.000537755,0,565.149,-0.0299881,3.14519e-05,-0.000552742,0.0299932,100000,100000,1904.29,0,0.00500595,0.000537755,0,565.149,-0.0299881,3.14519e-05,-0.000552742,0.0299932,100000,100000,1904.29,0,0.00500595,0.000537755,0,565.149,-0.0299881,3.14519e-05,-0.000552742,0.0299932,100000,100000,1904.29,0,0.00500595,0.000537755,0,565.149,-0.0299881,3.14519e-05,-0.000552742,0.0299932,100000,100000,1904.29,0,0.00500595,0.000537755,0,565.149,-0.0299881,3.14519e-05,-0.000552742,0.0299932,100000,100000,1904.29,0,0,0,0,0,0,0,0,0,0,0,0,0,1
stats,438,1,439,0.00500595,0.000537755,0,565.149,-0.0299881,3.14524e-05,-0.000552743,0.0299932,100000,100000,1904.29,0,0.00500595,0.000537755,0,565.149,-0.0299881,3.14524e-05,-0.000552743,0.0299932,100000,100000,1904.29,0,0.00500595,0.000537755,0,565.149,-0.0299881,3.14524e-05,-0.000552743,0.0299932,100000,100000,1904.29,0,0.00500595,0.000537755,0,565.149,-0.0299881,3.14524e-05,-0.000552743,0.0299932,100000,100000,1904.29,0,0.00500595,0.000537755,0,565.149,-0.0299881,3.14524e-05,-0.000552743,0.0299932,100000,100000,1904.29,0,0.00500595,0.000537755,0,565.149,-0.0299881,3.14524e-05,-0.000552743,0.0299932,100000,100000,1904.29,0,0,0,0,0,0,0,0,0,0,0,0,0,1
stats,439,1,440,0.00500595,0.000537755,0,565.149,-0.0299881,3.1453e-05,-0.000552744,0.0299932,100000,100000,1904.29,0,0.00500595,0.000537755,0,565.149,-0.0299881,3.1453e-05,-0.000552744,0.0299932,100000,100000,1904.29,0,0.00500595,0.000537755,0,565.149,-0.0299881,3.1453e-05,-0.000552744,0.0299932,100000,100000,1904.29,0,0.00500595,0.000537755,0,565.149,-0.0299881,3.1453e-05,-0.000552744,0.0299932,100000,100000,1904.29,0,0.00500595,0.000537755,0,565.149,-0.0299881,3.1453e-05,-0.000552744,0.0299932,100000,100000,1904.29,0,0.00500595,0.000537755,0,565.149,-0.0299881,3.1453e-05,-0.000552744,0.0299932,100000,100000,1904.29,0,0,0,0,0,0,0,0,0,0,0,0,0,1
stats,440,1,441,0.00500595,0.000537755,0,565.149,-0.0299881,3.14536e-05,-0.000552745,0.0299932,100000,100000,1904.29,0,0.00500595,0.000537755,0,565.149,-0.0299881,3.14536e-05,-0.000552745,0.0299932,100000,100000,1904.29,0,0.00500595,0.000537755,0,565.149,-0.0299881,3.14536e-05,-0.000552745,0.0299932,100000,100000,1904.29,0,0.00500595,0.000537755,0,565.149,-0.0299881,3.14536e-05,-0.000552745,0.0299932,100000,100000,1904.29,0,0.00500595,0.000537755,0,565.149,-0.0299881,3.14536e-05,-0.000552745,0.0299932,100000,100000,1904.29,0,0.00500595,0.000537755,0,565.149,-0.0299881,3.14536e-05,-0.000552745,0.0299932,100000,100000,1904.29,0,0,0,0,0,0,0,0,0,0,0,0,0,1
stats,441,1,442,0.00500595,0.000537755,0,565.149,-0.0299881,3.14539e-05,-0.000552745,0.0299932,100000,100000,1904.29,0,0.00500595,0.000537755,0,565.149,-0.0299881,3.14539e-05,-0.000552745,0.0299932,100000,100000,1904.29,0,0.00500595,0.000537755,0,565.149,-0.0299881,3.14539e-05,-0.000552745,0.0299932,100000,100000,1904.29,0,0.00500595,0.000537755,0,565.149,-0.0299881,3.14539e-05,-0.000552745,0.0299932,100000,100000,1904.29,0,0.00500595,0.000537755,0,565.149,-0.0299881,3.14539e-05,-0.000552745,0.0299932,100000,100000,1904.29,0,0.00500595,0.000537755,0,565.149,-0.0299881,3.14539e-05,-0.000552745,0.0299932,100000,100000,1904.29,0,0,0,0,0,0,0,0,0,0,0,0,0,1
stats,442,1,443,0.00500595,0.000537755,0,565.149,-0.0299881,3.1454e-05,-0.000552745,0.0299932,100000,100000,1904.29,0,0.00500595,0.000537755,0,565.149,-0.0299881,3.1454e-05,-0.000552745,0.0299932,100000,100000,1904.29,0,0.00500595,0.000537755,0,565.149,-0.0299881,3.1454e-05,-0.000552745,0.0299932,100000,100000,1904.29,0,0.00500595,0.000537755,0,565.149,-0.0299881,3.1454e-05,-0.000552745,0.0299932,100000,100000,1904.29,0,0.00500595,0.000537755,0,565.149,-0.0299881,3.1454e-05,-0.000552745,0.0299932,100000,100000,1904.29,0,0.00500595,0.000537755,0,565.149,-0.0299881,3.1454e-05,-0.000552745,0.0299932,100000,100000,1904.29,0,0,0,0,0,0,0,0,0,0,0,0,0,1
stats,443,1,444,0.00500595,0.000537755,0,565.15,-0.0299881,3.14537e-05,-0.000552745,0.0299932,100000,100000,1904.29,0,0.00500595,0.000537755,0,565.15,-0.0299881,3.14537e-05,-0.000552745,0.0299932,100000,100000,1904.29,0,0.00500595,0.000537755,0,565.15,-0.0299881,3.14537e-05,-0.000552745,0.0299932,100000,100000,1904.29,0,0.00500595,0.000537755,0,565.15,-0.0299881,3.14537e-05,-0.000552745,0.0299932,100000,100000,1904.29,0,0.00500595,0.000537755,0,565.15,-0.0299881,3.14537e-05,-0.000552745,0.0299932,100000,100000,1904.29,0,0.00500595,0.000537755,0,565.15,-0.0299881,3.14537e-05,-0.000552745,0.0299932,100000,100000,1904.29,0,0,0,0,0,0,0,0,0,0,0,0,0,1
stats,444,1,445,0.00500595,0.000537755,0,565.15,-0.0299881,3.14533e-05,-0.000552744,0.0299932,100000,100000,1904.29,0,0.00500595,0.000537755,0,565.15,-0.0299881,3.14533e-05,-0.000552744,0.0299932,100000,100000,1904.29,0,0.00500595,0.000537755,0,565.15,-0.0299881,3.14533e-05,-0.000552744,0.0299932,100000,100000,1904.29,0,0.00500595,0.000537755,0,565.15,-0.0299881,3.14533e-05,-0.000552744,0.0299932,100000,100000,1904.29,0,0.00500595,0.000537755,0,565.15,-0.0299881,3.14533e-05,-0.000552744,0.0299932,100000,100000,1904.29,0,0.00500595,0.000537755,0,565.15,-0.0299881,3.14533e-05,-0.000552744,0.0299932,100000,100000,1904.29,0,0,0,0,0,0,0,0,0,0,0,0,0,1
stats,445,1,446,0.00500595,0.000537755,0,565.15,-0.0299881,3.14528e-05,-0.000552743,0.0299932,100000,100000,1904.29,0,0.00500595,0.000537755,0,565.15,-0.0299881,3.14528e-05,-0.000552743,0.0299932,100000,100000,1904.29,0,0.00500595,0.000537755,0,565.15,-0.0299881,3.14528e-05,-0.000552743,0.0299932,100000,100000,1904.29,0,0.00500595,0.000537755,0,565.15,-0.0299881,3.14528e-05,-0.000552743,0.0299932,100000,100000,1904.29,0,0.00500595,0.000537755,0,565.15,-0.0299881,3.14528e-05,-0.000552743,0.0299932,100000,100000,1904.29,0,0.00500595,0.000537755,0,565.15,-0.0299881,3.14528e-05,-0.000552743,0.0299932,100000,100000,1904.29,0,0,0,0,0,0,0,0,0,0,0,0,0,1
stats,446,1,447,0.00500595,0.000537755,0,565.15,-0.0299881,3.14526e-05,-0.000552743,0.0299932,100000,100000,1904.29,0,0.00500595,0.000537755,0,565.15,-0.0299881,3.14526e-05,-0.000552743,0.0299932,100000,100000,1904.29,0,0.00500595,0.000537755,0,565.15,-0.0299881,3.14526e-05,-0.000552743,0.0299932,100000,100000,1904.29,0,0.00500595,0.000537755,0,565.15,-0.0299881,3.14526e-05,-0.000552743,0.0299932,100000,100000,1904.29,0,0.00500595,0.000537755,0,565.15,-0.0299881,3.14526e-05,-0.000552743,0.0299932,100000,100000,1904.29,0,0.00500595,0.000537755,0,565.15,-0.0299881,3.14526e-05,-0.000552743,0.0299932,100000,100000,1904.29,0,0,0,0,0,0,0,0,0,0,0,0,0,1
stats,447,1,448,0.00500595,0.000537755,0,565.15,-0.0299881,3.14526e-05,-0.000552742,0.0299932,100000,100000,1904.29,0,0.00500595,0.000537755,0,565.15,-0.0299881,3.14526e-05,-0.000552742,0.0299932,100000,100000,1904.29,0,0.00500595,0.000537755,0,565.15,-0.0299881,3.14526e-05,-0.000552742,0.0299932,100000,100000,1904.29,0,0.00500595,0.000537755,0,565.15,-0.0299881,3.14526e-05,-0.000552742,0.0299932,100000,100000,1904.29,0,0.00500595,0.000537755,0,565.15,-0.0299881,3.14526e-05,-0.000552742,0.0299932,100000,100000,1904.29,0,0.00500595,0.000537755,0,565.15,-0.0299881,3.14526e-05,-0.000552742,0.0299932,100000,100000,1904.29,0,0,0,0,0,0,0,0,0,0,0,0,0,1
stats,448,1,449,0.00500595,0.000537755,0,565.15,-0.0299881,3.14529e-05,-0.000552742,0.0299932,100000,100000,1904.29,0,0.00500595,0.000537755,0,565.15,-0.0299881,3.14529e-05,-0.000552742,0.0299932,100000,100000,1904.29,0,0.00500595,0.000537755,0,565.15,-0.0299881,3.14529e-05,-0.000552742,0.0299932,100000,100000,1904.29,0,0.00500595,0.000537755,0,565.15,-0.0299881,3.14529e-05,-0.000552742,0.0299932,100000,100000,1904.29,0,0.00500595,0.000537755,0,565.15,-0.0299881,3.14529e-05,-0.000552742,0.0299932,100000,100000,1904.29,0,0.00500595,0.000537755,0,565.15,-0.0299881,3.14529e-05,-0.000552742,0.0299932,100000,100000,1904.29,0,0,0,0,0,0,0,0,0,0,0,0,0,1
stats,449,1,450,0.00500595,0.000537755,0,565.15,-0.0299881,3.14533e-05,-0.000552742,0.0299932,100000,100000,1904.29,0,0.00500595,0.000537755,0,565.15,-0.0299881,3.14533e-05,-0.000552742,0.0299932,100000,100000,1904.29,0,0.00500595,0.000537755,0,565.15,-0.0299881,3.14533e-05,-0.000552742,0.0299932,100000,100000,1904.29,0,0.00500595,0.000537755,0,565.15,-0.0299881,3.14533e-05,-0.000552742,0.0299932,100000,100000,1904.29,0,0.00500595,0.000537755,0,565.15,-0.0299881,3.14533e-05,-0.000552742,0.0299932,100000,100000,1904.29,0,0.00500595,0.000537755,0,565.15,-0.0299881,3.14533e-05,-0.000552742,0.0299932,100000,100000,1904.29,0,0,0,0,0,0,0,0,0,0,0,0,0,1
stats,450,1,451,0.00500595,0.000537755,0,565.15,-0.0299881,3.14536e-05,-0.000552742,0.0299932,100000,100000,1904.29,0,0.00500595,0.000537755,0,565.15,-0.0299881,3.14536e-05,-0.000552742,0.0299932,100000,100000,1904.29,0,0.00500595,0.000537755,0,565.15,-0.0299881,3.14536e-05,-0.000552742,0.0299932,100000,100000,1904.29,0,0.00500595,0.000537755,0,565.15,-0.0299881,3.14536e-05,-0.000552742,0.0299932,100000,100000,1904.29,0,0.00500595,0.000537755,0,565.15,-0.0299881,3.14536e-05,-0.000552742,0.0299932,100000,100000,1904.29,0,0.00500595,0.000537755,0,565.15,-0.0299881,3.14536e-05,-0.000552742,0.0299932,100000,100000,1904.29,0,0,0,0,0,0,0,0,0,0,0,0,0,1
stats,451,1,452,0.00500595,0.000537755,0,565.15,-0.0299881,3.14537e-05,-0.000552742,0.0299932,100000,100000,1904.29,0,0.00500595,0.000537755,0,565.15,-0.0299881,3.14537e-05,-0.000552742,0.0299932,100000,100000,1904.29,0,0.00500595,0.000537755,0,565.15,-0.0299881,3.14537e-05,-0.000552742,0.0299932,100000,100000,1904.29,0,0.00500595,0.000537755,0,565.15,-0.0299881,3.14537e-05,-0.000552742,0.0299932,100000,100000,1904.29,0,0.00500595,0.000537755,0,565.15,-0.0299881,3.14537e-05,-0.000552742,0.0299932,100000,100000,1904.29,0,0.00500595,0.000537755,0,565.15,-0.0299881,3.14537e-05,-0.000552742,0.0299932,100000,100000,1904.29,0,0,0,0,0,0,0,0,0,0,0,0,0,1
stats,452,1,453,0.00500595,0.000537755,0,565.15,-0.0299881,3.14535e-05,-0.000552742,0.0299932,100000,100000,1904.29,0,0.00500595,0.000537755,0,565.15,-0.0299881,3.14535e-05,-0.000552742,0.0299932,100000,100000,1904.29,0,0.00500595,0.000537755,0,565.15,-0.0299881,3.14535e-05,-0.000552742,0.0299932,100000,100000,1904.29,0,0.00500595,0.000537755,0,565.15,-0.0299881,3.14535e-05,-0.000552742,0.0299932,100000,100000,1904.29,0,0.00500595,0.000537755,0,565.15,-0.0299881,3.14535e-05,-0.000552742,0.0299932,100000,100000,1904.29,0,0.00500595,0.000537755,0,565.15,-0.0299881,3.14535e-05,-0.000552742,0.0299932,100000,100000,1904.29,0,0,0,0,0,0,0,0,0,0,0,0,0,1
stats,453,1,454,0.00500595,0.000537755,0,565.15,-0.0299881,3.14533e-05,-0.000552742,0.0299932,100000,100000,1904.29,0,0.00500595,0.000537755,0,565.15,-0.0299881,3.14533e-05,-0.000552742,0.0299932,100000,100000,1904.29,0,0.00500595,0.000537755,0,565.15,-0.0299881,3.14533e-05,-0.000552742,0.0299932,100000,100000,1904.29,0,0.00500595,0.000537755,0,565.15,-0.0299881,3.14533e-05,-0.000552742,0.0299932,100000,100000,1904.29,0,0.00500595,0.000537755,0,565.15,-0.0299881,3.14533e-05,-0.000552742,0.0299932,100000,100000,1904.29,0,0.00500595,0.000537755,0,565.15,-0.0299881,3.14533e-05,-0.000552742,0.0299932,100000,100000,1904.29,0,0,0,0,0,0,0,0,0,0,0,0,0,1
stats,454,1,455,0.00500595,0.000537755,0,565.151,-0.0299881,3.14531e-05,-0.000552743,0.0299932,100000,100000,1904.29,0,0.00500595,0.000537755,0,565.151,-0.0299881,3.14531e-05,-0.000552743,0.0299932,100000,100000,1904.29,0,0.00500595,0.000537755,0,565.151,-0.0299881,3.14531e-05,-0.000552743,0.0299932,100000,100000,1904.29,0,0.00500595,0.000537755,0,565.151,-0.0299881,3.14531e-05,-0.000552743,0.0299932,100000,100000,1904.29,0,0.00500595,0.000537755,0,565.151,-0.0299881,3.14531e-05,-0.000552743,0.0299932,100000,100000,1904.29,0,0.00500595,0.000537755,0,565.151,-0.0299881,3.14531e-05,-0.000552743,0.0299932,100000,100000,1904.29,0,0,0,0,0,0,0,0,0,0,0,0,0,1
stats,455,1,456,0.00500595,0.000537755,0,565.151,-0.0299881,3.1453e-05,-0.000552743,0.0299932,100000,100000,1904.29,0,0.00500595,0.000537755,0,565.151,-0.0299881,3.1453e-05,-0.000552743,0.0299932,100000,100000,1904.29,0,0.00500595,0.000537755,0,565.151,-0.0299881,3.1453e-05,-0.000552743,0.0299932,100000,100000,1904.29,0,0.00500595,0.000537755,0,565.151,-0.0299881,3.1453e-05,-0.000552743,0.0299932,100000,100000,1904.29,0,0.00500595,0.000537755,0,565.151,-0.0299881,3.1453e-05,-0.000552743,0.0299932,100000,100000,1904.29,0,0.00500595,0.000537755,0,565.151,-0.0299881,3.1453e-05,-0.000552743,0.0299932,100000,100000,1904.29,0,0,0,0,0,0,0,0,0,0,0,0,0,1
stats,456,1,457,0.00500595,0.000537755,0,565.151,-0.0299881,3.14528e-05,-0.000552744,0.0299932,100000,100000,1904.29,0,0.00500595,0.000537755,0,565.151,-0.0299881,3.14528e-05,-0.000552744,0.0299932,100000,100000,1904.29,0,0.00500595,0.000537755,0,565.151,-0.0299881,3.14528e-05,-0.000552744,0.0299932,100000,100000,1904.29,0,0.00500595,0.000537755,0,565.151,-0.0299881,3.14528e-05,-0.000552744,0.0299932,100000,100000,1904.29,0,0.00500595,0.000537755,0,565.151,-0.0299881,3.14528e-05,-0.000552744,0.0299932,100000,100000,1904.29,0,0.00500595,0.000537755,0,565.151,-0.0299881,3.14528e-05,-0.000552744,0.0299932,100000,100000,1904.29,0,0,0,0,0,0,0,0,0,0,0,0,0,1
stats,457,1,458,0.00500595,0.000537755,0,565.151,-0.0299881,3.14528e-05,-0.000552745,0.0299932,100000,100000,1904.29,0,0.00500595,0.000537755,0,565.151,-0.0299881,3.14528e-05,-0.000552745,0.0299932,100000,100000,1904.29,0,0.00500595,0.000537755,0,565.151,-0.0299881,3.14528e-05,-0.000552745,0.0299932,100000,100000,1904.29,0,0.00500595,0.000537755,0,565.151,-0.0299881,3.14528e-05,-0.000552745,0.0299932,100000,100000,1904.29,0,0.00500595,0.000537755,0,565.151,-0.0299881,3.14528e-05,-0.000552745,0.0299932,100000,100000,1904.29,0,0.00500595,0.000537755,0,565.151,-0.0299881,3.14528e-05,-0.000552745,0.0299932,100000,100000,1904.29,0,0,0,0,0,0,0,0,0,0,0,0,0,1
stats,458,1,459,0.00500595,0.000537755,0,565.151,-0.0299881,3.14526e-05,-0.000552745,0.0299932,100000,100000,1904.29,0,0.00500595,0.000537755,0,565.151,-0.0299881,3.14526e-05,-0.000552745,0.0299932,100000,100000,1904.29,0,0.00500595,0.000537755,0,565.151,-0.0299881,3.14526e-05,-0.000552745,0.0299932,100000,100000,1904.29,0,0.00500595,0.000537755,0,565.151,-0.0299881,3.14526e-05,-0.000552745,0.0299932,100000,100000,1904.29,0,0.00500595,0.000537755,0,565.151,-0.0299881,3.14526e-05,-0.000552745,0.0299932,100000,100000,1904.29,0,0.00500595,0.000537755,0,565.151,-0.0299881,3.14526e-05,-0.000552745,0.0299932,100000,100000,1904.29,0,0,0,0,0,0,0,0,0,0,0,0,0,1
stats,459,1,460,0.00500595,0.000537755,0,565.151,-0.0299881,3.14524e-05,-0.000552746,0.0299932,100000,100000,1904.29,0,0.00500595,0.000537755,0,565.151,-0.0299881,3.14524e-05,-0.000552746,0.0299932,100000,100000,1904.29,0,0.00500595,0.000537755,0,565.151,-0.0299881,3.14524e-05,-0.000552746,0.0299932,100000,100000,1904.29,0,0.00500595,0.000537755,0,565.151,-0.0299881,3.14524e-05,-0.000552746,0.0299932,100000,100000,1904.29,0,0.00500595,0.000537755,0,565.151,-0.0299881,3.14524e-05,-0.000552746,0.0299932,100000,100000,1904.29,0,0.00500595,0.000537755,0,565.151,-0.0299881,3.14524e-05,-0.000552746,0.0299932,100000,100000,1904.29,0,0,0,0,0,0,0,0,0,0,0,0,0,1
stats,460,1,461,0.00500595,0.000537755,0,565.151,-0.0299881,3.14521e-05,-0.000552746,0.0299932,100000,100000,1904.29,0,0.00500595,0.000537755,0,565.151,-0.0299881,3.14521e-05,-0.000552746,0.0299932,100000,100000,1904.29,0,0.00500595,0.000537755,0,565.151,-0.0299881,3.14521e-05,-0.000552746,0.0299932,100000,100000,1904.29,0,0.00500595,0.000537755,0,565.151,-0.0299881,3.14521e-05,-0.000552746,0.0299932,100000,100000,1904.29,0,0.00500595,0.000537755,0,565.151,-0.0299881,3.14521e-05,-0.000552746,0.0299932,100000,100000,1904.29,0,0.00500595,0.000537755,0,565.151,-0.0299881,3.14521e-05,-0.000552746,0.0299932,100000,100000,1904.29,0,0,0,0,0,0,0,0,0,0,0,0,0,1
stats,461,1,462,0.00500595,0.000537755,0,565.151,-0.0299881,3.14517e-05,-0.000552746,0.0299932,100000,100000,1904.29,0,0.00500595,0.000537755,0,565.151,-0.0299881,3.14517e-05,-0.000552746,0.0299932,100000,100000,1904.29,0,0.00500595,0.000537755,0,565.151,-0.0299881,3.14517e-05,-0.000552746,0.0299932,100000,100000,1904.29,0,0.00500595,0.000537755,0,565.151,-0.0299881,3.14517e-05,-0.000552746,0.0299932,100000,100000,1904.29,0,0.00500595,0.000537755,0,565.151,-0.0299881,3.14517e-05,-0.000552746,0.0299932,100000,100000,1904.29,0,0.00500595,0.000537755,0,565.151,-0.0299881,3.14517e-05,-0.000552746,0.0299932,100000,100000,1904.29,0,0,0,0,0,0,0,0,0,0,0,0,0,1
stats,462,1,463,0.00500595,0.000537755,0,565.151,-0.0299881,3.14515e-05,-0.000552746,0.0299932,100000,100000,1904.29,0,0.00500595,0.000537755,0,565.151,-0.0299881,3.14515e-05,-0.000552746,0.0299932,100000,100000,1904.29,0,0.00500595,0.000537755,0,565.151,-0.0299881,3.14515e-05,-0.000552746,0.0299932,100000,100000,1904.29,0,0.00500595,0.000537755,0,565.151,-0.0299881,3.14515e-05,-0.000552746,0.0299932,100000,100000,1904.29,0,0.00500595,0.000537755,0,565.151,-0.0299881,3.14515e-05,-0.000552746,0.0299932,100000,100000,1904.29,0,0.00500595,0.000537755,0,565.151,-0.0299881,3.14515e-05,-0.000552746,0.0299932,100000,100000,1904.29,0,0,0,0,0,0,0,0,0,0,0,0,0,1
stats,463,1,464,0.00500595,0.000537755,0,565.151,-0.0299881,3.14514e-05,-0.000552745,0.0299932,100000,100000,1904.29,0,0.00500595,0.000537755,0,565.151,-0.0299881,3.14514e-05,-0.000552745,0.0299932,100000,100000,1904.29,0,0.00500595,0.000537755,0,565.151,-0.0299881,3.14514e-05,-0.000552745,0.0299932,100000,100000,1904.29,0,0.00500595,0.000537755,0,565.151,-0.0299881,3.14514e-05,-0.000552745,0.0299932,100000,100000,1904.29,0,0.00500595,0.000537755,0,565.151,-0.0299881,3.14514e-05,-0.000552745,0.0299932,100000,100000,1904.29,0,0.00500595,0.000537755,0,565.151,-0.0299881,3.14514e-05,-0.000552745,0.0299932,100000,100000,1904.29,0,0,0,0,0,0,0,0,0,0,0,0,0,1
stats,464,1,465,0.00500595,0.000537755,0,565.151,-0.0299881,3.14516e-05,-0.000552744,0.0299932,100000,100000,1904.29,0,0.00500595,0.000537755,0,565.151,-0.0299881,3.14516e-05,-0.000552744,0.0299932,100000,100000,1904.29,0,0.00500595,0.000537755,0,565.151,-0.0299881,3.14516e-05,-0.000552744,0.0299932,100000,100000,1904.29,0,0.00500595,0.000537755,0,565.151,-0.0299881,3.14516e-05,-0.000552744,0.0299932,100000,100000,1904.29,0,0.00500595,0.000537755,0,565.151,-0.0299881,3.14516e-05,-0.000552744,0.0299932,100000,100000,1904.29,0,0.00500595,0.000537755,0,565.151,-0.0299881,3.14516e-05,-0.000552744,0.0299932,100000,100000,1904.29,0,0,0,0,0,0,0,0,0,0,0,0,0,1
stats,465,1,466,0.00500595,0.000537755,0,565.151,-0.0299881,3.14521e-05,-0.000552744,0.0299932,100000,100000,1904.29,0,0.00500595,0.000537755,0,565.151,-0.0299881,3.14521e-05,-0.000552744,0.0299932,100000,100000,1904.29,0,0.00500595,0.000537755,0,565.151,-0.0299881,3.14521e-05,-0.000552744,0.0299932,100000,100000,1904.29,0,0.00500595,0.000537755,0,565.151,-0.0299881,3.14521e-05,-0.000552744,0.0299932,100000,100000,1904.29,0,0.00500595,0.000537755,0,565.151,-0.0299881,3.14521e-05,-0.000552744,0.0299932,100000,100000,1904.29,0,0.00500595,0.000537755,0,565.151,-0.0299881,3.14521e-05,-0.000552744,0.0299932,100000,100000,1904.29,0,0,0,0,0,0,0,0,0,0,0,0,0,1
stats,466,1,467,0.00500595,0.000537755,0,565.151,-0.0299881,3.14527e-05,-0.000552743,0.0299932,100000,100000,1904.29,0,0.00500595,0.000537755,0,565.151,-0.0299881,3.14527e-05,-0.000552743,0.0299932,100000,100000,1904.29,0,0.00500595,0.000537755,0,565.151,-0.0299881,3.14527e-05,-0.000552743,0.0299932,100000,100000,1904.29,0,0.00500595,0.000537755,0,565.151,-0.0299881,3.14527e-05,-0.000552743,0.0299932,100000,100000,1904.29,0,0.00500595,0.000537755,0,565.151,-0.0299881,3.14527e-05,-0.000552743,0.0299932,100000,100000,1904.29,0,0.00500595,0.000537755,0,565.151,-0.0299881,3.14527e-05,-0.000552743,0.0299932,100000,100000,1904.29,0,0,0,0,0,0,0,0,0,0,0,0,0,1
stats,467,1,468,0.00500595,0.000537755,0,565.151,-0.0299881,3.14534e-05,-0.000552743,0.0299932,100000,100000,1904.29,0,0.00500595,0.000537755,0,565.151,-0.0299881,3.14534e-05,-0.000552743,0.0299932,100000,100000,1904.29,0,0.00500595,0.000537755,0,565.151,-0.0299881,3.14534e-05,-0.000552743,0.0299932,100000,100000,1904.29,0,0.00500595,0.000537755,0,565.151,-0.0299881,3.14534e-05,-0.000552743,0.0299932,100000,100000,1904.29,0,0.00500595,0.000537755,0,565.151,-0.0299881,3.14534e-05,-0.000552743,0.0299932,100000,100000,1904.29,0,0.00500595,0.000537755,0,565.151,-0.0299881,3.14534e-05,-0.000552743,0.0299932,100000,100000,1904.29,0,0,0,0,0,0,0,0,0,0,0,0,0,1
stats,468,1,469,0.00500595,0.000537755,0,565.151,-0.0299881,3.14541e-05,-0.000552744,0.0299932,100000,100000,1904.29,0,0.00500595,0.000537755,0,565.151,-0.0299881,3.14541e-05,-0.000552744,0.0299932,100000,100000,1904.29,0,0.00500595,0.000537755,0,565.151,-0.0299881,3.14541e-05,-0.000552744,0.0299932,100000,100000,1904.29,0,0.00500595,0.000537755,0,565.151,-0.0299881,3.14541e-05,-0.000552744,0.0299932,100000,100000,1904.29,0,0.00500595,0.000537755,0,565.151,-0.0299881,3.14541e-05,-0.000552744,0.0299932,100000,100000,1904.29,0,0.00500595,0.000537755,0,565.151,-0.0299881,3.14541e-05,-0.000552744,0.0299932,100000,100000,1904.29,0,0,0,0,0,0,0,0,0,0,0,0,0,1
stats,469,1,470,0.00500595,0.000537755,0,565.151,-0.0299881,3.14545e-05,-0.000552744,0.0299932,100000,100000,1904.29,0,0.00500595,0.000537755,0,565.151,-0.0299881,3.14545e-05,-0.000552744,0.0299932,100000,100000,1904.29,0,0.00500595,0.000537755,0,565.151,-0.0299881,3.14545e-05,-0.000552744,0.0299932,100000,100000,1904.29,0,0.00500595,0.000537755,0,565.151,-0.0299881,3.14545e-05,-0.000552744,0.0299932,100000,100000,1904.29,0,0.00500595,0.000537755,0,565.151,-0.0299881,3.14545e-05,-0.000552744,0.0299932,100000,100000,1904.29,0,0.00500595,0.000537755,0,565.151,-0.0299881,3.14545e-05,-0.000552744,0.0299932,100000,100000,1904.29,0,0,0,0,0,0,0,0,0,0,0,0,0,1
stats,470,1,471,0.00500595,0.000537755,0,565.152,-0.0299881,3.14547e-05,-0.000552744,0.0299932,100000,100000,1904.29,0,0.00500595,0.000537755,0,565.152,-0.0299881,3.14547e-05,-0.000552744,0.0299932,100000,100000,1904.29,0,0.00500595,0.000537755,0,565.152,-0.0299881,3.14547e-05,-0.000552744,0.0299932,100000,100000,1904.29,0,0.00500595,0.000537755,0,565.152,-0.0299881,3.14547e-05,-0.000552744,0.0299932,100000,100000,1904.29,0,0.00500595,0.000537755,0,565.152,-0.0299881,3.14547e-05,-0.000552744,0.0299932,100000,100000,1904.29,0,0.00500595,0.000537755,0,565.152,-0.0299881,3.14547e-05,-0.000552744,0.0299932,100000,100000,1904.29,0,0,0,0,0,0,0,0,0,0,0,0,0,1
stats,471,1,472,0.00500595,0.000537755,0,565.152,-0.0299881,3.14547e-05,-0.000552744,0.0299932,100000,100000,1904.29,0,0.00500595,0.000537755,0,565.152,-0.0299881,3.14547e-05,-0.000552744,0.0299932,100000,100000,1904.29,0,0.00500595,0.000537755,0,565.152,-0.0299881,3.14547e-05,-0.000552744,0.0299932,100000,100000,1904.29,0,0.00500595,0.000537755,0,565.152,-0.0299881,3.14547e-05,-0.000552744,0.0299932,100000,100000,1904.29,0,0.00500595,0.000537755,0,565.152,-0.0299881,3.14547e-05,-0.000552744,0.0299932,100000,100000,1904.29,0,0.00500595,0.000537755,0,565.152,-0.0299881,3.14547e-05,-0.000552744,0.0299932,100000,100000,1904.29,0,0,0,0,0,0,0,0,0,0,0,0,0,1
stats,472,1,473,0.00500595,0.000537755,0,565.152,-0.0299881,3.14546e-05,-0.000552744,0.0299932,100000,100000,1904.29,0,0.00500595,0.000537755,0,565.152,-0.0299881,3.14546e-05,-0.000552744,0.0299932,100000,100000,1904.29,0,0.00500595,0.000537755,0,565.152,-0.0299881,3.14546e-05,-0.000552744,0.0299932,100000,100000,1904.29,0,0.00500595,0.000537755,0,565.152,-0.0299881,3.14546e-05,-0.000552744,0.0299932,100000,100000,1904.29,0,0.00500595,0.000537755,0,565.152,-0.0299881,3.14546e-05,-0.000552744,0.0299932,100000,100000,1904.29,0,0.00500595,0.000537755,0,565.152,-0.0299881,3.14546e-05,-0.000552744,0.0299932,100000,100000,1904.29,0,0,0,0,0,0,0,0,0,0,0,0,0,1
stats,473,1,474,0.00500595,0.000537755,0,565.152,-0.0299881,3.14543e-05,-0.000552745,0.0299932,100000,100000,1904.29,0,0.00500595,0.000537755,0,565.152,-0.0299881,3.14543e-05,-0.000552745,0.0299932,100000,100000,1904.29,0,0.00500595,0.000537755,0,565.152,-0.0299881,3.14543e-05,-0.000552745,0.0299932,100000,100000,1904.29,0,0.00500595,0.000537755,0,565.152,-0.0299881,3.14543e-05,-0.000552745,0.0299932,100000,100000,1904.29,0,0.00500595,0.000537755,0,565.152,-0.0299881,3.14543e-05,-0.000552745,0.0299932,100000,100000,1904.29,0,0.00500595,0.000537755,0,565.152,-0.0299881,3.14543e-05,-0.000552745,0.0299932,100000,100000,1904.29,0,0,0,0,0,0,0,0,0,0,0,0,0,1
stats,474,1,475,0.00500595,0.000537755,0,565.152,-0.0299881,3.14538e-05,-0.000552745,0.0299932,100000,100000,1904.29,0,0.00500595,0.000537755,0,565.152,-0.0299881,3.14538e-05,-0.000552745,0.0299932,100000,100000,1904.29,0,0.00500595,0.000537755,0,565.152,-0.0299881,3.14538e-05,-0.000552745,0.0299932,100000,100000,1904.29,0,0.00500595,0.000537755,0,565.152,-0.0299881,3.14538e-05,-0.000552745,0.0299932,100000,100000,1904.29,0,0.00500595,0.000537755,0,565.152,-0.0299881,3.14538e-05,-0.000552745,0.0299932,100000,100000,1904.29,0,0.00500595,0.000537755,0,565.152,-0.0299881,3.14538e-05,-0.000552745,0.0299932,100000,100000,1904.29,0,0,0,0,0,0,0,0,0,0,0,0,0,1
stats,475,1,476,0.00500595,0.000537755,0,565.152,-0.0299881,3.14532e-05,-0.000552746,0.0299932,100000,100000,1904.29,0,0.00500595,0.000537755,0,565.152,-0.0299881,3.14532e-05,-0.000552746,0.0299932,100000,100000,1904.29,0,0.00500595,0.000537755,0,565.152,-0.0299881,3.14532e-05,-0.000552746,0.0299932,100000,100000,1904.29,0,0.00500595,0.000537755,0,565.152,-0.0299881,3.14532e-05,-0.000552746,0.0299932,100000,100000,1904.29,0,0.00500595,0.000537755,0,565.152,-0.0299881,3.14532e-05,-0.000552746,0.0299932,100000,100000,1904.29,0,0.00500595,0.000537755,0,565.152,-0.0299881,3.14532e-05,-0.000552746,0.0299932,100000,100000,1904.29,0,0,0,0,0,0,0,0,0,0,0,0,0,1
stats,476,1,477,0.00500595,0.000537755,0,565.152,-0.0299881,3.14525e-05,-0.000552746,0.0299932,100000,100000,1904.29,0,0.00500595,0.000537755,0,565.152,-0.0299881,3.14525e-05,-0.000552746,0.0299932,100000,100000,1904.29,0,0.00500595,0.000537755,0,565.152,-0.0299881,3.14525e-05,-0.000552746,0.0299932,100000,100000,1904.29,0,0.00500595,0.000537755,0,565.152,-0.0299881,3.14525e-05,-0.000552746,0.0299932,100000,100000,1904.29,0,0.00500595,0.000537755,0,565.152,-0.0299881,3.14525e-05,-0.000552746,0.0299932,100000,100000,1904.29,0,0.00500595,0.000537755,0,565.152,-0.0299881,3.14525e-05,-0.000552746,0.0299932,100000,100000,1904.29,0,0,0,0,0,0,0,0,0,0,0,0,0,1
stats,477,1,478,0.00500595,0.000537755,0,565.152,-0.0299881,3.14516e-05,-0.000552746,0.0299932,100000,100000,1904.29,0,0.00500595,0.000537755,0,565.152,-0.0299881,3.14516e-05,-0.000552746,0.0299932,100000,100000,1904.29,0,0.00500595,0.000537755,0,565.152,-0.0299881,3.14516e-05,-0.000552746,0.0299932,100000,100000,1904.29,0,0.00500595,0.000537755,0,565.152,-0.0299881,3.14516e-05,-0.000552746,0.0299932,100000,100000,1904.29,0,0.00500595,0.000537755,0,565.152,-0.0299881,3.14516e-05,-0.000552746,0.0299932,100000,100000,1904.29,0,0.00500595,0.000537755,0,565.152,-0.0299881,3.14516e-05,-0.000552746,0.0299932,100000,100000,1904.29,0,0,0,0,0,0,0,0,0,0,0,0,0,1
stats,478,1,479,0.00500595,0.000537755,0,565.152,-0.0299881,3.14507e-05,-0.000552747,0.0299932,100000,100000,1904.29,0,0.00500595,0.000537755,0,565.152,-0.0299881,3.14507e-05,-0.000552747,0.0299932,100000,100000,1904.29,0,0.00500595,0.000537755,0,565.152,-0.0299881,3.14507e-05,-0.000552747,0.0299932,100000,100000,1904.29,0,0.00500595,0.000537755,0,565.152,-0.0299881,3.14507e-05,-0.000552747,0.0299932,100000,100000,1904.29,0,0.00500595,0.000537755,0,565.152,-0.0299881,3.14507e-05,-0.000552747,0.0299932,100000,100000,1904.29,0,0.00500595,0.000537755,0,565.152,-0.0299881,3.14507e-05,-0.000552747,0.0299932,100000,100000,1904.29,0,0,0,0,0,0,0,0,0,0,0,0,0,1
stats,479,1,480,0.00500595,0.000537755,0,565.152,-0.0299881,3.14501e-05,-0.000552747,0.0299932,100000,100000,1904.29,0,0.00500595,0.000537755,0,565.152,-0.0299881,3.14501e-05,-0.000552747,0.0299932,100000,100000,1904.29,0,0.00500595,0.000537755,0,565.152,-0.0299881,3.14501e-05,-0.000552747,0.0299932,100000,100000,1904.29,0,0.00500595,0.000537755,0,565.152,-0.0299881,3.14501e-05,-0.000552747,0.0299932,100000,100000,1904.29,0,0.00500595,0.000537755,0,565.152,-0.0299881,3.14501e-05,-0.000552747,0.0299932,100000,100000,1904.29,0,0.00500595,0.000537755,0,565.152,-0.0299881,3.14501e-05,-0.000552747,0.0299932,100000,100000,1904.29,0,0,0,0,0,0,0,0,0,0,0,0,0,1
stats,480,1,481,0.00500595,0.000537755,0,565.152,-0.0299881,3.14497e-05,-0.000552746,0.0299932,100000,100000,1904.29,0,0.00500595,0.000537755,0,565.152,-0.0299881,3.14497e-05,-0.000552746,0.0299932,100000,100000,1904.29,0,0.00500595,0.000537755,0,565.152,-0.0299881,3.14497e-05,-0.000552746,0.0299932,100000,100000,1904.29,0,0.00500595,0.000537755,0,565.152,-0.0299881,3.14497e-05,-0.000552746,0.0299932,100000,100000,1904.29,0,0.00500595,0.000537755,0,565.152,-0.0299881,3.14497e-05,-0.000552746,0.0299932,100000,100000,1904.29,0,0.00500595,0.000537755,0,565.152,-0.0299881,3.14497e-05,-0.000552746,0.0299932,100000,100000,1904.29,0,0,0,0,0,0,0,0,0,0,0,0,0,1
stats,481,1,482,0.00500595,0.000537755,0,565.152,-0.0299881,3.14497e-05,-0.000552746,0.0299932,100000,100000,1904.29,0,0.00500595,0.000537755,0,565.152,-0.0299881,3.14497e-05,-0.000552746,0.0299932,100000,100000,1904.29,0,0.00500595,0.000537755,0,565.152,-0.0299881,3.14497e-05,-0.000552746,0.0299932,100000,100000,1904.29,0,0.00500595,0.000537755,0,565.152,-0.0299881,3.14497e-05,-0.000552746,0.0299932,100000,100000,1904.29,0,0.00500595,0.000537755,0,565.152,-0.0299881,3.14497e-05,-0.000552746,0.0299932,100000,100000,1904.29,0,0.00500595,0.000537755,0,565.152,-0.0299881,3.14497e-05,-0.000552746,0.0299932,100000,100000,1904.29,0,0,0,0,0,0,0,0,0,0,0,0,0,1
stats,482,1,483,0.00500595,0.000537755,0,565.152,-0.0299881,3.14502e-05,-0.000552746,0.0299932,100000,100000,1904.29,0,0.00500595,0.000537755,0,565.152,-0.0299881,3.14502e-05,-0.000552746,0.0299932,100000,100000,1904.29,0,0.00500595,0.000537755,0,565.152,-0.0299881,3.14502e-05,-0.000552746,0.0299932,100000,100000,1904.29,0,0.00500595,0.000537755,0,565.152,-0.0299881,3.14502e-05,-0.000552746,0.0299932,100000,100000,1904.29,0,0.00500595,0.000537755,0,565.152,-0.0299881,3.14502e-05,-0.000552746,0.0299932,100000,100000,1904.29,0,0.00500595,0.000537755,0,565.152,-0.0299881,3.14502e-05,-0.000552746,0.0299932,100000,100000,1904.29,0,0,0,0,0,0,0,0,0,0,0,0,0,1
stats,483,1,484,0.00500595,0.000537755,0,565.152,-0.0299881,3.1451e-05,-0.000552746,0.0299932,100000,100000,1904.29,0,0.00500595,0.000537755,0,565.152,-0.0299881,3.1451e-05,-0.000552746,0.0299932,100000,100000,1904.29,0,0.00500595,0.000537755,0,565.152,-0.0299881,3.1451e-05,-0.000552746,0.0299932,100000,100000,1904.29,0,0.00500595,0.000537755,0,565.152,-0.0299881,3.1451e-05,-0.000552746,0.0299932,100000,100000,1904.29,0,0.00500595,0.000537755,0,565.152,-0.0299881,3.1451e-05,-0.000552746,0.0299932,100000,100000,1904.29,0,0.00500595,0.000537755,0,565.152,-0.0299881,3.1451e-05,-0.000552746,0.0299932,100000,100000,1904.29,0,0,0,0,0,0,0,0,0,0,0,0,0,1
stats,484,1,485,0.00500595,0.000537755,0,565.152,-0.0299881,3.14519e-05,-0.000552745,0.0299932,100000,100000,1904.29,0,0.00500595,0.000537755,0,565.152,-0.0299881,3.14519e-05,-0.000552745,0.0299932,100000,100000,1904.29,0,0.00500595,0.000537755,0,565.152,-0.0299881,3.14519e-05,-0.000552745,0.0299932,100000,100000,1904.29,0,0.00500595,0.000537755,0,565.152,-0.0299881,3.14519e-05,-0.000552745,0.0299932,100000,100000,1904.29,0,0.00500595,0.000537755,0,565.152,-0.0299881,3.14519e-05,-0.000552745,0.0299932,100000,100000,1904.29,0,0.00500595,0.000537755,0,565.152,-0.0299881,3.14519e-05,-0.000552745,0.0299932,100000,100000,1904.29,0,0,0,0,0,0,0,0,0,0,0,0,0,1
stats,485,1,486,0.00500595,0.000537755,0,565.152,-0.0299881,3.14528e-05,-0.000552745,0.0299932,100000,100000,1904.29,0,0.00500595,0.000537755,0,565.152,-0.0299881,3.14528e-05,-0.000552745,0.0299932,100000,100000,1904.29,0,0.00500595,0.000537755,0,565.152,-0.0299881,3.14528e-05,-0.000552745,0.0299932,100000,100000,1904.29,0,0.00500595,0.000537755,0,565.152,-0.0299881,3.14528e-05,-0.000552745,0.0299932,100000,100000,1904.29,0,0.00500595,0.000537755,0,565.152,-0.0299881,3.14528e-05,-0.000552745,0.0299932,100000,100000,1904.29,0,0.00500595,0.000537755,0,565.152,-0.0299881,3.14528e-05,-0.000552745,0.0299932,100000,100000,1904.29,0,0,0,0,0,0,0,0,0,0,0,0,0,1
stats,486,1,487,0.00500595,0.000537755,0,565.152,-0.0299881,3.14535e-05,-0.000552745,0.0299932,100000,100000,1904.29,0,0.00500595,0.000537755,0,565.152,-0.0299881,3.14535e-05,-0.000552745,0.0299932,100000,100000,1904.29,0,0.00500595,0.000537755,0,565.152,-0.0299881,3.14535e-05,-0.000552745,0.0299932,100000,100000,1904.29,0,0.00500595,0.000537755,0,565.152,-0.0299881,3.14535e-05,-0.000552745,0.0299932,100000,100000,1904.29,0,0.00500595,0.000537755,0,565.152,-0.0299881,3.14535e-05,-0.000552745,0.0299932,100000,100000,1904.29,0,0.00500595,0.000537755,0,565.152,-0.0299881,3.14535e-05,-0.000552745,0.0299932,100000,100000,1904.29,0,0,0,0,0,0,0,0,0,0,0,0,0,1
stats,487,1,488,0.00500595,0.000537755,0,565.152,-0.0299881,3.1454e-05,-0.000552745,0.0299932,100000,100000,1904.29,0,0.00500595,0.000537755,0,565.152,-0.0299881,3.1454e-05,-0.000552745,0.0299932,100000,100000,1904.29,0,0.00500595,0.000537755,0,565.152,-0.0299881,3.1454e-05,-0.000552745,0.0299932,100000,100000,1904.29,0,0.00500595,0.000537755,0,565.152,-0.0299881,3.1454e-05,-0.000552745,0.0299932,100000,100000,1904.29,0,0.00500595,0.000537755,0,565.152,-0.0299881,3.1454e-05,-0.000552745,0.0299932,100000,100000,1904.29,0,0.00500595,0.000537755,0,565.152,-0.0299881,3.1454e-05,-0.000552745,0.0299932,100000,100000,1904.29,0,0,0,0,0,0,0,0,0,0,0,0,0,1
stats,488,1,489,0.00500595,0.000537755,0,565.153,-0.0299881,3.14545e-05,-0.000552746,0.0299932,100000,100000,1904.29,0,0.00500595,0.000537755,0,565.153,-0.0299881,3.14545e-05,-0.000552746,0.0299932,100000,100000,1904.29,0,0.00500595,0.000537755,0,565.153,-0.0299881,3.14545e-05,-0.000552746,0.0299932,100000,100000,1904.29,0,0.00500595,0.000537755,0,565.153,-0.0299881,3.14545e-05,-0.000552746,0.0299932,100000,100000,1904.29,0,0.00500595,0.000537755,0,565.153,-0.0299881,3.14545e-05,-0.000552746,0.0299932,100000,100000,1904.29,0,0.00500595,0.000537755,0,565.153,-0.0299881,3.14545e-05,-0.000552746,0.0299932,100000,100000,1904.29,0,0,0,0,0,0,0,0,0,0,0,0,0,1
stats,489,1,490,0.00500595,0.000537755,0,565.153,-0.0299881,3.14549e-05,-0.000552746,0.0299932,100000,100000,1904.29,0,0.00500595,0.000537755,0,565.153,-0.0299881,3.14549e-05,-0.000552746,0.0299932,100000,100000,1904.29,0,0.00500595,0.000537755,0,565.153,-0.0299881,3.14549e-05,-0.000552746,0.0299932,100000,100000,1904.29,0,0.00500595,0.000537755,0,565.153,-0.0299881,3.14549e-05,-0.000552746,0.0299932,100000,100000,1904.29,0,0.00500595,0.000537755,0,565.153,-0.0299881,3.14549e-05,-0.000552746,0.0299932,100000,100000,1904.29,0,0.00500595,0.000537755,0,565.153,-0.0299881,3.14549e-05,-0.000552746,0.0299932,100000,100000,1904.29,0,0,0,0,0,0,0,0,0,0,0,0,0,1
stats,490,1,491,0.00500595,0.000537755,0,565.153,-0.0299881,3.14551e-05,-0.000552746,0.0299932,100000,100000,1904.29,0,0.00500595,0.000537755,0,565.153,-0.0299881,3.14551e-05,-0.000552746,0.0299932,100000,100000,1904.29,0,0.00500595,0.000537755,0,565.153,-0.0299881,3.14551e-05,-0.000552746,0.0299932,100000,100000,1904.29,0,0.00500595,0.000537755,0,565.153,-0.0299881,3.14551e-05,-0.000552746,0.0299932,100000,100000,1904.29,0,0.00500595,0.000537755,0,565.153,-0.0299881,3.14551e-05,-0.000552746,0.0299932,100000,100000,1904.29,0,0.00500595,0.000537755,0,565.153,-0.0299881,3.14551e-05,-0.000552746,0.0299932,100000,100000,1904.29,0,0,0,0,0,0,0,0,0,0,0,0,0,1
stats,491,1,492,0.00500595,0.000537755,0,565.153,-0.0299881,3.14551e-05,-0.000552746,0.0299932,100000,100000,1904.29,0,0.00500595,0.000537755,0,565.153,-0.0299881,3.14551e-05,-0.000552746,0.0299932,100000,100000,1904.29,0,0.00500595,0.000537755,0,565.153,-0.0299881,3.14551e-05,-0.000552746,0.0299932,100000,100000,1904.29,0,0.00500595,0.000537755,0,565.153,-0.0299881,3.14551e-05,-0.000552746,0.0299932,100000,100000,1904.29,0,0.00500595,0.000537755,0,565.153,-0.0299881,3.14551e-05,-0.000552746,0.0299932,100000,100000,1904.29,0,0.00500595,0.000537755,0,565.153,-0.0299881,3.14551e-05,-0.000552746,0.0299932,100000,100000,1904.29,0,0,0,0,0,0,0,0,0,0,0,0,0,1
stats,492,1,493,0.00500595,0.000537755,0,565.153,-0.0299881,3.14548e-05,-0.000552746,0.0299932,100000,100000,1904.29,0,0.00500595,0.000537755,0,565.153,-0.0299881,3.14548e-05,-0.000552746,0.0299932,100000,100000,1904.29,0,0.00500595,0.000537755,0,565.153,-0.0299881,3.14548e-05,-0.000552746,0.0299932,100000,100000,1904.29,0,0.00500595,0.000537755,0,565.153,-0.0299881,3.14548e-05,-0.000552746,0.0299932,100000,100000,1904.29,0,0.00500595,0.000537755,0,565.153,-0.0299881,3.14548e-05,-0.000552746,0.0299932,100000,100000,1904.29,0,0.00500595,0.000537755,0,565.153,-0.0299881,3.14548e-05,-0.000552746,0.0299932,100000,100000,1904.29,0,0,0,0,0,0,0,0,0,0,0,0,0,1
stats,493,1,494,0.00500595,0.000537755,0,565.153,-0.0299881,3.14541e-05,-0.000552747,0.0299932,100000,100000,1904.29,0,0.00500595,0.000537755,0,565.153,-0.0299881,3.14541e-05,-0.000552747,0.0299932,100000,100000,1904.29,0,0.00500595,0.000537755,0,565.153,-0.0299881,3.14541e-05,-0.000552747,0.0299932,100000,100000,1904.29,0,0.00500595,0.000537755,0,565.153,-0.0299881,3.14541e-05,-0.000552747,0.0299932,100000,100000,1904.29,0,0.00500595,0.000537755,0,565.153,-0.0299881,3.14541e-05,-0.000552747,0.0299932,100000,100000,1904.29,0,0.00500595,0.000537755,0,565.153,-0.0299881,3.14541e-05,-0.000552747,0.0299932,100000,100000,1904.29,0,0,0,0,0,0,0,0,0,0,0,0,0,1
stats,494,1,495,0.00500595,0.000537755,0,565.153,-0.0299881,3.14531e-05,-0.000552747,0.0299932,100000,100000,1904.29,0,0.00500595,0.000537755,0,565.153,-0.0299881,3.14531e-05,-0.000552747,0.0299932,100000,100000,1904.29,0,0.00500595,0.000537755,0,565.153,-0.0299881,3.14531e-05,-0.000552747,0.0299932,100000,100000,1904.29,0,0.00500595,0.000537755,0,565.153,-0.0299881,3.14531e-05,-0.000552747,0.0299932,100000,100000,1904.29,0,0.00500595,0.000537755,0,565.153,-0.0299881,3.14531e-05,-0.000552747,0.0299932,100000,100000,1904.29,0,0.00500595,0.000537755,0,565.153,-0.0299881,3.14531e-05,-0.000552747,0.0299932,100000,100000,1904.29,0,0,0,0,0,0,0,0,0,0,0,0,0,1
stats,495,1,496,0.00500595,0.000537755,0,565.153,-0.0299881,3.14519e-05,-0.000552747,0.0299932,100000,100000,1904.29,0,0.00500595,0.000537755,0,565.153,-0.0299881,3.14519e-05,-0.000552747,0.0299932,100000,100000,1904.29,0,0.00500595,0.000537755,0,565.153,-0.0299881,3.14519e-05,-0.000552747,0.0299932,100000,100000,1904.29,0,0.00500595,0.000537755,0,565.153,-0.0299881,3.14519e-05,-0.000552747,0.0299932,100000,100000,1904.29,0,0.00500595,0.000537755,0,565.153,-0.0299881,3.14519e-05,-0.000552747,0.0299932,100000,100000,1904.29,0,0.00500595,0.000537755,0,565.153,-0.0299881,3.14519e-05,-0.000552747,0.0299932,100000,100000,1904.29,0,0,0,0,0,0,0,0,0,0,0,0,0,1
stats,496,1,497,0.00500595,0.000537755,0,565.153,-0.0299881,3.14506e-05,-0.000552747,0.0299932,100000,100000,1904.29,0,0.00500595,0.000537755,0,565.153,-0.0299881,3.14506e-05,-0.000552747,0.0299932,100000,100000,1904.29,0,0.00500595,0.000537755,0,565.153,-0.0299881,3.14506e-05,-0.000552747,0.0299932,100000,100000,1904.29,0,0.00500595,0.000537755,0,565.153,-0.0299881,3.14506e-05,-0.000552747,0.0299932,100000,100000,1904.29,0,0.00500595,0.000537755,0,565.153,-0.0299881,3.14506e-05,-0.000552747,0.0299932,100000,100000,1904.29,0,0.00500595,0.000537755,0,565.153,-0.0299881,3.14506e-05,-0.000552747,0.0299932,100000,100000,1904.29,0,0,0,0,0,0,0,0,0,0,0,0,0,1
stats,497,1,498,0.00500595,0.000537755,0,565.153,-0.0299881,3.14496e-05,-0.000552746,0.0299932,100000,100000,1904.29,0,0.00500595,0.000537755,0,565.153,-0.0299881,3.14496e-05,-0.000552746,0.0299932,100000,100000,1904.29,0,0.00500595,0.000537755,0,565.153,-0.0299881,3.14496e-05,-0.000552746,0.0299932,100000,100000,1904.29,0,0.00500595,0.000537755,0,565.153,-0.0299881,3.14496e-05,-0.000552746,0.0299932,100000,100000,1904.29,0,0.00500595,0.000537755,0,565.153,-0.0299881,3.14496e-05,-0.000552746,0.0299932,100000,100000,1904.29,0,0.00500595,0.000537755,0,565.153,-0.0299881,3.14496e-05,-0.000552746,0.0299932,100000,100000,1904.29,0,0,0,0,0,0,0,0,0,0,0,0,0,1
stats,498,1,499,0.00500595,0.000537755,0,565.153,-0.0299881,3.1449e-05,-0.000552746,0.0299932,100000,100000,1904.29,0,0.00500595,0.000537755,0,565.153,-0.0299881,3.1449e-05,-0.000552746,0.0299932,100000,100000,1904.29,0,0.00500595,0.000537755,0,565.153,-0.0299881,3.1449e-05,-0.000552746,0.0299932,100000,100000,1904.29,0,0.00500595,0.000537755,0,565.153,-0.0299881,3.1449e-05,-0.000552746,0.0299932,100000,100000,1904.29,0,0.00500595,0.000537755,0,565.153,-0.0299881,3.1449e-05,-0.000552746,0.0299932,100000,100000,1904.29,0,0.00500595,0.000537755,0,565.153,-0.0299881,3.1449e-05,-0.000552746,0.0299932,100000,100000,1904.29,0,0,0,0,0,0,0,0,0,0,0,0,0,1
stats,499,1,500,0.00500595,0.000537755,0,565.153,-0.0299881,3.14489e-05,-0.000552746,0.0299932,100000,100000,1904.29,0,0.00500595,0.000537755,0,565.153,-0.0299881,3.14489e-05,-0.000552746,0.0299932,100000,100000,1904.29,0,0.00500595,0.000537755,0,565.153,-0.0299881,3.14489e-05,-0.000552746,0.0299932,100000,100000,1904.29,0,0.00500595,0.000537755,0,565.153,-0.0299881,3.14489e-05,-0.000552746,0.0299932,100000,100000,1904.29,0,0.00500595,0.000537755,0,565.153,-0.0299881,3.14489e-05,-0.000552746,0.0299932,100000,100000,1904.29,0,0.00500595,0.000537755,0,565.153,-0.0299881,3.14489e-05,-0.000552746,0.0299932,100000,100000,1904.29,0,0,0,0,0,0,0,0,0,0,0,0,0,1
stats,500,1,501,0.00500595,0.000537755,0,565.153,-0.0299881,3.14493e-05,-0.000552746,0.0299932,100000,100000,1904.29,0,0.00500595,0.000537755,0,565.153,-0.0299881,3.14493e-05,-0.000552746,0.0299932,100000,100000,1904.29,0,0.00500595,0.000537755,0,565.153,-0.0299881,3.14493e-05,-0.000552746,0.0299932,100000,100000,1904.29,0,0.00500595,0.000537755,0,565.153,-0.0299881,3.14493e-05,-0.000552746,0.0299932,100000,100000,1904.29,0,0.00500595,0.000537755,0,565.153,-0.0299881,3.14493e-05,-0.000552746,0.0299932,100000,100000,1904.29,0,0.00500595,0.000537755,0,565.153,-0.0299881,3.14493e-05,-0.000552746,0.0299932,100000,100000,1904.29,0,0,0,0,0,0,0,0,0,0,0,0,0,1
stats,501,1,502,0.00500595,0.000537755,0,565.153,-0.0299881,3.14501e-05,-0.000552746,0.0299932,100000,100000,1904.29,0,0.00500595,0.000537755,0,565.153,-0.0299881,3.14501e-05,-0.000552746,0.0299932,100000,100000,1904.29,0,0.00500595,0.000537755,0,565.153,-0.0299881,3.14501e-05,-0.000552746,0.0299932,100000,100000,1904.29,0,0.00500595,0.000537755,0,565.153,-0.0299881,3.14501e-05,-0.000552746,0.0299932,100000,100000,1904.29,0,0.00500595,0.000537755,0,565.153,-0.0299881,3.14501e-05,-0.000552746,0.0299932,100000,100000,1904.29,0,0.00500595,0.000537755,0,565.153,-0.0299881,3.14501e-05,-0.000552746,0.0299932,100000,100000,1904.29,0,0,0,0,0,0,0,0,0,0,0,0,0,1
stats,502,1,503,0.00500595,0.000537755,0,565.153,-0.0299881,3.1451e-05,-0.000552747,0.0299932,100000,100000,1904.29,0,0.00500595,0.000537755,0,565.153,-0.0299881,3.1451e-05,-0.000552747,0.0299932,100000,100000,1904.29,0,0.00500595,0.000537755,0,565.153,-0.0299881,3.1451e-05,-0.000552747,0.0299932,100000,100000,1904.29,0,0.00500595,0.000537755,0,565.153,-0.0299881,3.1451e-05,-0.000552747,0.0299932,100000,100000,1904.29,0,0.00500595,0.000537755,0,565.153,-0.0299881,3.1451e-05,-0.000552747,0.0299932,100000,100000,1904.29,0,0.00500595,0.000537755,0,565.153,-0.0299881,3.1451e-05,-0.000552747,0.0299932,100000,100000,1904.29,0,0,0,0,0,0,0,0,0,0,0,0,0,1
stats,503,1,504,0.00500595,0.000537755,0,565.153,-0.0299881,3.14518e-05,-0.000552747,0.0299932,100000,100000,1904.29,0,0.00500595,0.000537755,0,565.153,-0.0299881,3.14518e-05,-0.000552747,0.0299932,100000,100000,1904.29,0,0.00500595,0.000537755,0,565.153,-0.0299881,3.14518e-05,-0.000552747,0.0299932,100000,100000,1904.29,0,0.00500595,0.000537755,0,565.153,-0.0299881,3.14518e-05,-0.000552747,0.0299932,100000,100000,1904.29,0,0.00500595,0.000537755,0,565.153,-0.0299881,3.14518e-05,-0.000552747,0.0299932,100000,100000,1904.29,0,0.00500595,0.000537755,0,565.153,-0.0299881,3.14518e-05,-0.000552747,0.0299932,100000,100000,1904.29,0,0,0,0,0,0,0,0,0,0,0,0,0,1
stats,504,1,505,0.00500595,0.000537755,0,565.153,-0.0299881,3.14526e-05,-0.000552747,0.0299932,100000,100000,1904.29,0,0.00500595,0.000537755,0,565.153,-0.0299881,3.14526e-05,-0.000552747,0.0299932,100000,100000,1904.29,0,0.00500595,0.000537755,0,565.153,-0.0299881,3.14526e-05,-0.000552747,0.0299932,100000,100000,1904.29,0,0.00500595,0.000537755,0,565.153,-0.0299881,3.14526e-05,-0.000552747,0.0299932,100000,100000,1904.29,0,0.00500595,0.000537755,0,565.153,-0.0299881,3.14526e-05,-0.000552747,0.0299932,100000,100000,1904.29,0,0.00500595,0.000537755,0,565.153,-0.0299881,3.14526e-05,-0.000552747,0.0299932,100000,100000,1904.29,0,0,0,0,0,0,0,0,0,0,0,0,0,1
stats,505,1,506,0.00500595,0.000537755,0,565.153,-0.0299881,3.14533e-05,-0.000552747,0.0299932,100000,100000,1904.29,0,0.00500595,0.000537755,0,565.153,-0.0299881,3.14533e-05,-0.000552747,0.0299932,100000,100000,1904.29,0,0.00500595,0.000537755,0,565.153,-0.0299881,3.14533e-05,-0.000552747,0.0299932,100000,100000,1904.29,0,0.00500595,0.000537755,0,565.153,-0.0299881,3.14533e-05,-0.000552747,0.0299932,100000,100000,1904.29,0,0.00500595,0.000537755,0,565.153,-0.0299881,3.14533e-05,-0.000552747,0.0299932,100000,100000,1904.29,0,0.00500595,0.000537755,0,565.153,-0.0299881,3.14533e-05,-0.000552747,0.0299932,100000,100000,1904.29,0,0,0,0,0,0,0,0,0,0,0,0,0,1
stats,506,1,507,0.00500595,0.000537755,0,565.153,-0.0299881,3.14539e-05,-0.000552747,0.0299932,100000,100000,1904.29,0,0.00500595,0.000537755,0,565.153,-0.0299881,3.14539e-05,-0.000552747,0.0299932,100000,100000,1904.29,0,0.00500595,0.000537755,0,565.153,-0.0299881,3.14539e-05,-0.000552747,0.0299932,100000,100000,1904.29,0,0.00500595,0.000537755,0,565.153,-0.0299881,3.14539e-05,-0.000552747,0.0299932,100000,100000,1904.29,0,0.00500595,0.000537755,0,565.153,-0.0299881,3.14539e-05,-0.000552747,0.0299932,100000,100000,1904.29,0,0.00500595,0.000537755,0,565.153,-0.0299881,3.14539e-05,-0.000552747,0.0299932,100000,100000,1904.29,0,0,0,0,0,0,0,0,0,0,0,0,0,1
stats,507,1,508,0.00500595,0.000537755,0,565.153,-0.0299881,3.14544e-05,-0.000552747,0.0299932,100000,100000,1904.29,0,0.00500595,0.000537755,0,565.153,-0.0299881,3.14544e-05,-0.000552747,0.0299932,100000,100000,1904.29,0,0.00500595,0.000537755,0,565.153,-0.0299881,3.14544e-05,-0.000552747,0.0299932,100000,100000,1904.29,0,0.00500595,0.000537755,0,565.153,-0.0299881,3.14544e-05,-0.000552747,0.0299932,100000,100000,1904.29,0,0.00500595,0.000537755,0,565.153,-0.0299881,3.14544e-05,-0.000552747,0.0299932,100000,100000,1904.29,0,0.00500595,0.000537755,0,565.153,-0.0299881,3.14544e-05,-0.000552747,0.0299932,100000,100000,1904.29,0,0,0,0,0,0,0,0,0,0,0,0,0,1
stats,508,1,509,0.00500595,0.000537755,0,565.153,-0.0299881,3.14547e-05,-0.000552748,0.0299932,100000,100000,1904.29,0,0.00500595,0.000537755,0,565.153,-0.0299881,3.14547e-05,-0.000552748,0.0299932,100000,100000,1904.29,0,0.00500595,0.000537755,0,565.153,-0.0299881,3.14547e-05,-0.000552748,0.0299932,100000,100000,1904.29,0,0.00500595,0.000537755,0,565.153,-0.0299881,3.14547e-05,-0.000552748,0.0299932,100000,100000,1904.29,0,0.00500595,0.000537755,0,565.153,-0.0299881,3.14547e-05,-0.000552748,0.0299932,100000,100000,1904.29,0,0.00500595,0.000537755,0,565.153,-0.0299881,3.14547e-05,-0.000552748,0.0299932,100000,100000,1904.29,0,0,0,0,0,0,0,0,0,0,0,0,0,1
stats,509,1,510,0.00500595,0.000537755,0,565.153,-0.0299881,3.14549e-05,-0.000552748,0.0299932,100000,100000,1904.29,0,0.00500595,0.000537755,0,565.153,-0.0299881,3.14549e-05,-0.000552748,0.0299932,100000,100000,1904.29,0,0.00500595,0.000537755,0,565.153,-0.0299881,3.14549e-05,-0.000552748,0.0299932,100000,100000,1904.29,0,0.00500595,0.000537755,0,565.153,-0.0299881,3.14549e-05,-0.000552748,0.0299932,100000,100000,1904.29,0,0.00500595,0.000537755,0,565.153,-0.0299881,3.14549e-05,-0.000552748,0.0299932,100000,100000,1904.29,0,0.00500595,0.000537755,0,565.153,-0.0299881,3.14549e-05,-0.000552748,0.0299932,100000,100000,1904.29,0,0,0,0,0,0,0,0,0,0,0,0,0,1
stats,510,1,511,0.00500595,0.000537755,0,565.153,-0.0299881,3.14548e-05,-0.000552748,0.0299932,100000,100000,1904.29,0,0.00500595,0.000537755,0,565.153,-0.0299881,3.14548e-05,-0.000552748,0.0299932,100000,100000,1904.29,0,0.00500595,0.000537755,0,565.153,-0.0299881,3.14548e-05,-0.000552748,0.0299932,100000,100000,1904.29,0,0.00500595,0.000537755,0,565.153,-0.0299881,3.14548e-05,-0.000552748,0.0299932,100000,100000,1904.29,0,0.00500595,0.000537755,0,565.153,-0.0299881,3.14548e-05,-0.000552748,0.0299932,100000,100000,1904.29,0,0.00500595,0.000537755,0,565.153,-0.0299881,3.14548e-05,-0.000552748,0.0299932,100000,100000,1904.29,0,0,0,0,0,0,0,0,0,0,0,0,0,1
stats,511,1,512,0.00500595,0.000537755,0,565.153,-0.0299881,3.14545e-05,-0.000552748,0.0299932,100000,100000,1904.29,0,0.00500595,0.000537755,0,565.153,-0.0299881,3.14545e-05,-0.000552748,0.0299932,100000,100000,1904.29,0,0.00500595,0.000537755,0,565.153,-0.0299881,3.14545e-05,-0.000552748,0.0299932,100000,100000,1904.29,0,0.00500595,0.000537755,0,565.153,-0.0299881,3.14545e-05,-0.000552748,0.0299932,100000,100000,1904.29,0,0.00500595,0.000537755,0,565.153,-0.0299881,3.14545e-05,-0.000552748,0.0299932,100000,100000,1904.29,0,0.00500595,0.000537755,0,565.153,-0.0299881,3.14545e-05,-0.000552748,0.0299932,100000,100000,1904.29,0,0,0,0,0,0,0,0,0,0,0,0,0,1
stats,512,1,513,0.00500595,0.000537755,0,565.153,-0.0299881,3.14538e-05,-0.000552748,0.0299932,100000,100000,1904.29,0,0.00500595,0.000537755,0,565.153,-0.0299881,3.14538e-05,-0.000552748,0.0299932,100000,100000,1904.29,0,0.00500595,0.000537755,0,565.153,-0.0299881,3.14538e-05,-0.000552748,0.0299932,100000,100000,1904.29,0,0.00500595,0.000537755,0,565.153,-0.0299881,3.14538e-05,-0.000552748,0.0299932,100000,100000,1904.29,0,0.00500595,0.000537755,0,565.153,-0.0299881,3.14538e-05,-0.000552748,0.0299932,100000,100000,1904.29,0,0.00500595,0.000537755,0,565.153,-0.0299881,3.14538e-05,-0.000552748,0.0299932,100000,100000,1904.29,0,0,0,0,0,0,0,0,0,0,0,0,0,1
stats,513,1,514,0.00500595,0.000537755,0,565.154,-0.0299881,3.14528e-05,-0.000552748,0.0299932,100000,100000,1904.29,0,0.00500595,0.000537755,0,565.154,-0.0299881,3.14528e-05,-0.000552748,0.0299932,100000,100000,1904.29,0,0.00500595,0.000537755,0,565.154,-0.0299881,3.14528e-05,-0.000552748,0.0299932,100000,100000,1904.29,0,0.00500595,0.000537755,0,565.154,-0.0299881,3.14528e-05,-0.000552748,0.0299932,100000,100000,1904.29,0,0.00500595,0.000537755,0,565.154,-0.0299881,3.14528e-05,-0.000552748,0.0299932,100000,100000,1904.29,0,0.00500595,0.000537755,0,565.154,-0.0299881,3.14528e-05,-0.000552748,0.0299932,100000,100000,1904.29,0,0,0,0,0,0,0,0,0,0,0,0,0,1
stats,514,1,515,0.00500595,0.000537755,0,565.154,-0.0299881,3.14518e-05,-0.000552747,0.0299932,100000,100000,1904.29,0,0.00500595,0.000537755,0,565.154,-0.0299881,3.14518e-05,-0.000552747,0.0299932,100000,100000,1904.29,0,0.00500595,0.000537755,0,565.154,-0.0299881,3.14518e-05,-0.000552747,0.0299932,100000,100000,1904.29,0,0.00500595,0.000537755,0,565.154,-0.0299881,3.14518e-05,-0.000552747,0.0299932,100000,100000,1904.29,0,0.00500595,0.000537755,0,565.154,-0.0299881,3.14518e-05,-0.000552747,0.0299932,100000,100000,1904.29,0,0.00500595,0.000537755,0,565.154,-0.0299881,3.14518e-05,-0.000552747,0.0299932,100000,100000,1904.29,0,0,0,0,0,0,0,0,0,0,0,0,0,1
stats,515,1,516,0.00500595,0.000537755,0,565.154,-0.0299881,3.14509e-05,-0.000552746,0.0299932,100000,100000,1904.29,0,0.00500595,0.000537755,0,565.154,-0.0299881,3.14509e-05,-0.000552746,0.0299932,100000,100000,1904.29,0,0.00500595,0.000537755,0,565.154,-0.0299881,3.14509e-05,-0.000552746,0.0299932,100000,100000,1904.29,0,0.00500595,0.000537755,0,565.154,-0.0299881,3.14509e-05,-0.000552746,0.0299932,100000,100000,1904.29,0,0.00500595,0.000537755,0,565.154,-0.0299881,3.14509e-05,-0.000552746,0.0299932,100000,100000,1904.29,0,0.00500595,0.000537755,0,565.154,-0.0299881,3.14509e-05,-0.000552746,0.0299932,100000,100000,1904.29,0,0,0,0,0,0,0,0,0,0,0,0,0,1
stats,516,1,517,0.00500595,0.000537755,0,565.154,-0.0299881,3.14503e-05,-0.000552746,0.0299932,100000,100000,1904.29,0,0.00500595,0.000537755,0,565.154,-0.0299881,3.14503e-05,-0.000552746,0.0299932,100000,100000,1904.29,0,0.00500595,0.000537755,0,565.154,-0.0299881,3.14503e-05,-0.000552746,0.0299932,100000,100000,1904.29,0,0.00500595,0.000537755,0,565.154,-0.0299881,3.14503e-05,-0.000552746,0.0299932,100000,100000,1904.29,0,0.00500595,0.000537755,0,565.154,-0.0299881,3.14503e-05,-0.000552746,0.0299932,100000,100000,1904.29,0,0.00500595,0.000537755,0,565.154,-0.0299881,3.14503e-05,-0.000552746,0.0299932,100000,100000,1904.29,0,0,0,0,0,0,0,0,0,0,0,0,0,1
stats,517,1,518,0.00500595,0.000537755,0,565.154,-0.0299881,3.14501e-05,-0.000552745,0.0299932,100000,100000,1904.29,0,0.00500595,0.000537755,0,565.154,-0.0299881,3.14501e-05,-0.000552745,0.0299932,100000,100000,1904.29,0,0.00500595,0.000537755,0,565.154,-0.0299881,3.14501e-05,-0.000552745,0.0299932,100000,100000,1904.29,0,0.00500595,0.000537755,0,565.154,-0.0299881,3.14501e-05,-0.000552745,0.0299932,100000,100000,1904.29,0,0.00500595,0.000537755,0,565.154,-0.0299881,3.14501e-05,-0.000552745,0.0299932,100000,100000,1904.29,0,0.00500595,0.000537755,0,565.154,-0.0299881,3.14501e-05,-0.000552745,0.0299932,100000,100000,1904.29,0,0,0,0,0,0,0,0,0,0,0,0,0,1
stats,518,1,519,0.00500595,0.000537755,0,565.154,-0.0299881,3.14502e-05,-0.000552745,0.0299932,100000,100000,1904.29,0,0.00500595,0.000537755,0,565.154,-0.0299881,3.14502e-05,-0.000552745,0.0299932,100000,100000,1904.29,0,0.00500595,0.000537755,0,565.154,-0.0299881,3.14502e-05,-0.000552745,0.0299932,100000,100000,1904.29,0,0.00500595,0.000537755,0,565.154,-0.0299881,3.14502e-05,-0.000552745,0.0299932,100000,100000,1904.29,0,0.00500595,0.000537755,0,565.154,-0.0299881,3.14502e-05,-0.000552745,0.0299932,100000,100000,1904.29,0,0.00500595,0.000537755,0,565.154,-0.0299881,3.14502e-05,-0.000552745,0.0299932,100000,100000,1904.29,0,0,0,0,0,0,0,0,0,0,0,0,0,1
stats,519,1,520,0.00500595,0.000537755,0,565.154,-0.0299881,3.14506e-05,-0.000552746,0.0299932,100000,100000,1904.29,0,0.00500595,0.000537755,0,565.154,-0.0299881,3.14506e-05,-0.000552746,0.0299932,100000,100000,1904.29,0,0.00500595,0.000537755,0,565.154,-0.0299881,3.14506e-05,-0.000552746,0.0299932,100000,100000,1904.29,0,0.00500595,0.000537755,0,565.154,-0.0299881,3.14506e-05,-0.000552746,0.0299932,100000,100000,1904.29,0,0.00500595,0.000537755,0,565.154,-0.0299881,3.14506e-05,-0.000552746,0.0299932,100000,100000,1904.29,0,0.00500595,0.000537755,0,565.154,-0.0299881,3.14506e-05,-0.000552746,0.0299932,100000,100000,1904.29,0,0,0,0,0,0,0,0,0,0,0,0,0,1
stats,520,1,521,0.00500595,0.000537755,0,565.154,-0.0299881,3.14511e-05,-0.000552746,0.0299932,100000,100000,1904.29,0,0.00500595,0.000537755,0,565.154,-0.0299881,3.14511e-05,-0.000552746,0.0299932,100000,100000,1904.29,0,0.00500595,0.000537755,0,565.154,-0.0299881,3.14511e-05,-0.000552746,0.0299932,100000,100000,1904.29,0,0.00500595,0.000537755,0,565.154,-0.0299881,3.14511e-05,-0.000552746,0.0299932,100000,100000,1904.29,0,0.00500595,0.000537755,0,565.154,-0.0299881,3.14511e-05,-0.000552746,0.0299932,100000,100000,1904.29,0,0.00500595,0.000537755,0,565.154,-0.0299881,3.14511e-05,-0.000552746,0.0299932,100000,100000,1904.29,0,0,0,0,0,0,0,0,0,0,0,0,0,1
stats,521,1,522,0.00500595,0.000537755,0,565.154,-0.0299881,3.14516e-05,-0.000552747,0.0299932,100000,100000,1904.29,0,0.00500595,0.000537755,0,565.154,-0.0299881,3.14516e-05,-0.000552747,0.0299932,100000,100000,1904.29,0,0.00500595,0.000537755,0,565.154,-0.0299881,3.14516e-05,-0.000552747,0.0299932,100000,100000,1904.29,0,0.00500595,0.000537755,0,565.154,-0.0299881,3.14516e-05,-0.000552747,0.0299932,100000,100000,1904.29,0,0.00500595,0.000537755,0,565.154,-0.0299881,3.14516e-05,-0.000552747,0.0299932,100000,100000,1904.29,0,0.00500595,0.000537755,0,565.154,-0.0299881,3.14516e-05,-0.000552747,0.0299932,100000,100000,1904.29,0,0,0,0,0,0,0,0,0,0,0,0,0,1
stats,522,1,523,0.00500595,0.000537755,0,565.154,-0.0299881,3.14521e-05,-0.000552748,0.0299932,100000,100000,1904.29,0,0.00500595,0.000537755,0,565.154,-0.0299881,3.14521e-05,-0.000552748,0.0299932,100000,100000,1904.29,0,0.00500595,0.000537755,0,565.154,-0.0299881,3.14521e-05,-0.000552748,0.0299932,100000,100000,1904.29,0,0.00500595,0.000537755,0,565.154,-0.0299881,3.14521e-05,-0.000552748,0.0299932,100000,100000,1904.29,0,0.00500595,0.000537755,0,565.154,-0.0299881,3.14521e-05,-0.000552748,0.0299932,100000,100000,1904.29,0,0.00500595,0.000537755,0,565.154,-0.0299881,3.14521e-05,-0.000552748,0.0299932,100000,100000,1904.29,0,0,0,0,0,0,0,0,0,0,0,0,0,1
stats,523,1,524,0.00500595,0.000537755,0,565.154,-0.0299881,3.14526e-05,-0.000552749,0.0299932,100000,100000,1904.29,0,0.00500595,0.000537755,0,565.154,-0.0299881,3.14526e-05,-0.000552749,0.0299932,100000,100000,1904.29,0,0.00500595,0.000537755,0,565.154,-0.0299881,3.14526e-05,-0.000552749,0.0299932,100000,100000,1904.29,0,0.00500595,0.000537755,0,565.154,-0.0299881,3.14526e-05,-0.000552749,0.0299932,100000,100000,1904.29,0,0.00500595,0.000537755,0,565.154,-0.0299881,3.14526e-05,-0.000552749,0.0299932,100000,100000,1904.29,0,0.00500595,0.000537755,0,565.154,-0.0299881,3.14526e-05,-0.000552749,0.0299932,100000,100000,1904.29,0,0,0,0,0,0,0,0,0,0,0,0,0,1
stats,524,1,525,0.00500595,0.000537755,0,565.154,-0.0299881,3.14532e-05,-0.000552749,0.0299932,100000,100000,1904.29,0,0.00500595,0.000537755,0,565.154,-0.0299881,3.14532e-05,-0.000552749,0.0299932,100000,100000,1904.29,0,0.00500595,0.000537755,0,565.154,-0.0299881,3.14532e-05,-0.000552749,0.0299932,100000,100000,1904.29,0,0.00500595,0.000537755,0,565.154,-0.0299881,3.14532e-05,-0.000552749,0.0299932,100000,100000,1904.29,0,0.00500595,0.000537755,0,565.154,-0.0299881,3.14532e-05,-0.000552749,0.0299932,100000,100000,1904.29,0,0.00500595,0.000537755,0,565.154,-0.0299881,3.14532e-05,-0.000552749,0.0299932,100000,100000,1904.29,0,0,0,0,0,0,0,0,0,0,0,0,0,1
stats,525,1,526,0.00500595,0.000537755,0,565.154,-0.0299881,3.14537e-05,-0.000552749,0.0299932,100000,100000,1904.29,0,0.00500595,0.000537755,0,565.154,-0.0299881,3.14537e-05,-0.000552749,0.0299932,100000,100000,1904.29,0,0.00500595,0.000537755,0,565.154,-0.0299881,3.14537e-05,-0.000552749,0.0299932,100000,100000,1904.29,0,0.00500595,0.000537755,0,565.154,-0.0299881,3.14537e-05,-0.000552749,0.0299932,100000,100000,1904.29,0,0.00500595,0.000537755,0,565.154,-0.0299881,3.14537e-05,-0.000552749,0.0299932,100000,100000,1904.29,0,0.00500595,0.000537755,0,565.154,-0.0299881,3.14537e-05,-0.000552749,0.0299932,100000,100000,1904.29,0,0,0,0,0,0,0,0,0,0,0,0,0,1
stats,526,1,527,0.00500595,0.000537755,0,565.154,-0.0299881,3.14541e-05,-0.000552749,0.0299932,100000,100000,1904.29,0,0.00500595,0.000537755,0,565.154,-0.0299881,3.14541e-05,-0.000552749,0.0299932,100000,100000,1904.29,0,0.00500595,0.000537755,0,565.154,-0.0299881,3.14541e-05,-0.000552749,0.0299932,100000,100000,1904.29,0,0.00500595,0.000537755,0,565.154,-0.0299881,3.14541e-05,-0.000552749,0.0299932,100000,100000,1904.29,0,0.00500595,0.000537755,0,565.154,-0.0299881,3.14541e-05,-0.000552749,0.0299932,100000,100000,1904.29,0,0.00500595,0.000537755,0,565.154,-0.0299881,3.14541e-05,-0.000552749,0.0299932,100000,100000,1904.29,0,0,0,0,0,0,0,0,0,0,0,0,0,1
stats,527,1,528,0.00500595,0.000537755,0,565.154,-0.0299881,3.14543e-05,-0.00055275,0.0299932,100000,100000,1904.29,0,0.00500595,0.000537755,0,565.154,-0.0299881,3.14543e-05,-0.00055275,0.0299932,100000,100000,1904.29,0,0.00500595,0.000537755,0,565.154,-0.0299881,3.14543e-05,-0.00055275,0.0299932,100000,100000,1904.29,0,0.00500595,0.000537755,0,565.154,-0.0299881,3.14543e-05,-0.00055275,0.0299932,100000,100000,1904.29,0,0.00500595,0.000537755,0,565.154,-0.0299881,3.14543e-05,-0.00055275,0.0299932,100000,100000,1904.29,0,0.00500595,0.000537755,0,565.154,-0.0299881,3.14543e-05,-0.00055275,0.0299932,100000,100000,1904.29,0,0,0,0,0,0,0,0,0,0,0,0,0,1
stats,528,1,529,0.00500595,0.000537755,0,565.154,-0.0299881,3.14542e-05,-0.00055275,0.0299932,100000,100000,1904.29,0,0.00500595,0.000537755,0,565.154,-0.0299881,3.14542e-05,-0.00055275,0.0299932,100000,100000,1904.29,0,0.00500595,0.000537755,0,565.154,-0.0299881,3.14542e-05,-0.00055275,0.0299932,100000,100000,1904.29,0,0.00500595,0.000537755,0,565.154,-0.0299881,3.14542e-05,-0.00055275,0.0299932,100000,100000,1904.29,0,0.00500595,0.000537755,0,565.154,-0.0299881,3.14542e-05,-0.00055275,0.0299932,100000,100000,1904.29,0,0.00500595,0.000537755,0,565.154,-0.0299881,3.14542e-05,-0.00055275,0.0299932,100000,100000,1904.29,0,0,0,0,0,0,0,0,0,0,0,0,0,1
stats,529,1,530,0.00500595,0.000537755,0,565.154,-0.0299881,3.14539e-05,-0.000552749,0.0299932,100000,100000,1904.29,0,0.00500595,0.000537755,0,565.154,-0.0299881,3.14539e-05,-0.000552749,0.0299932,100000,100000,1904.29,0,0.00500595,0.000537755,0,565.154,-0.0299881,3.14539e-05,-0.000552749,0.0299932,100000,100000,1904.29,0,0.00500595,0.000537755,0,565.154,-0.0299881,3.14539e-05,-0.000552749,0.0299932,100000,100000,1904.29,0,0.00500595,0.000537755,0,565.154,-0.0299881,3.14539e-05,-0.000552749,0.0299932,100000,100000,1904.29,0,0.00500595,0.000537755,0,565.154,-0.0299881,3.14539e-05,-0.000552749,0.0299932,100000,100000,1904.29,0,0,0,0,0,0,0,0,0,0,0,0,0,1
stats,530,1,531,0.00500595,0.000537755,0,565.154,-0.0299881,3.14533e-05,-0.000552749,0.0299932,100000,100000,1904.29,0,0.00500595,0.000537755,0,565.154,-0.0299881,3.14533e-05,-0.000552749,0.0299932,100000,100000,1904.29,0,0.00500595,0.000537755,0,565.154,-0.0299881,3.14533e-05,-0.000552749,0.0299932,100000,100000,1904.29,0,0.00500595,0.000537755,0,565.154,-0.0299881,3.14533e-05,-0.000552749,0.0299932,100000,100000,1904.29,0,0.00500595,0.000537755,0,565.154,-0.0299881,3.14533e-05,-0.000552749,0.0299932,100000,100000,1904.29,0,0.00500595,0.000537755,0,565.154,-0.0299881,3.14533e-05,-0.000552749,0.0299932,100000,100000,1904.29,0,0,0,0,0,0,0,0,0,0,0,0,0,1
stats,531,1,532,0.00500595,0.000537755,0,565.154,-0.0299881,3.14528e-05,-0.000552749,0.0299932,100000,100000,1904.29,0,0.00500595,0.000537755,0,565.154,-0.0299881,3.14528e-05,-0.000552749,0.0299932,100000,100000,1904.29,0,0.00500595,0.000537755,0,565.154,-0.0299881,3.14528e-05,-0.000552749,0.0299932,100000,100000,1904.29,0,0.00500595,0.000537755,0,565.154,-0.0299881,3.14528e-05,-0.000552749,0.0299932,100000,100000,1904.29,0,0.00500595,0.000537755,0,565.154,-0.0299881,3.14528e-05,-0.000552749,0.0299932,100000,100000,1904.29,0,0.00500595,0.000537755,0,565.154,-0.0299881,3.14528e-05,-0.000552749,0.0299932,100000,100000,1904.29,0,0,0,0,0,0,0,0,0,0,0,0,0,1
stats,532,1,533,0.00500595,0.000537755,0,565.154,-0.0299881,3.14524e-05,-0.000552748,0.0299932,100000,100000,1904.29,0,0.00500595,0.000537755,0,565.154,-0.0299881,3.14524e-05,-0.000552748,0.0299932,100000,100000,1904.29,0,0.00500595,0.000537755,0,565.154,-0.0299881,3.14524e-05,-0.000552748,0.0299932,100000,100000,1904.29,0,0.00500595,0.000537755,0,565.154,-0.0299881,3.14524e-05,-0.000552748,0.0299932,100000,100000,1904.29,0,0.00500595,0.000537755,0,565.154,-0.0299881,3.14524e-05,-0.000552748,0.0299932,100000,100000,1904.29,0,0.00500595,0.000537755,0,565.154,-0.0299881,3.14524e-05,-0.000552748,0.0299932,100000,100000,1904.29,0,0,0,0,0,0,0,0,0,0,0,0,0,1
stats,533,1,534,0.00500595,0.000537755,0,565.154,-0.0299881,3.14523e-05,-0.000552747,0.0299932,100000,100000,1904.29,0,0.00500595,0.000537755,0,565.154,-0.0299881,3.14523e-05,-0.000552747,0.0299932,100000,100000,1904.29,0,0.00500595,0.000537755,0,565.154,-0.0299881,3.14523e-05,-0.000552747,0.0299932,100000,100000,1904.29,0,0.00500595,0.000537755,0,565.154,-0.0299881,3.14523e-05,-0.000552747,0.0299932,100000,100000,1904.29,0,0.00500595,0.000537755,0,565.154,-0.0299881,3.14523e-05,-0.000552747,0.0299932,100000,100000,1904.29,0,0.00500595,0.000537755,0,565.154,-0.0299881,3.14523e-05,-0.000552747,0.0299932,100000,100000,1904.29,0,0,0,0,0,0,0,0,0,0,0,0,0,1
stats,534,1,535,0.00500595,0.000537755,0,565.154,-0.0299881,3.14523e-05,-0.000552746,0.0299932,100000,100000,1904.29,0,0.00500595,0.000537755,0,565.154,-0.0299881,3.14523e-05,-0.000552746,0.0299932,100000,100000,1904.29,0,0.00500595,0.000537755,0,565.154,-0.0299881,3.14523e-05,-0.000552746,0.0299932,100000,100000,1904.29,0,0.00500595,0.000537755,0,565.154,-0.0299881,3.14523e-05,-0.000552746,0.0299932,100000,100000,1904.29,0,0.00500595,0.000537755,0,565.154,-0.0299881,3.14523e-05,-0.000552746,0.0299932,100000,100000,1904.29,0,0.00500595,0.000537755,0,565.154,-0.0299881,3.14523e-05,-0.000552746,0.0299932,100000,100000,1904.29,0,0,0,0,0,0,0,0,0,0,0,0,0,1
stats,535,1,536,0.00500595,0.000537755,0,565.154,-0.0299881,3.14525e-05,-0.000552746,0.0299932,100000,100000,1904.29,0,0.00500595,0.000537755,0,565.154,-0.0299881,3.14525e-05,-0.000552746,0.0299932,100000,100000,1904.29,0,0.00500595,0.000537755,0,565.154,-0.0299881,3.14525e-05,-0.000552746,0.0299932,100000,100000,1904.29,0,0.00500595,0.000537755,0,565.154,-0.0299881,3.14525e-05,-0.000552746,0.0299932,100000,100000,1904.29,0,0.00500595,0.000537755,0,565.154,-0.0299881,3.14525e-05,-0.000552746,0.0299932,100000,100000,1904.29,0,0.00500595,0.000537755,0,565.154,-0.0299881,3.14525e-05,-0.000552746,0.0299932,100000,100000,1904.29,0,0,0,0,0,0,0,0,0,0,0,0,0,1
stats,536,1,537,0.00500595,0.000537754,0,565.154,-0.0299881,3.14528e-05,-0.000552746,0.0299932,100000,100000,1904.29,0,0.00500595,0.000537754,0,565.154,-0.0299881,3.14528e-05,-0.000552746,0.0299932,100000,100000,1904.29,0,0.00500595,0.000537754,0,565.154,-0.0299881,3.14528e-05,-0.000552746,0.0299932,100000,100000,1904.29,0,0.00500595,0.000537754,0,565.154,-0.0299881,3.14528e-05,-0.000552746,0.0299932,100000,100000,1904.29,0,0.00500595,0.000537754,0,565.154,-0.0299881,3.14528e-05,-0.000552746,0.0299932,100000,100000,1904.29,0,0.00500595,0.000537754,0,565.154,-0.0299881,3.14528e-05,-0.000552746,0.0299932,100000,100000,1904.29,0,0,0,0,0,0,0,0,0,0,0,0,0,1
stats,537,1,538,0.00500595,0.000537754,0,565.154,-0.0299881,3.1453e-05,-0.000552746,0.0299932,100000,100000,1904.29,0,0.00500595,0.000537754,0,565.154,-0.0299881,3.1453e-05,-0.000552746,0.0299932,100000,100000,1904.29,0,0.00500595,0.000537754,0,565.154,-0.0299881,3.1453e-05,-0.000552746,0.0299932,100000,100000,1904.29,0,0.00500595,0.000537754,0,565.154,-0.0299881,3.1453e-05,-0.000552746,0.0299932,100000,100000,1904.29,0,0.00500595,0.000537754,0,565.154,-0.0299881,3.1453e-05,-0.000552746,0.0299932,100000,100000,1904.29,0,0.00500595,0.000537754,0,565.154,-0.0299881,3.1453e-05,-0.000552746,0.0299932,100000,100000,1904.29,0,0,0,0,0,0,0,0,0,0,0,0,0,1
stats,538,1,539,0.00500595,0.000537754,0,565.154,-0.0299881,3.14531e-05,-0.000552746,0.0299932,100000,100000,1904.29,0,0.00500595,0.000537754,0,565.154,-0.0299881,3.14531e-05,-0.000552746,0.0299932,100000,100000,1904.29,0,0.00500595,0.000537754,0,565.154,-0.0299881,3.14531e-05,-0.000552746,0.0299932,100000,100000,1904.29,0,0.00500595,0.000537754,0,565.154,-0.0299881,3.14531e-05,-0.000552746,0.0299932,100000,100000,1904.29,0,0.00500595,0.000537754,0,565.154,-0.0299881,3.14531e-05,-0.000552746,0.0299932,100000,100000,1904.29,0,0.00500595,0.000537754,0,565.154,-0.0299881,3.14531e-05,-0.000552746,0.0299932,100000,100000,1904.29,0,0,0,0,0,0,0,0,0,0,0,0,0,1
stats,539,1,540,0.00500595,0.000537754,0,565.154,-0.0299881,3.14531e-05,-0.000552747,0.0299932,100000,100000,1904.29,0,0.00500595,0.000537754,0,565.154,-0.0299881,3.14531e-05,-0.000552747,0.0299932,100000,100000,1904.29,0,0.00500595,0.000537754,0,565.154,-0.0299881,3.14531e-05,-0.000552747,0.0299932,100000,100000,1904.29,0,0.00500595,0.000537754,0,565.154,-0.0299881,3.14531e-05,-0.000552747,0.0299932,100000,100000,1904.29,0,0.00500595,0.000537754,0,565.154,-0.0299881,3.14531e-05,-0.000552747,0.0299932,100000,100000,1904.29,0,0.00500595,0.000537754,0,565.154,-0.0299881,3.14531e-05,-0.000552747,0.0299932,100000,100000,1904.29,0,0,0,0,0,0,0,0,0,0,0,0,0,1
stats,540,1,541,0.00500595,0.000537754,0,565.154,-0.0299881,3.1453e-05,-0.000552747,0.0299932,100000,100000,1904.29,0,0.00500595,0.000537754,0,565.154,-0.0299881,3.1453e-05,-0.000552747,0.0299932,100000,100000,1904.29,0,0.00500595,0.000537754,0,565.154,-0.0299881,3.1453e-05,-0.000552747,0.0299932,100000,100000,1904.29,0,0.00500595,0.000537754,0,565.154,-0.0299881,3.1453e-05,-0.000552747,0.0299932,100000,100000,1904.29,0,0.00500595,0.000537754,0,565.154,-0.0299881,3.1453e-05,-0.000552747,0.0299932,100000,100000,1904.29,0,0.00500595,0.000537754,0,565.154,-0.0299881,3.1453e-05,-0.000552747,0.0299932,100000,100000,1904.29,0,0,0,0,0,0,0,0,0,0,0,0,0,1
stats,541,1,542,0.00500595,0.000537754,0,565.154,-0.0299881,3.14531e-05,-0.000552748,0.0299932,100000,100000,1904.29,0,0.00500595,0.000537754,0,565.154,-0.0299881,3.14531e-05,-0.000552748,0.0299932,100000,100000,1904.29,0,0.00500595,0.000537754,0,565.154,-0.0299881,3.14531e-05,-0.000552748,0.0299932,100000,100000,1904.29,0,0.00500595,0.000537754,0,565.154,-0.0299881,3.14531e-05,-0.000552748,0.0299932,100000,100000,1904.29,0,0.00500595,0.000537754,0,565.154,-0.0299881,3.14531e-05,-0.000552748,0.0299932,100000,100000,1904.29,0,0.00500595,0.000537754,0,565.154,-0.0299881,3.14531e-05,-0.000552748,0.0299932,100000,100000,1904.29,0,0,0,0,0,0,0,0,0,0,0,0,0,1
stats,542,1,543,0.00500595,0.000537755,0,565.154,-0.0299881,3.14532e-05,-0.000552749,0.0299932,100000,100000,1904.29,0,0.00500595,0.000537755,0,565.154,-0.0299881,3.14532e-05,-0.000552749,0.0299932,100000,100000,1904.29,0,0.00500595,0.000537755,0,565.154,-0.0299881,3.14532e-05,-0.000552749,0.0299932,100000,100000,1904.29,0,0.00500595,0.000537755,0,565.154,-0.0299881,3.14532e-05,-0.000552749,0.0299932,100000,100000,1904.29,0,0.00500595,0.000537755,0,565.154,-0.0299881,3.14532e-05,-0.000552749,0.0299932,100000,100000,1904.29,0,0.00500595,0.000537755,0,565.154,-0.0299881,3.14532e-05,-0.000552749,0.0299932,100000,100000,1904.29,0,0,0,0,0,0,0,0,0,0,0,0,0,1
stats,543,1,544,0.00500595,0.000537755,0,565.154,-0.0299881,3.14533e-05,-0.00055275,0.0299932,100000,100000,1904.29,0,0.00500595,0.000537755,0,565.154,-0.0299881,3.14533e-05,-0.00055275,0.0299932,100000,100000,1904.29,0,0.00500595,0.000537755,0,565.154,-0.0299881,3.14533e-05,-0.00055275,0.0299932,100000,100000,1904.29,0,0.00500595,0.000537755,0,565.154,-0.0299881,3.14533e-05,-0.00055275,0.0299932,100000,100000,1904.29,0,0.00500595,0.000537755,0,565.154,-0.0299881,3.14533e-05,-0.00055275,0.0299932,100000,100000,1904.29,0,0.00500595,0.000537755,0,565.154,-0.0299881,3.14533e-05,-0.00055275,0.0299932,100000,100000,1904.29,0,0,0,0,0,0,0,0,0,0,0,0,0,1
stats,544,1,545,0.00500595,0.000537755,0,565.155,-0.0299881,3.14534e-05,-0.000552751,0.0299932,100000,100000,1904.29,0,0.00500595,0.000537755,0,565.155,-0.0299881,3.14534e-05,-0.000552751,0.0299932,100000,100000,1904.29,0,0.00500595,0.000537755,0,565.155,-0.0299881,3.14534e-05,-0.000552751,0.0299932,100000,100000,1904.29,0,0.00500595,0.000537755,0,565.155,-0.0299881,3.14534e-05,-0.000552751,0.0299932,100000,100000,1904.29,0,0.00500595,0.000537755,0,565.155,-0.0299881,3.14534e-05,-0.000552751,0.0299932,100000,100000,1904.29,0,0.00500595,0.000537755,0,565.155,-0.0299881,3.14534e-05,-0.000552751,0.0299932,100000,100000,1904.29,0,0,0,0,0,0,0,0,0,0,0,0,0,1
stats,545,1,546,0.00500595,0.000537755,0,565.155,-0.0299881,3.14534e-05,-0.000552751,0.0299932,100000,100000,1904.29,0,0.00500595,0.000537755,0,565.155,-0.0299881,3.14534e-05,-0.000552751,0.0299932,100000,100000,1904.29,0,0.00500595,0.000537755,0,565.155,-0.0299881,3.14534e-05,-0.000552751,0.0299932,100000,100000,1904.29,0,0.00500595,0.000537755,0,565.155,-0.0299881,3.14534e-05,-0.000552751,0.0299932,100000,100000,1904.29,0,0.00500595,0.000537755,0,565.155,-0.0299881,3.14534e-05,-0.000552751,0.0299932,100000,100000,1904.29,0,0.00500595,0.000537755,0,565.155,-0.0299881,3.14534e-05,-0.000552751,0.0299932,100000,100000,1904.29,0,0,0,0,0,0,0,0,0,0,0,0,0,1
stats,546,1,547,0.00500595,0.000537755,0,565.155,-0.0299881,3.14532e-05,-0.000552751,0.0299932,100000,100000,1904.29,0,0.00500595,0.000537755,0,565.155,-0.0299881,3.14532e-05,-0.000552751,0.0299932,100000,100000,1904.29,0,0.00500595,0.000537755,0,565.155,-0.0299881,3.14532e-05,-0.000552751,0.0299932,100000,100000,1904.29,0,0.00500595,0.000537755,0,565.155,-0.0299881,3.14532e-05,-0.000552751,0.0299932,100000,100000,1904.29,0,0.00500595,0.000537755,0,565.155,-0.0299881,3.14532e-05,-0.000552751,0.0299932,100000,100000,1904.29,0,0.00500595,0.000537755,0,565.155,-0.0299881,3.14532e-05,-0.000552751,0.0299932,100000,100000,1904.29,0,0,0,0,0,0,0,0,0,0,0,0,0,1
stats,547,1,548,0.00500595,0.000537755,0,565.155,-0.0299881,3.14528e-05,-0.000552751,0.0299932,100000,100000,1904.29,0,0.00500595,0.000537755,0,565.155,-0.0299881,3.14528e-05,-0.000552751,0.0299932,100000,100000,1904.29,0,0.00500595,0.000537755,0,565.155,-0.0299881,3.14528e-05,-0.000552751,0.0299932,100000,100000,1904.29,0,0.00500595,0.000537755,0,565.155,-0.0299881,3.14528e-05,-0.000552751,0.0299932,100000,100000,1904.29,0,0.00500595,0.000537755,0,565.155,-0.0299881,3.14528e-05,-0.000552751,0.0299932,100000,100000,1904.29,0,0.00500595,0.000537755,0,565.155,-0.0299881,3.14528e-05,-0.000552751,0.0299932,100000,100000,1904.29,0,0,0,0,0,0,0,0,0,0,0,0,0,1
stats,548,1,549,0.00500595,0.000537755,0,565.155,-0.0299881,3.14523e-05,-0.00055275,0.0299932,100000,100000,1904.29,0,0.00500595,0.000537755,0,565.155,-0.0299881,3.14523e-05,-0.00055275,0.0299932,100000,100000,1904.29,0,0.00500595,0.000537755,0,565.155,-0.0299881,3.14523e-05,-0.00055275,0.0299932,100000,100000,1904.29,0,0.00500595,0.000537755,0,565.155,-0.0299881,3.14523e-05,-0.00055275,0.0299932,100000,100000,1904.29,0,0.00500595,0.000537755,0,565.155,-0.0299881,3.14523e-05,-0.00055275,0.0299932,100000,100000,1904.29,0,0.00500595,0.000537755,0,565.155,-0.0299881,3.14523e-05,-0.00055275,0.0299932,100000,100000,1904.29,0,0,0,0,0,0,0,0,0,0,0,0,0,1
stats,549,1,550,0.00500595,0.000537755,0,565.155,-0.0299881,3.1452e-05,-0.000552749,0.0299932,100000,100000,1904.29,0,0.00500595,0.000537755,0,565.155,-0.0299881,3.1452e-05,-0.000552749,0.0299932,100000,100000,1904.29,0,0.00500595,0.000537755,0,565.155,-0.0299881,3.1452e-05,-0.000552749,0.0299932,100000,100000,1904.29,0,0.00500595,0.000537755,0,565.155,-0.0299881,3.1452e-05,-0.000552749,0.0299932,100000,100000,1904.29,0,0.00500595,0.000537755,0,565.155,-0.0299881,3.1452e-05,-0.000552749,0.0299932,100000,100000,1904.29,0,0.00500595,0.000537755,0,565.155,-0.0299881,3.1452e-05,-0.000552749,0.0299932,100000,100000,1904.29,0,0,0,0,0,0,0,0,0,0,0,0,0,1
stats,550,1,551,0.00500595,0.000537755,0,565.155,-0.0299881,3.14519e-05,-0.000552749,0.0299932,100000,100000,1904.29,0,0.00500595,0.000537755,0,565.155,-0.0299881,3.14519e-05,-0.000552749,0.0299932,100000,100000,1904.29,0,0.00500595,0.000537755,0,565.155,-0.0299881,3.14519e-05,-0.000552749,0.0299932,100000,100000,1904.29,0,0.00500595,0.000537755,0,565.155,-0.0299881,3.14519e-05,-0.000552749,0.0299932,100000,100000,1904.29,0,0.00500595,0.000537755,0,565.155,-0.0299881,3.14519e-05,-0.000552749,0.0299932,100000,100000,1904.29,0,0.00500595,0.000537755,0,565.155,-0.0299881,3.14519e-05,-0.000552749,0.0299932,100000,100000,1904.29,0,0,0,0,0,0,0,0,0,0,0,0,0,1
stats,551,1,552,0.00500595,0.000537755,0,565.155,-0.0299881,3.14522e-05,-0.000552748,0.0299932,100000,100000,1904.29,0,0.00500595,0.000537755,0,565.155,-0.0299881,3.14522e-05,-0.000552748,0.0299932,100000,100000,1904.29,0,0.00500595,0.000537755,0,565.155,-0.0299881,3.14522e-05,-0.000552748,0.0299932,100000,100000,1904.29,0,0.00500595,0.000537755,0,565.155,-0.0299881,3.14522e-05,-0.000552748,0.0299932,100000,100000,1904.29,0,0.00500595,0.000537755,0,565.155,-0.0299881,3.14522e-05,-0.000552748,0.0299932,100000,100000,1904.29,0,0.00500595,0.000537755,0,565.155,-0.0299881,3.14522e-05,-0.000552748,0.0299932,100000,100000,1904.29,0,0,0,0,0,0,0,0,0,0,0,0,0,1
stats,552,1,553,0.00500595,0.000537755,0,565.155,-0.0299881,3.14528e-05,-0.000552747,0.0299932,100000,100000,1904.28,0,0.00500595,0.000537755,0,565.155,-0.0299881,3.14528e-05,-0.000552747,0.0299932,100000,100000,1904.28,0,0.00500595,0.000537755,0,565.155,-0.0299881,3.14528e-05,-0.000552747,0.0299932,100000,100000,1904.28,0,0.00500595,0.000537755,0,565.155,-0.0299881,3.14528e-05,-0.000552747,0.0299932,100000,100000,1904.28,0,0.00500595,0.000537755,0,565.155,-0.0299881,3.14528e-05,-0.000552747,0.0299932,100000,100000,1904.28,0,0.00500595,0.000537755,0,565.155,-0.0299881,3.14528e-05,-0.000552747,0.0299932,100000,100000,1904.28,0,0,0,0,0,0,0,0,0,0,0,0,0,1
stats,553,1,554,0.00500595,0.000537754,0,565.155,-0.0299881,3.14537e-05,-0.000552747,0.0299932,100000,100000,1904.28,0,0.00500595,0.000537754,0,565.155,-0.0299881,3.14537e-05,-0.000552747,0.0299932,100000,100000,1904.28,0,0.00500595,0.000537754,0,565.155,-0.0299881,3.14537e-05,-0.000552747,0.0299932,100000,100000,1904.28,0,0.00500595,0.000537754,0,565.155,-0.0299881,3.14537e-05,-0.000552747,0.0299932,100000,100000,1904.28,0,0.00500595,0.000537754,0,565.155,-0.0299881,3.14537e-05,-0.000552747,0.0299932,100000,100000,1904.28,0,0.00500595,0.000537754,0,565.155,-0.0299881,3.14537e-05,-0.000552747,0.0299932,100000,100000,1904.28,0,0,0,0,0,0,0,0,0,0,0,0,0,1
stats,554,1,555,0.00500595,0.000537754,0,565.155,-0.0299881,3.14546e-05,-0.000552747,0.0299932,100000,100000,1904.28,0,0.00500595,0.000537754,0,565.155,-0.0299881,3.14546e-05,-0.000552747,0.0299932,100000,100000,1904.28,0,0.00500595,0.000537754,0,565.155,-0.0299881,3.14546e-05,-0.000552747,0.0299932,100000,100000,1904.28,0,0.00500595,0.000537754,0,565.155,-0.0299881,3.14546e-05,-0.000552747,0.0299932,100000,100000,1904.28,0,0.00500595,0.000537754,0,565.155,-0.0299881,3.14546e-05,-0.000552747,0.0299932,100000,100000,1904.28,0,0.00500595,0.000537754,0,565.155,-0.0299881,3.14546e-05,-0.000552747,0.0299932,100000,100000,1904.28,0,0,0,0,0,0,0,0,0,0,0,0,0,1
stats,555,1,556,0.00500595,0.000537754,0,565.155,-0.0299881,3.14552e-05,-0.000552747,0.0299932,100000,100000,1904.28,0,0.00500595,0.000537754,0,565.155,-0.0299881,3.14552e-05,-0.000552747,0.0299932,100000,100000,1904.28,0,0.00500595,0.000537754,0,565.155,-0.0299881,3.14552e-05,-0.000552747,0.0299932,100000,100000,1904.28,0,0.00500595,0.000537754,0,565.155,-0.0299881,3.14552e-05,-0.000552747,0.0299932,100000,100000,1904.28,0,0.00500595,0.000537754,0,565.155,-0.0299881,3.14552e-05,-0.000552747,0.0299932,100000,100000,1904.28,0,0.00500595,0.000537754,0,565.155,-0.0299881,3.14552e-05,-0.000552747,0.0299932,100000,100000,1904.28,0,0,0,0,0,0,0,0,0,0,0,0,0,1
stats,556,1,557,0.00500595,0.000537754,0,565.155,-0.0299881,3.14555e-05,-0.000552747,0.0299932,100000,100000,1904.28,0,0.00500595,0.000537754,0,565.155,-0.0299881,3.14555e-05,-0.000552747,0.0299932,100000,100000,1904.28,0,0.00500595,0.000537754,0,565.155,-0.0299881,3.14555e-05,-0.000552747,0.0299932,100000,100000,1904.28,0,0.00500595,0.000537754,0,565.155,-0.0299881,3.14555e-05,-0.000552747,0.0299932,100000,100000,1904.28,0,0.00500595,0.000537754,0,565.155,-0.0299881,3.14555e-05,-0.000552747,0.0299932,100000,100000,1904.28,0,0.00500595,0.000537754,0,565.155,-0.0299881,3.14555e-05,-0.000552747,0.0299932,100000,100000,1904.28,0,0,0,0,0,0,0,0,0,0,0,0,0,1
stats,557,1,558,0.00500595,0.000537754,0,565.155,-0.0299881,3.14554e-05,-0.000552747,0.0299932,100000,100000,1904.28,0,0.00500595,0.000537754,0,565.155,-0.0299881,3.14554e-05,-0.000552747,0.0299932,100000,100000,1904.28,0,0.00500595,0.000537754,0,565.155,-0.0299881,3.14554e-05,-0.000552747,0.0299932,100000,100000,1904.28,0,0.00500595,0.000537754,0,565.155,-0.0299881,3.14554e-05,-0.000552747,0.0299932,100000,100000,1904.28,0,0.00500595,0.000537754,0,565.155,-0.0299881,3.14554e-05,-0.000552747,0.0299932,100000,100000,1904.28,0,0.00500595,0.000537754,0,565.155,-0.0299881,3.14554e-05,-0.000552747,0.0299932,100000,100000,1904.28,0,0,0,0,0,0,0,0,0,0,0,0,0,1
stats,558,1,559,0.00500595,0.000537754,0,565.155,-0.0299881,3.14552e-05,-0.000552748,0.0299932,100000,100000,1904.28,0,0.00500595,0.000537754,0,565.155,-0.0299881,3.14552e-05,-0.000552748,0.0299932,100000,100000,1904.28,0,0.00500595,0.000537754,0,565.155,-0.0299881,3.14552e-05,-0.000552748,0.0299932,100000,100000,1904.28,0,0.00500595,0.000537754,0,565.155,-0.0299881,3.14552e-05,-0.000552748,0.0299932,100000,100000,1904.28,0,0.00500595,0.000537754,0,565.155,-0.0299881,3.14552e-05,-0.000552748,0.0299932,100000,100000,1904.28,0,0.00500595,0.000537754,0,565.155,-0.0299881,3.14552e-05,-0.000552748,0.0299932,100000,100000,1904.28,0,0,0,0,0,0,0,0,0,0,0,0,0,1
stats,559,1,560,0.00500595,0.000537754,0,565.155,-0.0299881,3.14549e-05,-0.000552748,0.0299932,100000,100000,1904.28,0,0.00500595,0.000537754,0,565.155,-0.0299881,3.14549e-05,-0.000552748,0.0299932,100000,100000,1904.28,0,0.00500595,0.000537754,0,565.155,-0.0299881,3.14549e-05,-0.000552748,0.0299932,100000,100000,1904.28,0,0.00500595,0.000537754,0,565.155,-0.0299881,3.14549e-05,-0.000552748,0.0299932,100000,100000,1904.28,0,0.00500595,0.000537754,0,565.155,-0.0299881,3.14549e-05,-0.000552748,0.0299932,100000,100000,1904.28,0,0.00500595,0.000537754,0,565.155,-0.0299881,3.14549e-05,-0.000552748,0.0299932,100000,100000,1904.28,0,0,0,0,0,0,0,0,0,0,0,0,0,1
stats,560,1,561,0.00500595,0.000537754,0,565.155,-0.0299881,3.14545e-05,-0.000552749,0.0299932,100000,100000,1904.28,0,0.00500595,0.000537754,0,565.155,-0.0299881,3.14545e-05,-0.000552749,0.0299932,100000,100000,1904.28,0,0.00500595,0.000537754,0,565.155,-0.0299881,3.14545e-05,-0.000552749,0.0299932,100000,100000,1904.28,0,0.00500595,0.000537754,0,565.155,-0.0299881,3.14545e-05,-0.000552749,0.0299932,100000,100000,1904.28,0,0.00500595,0.000537754,0,565.155,-0.0299881,3.14545e-05,-0.000552749,0.0299932,100000,100000,1904.28,0,0.00500595,0.000537754,0,565.155,-0.0299881,3.14545e-05,-0.000552749,0.0299932,100000,100000,1904.28,0,0,0,0,0,0,0,0,0,0,0,0,0,1
stats,561,1,562,0.00500595,0.000537754,0,565.155,-0.0299881,3.1454e-05,-0.000552749,0.0299932,100000,100000,1904.28,0,0.00500595,0.000537754,0,565.155,-0.0299881,3.1454e-05,-0.000552749,0.0299932,100000,100000,1904.28,0,0.00500595,0.000537754,0,565.155,-0.0299881,3.1454e-05,-0.000552749,0.0299932,100000,100000,1904.28,0,0.00500595,0.000537754,0,565.155,-0.0299881,3.1454e-05,-0.000552749,0.0299932,100000,100000,1904.28,0,0.00500595,0.000537754,0,565.155,-0.0299881,3.1454e-05,-0.000552749,0.0299932,100000,100000,1904.28,0,0.00500595,0.000537754,0,565.155,-0.0299881,3.1454e-05,-0.000552749,0.0299932,100000,100000,1904.28,0,0,0,0,0,0,0,0,0,0,0,0,0,1
stats,562,1,563,0.00500595,0.000537754,0,565.155,-0.0299881,3.14535e-05,-0.00055275,0.0299932,100000,100000,1904.28,0,0.00500595,0.000537754,0,565.155,-0.0299881,3.14535e-05,-0.00055275,0.0299932,100000,100000,1904.28,0,0.00500595,0.000537754,0,565.155,-0.0299881,3.14535e-05,-0.00055275,0.0299932,100000,100000,1904.28,0,0.00500595,0.000537754,0,565.155,-0.0299881,3.14535e-05,-0.00055275,0.0299932,100000,100000,1904.28,0,0.00500595,0.000537754,0,565.155,-0.0299881,3.14535e-05,-0.00055275,0.0299932,100000,100000,1904.28,0,0.00500595,0.000537754,0,565.155,-0.0299881,3.14535e-05,-0.00055275,0.0299932,100000,100000,1904.28,0,0,0,0,0,0,0,0,0,0,0,0,0,1
stats,563,1,564,0.00500595,0.000537754,0,565.155,-0.0299881,3.14528e-05,-0.000552751,0.0299932,100000,100000,1904.28,0,0.00500595,0.000537754,0,565.155,-0.0299881,3.14528e-05,-0.000552751,0.0299932,100000,100000,1904.28,0,0.00500595,0.000537754,0,565.155,-0.0299881,3.14528e-05,-0.000552751,0.0299932,100000,100000,1904.28,0,0.00500595,0.000537754,0,565.155,-0.0299881,3.14528e-05,-0.000552751,0.0299932,100000,100000,1904.28,0,0.00500595,0.000537754,0,565.155,-0.0299881,3.14528e-05,-0.000552751,0.0299932,100000,100000,1904.28,0,0.00500595,0.000537754,0,565.155,-0.0299881,3.14528e-05,-0.000552751,0.0299932,100000,100000,1904.28,0,0,0,0,0,0,0,0,0,0,0,0,0,1
stats,564,1,565,0.00500595,0.000537754,0,565.155,-0.0299881,3.14521e-05,-0.000552751,0.0299932,100000,100000,1904.28,0,0.00500595,0.000537754,0,565.155,-0.0299881,3.14521e-05,-0.000552751,0.0299932,100000,100000,1904.28,0,0.00500595,0.000537754,0,565.155,-0.0299881,3.14521e-05,-0.000552751,0.0299932,100000,100000,1904.28,0,0.00500595,0.000537754,0,565.155,-0.0299881,3.14521e-05,-0.000552751,0.0299932,100000,100000,1904.28,0,0.00500595,0.000537754,0,565.155,-0.0299881,3.14521e-05,-0.000552751,0.0299932,100000,100000,1904.28,0,0.00500595,0.000537754,0,565.155,-0.0299881,3.14521e-05,-0.000552751,0.0299932,100000,100000,1904.28,0,0,0,0,0,0,0,0,0,0,0,0,0,1
stats,565,1,566,0.00500595,0.000537754,0,565.155,-0.0299881,3.14514e-05,-0.000552751,0.0299932,100000,100000,1904.28,0,0.00500595,0.000537754,0,565.155,-0.0299881,3.14514e-05,-0.000552751,0.0299932,100000,100000,1904.28,0,0.00500595,0.000537754,0,565.155,-0.0299881,3.14514e-05,-0.000552751,0.0299932,100000,100000,1904.28,0,0.00500595,0.000537754,0,565.155,-0.0299881,3.14514e-05,-0.000552751,0.0299932,100000,100000,1904.28,0,0.00500595,0.000537754,0,565.155,-0.0299881,3.14514e-05,-0.000552751,0.0299932,100000,100000,1904.28,0,0.00500595,0.000537754,0,565.155,-0.0299881,3.14514e-05,-0.000552751,0.0299932,100000,100000,1904.28,0,0,0,0,0,0,0,0,0,0,0,0,0,1
stats,566,1,567,0.00500595,0.000537754,0,565.155,-0.0299881,3.14509e-05,-0.000552751,0.0299932,100000,100000,1904.28,0,0.00500595,0.000537754,0,565.155,-0.0299881,3.14509e-05,-0.000552751,0.0299932,100000,100000,1904.28,0,0.00500595,0.000537754,0,565.155,-0.0299881,3.14509e-05,-0.000552751,0.0299932,100000,100000,1904.28,0,0.00500595,0.000537754,0,565.155,-0.0299881,3.14509e-05,-0.000552751,0.0299932,100000,100000,1904.28,0,0.00500595,0.000537754,0,565.155,-0.0299881,3.14509e-05,-0.000552751,0.0299932,100000,100000,1904.28,0,0.00500595,0.000537754,0,565.155,-0.0299881,3.14509e-05,-0.000552751,0.0299932,100000,100000,1904.28,0,0,0,0,0,0,0,0,0,0,0,0,0,1
stats,567,1,568,0.00500595,0.000537754,0,565.155,-0.0299881,3.14506e-05,-0.00055275,0.0299932,100000,100000,1904.28,0,0.00500595,0.000537754,0,565.155,-0.0299881,3.14506e-05,-0.00055275,0.0299932,100000,100000,1904.28,0,0.00500595,0.000537754,0,565.155,-0.0299881,3.14506e-05,-0.00055275,0.0299932,100000,100000,1904.28,0,0.00500595,0.000537754,0,565.155,-0.0299881,3.14506e-05,-0.00055275,0.0299932,100000,100000,1904.28,0,0.00500595,0.000537754,0,565.155,-0.0299881,3.14506e-05,-0.00055275,0.0299932,100000,100000,1904.28,0,0.00500595,0.000537754,0,565.155,-0.0299881,3.14506e-05,-0.00055275,0.0299932,100000,100000,1904.28,0,0,0,0,0,0,0,0,0,0,0,0,0,1
stats,568,1,569,0.00500595,0.000537754,0,565.155,-0.0299881,3.14507e-05,-0.000552749,0.0299932,100000,100000,1904.28,0,0.00500595,0.000537754,0,565.155,-0.0299881,3.14507e-05,-0.000552749,0.0299932,100000,100000,1904.28,0,0.00500595,0.000537754,0,565.155,-0.0299881,3.14507e-05,-0.000552749,0.0299932,100000,100000,1904.28,0,0.00500595,0.000537754,0,565.155,-0.0299881,3.14507e-05,-0.000552749,0.0299932,100000,100000,1904.28,0,0.00500595,0.000537754,0,565.155,-0.0299881,3.14507e-05,-0.000552749,0.0299932,100000,100000,1904.28,0,0.00500595,0.000537754,0,565.155,-0.0299881,3.14507e-05,-0.000552749,0.0299932,100000,100000,1904.28,0,0,0,0,0,0,0,0,0,0,0,0,0,1
stats,569,1,570,0.00500595,0.000537754,0,565.155,-0.0299881,3.14513e-05,-0.000552749,0.0299932,100000,100000,1904.28,0,0.00500595,0.000537754,0,565.155,-0.0299881,3.14513e-05,-0.000552749,0.0299932,100000,100000,1904.28,0,0.00500595,0.000537754,0,565.155,-0.0299881,3.14513e-05,-0.000552749,0.0299932,100000,100000,1904.28,0,0.00500595,0.000537754,0,565.155,-0.0299881,3.14513e-05,-0.000552749,0.0299932,100000,100000,1904.28,0,0.00500595,0.000537754,0,565.155,-0.0299881,3.14513e-05,-0.000552749,0.0299932,100000,100000,1904.28,0,0.00500595,0.000537754,0,565.155,-0.0299881,3.14513e-05,-0.000552749,0.0299932,100000,100000,1904.28,0,0,0,0,0,0,0,0,0,0,0,0,0,1
stats,570,1,571,0.00500595,0.000537754,0,565.155,-0.0299881,3.14522e-05,-0.000552748,0.0299932,100000,100000,1904.28,0,0.00500595,0.000537754,0,565.155,-0.0299881,3.14522e-05,-0.000552748,0.0299932,100000,100000,1904.28,0,0.00500595,0.000537754,0,565.155,-0.0299881,3.14522e-05,-0.000552748,0.0299932,100000,100000,1904.28,0,0.00500595,0.000537754,0,565.155,-0.0299881,3.14522e-05,-0.000552748,0.0299932,100000,100000,1904.28,0,0.00500595,0.000537754,0,565.155,-0.0299881,3.14522e-05,-0.000552748,0.0299932,100000,100000,1904.28,0,0.00500595,0.000537754,0,565.155,-0.0299881,3.14522e-05,-0.000552748,0.0299932,100000,100000,1904.28,0,0,0,0,0,0,0,0,0,0,0,0,0,1
stats,571,1,572,0.00500595,0.000537754,0,565.155,-0.0299881,3.14534e-05,-0.000552748,0.0299932,100000,100000,1904.28,0,0.00500595,0.000537754,0,565.155,-0.0299881,3.14534e-05,-0.000552748,0.0299932,100000,100000,1904.28,0,0.00500595,0.000537754,0,565.155,-0.0299881,3.14534e-05,-0.000552748,0.0299932,100000,100000,1904.28,0,0.00500595,0.000537754,0,565.155,-0.0299881,3.14534e-05,-0.000552748,0.0299932,100000,100000,1904.28,0,0.00500595,0.000537754,0,565.155,-0.0299881,3.14534e-05,-0.000552748,0.0299932,100000,100000,1904.28,0,0.00500595,0.000537754,0,565.155,-0.0299881,3.14534e-05,-0.000552748,0.0299932,100000,100000,1904.28,0,0,0,0,0,0,0,0,0,0,0,0,0,1
stats,572,1,573,0.00500595,0.000537754,0,565.155,-0.0299881,3.14546e-05,-0.000552748,0.0299932,100000,100000,1904.28,0,0.00500595,0.000537754,0,565.155,-0.0299881,3.14546e-05,-0.000552748,0.0299932,100000,100000,1904.28,0,0.00500595,0.000537754,0,565.155,-0.0299881,3.14546e-05,-0.000552748,0.0299932,100000,100000,1904.28,0,0.00500595,0.000537754,0,565.155,-0.0299881,3.14546e-05,-0.000552748,0.0299932,100000,100000,1904.28,0,0.00500595,0.000537754,0,565.155,-0.0299881,3.14546e-05,-0.000552748,0.0299932,100000,100000,1904.28,0,0.00500595,0.000537754,0,565.155,-0.0299881,3.14546e-05,-0.000552748,0.0299932,100000,100000,1904.28,0,0,0,0,0,0,0,0,0,0,0,0,0,1
stats,573,1,574,0.00500595,0.000537754,0,565.155,-0.0299881,3.14556e-05,-0.000552748,0.0299932,100000,100000,1904.28,0,0.00500595,0.000537754,0,565.155,-0.0299881,3.14556e-05,-0.000552748,0.0299932,100000,100000,1904.28,0,0.00500595,0.000537754,0,565.155,-0.0299881,3.14556e-05,-0.000552748,0.0299932,100000,100000,1904.28,0,0.00500595,0.000537754,0,565.155,-0.0299881,3.14556e-05,-0.000552748,0.0299932,100000,100000,1904.28,0,0.00500595,0.000537754,0,565.155,-0.0299881,3.14556e-05,-0.000552748,0.0299932,100000,100000,1904.28,0,0.00500595,0.000537754,0,565.155,-0.0299881,3.14556e-05,-0.000552748,0.0299932,100000,100000,1904.28,0,0,0,0,0,0,0,0,0,0,0,0,0,1
stats,574,1,575,0.00500595,0.000537754,0,565.155,-0.0299881,3.14564e-05,-0.000552748,0.0299932,100000,100000,1904.28,0,0.00500595,0.000537754,0,565.155,-0.0299881,3.14564e-05,-0.000552748,0.0299932,100000,100000,1904.28,0,0.00500595,0.000537754,0,565.155,-0.0299881,3.14564e-05,-0.000552748,0.0299932,100000,100000,1904.28,0,0.00500595,0.000537754,0,565.155,-0.0299881,3.14564e-05,-0.000552748,0.0299932,100000,100000,1904.28,0,0.00500595,0.000537754,0,565.155,-0.0299881,3.14564e-05,-0.000552748,0.0299932,100000,100000,1904.28,0,0.00500595,0.000537754,0,565.155,-0.0299881,3.14564e-05,-0.000552748,0.0299932,100000,100000,1904.28,0,0,0,0,0,0,0,0,0,0,0,0,0,1
stats,575,1,576,0.00500595,0.000537754,0,565.155,-0.0299881,3.14568e-05,-0.000552748,0.0299932,100000,100000,1904.28,0,0.00500595,0.000537754,0,565.155,-0.0299881,3.14568e-05,-0.000552748,0.0299932,100000,100000,1904.28,0,0.00500595,0.000537754,0,565.155,-0.0299881,3.14568e-05,-0.000552748,0.0299932,100000,100000,1904.28,0,0.00500595,0.000537754,0,565.155,-0.0299881,3.14568e-05,-0.000552748,0.0299932,100000,100000,1904.28,0,0.00500595,0.000537754,0,565.155,-0.0299881,3.14568e-05,-0.000552748,0.0299932,100000,100000,1904.28,0,0.00500595,0.000537754,0,565.155,-0.0299881,3.14568e-05,-0.000552748,0.0299932,100000,100000,1904.28,0,0,0,0,0,0,0,0,0,0,0,0,0,1
stats,576,1,577,0.00500595,0.000537754,0,565.155,-0.0299881,3.14569e-05,-0.000552749,0.0299932,100000,100000,1904.28,0,0.00500595,0.000537754,0,565.155,-0.0299881,3.14569e-05,-0.000552749,0.0299932,100000,100000,1904.28,0,0.00500595,0.000537754,0,565.155,-0.0299881,3.14569e-05,-0.000552749,0.0299932,100000,100000,1904.28,0,0.00500595,0.000537754,0,565.155,-0.0299881,3.14569e-05,-0.000552749,0.0299932,100000,100000,1904.28,0,0.00500595,0.000537754,0,565.155,-0.0299881,3.14569e-05,-0.000552749,0.0299932,100000,100000,1904.28,0,0.00500595,0.000537754,0,565.155,-0.0299881,3.14569e-05,-0.000552749,0.0299932,100000,100000,1904.28,0,0,0,0,0,0,0,0,0,0,0,0,0,1
stats,577,1,578,0.00500595,0.000537754,0,565.155,-0.0299881,3.14567e-05,-0.000552749,0.0299932,100000,100000,1904.28,0,0.00500595,0.000537754,0,565.155,-0.0299881,3.14567e-05,-0.000552749,0.0299932,100000,100000,1904.28,0,0.00500595,0.000537754,0,565.155,-0.0299881,3.14567e-05,-0.000552749,0.0299932,100000,100000,1904.28,0,0.00500595,0.000537754,0,565.155,-0.0299881,3.14567e-05,-0.000552749,0.0299932,100000,100000,1904.28,0,0.00500595,0.000537754,0,565.155,-0.0299881,3.14567e-05,-0.000552749,0.0299932,100000,100000,1904.28,0,0.00500595,0.000537754,0,565.155,-0.0299881,3.14567e-05,-0.000552749,0.0299932,100000,100000,1904.28,0,0,0,0,0,0,0,0,0,0,0,0,0,1
stats,578,1,579,0.00500595,0.000537754,0,565.155,-0.0299881,3.14562e-05,-0.000552749,0.0299932,100000,100000,1904.28,0,0.00500595,0.000537754,0,565.155,-0.0299881,3.14562e-05,-0.000552749,0.0299932,100000,100000,1904.28,0,0.00500595,0.000537754,0,565.155,-0.0299881,3.14562e-05,-0.000552749,0.0299932,100000,100000,1904.28,0,0.00500595,0.000537754,0,565.155,-0.0299881,3.14562e-05,-0.000552749,0.0299932,100000,100000,1904.28,0,0.00500595,0.000537754,0,565.155,-0.0299881,3.14562e-05,-0.000552749,0.0299932,100000,100000,1904.28,0,0.00500595,0.000537754,0,565.155,-0.0299881,3.14562e-05,-0.000552749,0.0299932,100000,100000,1904.28,0,0,0,0,0,0,0,0,0,0,0,0,0,1
stats,579,1,580,0.00500595,0.000537754,0,565.155,-0.0299881,3.14554e-05,-0.00055275,0.0299932,100000,100000,1904.28,0,0.00500595,0.000537754,0,565.155,-0.0299881,3.14554e-05,-0.00055275,0.0299932,100000,100000,1904.28,0,0.00500595,0.000537754,0,565.155,-0.0299881,3.14554e-05,-0.00055275,0.0299932,100000,100000,1904.28,0,0.00500595,0.000537754,0,565.155,-0.0299881,3.14554e-05,-0.00055275,0.0299932,100000,100000,1904.28,0,0.00500595,0.000537754,0,565.155,-0.0299881,3.14554e-05,-0.00055275,0.0299932,100000,100000,1904.28,0,0.00500595,0.000537754,0,565.155,-0.0299881,3.14554e-05,-0.00055275,0.0299932,100000,100000,1904.28,0,0,0,0,0,0,0,0,0,0,0,0,0,1
stats,580,1,581,0.00500595,0.000537754,0,565.155,-0.0299881,3.14543e-05,-0.00055275,0.0299932,100000,100000,1904.28,0,0.00500595,0.000537754,0,565.155,-0.0299881,3.14543e-05,-0.00055275,0.0299932,100000,100000,1904.28,0,0.00500595,0.000537754,0,565.155,-0.0299881,3.14543e-05,-0.00055275,0.0299932,100000,100000,1904.28,0,0.00500595,0.000537754,0,565.155,-0.0299881,3.14543e-05,-0.00055275,0.0299932,100000,100000,1904.28,0,0.00500595,0.000537754,0,565.155,-0.0299881,3.14543e-05,-0.00055275,0.0299932,100000,100000,1904.28,0,0.00500595,0.000537754,0,565.155,-0.0299881,3.14543e-05,-0.00055275,0.0299932,100000,100000,1904.28,0,0,0,0,0,0,0,0,0,0,0,0,0,1
stats,581,1,582,0.00500595,0.000537754,0,565.155,-0.0299881,3.14531e-05,-0.000552751,0.0299932,100000,100000,1904.28,0,0.00500595,0.000537754,0,565.155,-0.0299881,3.14531e-05,-0.000552751,0.0299932,100000,100000,1904.28,0,0.00500595,0.000537754,0,565.155,-0.0299881,3.14531e-05,-0.000552751,0.0299932,100000,100000,1904.28,0,0.00500595,0.000537754,0,565.155,-0.0299881,3.14531e-05,-0.000552751,0.0299932,100000,100000,1904.28,0,0.00500595,0.000537754,0,565.155,-0.0299881,3.14531e-05,-0.000552751,0.0299932,100000,100000,1904.28,0,0.00500595,0.000537754,0,565.155,-0.0299881,3.14531e-05,-0.000552751,0.0299932,100000,100000,1904.28,0,0,0,0,0,0,0,0,0,0,0,0,0,1
stats,582,1,583,0.00500595,0.000537754,0,565.155,-0.0299881,3.14517e-05,-0.000552751,0.0299932,100000,100000,1904.28,0,0.00500595,0.000537754,0,565.155,-0.0299881,3.14517e-05,-0.000552751,0.0299932,100000,100000,1904.28,0,0.00500595,0.000537754,0,565.155,-0.0299881,3.14517e-05,-0.000552751,0.0299932,100000,100000,1904.28,0,0.00500595,0.000537754,0,565.155,-0.0299881,3.14517e-05,-0.000552751,0.0299932,100000,100000,1904.28,0,0.00500595,0.000537754,0,565.155,-0.0299881,3.14517e-05,-0.000552751,0.0299932,100000,100000,1904.28,0,0.00500595,0.000537754,0,565.155,-0.0299881,3.14517e-05,-0.000552751,0.0299932,100000,100000,1904.28,0,0,0,0,0,0,0,0,0,0,0,0,0,1
stats,583,1,584,0.00500595,0.000537754,0,565.155,-0.0299881,3.14505e-05,-0.000552751,0.0299932,100000,100000,1904.28,0,0.00500595,0.000537754,0,565.155,-0.0299881,3.14505e-05,-0.000552751,0.0299932,100000,100000,1904.28,0,0.00500595,0.000537754,0,565.155,-0.0299881,3.14505e-05,-0.000552751,0.0299932,100000,100000,1904.28,0,0.00500595,0.000537754,0,565.155,-0.0299881,3.14505e-05,-0.000552751,0.0299932,100000,100000,1904.28,0,0.00500595,0.000537754,0,565.155,-0.0299881,3.14505e-05,-0.000552751,0.0299932,100000,100000,1904.28,0,0.00500595,0.000537754,0,565.155,-0.0299881,3.14505e-05,-0.000552751,0.0299932,100000,100000,1904.28,0,0,0,0,0,0,0,0,0,0,0,0,0,1
stats,584,1,585,0.00500595,0.000537754,0,565.155,-0.0299881,3.14496e-05,-0.000552751,0.0299932,100000,100000,1904.28,0,0.00500595,0.000537754,0,565.155,-0.0299881,3.14496e-05,-0.000552751,0.0299932,100000,100000,1904.28,0,0.00500595,0.000537754,0,565.155,-0.0299881,3.14496e-05,-0.000552751,0.0299932,100000,100000,1904.28,0,0.00500595,0.000537754,0,565.155,-0.0299881,3.14496e-05,-0.000552751,0.0299932,100000,100000,1904.28,0,0.00500595,0.000537754,0,565.155,-0.0299881,3.14496e-05,-0.000552751,0.0299932,100000,100000,1904.28,0,0.00500595,0.000537754,0,565.155,-0.0299881,3.14496e-05,-0.000552751,0.0299932,100000,100000,1904.28,0,0,0,0,0,0,0,0,0,0,0,0,0,1
stats,585,1,586,0.00500595,0.000537754,0,565.155,-0.0299881,3.14491e-05,-0.00055275,0.0299932,100000,100000,1904.28,0,0.00500595,0.000537754,0,565.155,-0.0299881,3.14491e-05,-0.00055275,0.0299932,100000,100000,1904.28,0,0.00500595,0.000537754,0,565.155,-0.0299881,3.14491e-05,-0.00055275,0.0299932,100000,100000,1904.28,0,0.00500595,0.000537754,0,565.155,-0.0299881,3.14491e-05,-0.00055275,0.0299932,100000,100000,1904.28,0,0.00500595,0.000537754,0,565.155,-0.0299881,3.14491e-05,-0.00055275,0.0299932,100000,100000,1904.28,0,0.00500595,0.000537754,0,565.155,-0.0299881,3.14491e-05,-0.00055275,0.0299932,100000,100000,1904.28,0,0,0,0,0,0,0,0,0,0,0,0,0,1
stats,586,1,587,0.00500595,0.000537754,0,565.155,-0.0299881,3.14493e-05,-0.00055275,0.0299932,100000,100000,1904.28,0,0.00500595,0.000537754,0,565.155,-0.0299881,3.14493e-05,-0.00055275,0.0299932,100000,100000,1904.28,0,0.00500595,0.000537754,0,565.155,-0.0299881,3.14493e-05,-0.00055275,0.0299932,100000,100000,1904.28,0,0.00500595,0.000537754,0,565.155,-0.0299881,3.14493e-05,-0.00055275,0.0299932,100000,100000,1904.28,0,0.00500595,0.000537754,0,565.155,-0.0299881,3.14493e-05,-0.00055275,0.0299932,100000,100000,1904.28,0,0.00500595,0.000537754,0,565.155,-0.0299881,3.14493e-05,-0.00055275,0.0299932,100000,100000,1904.28,0,0,0,0,0,0,0,0,0,0,0,0,0,1
stats,587,1,588,0.00500595,0.000537754,0,565.155,-0.0299881,3.145e-05,-0.00055275,0.0299932,100000,100000,1904.28,0,0.00500595,0.000537754,0,565.155,-0.0299881,3.145e-05,-0.00055275,0.0299932,100000,100000,1904.28,0,0.00500595,0.000537754,0,565.155,-0.0299881,3.145e-05,-0.00055275,0.0299932,100000,100000,1904.28,0,0.00500595,0.000537754,0,565.155,-0.0299881,3.145e-05,-0.00055275,0.0299932,100000,100000,1904.28,0,0.00500595,0.000537754,0,565.155,-0.0299881,3.145e-05,-0.00055275,0.0299932,100000,100000,1904.28,0,0.00500595,0.000537754,0,565.155,-0.0299881,3.145e-05,-0.00055275,0.0299932,100000,100000,1904.28,0,0,0,0,0,0,0,0,0,0,0,0,0,1
stats,588,1,589,0.00500595,0.000537754,0,565.155,-0.0299881,3.1451e-05,-0.000552749,0.0299932,100000,100000,1904.28,0,0.00500595,0.000537754,0,565.155,-0.0299881,3.1451e-05,-0.000552749,0.0299932,100000,100000,1904.28,0,0.00500595,0.000537754,0,565.155,-0.0299881,3.1451e-05,-0.000552749,0.0299932,100000,100000,1904.28,0,0.00500595,0.000537754,0,565.155,-0.0299881,3.1451e-05,-0.000552749,0.0299932,100000,100000,1904.28,0,0.00500595,0.000537754,0,565.155,-0.0299881,3.1451e-05,-0.000552749,0.0299932,100000,100000,1904.28,0,0.00500595,0.000537754,0,565.155,-0.0299881,3.1451e-05,-0.000552749,0.0299932,100000,100000,1904.28,0,0,0,0,0,0,0,0,0,0,0,0,0,1
stats,589,1,590,0.00500595,0.000537754,0,565.156,-0.0299881,3.14523e-05,-0.000552749,0.0299932,100000,100000,1904.28,0,0.00500595,0.000537754,0,565.156,-0.0299881,3.14523e-05,-0.000552749,0.0299932,100000,100000,1904.28,0,0.00500595,0.000537754,0,565.156,-0.0299881,3.14523e-05,-0.000552749,0.0299932,100000,100000,1904.28,0,0.00500595,0.000537754,0,565.156,-0.0299881,3.14523e-05,-0.000552749,0.0299932,100000,100000,1904.28,0,0.00500595,0.000537754,0,565.156,-0.0299881,3.14523e-05,-0.000552749,0.0299932,100000,100000,1904.28,0,0.00500595,0.000537754,0,565.156,-0.0299881,3.14523e-05,-0.000552749,0.0299932,100000,100000,1904.28,0,0,0,0,0,0,0,0,0,0,0,0,0,1
stats,590,1,591,0.00500595,0.000537754,0,565.156,-0.0299881,3.14535e-05,-0.000552749,0.0299932,100000,100000,1904.28,0,0.00500595,0.000537754,0,565.156,-0.0299881,3.14535e-05,-0.000552749,0.0299932,100000,100000,1904.28,0,0.00500595,0.000537754,0,565.156,-0.0299881,3.14535e-05,-0.000552749,0.0299932,100000,100000,1904.28,0,0.00500595,0.000537754,0,565.156,-0.0299881,3.14535e-05,-0.000552749,0.0299932,100000,100000,1904.28,0,0.00500595,0.000537754,0,565.156,-0.0299881,3.14535e-05,-0.000552749,0.0299932,100000,100000,1904.28,0,0.00500595,0.000537754,0,565.156,-0.0299881,3.14535e-05,-0.000552749,0.0299932,100000,100000,1904.28,0,0,0,0,0,0,0,0,0,0,0,0,0,1
stats,591,1,592,0.00500595,0.000537754,0,565.156,-0.0299881,3.14547e-05,-0.000552749,0.0299932,100000,100000,1904.28,0,0.00500595,0.000537754,0,565.156,-0.0299881,3.14547e-05,-0.000552749,0.0299932,100000,100000,1904.28,0,0.00500595,0.000537754,0,565.156,-0.0299881,3.14547e-05,-0.000552749,0.0299932,100000,100000,1904.28,0,0.00500595,0.000537754,0,565.156,-0.0299881,3.14547e-05,-0.000552749,0.0299932,100000,100000,1904.28,0,0.00500595,0.000537754,0,565.156,-0.0299881,3.14547e-05,-0.000552749,0.0299932,100000,100000,1904.28,0,0.00500595,0.000537754,0,565.156,-0.0299881,3.14547e-05,-0.000552749,0.0299932,100000,100000,1904.28,0,0,0,0,0,0,0,0,0,0,0,0,0,1
stats,592,1,593,0.00500595,0.000537754,0,565.156,-0.0299881,3.14557e-05,-0.000552749,0.0299932,100000,100000,1904.28,0,0.00500595,0.000537754,0,565.156,-0.0299881,3.14557e-05,-0.000552749,0.0299932,100000,100000,1904.28,0,0.00500595,0.000537754,0,565.156,-0.0299881,3.14557e-05,-0.000552749,0.0299932,100000,100000,1904.28,0,0.00500595,0.000537754,0,565.156,-0.0299881,3.14557e-05,-0.000552749,0.0299932,100000,100000,1904.28,0,0.00500595,0.000537754,0,565.156,-0.0299881,3.14557e-05,-0.000552749,0.0299932,100000,100000,1904.28,0,0.00500595,0.000537754,0,565.156,-0.0299881,3.14557e-05,-0.000552749,0.0299932,100000,100000,1904.28,0,0,0,0,0,0,0,0,0,0,0,0,0,1
stats,593,1,594,0.00500595,0.000537754,0,565.156,-0.0299881,3.14566e-05,-0.000552749,0.0299932,100000,100000,1904.28,0,0.00500595,0.000537754,0,565.156,-0.0299881,3.14566e-05,-0.000552749,0.0299932,100000,100000,1904.28,0,0.00500595,0.000537754,0,565.156,-0.0299881,3.14566e-05,-0.000552749,0.0299932,100000,100000,1904.28,0,0.00500595,0.000537754,0,565.156,-0.0299881,3.14566e-05,-0.000552749,0.0299932,100000,100000,1904.28,0,0.00500595,0.000537754,0,565.156,-0.0299881,3.14566e-05,-0.000552749,0.0299932,100000,100000,1904.28,0,0.00500595,0.000537754,0,565.156,-0.0299881,3.14566e-05,-0.000552749,0.0299932,100000,100000,1904.28,0,0,0,0,0,0,0,0,0,0,0,0,0,1
stats,594,1,595,0.00500595,0.000537754,0,565.156,-0.0299881,3.14572e-05,-0.000552749,0.0299932,100000,100000,1904.28,0,0.00500595,0.000537754,0,565.156,-0.0299881,3.14572e-05,-0.000552749,0.0299932,100000,100000,1904.28,0,0.00500595,0.000537754,0,565.156,-0.0299881,3.14572e-05,-0.000552749,0.0299932,100000,100000,1904.28,0,0.00500595,0.000537754,0,565.156,-0.0299881,3.14572e-05,-0.000552749,0.0299932,100000,100000,1904.28,0,0.00500595,0.000537754,0,565.156,-0.0299881,3.14572e-05,-0.000552749,0.0299932,100000,100000,1904.28,0,0.00500595,0.000537754,0,565.156,-0.0299881,3.14572e-05,-0.000552749,0.0299932,100000,100000,1904.28,0,0,0,0,0,0,0,0,0,0,0,0,0,1
stats,595,1,596,0.00500595,0.000537755,0,565.156,-0.0299881,3.14575e-05,-0.00055275,0.0299932,100000,100000,1904.28,0,0.00500595,0.000537755,0,565.156,-0.0299881,3.14575e-05,-0.00055275,0.0299932,100000,100000,1904.28,0,0.00500595,0.000537755,0,565.156,-0.0299881,3.14575e-05,-0.00055275,0.0299932,100000,100000,1904.28,0,0.00500595,0.000537755,0,565.156,-0.0299881,3.14575e-05,-0.00055275,0.0299932,100000,100000,1904.28,0,0.00500595,0.000537755,0,565.156,-0.0299881,3.14575e-05,-0.00055275,0.0299932,100000,100000,1904.28,0,0.00500595,0.000537755,0,565.156,-0.0299881,3.14575e-05,-0.00055275,0.0299932,100000,100000,1904.28,0,0,0,0,0,0,0,0,0,0,0,0,0,1
stats,596,1,597,0.00500595,0.000537755,0,565.156,-0.0299881,3.14573e-05,-0.00055275,0.0299932,100000,100000,1904.28,0,0.00500595,0.000537755,0,565.156,-0.0299881,3.14573e-05,-0.00055275,0.0299932,100000,100000,1904.28,0,0.00500595,0.000537755,0,565.156,-0.0299881,3.14573e-05,-0.00055275,0.0299932,100000,100000,1904.28,0,0.00500595,0.000537755,0,565.156,-0.0299881,3.14573e-05,-0.00055275,0.0299932,100000,100000,1904.28,0,0.00500595,0.000537755,0,565.156,-0.0299881,3.14573e-05,-0.00055275,0.0299932,100000,100000,1904.28,0,0.00500595,0.000537755,0,565.156,-0.0299881,3.14573e-05,-0.00055275,0.0299932,100000,100000,1904.28,0,0,0,0,0,0,0,0,0,0,0,0,0,1
stats,597,1,598,0.00500595,0.000537755,0,565.156,-0.0299881,3.14567e-05,-0.00055275,0.0299932,100000,100000,1904.28,0,0.00500595,0.000537755,0,565.156,-0.0299881,3.14567e-05,-0.00055275,0.0299932,100000,100000,1904.28,0,0.00500595,0.000537755,0,565.156,-0.0299881,3.14567e-05,-0.00055275,0.0299932,100000,100000,1904.28,0,0.00500595,0.000537755,0,565.156,-0.0299881,3.14567e-05,-0.00055275,0.0299932,100000,100000,1904.28,0,0.00500595,0.000537755,0,565.156,-0.0299881,3.14567e-05,-0.00055275,0.0299932,100000,100000,1904.28,0,0.00500595,0.000537755,0,565.156,-0.0299881,3.14567e-05,-0.00055275,0.0299932,100000,100000,1904.28,0,0,0,0,0,0,0,0,0,0,0,0,0,1
stats,598,1,599,0.00500595,0.000537754,0,565.156,-0.0299881,3.14555e-05,-0.000552751,0.0299932,100000,100000,1904.28,0,0.00500595,0.000537754,0,565.156,-0.0299881,3.14555e-05,-0.000552751,0.0299932,100000,100000,1904.28,0,0.00500595,0.000537754,0,565.156,-0.0299881,3.14555e-05,-0.000552751,0.0299932,100000,100000,1904.28,0,0.00500595,0.000537754,0,565.156,-0.0299881,3.14555e-05,-0.000552751,0.0299932,100000,100000,1904.28,0,0.00500595,0.000537754,0,565.156,-0.0299881,3.14555e-05,-0.000552751,0.0299932,100000,100000,1904.28,0,0.00500595,0.000537754,0,565.156,-0.0299881,3.14555e-05,-0.000552751,0.0299932,100000,100000,1904.28,0,0,0,0,0,0,0,0,0,0,0,0,0,1
stats,599,1,600,0.00500595,0.000537754,0,565.156,-0.0299881,3.1454e-05,-0.000552751,0.0299932,100000,100000,1904.28,0,0.00500595,0.000537754,0,565.156,-0.0299881,3.1454e-05,-0.000552751,0.0299932,100000,100000,1904.28,0,0.00500595,0.000537754,0,565.156,-0.0299881,3.1454e-05,-0.000552751,0.0299932,100000,100000,1904.28,0,0.00500595,0.000537754,0,565.156,-0.0299881,3.1454e-05,-0.000552751,0.0299932,100000,100000,1904.28,0,0.00500595,0.000537754,0,565.156,-0.0299881,3.1454e-05,-0.000552751,0.0299932,100000,100000,1904.28,0,0.00500595,0.000537754,0,565.156,-0.0299881,3.1454e-05,-0.000552751,0.0299932,100000,100000,1904.28,0,0,0,0,0,0,0,0,0,0,0,0,0,1
stats,600,1,601,0.00500595,0.000537754,0,565.156,-0.0299881,3.14523e-05,-0.00055275,0.0299932,100000,100000,1904.28,0,0.00500595,0.000537754,0,565.156,-0.0299881,3.14523e-05,-0.00055275,0.0299932,100000,100000,1904.28,0,0.00500595,0.000537754,0,565.156,-0.0299881,3.14523e-05,-0.00055275,0.0299932,100000,100000,1904.28,0,0.00500595,0.000537754,0,565.156,-0.0299881,3.14523e-05,-0.00055275,0.0299932,100000,100000,1904.28,0,0.00500595,0.000537754,0,565.156,-0.0299881,3.14523e-05,-0.00055275,0.0299932,100000,100000,1904.28,0,0.00500595,0.000537754,0,565.156,-0.0299881,3.14523e-05,-0.00055275,0.0299932,100000,100000,1904.28,0,0,0,0,0,0,0,0,0,0,0,0,0,1
stats,601,1,602,0.00500595,0.000537754,0,565.156,-0.0299881,3.14506e-05,-0.00055275,0.0299932,100000,100000,1904.28,0,0.00500595,0.000537754,0,565.156,-0.0299881,3.14506e-05,-0.00055275,0.0299932,100000,100000,1904.28,0,0.00500595,0.000537754,0,565.156,-0.0299881,3.14506e-05,-0.00055275,0.0299932,100000,100000,1904.28,0,0.00500595,0.000537754,0,565.156,-0.0299881,3.14506e-05,-0.00055275,0.0299932,100000,100000,1904.28,0,0.00500595,0.000537754,0,565.156,-0.0299881,3.14506e-05,-0.00055275,0.0299932,100000,100000,1904.28,0,0.00500595,0.000537754,0,565.156,-0.0299881,3.14506e-05,-0.00055275,0.0299932,100000,100000,1904.28,0,0,0,0,0,0,0,0,0,0,0,0,0,1
stats,602,1,603,0.00500595,0.000537754,0,565.156,-0.0299881,3.14493e-05,-0.00055275,0.0299932,100000,100000,1904.28,0,0.00500595,0.000537754,0,565.156,-0.0299881,3.14493e-05,-0.00055275,0.0299932,100000,100000,1904.28,0,0.00500595,0.000537754,0,565.156,-0.0299881,3.14493e-05,-0.00055275,0.0299932,100000,100000,1904.28,0,0.00500595,0.000537754,0,565.156,-0.0299881,3.14493e-05,-0.00055275,0.0299932,100000,100000,1904.28,0,0.00500595,0.000537754,0,565.156,-0.0299881,3.14493e-05,-0.00055275,0.0299932,100000,100000,1904.28,0,0.00500595,0.000537754,0,565.156,-0.0299881,3.14493e-05,-0.00055275,0.0299932,100000,100000,1904.28,0,0,0,0,0,0,0,0,0,0,0,0,0,1
stats,603,1,604,0.00500595,0.000537754,0,565.156,-0.0299881,3.14486e-05,-0.000552749,0.0299932,100000,100000,1904.28,0,0.00500595,0.000537754,0,565.156,-0.0299881,3.14486e-05,-0.000552749,0.0299932,100000,100000,1904.28,0,0.00500595,0.000537754,0,565.156,-0.0299881,3.14486e-05,-0.000552749,0.0299932,100000,100000,1904.28,0,0.00500595,0.000537754,0,565.156,-0.0299881,3.14486e-05,-0.000552749,0.0299932,100000,100000,1904.28,0,0.00500595,0.000537754,0,565.156,-0.0299881,3.14486e-05,-0.000552749,0.0299932,100000,100000,1904.28,0,0.00500595,0.000537754,0,565.156,-0.0299881,3.14486e-05,-0.000552749,0.0299932,100000,100000,1904.28,0,0,0,0,0,0,0,0,0,0,0,0,0,1
stats,604,1,605,0.00500595,0.000537754,0,565.156,-0.0299881,3.14484e-05,-0.000552749,0.0299932,100000,100000,1904.28,0,0.00500595,0.000537754,0,565.156,-0.0299881,3.14484e-05,-0.000552749,0.0299932,100000,100000,1904.28,0,0.00500595,0.000537754,0,565.156,-0.0299881,3.14484e-05,-0.000552749,0.0299932,100000,100000,1904.28,0,0.00500595,0.000537754,0,565.156,-0.0299881,3.14484e-05,-0.000552749,0.0299932,100000,100000,1904.28,0,0.00500595,0.000537754,0,565.156,-0.0299881,3.14484e-05,-0.000552749,0.0299932,100000,100000,1904.28,0,0.00500595,0.000537754,0,565.156,-0.0299881,3.14484e-05,-0.000552749,0.0299932,100000,100000,1904.28,0,0,0,0,0,0,0,0,0,0,0,0,0,1
stats,605,1,606,0.00500595,0.000537754,0,565.156,-0.0299881,3.14489e-05,-0.00055275,0.0299932,100000,100000,1904.28,0,0.00500595,0.000537754,0,565.156,-0.0299881,3.14489e-05,-0.00055275,0.0299932,100000,100000,1904.28,0,0.00500595,0.000537754,0,565.156,-0.0299881,3.14489e-05,-0.00055275,0.0299932,100000,100000,1904.28,0,0.00500595,0.000537754,0,565.156,-0.0299881,3.14489e-05,-0.00055275,0.0299932,100000,100000,1904.28,0,0.00500595,0.000537754,0,565.156,-0.0299881,3.14489e-05,-0.00055275,0.0299932,100000,100000,1904.28,0,0.00500595,0.000537754,0,565.156,-0.0299881,3.14489e-05,-0.00055275,0.0299932,100000,100000,1904.28,0,0,0,0,0,0,0,0,0,0,0,0,0,1
stats,606,1,607,0.00500595,0.000537754,0,565.156,-0.0299881,3.14498e-05,-0.00055275,0.0299932,100000,100000,1904.28,0,0.00500595,0.000537754,0,565.156,-0.0299881,3.14498e-05,-0.00055275,0.0299932,100000,100000,1904.28,0,0.00500595,0.000537754,0,565.156,-0.0299881,3.14498e-05,-0.00055275,0.0299932,100000,100000,1904.28,0,0.00500595,0.000537754,0,565.156,-0.0299881,3.14498e-05,-0.00055275,0.0299932,100000,100000,1904.28,0,0.00500595,0.000537754,0,565.156,-0.0299881,3.14498e-05,-0.00055275,0.0299932,100000,100000,1904.28,0,0.00500595,0.000537754,0,565.156,-0.0299881,3.14498e-05,-0.00055275,0.0299932,100000,100000,1904.28,0,0,0,0,0,0,0,0,0,0,0,0,0,1
stats,607,1,608,0.00500595,0.000537754,0,565.156,-0.0299881,3.14509e-05,-0.00055275,0.0299932,100000,100000,1904.28,0,0.00500595,0.000537754,0,565.156,-0.0299881,3.14509e-05,-0.00055275,0.0299932,100000,100000,1904.28,0,0.00500595,0.000537754,0,565.156,-0.0299881,3.14509e-05,-0.00055275,0.0299932,100000,100000,1904.28,0,0.00500595,0.000537754,0,565.156,-0.0299881,3.14509e-05,-0.00055275,0.0299932,100000,100000,1904.28,0,0.00500595,0.000537754,0,565.156,-0.0299881,3.14509e-05,-0.00055275,0.0299932,100000,100000,1904.28,0,0.00500595,0.000537754,0,565.156,-0.0299881,3.14509e-05,-0.00055275,0.0299932,100000,100000,1904.28,0,0,0,0,0,0,0,0,0,0,0,0,0,1
stats,608,1,609,0.00500595,0.000537754,0,565.156,-0.0299881,3.14521e-05,-0.00055275,0.0299932,100000,100000,1904.28,0,0.00500595,0.000537754,0,565.156,-0.0299881,3.14521e-05,-0.00055275,0.0299932,100000,100000,1904.28,0,0.00500595,0.000537754,0,565.156,-0.0299881,3.14521e-05,-0.00055275,0.0299932,100000,100000,1904.28,0,0.00500595,0.000537754,0,565.156,-0.0299881,3.14521e-05,-0.00055275,0.0299932,100000,100000,1904.28,0,0.00500595,0.000537754,0,565.156,-0.0299881,3.14521e-05,-0.00055275,0.0299932,100000,100000,1904.28,0,0.00500595,0.000537754,0,565.156,-0.0299881,3.14521e-05,-0.00055275,0.0299932,100000,100000,1904.28,0,0,0,0,0,0,0,0,0,0,0,0,0,1
stats,609,1,610,0.00500595,0.000537754,0,565.156,-0.0299881,3.14533e-05,-0.00055275,0.0299932,100000,100000,1904.28,0,0.00500595,0.000537754,0,565.156,-0.0299881,3.14533e-05,-0.00055275,0.0299932,100000,100000,1904.28,0,0.00500595,0.000537754,0,565.156,-0.0299881,3.14533e-05,-0.00055275,0.0299932,100000,100000,1904.28,0,0.00500595,0.000537754,0,565.156,-0.0299881,3.14533e-05,-0.00055275,0.0299932,100000,100000,1904.28,0,0.00500595,0.000537754,0,565.156,-0.0299881,3.14533e-05,-0.00055275,0.0299932,100000,100000,1904.28,0,0.00500595,0.000537754,0,565.156,-0.0299881,3.14533e-05,-0.00055275,0.0299932,100000,100000,1904.28,0,0,0,0,0,0,0,0,0,0,0,0,0,1
stats,610,1,611,0.00500595,0.000537754,0,565.156,-0.0299881,3.14544e-05,-0.00055275,0.0299932,100000,100000,1904.28,0,0.00500595,0.000537754,0,565.156,-0.0299881,3.14544e-05,-0.00055275,0.0299932,100000,100000,1904.28,0,0.00500595,0.000537754,0,565.156,-0.0299881,3.14544e-05,-0.00055275,0.0299932,100000,100000,1904.28,0,0.00500595,0.000537754,0,565.156,-0.0299881,3.14544e-05,-0.00055275,0.0299932,100000,100000,1904.28,0,0.00500595,0.000537754,0,565.156,-0.0299881,3.14544e-05,-0.00055275,0.0299932,100000,100000,1904.28,0,0.00500595,0.000537754,0,565.156,-0.0299881,3.14544e-05,-0.00055275,0.0299932,100000,100000,1904.28,0,0,0,0,0,0,0,0,0,0,0,0,0,1
stats,611,1,612,0.00500595,0.000537754,0,565.156,-0.0299881,3.14555e-05,-0.00055275,0.0299932,100000,100000,1904.28,0,0.00500595,0.000537754,0,565.156,-0.0299881,3.14555e-05,-0.00055275,0.0299932,100000,100000,1904.28,0,0.00500595,0.000537754,0,565.156,-0.0299881,3.14555e-05,-0.00055275,0.0299932,100000,100000,1904.28,0,0.00500595,0.000537754,0,565.156,-0.0299881,3.14555e-05,-0.00055275,0.0299932,100000,100000,1904.28,0,0.00500595,0.000537754,0,565.156,-0.0299881,3.14555e-05,-0.00055275,0.0299932,100000,100000,1904.28,0,0.00500595,0.000537754,0,565.156,-0.0299881,3.14555e-05,-0.00055275,0.0299932,100000,100000,1904.28,0,0,0,0,0,0,0,0,0,0,0,0,0,1
stats,612,1,613,0.00500595,0.000537754,0,565.156,-0.0299881,3.14563e-05,-0.00055275,0.0299932,100000,100000,1904.28,0,0.00500595,0.000537754,0,565.156,-0.0299881,3.14563e-05,-0.00055275,0.0299932,100000,100000,1904.28,0,0.00500595,0.000537754,0,565.156,-0.0299881,3.14563e-05,-0.00055275,0.0299932,100000,100000,1904.28,0,0.00500595,0.000537754,0,565.156,-0.0299881,3.14563e-05,-0.00055275,0.0299932,100000,100000,1904.28,0,0.00500595,0.000537754,0,565.156,-0.0299881,3.14563e-05,-0.00055275,0.0299932,100000,100000,1904.28,0,0.00500595,0.000537754,0,565.156,-0.0299881,3.14563e-05,-0.00055275,0.0299932,100000,100000,1904.28,0,0,0,0,0,0,0,0,0,0,0,0,0,1
stats,613,1,614,0.00500595,0.000537755,0,565.156,-0.0299881,3.1457e-05,-0.000552751,0.0299932,100000,100000,1904.28,0,0.00500595,0.000537755,0,565.156,-0.0299881,3.1457e-05,-0.000552751,0.0299932,100000,100000,1904.28,0,0.00500595,0.000537755,0,565.156,-0.0299881,3.1457e-05,-0.000552751,0.0299932,100000,100000,1904.28,0,0.00500595,0.000537755,0,565.156,-0.0299881,3.1457e-05,-0.000552751,0.0299932,100000,100000,1904.28,0,0.00500595,0.000537755,0,565.156,-0.0299881,3.1457e-05,-0.000552751,0.0299932,100000,100000,1904.28,0,0.00500595,0.000537755,0,565.156,-0.0299881,3.1457e-05,-0.000552751,0.0299932,100000,100000,1904.28,0,0,0,0,0,0,0,0,0,0,0,0,0,1
stats,614,1,615,0.00500595,0.000537755,0,565.156,-0.0299881,3.14573e-05,-0.000552751,0.0299932,100000,100000,1904.28,0,0.00500595,0.000537755,0,565.156,-0.0299881,3.14573e-05,-0.000552751,0.0299932,100000,100000,1904.28,0,0.00500595,0.000537755,0,565.156,-0.0299881,3.14573e-05,-0.000552751,0.0299932,100000,100000,1904.28,0,0.00500595,0.000537755,0,565.156,-0.0299881,3.14573e-05,-0.000552751,0.0299932,100000,100000,1904.28,0,0.00500595,0.000537755,0,565.156,-0.0299881,3.14573e-05,-0.000552751,0.0299932,100000,100000,1904.28,0,0.00500595,0.000537755,0,565.156,-0.0299881,3.14573e-05,-0.000552751,0.0299932,100000,100000,1904.28,0,0,0,0,0,0,0,0,0,0,0,0,0,1
stats,615,1,616,0.00500595,0.000537755,0,565.156,-0.0299881,3.14571e-05,-0.000552751,0.0299932,100000,100000,1904.28,0,0.00500595,0.000537755,0,565.156,-0.0299881,3.14571e-05,-0.000552751,0.0299932,100000,100000,1904.28,0,0.00500595,0.000537755,0,565.156,-0.0299881,3.14571e-05,-0.000552751,0.0299932,100000,100000,1904.28,0,0.00500595,0.000537755,0,565.156,-0.0299881,3.14571e-05,-0.000552751,0.0299932,100000,100000,1904.28,0,0.00500595,0.000537755,0,565.156,-0.0299881,3.14571e-05,-0.000552751,0.0299932,100000,100000,1904.28,0,0.00500595,0.000537755,0,565.156,-0.0299881,3.14571e-05,-0.000552751,0.0299932,100000,100000,1904.28,0,0,0,0,0,0,0,0,0,0,0,0,0,1
stats,616,1,617,0.00500595,0.000537754,0,565.156,-0.0299881,3.14564e-05,-0.000552751,0.0299932,100000,100000,1904.28,0,0.00500595,0.000537754,0,565.156,-0.0299881,3.14564e-05,-0.000552751,0.0299932,100000,100000,1904.28,0,0.00500595,0.000537754,0,565.156,-0.0299881,3.14564e-05,-0.000552751,0.0299932,100000,100000,1904.28,0,0.00500595,0.000537754,0,565.156,-0.0299881,3.14564e-05,-0.000552751,0.0299932,100000,100000,1904.28,0,0.00500595,0.000537754,0,565.156,-0.0299881,3.14564e-05,-0.000552751,0.0299932,100000,100000,1904.28,0,0.00500595,0.000537754,0,565.156,-0.0299881,3.14564e-05,-0.000552751,0.0299932,100000,100000,1904.28,0,0,0,0,0,0,0,0,0,0,0,0,0,1
stats,617,1,618,0.00500595,0.000537754,0,565.156,-0.0299881,3.14552e-05,-0.000552751,0.0299932,100000,100000,1904.28,0,0.00500595,0.000537754,0,565.156,-0.0299881,3.14552e-05,-0.000552751,0.0299932,100000,100000,1904.28,0,0.00500595,0.000537754,0,565.156,-0.0299881,3.14552e-05,-0.000552751,0.0299932,100000,100000,1904.28,0,0.00500595,0.000537754,0,565.156,-0.0299881,3.14552e-05,-0.000552751,0.0299932,100000,100000,1904.28,0,0.00500595,0.000537754,0,565.156,-0.0299881,3.14552e-05,-0.000552751,0.0299932,100000,100000,1904.28,0,0.00500595,0.000537754,0,565.156,-0.0299881,3.14552e-05,-0.000552751,0.0299932,100000,100000,1904.28,0,0,0,0,0,0,0,0,0,0,0,0,0,1
stats,618,1,619,0.00500595,0.000537754,0,565.156,-0.0299881,3.14537e-05,-0.00055275,0.0299932,100000,100000,1904.28,0,0.00500595,0.000537754,0,565.156,-0.0299881,3.14537e-05,-0.00055275,0.0299932,100000,100000,1904.28,0,0.00500595,0.000537754,0,565.156,-0.0299881,3.14537e-05,-0.00055275,0.0299932,100000,100000,1904.28,0,0.00500595,0.000537754,0,565.156,-0.0299881,3.14537e-05,-0.00055275,0.0299932,100000,100000,1904.28,0,0.00500595,0.000537754,0,565.156,-0.0299881,3.14537e-05,-0.00055275,0.0299932,100000,100000,1904.28,0,0.00500595,0.000537754,0,565.156,-0.0299881,3.14537e-05,-0.00055275,0.0299932,100000,100000,1904.28,0,0,0,0,0,0,0,0,0,0,0,0,0,1
stats,619,1,620,0.00500595,0.000537754,0,565.156,-0.0299881,3.14521e-05,-0.00055275,0.0299932,100000,100000,1904.28,0,0.00500595,0.000537754,0,565.156,-0.0299881,3.14521e-05,-0.00055275,0.0299932,100000,100000,1904.28,0,0.00500595,0.000537754,0,565.156,-0.0299881,3.14521e-05,-0.00055275,0.0299932,100000,100000,1904.28,0,0.00500595,0.000537754,0,565.156,-0.0299881,3.14521e-05,-0.00055275,0.0299932,100000,100000,1904.28,0,0.00500595,0.000537754,0,565.156,-0.0299881,3.14521e-05,-0.00055275,0.0299932,100000,100000,1904.28,0,0.00500595,0.000537754,0,565.156,-0.0299881,3.14521e-05,-0.00055275,0.0299932,100000,100000,1904.28,0,0,0,0,0,0,0,0,0,0,0,0,0,1
stats,620,1,621,0.00500595,0.000537754,0,565.156,-0.0299881,3.14507e-05,-0.000552749,0.0299932,100000,100000,1904.28,0,0.00500595,0.000537754,0,565.156,-0.0299881,3.14507e-05,-0.000552749,0.0299932,100000,100000,1904.28,0,0.00500595,0.000537754,0,565.156,-0.0299881,3.14507e-05,-0.000552749,0.0299932,100000,100000,1904.28,0,0.00500595,0.000537754,0,565.156,-0.0299881,3.14507e-05,-0.000552749,0.0299932,100000,100000,1904.28,0,0.00500595,0.000537754,0,565.156,-0.0299881,3.14507e-05,-0.000552749,0.0299932,100000,100000,1904.28,0,0.00500595,0.000537754,0,565.156,-0.0299881,3.14507e-05,-0.000552749,0.0299932,100000,100000,1904.28,0,0,0,0,0,0,0,0,0,0,0,0,0,1
stats,621,1,622,0.00500595,0.000537754,0,565.156,-0.0299881,3.14497e-05,-0.000552748,0.0299932,100000,100000,1904.28,0,0.00500595,0.000537754,0,565.156,-0.0299881,3.14497e-05,-0.000552748,0.0299932,100000,100000,1904.28,0,0.00500595,0.000537754,0,565.156,-0.0299881,3.14497e-05,-0.000552748,0.0299932,100000,100000,1904.28,0,0.00500595,0.000537754,0,565.156,-0.0299881,3.14497e-05,-0.000552748,0.0299932,100000,100000,1904.28,0,0.00500595,0.000537754,0,565.156,-0.0299881,3.14497e-05,-0.000552748,0.0299932,100000,100000,1904.28,0,0.00500595,0.000537754,0,565.156,-0.0299881,3.14497e-05,-0.000552748,0.0299932,100000,100000,1904.28,0,0,0,0,0,0,0,0,0,0,0,0,0,1
stats,622,1,623,0.00500595,0.000537754,0,565.156,-0.0299881,3.14493e-05,-0.000552748,0.0299932,100000,100000,1904.28,0,0.00500595,0.000537754,0,565.156,-0.0299881,3.14493e-05,-0.000552748,0.0299932,100000,100000,1904.28,0,0.00500595,0.000537754,0,565.156,-0.0299881,3.14493e-05,-0.000552748,0.0299932,100000,100000,1904.28,0,0.00500595,0.000537754,0,565.156,-0.0299881,3.14493e-05,-0.000552748,0.0299932,100000,100000,1904.28,0,0.00500595,0.000537754,0,565.156,-0.0299881,3.14493e-05,-0.000552748,0.0299932,100000,100000,1904.28,0,0.00500595,0.000537754,0,565.156,-0.0299881,3.14493e-05,-0.000552748,0.0299932,100000,100000,1904.28,0,0,0,0,0,0,0,0,0,0,0,0,0,1
stats,623,1,624,0.00500595,0.000537754,0,565.156,-0.0299881,3.14492e-05,-0.000552749,0.0299932,100000,100000,1904.28,0,0.00500595,0.000537754,0,565.156,-0.0299881,3.14492e-05,-0.000552749,0.0299932,100000,100000,1904.28,0,0.00500595,0.000537754,0,565.156,-0.0299881,3.14492e-05,-0.000552749,0.0299932,100000,100000,1904.28,0,0.00500595,0.000537754,0,565.156,-0.0299881,3.14492e-05,-0.000552749,0.0299932,100000,100000,1904.28,0,0.00500595,0.000537754,0,565.156,-0.0299881,3.14492e-05,-0.000552749,0.0299932,100000,100000,1904.28,0,0.00500595,0.000537754,0,565.156,-0.0299881,3.14492e-05,-0.000552749,0.0299932,100000,100000,1904.28,0,0,0,0,0,0,0,0,0,0,0,0,0,1
stats,624,1,625,0.00500595,0.000537754,0,565.156,-0.0299881,3.14496e-05,-0.000552749,0.0299932,100000,100000,1904.28,0,0.00500595,0.000537754,0,565.156,-0.0299881,3.14496e-05,-0.000552749,0.0299932,100000,100000,1904.28,0,0.00500595,0.000537754,0,565.156,-0.0299881,3.14496e-05,-0.000552749,0.0299932,100000,100000,1904.28,0,0.00500595,0.000537754,0,565.156,-0.0299881,3.14496e-05,-0.000552749,0.0299932,100000,100000,1904.28,0,0.00500595,0.000537754,0,565.156,-0.0299881,3.14496e-05,-0.000552749,0.0299932,100000,100000,1904.28,0,0.00500595,0.000537754,0,565.156,-0.0299881,3.14496e-05,-0.000552749,0.0299932,100000,100000,1904.28,0,0,0,0,0,0,0,0,0,0,0,0,0,1
stats,625,1,626,0.00500595,0.000537754,0,565.156,-0.0299881,3.14502e-05,-0.00055275,0.0299932,100000,100000,1904.28,0,0.00500595,0.000537754,0,565.156,-0.0299881,3.14502e-05,-0.00055275,0.0299932,100000,100000,1904.28,0,0.00500595,0.000537754,0,565.156,-0.0299881,3.14502e-05,-0.00055275,0.0299932,100000,100000,1904.28,0,0.00500595,0.000537754,0,565.156,-0.0299881,3.14502e-05,-0.00055275,0.0299932,100000,100000,1904.28,0,0.00500595,0.000537754,0,565.156,-0.0299881,3.14502e-05,-0.00055275,0.0299932,100000,100000,1904.28,0,0.00500595,0.000537754,0,565.156,-0.0299881,3.14502e-05,-0.00055275,0.0299932,100000,100000,1904.28,0,0,0,0,0,0,0,0,0,0,0,0,0,1
stats,626,1,627,0.00500595,0.000537754,0,565.156,-0.0299881,3.1451e-05,-0.000552751,0.0299932,100000,100000,1904.28,0,0.00500595,0.000537754,0,565.156,-0.0299881,3.1451e-05,-0.000552751,0.0299932,100000,100000,1904.28,0,0.00500595,0.000537754,0,565.156,-0.0299881,3.1451e-05,-0.000552751,0.0299932,100000,100000,1904.28,0,0.00500595,0.000537754,0,565.156,-0.0299881,3.1451e-05,-0.000552751,0.0299932,100000,100000,1904.28,0,0.00500595,0.000537754,0,565.156,-0.0299881,3.1451e-05,-0.000552751,0.0299932,100000,100000,1904.28,0,0.00500595,0.000537754,0,565.156,-0.0299881,3.1451e-05,-0.000552751,0.0299932,100000,100000,1904.28,0,0,0,0,0,0,0,0,0,0,0,0,0,1
stats,627,1,628,0.00500595,0.000537754,0,565.156,-0.0299881,3.14519e-05,-0.000552751,0.0299932,100000,100000,1904.28,0,0.00500595,0.000537754,0,565.156,-0.0299881,3.14519e-05,-0.000552751,0.0299932,100000,100000,1904.28,0,0.00500595,0.000537754,0,565.156,-0.0299881,3.14519e-05,-0.000552751,0.0299932,100000,100000,1904.28,0,0.00500595,0.000537754,0,565.156,-0.0299881,3.14519e-05,-0.000552751,0.0299932,100000,100000,1904.28,0,0.00500595,0.000537754,0,565.156,-0.0299881,3.14519e-05,-0.000552751,0.0299932,100000,100000,1904.28,0,0.00500595,0.000537754,0,565.156,-0.0299881,3.14519e-05,-0.000552751,0.0299932,100000,100000,1904.28,0,0,0,0,0,0,0,0,0,0,0,0,0,1
stats,628,1,629,0.00500595,0.000537754,0,565.156,-0.0299881,3.1453e-05,-0.000552752,0.0299932,100000,100000,1904.28,0,0.00500595,0.000537754,0,565.156,-0.0299881,3.1453e-05,-0.000552752,0.0299932,100000,100000,1904.28,0,0.00500595,0.000537754,0,565.156,-0.0299881,3.1453e-05,-0.000552752,0.0299932,100000,100000,1904.28,0,0.00500595,0.000537754,0,565.156,-0.0299881,3.1453e-05,-0.000552752,0.0299932,100000,100000,1904.28,0,0.00500595,0.000537754,0,565.156,-0.0299881,3.1453e-05,-0.000552752,0.0299932,100000,100000,1904.28,0,0.00500595,0.000537754,0,565.156,-0.0299881,3.1453e-05,-0.000552752,0.0299932,100000,100000,1904.28,0,0,0,0,0,0,0,0,0,0,0,0,0,1
stats,629,1,630,0.00500595,0.000537754,0,565.156,-0.0299881,3.14541e-05,-0.000552752,0.0299932,100000,100000,1904.28,0,0.00500595,0.000537754,0,565.156,-0.0299881,3.14541e-05,-0.000552752,0.0299932,100000,100000,1904.28,0,0.00500595,0.000537754,0,565.156,-0.0299881,3.14541e-05,-0.000552752,0.0299932,100000,100000,1904.28,0,0.00500595,0.000537754,0,565.156,-0.0299881,3.14541e-05,-0.000552752,0.0299932,100000,100000,1904.28,0,0.00500595,0.000537754,0,565.156,-0.0299881,3.14541e-05,-0.000552752,0.0299932,100000,100000,1904.28,0,0.00500595,0.000537754,0,565.156,-0.0299881,3.14541e-05,-0.000552752,0.0299932,100000,100000,1904.28,0,0,0,0,0,0,0,0,0,0,0,0,0,1
stats,630,1,631,0.00500595,0.000537754,0,565.156,-0.0299881,3.14551e-05,-0.000552752,0.0299932,100000,100000,1904.28,0,0.00500595,0.000537754,0,565.156,-0.0299881,3.14551e-05,-0.000552752,0.0299932,100000,100000,1904.28,0,0.00500595,0.000537754,0,565.156,-0.0299881,3.14551e-05,-0.000552752,0.0299932,100000,100000,1904.28,0,0.00500595,0.000537754,0,565.156,-0.0299881,3.14551e-05,-0.000552752,0.0299932,100000,100000,1904.28,0,0.00500595,0.000537754,0,565.156,-0.0299881,3.14551e-05,-0.000552752,0.0299932,100000,100000,1904.28,0,0.00500595,0.000537754,0,565.156,-0.0299881,3.14551e-05,-0.000552752,0.0299932,100000,100000,1904.28,0,0,0,0,0,0,0,0,0,0,0,0,0,1
stats,631,1,632,0.00500595,0.000537754,0,565.156,-0.0299881,3.14559e-05,-0.000552752,0.0299932,100000,100000,1904.28,0,0.00500595,0.000537754,0,565.156,-0.0299881,3.14559e-05,-0.000552752,0.0299932,100000,100000,1904.28,0,0.00500595,0.000537754,0,565.156,-0.0299881,3.14559e-05,-0.000552752,0.0299932,100000,100000,1904.28,0,0.00500595,0.000537754,0,565.156,-0.0299881,3.14559e-05,-0.000552752,0.0299932,100000,100000,1904.28,0,0.00500595,0.000537754,0,565.156,-0.0299881,3.14559e-05,-0.000552752,0.0299932,100000,100000,1904.28,0,0.00500595,0.000537754,0,565.156,-0.0299881,3.14559e-05,-0.000552752,0.0299932,100000,100000,1904.28,0,0,0,0,0,0,0,0,0,0,0,0,0,1
stats,632,1,633,0.00500595,0.000537754,0,565.156,-0.0299881,3.14563e-05,-0.000552752,0.0299932,100000,100000,1904.28,0,0.00500595,0.000537754,0,565.156,-0.0299881,3.14563e-05,-0.000552752,0.0299932,100000,100000,1904.28,0,0.00500595,0.000537754,0,565.156,-0.0299881,3.14563e-05,-0.000552752,0.0299932,100000,100000,1904.28,0,0.00500595,0.000537754,0,565.156,-0.0299881,3.14563e-05,-0.000552752,0.0299932,100000,100000,1904.28,0,0.00500595,0.000537754,0,565.156,-0.0299881,3.14563e-05,-0.000552752,0.0299932,100000,100000,1904.28,0,0.00500595,0.000537754,0,565.156,-0.0299881,3.14563e-05,-0.000552752,0.0299932,100000,100000,1904.28,0,0,0,0,0,0,0,0,0,0,0,0,0,1
stats,633,1,634,0.00500595,0.000537754,0,565.156,-0.0299881,3.14563e-05,-0.000552752,0.0299932,100000,100000,1904.28,0,0.00500595,0.000537754,0,565.156,-0.0299881,3.14563e-05,-0.000552752,0.0299932,100000,100000,1904.28,0,0.00500595,0.000537754,0,565.156,-0.0299881,3.14563e-05,-0.000552752,0.0299932,100000,100000,1904.28,0,0.00500595,0.000537754,0,565.156,-0.0299881,3.14563e-05,-0.000552752,0.0299932,100000,100000,1904.28,0,0.00500595,0.000537754,0,565.156,-0.0299881,3.14563e-05,-0.000552752,0.0299932,100000,100000,1904.28,0,0.00500595,0.000537754,0,565.156,-0.0299881,3.14563e-05,-0.000552752,0.0299932,100000,100000,1904.28,0,0,0,0,0,0,0,0,0,0,0,0,0,1
stats,634,1,635,0.00500595,0.000537754,0,565.156,-0.0299881,3.14559e-05,-0.000552752,0.0299932,100000,100000,1904.28,0,0.00500595,0.000537754,0,565.156,-0.0299881,3.14559e-05,-0.000552752,0.0299932,100000,100000,1904.28,0,0.00500595,0.000537754,0,565.156,-0.0299881,3.14559e-05,-0.000552752,0.0299932,100000,100000,1904.28,0,0.00500595,0.000537754,0,565.156,-0.0299881,3.14559e-05,-0.000552752,0.0299932,100000,100000,1904.28,0,0.00500595,0.000537754,0,565.156,-0.0299881,3.14559e-05,-0.000552752,0.0299932,100000,100000,1904.28,0,0.00500595,0.000537754,0,565.156,-0.0299881,3.14559e-05,-0.000552752,0.0299932,100000,100000,1904.28,0,0,0,0,0,0,0,0,0,0,0,0,0,1
stats,635,1,636,0.00500595,0.000537754,0,565.156,-0.0299881,3.14553e-05,-0.000552752,0.0299932,100000,100000,1904.28,0,0.00500595,0.000537754,0,565.156,-0.0299881,3.14553e-05,-0.000552752,0.0299932,100000,100000,1904.28,0,0.00500595,0.000537754,0,565.156,-0.0299881,3.14553e-05,-0.000552752,0.0299932,100000,100000,1904.28,0,0.00500595,0.000537754,0,565.156,-0.0299881,3.14553e-05,-0.000552752,0.0299932,100000,100000,1904.28,0,0.00500595,0.000537754,0,565.156,-0.0299881,3.14553e-05,-0.000552752,0.0299932,100000,100000,1904.28,0,0.00500595,0.000537754,0,565.156,-0.0299881,3.14553e-05,-0.000552752,0.0299932,100000,100000,1904.28,0,0,0,0,0,0,0,0,0,0,0,0,0,1
stats,636,1,637,0.00500595,0.000537754,0,565.156,-0.0299881,3.14545e-05,-0.000552751,0.0299932,100000,100000,1904.28,0,0.00500595,0.000537754,0,565.156,-0.0299881,3.14545e-05,-0.000552751,0.0299932,100000,100000,1904.28,0,0.00500595,0.000537754,0,565.156,-0.0299881,3.14545e-05,-0.000552751,0.0299932,100000,100000,1904.28,0,0.00500595,0.000537754,0,565.156,-0.0299881,3.14545e-05,-0.000552751,0.0299932,100000,100000,1904.28,0,0.00500595,0.000537754,0,565.156,-0.0299881,3.14545e-05,-0.000552751,0.0299932,100000,100000,1904.28,0,0.00500595,0.000537754,0,565.156,-0.0299881,3.14545e-05,-0.000552751,0.0299932,100000,100000,1904.28,0,0,0,0,0,0,0,0,0,0,0,0,0,1
stats,637,1,638,0.00500595,0.000537754,0,565.156,-0.0299881,3.14536e-05,-0.00055275,0.0299932,100000,100000,1904.28,0,0.00500595,0.000537754,0,565.156,-0.0299881,3.14536e-05,-0.00055275,0.0299932,100000,100000,1904.28,0,0.00500595,0.000537754,0,565.156,-0.0299881,3.14536e-05,-0.00055275,0.0299932,100000,100000,1904.28,0,0.00500595,0.000537754,0,565.156,-0.0299881,3.14536e-05,-0.00055275,0.0299932,100000,100000,1904.28,0,0.00500595,0.000537754,0,565.156,-0.0299881,3.14536e-05,-0.00055275,0.0299932,100000,100000,1904.28,0,0.00500595,0.000537754,0,565.156,-0.0299881,3.14536e-05,-0.00055275,0.0299932,100000,100000,1904.28,0,0,0,0,0,0,0,0,0,0,0,0,0,1
stats,638,1,639,0.00500595,0.000537754,0,565.156,-0.0299881,3.14529e-05,-0.000552749,0.0299932,100000,100000,1904.28,0,0.00500595,0.000537754,0,565.156,-0.0299881,3.14529e-05,-0.000552749,0.0299932,100000,100000,1904.28,0,0.00500595,0.000537754,0,565.156,-0.0299881,3.14529e-05,-0.000552749,0.0299932,100000,100000,1904.28,0,0.00500595,0.000537754,0,565.156,-0.0299881,3.14529e-05,-0.000552749,0.0299932,100000,100000,1904.28,0,0.00500595,0.000537754,0,565.156,-0.0299881,3.14529e-05,-0.000552749,0.0299932,100000,100000,1904.28,0,0.00500595,0.000537754,0,565.156,-0.0299881,3.14529e-05,-0.000552749,0.0299932,100000,100000,1904.28,0,0,0,0,0,0,0,0,0,0,0,0,0,1
stats,639,1,640,0.00500595,0.000537754,0,565.156,-0.0299881,3.14523e-05,-0.000552749,0.0299932,100000,100000,1904.28,0,0.00500595,0.000537754,0,565.156,-0.0299881,3.14523e-05,-0.000552749,0.0299932,100000,100000,1904.28,0,0.00500595,0.000537754,0,565.156,-0.0299881,3.14523e-05,-0.000552749,0.0299932,100000,100000,1904.28,0,0.00500595,0.000537754,0,565.156,-0.0299881,3.14523e-05,-0.000552749,0.0299932,100000,100000,1904.28,0,0.00500595,0.000537754,0,565.156,-0.0299881,3.14523e-05,-0.000552749,0.0299932,100000,100000,1904.28,0,0.00500595,0.000537754,0,565.156,-0.0299881,3.14523e-05,-0.000552749,0.0299932,100000,100000,1904.28,0,0,0,0,0,0,0,0,0,0,0,0,0,1
stats,640,1,641,0.00500595,0.000537754,0,565.156,-0.0299881,3.14519e-05,-0.000552748,0.0299932,100000,100000,1904.28,0,0.00500595,0.000537754,0,565.156,-0.0299881,3.14519e-05,-0.000552748,0.0299932,100000,100000,1904.28,0,0.00500595,0.000537754,0,565.156,-0.0299881,3.14519e-05,-0.000552748,0.0299932,100000,100000,1904.28,0,0.00500595,0.000537754,0,565.156,-0.0299881,3.14519e-05,-0.000552748,0.0299932,100000,100000,1904.28,0,0.00500595,0.000537754,0,565.156,-0.0299881,3.14519e-05,-0.000552748,0.0299932,100000,100000,1904.28,0,0.00500595,0.000537754,0,565.156,-0.0299881,3.14519e-05,-0.000552748,0.0299932,100000,100000,1904.28,0,0,0,0,0,0,0,0,0,0,0,0,0,1
stats,641,1,642,0.00500595,0.000537754,0,565.156,-0.0299881,3.14516e-05,-0.000552748,0.0299932,100000,100000,1904.28,0,0.00500595,0.000537754,0,565.156,-0.0299881,3.14516e-05,-0.000552748,0.0299932,100000,100000,1904.28,0,0.00500595,0.000537754,0,565.156,-0.0299881,3.14516e-05,-0.000552748,0.0299932,100000,100000,1904.28,0,0.00500595,0.000537754,0,565.156,-0.0299881,3.14516e-05,-0.000552748,0.0299932,100000,100000,1904.28,0,0.00500595,0.000537754,0,565.156,-0.0299881,3.14516e-05,-0.000552748,0.0299932,100000,100000,1904.28,0,0.00500595,0.000537754,0,565.156,-0.0299881,3.14516e-05,-0.000552748,0.0299932,100000,100000,1904.28,0,0,0,0,0,0,0,0,0,0,0,0,0,1
stats,642,1,643,0.00500595,0.000537754,0,565.156,-0.0299881,3.14514e-05,-0.000552748,0.0299932,100000,100000,1904.28,0,0.00500595,0.000537754,0,565.156,-0.0299881,3.14514e-05,-0.000552748,0.0299932,100000,100000,1904.28,0,0.00500595,0.000537754,0,565.156,-0.0299881,3.14514e-05,-0.000552748,0.0299932,100000,100000,1904.28,0,0.00500595,0.000537754,0,565.156,-0.0299881,3.14514e-05,-0.000552748,0.0299932,100000,100000,1904.28,0,0.00500595,0.000537754,0,565.156,-0.0299881,3.14514e-05,-0.000552748,0.0299932,100000,100000,1904.28,0,0.00500595,0.000537754,0,565.156,-0.0299881,3.14514e-05,-0.000552748,0.0299932,100000,100000,1904.28,0,0,0,0,0,0,0,0,0,0,0,0,0,1
stats,643,1,644,0.00500595,0.000537754,0,565.156,-0.0299881,3.14513e-05,-0.000552749,0.0299932,100000,100000,1904.28,0,0.00500595,0.000537754,0,565.156,-0.0299881,3.14513e-05,-0.000552749,0.0299932,100000,100000,1904.28,0,0.00500595,0.000537754,0,565.156,-0.0299881,3.14513e-05,-0.000552749,0.0299932,100000,100000,1904.28,0,0.00500595,0.000537754,0,565.156,-0.0299881,3.14513e-05,-0.000552749,0.0299932,100000,100000,1904.28,0,0.00500595,0.000537754,0,565.156,-0.0299881,3.14513e-05,-0.000552749,0.0299932,100000,100000,1904.28,0,0.00500595,0.000537754,0,565.156,-0.0299881,3.14513e-05,-0.000552749,0.0299932,100000,100000,1904.28,0,0,0,0,0,0,0,0,0,0,0,0,0,1
stats,644,1,645,0.00500595,0.000537754,0,565.156,-0.0299881,3.14513e-05,-0.00055275,0.0299932,100000,100000,1904.28,0,0.00500595,0.000537754,0,565.156,-0.0299881,3.14513e-05,-0.00055275,0.0299932,100000,100000,1904.28,0,0.00500595,0.000537754,0,565.156,-0.0299881,3.14513e-05,-0.00055275,0.0299932,100000,100000,1904.28,0,0.00500595,0.000537754,0,565.156,-0.0299881,3.14513e-05,-0.00055275,0.0299932,100000,100000,1904.28,0,0.00500595,0.000537754,0,565.156,-0.0299881,3.14513e-05,-0.00055275,0.0299932,100000,100000,1904.28,0,0.00500595,0.000537754,0,565.156,-0.0299881,3.14513e-05,-0.00055275,0.0299932,100000,100000,1904.28,0,0,0,0,0,0,0,0,0,0,0,0,0,1
stats,645,1,646,0.00500595,0.000537754,0,565.156,-0.0299881,3.14517e-05,-0.00055275,0.0299932,100000,100000,1904.28,0,0.00500595,0.000537754,0,565.156,-0.0299881,3.14517e-05,-0.00055275,0.0299932,100000,100000,1904.28,0,0.00500595,0.000537754,0,565.156,-0.0299881,3.14517e-05,-0.00055275,0.0299932,100000,100000,1904.28,0,0.00500595,0.000537754,0,565.156,-0.0299881,3.14517e-05,-0.00055275,0.0299932,100000,100000,1904.28,0,0.00500595,0.000537754,0,565.156,-0.0299881,3.14517e-05,-0.00055275,0.0299932,100000,100000,1904.28,0,0.00500595,0.000537754,0,565.156,-0.0299881,3.14517e-05,-0.00055275,0.0299932,100000,100000,1904.28,0,0,0,0,0,0,0,0,0,0,0,0,0,1
stats,646,1,647,0.00500595,0.000537754,0,565.156,-0.0299881,3.14522e-05,-0.000552751,0.0299932,100000,100000,1904.28,0,0.00500595,0.000537754,0,565.156,-0.0299881,3.14522e-05,-0.000552751,0.0299932,100000,100000,1904.28,0,0.00500595,0.000537754,0,565.156,-0.0299881,3.14522e-05,-0.000552751,0.0299932,100000,100000,1904.28,0,0.00500595,0.000537754,0,565.156,-0.0299881,3.14522e-05,-0.000552751,0.0299932,100000,100000,1904.28,0,0.00500595,0.000537754,0,565.156,-0.0299881,3.14522e-05,-0.000552751,0.0299932,100000,100000,1904.28,0,0.00500595,0.000537754,0,565.156,-0.0299881,3.14522e-05,-0.000552751,0.0299932,100000,100000,1904.28,0,0,0,0,0,0,0,0,0,0,0,0,0,1
stats,647,1,648,0.00500595,0.000537754,0,565.156,-0.0299881,3.14529e-05,-0.000552752,0.0299932,100000,100000,1904.28,0,0.00500595,0.000537754,0,565.156,-0.0299881,3.14529e-05,-0.000552752,0.0299932,100000,100000,1904.28,0,0.00500595,0.000537754,0,565.156,-0.0299881,3.14529e-05,-0.000552752,0.0299932,100000,100000,1904.28,0,0.00500595,0.000537754,0,565.156,-0.0299881,3.14529e-05,-0.000552752,0.0299932,100000,100000,1904.28,0,0.00500595,0.000537754,0,565.156,-0.0299881,3.14529e-05,-0.000552752,0.0299932,100000,100000,1904.28,0,0.00500595,0.000537754,0,565.156,-0.0299881,3.14529e-05,-0.000552752,0.0299932,100000,100000,1904.28,0,0,0,0,0,0,0,0,0,0,0,0,0,1
stats,648,1,649,0.00500595,0.000537754,0,565.156,-0.0299881,3.14537e-05,-0.000552753,0.0299932,100000,100000,1904.28,0,0.00500595,0.000537754,0,565.156,-0.0299881,3.14537e-05,-0.000552753,0.0299932,100000,100000,1904.28,0,0.00500595,0.000537754,0,565.156,-0.0299881,3.14537e-05,-0.000552753,0.0299932,100000,100000,1904.28,0,0.00500595,0.000537754,0,565.156,-0.0299881,3.14537e-05,-0.000552753,0.0299932,100000,100000,1904.28,0,0.00500595,0.000537754,0,565.156,-0.0299881,3.14537e-05,-0.000552753,0.0299932,100000,100000,1904.28,0,0.00500595,0.000537754,0,565.156,-0.0299881,3.14537e-05,-0.000552753,0.0299932,100000,100000,1904.28,0,0,0,0,0,0,0,0,0,0,0,0,0,1
stats,649,1,650,0.00500595,0.000537754,0,565.156,-0.0299881,3.14544e-05,-0.000552753,0.0299932,100000,100000,1904.28,0,0.00500595,0.000537754,0,565.156,-0.0299881,3.14544e-05,-0.000552753,0.0299932,100000,100000,1904.28,0,0.00500595,0.000537754,0,565.156,-0.0299881,3.14544e-05,-0.000552753,0.0299932,100000,100000,1904.28,0,0.00500595,0.000537754,0,565.156,-0.0299881,3.14544e-05,-0.000552753,0.0299932,100000,100000,1904.28,0,0.00500595,0.000537754,0,565.156,-0.0299881,3.14544e-05,-0.000552753,0.0299932,100000,100000,1904.28,0,0.00500595,0.000537754,0,565.156,-0.0299881,3.14544e-05,-0.000552753,0.0299932,100000,100000,1904.28,0,0,0,0,0,0,0,0,0,0,0,0,0,1
stats,650,1,651,0.00500595,0.000537754,0,565.156,-0.0299881,3.14548e-05,-0.000552753,0.0299932,100000,100000,1904.28,0,0.00500595,0.000537754,0,565.156,-0.0299881,3.14548e-05,-0.000552753,0.0299932,100000,100000,1904.28,0,0.00500595,0.000537754,0,565.156,-0.0299881,3.14548e-05,-0.000552753,0.0299932,100000,100000,1904.28,0,0.00500595,0.000537754,0,565.156,-0.0299881,3.14548e-05,-0.000552753,0.0299932,100000,100000,1904.28,0,0.00500595,0.000537754,0,565.156,-0.0299881,3.14548e-05,-0.000552753,0.0299932,100000,100000,1904.28,0,0.00500595,0.000537754,0,565.156,-0.0299881,3.14548e-05,-0.000552753,0.0299932,100000,100000,1904.28,0,0,0,0,0,0,0,0,0,0,0,0,0,1
stats,651,1,652,0.00500595,0.000537754,0,565.156,-0.0299881,3.14549e-05,-0.000552753,0.0299932,100000,100000,1904.28,0,0.00500595,0.000537754,0,565.156,-0.0299881,3.14549e-05,-0.000552753,0.0299932,100000,100000,1904.28,0,0.00500595,0.000537754,0,565.156,-0.0299881,3.14549e-05,-0.000552753,0.0299932,100000,100000,1904.28,0,0.00500595,0.000537754,0,565.156,-0.0299881,3.14549e-05,-0.000552753,0.0299932,100000,100000,1904.28,0,0.00500595,0.000537754,0,565.156,-0.0299881,3.14549e-05,-0.000552753,0.0299932,100000,100000,1904.28,0,0.00500595,0.000537754,0,565.156,-0.0299881,3.14549e-05,-0.000552753,0.0299932,100000,100000,1904.28,0,0,0,0,0,0,0,0,0,0,0,0,0,1
stats,652,1,653,0.00500595,0.000537754,0,565.156,-0.0299881,3.14547e-05,-0.000552753,0.0299932,100000,100000,1904.28,0,0.00500595,0.000537754,0,565.156,-0.0299881,3.14547e-05,-0.000552753,0.0299932,100000,100000,1904.28,0,0.00500595,0.000537754,0,565.156,-0.0299881,3.14547e-05,-0.000552753,0.0299932,100000,100000,1904.28,0,0.00500595,0.000537754,0,565.156,-0.0299881,3.14547e-05,-0.000552753,0.0299932,100000,100000,1904.28,0,0.00500595,0.000537754,0,565.156,-0.0299881,3.14547e-05,-0.000552753,0.0299932,100000,100000,1904.28,0,0.00500595,0.000537754,0,565.156,-0.0299881,3.14547e-05,-0.000552753,0.0299932,100000,100000,1904.28,0,0,0,0,0,0,0,0,0,0,0,0,0,1
stats,653,1,654,0.00500595,0.000537754,0,565.156,-0.0299881,3.14543e-05,-0.000552752,0.0299932,100000,100000,1904.28,0,0.00500595,0.000537754,0,565.156,-0.0299881,3.14543e-05,-0.000552752,0.0299932,100000,100000,1904.28,0,0.00500595,0.000537754,0,565.156,-0.0299881,3.14543e-05,-0.000552752,0.0299932,100000,100000,1904.28,0,0.00500595,0.000537754,0,565.156,-0.0299881,3.14543e-05,-0.000552752,0.0299932,100000,100000,1904.28,0,0.00500595,0.000537754,0,565.156,-0.0299881,3.14543e-05,-0.000552752,0.0299932,100000,100000,1904.28,0,0.00500595,0.000537754,0,565.156,-0.0299881,3.14543e-05,-0.000552752,0.0299932,100000,100000,1904.28,0,0,0,0,0,0,0,0,0,0,0,0,0,1
stats,654,1,655,0.00500595,0.000537754,0,565.156,-0.0299881,3.14539e-05,-0.000552751,0.0299932,100000,100000,1904.28,0,0.00500595,0.000537754,0,565.156,-0.0299881,3.14539e-05,-0.000552751,0.0299932,100000,100000,1904.28,0,0.00500595,0.000537754,0,565.156,-0.0299881,3.14539e-05,-0.000552751,0.0299932,100000,100000,1904.28,0,0.00500595,0.000537754,0,565.156,-0.0299881,3.14539e-05,-0.000552751,0.0299932,100000,100000,1904.28,0,0.00500595,0.000537754,0,565.156,-0.0299881,3.14539e-05,-0.000552751,0.0299932,100000,100000,1904.28,0,0.00500595,0.000537754,0,565.156,-0.0299881,3.14539e-05,-0.000552751,0.0299932,100000,100000,1904.28,0,0,0,0,0,0,0,0,0,0,0,0,0,1
stats,655,1,656,0.00500595,0.000537754,0,565.156,-0.0299881,3.14538e-05,-0.00055275,0.0299932,100000,100000,1904.28,0,0.00500595,0.000537754,0,565.156,-0.0299881,3.14538e-05,-0.00055275,0.0299932,100000,100000,1904.28,0,0.00500595,0.000537754,0,565.156,-0.0299881,3.14538e-05,-0.00055275,0.0299932,100000,100000,1904.28,0,0.00500595,0.000537754,0,565.156,-0.0299881,3.14538e-05,-0.00055275,0.0299932,100000,100000,1904.28,0,0.00500595,0.000537754,0,565.156,-0.0299881,3.14538e-05,-0.00055275,0.0299932,100000,100000,1904.28,0,0.00500595,0.000537754,0,565.156,-0.0299881,3.14538e-05,-0.00055275,0.0299932,100000,100000,1904.28,0,0,0,0,0,0,0,0,0,0,0,0,0,1
stats,656,1,657,0.00500595,0.000537754,0,565.156,-0.0299881,3.14538e-05,-0.00055275,0.0299932,100000,100000,1904.28,0,0.00500595,0.000537754,0,565.156,-0.0299881,3.14538e-05,-0.00055275,0.0299932,100000,100000,1904.28,0,0.00500595,0.000537754,0,565.156,-0.0299881,3.14538e-05,-0.00055275,0.0299932,100000,100000,1904.28,0,0.00500595,0.000537754,0,565.156,-0.0299881,3.14538e-05,-0.00055275,0.0299932,100000,100000,1904.28,0,0.00500595,0.000537754,0,565.156,-0.0299881,3.14538e-05,-0.00055275,0.0299932,100000,100000,1904.28,0,0.00500595,0.000537754,0,565.156,-0.0299881,3.14538e-05,-0.00055275,0.0299932,100000,100000,1904.28,0,0,0,0,0,0,0,0,0,0,0,0,0,1
stats,657,1,658,0.00500595,0.000537754,0,565.156,-0.0299881,3.1454e-05,-0.000552749,0.0299932,100000,100000,1904.28,0,0.00500595,0.000537754,0,565.156,-0.0299881,3.1454e-05,-0.000552749,0.0299932,100000,100000,1904.28,0,0.00500595,0.000537754,0,565.156,-0.0299881,3.1454e-05,-0.000552749,0.0299932,100000,100000,1904.28,0,0.00500595,0.000537754,0,565.156,-0.0299881,3.1454e-05,-0.000552749,0.0299932,100000,100000,1904.28,0,0.00500595,0.000537754,0,565.156,-0.0299881,3.1454e-05,-0.000552749,0.0299932,100000,100000,1904.28,0,0.00500595,0.000537754,0,565.156,-0.0299881,3.1454e-05,-0.000552749,0.0299932,100000,100000,1904.28,0,0,0,0,0,0,0,0,0,0,0,0,0,1
stats,658,1,659,0.00500595,0.000537754,0,565.156,-0.0299881,3.14542e-05,-0.000552749,0.0299932,100000,100000,1904.28,0,0.00500595,0.000537754,0,565.156,-0.0299881,3.14542e-05,-0.000552749,0.0299932,100000,100000,1904.28,0,0.00500595,0.000537754,0,565.156,-0.0299881,3.14542e-05,-0.000552749,0.0299932,100000,100000,1904.28,0,0.00500595,0.000537754,0,565.156,-0.0299881,3.14542e-05,-0.000552749,0.0299932,100000,100000,1904.28,0,0.00500595,0.000537754,0,565.156,-0.0299881,3.14542e-05,-0.000552749,0.0299932,100000,100000,1904.28,0,0.00500595,0.000537754,0,565.156,-0.0299881,3.14542e-05,-0.000552749,0.0299932,100000,100000,1904.28,0,0,0,0,0,0,0,0,0,0,0,0,0,1
stats,659,1,660,0.00500595,0.000537754,0,565.156,-0.0299881,3.14542e-05,-0.000552749,0.0299932,100000,100000,1904.28,0,0.00500595,0.000537754,0,565.156,-0.0299881,3.14542e-05,-0.000552749,0.0299932,100000,100000,1904.28,0,0.00500595,0.000537754,0,565.156,-0.0299881,3.14542e-05,-0.000552749,0.0299932,100000,100000,1904.28,0,0.00500595,0.000537754,0,565.156,-0.0299881,3.14542e-05,-0.000552749,0.0299932,100000,100000,1904.28,0,0.00500595,0.000537754,0,565.156,-0.0299881,3.14542e-05,-0.000552749,0.0299932,100000,100000,1904.28,0,0.00500595,0.000537754,0,565.156,-0.0299881,3.14542e-05,-0.000552749,0.0299932,100000,100000,1904.28,0,0,0,0,0,0,0,0,0,0,0,0,0,1
stats,660,1,661,0.00500595,0.000537754,0,565.157,-0.0299881,3.1454e-05,-0.000552749,0.0299932,100000,100000,1904.28,0,0.00500595,0.000537754,0,565.157,-0.0299881,3.1454e-05,-0.000552749,0.0299932,100000,100000,1904.28,0,0.00500595,0.000537754,0,565.157,-0.0299881,3.1454e-05,-0.000552749,0.0299932,100000,100000,1904.28,0,0.00500595,0.000537754,0,565.157,-0.0299881,3.1454e-05,-0.000552749,0.0299932,100000,100000,1904.28,0,0.00500595,0.000537754,0,565.157,-0.0299881,3.1454e-05,-0.000552749,0.0299932,100000,100000,1904.28,0,0.00500595,0.000537754,0,565.157,-0.0299881,3.1454e-05,-0.000552749,0.0299932,100000,100000,1904.28,0,0,0,0,0,0,0,0,0,0,0,0,0,1
stats,661,1,662,0.00500595,0.000537754,0,565.157,-0.0299881,3.14537e-05,-0.000552749,0.0299932,100000,100000,1904.28,0,0.00500595,0.000537754,0,565.157,-0.0299881,3.14537e-05,-0.000552749,0.0299932,100000,100000,1904.28,0,0.00500595,0.000537754,0,565.157,-0.0299881,3.14537e-05,-0.000552749,0.0299932,100000,100000,1904.28,0,0.00500595,0.000537754,0,565.157,-0.0299881,3.14537e-05,-0.000552749,0.0299932,100000,100000,1904.28,0,0.00500595,0.000537754,0,565.157,-0.0299881,3.14537e-05,-0.000552749,0.0299932,100000,100000,1904.28,0,0.00500595,0.000537754,0,565.157,-0.0299881,3.14537e-05,-0.000552749,0.0299932,100000,100000,1904.28,0,0,0,0,0,0,0,0,0,0,0,0,0,1
stats,662,1,663,0.00500595,0.000537754,0,565.157,-0.0299881,3.14533e-05,-0.000552749,0.0299932,100000,100000,1904.28,0,0.00500595,0.000537754,0,565.157,-0.0299881,3.14533e-05,-0.000552749,0.0299932,100000,100000,1904.28,0,0.00500595,0.000537754,0,565.157,-0.0299881,3.14533e-05,-0.000552749,0.0299932,100000,100000,1904.28,0,0.00500595,0.000537754,0,565.157,-0.0299881,3.14533e-05,-0.000552749,0.0299932,100000,100000,1904.28,0,0.00500595,0.000537754,0,565.157,-0.0299881,3.14533e-05,-0.000552749,0.0299932,100000,100000,1904.28,0,0.00500595,0.000537754,0,565.157,-0.0299881,3.14533e-05,-0.000552749,0.0299932,100000,100000,1904.28,0,0,0,0,0,0,0,0,0,0,0,0,0,1
stats,663,1,664,0.00500595,0.000537754,0,565.157,-0.0299881,3.1453e-05,-0.00055275,0.0299932,100000,100000,1904.28,0,0.00500595,0.000537754,0,565.157,-0.0299881,3.1453e-05,-0.00055275,0.0299932,100000,100000,1904.28,0,0.00500595,0.000537754,0,565.157,-0.0299881,3.1453e-05,-0.00055275,0.0299932,100000,100000,1904.28,0,0.00500595,0.000537754,0,565.157,-0.0299881,3.1453e-05,-0.00055275,0.0299932,100000,100000,1904.28,0,0.00500595,0.000537754,0,565.157,-0.0299881,3.1453e-05,-0.00055275,0.0299932,100000,100000,1904.28,0,0.00500595,0.000537754,0,565.157,-0.0299881,3.1453e-05,-0.00055275,0.0299932,100000,100000,1904.28,0,0,0,0,0,0,0,0,0,0,0,0,0,1
stats,664,1,665,0.00500595,0.000537754,0,565.157,-0.0299881,3.14529e-05,-0.00055275,0.0299932,100000,100000,1904.28,0,0.00500595,0.000537754,0,565.157,-0.0299881,3.14529e-05,-0.00055275,0.0299932,100000,100000,1904.28,0,0.00500595,0.000537754,0,565.157,-0.0299881,3.14529e-05,-0.00055275,0.0299932,100000,100000,1904.28,0,0.00500595,0.000537754,0,565.157,-0.0299881,3.14529e-05,-0.00055275,0.0299932,100000,100000,1904.28,0,0.00500595,0.000537754,0,565.157,-0.0299881,3.14529e-05,-0.00055275,0.0299932,100000,100000,1904.28,0,0.00500595,0.000537754,0,565.157,-0.0299881,3.14529e-05,-0.00055275,0.0299932,100000,100000,1904.28,0,0,0,0,0,0,0,0,0,0,0,0,0,1
stats,665,1,666,0.00500595,0.000537754,0,565.156,-0.0299881,3.14528e-05,-0.000552751,0.0299932,100000,100000,1904.28,0,0.00500595,0.000537754,0,565.156,-0.0299881,3.14528e-05,-0.000552751,0.0299932,100000,100000,1904.28,0,0.00500595,0.000537754,0,565.156,-0.0299881,3.14528e-05,-0.000552751,0.0299932,100000,100000,1904.28,0,0.00500595,0.000537754,0,565.156,-0.0299881,3.14528e-05,-0.000552751,0.0299932,100000,100000,1904.28,0,0.00500595,0.000537754,0,565.156,-0.0299881,3.14528e-05,-0.000552751,0.0299932,100000,100000,1904.28,0,0.00500595,0.000537754,0,565.156,-0.0299881,3.14528e-05,-0.000552751,0.0299932,100000,100000,1904.28,0,0,0,0,0,0,0,0,0,0,0,0,0,1
stats,666,1,667,0.00500595,0.000537754,0,565.156,-0.0299881,3.14529e-05,-0.000552752,0.0299932,100000,100000,1904.28,0,0.00500595,0.000537754,0,565.156,-0.0299881,3.14529e-05,-0.000552752,0.0299932,100000,100000,1904.28,0,0.00500595,0.000537754,0,565.156,-0.0299881,3.14529e-05,-0.000552752,0.0299932,100000,100000,1904.28,0,0.00500595,0.000537754,0,565.156,-0.0299881,3.14529e-05,-0.000552752,0.0299932,100000,100000,1904.28,0,0.00500595,0.000537754,0,565.156,-0.0299881,3.14529e-05,-0.000552752,0.0299932,100000,100000,1904.28,0,0.00500595,0.000537754,0,565.156,-0.0299881,3.14529e-05,-0.000552752,0.0299932,100000,100000,1904.28,0,0,0,0,0,0,0,0,0,0,0,0,0,1
stats,667,1,668,0.00500595,0.000537754,0,565.156,-0.0299881,3.1453e-05,-0.000552753,0.0299932,100000,100000,1904.28,0,0.00500595,0.000537754,0,565.156,-0.0299881,3.1453e-05,-0.000552753,0.0299932,100000,100000,1904.28,0,0.00500595,0.000537754,0,565.156,-0.0299881,3.1453e-05,-0.000552753,0.0299932,100000,100000,1904.28,0,0.00500595,0.000537754,0,565.156,-0.0299881,3.1453e-05,-0.000552753,0.0299932,100000,100000,1904.28,0,0.00500595,0.000537754,0,565.156,-0.0299881,3.1453e-05,-0.000552753,0.0299932,100000,100000,1904.28,0,0.00500595,0.000537754,0,565.156,-0.0299881,3.1453e-05,-0.000552753,0.0299932,100000,100000,1904.28,0,0,0,0,0,0,0,0,0,0,0,0,0,1
stats,668,1,669,0.00500595,0.000537754,0,565.156,-0.0299881,3.1453e-05,-0.000552753,0.0299932,100000,100000,1904.28,0,0.00500595,0.000537754,0,565.156,-0.0299881,3.1453e-05,-0.000552753,0.0299932,100000,100000,1904.28,0,0.00500595,0.000537754,0,565.156,-0.0299881,3.1453e-05,-0.000552753,0.0299932,100000,100000,1904.28,0,0.00500595,0.000537754,0,565.156,-0.0299881,3.1453e-05,-0.000552753,0.0299932,100000,100000,1904.28,0,0.00500595,0.000537754,0,565.156,-0.0299881,3.1453e-05,-0.000552753,0.0299932,100000,100000,1904.28,0,0.00500595,0.000537754,0,565.156,-0.0299881,3.1453e-05,-0.000552753,0.0299932,100000,100000,1904.28,0,0,0,0,0,0,0,0,0,0,0,0,0,1
stats,669,1,670,0.00500595,0.000537754,0,565.156,-0.0299881,3.14529e-05,-0.000552753,0.0299932,100000,100000,1904.28,0,0.00500595,0.000537754,0,565.156,-0.0299881,3.14529e-05,-0.000552753,0.0299932,100000,100000,1904.28,0,0.00500595,0.000537754,0,565.156,-0.0299881,3.14529e-05,-0.000552753,0.0299932,100000,100000,1904.28,0,0.00500595,0.000537754,0,565.156,-0.0299881,3.14529e-05,-0.000552753,0.0299932,100000,100000,1904.28,0,0.00500595,0.000537754,0,565.156,-0.0299881,3.14529e-05,-0.000552753,0.0299932,100000,100000,1904.28,0,0.00500595,0.000537754,0,565.156,-0.0299881,3.14529e-05,-0.000552753,0.0299932,100000,100000,1904.28,0,0,0,0,0,0,0,0,0,0,0,0,0,1
stats,670,1,671,0.00500595,0.000537754,0,565.156,-0.0299881,3.14527e-05,-0.000552753,0.0299932,100000,100000,1904.28,0,0.00500595,0.000537754,0,565.156,-0.0299881,3.14527e-05,-0.000552753,0.0299932,100000,100000,1904.28,0,0.00500595,0.000537754,0,565.156,-0.0299881,3.14527e-05,-0.000552753,0.0299932,100000,100000,1904.28,0,0.00500595,0.000537754,0,565.156,-0.0299881,3.14527e-05,-0.000552753,0.0299932,100000,100000,1904.28,0,0.00500595,0.000537754,0,565.156,-0.0299881,3.14527e-05,-0.000552753,0.0299932,100000,100000,1904.28,0,0.00500595,0.000537754,0,565.156,-0.0299881,3.14527e-05,-0.000552753,0.0299932,100000,100000,1904.28,0,0,0,0,0,0,0,0,0,0,0,0,0,1
stats,671,1,672,0.00500595,0.000537754,0,565.156,-0.0299881,3.14526e-05,-0.000552752,0.0299932,100000,100000,1904.28,0,0.00500595,0.000537754,0,565.156,-0.0299881,3.14526e-05,-0.000552752,0.0299932,100000,100000,1904.28,0,0.00500595,0.000537754,0,565.156,-0.0299881,3.14526e-05,-0.000552752,0.0299932,100000,100000,1904.28,0,0.00500595,0.000537754,0,565.156,-0.0299881,3.14526e-05,-0.000552752,0.0299932,100000,100000,1904.28,0,0.00500595,0.000537754,0,565.156,-0.0299881,3.14526e-05,-0.000552752,0.0299932,100000,100000,1904.28,0,0.00500595,0.000537754,0,565.156,-0.0299881,3.14526e-05,-0.000552752,0.0299932,100000,100000,1904.28,0,0,0,0,0,0,0,0,0,0,0,0,0,1
stats,672,1,673,0.00500595,0.000537754,0,565.157,-0.0299881,3.14527e-05,-0.000552751,0.0299932,100000,100000,1904.28,0,0.00500595,0.000537754,0,565.157,-0.0299881,3.14527e-05,-0.000552751,0.0299932,100000,100000,1904.28,0,0.00500595,0.000537754,0,565.157,-0.0299881,3.14527e-05,-0.000552751,0.0299932,100000,100000,1904.28,0,0.00500595,0.000537754,0,565.157,-0.0299881,3.14527e-05,-0.000552751,0.0299932,100000,100000,1904.28,0,0.00500595,0.000537754,0,565.157,-0.0299881,3.14527e-05,-0.000552751,0.0299932,100000,100000,1904.28,0,0.00500595,0.000537754,0,565.157,-0.0299881,3.14527e-05,-0.000552751,0.0299932,100000,100000,1904.28,0,0,0,0,0,0,0,0,0,0,0,0,0,1
stats,673,1,674,0.00500595,0.000537754,0,565.157,-0.0299881,3.1453e-05,-0.00055275,0.0299932,100000,100000,1904.28,0,0.00500595,0.000537754,0,565.157,-0.0299881,3.1453e-05,-0.00055275,0.0299932,100000,100000,1904.28,0,0.00500595,0.000537754,0,565.157,-0.0299881,3.1453e-05,-0.00055275,0.0299932,100000,100000,1904.28,0,0.00500595,0.000537754,0,565.157,-0.0299881,3.1453e-05,-0.00055275,0.0299932,100000,100000,1904.28,0,0.00500595,0.000537754,0,565.157,-0.0299881,3.1453e-05,-0.00055275,0.0299932,100000,100000,1904.28,0,0.00500595,0.000537754,0,565.157,-0.0299881,3.1453e-05,-0.00055275,0.0299932,100000,100000,1904.28,0,0,0,0,0,0,0,0,0,0,0,0,0,1
stats,674,1,675,0.00500595,0.000537754,0,565.157,-0.0299881,3.14535e-05,-0.00055275,0.0299932,100000,100000,1904.28,0,0.00500595,0.000537754,0,565.157,-0.0299881,3.14535e-05,-0.00055275,0.0299932,100000,100000,1904.28,0,0.00500595,0.000537754,0,565.157,-0.0299881,3.14535e-05,-0.00055275,0.0299932,100000,100000,1904.28,0,0.00500595,0.000537754,0,565.157,-0.0299881,3.14535e-05,-0.00055275,0.0299932,100000,100000,1904.28,0,0.00500595,0.000537754,0,565.157,-0.0299881,3.14535e-05,-0.00055275,0.0299932,100000,100000,1904.28,0,0.00500595,0.000537754,0,565.157,-0.0299881,3.14535e-05,-0.00055275,0.0299932,100000,100000,1904.28,0,0,0,0,0,0,0,0,0,0,0,0,0,1
stats,675,1,676,0.00500595,0.000537754,0,565.157,-0.0299881,3.14542e-05,-0.00055275,0.0299932,100000,100000,1904.28,0,0.00500595,0.000537754,0,565.157,-0.0299881,3.14542e-05,-0.00055275,0.0299932,100000,100000,1904.28,0,0.00500595,0.000537754,0,565.157,-0.0299881,3.14542e-05,-0.00055275,0.0299932,100000,100000,1904.28,0,0.00500595,0.000537754,0,565.157,-0.0299881,3.14542e-05,-0.00055275,0.0299932,100000,100000,1904.28,0,0.00500595,0.000537754,0,565.157,-0.0299881,3.14542e-05,-0.00055275,0.0299932,100000,100000,1904.28,0,0.00500595,0.000537754,0,565.157,-0.0299881,3.14542e-05,-0.00055275,0.0299932,100000,100000,1904.28,0,0,0,0,0,0,0,0,0,0,0,0,0,1
stats,676,1,677,0.00500595,0.000537754,0,565.157,-0.0299881,3.14548e-05,-0.00055275,0.0299932,100000,100000,1904.28,0,0.00500595,0.000537754,0,565.157,-0.0299881,3.14548e-05,-0.00055275,0.0299932,100000,100000,1904.28,0,0.00500595,0.000537754,0,565.157,-0.0299881,3.14548e-05,-0.00055275,0.0299932,100000,100000,1904.28,0,0.00500595,0.000537754,0,565.157,-0.0299881,3.14548e-05,-0.00055275,0.0299932,100000,100000,1904.28,0,0.00500595,0.000537754,0,565.157,-0.0299881,3.14548e-05,-0.00055275,0.0299932,100000,100000,1904.28,0,0.00500595,0.000537754,0,565.157,-0.0299881,3.14548e-05,-0.00055275,0.0299932,100000,100000,1904.28,0,0,0,0,0,0,0,0,0,0,0,0,0,1
stats,677,1,678,0.00500595,0.000537754,0,565.157,-0.0299881,3.14553e-05,-0.00055275,0.0299932,100000,100000,1904.28,0,0.00500595,0.000537754,0,565.157,-0.0299881,3.14553e-05,-0.00055275,0.0299932,100000,100000,1904.28,0,0.00500595,0.000537754,0,565.157,-0.0299881,3.14553e-05,-0.00055275,0.0299932,100000,100000,1904.28,0,0.00500595,0.000537754,0,565.157,-0.0299881,3.14553e-05,-0.00055275,0.0299932,100000,100000,1904.28,0,0.00500595,0.000537754,0,565.157,-0.0299881,3.14553e-05,-0.00055275,0.0299932,100000,100000,1904.28,0,0.00500595,0.000537754,0,565.157,-0.0299881,3.14553e-05,-0.00055275,0.0299932,100000,100000,1904.28,0,0,0,0,0,0,0,0,0,0,0,0,0,1
stats,678,1,679,0.00500595,0.000537754,0,565.157,-0.0299881,3.14555e-05,-0.00055275,0.0299932,100000,100000,1904.28,0,0.00500595,0.000537754,0,565.157,-0.0299881,3.14555e-05,-0.00055275,0.0299932,100000,100000,1904.28,0,0.00500595,0.000537754,0,565.157,-0.0299881,3.14555e-05,-0.00055275,0.0299932,100000,100000,1904.28,0,0.00500595,0.000537754,0,565.157,-0.0299881,3.14555e-05,-0.00055275,0.0299932,100000,100000,1904.28,0,0.00500595,0.000537754,0,565.157,-0.0299881,3.14555e-05,-0.00055275,0.0299932,100000,100000,1904.28,0,0.00500595,0.000537754,0,565.157,-0.0299881,3.14555e-05,-0.00055275,0.0299932,100000,100000,1904.28,0,0,0,0,0,0,0,0,0,0,0,0,0,1
stats,679,1,680,0.00500595,0.000537754,0,565.157,-0.0299881,3.14555e-05,-0.00055275,0.0299932,100000,100000,1904.28,0,0.00500595,0.000537754,0,565.157,-0.0299881,3.14555e-05,-0.00055275,0.0299932,100000,100000,1904.28,0,0.00500595,0.000537754,0,565.157,-0.0299881,3.14555e-05,-0.00055275,0.0299932,100000,100000,1904.28,0,0.00500595,0.000537754,0,565.157,-0.0299881,3.14555e-05,-0.00055275,0.0299932,100000,100000,1904.28,0,0.00500595,0.000537754,0,565.157,-0.0299881,3.14555e-05,-0.00055275,0.0299932,100000,100000,1904.28,0,0.00500595,0.000537754,0,565.157,-0.0299881,3.14555e-05,-0.00055275,0.0299932,100000,100000,1904.28,0,0,0,0,0,0,0,0,0,0,0,0,0,1
stats,680,1,681,0.00500595,0.000537754,0,565.157,-0.0299881,3.14552e-05,-0.00055275,0.0299932,100000,100000,1904.28,0,0.00500595,0.000537754,0,565.157,-0.0299881,3.14552e-05,-0.00055275,0.0299932,100000,100000,1904.28,0,0.00500595,0.000537754,0,565.157,-0.0299881,3.14552e-05,-0.00055275,0.0299932,100000,100000,1904.28,0,0.00500595,0.000537754,0,565.157,-0.0299881,3.14552e-05,-0.00055275,0.0299932,100000,100000,1904.28,0,0.00500595,0.000537754,0,565.157,-0.0299881,3.14552e-05,-0.00055275,0.0299932,100000,100000,1904.28,0,0.00500595,0.000537754,0,565.157,-0.0299881,3.14552e-05,-0.00055275,0.0299932,100000,100000,1904.28,0,0,0,0,0,0,0,0,0,0,0,0,0,1
stats,681,1,682,0.00500595,0.000537754,0,565.157,-0.0299881,3.14548e-05,-0.00055275,0.0299932,100000,100000,1904.28,0,0.00500595,0.000537754,0,565.157,-0.0299881,3.14548e-05,-0.00055275,0.0299932,100000,100000,1904.28,0,0.00500595,0.000537754,0,565.157,-0.0299881,3.14548e-05,-0.00055275,0.0299932,100000,100000,1904.28,0,0.00500595,0.000537754,0,565.157,-0.0299881,3.14548e-05,-0.00055275,0.0299932,100000,100000,1904.28,0,0.00500595,0.000537754,0,565.157,-0.0299881,3.14548e-05,-0.00055275,0.0299932,100000,100000,1904.28,0,0.00500595,0.000537754,0,565.157,-0.0299881,3.14548e-05,-0.00055275,0.0299932,100000,100000,1904.28,0,0,0,0,0,0,0,0,0,0,0,0,0,1
stats,682,1,683,0.00500595,0.000537754,0,565.157,-0.0299881,3.14543e-05,-0.00055275,0.0299932,100000,100000,1904.28,0,0.00500595,0.000537754,0,565.157,-0.0299881,3.14543e-05,-0.00055275,0.0299932,100000,100000,1904.28,0,0.00500595,0.000537754,0,565.157,-0.0299881,3.14543e-05,-0.00055275,0.0299932,100000,100000,1904.28,0,0.00500595,0.000537754,0,565.157,-0.0299881,3.14543e-05,-0.00055275,0.0299932,100000,100000,1904.28,0,0.00500595,0.000537754,0,565.157,-0.0299881,3.14543e-05,-0.00055275,0.0299932,100000,100000,1904.28,0,0.00500595,0.000537754,0,565.157,-0.0299881,3.14543e-05,-0.00055275,0.0299932,100000,100000,1904.28,0,0,0,0,0,0,0,0,0,0,0,0,0,1
stats,683,1,684,0.00500595,0.000537754,0,565.157,-0.0299881,3.14538e-05,-0.000552751,0.0299932,100000,100000,1904.28,0,0.00500595,0.000537754,0,565.157,-0.0299881,3.14538e-05,-0.000552751,0.0299932,100000,100000,1904.28,0,0.00500595,0.000537754,0,565.157,-0.0299881,3.14538e-05,-0.000552751,0.0299932,100000,100000,1904.28,0,0.00500595,0.000537754,0,565.157,-0.0299881,3.14538e-05,-0.000552751,0.0299932,100000,100000,1904.28,0,0.00500595,0.000537754,0,565.157,-0.0299881,3.14538e-05,-0.000552751,0.0299932,100000,100000,1904.28,0,0.00500595,0.000537754,0,565.157,-0.0299881,3.14538e-05,-0.000552751,0.0299932,100000,100000,1904.28,0,0,0,0,0,0,0,0,0,0,0,0,0,1
stats,684,1,685,0.00500595,0.000537754,0,565.157,-0.0299881,3.14531e-05,-0.000552751,0.0299932,100000,100000,1904.28,0,0.00500595,0.000537754,0,565.157,-0.0299881,3.14531e-05,-0.000552751,0.0299932,100000,100000,1904.28,0,0.00500595,0.000537754,0,565.157,-0.0299881,3.14531e-05,-0.000552751,0.0299932,100000,100000,1904.28,0,0.00500595,0.000537754,0,565.157,-0.0299881,3.14531e-05,-0.000552751,0.0299932,100000,100000,1904.28,0,0.00500595,0.000537754,0,565.157,-0.0299881,3.14531e-05,-0.000552751,0.0299932,100000,100000,1904.28,0,0.00500595,0.000537754,0,565.157,-0.0299881,3.14531e-05,-0.000552751,0.0299932,100000,100000,1904.28,0,0,0,0,0,0,0,0,0,0,0,0,0,1
stats,685,1,686,0.00500595,0.000537754,0,565.157,-0.0299881,3.14525e-05,-0.000552752,0.0299932,100000,100000,1904.28,0,0.00500595,0.000537754,0,565.157,-0.0299881,3.14525e-05,-0.000552752,0.0299932,100000,100000,1904.28,0,0.00500595,0.000537754,0,565.157,-0.0299881,3.14525e-05,-0.000552752,0.0299932,100000,100000,1904.28,0,0.00500595,0.000537754,0,565.157,-0.0299881,3.14525e-05,-0.000552752,0.0299932,100000,100000,1904.28,0,0.00500595,0.000537754,0,565.157,-0.0299881,3.14525e-05,-0.000552752,0.0299932,100000,100000,1904.28,0,0.00500595,0.000537754,0,565.157,-0.0299881,3.14525e-05,-0.000552752,0.0299932,100000,100000,1904.28,0,0,0,0,0,0,0,0,0,0,0,0,0,1
stats,686,1,687,0.00500595,0.000537754,0,565.157,-0.0299881,3.14518e-05,-0.000552753,0.0299932,100000,100000,1904.28,0,0.00500595,0.000537754,0,565.157,-0.0299881,3.14518e-05,-0.000552753,0.0299932,100000,100000,1904.28,0,0.00500595,0.000537754,0,565.157,-0.0299881,3.14518e-05,-0.000552753,0.0299932,100000,100000,1904.28,0,0.00500595,0.000537754,0,565.157,-0.0299881,3.14518e-05,-0.000552753,0.0299932,100000,100000,1904.28,0,0.00500595,0.000537754,0,565.157,-0.0299881,3.14518e-05,-0.000552753,0.0299932,100000,100000,1904.28,0,0.00500595,0.000537754,0,565.157,-0.0299881,3.14518e-05,-0.000552753,0.0299932,100000,100000,1904.28,0,0,0,0,0,0,0,0,0,0,0,0,0,1
stats,687,1,688,0.00500595,0.000537754,0,565.157,-0.0299881,3.14511e-05,-0.000552753,0.0299932,100000,100000,1904.28,0,0.00500595,0.000537754,0,565.157,-0.0299881,3.14511e-05,-0.000552753,0.0299932,100000,100000,1904.28,0,0.00500595,0.000537754,0,565.157,-0.0299881,3.14511e-05,-0.000552753,0.0299932,100000,100000,1904.28,0,0.00500595,0.000537754,0,565.157,-0.0299881,3.14511e-05,-0.000552753,0.0299932,100000,100000,1904.28,0,0.00500595,0.000537754,0,565.157,-0.0299881,3.14511e-05,-0.000552753,0.0299932,100000,100000,1904.28,0,0.00500595,0.000537754,0,565.157,-0.0299881,3.14511e-05,-0.000552753,0.0299932,100000,100000,1904.28,0,0,0,0,0,0,0,0,0,0,0,0,0,1
stats,688,1,689,0.00500595,0.000537754,0,565.157,-0.0299881,3.14507e-05,-0.000552753,0.0299932,100000,100000,1904.28,0,0.00500595,0.000537754,0,565.157,-0.0299881,3.14507e-05,-0.000552753,0.0299932,100000,100000,1904.28,0,0.00500595,0.000537754,0,565.157,-0.0299881,3.14507e-05,-0.000552753,0.0299932,100000,100000,1904.28,0,0.00500595,0.000537754,0,565.157,-0.0299881,3.14507e-05,-0.000552753,0.0299932,100000,100000,1904.28,0,0.00500595,0.000537754,0,565.157,-0.0299881,3.14507e-05,-0.000552753,0.0299932,100000,100000,1904.28,0,0.00500595,0.000537754,0,565.157,-0.0299881,3.14507e-05,-0.000552753,0.0299932,100000,100000,1904.28,0,0,0,0,0,0,0,0,0,0,0,0,0,1
stats,689,1,690,0.00500595,0.000537754,0,565.157,-0.0299881,3.14506e-05,-0.000552752,0.0299932,100000,100000,1904.28,0,0.00500595,0.000537754,0,565.157,-0.0299881,3.14506e-05,-0.000552752,0.0299932,100000,100000,1904.28,0,0.00500595,0.000537754,0,565.157,-0.0299881,3.14506e-05,-0.000552752,0.0299932,100000,100000,1904.28,0,0.00500595,0.000537754,0,565.157,-0.0299881,3.14506e-05,-0.000552752,0.0299932,100000,100000,1904.28,0,0.00500595,0.000537754,0,565.157,-0.0299881,3.14506e-05,-0.000552752,0.0299932,100000,100000,1904.28,0,0.00500595,0.000537754,0,565.157,-0.0299881,3.14506e-05,-0.000552752,0.0299932,100000,100000,1904.28,0,0,0,0,0,0,0,0,0,0,0,0,0,1
stats,690,1,691,0.00500595,0.000537754,0,565.157,-0.0299881,3.14509e-05,-0.000552752,0.0299932,100000,100000,1904.28,0,0.00500595,0.000537754,0,565.157,-0.0299881,3.14509e-05,-0.000552752,0.0299932,100000,100000,1904.28,0,0.00500595,0.000537754,0,565.157,-0.0299881,3.14509e-05,-0.000552752,0.0299932,100000,100000,1904.28,0,0.00500595,0.000537754,0,565.157,-0.0299881,3.14509e-05,-0.000552752,0.0299932,100000,100000,1904.28,0,0.00500595,0.000537754,0,565.157,-0.0299881,3.14509e-05,-0.000552752,0.0299932,100000,100000,1904.28,0,0.00500595,0.000537754,0,565.157,-0.0299881,3.14509e-05,-0.000552752,0.0299932,100000,100000,1904.28,0,0,0,0,0,0,0,0,0,0,0,0,0,1
stats,691,1,692,0.00500595,0.000537754,0,565.157,-0.0299881,3.14516e-05,-0.000552751,0.0299932,100000,100000,1904.28,0,0.00500595,0.000537754,0,565.157,-0.0299881,3.14516e-05,-0.000552751,0.0299932,100000,100000,1904.28,0,0.00500595,0.000537754,0,565.157,-0.0299881,3.14516e-05,-0.000552751,0.0299932,100000,100000,1904.28,0,0.00500595,0.000537754,0,565.157,-0.0299881,3.14516e-05,-0.000552751,0.0299932,100000,100000,1904.28,0,0.00500595,0.000537754,0,565.157,-0.0299881,3.14516e-05,-0.000552751,0.0299932,100000,100000,1904.28,0,0.00500595,0.000537754,0,565.157,-0.0299881,3.14516e-05,-0.000552751,0.0299932,100000,100000,1904.28,0,0,0,0,0,0,0,0,0,0,0,0,0,1
stats,692,1,693,0.00500595,0.000537754,0,565.157,-0.0299881,3.14525e-05,-0.000552751,0.0299932,100000,100000,1904.28,0,0.00500595,0.000537754,0,565.157,-0.0299881,3.14525e-05,-0.000552751,0.0299932,100000,100000,1904.28,0,0.00500595,0.000537754,0,565.157,-0.0299881,3.14525e-05,-0.000552751,0.0299932,100000,100000,1904.28,0,0.00500595,0.000537754,0,565.157,-0.0299881,3.14525e-05,-0.000552751,0.0299932,100000,100000,1904.28,0,0.00500595,0.000537754,0,565.157,-0.0299881,3.14525e-05,-0.000552751,0.0299932,100000,100000,1904.28,0,0.00500595,0.000537754,0,565.157,-0.0299881,3.14525e-05,-0.000552751,0.0299932,100000,100000,1904.28,0,0,0,0,0,0,0,0,0,0,0,0,0,1
stats,693,1,694,0.00500595,0.000537754,0,565.157,-0.0299881,3.14534e-05,-0.00055275,0.0299932,100000,100000,1904.28,0,0.00500595,0.000537754,0,565.157,-0.0299881,3.14534e-05,-0.00055275,0.0299932,100000,100000,1904.28,0,0.00500595,0.000537754,0,565.157,-0.0299881,3.14534e-05,-0.00055275,0.0299932,100000,100000,1904.28,0,0.00500595,0.000537754,0,565.157,-0.0299881,3.14534e-05,-0.00055275,0.0299932,100000,100000,1904.28,0,0.00500595,0.000537754,0,565.157,-0.0299881,3.14534e-05,-0.00055275,0.0299932,100000,100000,1904.28,0,0.00500595,0.000537754,0,565.157,-0.0299881,3.14534e-05,-0.00055275,0.0299932,100000,100000,1904.28,0,0,0,0,0,0,0,0,0,0,0,0,0,1
stats,694,1,695,0.00500595,0.000537754,0,565.157,-0.0299881,3.14543e-05,-0.00055275,0.0299932,100000,100000,1904.28,0,0.00500595,0.000537754,0,565.157,-0.0299881,3.14543e-05,-0.00055275,0.0299932,100000,100000,1904.28,0,0.00500595,0.000537754,0,565.157,-0.0299881,3.14543e-05,-0.00055275,0.0299932,100000,100000,1904.28,0,0.00500595,0.000537754,0,565.157,-0.0299881,3.14543e-05,-0.00055275,0.0299932,100000,100000,1904.28,0,0.00500595,0.000537754,0,565.157,-0.0299881,3.14543e-05,-0.00055275,0.0299932,100000,100000,1904.28,0,0.00500595,0.000537754,0,565.157,-0.0299881,3.14543e-05,-0.00055275,0.0299932,100000,100000,1904.28,0,0,0,0,0,0,0,0,0,0,0,0,0,1
stats,695,1,696,0.00500595,0.000537754,0,565.157,-0.0299881,3.1455e-05,-0.00055275,0.0299932,100000,100000,1904.28,0,0.00500595,0.000537754,0,565.157,-0.0299881,3.1455e-05,-0.00055275,0.0299932,100000,100000,1904.28,0,0.00500595,0.000537754,0,565.157,-0.0299881,3.1455e-05,-0.00055275,0.0299932,100000,100000,1904.28,0,0.00500595,0.000537754,0,565.157,-0.0299881,3.1455e-05,-0.00055275,0.0299932,100000,100000,1904.28,0,0.00500595,0.000537754,0,565.157,-0.0299881,3.1455e-05,-0.00055275,0.0299932,100000,100000,1904.28,0,0.00500595,0.000537754,0,565.157,-0.0299881,3.1455e-05,-0.00055275,0.0299932,100000,100000,1904.28,0,0,0,0,0,0,0,0,0,0,0,0,0,1
stats,696,1,697,0.00500595,0.000537754,0,565.157,-0.0299881,3.14555e-05,-0.000552751,0.0299932,100000,100000,1904.28,0,0.00500595,0.000537754,0,565.157,-0.0299881,3.14555e-05,-0.000552751,0.0299932,100000,100000,1904.28,0,0.00500595,0.000537754,0,565.157,-0.0299881,3.14555e-05,-0.000552751,0.0299932,100000,100000,1904.28,0,0.00500595,0.000537754,0,565.157,-0.0299881,3.14555e-05,-0.000552751,0.0299932,100000,100000,1904.28,0,0.00500595,0.000537754,0,565.157,-0.0299881,3.14555e-05,-0.000552751,0.0299932,100000,100000,1904.28,0,0.00500595,0.000537754,0,565.157,-0.0299881,3.14555e-05,-0.000552751,0.0299932,100000,100000,1904.28,0,0,0,0,0,0,0,0,0,0,0,0,0,1
stats,697,1,698,0.00500595,0.000537754,0,565.157,-0.0299881,3.14558e-05,-0.000552751,0.0299932,100000,100000,1904.28,0,0.00500595,0.000537754,0,565.157,-0.0299881,3.14558e-05,-0.000552751,0.0299932,100000,100000,1904.28,0,0.00500595,0.000537754,0,565.157,-0.0299881,3.14558e-05,-0.000552751,0.0299932,100000,100000,1904.28,0,0.00500595,0.000537754,0,565.157,-0.0299881,3.14558e-05,-0.000552751,0.0299932,100000,100000,1904.28,0,0.00500595,0.000537754,0,565.157,-0.0299881,3.14558e-05,-0.000552751,0.0299932,100000,100000,1904.28,0,0.00500595,0.000537754,0,565.157,-0.0299881,3.14558e-05,-0.000552751,0.0299932,100000,100000,1904.28,0,0,0,0,0,0,0,0,0,0,0,0,0,1
stats,698,1,699,0.00500595,0.000537754,0,565.157,-0.0299881,3.1456e-05,-0.000552751,0.0299932,100000,100000,1904.28,0,0.00500595,0.000537754,0,565.157,-0.0299881,3.1456e-05,-0.000552751,0.0299932,100000,100000,1904.28,0,0.00500595,0.000537754,0,565.157,-0.0299881,3.1456e-05,-0.000552751,0.0299932,100000,100000,1904.28,0,0.00500595,0.000537754,0,565.157,-0.0299881,3.1456e-05,-0.000552751,0.0299932,100000,100000,1904.28,0,0.00500595,0.000537754,0,565.157,-0.0299881,3.1456e-05,-0.000552751,0.0299932,100000,100000,1904.28,0,0.00500595,0.000537754,0,565.157,-0.0299881,3.1456e-05,-0.000552751,0.0299932,100000,100000,1904.28,0,0,0,0,0,0,0,0,0,0,0,0,0,1
stats,699,1,700,0.00500595,0.000537754,0,565.157,-0.0299881,3.14559e-05,-0.000552751,0.0299932,100000,100000,1904.28,0,0.00500595,0.000537754,0,565.157,-0.0299881,3.14559e-05,-0.000552751,0.0299932,100000,100000,1904.28,0,0.00500595,0.000537754,0,565.157,-0.0299881,3.14559e-05,-0.000552751,0.0299932,100000,100000,1904.28,0,0.00500595,0.000537754,0,565.157,-0.0299881,3.14559e-05,-0.000552751,0.0299932,100000,100000,1904.28,0,0.00500595,0.000537754,0,565.157,-0.0299881,3.14559e-05,-0.000552751,0.0299932,100000,100000,1904.28,0,0.00500595,0.000537754,0,565.157,-0.0299881,3.14559e-05,-0.000552751,0.0299932,100000,100000,1904.28,0,0,0,0,0,0,0,0,0,0,0,0,0,1
stats,700,1,701,0.00500595,0.000537754,0,565.157,-0.0299881,3.14555e-05,-0.000552751,0.0299932,100000,100000,1904.28,0,0.00500595,0.000537754,0,565.157,-0.0299881,3.14555e-05,-0.000552751,0.0299932,100000,100000,1904.28,0,0.00500595,0.000537754,0,565.157,-0.0299881,3.14555e-05,-0.000552751,0.0299932,100000,100000,1904.28,0,0.00500595,0.000537754,0,565.157,-0.0299881,3.14555e-05,-0.000552751,0.0299932,100000,100000,1904.28,0,0.00500595,0.000537754,0,565.157,-0.0299881,3.14555e-05,-0.000552751,0.0299932,100000,100000,1904.28,0,0.00500595,0.000537754,0,565.157,-0.0299881,3.14555e-05,-0.000552751,0.0299932,100000,100000,1904.28,0,0,0,0,0,0,0,0,0,0,0,0,0,1
stats,701,1,702,0.00500595,0.000537754,0,565.157,-0.0299881,3.14549e-05,-0.000552751,0.0299932,100000,100000,1904.28,0,0.00500595,0.000537754,0,565.157,-0.0299881,3.14549e-05,-0.000552751,0.0299932,100000,100000,1904.28,0,0.00500595,0.000537754,0,565.157,-0.0299881,3.14549e-05,-0.000552751,0.0299932,100000,100000,1904.28,0,0.00500595,0.000537754,0,565.157,-0.0299881,3.14549e-05,-0.000552751,0.0299932,100000,100000,1904.28,0,0.00500595,0.000537754,0,565.157,-0.0299881,3.14549e-05,-0.000552751,0.0299932,100000,100000,1904.28,0,0.00500595,0.000537754,0,565.157,-0.0299881,3.14549e-05,-0.000552751,0.0299932,100000,100000,1904.28,0,0,0,0,0,0,0,0,0,0,0,0,0,1
stats,702,1,703,0.00500595,0.000537754,0,565.157,-0.0299881,3.1454e-05,-0.000552752,0.0299932,100000,100000,1904.28,0,0.00500595,0.000537754,0,565.157,-0.0299881,3.1454e-05,-0.000552752,0.0299932,100000,100000,1904.28,0,0.00500595,0.000537754,0,565.157,-0.0299881,3.1454e-05,-0.000552752,0.0299932,100000,100000,1904.28,0,0.00500595,0.000537754,0,565.157,-0.0299881,3.1454e-05,-0.000552752,0.0299932,100000,100000,1904.28,0,0.00500595,0.000537754,0,565.157,-0.0299881,3.1454e-05,-0.000552752,0.0299932,100000,100000,1904.28,0,0.00500595,0.000537754,0,565.157,-0.0299881,3.1454e-05,-0.000552752,0.0299932,100000,100000,1904.28,0,0,0,0,0,0,0,0,0,0,0,0,0,1
stats,703,1,704,0.00500595,0.000537754,0,565.157,-0.0299881,3.14528e-05,-0.000552752,0.0299932,100000,100000,1904.28,0,0.00500595,0.000537754,0,565.157,-0.0299881,3.14528e-05,-0.000552752,0.0299932,100000,100000,1904.28,0,0.00500595,0.000537754,0,565.157,-0.0299881,3.14528e-05,-0.000552752,0.0299932,100000,100000,1904.28,0,0.00500595,0.000537754,0,565.157,-0.0299881,3.14528e-05,-0.000552752,0.0299932,100000,100000,1904.28,0,0.00500595,0.000537754,0,565.157,-0.0299881,3.14528e-05,-0.000552752,0.0299932,100000,100000,1904.28,0,0.00500595,0.000537754,0,565.157,-0.0299881,3.14528e-05,-0.000552752,0.0299932,100000,100000,1904.28,0,0,0,0,0,0,0,0,0,0,0,0,0,1
stats,704,1,705,0.00500595,0.000537754,0,565.157,-0.0299881,3.14516e-05,-0.000552752,0.0299932,100000,100000,1904.28,0,0.00500595,0.000537754,0,565.157,-0.0299881,3.14516e-05,-0.000552752,0.0299932,100000,100000,1904.28,0,0.00500595,0.000537754,0,565.157,-0.0299881,3.14516e-05,-0.000552752,0.0299932,100000,100000,1904.28,0,0.00500595,0.000537754,0,565.157,-0.0299881,3.14516e-05,-0.000552752,0.0299932,100000,100000,1904.28,0,0.00500595,0.000537754,0,565.157,-0.0299881,3.14516e-05,-0.000552752,0.0299932,100000,100000,1904.28,0,0.00500595,0.000537754,0,565.157,-0.0299881,3.14516e-05,-0.000552752,0.0299932,100000,100000,1904.28,0,0,0,0,0,0,0,0,0,0,0,0,0,1
stats,705,1,706,0.00500595,0.000537754,0,565.157,-0.0299881,3.14504e-05,-0.000552752,0.0299932,100000,100000,1904.28,0,0.00500595,0.000537754,0,565.157,-0.0299881,3.14504e-05,-0.000552752,0.0299932,100000,100000,1904.28,0,0.00500595,0.000537754,0,565.157,-0.0299881,3.14504e-05,-0.000552752,0.0299932,100000,100000,1904.28,0,0.00500595,0.000537754,0,565.157,-0.0299881,3.14504e-05,-0.000552752,0.0299932,100000,100000,1904.28,0,0.00500595,0.000537754,0,565.157,-0.0299881,3.14504e-05,-0.000552752,0.0299932,100000,100000,1904.28,0,0.00500595,0.000537754,0,565.157,-0.0299881,3.14504e-05,-0.000552752,0.0299932,100000,100000,1904.28,0,0,0,0,0,0,0,0,0,0,0,0,0,1
stats,706,1,707,0.00500595,0.000537754,0,565.157,-0.0299881,3.14496e-05,-0.000552751,0.0299932,100000,100000,1904.28,0,0.00500595,0.000537754,0,565.157,-0.0299881,3.14496e-05,-0.000552751,0.0299932,100000,100000,1904.28,0,0.00500595,0.000537754,0,565.157,-0.0299881,3.14496e-05,-0.000552751,0.0299932,100000,100000,1904.28,0,0.00500595,0.000537754,0,565.157,-0.0299881,3.14496e-05,-0.000552751,0.0299932,100000,100000,1904.28,0,0.00500595,0.000537754,0,565.157,-0.0299881,3.14496e-05,-0.000552751,0.0299932,100000,100000,1904.28,0,0.00500595,0.000537754,0,565.157,-0.0299881,3.14496e-05,-0.000552751,0.0299932,100000,100000,1904.28,0,0,0,0,0,0,0,0,0,0,0,0,0,1
stats,707,1,708,0.00500595,0.000537754,0,565.157,-0.0299881,3.14493e-05,-0.000552751,0.0299932,100000,100000,1904.28,0,0.00500595,0.000537754,0,565.157,-0.0299881,3.14493e-05,-0.000552751,0.0299932,100000,100000,1904.28,0,0.00500595,0.000537754,0,565.157,-0.0299881,3.14493e-05,-0.000552751,0.0299932,100000,100000,1904.28,0,0.00500595,0.000537754,0,565.157,-0.0299881,3.14493e-05,-0.000552751,0.0299932,100000,100000,1904.28,0,0.00500595,0.000537754,0,565.157,-0.0299881,3.14493e-05,-0.000552751,0.0299932,100000,100000,1904.28,0,0.00500595,0.000537754,0,565.157,-0.0299881,3.14493e-05,-0.000552751,0.0299932,100000,100000,1904.28,0,0,0,0,0,0,0,0,0,0,0,0,0,1
stats,708,1,709,0.00500595,0.000537754,0,565.157,-0.0299881,3.14495e-05,-0.000552751,0.0299932,100000,100000,1904.28,0,0.00500595,0.000537754,0,565.157,-0.0299881,3.14495e-05,-0.000552751,0.0299932,100000,100000,1904.28,0,0.00500595,0.000537754,0,565.157,-0.0299881,3.14495e-05,-0.000552751,0.0299932,100000,100000,1904.28,0,0.00500595,0.000537754,0,565.157,-0.0299881,3.14495e-05,-0.000552751,0.0299932,100000,100000,1904.28,0,0.00500595,0.000537754,0,565.157,-0.0299881,3.14495e-05,-0.000552751,0.0299932,100000,100000,1904.28,0,0.00500595,0.000537754,0,565.157,-0.0299881,3.14495e-05,-0.000552751,0.0299932,100000,100000,1904.28,0,0,0,0,0,0,0,0,0,0,0,0,0,1
stats,709,1,710,0.00500595,0.000537754,0,565.157,-0.0299881,3.14502e-05,-0.000552751,0.0299932,100000,100000,1904.28,0,0.00500595,0.000537754,0,565.157,-0.0299881,3.14502e-05,-0.000552751,0.0299932,100000,100000,1904.28,0,0.00500595,0.000537754,0,565.157,-0.0299881,3.14502e-05,-0.000552751,0.0299932,100000,100000,1904.28,0,0.00500595,0.000537754,0,565.157,-0.0299881,3.14502e-05,-0.000552751,0.0299932,100000,100000,1904.28,0,0.00500595,0.000537754,0,565.157,-0.0299881,3.14502e-05,-0.000552751,0.0299932,100000,100000,1904.28,0,0.00500595,0.000537754,0,565.157,-0.0299881,3.14502e-05,-0.000552751,0.0299932,100000,100000,1904.28,0,0,0,0,0,0,0,0,0,0,0,0,0,1
stats,710,1,711,0.00500595,0.000537754,0,565.157,-0.0299881,3.14512e-05,-0.000552751,0.0299932,100000,100000,1904.28,0,0.00500595,0.000537754,0,565.157,-0.0299881,3.14512e-05,-0.000552751,0.0299932,100000,100000,1904.28,0,0.00500595,0.000537754,0,565.157,-0.0299881,3.14512e-05,-0.000552751,0.0299932,100000,100000,1904.28,0,0.00500595,0.000537754,0,565.157,-0.0299881,3.14512e-05,-0.000552751,0.0299932,100000,100000,1904.28,0,0.00500595,0.000537754,0,565.157,-0.0299881,3.14512e-05,-0.000552751,0.0299932,100000,100000,1904.28,0,0.00500595,0.000537754,0,565.157,-0.0299881,3.14512e-05,-0.000552751,0.0299932,100000,100000,1904.28,0,0,0,0,0,0,0,0,0,0,0,0,0,1
stats,711,1,712,0.00500595,0.000537754,0,565.157,-0.0299881,3.14523e-05,-0.000552751,0.0299932,100000,100000,1904.28,0,0.00500595,0.000537754,0,565.157,-0.0299881,3.14523e-05,-0.000552751,0.0299932,100000,100000,1904.28,0,0.00500595,0.000537754,0,565.157,-0.0299881,3.14523e-05,-0.000552751,0.0299932,100000,100000,1904.28,0,0.00500595,0.000537754,0,565.157,-0.0299881,3.14523e-05,-0.000552751,0.0299932,100000,100000,1904.28,0,0.00500595,0.000537754,0,565.157,-0.0299881,3.14523e-05,-0.000552751,0.0299932,100000,100000,1904.28,0,0.00500595,0.000537754,0,565.157,-0.0299881,3.14523e-05,-0.000552751,0.0299932,100000,100000,1904.28,0,0,0,0,0,0,0,0,0,0,0,0,0,1
stats,712,1,713,0.00500595,0.000537754,0,565.157,-0.0299881,3.14533e-05,-0.000552752,0.0299932,100000,100000,1904.28,0,0.00500595,0.000537754,0,565.157,-0.0299881,3.14533e-05,-0.000552752,0.0299932,100000,100000,1904.28,0,0.00500595,0.000537754,0,565.157,-0.0299881,3.14533e-05,-0.000552752,0.0299932,100000,100000,1904.28,0,0.00500595,0.000537754,0,565.157,-0.0299881,3.14533e-05,-0.000552752,0.0299932,100000,100000,1904.28,0,0.00500595,0.000537754,0,565.157,-0.0299881,3.14533e-05,-0.000552752,0.0299932,100000,100000,1904.28,0,0.00500595,0.000537754,0,565.157,-0.0299881,3.14533e-05,-0.000552752,0.0299932,100000,100000,1904.28,0,0,0,0,0,0,0,0,0,0,0,0,0,1
stats,713,1,714,0.00500595,0.000537754,0,565.157,-0.0299881,3.14541e-05,-0.000552752,0.0299932,100000,100000,1904.28,0,0.00500595,0.000537754,0,565.157,-0.0299881,3.14541e-05,-0.000552752,0.0299932,100000,100000,1904.28,0,0.00500595,0.000537754,0,565.157,-0.0299881,3.14541e-05,-0.000552752,0.0299932,100000,100000,1904.28,0,0.00500595,0.000537754,0,565.157,-0.0299881,3.14541e-05,-0.000552752,0.0299932,100000,100000,1904.28,0,0.00500595,0.000537754,0,565.157,-0.0299881,3.14541e-05,-0.000552752,0.0299932,100000,100000,1904.28,0,0.00500595,0.000537754,0,565.157,-0.0299881,3.14541e-05,-0.000552752,0.0299932,100000,100000,1904.28,0,0,0,0,0,0,0,0,0,0,0,0,0,1
stats,714,1,715,0.00500595,0.000537754,0,565.157,-0.0299881,3.14548e-05,-0.000552751,0.0299932,100000,100000,1904.28,0,0.00500595,0.000537754,0,565.157,-0.0299881,3.14548e-05,-0.000552751,0.0299932,100000,100000,1904.28,0,0.00500595,0.000537754,0,565.157,-0.0299881,3.14548e-05,-0.000552751,0.0299932,100000,100000,1904.28,0,0.00500595,0.000537754,0,565.157,-0.0299881,3.14548e-05,-0.000552751,0.0299932,100000,100000,1904.28,0,0.00500595,0.000537754,0,565.157,-0.0299881,3.14548e-05,-0.000552751,0.0299932,100000,100000,1904.28,0,0.00500595,0.000537754,0,565.157,-0.0299881,3.14548e-05,-0.000552751,0.0299932,100000,100000,1904.28,0,0,0,0,0,0,0,0,0,0,0,0,0,1
stats,715,1,716,0.00500595,0.000537754,0,565.157,-0.0299881,3.14552e-05,-0.000552751,0.0299932,100000,100000,1904.28,0,0.00500595,0.000537754,0,565.157,-0.0299881,3.14552e-05,-0.000552751,0.0299932,100000,100000,1904.28,0,0.00500595,0.000537754,0,565.157,-0.0299881,3.14552e-05,-0.000552751,0.0299932,100000,100000,1904.28,0,0.00500595,0.000537754,0,565.157,-0.0299881,3.14552e-05,-0.000552751,0.0299932,100000,100000,1904.28,0,0.00500595,0.000537754,0,565.157,-0.0299881,3.14552e-05,-0.000552751,0.0299932,100000,100000,1904.28,0,0.00500595,0.000537754,0,565.157,-0.0299881,3.14552e-05,-0.000552751,0.0299932,100000,100000,1904.28,0,0,0,0,0,0,0,0,0,0,0,0,0,1
stats,716,1,717,0.00500595,0.000537754,0,565.157,-0.0299881,3.14556e-05,-0.000552752,0.0299932,100000,100000,1904.28,0,0.00500595,0.000537754,0,565.157,-0.0299881,3.14556e-05,-0.000552752,0.0299932,100000,100000,1904.28,0,0.00500595,0.000537754,0,565.157,-0.0299881,3.14556e-05,-0.000552752,0.0299932,100000,100000,1904.28,0,0.00500595,0.000537754,0,565.157,-0.0299881,3.14556e-05,-0.000552752,0.0299932,100000,100000,1904.28,0,0.00500595,0.000537754,0,565.157,-0.0299881,3.14556e-05,-0.000552752,0.0299932,100000,100000,1904.28,0,0.00500595,0.000537754,0,565.157,-0.0299881,3.14556e-05,-0.000552752,0.0299932,100000,100000,1904.28,0,0,0,0,0,0,0,0,0,0,0,0,0,1
stats,717,1,718,0.00500595,0.000537754,0,565.157,-0.0299881,3.14558e-05,-0.000552752,0.0299932,100000,100000,1904.28,0,0.00500595,0.000537754,0,565.157,-0.0299881,3.14558e-05,-0.000552752,0.0299932,100000,100000,1904.28,0,0.00500595,0.000537754,0,565.157,-0.0299881,3.14558e-05,-0.000552752,0.0299932,100000,100000,1904.28,0,0.00500595,0.000537754,0,565.157,-0.0299881,3.14558e-05,-0.000552752,0.0299932,100000,100000,1904.28,0,0.00500595,0.000537754,0,565.157,-0.0299881,3.14558e-05,-0.000552752,0.0299932,100000,100000,1904.28,0,0.00500595,0.000537754,0,565.157,-0.0299881,3.14558e-05,-0.000552752,0.0299932,100000,100000,1904.28,0,0,0,0,0,0,0,0,0,0,0,0,0,1
stats,718,1,719,0.00500595,0.000537754,0,565.157,-0.0299881,3.14558e-05,-0.000552752,0.0299932,100000,100000,1904.28,0,0.00500595,0.000537754,0,565.157,-0.0299881,3.14558e-05,-0.000552752,0.0299932,100000,100000,1904.28,0,0.00500595,0.000537754,0,565.157,-0.0299881,3.14558e-05,-0.000552752,0.0299932,100000,100000,1904.28,0,0.00500595,0.000537754,0,565.157,-0.0299881,3.14558e-05,-0.000552752,0.0299932,100000,100000,1904.28,0,0.00500595,0.000537754,0,565.157,-0.0299881,3.14558e-05,-0.000552752,0.0299932,100000,100000,1904.28,0,0.00500595,0.000537754,0,565.157,-0.0299881,3.14558e-05,-0.000552752,0.0299932,100000,100000,1904.28,0,0,0,0,0,0,0,0,0,0,0,0,0,1
stats,719,1,720,0.00500595,0.000537754,0,565.157,-0.0299881,3.14555e-05,-0.000552752,0.0299932,100000,100000,1904.28,0,0.00500595,0.000537754,0,565.157,-0.0299881,3.14555e-05,-0.000552752,0.0299932,100000,100000,1904.28,0,0.00500595,0.000537754,0,565.157,-0.0299881,3.14555e-05,-0.000552752,0.0299932,100000,100000,1904.28,0,0.00500595,0.000537754,0,565.157,-0.0299881,3.14555e-05,-0.000552752,0.0299932,100000,100000,1904.28,0,0.00500595,0.000537754,0,565.157,-0.0299881,3.14555e-05,-0.000552752,0.0299932,100000,100000,1904.28,0,0.00500595,0.000537754,0,565.157,-0.0299881,3.14555e-05,-0.000552752,0.0299932,100000,100000,1904.28,0,0,0,0,0,0,0,0,0,0,0,0,0,1
stats,720,1,721,0.00500595,0.000537754,0,565.157,-0.0299881,3.14548e-05,-0.000552752,0.0299932,100000,100000,1904.28,0,0.00500595,0.000537754,0,565.157,-0.0299881,3.14548e-05,-0.000552752,0.0299932,100000,100000,1904.28,0,0.00500595,0.000537754,0,565.157,-0.0299881,3.14548e-05,-0.000552752,0.0299932,100000,100000,1904.28,0,0.00500595,0.000537754,0,565.157,-0.0299881,3.14548e-05,-0.000552752,0.0299932,100000,100000,1904.28,0,0.00500595,0.000537754,0,565.157,-0.0299881,3.14548e-05,-0.000552752,0.0299932,100000,100000,1904.28,0,0.00500595,0.000537754,0,565.157,-0.0299881,3.14548e-05,-0.000552752,0.0299932,100000,100000,1904.28,0,0,0,0,0,0,0,0,0,0,0,0,0,1
stats,721,1,722,0.00500595,0.000537754,0,565.157,-0.0299881,3.14537e-05,-0.000552752,0.0299932,100000,100000,1904.28,0,0.00500595,0.000537754,0,565.157,-0.0299881,3.14537e-05,-0.000552752,0.0299932,100000,100000,1904.28,0,0.00500595,0.000537754,0,565.157,-0.0299881,3.14537e-05,-0.000552752,0.0299932,100000,100000,1904.28,0,0.00500595,0.000537754,0,565.157,-0.0299881,3.14537e-05,-0.000552752,0.0299932,100000,100000,1904.28,0,0.00500595,0.000537754,0,565.157,-0.0299881,3.14537e-05,-0.000552752,0.0299932,100000,100000,1904.28,0,0.00500595,0.000537754,0,565.157,-0.0299881,3.14537e-05,-0.000552752,0.0299932,100000,100000,1904.28,0,0,0,0,0,0,0,0,0,0,0,0,0,1
stats,722,1,723,0.00500595,0.000537754,0,565.157,-0.0299881,3.14524e-05,-0.000552752,0.0299932,100000,100000,1904.28,0,0.00500595,0.000537754,0,565.157,-0.0299881,3.14524e-05,-0.000552752,0.0299932,100000,100000,1904.28,0,0.00500595,0.000537754,0,565.157,-0.0299881,3.14524e-05,-0.000552752,0.0299932,100000,100000,1904.28,0,0.00500595,0.000537754,0,565.157,-0.0299881,3.14524e-05,-0.000552752,0.0299932,100000,100000,1904.28,0,0.00500595,0.000537754,0,565.157,-0.0299881,3.14524e-05,-0.000552752,0.0299932,100000,100000,1904.28,0,0.00500595,0.000537754,0,565.157,-0.0299881,3.14524e-05,-0.000552752,0.0299932,100000,100000,1904.28,0,0,0,0,0,0,0,0,0,0,0,0,0,1
stats,723,1,724,0.00500595,0.000537754,0,565.157,-0.0299881,3.14512e-05,-0.000552751,0.0299932,100000,100000,1904.28,0,0.00500595,0.000537754,0,565.157,-0.0299881,3.14512e-05,-0.000552751,0.0299932,100000,100000,1904.28,0,0.00500595,0.000537754,0,565.157,-0.0299881,3.14512e-05,-0.000552751,0.0299932,100000,100000,1904.28,0,0.00500595,0.000537754,0,565.157,-0.0299881,3.14512e-05,-0.000552751,0.0299932,100000,100000,1904.28,0,0.00500595,0.000537754,0,565.157,-0.0299881,3.14512e-05,-0.000552751,0.0299932,100000,100000,1904.28,0,0.00500595,0.000537754,0,565.157,-0.0299881,3.14512e-05,-0.000552751,0.0299932,100000,100000,1904.28,0,0,0,0,0,0,0,0,0,0,0,0,0,1
stats,724,1,725,0.00500595,0.000537754,0,565.157,-0.0299881,3.14502e-05,-0.00055275,0.0299932,100000,100000,1904.28,0,0.00500595,0.000537754,0,565.157,-0.0299881,3.14502e-05,-0.00055275,0.0299932,100000,100000,1904.28,0,0.00500595,0.000537754,0,565.157,-0.0299881,3.14502e-05,-0.00055275,0.0299932,100000,100000,1904.28,0,0.00500595,0.000537754,0,565.157,-0.0299881,3.14502e-05,-0.00055275,0.0299932,100000,100000,1904.28,0,0.00500595,0.000537754,0,565.157,-0.0299881,3.14502e-05,-0.00055275,0.0299932,100000,100000,1904.28,0,0.00500595,0.000537754,0,565.157,-0.0299881,3.14502e-05,-0.00055275,0.0299932,100000,100000,1904.28,0,0,0,0,0,0,0,0,0,0,0,0,0,1
stats,725,1,726,0.00500595,0.000537754,0,565.157,-0.0299881,3.14496e-05,-0.00055275,0.0299932,100000,100000,1904.28,0,0.00500595,0.000537754,0,565.157,-0.0299881,3.14496e-05,-0.00055275,0.0299932,100000,100000,1904.28,0,0.00500595,0.000537754,0,565.157,-0.0299881,3.14496e-05,-0.00055275,0.0299932,100000,100000,1904.28,0,0.00500595,0.000537754,0,565.157,-0.0299881,3.14496e-05,-0.00055275,0.0299932,100000,100000,1904.28,0,0.00500595,0.000537754,0,565.157,-0.0299881,3.14496e-05,-0.00055275,0.0299932,100000,100000,1904.28,0,0.00500595,0.000537754,0,565.157,-0.0299881,3.14496e-05,-0.00055275,0.0299932,100000,100000,1904.28,0,0,0,0,0,0,0,0,0,0,0,0,0,1
stats,726,1,727,0.00500595,0.000537754,0,565.157,-0.0299881,3.14495e-05,-0.00055275,0.0299932,100000,100000,1904.28,0,0.00500595,0.000537754,0,565.157,-0.0299881,3.14495e-05,-0.00055275,0.0299932,100000,100000,1904.28,0,0.00500595,0.000537754,0,565.157,-0.0299881,3.14495e-05,-0.00055275,0.0299932,100000,100000,1904.28,0,0.00500595,0.000537754,0,565.157,-0.0299881,3.14495e-05,-0.00055275,0.0299932,100000,100000,1904.28,0,0.00500595,0.000537754,0,565.157,-0.0299881,3.14495e-05,-0.00055275,0.0299932,100000,100000,1904.28,0,0.00500595,0.000537754,0,565.157,-0.0299881,3.14495e-05,-0.00055275,0.0299932,100000,100000,1904.28,0,0,0,0,0,0,0,0,0,0,0,0,0,1
stats,727,1,728,0.00500595,0.000537754,0,565.157,-0.0299881,3.14499e-05,-0.00055275,0.0299932,100000,100000,1904.28,0,0.00500595,0.000537754,0,565.157,-0.0299881,3.14499e-05,-0.00055275,0.0299932,100000,100000,1904.28,0,0.00500595,0.000537754,0,565.157,-0.0299881,3.14499e-05,-0.00055275,0.0299932,100000,100000,1904.28,0,0.00500595,0.000537754,0,565.157,-0.0299881,3.14499e-05,-0.00055275,0.0299932,100000,100000,1904.28,0,0.00500595,0.000537754,0,565.157,-0.0299881,3.14499e-05,-0.00055275,0.0299932,100000,100000,1904.28,0,0.00500595,0.000537754,0,565.157,-0.0299881,3.14499e-05,-0.00055275,0.0299932,100000,100000,1904.28,0,0,0,0,0,0,0,0,0,0,0,0,0,1
stats,728,1,729,0.00500595,0.000537754,0,565.157,-0.0299881,3.14506e-05,-0.00055275,0.0299932,100000,100000,1904.28,0,0.00500595,0.000537754,0,565.157,-0.0299881,3.14506e-05,-0.00055275,0.0299932,100000,100000,1904.28,0,0.00500595,0.000537754,0,565.157,-0.0299881,3.14506e-05,-0.00055275,0.0299932,100000,100000,1904.28,0,0.00500595,0.000537754,0,565.157,-0.0299881,3.14506e-05,-0.00055275,0.0299932,100000,100000,1904.28,0,0.00500595,0.000537754,0,565.157,-0.0299881,3.14506e-05,-0.00055275,0.0299932,100000,100000,1904.28,0,0.00500595,0.000537754,0,565.157,-0.0299881,3.14506e-05,-0.00055275,0.0299932,100000,100000,1904.28,0,0,0,0,0,0,0,0,0,0,0,0,0,1
stats,729,1,730,0.00500595,0.000537754,0,565.157,-0.0299881,3.14514e-05,-0.000552751,0.0299932,100000,100000,1904.28,0,0.00500595,0.000537754,0,565.157,-0.0299881,3.14514e-05,-0.000552751,0.0299932,100000,100000,1904.28,0,0.00500595,0.000537754,0,565.157,-0.0299881,3.14514e-05,-0.000552751,0.0299932,100000,100000,1904.28,0,0.00500595,0.000537754,0,565.157,-0.0299881,3.14514e-05,-0.000552751,0.0299932,100000,100000,1904.28,0,0.00500595,0.000537754,0,565.157,-0.0299881,3.14514e-05,-0.000552751,0.0299932,100000,100000,1904.28,0,0.00500595,0.000537754,0,565.157,-0.0299881,3.14514e-05,-0.000552751,0.0299932,100000,100000,1904.28,0,0,0,0,0,0,0,0,0,0,0,0,0,1
stats,730,1,731,0.00500595,0.000537754,0,565.157,-0.0299881,3.14523e-05,-0.000552752,0.0299932,100000,100000,1904.28,0,0.00500595,0.000537754,0,565.157,-0.0299881,3.14523e-05,-0.000552752,0.0299932,100000,100000,1904.28,0,0.00500595,0.000537754,0,565.157,-0.0299881,3.14523e-05,-0.000552752,0.0299932,100000,100000,1904.28,0,0.00500595,0.000537754,0,565.157,-0.0299881,3.14523e-05,-0.000552752,0.0299932,100000,100000,1904.28,0,0.00500595,0.000537754,0,565.157,-0.0299881,3.14523e-05,-0.000552752,0.0299932,100000,100000,1904.28,0,0.00500595,0.000537754,0,565.157,-0.0299881,3.14523e-05,-0.000552752,0.0299932,100000,100000,1904.28,0,0,0,0,0,0,0,0,0,0,0,0,0,1
stats,731,1,732,0.00500595,0.000537754,0,565.157,-0.0299881,3.14531e-05,-0.000552752,0.0299932,100000,100000,1904.28,0,0.00500595,0.000537754,0,565.157,-0.0299881,3.14531e-05,-0.000552752,0.0299932,100000,100000,1904.28,0,0.00500595,0.000537754,0,565.157,-0.0299881,3.14531e-05,-0.000552752,0.0299932,100000,100000,1904.28,0,0.00500595,0.000537754,0,565.157,-0.0299881,3.14531e-05,-0.000552752,0.0299932,100000,100000,1904.28,0,0.00500595,0.000537754,0,565.157,-0.0299881,3.14531e-05,-0.000552752,0.0299932,100000,100000,1904.28,0,0.00500595,0.000537754,0,565.157,-0.0299881,3.14531e-05,-0.000552752,0.0299932,100000,100000,1904.28,0,0,0,0,0,0,0,0,0,0,0,0,0,1
stats,732,1,733,0.00500595,0.000537754,0,565.157,-0.0299881,3.14538e-05,-0.000552753,0.0299932,100000,100000,1904.28,0,0.00500595,0.000537754,0,565.157,-0.0299881,3.14538e-05,-0.000552753,0.0299932,100000,100000,1904.28,0,0.00500595,0.000537754,0,565.157,-0.0299881,3.14538e-05,-0.000552753,0.0299932,100000,100000,1904.28,0,0.00500595,0.000537754,0,565.157,-0.0299881,3.14538e-05,-0.000552753,0.0299932,100000,100000,1904.28,0,0.00500595,0.000537754,0,565.157,-0.0299881,3.14538e-05,-0.000552753,0.0299932,100000,100000,1904.28,0,0.00500595,0.000537754,0,565.157,-0.0299881,3.14538e-05,-0.000552753,0.0299932,100000,100000,1904.28,0,0,0,0,0,0,0,0,0,0,0,0,0,1
stats,733,1,734,0.00500595,0.000537754,0,565.157,-0.0299881,3.14544e-05,-0.000552753,0.0299932,100000,100000,1904.28,0,0.00500595,0.000537754,0,565.157,-0.0299881,3.14544e-05,-0.000552753,0.0299932,100000,100000,1904.28,0,0.00500595,0.000537754,0,565.157,-0.0299881,3.14544e-05,-0.000552753,0.0299932,100000,100000,1904.28,0,0.00500595,0.000537754,0,565.157,-0.0299881,3.14544e-05,-0.000552753,0.0299932,100000,100000,1904.28,0,0.00500595,0.000537754,0,565.157,-0.0299881,3.14544e-05,-0.000552753,0.0299932,100000,100000,1904.28,0,0.00500595,0.000537754,0,565.157,-0.0299881,3.14544e-05,-0.000552753,0.0299932,100000,100000,1904.28,0,0,0,0,0,0,0,0,0,0,0,0,0,1
stats,734,1,735,0.00500595,0.000537754,0,565.157,-0.0299881,3.1455e-05,-0.000552753,0.0299932,100000,100000,1904.28,0,0.00500595,0.000537754,0,565.157,-0.0299881,3.1455e-05,-0.000552753,0.0299932,100000,100000,1904.28,0,0.00500595,0.000537754,0,565.157,-0.0299881,3.1455e-05,-0.000552753,0.0299932,100000,100000,1904.28,0,0.00500595,0.000537754,0,565.157,-0.0299881,3.1455e-05,-0.000552753,0.0299932,100000,100000,1904.28,0,0.00500595,0.000537754,0,565.157,-0.0299881,3.1455e-05,-0.000552753,0.0299932,100000,100000,1904.28,0,0.00500595,0.000537754,0,565.157,-0.0299881,3.1455e-05,-0.000552753,0.0299932,100000,100000,1904.28,0,0,0,0,0,0,0,0,0,0,0,0,0,1
stats,735,1,736,0.00500595,0.000537754,0,565.157,-0.0299881,3.14552e-05,-0.000552753,0.0299932,100000,100000,1904.28,0,0.00500595,0.000537754,0,565.157,-0.0299881,3.14552e-05,-0.000552753,0.0299932,100000,100000,1904.28,0,0.00500595,0.000537754,0,565.157,-0.0299881,3.14552e-05,-0.000552753,0.0299932,100000,100000,1904.28,0,0.00500595,0.000537754,0,565.157,-0.0299881,3.14552e-05,-0.000552753,0.0299932,100000,100000,1904.28,0,0.00500595,0.000537754,0,565.157,-0.0299881,3.14552e-05,-0.000552753,0.0299932,100000,100000,1904.28,0,0.00500595,0.000537754,0,565.157,-0.0299881,3.14552e-05,-0.000552753,0.0299932,100000,100000,1904.28,0,0,0,0,0,0,0,0,0,0,0,0,0,1
stats,736,1,737,0.00500595,0.000537754,0,565.157,-0.0299881,3.14553e-05,-0.000552753,0.0299932,100000,100000,1904.28,0,0.00500595,0.000537754,0,565.157,-0.0299881,3.14553e-05,-0.000552753,0.0299932,100000,100000,1904.28,0,0.00500595,0.000537754,0,565.157,-0.0299881,3.14553e-05,-0.000552753,0.0299932,100000,100000,1904.28,0,0.00500595,0.000537754,0,565.157,-0.0299881,3.14553e-05,-0.000552753,0.0299932,100000,100000,1904.28,0,0.00500595,0.000537754,0,565.157,-0.0299881,3.14553e-05,-0.000552753,0.0299932,100000,100000,1904.28,0,0.00500595,0.000537754,0,565.157,-0.0299881,3.14553e-05,-0.000552753,0.0299932,100000,100000,1904.28,0,0,0,0,0,0,0,0,0,0,0,0,0,1
stats,737,1,738,0.00500595,0.000537754,0,565.157,-0.0299881,3.1455e-05,-0.000552753,0.0299932,100000,100000,1904.28,0,0.00500595,0.000537754,0,565.157,-0.0299881,3.1455e-05,-0.000552753,0.0299932,100000,100000,1904.28,0,0.00500595,0.000537754,0,565.157,-0.0299881,3.1455e-05,-0.000552753,0.0299932,100000,100000,1904.28,0,0.00500595,0.000537754,0,565.157,-0.0299881,3.1455e-05,-0.000552753,0.0299932,100000,100000,1904.28,0,0.00500595,0.000537754,0,565.157,-0.0299881,3.1455e-05,-0.000552753,0.0299932,100000,100000,1904.28,0,0.00500595,0.000537754,0,565.157,-0.0299881,3.1455e-05,-0.000552753,0.0299932,100000,100000,1904.28,0,0,0,0,0,0,0,0,0,0,0,0,0,1
stats,738,1,739,0.00500595,0.000537754,0,565.157,-0.0299881,3.14545e-05,-0.000552753,0.0299932,100000,100000,1904.28,0,0.00500595,0.000537754,0,565.157,-0.0299881,3.14545e-05,-0.000552753,0.0299932,100000,100000,1904.28,0,0.00500595,0.000537754,0,565.157,-0.0299881,3.14545e-05,-0.000552753,0.0299932,100000,100000,1904.28,0,0.00500595,0.000537754,0,565.157,-0.0299881,3.14545e-05,-0.000552753,0.0299932,100000,100000,1904.28,0,0.00500595,0.000537754,0,565.157,-0.0299881,3.14545e-05,-0.000552753,0.0299932,100000,100000,1904.28,0,0.00500595,0.000537754,0,565.157,-0.0299881,3.14545e-05,-0.000552753,0.0299932,100000,100000,1904.28,0,0,0,0,0,0,0,0,0,0,0,0,0,1
stats,739,1,740,0.00500595,0.000537754,0,565.157,-0.0299881,3.14538e-05,-0.000552753,0.0299932,100000,100000,1904.28,0,0.00500595,0.000537754,0,565.157,-0.0299881,3.14538e-05,-0.000552753,0.0299932,100000,100000,1904.28,0,0.00500595,0.000537754,0,565.157,-0.0299881,3.14538e-05,-0.000552753,0.0299932,100000,100000,1904.28,0,0.00500595,0.000537754,0,565.157,-0.0299881,3.14538e-05,-0.000552753,0.0299932,100000,100000,1904.28,0,0.00500595,0.000537754,0,565.157,-0.0299881,3.14538e-05,-0.000552753,0.0299932,100000,100000,1904.28,0,0.00500595,0.000537754,0,565.157,-0.0299881,3.14538e-05,-0.000552753,0.0299932,100000,100000,1904.28,0,0,0,0,0,0,0,0,0,0,0,0,0,1
stats,740,1,741,0.00500595,0.000537754,0,565.157,-0.0299881,3.1453e-05,-0.000552752,0.0299932,100000,100000,1904.28,0,0.00500595,0.000537754,0,565.157,-0.0299881,3.1453e-05,-0.000552752,0.0299932,100000,100000,1904.28,0,0.00500595,0.000537754,0,565.157,-0.0299881,3.1453e-05,-0.000552752,0.0299932,100000,100000,1904.28,0,0.00500595,0.000537754,0,565.157,-0.0299881,3.1453e-05,-0.000552752,0.0299932,100000,100000,1904.28,0,0.00500595,0.000537754,0,565.157,-0.0299881,3.1453e-05,-0.000552752,0.0299932,100000,100000,1904.28,0,0.00500595,0.000537754,0,565.157,-0.0299881,3.1453e-05,-0.000552752,0.0299932,100000,100000,1904.28,0,0,0,0,0,0,0,0,0,0,0,0,0,1
stats,741,1,742,0.00500595,0.000537754,0,565.157,-0.0299881,3.14522e-05,-0.000552751,0.0299932,100000,100000,1904.28,0,0.00500595,0.000537754,0,565.157,-0.0299881,3.14522e-05,-0.000552751,0.0299932,100000,100000,1904.28,0,0.00500595,0.000537754,0,565.157,-0.0299881,3.14522e-05,-0.000552751,0.0299932,100000,100000,1904.28,0,0.00500595,0.000537754,0,565.157,-0.0299881,3.14522e-05,-0.000552751,0.0299932,100000,100000,1904.28,0,0.00500595,0.000537754,0,565.157,-0.0299881,3.14522e-05,-0.000552751,0.0299932,100000,100000,1904.28,0,0.00500595,0.000537754,0,565.157,-0.0299881,3.14522e-05,-0.000552751,0.0299932,100000,100000,1904.28,0,0,0,0,0,0,0,0,0,0,0,0,0,1
stats,742,1,743,0.00500595,0.000537754,0,565.157,-0.0299881,3.14517e-05,-0.00055275,0.0299932,100000,100000,1904.28,0,0.00500595,0.000537754,0,565.157,-0.0299881,3.14517e-05,-0.00055275,0.0299932,100000,100000,1904.28,0,0.00500595,0.000537754,0,565.157,-0.0299881,3.14517e-05,-0.00055275,0.0299932,100000,100000,1904.28,0,0.00500595,0.000537754,0,565.157,-0.0299881,3.14517e-05,-0.00055275,0.0299932,100000,100000,1904.28,0,0.00500595,0.000537754,0,565.157,-0.0299881,3.14517e-05,-0.00055275,0.0299932,100000,100000,1904.28,0,0.00500595,0.000537754,0,565.157,-0.0299881,3.14517e-05,-0.00055275,0.0299932,100000,100000,1904.28,0,0,0,0,0,0,0,0,0,0,0,0,0,1
stats,743,1,744,0.00500595,0.000537754,0,565.157,-0.0299881,3.14514e-05,-0.00055275,0.0299932,100000,100000,1904.28,0,0.00500595,0.000537754,0,565.157,-0.0299881,3.14514e-05,-0.00055275,0.0299932,100000,100000,1904.28,0,0.00500595,0.000537754,0,565.157,-0.0299881,3.14514e-05,-0.00055275,0.0299932,100000,100000,1904.28,0,0.00500595,0.000537754,0,565.157,-0.0299881,3.14514e-05,-0.00055275,0.0299932,100000,100000,1904.28,0,0.00500595,0.000537754,0,565.157,-0.0299881,3.14514e-05,-0.00055275,0.0299932,100000,100000,1904.28,0,0.00500595,0.000537754,0,565.157,-0.0299881,3.14514e-05,-0.00055275,0.0299932,100000,100000,1904.28,0,0,0,0,0,0,0,0,0,0,0,0,0,1
stats,744,1,745,0.00500595,0.000537754,0,565.157,-0.0299881,3.14514e-05,-0.000552749,0.0299932,100000,100000,1904.28,0,0.00500595,0.000537754,0,565.157,-0.0299881,3.14514e-05,-0.000552749,0.0299932,100000,100000,1904.28,0,0.00500595,0.000537754,0,565.157,-0.0299881,3.14514e-05,-0.000552749,0.0299932,100000,100000,1904.28,0,0.00500595,0.000537754,0,565.157,-0.0299881,3.14514e-05,-0.000552749,0.0299932,100000,100000,1904.28,0,0.00500595,0.000537754,0,565.157,-0.0299881,3.14514e-05,-0.000552749,0.0299932,100000,100000,1904.28,0,0.00500595,0.000537754,0,565.157,-0.0299881,3.14514e-05,-0.000552749,0.0299932,100000,100000,1904.28,0,0,0,0,0,0,0,0,0,0,0,0,0,1
stats,745,1,746,0.00500595,0.000537754,0,565.157,-0.0299881,3.14516e-05,-0.000552749,0.0299932,100000,100000,1904.28,0,0.00500595,0.000537754,0,565.157,-0.0299881,3.14516e-05,-0.000552749,0.0299932,100000,100000,1904.28,0,0.00500595,0.000537754,0,565.157,-0.0299881,3.14516e-05,-0.000552749,0.0299932,100000,100000,1904.28,0,0.00500595,0.000537754,0,565.157,-0.0299881,3.14516e-05,-0.000552749,0.0299932,100000,100000,1904.28,0,0.00500595,0.000537754,0,565.157,-0.0299881,3.14516e-05,-0.000552749,0.0299932,100000,100000,1904.28,0,0.00500595,0.000537754,0,565.157,-0.0299881,3.14516e-05,-0.000552749,0.0299932,100000,100000,1904.28,0,0,0,0,0,0,0,0,0,0,0,0,0,1
stats,746,1,747,0.00500595,0.000537754,0,565.157,-0.0299881,3.14519e-05,-0.000552749,0.0299932,100000,100000,1904.28,0,0.00500595,0.000537754,0,565.157,-0.0299881,3.14519e-05,-0.000552749,0.0299932,100000,100000,1904.28,0,0.00500595,0.000537754,0,565.157,-0.0299881,3.14519e-05,-0.000552749,0.0299932,100000,100000,1904.28,0,0.00500595,0.000537754,0,565.157,-0.0299881,3.14519e-05,-0.000552749,0.0299932,100000,100000,1904.28,0,0.00500595,0.000537754,0,565.157,-0.0299881,3.14519e-05,-0.000552749,0.0299932,100000,100000,1904.28,0,0.00500595,0.000537754,0,565.157,-0.0299881,3.14519e-05,-0.000552749,0.0299932,100000,100000,1904.28,0,0,0,0,0,0,0,0,0,0,0,0,0,1
stats,747,1,748,0.00500595,0.000537754,0,565.157,-0.0299881,3.14522e-05,-0.00055275,0.0299932,100000,100000,1904.28,0,0.00500595,0.000537754,0,565.157,-0.0299881,3.14522e-05,-0.00055275,0.0299932,100000,100000,1904.28,0,0.00500595,0.000537754,0,565.157,-0.0299881,3.14522e-05,-0.00055275,0.0299932,100000,100000,1904.28,0,0.00500595,0.000537754,0,565.157,-0.0299881,3.14522e-05,-0.00055275,0.0299932,100000,100000,1904.28,0,0.00500595,0.000537754,0,565.157,-0.0299881,3.14522e-05,-0.00055275,0.0299932,100000,100000,1904.28,0,0.00500595,0.000537754,0,565.157,-0.0299881,3.14522e-05,-0.00055275,0.0299932,100000,100000,1904.28,0,0,0,0,0,0,0,0,0,0,0,0,0,1
stats,748,1,749,0.00500595,0.000537754,0,565.157,-0.0299881,3.14525e-05,-0.000552751,0.0299932,100000,100000,1904.28,0,0.00500595,0.000537754,0,565.157,-0.0299881,3.14525e-05,-0.000552751,0.0299932,100000,100000,1904.28,0,0.00500595,0.000537754,0,565.157,-0.0299881,3.14525e-05,-0.000552751,0.0299932,100000,100000,1904.28,0,0.00500595,0.000537754,0,565.157,-0.0299881,3.14525e-05,-0.000552751,0.0299932,100000,100000,1904.28,0,0.00500595,0.000537754,0,565.157,-0.0299881,3.14525e-05,-0.000552751,0.0299932,100000,100000,1904.28,0,0.00500595,0.000537754,0,565.157,-0.0299881,3.14525e-05,-0.000552751,0.0299932,100000,100000,1904.28,0,0,0,0,0,0,0,0,0,0,0,0,0,1
stats,749,1,750,0.00500595,0.000537754,0,565.157,-0.0299881,3.14529e-05,-0.000552751,0.0299932,100000,100000,1904.28,0,0.00500595,0.000537754,0,565.157,-0.0299881,3.14529e-05,-0.000552751,0.0299932,100000,100000,1904.28,0,0.00500595,0.000537754,0,565.157,-0.0299881,3.14529e-05,-0.000552751,0.0299932,100000,100000,1904.28,0,0.00500595,0.000537754,0,565.157,-0.0299881,3.14529e-05,-0.000552751,0.0299932,100000,100000,1904.28,0,0.00500595,0.000537754,0,565.157,-0.0299881,3.14529e-05,-0.000552751,0.0299932,100000,100000,1904.28,0,0.00500595,0.000537754,0,565.157,-0.0299881,3.14529e-05,-0.000552751,0.0299932,100000,100000,1904.28,0,0,0,0,0,0,0,0,0,0,0,0,0,1
stats,750,1,751,0.00500595,0.000537754,0,565.157,-0.0299881,3.14533e-05,-0.000552752,0.0299932,100000,100000,1904.28,0,0.00500595,0.000537754,0,565.157,-0.0299881,3.14533e-05,-0.000552752,0.0299932,100000,100000,1904.28,0,0.00500595,0.000537754,0,565.157,-0.0299881,3.14533e-05,-0.000552752,0.0299932,100000,100000,1904.28,0,0.00500595,0.000537754,0,565.157,-0.0299881,3.14533e-05,-0.000552752,0.0299932,100000,100000,1904.28,0,0.00500595,0.000537754,0,565.157,-0.0299881,3.14533e-05,-0.000552752,0.0299932,100000,100000,1904.28,0,0.00500595,0.000537754,0,565.157,-0.0299881,3.14533e-05,-0.000552752,0.0299932,100000,100000,1904.28,0,0,0,0,0,0,0,0,0,0,0,0,0,1
stats,751,1,752,0.00500595,0.000537754,0,565.157,-0.0299881,3.14537e-05,-0.000552753,0.0299932,100000,100000,1904.28,0,0.00500595,0.000537754,0,565.157,-0.0299881,3.14537e-05,-0.000552753,0.0299932,100000,100000,1904.28,0,0.00500595,0.000537754,0,565.157,-0.0299881,3.14537e-05,-0.000552753,0.0299932,100000,100000,1904.28,0,0.00500595,0.000537754,0,565.157,-0.0299881,3.14537e-05,-0.000552753,0.0299932,100000,100000,1904.28,0,0.00500595,0.000537754,0,565.157,-0.0299881,3.14537e-05,-0.000552753,0.0299932,100000,100000,1904.28,0,0.00500595,0.000537754,0,565.157,-0.0299881,3.14537e-05,-0.000552753,0.0299932,100000,100000,1904.28,0,0,0,0,0,0,0,0,0,0,0,0,0,1
stats,752,1,753,0.00500595,0.000537754,0,565.157,-0.0299881,3.14541e-05,-0.000552753,0.0299932,100000,100000,1904.28,0,0.00500595,0.000537754,0,565.157,-0.0299881,3.14541e-05,-0.000552753,0.0299932,100000,100000,1904.28,0,0.00500595,0.000537754,0,565.157,-0.0299881,3.14541e-05,-0.000552753,0.0299932,100000,100000,1904.28,0,0.00500595,0.000537754,0,565.157,-0.0299881,3.14541e-05,-0.000552753,0.0299932,100000,100000,1904.28,0,0.00500595,0.000537754,0,565.157,-0.0299881,3.14541e-05,-0.000552753,0.0299932,100000,100000,1904.28,0,0.00500595,0.000537754,0,565.157,-0.0299881,3.14541e-05,-0.000552753,0.0299932,100000,100000,1904.28,0,0,0,0,0,0,0,0,0,0,0,0,0,1
stats,753,1,754,0.00500595,0.000537754,0,565.157,-0.0299881,3.14544e-05,-0.000552754,0.0299932,100000,100000,1904.28,0,0.00500595,0.000537754,0,565.157,-0.0299881,3.14544e-05,-0.000552754,0.0299932,100000,100000,1904.28,0,0.00500595,0.000537754,0,565.157,-0.0299881,3.14544e-05,-0.000552754,0.0299932,100000,100000,1904.28,0,0.00500595,0.000537754,0,565.157,-0.0299881,3.14544e-05,-0.000552754,0.0299932,100000,100000,1904.28,0,0.00500595,0.000537754,0,565.157,-0.0299881,3.14544e-05,-0.000552754,0.0299932,100000,100000,1904.28,0,0.00500595,0.000537754,0,565.157,-0.0299881,3.14544e-05,-0.000552754,0.0299932,100000,100000,1904.28,0,0,0,0,0,0,0,0,0,0,0,0,0,1
stats,754,1,755,0.00500595,0.000537754,0,565.157,-0.0299881,3.14544e-05,-0.000552754,0.0299932,100000,100000,1904.28,0,0.00500595,0.000537754,0,565.157,-0.0299881,3.14544e-05,-0.000552754,0.0299932,100000,100000,1904.28,0,0.00500595,0.000537754,0,565.157,-0.0299881,3.14544e-05,-0.000552754,0.0299932,100000,100000,1904.28,0,0.00500595,0.000537754,0,565.157,-0.0299881,3.14544e-05,-0.000552754,0.0299932,100000,100000,1904.28,0,0.00500595,0.000537754,0,565.157,-0.0299881,3.14544e-05,-0.000552754,0.0299932,100000,100000,1904.28,0,0.00500595,0.000537754,0,565.157,-0.0299881,3.14544e-05,-0.000552754,0.0299932,100000,100000,1904.28,0,0,0,0,0,0,0,0,0,0,0,0,0,1
stats,755,1,756,0.00500595,0.000537754,0,565.157,-0.0299881,3.14542e-05,-0.000552754,0.0299932,100000,100000,1904.28,0,0.00500595,0.000537754,0,565.157,-0.0299881,3.14542e-05,-0.000552754,0.0299932,100000,100000,1904.28,0,0.00500595,0.000537754,0,565.157,-0.0299881,3.14542e-05,-0.000552754,0.0299932,100000,100000,1904.28,0,0.00500595,0.000537754,0,565.157,-0.0299881,3.14542e-05,-0.000552754,0.0299932,100000,100000,1904.28,0,0.00500595,0.000537754,0,565.157,-0.0299881,3.14542e-05,-0.000552754,0.0299932,100000,100000,1904.28,0,0.00500595,0.000537754,0,565.157,-0.0299881,3.14542e-05,-0.000552754,0.0299932,100000,100000,1904.28,0,0,0,0,0,0,0,0,0,0,0,0,0,1
stats,756,1,757,0.00500595,0.000537754,0,565.157,-0.0299881,3.14536e-05,-0.000552754,0.0299932,100000,100000,1904.28,0,0.00500595,0.000537754,0,565.157,-0.0299881,3.14536e-05,-0.000552754,0.0299932,100000,100000,1904.28,0,0.00500595,0.000537754,0,565.157,-0.0299881,3.14536e-05,-0.000552754,0.0299932,100000,100000,1904.28,0,0.00500595,0.000537754,0,565.157,-0.0299881,3.14536e-05,-0.000552754,0.0299932,100000,100000,1904.28,0,0.00500595,0.000537754,0,565.157,-0.0299881,3.14536e-05,-0.000552754,0.0299932,100000,100000,1904.28,0,0.00500595,0.000537754,0,565.157,-0.0299881,3.14536e-05,-0.000552754,0.0299932,100000,100000,1904.28,0,0,0,0,0,0,0,0,0,0,0,0,0,1
stats,757,1,758,0.00500595,0.000537754,0,565.157,-0.0299881,3.1453e-05,-0.000552753,0.0299932,100000,100000,1904.28,0,0.00500595,0.000537754,0,565.157,-0.0299881,3.1453e-05,-0.000552753,0.0299932,100000,100000,1904.28,0,0.00500595,0.000537754,0,565.157,-0.0299881,3.1453e-05,-0.000552753,0.0299932,100000,100000,1904.28,0,0.00500595,0.000537754,0,565.157,-0.0299881,3.1453e-05,-0.000552753,0.0299932,100000,100000,1904.28,0,0.00500595,0.000537754,0,565.157,-0.0299881,3.1453e-05,-0.000552753,0.0299932,100000,100000,1904.28,0,0.00500595,0.000537754,0,565.157,-0.0299881,3.1453e-05,-0.000552753,0.0299932,100000,100000,1904.28,0,0,0,0,0,0,0,0,0,0,0,0,0,1
stats,758,1,759,0.00500595,0.000537754,0,565.157,-0.0299881,3.14524e-05,-0.000552752,0.0299932,100000,100000,1904.28,0,0.00500595,0.000537754,0,565.157,-0.0299881,3.14524e-05,-0.000552752,0.0299932,100000,100000,1904.28,0,0.00500595,0.000537754,0,565.157,-0.0299881,3.14524e-05,-0.000552752,0.0299932,100000,100000,1904.28,0,0.00500595,0.000537754,0,565.157,-0.0299881,3.14524e-05,-0.000552752,0.0299932,100000,100000,1904.28,0,0.00500595,0.000537754,0,565.157,-0.0299881,3.14524e-05,-0.000552752,0.0299932,100000,100000,1904.28,0,0.00500595,0.000537754,0,565.157,-0.0299881,3.14524e-05,-0.000552752,0.0299932,100000,100000,1904.28,0,0,0,0,0,0,0,0,0,0,0,0,0,1
stats,759,1,760,0.00500595,0.000537754,0,565.157,-0.0299881,3.14521e-05,-0.000552751,0.0299932,100000,100000,1904.28,0,0.00500595,0.000537754,0,565.157,-0.0299881,3.14521e-05,-0.000552751,0.0299932,100000,100000,1904.28,0,0.00500595,0.000537754,0,565.157,-0.0299881,3.14521e-05,-0.000552751,0.0299932,100000,100000,1904.28,0,0.00500595,0.000537754,0,565.157,-0.0299881,3.14521e-05,-0.000552751,0.0299932,100000,100000,1904.28,0,0.00500595,0.000537754,0,565.157,-0.0299881,3.14521e-05,-0.000552751,0.0299932,100000,100000,1904.28,0,0.00500595,0.000537754,0,565.157,-0.0299881,3.14521e-05,-0.000552751,0.0299932,100000,100000,1904.28,0,0,0,0,0,0,0,0,0,0,0,0,0,1
stats,760,1,761,0.00500595,0.000537754,0,565.157,-0.0299881,3.14522e-05,-0.000552751,0.0299932,100000,100000,1904.28,0,0.00500595,0.000537754,0,565.157,-0.0299881,3.14522e-05,-0.000552751,0.0299932,100000,100000,1904.28,0,0.00500595,0.000537754,0,565.157,-0.0299881,3.14522e-05,-0.000552751,0.0299932,100000,100000,1904.28,0,0.00500595,0.000537754,0,565.157,-0.0299881,3.14522e-05,-0.000552751,0.0299932,100000,100000,1904.28,0,0.00500595,0.000537754,0,565.157,-0.0299881,3.14522e-05,-0.000552751,0.0299932,100000,100000,1904.28,0,0.00500595,0.000537754,0,565.157,-0.0299881,3.14522e-05,-0.000552751,0.0299932,100000,100000,1904.28,0,0,0,0,0,0,0,0,0,0,0,0,0,1
stats,761,1,762,0.00500595,0.000537754,0,565.157,-0.0299881,3.14526e-05,-0.00055275,0.0299932,100000,100000,1904.28,0,0.00500595,0.000537754,0,565.157,-0.0299881,3.14526e-05,-0.00055275,0.0299932,100000,100000,1904.28,0,0.00500595,0.000537754,0,565.157,-0.0299881,3.14526e-05,-0.00055275,0.0299932,100000,100000,1904.28,0,0.00500595,0.000537754,0,565.157,-0.0299881,3.14526e-05,-0.00055275,0.0299932,100000,100000,1904.28,0,0.00500595,0.000537754,0,565.157,-0.0299881,3.14526e-05,-0.00055275,0.0299932,100000,100000,1904.28,0,0.00500595,0.000537754,0,565.157,-0.0299881,3.14526e-05,-0.00055275,0.0299932,100000,100000,1904.28,0,0,0,0,0,0,0,0,0,0,0,0,0,1
stats,762,1,763,0.00500595,0.000537754,0,565.157,-0.0299881,3.14532e-05,-0.00055275,0.0299932,100000,100000,1904.28,0,0.00500595,0.000537754,0,565.157,-0.0299881,3.14532e-05,-0.00055275,0.0299932,100000,100000,1904.28,0,0.00500595,0.000537754,0,565.157,-0.0299881,3.14532e-05,-0.00055275,0.0299932,100000,100000,1904.28,0,0.00500595,0.000537754,0,565.157,-0.0299881,3.14532e-05,-0.00055275,0.0299932,100000,100000,1904.28,0,0.00500595,0.000537754,0,565.157,-0.0299881,3.14532e-05,-0.00055275,0.0299932,100000,100000,1904.28,0,0.00500595,0.000537754,0,565.157,-0.0299881,3.14532e-05,-0.00055275,0.0299932,100000,100000,1904.28,0,0,0,0,0,0,0,0,0,0,0,0,0,1
stats,763,1,764,0.00500595,0.000537754,0,565.157,-0.0299881,3.14538e-05,-0.00055275,0.0299932,100000,100000,1904.28,0,0.00500595,0.000537754,0,565.157,-0.0299881,3.14538e-05,-0.00055275,0.0299932,100000,100000,1904.28,0,0.00500595,0.000537754,0,565.157,-0.0299881,3.14538e-05,-0.00055275,0.0299932,100000,100000,1904.28,0,0.00500595,0.000537754,0,565.157,-0.0299881,3.14538e-05,-0.00055275,0.0299932,100000,100000,1904.28,0,0.00500595,0.000537754,0,565.157,-0.0299881,3.14538e-05,-0.00055275,0.0299932,100000,100000,1904.28,0,0.00500595,0.000537754,0,565.157,-0.0299881,3.14538e-05,-0.00055275,0.0299932,100000,100000,1904.28,0,0,0,0,0,0,0,0,0,0,0,0,0,1
stats,764,1,765,0.00500595,0.000537754,0,565.157,-0.0299881,3.14542e-05,-0.00055275,0.0299932,100000,100000,1904.28,0,0.00500595,0.000537754,0,565.157,-0.0299881,3.14542e-05,-0.00055275,0.0299932,100000,100000,1904.28,0,0.00500595,0.000537754,0,565.157,-0.0299881,3.14542e-05,-0.00055275,0.0299932,100000,100000,1904.28,0,0.00500595,0.000537754,0,565.157,-0.0299881,3.14542e-05,-0.00055275,0.0299932,100000,100000,1904.28,0,0.00500595,0.000537754,0,565.157,-0.0299881,3.14542e-05,-0.00055275,0.0299932,100000,100000,1904.28,0,0.00500595,0.000537754,0,565.157,-0.0299881,3.14542e-05,-0.00055275,0.0299932,100000,100000,1904.28,0,0,0,0,0,0,0,0,0,0,0,0,0,1
stats,765,1,766,0.00500595,0.000537754,0,565.157,-0.0299881,3.14544e-05,-0.00055275,0.0299932,100000,100000,1904.28,0,0.00500595,0.000537754,0,565.157,-0.0299881,3.14544e-05,-0.00055275,0.0299932,100000,100000,1904.28,0,0.00500595,0.000537754,0,565.157,-0.0299881,3.14544e-05,-0.00055275,0.0299932,100000,100000,1904.28,0,0.00500595,0.000537754,0,565.157,-0.0299881,3.14544e-05,-0.00055275,0.0299932,100000,100000,1904.28,0,0.00500595,0.000537754,0,565.157,-0.0299881,3.14544e-05,-0.00055275,0.0299932,100000,100000,1904.28,0,0.00500595,0.000537754,0,565.157,-0.0299881,3.14544e-05,-0.00055275,0.0299932,100000,100000,1904.28,0,0,0,0,0,0,0,0,0,0,0,0,0,1
stats,766,1,767,0.00500595,0.000537754,0,565.157,-0.0299881,3.14544e-05,-0.00055275,0.0299932,100000,100000,1904.28,0,0.00500595,0.000537754,0,565.157,-0.0299881,3.14544e-05,-0.00055275,0.0299932,100000,100000,1904.28,0,0.00500595,0.000537754,0,565.157,-0.0299881,3.14544e-05,-0.00055275,0.0299932,100000,100000,1904.28,0,0.00500595,0.000537754,0,565.157,-0.0299881,3.14544e-05,-0.00055275,0.0299932,100000,100000,1904.28,0,0.00500595,0.000537754,0,565.157,-0.0299881,3.14544e-05,-0.00055275,0.0299932,100000,100000,1904.28,0,0.00500595,0.000537754,0,565.157,-0.0299881,3.14544e-05,-0.00055275,0.0299932,100000,100000,1904.28,0,0,0,0,0,0,0,0,0,0,0,0,0,1
stats,767,1,768,0.00500595,0.000537754,0,565.157,-0.0299881,3.14543e-05,-0.000552751,0.0299932,100000,100000,1904.28,0,0.00500595,0.000537754,0,565.157,-0.0299881,3.14543e-05,-0.000552751,0.0299932,100000,100000,1904.28,0,0.00500595,0.000537754,0,565.157,-0.0299881,3.14543e-05,-0.000552751,0.0299932,100000,100000,1904.28,0,0.00500595,0.000537754,0,565.157,-0.0299881,3.14543e-05,-0.000552751,0.0299932,100000,100000,1904.28,0,0.00500595,0.000537754,0,565.157,-0.0299881,3.14543e-05,-0.000552751,0.0299932,100000,100000,1904.28,0,0.00500595,0.000537754,0,565.157,-0.0299881,3.14543e-05,-0.000552751,0.0299932,100000,100000,1904.28,0,0,0,0,0,0,0,0,0,0,0,0,0,1
stats,768,1,769,0.00500595,0.000537754,0,565.157,-0.0299881,3.14543e-05,-0.000552751,0.0299932,100000,100000,1904.28,0,0.00500595,0.000537754,0,565.157,-0.0299881,3.14543e-05,-0.000552751,0.0299932,100000,100000,1904.28,0,0.00500595,0.000537754,0,565.157,-0.0299881,3.14543e-05,-0.000552751,0.0299932,100000,100000,1904.28,0,0.00500595,0.000537754,0,565.157,-0.0299881,3.14543e-05,-0.000552751,0.0299932,100000,100000,1904.28,0,0.00500595,0.000537754,0,565.157,-0.0299881,3.14543e-05,-0.000552751,0.0299932,100000,100000,1904.28,0,0.00500595,0.000537754,0,565.157,-0.0299881,3.14543e-05,-0.000552751,0.0299932,100000,100000,1904.28,0,0,0,0,0,0,0,0,0,0,0,0,0,1
stats,769,1,770,0.00500595,0.000537754,0,565.157,-0.0299881,3.14542e-05,-0.000552752,0.0299932,100000,100000,1904.28,0,0.00500595,0.000537754,0,565.157,-0.0299881,3.14542e-05,-0.000552752,0.0299932,100000,100000,1904.28,0,0.00500595,0.000537754,0,565.157,-0.0299881,3.14542e-05,-0.000552752,0.0299932,100000,100000,1904.28,0,0.00500595,0.000537754,0,565.157,-0.0299881,3.14542e-05,-0.000552752,0.0299932,100000,100000,1904.28,0,0.00500595,0.000537754,0,565.157,-0.0299881,3.14542e-05,-0.000552752,0.0299932,100000,100000,1904.28,0,0.00500595,0.000537754,0,565.157,-0.0299881,3.14542e-05,-0.000552752,0.0299932,100000,100000,1904.28,0,0,0,0,0,0,0,0,0,0,0,0,0,1
stats,770,1,771,0.00500595,0.000537754,0,565.157,-0.0299881,3.1454e-05,-0.000552753,0.0299932,100000,100000,1904.28,0,0.00500595,0.000537754,0,565.157,-0.0299881,3.1454e-05,-0.000552753,0.0299932,100000,100000,1904.28,0,0.00500595,0.000537754,0,565.157,-0.0299881,3.1454e-05,-0.000552753,0.0299932,100000,100000,1904.28,0,0.00500595,0.000537754,0,565.157,-0.0299881,3.1454e-05,-0.000552753,0.0299932,100000,100000,1904.28,0,0.00500595,0.000537754,0,565.157,-0.0299881,3.1454e-05,-0.000552753,0.0299932,100000,100000,1904.28,0,0.00500595,0.000537754,0,565.157,-0.0299881,3.1454e-05,-0.000552753,0.0299932,100000,100000,1904.28,0,0,0,0,0,0,0,0,0,0,0,0,0,1
stats,771,1,772,0.00500595,0.000537754,0,565.157,-0.0299881,3.14538e-05,-0.000552753,0.0299932,100000,100000,1904.28,0,0.00500595,0.000537754,0,565.157,-0.0299881,3.14538e-05,-0.000552753,0.0299932,100000,100000,1904.28,0,0.00500595,0.000537754,0,565.157,-0.0299881,3.14538e-05,-0.000552753,0.0299932,100000,100000,1904.28,0,0.00500595,0.000537754,0,565.157,-0.0299881,3.14538e-05,-0.000552753,0.0299932,100000,100000,1904.28,0,0.00500595,0.000537754,0,565.157,-0.0299881,3.14538e-05,-0.000552753,0.0299932,100000,100000,1904.28,0,0.00500595,0.000537754,0,565.157,-0.0299881,3.14538e-05,-0.000552753,0.0299932,100000,100000,1904.28,0,0,0,0,0,0,0,0,0,0,0,0,0,1
stats,772,1,773,0.00500595,0.000537754,0,565.157,-0.0299881,3.14534e-05,-0.000552754,0.0299932,100000,100000,1904.28,0,0.00500595,0.000537754,0,565.157,-0.0299881,3.14534e-05,-0.000552754,0.0299932,100000,100000,1904.28,0,0.00500595,0.000537754,0,565.157,-0.0299881,3.14534e-05,-0.000552754,0.0299932,100000,100000,1904.28,0,0.00500595,0.000537754,0,565.157,-0.0299881,3.14534e-05,-0.000552754,0.0299932,100000,100000,1904.28,0,0.00500595,0.000537754,0,565.157,-0.0299881,3.14534e-05,-0.000552754,0.0299932,100000,100000,1904.28,0,0.00500595,0.000537754,0,565.157,-0.0299881,3.14534e-05,-0.000552754,0.0299932,100000,100000,1904.28,0,0,0,0,0,0,0,0,0,0,0,0,0,1
stats,773,1,774,0.00500595,0.000537754,0,565.157,-0.0299881,3.14529e-05,-0.000552754,0.0299932,100000,100000,1904.28,0,0.00500595,0.000537754,0,565.157,-0.0299881,3.14529e-05,-0.000552754,0.0299932,100000,100000,1904.28,0,0.00500595,0.000537754,0,565.157,-0.0299881,3.14529e-05,-0.000552754,0.0299932,100000,100000,1904.28,0,0.00500595,0.000537754,0,565.157,-0.0299881,3.14529e-05,-0.000552754,0.0299932,100000,100000,1904.28,0,0.00500595,0.000537754,0,565.157,-0.0299881,3.14529e-05,-0.000552754,0.0299932,100000,100000,1904.28,0,0.00500595,0.000537754,0,565.157,-0.0299881,3.14529e-05,-0.000552754,0.0299932,100000,100000,1904.28,0,0,0,0,0,0,0,0,0,0,0,0,0,1
stats,774,1,775,0.00500595,0.000537754,0,565.157,-0.0299881,3.14523e-05,-0.000552754,0.0299932,100000,100000,1904.28,0,0.00500595,0.000537754,0,565.157,-0.0299881,3.14523e-05,-0.000552754,0.0299932,100000,100000,1904.28,0,0.00500595,0.000537754,0,565.157,-0.0299881,3.14523e-05,-0.000552754,0.0299932,100000,100000,1904.28,0,0.00500595,0.000537754,0,565.157,-0.0299881,3.14523e-05,-0.000552754,0.0299932,100000,100000,1904.28,0,0.00500595,0.000537754,0,565.157,-0.0299881,3.14523e-05,-0.000552754,0.0299932,100000,100000,1904.28,0,0.00500595,0.000537754,0,565.157,-0.0299881,3.14523e-05,-0.000552754,0.0299932,100000,100000,1904.28,0,0,0,0,0,0,0,0,0,0,0,0,0,1
stats,775,1,776,0.00500595,0.000537754,0,565.157,-0.0299881,3.14517e-05,-0.000552754,0.0299932,100000,100000,1904.28,0,0.00500595,0.000537754,0,565.157,-0.0299881,3.14517e-05,-0.000552754,0.0299932,100000,100000,1904.28,0,0.00500595,0.000537754,0,565.157,-0.0299881,3.14517e-05,-0.000552754,0.0299932,100000,100000,1904.28,0,0.00500595,0.000537754,0,565.157,-0.0299881,3.14517e-05,-0.000552754,0.0299932,100000,100000,1904.28,0,0.00500595,0.000537754,0,565.157,-0.0299881,3.14517e-05,-0.000552754,0.0299932,100000,100000,1904.28,0,0.00500595,0.000537754,0,565.157,-0.0299881,3.14517e-05,-0.000552754,0.0299932,100000,100000,1904.28,0,0,0,0,0,0,0,0,0,0,0,0,0,1
stats,776,1,777,0.00500595,0.000537754,0,565.157,-0.0299881,3.14513e-05,-0.000552753,0.0299932,100000,100000,1904.28,0,0.00500595,0.000537754,0,565.157,-0.0299881,3.14513e-05,-0.000552753,0.0299932,100000,100000,1904.28,0,0.00500595,0.000537754,0,565.157,-0.0299881,3.14513e-05,-0.000552753,0.0299932,100000,100000,1904.28,0,0.00500595,0.000537754,0,565.157,-0.0299881,3.14513e-05,-0.000552753,0.0299932,100000,100000,1904.28,0,0.00500595,0.000537754,0,565.157,-0.0299881,3.14513e-05,-0.000552753,0.0299932,100000,100000,1904.28,0,0.00500595,0.000537754,0,565.157,-0.0299881,3.14513e-05,-0.000552753,0.0299932,100000,100000,1904.28,0,0,0,0,0,0,0,0,0,0,0,0,0,1
stats,777,1,778,0.00500595,0.000537754,0,565.157,-0.0299881,3.14513e-05,-0.000552752,0.0299932,100000,100000,1904.28,0,0.00500595,0.000537754,0,565.157,-0.0299881,3.14513e-05,-0.000552752,0.0299932,100000,100000,1904.28,0,0.00500595,0.000537754,0,565.157,-0.0299881,3.14513e-05,-0.000552752,0.0299932,100000,100000,1904.28,0,0.00500595,0.000537754,0,565.157,-0.0299881,3.14513e-05,-0.000552752,0.0299932,100000,100000,1904.28,0,0.00500595,0.000537754,0,565.157,-0.0299881,3.14513e-05,-0.000552752,0.0299932,100000,100000,1904.28,0,0.00500595,0.000537754,0,565.157,-0.0299881,3.14513e-05,-0.000552752,0.0299932,100000,100000,1904.28,0,0,0,0,0,0,0,0,0,0,0,0,0,1
stats,778,1,779,0.00500595,0.000537754,0,565.157,-0.0299881,3.14517e-05,-0.000552751,0.0299932,100000,100000,1904.28,0,0.00500595,0.000537754,0,565.157,-0.0299881,3.14517e-05,-0.000552751,0.0299932,100000,100000,1904.28,0,0.00500595,0.000537754,0,565.157,-0.0299881,3.14517e-05,-0.000552751,0.0299932,100000,100000,1904.28,0,0.00500595,0.000537754,0,565.157,-0.0299881,3.14517e-05,-0.000552751,0.0299932,100000,100000,1904.28,0,0.00500595,0.000537754,0,565.157,-0.0299881,3.14517e-05,-0.000552751,0.0299932,100000,100000,1904.28,0,0.00500595,0.000537754,0,565.157,-0.0299881,3.14517e-05,-0.000552751,0.0299932,100000,100000,1904.28,0,0,0,0,0,0,0,0,0,0,0,0,0,1
stats,779,1,780,0.00500595,0.000537754,0,565.157,-0.0299881,3.14525e-05,-0.00055275,0.0299932,100000,100000,1904.28,0,0.00500595,0.000537754,0,565.157,-0.0299881,3.14525e-05,-0.00055275,0.0299932,100000,100000,1904.28,0,0.00500595,0.000537754,0,565.157,-0.0299881,3.14525e-05,-0.00055275,0.0299932,100000,100000,1904.28,0,0.00500595,0.000537754,0,565.157,-0.0299881,3.14525e-05,-0.00055275,0.0299932,100000,100000,1904.28,0,0.00500595,0.000537754,0,565.157,-0.0299881,3.14525e-05,-0.00055275,0.0299932,100000,100000,1904.28,0,0.00500595,0.000537754,0,565.157,-0.0299881,3.14525e-05,-0.00055275,0.0299932,100000,100000,1904.28,0,0,0,0,0,0,0,0,0,0,0,0,0,1
stats,780,1,781,0.00500595,0.000537754,0,565.157,-0.0299881,3.14535e-05,-0.00055275,0.0299932,100000,100000,1904.28,0,0.00500595,0.000537754,0,565.157,-0.0299881,3.14535e-05,-0.00055275,0.0299932,100000,100000,1904.28,0,0.00500595,0.000537754,0,565.157,-0.0299881,3.14535e-05,-0.00055275,0.0299932,100000,100000,1904.28,0,0.00500595,0.000537754,0,565.157,-0.0299881,3.14535e-05,-0.00055275,0.0299932,100000,100000,1904.28,0,0.00500595,0.000537754,0,565.157,-0.0299881,3.14535e-05,-0.00055275,0.0299932,100000,100000,1904.28,0,0.00500595,0.000537754,0,565.157,-0.0299881,3.14535e-05,-0.00055275,0.0299932,100000,100000,1904.28,0,0,0,0,0,0,0,0,0,0,0,0,0,1
stats,781,1,782,0.00500595,0.000537754,0,565.157,-0.0299881,3.14545e-05,-0.00055275,0.0299932,100000,100000,1904.28,0,0.00500595,0.000537754,0,565.157,-0.0299881,3.14545e-05,-0.00055275,0.0299932,100000,100000,1904.28,0,0.00500595,0.000537754,0,565.157,-0.0299881,3.14545e-05,-0.00055275,0.0299932,100000,100000,1904.28,0,0.00500595,0.000537754,0,565.157,-0.0299881,3.14545e-05,-0.00055275,0.0299932,100000,100000,1904.28,0,0.00500595,0.000537754,0,565.157,-0.0299881,3.14545e-05,-0.00055275,0.0299932,100000,100000,1904.28,0,0.00500595,0.000537754,0,565.157,-0.0299881,3.14545e-05,-0.00055275,0.0299932,100000,100000,1904.28,0,0,0,0,0,0,0,0,0,0,0,0,0,1
stats,782,1,783,0.00500595,0.000537754,0,565.157,-0.0299881,3.14554e-05,-0.00055275,0.0299932,100000,100000,1904.28,0,0.00500595,0.000537754,0,565.157,-0.0299881,3.14554e-05,-0.00055275,0.0299932,100000,100000,1904.28,0,0.00500595,0.000537754,0,565.157,-0.0299881,3.14554e-05,-0.00055275,0.0299932,100000,100000,1904.28,0,0.00500595,0.000537754,0,565.157,-0.0299881,3.14554e-05,-0.00055275,0.0299932,100000,100000,1904.28,0,0.00500595,0.000537754,0,565.157,-0.0299881,3.14554e-05,-0.00055275,0.0299932,100000,100000,1904.28,0,0.00500595,0.000537754,0,565.157,-0.0299881,3.14554e-05,-0.00055275,0.0299932,100000,100000,1904.28,0,0,0,0,0,0,0,0,0,0,0,0,0,1
stats,783,1,784,0.00500595,0.000537754,0,565.157,-0.0299881,3.14559e-05,-0.000552751,0.0299932,100000,100000,1904.28,0,0.00500595,0.000537754,0,565.157,-0.0299881,3.14559e-05,-0.000552751,0.0299932,100000,100000,1904.28,0,0.00500595,0.000537754,0,565.157,-0.0299881,3.14559e-05,-0.000552751,0.0299932,100000,100000,1904.28,0,0.00500595,0.000537754,0,565.157,-0.0299881,3.14559e-05,-0.000552751,0.0299932,100000,100000,1904.28,0,0.00500595,0.000537754,0,565.157,-0.0299881,3.14559e-05,-0.000552751,0.0299932,100000,100000,1904.28,0,0.00500595,0.000537754,0,565.157,-0.0299881,3.14559e-05,-0.000552751,0.0299932,100000,100000,1904.28,0,0,0,0,0,0,0,0,0,0,0,0,0,1
stats,784,1,785,0.00500595,0.000537754,0,565.157,-0.0299881,3.14562e-05,-0.000552751,0.0299932,100000,100000,1904.28,0,0.00500595,0.000537754,0,565.157,-0.0299881,3.14562e-05,-0.000552751,0.0299932,100000,100000,1904.28,0,0.00500595,0.000537754,0,565.157,-0.0299881,3.14562e-05,-0.000552751,0.0299932,100000,100000,1904.28,0,0.00500595,0.000537754,0,565.157,-0.0299881,3.14562e-05,-0.000552751,0.0299932,100000,100000,1904.28,0,0.00500595,0.000537754,0,565.157,-0.0299881,3.14562e-05,-0.000552751,0.0299932,100000,100000,1904.28,0,0.00500595,0.000537754,0,565.157,-0.0299881,3.14562e-05,-0.000552751,0.0299932,100000,100000,1904.28,0,0,0,0,0,0,0,0,0,0,0,0,0,1
stats,785,1,786,0.00500595,0.000537754,0,565.157,-0.0299881,3.14562e-05,-0.000552751,0.0299932,100000,100000,1904.28,0,0.00500595,0.000537754,0,565.157,-0.0299881,3.14562e-05,-0.000552751,0.0299932,100000,100000,1904.28,0,0.00500595,0.000537754,0,565.157,-0.0299881,3.14562e-05,-0.000552751,0.0299932,100000,100000,1904.28,0,0.00500595,0.000537754,0,565.157,-0.0299881,3.14562e-05,-0.000552751,0.0299932,100000,100000,1904.28,0,0.00500595,0.000537754,0,565.157,-0.0299881,3.14562e-05,-0.000552751,0.0299932,100000,100000,1904.28,0,0.00500595,0.000537754,0,565.157,-0.0299881,3.14562e-05,-0.000552751,0.0299932,100000,100000,1904.28,0,0,0,0,0,0,0,0,0,0,0,0,0,1
stats,786,1,787,0.00500595,0.000537754,0,565.157,-0.0299881,3.1456e-05,-0.000552751,0.0299932,100000,100000,1904.28,0,0.00500595,0.000537754,0,565.157,-0.0299881,3.1456e-05,-0.000552751,0.0299932,100000,100000,1904.28,0,0.00500595,0.000537754,0,565.157,-0.0299881,3.1456e-05,-0.000552751,0.0299932,100000,100000,1904.28,0,0.00500595,0.000537754,0,565.157,-0.0299881,3.1456e-05,-0.000552751,0.0299932,100000,100000,1904.28,0,0.00500595,0.000537754,0,565.157,-0.0299881,3.1456e-05,-0.000552751,0.0299932,100000,100000,1904.28,0,0.00500595,0.000537754,0,565.157,-0.0299881,3.1456e-05,-0.000552751,0.0299932,100000,100000,1904.28,0,0,0,0,0,0,0,0,0,0,0,0,0,1
stats,787,1,788,0.00500595,0.000537754,0,565.157,-0.0299881,3.14556e-05,-0.000552751,0.0299932,100000,100000,1904.28,0,0.00500595,0.000537754,0,565.157,-0.0299881,3.14556e-05,-0.000552751,0.0299932,100000,100000,1904.28,0,0.00500595,0.000537754,0,565.157,-0.0299881,3.14556e-05,-0.000552751,0.0299932,100000,100000,1904.28,0,0.00500595,0.000537754,0,565.157,-0.0299881,3.14556e-05,-0.000552751,0.0299932,100000,100000,1904.28,0,0.00500595,0.000537754,0,565.157,-0.0299881,3.14556e-05,-0.000552751,0.0299932,100000,100000,1904.28,0,0.00500595,0.000537754,0,565.157,-0.0299881,3.14556e-05,-0.000552751,0.0299932,100000,100000,1904.28,0,0,0,0,0,0,0,0,0,0,0,0,0,1
stats,788,1,789,0.00500595,0.000537754,0,565.157,-0.0299881,3.1455e-05,-0.000552752,0.0299932,100000,100000,1904.28,0,0.00500595,0.000537754,0,565.157,-0.0299881,3.1455e-05,-0.000552752,0.0299932,100000,100000,1904.28,0,0.00500595,0.000537754,0,565.157,-0.0299881,3.1455e-05,-0.000552752,0.0299932,100000,100000,1904.28,0,0.00500595,0.000537754,0,565.157,-0.0299881,3.1455e-05,-0.000552752,0.0299932,100000,100000,1904.28,0,0.00500595,0.000537754,0,565.157,-0.0299881,3.1455e-05,-0.000552752,0.0299932,100000,100000,1904.28,0,0.00500595,0.000537754,0,565.157,-0.0299881,3.1455e-05,-0.000552752,0.0299932,100000,100000,1904.28,0,0,0,0,0,0,0,0,0,0,0,0,0,1
stats,789,1,790,0.00500595,0.000537754,0,565.157,-0.0299881,3.14542e-05,-0.000552753,0.0299932,100000,100000,1904.28,0,0.00500595,0.000537754,0,565.157,-0.0299881,3.14542e-05,-0.000552753,0.0299932,100000,100000,1904.28,0,0.00500595,0.000537754,0,565.157,-0.0299881,3.14542e-05,-0.000552753,0.0299932,100000,100000,1904.28,0,0.00500595,0.000537754,0,565.157,-0.0299881,3.14542e-05,-0.000552753,0.0299932,100000,100000,1904.28,0,0.00500595,0.000537754,0,565.157,-0.0299881,3.14542e-05,-0.000552753,0.0299932,100000,100000,1904.28,0,0.00500595,0.000537754,0,565.157,-0.0299881,3.14542e-05,-0.000552753,0.0299932,100000,100000,1904.28,0,0,0,0,0,0,0,0,0,0,0,0,0,1
stats,790,1,791,0.00500595,0.000537754,0,565.157,-0.0299881,3.14532e-05,-0.000552753,0.0299932,100000,100000,1904.28,0,0.00500595,0.000537754,0,565.157,-0.0299881,3.14532e-05,-0.000552753,0.0299932,100000,100000,1904.28,0,0.00500595,0.000537754,0,565.157,-0.0299881,3.14532e-05,-0.000552753,0.0299932,100000,100000,1904.28,0,0.00500595,0.000537754,0,565.157,-0.0299881,3.14532e-05,-0.000552753,0.0299932,100000,100000,1904.28,0,0.00500595,0.000537754,0,565.157,-0.0299881,3.14532e-05,-0.000552753,0.0299932,100000,100000,1904.28,0,0.00500595,0.000537754,0,565.157,-0.0299881,3.14532e-05,-0.000552753,0.0299932,100000,100000,1904.28,0,0,0,0,0,0,0,0,0,0,0,0,0,1
stats,791,1,792,0.00500595,0.000537754,0,565.157,-0.0299881,3.14521e-05,-0.000552754,0.0299932,100000,100000,1904.28,0,0.00500595,0.000537754,0,565.157,-0.0299881,3.14521e-05,-0.000552754,0.0299932,100000,100000,1904.28,0,0.00500595,0.000537754,0,565.157,-0.0299881,3.14521e-05,-0.000552754,0.0299932,100000,100000,1904.28,0,0.00500595,0.000537754,0,565.157,-0.0299881,3.14521e-05,-0.000552754,0.0299932,100000,100000,1904.28,0,0.00500595,0.000537754,0,565.157,-0.0299881,3.14521e-05,-0.000552754,0.0299932,100000,100000,1904.28,0,0.00500595,0.000537754,0,565.157,-0.0299881,3.14521e-05,-0.000552754,0.0299932,100000,100000,1904.28,0,0,0,0,0,0,0,0,0,0,0,0,0,1
stats,792,1,793,0.00500595,0.000537754,0,565.157,-0.0299881,3.14511e-05,-0.000552754,0.0299932,100000,100000,1904.28,0,0.00500595,0.000537754,0,565.157,-0.0299881,3.14511e-05,-0.000552754,0.0299932,100000,100000,1904.28,0,0.00500595,0.000537754,0,565.157,-0.0299881,3.14511e-05,-0.000552754,0.0299932,100000,100000,1904.28,0,0.00500595,0.000537754,0,565.157,-0.0299881,3.14511e-05,-0.000552754,0.0299932,100000,100000,1904.28,0,0.00500595,0.000537754,0,565.157,-0.0299881,3.14511e-05,-0.000552754,0.0299932,100000,100000,1904.28,0,0.00500595,0.000537754,0,565.157,-0.0299881,3.14511e-05,-0.000552754,0.0299932,100000,100000,1904.28,0,0,0,0,0,0,0,0,0,0,0,0,0,1
stats,793,1,794,0.00500595,0.000537754,0,565.157,-0.0299881,3.14503e-05,-0.000552753,0.0299932,100000,100000,1904.28,0,0.00500595,0.000537754,0,565.157,-0.0299881,3.14503e-05,-0.000552753,0.0299932,100000,100000,1904.28,0,0.00500595,0.000537754,0,565.157,-0.0299881,3.14503e-05,-0.000552753,0.0299932,100000,100000,1904.28,0,0.00500595,0.000537754,0,565.157,-0.0299881,3.14503e-05,-0.000552753,0.0299932,100000,100000,1904.28,0,0.00500595,0.000537754,0,565.157,-0.0299881,3.14503e-05,-0.000552753,0.0299932,100000,100000,1904.28,0,0.00500595,0.000537754,0,565.157,-0.0299881,3.14503e-05,-0.000552753,0.0299932,100000,100000,1904.28,0,0,0,0,0,0,0,0,0,0,0,0,0,1
stats,794,1,795,0.00500595,0.000537754,0,565.157,-0.0299881,3.145e-05,-0.000552753,0.0299932,100000,100000,1904.28,0,0.00500595,0.000537754,0,565.157,-0.0299881,3.145e-05,-0.000552753,0.0299932,100000,100000,1904.28,0,0.00500595,0.000537754,0,565.157,-0.0299881,3.145e-05,-0.000552753,0.0299932,100000,100000,1904.28,0,0.00500595,0.000537754,0,565.157,-0.0299881,3.145e-05,-0.000552753,0.0299932,100000,100000,1904.28,0,0.00500595,0.000537754,0,565.157,-0.0299881,3.145e-05,-0.000552753,0.0299932,100000,100000,1904.28,0,0.00500595,0.000537754,0,565.157,-0.0299881,3.145e-05,-0.000552753,0.0299932,100000,100000,1904.28,0,0,0,0,0,0,0,0,0,0,0,0,0,1
stats,795,1,796,0.00500595,0.000537754,0,565.157,-0.0299881,3.14501e-05,-0.000552752,0.0299932,100000,100000,1904.28,0,0.00500595,0.000537754,0,565.157,-0.0299881,3.14501e-05,-0.000552752,0.0299932,100000,100000,1904.28,0,0.00500595,0.000537754,0,565.157,-0.0299881,3.14501e-05,-0.000552752,0.0299932,100000,100000,1904.28,0,0.00500595,0.000537754,0,565.157,-0.0299881,3.14501e-05,-0.000552752,0.0299932,100000,100000,1904.28,0,0.00500595,0.000537754,0,565.157,-0.0299881,3.14501e-05,-0.000552752,0.0299932,100000,100000,1904.28,0,0.00500595,0.000537754,0,565.157,-0.0299881,3.14501e-05,-0.000552752,0.0299932,100000,100000,1904.28,0,0,0,0,0,0,0,0,0,0,0,0,0,1
stats,796,1,797,0.00500595,0.000537754,0,565.157,-0.0299881,3.14507e-05,-0.000552751,0.0299932,100000,100000,1904.28,0,0.00500595,0.000537754,0,565.157,-0.0299881,3.14507e-05,-0.000552751,0.0299932,100000,100000,1904.28,0,0.00500595,0.000537754,0,565.157,-0.0299881,3.14507e-05,-0.000552751,0.0299932,100000,100000,1904.28,0,0.00500595,0.000537754,0,565.157,-0.0299881,3.14507e-05,-0.000552751,0.0299932,100000,100000,1904.28,0,0.00500595,0.000537754,0,565.157,-0.0299881,3.14507e-05,-0.000552751,0.0299932,100000,100000,1904.28,0,0.00500595,0.000537754,0,565.157,-0.0299881,3.14507e-05,-0.000552751,0.0299932,100000,100000,1904.28,0,0,0,0,0,0,0,0,0,0,0,0,0,1
stats,797,1,798,0.00500595,0.000537754,0,565.157,-0.0299881,3.14517e-05,-0.000552751,0.0299932,100000,100000,1904.28,0,0.00500595,0.000537754,0,565.157,-0.0299881,3.14517e-05,-0.000552751,0.0299932,100000,100000,1904.28,0,0.00500595,0.000537754,0,565.157,-0.0299881,3.14517e-05,-0.000552751,0.0299932,100000,100000,1904.28,0,0.00500595,0.000537754,0,565.157,-0.0299881,3.14517e-05,-0.000552751,0.0299932,100000,100000,1904.28,0,0.00500595,0.000537754,0,565.157,-0.0299881,3.14517e-05,-0.000552751,0.0299932,100000,100000,1904.28,0,0.00500595,0.000537754,0,565.157,-0.0299881,3.14517e-05,-0.000552751,0.0299932,100000,100000,1904.28,0,0,0,0,0,0,0,0,0,0,0,0,0,1
stats,798,1,799,0.00500595,0.000537754,0,565.157,-0.0299881,3.14528e-05,-0.000552751,0.0299932,100000,100000,1904.28,0,0.00500595,0.000537754,0,565.157,-0.0299881,3.14528e-05,-0.000552751,0.0299932,100000,100000,1904.28,0,0.00500595,0.000537754,0,565.157,-0.0299881,3.14528e-05,-0.000552751,0.0299932,100000,100000,1904.28,0,0.00500595,0.000537754,0,565.157,-0.0299881,3.14528e-05,-0.000552751,0.0299932,100000,100000,1904.28,0,0.00500595,0.000537754,0,565.157,-0.0299881,3.14528e-05,-0.000552751,0.0299932,100000,100000,1904.28,0,0.00500595,0.000537754,0,565.157,-0.0299881,3.14528e-05,-0.000552751,0.0299932,100000,100000,1904.28,0,0,0,0,0,0,0,0,0,0,0,0,0,1
stats,799,1,800,0.00500595,0.000537754,0,565.157,-0.0299881,3.14539e-05,-0.000552751,0.0299932,100000,100000,1904.28,0,0.00500595,0.000537754,0,565.157,-0.0299881,3.14539e-05,-0.000552751,0.0299932,100000,100000,1904.28,0,0.00500595,0.000537754,0,565.157,-0.0299881,3.14539e-05,-0.000552751,0.0299932,100000,100000,1904.28,0,0.00500595,0.000537754,0,565.157,-0.0299881,3.14539e-05,-0.000552751,0.0299932,100000,100000,1904.28,0,0.00500595,0.000537754,0,565.157,-0.0299881,3.14539e-05,-0.000552751,0.0299932,100000,100000,1904.28,0,0.00500595,0.000537754,0,565.157,-0.0299881,3.14539e-05,-0.000552751,0.0299932,100000,100000,1904.28,0,0,0,0,0,0,0,0,0,0,0,0,0,1
stats,800,1,801,0.00500595,0.000537754,0,565.157,-0.0299881,3.14549e-05,-0.000552751,0.0299932,100000,100000,1904.28,0,0.00500595,0.000537754,0,565.157,-0.0299881,3.14549e-05,-0.000552751,0.0299932,100000,100000,1904.28,0,0.00500595,0.000537754,0,565.157,-0.0299881,3.14549e-05,-0.000552751,0.0299932,100000,100000,1904.28,0,0.00500595,0.000537754,0,565.157,-0.0299881,3.14549e-05,-0.000552751,0.0299932,100000,100000,1904.28,0,0.00500595,0.000537754,0,565.157,-0.0299881,3.14549e-05,-0.000552751,0.0299932,100000,100000,1904.28,0,0.00500595,0.000537754,0,565.157,-0.0299881,3.14549e-05,-0.000552751,0.0299932,100000,100000,1904.28,0,0,0,0,0,0,0,0,0,0,0,0,0,1
stats,801,1,802,0.00500595,0.000537754,0,565.157,-0.0299881,3.14558e-05,-0.000552751,0.0299932,100000,100000,1904.28,0,0.00500595,0.000537754,0,565.157,-0.0299881,3.14558e-05,-0.000552751,0.0299932,100000,100000,1904.28,0,0.00500595,0.000537754,0,565.157,-0.0299881,3.14558e-05,-0.000552751,0.0299932,100000,100000,1904.28,0,0.00500595,0.000537754,0,565.157,-0.0299881,3.14558e-05,-0.000552751,0.0299932,100000,100000,1904.28,0,0.00500595,0.000537754,0,565.157,-0.0299881,3.14558e-05,-0.000552751,0.0299932,100000,100000,1904.28,0,0.00500595,0.000537754,0,565.157,-0.0299881,3.14558e-05,-0.000552751,0.0299932,100000,100000,1904.28,0,0,0,0,0,0,0,0,0,0,0,0,0,1
stats,802,1,803,0.00500595,0.000537754,0,565.157,-0.0299881,3.14566e-05,-0.000552751,0.0299932,100000,100000,1904.28,0,0.00500595,0.000537754,0,565.157,-0.0299881,3.14566e-05,-0.000552751,0.0299932,100000,100000,1904.28,0,0.00500595,0.000537754,0,565.157,-0.0299881,3.14566e-05,-0.000552751,0.0299932,100000,100000,1904.28,0,0.00500595,0.000537754,0,565.157,-0.0299881,3.14566e-05,-0.000552751,0.0299932,100000,100000,1904.28,0,0.00500595,0.000537754,0,565.157,-0.0299881,3.14566e-05,-0.000552751,0.0299932,100000,100000,1904.28,0,0.00500595,0.000537754,0,565.157,-0.0299881,3.14566e-05,-0.000552751,0.0299932,100000,100000,1904.28,0,0,0,0,0,0,0,0,0,0,0,0,0,1
stats,803,1,804,0.00500595,0.000537754,0,565.157,-0.0299881,3.14571e-05,-0.000552751,0.0299932,100000,100000,1904.28,0,0.00500595,0.000537754,0,565.157,-0.0299881,3.14571e-05,-0.000552751,0.0299932,100000,100000,1904.28,0,0.00500595,0.000537754,0,565.157,-0.0299881,3.14571e-05,-0.000552751,0.0299932,100000,100000,1904.28,0,0.00500595,0.000537754,0,565.157,-0.0299881,3.14571e-05,-0.000552751,0.0299932,100000,100000,1904.28,0,0.00500595,0.000537754,0,565.157,-0.0299881,3.14571e-05,-0.000552751,0.0299932,100000,100000,1904.28,0,0.00500595,0.000537754,0,565.157,-0.0299881,3.14571e-05,-0.000552751,0.0299932,100000,100000,1904.28,0,0,0,0,0,0,0,0,0,0,0,0,0,1
stats,804,1,805,0.00500595,0.000537754,0,565.157,-0.0299881,3.14572e-05,-0.000552751,0.0299932,100000,100000,1904.28,0,0.00500595,0.000537754,0,565.157,-0.0299881,3.14572e-05,-0.000552751,0.0299932,100000,100000,1904.28,0,0.00500595,0.000537754,0,565.157,-0.0299881,3.14572e-05,-0.000552751,0.0299932,100000,100000,1904.28,0,0.00500595,0.000537754,0,565.157,-0.0299881,3.14572e-05,-0.000552751,0.0299932,100000,100000,1904.28,0,0.00500595,0.000537754,0,565.157,-0.0299881,3.14572e-05,-0.000552751,0.0299932,100000,100000,1904.28,0,0.00500595,0.000537754,0,565.157,-0.0299881,3.14572e-05,-0.000552751,0.0299932,100000,100000,1904.28,0,0,0,0,0,0,0,0,0,0,0,0,0,1
stats,805,1,806,0.00500595,0.000537754,0,565.157,-0.0299881,3.1457e-05,-0.000552752,0.0299932,100000,100000,1904.28,0,0.00500595,0.000537754,0,565.157,-0.0299881,3.1457e-05,-0.000552752,0.0299932,100000,100000,1904.28,0,0.00500595,0.000537754,0,565.157,-0.0299881,3.1457e-05,-0.000552752,0.0299932,100000,100000,1904.28,0,0.00500595,0.000537754,0,565.157,-0.0299881,3.1457e-05,-0.000552752,0.0299932,100000,100000,1904.28,0,0.00500595,0.000537754,0,565.157,-0.0299881,3.1457e-05,-0.000552752,0.0299932,100000,100000,1904.28,0,0.00500595,0.000537754,0,565.157,-0.0299881,3.1457e-05,-0.000552752,0.0299932,100000,100000,1904.28,0,0,0,0,0,0,0,0,0,0,0,0,0,1
stats,806,1,807,0.00500595,0.000537754,0,565.157,-0.0299881,3.14563e-05,-0.000552752,0.0299932,100000,100000,1904.28,0,0.00500595,0.000537754,0,565.157,-0.0299881,3.14563e-05,-0.000552752,0.0299932,100000,100000,1904.28,0,0.00500595,0.000537754,0,565.157,-0.0299881,3.14563e-05,-0.000552752,0.0299932,100000,100000,1904.28,0,0.00500595,0.000537754,0,565.157,-0.0299881,3.14563e-05,-0.000552752,0.0299932,100000,100000,1904.28,0,0.00500595,0.000537754,0,565.157,-0.0299881,3.14563e-05,-0.000552752,0.0299932,100000,100000,1904.28,0,0.00500595,0.000537754,0,565.157,-0.0299881,3.14563e-05,-0.000552752,0.0299932,100000,100000,1904.28,0,0,0,0,0,0,0,0,0,0,0,0,0,1
stats,807,1,808,0.00500595,0.000537754,0,565.157,-0.0299881,3.14553e-05,-0.000552752,0.0299932,100000,100000,1904.28,0,0.00500595,0.000537754,0,565.157,-0.0299881,3.14553e-05,-0.000552752,0.0299932,100000,100000,1904.28,0,0.00500595,0.000537754,0,565.157,-0.0299881,3.14553e-05,-0.000552752,0.0299932,100000,100000,1904.28,0,0.00500595,0.000537754,0,565.157,-0.0299881,3.14553e-05,-0.000552752,0.0299932,100000,100000,1904.28,0,0.00500595,0.000537754,0,565.157,-0.0299881,3.14553e-05,-0.000552752,0.0299932,100000,100000,1904.28,0,0.00500595,0.000537754,0,565.157,-0.0299881,3.14553e-05,-0.000552752,0.0299932,100000,100000,1904.28,0,0,0,0,0,0,0,0,0,0,0,0,0,1
stats,808,1,809,0.00500595,0.000537754,0,565.157,-0.0299881,3.14539e-05,-0.000552752,0.0299932,100000,100000,1904.28,0,0.00500595,0.000537754,0,565.157,-0.0299881,3.14539e-05,-0.000552752,0.0299932,100000,100000,1904.28,0,0.00500595,0.000537754,0,565.157,-0.0299881,3.14539e-05,-0.000552752,0.0299932,100000,100000,1904.28,0,0.00500595,0.000537754,0,565.157,-0.0299881,3.14539e-05,-0.000552752,0.0299932,100000,100000,1904.28,0,0.00500595,0.000537754,0,565.157,-0.0299881,3.14539e-05,-0.000552752,0.0299932,100000,100000,1904.28,0,0.00500595,0.000537754,0,565.157,-0.0299881,3.14539e-05,-0.000552752,0.0299932,100000,100000,1904.28,0,0,0,0,0,0,0,0,0,0,0,0,0,1
stats,809,1,810,0.00500595,0.000537754,0,565.157,-0.0299881,3.14523e-05,-0.000552752,0.0299932,100000,100000,1904.28,0,0.00500595,0.000537754,0,565.157,-0.0299881,3.14523e-05,-0.000552752,0.0299932,100000,100000,1904.28,0,0.00500595,0.000537754,0,565.157,-0.0299881,3.14523e-05,-0.000552752,0.0299932,100000,100000,1904.28,0,0.00500595,0.000537754,0,565.157,-0.0299881,3.14523e-05,-0.000552752,0.0299932,100000,100000,1904.28,0,0.00500595,0.000537754,0,565.157,-0.0299881,3.14523e-05,-0.000552752,0.0299932,100000,100000,1904.28,0,0.00500595,0.000537754,0,565.157,-0.0299881,3.14523e-05,-0.000552752,0.0299932,100000,100000,1904.28,0,0,0,0,0,0,0,0,0,0,0,0,0,1
stats,810,1,811,0.00500595,0.000537754,0,565.157,-0.0299881,3.14508e-05,-0.000552752,0.0299932,100000,100000,1904.28,0,0.00500595,0.000537754,0,565.157,-0.0299881,3.14508e-05,-0.000552752,0.0299932,100000,100000,1904.28,0,0.00500595,0.000537754,0,565.157,-0.0299881,3.14508e-05,-0.000552752,0.0299932,100000,100000,1904.28,0,0.00500595,0.000537754,0,565.157,-0.0299881,3.14508e-05,-0.000552752,0.0299932,100000,100000,1904.28,0,0.00500595,0.000537754,0,565.157,-0.0299881,3.14508e-05,-0.000552752,0.0299932,100000,100000,1904.28,0,0.00500595,0.000537754,0,565.157,-0.0299881,3.14508e-05,-0.000552752,0.0299932,100000,100000,1904.28,0,0,0,0,0,0,0,0,0,0,0,0,0,1
stats,811,1,812,0.00500595,0.000537754,0,565.157,-0.0299881,3.14497e-05,-0.000552752,0.0299932,100000,100000,1904.28,0,0.00500595,0.000537754,0,565.157,-0.0299881,3.14497e-05,-0.000552752,0.0299932,100000,100000,1904.28,0,0.00500595,0.000537754,0,565.157,-0.0299881,3.14497e-05,-0.000552752,0.0299932,100000,100000,1904.28,0,0.00500595,0.000537754,0,565.157,-0.0299881,3.14497e-05,-0.000552752,0.0299932,100000,100000,1904.28,0,0.00500595,0.000537754,0,565.157,-0.0299881,3.14497e-05,-0.000552752,0.0299932,100000,100000,1904.28,0,0.00500595,0.000537754,0,565.157,-0.0299881,3.14497e-05,-0.000552752,0.0299932,100000,100000,1904.28,0,0,0,0,0,0,0,0,0,0,0,0,0,1
stats,812,1,813,0.00500595,0.000537754,0,565.157,-0.0299881,3.14491e-05,-0.000552752,0.0299932,100000,100000,1904.28,0,0.00500595,0.000537754,0,565.157,-0.0299881,3.14491e-05,-0.000552752,0.0299932,100000,100000,1904.28,0,0.00500595,0.000537754,0,565.157,-0.0299881,3.14491e-05,-0.000552752,0.0299932,100000,100000,1904.28,0,0.00500595,0.000537754,0,565.157,-0.0299881,3.14491e-05,-0.000552752,0.0299932,100000,100000,1904.28,0,0.00500595,0.000537754,0,565.157,-0.0299881,3.14491e-05,-0.000552752,0.0299932,100000,100000,1904.28,0,0.00500595,0.000537754,0,565.157,-0.0299881,3.14491e-05,-0.000552752,0.0299932,100000,100000,1904.28,0,0,0,0,0,0,0,0,0,0,0,0,0,1
stats,813,1,814,0.00500595,0.000537754,0,565.157,-0.0299881,3.14491e-05,-0.000552751,0.0299932,100000,100000,1904.28,0,0.00500595,0.000537754,0,565.157,-0.0299881,3.14491e-05,-0.000552751,0.0299932,100000,100000,1904.28,0,0.00500595,0.000537754,0,565.157,-0.0299881,3.14491e-05,-0.000552751,0.0299932,100000,100000,1904.28,0,0.00500595,0.000537754,0,565.157,-0.0299881,3.14491e-05,-0.000552751,0.0299932,100000,100000,1904.28,0,0.00500595,0.000537754,0,565.157,-0.0299881,3.14491e-05,-0.000552751,0.0299932,100000,100000,1904.28,0,0.00500595,0.000537754,0,565.157,-0.0299881,3.14491e-05,-0.000552751,0.0299932,100000,100000,1904.28,0,0,0,0,0,0,0,0,0,0,0,0,0,1
stats,814,1,815,0.00500595,0.000537754,0,565.157,-0.0299881,3.14497e-05,-0.000552751,0.0299932,100000,100000,1904.28,0,0.00500595,0.000537754,0,565.157,-0.0299881,3.14497e-05,-0.000552751,0.0299932,100000,100000,1904.28,0,0.00500595,0.000537754,0,565.157,-0.0299881,3.14497e-05,-0.000552751,0.0299932,100000,100000,1904.28,0,0.00500595,0.000537754,0,565.157,-0.0299881,3.14497e-05,-0.000552751,0.0299932,100000,100000,1904.28,0,0.00500595,0.000537754,0,565.157,-0.0299881,3.14497e-05,-0.000552751,0.0299932,100000,100000,1904.28,0,0.00500595,0.000537754,0,565.157,-0.0299881,3.14497e-05,-0.000552751,0.0299932,100000,100000,1904.28,0,0,0,0,0,0,0,0,0,0,0,0,0,1
stats,815,1,816,0.00500595,0.000537754,0,565.157,-0.0299881,3.14506e-05,-0.000552752,0.0299932,100000,100000,1904.28,0,0.00500595,0.000537754,0,565.157,-0.0299881,3.14506e-05,-0.000552752,0.0299932,100000,100000,1904.28,0,0.00500595,0.000537754,0,565.157,-0.0299881,3.14506e-05,-0.000552752,0.0299932,100000,100000,1904.28,0,0.00500595,0.000537754,0,565.157,-0.0299881,3.14506e-05,-0.000552752,0.0299932,100000,100000,1904.28,0,0.00500595,0.000537754,0,565.157,-0.0299881,3.14506e-05,-0.000552752,0.0299932,100000,100000,1904.28,0,0.00500595,0.000537754,0,565.157,-0.0299881,3.14506e-05,-0.000552752,0.0299932,100000,100000,1904.28,0,0,0,0,0,0,0,0,0,0,0,0,0,1
stats,816,1,817,0.00500595,0.000537754,0,565.157,-0.0299881,3.14516e-05,-0.000552752,0.0299932,100000,100000,1904.28,0,0.00500595,0.000537754,0,565.157,-0.0299881,3.14516e-05,-0.000552752,0.0299932,100000,100000,1904.28,0,0.00500595,0.000537754,0,565.157,-0.0299881,3.14516e-05,-0.000552752,0.0299932,100000,100000,1904.28,0,0.00500595,0.000537754,0,565.157,-0.0299881,3.14516e-05,-0.000552752,0.0299932,100000,100000,1904.28,0,0.00500595,0.000537754,0,565.157,-0.0299881,3.14516e-05,-0.000552752,0.0299932,100000,100000,1904.28,0,0.00500595,0.000537754,0,565.157,-0.0299881,3.14516e-05,-0.000552752,0.0299932,100000,100000,1904.28,0,0,0,0,0,0,0,0,0,0,0,0,0,1
stats,817,1,818,0.00500595,0.000537754,0,565.157,-0.0299881,3.14527e-05,-0.000552752,0.0299932,100000,100000,1904.28,0,0.00500595,0.000537754,0,565.157,-0.0299881,3.14527e-05,-0.000552752,0.0299932,100000,100000,1904.28,0,0.00500595,0.000537754,0,565.157,-0.0299881,3.14527e-05,-0.000552752,0.0299932,100000,100000,1904.28,0,0.00500595,0.000537754,0,565.157,-0.0299881,3.14527e-05,-0.000552752,0.0299932,100000,100000,1904.28,0,0.00500595,0.000537754,0,565.157,-0.0299881,3.14527e-05,-0.000552752,0.0299932,100000,100000,1904.28,0,0.00500595,0.000537754,0,565.157,-0.0299881,3.14527e-05,-0.000552752,0.0299932,100000,100000,1904.28,0,0,0,0,0,0,0,0,0,0,0,0,0,1
stats,818,1,819,0.00500595,0.000537754,0,565.157,-0.0299881,3.14538e-05,-0.000552752,0.0299932,100000,100000,1904.28,0,0.00500595,0.000537754,0,565.157,-0.0299881,3.14538e-05,-0.000552752,0.0299932,100000,100000,1904.28,0,0.00500595,0.000537754,0,565.157,-0.0299881,3.14538e-05,-0.000552752,0.0299932,100000,100000,1904.28,0,0.00500595,0.000537754,0,565.157,-0.0299881,3.14538e-05,-0.000552752,0.0299932,100000,100000,1904.28,0,0.00500595,0.000537754,0,565.157,-0.0299881,3.14538e-05,-0.000552752,0.0299932,100000,100000,1904.28,0,0.00500595,0.000537754,0,565.157,-0.0299881,3.14538e-05,-0.000552752,0.0299932,100000,100000,1904.28,0,0,0,0,0,0,0,0,0,0,0,0,0,1
stats,819,1,820,0.00500595,0.000537754,0,565.157,-0.0299881,3.14548e-05,-0.000552752,0.0299932,100000,100000,1904.28,0,0.00500595,0.000537754,0,565.157,-0.0299881,3.14548e-05,-0.000552752,0.0299932,100000,100000,1904.28,0,0.00500595,0.000537754,0,565.157,-0.0299881,3.14548e-05,-0.000552752,0.0299932,100000,100000,1904.28,0,0.00500595,0.000537754,0,565.157,-0.0299881,3.14548e-05,-0.000552752,0.0299932,100000,100000,1904.28,0,0.00500595,0.000537754,0,565.157,-0.0299881,3.14548e-05,-0.000552752,0.0299932,100000,100000,1904.28,0,0.00500595,0.000537754,0,565.157,-0.0299881,3.14548e-05,-0.000552752,0.0299932,100000,100000,1904.28,0,0,0,0,0,0,0,0,0,0,0,0,0,1
stats,820,1,821,0.00500595,0.000537754,0,565.157,-0.0299881,3.14557e-05,-0.000552752,0.0299932,100000,100000,1904.28,0,0.00500595,0.000537754,0,565.157,-0.0299881,3.14557e-05,-0.000552752,0.0299932,100000,100000,1904.28,0,0.00500595,0.000537754,0,565.157,-0.0299881,3.14557e-05,-0.000552752,0.0299932,100000,100000,1904.28,0,0.00500595,0.000537754,0,565.157,-0.0299881,3.14557e-05,-0.000552752,0.0299932,100000,100000,1904.28,0,0.00500595,0.000537754,0,565.157,-0.0299881,3.14557e-05,-0.000552752,0.0299932,100000,100000,1904.28,0,0.00500595,0.000537754,0,565.157,-0.0299881,3.14557e-05,-0.000552752,0.0299932,100000,100000,1904.28,0,0,0,0,0,0,0,0,0,0,0,0,0,1
stats,821,1,822,0.00500595,0.000537754,0,565.157,-0.0299881,3.14565e-05,-0.000552752,0.0299932,100000,100000,1904.28,0,0.00500595,0.000537754,0,565.157,-0.0299881,3.14565e-05,-0.000552752,0.0299932,100000,100000,1904.28,0,0.00500595,0.000537754,0,565.157,-0.0299881,3.14565e-05,-0.000552752,0.0299932,100000,100000,1904.28,0,0.00500595,0.000537754,0,565.157,-0.0299881,3.14565e-05,-0.000552752,0.0299932,100000,100000,1904.28,0,0.00500595,0.000537754,0,565.157,-0.0299881,3.14565e-05,-0.000552752,0.0299932,100000,100000,1904.28,0,0.00500595,0.000537754,0,565.157,-0.0299881,3.14565e-05,-0.000552752,0.0299932,100000,100000,1904.28,0,0,0,0,0,0,0,0,0,0,0,0,0,1
stats,822,1,823,0.00500595,0.000537754,0,565.157,-0.0299881,3.14571e-05,-0.000552752,0.0299932,100000,100000,1904.28,0,0.00500595,0.000537754,0,565.157,-0.0299881,3.14571e-05,-0.000552752,0.0299932,100000,100000,1904.28,0,0.00500595,0.000537754,0,565.157,-0.0299881,3.14571e-05,-0.000552752,0.0299932,100000,100000,1904.28,0,0.00500595,0.000537754,0,565.157,-0.0299881,3.14571e-05,-0.000552752,0.0299932,100000,100000,1904.28,0,0.00500595,0.000537754,0,565.157,-0.0299881,3.14571e-05,-0.000552752,0.0299932,100000,100000,1904.28,0,0.00500595,0.000537754,0,565.157,-0.0299881,3.14571e-05,-0.000552752,0.0299932,100000,100000,1904.28,0,0,0,0,0,0,0,0,0,0,0,0,0,1
stats,823,1,824,0.00500595,0.000537754,0,565.157,-0.0299881,3.14574e-05,-0.000552752,0.0299932,100000,100000,1904.28,0,0.00500595,0.000537754,0,565.157,-0.0299881,3.14574e-05,-0.000552752,0.0299932,100000,100000,1904.28,0,0.00500595,0.000537754,0,565.157,-0.0299881,3.14574e-05,-0.000552752,0.0299932,100000,100000,1904.28,0,0.00500595,0.000537754,0,565.157,-0.0299881,3.14574e-05,-0.000552752,0.0299932,100000,100000,1904.28,0,0.00500595,0.000537754,0,565.157,-0.0299881,3.14574e-05,-0.000552752,0.0299932,100000,100000,1904.28,0,0.00500595,0.000537754,0,565.157,-0.0299881,3.14574e-05,-0.000552752,0.0299932,100000,100000,1904.28,0,0,0,0,0,0,0,0,0,0,0,0,0,1
stats,824,1,825,0.00500595,0.000537754,0,565.157,-0.0299881,3.14571e-05,-0.000552752,0.0299932,100000,100000,1904.28,0,0.00500595,0.000537754,0,565.157,-0.0299881,3.14571e-05,-0.000552752,0.0299932,100000,100000,1904.28,0,0.00500595,0.000537754,0,565.157,-0.0299881,3.14571e-05,-0.000552752,0.0299932,100000,100000,1904.28,0,0.00500595,0.000537754,0,565.157,-0.0299881,3.14571e-05,-0.000552752,0.0299932,100000,100000,1904.28,0,0.00500595,0.000537754,0,565.157,-0.0299881,3.14571e-05,-0.000552752,0.0299932,100000,100000,1904.28,0,0.00500595,0.000537754,0,565.157,-0.0299881,3.14571e-05,-0.000552752,0.0299932,100000,100000,1904.28,0,0,0,0,0,0,0,0,0,0,0,0,0,1
stats,825,1,826,0.00500595,0.000537754,0,565.157,-0.0299881,3.14562e-05,-0.000552752,0.0299932,100000,100000,1904.28,0,0.00500595,0.000537754,0,565.157,-0.0299881,3.14562e-05,-0.000552752,0.0299932,100000,100000,1904.28,0,0.00500595,0.000537754,0,565.157,-0.0299881,3.14562e-05,-0.000552752,0.0299932,100000,100000,1904.28,0,0.00500595,0.000537754,0,565.157,-0.0299881,3.14562e-05,-0.000552752,0.0299932,100000,100000,1904.28,0,0.00500595,0.000537754,0,565.157,-0.0299881,3.14562e-05,-0.000552752,0.0299932,100000,100000,1904.28,0,0.00500595,0.000537754,0,565.157,-0.0299881,3.14562e-05,-0.000552752,0.0299932,100000,100000,1904.28,0,0,0,0,0,0,0,0,0,0,0,0,0,1
stats,826,1,827,0.00500595,0.000537754,0,565.157,-0.0299881,3.14549e-05,-0.000552752,0.0299932,100000,100000,1904.28,0,0.00500595,0.000537754,0,565.157,-0.0299881,3.14549e-05,-0.000552752,0.0299932,100000,100000,1904.28,0,0.00500595,0.000537754,0,565.157,-0.0299881,3.14549e-05,-0.000552752,0.0299932,100000,100000,1904.28,0,0.00500595,0.000537754,0,565.157,-0.0299881,3.14549e-05,-0.000552752,0.0299932,100000,100000,1904.28,0,0.00500595,0.000537754,0,565.157,-0.0299881,3.14549e-05,-0.000552752,0.0299932,100000,100000,1904.28,0,0.00500595,0.000537754,0,565.157,-0.0299881,3.14549e-05,-0.000552752,0.0299932,100000,100000,1904.28,0,0,0,0,0,0,0,0,0,0,0,0,0,1
stats,827,1,828,0.00500595,0.000537754,0,565.157,-0.0299881,3.14534e-05,-0.000552752,0.0299932,100000,100000,1904.28,0,0.00500595,0.000537754,0,565.157,-0.0299881,3.14534e-05,-0.000552752,0.0299932,100000,100000,1904.28,0,0.00500595,0.000537754,0,565.157,-0.0299881,3.14534e-05,-0.000552752,0.0299932,100000,100000,1904.28,0,0.00500595,0.000537754,0,565.157,-0.0299881,3.14534e-05,-0.000552752,0.0299932,100000,100000,1904.28,0,0.00500595,0.000537754,0,565.157,-0.0299881,3.14534e-05,-0.000552752,0.0299932,100000,100000,1904.28,0,0.00500595,0.000537754,0,565.157,-0.0299881,3.14534e-05,-0.000552752,0.0299932,100000,100000,1904.28,0,0,0,0,0,0,0,0,0,0,0,0,0,1
stats,828,1,829,0.00500595,0.000537754,0,565.157,-0.0299881,3.14518e-05,-0.000552751,0.0299932,100000,100000,1904.28,0,0.00500595,0.000537754,0,565.157,-0.0299881,3.14518e-05,-0.000552751,0.0299932,100000,100000,1904.28,0,0.00500595,0.000537754,0,565.157,-0.0299881,3.14518e-05,-0.000552751,0.0299932,100000,100000,1904.28,0,0.00500595,0.000537754,0,565.157,-0.0299881,3.14518e-05,-0.000552751,0.0299932,100000,100000,1904.28,0,0.00500595,0.000537754,0,565.157,-0.0299881,3.14518e-05,-0.000552751,0.0299932,100000,100000,1904.28,0,0.00500595,0.000537754,0,565.157,-0.0299881,3.14518e-05,-0.000552751,0.0299932,100000,100000,1904.28,0,0,0,0,0,0,0,0,0,0,0,0,0,1
stats,829,1,830,0.00500595,0.000537754,0,565.157,-0.0299881,3.14505e-05,-0.00055275,0.0299932,100000,100000,1904.28,0,0.00500595,0.000537754,0,565.157,-0.0299881,3.14505e-05,-0.00055275,0.0299932,100000,100000,1904.28,0,0.00500595,0.000537754,0,565.157,-0.0299881,3.14505e-05,-0.00055275,0.0299932,100000,100000,1904.28,0,0.00500595,0.000537754,0,565.157,-0.0299881,3.14505e-05,-0.00055275,0.0299932,100000,100000,1904.28,0,0.00500595,0.000537754,0,565.157,-0.0299881,3.14505e-05,-0.00055275,0.0299932,100000,100000,1904.28,0,0.00500595,0.000537754,0,565.157,-0.0299881,3.14505e-05,-0.00055275,0.0299932,100000,100000,1904.28,0,0,0,0,0,0,0,0,0,0,0,0,0,1
stats,830,1,831,0.00500595,0.000537754,0,565.157,-0.0299881,3.14497e-05,-0.00055275,0.0299932,100000,100000,1904.28,0,0.00500595,0.000537754,0,565.157,-0.0299881,3.14497e-05,-0.00055275,0.0299932,100000,100000,1904.28,0,0.00500595,0.000537754,0,565.157,-0.0299881,3.14497e-05,-0.00055275,0.0299932,100000,100000,1904.28,0,0.00500595,0.000537754,0,565.157,-0.0299881,3.14497e-05,-0.00055275,0.0299932,100000,100000,1904.28,0,0.00500595,0.000537754,0,565.157,-0.0299881,3.14497e-05,-0.00055275,0.0299932,100000,100000,1904.28,0,0.00500595,0.000537754,0,565.157,-0.0299881,3.14497e-05,-0.00055275,0.0299932,100000,100000,1904.28,0,0,0,0,0,0,0,0,0,0,0,0,0,1
stats,831,1,832,0.00500595,0.000537754,0,565.157,-0.0299881,3.14494e-05,-0.00055275,0.0299932,100000,100000,1904.28,0,0.00500595,0.000537754,0,565.157,-0.0299881,3.14494e-05,-0.00055275,0.0299932,100000,100000,1904.28,0,0.00500595,0.000537754,0,565.157,-0.0299881,3.14494e-05,-0.00055275,0.0299932,100000,100000,1904.28,0,0.00500595,0.000537754,0,565.157,-0.0299881,3.14494e-05,-0.00055275,0.0299932,100000,100000,1904.28,0,0.00500595,0.000537754,0,565.157,-0.0299881,3.14494e-05,-0.00055275,0.0299932,100000,100000,1904.28,0,0.00500595,0.000537754,0,565.157,-0.0299881,3.14494e-05,-0.00055275,0.0299932,100000,100000,1904.28,0,0,0,0,0,0,0,0,0,0,0,0,0,1
stats,832,1,833,0.00500595,0.000537754,0,565.157,-0.0299881,3.14495e-05,-0.00055275,0.0299932,100000,100000,1904.28,0,0.00500595,0.000537754,0,565.157,-0.0299881,3.14495e-05,-0.00055275,0.0299932,100000,100000,1904.28,0,0.00500595,0.000537754,0,565.157,-0.0299881,3.14495e-05,-0.00055275,0.0299932,100000,100000,1904.28,0,0.00500595,0.000537754,0,565.157,-0.0299881,3.14495e-05,-0.00055275,0.0299932,100000,100000,1904.28,0,0.00500595,0.000537754,0,565.157,-0.0299881,3.14495e-05,-0.00055275,0.0299932,100000,100000,1904.28,0,0.00500595,0.000537754,0,565.157,-0.0299881,3.14495e-05,-0.00055275,0.0299932,100000,100000,1904.28,0,0,0,0,0,0,0,0,0,0,0,0,0,1
stats,833,1,834,0.00500595,0.000537754,0,565.157,-0.0299881,3.145e-05,-0.000552751,0.0299932,100000,100000,1904.28,0,0.00500595,0.000537754,0,565.157,-0.0299881,3.145e-05,-0.000552751,0.0299932,100000,100000,1904.28,0,0.00500595,0.000537754,0,565.157,-0.0299881,3.145e-05,-0.000552751,0.0299932,100000,100000,1904.28,0,0.00500595,0.000537754,0,565.157,-0.0299881,3.145e-05,-0.000552751,0.0299932,100000,100000,1904.28,0,0.00500595,0.000537754,0,565.157,-0.0299881,3.145e-05,-0.000552751,0.0299932,100000,100000,1904.28,0,0.00500595,0.000537754,0,565.157,-0.0299881,3.145e-05,-0.000552751,0.0299932,100000,100000,1904.28,0,0,0,0,0,0,0,0,0,0,0,0,0,1
stats,834,1,835,0.00500595,0.000537754,0,565.157,-0.0299881,3.14507e-05,-0.000552752,0.0299932,100000,100000,1904.28,0,0.00500595,0.000537754,0,565.157,-0.0299881,3.14507e-05,-0.000552752,0.0299932,100000,100000,1904.28,0,0.00500595,0.000537754,0,565.157,-0.0299881,3.14507e-05,-0.000552752,0.0299932,100000,100000,1904.28,0,0.00500595,0.000537754,0,565.157,-0.0299881,3.14507e-05,-0.000552752,0.0299932,100000,100000,1904.28,0,0.00500595,0.000537754,0,565.157,-0.0299881,3.14507e-05,-0.000552752,0.0299932,100000,100000,1904.28,0,0.00500595,0.000537754,0,565.157,-0.0299881,3.14507e-05,-0.000552752,0.0299932,100000,100000,1904.28,0,0,0,0,0,0,0,0,0,0,0,0,0,1
stats,835,1,836,0.00500595,0.000537754,0,565.157,-0.0299881,3.14515e-05,-0.000552752,0.0299932,100000,100000,1904.28,0,0.00500595,0.000537754,0,565.157,-0.0299881,3.14515e-05,-0.000552752,0.0299932,100000,100000,1904.28,0,0.00500595,0.000537754,0,565.157,-0.0299881,3.14515e-05,-0.000552752,0.0299932,100000,100000,1904.28,0,0.00500595,0.000537754,0,565.157,-0.0299881,3.14515e-05,-0.000552752,0.0299932,100000,100000,1904.28,0,0.00500595,0.000537754,0,565.157,-0.0299881,3.14515e-05,-0.000552752,0.0299932,100000,100000,1904.28,0,0.00500595,0.000537754,0,565.157,-0.0299881,3.14515e-05,-0.000552752,0.0299932,100000,100000,1904.28,0,0,0,0,0,0,0,0,0,0,0,0,0,1
stats,836,1,837,0.00500595,0.000537754,0,565.157,-0.0299881,3.14524e-05,-0.000552752,0.0299932,100000,100000,1904.28,0,0.00500595,0.000537754,0,565.157,-0.0299881,3.14524e-05,-0.000552752,0.0299932,100000,100000,1904.28,0,0.00500595,0.000537754,0,565.157,-0.0299881,3.14524e-05,-0.000552752,0.0299932,100000,100000,1904.28,0,0.00500595,0.000537754,0,565.157,-0.0299881,3.14524e-05,-0.000552752,0.0299932,100000,100000,1904.28,0,0.00500595,0.000537754,0,565.157,-0.0299881,3.14524e-05,-0.000552752,0.0299932,100000,100000,1904.28,0,0.00500595,0.000537754,0,565.157,-0.0299881,3.14524e-05,-0.000552752,0.0299932,100000,100000,1904.28,0,0,0,0,0,0,0,0,0,0,0,0,0,1
stats,837,1,838,0.00500595,0.000537754,0,565.157,-0.0299881,3.14535e-05,-0.000552753,0.0299932,100000,100000,1904.28,0,0.00500595,0.000537754,0,565.157,-0.0299881,3.14535e-05,-0.000552753,0.0299932,100000,100000,1904.28,0,0.00500595,0.000537754,0,565.157,-0.0299881,3.14535e-05,-0.000552753,0.0299932,100000,100000,1904.28,0,0.00500595,0.000537754,0,565.157,-0.0299881,3.14535e-05,-0.000552753,0.0299932,100000,100000,1904.28,0,0.00500595,0.000537754,0,565.157,-0.0299881,3.14535e-05,-0.000552753,0.0299932,100000,100000,1904.28,0,0.00500595,0.000537754,0,565.157,-0.0299881,3.14535e-05,-0.000552753,0.0299932,100000,100000,1904.28,0,0,0,0,0,0,0,0,0,0,0,0,0,1
stats,838,1,839,0.00500595,0.000537754,0,565.157,-0.0299881,3.14545e-05,-0.000552753,0.0299932,100000,100000,1904.28,0,0.00500595,0.000537754,0,565.157,-0.0299881,3.14545e-05,-0.000552753,0.0299932,100000,100000,1904.28,0,0.00500595,0.000537754,0,565.157,-0.0299881,3.14545e-05,-0.000552753,0.0299932,100000,100000,1904.28,0,0.00500595,0.000537754,0,565.157,-0.0299881,3.14545e-05,-0.000552753,0.0299932,100000,100000,1904.28,0,0.00500595,0.000537754,0,565.157,-0.0299881,3.14545e-05,-0.000552753,0.0299932,100000,100000,1904.28,0,0.00500595,0.000537754,0,565.157,-0.0299881,3.14545e-05,-0.000552753,0.0299932,100000,100000,1904.28,0,0,0,0,0,0,0,0,0,0,0,0,0,1
stats,839,1,840,0.00500595,0.000537754,0,565.157,-0.0299881,3.14554e-05,-0.000552753,0.0299932,100000,100000,1904.28,0,0.00500595,0.000537754,0,565.157,-0.0299881,3.14554e-05,-0.000552753,0.0299932,100000,100000,1904.28,0,0.00500595,0.000537754,0,565.157,-0.0299881,3.14554e-05,-0.000552753,0.0299932,100000,100000,1904.28,0,0.00500595,0.000537754,0,565.157,-0.0299881,3.14554e-05,-0.000552753,0.0299932,100000,100000,1904.28,0,0.00500595,0.000537754,0,565.157,-0.0299881,3.14554e-05,-0.000552753,0.0299932,100000,100000,1904.28,0,0.00500595,0.000537754,0,565.157,-0.0299881,3.14554e-05,-0.000552753,0.0299932,100000,100000,1904.28,0,0,0,0,0,0,0,0,0,0,0,0,0,1
stats,840,1,841,0.00500595,0.000537754,0,565.157,-0.0299881,3.14561e-05,-0.000552753,0.0299932,100000,100000,1904.28,0,0.00500595,0.000537754,0,565.157,-0.0299881,3.14561e-05,-0.000552753,0.0299932,100000,100000,1904.28,0,0.00500595,0.000537754,0,565.157,-0.0299881,3.14561e-05,-0.000552753,0.0299932,100000,100000,1904.28,0,0.00500595,0.000537754,0,565.157,-0.0299881,3.14561e-05,-0.000552753,0.0299932,100000,100000,1904.28,0,0.00500595,0.000537754,0,565.157,-0.0299881,3.14561e-05,-0.000552753,0.0299932,100000,100000,1904.28,0,0.00500595,0.000537754,0,565.157,-0.0299881,3.14561e-05,-0.000552753,0.0299932,100000,100000,1904.28,0,0,0,0,0,0,0,0,0,0,0,0,0,1
stats,841,1,842,0.00500595,0.000537754,0,565.157,-0.0299881,3.14564e-05,-0.000552753,0.0299932,100000,100000,1904.28,0,0.00500595,0.000537754,0,565.157,-0.0299881,3.14564e-05,-0.000552753,0.0299932,100000,100000,1904.28,0,0.00500595,0.000537754,0,565.157,-0.0299881,3.14564e-05,-0.000552753,0.0299932,100000,100000,1904.28,0,0.00500595,0.000537754,0,565.157,-0.0299881,3.14564e-05,-0.000552753,0.0299932,100000,100000,1904.28,0,0.00500595,0.000537754,0,565.157,-0.0299881,3.14564e-05,-0.000552753,0.0299932,100000,100000,1904.28,0,0.00500595,0.000537754,0,565.157,-0.0299881,3.14564e-05,-0.000552753,0.0299932,100000,100000,1904.28,0,0,0,0,0,0,0,0,0,0,0,0,0,1
stats,842,1,843,0.00500595,0.000537754,0,565.157,-0.0299881,3.14565e-05,-0.000552753,0.0299932,100000,100000,1904.28,0,0.00500595,0.000537754,0,565.157,-0.0299881,3.14565e-05,-0.000552753,0.0299932,100000,100000,1904.28,0,0.00500595,0.000537754,0,565.157,-0.0299881,3.14565e-05,-0.000552753,0.0299932,100000,100000,1904.28,0,0.00500595,0.000537754,0,565.157,-0.0299881,3.14565e-05,-0.000552753,0.0299932,100000,100000,1904.28,0,0.00500595,0.000537754,0,565.157,-0.0299881,3.14565e-05,-0.000552753,0.0299932,100000,100000,1904.28,0,0.00500595,0.000537754,0,565.157,-0.0299881,3.14565e-05,-0.000552753,0.0299932,100000,100000,1904.28,0,0,0,0,0,0,0,0,0,0,0,0,0,1
stats,843,1,844,0.00500595,0.000537754,0,565.157,-0.0299881,3.14561e-05,-0.000552753,0.0299932,100000,100000,1904.28,0,0.00500595,0.000537754,0,565.157,-0.0299881,3.14561e-05,-0.000552753,0.0299932,100000,100000,1904.28,0,0.00500595,0.000537754,0,565.157,-0.0299881,3.14561e-05,-0.000552753,0.0299932,100000,100000,1904.28,0,0.00500595,0.000537754,0,565.157,-0.0299881,3.14561e-05,-0.000552753,0.0299932,100000,100000,1904.28,0,0.00500595,0.000537754,0,565.157,-0.0299881,3.14561e-05,-0.000552753,0.0299932,100000,100000,1904.28,0,0.00500595,0.000537754,0,565.157,-0.0299881,3.14561e-05,-0.000552753,0.0299932,100000,100000,1904.28,0,0,0,0,0,0,0,0,0,0,0,0,0,1
stats,844,1,845,0.00500595,0.000537754,0,565.157,-0.0299881,3.14554e-05,-0.000552752,0.0299932,100000,100000,1904.28,0,0.00500595,0.000537754,0,565.157,-0.0299881,3.14554e-05,-0.000552752,0.0299932,100000,100000,1904.28,0,0.00500595,0.000537754,0,565.157,-0.0299881,3.14554e-05,-0.000552752,0.0299932,100000,100000,1904.28,0,0.00500595,0.000537754,0,565.157,-0.0299881,3.14554e-05,-0.000552752,0.0299932,100000,100000,1904.28,0,0.00500595,0.000537754,0,565.157,-0.0299881,3.14554e-05,-0.000552752,0.0299932,100000,100000,1904.28,0,0.00500595,0.000537754,0,565.157,-0.0299881,3.14554e-05,-0.000552752,0.0299932,100000,100000,1904.28,0,0,0,0,0,0,0,0,0,0,0,0,0,1
stats,845,1,846,0.00500595,0.000537754,0,565.157,-0.0299881,3.14544e-05,-0.000552752,0.0299932,100000,100000,1904.28,0,0.00500595,0.000537754,0,565.157,-0.0299881,3.14544e-05,-0.000552752,0.0299932,100000,100000,1904.28,0,0.00500595,0.000537754,0,565.157,-0.0299881,3.14544e-05,-0.000552752,0.0299932,100000,100000,1904.28,0,0.00500595,0.000537754,0,565.157,-0.0299881,3.14544e-05,-0.000552752,0.0299932,100000,100000,1904.28,0,0.00500595,0.000537754,0,565.157,-0.0299881,3.14544e-05,-0.000552752,0.0299932,100000,100000,1904.28,0,0.00500595,0.000537754,0,565.157,-0.0299881,3.14544e-05,-0.000552752,0.0299932,100000,100000,1904.28,0,0,0,0,0,0,0,0,0,0,0,0,0,1
stats,846,1,847,0.00500595,0.000537754,0,565.157,-0.0299881,3.14535e-05,-0.000552751,0.0299932,100000,100000,1904.28,0,0.00500595,0.000537754,0,565.157,-0.0299881,3.14535e-05,-0.000552751,0.0299932,100000,100000,1904.28,0,0.00500595,0.000537754,0,565.157,-0.0299881,3.14535e-05,-0.000552751,0.0299932,100000,100000,1904.28,0,0.00500595,0.000537754,0,565.157,-0.0299881,3.14535e-05,-0.000552751,0.0299932,100000,100000,1904.28,0,0.00500595,0.000537754,0,565.157,-0.0299881,3.14535e-05,-0.000552751,0.0299932,100000,100000,1904.28,0,0.00500595,0.000537754,0,565.157,-0.0299881,3.14535e-05,-0.000552751,0.0299932,100000,100000,1904.28,0,0,0,0,0,0,0,0,0,0,0,0,0,1
stats,847,1,848,0.00500595,0.000537754,0,565.157,-0.0299881,3.14526e-05,-0.00055275,0.0299932,100000,100000,1904.28,0,0.00500595,0.000537754,0,565.157,-0.0299881,3.14526e-05,-0.00055275,0.0299932,100000,100000,1904.28,0,0.00500595,0.000537754,0,565.157,-0.0299881,3.14526e-05,-0.00055275,0.0299932,100000,100000,1904.28,0,0.00500595,0.000537754,0,565.157,-0.0299881,3.14526e-05,-0.00055275,0.0299932,100000,100000,1904.28,0,0.00500595,0.000537754,0,565.157,-0.0299881,3.14526e-05,-0.00055275,0.0299932,100000,100000,1904.28,0,0.00500595,0.000537754,0,565.157,-0.0299881,3.14526e-05,-0.00055275,0.0299932,100000,100000,1904.28,0,0,0,0,0,0,0,0,0,0,0,0,0,1
stats,848,1,849,0.00500595,0.000537754,0,565.157,-0.0299881,3.14519e-05,-0.000552749,0.0299932,100000,100000,1904.28,0,0.00500595,0.000537754,0,565.157,-0.0299881,3.14519e-05,-0.000552749,0.0299932,100000,100000,1904.28,0,0.00500595,0.000537754,0,565.157,-0.0299881,3.14519e-05,-0.000552749,0.0299932,100000,100000,1904.28,0,0.00500595,0.000537754,0,565.157,-0.0299881,3.14519e-05,-0.000552749,0.0299932,100000,100000,1904.28,0,0.00500595,0.000537754,0,565.157,-0.0299881,3.14519e-05,-0.000552749,0.0299932,100000,100000,1904.28,0,0.00500595,0.000537754,0,565.157,-0.0299881,3.14519e-05,-0.000552749,0.0299932,100000,100000,1904.28,0,0,0,0,0,0,0,0,0,0,0,0,0,1
stats,849,1,850,0.00500595,0.000537754,0,565.157,-0.0299881,3.14515e-05,-0.000552749,0.0299932,100000,100000,1904.28,0,0.00500595,0.000537754,0,565.157,-0.0299881,3.14515e-05,-0.000552749,0.0299932,100000,100000,1904.28,0,0.00500595,0.000537754,0,565.157,-0.0299881,3.14515e-05,-0.000552749,0.0299932,100000,100000,1904.28,0,0.00500595,0.000537754,0,565.157,-0.0299881,3.14515e-05,-0.000552749,0.0299932,100000,100000,1904.28,0,0.00500595,0.000537754,0,565.157,-0.0299881,3.14515e-05,-0.000552749,0.0299932,100000,100000,1904.28,0,0.00500595,0.000537754,0,565.157,-0.0299881,3.14515e-05,-0.000552749,0.0299932,100000,100000,1904.28,0,0,0,0,0,0,0,0,0,0,0,0,0,1
stats,850,1,851,0.00500595,0.000537754,0,565.157,-0.0299881,3.14512e-05,-0.000552749,0.0299932,100000,100000,1904.28,0,0.00500595,0.000537754,0,565.157,-0.0299881,3.14512e-05,-0.000552749,0.0299932,100000,100000,1904.28,0,0.00500595,0.000537754,0,565.157,-0.0299881,3.14512e-05,-0.000552749,0.0299932,100000,100000,1904.28,0,0.00500595,0.000537754,0,565.157,-0.0299881,3.14512e-05,-0.000552749,0.0299932,100000,100000,1904.28,0,0.00500595,0.000537754,0,565.157,-0.0299881,3.14512e-05,-0.000552749,0.0299932,100000,100000,1904.28,0,0.00500595,0.000537754,0,565.157,-0.0299881,3.14512e-05,-0.000552749,0.0299932,100000,100000,1904.28,0,0,0,0,0,0,0,0,0,0,0,0,0,1
stats,851,1,852,0.00500595,0.000537754,0,565.157,-0.0299881,3.14511e-05,-0.00055275,0.0299932,100000,100000,1904.28,0,0.00500595,0.000537754,0,565.157,-0.0299881,3.14511e-05,-0.00055275,0.0299932,100000,100000,1904.28,0,0.00500595,0.000537754,0,565.157,-0.0299881,3.14511e-05,-0.00055275,0.0299932,100000,100000,1904.28,0,0.00500595,0.000537754,0,565.157,-0.0299881,3.14511e-05,-0.00055275,0.0299932,100000,100000,1904.28,0,0.00500595,0.000537754,0,565.157,-0.0299881,3.14511e-05,-0.00055275,0.0299932,100000,100000,1904.28,0,0.00500595,0.000537754,0,565.157,-0.0299881,3.14511e-05,-0.00055275,0.0299932,100000,100000,1904.28,0,0,0,0,0,0,0,0,0,0,0,0,0,1
stats,852,1,853,0.00500595,0.000537754,0,565.157,-0.0299881,3.14511e-05,-0.00055275,0.0299932,100000,100000,1904.28,0,0.00500595,0.000537754,0,565.157,-0.0299881,3.14511e-05,-0.00055275,0.0299932,100000,100000,1904.28,0,0.00500595,0.000537754,0,565.157,-0.0299881,3.14511e-05,-0.00055275,0.0299932,100000,100000,1904.28,0,0.00500595,0.000537754,0,565.157,-0.0299881,3.14511e-05,-0.00055275,0.0299932,100000,100000,1904.28,0,0.00500595,0.000537754,0,565.157,-0.0299881,3.14511e-05,-0.00055275,0.0299932,100000,100000,1904.28,0,0.00500595,0.000537754,0,565.157,-0.0299881,3.14511e-05,-0.00055275,0.0299932,100000,100000,1904.28,0,0,0,0,0,0,0,0,0,0,0,0,0,1
stats,853,1,854,0.00500595,0.000537754,0,565.157,-0.0299881,3.14513e-05,-0.000552751,0.0299932,100000,100000,1904.28,0,0.00500595,0.000537754,0,565.157,-0.0299881,3.14513e-05,-0.000552751,0.0299932,100000,100000,1904.28,0,0.00500595,0.000537754,0,565.157,-0.0299881,3.14513e-05,-0.000552751,0.0299932,100000,100000,1904.28,0,0.00500595,0.000537754,0,565.157,-0.0299881,3.14513e-05,-0.000552751,0.0299932,100000,100000,1904.28,0,0.00500595,0.000537754,0,565.157,-0.0299881,3.14513e-05,-0.000552751,0.0299932,100000,100000,1904.28,0,0.00500595,0.000537754,0,565.157,-0.0299881,3.14513e-05,-0.000552751,0.0299932,100000,100000,1904.28,0,0,0,0,0,0,0,0,0,0,0,0,0,1
stats,854,1,855,0.00500595,0.000537754,0,565.157,-0.0299881,3.14517e-05,-0.000552752,0.0299932,100000,100000,1904.28,0,0.00500595,0.000537754,0,565.157,-0.0299881,3.14517e-05,-0.000552752,0.0299932,100000,100000,1904.28,0,0.00500595,0.000537754,0,565.157,-0.0299881,3.14517e-05,-0.000552752,0.0299932,100000,100000,1904.28,0,0.00500595,0.000537754,0,565.157,-0.0299881,3.14517e-05,-0.000552752,0.0299932,100000,100000,1904.28,0,0.00500595,0.000537754,0,565.157,-0.0299881,3.14517e-05,-0.000552752,0.0299932,100000,100000,1904.28,0,0.00500595,0.000537754,0,565.157,-0.0299881,3.14517e-05,-0.000552752,0.0299932,100000,100000,1904.28,0,0,0,0,0,0,0,0,0,0,0,0,0,1
stats,855,1,856,0.00500595,0.000537754,0,565.157,-0.0299881,3.14524e-05,-0.000552753,0.0299932,100000,100000,1904.28,0,0.00500595,0.000537754,0,565.157,-0.0299881,3.14524e-05,-0.000552753,0.0299932,100000,100000,1904.28,0,0.00500595,0.000537754,0,565.157,-0.0299881,3.14524e-05,-0.000552753,0.0299932,100000,100000,1904.28,0,0.00500595,0.000537754,0,565.157,-0.0299881,3.14524e-05,-0.000552753,0.0299932,100000,100000,1904.28,0,0.00500595,0.000537754,0,565.157,-0.0299881,3.14524e-05,-0.000552753,0.0299932,100000,100000,1904.28,0,0.00500595,0.000537754,0,565.157,-0.0299881,3.14524e-05,-0.000552753,0.0299932,100000,100000,1904.28,0,0,0,0,0,0,0,0,0,0,0,0,0,1
stats,856,1,857,0.00500595,0.000537754,0,565.157,-0.0299881,3.14532e-05,-0.000552753,0.0299932,100000,100000,1904.28,0,0.00500595,0.000537754,0,565.157,-0.0299881,3.14532e-05,-0.000552753,0.0299932,100000,100000,1904.28,0,0.00500595,0.000537754,0,565.157,-0.0299881,3.14532e-05,-0.000552753,0.0299932,100000,100000,1904.28,0,0.00500595,0.000537754,0,565.157,-0.0299881,3.14532e-05,-0.000552753,0.0299932,100000,100000,1904.28,0,0.00500595,0.000537754,0,565.157,-0.0299881,3.14532e-05,-0.000552753,0.0299932,100000,100000,1904.28,0,0.00500595,0.000537754,0,565.157,-0.0299881,3.14532e-05,-0.000552753,0.0299932,100000,100000,1904.28,0,0,0,0,0,0,0,0,0,0,0,0,0,1
stats,857,1,858,0.00500595,0.000537754,0,565.157,-0.0299881,3.1454e-05,-0.000552754,0.0299932,100000,100000,1904.28,0,0.00500595,0.000537754,0,565.157,-0.0299881,3.1454e-05,-0.000552754,0.0299932,100000,100000,1904.28,0,0.00500595,0.000537754,0,565.157,-0.0299881,3.1454e-05,-0.000552754,0.0299932,100000,100000,1904.28,0,0.00500595,0.000537754,0,565.157,-0.0299881,3.1454e-05,-0.000552754,0.0299932,100000,100000,1904.28,0,0.00500595,0.000537754,0,565.157,-0.0299881,3.1454e-05,-0.000552754,0.0299932,100000,100000,1904.28,0,0.00500595,0.000537754,0,565.157,-0.0299881,3.1454e-05,-0.000552754,0.0299932,100000,100000,1904.28,0,0,0,0,0,0,0,0,0,0,0,0,0,1
stats,858,1,859,0.00500595,0.000537754,0,565.157,-0.0299881,3.14546e-05,-0.000552754,0.0299932,100000,100000,1904.28,0,0.00500595,0.000537754,0,565.157,-0.0299881,3.14546e-05,-0.000552754,0.0299932,100000,100000,1904.28,0,0.00500595,0.000537754,0,565.157,-0.0299881,3.14546e-05,-0.000552754,0.0299932,100000,100000,1904.28,0,0.00500595,0.000537754,0,565.157,-0.0299881,3.14546e-05,-0.000552754,0.0299932,100000,100000,1904.28,0,0.00500595,0.000537754,0,565.157,-0.0299881,3.14546e-05,-0.000552754,0.0299932,100000,100000,1904.28,0,0.00500595,0.000537754,0,565.157,-0.0299881,3.14546e-05,-0.000552754,0.0299932,100000,100000,1904.28,0,0,0,0,0,0,0,0,0,0,0,0,0,1
stats,859,1,860,0.00500595,0.000537754,0,565.157,-0.0299881,3.1455e-05,-0.000552754,0.0299932,100000,100000,1904.28,0,0.00500595,0.000537754,0,565.157,-0.0299881,3.1455e-05,-0.000552754,0.0299932,100000,100000,1904.28,0,0.00500595,0.000537754,0,565.157,-0.0299881,3.1455e-05,-0.000552754,0.0299932,100000,100000,1904.28,0,0.00500595,0.000537754,0,565.157,-0.0299881,3.1455e-05,-0.000552754,0.0299932,100000,100000,1904.28,0,0.00500595,0.000537754,0,565.157,-0.0299881,3.1455e-05,-0.000552754,0.0299932,100000,100000,1904.28,0,0.00500595,0.000537754,0,565.157,-0.0299881,3.1455e-05,-0.000552754,0.0299932,100000,100000,1904.28,0,0,0,0,0,0,0,0,0,0,0,0,0,1
stats,860,1,861,0.00500595,0.000537754,0,565.157,-0.0299881,3.14551e-05,-0.000552754,0.0299932,100000,100000,1904.28,0,0.00500595,0.000537754,0,565.157,-0.0299881,3.14551e-05,-0.000552754,0.0299932,100000,100000,1904.28,0,0.00500595,0.000537754,0,565.157,-0.0299881,3.14551e-05,-0.000552754,0.0299932,100000,100000,1904.28,0,0.00500595,0.000537754,0,565.157,-0.0299881,3.14551e-05,-0.000552754,0.0299932,100000,100000,1904.28,0,0.00500595,0.000537754,0,565.157,-0.0299881,3.14551e-05,-0.000552754,0.0299932,100000,100000,1904.28,0,0.00500595,0.000537754,0,565.157,-0.0299881,3.14551e-05,-0.000552754,0.0299932,100000,100000,1904.28,0,0,0,0,0,0,0,0,0,0,0,0,0,1
stats,861,1,862,0.00500595,0.000537754,0,565.157,-0.0299881,3.14549e-05,-0.000552753,0.0299932,100000,100000,1904.28,0,0.00500595,0.000537754,0,565.157,-0.0299881,3.14549e-05,-0.000552753,0.0299932,100000,100000,1904.28,0,0.00500595,0.000537754,0,565.157,-0.0299881,3.14549e-05,-0.000552753,0.0299932,100000,100000,1904.28,0,0.00500595,0.000537754,0,565.157,-0.0299881,3.14549e-05,-0.000552753,0.0299932,100000,100000,1904.28,0,0.00500595,0.000537754,0,565.157,-0.0299881,3.14549e-05,-0.000552753,0.0299932,100000,100000,1904.28,0,0.00500595,0.000537754,0,565.157,-0.0299881,3.14549e-05,-0.000552753,0.0299932,100000,100000,1904.28,0,0,0,0,0,0,0,0,0,0,0,0,0,1
stats,862,1,863,0.00500595,0.000537754,0,565.157,-0.0299881,3.14545e-05,-0.000552753,0.0299932,100000,100000,1904.28,0,0.00500595,0.000537754,0,565.157,-0.0299881,3.14545e-05,-0.000552753,0.0299932,100000,100000,1904.28,0,0.00500595,0.000537754,0,565.157,-0.0299881,3.14545e-05,-0.000552753,0.0299932,100000,100000,1904.28,0,0.00500595,0.000537754,0,565.157,-0.0299881,3.14545e-05,-0.000552753,0.0299932,100000,100000,1904.28,0,0.00500595,0.000537754,0,565.157,-0.0299881,3.14545e-05,-0.000552753,0.0299932,100000,100000,1904.28,0,0.00500595,0.000537754,0,565.157,-0.0299881,3.14545e-05,-0.000552753,0.0299932,100000,100000,1904.28,0,0,0,0,0,0,0,0,0,0,0,0,0,1
stats,863,1,864,0.00500595,0.000537754,0,565.157,-0.0299881,3.14542e-05,-0.000552752,0.0299932,100000,100000,1904.28,0,0.00500595,0.000537754,0,565.157,-0.0299881,3.14542e-05,-0.000552752,0.0299932,100000,100000,1904.28,0,0.00500595,0.000537754,0,565.157,-0.0299881,3.14542e-05,-0.000552752,0.0299932,100000,100000,1904.28,0,0.00500595,0.000537754,0,565.157,-0.0299881,3.14542e-05,-0.000552752,0.0299932,100000,100000,1904.28,0,0.00500595,0.000537754,0,565.157,-0.0299881,3.14542e-05,-0.000552752,0.0299932,100000,100000,1904.28,0,0.00500595,0.000537754,0,565.157,-0.0299881,3.14542e-05,-0.000552752,0.0299932,100000,100000,1904.28,0,0,0,0,0,0,0,0,0,0,0,0,0,1
stats,864,1,865,0.00500595,0.000537754,0,565.157,-0.0299881,3.14541e-05,-0.000552751,0.0299932,100000,100000,1904.28,0,0.00500595,0.000537754,0,565.157,-0.0299881,3.14541e-05,-0.000552751,0.0299932,100000,100000,1904.28,0,0.00500595,0.000537754,0,565.157,-0.0299881,3.14541e-05,-0.000552751,0.0299932,100000,100000,1904.28,0,0.00500595,0.000537754,0,565.157,-0.0299881,3.14541e-05,-0.000552751,0.0299932,100000,100000,1904.28,0,0.00500595,0.000537754,0,565.157,-0.0299881,3.14541e-05,-0.000552751,0.0299932,100000,100000,1904.28,0,0.00500595,0.000537754,0,565.157,-0.0299881,3.14541e-05,-0.000552751,0.0299932,100000,100000,1904.28,0,0,0,0,0,0,0,0,0,0,0,0,0,1
stats,865,1,866,0.00500595,0.000537754,0,565.157,-0.0299881,3.14541e-05,-0.00055275,0.0299932,100000,100000,1904.28,0,0.00500595,0.000537754,0,565.157,-0.0299881,3.14541e-05,-0.00055275,0.0299932,100000,100000,1904.28,0,0.00500595,0.000537754,0,565.157,-0.0299881,3.14541e-05,-0.00055275,0.0299932,100000,100000,1904.28,0,0.00500595,0.000537754,0,565.157,-0.0299881,3.14541e-05,-0.00055275,0.0299932,100000,100000,1904.28,0,0.00500595,0.000537754,0,565.157,-0.0299881,3.14541e-05,-0.00055275,0.0299932,100000,100000,1904.28,0,0.00500595,0.000537754,0,565.157,-0.0299881,3.14541e-05,-0.00055275,0.0299932,100000,100000,1904.28,0,0,0,0,0,0,0,0,0,0,0,0,0,1
stats,866,1,867,0.00500595,0.000537754,0,565.158,-0.0299881,3.14542e-05,-0.00055275,0.0299932,100000,100000,1904.28,0,0.00500595,0.000537754,0,565.158,-0.0299881,3.14542e-05,-0.00055275,0.0299932,100000,100000,1904.28,0,0.00500595,0.000537754,0,565.158,-0.0299881,3.14542e-05,-0.00055275,0.0299932,100000,100000,1904.28,0,0.00500595,0.000537754,0,565.158,-0.0299881,3.14542e-05,-0.00055275,0.0299932,100000,100000,1904.28,0,0.00500595,0.000537754,0,565.158,-0.0299881,3.14542e-05,-0.00055275,0.0299932,100000,100000,1904.28,0,0.00500595,0.000537754,0,565.158,-0.0299881,3.14542e-05,-0.00055275,0.0299932,100000,100000,1904.28,0,0,0,0,0,0,0,0,0,0,0,0,0,1
stats,867,1,868,0.00500595,0.000537754,0,565.158,-0.0299881,3.14542e-05,-0.00055275,0.0299932,100000,100000,1904.28,0,0.00500595,0.000537754,0,565.158,-0.0299881,3.14542e-05,-0.00055275,0.0299932,100000,100000,1904.28,0,0.00500595,0.000537754,0,565.158,-0.0299881,3.14542e-05,-0.00055275,0.0299932,100000,100000,1904.28,0,0.00500595,0.000537754,0,565.158,-0.0299881,3.14542e-05,-0.00055275,0.0299932,100000,100000,1904.28,0,0.00500595,0.000537754,0,565.158,-0.0299881,3.14542e-05,-0.00055275,0.0299932,100000,100000,1904.28,0,0.00500595,0.000537754,0,565.158,-0.0299881,3.14542e-05,-0.00055275,0.0299932,100000,100000,1904.28,0,0,0,0,0,0,0,0,0,0,0,0,0,1
stats,868,1,869,0.00500595,0.000537754,0,565.158,-0.0299881,3.1454e-05,-0.00055275,0.0299932,100000,100000,1904.28,0,0.00500595,0.000537754,0,565.158,-0.0299881,3.1454e-05,-0.00055275,0.0299932,100000,100000,1904.28,0,0.00500595,0.000537754,0,565.158,-0.0299881,3.1454e-05,-0.00055275,0.0299932,100000,100000,1904.28,0,0.00500595,0.000537754,0,565.158,-0.0299881,3.1454e-05,-0.00055275,0.0299932,100000,100000,1904.28,0,0.00500595,0.000537754,0,565.158,-0.0299881,3.1454e-05,-0.00055275,0.0299932,100000,100000,1904.28,0,0.00500595,0.000537754,0,565.158,-0.0299881,3.1454e-05,-0.00055275,0.0299932,100000,100000,1904.28,0,0,0,0,0,0,0,0,0,0,0,0,0,1
stats,869,1,870,0.00500595,0.000537754,0,565.158,-0.0299881,3.14537e-05,-0.00055275,0.0299932,100000,100000,1904.28,0,0.00500595,0.000537754,0,565.158,-0.0299881,3.14537e-05,-0.00055275,0.0299932,100000,100000,1904.28,0,0.00500595,0.000537754,0,565.158,-0.0299881,3.14537e-05,-0.00055275,0.0299932,100000,100000,1904.28,0,0.00500595,0.000537754,0,565.158,-0.0299881,3.14537e-05,-0.00055275,0.0299932,100000,100000,1904.28,0,0.00500595,0.000537754,0,565.158,-0.0299881,3.14537e-05,-0.00055275,0.0299932,100000,100000,1904.28,0,0.00500595,0.000537754,0,565.158,-0.0299881,3.14537e-05,-0.00055275,0.0299932,100000,100000,1904.28,0,0,0,0,0,0,0,0,0,0,0,0,0,1
stats,870,1,871,0.00500595,0.000537754,0,565.158,-0.0299881,3.14532e-05,-0.00055275,0.0299932,100000,100000,1904.28,0,0.00500595,0.000537754,0,565.158,-0.0299881,3.14532e-05,-0.00055275,0.0299932,100000,100000,1904.28,0,0.00500595,0.000537754,0,565.158,-0.0299881,3.14532e-05,-0.00055275,0.0299932,100000,100000,1904.28,0,0.00500595,0.000537754,0,565.158,-0.0299881,3.14532e-05,-0.00055275,0.0299932,100000,100000,1904.28,0,0.00500595,0.000537754,0,565.158,-0.0299881,3.14532e-05,-0.00055275,0.0299932,100000,100000,1904.28,0,0.00500595,0.000537754,0,565.158,-0.0299881,3.14532e-05,-0.00055275,0.0299932,100000,100000,1904.28,0,0,0,0,0,0,0,0,0,0,0,0,0,1
stats,871,1,872,0.00500595,0.000537754,0,565.158,-0.0299881,3.14528e-05,-0.00055275,0.0299932,100000,100000,1904.28,0,0.00500595,0.000537754,0,565.158,-0.0299881,3.14528e-05,-0.00055275,0.0299932,100000,100000,1904.28,0,0.00500595,0.000537754,0,565.158,-0.0299881,3.14528e-05,-0.00055275,0.0299932,100000,100000,1904.28,0,0.00500595,0.000537754,0,565.158,-0.0299881,3.14528e-05,-0.00055275,0.0299932,100000,100000,1904.28,0,0.00500595,0.000537754,0,565.158,-0.0299881,3.14528e-05,-0.00055275,0.0299932,100000,100000,1904.28,0,0.00500595,0.000537754,0,565.158,-0.0299881,3.14528e-05,-0.00055275,0.0299932,100000,100000,1904.28,0,0,0,0,0,0,0,0,0,0,0,0,0,1
stats,872,1,873,0.00500595,0.000537754,0,565.158,-0.0299881,3.14526e-05,-0.000552751,0.0299932,100000,100000,1904.28,0,0.00500595,0.000537754,0,565.158,-0.0299881,3.14526e-05,-0.000552751,0.0299932,100000,100000,1904.28,0,0.00500595,0.000537754,0,565.158,-0.0299881,3.14526e-05,-0.000552751,0.0299932,100000,100000,1904.28,0,0.00500595,0.000537754,0,565.158,-0.0299881,3.14526e-05,-0.000552751,0.0299932,100000,100000,1904.28,0,0.00500595,0.000537754,0,565.158,-0.0299881,3.14526e-05,-0.000552751,0.0299932,100000,100000,1904.28,0,0.00500595,0.000537754,0,565.158,-0.0299881,3.14526e-05,-0.000552751,0.0299932,100000,100000,1904.28,0,0,0,0,0,0,0,0,0,0,0,0,0,1
stats,873,1,874,0.00500595,0.000537754,0,565.158,-0.0299881,3.14525e-05,-0.000552752,0.0299932,100000,100000,1904.28,0,0.00500595,0.000537754,0,565.158,-0.0299881,3.14525e-05,-0.000552752,0.0299932,100000,100000,1904.28,0,0.00500595,0.000537754,0,565.158,-0.0299881,3.14525e-05,-0.000552752,0.0299932,100000,100000,1904.28,0,0.00500595,0.000537754,0,565.158,-0.0299881,3.14525e-05,-0.000552752,0.0299932,100000,100000,1904.28,0,0.00500595,0.000537754,0,565.158,-0.0299881,3.14525e-05,-0.000552752,0.0299932,100000,100000,1904.28,0,0.00500595,0.000537754,0,565.158,-0.0299881,3.14525e-05,-0.000552752,0.0299932,100000,100000,1904.28,0,0,0,0,0,0,0,0,0,0,0,0,0,1
stats,874,1,875,0.00500595,0.000537754,0,565.158,-0.0299881,3.14526e-05,-0.000552753,0.0299932,100000,100000,1904.28,0,0.00500595,0.000537754,0,565.158,-0.0299881,3.14526e-05,-0.000552753,0.0299932,100000,100000,1904.28,0,0.00500595,0.000537754,0,565.158,-0.0299881,3.14526e-05,-0.000552753,0.0299932,100000,100000,1904.28,0,0.00500595,0.000537754,0,565.158,-0.0299881,3.14526e-05,-0.000552753,0.0299932,100000,100000,1904.28,0,0.00500595,0.000537754,0,565.158,-0.0299881,3.14526e-05,-0.000552753,0.0299932,100000,100000,1904.28,0,0.00500595,0.000537754,0,565.158,-0.0299881,3.14526e-05,-0.000552753,0.0299932,100000,100000,1904.28,0,0,0,0,0,0,0,0,0,0,0,0,0,1
stats,875,1,876,0.00500595,0.000537754,0,565.157,-0.0299881,3.14528e-05,-0.000552753,0.0299932,100000,100000,1904.28,0,0.00500595,0.000537754,0,565.157,-0.0299881,3.14528e-05,-0.000552753,0.0299932,100000,100000,1904.28,0,0.00500595,0.000537754,0,565.157,-0.0299881,3.14528e-05,-0.000552753,0.0299932,100000,100000,1904.28,0,0.00500595,0.000537754,0,565.157,-0.0299881,3.14528e-05,-0.000552753,0.0299932,100000,100000,1904.28,0,0.00500595,0.000537754,0,565.157,-0.0299881,3.14528e-05,-0.000552753,0.0299932,100000,100000,1904.28,0,0.00500595,0.000537754,0,565.157,-0.0299881,3.14528e-05,-0.000552753,0.0299932,100000,100000,1904.28,0,0,0,0,0,0,0,0,0,0,0,0,0,1
stats,876,1,877,0.00500595,0.000537754,0,565.157,-0.0299881,3.14531e-05,-0.000552754,0.0299932,100000,100000,1904.28,0,0.00500595,0.000537754,0,565.157,-0.0299881,3.14531e-05,-0.000552754,0.0299932,100000,100000,1904.28,0,0.00500595,0.000537754,0,565.157,-0.0299881,3.14531e-05,-0.000552754,0.0299932,100000,100000,1904.28,0,0.00500595,0.000537754,0,565.157,-0.0299881,3.14531e-05,-0.000552754,0.0299932,100000,100000,1904.28,0,0.00500595,0.000537754,0,565.157,-0.0299881,3.14531e-05,-0.000552754,0.0299932,100000,100000,1904.28,0,0.00500595,0.000537754,0,565.157,-0.0299881,3.14531e-05,-0.000552754,0.0299932,100000,100000,1904.28,0,0,0,0,0,0,0,0,0,0,0,0,0,1
stats,877,1,878,0.00500595,0.000537754,0,565.157,-0.0299881,3.14532e-05,-0.000552754,0.0299932,100000,100000,1904.28,0,0.00500595,0.000537754,0,565.157,-0.0299881,3.14532e-05,-0.000552754,0.0299932,100000,100000,1904.28,0,0.00500595,0.000537754,0,565.157,-0.0299881,3.14532e-05,-0.000552754,0.0299932,100000,100000,1904.28,0,0.00500595,0.000537754,0,565.157,-0.0299881,3.14532e-05,-0.000552754,0.0299932,100000,100000,1904.28,0,0.00500595,0.000537754,0,565.157,-0.0299881,3.14532e-05,-0.000552754,0.0299932,100000,100000,1904.28,0,0.00500595,0.000537754,0,565.157,-0.0299881,3.14532e-05,-0.000552754,0.0299932,100000,100000,1904.28,0,0,0,0,0,0,0,0,0,0,0,0,0,1
stats,878,1,879,0.00500595,0.000537754,0,565.157,-0.0299881,3.14532e-05,-0.000552754,0.0299932,100000,100000,1904.28,0,0.00500595,0.000537754,0,565.157,-0.0299881,3.14532e-05,-0.000552754,0.0299932,100000,100000,1904.28,0,0.00500595,0.000537754,0,565.157,-0.0299881,3.14532e-05,-0.000552754,0.0299932,100000,100000,1904.28,0,0.00500595,0.000537754,0,565.157,-0.0299881,3.14532e-05,-0.000552754,0.0299932,100000,100000,1904.28,0,0.00500595,0.000537754,0,565.157,-0.0299881,3.14532e-05,-0.000552754,0.0299932,100000,100000,1904.28,0,0.00500595,0.000537754,0,565.157,-0.0299881,3.14532e-05,-0.000552754,0.0299932,100000,100000,1904.28,0,0,0,0,0,0,0,0,0,0,0,0,0,1
stats,879,1,880,0.00500595,0.000537754,0,565.157,-0.0299881,3.14531e-05,-0.000552754,0.0299932,100000,100000,1904.28,0,0.00500595,0.000537754,0,565.157,-0.0299881,3.14531e-05,-0.000552754,0.0299932,100000,100000,1904.28,0,0.00500595,0.000537754,0,565.157,-0.0299881,3.14531e-05,-0.000552754,0.0299932,100000,100000,1904.28,0,0.00500595,0.000537754,0,565.157,-0.0299881,3.14531e-05,-0.000552754,0.0299932,100000,100000,1904.28,0,0.00500595,0.000537754,0,565.157,-0.0299881,3.14531e-05,-0.000552754,0.0299932,100000,100000,1904.28,0,0.00500595,0.000537754,0,565.157,-0.0299881,3.14531e-05,-0.000552754,0.0299932,100000,100000,1904.28,0,0,0,0,0,0,0,0,0,0,0,0,0,1
stats,880,1,881,0.00500595,0.000537754,0,565.157,-0.0299881,3.14531e-05,-0.000552753,0.0299932,100000,100000,1904.28,0,0.00500595,0.000537754,0,565.157,-0.0299881,3.14531e-05,-0.000552753,0.0299932,100000,100000,1904.28,0,0.00500595,0.000537754,0,565.157,-0.0299881,3.14531e-05,-0.000552753,0.0299932,100000,100000,1904.28,0,0.00500595,0.000537754,0,565.157,-0.0299881,3.14531e-05,-0.000552753,0.0299932,100000,100000,1904.28,0,0.00500595,0.000537754,0,565.157,-0.0299881,3.14531e-05,-0.000552753,0.0299932,100000,100000,1904.28,0,0.00500595,0.000537754,0,565.157,-0.0299881,3.14531e-05,-0.000552753,0.0299932,100000,100000,1904.28,0,0,0,0,0,0,0,0,0,0,0,0,0,1
stats,881,1,882,0.00500595,0.000537754,0,565.157,-0.0299881,3.14532e-05,-0.000552752,0.0299932,100000,100000,1904.28,0,0.00500595,0.000537754,0,565.157,-0.0299881,3.14532e-05,-0.000552752,0.0299932,100000,100000,1904.28,0,0.00500595,0.000537754,0,565.157,-0.0299881,3.14532e-05,-0.000552752,0.0299932,100000,100000,1904.28,0,0.00500595,0.000537754,0,565.157,-0.0299881,3.14532e-05,-0.000552752,0.0299932,100000,100000,1904.28,0,0.00500595,0.000537754,0,565.157,-0.0299881,3.14532e-05,-0.000552752,0.0299932,100000,100000,1904.28,0,0.00500595,0.000537754,0,565.157,-0.0299881,3.14532e-05,-0.000552752,0.0299932,100000,100000,1904.28,0,0,0,0,0,0,0,0,0,0,0,0,0,1
stats,882,1,883,0.00500595,0.000537754,0,565.158,-0.0299881,3.14535e-05,-0.000552751,0.0299932,100000,100000,1904.28,0,0.00500595,0.000537754,0,565.158,-0.0299881,3.14535e-05,-0.000552751,0.0299932,100000,100000,1904.28,0,0.00500595,0.000537754,0,565.158,-0.0299881,3.14535e-05,-0.000552751,0.0299932,100000,100000,1904.28,0,0.00500595,0.000537754,0,565.158,-0.0299881,3.14535e-05,-0.000552751,0.0299932,100000,100000,1904.28,0,0.00500595,0.000537754,0,565.158,-0.0299881,3.14535e-05,-0.000552751,0.0299932,100000,100000,1904.28,0,0.00500595,0.000537754,0,565.158,-0.0299881,3.14535e-05,-0.000552751,0.0299932,100000,100000,1904.28,0,0,0,0,0,0,0,0,0,0,0,0,0,1
stats,883,1,884,0.00500595,0.000537754,0,565.158,-0.0299881,3.14541e-05,-0.000552751,0.0299932,100000,100000,1904.28,0,0.00500595,0.000537754,0,565.158,-0.0299881,3.14541e-05,-0.000552751,0.0299932,100000,100000,1904.28,0,0.00500595,0.000537754,0,565.158,-0.0299881,3.14541e-05,-0.000552751,0.0299932,100000,100000,1904.28,0,0.00500595,0.000537754,0,565.158,-0.0299881,3.14541e-05,-0.000552751,0.0299932,100000,100000,1904.28,0,0.00500595,0.000537754,0,565.158,-0.0299881,3.14541e-05,-0.000552751,0.0299932,100000,100000,1904.28,0,0.00500595,0.000537754,0,565.158,-0.0299881,3.14541e-05,-0.000552751,0.0299932,100000,100000,1904.28,0,0,0,0,0,0,0,0,0,0,0,0,0,1
stats,884,1,885,0.00500595,0.000537754,0,565.158,-0.0299881,3.14549e-05,-0.00055275,0.0299932,100000,100000,1904.28,0,0.00500595,0.000537754,0,565.158,-0.0299881,3.14549e-05,-0.00055275,0.0299932,100000,100000,1904.28,0,0.00500595,0.000537754,0,565.158,-0.0299881,3.14549e-05,-0.00055275,0.0299932,100000,100000,1904.28,0,0.00500595,0.000537754,0,565.158,-0.0299881,3.14549e-05,-0.00055275,0.0299932,100000,100000,1904.28,0,0.00500595,0.000537754,0,565.158,-0.0299881,3.14549e-05,-0.00055275,0.0299932,100000,100000,1904.28,0,0.00500595,0.000537754,0,565.158,-0.0299881,3.14549e-05,-0.00055275,0.0299932,100000,100000,1904.28,0,0,0,0,0,0,0,0,0,0,0,0,0,1
stats,885,1,886,0.00500595,0.000537754,0,565.158,-0.0299881,3.14555e-05,-0.00055275,0.0299932,100000,100000,1904.28,0,0.00500595,0.000537754,0,565.158,-0.0299881,3.14555e-05,-0.00055275,0.0299932,100000,100000,1904.28,0,0.00500595,0.000537754,0,565.158,-0.0299881,3.14555e-05,-0.00055275,0.0299932,100000,100000,1904.28,0,0.00500595,0.000537754,0,565.158,-0.0299881,3.14555e-05,-0.00055275,0.0299932,100000,100000,1904.28,0,0.00500595,0.000537754,0,565.158,-0.0299881,3.14555e-05,-0.00055275,0.0299932,100000,100000,1904.28,0,0.00500595,0.000537754,0,565.158,-0.0299881,3.14555e-05,-0.00055275,0.0299932,100000,100000,1904.28,0,0,0,0,0,0,0,0,0,0,0,0,0,1
stats,886,1,887,0.00500595,0.000537754,0,565.158,-0.0299881,3.14559e-05,-0.00055275,0.0299932,100000,100000,1904.28,0,0.00500595,0.000537754,0,565.158,-0.0299881,3.14559e-05,-0.00055275,0.0299932,100000,100000,1904.28,0,0.00500595,0.000537754,0,565.158,-0.0299881,3.14559e-05,-0.00055275,0.0299932,100000,100000,1904.28,0,0.00500595,0.000537754,0,565.158,-0.0299881,3.14559e-05,-0.00055275,0.0299932,100000,100000,1904.28,0,0.00500595,0.000537754,0,565.158,-0.0299881,3.14559e-05,-0.00055275,0.0299932,100000,100000,1904.28,0,0.00500595,0.000537754,0,565.158,-0.0299881,3.14559e-05,-0.00055275,0.0299932,100000,100000,1904.28,0,0,0,0,0,0,0,0,0,0,0,0,0,1
stats,887,1,888,0.00500595,0.000537754,0,565.158,-0.0299881,3.14559e-05,-0.00055275,0.0299932,100000,100000,1904.28,0,0.00500595,0.000537754,0,565.158,-0.0299881,3.14559e-05,-0.00055275,0.0299932,100000,100000,1904.28,0,0.00500595,0.000537754,0,565.158,-0.0299881,3.14559e-05,-0.00055275,0.0299932,100000,100000,1904.28,0,0.00500595,0.000537754,0,565.158,-0.0299881,3.14559e-05,-0.00055275,0.0299932,100000,100000,1904.28,0,0.00500595,0.000537754,0,565.158,-0.0299881,3.14559e-05,-0.00055275,0.0299932,100000,100000,1904.28,0,0.00500595,0.000537754,0,565.158,-0.0299881,3.14559e-05,-0.00055275,0.0299932,100000,100000,1904.28,0,0,0,0,0,0,0,0,0,0,0,0,0,1
stats,888,1,889,0.00500595,0.000537754,0,565.158,-0.0299881,3.14556e-05,-0.000552751,0.0299932,100000,100000,1904.28,0,0.00500595,0.000537754,0,565.158,-0.0299881,3.14556e-05,-0.000552751,0.0299932,100000,100000,1904.28,0,0.00500595,0.000537754,0,565.158,-0.0299881,3.14556e-05,-0.000552751,0.0299932,100000,100000,1904.28,0,0.00500595,0.000537754,0,565.158,-0.0299881,3.14556e-05,-0.000552751,0.0299932,100000,100000,1904.28,0,0.00500595,0.000537754,0,565.158,-0.0299881,3.14556e-05,-0.000552751,0.0299932,100000,100000,1904.28,0,0.00500595,0.000537754,0,565.158,-0.0299881,3.14556e-05,-0.000552751,0.0299932,100000,100000,1904.28,0,0,0,0,0,0,0,0,0,0,0,0,0,1
stats,889,1,890,0.00500595,0.000537754,0,565.158,-0.0299881,3.14551e-05,-0.000552751,0.0299932,100000,100000,1904.28,0,0.00500595,0.000537754,0,565.158,-0.0299881,3.14551e-05,-0.000552751,0.0299932,100000,100000,1904.28,0,0.00500595,0.000537754,0,565.158,-0.0299881,3.14551e-05,-0.000552751,0.0299932,100000,100000,1904.28,0,0.00500595,0.000537754,0,565.158,-0.0299881,3.14551e-05,-0.000552751,0.0299932,100000,100000,1904.28,0,0.00500595,0.000537754,0,565.158,-0.0299881,3.14551e-05,-0.000552751,0.0299932,100000,100000,1904.28,0,0.00500595,0.000537754,0,565.158,-0.0299881,3.14551e-05,-0.000552751,0.0299932,100000,100000,1904.28,0,0,0,0,0,0,0,0,0,0,0,0,0,1
stats,890,1,891,0.00500595,0.000537754,0,565.158,-0.0299881,3.14546e-05,-0.000552751,0.0299932,100000,100000,1904.28,0,0.00500595,0.000537754,0,565.158,-0.0299881,3.14546e-05,-0.000552751,0.0299932,100000,100000,1904.28,0,0.00500595,0.000537754,0,565.158,-0.0299881,3.14546e-05,-0.000552751,0.0299932,100000,100000,1904.28,0,0.00500595,0.000537754,0,565.158,-0.0299881,3.14546e-05,-0.000552751,0.0299932,100000,100000,1904.28,0,0.00500595,0.000537754,0,565.158,-0.0299881,3.14546e-05,-0.000552751,0.0299932,100000,100000,1904.28,0,0.00500595,0.000537754,0,565.158,-0.0299881,3.14546e-05,-0.000552751,0.0299932,100000,100000,1904.28,0,0,0,0,0,0,0,0,0,0,0,0,0,1
stats,891,1,892,0.00500595,0.000537754,0,565.158,-0.0299881,3.1454e-05,-0.000552751,0.0299932,100000,100000,1904.28,0,0.00500595,0.000537754,0,565.158,-0.0299881,3.1454e-05,-0.000552751,0.0299932,100000,100000,1904.28,0,0.00500595,0.000537754,0,565.158,-0.0299881,3.1454e-05,-0.000552751,0.0299932,100000,100000,1904.28,0,0.00500595,0.000537754,0,565.158,-0.0299881,3.1454e-05,-0.000552751,0.0299932,100000,100000,1904.28,0,0.00500595,0.000537754,0,565.158,-0.0299881,3.1454e-05,-0.000552751,0.0299932,100000,100000,1904.28,0,0.00500595,0.000537754,0,565.158,-0.0299881,3.1454e-05,-0.000552751,0.0299932,100000,100000,1904.28,0,0,0,0,0,0,0,0,0,0,0,0,0,1
stats,892,1,893,0.00500595,0.000537754,0,565.158,-0.0299881,3.14534e-05,-0.000552752,0.0299932,100000,100000,1904.28,0,0.00500595,0.000537754,0,565.158,-0.0299881,3.14534e-05,-0.000552752,0.0299932,100000,100000,1904.28,0,0.00500595,0.000537754,0,565.158,-0.0299881,3.14534e-05,-0.000552752,0.0299932,100000,100000,1904.28,0,0.00500595,0.000537754,0,565.158,-0.0299881,3.14534e-05,-0.000552752,0.0299932,100000,100000,1904.28,0,0.00500595,0.000537754,0,565.158,-0.0299881,3.14534e-05,-0.000552752,0.0299932,100000,100000,1904.28,0,0.00500595,0.000537754,0,565.158,-0.0299881,3.14534e-05,-0.000552752,0.0299932,100000,100000,1904.28,0,0,0,0,0,0,0,0,0,0,0,0,0,1
stats,893,1,894,0.00500595,0.000537754,0,565.158,-0.0299881,3.14528e-05,-0.000552753,0.0299932,100000,100000,1904.28,0,0.00500595,0.000537754,0,565.158,-0.0299881,3.14528e-05,-0.000552753,0.0299932,100000,100000,1904.28,0,0.00500595,0.000537754,0,565.158,-0.0299881,3.14528e-05,-0.000552753,0.0299932,100000,100000,1904.28,0,0.00500595,0.000537754,0,565.158,-0.0299881,3.14528e-05,-0.000552753,0.0299932,100000,100000,1904.28,0,0.00500595,0.000537754,0,565.158,-0.0299881,3.14528e-05,-0.000552753,0.0299932,100000,100000,1904.28,0,0.00500595,0.000537754,0,565.158,-0.0299881,3.14528e-05,-0.000552753,0.0299932,100000,100000,1904.28,0,0,0,0,0,0,0,0,0,0,0,0,0,1
stats,894,1,895,0.00500595,0.000537754,0,565.158,-0.0299881,3.14523e-05,-0.000552753,0.0299932,100000,100000,1904.28,0,0.00500595,0.000537754,0,565.158,-0.0299881,3.14523e-05,-0.000552753,0.0299932,100000,100000,1904.28,0,0.00500595,0.000537754,0,565.158,-0.0299881,3.14523e-05,-0.000552753,0.0299932,100000,100000,1904.28,0,0.00500595,0.000537754,0,565.158,-0.0299881,3.14523e-05,-0.000552753,0.0299932,100000,100000,1904.28,0,0.00500595,0.000537754,0,565.158,-0.0299881,3.14523e-05,-0.000552753,0.0299932,100000,100000,1904.28,0,0.00500595,0.000537754,0,565.158,-0.0299881,3.14523e-05,-0.000552753,0.0299932,100000,100000,1904.28,0,0,0,0,0,0,0,0,0,0,0,0,0,1
stats,895,1,896,0.00500595,0.000537754,0,565.157,-0.0299881,3.14517e-05,-0.000552754,0.0299932,100000,100000,1904.28,0,0.00500595,0.000537754,0,565.157,-0.0299881,3.14517e-05,-0.000552754,0.0299932,100000,100000,1904.28,0,0.00500595,0.000537754,0,565.157,-0.0299881,3.14517e-05,-0.000552754,0.0299932,100000,100000,1904.28,0,0.00500595,0.000537754,0,565.157,-0.0299881,3.14517e-05,-0.000552754,0.0299932,100000,100000,1904.28,0,0.00500595,0.000537754,0,565.157,-0.0299881,3.14517e-05,-0.000552754,0.0299932,100000,100000,1904.28,0,0.00500595,0.000537754,0,565.157,-0.0299881,3.14517e-05,-0.000552754,0.0299932,100000,100000,1904.28,0,0,0,0,0,0,0,0,0,0,0,0,0,1
stats,896,1,897,0.00500595,0.000537754,0,565.157,-0.0299881,3.14513e-05,-0.000552754,0.0299932,100000,100000,1904.28,0,0.00500595,0.000537754,0,565.157,-0.0299881,3.14513e-05,-0.000552754,0.0299932,100000,100000,1904.28,0,0.00500595,0.000537754,0,565.157,-0.0299881,3.14513e-05,-0.000552754,0.0299932,100000,100000,1904.28,0,0.00500595,0.000537754,0,565.157,-0.0299881,3.14513e-05,-0.000552754,0.0299932,100000,100000,1904.28,0,0.00500595,0.000537754,0,565.157,-0.0299881,3.14513e-05,-0.000552754,0.0299932,100000,100000,1904.28,0,0.00500595,0.000537754,0,565.157,-0.0299881,3.14513e-05,-0.000552754,0.0299932,100000,100000,1904.28,0,0,0,0,0,0,0,0,0,0,0,0,0,1
stats,897,1,898,0.00500595,0.000537754,0,565.157,-0.0299881,3.1451e-05,-0.000552754,0.0299932,100000,100000,1904.28,0,0.00500595,0.000537754,0,565.157,-0.0299881,3.1451e-05,-0.000552754,0.0299932,100000,100000,1904.28,0,0.00500595,0.000537754,0,565.157,-0.0299881,3.1451e-05,-0.000552754,0.0299932,100000,100000,1904.28,0,0.00500595,0.000537754,0,565.157,-0.0299881,3.1451e-05,-0.000552754,0.0299932,100000,100000,1904.28,0,0.00500595,0.000537754,0,565.157,-0.0299881,3.1451e-05,-0.000552754,0.0299932,100000,100000,1904.28,0,0.00500595,0.000537754,0,565.157,-0.0299881,3.1451e-05,-0.000552754,0.0299932,100000,100000,1904.28,0,0,0,0,0,0,0,0,0,0,0,0,0,1
stats,898,1,899,0.00500595,0.000537754,0,565.157,-0.0299881,3.14511e-05,-0.000552753,0.0299932,100000,100000,1904.28,0,0.00500595,0.000537754,0,565.157,-0.0299881,3.14511e-05,-0.000552753,0.0299932,100000,100000,1904.28,0,0.00500595,0.000537754,0,565.157,-0.0299881,3.14511e-05,-0.000552753,0.0299932,100000,100000,1904.28,0,0.00500595,0.000537754,0,565.157,-0.0299881,3.14511e-05,-0.000552753,0.0299932,100000,100000,1904.28,0,0.00500595,0.000537754,0,565.157,-0.0299881,3.14511e-05,-0.000552753,0.0299932,100000,100000,1904.28,0,0.00500595,0.000537754,0,565.157,-0.0299881,3.14511e-05,-0.000552753,0.0299932,100000,100000,1904.28,0,0,0,0,0,0,0,0,0,0,0,0,0,1
stats,899,1,900,0.00500595,0.000537754,0,565.158,-0.0299881,3.14515e-05,-0.000552752,0.0299932,100000,100000,1904.28,0,0.00500595,0.000537754,0,565.158,-0.0299881,3.14515e-05,-0.000552752,0.0299932,100000,100000,1904.28,0,0.00500595,0.000537754,0,565.158,-0.0299881,3.14515e-05,-0.000552752,0.0299932,100000,100000,1904.28,0,0.00500595,0.000537754,0,565.158,-0.0299881,3.14515e-05,-0.000552752,0.0299932,100000,100000,1904.28,0,0.00500595,0.000537754,0,565.158,-0.0299881,3.14515e-05,-0.000552752,0.0299932,100000,100000,1904.28,0,0.00500595,0.000537754,0,565.158,-0.0299881,3.14515e-05,-0.000552752,0.0299932,100000,100000,1904.28,0,0,0,0,0,0,0,0,0,0,0,0,0,1
