Block Name,Row ID,N,Time,avg(Area),avg(K),avg(Qdot),avg(T),avg(U (0)),avg(U (1)),avg(U (2)),avg(U (Magnitude)),avg(p),avg(p_rgh),avg(rho),avg(vtkOriginalCellIds),max(Area),max(K),max(Qdot),max(T),max(U (0)),max(U (1)),max(U (2)),max(U (Magnitude)),max(p),max(p_rgh),max(rho),max(vtkOriginalCellIds),med(Area),med(K),med(Qdot),med(T),med(U (0)),med(U (1)),med(U (2)),med(U (Magnitude)),med(p),med(p_rgh),med(rho),med(vtkOriginalCellIds),min(Area),min(K),min(Qdot),min(T),min(U (0)),min(U (1)),min(U (2)),min(U (Magnitude)),min(p),min(p_rgh),min(rho),min(vtkOriginalCellIds),q1(Area),q1(K),q1(Qdot),q1(T),q1(U (0)),q1(U (1)),q1(U (2)),q1(U (Magnitude)),q1(p),q1(p_rgh),q1(rho),q1(vtkOriginalCellIds),q3(Area),q3(K),q3(Qdot),q3(T),q3(U (0)),q3(U (1)),q3(U (2)),q3(U (Magnitude)),q3(p),q3(p_rgh),q3(rho),q3(vtkOriginalCellIds),std(Area),std(K),std(Qdot),std(T),std(U (0)),std(U (1)),std(U (2)),std(U (Magnitude)),std(p),std(p_rgh),std(rho),std(vtkOriginalCellIds),vtkValidPointMask
stats,0,1,1,0.00500595,0.0013187,0,563.15,-0.0499581,3.80239e-05,0.00040399,0.0499598,100000,100000,1905.56,0,0.00500595,0.0013187,0,563.15,-0.0499581,3.80239e-05,0.00040399,0.0499598,100000,100000,1905.56,0,0.00500595,0.0013187,0,563.15,-0.0499581,3.80239e-05,0.00040399,0.0499598,100000,100000,1905.56,0,0.00500595,0.0013187,0,563.15,-0.0499581,3.80239e-05,0.00040399,0.0499598,100000,100000,1905.56,0,0.00500595,0.0013187,0,563.15,-0.0499581,3.80239e-05,0.00040399,0.0499598,100000,100000,1905.56,0,0.00500595,0.0013187,0,563.15,-0.0499581,3.80239e-05,0.00040399,0.0499598,100000,100000,1905.56,0,0,0,0,0,0,0,0,0,0,0,0,0,1
stats,1,1,2,0.00500595,0.00143518,0,563.15,-0.049958,-4.16098e-05,0.000324618,0.0499591,100000,100000,1905.56,0,0.00500595,0.00143518,0,563.15,-0.049958,-4.16098e-05,0.000324618,0.0499591,100000,100000,1905.56,0,0.00500595,0.00143518,0,563.15,-0.049958,-4.16098e-05,0.000324618,0.0499591,100000,100000,1905.56,0,0.00500595,0.00143518,0,563.15,-0.049958,-4.16098e-05,0.000324618,0.0499591,100000,100000,1905.56,0,0.00500595,0.00143518,0,563.15,-0.049958,-4.16098e-05,0.000324618,0.0499591,100000,100000,1905.56,0,0.00500595,0.00143518,0,563.15,-0.049958,-4.16098e-05,0.000324618,0.0499591,100000,100000,1905.56,0,0,0,0,0,0,0,0,0,0,0,0,0,1
stats,2,1,3,0.00500595,0.00147698,0,563.15,-0.0499454,5.27672e-05,-0.000598444,0.049949,100000,100000,1905.56,0,0.00500595,0.00147698,0,563.15,-0.0499454,5.27672e-05,-0.000598444,0.049949,100000,100000,1905.56,0,0.00500595,0.00147698,0,563.15,-0.0499454,5.27672e-05,-0.000598444,0.049949,100000,100000,1905.56,0,0.00500595,0.00147698,0,563.15,-0.0499454,5.27672e-05,-0.000598444,0.049949,100000,100000,1905.56,0,0.00500595,0.00147698,0,563.15,-0.0499454,5.27672e-05,-0.000598444,0.049949,100000,100000,1905.56,0,0.00500595,0.00147698,0,563.15,-0.0499454,5.27672e-05,-0.000598444,0.049949,100000,100000,1905.56,0,0,0,0,0,0,0,0,0,0,0,0,0,1
stats,3,1,4,0.00500595,0.00148517,0,563.15,-0.0499428,9.17321e-05,-0.00108308,0.0499546,100000,100000,1905.56,0,0.00500595,0.00148517,0,563.15,-0.0499428,9.17321e-05,-0.00108308,0.0499546,100000,100000,1905.56,0,0.00500595,0.00148517,0,563.15,-0.0499428,9.17321e-05,-0.00108308,0.0499546,100000,100000,1905.56,0,0.00500595,0.00148517,0,563.15,-0.0499428,9.17321e-05,-0.00108308,0.0499546,100000,100000,1905.56,0,0.00500595,0.00148517,0,563.15,-0.0499428,9.17321e-05,-0.00108308,0.0499546,100000,100000,1905.56,0,0.00500595,0.00148517,0,563.15,-0.0499428,9.17321e-05,-0.00108308,0.0499546,100000,100000,1905.56,0,0,0,0,0,0,0,0,0,0,0,0,0,1
stats,4,1,5,0.00500595,0.00148748,0,563.15,-0.0499423,9.2407e-05,-0.0012823,0.0499589,100000,100000,1905.56,0,0.00500595,0.00148748,0,563.15,-0.0499423,9.2407e-05,-0.0012823,0.0499589,100000,100000,1905.56,0,0.00500595,0.00148748,0,563.15,-0.0499423,9.2407e-05,-0.0012823,0.0499589,100000,100000,1905.56,0,0.00500595,0.00148748,0,563.15,-0.0499423,9.2407e-05,-0.0012823,0.0499589,100000,100000,1905.56,0,0.00500595,0.00148748,0,563.15,-0.0499423,9.2407e-05,-0.0012823,0.0499589,100000,100000,1905.56,0,0.00500595,0.00148748,0,563.15,-0.0499423,9.2407e-05,-0.0012823,0.0499589,100000,100000,1905.56,0,0,0,0,0,0,0,0,0,0,0,0,0,1
stats,5,1,6,0.00500595,0.00148743,0,563.15,-0.0499427,8.9237e-05,-0.00134855,0.049961,100000,100000,1905.56,0,0.00500595,0.00148743,0,563.15,-0.0499427,8.9237e-05,-0.00134855,0.049961,100000,100000,1905.56,0,0.00500595,0.00148743,0,563.15,-0.0499427,8.9237e-05,-0.00134855,0.049961,100000,100000,1905.56,0,0.00500595,0.00148743,0,563.15,-0.0499427,8.9237e-05,-0.00134855,0.049961,100000,100000,1905.56,0,0.00500595,0.00148743,0,563.15,-0.0499427,8.9237e-05,-0.00134855,0.049961,100000,100000,1905.56,0,0.00500595,0.00148743,0,563.15,-0.0499427,8.9237e-05,-0.00134855,0.049961,100000,100000,1905.56,0,0,0,0,0,0,0,0,0,0,0,0,0,1
stats,6,1,7,0.00500595,0.00148638,0,563.15,-0.0499434,8.71028e-05,-0.00135649,0.0499619,100000,100000,1905.56,0,0.00500595,0.00148638,0,563.15,-0.0499434,8.71028e-05,-0.00135649,0.0499619,100000,100000,1905.56,0,0.00500595,0.00148638,0,563.15,-0.0499434,8.71028e-05,-0.00135649,0.0499619,100000,100000,1905.56,0,0.00500595,0.00148638,0,563.15,-0.0499434,8.71028e-05,-0.00135649,0.0499619,100000,100000,1905.56,0,0.00500595,0.00148638,0,563.15,-0.0499434,8.71028e-05,-0.00135649,0.0499619,100000,100000,1905.56,0,0.00500595,0.00148638,0,563.15,-0.0499434,8.71028e-05,-0.00135649,0.0499619,100000,100000,1905.56,0,0,0,0,0,0,0,0,0,0,0,0,0,1
stats,7,1,8,0.00500595,0.00148496,0,563.15,-0.0499443,8.67648e-05,-0.00134084,0.0499624,100000,100000,1905.56,0,0.00500595,0.00148496,0,563.15,-0.0499443,8.67648e-05,-0.00134084,0.0499624,100000,100000,1905.56,0,0.00500595,0.00148496,0,563.15,-0.0499443,8.67648e-05,-0.00134084,0.0499624,100000,100000,1905.56,0,0.00500595,0.00148496,0,563.15,-0.0499443,8.67648e-05,-0.00134084,0.0499624,100000,100000,1905.56,0,0.00500595,0.00148496,0,563.15,-0.0499443,8.67648e-05,-0.00134084,0.0499624,100000,100000,1905.56,0,0.00500595,0.00148496,0,563.15,-0.0499443,8.67648e-05,-0.00134084,0.0499624,100000,100000,1905.56,0,0,0,0,0,0,0,0,0,0,0,0,0,1
stats,8,1,9,0.00500595,0.00148337,0,563.15,-0.0499452,8.72424e-05,-0.00131468,0.0499626,100000,100000,1905.56,0,0.00500595,0.00148337,0,563.15,-0.0499452,8.72424e-05,-0.00131468,0.0499626,100000,100000,1905.56,0,0.00500595,0.00148337,0,563.15,-0.0499452,8.72424e-05,-0.00131468,0.0499626,100000,100000,1905.56,0,0.00500595,0.00148337,0,563.15,-0.0499452,8.72424e-05,-0.00131468,0.0499626,100000,100000,1905.56,0,0.00500595,0.00148337,0,563.15,-0.0499452,8.72424e-05,-0.00131468,0.0499626,100000,100000,1905.56,0,0.00500595,0.00148337,0,563.15,-0.0499452,8.72424e-05,-0.00131468,0.0499626,100000,100000,1905.56,0,0,0,0,0,0,0,0,0,0,0,0,0,1
stats,9,1,10,0.00500595,0.00148174,0,563.15,-0.0499462,8.81192e-05,-0.00128262,0.0499627,100000,100000,1905.56,0,0.00500595,0.00148174,0,563.15,-0.0499462,8.81192e-05,-0.00128262,0.0499627,100000,100000,1905.56,0,0.00500595,0.00148174,0,563.15,-0.0499462,8.81192e-05,-0.00128262,0.0499627,100000,100000,1905.56,0,0.00500595,0.00148174,0,563.15,-0.0499462,8.81192e-05,-0.00128262,0.0499627,100000,100000,1905.56,0,0.00500595,0.00148174,0,563.15,-0.0499462,8.81192e-05,-0.00128262,0.0499627,100000,100000,1905.56,0,0.00500595,0.00148174,0,563.15,-0.0499462,8.81192e-05,-0.00128262,0.0499627,100000,100000,1905.56,0,0,0,0,0,0,0,0,0,0,0,0,0,1
stats,10,1,11,0.00500595,0.00148016,0,563.15,-0.0499471,8.9095e-05,-0.00124739,0.0499628,100000,100000,1905.56,0,0.00500595,0.00148016,0,563.15,-0.0499471,8.9095e-05,-0.00124739,0.0499628,100000,100000,1905.56,0,0.00500595,0.00148016,0,563.15,-0.0499471,8.9095e-05,-0.00124739,0.0499628,100000,100000,1905.56,0,0.00500595,0.00148016,0,563.15,-0.0499471,8.9095e-05,-0.00124739,0.0499628,100000,100000,1905.56,0,0.00500595,0.00148016,0,563.15,-0.0499471,8.9095e-05,-0.00124739,0.0499628,100000,100000,1905.56,0,0.00500595,0.00148016,0,563.15,-0.0499471,8.9095e-05,-0.00124739,0.0499628,100000,100000,1905.56,0,0,0,0,0,0,0,0,0,0,0,0,0,1
stats,11,1,12,0.00500595,0.00147866,0,563.15,-0.049948,9.01511e-05,-0.0012117,0.0499628,100000,100000,1905.56,0,0.00500595,0.00147866,0,563.15,-0.049948,9.01511e-05,-0.0012117,0.0499628,100000,100000,1905.56,0,0.00500595,0.00147866,0,563.15,-0.049948,9.01511e-05,-0.0012117,0.0499628,100000,100000,1905.56,0,0.00500595,0.00147866,0,563.15,-0.049948,9.01511e-05,-0.0012117,0.0499628,100000,100000,1905.56,0,0.00500595,0.00147866,0,563.15,-0.049948,9.01511e-05,-0.0012117,0.0499628,100000,100000,1905.56,0,0.00500595,0.00147866,0,563.15,-0.049948,9.01511e-05,-0.0012117,0.0499628,100000,100000,1905.56,0,0,0,0,0,0,0,0,0,0,0,0,0,1
stats,12,1,13,0.00500595,0.00147726,0,563.15,-0.049949,9.12687e-05,-0.0011778,0.049963,100000,100000,1905.56,0,0.00500595,0.00147726,0,563.15,-0.049949,9.12687e-05,-0.0011778,0.049963,100000,100000,1905.56,0,0.00500595,0.00147726,0,563.15,-0.049949,9.12687e-05,-0.0011778,0.049963,100000,100000,1905.56,0,0.00500595,0.00147726,0,563.15,-0.049949,9.12687e-05,-0.0011778,0.049963,100000,100000,1905.56,0,0.00500595,0.00147726,0,563.15,-0.049949,9.12687e-05,-0.0011778,0.049963,100000,100000,1905.56,0,0.00500595,0.00147726,0,563.15,-0.049949,9.12687e-05,-0.0011778,0.049963,100000,100000,1905.56,0,0,0,0,0,0,0,0,0,0,0,0,0,1
stats,13,1,14,0.00500595,0.00147596,0,563.15,-0.0499499,9.21448e-05,-0.00114599,0.0499632,100000,100000,1905.56,0,0.00500595,0.00147596,0,563.15,-0.0499499,9.21448e-05,-0.00114599,0.0499632,100000,100000,1905.56,0,0.00500595,0.00147596,0,563.15,-0.0499499,9.21448e-05,-0.00114599,0.0499632,100000,100000,1905.56,0,0.00500595,0.00147596,0,563.15,-0.0499499,9.21448e-05,-0.00114599,0.0499632,100000,100000,1905.56,0,0.00500595,0.00147596,0,563.15,-0.0499499,9.21448e-05,-0.00114599,0.0499632,100000,100000,1905.56,0,0.00500595,0.00147596,0,563.15,-0.0499499,9.21448e-05,-0.00114599,0.0499632,100000,100000,1905.56,0,0,0,0,0,0,0,0,0,0,0,0,0,1
stats,14,1,15,0.00500595,0.00147478,0,563.15,-0.0499509,9.26014e-05,-0.00111618,0.0499634,100000,100000,1905.56,0,0.00500595,0.00147478,0,563.15,-0.0499509,9.26014e-05,-0.00111618,0.0499634,100000,100000,1905.56,0,0.00500595,0.00147478,0,563.15,-0.0499509,9.26014e-05,-0.00111618,0.0499634,100000,100000,1905.56,0,0.00500595,0.00147478,0,563.15,-0.0499509,9.26014e-05,-0.00111618,0.0499634,100000,100000,1905.56,0,0.00500595,0.00147478,0,563.15,-0.0499509,9.26014e-05,-0.00111618,0.0499634,100000,100000,1905.56,0,0.00500595,0.00147478,0,563.15,-0.0499509,9.26014e-05,-0.00111618,0.0499634,100000,100000,1905.56,0,0,0,0,0,0,0,0,0,0,0,0,0,1
stats,15,1,16,0.00500595,0.00147377,0,563.15,-0.0499529,9.25445e-05,-0.00108862,0.0499648,100000,100000,1905.56,0,0.00500595,0.00147377,0,563.15,-0.0499529,9.25445e-05,-0.00108862,0.0499648,100000,100000,1905.56,0,0.00500595,0.00147377,0,563.15,-0.0499529,9.25445e-05,-0.00108862,0.0499648,100000,100000,1905.56,0,0.00500595,0.00147377,0,563.15,-0.0499529,9.25445e-05,-0.00108862,0.0499648,100000,100000,1905.56,0,0.00500595,0.00147377,0,563.15,-0.0499529,9.25445e-05,-0.00108862,0.0499648,100000,100000,1905.56,0,0.00500595,0.00147377,0,563.15,-0.0499529,9.25445e-05,-0.00108862,0.0499648,100000,100000,1905.56,0,0,0,0,0,0,0,0,0,0,0,0,0,1
stats,16,1,17,0.00500595,0.0014729,0,563.15,-0.0499538,9.23562e-05,-0.00106389,0.0499652,100000,100000,1905.56,0,0.00500595,0.0014729,0,563.15,-0.0499538,9.23562e-05,-0.00106389,0.0499652,100000,100000,1905.56,0,0.00500595,0.0014729,0,563.15,-0.0499538,9.23562e-05,-0.00106389,0.0499652,100000,100000,1905.56,0,0.00500595,0.0014729,0,563.15,-0.0499538,9.23562e-05,-0.00106389,0.0499652,100000,100000,1905.56,0,0.00500595,0.0014729,0,563.15,-0.0499538,9.23562e-05,-0.00106389,0.0499652,100000,100000,1905.56,0,0.00500595,0.0014729,0,563.15,-0.0499538,9.23562e-05,-0.00106389,0.0499652,100000,100000,1905.56,0,0,0,0,0,0,0,0,0,0,0,0,0,1
stats,17,1,18,0.00500595,0.00147222,0,563.15,-0.0499547,9.21609e-05,-0.00104302,0.0499657,100000,100000,1905.56,0,0.00500595,0.00147222,0,563.15,-0.0499547,9.21609e-05,-0.00104302,0.0499657,100000,100000,1905.56,0,0.00500595,0.00147222,0,563.15,-0.0499547,9.21609e-05,-0.00104302,0.0499657,100000,100000,1905.56,0,0.00500595,0.00147222,0,563.15,-0.0499547,9.21609e-05,-0.00104302,0.0499657,100000,100000,1905.56,0,0.00500595,0.00147222,0,563.15,-0.0499547,9.21609e-05,-0.00104302,0.0499657,100000,100000,1905.56,0,0.00500595,0.00147222,0,563.15,-0.0499547,9.21609e-05,-0.00104302,0.0499657,100000,100000,1905.56,0,0,0,0,0,0,0,0,0,0,0,0,0,1
stats,18,1,19,0.00500595,0.00147173,0,563.15,-0.0499555,9.22567e-05,-0.00102671,0.0499662,100000,100000,1905.56,0,0.00500595,0.00147173,0,563.15,-0.0499555,9.22567e-05,-0.00102671,0.0499662,100000,100000,1905.56,0,0.00500595,0.00147173,0,563.15,-0.0499555,9.22567e-05,-0.00102671,0.0499662,100000,100000,1905.56,0,0.00500595,0.00147173,0,563.15,-0.0499555,9.22567e-05,-0.00102671,0.0499662,100000,100000,1905.56,0,0.00500595,0.00147173,0,563.15,-0.0499555,9.22567e-05,-0.00102671,0.0499662,100000,100000,1905.56,0,0.00500595,0.00147173,0,563.15,-0.0499555,9.22567e-05,-0.00102671,0.0499662,100000,100000,1905.56,0,0,0,0,0,0,0,0,0,0,0,0,0,1
stats,19,1,20,0.00500595,0.00147138,0,563.15,-0.0499563,9.25279e-05,-0.00101467,0.0499667,100000,100000,1905.56,0,0.00500595,0.00147138,0,563.15,-0.0499563,9.25279e-05,-0.00101467,0.0499667,100000,100000,1905.56,0,0.00500595,0.00147138,0,563.15,-0.0499563,9.25279e-05,-0.00101467,0.0499667,100000,100000,1905.56,0,0.00500595,0.00147138,0,563.15,-0.0499563,9.25279e-05,-0.00101467,0.0499667,100000,100000,1905.56,0,0.00500595,0.00147138,0,563.15,-0.0499563,9.25279e-05,-0.00101467,0.0499667,100000,100000,1905.56,0,0.00500595,0.00147138,0,563.15,-0.0499563,9.25279e-05,-0.00101467,0.0499667,100000,100000,1905.56,0,0,0,0,0,0,0,0,0,0,0,0,0,1
stats,20,1,21,0.00500595,0.00147117,0,563.15,-0.0499571,9.28505e-05,-0.00100624,0.0499673,100000,100000,1905.56,0,0.00500595,0.00147117,0,563.15,-0.0499571,9.28505e-05,-0.00100624,0.0499673,100000,100000,1905.56,0,0.00500595,0.00147117,0,563.15,-0.0499571,9.28505e-05,-0.00100624,0.0499673,100000,100000,1905.56,0,0.00500595,0.00147117,0,563.15,-0.0499571,9.28505e-05,-0.00100624,0.0499673,100000,100000,1905.56,0,0.00500595,0.00147117,0,563.15,-0.0499571,9.28505e-05,-0.00100624,0.0499673,100000,100000,1905.56,0,0.00500595,0.00147117,0,563.15,-0.0499571,9.28505e-05,-0.00100624,0.0499673,100000,100000,1905.56,0,0,0,0,0,0,0,0,0,0,0,0,0,1
stats,21,1,22,0.00500595,0.00147104,0,563.151,-0.0499579,9.31676e-05,-0.00100077,0.049968,100000,100000,1905.56,0,0.00500595,0.00147104,0,563.151,-0.0499579,9.31676e-05,-0.00100077,0.049968,100000,100000,1905.56,0,0.00500595,0.00147104,0,563.151,-0.0499579,9.31676e-05,-0.00100077,0.049968,100000,100000,1905.56,0,0.00500595,0.00147104,0,563.151,-0.0499579,9.31676e-05,-0.00100077,0.049968,100000,100000,1905.56,0,0.00500595,0.00147104,0,563.151,-0.0499579,9.31676e-05,-0.00100077,0.049968,100000,100000,1905.56,0,0.00500595,0.00147104,0,563.151,-0.0499579,9.31676e-05,-0.00100077,0.049968,100000,100000,1905.56,0,0,0,0,0,0,0,0,0,0,0,0,0,1
stats,22,1,23,0.00500595,0.00147099,0,563.152,-0.0499586,9.35199e-05,-0.000997782,0.0499686,100000,100000,1905.56,0,0.00500595,0.00147099,0,563.152,-0.0499586,9.35199e-05,-0.000997782,0.0499686,100000,100000,1905.56,0,0.00500595,0.00147099,0,563.152,-0.0499586,9.35199e-05,-0.000997782,0.0499686,100000,100000,1905.56,0,0.00500595,0.00147099,0,563.152,-0.0499586,9.35199e-05,-0.000997782,0.0499686,100000,100000,1905.56,0,0.00500595,0.00147099,0,563.152,-0.0499586,9.35199e-05,-0.000997782,0.0499686,100000,100000,1905.56,0,0.00500595,0.00147099,0,563.152,-0.0499586,9.35199e-05,-0.000997782,0.0499686,100000,100000,1905.56,0,0,0,0,0,0,0,0,0,0,0,0,0,1
stats,23,1,24,0.00500595,0.00147097,0,563.156,-0.0499592,9.38543e-05,-0.000996488,0.0499693,100000,100000,1905.56,0,0.00500595,0.00147097,0,563.156,-0.0499592,9.38543e-05,-0.000996488,0.0499693,100000,100000,1905.56,0,0.00500595,0.00147097,0,563.156,-0.0499592,9.38543e-05,-0.000996488,0.0499693,100000,100000,1905.56,0,0.00500595,0.00147097,0,563.156,-0.0499592,9.38543e-05,-0.000996488,0.0499693,100000,100000,1905.56,0,0.00500595,0.00147097,0,563.156,-0.0499592,9.38543e-05,-0.000996488,0.0499693,100000,100000,1905.56,0,0.00500595,0.00147097,0,563.156,-0.0499592,9.38543e-05,-0.000996488,0.0499693,100000,100000,1905.56,0,0,0,0,0,0,0,0,0,0,0,0,0,1
stats,24,1,25,0.00500595,0.00147099,0,563.161,-0.0499598,9.41179e-05,-0.00099586,0.0499698,100000,100000,1905.55,0,0.00500595,0.00147099,0,563.161,-0.0499598,9.41179e-05,-0.00099586,0.0499698,100000,100000,1905.55,0,0.00500595,0.00147099,0,563.161,-0.0499598,9.41179e-05,-0.00099586,0.0499698,100000,100000,1905.55,0,0.00500595,0.00147099,0,563.161,-0.0499598,9.41179e-05,-0.00099586,0.0499698,100000,100000,1905.55,0,0.00500595,0.00147099,0,563.161,-0.0499598,9.41179e-05,-0.00099586,0.0499698,100000,100000,1905.55,0,0.00500595,0.00147099,0,563.161,-0.0499598,9.41179e-05,-0.00099586,0.0499698,100000,100000,1905.55,0,0,0,0,0,0,0,0,0,0,0,0,0,1
stats,25,1,26,0.00500595,0.001471,0,563.167,-0.0499603,9.43192e-05,-0.000995647,0.0499703,100000,100000,1905.55,0,0.00500595,0.001471,0,563.167,-0.0499603,9.43192e-05,-0.000995647,0.0499703,100000,100000,1905.55,0,0.00500595,0.001471,0,563.167,-0.0499603,9.43192e-05,-0.000995647,0.0499703,100000,100000,1905.55,0,0.00500595,0.001471,0,563.167,-0.0499603,9.43192e-05,-0.000995647,0.0499703,100000,100000,1905.55,0,0.00500595,0.001471,0,563.167,-0.0499603,9.43192e-05,-0.000995647,0.0499703,100000,100000,1905.55,0,0.00500595,0.001471,0,563.167,-0.0499603,9.43192e-05,-0.000995647,0.0499703,100000,100000,1905.55,0,0,0,0,0,0,0,0,0,0,0,0,0,1
stats,26,1,27,0.00500595,0.00147102,0,563.174,-0.0499606,9.44598e-05,-0.000995808,0.0499707,100000,100000,1905.54,0,0.00500595,0.00147102,0,563.174,-0.0499606,9.44598e-05,-0.000995808,0.0499707,100000,100000,1905.54,0,0.00500595,0.00147102,0,563.174,-0.0499606,9.44598e-05,-0.000995808,0.0499707,100000,100000,1905.54,0,0.00500595,0.00147102,0,563.174,-0.0499606,9.44598e-05,-0.000995808,0.0499707,100000,100000,1905.54,0,0.00500595,0.00147102,0,563.174,-0.0499606,9.44598e-05,-0.000995808,0.0499707,100000,100000,1905.54,0,0.00500595,0.00147102,0,563.174,-0.0499606,9.44598e-05,-0.000995808,0.0499707,100000,100000,1905.54,0,0,0,0,0,0,0,0,0,0,0,0,0,1
stats,27,1,28,0.00500595,0.00147104,0,563.183,-0.0499609,9.4553e-05,-0.000996139,0.049971,100000,100000,1905.54,0,0.00500595,0.00147104,0,563.183,-0.0499609,9.4553e-05,-0.000996139,0.049971,100000,100000,1905.54,0,0.00500595,0.00147104,0,563.183,-0.0499609,9.4553e-05,-0.000996139,0.049971,100000,100000,1905.54,0,0.00500595,0.00147104,0,563.183,-0.0499609,9.4553e-05,-0.000996139,0.049971,100000,100000,1905.54,0,0.00500595,0.00147104,0,563.183,-0.0499609,9.4553e-05,-0.000996139,0.049971,100000,100000,1905.54,0,0.00500595,0.00147104,0,563.183,-0.0499609,9.4553e-05,-0.000996139,0.049971,100000,100000,1905.54,0,0,0,0,0,0,0,0,0,0,0,0,0,1
stats,28,1,29,0.00500595,0.00147105,0,563.193,-0.0499612,9.46228e-05,-0.000996464,0.0499712,100000,100000,1905.53,0,0.00500595,0.00147105,0,563.193,-0.0499612,9.46228e-05,-0.000996464,0.0499712,100000,100000,1905.53,0,0.00500595,0.00147105,0,563.193,-0.0499612,9.46228e-05,-0.000996464,0.0499712,100000,100000,1905.53,0,0.00500595,0.00147105,0,563.193,-0.0499612,9.46228e-05,-0.000996464,0.0499712,100000,100000,1905.53,0,0.00500595,0.00147105,0,563.193,-0.0499612,9.46228e-05,-0.000996464,0.0499712,100000,100000,1905.53,0,0.00500595,0.00147105,0,563.193,-0.0499612,9.46228e-05,-0.000996464,0.0499712,100000,100000,1905.53,0,0,0,0,0,0,0,0,0,0,0,0,0,1
stats,29,1,30,0.00500595,0.00147106,0,563.205,-0.0499614,9.46677e-05,-0.000996734,0.0499714,100000,100000,1905.53,0,0.00500595,0.00147106,0,563.205,-0.0499614,9.46677e-05,-0.000996734,0.0499714,100000,100000,1905.53,0,0.00500595,0.00147106,0,563.205,-0.0499614,9.46677e-05,-0.000996734,0.0499714,100000,100000,1905.53,0,0.00500595,0.00147106,0,563.205,-0.0499614,9.46677e-05,-0.000996734,0.0499714,100000,100000,1905.53,0,0.00500595,0.00147106,0,563.205,-0.0499614,9.46677e-05,-0.000996734,0.0499714,100000,100000,1905.53,0,0.00500595,0.00147106,0,563.205,-0.0499614,9.46677e-05,-0.000996734,0.0499714,100000,100000,1905.53,0,0,0,0,0,0,0,0,0,0,0,0,0,1
stats,30,1,31,0.00500595,0.00147106,0,563.219,-0.0499616,9.46989e-05,-0.000996936,0.0499716,100000,100000,1905.52,0,0.00500595,0.00147106,0,563.219,-0.0499616,9.46989e-05,-0.000996936,0.0499716,100000,100000,1905.52,0,0.00500595,0.00147106,0,563.219,-0.0499616,9.46989e-05,-0.000996936,0.0499716,100000,100000,1905.52,0,0.00500595,0.00147106,0,563.219,-0.0499616,9.46989e-05,-0.000996936,0.0499716,100000,100000,1905.52,0,0.00500595,0.00147106,0,563.219,-0.0499616,9.46989e-05,-0.000996936,0.0499716,100000,100000,1905.52,0,0.00500595,0.00147106,0,563.219,-0.0499616,9.46989e-05,-0.000996936,0.0499716,100000,100000,1905.52,0,0,0,0,0,0,0,0,0,0,0,0,0,1
stats,31,1,32,0.00500595,0.00147107,0,563.236,-0.0499617,9.47245e-05,-0.000997061,0.0499718,100000,100000,1905.51,0,0.00500595,0.00147107,0,563.236,-0.0499617,9.47245e-05,-0.000997061,0.0499718,100000,100000,1905.51,0,0.00500595,0.00147107,0,563.236,-0.0499617,9.47245e-05,-0.000997061,0.0499718,100000,100000,1905.51,0,0.00500595,0.00147107,0,563.236,-0.0499617,9.47245e-05,-0.000997061,0.0499718,100000,100000,1905.51,0,0.00500595,0.00147107,0,563.236,-0.0499617,9.47245e-05,-0.000997061,0.0499718,100000,100000,1905.51,0,0.00500595,0.00147107,0,563.236,-0.0499617,9.47245e-05,-0.000997061,0.0499718,100000,100000,1905.51,0,0,0,0,0,0,0,0,0,0,0,0,0,1
stats,32,1,33,0.00500595,0.00147107,0,563.255,-0.0499619,9.47484e-05,-0.000997104,0.0499719,100000,100000,1905.49,0,0.00500595,0.00147107,0,563.255,-0.0499619,9.47484e-05,-0.000997104,0.0499719,100000,100000,1905.49,0,0.00500595,0.00147107,0,563.255,-0.0499619,9.47484e-05,-0.000997104,0.0499719,100000,100000,1905.49,0,0.00500595,0.00147107,0,563.255,-0.0499619,9.47484e-05,-0.000997104,0.0499719,100000,100000,1905.49,0,0.00500595,0.00147107,0,563.255,-0.0499619,9.47484e-05,-0.000997104,0.0499719,100000,100000,1905.49,0,0.00500595,0.00147107,0,563.255,-0.0499619,9.47484e-05,-0.000997104,0.0499719,100000,100000,1905.49,0,0,0,0,0,0,0,0,0,0,0,0,0,1
stats,33,1,34,0.00500595,0.00147107,0,563.275,-0.049962,9.47728e-05,-0.000997072,0.049972,100000,100000,1905.48,0,0.00500595,0.00147107,0,563.275,-0.049962,9.47728e-05,-0.000997072,0.049972,100000,100000,1905.48,0,0.00500595,0.00147107,0,563.275,-0.049962,9.47728e-05,-0.000997072,0.049972,100000,100000,1905.48,0,0.00500595,0.00147107,0,563.275,-0.049962,9.47728e-05,-0.000997072,0.049972,100000,100000,1905.48,0,0.00500595,0.00147107,0,563.275,-0.049962,9.47728e-05,-0.000997072,0.049972,100000,100000,1905.48,0,0.00500595,0.00147107,0,563.275,-0.049962,9.47728e-05,-0.000997072,0.049972,100000,100000,1905.48,0,0,0,0,0,0,0,0,0,0,0,0,0,1
stats,34,1,35,0.00500595,0.00147107,0,563.297,-0.0499621,9.47996e-05,-0.000996981,0.0499722,100000,100000,1905.47,0,0.00500595,0.00147107,0,563.297,-0.0499621,9.47996e-05,-0.000996981,0.0499722,100000,100000,1905.47,0,0.00500595,0.00147107,0,563.297,-0.0499621,9.47996e-05,-0.000996981,0.0499722,100000,100000,1905.47,0,0.00500595,0.00147107,0,563.297,-0.0499621,9.47996e-05,-0.000996981,0.0499722,100000,100000,1905.47,0,0.00500595,0.00147107,0,563.297,-0.0499621,9.47996e-05,-0.000996981,0.0499722,100000,100000,1905.47,0,0.00500595,0.00147107,0,563.297,-0.0499621,9.47996e-05,-0.000996981,0.0499722,100000,100000,1905.47,0,0,0,0,0,0,0,0,0,0,0,0,0,1
stats,35,1,36,0.00500595,0.00147106,0,563.32,-0.0499622,9.48301e-05,-0.000996854,0.0499723,100000,100000,1905.45,0,0.00500595,0.00147106,0,563.32,-0.0499622,9.48301e-05,-0.000996854,0.0499723,100000,100000,1905.45,0,0.00500595,0.00147106,0,563.32,-0.0499622,9.48301e-05,-0.000996854,0.0499723,100000,100000,1905.45,0,0.00500595,0.00147106,0,563.32,-0.0499622,9.48301e-05,-0.000996854,0.0499723,100000,100000,1905.45,0,0.00500595,0.00147106,0,563.32,-0.0499622,9.48301e-05,-0.000996854,0.0499723,100000,100000,1905.45,0,0.00500595,0.00147106,0,563.32,-0.0499622,9.48301e-05,-0.000996854,0.0499723,100000,100000,1905.45,0,0,0,0,0,0,0,0,0,0,0,0,0,1
stats,36,1,37,0.00500595,0.00147106,0,563.343,-0.0499624,9.48638e-05,-0.000996715,0.0499724,100000,100000,1905.44,0,0.00500595,0.00147106,0,563.343,-0.0499624,9.48638e-05,-0.000996715,0.0499724,100000,100000,1905.44,0,0.00500595,0.00147106,0,563.343,-0.0499624,9.48638e-05,-0.000996715,0.0499724,100000,100000,1905.44,0,0.00500595,0.00147106,0,563.343,-0.0499624,9.48638e-05,-0.000996715,0.0499724,100000,100000,1905.44,0,0.00500595,0.00147106,0,563.343,-0.0499624,9.48638e-05,-0.000996715,0.0499724,100000,100000,1905.44,0,0.00500595,0.00147106,0,563.343,-0.0499624,9.48638e-05,-0.000996715,0.0499724,100000,100000,1905.44,0,0,0,0,0,0,0,0,0,0,0,0,0,1
stats,37,1,38,0.00500595,0.00147106,0,563.366,-0.0499625,9.48993e-05,-0.00099658,0.0499725,100000,100000,1905.42,0,0.00500595,0.00147106,0,563.366,-0.0499625,9.48993e-05,-0.00099658,0.0499725,100000,100000,1905.42,0,0.00500595,0.00147106,0,563.366,-0.0499625,9.48993e-05,-0.00099658,0.0499725,100000,100000,1905.42,0,0.00500595,0.00147106,0,563.366,-0.0499625,9.48993e-05,-0.00099658,0.0499725,100000,100000,1905.42,0,0.00500595,0.00147106,0,563.366,-0.0499625,9.48993e-05,-0.00099658,0.0499725,100000,100000,1905.42,0,0.00500595,0.00147106,0,563.366,-0.0499625,9.48993e-05,-0.00099658,0.0499725,100000,100000,1905.42,0,0,0,0,0,0,0,0,0,0,0,0,0,1
stats,38,1,39,0.00500595,0.00147106,0,563.39,-0.0499626,9.49343e-05,-0.000996463,0.0499726,100000,100000,1905.41,0,0.00500595,0.00147106,0,563.39,-0.0499626,9.49343e-05,-0.000996463,0.0499726,100000,100000,1905.41,0,0.00500595,0.00147106,0,563.39,-0.0499626,9.49343e-05,-0.000996463,0.0499726,100000,100000,1905.41,0,0.00500595,0.00147106,0,563.39,-0.0499626,9.49343e-05,-0.000996463,0.0499726,100000,100000,1905.41,0,0.00500595,0.00147106,0,563.39,-0.0499626,9.49343e-05,-0.000996463,0.0499726,100000,100000,1905.41,0,0.00500595,0.00147106,0,563.39,-0.0499626,9.49343e-05,-0.000996463,0.0499726,100000,100000,1905.41,0,0,0,0,0,0,0,0,0,0,0,0,0,1
stats,39,1,40,0.00500595,0.00147106,0,563.413,-0.0499627,9.49663e-05,-0.000996367,0.0499727,100000,100000,1905.39,0,0.00500595,0.00147106,0,563.413,-0.0499627,9.49663e-05,-0.000996367,0.0499727,100000,100000,1905.39,0,0.00500595,0.00147106,0,563.413,-0.0499627,9.49663e-05,-0.000996367,0.0499727,100000,100000,1905.39,0,0.00500595,0.00147106,0,563.413,-0.0499627,9.49663e-05,-0.000996367,0.0499727,100000,100000,1905.39,0,0.00500595,0.00147106,0,563.413,-0.0499627,9.49663e-05,-0.000996367,0.0499727,100000,100000,1905.39,0,0.00500595,0.00147106,0,563.413,-0.0499627,9.49663e-05,-0.000996367,0.0499727,100000,100000,1905.39,0,0,0,0,0,0,0,0,0,0,0,0,0,1
stats,40,1,41,0.00500595,0.00147107,0,563.437,-0.0499627,9.49927e-05,-0.000996291,0.0499728,100000,100000,1905.38,0,0.00500595,0.00147107,0,563.437,-0.0499627,9.49927e-05,-0.000996291,0.0499728,100000,100000,1905.38,0,0.00500595,0.00147107,0,563.437,-0.0499627,9.49927e-05,-0.000996291,0.0499728,100000,100000,1905.38,0,0.00500595,0.00147107,0,563.437,-0.0499627,9.49927e-05,-0.000996291,0.0499728,100000,100000,1905.38,0,0.00500595,0.00147107,0,563.437,-0.0499627,9.49927e-05,-0.000996291,0.0499728,100000,100000,1905.38,0,0.00500595,0.00147107,0,563.437,-0.0499627,9.49927e-05,-0.000996291,0.0499728,100000,100000,1905.38,0,0,0,0,0,0,0,0,0,0,0,0,0,1
stats,41,1,42,0.00500595,0.00147107,0,563.46,-0.0499628,9.50121e-05,-0.000996231,0.0499729,100000,100000,1905.36,0,0.00500595,0.00147107,0,563.46,-0.0499628,9.50121e-05,-0.000996231,0.0499729,100000,100000,1905.36,0,0.00500595,0.00147107,0,563.46,-0.0499628,9.50121e-05,-0.000996231,0.0499729,100000,100000,1905.36,0,0.00500595,0.00147107,0,563.46,-0.0499628,9.50121e-05,-0.000996231,0.0499729,100000,100000,1905.36,0,0.00500595,0.00147107,0,563.46,-0.0499628,9.50121e-05,-0.000996231,0.0499729,100000,100000,1905.36,0,0.00500595,0.00147107,0,563.46,-0.0499628,9.50121e-05,-0.000996231,0.0499729,100000,100000,1905.36,0,0,0,0,0,0,0,0,0,0,0,0,0,1
stats,42,1,43,0.00500595,0.00147107,0,563.482,-0.0499629,9.50242e-05,-0.00099618,0.0499729,100000,100000,1905.35,0,0.00500595,0.00147107,0,563.482,-0.0499629,9.50242e-05,-0.00099618,0.0499729,100000,100000,1905.35,0,0.00500595,0.00147107,0,563.482,-0.0499629,9.50242e-05,-0.00099618,0.0499729,100000,100000,1905.35,0,0.00500595,0.00147107,0,563.482,-0.0499629,9.50242e-05,-0.00099618,0.0499729,100000,100000,1905.35,0,0.00500595,0.00147107,0,563.482,-0.0499629,9.50242e-05,-0.00099618,0.0499729,100000,100000,1905.35,0,0.00500595,0.00147107,0,563.482,-0.0499629,9.50242e-05,-0.00099618,0.0499729,100000,100000,1905.35,0,0,0,0,0,0,0,0,0,0,0,0,0,1
stats,43,1,44,0.00500595,0.00147107,0,563.505,-0.049963,9.50304e-05,-0.00099613,0.049973,100000,100000,1905.33,0,0.00500595,0.00147107,0,563.505,-0.049963,9.50304e-05,-0.00099613,0.049973,100000,100000,1905.33,0,0.00500595,0.00147107,0,563.505,-0.049963,9.50304e-05,-0.00099613,0.049973,100000,100000,1905.33,0,0.00500595,0.00147107,0,563.505,-0.049963,9.50304e-05,-0.00099613,0.049973,100000,100000,1905.33,0,0.00500595,0.00147107,0,563.505,-0.049963,9.50304e-05,-0.00099613,0.049973,100000,100000,1905.33,0,0.00500595,0.00147107,0,563.505,-0.049963,9.50304e-05,-0.00099613,0.049973,100000,100000,1905.33,0,0,0,0,0,0,0,0,0,0,0,0,0,1
stats,44,1,45,0.00500595,0.00147107,0,563.526,-0.0499631,9.50326e-05,-0.000996077,0.0499731,100000,100000,1905.32,0,0.00500595,0.00147107,0,563.526,-0.0499631,9.50326e-05,-0.000996077,0.0499731,100000,100000,1905.32,0,0.00500595,0.00147107,0,563.526,-0.0499631,9.50326e-05,-0.000996077,0.0499731,100000,100000,1905.32,0,0.00500595,0.00147107,0,563.526,-0.0499631,9.50326e-05,-0.000996077,0.0499731,100000,100000,1905.32,0,0.00500595,0.00147107,0,563.526,-0.0499631,9.50326e-05,-0.000996077,0.0499731,100000,100000,1905.32,0,0.00500595,0.00147107,0,563.526,-0.0499631,9.50326e-05,-0.000996077,0.0499731,100000,100000,1905.32,0,0,0,0,0,0,0,0,0,0,0,0,0,1
stats,45,1,46,0.00500595,0.00147107,0,563.547,-0.0499632,9.50323e-05,-0.000996019,0.0499732,100000,100000,1905.31,0,0.00500595,0.00147107,0,563.547,-0.0499632,9.50323e-05,-0.000996019,0.0499732,100000,100000,1905.31,0,0.00500595,0.00147107,0,563.547,-0.0499632,9.50323e-05,-0.000996019,0.0499732,100000,100000,1905.31,0,0.00500595,0.00147107,0,563.547,-0.0499632,9.50323e-05,-0.000996019,0.0499732,100000,100000,1905.31,0,0.00500595,0.00147107,0,563.547,-0.0499632,9.50323e-05,-0.000996019,0.0499732,100000,100000,1905.31,0,0.00500595,0.00147107,0,563.547,-0.0499632,9.50323e-05,-0.000996019,0.0499732,100000,100000,1905.31,0,0,0,0,0,0,0,0,0,0,0,0,0,1
stats,46,1,47,0.00500595,0.00147107,0,563.567,-0.0499632,9.50308e-05,-0.000995957,0.0499732,100000,100000,1905.29,0,0.00500595,0.00147107,0,563.567,-0.0499632,9.50308e-05,-0.000995957,0.0499732,100000,100000,1905.29,0,0.00500595,0.00147107,0,563.567,-0.0499632,9.50308e-05,-0.000995957,0.0499732,100000,100000,1905.29,0,0.00500595,0.00147107,0,563.567,-0.0499632,9.50308e-05,-0.000995957,0.0499732,100000,100000,1905.29,0,0.00500595,0.00147107,0,563.567,-0.0499632,9.50308e-05,-0.000995957,0.0499732,100000,100000,1905.29,0,0.00500595,0.00147107,0,563.567,-0.0499632,9.50308e-05,-0.000995957,0.0499732,100000,100000,1905.29,0,0,0,0,0,0,0,0,0,0,0,0,0,1
stats,47,1,48,0.00500595,0.00147107,0,563.587,-0.0499633,9.5029e-05,-0.000995892,0.0499733,100000,100000,1905.28,0,0.00500595,0.00147107,0,563.587,-0.0499633,9.5029e-05,-0.000995892,0.0499733,100000,100000,1905.28,0,0.00500595,0.00147107,0,563.587,-0.0499633,9.5029e-05,-0.000995892,0.0499733,100000,100000,1905.28,0,0.00500595,0.00147107,0,563.587,-0.0499633,9.5029e-05,-0.000995892,0.0499733,100000,100000,1905.28,0,0.00500595,0.00147107,0,563.587,-0.0499633,9.5029e-05,-0.000995892,0.0499733,100000,100000,1905.28,0,0.00500595,0.00147107,0,563.587,-0.0499633,9.5029e-05,-0.000995892,0.0499733,100000,100000,1905.28,0,0,0,0,0,0,0,0,0,0,0,0,0,1
stats,48,1,49,0.00500595,0.00147107,0,563.606,-0.0499634,9.50275e-05,-0.000995825,0.0499734,100000,100000,1905.27,0,0.00500595,0.00147107,0,563.606,-0.0499634,9.50275e-05,-0.000995825,0.0499734,100000,100000,1905.27,0,0.00500595,0.00147107,0,563.606,-0.0499634,9.50275e-05,-0.000995825,0.0499734,100000,100000,1905.27,0,0.00500595,0.00147107,0,563.606,-0.0499634,9.50275e-05,-0.000995825,0.0499734,100000,100000,1905.27,0,0.00500595,0.00147107,0,563.606,-0.0499634,9.50275e-05,-0.000995825,0.0499734,100000,100000,1905.27,0,0.00500595,0.00147107,0,563.606,-0.0499634,9.50275e-05,-0.000995825,0.0499734,100000,100000,1905.27,0,0,0,0,0,0,0,0,0,0,0,0,0,1
stats,49,1,50,0.00500595,0.00147107,0,563.624,-0.0499634,9.50267e-05,-0.000995759,0.0499734,100000,100000,1905.26,0,0.00500595,0.00147107,0,563.624,-0.0499634,9.50267e-05,-0.000995759,0.0499734,100000,100000,1905.26,0,0.00500595,0.00147107,0,563.624,-0.0499634,9.50267e-05,-0.000995759,0.0499734,100000,100000,1905.26,0,0.00500595,0.00147107,0,563.624,-0.0499634,9.50267e-05,-0.000995759,0.0499734,100000,100000,1905.26,0,0.00500595,0.00147107,0,563.624,-0.0499634,9.50267e-05,-0.000995759,0.0499734,100000,100000,1905.26,0,0.00500595,0.00147107,0,563.624,-0.0499634,9.50267e-05,-0.000995759,0.0499734,100000,100000,1905.26,0,0,0,0,0,0,0,0,0,0,0,0,0,1
stats,50,1,51,0.00500595,0.00147107,0,563.642,-0.0499635,9.50269e-05,-0.000995694,0.0499735,100000,100000,1905.25,0,0.00500595,0.00147107,0,563.642,-0.0499635,9.50269e-05,-0.000995694,0.0499735,100000,100000,1905.25,0,0.00500595,0.00147107,0,563.642,-0.0499635,9.50269e-05,-0.000995694,0.0499735,100000,100000,1905.25,0,0.00500595,0.00147107,0,563.642,-0.0499635,9.50269e-05,-0.000995694,0.0499735,100000,100000,1905.25,0,0.00500595,0.00147107,0,563.642,-0.0499635,9.50269e-05,-0.000995694,0.0499735,100000,100000,1905.25,0,0.00500595,0.00147107,0,563.642,-0.0499635,9.50269e-05,-0.000995694,0.0499735,100000,100000,1905.25,0,0,0,0,0,0,0,0,0,0,0,0,0,1
stats,51,1,52,0.00500595,0.00147107,0,563.659,-0.0499635,9.50283e-05,-0.000995632,0.0499736,100000,100000,1905.24,0,0.00500595,0.00147107,0,563.659,-0.0499635,9.50283e-05,-0.000995632,0.0499736,100000,100000,1905.24,0,0.00500595,0.00147107,0,563.659,-0.0499635,9.50283e-05,-0.000995632,0.0499736,100000,100000,1905.24,0,0.00500595,0.00147107,0,563.659,-0.0499635,9.50283e-05,-0.000995632,0.0499736,100000,100000,1905.24,0,0.00500595,0.00147107,0,563.659,-0.0499635,9.50283e-05,-0.000995632,0.0499736,100000,100000,1905.24,0,0.00500595,0.00147107,0,563.659,-0.0499635,9.50283e-05,-0.000995632,0.0499736,100000,100000,1905.24,0,0,0,0,0,0,0,0,0,0,0,0,0,1
stats,52,1,53,0.00500595,0.00147107,0,563.675,-0.0499636,9.50305e-05,-0.000995575,0.0499736,100000,100000,1905.23,0,0.00500595,0.00147107,0,563.675,-0.0499636,9.50305e-05,-0.000995575,0.0499736,100000,100000,1905.23,0,0.00500595,0.00147107,0,563.675,-0.0499636,9.50305e-05,-0.000995575,0.0499736,100000,100000,1905.23,0,0.00500595,0.00147107,0,563.675,-0.0499636,9.50305e-05,-0.000995575,0.0499736,100000,100000,1905.23,0,0.00500595,0.00147107,0,563.675,-0.0499636,9.50305e-05,-0.000995575,0.0499736,100000,100000,1905.23,0,0.00500595,0.00147107,0,563.675,-0.0499636,9.50305e-05,-0.000995575,0.0499736,100000,100000,1905.23,0,0,0,0,0,0,0,0,0,0,0,0,0,1
stats,53,1,54,0.00500595,0.00147107,0,563.691,-0.0499637,9.50331e-05,-0.00099552,0.0499737,100000,100000,1905.22,0,0.00500595,0.00147107,0,563.691,-0.0499637,9.50331e-05,-0.00099552,0.0499737,100000,100000,1905.22,0,0.00500595,0.00147107,0,563.691,-0.0499637,9.50331e-05,-0.00099552,0.0499737,100000,100000,1905.22,0,0.00500595,0.00147107,0,563.691,-0.0499637,9.50331e-05,-0.00099552,0.0499737,100000,100000,1905.22,0,0.00500595,0.00147107,0,563.691,-0.0499637,9.50331e-05,-0.00099552,0.0499737,100000,100000,1905.22,0,0.00500595,0.00147107,0,563.691,-0.0499637,9.50331e-05,-0.00099552,0.0499737,100000,100000,1905.22,0,0,0,0,0,0,0,0,0,0,0,0,0,1
stats,54,1,55,0.00500595,0.00147107,0,563.706,-0.0499637,9.5036e-05,-0.00099547,0.0499737,100000,100000,1905.21,0,0.00500595,0.00147107,0,563.706,-0.0499637,9.5036e-05,-0.00099547,0.0499737,100000,100000,1905.21,0,0.00500595,0.00147107,0,563.706,-0.0499637,9.5036e-05,-0.00099547,0.0499737,100000,100000,1905.21,0,0.00500595,0.00147107,0,563.706,-0.0499637,9.5036e-05,-0.00099547,0.0499737,100000,100000,1905.21,0,0.00500595,0.00147107,0,563.706,-0.0499637,9.5036e-05,-0.00099547,0.0499737,100000,100000,1905.21,0,0.00500595,0.00147107,0,563.706,-0.0499637,9.5036e-05,-0.00099547,0.0499737,100000,100000,1905.21,0,0,0,0,0,0,0,0,0,0,0,0,0,1
stats,55,1,56,0.00500595,0.00147107,0,563.721,-0.0499637,9.50389e-05,-0.000995423,0.0499738,100000,100000,1905.2,0,0.00500595,0.00147107,0,563.721,-0.0499637,9.50389e-05,-0.000995423,0.0499738,100000,100000,1905.2,0,0.00500595,0.00147107,0,563.721,-0.0499637,9.50389e-05,-0.000995423,0.0499738,100000,100000,1905.2,0,0.00500595,0.00147107,0,563.721,-0.0499637,9.50389e-05,-0.000995423,0.0499738,100000,100000,1905.2,0,0.00500595,0.00147107,0,563.721,-0.0499637,9.50389e-05,-0.000995423,0.0499738,100000,100000,1905.2,0,0.00500595,0.00147107,0,563.721,-0.0499637,9.50389e-05,-0.000995423,0.0499738,100000,100000,1905.2,0,0,0,0,0,0,0,0,0,0,0,0,0,1
stats,56,1,57,0.00500595,0.00147107,0,563.736,-0.0499638,9.50418e-05,-0.000995379,0.0499738,100000,100000,1905.19,0,0.00500595,0.00147107,0,563.736,-0.0499638,9.50418e-05,-0.000995379,0.0499738,100000,100000,1905.19,0,0.00500595,0.00147107,0,563.736,-0.0499638,9.50418e-05,-0.000995379,0.0499738,100000,100000,1905.19,0,0.00500595,0.00147107,0,563.736,-0.0499638,9.50418e-05,-0.000995379,0.0499738,100000,100000,1905.19,0,0.00500595,0.00147107,0,563.736,-0.0499638,9.50418e-05,-0.000995379,0.0499738,100000,100000,1905.19,0,0.00500595,0.00147107,0,563.736,-0.0499638,9.50418e-05,-0.000995379,0.0499738,100000,100000,1905.19,0,0,0,0,0,0,0,0,0,0,0,0,0,1
stats,57,1,58,0.00500595,0.00147107,0,563.75,-0.0499638,9.50447e-05,-0.000995336,0.0499738,100000,100000,1905.18,0,0.00500595,0.00147107,0,563.75,-0.0499638,9.50447e-05,-0.000995336,0.0499738,100000,100000,1905.18,0,0.00500595,0.00147107,0,563.75,-0.0499638,9.50447e-05,-0.000995336,0.0499738,100000,100000,1905.18,0,0.00500595,0.00147107,0,563.75,-0.0499638,9.50447e-05,-0.000995336,0.0499738,100000,100000,1905.18,0,0.00500595,0.00147107,0,563.75,-0.0499638,9.50447e-05,-0.000995336,0.0499738,100000,100000,1905.18,0,0.00500595,0.00147107,0,563.75,-0.0499638,9.50447e-05,-0.000995336,0.0499738,100000,100000,1905.18,0,0,0,0,0,0,0,0,0,0,0,0,0,1
stats,58,1,59,0.00500595,0.00147107,0,563.764,-0.0499639,9.50475e-05,-0.000995295,0.0499739,100000,100000,1905.17,0,0.00500595,0.00147107,0,563.764,-0.0499639,9.50475e-05,-0.000995295,0.0499739,100000,100000,1905.17,0,0.00500595,0.00147107,0,563.764,-0.0499639,9.50475e-05,-0.000995295,0.0499739,100000,100000,1905.17,0,0.00500595,0.00147107,0,563.764,-0.0499639,9.50475e-05,-0.000995295,0.0499739,100000,100000,1905.17,0,0.00500595,0.00147107,0,563.764,-0.0499639,9.50475e-05,-0.000995295,0.0499739,100000,100000,1905.17,0,0.00500595,0.00147107,0,563.764,-0.0499639,9.50475e-05,-0.000995295,0.0499739,100000,100000,1905.17,0,0,0,0,0,0,0,0,0,0,0,0,0,1
stats,59,1,60,0.00500595,0.00147107,0,563.777,-0.0499639,9.50501e-05,-0.000995255,0.0499739,100000,100000,1905.16,0,0.00500595,0.00147107,0,563.777,-0.0499639,9.50501e-05,-0.000995255,0.0499739,100000,100000,1905.16,0,0.00500595,0.00147107,0,563.777,-0.0499639,9.50501e-05,-0.000995255,0.0499739,100000,100000,1905.16,0,0.00500595,0.00147107,0,563.777,-0.0499639,9.50501e-05,-0.000995255,0.0499739,100000,100000,1905.16,0,0.00500595,0.00147107,0,563.777,-0.0499639,9.50501e-05,-0.000995255,0.0499739,100000,100000,1905.16,0,0.00500595,0.00147107,0,563.777,-0.0499639,9.50501e-05,-0.000995255,0.0499739,100000,100000,1905.16,0,0,0,0,0,0,0,0,0,0,0,0,0,1
stats,60,1,61,0.00500595,0.00147107,0,563.79,-0.0499639,9.50522e-05,-0.000995216,0.0499739,100000,100000,1905.15,0,0.00500595,0.00147107,0,563.79,-0.0499639,9.50522e-05,-0.000995216,0.0499739,100000,100000,1905.15,0,0.00500595,0.00147107,0,563.79,-0.0499639,9.50522e-05,-0.000995216,0.0499739,100000,100000,1905.15,0,0.00500595,0.00147107,0,563.79,-0.0499639,9.50522e-05,-0.000995216,0.0499739,100000,100000,1905.15,0,0.00500595,0.00147107,0,563.79,-0.0499639,9.50522e-05,-0.000995216,0.0499739,100000,100000,1905.15,0,0.00500595,0.00147107,0,563.79,-0.0499639,9.50522e-05,-0.000995216,0.0499739,100000,100000,1905.15,0,0,0,0,0,0,0,0,0,0,0,0,0,1
stats,61,1,62,0.00500595,0.00147107,0,563.803,-0.049964,9.50536e-05,-0.000995179,0.049974,100000,100000,1905.14,0,0.00500595,0.00147107,0,563.803,-0.049964,9.50536e-05,-0.000995179,0.049974,100000,100000,1905.14,0,0.00500595,0.00147107,0,563.803,-0.049964,9.50536e-05,-0.000995179,0.049974,100000,100000,1905.14,0,0.00500595,0.00147107,0,563.803,-0.049964,9.50536e-05,-0.000995179,0.049974,100000,100000,1905.14,0,0.00500595,0.00147107,0,563.803,-0.049964,9.50536e-05,-0.000995179,0.049974,100000,100000,1905.14,0,0.00500595,0.00147107,0,563.803,-0.049964,9.50536e-05,-0.000995179,0.049974,100000,100000,1905.14,0,0,0,0,0,0,0,0,0,0,0,0,0,1
stats,62,1,63,0.00500595,0.00147107,0,563.816,-0.049964,9.50542e-05,-0.000995143,0.049974,100000,100000,1905.14,0,0.00500595,0.00147107,0,563.816,-0.049964,9.50542e-05,-0.000995143,0.049974,100000,100000,1905.14,0,0.00500595,0.00147107,0,563.816,-0.049964,9.50542e-05,-0.000995143,0.049974,100000,100000,1905.14,0,0.00500595,0.00147107,0,563.816,-0.049964,9.50542e-05,-0.000995143,0.049974,100000,100000,1905.14,0,0.00500595,0.00147107,0,563.816,-0.049964,9.50542e-05,-0.000995143,0.049974,100000,100000,1905.14,0,0.00500595,0.00147107,0,563.816,-0.049964,9.50542e-05,-0.000995143,0.049974,100000,100000,1905.14,0,0,0,0,0,0,0,0,0,0,0,0,0,1
stats,63,1,64,0.00500595,0.00147107,0,563.828,-0.049964,9.50538e-05,-0.000995109,0.049974,100000,100000,1905.13,0,0.00500595,0.00147107,0,563.828,-0.049964,9.50538e-05,-0.000995109,0.049974,100000,100000,1905.13,0,0.00500595,0.00147107,0,563.828,-0.049964,9.50538e-05,-0.000995109,0.049974,100000,100000,1905.13,0,0.00500595,0.00147107,0,563.828,-0.049964,9.50538e-05,-0.000995109,0.049974,100000,100000,1905.13,0,0.00500595,0.00147107,0,563.828,-0.049964,9.50538e-05,-0.000995109,0.049974,100000,100000,1905.13,0,0.00500595,0.00147107,0,563.828,-0.049964,9.50538e-05,-0.000995109,0.049974,100000,100000,1905.13,0,0,0,0,0,0,0,0,0,0,0,0,0,1
stats,64,1,65,0.00500595,0.00147107,0,563.84,-0.0499641,9.50525e-05,-0.000995077,0.0499741,100000,100000,1905.12,0,0.00500595,0.00147107,0,563.84,-0.0499641,9.50525e-05,-0.000995077,0.0499741,100000,100000,1905.12,0,0.00500595,0.00147107,0,563.84,-0.0499641,9.50525e-05,-0.000995077,0.0499741,100000,100000,1905.12,0,0.00500595,0.00147107,0,563.84,-0.0499641,9.50525e-05,-0.000995077,0.0499741,100000,100000,1905.12,0,0.00500595,0.00147107,0,563.84,-0.0499641,9.50525e-05,-0.000995077,0.0499741,100000,100000,1905.12,0,0.00500595,0.00147107,0,563.84,-0.0499641,9.50525e-05,-0.000995077,0.0499741,100000,100000,1905.12,0,0,0,0,0,0,0,0,0,0,0,0,0,1
stats,65,1,66,0.00500595,0.00147107,0,563.851,-0.0499641,9.50506e-05,-0.000995048,0.0499741,100000,100000,1905.11,0,0.00500595,0.00147107,0,563.851,-0.0499641,9.50506e-05,-0.000995048,0.0499741,100000,100000,1905.11,0,0.00500595,0.00147107,0,563.851,-0.0499641,9.50506e-05,-0.000995048,0.0499741,100000,100000,1905.11,0,0.00500595,0.00147107,0,563.851,-0.0499641,9.50506e-05,-0.000995048,0.0499741,100000,100000,1905.11,0,0.00500595,0.00147107,0,563.851,-0.0499641,9.50506e-05,-0.000995048,0.0499741,100000,100000,1905.11,0,0.00500595,0.00147107,0,563.851,-0.0499641,9.50506e-05,-0.000995048,0.0499741,100000,100000,1905.11,0,0,0,0,0,0,0,0,0,0,0,0,0,1
stats,66,1,67,0.00500595,0.00147107,0,563.863,-0.0499641,9.50484e-05,-0.00099502,0.0499741,100000,100000,1905.11,0,0.00500595,0.00147107,0,563.863,-0.0499641,9.50484e-05,-0.00099502,0.0499741,100000,100000,1905.11,0,0.00500595,0.00147107,0,563.863,-0.0499641,9.50484e-05,-0.00099502,0.0499741,100000,100000,1905.11,0,0.00500595,0.00147107,0,563.863,-0.0499641,9.50484e-05,-0.00099502,0.0499741,100000,100000,1905.11,0,0.00500595,0.00147107,0,563.863,-0.0499641,9.50484e-05,-0.00099502,0.0499741,100000,100000,1905.11,0,0.00500595,0.00147107,0,563.863,-0.0499641,9.50484e-05,-0.00099502,0.0499741,100000,100000,1905.11,0,0,0,0,0,0,0,0,0,0,0,0,0,1
stats,67,1,68,0.00500595,0.00147107,0,563.874,-0.0499642,9.50465e-05,-0.000994995,0.0499741,100000,100000,1905.1,0,0.00500595,0.00147107,0,563.874,-0.0499642,9.50465e-05,-0.000994995,0.0499741,100000,100000,1905.1,0,0.00500595,0.00147107,0,563.874,-0.0499642,9.50465e-05,-0.000994995,0.0499741,100000,100000,1905.1,0,0.00500595,0.00147107,0,563.874,-0.0499642,9.50465e-05,-0.000994995,0.0499741,100000,100000,1905.1,0,0.00500595,0.00147107,0,563.874,-0.0499642,9.50465e-05,-0.000994995,0.0499741,100000,100000,1905.1,0,0.00500595,0.00147107,0,563.874,-0.0499642,9.50465e-05,-0.000994995,0.0499741,100000,100000,1905.1,0,0,0,0,0,0,0,0,0,0,0,0,0,1
stats,68,1,69,0.00500595,0.00147107,0,563.884,-0.0499642,9.5045e-05,-0.000994973,0.0499742,100000,100000,1905.09,0,0.00500595,0.00147107,0,563.884,-0.0499642,9.5045e-05,-0.000994973,0.0499742,100000,100000,1905.09,0,0.00500595,0.00147107,0,563.884,-0.0499642,9.5045e-05,-0.000994973,0.0499742,100000,100000,1905.09,0,0.00500595,0.00147107,0,563.884,-0.0499642,9.5045e-05,-0.000994973,0.0499742,100000,100000,1905.09,0,0.00500595,0.00147107,0,563.884,-0.0499642,9.5045e-05,-0.000994973,0.0499742,100000,100000,1905.09,0,0.00500595,0.00147107,0,563.884,-0.0499642,9.5045e-05,-0.000994973,0.0499742,100000,100000,1905.09,0,0,0,0,0,0,0,0,0,0,0,0,0,1
stats,69,1,70,0.00500595,0.00147107,0,563.895,-0.0499642,9.50444e-05,-0.000994953,0.0499742,100000,100000,1905.09,0,0.00500595,0.00147107,0,563.895,-0.0499642,9.50444e-05,-0.000994953,0.0499742,100000,100000,1905.09,0,0.00500595,0.00147107,0,563.895,-0.0499642,9.50444e-05,-0.000994953,0.0499742,100000,100000,1905.09,0,0.00500595,0.00147107,0,563.895,-0.0499642,9.50444e-05,-0.000994953,0.0499742,100000,100000,1905.09,0,0.00500595,0.00147107,0,563.895,-0.0499642,9.50444e-05,-0.000994953,0.0499742,100000,100000,1905.09,0,0.00500595,0.00147107,0,563.895,-0.0499642,9.50444e-05,-0.000994953,0.0499742,100000,100000,1905.09,0,0,0,0,0,0,0,0,0,0,0,0,0,1
stats,70,1,71,0.00500595,0.00147107,0,563.905,-0.0499642,9.50445e-05,-0.000994935,0.0499742,100000,100000,1905.08,0,0.00500595,0.00147107,0,563.905,-0.0499642,9.50445e-05,-0.000994935,0.0499742,100000,100000,1905.08,0,0.00500595,0.00147107,0,563.905,-0.0499642,9.50445e-05,-0.000994935,0.0499742,100000,100000,1905.08,0,0.00500595,0.00147107,0,563.905,-0.0499642,9.50445e-05,-0.000994935,0.0499742,100000,100000,1905.08,0,0.00500595,0.00147107,0,563.905,-0.0499642,9.50445e-05,-0.000994935,0.0499742,100000,100000,1905.08,0,0.00500595,0.00147107,0,563.905,-0.0499642,9.50445e-05,-0.000994935,0.0499742,100000,100000,1905.08,0,0,0,0,0,0,0,0,0,0,0,0,0,1
stats,71,1,72,0.00500595,0.00147107,0,563.915,-0.0499642,9.50453e-05,-0.000994919,0.0499742,100000,100000,1905.07,0,0.00500595,0.00147107,0,563.915,-0.0499642,9.50453e-05,-0.000994919,0.0499742,100000,100000,1905.07,0,0.00500595,0.00147107,0,563.915,-0.0499642,9.50453e-05,-0.000994919,0.0499742,100000,100000,1905.07,0,0.00500595,0.00147107,0,563.915,-0.0499642,9.50453e-05,-0.000994919,0.0499742,100000,100000,1905.07,0,0.00500595,0.00147107,0,563.915,-0.0499642,9.50453e-05,-0.000994919,0.0499742,100000,100000,1905.07,0,0.00500595,0.00147107,0,563.915,-0.0499642,9.50453e-05,-0.000994919,0.0499742,100000,100000,1905.07,0,0,0,0,0,0,0,0,0,0,0,0,0,1
stats,72,1,73,0.00500595,0.00147107,0,563.925,-0.0499643,9.50465e-05,-0.000994905,0.0499743,100000,100000,1905.07,0,0.00500595,0.00147107,0,563.925,-0.0499643,9.50465e-05,-0.000994905,0.0499743,100000,100000,1905.07,0,0.00500595,0.00147107,0,563.925,-0.0499643,9.50465e-05,-0.000994905,0.0499743,100000,100000,1905.07,0,0.00500595,0.00147107,0,563.925,-0.0499643,9.50465e-05,-0.000994905,0.0499743,100000,100000,1905.07,0,0.00500595,0.00147107,0,563.925,-0.0499643,9.50465e-05,-0.000994905,0.0499743,100000,100000,1905.07,0,0.00500595,0.00147107,0,563.925,-0.0499643,9.50465e-05,-0.000994905,0.0499743,100000,100000,1905.07,0,0,0,0,0,0,0,0,0,0,0,0,0,1
stats,73,1,74,0.00500595,0.00147107,0,563.935,-0.0499643,9.50479e-05,-0.000994892,0.0499743,100000,100000,1905.06,0,0.00500595,0.00147107,0,563.935,-0.0499643,9.50479e-05,-0.000994892,0.0499743,100000,100000,1905.06,0,0.00500595,0.00147107,0,563.935,-0.0499643,9.50479e-05,-0.000994892,0.0499743,100000,100000,1905.06,0,0.00500595,0.00147107,0,563.935,-0.0499643,9.50479e-05,-0.000994892,0.0499743,100000,100000,1905.06,0,0.00500595,0.00147107,0,563.935,-0.0499643,9.50479e-05,-0.000994892,0.0499743,100000,100000,1905.06,0,0.00500595,0.00147107,0,563.935,-0.0499643,9.50479e-05,-0.000994892,0.0499743,100000,100000,1905.06,0,0,0,0,0,0,0,0,0,0,0,0,0,1
stats,74,1,75,0.00500595,0.00147107,0,563.944,-0.0499643,9.50494e-05,-0.000994879,0.0499743,100000,100000,1905.05,0,0.00500595,0.00147107,0,563.944,-0.0499643,9.50494e-05,-0.000994879,0.0499743,100000,100000,1905.05,0,0.00500595,0.00147107,0,563.944,-0.0499643,9.50494e-05,-0.000994879,0.0499743,100000,100000,1905.05,0,0.00500595,0.00147107,0,563.944,-0.0499643,9.50494e-05,-0.000994879,0.0499743,100000,100000,1905.05,0,0.00500595,0.00147107,0,563.944,-0.0499643,9.50494e-05,-0.000994879,0.0499743,100000,100000,1905.05,0,0.00500595,0.00147107,0,563.944,-0.0499643,9.50494e-05,-0.000994879,0.0499743,100000,100000,1905.05,0,0,0,0,0,0,0,0,0,0,0,0,0,1
stats,75,1,76,0.00500595,0.00147107,0,563.953,-0.0499643,9.50507e-05,-0.000994867,0.0499743,100000,100000,1905.05,0,0.00500595,0.00147107,0,563.953,-0.0499643,9.50507e-05,-0.000994867,0.0499743,100000,100000,1905.05,0,0.00500595,0.00147107,0,563.953,-0.0499643,9.50507e-05,-0.000994867,0.0499743,100000,100000,1905.05,0,0.00500595,0.00147107,0,563.953,-0.0499643,9.50507e-05,-0.000994867,0.0499743,100000,100000,1905.05,0,0.00500595,0.00147107,0,563.953,-0.0499643,9.50507e-05,-0.000994867,0.0499743,100000,100000,1905.05,0,0.00500595,0.00147107,0,563.953,-0.0499643,9.50507e-05,-0.000994867,0.0499743,100000,100000,1905.05,0,0,0,0,0,0,0,0,0,0,0,0,0,1
stats,76,1,77,0.00500595,0.00147107,0,563.962,-0.0499643,9.5052e-05,-0.000994855,0.0499743,100000,100000,1905.04,0,0.00500595,0.00147107,0,563.962,-0.0499643,9.5052e-05,-0.000994855,0.0499743,100000,100000,1905.04,0,0.00500595,0.00147107,0,563.962,-0.0499643,9.5052e-05,-0.000994855,0.0499743,100000,100000,1905.04,0,0.00500595,0.00147107,0,563.962,-0.0499643,9.5052e-05,-0.000994855,0.0499743,100000,100000,1905.04,0,0.00500595,0.00147107,0,563.962,-0.0499643,9.5052e-05,-0.000994855,0.0499743,100000,100000,1905.04,0,0.00500595,0.00147107,0,563.962,-0.0499643,9.5052e-05,-0.000994855,0.0499743,100000,100000,1905.04,0,0,0,0,0,0,0,0,0,0,0,0,0,1
stats,77,1,78,0.00500595,0.00147107,0,563.971,-0.0499643,9.50533e-05,-0.000994843,0.0499743,100000,100000,1905.04,0,0.00500595,0.00147107,0,563.971,-0.0499643,9.50533e-05,-0.000994843,0.0499743,100000,100000,1905.04,0,0.00500595,0.00147107,0,563.971,-0.0499643,9.50533e-05,-0.000994843,0.0499743,100000,100000,1905.04,0,0.00500595,0.00147107,0,563.971,-0.0499643,9.50533e-05,-0.000994843,0.0499743,100000,100000,1905.04,0,0.00500595,0.00147107,0,563.971,-0.0499643,9.50533e-05,-0.000994843,0.0499743,100000,100000,1905.04,0,0.00500595,0.00147107,0,563.971,-0.0499643,9.50533e-05,-0.000994843,0.0499743,100000,100000,1905.04,0,0,0,0,0,0,0,0,0,0,0,0,0,1
stats,78,1,79,0.00500595,0.00147106,0,563.98,-0.0499644,9.50547e-05,-0.000994832,0.0499744,100000,100000,1905.03,0,0.00500595,0.00147106,0,563.98,-0.0499644,9.50547e-05,-0.000994832,0.0499744,100000,100000,1905.03,0,0.00500595,0.00147106,0,563.98,-0.0499644,9.50547e-05,-0.000994832,0.0499744,100000,100000,1905.03,0,0.00500595,0.00147106,0,563.98,-0.0499644,9.50547e-05,-0.000994832,0.0499744,100000,100000,1905.03,0,0.00500595,0.00147106,0,563.98,-0.0499644,9.50547e-05,-0.000994832,0.0499744,100000,100000,1905.03,0,0.00500595,0.00147106,0,563.98,-0.0499644,9.50547e-05,-0.000994832,0.0499744,100000,100000,1905.03,0,0,0,0,0,0,0,0,0,0,0,0,0,1
stats,79,1,80,0.00500595,0.00147106,0,563.988,-0.0499644,9.50562e-05,-0.000994821,0.0499744,100000,100000,1905.03,0,0.00500595,0.00147106,0,563.988,-0.0499644,9.50562e-05,-0.000994821,0.0499744,100000,100000,1905.03,0,0.00500595,0.00147106,0,563.988,-0.0499644,9.50562e-05,-0.000994821,0.0499744,100000,100000,1905.03,0,0.00500595,0.00147106,0,563.988,-0.0499644,9.50562e-05,-0.000994821,0.0499744,100000,100000,1905.03,0,0.00500595,0.00147106,0,563.988,-0.0499644,9.50562e-05,-0.000994821,0.0499744,100000,100000,1905.03,0,0.00500595,0.00147106,0,563.988,-0.0499644,9.50562e-05,-0.000994821,0.0499744,100000,100000,1905.03,0,0,0,0,0,0,0,0,0,0,0,0,0,1
stats,80,1,81,0.00500595,0.00147106,0,563.996,-0.0499644,9.50578e-05,-0.00099481,0.0499744,100000,100000,1905.02,0,0.00500595,0.00147106,0,563.996,-0.0499644,9.50578e-05,-0.00099481,0.0499744,100000,100000,1905.02,0,0.00500595,0.00147106,0,563.996,-0.0499644,9.50578e-05,-0.00099481,0.0499744,100000,100000,1905.02,0,0.00500595,0.00147106,0,563.996,-0.0499644,9.50578e-05,-0.00099481,0.0499744,100000,100000,1905.02,0,0.00500595,0.00147106,0,563.996,-0.0499644,9.50578e-05,-0.00099481,0.0499744,100000,100000,1905.02,0,0.00500595,0.00147106,0,563.996,-0.0499644,9.50578e-05,-0.00099481,0.0499744,100000,100000,1905.02,0,0,0,0,0,0,0,0,0,0,0,0,0,1
stats,81,1,82,0.00500595,0.00147106,0,564.004,-0.0499644,9.50592e-05,-0.0009948,0.0499744,100000,100000,1905.02,0,0.00500595,0.00147106,0,564.004,-0.0499644,9.50592e-05,-0.0009948,0.0499744,100000,100000,1905.02,0,0.00500595,0.00147106,0,564.004,-0.0499644,9.50592e-05,-0.0009948,0.0499744,100000,100000,1905.02,0,0.00500595,0.00147106,0,564.004,-0.0499644,9.50592e-05,-0.0009948,0.0499744,100000,100000,1905.02,0,0.00500595,0.00147106,0,564.004,-0.0499644,9.50592e-05,-0.0009948,0.0499744,100000,100000,1905.02,0,0.00500595,0.00147106,0,564.004,-0.0499644,9.50592e-05,-0.0009948,0.0499744,100000,100000,1905.02,0,0,0,0,0,0,0,0,0,0,0,0,0,1
stats,82,1,83,0.00500595,0.00147106,0,564.012,-0.0499644,9.50599e-05,-0.00099479,0.0499744,100000,100000,1905.01,0,0.00500595,0.00147106,0,564.012,-0.0499644,9.50599e-05,-0.00099479,0.0499744,100000,100000,1905.01,0,0.00500595,0.00147106,0,564.012,-0.0499644,9.50599e-05,-0.00099479,0.0499744,100000,100000,1905.01,0,0.00500595,0.00147106,0,564.012,-0.0499644,9.50599e-05,-0.00099479,0.0499744,100000,100000,1905.01,0,0.00500595,0.00147106,0,564.012,-0.0499644,9.50599e-05,-0.00099479,0.0499744,100000,100000,1905.01,0,0.00500595,0.00147106,0,564.012,-0.0499644,9.50599e-05,-0.00099479,0.0499744,100000,100000,1905.01,0,0,0,0,0,0,0,0,0,0,0,0,0,1
stats,83,1,84,0.00500595,0.00147106,0,564.019,-0.0499644,9.50595e-05,-0.00099478,0.0499744,100000,100000,1905.01,0,0.00500595,0.00147106,0,564.019,-0.0499644,9.50595e-05,-0.00099478,0.0499744,100000,100000,1905.01,0,0.00500595,0.00147106,0,564.019,-0.0499644,9.50595e-05,-0.00099478,0.0499744,100000,100000,1905.01,0,0.00500595,0.00147106,0,564.019,-0.0499644,9.50595e-05,-0.00099478,0.0499744,100000,100000,1905.01,0,0.00500595,0.00147106,0,564.019,-0.0499644,9.50595e-05,-0.00099478,0.0499744,100000,100000,1905.01,0,0.00500595,0.00147106,0,564.019,-0.0499644,9.50595e-05,-0.00099478,0.0499744,100000,100000,1905.01,0,0,0,0,0,0,0,0,0,0,0,0,0,1
stats,84,1,85,0.00500595,0.00147106,0,564.027,-0.0499644,9.50577e-05,-0.000994771,0.0499744,100000,100000,1905,0,0.00500595,0.00147106,0,564.027,-0.0499644,9.50577e-05,-0.000994771,0.0499744,100000,100000,1905,0,0.00500595,0.00147106,0,564.027,-0.0499644,9.50577e-05,-0.000994771,0.0499744,100000,100000,1905,0,0.00500595,0.00147106,0,564.027,-0.0499644,9.50577e-05,-0.000994771,0.0499744,100000,100000,1905,0,0.00500595,0.00147106,0,564.027,-0.0499644,9.50577e-05,-0.000994771,0.0499744,100000,100000,1905,0,0.00500595,0.00147106,0,564.027,-0.0499644,9.50577e-05,-0.000994771,0.0499744,100000,100000,1905,0,0,0,0,0,0,0,0,0,0,0,0,0,1
stats,85,1,86,0.00500595,0.00147106,0,564.034,-0.0499644,9.5055e-05,-0.000994761,0.0499744,100000,100000,1905,0,0.00500595,0.00147106,0,564.034,-0.0499644,9.5055e-05,-0.000994761,0.0499744,100000,100000,1905,0,0.00500595,0.00147106,0,564.034,-0.0499644,9.5055e-05,-0.000994761,0.0499744,100000,100000,1905,0,0.00500595,0.00147106,0,564.034,-0.0499644,9.5055e-05,-0.000994761,0.0499744,100000,100000,1905,0,0.00500595,0.00147106,0,564.034,-0.0499644,9.5055e-05,-0.000994761,0.0499744,100000,100000,1905,0,0.00500595,0.00147106,0,564.034,-0.0499644,9.5055e-05,-0.000994761,0.0499744,100000,100000,1905,0,0,0,0,0,0,0,0,0,0,0,0,0,1
stats,86,1,87,0.00500595,0.00147106,0,564.041,-0.0499645,9.50521e-05,-0.000994751,0.0499744,100000,100000,1904.99,0,0.00500595,0.00147106,0,564.041,-0.0499645,9.50521e-05,-0.000994751,0.0499744,100000,100000,1904.99,0,0.00500595,0.00147106,0,564.041,-0.0499645,9.50521e-05,-0.000994751,0.0499744,100000,100000,1904.99,0,0.00500595,0.00147106,0,564.041,-0.0499645,9.50521e-05,-0.000994751,0.0499744,100000,100000,1904.99,0,0.00500595,0.00147106,0,564.041,-0.0499645,9.50521e-05,-0.000994751,0.0499744,100000,100000,1904.99,0,0.00500595,0.00147106,0,564.041,-0.0499645,9.50521e-05,-0.000994751,0.0499744,100000,100000,1904.99,0,0,0,0,0,0,0,0,0,0,0,0,0,1
stats,87,1,88,0.00500595,0.00147106,0,564.048,-0.0499645,9.50496e-05,-0.000994741,0.0499745,100000,100000,1904.99,0,0.00500595,0.00147106,0,564.048,-0.0499645,9.50496e-05,-0.000994741,0.0499745,100000,100000,1904.99,0,0.00500595,0.00147106,0,564.048,-0.0499645,9.50496e-05,-0.000994741,0.0499745,100000,100000,1904.99,0,0.00500595,0.00147106,0,564.048,-0.0499645,9.50496e-05,-0.000994741,0.0499745,100000,100000,1904.99,0,0.00500595,0.00147106,0,564.048,-0.0499645,9.50496e-05,-0.000994741,0.0499745,100000,100000,1904.99,0,0.00500595,0.00147106,0,564.048,-0.0499645,9.50496e-05,-0.000994741,0.0499745,100000,100000,1904.99,0,0,0,0,0,0,0,0,0,0,0,0,0,1
stats,88,1,89,0.00500595,0.00147106,0,564.055,-0.0499645,9.50483e-05,-0.000994733,0.0499745,100000,100000,1904.98,0,0.00500595,0.00147106,0,564.055,-0.0499645,9.50483e-05,-0.000994733,0.0499745,100000,100000,1904.98,0,0.00500595,0.00147106,0,564.055,-0.0499645,9.50483e-05,-0.000994733,0.0499745,100000,100000,1904.98,0,0.00500595,0.00147106,0,564.055,-0.0499645,9.50483e-05,-0.000994733,0.0499745,100000,100000,1904.98,0,0.00500595,0.00147106,0,564.055,-0.0499645,9.50483e-05,-0.000994733,0.0499745,100000,100000,1904.98,0,0.00500595,0.00147106,0,564.055,-0.0499645,9.50483e-05,-0.000994733,0.0499745,100000,100000,1904.98,0,0,0,0,0,0,0,0,0,0,0,0,0,1
stats,89,1,90,0.00500595,0.00147106,0,564.062,-0.0499645,9.50481e-05,-0.000994725,0.0499745,100000,100000,1904.98,0,0.00500595,0.00147106,0,564.062,-0.0499645,9.50481e-05,-0.000994725,0.0499745,100000,100000,1904.98,0,0.00500595,0.00147106,0,564.062,-0.0499645,9.50481e-05,-0.000994725,0.0499745,100000,100000,1904.98,0,0.00500595,0.00147106,0,564.062,-0.0499645,9.50481e-05,-0.000994725,0.0499745,100000,100000,1904.98,0,0.00500595,0.00147106,0,564.062,-0.0499645,9.50481e-05,-0.000994725,0.0499745,100000,100000,1904.98,0,0.00500595,0.00147106,0,564.062,-0.0499645,9.50481e-05,-0.000994725,0.0499745,100000,100000,1904.98,0,0,0,0,0,0,0,0,0,0,0,0,0,1
stats,90,1,91,0.00500595,0.00147106,0,564.068,-0.0499645,9.50492e-05,-0.000994719,0.0499745,100000,100000,1904.98,0,0.00500595,0.00147106,0,564.068,-0.0499645,9.50492e-05,-0.000994719,0.0499745,100000,100000,1904.98,0,0.00500595,0.00147106,0,564.068,-0.0499645,9.50492e-05,-0.000994719,0.0499745,100000,100000,1904.98,0,0.00500595,0.00147106,0,564.068,-0.0499645,9.50492e-05,-0.000994719,0.0499745,100000,100000,1904.98,0,0.00500595,0.00147106,0,564.068,-0.0499645,9.50492e-05,-0.000994719,0.0499745,100000,100000,1904.98,0,0.00500595,0.00147106,0,564.068,-0.0499645,9.50492e-05,-0.000994719,0.0499745,100000,100000,1904.98,0,0,0,0,0,0,0,0,0,0,0,0,0,1
stats,91,1,92,0.00500595,0.00147106,0,564.074,-0.0499645,9.50515e-05,-0.000994713,0.0499745,100000,100000,1904.97,0,0.00500595,0.00147106,0,564.074,-0.0499645,9.50515e-05,-0.000994713,0.0499745,100000,100000,1904.97,0,0.00500595,0.00147106,0,564.074,-0.0499645,9.50515e-05,-0.000994713,0.0499745,100000,100000,1904.97,0,0.00500595,0.00147106,0,564.074,-0.0499645,9.50515e-05,-0.000994713,0.0499745,100000,100000,1904.97,0,0.00500595,0.00147106,0,564.074,-0.0499645,9.50515e-05,-0.000994713,0.0499745,100000,100000,1904.97,0,0.00500595,0.00147106,0,564.074,-0.0499645,9.50515e-05,-0.000994713,0.0499745,100000,100000,1904.97,0,0,0,0,0,0,0,0,0,0,0,0,0,1
stats,92,1,93,0.00500595,0.00147106,0,564.08,-0.0499645,9.50552e-05,-0.000994707,0.0499745,100000,100000,1904.97,0,0.00500595,0.00147106,0,564.08,-0.0499645,9.50552e-05,-0.000994707,0.0499745,100000,100000,1904.97,0,0.00500595,0.00147106,0,564.08,-0.0499645,9.50552e-05,-0.000994707,0.0499745,100000,100000,1904.97,0,0.00500595,0.00147106,0,564.08,-0.0499645,9.50552e-05,-0.000994707,0.0499745,100000,100000,1904.97,0,0.00500595,0.00147106,0,564.08,-0.0499645,9.50552e-05,-0.000994707,0.0499745,100000,100000,1904.97,0,0.00500595,0.00147106,0,564.08,-0.0499645,9.50552e-05,-0.000994707,0.0499745,100000,100000,1904.97,0,0,0,0,0,0,0,0,0,0,0,0,0,1
stats,93,1,94,0.00500595,0.00147106,0,564.086,-0.0499645,9.50601e-05,-0.000994701,0.0499745,100000,100000,1904.96,0,0.00500595,0.00147106,0,564.086,-0.0499645,9.50601e-05,-0.000994701,0.0499745,100000,100000,1904.96,0,0.00500595,0.00147106,0,564.086,-0.0499645,9.50601e-05,-0.000994701,0.0499745,100000,100000,1904.96,0,0.00500595,0.00147106,0,564.086,-0.0499645,9.50601e-05,-0.000994701,0.0499745,100000,100000,1904.96,0,0.00500595,0.00147106,0,564.086,-0.0499645,9.50601e-05,-0.000994701,0.0499745,100000,100000,1904.96,0,0.00500595,0.00147106,0,564.086,-0.0499645,9.50601e-05,-0.000994701,0.0499745,100000,100000,1904.96,0,0,0,0,0,0,0,0,0,0,0,0,0,1
stats,94,1,95,0.00500595,0.00147106,0,564.092,-0.0499645,9.50657e-05,-0.000994696,0.0499745,100000,100000,1904.96,0,0.00500595,0.00147106,0,564.092,-0.0499645,9.50657e-05,-0.000994696,0.0499745,100000,100000,1904.96,0,0.00500595,0.00147106,0,564.092,-0.0499645,9.50657e-05,-0.000994696,0.0499745,100000,100000,1904.96,0,0.00500595,0.00147106,0,564.092,-0.0499645,9.50657e-05,-0.000994696,0.0499745,100000,100000,1904.96,0,0.00500595,0.00147106,0,564.092,-0.0499645,9.50657e-05,-0.000994696,0.0499745,100000,100000,1904.96,0,0.00500595,0.00147106,0,564.092,-0.0499645,9.50657e-05,-0.000994696,0.0499745,100000,100000,1904.96,0,0,0,0,0,0,0,0,0,0,0,0,0,1
stats,95,1,96,0.00500595,0.00147106,0,564.098,-0.0499645,9.5071e-05,-0.000994691,0.0499745,100000,100000,1904.96,0,0.00500595,0.00147106,0,564.098,-0.0499645,9.5071e-05,-0.000994691,0.0499745,100000,100000,1904.96,0,0.00500595,0.00147106,0,564.098,-0.0499645,9.5071e-05,-0.000994691,0.0499745,100000,100000,1904.96,0,0.00500595,0.00147106,0,564.098,-0.0499645,9.5071e-05,-0.000994691,0.0499745,100000,100000,1904.96,0,0.00500595,0.00147106,0,564.098,-0.0499645,9.5071e-05,-0.000994691,0.0499745,100000,100000,1904.96,0,0.00500595,0.00147106,0,564.098,-0.0499645,9.5071e-05,-0.000994691,0.0499745,100000,100000,1904.96,0,0,0,0,0,0,0,0,0,0,0,0,0,1
stats,96,1,97,0.00500595,0.00147106,0,564.104,-0.0499645,9.50749e-05,-0.000994686,0.0499745,100000,100000,1904.95,0,0.00500595,0.00147106,0,564.104,-0.0499645,9.50749e-05,-0.000994686,0.0499745,100000,100000,1904.95,0,0.00500595,0.00147106,0,564.104,-0.0499645,9.50749e-05,-0.000994686,0.0499745,100000,100000,1904.95,0,0.00500595,0.00147106,0,564.104,-0.0499645,9.50749e-05,-0.000994686,0.0499745,100000,100000,1904.95,0,0.00500595,0.00147106,0,564.104,-0.0499645,9.50749e-05,-0.000994686,0.0499745,100000,100000,1904.95,0,0.00500595,0.00147106,0,564.104,-0.0499645,9.50749e-05,-0.000994686,0.0499745,100000,100000,1904.95,0,0,0,0,0,0,0,0,0,0,0,0,0,1
stats,97,1,98,0.00500595,0.00147106,0,564.109,-0.0499645,9.50762e-05,-0.000994681,0.0499745,100000,100000,1904.95,0,0.00500595,0.00147106,0,564.109,-0.0499645,9.50762e-05,-0.000994681,0.0499745,100000,100000,1904.95,0,0.00500595,0.00147106,0,564.109,-0.0499645,9.50762e-05,-0.000994681,0.0499745,100000,100000,1904.95,0,0.00500595,0.00147106,0,564.109,-0.0499645,9.50762e-05,-0.000994681,0.0499745,100000,100000,1904.95,0,0.00500595,0.00147106,0,564.109,-0.0499645,9.50762e-05,-0.000994681,0.0499745,100000,100000,1904.95,0,0.00500595,0.00147106,0,564.109,-0.0499645,9.50762e-05,-0.000994681,0.0499745,100000,100000,1904.95,0,0,0,0,0,0,0,0,0,0,0,0,0,1
stats,98,1,99,0.00500595,0.00147106,0,564.114,-0.0499645,9.5075e-05,-0.000994675,0.0499745,100000,100000,1904.95,0,0.00500595,0.00147106,0,564.114,-0.0499645,9.5075e-05,-0.000994675,0.0499745,100000,100000,1904.95,0,0.00500595,0.00147106,0,564.114,-0.0499645,9.5075e-05,-0.000994675,0.0499745,100000,100000,1904.95,0,0.00500595,0.00147106,0,564.114,-0.0499645,9.5075e-05,-0.000994675,0.0499745,100000,100000,1904.95,0,0.00500595,0.00147106,0,564.114,-0.0499645,9.5075e-05,-0.000994675,0.0499745,100000,100000,1904.95,0,0.00500595,0.00147106,0,564.114,-0.0499645,9.5075e-05,-0.000994675,0.0499745,100000,100000,1904.95,0,0,0,0,0,0,0,0,0,0,0,0,0,1
stats,99,1,100,0.00500595,0.00147106,0,564.12,-0.0499645,9.50723e-05,-0.000994669,0.0499745,100000,100000,1904.94,0,0.00500595,0.00147106,0,564.12,-0.0499645,9.50723e-05,-0.000994669,0.0499745,100000,100000,1904.94,0,0.00500595,0.00147106,0,564.12,-0.0499645,9.50723e-05,-0.000994669,0.0499745,100000,100000,1904.94,0,0.00500595,0.00147106,0,564.12,-0.0499645,9.50723e-05,-0.000994669,0.0499745,100000,100000,1904.94,0,0.00500595,0.00147106,0,564.12,-0.0499645,9.50723e-05,-0.000994669,0.0499745,100000,100000,1904.94,0,0.00500595,0.00147106,0,564.12,-0.0499645,9.50723e-05,-0.000994669,0.0499745,100000,100000,1904.94,0,0,0,0,0,0,0,0,0,0,0,0,0,1
stats,100,1,101,0.00500595,0.00147106,0,564.125,-0.0499645,9.50691e-05,-0.000994663,0.0499745,100000,100000,1904.94,0,0.00500595,0.00147106,0,564.125,-0.0499645,9.50691e-05,-0.000994663,0.0499745,100000,100000,1904.94,0,0.00500595,0.00147106,0,564.125,-0.0499645,9.50691e-05,-0.000994663,0.0499745,100000,100000,1904.94,0,0.00500595,0.00147106,0,564.125,-0.0499645,9.50691e-05,-0.000994663,0.0499745,100000,100000,1904.94,0,0.00500595,0.00147106,0,564.125,-0.0499645,9.50691e-05,-0.000994663,0.0499745,100000,100000,1904.94,0,0.00500595,0.00147106,0,564.125,-0.0499645,9.50691e-05,-0.000994663,0.0499745,100000,100000,1904.94,0,0,0,0,0,0,0,0,0,0,0,0,0,1
stats,101,1,102,0.00500595,0.00147106,0,564.13,-0.0499646,9.50662e-05,-0.000994659,0.0499745,100000,100000,1904.94,0,0.00500595,0.00147106,0,564.13,-0.0499646,9.50662e-05,-0.000994659,0.0499745,100000,100000,1904.94,0,0.00500595,0.00147106,0,564.13,-0.0499646,9.50662e-05,-0.000994659,0.0499745,100000,100000,1904.94,0,0.00500595,0.00147106,0,564.13,-0.0499646,9.50662e-05,-0.000994659,0.0499745,100000,100000,1904.94,0,0.00500595,0.00147106,0,564.13,-0.0499646,9.50662e-05,-0.000994659,0.0499745,100000,100000,1904.94,0,0.00500595,0.00147106,0,564.13,-0.0499646,9.50662e-05,-0.000994659,0.0499745,100000,100000,1904.94,0,0,0,0,0,0,0,0,0,0,0,0,0,1
stats,102,1,103,0.00500595,0.00147106,0,564.135,-0.0499646,9.50637e-05,-0.000994657,0.0499745,100000,100000,1904.93,0,0.00500595,0.00147106,0,564.135,-0.0499646,9.50637e-05,-0.000994657,0.0499745,100000,100000,1904.93,0,0.00500595,0.00147106,0,564.135,-0.0499646,9.50637e-05,-0.000994657,0.0499745,100000,100000,1904.93,0,0.00500595,0.00147106,0,564.135,-0.0499646,9.50637e-05,-0.000994657,0.0499745,100000,100000,1904.93,0,0.00500595,0.00147106,0,564.135,-0.0499646,9.50637e-05,-0.000994657,0.0499745,100000,100000,1904.93,0,0.00500595,0.00147106,0,564.135,-0.0499646,9.50637e-05,-0.000994657,0.0499745,100000,100000,1904.93,0,0,0,0,0,0,0,0,0,0,0,0,0,1
stats,103,1,104,0.00500595,0.00147106,0,564.139,-0.0499646,9.50612e-05,-0.000994657,0.0499746,100000,100000,1904.93,0,0.00500595,0.00147106,0,564.139,-0.0499646,9.50612e-05,-0.000994657,0.0499746,100000,100000,1904.93,0,0.00500595,0.00147106,0,564.139,-0.0499646,9.50612e-05,-0.000994657,0.0499746,100000,100000,1904.93,0,0.00500595,0.00147106,0,564.139,-0.0499646,9.50612e-05,-0.000994657,0.0499746,100000,100000,1904.93,0,0.00500595,0.00147106,0,564.139,-0.0499646,9.50612e-05,-0.000994657,0.0499746,100000,100000,1904.93,0,0.00500595,0.00147106,0,564.139,-0.0499646,9.50612e-05,-0.000994657,0.0499746,100000,100000,1904.93,0,0,0,0,0,0,0,0,0,0,0,0,0,1
stats,104,1,105,0.00500595,0.00147106,0,564.144,-0.0499646,9.50589e-05,-0.000994657,0.0499746,100000,100000,1904.93,0,0.00500595,0.00147106,0,564.144,-0.0499646,9.50589e-05,-0.000994657,0.0499746,100000,100000,1904.93,0,0.00500595,0.00147106,0,564.144,-0.0499646,9.50589e-05,-0.000994657,0.0499746,100000,100000,1904.93,0,0.00500595,0.00147106,0,564.144,-0.0499646,9.50589e-05,-0.000994657,0.0499746,100000,100000,1904.93,0,0.00500595,0.00147106,0,564.144,-0.0499646,9.50589e-05,-0.000994657,0.0499746,100000,100000,1904.93,0,0.00500595,0.00147106,0,564.144,-0.0499646,9.50589e-05,-0.000994657,0.0499746,100000,100000,1904.93,0,0,0,0,0,0,0,0,0,0,0,0,0,1
stats,105,1,106,0.00500595,0.00147106,0,564.149,-0.0499646,9.50569e-05,-0.000994657,0.0499746,100000,100000,1904.92,0,0.00500595,0.00147106,0,564.149,-0.0499646,9.50569e-05,-0.000994657,0.0499746,100000,100000,1904.92,0,0.00500595,0.00147106,0,564.149,-0.0499646,9.50569e-05,-0.000994657,0.0499746,100000,100000,1904.92,0,0.00500595,0.00147106,0,564.149,-0.0499646,9.50569e-05,-0.000994657,0.0499746,100000,100000,1904.92,0,0.00500595,0.00147106,0,564.149,-0.0499646,9.50569e-05,-0.000994657,0.0499746,100000,100000,1904.92,0,0.00500595,0.00147106,0,564.149,-0.0499646,9.50569e-05,-0.000994657,0.0499746,100000,100000,1904.92,0,0,0,0,0,0,0,0,0,0,0,0,0,1
stats,106,1,107,0.00500595,0.00147106,0,564.153,-0.0499646,9.50559e-05,-0.000994657,0.0499746,100000,100000,1904.92,0,0.00500595,0.00147106,0,564.153,-0.0499646,9.50559e-05,-0.000994657,0.0499746,100000,100000,1904.92,0,0.00500595,0.00147106,0,564.153,-0.0499646,9.50559e-05,-0.000994657,0.0499746,100000,100000,1904.92,0,0.00500595,0.00147106,0,564.153,-0.0499646,9.50559e-05,-0.000994657,0.0499746,100000,100000,1904.92,0,0.00500595,0.00147106,0,564.153,-0.0499646,9.50559e-05,-0.000994657,0.0499746,100000,100000,1904.92,0,0.00500595,0.00147106,0,564.153,-0.0499646,9.50559e-05,-0.000994657,0.0499746,100000,100000,1904.92,0,0,0,0,0,0,0,0,0,0,0,0,0,1
stats,107,1,108,0.00500595,0.00147106,0,564.157,-0.0499646,9.50561e-05,-0.000994655,0.0499746,100000,100000,1904.92,0,0.00500595,0.00147106,0,564.157,-0.0499646,9.50561e-05,-0.000994655,0.0499746,100000,100000,1904.92,0,0.00500595,0.00147106,0,564.157,-0.0499646,9.50561e-05,-0.000994655,0.0499746,100000,100000,1904.92,0,0.00500595,0.00147106,0,564.157,-0.0499646,9.50561e-05,-0.000994655,0.0499746,100000,100000,1904.92,0,0.00500595,0.00147106,0,564.157,-0.0499646,9.50561e-05,-0.000994655,0.0499746,100000,100000,1904.92,0,0.00500595,0.00147106,0,564.157,-0.0499646,9.50561e-05,-0.000994655,0.0499746,100000,100000,1904.92,0,0,0,0,0,0,0,0,0,0,0,0,0,1
stats,108,1,109,0.00500595,0.00147106,0,564.162,-0.0499646,9.50574e-05,-0.000994653,0.0499746,100000,100000,1904.92,0,0.00500595,0.00147106,0,564.162,-0.0499646,9.50574e-05,-0.000994653,0.0499746,100000,100000,1904.92,0,0.00500595,0.00147106,0,564.162,-0.0499646,9.50574e-05,-0.000994653,0.0499746,100000,100000,1904.92,0,0.00500595,0.00147106,0,564.162,-0.0499646,9.50574e-05,-0.000994653,0.0499746,100000,100000,1904.92,0,0.00500595,0.00147106,0,564.162,-0.0499646,9.50574e-05,-0.000994653,0.0499746,100000,100000,1904.92,0,0.00500595,0.00147106,0,564.162,-0.0499646,9.50574e-05,-0.000994653,0.0499746,100000,100000,1904.92,0,0,0,0,0,0,0,0,0,0,0,0,0,1
stats,109,1,110,0.00500595,0.00147106,0,564.166,-0.0499646,9.50595e-05,-0.000994651,0.0499746,100000,100000,1904.91,0,0.00500595,0.00147106,0,564.166,-0.0499646,9.50595e-05,-0.000994651,0.0499746,100000,100000,1904.91,0,0.00500595,0.00147106,0,564.166,-0.0499646,9.50595e-05,-0.000994651,0.0499746,100000,100000,1904.91,0,0.00500595,0.00147106,0,564.166,-0.0499646,9.50595e-05,-0.000994651,0.0499746,100000,100000,1904.91,0,0.00500595,0.00147106,0,564.166,-0.0499646,9.50595e-05,-0.000994651,0.0499746,100000,100000,1904.91,0,0.00500595,0.00147106,0,564.166,-0.0499646,9.50595e-05,-0.000994651,0.0499746,100000,100000,1904.91,0,0,0,0,0,0,0,0,0,0,0,0,0,1
stats,110,1,111,0.00500595,0.00147106,0,564.17,-0.0499646,9.50617e-05,-0.000994647,0.0499746,100000,100000,1904.91,0,0.00500595,0.00147106,0,564.17,-0.0499646,9.50617e-05,-0.000994647,0.0499746,100000,100000,1904.91,0,0.00500595,0.00147106,0,564.17,-0.0499646,9.50617e-05,-0.000994647,0.0499746,100000,100000,1904.91,0,0.00500595,0.00147106,0,564.17,-0.0499646,9.50617e-05,-0.000994647,0.0499746,100000,100000,1904.91,0,0.00500595,0.00147106,0,564.17,-0.0499646,9.50617e-05,-0.000994647,0.0499746,100000,100000,1904.91,0,0.00500595,0.00147106,0,564.17,-0.0499646,9.50617e-05,-0.000994647,0.0499746,100000,100000,1904.91,0,0,0,0,0,0,0,0,0,0,0,0,0,1
stats,111,1,112,0.00500595,0.00147106,0,564.174,-0.0499646,9.50635e-05,-0.000994644,0.0499746,100000,100000,1904.91,0,0.00500595,0.00147106,0,564.174,-0.0499646,9.50635e-05,-0.000994644,0.0499746,100000,100000,1904.91,0,0.00500595,0.00147106,0,564.174,-0.0499646,9.50635e-05,-0.000994644,0.0499746,100000,100000,1904.91,0,0.00500595,0.00147106,0,564.174,-0.0499646,9.50635e-05,-0.000994644,0.0499746,100000,100000,1904.91,0,0.00500595,0.00147106,0,564.174,-0.0499646,9.50635e-05,-0.000994644,0.0499746,100000,100000,1904.91,0,0.00500595,0.00147106,0,564.174,-0.0499646,9.50635e-05,-0.000994644,0.0499746,100000,100000,1904.91,0,0,0,0,0,0,0,0,0,0,0,0,0,1
stats,112,1,113,0.00500595,0.00147105,0,564.178,-0.0499646,9.5065e-05,-0.000994641,0.0499746,100000,100000,1904.91,0,0.00500595,0.00147105,0,564.178,-0.0499646,9.5065e-05,-0.000994641,0.0499746,100000,100000,1904.91,0,0.00500595,0.00147105,0,564.178,-0.0499646,9.5065e-05,-0.000994641,0.0499746,100000,100000,1904.91,0,0.00500595,0.00147105,0,564.178,-0.0499646,9.5065e-05,-0.000994641,0.0499746,100000,100000,1904.91,0,0.00500595,0.00147105,0,564.178,-0.0499646,9.5065e-05,-0.000994641,0.0499746,100000,100000,1904.91,0,0.00500595,0.00147105,0,564.178,-0.0499646,9.5065e-05,-0.000994641,0.0499746,100000,100000,1904.91,0,0,0,0,0,0,0,0,0,0,0,0,0,1
stats,113,1,114,0.00500595,0.00147105,0,564.182,-0.0499646,9.50663e-05,-0.000994638,0.0499746,100000,100000,1904.9,0,0.00500595,0.00147105,0,564.182,-0.0499646,9.50663e-05,-0.000994638,0.0499746,100000,100000,1904.9,0,0.00500595,0.00147105,0,564.182,-0.0499646,9.50663e-05,-0.000994638,0.0499746,100000,100000,1904.9,0,0.00500595,0.00147105,0,564.182,-0.0499646,9.50663e-05,-0.000994638,0.0499746,100000,100000,1904.9,0,0.00500595,0.00147105,0,564.182,-0.0499646,9.50663e-05,-0.000994638,0.0499746,100000,100000,1904.9,0,0.00500595,0.00147105,0,564.182,-0.0499646,9.50663e-05,-0.000994638,0.0499746,100000,100000,1904.9,0,0,0,0,0,0,0,0,0,0,0,0,0,1
stats,114,1,115,0.00500595,0.00147105,0,564.185,-0.0499646,9.50681e-05,-0.000994636,0.0499746,100000,100000,1904.9,0,0.00500595,0.00147105,0,564.185,-0.0499646,9.50681e-05,-0.000994636,0.0499746,100000,100000,1904.9,0,0.00500595,0.00147105,0,564.185,-0.0499646,9.50681e-05,-0.000994636,0.0499746,100000,100000,1904.9,0,0.00500595,0.00147105,0,564.185,-0.0499646,9.50681e-05,-0.000994636,0.0499746,100000,100000,1904.9,0,0.00500595,0.00147105,0,564.185,-0.0499646,9.50681e-05,-0.000994636,0.0499746,100000,100000,1904.9,0,0.00500595,0.00147105,0,564.185,-0.0499646,9.50681e-05,-0.000994636,0.0499746,100000,100000,1904.9,0,0,0,0,0,0,0,0,0,0,0,0,0,1
stats,115,1,116,0.00500595,0.00147105,0,564.189,-0.0499646,9.50705e-05,-0.000994634,0.0499746,100000,100000,1904.9,0,0.00500595,0.00147105,0,564.189,-0.0499646,9.50705e-05,-0.000994634,0.0499746,100000,100000,1904.9,0,0.00500595,0.00147105,0,564.189,-0.0499646,9.50705e-05,-0.000994634,0.0499746,100000,100000,1904.9,0,0.00500595,0.00147105,0,564.189,-0.0499646,9.50705e-05,-0.000994634,0.0499746,100000,100000,1904.9,0,0.00500595,0.00147105,0,564.189,-0.0499646,9.50705e-05,-0.000994634,0.0499746,100000,100000,1904.9,0,0.00500595,0.00147105,0,564.189,-0.0499646,9.50705e-05,-0.000994634,0.0499746,100000,100000,1904.9,0,0,0,0,0,0,0,0,0,0,0,0,0,1
stats,116,1,117,0.00500595,0.00147105,0,564.193,-0.0499646,9.50735e-05,-0.000994634,0.0499746,100000,100000,1904.9,0,0.00500595,0.00147105,0,564.193,-0.0499646,9.50735e-05,-0.000994634,0.0499746,100000,100000,1904.9,0,0.00500595,0.00147105,0,564.193,-0.0499646,9.50735e-05,-0.000994634,0.0499746,100000,100000,1904.9,0,0.00500595,0.00147105,0,564.193,-0.0499646,9.50735e-05,-0.000994634,0.0499746,100000,100000,1904.9,0,0.00500595,0.00147105,0,564.193,-0.0499646,9.50735e-05,-0.000994634,0.0499746,100000,100000,1904.9,0,0.00500595,0.00147105,0,564.193,-0.0499646,9.50735e-05,-0.000994634,0.0499746,100000,100000,1904.9,0,0,0,0,0,0,0,0,0,0,0,0,0,1
stats,117,1,118,0.00500595,0.00147105,0,564.196,-0.0499646,9.50764e-05,-0.000994634,0.0499746,100000,100000,1904.89,0,0.00500595,0.00147105,0,564.196,-0.0499646,9.50764e-05,-0.000994634,0.0499746,100000,100000,1904.89,0,0.00500595,0.00147105,0,564.196,-0.0499646,9.50764e-05,-0.000994634,0.0499746,100000,100000,1904.89,0,0.00500595,0.00147105,0,564.196,-0.0499646,9.50764e-05,-0.000994634,0.0499746,100000,100000,1904.89,0,0.00500595,0.00147105,0,564.196,-0.0499646,9.50764e-05,-0.000994634,0.0499746,100000,100000,1904.89,0,0.00500595,0.00147105,0,564.196,-0.0499646,9.50764e-05,-0.000994634,0.0499746,100000,100000,1904.89,0,0,0,0,0,0,0,0,0,0,0,0,0,1
stats,118,1,119,0.00500595,0.00147105,0,564.2,-0.0499646,9.50787e-05,-0.000994635,0.0499746,100000,100000,1904.89,0,0.00500595,0.00147105,0,564.2,-0.0499646,9.50787e-05,-0.000994635,0.0499746,100000,100000,1904.89,0,0.00500595,0.00147105,0,564.2,-0.0499646,9.50787e-05,-0.000994635,0.0499746,100000,100000,1904.89,0,0.00500595,0.00147105,0,564.2,-0.0499646,9.50787e-05,-0.000994635,0.0499746,100000,100000,1904.89,0,0.00500595,0.00147105,0,564.2,-0.0499646,9.50787e-05,-0.000994635,0.0499746,100000,100000,1904.89,0,0.00500595,0.00147105,0,564.2,-0.0499646,9.50787e-05,-0.000994635,0.0499746,100000,100000,1904.89,0,0,0,0,0,0,0,0,0,0,0,0,0,1
stats,119,1,120,0.00500595,0.00147105,0,564.203,-0.0499646,9.50797e-05,-0.000994637,0.0499746,100000,100000,1904.89,0,0.00500595,0.00147105,0,564.203,-0.0499646,9.50797e-05,-0.000994637,0.0499746,100000,100000,1904.89,0,0.00500595,0.00147105,0,564.203,-0.0499646,9.50797e-05,-0.000994637,0.0499746,100000,100000,1904.89,0,0.00500595,0.00147105,0,564.203,-0.0499646,9.50797e-05,-0.000994637,0.0499746,100000,100000,1904.89,0,0.00500595,0.00147105,0,564.203,-0.0499646,9.50797e-05,-0.000994637,0.0499746,100000,100000,1904.89,0,0.00500595,0.00147105,0,564.203,-0.0499646,9.50797e-05,-0.000994637,0.0499746,100000,100000,1904.89,0,0,0,0,0,0,0,0,0,0,0,0,0,1
stats,120,1,121,0.00500595,0.00147105,0,564.206,-0.0499646,9.50794e-05,-0.000994638,0.0499746,100000,100000,1904.89,0,0.00500595,0.00147105,0,564.206,-0.0499646,9.50794e-05,-0.000994638,0.0499746,100000,100000,1904.89,0,0.00500595,0.00147105,0,564.206,-0.0499646,9.50794e-05,-0.000994638,0.0499746,100000,100000,1904.89,0,0.00500595,0.00147105,0,564.206,-0.0499646,9.50794e-05,-0.000994638,0.0499746,100000,100000,1904.89,0,0.00500595,0.00147105,0,564.206,-0.0499646,9.50794e-05,-0.000994638,0.0499746,100000,100000,1904.89,0,0.00500595,0.00147105,0,564.206,-0.0499646,9.50794e-05,-0.000994638,0.0499746,100000,100000,1904.89,0,0,0,0,0,0,0,0,0,0,0,0,0,1
stats,121,1,122,0.00500595,0.00147105,0,564.209,-0.0499646,9.50779e-05,-0.000994639,0.0499746,100000,100000,1904.89,0,0.00500595,0.00147105,0,564.209,-0.0499646,9.50779e-05,-0.000994639,0.0499746,100000,100000,1904.89,0,0.00500595,0.00147105,0,564.209,-0.0499646,9.50779e-05,-0.000994639,0.0499746,100000,100000,1904.89,0,0.00500595,0.00147105,0,564.209,-0.0499646,9.50779e-05,-0.000994639,0.0499746,100000,100000,1904.89,0,0.00500595,0.00147105,0,564.209,-0.0499646,9.50779e-05,-0.000994639,0.0499746,100000,100000,1904.89,0,0.00500595,0.00147105,0,564.209,-0.0499646,9.50779e-05,-0.000994639,0.0499746,100000,100000,1904.89,0,0,0,0,0,0,0,0,0,0,0,0,0,1
stats,122,1,123,0.00500595,0.00147105,0,564.213,-0.0499646,9.50757e-05,-0.000994639,0.0499746,100000,100000,1904.88,0,0.00500595,0.00147105,0,564.213,-0.0499646,9.50757e-05,-0.000994639,0.0499746,100000,100000,1904.88,0,0.00500595,0.00147105,0,564.213,-0.0499646,9.50757e-05,-0.000994639,0.0499746,100000,100000,1904.88,0,0.00500595,0.00147105,0,564.213,-0.0499646,9.50757e-05,-0.000994639,0.0499746,100000,100000,1904.88,0,0.00500595,0.00147105,0,564.213,-0.0499646,9.50757e-05,-0.000994639,0.0499746,100000,100000,1904.88,0,0.00500595,0.00147105,0,564.213,-0.0499646,9.50757e-05,-0.000994639,0.0499746,100000,100000,1904.88,0,0,0,0,0,0,0,0,0,0,0,0,0,1
stats,123,1,124,0.00500595,0.00147105,0,564.216,-0.0499646,9.50732e-05,-0.00099464,0.0499746,100000,100000,1904.88,0,0.00500595,0.00147105,0,564.216,-0.0499646,9.50732e-05,-0.00099464,0.0499746,100000,100000,1904.88,0,0.00500595,0.00147105,0,564.216,-0.0499646,9.50732e-05,-0.00099464,0.0499746,100000,100000,1904.88,0,0.00500595,0.00147105,0,564.216,-0.0499646,9.50732e-05,-0.00099464,0.0499746,100000,100000,1904.88,0,0.00500595,0.00147105,0,564.216,-0.0499646,9.50732e-05,-0.00099464,0.0499746,100000,100000,1904.88,0,0.00500595,0.00147105,0,564.216,-0.0499646,9.50732e-05,-0.00099464,0.0499746,100000,100000,1904.88,0,0,0,0,0,0,0,0,0,0,0,0,0,1
stats,124,1,125,0.00500595,0.00147105,0,564.219,-0.0499646,9.50712e-05,-0.00099464,0.0499746,100000,100000,1904.88,0,0.00500595,0.00147105,0,564.219,-0.0499646,9.50712e-05,-0.00099464,0.0499746,100000,100000,1904.88,0,0.00500595,0.00147105,0,564.219,-0.0499646,9.50712e-05,-0.00099464,0.0499746,100000,100000,1904.88,0,0.00500595,0.00147105,0,564.219,-0.0499646,9.50712e-05,-0.00099464,0.0499746,100000,100000,1904.88,0,0.00500595,0.00147105,0,564.219,-0.0499646,9.50712e-05,-0.00099464,0.0499746,100000,100000,1904.88,0,0.00500595,0.00147105,0,564.219,-0.0499646,9.50712e-05,-0.00099464,0.0499746,100000,100000,1904.88,0,0,0,0,0,0,0,0,0,0,0,0,0,1
stats,125,1,126,0.00500595,0.00147105,0,564.222,-0.0499646,9.50699e-05,-0.00099464,0.0499746,100000,100000,1904.88,0,0.00500595,0.00147105,0,564.222,-0.0499646,9.50699e-05,-0.00099464,0.0499746,100000,100000,1904.88,0,0.00500595,0.00147105,0,564.222,-0.0499646,9.50699e-05,-0.00099464,0.0499746,100000,100000,1904.88,0,0.00500595,0.00147105,0,564.222,-0.0499646,9.50699e-05,-0.00099464,0.0499746,100000,100000,1904.88,0,0.00500595,0.00147105,0,564.222,-0.0499646,9.50699e-05,-0.00099464,0.0499746,100000,100000,1904.88,0,0.00500595,0.00147105,0,564.222,-0.0499646,9.50699e-05,-0.00099464,0.0499746,100000,100000,1904.88,0,0,0,0,0,0,0,0,0,0,0,0,0,1
stats,126,1,127,0.00500595,0.00147105,0,564.225,-0.0499646,9.50692e-05,-0.00099464,0.0499746,100000,100000,1904.88,0,0.00500595,0.00147105,0,564.225,-0.0499646,9.50692e-05,-0.00099464,0.0499746,100000,100000,1904.88,0,0.00500595,0.00147105,0,564.225,-0.0499646,9.50692e-05,-0.00099464,0.0499746,100000,100000,1904.88,0,0.00500595,0.00147105,0,564.225,-0.0499646,9.50692e-05,-0.00099464,0.0499746,100000,100000,1904.88,0,0.00500595,0.00147105,0,564.225,-0.0499646,9.50692e-05,-0.00099464,0.0499746,100000,100000,1904.88,0,0.00500595,0.00147105,0,564.225,-0.0499646,9.50692e-05,-0.00099464,0.0499746,100000,100000,1904.88,0,0,0,0,0,0,0,0,0,0,0,0,0,1
stats,127,1,128,0.00500595,0.00147105,0,564.227,-0.0499646,9.50688e-05,-0.00099464,0.0499746,100000,100000,1904.87,0,0.00500595,0.00147105,0,564.227,-0.0499646,9.50688e-05,-0.00099464,0.0499746,100000,100000,1904.87,0,0.00500595,0.00147105,0,564.227,-0.0499646,9.50688e-05,-0.00099464,0.0499746,100000,100000,1904.87,0,0.00500595,0.00147105,0,564.227,-0.0499646,9.50688e-05,-0.00099464,0.0499746,100000,100000,1904.87,0,0.00500595,0.00147105,0,564.227,-0.0499646,9.50688e-05,-0.00099464,0.0499746,100000,100000,1904.87,0,0.00500595,0.00147105,0,564.227,-0.0499646,9.50688e-05,-0.00099464,0.0499746,100000,100000,1904.87,0,0,0,0,0,0,0,0,0,0,0,0,0,1
stats,128,1,129,0.00500595,0.00147105,0,564.23,-0.0499646,9.50683e-05,-0.000994639,0.0499746,100000,100000,1904.87,0,0.00500595,0.00147105,0,564.23,-0.0499646,9.50683e-05,-0.000994639,0.0499746,100000,100000,1904.87,0,0.00500595,0.00147105,0,564.23,-0.0499646,9.50683e-05,-0.000994639,0.0499746,100000,100000,1904.87,0,0.00500595,0.00147105,0,564.23,-0.0499646,9.50683e-05,-0.000994639,0.0499746,100000,100000,1904.87,0,0.00500595,0.00147105,0,564.23,-0.0499646,9.50683e-05,-0.000994639,0.0499746,100000,100000,1904.87,0,0.00500595,0.00147105,0,564.23,-0.0499646,9.50683e-05,-0.000994639,0.0499746,100000,100000,1904.87,0,0,0,0,0,0,0,0,0,0,0,0,0,1
stats,129,1,130,0.00500595,0.00147105,0,564.233,-0.0499646,9.50677e-05,-0.000994637,0.0499746,100000,100000,1904.87,0,0.00500595,0.00147105,0,564.233,-0.0499646,9.50677e-05,-0.000994637,0.0499746,100000,100000,1904.87,0,0.00500595,0.00147105,0,564.233,-0.0499646,9.50677e-05,-0.000994637,0.0499746,100000,100000,1904.87,0,0.00500595,0.00147105,0,564.233,-0.0499646,9.50677e-05,-0.000994637,0.0499746,100000,100000,1904.87,0,0.00500595,0.00147105,0,564.233,-0.0499646,9.50677e-05,-0.000994637,0.0499746,100000,100000,1904.87,0,0.00500595,0.00147105,0,564.233,-0.0499646,9.50677e-05,-0.000994637,0.0499746,100000,100000,1904.87,0,0,0,0,0,0,0,0,0,0,0,0,0,1
stats,130,1,131,0.00500595,0.00147105,0,564.236,-0.0499646,9.50676e-05,-0.000994635,0.0499746,100000,100000,1904.87,0,0.00500595,0.00147105,0,564.236,-0.0499646,9.50676e-05,-0.000994635,0.0499746,100000,100000,1904.87,0,0.00500595,0.00147105,0,564.236,-0.0499646,9.50676e-05,-0.000994635,0.0499746,100000,100000,1904.87,0,0.00500595,0.00147105,0,564.236,-0.0499646,9.50676e-05,-0.000994635,0.0499746,100000,100000,1904.87,0,0.00500595,0.00147105,0,564.236,-0.0499646,9.50676e-05,-0.000994635,0.0499746,100000,100000,1904.87,0,0.00500595,0.00147105,0,564.236,-0.0499646,9.50676e-05,-0.000994635,0.0499746,100000,100000,1904.87,0,0,0,0,0,0,0,0,0,0,0,0,0,1
stats,131,1,132,0.00500595,0.00147105,0,564.238,-0.0499646,9.50684e-05,-0.000994633,0.0499746,100000,100000,1904.87,0,0.00500595,0.00147105,0,564.238,-0.0499646,9.50684e-05,-0.000994633,0.0499746,100000,100000,1904.87,0,0.00500595,0.00147105,0,564.238,-0.0499646,9.50684e-05,-0.000994633,0.0499746,100000,100000,1904.87,0,0.00500595,0.00147105,0,564.238,-0.0499646,9.50684e-05,-0.000994633,0.0499746,100000,100000,1904.87,0,0.00500595,0.00147105,0,564.238,-0.0499646,9.50684e-05,-0.000994633,0.0499746,100000,100000,1904.87,0,0.00500595,0.00147105,0,564.238,-0.0499646,9.50684e-05,-0.000994633,0.0499746,100000,100000,1904.87,0,0,0,0,0,0,0,0,0,0,0,0,0,1
stats,132,1,133,0.00500595,0.00147105,0,564.241,-0.0499646,9.50703e-05,-0.000994632,0.0499746,100000,100000,1904.87,0,0.00500595,0.00147105,0,564.241,-0.0499646,9.50703e-05,-0.000994632,0.0499746,100000,100000,1904.87,0,0.00500595,0.00147105,0,564.241,-0.0499646,9.50703e-05,-0.000994632,0.0499746,100000,100000,1904.87,0,0.00500595,0.00147105,0,564.241,-0.0499646,9.50703e-05,-0.000994632,0.0499746,100000,100000,1904.87,0,0.00500595,0.00147105,0,564.241,-0.0499646,9.50703e-05,-0.000994632,0.0499746,100000,100000,1904.87,0,0.00500595,0.00147105,0,564.241,-0.0499646,9.50703e-05,-0.000994632,0.0499746,100000,100000,1904.87,0,0,0,0,0,0,0,0,0,0,0,0,0,1
stats,133,1,134,0.00500595,0.00147105,0,564.243,-0.0499646,9.50731e-05,-0.000994633,0.0499746,100000,100000,1904.86,0,0.00500595,0.00147105,0,564.243,-0.0499646,9.50731e-05,-0.000994633,0.0499746,100000,100000,1904.86,0,0.00500595,0.00147105,0,564.243,-0.0499646,9.50731e-05,-0.000994633,0.0499746,100000,100000,1904.86,0,0.00500595,0.00147105,0,564.243,-0.0499646,9.50731e-05,-0.000994633,0.0499746,100000,100000,1904.86,0,0.00500595,0.00147105,0,564.243,-0.0499646,9.50731e-05,-0.000994633,0.0499746,100000,100000,1904.86,0,0.00500595,0.00147105,0,564.243,-0.0499646,9.50731e-05,-0.000994633,0.0499746,100000,100000,1904.86,0,0,0,0,0,0,0,0,0,0,0,0,0,1
stats,134,1,135,0.00500595,0.00147105,0,564.246,-0.0499646,9.50763e-05,-0.000994635,0.0499746,100000,100000,1904.86,0,0.00500595,0.00147105,0,564.246,-0.0499646,9.50763e-05,-0.000994635,0.0499746,100000,100000,1904.86,0,0.00500595,0.00147105,0,564.246,-0.0499646,9.50763e-05,-0.000994635,0.0499746,100000,100000,1904.86,0,0.00500595,0.00147105,0,564.246,-0.0499646,9.50763e-05,-0.000994635,0.0499746,100000,100000,1904.86,0,0.00500595,0.00147105,0,564.246,-0.0499646,9.50763e-05,-0.000994635,0.0499746,100000,100000,1904.86,0,0.00500595,0.00147105,0,564.246,-0.0499646,9.50763e-05,-0.000994635,0.0499746,100000,100000,1904.86,0,0,0,0,0,0,0,0,0,0,0,0,0,1
stats,135,1,136,0.00500595,0.00147105,0,564.248,-0.0499646,9.50789e-05,-0.000994638,0.0499746,100000,100000,1904.86,0,0.00500595,0.00147105,0,564.248,-0.0499646,9.50789e-05,-0.000994638,0.0499746,100000,100000,1904.86,0,0.00500595,0.00147105,0,564.248,-0.0499646,9.50789e-05,-0.000994638,0.0499746,100000,100000,1904.86,0,0.00500595,0.00147105,0,564.248,-0.0499646,9.50789e-05,-0.000994638,0.0499746,100000,100000,1904.86,0,0.00500595,0.00147105,0,564.248,-0.0499646,9.50789e-05,-0.000994638,0.0499746,100000,100000,1904.86,0,0.00500595,0.00147105,0,564.248,-0.0499646,9.50789e-05,-0.000994638,0.0499746,100000,100000,1904.86,0,0,0,0,0,0,0,0,0,0,0,0,0,1
stats,136,1,137,0.00500595,0.00147105,0,564.25,-0.0499646,9.50807e-05,-0.000994642,0.0499746,100000,100000,1904.86,0,0.00500595,0.00147105,0,564.25,-0.0499646,9.50807e-05,-0.000994642,0.0499746,100000,100000,1904.86,0,0.00500595,0.00147105,0,564.25,-0.0499646,9.50807e-05,-0.000994642,0.0499746,100000,100000,1904.86,0,0.00500595,0.00147105,0,564.25,-0.0499646,9.50807e-05,-0.000994642,0.0499746,100000,100000,1904.86,0,0.00500595,0.00147105,0,564.25,-0.0499646,9.50807e-05,-0.000994642,0.0499746,100000,100000,1904.86,0,0.00500595,0.00147105,0,564.25,-0.0499646,9.50807e-05,-0.000994642,0.0499746,100000,100000,1904.86,0,0,0,0,0,0,0,0,0,0,0,0,0,1
stats,137,1,138,0.00500595,0.00147105,0,564.253,-0.0499646,9.50816e-05,-0.000994645,0.0499746,100000,100000,1904.86,0,0.00500595,0.00147105,0,564.253,-0.0499646,9.50816e-05,-0.000994645,0.0499746,100000,100000,1904.86,0,0.00500595,0.00147105,0,564.253,-0.0499646,9.50816e-05,-0.000994645,0.0499746,100000,100000,1904.86,0,0.00500595,0.00147105,0,564.253,-0.0499646,9.50816e-05,-0.000994645,0.0499746,100000,100000,1904.86,0,0.00500595,0.00147105,0,564.253,-0.0499646,9.50816e-05,-0.000994645,0.0499746,100000,100000,1904.86,0,0.00500595,0.00147105,0,564.253,-0.0499646,9.50816e-05,-0.000994645,0.0499746,100000,100000,1904.86,0,0,0,0,0,0,0,0,0,0,0,0,0,1
stats,138,1,139,0.00500595,0.00147105,0,564.255,-0.0499646,9.50821e-05,-0.000994648,0.0499746,100000,100000,1904.86,0,0.00500595,0.00147105,0,564.255,-0.0499646,9.50821e-05,-0.000994648,0.0499746,100000,100000,1904.86,0,0.00500595,0.00147105,0,564.255,-0.0499646,9.50821e-05,-0.000994648,0.0499746,100000,100000,1904.86,0,0.00500595,0.00147105,0,564.255,-0.0499646,9.50821e-05,-0.000994648,0.0499746,100000,100000,1904.86,0,0.00500595,0.00147105,0,564.255,-0.0499646,9.50821e-05,-0.000994648,0.0499746,100000,100000,1904.86,0,0.00500595,0.00147105,0,564.255,-0.0499646,9.50821e-05,-0.000994648,0.0499746,100000,100000,1904.86,0,0,0,0,0,0,0,0,0,0,0,0,0,1
stats,139,1,140,0.00500595,0.00147105,0,564.257,-0.0499646,9.50822e-05,-0.00099465,0.0499746,100000,100000,1904.86,0,0.00500595,0.00147105,0,564.257,-0.0499646,9.50822e-05,-0.00099465,0.0499746,100000,100000,1904.86,0,0.00500595,0.00147105,0,564.257,-0.0499646,9.50822e-05,-0.00099465,0.0499746,100000,100000,1904.86,0,0.00500595,0.00147105,0,564.257,-0.0499646,9.50822e-05,-0.00099465,0.0499746,100000,100000,1904.86,0,0.00500595,0.00147105,0,564.257,-0.0499646,9.50822e-05,-0.00099465,0.0499746,100000,100000,1904.86,0,0.00500595,0.00147105,0,564.257,-0.0499646,9.50822e-05,-0.00099465,0.0499746,100000,100000,1904.86,0,0,0,0,0,0,0,0,0,0,0,0,0,1
stats,140,1,141,0.00500595,0.00147105,0,564.259,-0.0499646,9.50819e-05,-0.000994652,0.0499746,100000,100000,1904.85,0,0.00500595,0.00147105,0,564.259,-0.0499646,9.50819e-05,-0.000994652,0.0499746,100000,100000,1904.85,0,0.00500595,0.00147105,0,564.259,-0.0499646,9.50819e-05,-0.000994652,0.0499746,100000,100000,1904.85,0,0.00500595,0.00147105,0,564.259,-0.0499646,9.50819e-05,-0.000994652,0.0499746,100000,100000,1904.85,0,0.00500595,0.00147105,0,564.259,-0.0499646,9.50819e-05,-0.000994652,0.0499746,100000,100000,1904.85,0,0.00500595,0.00147105,0,564.259,-0.0499646,9.50819e-05,-0.000994652,0.0499746,100000,100000,1904.85,0,0,0,0,0,0,0,0,0,0,0,0,0,1
stats,141,1,142,0.00500595,0.00147105,0,564.261,-0.0499646,9.50807e-05,-0.000994652,0.0499746,100000,100000,1904.85,0,0.00500595,0.00147105,0,564.261,-0.0499646,9.50807e-05,-0.000994652,0.0499746,100000,100000,1904.85,0,0.00500595,0.00147105,0,564.261,-0.0499646,9.50807e-05,-0.000994652,0.0499746,100000,100000,1904.85,0,0.00500595,0.00147105,0,564.261,-0.0499646,9.50807e-05,-0.000994652,0.0499746,100000,100000,1904.85,0,0.00500595,0.00147105,0,564.261,-0.0499646,9.50807e-05,-0.000994652,0.0499746,100000,100000,1904.85,0,0.00500595,0.00147105,0,564.261,-0.0499646,9.50807e-05,-0.000994652,0.0499746,100000,100000,1904.85,0,0,0,0,0,0,0,0,0,0,0,0,0,1
stats,142,1,143,0.00500595,0.00147105,0,564.263,-0.0499646,9.50785e-05,-0.000994652,0.0499746,100000,100000,1904.85,0,0.00500595,0.00147105,0,564.263,-0.0499646,9.50785e-05,-0.000994652,0.0499746,100000,100000,1904.85,0,0.00500595,0.00147105,0,564.263,-0.0499646,9.50785e-05,-0.000994652,0.0499746,100000,100000,1904.85,0,0.00500595,0.00147105,0,564.263,-0.0499646,9.50785e-05,-0.000994652,0.0499746,100000,100000,1904.85,0,0.00500595,0.00147105,0,564.263,-0.0499646,9.50785e-05,-0.000994652,0.0499746,100000,100000,1904.85,0,0.00500595,0.00147105,0,564.263,-0.0499646,9.50785e-05,-0.000994652,0.0499746,100000,100000,1904.85,0,0,0,0,0,0,0,0,0,0,0,0,0,1
stats,143,1,144,0.00500595,0.00147105,0,564.266,-0.0499646,9.50755e-05,-0.000994652,0.0499746,100000,100000,1904.85,0,0.00500595,0.00147105,0,564.266,-0.0499646,9.50755e-05,-0.000994652,0.0499746,100000,100000,1904.85,0,0.00500595,0.00147105,0,564.266,-0.0499646,9.50755e-05,-0.000994652,0.0499746,100000,100000,1904.85,0,0.00500595,0.00147105,0,564.266,-0.0499646,9.50755e-05,-0.000994652,0.0499746,100000,100000,1904.85,0,0.00500595,0.00147105,0,564.266,-0.0499646,9.50755e-05,-0.000994652,0.0499746,100000,100000,1904.85,0,0.00500595,0.00147105,0,564.266,-0.0499646,9.50755e-05,-0.000994652,0.0499746,100000,100000,1904.85,0,0,0,0,0,0,0,0,0,0,0,0,0,1
stats,144,1,145,0.00500595,0.00147105,0,564.268,-0.0499646,9.50725e-05,-0.00099465,0.0499746,100000,100000,1904.85,0,0.00500595,0.00147105,0,564.268,-0.0499646,9.50725e-05,-0.00099465,0.0499746,100000,100000,1904.85,0,0.00500595,0.00147105,0,564.268,-0.0499646,9.50725e-05,-0.00099465,0.0499746,100000,100000,1904.85,0,0.00500595,0.00147105,0,564.268,-0.0499646,9.50725e-05,-0.00099465,0.0499746,100000,100000,1904.85,0,0.00500595,0.00147105,0,564.268,-0.0499646,9.50725e-05,-0.00099465,0.0499746,100000,100000,1904.85,0,0.00500595,0.00147105,0,564.268,-0.0499646,9.50725e-05,-0.00099465,0.0499746,100000,100000,1904.85,0,0,0,0,0,0,0,0,0,0,0,0,0,1
stats,145,1,146,0.00500595,0.00147105,0,564.269,-0.0499646,9.50704e-05,-0.000994649,0.0499746,100000,100000,1904.85,0,0.00500595,0.00147105,0,564.269,-0.0499646,9.50704e-05,-0.000994649,0.0499746,100000,100000,1904.85,0,0.00500595,0.00147105,0,564.269,-0.0499646,9.50704e-05,-0.000994649,0.0499746,100000,100000,1904.85,0,0.00500595,0.00147105,0,564.269,-0.0499646,9.50704e-05,-0.000994649,0.0499746,100000,100000,1904.85,0,0.00500595,0.00147105,0,564.269,-0.0499646,9.50704e-05,-0.000994649,0.0499746,100000,100000,1904.85,0,0.00500595,0.00147105,0,564.269,-0.0499646,9.50704e-05,-0.000994649,0.0499746,100000,100000,1904.85,0,0,0,0,0,0,0,0,0,0,0,0,0,1
stats,146,1,147,0.00500595,0.00147105,0,564.271,-0.0499646,9.507e-05,-0.000994648,0.0499746,100000,100000,1904.85,0,0.00500595,0.00147105,0,564.271,-0.0499646,9.507e-05,-0.000994648,0.0499746,100000,100000,1904.85,0,0.00500595,0.00147105,0,564.271,-0.0499646,9.507e-05,-0.000994648,0.0499746,100000,100000,1904.85,0,0.00500595,0.00147105,0,564.271,-0.0499646,9.507e-05,-0.000994648,0.0499746,100000,100000,1904.85,0,0.00500595,0.00147105,0,564.271,-0.0499646,9.507e-05,-0.000994648,0.0499746,100000,100000,1904.85,0,0.00500595,0.00147105,0,564.271,-0.0499646,9.507e-05,-0.000994648,0.0499746,100000,100000,1904.85,0,0,0,0,0,0,0,0,0,0,0,0,0,1
stats,147,1,148,0.00500595,0.00147105,0,564.273,-0.0499646,9.50713e-05,-0.000994647,0.0499746,100000,100000,1904.85,0,0.00500595,0.00147105,0,564.273,-0.0499646,9.50713e-05,-0.000994647,0.0499746,100000,100000,1904.85,0,0.00500595,0.00147105,0,564.273,-0.0499646,9.50713e-05,-0.000994647,0.0499746,100000,100000,1904.85,0,0.00500595,0.00147105,0,564.273,-0.0499646,9.50713e-05,-0.000994647,0.0499746,100000,100000,1904.85,0,0.00500595,0.00147105,0,564.273,-0.0499646,9.50713e-05,-0.000994647,0.0499746,100000,100000,1904.85,0,0.00500595,0.00147105,0,564.273,-0.0499646,9.50713e-05,-0.000994647,0.0499746,100000,100000,1904.85,0,0,0,0,0,0,0,0,0,0,0,0,0,1
stats,148,1,149,0.00500595,0.00147105,0,564.275,-0.0499646,9.50739e-05,-0.000994649,0.0499746,100000,100000,1904.84,0,0.00500595,0.00147105,0,564.275,-0.0499646,9.50739e-05,-0.000994649,0.0499746,100000,100000,1904.84,0,0.00500595,0.00147105,0,564.275,-0.0499646,9.50739e-05,-0.000994649,0.0499746,100000,100000,1904.84,0,0.00500595,0.00147105,0,564.275,-0.0499646,9.50739e-05,-0.000994649,0.0499746,100000,100000,1904.84,0,0.00500595,0.00147105,0,564.275,-0.0499646,9.50739e-05,-0.000994649,0.0499746,100000,100000,1904.84,0,0.00500595,0.00147105,0,564.275,-0.0499646,9.50739e-05,-0.000994649,0.0499746,100000,100000,1904.84,0,0,0,0,0,0,0,0,0,0,0,0,0,1
stats,149,1,150,0.00500595,0.00147105,0,564.277,-0.0499646,9.50772e-05,-0.000994651,0.0499746,100000,100000,1904.84,0,0.00500595,0.00147105,0,564.277,-0.0499646,9.50772e-05,-0.000994651,0.0499746,100000,100000,1904.84,0,0.00500595,0.00147105,0,564.277,-0.0499646,9.50772e-05,-0.000994651,0.0499746,100000,100000,1904.84,0,0.00500595,0.00147105,0,564.277,-0.0499646,9.50772e-05,-0.000994651,0.0499746,100000,100000,1904.84,0,0.00500595,0.00147105,0,564.277,-0.0499646,9.50772e-05,-0.000994651,0.0499746,100000,100000,1904.84,0,0.00500595,0.00147105,0,564.277,-0.0499646,9.50772e-05,-0.000994651,0.0499746,100000,100000,1904.84,0,0,0,0,0,0,0,0,0,0,0,0,0,1
stats,150,1,151,0.00500595,0.00147105,0,564.279,-0.0499646,9.50807e-05,-0.000994653,0.0499746,100000,100000,1904.84,0,0.00500595,0.00147105,0,564.279,-0.0499646,9.50807e-05,-0.000994653,0.0499746,100000,100000,1904.84,0,0.00500595,0.00147105,0,564.279,-0.0499646,9.50807e-05,-0.000994653,0.0499746,100000,100000,1904.84,0,0.00500595,0.00147105,0,564.279,-0.0499646,9.50807e-05,-0.000994653,0.0499746,100000,100000,1904.84,0,0.00500595,0.00147105,0,564.279,-0.0499646,9.50807e-05,-0.000994653,0.0499746,100000,100000,1904.84,0,0.00500595,0.00147105,0,564.279,-0.0499646,9.50807e-05,-0.000994653,0.0499746,100000,100000,1904.84,0,0,0,0,0,0,0,0,0,0,0,0,0,1
stats,151,1,152,0.00500595,0.00147105,0,564.28,-0.0499646,9.50839e-05,-0.000994655,0.0499746,100000,100000,1904.84,0,0.00500595,0.00147105,0,564.28,-0.0499646,9.50839e-05,-0.000994655,0.0499746,100000,100000,1904.84,0,0.00500595,0.00147105,0,564.28,-0.0499646,9.50839e-05,-0.000994655,0.0499746,100000,100000,1904.84,0,0.00500595,0.00147105,0,564.28,-0.0499646,9.50839e-05,-0.000994655,0.0499746,100000,100000,1904.84,0,0.00500595,0.00147105,0,564.28,-0.0499646,9.50839e-05,-0.000994655,0.0499746,100000,100000,1904.84,0,0.00500595,0.00147105,0,564.28,-0.0499646,9.50839e-05,-0.000994655,0.0499746,100000,100000,1904.84,0,0,0,0,0,0,0,0,0,0,0,0,0,1
stats,152,1,153,0.00500595,0.00147105,0,564.282,-0.0499646,9.50869e-05,-0.000994657,0.0499746,100000,100000,1904.84,0,0.00500595,0.00147105,0,564.282,-0.0499646,9.50869e-05,-0.000994657,0.0499746,100000,100000,1904.84,0,0.00500595,0.00147105,0,564.282,-0.0499646,9.50869e-05,-0.000994657,0.0499746,100000,100000,1904.84,0,0.00500595,0.00147105,0,564.282,-0.0499646,9.50869e-05,-0.000994657,0.0499746,100000,100000,1904.84,0,0.00500595,0.00147105,0,564.282,-0.0499646,9.50869e-05,-0.000994657,0.0499746,100000,100000,1904.84,0,0.00500595,0.00147105,0,564.282,-0.0499646,9.50869e-05,-0.000994657,0.0499746,100000,100000,1904.84,0,0,0,0,0,0,0,0,0,0,0,0,0,1
stats,153,1,154,0.00500595,0.00147105,0,564.284,-0.0499646,9.50897e-05,-0.000994658,0.0499746,100000,100000,1904.84,0,0.00500595,0.00147105,0,564.284,-0.0499646,9.50897e-05,-0.000994658,0.0499746,100000,100000,1904.84,0,0.00500595,0.00147105,0,564.284,-0.0499646,9.50897e-05,-0.000994658,0.0499746,100000,100000,1904.84,0,0.00500595,0.00147105,0,564.284,-0.0499646,9.50897e-05,-0.000994658,0.0499746,100000,100000,1904.84,0,0.00500595,0.00147105,0,564.284,-0.0499646,9.50897e-05,-0.000994658,0.0499746,100000,100000,1904.84,0,0.00500595,0.00147105,0,564.284,-0.0499646,9.50897e-05,-0.000994658,0.0499746,100000,100000,1904.84,0,0,0,0,0,0,0,0,0,0,0,0,0,1
stats,154,1,155,0.00500595,0.00147105,0,564.285,-0.0499646,9.50919e-05,-0.00099466,0.0499746,100000,100000,1904.84,0,0.00500595,0.00147105,0,564.285,-0.0499646,9.50919e-05,-0.00099466,0.0499746,100000,100000,1904.84,0,0.00500595,0.00147105,0,564.285,-0.0499646,9.50919e-05,-0.00099466,0.0499746,100000,100000,1904.84,0,0.00500595,0.00147105,0,564.285,-0.0499646,9.50919e-05,-0.00099466,0.0499746,100000,100000,1904.84,0,0.00500595,0.00147105,0,564.285,-0.0499646,9.50919e-05,-0.00099466,0.0499746,100000,100000,1904.84,0,0.00500595,0.00147105,0,564.285,-0.0499646,9.50919e-05,-0.00099466,0.0499746,100000,100000,1904.84,0,0,0,0,0,0,0,0,0,0,0,0,0,1
stats,155,1,156,0.00500595,0.00147105,0,564.287,-0.0499646,9.5093e-05,-0.000994662,0.0499746,100000,100000,1904.84,0,0.00500595,0.00147105,0,564.287,-0.0499646,9.5093e-05,-0.000994662,0.0499746,100000,100000,1904.84,0,0.00500595,0.00147105,0,564.287,-0.0499646,9.5093e-05,-0.000994662,0.0499746,100000,100000,1904.84,0,0.00500595,0.00147105,0,564.287,-0.0499646,9.5093e-05,-0.000994662,0.0499746,100000,100000,1904.84,0,0.00500595,0.00147105,0,564.287,-0.0499646,9.5093e-05,-0.000994662,0.0499746,100000,100000,1904.84,0,0.00500595,0.00147105,0,564.287,-0.0499646,9.5093e-05,-0.000994662,0.0499746,100000,100000,1904.84,0,0,0,0,0,0,0,0,0,0,0,0,0,1
stats,156,1,157,0.00500595,0.00147105,0,564.288,-0.0499646,9.50929e-05,-0.000994664,0.0499746,100000,100000,1904.84,0,0.00500595,0.00147105,0,564.288,-0.0499646,9.50929e-05,-0.000994664,0.0499746,100000,100000,1904.84,0,0.00500595,0.00147105,0,564.288,-0.0499646,9.50929e-05,-0.000994664,0.0499746,100000,100000,1904.84,0,0.00500595,0.00147105,0,564.288,-0.0499646,9.50929e-05,-0.000994664,0.0499746,100000,100000,1904.84,0,0.00500595,0.00147105,0,564.288,-0.0499646,9.50929e-05,-0.000994664,0.0499746,100000,100000,1904.84,0,0.00500595,0.00147105,0,564.288,-0.0499646,9.50929e-05,-0.000994664,0.0499746,100000,100000,1904.84,0,0,0,0,0,0,0,0,0,0,0,0,0,1
stats,157,1,158,0.00500595,0.00147105,0,564.29,-0.0499646,9.50915e-05,-0.000994667,0.0499746,100000,100000,1904.83,0,0.00500595,0.00147105,0,564.29,-0.0499646,9.50915e-05,-0.000994667,0.0499746,100000,100000,1904.83,0,0.00500595,0.00147105,0,564.29,-0.0499646,9.50915e-05,-0.000994667,0.0499746,100000,100000,1904.83,0,0.00500595,0.00147105,0,564.29,-0.0499646,9.50915e-05,-0.000994667,0.0499746,100000,100000,1904.83,0,0.00500595,0.00147105,0,564.29,-0.0499646,9.50915e-05,-0.000994667,0.0499746,100000,100000,1904.83,0,0.00500595,0.00147105,0,564.29,-0.0499646,9.50915e-05,-0.000994667,0.0499746,100000,100000,1904.83,0,0,0,0,0,0,0,0,0,0,0,0,0,1
stats,158,1,159,0.00500595,0.00147105,0,564.291,-0.0499646,9.5089e-05,-0.00099467,0.0499746,100000,100000,1904.83,0,0.00500595,0.00147105,0,564.291,-0.0499646,9.5089e-05,-0.00099467,0.0499746,100000,100000,1904.83,0,0.00500595,0.00147105,0,564.291,-0.0499646,9.5089e-05,-0.00099467,0.0499746,100000,100000,1904.83,0,0.00500595,0.00147105,0,564.291,-0.0499646,9.5089e-05,-0.00099467,0.0499746,100000,100000,1904.83,0,0.00500595,0.00147105,0,564.291,-0.0499646,9.5089e-05,-0.00099467,0.0499746,100000,100000,1904.83,0,0.00500595,0.00147105,0,564.291,-0.0499646,9.5089e-05,-0.00099467,0.0499746,100000,100000,1904.83,0,0,0,0,0,0,0,0,0,0,0,0,0,1
stats,159,1,160,0.00500595,0.00147105,0,564.293,-0.0499646,9.50855e-05,-0.000994671,0.0499746,100000,100000,1904.83,0,0.00500595,0.00147105,0,564.293,-0.0499646,9.50855e-05,-0.000994671,0.0499746,100000,100000,1904.83,0,0.00500595,0.00147105,0,564.293,-0.0499646,9.50855e-05,-0.000994671,0.0499746,100000,100000,1904.83,0,0.00500595,0.00147105,0,564.293,-0.0499646,9.50855e-05,-0.000994671,0.0499746,100000,100000,1904.83,0,0.00500595,0.00147105,0,564.293,-0.0499646,9.50855e-05,-0.000994671,0.0499746,100000,100000,1904.83,0,0.00500595,0.00147105,0,564.293,-0.0499646,9.50855e-05,-0.000994671,0.0499746,100000,100000,1904.83,0,0,0,0,0,0,0,0,0,0,0,0,0,1
stats,160,1,161,0.00500595,0.00147105,0,564.294,-0.0499646,9.50816e-05,-0.000994671,0.0499746,100000,100000,1904.83,0,0.00500595,0.00147105,0,564.294,-0.0499646,9.50816e-05,-0.000994671,0.0499746,100000,100000,1904.83,0,0.00500595,0.00147105,0,564.294,-0.0499646,9.50816e-05,-0.000994671,0.0499746,100000,100000,1904.83,0,0.00500595,0.00147105,0,564.294,-0.0499646,9.50816e-05,-0.000994671,0.0499746,100000,100000,1904.83,0,0.00500595,0.00147105,0,564.294,-0.0499646,9.50816e-05,-0.000994671,0.0499746,100000,100000,1904.83,0,0.00500595,0.00147105,0,564.294,-0.0499646,9.50816e-05,-0.000994671,0.0499746,100000,100000,1904.83,0,0,0,0,0,0,0,0,0,0,0,0,0,1
stats,161,1,162,0.00500595,0.00147105,0,564.296,-0.0499646,9.50776e-05,-0.00099467,0.0499746,100000,100000,1904.83,0,0.00500595,0.00147105,0,564.296,-0.0499646,9.50776e-05,-0.00099467,0.0499746,100000,100000,1904.83,0,0.00500595,0.00147105,0,564.296,-0.0499646,9.50776e-05,-0.00099467,0.0499746,100000,100000,1904.83,0,0.00500595,0.00147105,0,564.296,-0.0499646,9.50776e-05,-0.00099467,0.0499746,100000,100000,1904.83,0,0.00500595,0.00147105,0,564.296,-0.0499646,9.50776e-05,-0.00099467,0.0499746,100000,100000,1904.83,0,0.00500595,0.00147105,0,564.296,-0.0499646,9.50776e-05,-0.00099467,0.0499746,100000,100000,1904.83,0,0,0,0,0,0,0,0,0,0,0,0,0,1
stats,162,1,163,0.00500595,0.00147105,0,564.297,-0.0499646,9.50744e-05,-0.000994669,0.0499746,100000,100000,1904.83,0,0.00500595,0.00147105,0,564.297,-0.0499646,9.50744e-05,-0.000994669,0.0499746,100000,100000,1904.83,0,0.00500595,0.00147105,0,564.297,-0.0499646,9.50744e-05,-0.000994669,0.0499746,100000,100000,1904.83,0,0.00500595,0.00147105,0,564.297,-0.0499646,9.50744e-05,-0.000994669,0.0499746,100000,100000,1904.83,0,0.00500595,0.00147105,0,564.297,-0.0499646,9.50744e-05,-0.000994669,0.0499746,100000,100000,1904.83,0,0.00500595,0.00147105,0,564.297,-0.0499646,9.50744e-05,-0.000994669,0.0499746,100000,100000,1904.83,0,0,0,0,0,0,0,0,0,0,0,0,0,1
stats,163,1,164,0.00500595,0.00147105,0,564.299,-0.0499646,9.50726e-05,-0.000994668,0.0499746,100000,100000,1904.83,0,0.00500595,0.00147105,0,564.299,-0.0499646,9.50726e-05,-0.000994668,0.0499746,100000,100000,1904.83,0,0.00500595,0.00147105,0,564.299,-0.0499646,9.50726e-05,-0.000994668,0.0499746,100000,100000,1904.83,0,0.00500595,0.00147105,0,564.299,-0.0499646,9.50726e-05,-0.000994668,0.0499746,100000,100000,1904.83,0,0.00500595,0.00147105,0,564.299,-0.0499646,9.50726e-05,-0.000994668,0.0499746,100000,100000,1904.83,0,0.00500595,0.00147105,0,564.299,-0.0499646,9.50726e-05,-0.000994668,0.0499746,100000,100000,1904.83,0,0,0,0,0,0,0,0,0,0,0,0,0,1
stats,164,1,165,0.00500595,0.00147105,0,564.3,-0.0499646,9.50725e-05,-0.000994669,0.0499746,100000,100000,1904.83,0,0.00500595,0.00147105,0,564.3,-0.0499646,9.50725e-05,-0.000994669,0.0499746,100000,100000,1904.83,0,0.00500595,0.00147105,0,564.3,-0.0499646,9.50725e-05,-0.000994669,0.0499746,100000,100000,1904.83,0,0.00500595,0.00147105,0,564.3,-0.0499646,9.50725e-05,-0.000994669,0.0499746,100000,100000,1904.83,0,0.00500595,0.00147105,0,564.3,-0.0499646,9.50725e-05,-0.000994669,0.0499746,100000,100000,1904.83,0,0.00500595,0.00147105,0,564.3,-0.0499646,9.50725e-05,-0.000994669,0.0499746,100000,100000,1904.83,0,0,0,0,0,0,0,0,0,0,0,0,0,1
stats,165,1,166,0.00500595,0.00147105,0,564.301,-0.0499646,9.5074e-05,-0.00099467,0.0499746,100000,100000,1904.83,0,0.00500595,0.00147105,0,564.301,-0.0499646,9.5074e-05,-0.00099467,0.0499746,100000,100000,1904.83,0,0.00500595,0.00147105,0,564.301,-0.0499646,9.5074e-05,-0.00099467,0.0499746,100000,100000,1904.83,0,0.00500595,0.00147105,0,564.301,-0.0499646,9.5074e-05,-0.00099467,0.0499746,100000,100000,1904.83,0,0.00500595,0.00147105,0,564.301,-0.0499646,9.5074e-05,-0.00099467,0.0499746,100000,100000,1904.83,0,0.00500595,0.00147105,0,564.301,-0.0499646,9.5074e-05,-0.00099467,0.0499746,100000,100000,1904.83,0,0,0,0,0,0,0,0,0,0,0,0,0,1
stats,166,1,167,0.00500595,0.00147105,0,564.302,-0.0499646,9.50767e-05,-0.000994673,0.0499746,100000,100000,1904.83,0,0.00500595,0.00147105,0,564.302,-0.0499646,9.50767e-05,-0.000994673,0.0499746,100000,100000,1904.83,0,0.00500595,0.00147105,0,564.302,-0.0499646,9.50767e-05,-0.000994673,0.0499746,100000,100000,1904.83,0,0.00500595,0.00147105,0,564.302,-0.0499646,9.50767e-05,-0.000994673,0.0499746,100000,100000,1904.83,0,0.00500595,0.00147105,0,564.302,-0.0499646,9.50767e-05,-0.000994673,0.0499746,100000,100000,1904.83,0,0.00500595,0.00147105,0,564.302,-0.0499646,9.50767e-05,-0.000994673,0.0499746,100000,100000,1904.83,0,0,0,0,0,0,0,0,0,0,0,0,0,1
stats,167,1,168,0.00500595,0.00147105,0,564.304,-0.0499646,9.50799e-05,-0.000994676,0.0499746,100000,100000,1904.83,0,0.00500595,0.00147105,0,564.304,-0.0499646,9.50799e-05,-0.000994676,0.0499746,100000,100000,1904.83,0,0.00500595,0.00147105,0,564.304,-0.0499646,9.50799e-05,-0.000994676,0.0499746,100000,100000,1904.83,0,0.00500595,0.00147105,0,564.304,-0.0499646,9.50799e-05,-0.000994676,0.0499746,100000,100000,1904.83,0,0.00500595,0.00147105,0,564.304,-0.0499646,9.50799e-05,-0.000994676,0.0499746,100000,100000,1904.83,0,0.00500595,0.00147105,0,564.304,-0.0499646,9.50799e-05,-0.000994676,0.0499746,100000,100000,1904.83,0,0,0,0,0,0,0,0,0,0,0,0,0,1
stats,168,1,169,0.00500595,0.00147105,0,564.305,-0.0499646,9.50831e-05,-0.000994679,0.0499746,100000,100000,1904.83,0,0.00500595,0.00147105,0,564.305,-0.0499646,9.50831e-05,-0.000994679,0.0499746,100000,100000,1904.83,0,0.00500595,0.00147105,0,564.305,-0.0499646,9.50831e-05,-0.000994679,0.0499746,100000,100000,1904.83,0,0.00500595,0.00147105,0,564.305,-0.0499646,9.50831e-05,-0.000994679,0.0499746,100000,100000,1904.83,0,0.00500595,0.00147105,0,564.305,-0.0499646,9.50831e-05,-0.000994679,0.0499746,100000,100000,1904.83,0,0.00500595,0.00147105,0,564.305,-0.0499646,9.50831e-05,-0.000994679,0.0499746,100000,100000,1904.83,0,0,0,0,0,0,0,0,0,0,0,0,0,1
stats,169,1,170,0.00500595,0.00147105,0,564.306,-0.0499646,9.50859e-05,-0.000994681,0.0499746,100000,100000,1904.82,0,0.00500595,0.00147105,0,564.306,-0.0499646,9.50859e-05,-0.000994681,0.0499746,100000,100000,1904.82,0,0.00500595,0.00147105,0,564.306,-0.0499646,9.50859e-05,-0.000994681,0.0499746,100000,100000,1904.82,0,0.00500595,0.00147105,0,564.306,-0.0499646,9.50859e-05,-0.000994681,0.0499746,100000,100000,1904.82,0,0.00500595,0.00147105,0,564.306,-0.0499646,9.50859e-05,-0.000994681,0.0499746,100000,100000,1904.82,0,0.00500595,0.00147105,0,564.306,-0.0499646,9.50859e-05,-0.000994681,0.0499746,100000,100000,1904.82,0,0,0,0,0,0,0,0,0,0,0,0,0,1
stats,170,1,171,0.00500595,0.00147105,0,564.307,-0.0499646,9.50883e-05,-0.000994682,0.0499746,100000,100000,1904.82,0,0.00500595,0.00147105,0,564.307,-0.0499646,9.50883e-05,-0.000994682,0.0499746,100000,100000,1904.82,0,0.00500595,0.00147105,0,564.307,-0.0499646,9.50883e-05,-0.000994682,0.0499746,100000,100000,1904.82,0,0.00500595,0.00147105,0,564.307,-0.0499646,9.50883e-05,-0.000994682,0.0499746,100000,100000,1904.82,0,0.00500595,0.00147105,0,564.307,-0.0499646,9.50883e-05,-0.000994682,0.0499746,100000,100000,1904.82,0,0.00500595,0.00147105,0,564.307,-0.0499646,9.50883e-05,-0.000994682,0.0499746,100000,100000,1904.82,0,0,0,0,0,0,0,0,0,0,0,0,0,1
stats,171,1,172,0.00500595,0.00147105,0,564.308,-0.0499646,9.50903e-05,-0.000994682,0.0499746,100000,100000,1904.82,0,0.00500595,0.00147105,0,564.308,-0.0499646,9.50903e-05,-0.000994682,0.0499746,100000,100000,1904.82,0,0.00500595,0.00147105,0,564.308,-0.0499646,9.50903e-05,-0.000994682,0.0499746,100000,100000,1904.82,0,0.00500595,0.00147105,0,564.308,-0.0499646,9.50903e-05,-0.000994682,0.0499746,100000,100000,1904.82,0,0.00500595,0.00147105,0,564.308,-0.0499646,9.50903e-05,-0.000994682,0.0499746,100000,100000,1904.82,0,0.00500595,0.00147105,0,564.308,-0.0499646,9.50903e-05,-0.000994682,0.0499746,100000,100000,1904.82,0,0,0,0,0,0,0,0,0,0,0,0,0,1
stats,172,1,173,0.00500595,0.00147105,0,564.31,-0.0499646,9.5092e-05,-0.000994683,0.0499746,100000,100000,1904.82,0,0.00500595,0.00147105,0,564.31,-0.0499646,9.5092e-05,-0.000994683,0.0499746,100000,100000,1904.82,0,0.00500595,0.00147105,0,564.31,-0.0499646,9.5092e-05,-0.000994683,0.0499746,100000,100000,1904.82,0,0.00500595,0.00147105,0,564.31,-0.0499646,9.5092e-05,-0.000994683,0.0499746,100000,100000,1904.82,0,0.00500595,0.00147105,0,564.31,-0.0499646,9.5092e-05,-0.000994683,0.0499746,100000,100000,1904.82,0,0.00500595,0.00147105,0,564.31,-0.0499646,9.5092e-05,-0.000994683,0.0499746,100000,100000,1904.82,0,0,0,0,0,0,0,0,0,0,0,0,0,1
stats,173,1,174,0.00500595,0.00147105,0,564.311,-0.0499646,9.50933e-05,-0.000994683,0.0499746,100000,100000,1904.82,0,0.00500595,0.00147105,0,564.311,-0.0499646,9.50933e-05,-0.000994683,0.0499746,100000,100000,1904.82,0,0.00500595,0.00147105,0,564.311,-0.0499646,9.50933e-05,-0.000994683,0.0499746,100000,100000,1904.82,0,0.00500595,0.00147105,0,564.311,-0.0499646,9.50933e-05,-0.000994683,0.0499746,100000,100000,1904.82,0,0.00500595,0.00147105,0,564.311,-0.0499646,9.50933e-05,-0.000994683,0.0499746,100000,100000,1904.82,0,0.00500595,0.00147105,0,564.311,-0.0499646,9.50933e-05,-0.000994683,0.0499746,100000,100000,1904.82,0,0,0,0,0,0,0,0,0,0,0,0,0,1
stats,174,1,175,0.00500595,0.00147105,0,564.312,-0.0499646,9.50942e-05,-0.000994684,0.0499746,100000,100000,1904.82,0,0.00500595,0.00147105,0,564.312,-0.0499646,9.50942e-05,-0.000994684,0.0499746,100000,100000,1904.82,0,0.00500595,0.00147105,0,564.312,-0.0499646,9.50942e-05,-0.000994684,0.0499746,100000,100000,1904.82,0,0.00500595,0.00147105,0,564.312,-0.0499646,9.50942e-05,-0.000994684,0.0499746,100000,100000,1904.82,0,0.00500595,0.00147105,0,564.312,-0.0499646,9.50942e-05,-0.000994684,0.0499746,100000,100000,1904.82,0,0.00500595,0.00147105,0,564.312,-0.0499646,9.50942e-05,-0.000994684,0.0499746,100000,100000,1904.82,0,0,0,0,0,0,0,0,0,0,0,0,0,1
stats,175,1,176,0.00500595,0.00147105,0,564.313,-0.0499646,9.50941e-05,-0.000994684,0.0499746,100000,100000,1904.82,0,0.00500595,0.00147105,0,564.313,-0.0499646,9.50941e-05,-0.000994684,0.0499746,100000,100000,1904.82,0,0.00500595,0.00147105,0,564.313,-0.0499646,9.50941e-05,-0.000994684,0.0499746,100000,100000,1904.82,0,0.00500595,0.00147105,0,564.313,-0.0499646,9.50941e-05,-0.000994684,0.0499746,100000,100000,1904.82,0,0.00500595,0.00147105,0,564.313,-0.0499646,9.50941e-05,-0.000994684,0.0499746,100000,100000,1904.82,0,0.00500595,0.00147105,0,564.313,-0.0499646,9.50941e-05,-0.000994684,0.0499746,100000,100000,1904.82,0,0,0,0,0,0,0,0,0,0,0,0,0,1
stats,176,1,177,0.00500595,0.00147105,0,564.314,-0.0499646,9.50927e-05,-0.000994685,0.0499746,100000,100000,1904.82,0,0.00500595,0.00147105,0,564.314,-0.0499646,9.50927e-05,-0.000994685,0.0499746,100000,100000,1904.82,0,0.00500595,0.00147105,0,564.314,-0.0499646,9.50927e-05,-0.000994685,0.0499746,100000,100000,1904.82,0,0.00500595,0.00147105,0,564.314,-0.0499646,9.50927e-05,-0.000994685,0.0499746,100000,100000,1904.82,0,0.00500595,0.00147105,0,564.314,-0.0499646,9.50927e-05,-0.000994685,0.0499746,100000,100000,1904.82,0,0.00500595,0.00147105,0,564.314,-0.0499646,9.50927e-05,-0.000994685,0.0499746,100000,100000,1904.82,0,0,0,0,0,0,0,0,0,0,0,0,0,1
stats,177,1,178,0.00500595,0.00147105,0,564.315,-0.0499646,9.50895e-05,-0.000994686,0.0499746,100000,100000,1904.82,0,0.00500595,0.00147105,0,564.315,-0.0499646,9.50895e-05,-0.000994686,0.0499746,100000,100000,1904.82,0,0.00500595,0.00147105,0,564.315,-0.0499646,9.50895e-05,-0.000994686,0.0499746,100000,100000,1904.82,0,0.00500595,0.00147105,0,564.315,-0.0499646,9.50895e-05,-0.000994686,0.0499746,100000,100000,1904.82,0,0.00500595,0.00147105,0,564.315,-0.0499646,9.50895e-05,-0.000994686,0.0499746,100000,100000,1904.82,0,0.00500595,0.00147105,0,564.315,-0.0499646,9.50895e-05,-0.000994686,0.0499746,100000,100000,1904.82,0,0,0,0,0,0,0,0,0,0,0,0,0,1
stats,178,1,179,0.00500595,0.00147105,0,564.316,-0.0499646,9.50851e-05,-0.000994687,0.0499746,100000,100000,1904.82,0,0.00500595,0.00147105,0,564.316,-0.0499646,9.50851e-05,-0.000994687,0.0499746,100000,100000,1904.82,0,0.00500595,0.00147105,0,564.316,-0.0499646,9.50851e-05,-0.000994687,0.0499746,100000,100000,1904.82,0,0.00500595,0.00147105,0,564.316,-0.0499646,9.50851e-05,-0.000994687,0.0499746,100000,100000,1904.82,0,0.00500595,0.00147105,0,564.316,-0.0499646,9.50851e-05,-0.000994687,0.0499746,100000,100000,1904.82,0,0.00500595,0.00147105,0,564.316,-0.0499646,9.50851e-05,-0.000994687,0.0499746,100000,100000,1904.82,0,0,0,0,0,0,0,0,0,0,0,0,0,1
stats,179,1,180,0.00500595,0.00147105,0,564.317,-0.0499646,9.50804e-05,-0.000994688,0.0499746,100000,100000,1904.82,0,0.00500595,0.00147105,0,564.317,-0.0499646,9.50804e-05,-0.000994688,0.0499746,100000,100000,1904.82,0,0.00500595,0.00147105,0,564.317,-0.0499646,9.50804e-05,-0.000994688,0.0499746,100000,100000,1904.82,0,0.00500595,0.00147105,0,564.317,-0.0499646,9.50804e-05,-0.000994688,0.0499746,100000,100000,1904.82,0,0.00500595,0.00147105,0,564.317,-0.0499646,9.50804e-05,-0.000994688,0.0499746,100000,100000,1904.82,0,0.00500595,0.00147105,0,564.317,-0.0499646,9.50804e-05,-0.000994688,0.0499746,100000,100000,1904.82,0,0,0,0,0,0,0,0,0,0,0,0,0,1
stats,180,1,181,0.00500595,0.00147105,0,564.318,-0.0499646,9.50765e-05,-0.000994688,0.0499746,100000,100000,1904.82,0,0.00500595,0.00147105,0,564.318,-0.0499646,9.50765e-05,-0.000994688,0.0499746,100000,100000,1904.82,0,0.00500595,0.00147105,0,564.318,-0.0499646,9.50765e-05,-0.000994688,0.0499746,100000,100000,1904.82,0,0.00500595,0.00147105,0,564.318,-0.0499646,9.50765e-05,-0.000994688,0.0499746,100000,100000,1904.82,0,0.00500595,0.00147105,0,564.318,-0.0499646,9.50765e-05,-0.000994688,0.0499746,100000,100000,1904.82,0,0.00500595,0.00147105,0,564.318,-0.0499646,9.50765e-05,-0.000994688,0.0499746,100000,100000,1904.82,0,0,0,0,0,0,0,0,0,0,0,0,0,1
stats,181,1,182,0.00500595,0.00147105,0,564.319,-0.0499646,9.50741e-05,-0.000994688,0.0499746,100000,100000,1904.82,0,0.00500595,0.00147105,0,564.319,-0.0499646,9.50741e-05,-0.000994688,0.0499746,100000,100000,1904.82,0,0.00500595,0.00147105,0,564.319,-0.0499646,9.50741e-05,-0.000994688,0.0499746,100000,100000,1904.82,0,0.00500595,0.00147105,0,564.319,-0.0499646,9.50741e-05,-0.000994688,0.0499746,100000,100000,1904.82,0,0.00500595,0.00147105,0,564.319,-0.0499646,9.50741e-05,-0.000994688,0.0499746,100000,100000,1904.82,0,0.00500595,0.00147105,0,564.319,-0.0499646,9.50741e-05,-0.000994688,0.0499746,100000,100000,1904.82,0,0,0,0,0,0,0,0,0,0,0,0,0,1
stats,182,1,183,0.00500595,0.00147105,0,564.32,-0.0499646,9.50733e-05,-0.00099469,0.0499746,100000,100000,1904.82,0,0.00500595,0.00147105,0,564.32,-0.0499646,9.50733e-05,-0.00099469,0.0499746,100000,100000,1904.82,0,0.00500595,0.00147105,0,564.32,-0.0499646,9.50733e-05,-0.00099469,0.0499746,100000,100000,1904.82,0,0.00500595,0.00147105,0,564.32,-0.0499646,9.50733e-05,-0.00099469,0.0499746,100000,100000,1904.82,0,0.00500595,0.00147105,0,564.32,-0.0499646,9.50733e-05,-0.00099469,0.0499746,100000,100000,1904.82,0,0.00500595,0.00147105,0,564.32,-0.0499646,9.50733e-05,-0.00099469,0.0499746,100000,100000,1904.82,0,0,0,0,0,0,0,0,0,0,0,0,0,1
stats,183,1,184,0.00500595,0.00147105,0,564.321,-0.0499646,9.50738e-05,-0.000994692,0.0499746,100000,100000,1904.82,0,0.00500595,0.00147105,0,564.321,-0.0499646,9.50738e-05,-0.000994692,0.0499746,100000,100000,1904.82,0,0.00500595,0.00147105,0,564.321,-0.0499646,9.50738e-05,-0.000994692,0.0499746,100000,100000,1904.82,0,0.00500595,0.00147105,0,564.321,-0.0499646,9.50738e-05,-0.000994692,0.0499746,100000,100000,1904.82,0,0.00500595,0.00147105,0,564.321,-0.0499646,9.50738e-05,-0.000994692,0.0499746,100000,100000,1904.82,0,0.00500595,0.00147105,0,564.321,-0.0499646,9.50738e-05,-0.000994692,0.0499746,100000,100000,1904.82,0,0,0,0,0,0,0,0,0,0,0,0,0,1
stats,184,1,185,0.00500595,0.00147105,0,564.322,-0.0499646,9.50752e-05,-0.000994695,0.0499746,100000,100000,1904.81,0,0.00500595,0.00147105,0,564.322,-0.0499646,9.50752e-05,-0.000994695,0.0499746,100000,100000,1904.81,0,0.00500595,0.00147105,0,564.322,-0.0499646,9.50752e-05,-0.000994695,0.0499746,100000,100000,1904.81,0,0.00500595,0.00147105,0,564.322,-0.0499646,9.50752e-05,-0.000994695,0.0499746,100000,100000,1904.81,0,0.00500595,0.00147105,0,564.322,-0.0499646,9.50752e-05,-0.000994695,0.0499746,100000,100000,1904.81,0,0.00500595,0.00147105,0,564.322,-0.0499646,9.50752e-05,-0.000994695,0.0499746,100000,100000,1904.81,0,0,0,0,0,0,0,0,0,0,0,0,0,1
stats,185,1,186,0.00500595,0.00147105,0,564.322,-0.0499646,9.5077e-05,-0.000994699,0.0499746,100000,100000,1904.81,0,0.00500595,0.00147105,0,564.322,-0.0499646,9.5077e-05,-0.000994699,0.0499746,100000,100000,1904.81,0,0.00500595,0.00147105,0,564.322,-0.0499646,9.5077e-05,-0.000994699,0.0499746,100000,100000,1904.81,0,0.00500595,0.00147105,0,564.322,-0.0499646,9.5077e-05,-0.000994699,0.0499746,100000,100000,1904.81,0,0.00500595,0.00147105,0,564.322,-0.0499646,9.5077e-05,-0.000994699,0.0499746,100000,100000,1904.81,0,0.00500595,0.00147105,0,564.322,-0.0499646,9.5077e-05,-0.000994699,0.0499746,100000,100000,1904.81,0,0,0,0,0,0,0,0,0,0,0,0,0,1
stats,186,1,187,0.00500595,0.00147105,0,564.323,-0.0499646,9.50791e-05,-0.000994702,0.0499746,100000,100000,1904.81,0,0.00500595,0.00147105,0,564.323,-0.0499646,9.50791e-05,-0.000994702,0.0499746,100000,100000,1904.81,0,0.00500595,0.00147105,0,564.323,-0.0499646,9.50791e-05,-0.000994702,0.0499746,100000,100000,1904.81,0,0.00500595,0.00147105,0,564.323,-0.0499646,9.50791e-05,-0.000994702,0.0499746,100000,100000,1904.81,0,0.00500595,0.00147105,0,564.323,-0.0499646,9.50791e-05,-0.000994702,0.0499746,100000,100000,1904.81,0,0.00500595,0.00147105,0,564.323,-0.0499646,9.50791e-05,-0.000994702,0.0499746,100000,100000,1904.81,0,0,0,0,0,0,0,0,0,0,0,0,0,1
stats,187,1,188,0.00500595,0.00147104,0,564.324,-0.0499646,9.50814e-05,-0.000994705,0.0499746,100000,100000,1904.81,0,0.00500595,0.00147104,0,564.324,-0.0499646,9.50814e-05,-0.000994705,0.0499746,100000,100000,1904.81,0,0.00500595,0.00147104,0,564.324,-0.0499646,9.50814e-05,-0.000994705,0.0499746,100000,100000,1904.81,0,0.00500595,0.00147104,0,564.324,-0.0499646,9.50814e-05,-0.000994705,0.0499746,100000,100000,1904.81,0,0.00500595,0.00147104,0,564.324,-0.0499646,9.50814e-05,-0.000994705,0.0499746,100000,100000,1904.81,0,0.00500595,0.00147104,0,564.324,-0.0499646,9.50814e-05,-0.000994705,0.0499746,100000,100000,1904.81,0,0,0,0,0,0,0,0,0,0,0,0,0,1
stats,188,1,189,0.00500595,0.00147104,0,564.325,-0.0499646,9.50839e-05,-0.000994706,0.0499746,100000,100000,1904.81,0,0.00500595,0.00147104,0,564.325,-0.0499646,9.50839e-05,-0.000994706,0.0499746,100000,100000,1904.81,0,0.00500595,0.00147104,0,564.325,-0.0499646,9.50839e-05,-0.000994706,0.0499746,100000,100000,1904.81,0,0.00500595,0.00147104,0,564.325,-0.0499646,9.50839e-05,-0.000994706,0.0499746,100000,100000,1904.81,0,0.00500595,0.00147104,0,564.325,-0.0499646,9.50839e-05,-0.000994706,0.0499746,100000,100000,1904.81,0,0.00500595,0.00147104,0,564.325,-0.0499646,9.50839e-05,-0.000994706,0.0499746,100000,100000,1904.81,0,0,0,0,0,0,0,0,0,0,0,0,0,1
stats,189,1,190,0.00500595,0.00147104,0,564.326,-0.0499646,9.50866e-05,-0.000994706,0.0499746,100000,100000,1904.81,0,0.00500595,0.00147104,0,564.326,-0.0499646,9.50866e-05,-0.000994706,0.0499746,100000,100000,1904.81,0,0.00500595,0.00147104,0,564.326,-0.0499646,9.50866e-05,-0.000994706,0.0499746,100000,100000,1904.81,0,0.00500595,0.00147104,0,564.326,-0.0499646,9.50866e-05,-0.000994706,0.0499746,100000,100000,1904.81,0,0.00500595,0.00147104,0,564.326,-0.0499646,9.50866e-05,-0.000994706,0.0499746,100000,100000,1904.81,0,0.00500595,0.00147104,0,564.326,-0.0499646,9.50866e-05,-0.000994706,0.0499746,100000,100000,1904.81,0,0,0,0,0,0,0,0,0,0,0,0,0,1
stats,190,1,191,0.00500595,0.00147104,0,564.327,-0.0499646,9.50892e-05,-0.000994706,0.0499746,100000,100000,1904.81,0,0.00500595,0.00147104,0,564.327,-0.0499646,9.50892e-05,-0.000994706,0.0499746,100000,100000,1904.81,0,0.00500595,0.00147104,0,564.327,-0.0499646,9.50892e-05,-0.000994706,0.0499746,100000,100000,1904.81,0,0.00500595,0.00147104,0,564.327,-0.0499646,9.50892e-05,-0.000994706,0.0499746,100000,100000,1904.81,0,0.00500595,0.00147104,0,564.327,-0.0499646,9.50892e-05,-0.000994706,0.0499746,100000,100000,1904.81,0,0.00500595,0.00147104,0,564.327,-0.0499646,9.50892e-05,-0.000994706,0.0499746,100000,100000,1904.81,0,0,0,0,0,0,0,0,0,0,0,0,0,1
stats,191,1,192,0.00500595,0.00147104,0,564.327,-0.0499646,9.50912e-05,-0.000994706,0.0499746,100000,100000,1904.81,0,0.00500595,0.00147104,0,564.327,-0.0499646,9.50912e-05,-0.000994706,0.0499746,100000,100000,1904.81,0,0.00500595,0.00147104,0,564.327,-0.0499646,9.50912e-05,-0.000994706,0.0499746,100000,100000,1904.81,0,0.00500595,0.00147104,0,564.327,-0.0499646,9.50912e-05,-0.000994706,0.0499746,100000,100000,1904.81,0,0.00500595,0.00147104,0,564.327,-0.0499646,9.50912e-05,-0.000994706,0.0499746,100000,100000,1904.81,0,0.00500595,0.00147104,0,564.327,-0.0499646,9.50912e-05,-0.000994706,0.0499746,100000,100000,1904.81,0,0,0,0,0,0,0,0,0,0,0,0,0,1
stats,192,1,193,0.00500595,0.00147104,0,564.328,-0.0499646,9.50921e-05,-0.000994705,0.0499746,100000,100000,1904.81,0,0.00500595,0.00147104,0,564.328,-0.0499646,9.50921e-05,-0.000994705,0.0499746,100000,100000,1904.81,0,0.00500595,0.00147104,0,564.328,-0.0499646,9.50921e-05,-0.000994705,0.0499746,100000,100000,1904.81,0,0.00500595,0.00147104,0,564.328,-0.0499646,9.50921e-05,-0.000994705,0.0499746,100000,100000,1904.81,0,0.00500595,0.00147104,0,564.328,-0.0499646,9.50921e-05,-0.000994705,0.0499746,100000,100000,1904.81,0,0.00500595,0.00147104,0,564.328,-0.0499646,9.50921e-05,-0.000994705,0.0499746,100000,100000,1904.81,0,0,0,0,0,0,0,0,0,0,0,0,0,1
stats,193,1,194,0.00500595,0.00147104,0,564.329,-0.0499646,9.50915e-05,-0.000994705,0.0499746,100000,100000,1904.81,0,0.00500595,0.00147104,0,564.329,-0.0499646,9.50915e-05,-0.000994705,0.0499746,100000,100000,1904.81,0,0.00500595,0.00147104,0,564.329,-0.0499646,9.50915e-05,-0.000994705,0.0499746,100000,100000,1904.81,0,0.00500595,0.00147104,0,564.329,-0.0499646,9.50915e-05,-0.000994705,0.0499746,100000,100000,1904.81,0,0.00500595,0.00147104,0,564.329,-0.0499646,9.50915e-05,-0.000994705,0.0499746,100000,100000,1904.81,0,0.00500595,0.00147104,0,564.329,-0.0499646,9.50915e-05,-0.000994705,0.0499746,100000,100000,1904.81,0,0,0,0,0,0,0,0,0,0,0,0,0,1
stats,194,1,195,0.00500595,0.00147104,0,564.33,-0.0499646,9.50896e-05,-0.000994704,0.0499746,100000,100000,1904.81,0,0.00500595,0.00147104,0,564.33,-0.0499646,9.50896e-05,-0.000994704,0.0499746,100000,100000,1904.81,0,0.00500595,0.00147104,0,564.33,-0.0499646,9.50896e-05,-0.000994704,0.0499746,100000,100000,1904.81,0,0.00500595,0.00147104,0,564.33,-0.0499646,9.50896e-05,-0.000994704,0.0499746,100000,100000,1904.81,0,0.00500595,0.00147104,0,564.33,-0.0499646,9.50896e-05,-0.000994704,0.0499746,100000,100000,1904.81,0,0.00500595,0.00147104,0,564.33,-0.0499646,9.50896e-05,-0.000994704,0.0499746,100000,100000,1904.81,0,0,0,0,0,0,0,0,0,0,0,0,0,1
stats,195,1,196,0.00500595,0.00147104,0,564.33,-0.0499646,9.50869e-05,-0.000994702,0.0499746,100000,100000,1904.81,0,0.00500595,0.00147104,0,564.33,-0.0499646,9.50869e-05,-0.000994702,0.0499746,100000,100000,1904.81,0,0.00500595,0.00147104,0,564.33,-0.0499646,9.50869e-05,-0.000994702,0.0499746,100000,100000,1904.81,0,0.00500595,0.00147104,0,564.33,-0.0499646,9.50869e-05,-0.000994702,0.0499746,100000,100000,1904.81,0,0.00500595,0.00147104,0,564.33,-0.0499646,9.50869e-05,-0.000994702,0.0499746,100000,100000,1904.81,0,0.00500595,0.00147104,0,564.33,-0.0499646,9.50869e-05,-0.000994702,0.0499746,100000,100000,1904.81,0,0,0,0,0,0,0,0,0,0,0,0,0,1
stats,196,1,197,0.00500595,0.00147104,0,564.331,-0.0499646,9.50842e-05,-0.000994701,0.0499746,100000,100000,1904.81,0,0.00500595,0.00147104,0,564.331,-0.0499646,9.50842e-05,-0.000994701,0.0499746,100000,100000,1904.81,0,0.00500595,0.00147104,0,564.331,-0.0499646,9.50842e-05,-0.000994701,0.0499746,100000,100000,1904.81,0,0.00500595,0.00147104,0,564.331,-0.0499646,9.50842e-05,-0.000994701,0.0499746,100000,100000,1904.81,0,0.00500595,0.00147104,0,564.331,-0.0499646,9.50842e-05,-0.000994701,0.0499746,100000,100000,1904.81,0,0.00500595,0.00147104,0,564.331,-0.0499646,9.50842e-05,-0.000994701,0.0499746,100000,100000,1904.81,0,0,0,0,0,0,0,0,0,0,0,0,0,1
stats,197,1,198,0.00500595,0.00147104,0,564.332,-0.0499646,9.50823e-05,-0.0009947,0.0499746,100000,100000,1904.81,0,0.00500595,0.00147104,0,564.332,-0.0499646,9.50823e-05,-0.0009947,0.0499746,100000,100000,1904.81,0,0.00500595,0.00147104,0,564.332,-0.0499646,9.50823e-05,-0.0009947,0.0499746,100000,100000,1904.81,0,0.00500595,0.00147104,0,564.332,-0.0499646,9.50823e-05,-0.0009947,0.0499746,100000,100000,1904.81,0,0.00500595,0.00147104,0,564.332,-0.0499646,9.50823e-05,-0.0009947,0.0499746,100000,100000,1904.81,0,0.00500595,0.00147104,0,564.332,-0.0499646,9.50823e-05,-0.0009947,0.0499746,100000,100000,1904.81,0,0,0,0,0,0,0,0,0,0,0,0,0,1
stats,198,1,199,0.00500595,0.00147104,0,564.332,-0.0499646,9.50813e-05,-0.0009947,0.0499746,100000,100000,1904.81,0,0.00500595,0.00147104,0,564.332,-0.0499646,9.50813e-05,-0.0009947,0.0499746,100000,100000,1904.81,0,0.00500595,0.00147104,0,564.332,-0.0499646,9.50813e-05,-0.0009947,0.0499746,100000,100000,1904.81,0,0.00500595,0.00147104,0,564.332,-0.0499646,9.50813e-05,-0.0009947,0.0499746,100000,100000,1904.81,0,0.00500595,0.00147104,0,564.332,-0.0499646,9.50813e-05,-0.0009947,0.0499746,100000,100000,1904.81,0,0.00500595,0.00147104,0,564.332,-0.0499646,9.50813e-05,-0.0009947,0.0499746,100000,100000,1904.81,0,0,0,0,0,0,0,0,0,0,0,0,0,1
stats,199,1,200,0.00500595,0.00147104,0,564.333,-0.0499646,9.50813e-05,-0.000994702,0.0499746,100000,100000,1904.81,0,0.00500595,0.00147104,0,564.333,-0.0499646,9.50813e-05,-0.000994702,0.0499746,100000,100000,1904.81,0,0.00500595,0.00147104,0,564.333,-0.0499646,9.50813e-05,-0.000994702,0.0499746,100000,100000,1904.81,0,0.00500595,0.00147104,0,564.333,-0.0499646,9.50813e-05,-0.000994702,0.0499746,100000,100000,1904.81,0,0.00500595,0.00147104,0,564.333,-0.0499646,9.50813e-05,-0.000994702,0.0499746,100000,100000,1904.81,0,0.00500595,0.00147104,0,564.333,-0.0499646,9.50813e-05,-0.000994702,0.0499746,100000,100000,1904.81,0,0,0,0,0,0,0,0,0,0,0,0,0,1
stats,200,1,201,0.00500595,0.00147104,0,564.334,-0.0499646,9.50819e-05,-0.000994705,0.0499746,100000,100000,1904.81,0,0.00500595,0.00147104,0,564.334,-0.0499646,9.50819e-05,-0.000994705,0.0499746,100000,100000,1904.81,0,0.00500595,0.00147104,0,564.334,-0.0499646,9.50819e-05,-0.000994705,0.0499746,100000,100000,1904.81,0,0.00500595,0.00147104,0,564.334,-0.0499646,9.50819e-05,-0.000994705,0.0499746,100000,100000,1904.81,0,0.00500595,0.00147104,0,564.334,-0.0499646,9.50819e-05,-0.000994705,0.0499746,100000,100000,1904.81,0,0.00500595,0.00147104,0,564.334,-0.0499646,9.50819e-05,-0.000994705,0.0499746,100000,100000,1904.81,0,0,0,0,0,0,0,0,0,0,0,0,0,1
stats,201,1,202,0.00500595,0.00147104,0,564.334,-0.0499646,9.50828e-05,-0.000994709,0.0499746,100000,100000,1904.81,0,0.00500595,0.00147104,0,564.334,-0.0499646,9.50828e-05,-0.000994709,0.0499746,100000,100000,1904.81,0,0.00500595,0.00147104,0,564.334,-0.0499646,9.50828e-05,-0.000994709,0.0499746,100000,100000,1904.81,0,0.00500595,0.00147104,0,564.334,-0.0499646,9.50828e-05,-0.000994709,0.0499746,100000,100000,1904.81,0,0.00500595,0.00147104,0,564.334,-0.0499646,9.50828e-05,-0.000994709,0.0499746,100000,100000,1904.81,0,0.00500595,0.00147104,0,564.334,-0.0499646,9.50828e-05,-0.000994709,0.0499746,100000,100000,1904.81,0,0,0,0,0,0,0,0,0,0,0,0,0,1
stats,202,1,203,0.00500595,0.00147104,0,564.335,-0.0499646,9.50835e-05,-0.000994713,0.0499746,100000,100000,1904.81,0,0.00500595,0.00147104,0,564.335,-0.0499646,9.50835e-05,-0.000994713,0.0499746,100000,100000,1904.81,0,0.00500595,0.00147104,0,564.335,-0.0499646,9.50835e-05,-0.000994713,0.0499746,100000,100000,1904.81,0,0.00500595,0.00147104,0,564.335,-0.0499646,9.50835e-05,-0.000994713,0.0499746,100000,100000,1904.81,0,0.00500595,0.00147104,0,564.335,-0.0499646,9.50835e-05,-0.000994713,0.0499746,100000,100000,1904.81,0,0.00500595,0.00147104,0,564.335,-0.0499646,9.50835e-05,-0.000994713,0.0499746,100000,100000,1904.81,0,0,0,0,0,0,0,0,0,0,0,0,0,1
stats,203,1,204,0.00500595,0.00147104,0,564.336,-0.0499646,9.50839e-05,-0.000994716,0.0499746,100000,100000,1904.81,0,0.00500595,0.00147104,0,564.336,-0.0499646,9.50839e-05,-0.000994716,0.0499746,100000,100000,1904.81,0,0.00500595,0.00147104,0,564.336,-0.0499646,9.50839e-05,-0.000994716,0.0499746,100000,100000,1904.81,0,0.00500595,0.00147104,0,564.336,-0.0499646,9.50839e-05,-0.000994716,0.0499746,100000,100000,1904.81,0,0.00500595,0.00147104,0,564.336,-0.0499646,9.50839e-05,-0.000994716,0.0499746,100000,100000,1904.81,0,0.00500595,0.00147104,0,564.336,-0.0499646,9.50839e-05,-0.000994716,0.0499746,100000,100000,1904.81,0,0,0,0,0,0,0,0,0,0,0,0,0,1
stats,204,1,205,0.00500595,0.00147104,0,564.336,-0.0499646,9.50842e-05,-0.000994719,0.0499746,100000,100000,1904.81,0,0.00500595,0.00147104,0,564.336,-0.0499646,9.50842e-05,-0.000994719,0.0499746,100000,100000,1904.81,0,0.00500595,0.00147104,0,564.336,-0.0499646,9.50842e-05,-0.000994719,0.0499746,100000,100000,1904.81,0,0.00500595,0.00147104,0,564.336,-0.0499646,9.50842e-05,-0.000994719,0.0499746,100000,100000,1904.81,0,0.00500595,0.00147104,0,564.336,-0.0499646,9.50842e-05,-0.000994719,0.0499746,100000,100000,1904.81,0,0.00500595,0.00147104,0,564.336,-0.0499646,9.50842e-05,-0.000994719,0.0499746,100000,100000,1904.81,0,0,0,0,0,0,0,0,0,0,0,0,0,1
stats,205,1,206,0.00500595,0.00147104,0,564.337,-0.0499646,9.50844e-05,-0.000994721,0.0499746,100000,100000,1904.81,0,0.00500595,0.00147104,0,564.337,-0.0499646,9.50844e-05,-0.000994721,0.0499746,100000,100000,1904.81,0,0.00500595,0.00147104,0,564.337,-0.0499646,9.50844e-05,-0.000994721,0.0499746,100000,100000,1904.81,0,0.00500595,0.00147104,0,564.337,-0.0499646,9.50844e-05,-0.000994721,0.0499746,100000,100000,1904.81,0,0.00500595,0.00147104,0,564.337,-0.0499646,9.50844e-05,-0.000994721,0.0499746,100000,100000,1904.81,0,0.00500595,0.00147104,0,564.337,-0.0499646,9.50844e-05,-0.000994721,0.0499746,100000,100000,1904.81,0,0,0,0,0,0,0,0,0,0,0,0,0,1
stats,206,1,207,0.00500595,0.00147104,0,564.337,-0.0499646,9.50849e-05,-0.000994723,0.0499746,100000,100000,1904.8,0,0.00500595,0.00147104,0,564.337,-0.0499646,9.50849e-05,-0.000994723,0.0499746,100000,100000,1904.8,0,0.00500595,0.00147104,0,564.337,-0.0499646,9.50849e-05,-0.000994723,0.0499746,100000,100000,1904.8,0,0.00500595,0.00147104,0,564.337,-0.0499646,9.50849e-05,-0.000994723,0.0499746,100000,100000,1904.8,0,0.00500595,0.00147104,0,564.337,-0.0499646,9.50849e-05,-0.000994723,0.0499746,100000,100000,1904.8,0,0.00500595,0.00147104,0,564.337,-0.0499646,9.50849e-05,-0.000994723,0.0499746,100000,100000,1904.8,0,0,0,0,0,0,0,0,0,0,0,0,0,1
stats,207,1,208,0.00500595,0.00147104,0,564.338,-0.0499646,9.50859e-05,-0.000994724,0.0499746,100000,100000,1904.8,0,0.00500595,0.00147104,0,564.338,-0.0499646,9.50859e-05,-0.000994724,0.0499746,100000,100000,1904.8,0,0.00500595,0.00147104,0,564.338,-0.0499646,9.50859e-05,-0.000994724,0.0499746,100000,100000,1904.8,0,0.00500595,0.00147104,0,564.338,-0.0499646,9.50859e-05,-0.000994724,0.0499746,100000,100000,1904.8,0,0.00500595,0.00147104,0,564.338,-0.0499646,9.50859e-05,-0.000994724,0.0499746,100000,100000,1904.8,0,0.00500595,0.00147104,0,564.338,-0.0499646,9.50859e-05,-0.000994724,0.0499746,100000,100000,1904.8,0,0,0,0,0,0,0,0,0,0,0,0,0,1
stats,208,1,209,0.00500595,0.00147104,0,564.339,-0.0499646,9.50872e-05,-0.000994724,0.0499746,100000,100000,1904.8,0,0.00500595,0.00147104,0,564.339,-0.0499646,9.50872e-05,-0.000994724,0.0499746,100000,100000,1904.8,0,0.00500595,0.00147104,0,564.339,-0.0499646,9.50872e-05,-0.000994724,0.0499746,100000,100000,1904.8,0,0.00500595,0.00147104,0,564.339,-0.0499646,9.50872e-05,-0.000994724,0.0499746,100000,100000,1904.8,0,0.00500595,0.00147104,0,564.339,-0.0499646,9.50872e-05,-0.000994724,0.0499746,100000,100000,1904.8,0,0.00500595,0.00147104,0,564.339,-0.0499646,9.50872e-05,-0.000994724,0.0499746,100000,100000,1904.8,0,0,0,0,0,0,0,0,0,0,0,0,0,1
stats,209,1,210,0.00500595,0.00147104,0,564.339,-0.0499646,9.50885e-05,-0.000994724,0.0499746,100000,100000,1904.8,0,0.00500595,0.00147104,0,564.339,-0.0499646,9.50885e-05,-0.000994724,0.0499746,100000,100000,1904.8,0,0.00500595,0.00147104,0,564.339,-0.0499646,9.50885e-05,-0.000994724,0.0499746,100000,100000,1904.8,0,0.00500595,0.00147104,0,564.339,-0.0499646,9.50885e-05,-0.000994724,0.0499746,100000,100000,1904.8,0,0.00500595,0.00147104,0,564.339,-0.0499646,9.50885e-05,-0.000994724,0.0499746,100000,100000,1904.8,0,0.00500595,0.00147104,0,564.339,-0.0499646,9.50885e-05,-0.000994724,0.0499746,100000,100000,1904.8,0,0,0,0,0,0,0,0,0,0,0,0,0,1
stats,210,1,211,0.00500595,0.00147104,0,564.34,-0.0499646,9.50893e-05,-0.000994723,0.0499746,100000,100000,1904.8,0,0.00500595,0.00147104,0,564.34,-0.0499646,9.50893e-05,-0.000994723,0.0499746,100000,100000,1904.8,0,0.00500595,0.00147104,0,564.34,-0.0499646,9.50893e-05,-0.000994723,0.0499746,100000,100000,1904.8,0,0.00500595,0.00147104,0,564.34,-0.0499646,9.50893e-05,-0.000994723,0.0499746,100000,100000,1904.8,0,0.00500595,0.00147104,0,564.34,-0.0499646,9.50893e-05,-0.000994723,0.0499746,100000,100000,1904.8,0,0.00500595,0.00147104,0,564.34,-0.0499646,9.50893e-05,-0.000994723,0.0499746,100000,100000,1904.8,0,0,0,0,0,0,0,0,0,0,0,0,0,1
stats,211,1,212,0.00500595,0.00147104,0,564.34,-0.0499646,9.50891e-05,-0.000994722,0.0499746,100000,100000,1904.8,0,0.00500595,0.00147104,0,564.34,-0.0499646,9.50891e-05,-0.000994722,0.0499746,100000,100000,1904.8,0,0.00500595,0.00147104,0,564.34,-0.0499646,9.50891e-05,-0.000994722,0.0499746,100000,100000,1904.8,0,0.00500595,0.00147104,0,564.34,-0.0499646,9.50891e-05,-0.000994722,0.0499746,100000,100000,1904.8,0,0.00500595,0.00147104,0,564.34,-0.0499646,9.50891e-05,-0.000994722,0.0499746,100000,100000,1904.8,0,0.00500595,0.00147104,0,564.34,-0.0499646,9.50891e-05,-0.000994722,0.0499746,100000,100000,1904.8,0,0,0,0,0,0,0,0,0,0,0,0,0,1
stats,212,1,213,0.00500595,0.00147104,0,564.341,-0.0499646,9.50879e-05,-0.000994721,0.0499746,100000,100000,1904.8,0,0.00500595,0.00147104,0,564.341,-0.0499646,9.50879e-05,-0.000994721,0.0499746,100000,100000,1904.8,0,0.00500595,0.00147104,0,564.341,-0.0499646,9.50879e-05,-0.000994721,0.0499746,100000,100000,1904.8,0,0.00500595,0.00147104,0,564.341,-0.0499646,9.50879e-05,-0.000994721,0.0499746,100000,100000,1904.8,0,0.00500595,0.00147104,0,564.341,-0.0499646,9.50879e-05,-0.000994721,0.0499746,100000,100000,1904.8,0,0.00500595,0.00147104,0,564.341,-0.0499646,9.50879e-05,-0.000994721,0.0499746,100000,100000,1904.8,0,0,0,0,0,0,0,0,0,0,0,0,0,1
stats,213,1,214,0.00500595,0.00147104,0,564.341,-0.0499646,9.50859e-05,-0.00099472,0.0499746,100000,100000,1904.8,0,0.00500595,0.00147104,0,564.341,-0.0499646,9.50859e-05,-0.00099472,0.0499746,100000,100000,1904.8,0,0.00500595,0.00147104,0,564.341,-0.0499646,9.50859e-05,-0.00099472,0.0499746,100000,100000,1904.8,0,0.00500595,0.00147104,0,564.341,-0.0499646,9.50859e-05,-0.00099472,0.0499746,100000,100000,1904.8,0,0.00500595,0.00147104,0,564.341,-0.0499646,9.50859e-05,-0.00099472,0.0499746,100000,100000,1904.8,0,0.00500595,0.00147104,0,564.341,-0.0499646,9.50859e-05,-0.00099472,0.0499746,100000,100000,1904.8,0,0,0,0,0,0,0,0,0,0,0,0,0,1
stats,214,1,215,0.00500595,0.00147104,0,564.342,-0.0499646,9.50839e-05,-0.000994718,0.0499746,100000,100000,1904.8,0,0.00500595,0.00147104,0,564.342,-0.0499646,9.50839e-05,-0.000994718,0.0499746,100000,100000,1904.8,0,0.00500595,0.00147104,0,564.342,-0.0499646,9.50839e-05,-0.000994718,0.0499746,100000,100000,1904.8,0,0.00500595,0.00147104,0,564.342,-0.0499646,9.50839e-05,-0.000994718,0.0499746,100000,100000,1904.8,0,0.00500595,0.00147104,0,564.342,-0.0499646,9.50839e-05,-0.000994718,0.0499746,100000,100000,1904.8,0,0.00500595,0.00147104,0,564.342,-0.0499646,9.50839e-05,-0.000994718,0.0499746,100000,100000,1904.8,0,0,0,0,0,0,0,0,0,0,0,0,0,1
stats,215,1,216,0.00500595,0.00147104,0,564.342,-0.0499646,9.50823e-05,-0.000994717,0.0499746,100000,100000,1904.8,0,0.00500595,0.00147104,0,564.342,-0.0499646,9.50823e-05,-0.000994717,0.0499746,100000,100000,1904.8,0,0.00500595,0.00147104,0,564.342,-0.0499646,9.50823e-05,-0.000994717,0.0499746,100000,100000,1904.8,0,0.00500595,0.00147104,0,564.342,-0.0499646,9.50823e-05,-0.000994717,0.0499746,100000,100000,1904.8,0,0.00500595,0.00147104,0,564.342,-0.0499646,9.50823e-05,-0.000994717,0.0499746,100000,100000,1904.8,0,0.00500595,0.00147104,0,564.342,-0.0499646,9.50823e-05,-0.000994717,0.0499746,100000,100000,1904.8,0,0,0,0,0,0,0,0,0,0,0,0,0,1
stats,216,1,217,0.00500595,0.00147104,0,564.343,-0.0499646,9.50819e-05,-0.000994716,0.0499746,100000,100000,1904.8,0,0.00500595,0.00147104,0,564.343,-0.0499646,9.50819e-05,-0.000994716,0.0499746,100000,100000,1904.8,0,0.00500595,0.00147104,0,564.343,-0.0499646,9.50819e-05,-0.000994716,0.0499746,100000,100000,1904.8,0,0.00500595,0.00147104,0,564.343,-0.0499646,9.50819e-05,-0.000994716,0.0499746,100000,100000,1904.8,0,0.00500595,0.00147104,0,564.343,-0.0499646,9.50819e-05,-0.000994716,0.0499746,100000,100000,1904.8,0,0.00500595,0.00147104,0,564.343,-0.0499646,9.50819e-05,-0.000994716,0.0499746,100000,100000,1904.8,0,0,0,0,0,0,0,0,0,0,0,0,0,1
stats,217,1,218,0.00500595,0.00147104,0,564.343,-0.0499646,9.50828e-05,-0.000994717,0.0499746,100000,100000,1904.8,0,0.00500595,0.00147104,0,564.343,-0.0499646,9.50828e-05,-0.000994717,0.0499746,100000,100000,1904.8,0,0.00500595,0.00147104,0,564.343,-0.0499646,9.50828e-05,-0.000994717,0.0499746,100000,100000,1904.8,0,0.00500595,0.00147104,0,564.343,-0.0499646,9.50828e-05,-0.000994717,0.0499746,100000,100000,1904.8,0,0.00500595,0.00147104,0,564.343,-0.0499646,9.50828e-05,-0.000994717,0.0499746,100000,100000,1904.8,0,0.00500595,0.00147104,0,564.343,-0.0499646,9.50828e-05,-0.000994717,0.0499746,100000,100000,1904.8,0,0,0,0,0,0,0,0,0,0,0,0,0,1
stats,218,1,219,0.00500595,0.00147104,0,564.343,-0.0499646,9.50845e-05,-0.000994719,0.0499746,100000,100000,1904.8,0,0.00500595,0.00147104,0,564.343,-0.0499646,9.50845e-05,-0.000994719,0.0499746,100000,100000,1904.8,0,0.00500595,0.00147104,0,564.343,-0.0499646,9.50845e-05,-0.000994719,0.0499746,100000,100000,1904.8,0,0.00500595,0.00147104,0,564.343,-0.0499646,9.50845e-05,-0.000994719,0.0499746,100000,100000,1904.8,0,0.00500595,0.00147104,0,564.343,-0.0499646,9.50845e-05,-0.000994719,0.0499746,100000,100000,1904.8,0,0.00500595,0.00147104,0,564.343,-0.0499646,9.50845e-05,-0.000994719,0.0499746,100000,100000,1904.8,0,0,0,0,0,0,0,0,0,0,0,0,0,1
stats,219,1,220,0.00500595,0.00147104,0,564.344,-0.0499646,9.50863e-05,-0.000994722,0.0499746,100000,100000,1904.8,0,0.00500595,0.00147104,0,564.344,-0.0499646,9.50863e-05,-0.000994722,0.0499746,100000,100000,1904.8,0,0.00500595,0.00147104,0,564.344,-0.0499646,9.50863e-05,-0.000994722,0.0499746,100000,100000,1904.8,0,0.00500595,0.00147104,0,564.344,-0.0499646,9.50863e-05,-0.000994722,0.0499746,100000,100000,1904.8,0,0.00500595,0.00147104,0,564.344,-0.0499646,9.50863e-05,-0.000994722,0.0499746,100000,100000,1904.8,0,0.00500595,0.00147104,0,564.344,-0.0499646,9.50863e-05,-0.000994722,0.0499746,100000,100000,1904.8,0,0,0,0,0,0,0,0,0,0,0,0,0,1
stats,220,1,221,0.00500595,0.00147104,0,564.344,-0.0499646,9.50878e-05,-0.000994725,0.0499746,100000,100000,1904.8,0,0.00500595,0.00147104,0,564.344,-0.0499646,9.50878e-05,-0.000994725,0.0499746,100000,100000,1904.8,0,0.00500595,0.00147104,0,564.344,-0.0499646,9.50878e-05,-0.000994725,0.0499746,100000,100000,1904.8,0,0.00500595,0.00147104,0,564.344,-0.0499646,9.50878e-05,-0.000994725,0.0499746,100000,100000,1904.8,0,0.00500595,0.00147104,0,564.344,-0.0499646,9.50878e-05,-0.000994725,0.0499746,100000,100000,1904.8,0,0.00500595,0.00147104,0,564.344,-0.0499646,9.50878e-05,-0.000994725,0.0499746,100000,100000,1904.8,0,0,0,0,0,0,0,0,0,0,0,0,0,1
stats,221,1,222,0.00500595,0.00147104,0,564.345,-0.0499646,9.50886e-05,-0.000994728,0.0499746,100000,100000,1904.8,0,0.00500595,0.00147104,0,564.345,-0.0499646,9.50886e-05,-0.000994728,0.0499746,100000,100000,1904.8,0,0.00500595,0.00147104,0,564.345,-0.0499646,9.50886e-05,-0.000994728,0.0499746,100000,100000,1904.8,0,0.00500595,0.00147104,0,564.345,-0.0499646,9.50886e-05,-0.000994728,0.0499746,100000,100000,1904.8,0,0.00500595,0.00147104,0,564.345,-0.0499646,9.50886e-05,-0.000994728,0.0499746,100000,100000,1904.8,0,0.00500595,0.00147104,0,564.345,-0.0499646,9.50886e-05,-0.000994728,0.0499746,100000,100000,1904.8,0,0,0,0,0,0,0,0,0,0,0,0,0,1
stats,222,1,223,0.00500595,0.00147104,0,564.345,-0.0499646,9.50888e-05,-0.000994731,0.0499746,100000,100000,1904.8,0,0.00500595,0.00147104,0,564.345,-0.0499646,9.50888e-05,-0.000994731,0.0499746,100000,100000,1904.8,0,0.00500595,0.00147104,0,564.345,-0.0499646,9.50888e-05,-0.000994731,0.0499746,100000,100000,1904.8,0,0.00500595,0.00147104,0,564.345,-0.0499646,9.50888e-05,-0.000994731,0.0499746,100000,100000,1904.8,0,0.00500595,0.00147104,0,564.345,-0.0499646,9.50888e-05,-0.000994731,0.0499746,100000,100000,1904.8,0,0.00500595,0.00147104,0,564.345,-0.0499646,9.50888e-05,-0.000994731,0.0499746,100000,100000,1904.8,0,0,0,0,0,0,0,0,0,0,0,0,0,1
stats,223,1,224,0.00500595,0.00147104,0,564.346,-0.0499646,9.50884e-05,-0.000994733,0.0499746,100000,100000,1904.8,0,0.00500595,0.00147104,0,564.346,-0.0499646,9.50884e-05,-0.000994733,0.0499746,100000,100000,1904.8,0,0.00500595,0.00147104,0,564.346,-0.0499646,9.50884e-05,-0.000994733,0.0499746,100000,100000,1904.8,0,0.00500595,0.00147104,0,564.346,-0.0499646,9.50884e-05,-0.000994733,0.0499746,100000,100000,1904.8,0,0.00500595,0.00147104,0,564.346,-0.0499646,9.50884e-05,-0.000994733,0.0499746,100000,100000,1904.8,0,0.00500595,0.00147104,0,564.346,-0.0499646,9.50884e-05,-0.000994733,0.0499746,100000,100000,1904.8,0,0,0,0,0,0,0,0,0,0,0,0,0,1
stats,224,1,225,0.00500595,0.00147104,0,564.346,-0.0499646,9.5088e-05,-0.000994735,0.0499746,100000,100000,1904.8,0,0.00500595,0.00147104,0,564.346,-0.0499646,9.5088e-05,-0.000994735,0.0499746,100000,100000,1904.8,0,0.00500595,0.00147104,0,564.346,-0.0499646,9.5088e-05,-0.000994735,0.0499746,100000,100000,1904.8,0,0.00500595,0.00147104,0,564.346,-0.0499646,9.5088e-05,-0.000994735,0.0499746,100000,100000,1904.8,0,0.00500595,0.00147104,0,564.346,-0.0499646,9.5088e-05,-0.000994735,0.0499746,100000,100000,1904.8,0,0.00500595,0.00147104,0,564.346,-0.0499646,9.5088e-05,-0.000994735,0.0499746,100000,100000,1904.8,0,0,0,0,0,0,0,0,0,0,0,0,0,1
stats,225,1,226,0.00500595,0.00147104,0,564.347,-0.0499646,9.50878e-05,-0.000994736,0.0499746,100000,100000,1904.8,0,0.00500595,0.00147104,0,564.347,-0.0499646,9.50878e-05,-0.000994736,0.0499746,100000,100000,1904.8,0,0.00500595,0.00147104,0,564.347,-0.0499646,9.50878e-05,-0.000994736,0.0499746,100000,100000,1904.8,0,0.00500595,0.00147104,0,564.347,-0.0499646,9.50878e-05,-0.000994736,0.0499746,100000,100000,1904.8,0,0.00500595,0.00147104,0,564.347,-0.0499646,9.50878e-05,-0.000994736,0.0499746,100000,100000,1904.8,0,0.00500595,0.00147104,0,564.347,-0.0499646,9.50878e-05,-0.000994736,0.0499746,100000,100000,1904.8,0,0,0,0,0,0,0,0,0,0,0,0,0,1
stats,226,1,227,0.00500595,0.00147104,0,564.347,-0.0499646,9.50879e-05,-0.000994737,0.0499746,100000,100000,1904.8,0,0.00500595,0.00147104,0,564.347,-0.0499646,9.50879e-05,-0.000994737,0.0499746,100000,100000,1904.8,0,0.00500595,0.00147104,0,564.347,-0.0499646,9.50879e-05,-0.000994737,0.0499746,100000,100000,1904.8,0,0.00500595,0.00147104,0,564.347,-0.0499646,9.50879e-05,-0.000994737,0.0499746,100000,100000,1904.8,0,0.00500595,0.00147104,0,564.347,-0.0499646,9.50879e-05,-0.000994737,0.0499746,100000,100000,1904.8,0,0.00500595,0.00147104,0,564.347,-0.0499646,9.50879e-05,-0.000994737,0.0499746,100000,100000,1904.8,0,0,0,0,0,0,0,0,0,0,0,0,0,1
stats,227,1,228,0.00500595,0.00147104,0,564.347,-0.0499646,9.5088e-05,-0.000994737,0.0499746,100000,100000,1904.8,0,0.00500595,0.00147104,0,564.347,-0.0499646,9.5088e-05,-0.000994737,0.0499746,100000,100000,1904.8,0,0.00500595,0.00147104,0,564.347,-0.0499646,9.5088e-05,-0.000994737,0.0499746,100000,100000,1904.8,0,0.00500595,0.00147104,0,564.347,-0.0499646,9.5088e-05,-0.000994737,0.0499746,100000,100000,1904.8,0,0.00500595,0.00147104,0,564.347,-0.0499646,9.5088e-05,-0.000994737,0.0499746,100000,100000,1904.8,0,0.00500595,0.00147104,0,564.347,-0.0499646,9.5088e-05,-0.000994737,0.0499746,100000,100000,1904.8,0,0,0,0,0,0,0,0,0,0,0,0,0,1
stats,228,1,229,0.00500595,0.00147104,0,564.348,-0.0499646,9.50876e-05,-0.000994737,0.0499746,100000,100000,1904.8,0,0.00500595,0.00147104,0,564.348,-0.0499646,9.50876e-05,-0.000994737,0.0499746,100000,100000,1904.8,0,0.00500595,0.00147104,0,564.348,-0.0499646,9.50876e-05,-0.000994737,0.0499746,100000,100000,1904.8,0,0.00500595,0.00147104,0,564.348,-0.0499646,9.50876e-05,-0.000994737,0.0499746,100000,100000,1904.8,0,0.00500595,0.00147104,0,564.348,-0.0499646,9.50876e-05,-0.000994737,0.0499746,100000,100000,1904.8,0,0.00500595,0.00147104,0,564.348,-0.0499646,9.50876e-05,-0.000994737,0.0499746,100000,100000,1904.8,0,0,0,0,0,0,0,0,0,0,0,0,0,1
stats,229,1,230,0.00500595,0.00147104,0,564.348,-0.0499646,9.50865e-05,-0.000994736,0.0499746,100000,100000,1904.8,0,0.00500595,0.00147104,0,564.348,-0.0499646,9.50865e-05,-0.000994736,0.0499746,100000,100000,1904.8,0,0.00500595,0.00147104,0,564.348,-0.0499646,9.50865e-05,-0.000994736,0.0499746,100000,100000,1904.8,0,0.00500595,0.00147104,0,564.348,-0.0499646,9.50865e-05,-0.000994736,0.0499746,100000,100000,1904.8,0,0.00500595,0.00147104,0,564.348,-0.0499646,9.50865e-05,-0.000994736,0.0499746,100000,100000,1904.8,0,0.00500595,0.00147104,0,564.348,-0.0499646,9.50865e-05,-0.000994736,0.0499746,100000,100000,1904.8,0,0,0,0,0,0,0,0,0,0,0,0,0,1
stats,230,1,231,0.00500595,0.00147104,0,564.348,-0.0499646,9.50846e-05,-0.000994734,0.0499746,100000,100000,1904.8,0,0.00500595,0.00147104,0,564.348,-0.0499646,9.50846e-05,-0.000994734,0.0499746,100000,100000,1904.8,0,0.00500595,0.00147104,0,564.348,-0.0499646,9.50846e-05,-0.000994734,0.0499746,100000,100000,1904.8,0,0.00500595,0.00147104,0,564.348,-0.0499646,9.50846e-05,-0.000994734,0.0499746,100000,100000,1904.8,0,0.00500595,0.00147104,0,564.348,-0.0499646,9.50846e-05,-0.000994734,0.0499746,100000,100000,1904.8,0,0.00500595,0.00147104,0,564.348,-0.0499646,9.50846e-05,-0.000994734,0.0499746,100000,100000,1904.8,0,0,0,0,0,0,0,0,0,0,0,0,0,1
stats,231,1,232,0.00500595,0.00147104,0,564.349,-0.0499646,9.50824e-05,-0.000994731,0.0499746,100000,100000,1904.8,0,0.00500595,0.00147104,0,564.349,-0.0499646,9.50824e-05,-0.000994731,0.0499746,100000,100000,1904.8,0,0.00500595,0.00147104,0,564.349,-0.0499646,9.50824e-05,-0.000994731,0.0499746,100000,100000,1904.8,0,0.00500595,0.00147104,0,564.349,-0.0499646,9.50824e-05,-0.000994731,0.0499746,100000,100000,1904.8,0,0.00500595,0.00147104,0,564.349,-0.0499646,9.50824e-05,-0.000994731,0.0499746,100000,100000,1904.8,0,0.00500595,0.00147104,0,564.349,-0.0499646,9.50824e-05,-0.000994731,0.0499746,100000,100000,1904.8,0,0,0,0,0,0,0,0,0,0,0,0,0,1
stats,232,1,233,0.00500595,0.00147104,0,564.349,-0.0499646,9.50804e-05,-0.000994728,0.0499746,100000,100000,1904.8,0,0.00500595,0.00147104,0,564.349,-0.0499646,9.50804e-05,-0.000994728,0.0499746,100000,100000,1904.8,0,0.00500595,0.00147104,0,564.349,-0.0499646,9.50804e-05,-0.000994728,0.0499746,100000,100000,1904.8,0,0.00500595,0.00147104,0,564.349,-0.0499646,9.50804e-05,-0.000994728,0.0499746,100000,100000,1904.8,0,0.00500595,0.00147104,0,564.349,-0.0499646,9.50804e-05,-0.000994728,0.0499746,100000,100000,1904.8,0,0.00500595,0.00147104,0,564.349,-0.0499646,9.50804e-05,-0.000994728,0.0499746,100000,100000,1904.8,0,0,0,0,0,0,0,0,0,0,0,0,0,1
stats,233,1,234,0.00500595,0.00147104,0,564.349,-0.0499646,9.50795e-05,-0.000994726,0.0499746,100000,100000,1904.8,0,0.00500595,0.00147104,0,564.349,-0.0499646,9.50795e-05,-0.000994726,0.0499746,100000,100000,1904.8,0,0.00500595,0.00147104,0,564.349,-0.0499646,9.50795e-05,-0.000994726,0.0499746,100000,100000,1904.8,0,0.00500595,0.00147104,0,564.349,-0.0499646,9.50795e-05,-0.000994726,0.0499746,100000,100000,1904.8,0,0.00500595,0.00147104,0,564.349,-0.0499646,9.50795e-05,-0.000994726,0.0499746,100000,100000,1904.8,0,0.00500595,0.00147104,0,564.349,-0.0499646,9.50795e-05,-0.000994726,0.0499746,100000,100000,1904.8,0,0,0,0,0,0,0,0,0,0,0,0,0,1
stats,234,1,235,0.00500595,0.00147104,0,564.35,-0.0499646,9.50799e-05,-0.000994725,0.0499746,100000,100000,1904.8,0,0.00500595,0.00147104,0,564.35,-0.0499646,9.50799e-05,-0.000994725,0.0499746,100000,100000,1904.8,0,0.00500595,0.00147104,0,564.35,-0.0499646,9.50799e-05,-0.000994725,0.0499746,100000,100000,1904.8,0,0.00500595,0.00147104,0,564.35,-0.0499646,9.50799e-05,-0.000994725,0.0499746,100000,100000,1904.8,0,0.00500595,0.00147104,0,564.35,-0.0499646,9.50799e-05,-0.000994725,0.0499746,100000,100000,1904.8,0,0.00500595,0.00147104,0,564.35,-0.0499646,9.50799e-05,-0.000994725,0.0499746,100000,100000,1904.8,0,0,0,0,0,0,0,0,0,0,0,0,0,1
stats,235,1,236,0.00500595,0.00147104,0,564.35,-0.0499646,9.50816e-05,-0.000994727,0.0499746,100000,100000,1904.8,0,0.00500595,0.00147104,0,564.35,-0.0499646,9.50816e-05,-0.000994727,0.0499746,100000,100000,1904.8,0,0.00500595,0.00147104,0,564.35,-0.0499646,9.50816e-05,-0.000994727,0.0499746,100000,100000,1904.8,0,0.00500595,0.00147104,0,564.35,-0.0499646,9.50816e-05,-0.000994727,0.0499746,100000,100000,1904.8,0,0.00500595,0.00147104,0,564.35,-0.0499646,9.50816e-05,-0.000994727,0.0499746,100000,100000,1904.8,0,0.00500595,0.00147104,0,564.35,-0.0499646,9.50816e-05,-0.000994727,0.0499746,100000,100000,1904.8,0,0,0,0,0,0,0,0,0,0,0,0,0,1
stats,236,1,237,0.00500595,0.00147104,0,564.35,-0.0499646,9.50839e-05,-0.000994729,0.0499746,100000,100000,1904.8,0,0.00500595,0.00147104,0,564.35,-0.0499646,9.50839e-05,-0.000994729,0.0499746,100000,100000,1904.8,0,0.00500595,0.00147104,0,564.35,-0.0499646,9.50839e-05,-0.000994729,0.0499746,100000,100000,1904.8,0,0.00500595,0.00147104,0,564.35,-0.0499646,9.50839e-05,-0.000994729,0.0499746,100000,100000,1904.8,0,0.00500595,0.00147104,0,564.35,-0.0499646,9.50839e-05,-0.000994729,0.0499746,100000,100000,1904.8,0,0.00500595,0.00147104,0,564.35,-0.0499646,9.50839e-05,-0.000994729,0.0499746,100000,100000,1904.8,0,0,0,0,0,0,0,0,0,0,0,0,0,1
stats,237,1,238,0.00500595,0.00147104,0,564.351,-0.0499646,9.50862e-05,-0.000994733,0.0499746,100000,100000,1904.8,0,0.00500595,0.00147104,0,564.351,-0.0499646,9.50862e-05,-0.000994733,0.0499746,100000,100000,1904.8,0,0.00500595,0.00147104,0,564.351,-0.0499646,9.50862e-05,-0.000994733,0.0499746,100000,100000,1904.8,0,0.00500595,0.00147104,0,564.351,-0.0499646,9.50862e-05,-0.000994733,0.0499746,100000,100000,1904.8,0,0.00500595,0.00147104,0,564.351,-0.0499646,9.50862e-05,-0.000994733,0.0499746,100000,100000,1904.8,0,0.00500595,0.00147104,0,564.351,-0.0499646,9.50862e-05,-0.000994733,0.0499746,100000,100000,1904.8,0,0,0,0,0,0,0,0,0,0,0,0,0,1
stats,238,1,239,0.00500595,0.00147104,0,564.351,-0.0499646,9.5088e-05,-0.000994737,0.0499746,100000,100000,1904.8,0,0.00500595,0.00147104,0,564.351,-0.0499646,9.5088e-05,-0.000994737,0.0499746,100000,100000,1904.8,0,0.00500595,0.00147104,0,564.351,-0.0499646,9.5088e-05,-0.000994737,0.0499746,100000,100000,1904.8,0,0.00500595,0.00147104,0,564.351,-0.0499646,9.5088e-05,-0.000994737,0.0499746,100000,100000,1904.8,0,0.00500595,0.00147104,0,564.351,-0.0499646,9.5088e-05,-0.000994737,0.0499746,100000,100000,1904.8,0,0.00500595,0.00147104,0,564.351,-0.0499646,9.5088e-05,-0.000994737,0.0499746,100000,100000,1904.8,0,0,0,0,0,0,0,0,0,0,0,0,0,1
stats,239,1,240,0.00500595,0.00147104,0,564.351,-0.0499646,9.5089e-05,-0.00099474,0.0499746,100000,100000,1904.8,0,0.00500595,0.00147104,0,564.351,-0.0499646,9.5089e-05,-0.00099474,0.0499746,100000,100000,1904.8,0,0.00500595,0.00147104,0,564.351,-0.0499646,9.5089e-05,-0.00099474,0.0499746,100000,100000,1904.8,0,0.00500595,0.00147104,0,564.351,-0.0499646,9.5089e-05,-0.00099474,0.0499746,100000,100000,1904.8,0,0.00500595,0.00147104,0,564.351,-0.0499646,9.5089e-05,-0.00099474,0.0499746,100000,100000,1904.8,0,0.00500595,0.00147104,0,564.351,-0.0499646,9.5089e-05,-0.00099474,0.0499746,100000,100000,1904.8,0,0,0,0,0,0,0,0,0,0,0,0,0,1
stats,240,1,241,0.00500595,0.00147104,0,564.352,-0.0499646,9.50896e-05,-0.000994742,0.0499746,100000,100000,1904.8,0,0.00500595,0.00147104,0,564.352,-0.0499646,9.50896e-05,-0.000994742,0.0499746,100000,100000,1904.8,0,0.00500595,0.00147104,0,564.352,-0.0499646,9.50896e-05,-0.000994742,0.0499746,100000,100000,1904.8,0,0.00500595,0.00147104,0,564.352,-0.0499646,9.50896e-05,-0.000994742,0.0499746,100000,100000,1904.8,0,0.00500595,0.00147104,0,564.352,-0.0499646,9.50896e-05,-0.000994742,0.0499746,100000,100000,1904.8,0,0.00500595,0.00147104,0,564.352,-0.0499646,9.50896e-05,-0.000994742,0.0499746,100000,100000,1904.8,0,0,0,0,0,0,0,0,0,0,0,0,0,1
stats,241,1,242,0.00500595,0.00147104,0,564.352,-0.0499646,9.50898e-05,-0.000994743,0.0499746,100000,100000,1904.8,0,0.00500595,0.00147104,0,564.352,-0.0499646,9.50898e-05,-0.000994743,0.0499746,100000,100000,1904.8,0,0.00500595,0.00147104,0,564.352,-0.0499646,9.50898e-05,-0.000994743,0.0499746,100000,100000,1904.8,0,0.00500595,0.00147104,0,564.352,-0.0499646,9.50898e-05,-0.000994743,0.0499746,100000,100000,1904.8,0,0.00500595,0.00147104,0,564.352,-0.0499646,9.50898e-05,-0.000994743,0.0499746,100000,100000,1904.8,0,0.00500595,0.00147104,0,564.352,-0.0499646,9.50898e-05,-0.000994743,0.0499746,100000,100000,1904.8,0,0,0,0,0,0,0,0,0,0,0,0,0,1
stats,242,1,243,0.00500595,0.00147104,0,564.352,-0.0499646,9.50897e-05,-0.000994744,0.0499746,100000,100000,1904.8,0,0.00500595,0.00147104,0,564.352,-0.0499646,9.50897e-05,-0.000994744,0.0499746,100000,100000,1904.8,0,0.00500595,0.00147104,0,564.352,-0.0499646,9.50897e-05,-0.000994744,0.0499746,100000,100000,1904.8,0,0.00500595,0.00147104,0,564.352,-0.0499646,9.50897e-05,-0.000994744,0.0499746,100000,100000,1904.8,0,0.00500595,0.00147104,0,564.352,-0.0499646,9.50897e-05,-0.000994744,0.0499746,100000,100000,1904.8,0,0.00500595,0.00147104,0,564.352,-0.0499646,9.50897e-05,-0.000994744,0.0499746,100000,100000,1904.8,0,0,0,0,0,0,0,0,0,0,0,0,0,1
stats,243,1,244,0.00500595,0.00147104,0,564.353,-0.0499646,9.50894e-05,-0.000994745,0.0499746,100000,100000,1904.8,0,0.00500595,0.00147104,0,564.353,-0.0499646,9.50894e-05,-0.000994745,0.0499746,100000,100000,1904.8,0,0.00500595,0.00147104,0,564.353,-0.0499646,9.50894e-05,-0.000994745,0.0499746,100000,100000,1904.8,0,0.00500595,0.00147104,0,564.353,-0.0499646,9.50894e-05,-0.000994745,0.0499746,100000,100000,1904.8,0,0.00500595,0.00147104,0,564.353,-0.0499646,9.50894e-05,-0.000994745,0.0499746,100000,100000,1904.8,0,0.00500595,0.00147104,0,564.353,-0.0499646,9.50894e-05,-0.000994745,0.0499746,100000,100000,1904.8,0,0,0,0,0,0,0,0,0,0,0,0,0,1
stats,244,1,245,0.00500595,0.00147104,0,564.353,-0.0499646,9.50888e-05,-0.000994746,0.0499746,100000,100000,1904.79,0,0.00500595,0.00147104,0,564.353,-0.0499646,9.50888e-05,-0.000994746,0.0499746,100000,100000,1904.79,0,0.00500595,0.00147104,0,564.353,-0.0499646,9.50888e-05,-0.000994746,0.0499746,100000,100000,1904.79,0,0.00500595,0.00147104,0,564.353,-0.0499646,9.50888e-05,-0.000994746,0.0499746,100000,100000,1904.79,0,0.00500595,0.00147104,0,564.353,-0.0499646,9.50888e-05,-0.000994746,0.0499746,100000,100000,1904.79,0,0.00500595,0.00147104,0,564.353,-0.0499646,9.50888e-05,-0.000994746,0.0499746,100000,100000,1904.79,0,0,0,0,0,0,0,0,0,0,0,0,0,1
stats,245,1,246,0.00500595,0.00147104,0,564.353,-0.0499646,9.50878e-05,-0.000994746,0.0499746,100000,100000,1904.79,0,0.00500595,0.00147104,0,564.353,-0.0499646,9.50878e-05,-0.000994746,0.0499746,100000,100000,1904.79,0,0.00500595,0.00147104,0,564.353,-0.0499646,9.50878e-05,-0.000994746,0.0499746,100000,100000,1904.79,0,0.00500595,0.00147104,0,564.353,-0.0499646,9.50878e-05,-0.000994746,0.0499746,100000,100000,1904.79,0,0.00500595,0.00147104,0,564.353,-0.0499646,9.50878e-05,-0.000994746,0.0499746,100000,100000,1904.79,0,0.00500595,0.00147104,0,564.353,-0.0499646,9.50878e-05,-0.000994746,0.0499746,100000,100000,1904.79,0,0,0,0,0,0,0,0,0,0,0,0,0,1
stats,246,1,247,0.00500595,0.00147104,0,564.354,-0.0499646,9.50862e-05,-0.000994747,0.0499746,100000,100000,1904.79,0,0.00500595,0.00147104,0,564.354,-0.0499646,9.50862e-05,-0.000994747,0.0499746,100000,100000,1904.79,0,0.00500595,0.00147104,0,564.354,-0.0499646,9.50862e-05,-0.000994747,0.0499746,100000,100000,1904.79,0,0.00500595,0.00147104,0,564.354,-0.0499646,9.50862e-05,-0.000994747,0.0499746,100000,100000,1904.79,0,0.00500595,0.00147104,0,564.354,-0.0499646,9.50862e-05,-0.000994747,0.0499746,100000,100000,1904.79,0,0.00500595,0.00147104,0,564.354,-0.0499646,9.50862e-05,-0.000994747,0.0499746,100000,100000,1904.79,0,0,0,0,0,0,0,0,0,0,0,0,0,1
stats,247,1,248,0.00500595,0.00147104,0,564.354,-0.0499646,9.5084e-05,-0.000994746,0.0499746,100000,100000,1904.79,0,0.00500595,0.00147104,0,564.354,-0.0499646,9.5084e-05,-0.000994746,0.0499746,100000,100000,1904.79,0,0.00500595,0.00147104,0,564.354,-0.0499646,9.5084e-05,-0.000994746,0.0499746,100000,100000,1904.79,0,0.00500595,0.00147104,0,564.354,-0.0499646,9.5084e-05,-0.000994746,0.0499746,100000,100000,1904.79,0,0.00500595,0.00147104,0,564.354,-0.0499646,9.5084e-05,-0.000994746,0.0499746,100000,100000,1904.79,0,0.00500595,0.00147104,0,564.354,-0.0499646,9.5084e-05,-0.000994746,0.0499746,100000,100000,1904.79,0,0,0,0,0,0,0,0,0,0,0,0,0,1
stats,248,1,249,0.00500595,0.00147104,0,564.354,-0.0499646,9.50814e-05,-0.000994744,0.0499746,100000,100000,1904.79,0,0.00500595,0.00147104,0,564.354,-0.0499646,9.50814e-05,-0.000994744,0.0499746,100000,100000,1904.79,0,0.00500595,0.00147104,0,564.354,-0.0499646,9.50814e-05,-0.000994744,0.0499746,100000,100000,1904.79,0,0.00500595,0.00147104,0,564.354,-0.0499646,9.50814e-05,-0.000994744,0.0499746,100000,100000,1904.79,0,0.00500595,0.00147104,0,564.354,-0.0499646,9.50814e-05,-0.000994744,0.0499746,100000,100000,1904.79,0,0.00500595,0.00147104,0,564.354,-0.0499646,9.50814e-05,-0.000994744,0.0499746,100000,100000,1904.79,0,0,0,0,0,0,0,0,0,0,0,0,0,1
stats,249,1,250,0.00500595,0.00147104,0,564.354,-0.0499646,9.50789e-05,-0.000994742,0.0499746,100000,100000,1904.79,0,0.00500595,0.00147104,0,564.354,-0.0499646,9.50789e-05,-0.000994742,0.0499746,100000,100000,1904.79,0,0.00500595,0.00147104,0,564.354,-0.0499646,9.50789e-05,-0.000994742,0.0499746,100000,100000,1904.79,0,0.00500595,0.00147104,0,564.354,-0.0499646,9.50789e-05,-0.000994742,0.0499746,100000,100000,1904.79,0,0.00500595,0.00147104,0,564.354,-0.0499646,9.50789e-05,-0.000994742,0.0499746,100000,100000,1904.79,0,0.00500595,0.00147104,0,564.354,-0.0499646,9.50789e-05,-0.000994742,0.0499746,100000,100000,1904.79,0,0,0,0,0,0,0,0,0,0,0,0,0,1
stats,250,1,251,0.00500595,0.00147104,0,564.355,-0.0499646,9.50773e-05,-0.000994739,0.0499746,100000,100000,1904.79,0,0.00500595,0.00147104,0,564.355,-0.0499646,9.50773e-05,-0.000994739,0.0499746,100000,100000,1904.79,0,0.00500595,0.00147104,0,564.355,-0.0499646,9.50773e-05,-0.000994739,0.0499746,100000,100000,1904.79,0,0.00500595,0.00147104,0,564.355,-0.0499646,9.50773e-05,-0.000994739,0.0499746,100000,100000,1904.79,0,0.00500595,0.00147104,0,564.355,-0.0499646,9.50773e-05,-0.000994739,0.0499746,100000,100000,1904.79,0,0.00500595,0.00147104,0,564.355,-0.0499646,9.50773e-05,-0.000994739,0.0499746,100000,100000,1904.79,0,0,0,0,0,0,0,0,0,0,0,0,0,1
stats,251,1,252,0.00500595,0.00147104,0,564.355,-0.0499646,9.5077e-05,-0.000994736,0.0499746,100000,100000,1904.79,0,0.00500595,0.00147104,0,564.355,-0.0499646,9.5077e-05,-0.000994736,0.0499746,100000,100000,1904.79,0,0.00500595,0.00147104,0,564.355,-0.0499646,9.5077e-05,-0.000994736,0.0499746,100000,100000,1904.79,0,0.00500595,0.00147104,0,564.355,-0.0499646,9.5077e-05,-0.000994736,0.0499746,100000,100000,1904.79,0,0.00500595,0.00147104,0,564.355,-0.0499646,9.5077e-05,-0.000994736,0.0499746,100000,100000,1904.79,0,0.00500595,0.00147104,0,564.355,-0.0499646,9.5077e-05,-0.000994736,0.0499746,100000,100000,1904.79,0,0,0,0,0,0,0,0,0,0,0,0,0,1
stats,252,1,253,0.00500595,0.00147104,0,564.355,-0.0499646,9.50781e-05,-0.000994735,0.0499746,100000,100000,1904.79,0,0.00500595,0.00147104,0,564.355,-0.0499646,9.50781e-05,-0.000994735,0.0499746,100000,100000,1904.79,0,0.00500595,0.00147104,0,564.355,-0.0499646,9.50781e-05,-0.000994735,0.0499746,100000,100000,1904.79,0,0.00500595,0.00147104,0,564.355,-0.0499646,9.50781e-05,-0.000994735,0.0499746,100000,100000,1904.79,0,0.00500595,0.00147104,0,564.355,-0.0499646,9.50781e-05,-0.000994735,0.0499746,100000,100000,1904.79,0,0.00500595,0.00147104,0,564.355,-0.0499646,9.50781e-05,-0.000994735,0.0499746,100000,100000,1904.79,0,0,0,0,0,0,0,0,0,0,0,0,0,1
stats,253,1,254,0.00500595,0.00147104,0,564.355,-0.0499646,9.50802e-05,-0.000994736,0.0499746,100000,100000,1904.79,0,0.00500595,0.00147104,0,564.355,-0.0499646,9.50802e-05,-0.000994736,0.0499746,100000,100000,1904.79,0,0.00500595,0.00147104,0,564.355,-0.0499646,9.50802e-05,-0.000994736,0.0499746,100000,100000,1904.79,0,0.00500595,0.00147104,0,564.355,-0.0499646,9.50802e-05,-0.000994736,0.0499746,100000,100000,1904.79,0,0.00500595,0.00147104,0,564.355,-0.0499646,9.50802e-05,-0.000994736,0.0499746,100000,100000,1904.79,0,0.00500595,0.00147104,0,564.355,-0.0499646,9.50802e-05,-0.000994736,0.0499746,100000,100000,1904.79,0,0,0,0,0,0,0,0,0,0,0,0,0,1
stats,254,1,255,0.00500595,0.00147104,0,564.356,-0.0499646,9.50829e-05,-0.000994738,0.0499746,100000,100000,1904.79,0,0.00500595,0.00147104,0,564.356,-0.0499646,9.50829e-05,-0.000994738,0.0499746,100000,100000,1904.79,0,0.00500595,0.00147104,0,564.356,-0.0499646,9.50829e-05,-0.000994738,0.0499746,100000,100000,1904.79,0,0.00500595,0.00147104,0,564.356,-0.0499646,9.50829e-05,-0.000994738,0.0499746,100000,100000,1904.79,0,0.00500595,0.00147104,0,564.356,-0.0499646,9.50829e-05,-0.000994738,0.0499746,100000,100000,1904.79,0,0.00500595,0.00147104,0,564.356,-0.0499646,9.50829e-05,-0.000994738,0.0499746,100000,100000,1904.79,0,0,0,0,0,0,0,0,0,0,0,0,0,1
stats,255,1,256,0.00500595,0.00147104,0,564.356,-0.0499646,9.50856e-05,-0.000994741,0.0499746,100000,100000,1904.79,0,0.00500595,0.00147104,0,564.356,-0.0499646,9.50856e-05,-0.000994741,0.0499746,100000,100000,1904.79,0,0.00500595,0.00147104,0,564.356,-0.0499646,9.50856e-05,-0.000994741,0.0499746,100000,100000,1904.79,0,0.00500595,0.00147104,0,564.356,-0.0499646,9.50856e-05,-0.000994741,0.0499746,100000,100000,1904.79,0,0.00500595,0.00147104,0,564.356,-0.0499646,9.50856e-05,-0.000994741,0.0499746,100000,100000,1904.79,0,0.00500595,0.00147104,0,564.356,-0.0499646,9.50856e-05,-0.000994741,0.0499746,100000,100000,1904.79,0,0,0,0,0,0,0,0,0,0,0,0,0,1
stats,256,1,257,0.00500595,0.00147104,0,564.356,-0.0499646,9.50879e-05,-0.000994744,0.0499746,100000,100000,1904.79,0,0.00500595,0.00147104,0,564.356,-0.0499646,9.50879e-05,-0.000994744,0.0499746,100000,100000,1904.79,0,0.00500595,0.00147104,0,564.356,-0.0499646,9.50879e-05,-0.000994744,0.0499746,100000,100000,1904.79,0,0.00500595,0.00147104,0,564.356,-0.0499646,9.50879e-05,-0.000994744,0.0499746,100000,100000,1904.79,0,0.00500595,0.00147104,0,564.356,-0.0499646,9.50879e-05,-0.000994744,0.0499746,100000,100000,1904.79,0,0.00500595,0.00147104,0,564.356,-0.0499646,9.50879e-05,-0.000994744,0.0499746,100000,100000,1904.79,0,0,0,0,0,0,0,0,0,0,0,0,0,1
stats,257,1,258,0.00500595,0.00147104,0,564.356,-0.0499646,9.50895e-05,-0.000994746,0.0499746,100000,100000,1904.79,0,0.00500595,0.00147104,0,564.356,-0.0499646,9.50895e-05,-0.000994746,0.0499746,100000,100000,1904.79,0,0.00500595,0.00147104,0,564.356,-0.0499646,9.50895e-05,-0.000994746,0.0499746,100000,100000,1904.79,0,0.00500595,0.00147104,0,564.356,-0.0499646,9.50895e-05,-0.000994746,0.0499746,100000,100000,1904.79,0,0.00500595,0.00147104,0,564.356,-0.0499646,9.50895e-05,-0.000994746,0.0499746,100000,100000,1904.79,0,0.00500595,0.00147104,0,564.356,-0.0499646,9.50895e-05,-0.000994746,0.0499746,100000,100000,1904.79,0,0,0,0,0,0,0,0,0,0,0,0,0,1
stats,258,1,259,0.00500595,0.00147104,0,564.356,-0.0499646,9.50903e-05,-0.000994748,0.0499746,100000,100000,1904.79,0,0.00500595,0.00147104,0,564.356,-0.0499646,9.50903e-05,-0.000994748,0.0499746,100000,100000,1904.79,0,0.00500595,0.00147104,0,564.356,-0.0499646,9.50903e-05,-0.000994748,0.0499746,100000,100000,1904.79,0,0.00500595,0.00147104,0,564.356,-0.0499646,9.50903e-05,-0.000994748,0.0499746,100000,100000,1904.79,0,0.00500595,0.00147104,0,564.356,-0.0499646,9.50903e-05,-0.000994748,0.0499746,100000,100000,1904.79,0,0.00500595,0.00147104,0,564.356,-0.0499646,9.50903e-05,-0.000994748,0.0499746,100000,100000,1904.79,0,0,0,0,0,0,0,0,0,0,0,0,0,1
stats,259,1,260,0.00500595,0.00147104,0,564.357,-0.0499646,9.50905e-05,-0.000994749,0.0499746,100000,100000,1904.79,0,0.00500595,0.00147104,0,564.357,-0.0499646,9.50905e-05,-0.000994749,0.0499746,100000,100000,1904.79,0,0.00500595,0.00147104,0,564.357,-0.0499646,9.50905e-05,-0.000994749,0.0499746,100000,100000,1904.79,0,0.00500595,0.00147104,0,564.357,-0.0499646,9.50905e-05,-0.000994749,0.0499746,100000,100000,1904.79,0,0.00500595,0.00147104,0,564.357,-0.0499646,9.50905e-05,-0.000994749,0.0499746,100000,100000,1904.79,0,0.00500595,0.00147104,0,564.357,-0.0499646,9.50905e-05,-0.000994749,0.0499746,100000,100000,1904.79,0,0,0,0,0,0,0,0,0,0,0,0,0,1
stats,260,1,261,0.00500595,0.00147104,0,564.357,-0.0499646,9.50904e-05,-0.000994751,0.0499746,100000,100000,1904.79,0,0.00500595,0.00147104,0,564.357,-0.0499646,9.50904e-05,-0.000994751,0.0499746,100000,100000,1904.79,0,0.00500595,0.00147104,0,564.357,-0.0499646,9.50904e-05,-0.000994751,0.0499746,100000,100000,1904.79,0,0.00500595,0.00147104,0,564.357,-0.0499646,9.50904e-05,-0.000994751,0.0499746,100000,100000,1904.79,0,0.00500595,0.00147104,0,564.357,-0.0499646,9.50904e-05,-0.000994751,0.0499746,100000,100000,1904.79,0,0.00500595,0.00147104,0,564.357,-0.0499646,9.50904e-05,-0.000994751,0.0499746,100000,100000,1904.79,0,0,0,0,0,0,0,0,0,0,0,0,0,1
stats,261,1,262,0.00500595,0.00147104,0,564.357,-0.0499646,9.50901e-05,-0.000994752,0.0499746,100000,100000,1904.79,0,0.00500595,0.00147104,0,564.357,-0.0499646,9.50901e-05,-0.000994752,0.0499746,100000,100000,1904.79,0,0.00500595,0.00147104,0,564.357,-0.0499646,9.50901e-05,-0.000994752,0.0499746,100000,100000,1904.79,0,0.00500595,0.00147104,0,564.357,-0.0499646,9.50901e-05,-0.000994752,0.0499746,100000,100000,1904.79,0,0.00500595,0.00147104,0,564.357,-0.0499646,9.50901e-05,-0.000994752,0.0499746,100000,100000,1904.79,0,0.00500595,0.00147104,0,564.357,-0.0499646,9.50901e-05,-0.000994752,0.0499746,100000,100000,1904.79,0,0,0,0,0,0,0,0,0,0,0,0,0,1
stats,262,1,263,0.00500595,0.00147104,0,564.357,-0.0499646,9.50895e-05,-0.000994753,0.0499746,100000,100000,1904.79,0,0.00500595,0.00147104,0,564.357,-0.0499646,9.50895e-05,-0.000994753,0.0499746,100000,100000,1904.79,0,0.00500595,0.00147104,0,564.357,-0.0499646,9.50895e-05,-0.000994753,0.0499746,100000,100000,1904.79,0,0.00500595,0.00147104,0,564.357,-0.0499646,9.50895e-05,-0.000994753,0.0499746,100000,100000,1904.79,0,0.00500595,0.00147104,0,564.357,-0.0499646,9.50895e-05,-0.000994753,0.0499746,100000,100000,1904.79,0,0.00500595,0.00147104,0,564.357,-0.0499646,9.50895e-05,-0.000994753,0.0499746,100000,100000,1904.79,0,0,0,0,0,0,0,0,0,0,0,0,0,1
stats,263,1,264,0.00500595,0.00147104,0,564.358,-0.0499646,9.5088e-05,-0.000994753,0.0499746,100000,100000,1904.79,0,0.00500595,0.00147104,0,564.358,-0.0499646,9.5088e-05,-0.000994753,0.0499746,100000,100000,1904.79,0,0.00500595,0.00147104,0,564.358,-0.0499646,9.5088e-05,-0.000994753,0.0499746,100000,100000,1904.79,0,0.00500595,0.00147104,0,564.358,-0.0499646,9.5088e-05,-0.000994753,0.0499746,100000,100000,1904.79,0,0.00500595,0.00147104,0,564.358,-0.0499646,9.5088e-05,-0.000994753,0.0499746,100000,100000,1904.79,0,0.00500595,0.00147104,0,564.358,-0.0499646,9.5088e-05,-0.000994753,0.0499746,100000,100000,1904.79,0,0,0,0,0,0,0,0,0,0,0,0,0,1
stats,264,1,265,0.00500595,0.00147104,0,564.358,-0.0499646,9.50855e-05,-0.000994752,0.0499746,100000,100000,1904.79,0,0.00500595,0.00147104,0,564.358,-0.0499646,9.50855e-05,-0.000994752,0.0499746,100000,100000,1904.79,0,0.00500595,0.00147104,0,564.358,-0.0499646,9.50855e-05,-0.000994752,0.0499746,100000,100000,1904.79,0,0.00500595,0.00147104,0,564.358,-0.0499646,9.50855e-05,-0.000994752,0.0499746,100000,100000,1904.79,0,0.00500595,0.00147104,0,564.358,-0.0499646,9.50855e-05,-0.000994752,0.0499746,100000,100000,1904.79,0,0.00500595,0.00147104,0,564.358,-0.0499646,9.50855e-05,-0.000994752,0.0499746,100000,100000,1904.79,0,0,0,0,0,0,0,0,0,0,0,0,0,1
stats,265,1,266,0.00500595,0.00147104,0,564.358,-0.0499646,9.50822e-05,-0.000994752,0.0499746,100000,100000,1904.79,0,0.00500595,0.00147104,0,564.358,-0.0499646,9.50822e-05,-0.000994752,0.0499746,100000,100000,1904.79,0,0.00500595,0.00147104,0,564.358,-0.0499646,9.50822e-05,-0.000994752,0.0499746,100000,100000,1904.79,0,0.00500595,0.00147104,0,564.358,-0.0499646,9.50822e-05,-0.000994752,0.0499746,100000,100000,1904.79,0,0.00500595,0.00147104,0,564.358,-0.0499646,9.50822e-05,-0.000994752,0.0499746,100000,100000,1904.79,0,0.00500595,0.00147104,0,564.358,-0.0499646,9.50822e-05,-0.000994752,0.0499746,100000,100000,1904.79,0,0,0,0,0,0,0,0,0,0,0,0,0,1
stats,266,1,267,0.00500595,0.00147104,0,564.358,-0.0499646,9.50786e-05,-0.00099475,0.0499746,100000,100000,1904.79,0,0.00500595,0.00147104,0,564.358,-0.0499646,9.50786e-05,-0.00099475,0.0499746,100000,100000,1904.79,0,0.00500595,0.00147104,0,564.358,-0.0499646,9.50786e-05,-0.00099475,0.0499746,100000,100000,1904.79,0,0.00500595,0.00147104,0,564.358,-0.0499646,9.50786e-05,-0.00099475,0.0499746,100000,100000,1904.79,0,0.00500595,0.00147104,0,564.358,-0.0499646,9.50786e-05,-0.00099475,0.0499746,100000,100000,1904.79,0,0.00500595,0.00147104,0,564.358,-0.0499646,9.50786e-05,-0.00099475,0.0499746,100000,100000,1904.79,0,0,0,0,0,0,0,0,0,0,0,0,0,1
stats,267,1,268,0.00500595,0.00147104,0,564.358,-0.0499646,9.50755e-05,-0.000994748,0.0499746,100000,100000,1904.79,0,0.00500595,0.00147104,0,564.358,-0.0499646,9.50755e-05,-0.000994748,0.0499746,100000,100000,1904.79,0,0.00500595,0.00147104,0,564.358,-0.0499646,9.50755e-05,-0.000994748,0.0499746,100000,100000,1904.79,0,0.00500595,0.00147104,0,564.358,-0.0499646,9.50755e-05,-0.000994748,0.0499746,100000,100000,1904.79,0,0.00500595,0.00147104,0,564.358,-0.0499646,9.50755e-05,-0.000994748,0.0499746,100000,100000,1904.79,0,0.00500595,0.00147104,0,564.358,-0.0499646,9.50755e-05,-0.000994748,0.0499746,100000,100000,1904.79,0,0,0,0,0,0,0,0,0,0,0,0,0,1
stats,268,1,269,0.00500595,0.00147104,0,564.358,-0.0499646,9.50736e-05,-0.000994746,0.0499746,100000,100000,1904.79,0,0.00500595,0.00147104,0,564.358,-0.0499646,9.50736e-05,-0.000994746,0.0499746,100000,100000,1904.79,0,0.00500595,0.00147104,0,564.358,-0.0499646,9.50736e-05,-0.000994746,0.0499746,100000,100000,1904.79,0,0.00500595,0.00147104,0,564.358,-0.0499646,9.50736e-05,-0.000994746,0.0499746,100000,100000,1904.79,0,0.00500595,0.00147104,0,564.358,-0.0499646,9.50736e-05,-0.000994746,0.0499746,100000,100000,1904.79,0,0.00500595,0.00147104,0,564.358,-0.0499646,9.50736e-05,-0.000994746,0.0499746,100000,100000,1904.79,0,0,0,0,0,0,0,0,0,0,0,0,0,1
stats,269,1,270,0.00500595,0.00147104,0,564.359,-0.0499646,9.50734e-05,-0.000994745,0.0499746,100000,100000,1904.79,0,0.00500595,0.00147104,0,564.359,-0.0499646,9.50734e-05,-0.000994745,0.0499746,100000,100000,1904.79,0,0.00500595,0.00147104,0,564.359,-0.0499646,9.50734e-05,-0.000994745,0.0499746,100000,100000,1904.79,0,0.00500595,0.00147104,0,564.359,-0.0499646,9.50734e-05,-0.000994745,0.0499746,100000,100000,1904.79,0,0.00500595,0.00147104,0,564.359,-0.0499646,9.50734e-05,-0.000994745,0.0499746,100000,100000,1904.79,0,0.00500595,0.00147104,0,564.359,-0.0499646,9.50734e-05,-0.000994745,0.0499746,100000,100000,1904.79,0,0,0,0,0,0,0,0,0,0,0,0,0,1
stats,270,1,271,0.00500595,0.00147104,0,564.359,-0.0499646,9.50747e-05,-0.000994745,0.0499746,100000,100000,1904.79,0,0.00500595,0.00147104,0,564.359,-0.0499646,9.50747e-05,-0.000994745,0.0499746,100000,100000,1904.79,0,0.00500595,0.00147104,0,564.359,-0.0499646,9.50747e-05,-0.000994745,0.0499746,100000,100000,1904.79,0,0.00500595,0.00147104,0,564.359,-0.0499646,9.50747e-05,-0.000994745,0.0499746,100000,100000,1904.79,0,0.00500595,0.00147104,0,564.359,-0.0499646,9.50747e-05,-0.000994745,0.0499746,100000,100000,1904.79,0,0.00500595,0.00147104,0,564.359,-0.0499646,9.50747e-05,-0.000994745,0.0499746,100000,100000,1904.79,0,0,0,0,0,0,0,0,0,0,0,0,0,1
stats,271,1,272,0.00500595,0.00147104,0,564.359,-0.0499646,9.50771e-05,-0.000994745,0.0499746,100000,100000,1904.79,0,0.00500595,0.00147104,0,564.359,-0.0499646,9.50771e-05,-0.000994745,0.0499746,100000,100000,1904.79,0,0.00500595,0.00147104,0,564.359,-0.0499646,9.50771e-05,-0.000994745,0.0499746,100000,100000,1904.79,0,0.00500595,0.00147104,0,564.359,-0.0499646,9.50771e-05,-0.000994745,0.0499746,100000,100000,1904.79,0,0.00500595,0.00147104,0,564.359,-0.0499646,9.50771e-05,-0.000994745,0.0499746,100000,100000,1904.79,0,0.00500595,0.00147104,0,564.359,-0.0499646,9.50771e-05,-0.000994745,0.0499746,100000,100000,1904.79,0,0,0,0,0,0,0,0,0,0,0,0,0,1
stats,272,1,273,0.00500595,0.00147104,0,564.359,-0.0499646,9.50799e-05,-0.000994747,0.0499746,100000,100000,1904.79,0,0.00500595,0.00147104,0,564.359,-0.0499646,9.50799e-05,-0.000994747,0.0499746,100000,100000,1904.79,0,0.00500595,0.00147104,0,564.359,-0.0499646,9.50799e-05,-0.000994747,0.0499746,100000,100000,1904.79,0,0.00500595,0.00147104,0,564.359,-0.0499646,9.50799e-05,-0.000994747,0.0499746,100000,100000,1904.79,0,0.00500595,0.00147104,0,564.359,-0.0499646,9.50799e-05,-0.000994747,0.0499746,100000,100000,1904.79,0,0.00500595,0.00147104,0,564.359,-0.0499646,9.50799e-05,-0.000994747,0.0499746,100000,100000,1904.79,0,0,0,0,0,0,0,0,0,0,0,0,0,1
stats,273,1,274,0.00500595,0.00147104,0,564.359,-0.0499646,9.50826e-05,-0.000994749,0.0499746,100000,100000,1904.79,0,0.00500595,0.00147104,0,564.359,-0.0499646,9.50826e-05,-0.000994749,0.0499746,100000,100000,1904.79,0,0.00500595,0.00147104,0,564.359,-0.0499646,9.50826e-05,-0.000994749,0.0499746,100000,100000,1904.79,0,0.00500595,0.00147104,0,564.359,-0.0499646,9.50826e-05,-0.000994749,0.0499746,100000,100000,1904.79,0,0.00500595,0.00147104,0,564.359,-0.0499646,9.50826e-05,-0.000994749,0.0499746,100000,100000,1904.79,0,0.00500595,0.00147104,0,564.359,-0.0499646,9.50826e-05,-0.000994749,0.0499746,100000,100000,1904.79,0,0,0,0,0,0,0,0,0,0,0,0,0,1
stats,274,1,275,0.00500595,0.00147104,0,564.36,-0.0499646,9.50849e-05,-0.000994751,0.0499746,100000,100000,1904.79,0,0.00500595,0.00147104,0,564.36,-0.0499646,9.50849e-05,-0.000994751,0.0499746,100000,100000,1904.79,0,0.00500595,0.00147104,0,564.36,-0.0499646,9.50849e-05,-0.000994751,0.0499746,100000,100000,1904.79,0,0.00500595,0.00147104,0,564.36,-0.0499646,9.50849e-05,-0.000994751,0.0499746,100000,100000,1904.79,0,0.00500595,0.00147104,0,564.36,-0.0499646,9.50849e-05,-0.000994751,0.0499746,100000,100000,1904.79,0,0.00500595,0.00147104,0,564.36,-0.0499646,9.50849e-05,-0.000994751,0.0499746,100000,100000,1904.79,0,0,0,0,0,0,0,0,0,0,0,0,0,1
stats,275,1,276,0.00500595,0.00147104,0,564.36,-0.0499646,9.50868e-05,-0.000994752,0.0499746,100000,100000,1904.79,0,0.00500595,0.00147104,0,564.36,-0.0499646,9.50868e-05,-0.000994752,0.0499746,100000,100000,1904.79,0,0.00500595,0.00147104,0,564.36,-0.0499646,9.50868e-05,-0.000994752,0.0499746,100000,100000,1904.79,0,0.00500595,0.00147104,0,564.36,-0.0499646,9.50868e-05,-0.000994752,0.0499746,100000,100000,1904.79,0,0.00500595,0.00147104,0,564.36,-0.0499646,9.50868e-05,-0.000994752,0.0499746,100000,100000,1904.79,0,0.00500595,0.00147104,0,564.36,-0.0499646,9.50868e-05,-0.000994752,0.0499746,100000,100000,1904.79,0,0,0,0,0,0,0,0,0,0,0,0,0,1
stats,276,1,277,0.00500595,0.00147104,0,564.36,-0.0499646,9.50886e-05,-0.000994753,0.0499746,100000,100000,1904.79,0,0.00500595,0.00147104,0,564.36,-0.0499646,9.50886e-05,-0.000994753,0.0499746,100000,100000,1904.79,0,0.00500595,0.00147104,0,564.36,-0.0499646,9.50886e-05,-0.000994753,0.0499746,100000,100000,1904.79,0,0.00500595,0.00147104,0,564.36,-0.0499646,9.50886e-05,-0.000994753,0.0499746,100000,100000,1904.79,0,0.00500595,0.00147104,0,564.36,-0.0499646,9.50886e-05,-0.000994753,0.0499746,100000,100000,1904.79,0,0.00500595,0.00147104,0,564.36,-0.0499646,9.50886e-05,-0.000994753,0.0499746,100000,100000,1904.79,0,0,0,0,0,0,0,0,0,0,0,0,0,1
stats,277,1,278,0.00500595,0.00147104,0,564.36,-0.0499646,9.50903e-05,-0.000994753,0.0499746,100000,100000,1904.79,0,0.00500595,0.00147104,0,564.36,-0.0499646,9.50903e-05,-0.000994753,0.0499746,100000,100000,1904.79,0,0.00500595,0.00147104,0,564.36,-0.0499646,9.50903e-05,-0.000994753,0.0499746,100000,100000,1904.79,0,0.00500595,0.00147104,0,564.36,-0.0499646,9.50903e-05,-0.000994753,0.0499746,100000,100000,1904.79,0,0.00500595,0.00147104,0,564.36,-0.0499646,9.50903e-05,-0.000994753,0.0499746,100000,100000,1904.79,0,0.00500595,0.00147104,0,564.36,-0.0499646,9.50903e-05,-0.000994753,0.0499746,100000,100000,1904.79,0,0,0,0,0,0,0,0,0,0,0,0,0,1
stats,278,1,279,0.00500595,0.00147104,0,564.36,-0.0499646,9.50917e-05,-0.000994754,0.0499746,100000,100000,1904.79,0,0.00500595,0.00147104,0,564.36,-0.0499646,9.50917e-05,-0.000994754,0.0499746,100000,100000,1904.79,0,0.00500595,0.00147104,0,564.36,-0.0499646,9.50917e-05,-0.000994754,0.0499746,100000,100000,1904.79,0,0.00500595,0.00147104,0,564.36,-0.0499646,9.50917e-05,-0.000994754,0.0499746,100000,100000,1904.79,0,0.00500595,0.00147104,0,564.36,-0.0499646,9.50917e-05,-0.000994754,0.0499746,100000,100000,1904.79,0,0.00500595,0.00147104,0,564.36,-0.0499646,9.50917e-05,-0.000994754,0.0499746,100000,100000,1904.79,0,0,0,0,0,0,0,0,0,0,0,0,0,1
stats,279,1,280,0.00500595,0.00147104,0,564.36,-0.0499646,9.50923e-05,-0.000994755,0.0499746,100000,100000,1904.79,0,0.00500595,0.00147104,0,564.36,-0.0499646,9.50923e-05,-0.000994755,0.0499746,100000,100000,1904.79,0,0.00500595,0.00147104,0,564.36,-0.0499646,9.50923e-05,-0.000994755,0.0499746,100000,100000,1904.79,0,0.00500595,0.00147104,0,564.36,-0.0499646,9.50923e-05,-0.000994755,0.0499746,100000,100000,1904.79,0,0.00500595,0.00147104,0,564.36,-0.0499646,9.50923e-05,-0.000994755,0.0499746,100000,100000,1904.79,0,0.00500595,0.00147104,0,564.36,-0.0499646,9.50923e-05,-0.000994755,0.0499746,100000,100000,1904.79,0,0,0,0,0,0,0,0,0,0,0,0,0,1
stats,280,1,281,0.00500595,0.00147104,0,564.36,-0.0499646,9.50919e-05,-0.000994755,0.0499746,100000,100000,1904.79,0,0.00500595,0.00147104,0,564.36,-0.0499646,9.50919e-05,-0.000994755,0.0499746,100000,100000,1904.79,0,0.00500595,0.00147104,0,564.36,-0.0499646,9.50919e-05,-0.000994755,0.0499746,100000,100000,1904.79,0,0.00500595,0.00147104,0,564.36,-0.0499646,9.50919e-05,-0.000994755,0.0499746,100000,100000,1904.79,0,0.00500595,0.00147104,0,564.36,-0.0499646,9.50919e-05,-0.000994755,0.0499746,100000,100000,1904.79,0,0.00500595,0.00147104,0,564.36,-0.0499646,9.50919e-05,-0.000994755,0.0499746,100000,100000,1904.79,0,0,0,0,0,0,0,0,0,0,0,0,0,1
stats,281,1,282,0.00500595,0.00147104,0,564.361,-0.0499646,9.50902e-05,-0.000994756,0.0499746,100000,100000,1904.79,0,0.00500595,0.00147104,0,564.361,-0.0499646,9.50902e-05,-0.000994756,0.0499746,100000,100000,1904.79,0,0.00500595,0.00147104,0,564.361,-0.0499646,9.50902e-05,-0.000994756,0.0499746,100000,100000,1904.79,0,0.00500595,0.00147104,0,564.361,-0.0499646,9.50902e-05,-0.000994756,0.0499746,100000,100000,1904.79,0,0.00500595,0.00147104,0,564.361,-0.0499646,9.50902e-05,-0.000994756,0.0499746,100000,100000,1904.79,0,0.00500595,0.00147104,0,564.361,-0.0499646,9.50902e-05,-0.000994756,0.0499746,100000,100000,1904.79,0,0,0,0,0,0,0,0,0,0,0,0,0,1
stats,282,1,283,0.00500595,0.00147104,0,564.361,-0.0499646,9.50874e-05,-0.000994756,0.0499746,100000,100000,1904.79,0,0.00500595,0.00147104,0,564.361,-0.0499646,9.50874e-05,-0.000994756,0.0499746,100000,100000,1904.79,0,0.00500595,0.00147104,0,564.361,-0.0499646,9.50874e-05,-0.000994756,0.0499746,100000,100000,1904.79,0,0.00500595,0.00147104,0,564.361,-0.0499646,9.50874e-05,-0.000994756,0.0499746,100000,100000,1904.79,0,0.00500595,0.00147104,0,564.361,-0.0499646,9.50874e-05,-0.000994756,0.0499746,100000,100000,1904.79,0,0.00500595,0.00147104,0,564.361,-0.0499646,9.50874e-05,-0.000994756,0.0499746,100000,100000,1904.79,0,0,0,0,0,0,0,0,0,0,0,0,0,1
stats,283,1,284,0.00500595,0.00147104,0,564.361,-0.0499646,9.50836e-05,-0.000994755,0.0499746,100000,100000,1904.79,0,0.00500595,0.00147104,0,564.361,-0.0499646,9.50836e-05,-0.000994755,0.0499746,100000,100000,1904.79,0,0.00500595,0.00147104,0,564.361,-0.0499646,9.50836e-05,-0.000994755,0.0499746,100000,100000,1904.79,0,0.00500595,0.00147104,0,564.361,-0.0499646,9.50836e-05,-0.000994755,0.0499746,100000,100000,1904.79,0,0.00500595,0.00147104,0,564.361,-0.0499646,9.50836e-05,-0.000994755,0.0499746,100000,100000,1904.79,0,0.00500595,0.00147104,0,564.361,-0.0499646,9.50836e-05,-0.000994755,0.0499746,100000,100000,1904.79,0,0,0,0,0,0,0,0,0,0,0,0,0,1
stats,284,1,285,0.00500595,0.00147104,0,564.361,-0.0499646,9.50795e-05,-0.000994753,0.0499746,100000,100000,1904.79,0,0.00500595,0.00147104,0,564.361,-0.0499646,9.50795e-05,-0.000994753,0.0499746,100000,100000,1904.79,0,0.00500595,0.00147104,0,564.361,-0.0499646,9.50795e-05,-0.000994753,0.0499746,100000,100000,1904.79,0,0.00500595,0.00147104,0,564.361,-0.0499646,9.50795e-05,-0.000994753,0.0499746,100000,100000,1904.79,0,0.00500595,0.00147104,0,564.361,-0.0499646,9.50795e-05,-0.000994753,0.0499746,100000,100000,1904.79,0,0.00500595,0.00147104,0,564.361,-0.0499646,9.50795e-05,-0.000994753,0.0499746,100000,100000,1904.79,0,0,0,0,0,0,0,0,0,0,0,0,0,1
stats,285,1,286,0.00500595,0.00147104,0,564.361,-0.0499646,9.50758e-05,-0.000994751,0.0499746,100000,100000,1904.79,0,0.00500595,0.00147104,0,564.361,-0.0499646,9.50758e-05,-0.000994751,0.0499746,100000,100000,1904.79,0,0.00500595,0.00147104,0,564.361,-0.0499646,9.50758e-05,-0.000994751,0.0499746,100000,100000,1904.79,0,0.00500595,0.00147104,0,564.361,-0.0499646,9.50758e-05,-0.000994751,0.0499746,100000,100000,1904.79,0,0.00500595,0.00147104,0,564.361,-0.0499646,9.50758e-05,-0.000994751,0.0499746,100000,100000,1904.79,0,0.00500595,0.00147104,0,564.361,-0.0499646,9.50758e-05,-0.000994751,0.0499746,100000,100000,1904.79,0,0,0,0,0,0,0,0,0,0,0,0,0,1
stats,286,1,287,0.00500595,0.00147104,0,564.361,-0.0499646,9.50734e-05,-0.00099475,0.0499746,100000,100000,1904.79,0,0.00500595,0.00147104,0,564.361,-0.0499646,9.50734e-05,-0.00099475,0.0499746,100000,100000,1904.79,0,0.00500595,0.00147104,0,564.361,-0.0499646,9.50734e-05,-0.00099475,0.0499746,100000,100000,1904.79,0,0.00500595,0.00147104,0,564.361,-0.0499646,9.50734e-05,-0.00099475,0.0499746,100000,100000,1904.79,0,0.00500595,0.00147104,0,564.361,-0.0499646,9.50734e-05,-0.00099475,0.0499746,100000,100000,1904.79,0,0.00500595,0.00147104,0,564.361,-0.0499646,9.50734e-05,-0.00099475,0.0499746,100000,100000,1904.79,0,0,0,0,0,0,0,0,0,0,0,0,0,1
stats,287,1,288,0.00500595,0.00147104,0,564.361,-0.0499646,9.50726e-05,-0.00099475,0.0499746,100000,100000,1904.79,0,0.00500595,0.00147104,0,564.361,-0.0499646,9.50726e-05,-0.00099475,0.0499746,100000,100000,1904.79,0,0.00500595,0.00147104,0,564.361,-0.0499646,9.50726e-05,-0.00099475,0.0499746,100000,100000,1904.79,0,0.00500595,0.00147104,0,564.361,-0.0499646,9.50726e-05,-0.00099475,0.0499746,100000,100000,1904.79,0,0.00500595,0.00147104,0,564.361,-0.0499646,9.50726e-05,-0.00099475,0.0499746,100000,100000,1904.79,0,0.00500595,0.00147104,0,564.361,-0.0499646,9.50726e-05,-0.00099475,0.0499746,100000,100000,1904.79,0,0,0,0,0,0,0,0,0,0,0,0,0,1
stats,288,1,289,0.00500595,0.00147104,0,564.362,-0.0499646,9.50733e-05,-0.000994752,0.0499746,100000,100000,1904.79,0,0.00500595,0.00147104,0,564.362,-0.0499646,9.50733e-05,-0.000994752,0.0499746,100000,100000,1904.79,0,0.00500595,0.00147104,0,564.362,-0.0499646,9.50733e-05,-0.000994752,0.0499746,100000,100000,1904.79,0,0.00500595,0.00147104,0,564.362,-0.0499646,9.50733e-05,-0.000994752,0.0499746,100000,100000,1904.79,0,0.00500595,0.00147104,0,564.362,-0.0499646,9.50733e-05,-0.000994752,0.0499746,100000,100000,1904.79,0,0.00500595,0.00147104,0,564.362,-0.0499646,9.50733e-05,-0.000994752,0.0499746,100000,100000,1904.79,0,0,0,0,0,0,0,0,0,0,0,0,0,1
stats,289,1,290,0.00500595,0.00147104,0,564.362,-0.0499646,9.50752e-05,-0.000994754,0.0499746,100000,100000,1904.79,0,0.00500595,0.00147104,0,564.362,-0.0499646,9.50752e-05,-0.000994754,0.0499746,100000,100000,1904.79,0,0.00500595,0.00147104,0,564.362,-0.0499646,9.50752e-05,-0.000994754,0.0499746,100000,100000,1904.79,0,0.00500595,0.00147104,0,564.362,-0.0499646,9.50752e-05,-0.000994754,0.0499746,100000,100000,1904.79,0,0.00500595,0.00147104,0,564.362,-0.0499646,9.50752e-05,-0.000994754,0.0499746,100000,100000,1904.79,0,0.00500595,0.00147104,0,564.362,-0.0499646,9.50752e-05,-0.000994754,0.0499746,100000,100000,1904.79,0,0,0,0,0,0,0,0,0,0,0,0,0,1
stats,290,1,291,0.00500595,0.00147104,0,564.362,-0.0499646,9.50776e-05,-0.000994757,0.0499746,100000,100000,1904.79,0,0.00500595,0.00147104,0,564.362,-0.0499646,9.50776e-05,-0.000994757,0.0499746,100000,100000,1904.79,0,0.00500595,0.00147104,0,564.362,-0.0499646,9.50776e-05,-0.000994757,0.0499746,100000,100000,1904.79,0,0.00500595,0.00147104,0,564.362,-0.0499646,9.50776e-05,-0.000994757,0.0499746,100000,100000,1904.79,0,0.00500595,0.00147104,0,564.362,-0.0499646,9.50776e-05,-0.000994757,0.0499746,100000,100000,1904.79,0,0.00500595,0.00147104,0,564.362,-0.0499646,9.50776e-05,-0.000994757,0.0499746,100000,100000,1904.79,0,0,0,0,0,0,0,0,0,0,0,0,0,1
stats,291,1,292,0.00500595,0.00147104,0,564.362,-0.0499646,9.50801e-05,-0.000994759,0.0499746,100000,100000,1904.79,0,0.00500595,0.00147104,0,564.362,-0.0499646,9.50801e-05,-0.000994759,0.0499746,100000,100000,1904.79,0,0.00500595,0.00147104,0,564.362,-0.0499646,9.50801e-05,-0.000994759,0.0499746,100000,100000,1904.79,0,0.00500595,0.00147104,0,564.362,-0.0499646,9.50801e-05,-0.000994759,0.0499746,100000,100000,1904.79,0,0.00500595,0.00147104,0,564.362,-0.0499646,9.50801e-05,-0.000994759,0.0499746,100000,100000,1904.79,0,0.00500595,0.00147104,0,564.362,-0.0499646,9.50801e-05,-0.000994759,0.0499746,100000,100000,1904.79,0,0,0,0,0,0,0,0,0,0,0,0,0,1
stats,292,1,293,0.00500595,0.00147104,0,564.362,-0.0499646,9.50824e-05,-0.000994759,0.0499746,100000,100000,1904.79,0,0.00500595,0.00147104,0,564.362,-0.0499646,9.50824e-05,-0.000994759,0.0499746,100000,100000,1904.79,0,0.00500595,0.00147104,0,564.362,-0.0499646,9.50824e-05,-0.000994759,0.0499746,100000,100000,1904.79,0,0.00500595,0.00147104,0,564.362,-0.0499646,9.50824e-05,-0.000994759,0.0499746,100000,100000,1904.79,0,0.00500595,0.00147104,0,564.362,-0.0499646,9.50824e-05,-0.000994759,0.0499746,100000,100000,1904.79,0,0.00500595,0.00147104,0,564.362,-0.0499646,9.50824e-05,-0.000994759,0.0499746,100000,100000,1904.79,0,0,0,0,0,0,0,0,0,0,0,0,0,1
stats,293,1,294,0.00500595,0.00147104,0,564.362,-0.0499646,9.50846e-05,-0.000994759,0.0499746,100000,100000,1904.79,0,0.00500595,0.00147104,0,564.362,-0.0499646,9.50846e-05,-0.000994759,0.0499746,100000,100000,1904.79,0,0.00500595,0.00147104,0,564.362,-0.0499646,9.50846e-05,-0.000994759,0.0499746,100000,100000,1904.79,0,0.00500595,0.00147104,0,564.362,-0.0499646,9.50846e-05,-0.000994759,0.0499746,100000,100000,1904.79,0,0.00500595,0.00147104,0,564.362,-0.0499646,9.50846e-05,-0.000994759,0.0499746,100000,100000,1904.79,0,0.00500595,0.00147104,0,564.362,-0.0499646,9.50846e-05,-0.000994759,0.0499746,100000,100000,1904.79,0,0,0,0,0,0,0,0,0,0,0,0,0,1
stats,294,1,295,0.00500595,0.00147104,0,564.362,-0.0499646,9.50866e-05,-0.000994759,0.0499746,100000,100000,1904.79,0,0.00500595,0.00147104,0,564.362,-0.0499646,9.50866e-05,-0.000994759,0.0499746,100000,100000,1904.79,0,0.00500595,0.00147104,0,564.362,-0.0499646,9.50866e-05,-0.000994759,0.0499746,100000,100000,1904.79,0,0.00500595,0.00147104,0,564.362,-0.0499646,9.50866e-05,-0.000994759,0.0499746,100000,100000,1904.79,0,0.00500595,0.00147104,0,564.362,-0.0499646,9.50866e-05,-0.000994759,0.0499746,100000,100000,1904.79,0,0.00500595,0.00147104,0,564.362,-0.0499646,9.50866e-05,-0.000994759,0.0499746,100000,100000,1904.79,0,0,0,0,0,0,0,0,0,0,0,0,0,1
stats,295,1,296,0.00500595,0.00147104,0,564.362,-0.0499646,9.50885e-05,-0.000994759,0.0499746,100000,100000,1904.79,0,0.00500595,0.00147104,0,564.362,-0.0499646,9.50885e-05,-0.000994759,0.0499746,100000,100000,1904.79,0,0.00500595,0.00147104,0,564.362,-0.0499646,9.50885e-05,-0.000994759,0.0499746,100000,100000,1904.79,0,0.00500595,0.00147104,0,564.362,-0.0499646,9.50885e-05,-0.000994759,0.0499746,100000,100000,1904.79,0,0.00500595,0.00147104,0,564.362,-0.0499646,9.50885e-05,-0.000994759,0.0499746,100000,100000,1904.79,0,0.00500595,0.00147104,0,564.362,-0.0499646,9.50885e-05,-0.000994759,0.0499746,100000,100000,1904.79,0,0,0,0,0,0,0,0,0,0,0,0,0,1
stats,296,1,297,0.00500595,0.00147104,0,564.363,-0.0499646,9.50904e-05,-0.000994759,0.0499746,100000,100000,1904.79,0,0.00500595,0.00147104,0,564.363,-0.0499646,9.50904e-05,-0.000994759,0.0499746,100000,100000,1904.79,0,0.00500595,0.00147104,0,564.363,-0.0499646,9.50904e-05,-0.000994759,0.0499746,100000,100000,1904.79,0,0.00500595,0.00147104,0,564.363,-0.0499646,9.50904e-05,-0.000994759,0.0499746,100000,100000,1904.79,0,0.00500595,0.00147104,0,564.363,-0.0499646,9.50904e-05,-0.000994759,0.0499746,100000,100000,1904.79,0,0.00500595,0.00147104,0,564.363,-0.0499646,9.50904e-05,-0.000994759,0.0499746,100000,100000,1904.79,0,0,0,0,0,0,0,0,0,0,0,0,0,1
stats,297,1,298,0.00500595,0.00147104,0,564.363,-0.0499646,9.50918e-05,-0.000994759,0.0499746,100000,100000,1904.79,0,0.00500595,0.00147104,0,564.363,-0.0499646,9.50918e-05,-0.000994759,0.0499746,100000,100000,1904.79,0,0.00500595,0.00147104,0,564.363,-0.0499646,9.50918e-05,-0.000994759,0.0499746,100000,100000,1904.79,0,0.00500595,0.00147104,0,564.363,-0.0499646,9.50918e-05,-0.000994759,0.0499746,100000,100000,1904.79,0,0.00500595,0.00147104,0,564.363,-0.0499646,9.50918e-05,-0.000994759,0.0499746,100000,100000,1904.79,0,0.00500595,0.00147104,0,564.363,-0.0499646,9.50918e-05,-0.000994759,0.0499746,100000,100000,1904.79,0,0,0,0,0,0,0,0,0,0,0,0,0,1
stats,298,1,299,0.00500595,0.00147104,0,564.363,-0.0499646,9.50926e-05,-0.000994759,0.0499746,100000,100000,1904.79,0,0.00500595,0.00147104,0,564.363,-0.0499646,9.50926e-05,-0.000994759,0.0499746,100000,100000,1904.79,0,0.00500595,0.00147104,0,564.363,-0.0499646,9.50926e-05,-0.000994759,0.0499746,100000,100000,1904.79,0,0.00500595,0.00147104,0,564.363,-0.0499646,9.50926e-05,-0.000994759,0.0499746,100000,100000,1904.79,0,0.00500595,0.00147104,0,564.363,-0.0499646,9.50926e-05,-0.000994759,0.0499746,100000,100000,1904.79,0,0.00500595,0.00147104,0,564.363,-0.0499646,9.50926e-05,-0.000994759,0.0499746,100000,100000,1904.79,0,0,0,0,0,0,0,0,0,0,0,0,0,1
stats,299,1,300,0.00500595,0.00147104,0,564.363,-0.0499646,9.50921e-05,-0.000994758,0.0499746,100000,100000,1904.79,0,0.00500595,0.00147104,0,564.363,-0.0499646,9.50921e-05,-0.000994758,0.0499746,100000,100000,1904.79,0,0.00500595,0.00147104,0,564.363,-0.0499646,9.50921e-05,-0.000994758,0.0499746,100000,100000,1904.79,0,0.00500595,0.00147104,0,564.363,-0.0499646,9.50921e-05,-0.000994758,0.0499746,100000,100000,1904.79,0,0.00500595,0.00147104,0,564.363,-0.0499646,9.50921e-05,-0.000994758,0.0499746,100000,100000,1904.79,0,0.00500595,0.00147104,0,564.363,-0.0499646,9.50921e-05,-0.000994758,0.0499746,100000,100000,1904.79,0,0,0,0,0,0,0,0,0,0,0,0,0,1
stats,300,1,301,0.00500595,0.00147104,0,564.363,-0.0499646,9.50902e-05,-0.000994757,0.0499746,100000,100000,1904.79,0,0.00500595,0.00147104,0,564.363,-0.0499646,9.50902e-05,-0.000994757,0.0499746,100000,100000,1904.79,0,0.00500595,0.00147104,0,564.363,-0.0499646,9.50902e-05,-0.000994757,0.0499746,100000,100000,1904.79,0,0.00500595,0.00147104,0,564.363,-0.0499646,9.50902e-05,-0.000994757,0.0499746,100000,100000,1904.79,0,0.00500595,0.00147104,0,564.363,-0.0499646,9.50902e-05,-0.000994757,0.0499746,100000,100000,1904.79,0,0.00500595,0.00147104,0,564.363,-0.0499646,9.50902e-05,-0.000994757,0.0499746,100000,100000,1904.79,0,0,0,0,0,0,0,0,0,0,0,0,0,1
stats,301,1,302,0.00500595,0.00147104,0,564.363,-0.0499646,9.50872e-05,-0.000994756,0.0499746,100000,100000,1904.79,0,0.00500595,0.00147104,0,564.363,-0.0499646,9.50872e-05,-0.000994756,0.0499746,100000,100000,1904.79,0,0.00500595,0.00147104,0,564.363,-0.0499646,9.50872e-05,-0.000994756,0.0499746,100000,100000,1904.79,0,0.00500595,0.00147104,0,564.363,-0.0499646,9.50872e-05,-0.000994756,0.0499746,100000,100000,1904.79,0,0.00500595,0.00147104,0,564.363,-0.0499646,9.50872e-05,-0.000994756,0.0499746,100000,100000,1904.79,0,0.00500595,0.00147104,0,564.363,-0.0499646,9.50872e-05,-0.000994756,0.0499746,100000,100000,1904.79,0,0,0,0,0,0,0,0,0,0,0,0,0,1
stats,302,1,303,0.00500595,0.00147104,0,564.363,-0.0499646,9.50837e-05,-0.000994754,0.0499746,100000,100000,1904.79,0,0.00500595,0.00147104,0,564.363,-0.0499646,9.50837e-05,-0.000994754,0.0499746,100000,100000,1904.79,0,0.00500595,0.00147104,0,564.363,-0.0499646,9.50837e-05,-0.000994754,0.0499746,100000,100000,1904.79,0,0.00500595,0.00147104,0,564.363,-0.0499646,9.50837e-05,-0.000994754,0.0499746,100000,100000,1904.79,0,0.00500595,0.00147104,0,564.363,-0.0499646,9.50837e-05,-0.000994754,0.0499746,100000,100000,1904.79,0,0.00500595,0.00147104,0,564.363,-0.0499646,9.50837e-05,-0.000994754,0.0499746,100000,100000,1904.79,0,0,0,0,0,0,0,0,0,0,0,0,0,1
stats,303,1,304,0.00500595,0.00147104,0,564.363,-0.0499646,9.50805e-05,-0.000994753,0.0499746,100000,100000,1904.79,0,0.00500595,0.00147104,0,564.363,-0.0499646,9.50805e-05,-0.000994753,0.0499746,100000,100000,1904.79,0,0.00500595,0.00147104,0,564.363,-0.0499646,9.50805e-05,-0.000994753,0.0499746,100000,100000,1904.79,0,0.00500595,0.00147104,0,564.363,-0.0499646,9.50805e-05,-0.000994753,0.0499746,100000,100000,1904.79,0,0.00500595,0.00147104,0,564.363,-0.0499646,9.50805e-05,-0.000994753,0.0499746,100000,100000,1904.79,0,0.00500595,0.00147104,0,564.363,-0.0499646,9.50805e-05,-0.000994753,0.0499746,100000,100000,1904.79,0,0,0,0,0,0,0,0,0,0,0,0,0,1
stats,304,1,305,0.00500595,0.00147104,0,564.363,-0.0499646,9.50782e-05,-0.000994752,0.0499746,100000,100000,1904.79,0,0.00500595,0.00147104,0,564.363,-0.0499646,9.50782e-05,-0.000994752,0.0499746,100000,100000,1904.79,0,0.00500595,0.00147104,0,564.363,-0.0499646,9.50782e-05,-0.000994752,0.0499746,100000,100000,1904.79,0,0.00500595,0.00147104,0,564.363,-0.0499646,9.50782e-05,-0.000994752,0.0499746,100000,100000,1904.79,0,0.00500595,0.00147104,0,564.363,-0.0499646,9.50782e-05,-0.000994752,0.0499746,100000,100000,1904.79,0,0.00500595,0.00147104,0,564.363,-0.0499646,9.50782e-05,-0.000994752,0.0499746,100000,100000,1904.79,0,0,0,0,0,0,0,0,0,0,0,0,0,1
stats,305,1,306,0.00500595,0.00147104,0,564.364,-0.0499646,9.5077e-05,-0.000994753,0.0499746,100000,100000,1904.79,0,0.00500595,0.00147104,0,564.364,-0.0499646,9.5077e-05,-0.000994753,0.0499746,100000,100000,1904.79,0,0.00500595,0.00147104,0,564.364,-0.0499646,9.5077e-05,-0.000994753,0.0499746,100000,100000,1904.79,0,0.00500595,0.00147104,0,564.364,-0.0499646,9.5077e-05,-0.000994753,0.0499746,100000,100000,1904.79,0,0.00500595,0.00147104,0,564.364,-0.0499646,9.5077e-05,-0.000994753,0.0499746,100000,100000,1904.79,0,0.00500595,0.00147104,0,564.364,-0.0499646,9.5077e-05,-0.000994753,0.0499746,100000,100000,1904.79,0,0,0,0,0,0,0,0,0,0,0,0,0,1
stats,306,1,307,0.00500595,0.00147104,0,564.364,-0.0499646,9.50767e-05,-0.000994755,0.0499746,100000,100000,1904.79,0,0.00500595,0.00147104,0,564.364,-0.0499646,9.50767e-05,-0.000994755,0.0499746,100000,100000,1904.79,0,0.00500595,0.00147104,0,564.364,-0.0499646,9.50767e-05,-0.000994755,0.0499746,100000,100000,1904.79,0,0.00500595,0.00147104,0,564.364,-0.0499646,9.50767e-05,-0.000994755,0.0499746,100000,100000,1904.79,0,0.00500595,0.00147104,0,564.364,-0.0499646,9.50767e-05,-0.000994755,0.0499746,100000,100000,1904.79,0,0.00500595,0.00147104,0,564.364,-0.0499646,9.50767e-05,-0.000994755,0.0499746,100000,100000,1904.79,0,0,0,0,0,0,0,0,0,0,0,0,0,1
stats,307,1,308,0.00500595,0.00147104,0,564.364,-0.0499646,9.50772e-05,-0.000994758,0.0499746,100000,100000,1904.79,0,0.00500595,0.00147104,0,564.364,-0.0499646,9.50772e-05,-0.000994758,0.0499746,100000,100000,1904.79,0,0.00500595,0.00147104,0,564.364,-0.0499646,9.50772e-05,-0.000994758,0.0499746,100000,100000,1904.79,0,0.00500595,0.00147104,0,564.364,-0.0499646,9.50772e-05,-0.000994758,0.0499746,100000,100000,1904.79,0,0.00500595,0.00147104,0,564.364,-0.0499646,9.50772e-05,-0.000994758,0.0499746,100000,100000,1904.79,0,0.00500595,0.00147104,0,564.364,-0.0499646,9.50772e-05,-0.000994758,0.0499746,100000,100000,1904.79,0,0,0,0,0,0,0,0,0,0,0,0,0,1
stats,308,1,309,0.00500595,0.00147104,0,564.364,-0.0499646,9.50781e-05,-0.000994762,0.0499746,100000,100000,1904.79,0,0.00500595,0.00147104,0,564.364,-0.0499646,9.50781e-05,-0.000994762,0.0499746,100000,100000,1904.79,0,0.00500595,0.00147104,0,564.364,-0.0499646,9.50781e-05,-0.000994762,0.0499746,100000,100000,1904.79,0,0.00500595,0.00147104,0,564.364,-0.0499646,9.50781e-05,-0.000994762,0.0499746,100000,100000,1904.79,0,0.00500595,0.00147104,0,564.364,-0.0499646,9.50781e-05,-0.000994762,0.0499746,100000,100000,1904.79,0,0.00500595,0.00147104,0,564.364,-0.0499646,9.50781e-05,-0.000994762,0.0499746,100000,100000,1904.79,0,0,0,0,0,0,0,0,0,0,0,0,0,1
stats,309,1,310,0.00500595,0.00147104,0,564.364,-0.0499646,9.50792e-05,-0.000994764,0.0499746,100000,100000,1904.79,0,0.00500595,0.00147104,0,564.364,-0.0499646,9.50792e-05,-0.000994764,0.0499746,100000,100000,1904.79,0,0.00500595,0.00147104,0,564.364,-0.0499646,9.50792e-05,-0.000994764,0.0499746,100000,100000,1904.79,0,0.00500595,0.00147104,0,564.364,-0.0499646,9.50792e-05,-0.000994764,0.0499746,100000,100000,1904.79,0,0.00500595,0.00147104,0,564.364,-0.0499646,9.50792e-05,-0.000994764,0.0499746,100000,100000,1904.79,0,0.00500595,0.00147104,0,564.364,-0.0499646,9.50792e-05,-0.000994764,0.0499746,100000,100000,1904.79,0,0,0,0,0,0,0,0,0,0,0,0,0,1
stats,310,1,311,0.00500595,0.00147104,0,564.364,-0.0499646,9.50807e-05,-0.000994766,0.0499746,100000,100000,1904.79,0,0.00500595,0.00147104,0,564.364,-0.0499646,9.50807e-05,-0.000994766,0.0499746,100000,100000,1904.79,0,0.00500595,0.00147104,0,564.364,-0.0499646,9.50807e-05,-0.000994766,0.0499746,100000,100000,1904.79,0,0.00500595,0.00147104,0,564.364,-0.0499646,9.50807e-05,-0.000994766,0.0499746,100000,100000,1904.79,0,0.00500595,0.00147104,0,564.364,-0.0499646,9.50807e-05,-0.000994766,0.0499746,100000,100000,1904.79,0,0.00500595,0.00147104,0,564.364,-0.0499646,9.50807e-05,-0.000994766,0.0499746,100000,100000,1904.79,0,0,0,0,0,0,0,0,0,0,0,0,0,1
stats,311,1,312,0.00500595,0.00147104,0,564.364,-0.0499646,9.50825e-05,-0.000994766,0.0499746,100000,100000,1904.79,0,0.00500595,0.00147104,0,564.364,-0.0499646,9.50825e-05,-0.000994766,0.0499746,100000,100000,1904.79,0,0.00500595,0.00147104,0,564.364,-0.0499646,9.50825e-05,-0.000994766,0.0499746,100000,100000,1904.79,0,0.00500595,0.00147104,0,564.364,-0.0499646,9.50825e-05,-0.000994766,0.0499746,100000,100000,1904.79,0,0.00500595,0.00147104,0,564.364,-0.0499646,9.50825e-05,-0.000994766,0.0499746,100000,100000,1904.79,0,0.00500595,0.00147104,0,564.364,-0.0499646,9.50825e-05,-0.000994766,0.0499746,100000,100000,1904.79,0,0,0,0,0,0,0,0,0,0,0,0,0,1
stats,312,1,313,0.00500595,0.00147104,0,564.364,-0.0499646,9.50845e-05,-0.000994766,0.0499746,100000,100000,1904.79,0,0.00500595,0.00147104,0,564.364,-0.0499646,9.50845e-05,-0.000994766,0.0499746,100000,100000,1904.79,0,0.00500595,0.00147104,0,564.364,-0.0499646,9.50845e-05,-0.000994766,0.0499746,100000,100000,1904.79,0,0.00500595,0.00147104,0,564.364,-0.0499646,9.50845e-05,-0.000994766,0.0499746,100000,100000,1904.79,0,0.00500595,0.00147104,0,564.364,-0.0499646,9.50845e-05,-0.000994766,0.0499746,100000,100000,1904.79,0,0.00500595,0.00147104,0,564.364,-0.0499646,9.50845e-05,-0.000994766,0.0499746,100000,100000,1904.79,0,0,0,0,0,0,0,0,0,0,0,0,0,1
stats,313,1,314,0.00500595,0.00147104,0,564.364,-0.0499646,9.50867e-05,-0.000994765,0.0499746,100000,100000,1904.79,0,0.00500595,0.00147104,0,564.364,-0.0499646,9.50867e-05,-0.000994765,0.0499746,100000,100000,1904.79,0,0.00500595,0.00147104,0,564.364,-0.0499646,9.50867e-05,-0.000994765,0.0499746,100000,100000,1904.79,0,0.00500595,0.00147104,0,564.364,-0.0499646,9.50867e-05,-0.000994765,0.0499746,100000,100000,1904.79,0,0.00500595,0.00147104,0,564.364,-0.0499646,9.50867e-05,-0.000994765,0.0499746,100000,100000,1904.79,0,0.00500595,0.00147104,0,564.364,-0.0499646,9.50867e-05,-0.000994765,0.0499746,100000,100000,1904.79,0,0,0,0,0,0,0,0,0,0,0,0,0,1
stats,314,1,315,0.00500595,0.00147104,0,564.364,-0.0499646,9.50888e-05,-0.000994764,0.0499746,100000,100000,1904.79,0,0.00500595,0.00147104,0,564.364,-0.0499646,9.50888e-05,-0.000994764,0.0499746,100000,100000,1904.79,0,0.00500595,0.00147104,0,564.364,-0.0499646,9.50888e-05,-0.000994764,0.0499746,100000,100000,1904.79,0,0.00500595,0.00147104,0,564.364,-0.0499646,9.50888e-05,-0.000994764,0.0499746,100000,100000,1904.79,0,0.00500595,0.00147104,0,564.364,-0.0499646,9.50888e-05,-0.000994764,0.0499746,100000,100000,1904.79,0,0.00500595,0.00147104,0,564.364,-0.0499646,9.50888e-05,-0.000994764,0.0499746,100000,100000,1904.79,0,0,0,0,0,0,0,0,0,0,0,0,0,1
stats,315,1,316,0.00500595,0.00147104,0,564.364,-0.0499646,9.50903e-05,-0.000994763,0.0499746,100000,100000,1904.79,0,0.00500595,0.00147104,0,564.364,-0.0499646,9.50903e-05,-0.000994763,0.0499746,100000,100000,1904.79,0,0.00500595,0.00147104,0,564.364,-0.0499646,9.50903e-05,-0.000994763,0.0499746,100000,100000,1904.79,0,0.00500595,0.00147104,0,564.364,-0.0499646,9.50903e-05,-0.000994763,0.0499746,100000,100000,1904.79,0,0.00500595,0.00147104,0,564.364,-0.0499646,9.50903e-05,-0.000994763,0.0499746,100000,100000,1904.79,0,0.00500595,0.00147104,0,564.364,-0.0499646,9.50903e-05,-0.000994763,0.0499746,100000,100000,1904.79,0,0,0,0,0,0,0,0,0,0,0,0,0,1
stats,316,1,317,0.00500595,0.00147104,0,564.365,-0.0499646,9.50909e-05,-0.000994762,0.0499746,100000,100000,1904.79,0,0.00500595,0.00147104,0,564.365,-0.0499646,9.50909e-05,-0.000994762,0.0499746,100000,100000,1904.79,0,0.00500595,0.00147104,0,564.365,-0.0499646,9.50909e-05,-0.000994762,0.0499746,100000,100000,1904.79,0,0.00500595,0.00147104,0,564.365,-0.0499646,9.50909e-05,-0.000994762,0.0499746,100000,100000,1904.79,0,0.00500595,0.00147104,0,564.365,-0.0499646,9.50909e-05,-0.000994762,0.0499746,100000,100000,1904.79,0,0.00500595,0.00147104,0,564.365,-0.0499646,9.50909e-05,-0.000994762,0.0499746,100000,100000,1904.79,0,0,0,0,0,0,0,0,0,0,0,0,0,1
stats,317,1,318,0.00500595,0.00147104,0,564.365,-0.0499646,9.50905e-05,-0.000994761,0.0499746,100000,100000,1904.79,0,0.00500595,0.00147104,0,564.365,-0.0499646,9.50905e-05,-0.000994761,0.0499746,100000,100000,1904.79,0,0.00500595,0.00147104,0,564.365,-0.0499646,9.50905e-05,-0.000994761,0.0499746,100000,100000,1904.79,0,0.00500595,0.00147104,0,564.365,-0.0499646,9.50905e-05,-0.000994761,0.0499746,100000,100000,1904.79,0,0.00500595,0.00147104,0,564.365,-0.0499646,9.50905e-05,-0.000994761,0.0499746,100000,100000,1904.79,0,0.00500595,0.00147104,0,564.365,-0.0499646,9.50905e-05,-0.000994761,0.0499746,100000,100000,1904.79,0,0,0,0,0,0,0,0,0,0,0,0,0,1
stats,318,1,319,0.00500595,0.00147104,0,564.365,-0.0499646,9.50893e-05,-0.00099476,0.0499746,100000,100000,1904.79,0,0.00500595,0.00147104,0,564.365,-0.0499646,9.50893e-05,-0.00099476,0.0499746,100000,100000,1904.79,0,0.00500595,0.00147104,0,564.365,-0.0499646,9.50893e-05,-0.00099476,0.0499746,100000,100000,1904.79,0,0.00500595,0.00147104,0,564.365,-0.0499646,9.50893e-05,-0.00099476,0.0499746,100000,100000,1904.79,0,0.00500595,0.00147104,0,564.365,-0.0499646,9.50893e-05,-0.00099476,0.0499746,100000,100000,1904.79,0,0.00500595,0.00147104,0,564.365,-0.0499646,9.50893e-05,-0.00099476,0.0499746,100000,100000,1904.79,0,0,0,0,0,0,0,0,0,0,0,0,0,1
stats,319,1,320,0.00500595,0.00147104,0,564.365,-0.0499646,9.50874e-05,-0.000994758,0.0499746,100000,100000,1904.79,0,0.00500595,0.00147104,0,564.365,-0.0499646,9.50874e-05,-0.000994758,0.0499746,100000,100000,1904.79,0,0.00500595,0.00147104,0,564.365,-0.0499646,9.50874e-05,-0.000994758,0.0499746,100000,100000,1904.79,0,0.00500595,0.00147104,0,564.365,-0.0499646,9.50874e-05,-0.000994758,0.0499746,100000,100000,1904.79,0,0.00500595,0.00147104,0,564.365,-0.0499646,9.50874e-05,-0.000994758,0.0499746,100000,100000,1904.79,0,0.00500595,0.00147104,0,564.365,-0.0499646,9.50874e-05,-0.000994758,0.0499746,100000,100000,1904.79,0,0,0,0,0,0,0,0,0,0,0,0,0,1
stats,320,1,321,0.00500595,0.00147104,0,564.365,-0.0499646,9.50853e-05,-0.000994756,0.0499746,100000,100000,1904.79,0,0.00500595,0.00147104,0,564.365,-0.0499646,9.50853e-05,-0.000994756,0.0499746,100000,100000,1904.79,0,0.00500595,0.00147104,0,564.365,-0.0499646,9.50853e-05,-0.000994756,0.0499746,100000,100000,1904.79,0,0.00500595,0.00147104,0,564.365,-0.0499646,9.50853e-05,-0.000994756,0.0499746,100000,100000,1904.79,0,0.00500595,0.00147104,0,564.365,-0.0499646,9.50853e-05,-0.000994756,0.0499746,100000,100000,1904.79,0,0.00500595,0.00147104,0,564.365,-0.0499646,9.50853e-05,-0.000994756,0.0499746,100000,100000,1904.79,0,0,0,0,0,0,0,0,0,0,0,0,0,1
stats,321,1,322,0.00500595,0.00147104,0,564.365,-0.0499646,9.50837e-05,-0.000994754,0.0499746,100000,100000,1904.79,0,0.00500595,0.00147104,0,564.365,-0.0499646,9.50837e-05,-0.000994754,0.0499746,100000,100000,1904.79,0,0.00500595,0.00147104,0,564.365,-0.0499646,9.50837e-05,-0.000994754,0.0499746,100000,100000,1904.79,0,0.00500595,0.00147104,0,564.365,-0.0499646,9.50837e-05,-0.000994754,0.0499746,100000,100000,1904.79,0,0.00500595,0.00147104,0,564.365,-0.0499646,9.50837e-05,-0.000994754,0.0499746,100000,100000,1904.79,0,0.00500595,0.00147104,0,564.365,-0.0499646,9.50837e-05,-0.000994754,0.0499746,100000,100000,1904.79,0,0,0,0,0,0,0,0,0,0,0,0,0,1
stats,322,1,323,0.00500595,0.00147104,0,564.365,-0.0499646,9.50827e-05,-0.000994754,0.0499746,100000,100000,1904.79,0,0.00500595,0.00147104,0,564.365,-0.0499646,9.50827e-05,-0.000994754,0.0499746,100000,100000,1904.79,0,0.00500595,0.00147104,0,564.365,-0.0499646,9.50827e-05,-0.000994754,0.0499746,100000,100000,1904.79,0,0.00500595,0.00147104,0,564.365,-0.0499646,9.50827e-05,-0.000994754,0.0499746,100000,100000,1904.79,0,0.00500595,0.00147104,0,564.365,-0.0499646,9.50827e-05,-0.000994754,0.0499746,100000,100000,1904.79,0,0.00500595,0.00147104,0,564.365,-0.0499646,9.50827e-05,-0.000994754,0.0499746,100000,100000,1904.79,0,0,0,0,0,0,0,0,0,0,0,0,0,1
stats,323,1,324,0.00500595,0.00147104,0,564.365,-0.0499646,9.50823e-05,-0.000994755,0.0499746,100000,100000,1904.79,0,0.00500595,0.00147104,0,564.365,-0.0499646,9.50823e-05,-0.000994755,0.0499746,100000,100000,1904.79,0,0.00500595,0.00147104,0,564.365,-0.0499646,9.50823e-05,-0.000994755,0.0499746,100000,100000,1904.79,0,0.00500595,0.00147104,0,564.365,-0.0499646,9.50823e-05,-0.000994755,0.0499746,100000,100000,1904.79,0,0.00500595,0.00147104,0,564.365,-0.0499646,9.50823e-05,-0.000994755,0.0499746,100000,100000,1904.79,0,0.00500595,0.00147104,0,564.365,-0.0499646,9.50823e-05,-0.000994755,0.0499746,100000,100000,1904.79,0,0,0,0,0,0,0,0,0,0,0,0,0,1
stats,324,1,325,0.00500595,0.00147104,0,564.365,-0.0499646,9.50821e-05,-0.000994758,0.0499746,100000,100000,1904.79,0,0.00500595,0.00147104,0,564.365,-0.0499646,9.50821e-05,-0.000994758,0.0499746,100000,100000,1904.79,0,0.00500595,0.00147104,0,564.365,-0.0499646,9.50821e-05,-0.000994758,0.0499746,100000,100000,1904.79,0,0.00500595,0.00147104,0,564.365,-0.0499646,9.50821e-05,-0.000994758,0.0499746,100000,100000,1904.79,0,0.00500595,0.00147104,0,564.365,-0.0499646,9.50821e-05,-0.000994758,0.0499746,100000,100000,1904.79,0,0.00500595,0.00147104,0,564.365,-0.0499646,9.50821e-05,-0.000994758,0.0499746,100000,100000,1904.79,0,0,0,0,0,0,0,0,0,0,0,0,0,1
stats,325,1,326,0.00500595,0.00147104,0,564.365,-0.0499646,9.50818e-05,-0.000994761,0.0499746,100000,100000,1904.79,0,0.00500595,0.00147104,0,564.365,-0.0499646,9.50818e-05,-0.000994761,0.0499746,100000,100000,1904.79,0,0.00500595,0.00147104,0,564.365,-0.0499646,9.50818e-05,-0.000994761,0.0499746,100000,100000,1904.79,0,0.00500595,0.00147104,0,564.365,-0.0499646,9.50818e-05,-0.000994761,0.0499746,100000,100000,1904.79,0,0.00500595,0.00147104,0,564.365,-0.0499646,9.50818e-05,-0.000994761,0.0499746,100000,100000,1904.79,0,0.00500595,0.00147104,0,564.365,-0.0499646,9.50818e-05,-0.000994761,0.0499746,100000,100000,1904.79,0,0,0,0,0,0,0,0,0,0,0,0,0,1
stats,326,1,327,0.00500595,0.00147104,0,564.365,-0.0499646,9.50814e-05,-0.000994764,0.0499746,100000,100000,1904.79,0,0.00500595,0.00147104,0,564.365,-0.0499646,9.50814e-05,-0.000994764,0.0499746,100000,100000,1904.79,0,0.00500595,0.00147104,0,564.365,-0.0499646,9.50814e-05,-0.000994764,0.0499746,100000,100000,1904.79,0,0.00500595,0.00147104,0,564.365,-0.0499646,9.50814e-05,-0.000994764,0.0499746,100000,100000,1904.79,0,0.00500595,0.00147104,0,564.365,-0.0499646,9.50814e-05,-0.000994764,0.0499746,100000,100000,1904.79,0,0.00500595,0.00147104,0,564.365,-0.0499646,9.50814e-05,-0.000994764,0.0499746,100000,100000,1904.79,0,0,0,0,0,0,0,0,0,0,0,0,0,1
stats,327,1,328,0.00500595,0.00147104,0,564.365,-0.0499646,9.5081e-05,-0.000994767,0.0499746,100000,100000,1904.79,0,0.00500595,0.00147104,0,564.365,-0.0499646,9.5081e-05,-0.000994767,0.0499746,100000,100000,1904.79,0,0.00500595,0.00147104,0,564.365,-0.0499646,9.5081e-05,-0.000994767,0.0499746,100000,100000,1904.79,0,0.00500595,0.00147104,0,564.365,-0.0499646,9.5081e-05,-0.000994767,0.0499746,100000,100000,1904.79,0,0.00500595,0.00147104,0,564.365,-0.0499646,9.5081e-05,-0.000994767,0.0499746,100000,100000,1904.79,0,0.00500595,0.00147104,0,564.365,-0.0499646,9.5081e-05,-0.000994767,0.0499746,100000,100000,1904.79,0,0,0,0,0,0,0,0,0,0,0,0,0,1
stats,328,1,329,0.00500595,0.00147104,0,564.366,-0.0499646,9.50809e-05,-0.000994768,0.0499746,100000,100000,1904.79,0,0.00500595,0.00147104,0,564.366,-0.0499646,9.50809e-05,-0.000994768,0.0499746,100000,100000,1904.79,0,0.00500595,0.00147104,0,564.366,-0.0499646,9.50809e-05,-0.000994768,0.0499746,100000,100000,1904.79,0,0.00500595,0.00147104,0,564.366,-0.0499646,9.50809e-05,-0.000994768,0.0499746,100000,100000,1904.79,0,0.00500595,0.00147104,0,564.366,-0.0499646,9.50809e-05,-0.000994768,0.0499746,100000,100000,1904.79,0,0.00500595,0.00147104,0,564.366,-0.0499646,9.50809e-05,-0.000994768,0.0499746,100000,100000,1904.79,0,0,0,0,0,0,0,0,0,0,0,0,0,1
stats,329,1,330,0.00500595,0.00147104,0,564.366,-0.0499646,9.50814e-05,-0.000994769,0.0499746,100000,100000,1904.79,0,0.00500595,0.00147104,0,564.366,-0.0499646,9.50814e-05,-0.000994769,0.0499746,100000,100000,1904.79,0,0.00500595,0.00147104,0,564.366,-0.0499646,9.50814e-05,-0.000994769,0.0499746,100000,100000,1904.79,0,0.00500595,0.00147104,0,564.366,-0.0499646,9.50814e-05,-0.000994769,0.0499746,100000,100000,1904.79,0,0.00500595,0.00147104,0,564.366,-0.0499646,9.50814e-05,-0.000994769,0.0499746,100000,100000,1904.79,0,0.00500595,0.00147104,0,564.366,-0.0499646,9.50814e-05,-0.000994769,0.0499746,100000,100000,1904.79,0,0,0,0,0,0,0,0,0,0,0,0,0,1
stats,330,1,331,0.00500595,0.00147104,0,564.366,-0.0499646,9.50825e-05,-0.000994769,0.0499746,100000,100000,1904.79,0,0.00500595,0.00147104,0,564.366,-0.0499646,9.50825e-05,-0.000994769,0.0499746,100000,100000,1904.79,0,0.00500595,0.00147104,0,564.366,-0.0499646,9.50825e-05,-0.000994769,0.0499746,100000,100000,1904.79,0,0.00500595,0.00147104,0,564.366,-0.0499646,9.50825e-05,-0.000994769,0.0499746,100000,100000,1904.79,0,0.00500595,0.00147104,0,564.366,-0.0499646,9.50825e-05,-0.000994769,0.0499746,100000,100000,1904.79,0,0.00500595,0.00147104,0,564.366,-0.0499646,9.50825e-05,-0.000994769,0.0499746,100000,100000,1904.79,0,0,0,0,0,0,0,0,0,0,0,0,0,1
stats,331,1,332,0.00500595,0.00147104,0,564.366,-0.0499646,9.50842e-05,-0.000994769,0.0499746,100000,100000,1904.79,0,0.00500595,0.00147104,0,564.366,-0.0499646,9.50842e-05,-0.000994769,0.0499746,100000,100000,1904.79,0,0.00500595,0.00147104,0,564.366,-0.0499646,9.50842e-05,-0.000994769,0.0499746,100000,100000,1904.79,0,0.00500595,0.00147104,0,564.366,-0.0499646,9.50842e-05,-0.000994769,0.0499746,100000,100000,1904.79,0,0.00500595,0.00147104,0,564.366,-0.0499646,9.50842e-05,-0.000994769,0.0499746,100000,100000,1904.79,0,0.00500595,0.00147104,0,564.366,-0.0499646,9.50842e-05,-0.000994769,0.0499746,100000,100000,1904.79,0,0,0,0,0,0,0,0,0,0,0,0,0,1
stats,332,1,333,0.00500595,0.00147104,0,564.366,-0.0499646,9.50859e-05,-0.000994768,0.0499746,100000,100000,1904.79,0,0.00500595,0.00147104,0,564.366,-0.0499646,9.50859e-05,-0.000994768,0.0499746,100000,100000,1904.79,0,0.00500595,0.00147104,0,564.366,-0.0499646,9.50859e-05,-0.000994768,0.0499746,100000,100000,1904.79,0,0.00500595,0.00147104,0,564.366,-0.0499646,9.50859e-05,-0.000994768,0.0499746,100000,100000,1904.79,0,0.00500595,0.00147104,0,564.366,-0.0499646,9.50859e-05,-0.000994768,0.0499746,100000,100000,1904.79,0,0.00500595,0.00147104,0,564.366,-0.0499646,9.50859e-05,-0.000994768,0.0499746,100000,100000,1904.79,0,0,0,0,0,0,0,0,0,0,0,0,0,1
stats,333,1,334,0.00500595,0.00147104,0,564.366,-0.0499646,9.50871e-05,-0.000994767,0.0499746,100000,100000,1904.79,0,0.00500595,0.00147104,0,564.366,-0.0499646,9.50871e-05,-0.000994767,0.0499746,100000,100000,1904.79,0,0.00500595,0.00147104,0,564.366,-0.0499646,9.50871e-05,-0.000994767,0.0499746,100000,100000,1904.79,0,0.00500595,0.00147104,0,564.366,-0.0499646,9.50871e-05,-0.000994767,0.0499746,100000,100000,1904.79,0,0.00500595,0.00147104,0,564.366,-0.0499646,9.50871e-05,-0.000994767,0.0499746,100000,100000,1904.79,0,0.00500595,0.00147104,0,564.366,-0.0499646,9.50871e-05,-0.000994767,0.0499746,100000,100000,1904.79,0,0,0,0,0,0,0,0,0,0,0,0,0,1
stats,334,1,335,0.00500595,0.00147104,0,564.366,-0.0499646,9.50876e-05,-0.000994765,0.0499746,100000,100000,1904.79,0,0.00500595,0.00147104,0,564.366,-0.0499646,9.50876e-05,-0.000994765,0.0499746,100000,100000,1904.79,0,0.00500595,0.00147104,0,564.366,-0.0499646,9.50876e-05,-0.000994765,0.0499746,100000,100000,1904.79,0,0.00500595,0.00147104,0,564.366,-0.0499646,9.50876e-05,-0.000994765,0.0499746,100000,100000,1904.79,0,0.00500595,0.00147104,0,564.366,-0.0499646,9.50876e-05,-0.000994765,0.0499746,100000,100000,1904.79,0,0.00500595,0.00147104,0,564.366,-0.0499646,9.50876e-05,-0.000994765,0.0499746,100000,100000,1904.79,0,0,0,0,0,0,0,0,0,0,0,0,0,1
stats,335,1,336,0.00500595,0.00147104,0,564.366,-0.0499646,9.50871e-05,-0.000994764,0.0499746,100000,100000,1904.79,0,0.00500595,0.00147104,0,564.366,-0.0499646,9.50871e-05,-0.000994764,0.0499746,100000,100000,1904.79,0,0.00500595,0.00147104,0,564.366,-0.0499646,9.50871e-05,-0.000994764,0.0499746,100000,100000,1904.79,0,0.00500595,0.00147104,0,564.366,-0.0499646,9.50871e-05,-0.000994764,0.0499746,100000,100000,1904.79,0,0.00500595,0.00147104,0,564.366,-0.0499646,9.50871e-05,-0.000994764,0.0499746,100000,100000,1904.79,0,0.00500595,0.00147104,0,564.366,-0.0499646,9.50871e-05,-0.000994764,0.0499746,100000,100000,1904.79,0,0,0,0,0,0,0,0,0,0,0,0,0,1
stats,336,1,337,0.00500595,0.00147104,0,564.366,-0.0499646,9.5086e-05,-0.000994761,0.0499746,100000,100000,1904.79,0,0.00500595,0.00147104,0,564.366,-0.0499646,9.5086e-05,-0.000994761,0.0499746,100000,100000,1904.79,0,0.00500595,0.00147104,0,564.366,-0.0499646,9.5086e-05,-0.000994761,0.0499746,100000,100000,1904.79,0,0.00500595,0.00147104,0,564.366,-0.0499646,9.5086e-05,-0.000994761,0.0499746,100000,100000,1904.79,0,0.00500595,0.00147104,0,564.366,-0.0499646,9.5086e-05,-0.000994761,0.0499746,100000,100000,1904.79,0,0.00500595,0.00147104,0,564.366,-0.0499646,9.5086e-05,-0.000994761,0.0499746,100000,100000,1904.79,0,0,0,0,0,0,0,0,0,0,0,0,0,1
stats,337,1,338,0.00500595,0.00147104,0,564.366,-0.0499646,9.50848e-05,-0.000994759,0.0499746,100000,100000,1904.79,0,0.00500595,0.00147104,0,564.366,-0.0499646,9.50848e-05,-0.000994759,0.0499746,100000,100000,1904.79,0,0.00500595,0.00147104,0,564.366,-0.0499646,9.50848e-05,-0.000994759,0.0499746,100000,100000,1904.79,0,0.00500595,0.00147104,0,564.366,-0.0499646,9.50848e-05,-0.000994759,0.0499746,100000,100000,1904.79,0,0.00500595,0.00147104,0,564.366,-0.0499646,9.50848e-05,-0.000994759,0.0499746,100000,100000,1904.79,0,0.00500595,0.00147104,0,564.366,-0.0499646,9.50848e-05,-0.000994759,0.0499746,100000,100000,1904.79,0,0,0,0,0,0,0,0,0,0,0,0,0,1
stats,338,1,339,0.00500595,0.00147104,0,564.366,-0.0499646,9.50841e-05,-0.000994757,0.0499746,100000,100000,1904.79,0,0.00500595,0.00147104,0,564.366,-0.0499646,9.50841e-05,-0.000994757,0.0499746,100000,100000,1904.79,0,0.00500595,0.00147104,0,564.366,-0.0499646,9.50841e-05,-0.000994757,0.0499746,100000,100000,1904.79,0,0.00500595,0.00147104,0,564.366,-0.0499646,9.50841e-05,-0.000994757,0.0499746,100000,100000,1904.79,0,0.00500595,0.00147104,0,564.366,-0.0499646,9.50841e-05,-0.000994757,0.0499746,100000,100000,1904.79,0,0.00500595,0.00147104,0,564.366,-0.0499646,9.50841e-05,-0.000994757,0.0499746,100000,100000,1904.79,0,0,0,0,0,0,0,0,0,0,0,0,0,1
stats,339,1,340,0.00500595,0.00147104,0,564.366,-0.0499646,9.50841e-05,-0.000994756,0.0499746,100000,100000,1904.79,0,0.00500595,0.00147104,0,564.366,-0.0499646,9.50841e-05,-0.000994756,0.0499746,100000,100000,1904.79,0,0.00500595,0.00147104,0,564.366,-0.0499646,9.50841e-05,-0.000994756,0.0499746,100000,100000,1904.79,0,0.00500595,0.00147104,0,564.366,-0.0499646,9.50841e-05,-0.000994756,0.0499746,100000,100000,1904.79,0,0.00500595,0.00147104,0,564.366,-0.0499646,9.50841e-05,-0.000994756,0.0499746,100000,100000,1904.79,0,0.00500595,0.00147104,0,564.366,-0.0499646,9.50841e-05,-0.000994756,0.0499746,100000,100000,1904.79,0,0,0,0,0,0,0,0,0,0,0,0,0,1
stats,340,1,341,0.00500595,0.00147104,0,564.366,-0.0499646,9.50846e-05,-0.000994756,0.0499746,100000,100000,1904.79,0,0.00500595,0.00147104,0,564.366,-0.0499646,9.50846e-05,-0.000994756,0.0499746,100000,100000,1904.79,0,0.00500595,0.00147104,0,564.366,-0.0499646,9.50846e-05,-0.000994756,0.0499746,100000,100000,1904.79,0,0.00500595,0.00147104,0,564.366,-0.0499646,9.50846e-05,-0.000994756,0.0499746,100000,100000,1904.79,0,0.00500595,0.00147104,0,564.366,-0.0499646,9.50846e-05,-0.000994756,0.0499746,100000,100000,1904.79,0,0.00500595,0.00147104,0,564.366,-0.0499646,9.50846e-05,-0.000994756,0.0499746,100000,100000,1904.79,0,0,0,0,0,0,0,0,0,0,0,0,0,1
stats,341,1,342,0.00500595,0.00147104,0,564.366,-0.0499646,9.50853e-05,-0.000994758,0.0499746,100000,100000,1904.79,0,0.00500595,0.00147104,0,564.366,-0.0499646,9.50853e-05,-0.000994758,0.0499746,100000,100000,1904.79,0,0.00500595,0.00147104,0,564.366,-0.0499646,9.50853e-05,-0.000994758,0.0499746,100000,100000,1904.79,0,0.00500595,0.00147104,0,564.366,-0.0499646,9.50853e-05,-0.000994758,0.0499746,100000,100000,1904.79,0,0.00500595,0.00147104,0,564.366,-0.0499646,9.50853e-05,-0.000994758,0.0499746,100000,100000,1904.79,0,0.00500595,0.00147104,0,564.366,-0.0499646,9.50853e-05,-0.000994758,0.0499746,100000,100000,1904.79,0,0,0,0,0,0,0,0,0,0,0,0,0,1
stats,342,1,343,0.00500595,0.00147104,0,564.366,-0.0499646,9.50858e-05,-0.000994761,0.0499746,100000,100000,1904.79,0,0.00500595,0.00147104,0,564.366,-0.0499646,9.50858e-05,-0.000994761,0.0499746,100000,100000,1904.79,0,0.00500595,0.00147104,0,564.366,-0.0499646,9.50858e-05,-0.000994761,0.0499746,100000,100000,1904.79,0,0.00500595,0.00147104,0,564.366,-0.0499646,9.50858e-05,-0.000994761,0.0499746,100000,100000,1904.79,0,0.00500595,0.00147104,0,564.366,-0.0499646,9.50858e-05,-0.000994761,0.0499746,100000,100000,1904.79,0,0.00500595,0.00147104,0,564.366,-0.0499646,9.50858e-05,-0.000994761,0.0499746,100000,100000,1904.79,0,0,0,0,0,0,0,0,0,0,0,0,0,1
stats,343,1,344,0.00500595,0.00147104,0,564.366,-0.0499646,9.50857e-05,-0.000994764,0.0499746,100000,100000,1904.79,0,0.00500595,0.00147104,0,564.366,-0.0499646,9.50857e-05,-0.000994764,0.0499746,100000,100000,1904.79,0,0.00500595,0.00147104,0,564.366,-0.0499646,9.50857e-05,-0.000994764,0.0499746,100000,100000,1904.79,0,0.00500595,0.00147104,0,564.366,-0.0499646,9.50857e-05,-0.000994764,0.0499746,100000,100000,1904.79,0,0.00500595,0.00147104,0,564.366,-0.0499646,9.50857e-05,-0.000994764,0.0499746,100000,100000,1904.79,0,0.00500595,0.00147104,0,564.366,-0.0499646,9.50857e-05,-0.000994764,0.0499746,100000,100000,1904.79,0,0,0,0,0,0,0,0,0,0,0,0,0,1
stats,344,1,345,0.00500595,0.00147104,0,564.366,-0.0499646,9.50851e-05,-0.000994767,0.0499746,100000,100000,1904.79,0,0.00500595,0.00147104,0,564.366,-0.0499646,9.50851e-05,-0.000994767,0.0499746,100000,100000,1904.79,0,0.00500595,0.00147104,0,564.366,-0.0499646,9.50851e-05,-0.000994767,0.0499746,100000,100000,1904.79,0,0.00500595,0.00147104,0,564.366,-0.0499646,9.50851e-05,-0.000994767,0.0499746,100000,100000,1904.79,0,0.00500595,0.00147104,0,564.366,-0.0499646,9.50851e-05,-0.000994767,0.0499746,100000,100000,1904.79,0,0.00500595,0.00147104,0,564.366,-0.0499646,9.50851e-05,-0.000994767,0.0499746,100000,100000,1904.79,0,0,0,0,0,0,0,0,0,0,0,0,0,1
stats,345,1,346,0.00500595,0.00147104,0,564.367,-0.0499646,9.5084e-05,-0.000994769,0.0499746,100000,100000,1904.79,0,0.00500595,0.00147104,0,564.367,-0.0499646,9.5084e-05,-0.000994769,0.0499746,100000,100000,1904.79,0,0.00500595,0.00147104,0,564.367,-0.0499646,9.5084e-05,-0.000994769,0.0499746,100000,100000,1904.79,0,0.00500595,0.00147104,0,564.367,-0.0499646,9.5084e-05,-0.000994769,0.0499746,100000,100000,1904.79,0,0.00500595,0.00147104,0,564.367,-0.0499646,9.5084e-05,-0.000994769,0.0499746,100000,100000,1904.79,0,0.00500595,0.00147104,0,564.367,-0.0499646,9.5084e-05,-0.000994769,0.0499746,100000,100000,1904.79,0,0,0,0,0,0,0,0,0,0,0,0,0,1
stats,346,1,347,0.00500595,0.00147104,0,564.367,-0.0499646,9.50829e-05,-0.00099477,0.0499746,100000,100000,1904.79,0,0.00500595,0.00147104,0,564.367,-0.0499646,9.50829e-05,-0.00099477,0.0499746,100000,100000,1904.79,0,0.00500595,0.00147104,0,564.367,-0.0499646,9.50829e-05,-0.00099477,0.0499746,100000,100000,1904.79,0,0.00500595,0.00147104,0,564.367,-0.0499646,9.50829e-05,-0.00099477,0.0499746,100000,100000,1904.79,0,0.00500595,0.00147104,0,564.367,-0.0499646,9.50829e-05,-0.00099477,0.0499746,100000,100000,1904.79,0,0.00500595,0.00147104,0,564.367,-0.0499646,9.50829e-05,-0.00099477,0.0499746,100000,100000,1904.79,0,0,0,0,0,0,0,0,0,0,0,0,0,1
stats,347,1,348,0.00500595,0.00147104,0,564.367,-0.0499646,9.50821e-05,-0.000994771,0.0499746,100000,100000,1904.79,0,0.00500595,0.00147104,0,564.367,-0.0499646,9.50821e-05,-0.000994771,0.0499746,100000,100000,1904.79,0,0.00500595,0.00147104,0,564.367,-0.0499646,9.50821e-05,-0.000994771,0.0499746,100000,100000,1904.79,0,0.00500595,0.00147104,0,564.367,-0.0499646,9.50821e-05,-0.000994771,0.0499746,100000,100000,1904.79,0,0.00500595,0.00147104,0,564.367,-0.0499646,9.50821e-05,-0.000994771,0.0499746,100000,100000,1904.79,0,0.00500595,0.00147104,0,564.367,-0.0499646,9.50821e-05,-0.000994771,0.0499746,100000,100000,1904.79,0,0,0,0,0,0,0,0,0,0,0,0,0,1
stats,348,1,349,0.00500595,0.00147104,0,564.367,-0.0499646,9.5082e-05,-0.000994772,0.0499746,100000,100000,1904.79,0,0.00500595,0.00147104,0,564.367,-0.0499646,9.5082e-05,-0.000994772,0.0499746,100000,100000,1904.79,0,0.00500595,0.00147104,0,564.367,-0.0499646,9.5082e-05,-0.000994772,0.0499746,100000,100000,1904.79,0,0.00500595,0.00147104,0,564.367,-0.0499646,9.5082e-05,-0.000994772,0.0499746,100000,100000,1904.79,0,0.00500595,0.00147104,0,564.367,-0.0499646,9.5082e-05,-0.000994772,0.0499746,100000,100000,1904.79,0,0.00500595,0.00147104,0,564.367,-0.0499646,9.5082e-05,-0.000994772,0.0499746,100000,100000,1904.79,0,0,0,0,0,0,0,0,0,0,0,0,0,1
stats,349,1,350,0.00500595,0.00147104,0,564.367,-0.0499646,9.50824e-05,-0.000994772,0.0499746,100000,100000,1904.79,0,0.00500595,0.00147104,0,564.367,-0.0499646,9.50824e-05,-0.000994772,0.0499746,100000,100000,1904.79,0,0.00500595,0.00147104,0,564.367,-0.0499646,9.50824e-05,-0.000994772,0.0499746,100000,100000,1904.79,0,0.00500595,0.00147104,0,564.367,-0.0499646,9.50824e-05,-0.000994772,0.0499746,100000,100000,1904.79,0,0.00500595,0.00147104,0,564.367,-0.0499646,9.50824e-05,-0.000994772,0.0499746,100000,100000,1904.79,0,0.00500595,0.00147104,0,564.367,-0.0499646,9.50824e-05,-0.000994772,0.0499746,100000,100000,1904.79,0,0,0,0,0,0,0,0,0,0,0,0,0,1
stats,350,1,351,0.00500595,0.00147104,0,564.367,-0.0499646,9.5083e-05,-0.000994772,0.0499746,100000,100000,1904.79,0,0.00500595,0.00147104,0,564.367,-0.0499646,9.5083e-05,-0.000994772,0.0499746,100000,100000,1904.79,0,0.00500595,0.00147104,0,564.367,-0.0499646,9.5083e-05,-0.000994772,0.0499746,100000,100000,1904.79,0,0.00500595,0.00147104,0,564.367,-0.0499646,9.5083e-05,-0.000994772,0.0499746,100000,100000,1904.79,0,0.00500595,0.00147104,0,564.367,-0.0499646,9.5083e-05,-0.000994772,0.0499746,100000,100000,1904.79,0,0.00500595,0.00147104,0,564.367,-0.0499646,9.5083e-05,-0.000994772,0.0499746,100000,100000,1904.79,0,0,0,0,0,0,0,0,0,0,0,0,0,1
stats,351,1,352,0.00500595,0.00147104,0,564.367,-0.0499646,9.50833e-05,-0.000994771,0.0499746,100000,100000,1904.79,0,0.00500595,0.00147104,0,564.367,-0.0499646,9.50833e-05,-0.000994771,0.0499746,100000,100000,1904.79,0,0.00500595,0.00147104,0,564.367,-0.0499646,9.50833e-05,-0.000994771,0.0499746,100000,100000,1904.79,0,0.00500595,0.00147104,0,564.367,-0.0499646,9.50833e-05,-0.000994771,0.0499746,100000,100000,1904.79,0,0.00500595,0.00147104,0,564.367,-0.0499646,9.50833e-05,-0.000994771,0.0499746,100000,100000,1904.79,0,0.00500595,0.00147104,0,564.367,-0.0499646,9.50833e-05,-0.000994771,0.0499746,100000,100000,1904.79,0,0,0,0,0,0,0,0,0,0,0,0,0,1
stats,352,1,353,0.00500595,0.00147104,0,564.367,-0.0499646,9.50831e-05,-0.000994769,0.0499746,100000,100000,1904.79,0,0.00500595,0.00147104,0,564.367,-0.0499646,9.50831e-05,-0.000994769,0.0499746,100000,100000,1904.79,0,0.00500595,0.00147104,0,564.367,-0.0499646,9.50831e-05,-0.000994769,0.0499746,100000,100000,1904.79,0,0.00500595,0.00147104,0,564.367,-0.0499646,9.50831e-05,-0.000994769,0.0499746,100000,100000,1904.79,0,0.00500595,0.00147104,0,564.367,-0.0499646,9.50831e-05,-0.000994769,0.0499746,100000,100000,1904.79,0,0.00500595,0.00147104,0,564.367,-0.0499646,9.50831e-05,-0.000994769,0.0499746,100000,100000,1904.79,0,0,0,0,0,0,0,0,0,0,0,0,0,1
stats,353,1,354,0.00500595,0.00147104,0,564.367,-0.0499646,9.50823e-05,-0.000994766,0.0499746,100000,100000,1904.79,0,0.00500595,0.00147104,0,564.367,-0.0499646,9.50823e-05,-0.000994766,0.0499746,100000,100000,1904.79,0,0.00500595,0.00147104,0,564.367,-0.0499646,9.50823e-05,-0.000994766,0.0499746,100000,100000,1904.79,0,0.00500595,0.00147104,0,564.367,-0.0499646,9.50823e-05,-0.000994766,0.0499746,100000,100000,1904.79,0,0.00500595,0.00147104,0,564.367,-0.0499646,9.50823e-05,-0.000994766,0.0499746,100000,100000,1904.79,0,0.00500595,0.00147104,0,564.367,-0.0499646,9.50823e-05,-0.000994766,0.0499746,100000,100000,1904.79,0,0,0,0,0,0,0,0,0,0,0,0,0,1
stats,354,1,355,0.00500595,0.00147104,0,564.367,-0.0499646,9.50813e-05,-0.000994763,0.0499746,100000,100000,1904.79,0,0.00500595,0.00147104,0,564.367,-0.0499646,9.50813e-05,-0.000994763,0.0499746,100000,100000,1904.79,0,0.00500595,0.00147104,0,564.367,-0.0499646,9.50813e-05,-0.000994763,0.0499746,100000,100000,1904.79,0,0.00500595,0.00147104,0,564.367,-0.0499646,9.50813e-05,-0.000994763,0.0499746,100000,100000,1904.79,0,0.00500595,0.00147104,0,564.367,-0.0499646,9.50813e-05,-0.000994763,0.0499746,100000,100000,1904.79,0,0.00500595,0.00147104,0,564.367,-0.0499646,9.50813e-05,-0.000994763,0.0499746,100000,100000,1904.79,0,0,0,0,0,0,0,0,0,0,0,0,0,1
stats,355,1,356,0.00500595,0.00147104,0,564.367,-0.0499646,9.50805e-05,-0.00099476,0.0499746,100000,100000,1904.79,0,0.00500595,0.00147104,0,564.367,-0.0499646,9.50805e-05,-0.00099476,0.0499746,100000,100000,1904.79,0,0.00500595,0.00147104,0,564.367,-0.0499646,9.50805e-05,-0.00099476,0.0499746,100000,100000,1904.79,0,0.00500595,0.00147104,0,564.367,-0.0499646,9.50805e-05,-0.00099476,0.0499746,100000,100000,1904.79,0,0.00500595,0.00147104,0,564.367,-0.0499646,9.50805e-05,-0.00099476,0.0499746,100000,100000,1904.79,0,0.00500595,0.00147104,0,564.367,-0.0499646,9.50805e-05,-0.00099476,0.0499746,100000,100000,1904.79,0,0,0,0,0,0,0,0,0,0,0,0,0,1
stats,356,1,357,0.00500595,0.00147104,0,564.367,-0.0499646,9.50807e-05,-0.000994757,0.0499746,100000,100000,1904.79,0,0.00500595,0.00147104,0,564.367,-0.0499646,9.50807e-05,-0.000994757,0.0499746,100000,100000,1904.79,0,0.00500595,0.00147104,0,564.367,-0.0499646,9.50807e-05,-0.000994757,0.0499746,100000,100000,1904.79,0,0.00500595,0.00147104,0,564.367,-0.0499646,9.50807e-05,-0.000994757,0.0499746,100000,100000,1904.79,0,0.00500595,0.00147104,0,564.367,-0.0499646,9.50807e-05,-0.000994757,0.0499746,100000,100000,1904.79,0,0.00500595,0.00147104,0,564.367,-0.0499646,9.50807e-05,-0.000994757,0.0499746,100000,100000,1904.79,0,0,0,0,0,0,0,0,0,0,0,0,0,1
stats,357,1,358,0.00500595,0.00147104,0,564.367,-0.0499646,9.50818e-05,-0.000994757,0.0499746,100000,100000,1904.79,0,0.00500595,0.00147104,0,564.367,-0.0499646,9.50818e-05,-0.000994757,0.0499746,100000,100000,1904.79,0,0.00500595,0.00147104,0,564.367,-0.0499646,9.50818e-05,-0.000994757,0.0499746,100000,100000,1904.79,0,0.00500595,0.00147104,0,564.367,-0.0499646,9.50818e-05,-0.000994757,0.0499746,100000,100000,1904.79,0,0.00500595,0.00147104,0,564.367,-0.0499646,9.50818e-05,-0.000994757,0.0499746,100000,100000,1904.79,0,0.00500595,0.00147104,0,564.367,-0.0499646,9.50818e-05,-0.000994757,0.0499746,100000,100000,1904.79,0,0,0,0,0,0,0,0,0,0,0,0,0,1
stats,358,1,359,0.00500595,0.00147104,0,564.367,-0.0499646,9.50838e-05,-0.000994757,0.0499746,100000,100000,1904.79,0,0.00500595,0.00147104,0,564.367,-0.0499646,9.50838e-05,-0.000994757,0.0499746,100000,100000,1904.79,0,0.00500595,0.00147104,0,564.367,-0.0499646,9.50838e-05,-0.000994757,0.0499746,100000,100000,1904.79,0,0.00500595,0.00147104,0,564.367,-0.0499646,9.50838e-05,-0.000994757,0.0499746,100000,100000,1904.79,0,0.00500595,0.00147104,0,564.367,-0.0499646,9.50838e-05,-0.000994757,0.0499746,100000,100000,1904.79,0,0.00500595,0.00147104,0,564.367,-0.0499646,9.50838e-05,-0.000994757,0.0499746,100000,100000,1904.79,0,0,0,0,0,0,0,0,0,0,0,0,0,1
stats,359,1,360,0.00500595,0.00147104,0,564.367,-0.0499646,9.50857e-05,-0.00099476,0.0499746,100000,100000,1904.79,0,0.00500595,0.00147104,0,564.367,-0.0499646,9.50857e-05,-0.00099476,0.0499746,100000,100000,1904.79,0,0.00500595,0.00147104,0,564.367,-0.0499646,9.50857e-05,-0.00099476,0.0499746,100000,100000,1904.79,0,0.00500595,0.00147104,0,564.367,-0.0499646,9.50857e-05,-0.00099476,0.0499746,100000,100000,1904.79,0,0.00500595,0.00147104,0,564.367,-0.0499646,9.50857e-05,-0.00099476,0.0499746,100000,100000,1904.79,0,0.00500595,0.00147104,0,564.367,-0.0499646,9.50857e-05,-0.00099476,0.0499746,100000,100000,1904.79,0,0,0,0,0,0,0,0,0,0,0,0,0,1
stats,360,1,361,0.00500595,0.00147104,0,564.367,-0.0499646,9.50869e-05,-0.000994763,0.0499746,100000,100000,1904.79,0,0.00500595,0.00147104,0,564.367,-0.0499646,9.50869e-05,-0.000994763,0.0499746,100000,100000,1904.79,0,0.00500595,0.00147104,0,564.367,-0.0499646,9.50869e-05,-0.000994763,0.0499746,100000,100000,1904.79,0,0.00500595,0.00147104,0,564.367,-0.0499646,9.50869e-05,-0.000994763,0.0499746,100000,100000,1904.79,0,0.00500595,0.00147104,0,564.367,-0.0499646,9.50869e-05,-0.000994763,0.0499746,100000,100000,1904.79,0,0.00500595,0.00147104,0,564.367,-0.0499646,9.50869e-05,-0.000994763,0.0499746,100000,100000,1904.79,0,0,0,0,0,0,0,0,0,0,0,0,0,1
stats,361,1,362,0.00500595,0.00147104,0,564.367,-0.0499646,9.50872e-05,-0.000994766,0.0499746,100000,100000,1904.79,0,0.00500595,0.00147104,0,564.367,-0.0499646,9.50872e-05,-0.000994766,0.0499746,100000,100000,1904.79,0,0.00500595,0.00147104,0,564.367,-0.0499646,9.50872e-05,-0.000994766,0.0499746,100000,100000,1904.79,0,0.00500595,0.00147104,0,564.367,-0.0499646,9.50872e-05,-0.000994766,0.0499746,100000,100000,1904.79,0,0.00500595,0.00147104,0,564.367,-0.0499646,9.50872e-05,-0.000994766,0.0499746,100000,100000,1904.79,0,0.00500595,0.00147104,0,564.367,-0.0499646,9.50872e-05,-0.000994766,0.0499746,100000,100000,1904.79,0,0,0,0,0,0,0,0,0,0,0,0,0,1
stats,362,1,363,0.00500595,0.00147104,0,564.367,-0.0499646,9.50866e-05,-0.000994768,0.0499746,100000,100000,1904.79,0,0.00500595,0.00147104,0,564.367,-0.0499646,9.50866e-05,-0.000994768,0.0499746,100000,100000,1904.79,0,0.00500595,0.00147104,0,564.367,-0.0499646,9.50866e-05,-0.000994768,0.0499746,100000,100000,1904.79,0,0.00500595,0.00147104,0,564.367,-0.0499646,9.50866e-05,-0.000994768,0.0499746,100000,100000,1904.79,0,0.00500595,0.00147104,0,564.367,-0.0499646,9.50866e-05,-0.000994768,0.0499746,100000,100000,1904.79,0,0.00500595,0.00147104,0,564.367,-0.0499646,9.50866e-05,-0.000994768,0.0499746,100000,100000,1904.79,0,0,0,0,0,0,0,0,0,0,0,0,0,1
stats,363,1,364,0.00500595,0.00147104,0,564.367,-0.0499646,9.50856e-05,-0.00099477,0.0499746,100000,100000,1904.79,0,0.00500595,0.00147104,0,564.367,-0.0499646,9.50856e-05,-0.00099477,0.0499746,100000,100000,1904.79,0,0.00500595,0.00147104,0,564.367,-0.0499646,9.50856e-05,-0.00099477,0.0499746,100000,100000,1904.79,0,0.00500595,0.00147104,0,564.367,-0.0499646,9.50856e-05,-0.00099477,0.0499746,100000,100000,1904.79,0,0.00500595,0.00147104,0,564.367,-0.0499646,9.50856e-05,-0.00099477,0.0499746,100000,100000,1904.79,0,0.00500595,0.00147104,0,564.367,-0.0499646,9.50856e-05,-0.00099477,0.0499746,100000,100000,1904.79,0,0,0,0,0,0,0,0,0,0,0,0,0,1
stats,364,1,365,0.00500595,0.00147104,0,564.367,-0.0499646,9.50844e-05,-0.000994771,0.0499746,100000,100000,1904.79,0,0.00500595,0.00147104,0,564.367,-0.0499646,9.50844e-05,-0.000994771,0.0499746,100000,100000,1904.79,0,0.00500595,0.00147104,0,564.367,-0.0499646,9.50844e-05,-0.000994771,0.0499746,100000,100000,1904.79,0,0.00500595,0.00147104,0,564.367,-0.0499646,9.50844e-05,-0.000994771,0.0499746,100000,100000,1904.79,0,0.00500595,0.00147104,0,564.367,-0.0499646,9.50844e-05,-0.000994771,0.0499746,100000,100000,1904.79,0,0.00500595,0.00147104,0,564.367,-0.0499646,9.50844e-05,-0.000994771,0.0499746,100000,100000,1904.79,0,0,0,0,0,0,0,0,0,0,0,0,0,1
stats,365,1,366,0.00500595,0.00147104,0,564.367,-0.0499646,9.50832e-05,-0.000994772,0.0499746,100000,100000,1904.79,0,0.00500595,0.00147104,0,564.367,-0.0499646,9.50832e-05,-0.000994772,0.0499746,100000,100000,1904.79,0,0.00500595,0.00147104,0,564.367,-0.0499646,9.50832e-05,-0.000994772,0.0499746,100000,100000,1904.79,0,0.00500595,0.00147104,0,564.367,-0.0499646,9.50832e-05,-0.000994772,0.0499746,100000,100000,1904.79,0,0.00500595,0.00147104,0,564.367,-0.0499646,9.50832e-05,-0.000994772,0.0499746,100000,100000,1904.79,0,0.00500595,0.00147104,0,564.367,-0.0499646,9.50832e-05,-0.000994772,0.0499746,100000,100000,1904.79,0,0,0,0,0,0,0,0,0,0,0,0,0,1
stats,366,1,367,0.00500595,0.00147104,0,564.368,-0.0499646,9.50822e-05,-0.000994772,0.0499746,100000,100000,1904.79,0,0.00500595,0.00147104,0,564.368,-0.0499646,9.50822e-05,-0.000994772,0.0499746,100000,100000,1904.79,0,0.00500595,0.00147104,0,564.368,-0.0499646,9.50822e-05,-0.000994772,0.0499746,100000,100000,1904.79,0,0.00500595,0.00147104,0,564.368,-0.0499646,9.50822e-05,-0.000994772,0.0499746,100000,100000,1904.79,0,0.00500595,0.00147104,0,564.368,-0.0499646,9.50822e-05,-0.000994772,0.0499746,100000,100000,1904.79,0,0.00500595,0.00147104,0,564.368,-0.0499646,9.50822e-05,-0.000994772,0.0499746,100000,100000,1904.79,0,0,0,0,0,0,0,0,0,0,0,0,0,1
stats,367,1,368,0.00500595,0.00147104,0,564.368,-0.0499646,9.50813e-05,-0.000994773,0.0499746,100000,100000,1904.79,0,0.00500595,0.00147104,0,564.368,-0.0499646,9.50813e-05,-0.000994773,0.0499746,100000,100000,1904.79,0,0.00500595,0.00147104,0,564.368,-0.0499646,9.50813e-05,-0.000994773,0.0499746,100000,100000,1904.79,0,0.00500595,0.00147104,0,564.368,-0.0499646,9.50813e-05,-0.000994773,0.0499746,100000,100000,1904.79,0,0.00500595,0.00147104,0,564.368,-0.0499646,9.50813e-05,-0.000994773,0.0499746,100000,100000,1904.79,0,0.00500595,0.00147104,0,564.368,-0.0499646,9.50813e-05,-0.000994773,0.0499746,100000,100000,1904.79,0,0,0,0,0,0,0,0,0,0,0,0,0,1
stats,368,1,369,0.00500595,0.00147104,0,564.368,-0.0499646,9.50803e-05,-0.000994773,0.0499746,100000,100000,1904.79,0,0.00500595,0.00147104,0,564.368,-0.0499646,9.50803e-05,-0.000994773,0.0499746,100000,100000,1904.79,0,0.00500595,0.00147104,0,564.368,-0.0499646,9.50803e-05,-0.000994773,0.0499746,100000,100000,1904.79,0,0.00500595,0.00147104,0,564.368,-0.0499646,9.50803e-05,-0.000994773,0.0499746,100000,100000,1904.79,0,0.00500595,0.00147104,0,564.368,-0.0499646,9.50803e-05,-0.000994773,0.0499746,100000,100000,1904.79,0,0.00500595,0.00147104,0,564.368,-0.0499646,9.50803e-05,-0.000994773,0.0499746,100000,100000,1904.79,0,0,0,0,0,0,0,0,0,0,0,0,0,1
stats,369,1,370,0.00500595,0.00147104,0,564.368,-0.0499646,9.50791e-05,-0.000994773,0.0499746,100000,100000,1904.79,0,0.00500595,0.00147104,0,564.368,-0.0499646,9.50791e-05,-0.000994773,0.0499746,100000,100000,1904.79,0,0.00500595,0.00147104,0,564.368,-0.0499646,9.50791e-05,-0.000994773,0.0499746,100000,100000,1904.79,0,0.00500595,0.00147104,0,564.368,-0.0499646,9.50791e-05,-0.000994773,0.0499746,100000,100000,1904.79,0,0.00500595,0.00147104,0,564.368,-0.0499646,9.50791e-05,-0.000994773,0.0499746,100000,100000,1904.79,0,0.00500595,0.00147104,0,564.368,-0.0499646,9.50791e-05,-0.000994773,0.0499746,100000,100000,1904.79,0,0,0,0,0,0,0,0,0,0,0,0,0,1
stats,370,1,371,0.00500595,0.00147104,0,564.368,-0.0499646,9.50777e-05,-0.000994772,0.0499746,100000,100000,1904.79,0,0.00500595,0.00147104,0,564.368,-0.0499646,9.50777e-05,-0.000994772,0.0499746,100000,100000,1904.79,0,0.00500595,0.00147104,0,564.368,-0.0499646,9.50777e-05,-0.000994772,0.0499746,100000,100000,1904.79,0,0.00500595,0.00147104,0,564.368,-0.0499646,9.50777e-05,-0.000994772,0.0499746,100000,100000,1904.79,0,0.00500595,0.00147104,0,564.368,-0.0499646,9.50777e-05,-0.000994772,0.0499746,100000,100000,1904.79,0,0.00500595,0.00147104,0,564.368,-0.0499646,9.50777e-05,-0.000994772,0.0499746,100000,100000,1904.79,0,0,0,0,0,0,0,0,0,0,0,0,0,1
stats,371,1,372,0.00500595,0.00147104,0,564.368,-0.0499646,9.50763e-05,-0.000994769,0.0499746,100000,100000,1904.79,0,0.00500595,0.00147104,0,564.368,-0.0499646,9.50763e-05,-0.000994769,0.0499746,100000,100000,1904.79,0,0.00500595,0.00147104,0,564.368,-0.0499646,9.50763e-05,-0.000994769,0.0499746,100000,100000,1904.79,0,0.00500595,0.00147104,0,564.368,-0.0499646,9.50763e-05,-0.000994769,0.0499746,100000,100000,1904.79,0,0.00500595,0.00147104,0,564.368,-0.0499646,9.50763e-05,-0.000994769,0.0499746,100000,100000,1904.79,0,0.00500595,0.00147104,0,564.368,-0.0499646,9.50763e-05,-0.000994769,0.0499746,100000,100000,1904.79,0,0,0,0,0,0,0,0,0,0,0,0,0,1
stats,372,1,373,0.00500595,0.00147104,0,564.368,-0.0499646,9.50754e-05,-0.000994766,0.0499746,100000,100000,1904.79,0,0.00500595,0.00147104,0,564.368,-0.0499646,9.50754e-05,-0.000994766,0.0499746,100000,100000,1904.79,0,0.00500595,0.00147104,0,564.368,-0.0499646,9.50754e-05,-0.000994766,0.0499746,100000,100000,1904.79,0,0.00500595,0.00147104,0,564.368,-0.0499646,9.50754e-05,-0.000994766,0.0499746,100000,100000,1904.79,0,0.00500595,0.00147104,0,564.368,-0.0499646,9.50754e-05,-0.000994766,0.0499746,100000,100000,1904.79,0,0.00500595,0.00147104,0,564.368,-0.0499646,9.50754e-05,-0.000994766,0.0499746,100000,100000,1904.79,0,0,0,0,0,0,0,0,0,0,0,0,0,1
stats,373,1,374,0.00500595,0.00147104,0,564.368,-0.0499646,9.50754e-05,-0.000994763,0.0499746,100000,100000,1904.79,0,0.00500595,0.00147104,0,564.368,-0.0499646,9.50754e-05,-0.000994763,0.0499746,100000,100000,1904.79,0,0.00500595,0.00147104,0,564.368,-0.0499646,9.50754e-05,-0.000994763,0.0499746,100000,100000,1904.79,0,0.00500595,0.00147104,0,564.368,-0.0499646,9.50754e-05,-0.000994763,0.0499746,100000,100000,1904.79,0,0.00500595,0.00147104,0,564.368,-0.0499646,9.50754e-05,-0.000994763,0.0499746,100000,100000,1904.79,0,0.00500595,0.00147104,0,564.368,-0.0499646,9.50754e-05,-0.000994763,0.0499746,100000,100000,1904.79,0,0,0,0,0,0,0,0,0,0,0,0,0,1
stats,374,1,375,0.00500595,0.00147104,0,564.368,-0.0499646,9.50766e-05,-0.00099476,0.0499746,100000,100000,1904.79,0,0.00500595,0.00147104,0,564.368,-0.0499646,9.50766e-05,-0.00099476,0.0499746,100000,100000,1904.79,0,0.00500595,0.00147104,0,564.368,-0.0499646,9.50766e-05,-0.00099476,0.0499746,100000,100000,1904.79,0,0.00500595,0.00147104,0,564.368,-0.0499646,9.50766e-05,-0.00099476,0.0499746,100000,100000,1904.79,0,0.00500595,0.00147104,0,564.368,-0.0499646,9.50766e-05,-0.00099476,0.0499746,100000,100000,1904.79,0,0.00500595,0.00147104,0,564.368,-0.0499646,9.50766e-05,-0.00099476,0.0499746,100000,100000,1904.79,0,0,0,0,0,0,0,0,0,0,0,0,0,1
stats,375,1,376,0.00500595,0.00147104,0,564.368,-0.0499646,9.50788e-05,-0.00099476,0.0499746,100000,100000,1904.79,0,0.00500595,0.00147104,0,564.368,-0.0499646,9.50788e-05,-0.00099476,0.0499746,100000,100000,1904.79,0,0.00500595,0.00147104,0,564.368,-0.0499646,9.50788e-05,-0.00099476,0.0499746,100000,100000,1904.79,0,0.00500595,0.00147104,0,564.368,-0.0499646,9.50788e-05,-0.00099476,0.0499746,100000,100000,1904.79,0,0.00500595,0.00147104,0,564.368,-0.0499646,9.50788e-05,-0.00099476,0.0499746,100000,100000,1904.79,0,0.00500595,0.00147104,0,564.368,-0.0499646,9.50788e-05,-0.00099476,0.0499746,100000,100000,1904.79,0,0,0,0,0,0,0,0,0,0,0,0,0,1
stats,376,1,377,0.00500595,0.00147104,0,564.368,-0.0499646,9.50815e-05,-0.00099476,0.0499746,100000,100000,1904.79,0,0.00500595,0.00147104,0,564.368,-0.0499646,9.50815e-05,-0.00099476,0.0499746,100000,100000,1904.79,0,0.00500595,0.00147104,0,564.368,-0.0499646,9.50815e-05,-0.00099476,0.0499746,100000,100000,1904.79,0,0.00500595,0.00147104,0,564.368,-0.0499646,9.50815e-05,-0.00099476,0.0499746,100000,100000,1904.79,0,0.00500595,0.00147104,0,564.368,-0.0499646,9.50815e-05,-0.00099476,0.0499746,100000,100000,1904.79,0,0.00500595,0.00147104,0,564.368,-0.0499646,9.50815e-05,-0.00099476,0.0499746,100000,100000,1904.79,0,0,0,0,0,0,0,0,0,0,0,0,0,1
stats,377,1,378,0.00500595,0.00147104,0,564.368,-0.0499646,9.50842e-05,-0.000994762,0.0499746,100000,100000,1904.79,0,0.00500595,0.00147104,0,564.368,-0.0499646,9.50842e-05,-0.000994762,0.0499746,100000,100000,1904.79,0,0.00500595,0.00147104,0,564.368,-0.0499646,9.50842e-05,-0.000994762,0.0499746,100000,100000,1904.79,0,0.00500595,0.00147104,0,564.368,-0.0499646,9.50842e-05,-0.000994762,0.0499746,100000,100000,1904.79,0,0.00500595,0.00147104,0,564.368,-0.0499646,9.50842e-05,-0.000994762,0.0499746,100000,100000,1904.79,0,0.00500595,0.00147104,0,564.368,-0.0499646,9.50842e-05,-0.000994762,0.0499746,100000,100000,1904.79,0,0,0,0,0,0,0,0,0,0,0,0,0,1
stats,378,1,379,0.00500595,0.00147104,0,564.368,-0.0499646,9.50865e-05,-0.000994765,0.0499746,100000,100000,1904.79,0,0.00500595,0.00147104,0,564.368,-0.0499646,9.50865e-05,-0.000994765,0.0499746,100000,100000,1904.79,0,0.00500595,0.00147104,0,564.368,-0.0499646,9.50865e-05,-0.000994765,0.0499746,100000,100000,1904.79,0,0.00500595,0.00147104,0,564.368,-0.0499646,9.50865e-05,-0.000994765,0.0499746,100000,100000,1904.79,0,0.00500595,0.00147104,0,564.368,-0.0499646,9.50865e-05,-0.000994765,0.0499746,100000,100000,1904.79,0,0.00500595,0.00147104,0,564.368,-0.0499646,9.50865e-05,-0.000994765,0.0499746,100000,100000,1904.79,0,0,0,0,0,0,0,0,0,0,0,0,0,1
stats,379,1,380,0.00500595,0.00147104,0,564.368,-0.0499646,9.5088e-05,-0.000994767,0.0499746,100000,100000,1904.79,0,0.00500595,0.00147104,0,564.368,-0.0499646,9.5088e-05,-0.000994767,0.0499746,100000,100000,1904.79,0,0.00500595,0.00147104,0,564.368,-0.0499646,9.5088e-05,-0.000994767,0.0499746,100000,100000,1904.79,0,0.00500595,0.00147104,0,564.368,-0.0499646,9.5088e-05,-0.000994767,0.0499746,100000,100000,1904.79,0,0.00500595,0.00147104,0,564.368,-0.0499646,9.5088e-05,-0.000994767,0.0499746,100000,100000,1904.79,0,0.00500595,0.00147104,0,564.368,-0.0499646,9.5088e-05,-0.000994767,0.0499746,100000,100000,1904.79,0,0,0,0,0,0,0,0,0,0,0,0,0,1
stats,380,1,381,0.00500595,0.00147104,0,564.368,-0.0499646,9.50886e-05,-0.000994769,0.0499746,100000,100000,1904.79,0,0.00500595,0.00147104,0,564.368,-0.0499646,9.50886e-05,-0.000994769,0.0499746,100000,100000,1904.79,0,0.00500595,0.00147104,0,564.368,-0.0499646,9.50886e-05,-0.000994769,0.0499746,100000,100000,1904.79,0,0.00500595,0.00147104,0,564.368,-0.0499646,9.50886e-05,-0.000994769,0.0499746,100000,100000,1904.79,0,0.00500595,0.00147104,0,564.368,-0.0499646,9.50886e-05,-0.000994769,0.0499746,100000,100000,1904.79,0,0.00500595,0.00147104,0,564.368,-0.0499646,9.50886e-05,-0.000994769,0.0499746,100000,100000,1904.79,0,0,0,0,0,0,0,0,0,0,0,0,0,1
stats,381,1,382,0.00500595,0.00147104,0,564.368,-0.0499646,9.50884e-05,-0.00099477,0.0499746,100000,100000,1904.79,0,0.00500595,0.00147104,0,564.368,-0.0499646,9.50884e-05,-0.00099477,0.0499746,100000,100000,1904.79,0,0.00500595,0.00147104,0,564.368,-0.0499646,9.50884e-05,-0.00099477,0.0499746,100000,100000,1904.79,0,0.00500595,0.00147104,0,564.368,-0.0499646,9.50884e-05,-0.00099477,0.0499746,100000,100000,1904.79,0,0.00500595,0.00147104,0,564.368,-0.0499646,9.50884e-05,-0.00099477,0.0499746,100000,100000,1904.79,0,0.00500595,0.00147104,0,564.368,-0.0499646,9.50884e-05,-0.00099477,0.0499746,100000,100000,1904.79,0,0,0,0,0,0,0,0,0,0,0,0,0,1
stats,382,1,383,0.00500595,0.00147104,0,564.368,-0.0499646,9.50876e-05,-0.000994771,0.0499746,100000,100000,1904.79,0,0.00500595,0.00147104,0,564.368,-0.0499646,9.50876e-05,-0.000994771,0.0499746,100000,100000,1904.79,0,0.00500595,0.00147104,0,564.368,-0.0499646,9.50876e-05,-0.000994771,0.0499746,100000,100000,1904.79,0,0.00500595,0.00147104,0,564.368,-0.0499646,9.50876e-05,-0.000994771,0.0499746,100000,100000,1904.79,0,0.00500595,0.00147104,0,564.368,-0.0499646,9.50876e-05,-0.000994771,0.0499746,100000,100000,1904.79,0,0.00500595,0.00147104,0,564.368,-0.0499646,9.50876e-05,-0.000994771,0.0499746,100000,100000,1904.79,0,0,0,0,0,0,0,0,0,0,0,0,0,1
stats,383,1,384,0.00500595,0.00147104,0,564.368,-0.0499646,9.50865e-05,-0.000994772,0.0499746,100000,100000,1904.79,0,0.00500595,0.00147104,0,564.368,-0.0499646,9.50865e-05,-0.000994772,0.0499746,100000,100000,1904.79,0,0.00500595,0.00147104,0,564.368,-0.0499646,9.50865e-05,-0.000994772,0.0499746,100000,100000,1904.79,0,0.00500595,0.00147104,0,564.368,-0.0499646,9.50865e-05,-0.000994772,0.0499746,100000,100000,1904.79,0,0.00500595,0.00147104,0,564.368,-0.0499646,9.50865e-05,-0.000994772,0.0499746,100000,100000,1904.79,0,0.00500595,0.00147104,0,564.368,-0.0499646,9.50865e-05,-0.000994772,0.0499746,100000,100000,1904.79,0,0,0,0,0,0,0,0,0,0,0,0,0,1
stats,384,1,385,0.00500595,0.00147104,0,564.368,-0.0499646,9.50853e-05,-0.000994772,0.0499746,100000,100000,1904.79,0,0.00500595,0.00147104,0,564.368,-0.0499646,9.50853e-05,-0.000994772,0.0499746,100000,100000,1904.79,0,0.00500595,0.00147104,0,564.368,-0.0499646,9.50853e-05,-0.000994772,0.0499746,100000,100000,1904.79,0,0.00500595,0.00147104,0,564.368,-0.0499646,9.50853e-05,-0.000994772,0.0499746,100000,100000,1904.79,0,0.00500595,0.00147104,0,564.368,-0.0499646,9.50853e-05,-0.000994772,0.0499746,100000,100000,1904.79,0,0.00500595,0.00147104,0,564.368,-0.0499646,9.50853e-05,-0.000994772,0.0499746,100000,100000,1904.79,0,0,0,0,0,0,0,0,0,0,0,0,0,1
stats,385,1,386,0.00500595,0.00147104,0,564.368,-0.0499646,9.50836e-05,-0.000994772,0.0499746,100000,100000,1904.79,0,0.00500595,0.00147104,0,564.368,-0.0499646,9.50836e-05,-0.000994772,0.0499746,100000,100000,1904.79,0,0.00500595,0.00147104,0,564.368,-0.0499646,9.50836e-05,-0.000994772,0.0499746,100000,100000,1904.79,0,0.00500595,0.00147104,0,564.368,-0.0499646,9.50836e-05,-0.000994772,0.0499746,100000,100000,1904.79,0,0.00500595,0.00147104,0,564.368,-0.0499646,9.50836e-05,-0.000994772,0.0499746,100000,100000,1904.79,0,0.00500595,0.00147104,0,564.368,-0.0499646,9.50836e-05,-0.000994772,0.0499746,100000,100000,1904.79,0,0,0,0,0,0,0,0,0,0,0,0,0,1
stats,386,1,387,0.00500595,0.00147104,0,564.368,-0.0499646,9.50813e-05,-0.000994772,0.0499746,100000,100000,1904.79,0,0.00500595,0.00147104,0,564.368,-0.0499646,9.50813e-05,-0.000994772,0.0499746,100000,100000,1904.79,0,0.00500595,0.00147104,0,564.368,-0.0499646,9.50813e-05,-0.000994772,0.0499746,100000,100000,1904.79,0,0.00500595,0.00147104,0,564.368,-0.0499646,9.50813e-05,-0.000994772,0.0499746,100000,100000,1904.79,0,0.00500595,0.00147104,0,564.368,-0.0499646,9.50813e-05,-0.000994772,0.0499746,100000,100000,1904.79,0,0.00500595,0.00147104,0,564.368,-0.0499646,9.50813e-05,-0.000994772,0.0499746,100000,100000,1904.79,0,0,0,0,0,0,0,0,0,0,0,0,0,1
stats,387,1,388,0.00500595,0.00147104,0,564.368,-0.0499646,9.50784e-05,-0.000994772,0.0499746,100000,100000,1904.79,0,0.00500595,0.00147104,0,564.368,-0.0499646,9.50784e-05,-0.000994772,0.0499746,100000,100000,1904.79,0,0.00500595,0.00147104,0,564.368,-0.0499646,9.50784e-05,-0.000994772,0.0499746,100000,100000,1904.79,0,0.00500595,0.00147104,0,564.368,-0.0499646,9.50784e-05,-0.000994772,0.0499746,100000,100000,1904.79,0,0.00500595,0.00147104,0,564.368,-0.0499646,9.50784e-05,-0.000994772,0.0499746,100000,100000,1904.79,0,0.00500595,0.00147104,0,564.368,-0.0499646,9.50784e-05,-0.000994772,0.0499746,100000,100000,1904.79,0,0,0,0,0,0,0,0,0,0,0,0,0,1
stats,388,1,389,0.00500595,0.00147104,0,564.368,-0.0499646,9.50753e-05,-0.000994771,0.0499746,100000,100000,1904.79,0,0.00500595,0.00147104,0,564.368,-0.0499646,9.50753e-05,-0.000994771,0.0499746,100000,100000,1904.79,0,0.00500595,0.00147104,0,564.368,-0.0499646,9.50753e-05,-0.000994771,0.0499746,100000,100000,1904.79,0,0.00500595,0.00147104,0,564.368,-0.0499646,9.50753e-05,-0.000994771,0.0499746,100000,100000,1904.79,0,0.00500595,0.00147104,0,564.368,-0.0499646,9.50753e-05,-0.000994771,0.0499746,100000,100000,1904.79,0,0.00500595,0.00147104,0,564.368,-0.0499646,9.50753e-05,-0.000994771,0.0499746,100000,100000,1904.79,0,0,0,0,0,0,0,0,0,0,0,0,0,1
stats,389,1,390,0.00500595,0.00147104,0,564.368,-0.0499646,9.50726e-05,-0.00099477,0.0499746,100000,100000,1904.79,0,0.00500595,0.00147104,0,564.368,-0.0499646,9.50726e-05,-0.00099477,0.0499746,100000,100000,1904.79,0,0.00500595,0.00147104,0,564.368,-0.0499646,9.50726e-05,-0.00099477,0.0499746,100000,100000,1904.79,0,0.00500595,0.00147104,0,564.368,-0.0499646,9.50726e-05,-0.00099477,0.0499746,100000,100000,1904.79,0,0.00500595,0.00147104,0,564.368,-0.0499646,9.50726e-05,-0.00099477,0.0499746,100000,100000,1904.79,0,0.00500595,0.00147104,0,564.368,-0.0499646,9.50726e-05,-0.00099477,0.0499746,100000,100000,1904.79,0,0,0,0,0,0,0,0,0,0,0,0,0,1
stats,390,1,391,0.00500595,0.00147104,0,564.368,-0.0499646,9.5071e-05,-0.000994768,0.0499746,100000,100000,1904.79,0,0.00500595,0.00147104,0,564.368,-0.0499646,9.5071e-05,-0.000994768,0.0499746,100000,100000,1904.79,0,0.00500595,0.00147104,0,564.368,-0.0499646,9.5071e-05,-0.000994768,0.0499746,100000,100000,1904.79,0,0.00500595,0.00147104,0,564.368,-0.0499646,9.5071e-05,-0.000994768,0.0499746,100000,100000,1904.79,0,0.00500595,0.00147104,0,564.368,-0.0499646,9.5071e-05,-0.000994768,0.0499746,100000,100000,1904.79,0,0.00500595,0.00147104,0,564.368,-0.0499646,9.5071e-05,-0.000994768,0.0499746,100000,100000,1904.79,0,0,0,0,0,0,0,0,0,0,0,0,0,1
stats,391,1,392,0.00500595,0.00147104,0,564.368,-0.0499646,9.50712e-05,-0.000994766,0.0499746,100000,100000,1904.79,0,0.00500595,0.00147104,0,564.368,-0.0499646,9.50712e-05,-0.000994766,0.0499746,100000,100000,1904.79,0,0.00500595,0.00147104,0,564.368,-0.0499646,9.50712e-05,-0.000994766,0.0499746,100000,100000,1904.79,0,0.00500595,0.00147104,0,564.368,-0.0499646,9.50712e-05,-0.000994766,0.0499746,100000,100000,1904.79,0,0.00500595,0.00147104,0,564.368,-0.0499646,9.50712e-05,-0.000994766,0.0499746,100000,100000,1904.79,0,0.00500595,0.00147104,0,564.368,-0.0499646,9.50712e-05,-0.000994766,0.0499746,100000,100000,1904.79,0,0,0,0,0,0,0,0,0,0,0,0,0,1
stats,392,1,393,0.00500595,0.00147104,0,564.368,-0.0499646,9.5073e-05,-0.000994765,0.0499746,100000,100000,1904.79,0,0.00500595,0.00147104,0,564.368,-0.0499646,9.5073e-05,-0.000994765,0.0499746,100000,100000,1904.79,0,0.00500595,0.00147104,0,564.368,-0.0499646,9.5073e-05,-0.000994765,0.0499746,100000,100000,1904.79,0,0.00500595,0.00147104,0,564.368,-0.0499646,9.5073e-05,-0.000994765,0.0499746,100000,100000,1904.79,0,0.00500595,0.00147104,0,564.368,-0.0499646,9.5073e-05,-0.000994765,0.0499746,100000,100000,1904.79,0,0.00500595,0.00147104,0,564.368,-0.0499646,9.5073e-05,-0.000994765,0.0499746,100000,100000,1904.79,0,0,0,0,0,0,0,0,0,0,0,0,0,1
stats,393,1,394,0.00500595,0.00147104,0,564.368,-0.0499646,9.5076e-05,-0.000994765,0.0499746,100000,100000,1904.79,0,0.00500595,0.00147104,0,564.368,-0.0499646,9.5076e-05,-0.000994765,0.0499746,100000,100000,1904.79,0,0.00500595,0.00147104,0,564.368,-0.0499646,9.5076e-05,-0.000994765,0.0499746,100000,100000,1904.79,0,0.00500595,0.00147104,0,564.368,-0.0499646,9.5076e-05,-0.000994765,0.0499746,100000,100000,1904.79,0,0.00500595,0.00147104,0,564.368,-0.0499646,9.5076e-05,-0.000994765,0.0499746,100000,100000,1904.79,0,0.00500595,0.00147104,0,564.368,-0.0499646,9.5076e-05,-0.000994765,0.0499746,100000,100000,1904.79,0,0,0,0,0,0,0,0,0,0,0,0,0,1
stats,394,1,395,0.00500595,0.00147104,0,564.368,-0.0499646,9.50795e-05,-0.000994766,0.0499746,100000,100000,1904.79,0,0.00500595,0.00147104,0,564.368,-0.0499646,9.50795e-05,-0.000994766,0.0499746,100000,100000,1904.79,0,0.00500595,0.00147104,0,564.368,-0.0499646,9.50795e-05,-0.000994766,0.0499746,100000,100000,1904.79,0,0.00500595,0.00147104,0,564.368,-0.0499646,9.50795e-05,-0.000994766,0.0499746,100000,100000,1904.79,0,0.00500595,0.00147104,0,564.368,-0.0499646,9.50795e-05,-0.000994766,0.0499746,100000,100000,1904.79,0,0.00500595,0.00147104,0,564.368,-0.0499646,9.50795e-05,-0.000994766,0.0499746,100000,100000,1904.79,0,0,0,0,0,0,0,0,0,0,0,0,0,1
stats,395,1,396,0.00500595,0.00147104,0,564.368,-0.0499646,9.50827e-05,-0.000994767,0.0499746,100000,100000,1904.79,0,0.00500595,0.00147104,0,564.368,-0.0499646,9.50827e-05,-0.000994767,0.0499746,100000,100000,1904.79,0,0.00500595,0.00147104,0,564.368,-0.0499646,9.50827e-05,-0.000994767,0.0499746,100000,100000,1904.79,0,0.00500595,0.00147104,0,564.368,-0.0499646,9.50827e-05,-0.000994767,0.0499746,100000,100000,1904.79,0,0.00500595,0.00147104,0,564.368,-0.0499646,9.50827e-05,-0.000994767,0.0499746,100000,100000,1904.79,0,0.00500595,0.00147104,0,564.368,-0.0499646,9.50827e-05,-0.000994767,0.0499746,100000,100000,1904.79,0,0,0,0,0,0,0,0,0,0,0,0,0,1
stats,396,1,397,0.00500595,0.00147104,0,564.369,-0.0499646,9.50852e-05,-0.000994769,0.0499746,100000,100000,1904.79,0,0.00500595,0.00147104,0,564.369,-0.0499646,9.50852e-05,-0.000994769,0.0499746,100000,100000,1904.79,0,0.00500595,0.00147104,0,564.369,-0.0499646,9.50852e-05,-0.000994769,0.0499746,100000,100000,1904.79,0,0.00500595,0.00147104,0,564.369,-0.0499646,9.50852e-05,-0.000994769,0.0499746,100000,100000,1904.79,0,0.00500595,0.00147104,0,564.369,-0.0499646,9.50852e-05,-0.000994769,0.0499746,100000,100000,1904.79,0,0.00500595,0.00147104,0,564.369,-0.0499646,9.50852e-05,-0.000994769,0.0499746,100000,100000,1904.79,0,0,0,0,0,0,0,0,0,0,0,0,0,1
stats,397,1,398,0.00500595,0.00147104,0,564.369,-0.0499646,9.5087e-05,-0.00099477,0.0499746,100000,100000,1904.79,0,0.00500595,0.00147104,0,564.369,-0.0499646,9.5087e-05,-0.00099477,0.0499746,100000,100000,1904.79,0,0.00500595,0.00147104,0,564.369,-0.0499646,9.5087e-05,-0.00099477,0.0499746,100000,100000,1904.79,0,0.00500595,0.00147104,0,564.369,-0.0499646,9.5087e-05,-0.00099477,0.0499746,100000,100000,1904.79,0,0.00500595,0.00147104,0,564.369,-0.0499646,9.5087e-05,-0.00099477,0.0499746,100000,100000,1904.79,0,0.00500595,0.00147104,0,564.369,-0.0499646,9.5087e-05,-0.00099477,0.0499746,100000,100000,1904.79,0,0,0,0,0,0,0,0,0,0,0,0,0,1
stats,398,1,399,0.00500595,0.00147104,0,564.369,-0.0499646,9.50882e-05,-0.00099477,0.0499746,100000,100000,1904.78,0,0.00500595,0.00147104,0,564.369,-0.0499646,9.50882e-05,-0.00099477,0.0499746,100000,100000,1904.78,0,0.00500595,0.00147104,0,564.369,-0.0499646,9.50882e-05,-0.00099477,0.0499746,100000,100000,1904.78,0,0.00500595,0.00147104,0,564.369,-0.0499646,9.50882e-05,-0.00099477,0.0499746,100000,100000,1904.78,0,0.00500595,0.00147104,0,564.369,-0.0499646,9.50882e-05,-0.00099477,0.0499746,100000,100000,1904.78,0,0.00500595,0.00147104,0,564.369,-0.0499646,9.50882e-05,-0.00099477,0.0499746,100000,100000,1904.78,0,0,0,0,0,0,0,0,0,0,0,0,0,1
stats,399,1,400,0.00500595,0.00147104,0,564.369,-0.0499646,9.50892e-05,-0.000994771,0.0499746,100000,100000,1904.78,0,0.00500595,0.00147104,0,564.369,-0.0499646,9.50892e-05,-0.000994771,0.0499746,100000,100000,1904.78,0,0.00500595,0.00147104,0,564.369,-0.0499646,9.50892e-05,-0.000994771,0.0499746,100000,100000,1904.78,0,0.00500595,0.00147104,0,564.369,-0.0499646,9.50892e-05,-0.000994771,0.0499746,100000,100000,1904.78,0,0.00500595,0.00147104,0,564.369,-0.0499646,9.50892e-05,-0.000994771,0.0499746,100000,100000,1904.78,0,0.00500595,0.00147104,0,564.369,-0.0499646,9.50892e-05,-0.000994771,0.0499746,100000,100000,1904.78,0,0,0,0,0,0,0,0,0,0,0,0,0,1
stats,400,1,401,0.00500595,0.00147104,0,564.369,-0.0499646,9.50899e-05,-0.000994771,0.0499746,100000,100000,1904.78,0,0.00500595,0.00147104,0,564.369,-0.0499646,9.50899e-05,-0.000994771,0.0499746,100000,100000,1904.78,0,0.00500595,0.00147104,0,564.369,-0.0499646,9.50899e-05,-0.000994771,0.0499746,100000,100000,1904.78,0,0.00500595,0.00147104,0,564.369,-0.0499646,9.50899e-05,-0.000994771,0.0499746,100000,100000,1904.78,0,0.00500595,0.00147104,0,564.369,-0.0499646,9.50899e-05,-0.000994771,0.0499746,100000,100000,1904.78,0,0.00500595,0.00147104,0,564.369,-0.0499646,9.50899e-05,-0.000994771,0.0499746,100000,100000,1904.78,0,0,0,0,0,0,0,0,0,0,0,0,0,1
stats,401,1,402,0.00500595,0.00147104,0,564.369,-0.0499646,9.50902e-05,-0.000994771,0.0499746,100000,100000,1904.78,0,0.00500595,0.00147104,0,564.369,-0.0499646,9.50902e-05,-0.000994771,0.0499746,100000,100000,1904.78,0,0.00500595,0.00147104,0,564.369,-0.0499646,9.50902e-05,-0.000994771,0.0499746,100000,100000,1904.78,0,0.00500595,0.00147104,0,564.369,-0.0499646,9.50902e-05,-0.000994771,0.0499746,100000,100000,1904.78,0,0.00500595,0.00147104,0,564.369,-0.0499646,9.50902e-05,-0.000994771,0.0499746,100000,100000,1904.78,0,0.00500595,0.00147104,0,564.369,-0.0499646,9.50902e-05,-0.000994771,0.0499746,100000,100000,1904.78,0,0,0,0,0,0,0,0,0,0,0,0,0,1
stats,402,1,403,0.00500595,0.00147104,0,564.369,-0.0499646,9.50897e-05,-0.000994771,0.0499746,100000,100000,1904.78,0,0.00500595,0.00147104,0,564.369,-0.0499646,9.50897e-05,-0.000994771,0.0499746,100000,100000,1904.78,0,0.00500595,0.00147104,0,564.369,-0.0499646,9.50897e-05,-0.000994771,0.0499746,100000,100000,1904.78,0,0.00500595,0.00147104,0,564.369,-0.0499646,9.50897e-05,-0.000994771,0.0499746,100000,100000,1904.78,0,0.00500595,0.00147104,0,564.369,-0.0499646,9.50897e-05,-0.000994771,0.0499746,100000,100000,1904.78,0,0.00500595,0.00147104,0,564.369,-0.0499646,9.50897e-05,-0.000994771,0.0499746,100000,100000,1904.78,0,0,0,0,0,0,0,0,0,0,0,0,0,1
stats,403,1,404,0.00500595,0.00147104,0,564.369,-0.0499646,9.50881e-05,-0.000994771,0.0499746,100000,100000,1904.78,0,0.00500595,0.00147104,0,564.369,-0.0499646,9.50881e-05,-0.000994771,0.0499746,100000,100000,1904.78,0,0.00500595,0.00147104,0,564.369,-0.0499646,9.50881e-05,-0.000994771,0.0499746,100000,100000,1904.78,0,0.00500595,0.00147104,0,564.369,-0.0499646,9.50881e-05,-0.000994771,0.0499746,100000,100000,1904.78,0,0.00500595,0.00147104,0,564.369,-0.0499646,9.50881e-05,-0.000994771,0.0499746,100000,100000,1904.78,0,0.00500595,0.00147104,0,564.369,-0.0499646,9.50881e-05,-0.000994771,0.0499746,100000,100000,1904.78,0,0,0,0,0,0,0,0,0,0,0,0,0,1
stats,404,1,405,0.00500595,0.00147104,0,564.369,-0.0499646,9.50854e-05,-0.000994771,0.0499746,100000,100000,1904.78,0,0.00500595,0.00147104,0,564.369,-0.0499646,9.50854e-05,-0.000994771,0.0499746,100000,100000,1904.78,0,0.00500595,0.00147104,0,564.369,-0.0499646,9.50854e-05,-0.000994771,0.0499746,100000,100000,1904.78,0,0.00500595,0.00147104,0,564.369,-0.0499646,9.50854e-05,-0.000994771,0.0499746,100000,100000,1904.78,0,0.00500595,0.00147104,0,564.369,-0.0499646,9.50854e-05,-0.000994771,0.0499746,100000,100000,1904.78,0,0.00500595,0.00147104,0,564.369,-0.0499646,9.50854e-05,-0.000994771,0.0499746,100000,100000,1904.78,0,0,0,0,0,0,0,0,0,0,0,0,0,1
stats,405,1,406,0.00500595,0.00147104,0,564.369,-0.0499646,9.50818e-05,-0.00099477,0.0499746,100000,100000,1904.78,0,0.00500595,0.00147104,0,564.369,-0.0499646,9.50818e-05,-0.00099477,0.0499746,100000,100000,1904.78,0,0.00500595,0.00147104,0,564.369,-0.0499646,9.50818e-05,-0.00099477,0.0499746,100000,100000,1904.78,0,0.00500595,0.00147104,0,564.369,-0.0499646,9.50818e-05,-0.00099477,0.0499746,100000,100000,1904.78,0,0.00500595,0.00147104,0,564.369,-0.0499646,9.50818e-05,-0.00099477,0.0499746,100000,100000,1904.78,0,0.00500595,0.00147104,0,564.369,-0.0499646,9.50818e-05,-0.00099477,0.0499746,100000,100000,1904.78,0,0,0,0,0,0,0,0,0,0,0,0,0,1
stats,406,1,407,0.00500595,0.00147104,0,564.369,-0.0499646,9.50777e-05,-0.000994769,0.0499746,100000,100000,1904.78,0,0.00500595,0.00147104,0,564.369,-0.0499646,9.50777e-05,-0.000994769,0.0499746,100000,100000,1904.78,0,0.00500595,0.00147104,0,564.369,-0.0499646,9.50777e-05,-0.000994769,0.0499746,100000,100000,1904.78,0,0.00500595,0.00147104,0,564.369,-0.0499646,9.50777e-05,-0.000994769,0.0499746,100000,100000,1904.78,0,0.00500595,0.00147104,0,564.369,-0.0499646,9.50777e-05,-0.000994769,0.0499746,100000,100000,1904.78,0,0.00500595,0.00147104,0,564.369,-0.0499646,9.50777e-05,-0.000994769,0.0499746,100000,100000,1904.78,0,0,0,0,0,0,0,0,0,0,0,0,0,1
stats,407,1,408,0.00500595,0.00147104,0,564.369,-0.0499646,9.5074e-05,-0.000994767,0.0499746,100000,100000,1904.78,0,0.00500595,0.00147104,0,564.369,-0.0499646,9.5074e-05,-0.000994767,0.0499746,100000,100000,1904.78,0,0.00500595,0.00147104,0,564.369,-0.0499646,9.5074e-05,-0.000994767,0.0499746,100000,100000,1904.78,0,0.00500595,0.00147104,0,564.369,-0.0499646,9.5074e-05,-0.000994767,0.0499746,100000,100000,1904.78,0,0.00500595,0.00147104,0,564.369,-0.0499646,9.5074e-05,-0.000994767,0.0499746,100000,100000,1904.78,0,0.00500595,0.00147104,0,564.369,-0.0499646,9.5074e-05,-0.000994767,0.0499746,100000,100000,1904.78,0,0,0,0,0,0,0,0,0,0,0,0,0,1
stats,408,1,409,0.00500595,0.00147104,0,564.369,-0.0499646,9.50716e-05,-0.000994766,0.0499746,100000,100000,1904.78,0,0.00500595,0.00147104,0,564.369,-0.0499646,9.50716e-05,-0.000994766,0.0499746,100000,100000,1904.78,0,0.00500595,0.00147104,0,564.369,-0.0499646,9.50716e-05,-0.000994766,0.0499746,100000,100000,1904.78,0,0.00500595,0.00147104,0,564.369,-0.0499646,9.50716e-05,-0.000994766,0.0499746,100000,100000,1904.78,0,0.00500595,0.00147104,0,564.369,-0.0499646,9.50716e-05,-0.000994766,0.0499746,100000,100000,1904.78,0,0.00500595,0.00147104,0,564.369,-0.0499646,9.50716e-05,-0.000994766,0.0499746,100000,100000,1904.78,0,0,0,0,0,0,0,0,0,0,0,0,0,1
stats,409,1,410,0.00500595,0.00147104,0,564.369,-0.0499646,9.5071e-05,-0.000994766,0.0499746,100000,100000,1904.78,0,0.00500595,0.00147104,0,564.369,-0.0499646,9.5071e-05,-0.000994766,0.0499746,100000,100000,1904.78,0,0.00500595,0.00147104,0,564.369,-0.0499646,9.5071e-05,-0.000994766,0.0499746,100000,100000,1904.78,0,0.00500595,0.00147104,0,564.369,-0.0499646,9.5071e-05,-0.000994766,0.0499746,100000,100000,1904.78,0,0.00500595,0.00147104,0,564.369,-0.0499646,9.5071e-05,-0.000994766,0.0499746,100000,100000,1904.78,0,0.00500595,0.00147104,0,564.369,-0.0499646,9.5071e-05,-0.000994766,0.0499746,100000,100000,1904.78,0,0,0,0,0,0,0,0,0,0,0,0,0,1
stats,410,1,411,0.00500595,0.00147104,0,564.369,-0.0499646,9.50722e-05,-0.000994766,0.0499746,100000,100000,1904.78,0,0.00500595,0.00147104,0,564.369,-0.0499646,9.50722e-05,-0.000994766,0.0499746,100000,100000,1904.78,0,0.00500595,0.00147104,0,564.369,-0.0499646,9.50722e-05,-0.000994766,0.0499746,100000,100000,1904.78,0,0.00500595,0.00147104,0,564.369,-0.0499646,9.50722e-05,-0.000994766,0.0499746,100000,100000,1904.78,0,0.00500595,0.00147104,0,564.369,-0.0499646,9.50722e-05,-0.000994766,0.0499746,100000,100000,1904.78,0,0.00500595,0.00147104,0,564.369,-0.0499646,9.50722e-05,-0.000994766,0.0499746,100000,100000,1904.78,0,0,0,0,0,0,0,0,0,0,0,0,0,1
stats,411,1,412,0.00500595,0.00147104,0,564.369,-0.0499646,9.50747e-05,-0.000994768,0.0499746,100000,100000,1904.78,0,0.00500595,0.00147104,0,564.369,-0.0499646,9.50747e-05,-0.000994768,0.0499746,100000,100000,1904.78,0,0.00500595,0.00147104,0,564.369,-0.0499646,9.50747e-05,-0.000994768,0.0499746,100000,100000,1904.78,0,0.00500595,0.00147104,0,564.369,-0.0499646,9.50747e-05,-0.000994768,0.0499746,100000,100000,1904.78,0,0.00500595,0.00147104,0,564.369,-0.0499646,9.50747e-05,-0.000994768,0.0499746,100000,100000,1904.78,0,0.00500595,0.00147104,0,564.369,-0.0499646,9.50747e-05,-0.000994768,0.0499746,100000,100000,1904.78,0,0,0,0,0,0,0,0,0,0,0,0,0,1
stats,412,1,413,0.00500595,0.00147104,0,564.369,-0.0499646,9.50778e-05,-0.00099477,0.0499746,100000,100000,1904.78,0,0.00500595,0.00147104,0,564.369,-0.0499646,9.50778e-05,-0.00099477,0.0499746,100000,100000,1904.78,0,0.00500595,0.00147104,0,564.369,-0.0499646,9.50778e-05,-0.00099477,0.0499746,100000,100000,1904.78,0,0.00500595,0.00147104,0,564.369,-0.0499646,9.50778e-05,-0.00099477,0.0499746,100000,100000,1904.78,0,0.00500595,0.00147104,0,564.369,-0.0499646,9.50778e-05,-0.00099477,0.0499746,100000,100000,1904.78,0,0.00500595,0.00147104,0,564.369,-0.0499646,9.50778e-05,-0.00099477,0.0499746,100000,100000,1904.78,0,0,0,0,0,0,0,0,0,0,0,0,0,1
stats,413,1,414,0.00500595,0.00147104,0,564.369,-0.0499646,9.50809e-05,-0.000994772,0.0499746,100000,100000,1904.78,0,0.00500595,0.00147104,0,564.369,-0.0499646,9.50809e-05,-0.000994772,0.0499746,100000,100000,1904.78,0,0.00500595,0.00147104,0,564.369,-0.0499646,9.50809e-05,-0.000994772,0.0499746,100000,100000,1904.78,0,0.00500595,0.00147104,0,564.369,-0.0499646,9.50809e-05,-0.000994772,0.0499746,100000,100000,1904.78,0,0.00500595,0.00147104,0,564.369,-0.0499646,9.50809e-05,-0.000994772,0.0499746,100000,100000,1904.78,0,0.00500595,0.00147104,0,564.369,-0.0499646,9.50809e-05,-0.000994772,0.0499746,100000,100000,1904.78,0,0,0,0,0,0,0,0,0,0,0,0,0,1
stats,414,1,415,0.00500595,0.00147104,0,564.369,-0.0499646,9.50835e-05,-0.000994773,0.0499746,100000,100000,1904.78,0,0.00500595,0.00147104,0,564.369,-0.0499646,9.50835e-05,-0.000994773,0.0499746,100000,100000,1904.78,0,0.00500595,0.00147104,0,564.369,-0.0499646,9.50835e-05,-0.000994773,0.0499746,100000,100000,1904.78,0,0.00500595,0.00147104,0,564.369,-0.0499646,9.50835e-05,-0.000994773,0.0499746,100000,100000,1904.78,0,0.00500595,0.00147104,0,564.369,-0.0499646,9.50835e-05,-0.000994773,0.0499746,100000,100000,1904.78,0,0.00500595,0.00147104,0,564.369,-0.0499646,9.50835e-05,-0.000994773,0.0499746,100000,100000,1904.78,0,0,0,0,0,0,0,0,0,0,0,0,0,1
stats,415,1,416,0.00500595,0.00147104,0,564.369,-0.0499646,9.50857e-05,-0.000994773,0.0499746,100000,100000,1904.78,0,0.00500595,0.00147104,0,564.369,-0.0499646,9.50857e-05,-0.000994773,0.0499746,100000,100000,1904.78,0,0.00500595,0.00147104,0,564.369,-0.0499646,9.50857e-05,-0.000994773,0.0499746,100000,100000,1904.78,0,0.00500595,0.00147104,0,564.369,-0.0499646,9.50857e-05,-0.000994773,0.0499746,100000,100000,1904.78,0,0.00500595,0.00147104,0,564.369,-0.0499646,9.50857e-05,-0.000994773,0.0499746,100000,100000,1904.78,0,0.00500595,0.00147104,0,564.369,-0.0499646,9.50857e-05,-0.000994773,0.0499746,100000,100000,1904.78,0,0,0,0,0,0,0,0,0,0,0,0,0,1
stats,416,1,417,0.00500595,0.00147104,0,564.369,-0.0499646,9.50873e-05,-0.000994773,0.0499746,100000,100000,1904.78,0,0.00500595,0.00147104,0,564.369,-0.0499646,9.50873e-05,-0.000994773,0.0499746,100000,100000,1904.78,0,0.00500595,0.00147104,0,564.369,-0.0499646,9.50873e-05,-0.000994773,0.0499746,100000,100000,1904.78,0,0.00500595,0.00147104,0,564.369,-0.0499646,9.50873e-05,-0.000994773,0.0499746,100000,100000,1904.78,0,0.00500595,0.00147104,0,564.369,-0.0499646,9.50873e-05,-0.000994773,0.0499746,100000,100000,1904.78,0,0.00500595,0.00147104,0,564.369,-0.0499646,9.50873e-05,-0.000994773,0.0499746,100000,100000,1904.78,0,0,0,0,0,0,0,0,0,0,0,0,0,1
stats,417,1,418,0.00500595,0.00147104,0,564.369,-0.0499646,9.50886e-05,-0.000994773,0.0499746,100000,100000,1904.78,0,0.00500595,0.00147104,0,564.369,-0.0499646,9.50886e-05,-0.000994773,0.0499746,100000,100000,1904.78,0,0.00500595,0.00147104,0,564.369,-0.0499646,9.50886e-05,-0.000994773,0.0499746,100000,100000,1904.78,0,0.00500595,0.00147104,0,564.369,-0.0499646,9.50886e-05,-0.000994773,0.0499746,100000,100000,1904.78,0,0.00500595,0.00147104,0,564.369,-0.0499646,9.50886e-05,-0.000994773,0.0499746,100000,100000,1904.78,0,0.00500595,0.00147104,0,564.369,-0.0499646,9.50886e-05,-0.000994773,0.0499746,100000,100000,1904.78,0,0,0,0,0,0,0,0,0,0,0,0,0,1
stats,418,1,419,0.00500595,0.00147104,0,564.369,-0.0499646,9.50897e-05,-0.000994773,0.0499746,100000,100000,1904.78,0,0.00500595,0.00147104,0,564.369,-0.0499646,9.50897e-05,-0.000994773,0.0499746,100000,100000,1904.78,0,0.00500595,0.00147104,0,564.369,-0.0499646,9.50897e-05,-0.000994773,0.0499746,100000,100000,1904.78,0,0.00500595,0.00147104,0,564.369,-0.0499646,9.50897e-05,-0.000994773,0.0499746,100000,100000,1904.78,0,0.00500595,0.00147104,0,564.369,-0.0499646,9.50897e-05,-0.000994773,0.0499746,100000,100000,1904.78,0,0.00500595,0.00147104,0,564.369,-0.0499646,9.50897e-05,-0.000994773,0.0499746,100000,100000,1904.78,0,0,0,0,0,0,0,0,0,0,0,0,0,1
stats,419,1,420,0.00500595,0.00147104,0,564.369,-0.0499646,9.50905e-05,-0.000994772,0.0499746,100000,100000,1904.78,0,0.00500595,0.00147104,0,564.369,-0.0499646,9.50905e-05,-0.000994772,0.0499746,100000,100000,1904.78,0,0.00500595,0.00147104,0,564.369,-0.0499646,9.50905e-05,-0.000994772,0.0499746,100000,100000,1904.78,0,0.00500595,0.00147104,0,564.369,-0.0499646,9.50905e-05,-0.000994772,0.0499746,100000,100000,1904.78,0,0.00500595,0.00147104,0,564.369,-0.0499646,9.50905e-05,-0.000994772,0.0499746,100000,100000,1904.78,0,0.00500595,0.00147104,0,564.369,-0.0499646,9.50905e-05,-0.000994772,0.0499746,100000,100000,1904.78,0,0,0,0,0,0,0,0,0,0,0,0,0,1
stats,420,1,421,0.00500595,0.00147104,0,564.369,-0.0499646,9.50906e-05,-0.000994772,0.0499746,100000,100000,1904.78,0,0.00500595,0.00147104,0,564.369,-0.0499646,9.50906e-05,-0.000994772,0.0499746,100000,100000,1904.78,0,0.00500595,0.00147104,0,564.369,-0.0499646,9.50906e-05,-0.000994772,0.0499746,100000,100000,1904.78,0,0.00500595,0.00147104,0,564.369,-0.0499646,9.50906e-05,-0.000994772,0.0499746,100000,100000,1904.78,0,0.00500595,0.00147104,0,564.369,-0.0499646,9.50906e-05,-0.000994772,0.0499746,100000,100000,1904.78,0,0.00500595,0.00147104,0,564.369,-0.0499646,9.50906e-05,-0.000994772,0.0499746,100000,100000,1904.78,0,0,0,0,0,0,0,0,0,0,0,0,0,1
stats,421,1,422,0.00500595,0.00147104,0,564.369,-0.0499646,9.50897e-05,-0.000994771,0.0499746,100000,100000,1904.78,0,0.00500595,0.00147104,0,564.369,-0.0499646,9.50897e-05,-0.000994771,0.0499746,100000,100000,1904.78,0,0.00500595,0.00147104,0,564.369,-0.0499646,9.50897e-05,-0.000994771,0.0499746,100000,100000,1904.78,0,0.00500595,0.00147104,0,564.369,-0.0499646,9.50897e-05,-0.000994771,0.0499746,100000,100000,1904.78,0,0.00500595,0.00147104,0,564.369,-0.0499646,9.50897e-05,-0.000994771,0.0499746,100000,100000,1904.78,0,0.00500595,0.00147104,0,564.369,-0.0499646,9.50897e-05,-0.000994771,0.0499746,100000,100000,1904.78,0,0,0,0,0,0,0,0,0,0,0,0,0,1
stats,422,1,423,0.00500595,0.00147104,0,564.369,-0.0499646,9.50873e-05,-0.000994771,0.0499746,100000,100000,1904.78,0,0.00500595,0.00147104,0,564.369,-0.0499646,9.50873e-05,-0.000994771,0.0499746,100000,100000,1904.78,0,0.00500595,0.00147104,0,564.369,-0.0499646,9.50873e-05,-0.000994771,0.0499746,100000,100000,1904.78,0,0.00500595,0.00147104,0,564.369,-0.0499646,9.50873e-05,-0.000994771,0.0499746,100000,100000,1904.78,0,0.00500595,0.00147104,0,564.369,-0.0499646,9.50873e-05,-0.000994771,0.0499746,100000,100000,1904.78,0,0.00500595,0.00147104,0,564.369,-0.0499646,9.50873e-05,-0.000994771,0.0499746,100000,100000,1904.78,0,0,0,0,0,0,0,0,0,0,0,0,0,1
stats,423,1,424,0.00500595,0.00147104,0,564.369,-0.0499646,9.50839e-05,-0.000994769,0.0499746,100000,100000,1904.78,0,0.00500595,0.00147104,0,564.369,-0.0499646,9.50839e-05,-0.000994769,0.0499746,100000,100000,1904.78,0,0.00500595,0.00147104,0,564.369,-0.0499646,9.50839e-05,-0.000994769,0.0499746,100000,100000,1904.78,0,0.00500595,0.00147104,0,564.369,-0.0499646,9.50839e-05,-0.000994769,0.0499746,100000,100000,1904.78,0,0.00500595,0.00147104,0,564.369,-0.0499646,9.50839e-05,-0.000994769,0.0499746,100000,100000,1904.78,0,0.00500595,0.00147104,0,564.369,-0.0499646,9.50839e-05,-0.000994769,0.0499746,100000,100000,1904.78,0,0,0,0,0,0,0,0,0,0,0,0,0,1
stats,424,1,425,0.00500595,0.00147104,0,564.369,-0.0499646,9.50802e-05,-0.000994767,0.0499746,100000,100000,1904.78,0,0.00500595,0.00147104,0,564.369,-0.0499646,9.50802e-05,-0.000994767,0.0499746,100000,100000,1904.78,0,0.00500595,0.00147104,0,564.369,-0.0499646,9.50802e-05,-0.000994767,0.0499746,100000,100000,1904.78,0,0.00500595,0.00147104,0,564.369,-0.0499646,9.50802e-05,-0.000994767,0.0499746,100000,100000,1904.78,0,0.00500595,0.00147104,0,564.369,-0.0499646,9.50802e-05,-0.000994767,0.0499746,100000,100000,1904.78,0,0.00500595,0.00147104,0,564.369,-0.0499646,9.50802e-05,-0.000994767,0.0499746,100000,100000,1904.78,0,0,0,0,0,0,0,0,0,0,0,0,0,1
stats,425,1,426,0.00500595,0.00147104,0,564.369,-0.0499646,9.50769e-05,-0.000994765,0.0499746,100000,100000,1904.78,0,0.00500595,0.00147104,0,564.369,-0.0499646,9.50769e-05,-0.000994765,0.0499746,100000,100000,1904.78,0,0.00500595,0.00147104,0,564.369,-0.0499646,9.50769e-05,-0.000994765,0.0499746,100000,100000,1904.78,0,0.00500595,0.00147104,0,564.369,-0.0499646,9.50769e-05,-0.000994765,0.0499746,100000,100000,1904.78,0,0.00500595,0.00147104,0,564.369,-0.0499646,9.50769e-05,-0.000994765,0.0499746,100000,100000,1904.78,0,0.00500595,0.00147104,0,564.369,-0.0499646,9.50769e-05,-0.000994765,0.0499746,100000,100000,1904.78,0,0,0,0,0,0,0,0,0,0,0,0,0,1
stats,426,1,427,0.00500595,0.00147104,0,564.369,-0.0499646,9.50748e-05,-0.000994764,0.0499746,100000,100000,1904.78,0,0.00500595,0.00147104,0,564.369,-0.0499646,9.50748e-05,-0.000994764,0.0499746,100000,100000,1904.78,0,0.00500595,0.00147104,0,564.369,-0.0499646,9.50748e-05,-0.000994764,0.0499746,100000,100000,1904.78,0,0.00500595,0.00147104,0,564.369,-0.0499646,9.50748e-05,-0.000994764,0.0499746,100000,100000,1904.78,0,0.00500595,0.00147104,0,564.369,-0.0499646,9.50748e-05,-0.000994764,0.0499746,100000,100000,1904.78,0,0.00500595,0.00147104,0,564.369,-0.0499646,9.50748e-05,-0.000994764,0.0499746,100000,100000,1904.78,0,0,0,0,0,0,0,0,0,0,0,0,0,1
stats,427,1,428,0.00500595,0.00147104,0,564.369,-0.0499646,9.5074e-05,-0.000994765,0.0499746,100000,100000,1904.78,0,0.00500595,0.00147104,0,564.369,-0.0499646,9.5074e-05,-0.000994765,0.0499746,100000,100000,1904.78,0,0.00500595,0.00147104,0,564.369,-0.0499646,9.5074e-05,-0.000994765,0.0499746,100000,100000,1904.78,0,0.00500595,0.00147104,0,564.369,-0.0499646,9.5074e-05,-0.000994765,0.0499746,100000,100000,1904.78,0,0.00500595,0.00147104,0,564.369,-0.0499646,9.5074e-05,-0.000994765,0.0499746,100000,100000,1904.78,0,0.00500595,0.00147104,0,564.369,-0.0499646,9.5074e-05,-0.000994765,0.0499746,100000,100000,1904.78,0,0,0,0,0,0,0,0,0,0,0,0,0,1
stats,428,1,429,0.00500595,0.00147104,0,564.369,-0.0499646,9.50746e-05,-0.000994767,0.0499746,100000,100000,1904.78,0,0.00500595,0.00147104,0,564.369,-0.0499646,9.50746e-05,-0.000994767,0.0499746,100000,100000,1904.78,0,0.00500595,0.00147104,0,564.369,-0.0499646,9.50746e-05,-0.000994767,0.0499746,100000,100000,1904.78,0,0.00500595,0.00147104,0,564.369,-0.0499646,9.50746e-05,-0.000994767,0.0499746,100000,100000,1904.78,0,0.00500595,0.00147104,0,564.369,-0.0499646,9.50746e-05,-0.000994767,0.0499746,100000,100000,1904.78,0,0.00500595,0.00147104,0,564.369,-0.0499646,9.50746e-05,-0.000994767,0.0499746,100000,100000,1904.78,0,0,0,0,0,0,0,0,0,0,0,0,0,1
stats,429,1,430,0.00500595,0.00147104,0,564.369,-0.0499646,9.50759e-05,-0.00099477,0.0499746,100000,100000,1904.78,0,0.00500595,0.00147104,0,564.369,-0.0499646,9.50759e-05,-0.00099477,0.0499746,100000,100000,1904.78,0,0.00500595,0.00147104,0,564.369,-0.0499646,9.50759e-05,-0.00099477,0.0499746,100000,100000,1904.78,0,0.00500595,0.00147104,0,564.369,-0.0499646,9.50759e-05,-0.00099477,0.0499746,100000,100000,1904.78,0,0.00500595,0.00147104,0,564.369,-0.0499646,9.50759e-05,-0.00099477,0.0499746,100000,100000,1904.78,0,0.00500595,0.00147104,0,564.369,-0.0499646,9.50759e-05,-0.00099477,0.0499746,100000,100000,1904.78,0,0,0,0,0,0,0,0,0,0,0,0,0,1
stats,430,1,431,0.00500595,0.00147104,0,564.369,-0.0499646,9.50777e-05,-0.000994773,0.0499746,100000,100000,1904.78,0,0.00500595,0.00147104,0,564.369,-0.0499646,9.50777e-05,-0.000994773,0.0499746,100000,100000,1904.78,0,0.00500595,0.00147104,0,564.369,-0.0499646,9.50777e-05,-0.000994773,0.0499746,100000,100000,1904.78,0,0.00500595,0.00147104,0,564.369,-0.0499646,9.50777e-05,-0.000994773,0.0499746,100000,100000,1904.78,0,0.00500595,0.00147104,0,564.369,-0.0499646,9.50777e-05,-0.000994773,0.0499746,100000,100000,1904.78,0,0.00500595,0.00147104,0,564.369,-0.0499646,9.50777e-05,-0.000994773,0.0499746,100000,100000,1904.78,0,0,0,0,0,0,0,0,0,0,0,0,0,1
stats,431,1,432,0.00500595,0.00147104,0,564.369,-0.0499646,9.50796e-05,-0.000994775,0.0499746,100000,100000,1904.78,0,0.00500595,0.00147104,0,564.369,-0.0499646,9.50796e-05,-0.000994775,0.0499746,100000,100000,1904.78,0,0.00500595,0.00147104,0,564.369,-0.0499646,9.50796e-05,-0.000994775,0.0499746,100000,100000,1904.78,0,0.00500595,0.00147104,0,564.369,-0.0499646,9.50796e-05,-0.000994775,0.0499746,100000,100000,1904.78,0,0.00500595,0.00147104,0,564.369,-0.0499646,9.50796e-05,-0.000994775,0.0499746,100000,100000,1904.78,0,0.00500595,0.00147104,0,564.369,-0.0499646,9.50796e-05,-0.000994775,0.0499746,100000,100000,1904.78,0,0,0,0,0,0,0,0,0,0,0,0,0,1
stats,432,1,433,0.00500595,0.00147104,0,564.369,-0.0499646,9.50815e-05,-0.000994776,0.0499746,100000,100000,1904.78,0,0.00500595,0.00147104,0,564.369,-0.0499646,9.50815e-05,-0.000994776,0.0499746,100000,100000,1904.78,0,0.00500595,0.00147104,0,564.369,-0.0499646,9.50815e-05,-0.000994776,0.0499746,100000,100000,1904.78,0,0.00500595,0.00147104,0,564.369,-0.0499646,9.50815e-05,-0.000994776,0.0499746,100000,100000,1904.78,0,0.00500595,0.00147104,0,564.369,-0.0499646,9.50815e-05,-0.000994776,0.0499746,100000,100000,1904.78,0,0.00500595,0.00147104,0,564.369,-0.0499646,9.50815e-05,-0.000994776,0.0499746,100000,100000,1904.78,0,0,0,0,0,0,0,0,0,0,0,0,0,1
stats,433,1,434,0.00500595,0.00147104,0,564.369,-0.0499646,9.50834e-05,-0.000994777,0.0499746,100000,100000,1904.78,0,0.00500595,0.00147104,0,564.369,-0.0499646,9.50834e-05,-0.000994777,0.0499746,100000,100000,1904.78,0,0.00500595,0.00147104,0,564.369,-0.0499646,9.50834e-05,-0.000994777,0.0499746,100000,100000,1904.78,0,0.00500595,0.00147104,0,564.369,-0.0499646,9.50834e-05,-0.000994777,0.0499746,100000,100000,1904.78,0,0.00500595,0.00147104,0,564.369,-0.0499646,9.50834e-05,-0.000994777,0.0499746,100000,100000,1904.78,0,0.00500595,0.00147104,0,564.369,-0.0499646,9.50834e-05,-0.000994777,0.0499746,100000,100000,1904.78,0,0,0,0,0,0,0,0,0,0,0,0,0,1
stats,434,1,435,0.00500595,0.00147104,0,564.369,-0.0499646,9.50852e-05,-0.000994776,0.0499746,100000,100000,1904.78,0,0.00500595,0.00147104,0,564.369,-0.0499646,9.50852e-05,-0.000994776,0.0499746,100000,100000,1904.78,0,0.00500595,0.00147104,0,564.369,-0.0499646,9.50852e-05,-0.000994776,0.0499746,100000,100000,1904.78,0,0.00500595,0.00147104,0,564.369,-0.0499646,9.50852e-05,-0.000994776,0.0499746,100000,100000,1904.78,0,0.00500595,0.00147104,0,564.369,-0.0499646,9.50852e-05,-0.000994776,0.0499746,100000,100000,1904.78,0,0.00500595,0.00147104,0,564.369,-0.0499646,9.50852e-05,-0.000994776,0.0499746,100000,100000,1904.78,0,0,0,0,0,0,0,0,0,0,0,0,0,1
stats,435,1,436,0.00500595,0.00147104,0,564.369,-0.0499646,9.50869e-05,-0.000994775,0.0499746,100000,100000,1904.78,0,0.00500595,0.00147104,0,564.369,-0.0499646,9.50869e-05,-0.000994775,0.0499746,100000,100000,1904.78,0,0.00500595,0.00147104,0,564.369,-0.0499646,9.50869e-05,-0.000994775,0.0499746,100000,100000,1904.78,0,0.00500595,0.00147104,0,564.369,-0.0499646,9.50869e-05,-0.000994775,0.0499746,100000,100000,1904.78,0,0.00500595,0.00147104,0,564.369,-0.0499646,9.50869e-05,-0.000994775,0.0499746,100000,100000,1904.78,0,0.00500595,0.00147104,0,564.369,-0.0499646,9.50869e-05,-0.000994775,0.0499746,100000,100000,1904.78,0,0,0,0,0,0,0,0,0,0,0,0,0,1
stats,436,1,437,0.00500595,0.00147104,0,564.369,-0.0499646,9.50882e-05,-0.000994774,0.0499746,100000,100000,1904.78,0,0.00500595,0.00147104,0,564.369,-0.0499646,9.50882e-05,-0.000994774,0.0499746,100000,100000,1904.78,0,0.00500595,0.00147104,0,564.369,-0.0499646,9.50882e-05,-0.000994774,0.0499746,100000,100000,1904.78,0,0.00500595,0.00147104,0,564.369,-0.0499646,9.50882e-05,-0.000994774,0.0499746,100000,100000,1904.78,0,0.00500595,0.00147104,0,564.369,-0.0499646,9.50882e-05,-0.000994774,0.0499746,100000,100000,1904.78,0,0.00500595,0.00147104,0,564.369,-0.0499646,9.50882e-05,-0.000994774,0.0499746,100000,100000,1904.78,0,0,0,0,0,0,0,0,0,0,0,0,0,1
stats,437,1,438,0.00500595,0.00147104,0,564.369,-0.0499646,9.5089e-05,-0.000994774,0.0499746,100000,100000,1904.78,0,0.00500595,0.00147104,0,564.369,-0.0499646,9.5089e-05,-0.000994774,0.0499746,100000,100000,1904.78,0,0.00500595,0.00147104,0,564.369,-0.0499646,9.5089e-05,-0.000994774,0.0499746,100000,100000,1904.78,0,0.00500595,0.00147104,0,564.369,-0.0499646,9.5089e-05,-0.000994774,0.0499746,100000,100000,1904.78,0,0.00500595,0.00147104,0,564.369,-0.0499646,9.5089e-05,-0.000994774,0.0499746,100000,100000,1904.78,0,0.00500595,0.00147104,0,564.369,-0.0499646,9.5089e-05,-0.000994774,0.0499746,100000,100000,1904.78,0,0,0,0,0,0,0,0,0,0,0,0,0,1
stats,438,1,439,0.00500595,0.00147104,0,564.369,-0.0499646,9.50889e-05,-0.000994773,0.0499746,100000,100000,1904.78,0,0.00500595,0.00147104,0,564.369,-0.0499646,9.50889e-05,-0.000994773,0.0499746,100000,100000,1904.78,0,0.00500595,0.00147104,0,564.369,-0.0499646,9.50889e-05,-0.000994773,0.0499746,100000,100000,1904.78,0,0.00500595,0.00147104,0,564.369,-0.0499646,9.50889e-05,-0.000994773,0.0499746,100000,100000,1904.78,0,0.00500595,0.00147104,0,564.369,-0.0499646,9.50889e-05,-0.000994773,0.0499746,100000,100000,1904.78,0,0.00500595,0.00147104,0,564.369,-0.0499646,9.50889e-05,-0.000994773,0.0499746,100000,100000,1904.78,0,0,0,0,0,0,0,0,0,0,0,0,0,1
stats,439,1,440,0.00500595,0.00147104,0,564.369,-0.0499646,9.50878e-05,-0.000994771,0.0499746,100000,100000,1904.78,0,0.00500595,0.00147104,0,564.369,-0.0499646,9.50878e-05,-0.000994771,0.0499746,100000,100000,1904.78,0,0.00500595,0.00147104,0,564.369,-0.0499646,9.50878e-05,-0.000994771,0.0499746,100000,100000,1904.78,0,0.00500595,0.00147104,0,564.369,-0.0499646,9.50878e-05,-0.000994771,0.0499746,100000,100000,1904.78,0,0.00500595,0.00147104,0,564.369,-0.0499646,9.50878e-05,-0.000994771,0.0499746,100000,100000,1904.78,0,0.00500595,0.00147104,0,564.369,-0.0499646,9.50878e-05,-0.000994771,0.0499746,100000,100000,1904.78,0,0,0,0,0,0,0,0,0,0,0,0,0,1
stats,440,1,441,0.00500595,0.00147104,0,564.369,-0.0499646,9.50857e-05,-0.00099477,0.0499746,100000,100000,1904.78,0,0.00500595,0.00147104,0,564.369,-0.0499646,9.50857e-05,-0.00099477,0.0499746,100000,100000,1904.78,0,0.00500595,0.00147104,0,564.369,-0.0499646,9.50857e-05,-0.00099477,0.0499746,100000,100000,1904.78,0,0.00500595,0.00147104,0,564.369,-0.0499646,9.50857e-05,-0.00099477,0.0499746,100000,100000,1904.78,0,0.00500595,0.00147104,0,564.369,-0.0499646,9.50857e-05,-0.00099477,0.0499746,100000,100000,1904.78,0,0.00500595,0.00147104,0,564.369,-0.0499646,9.50857e-05,-0.00099477,0.0499746,100000,100000,1904.78,0,0,0,0,0,0,0,0,0,0,0,0,0,1
stats,441,1,442,0.00500595,0.00147104,0,564.369,-0.0499646,9.50829e-05,-0.000994768,0.0499746,100000,100000,1904.78,0,0.00500595,0.00147104,0,564.369,-0.0499646,9.50829e-05,-0.000994768,0.0499746,100000,100000,1904.78,0,0.00500595,0.00147104,0,564.369,-0.0499646,9.50829e-05,-0.000994768,0.0499746,100000,100000,1904.78,0,0.00500595,0.00147104,0,564.369,-0.0499646,9.50829e-05,-0.000994768,0.0499746,100000,100000,1904.78,0,0.00500595,0.00147104,0,564.369,-0.0499646,9.50829e-05,-0.000994768,0.0499746,100000,100000,1904.78,0,0.00500595,0.00147104,0,564.369,-0.0499646,9.50829e-05,-0.000994768,0.0499746,100000,100000,1904.78,0,0,0,0,0,0,0,0,0,0,0,0,0,1
stats,442,1,443,0.00500595,0.00147104,0,564.369,-0.0499646,9.508e-05,-0.000994766,0.0499746,100000,100000,1904.78,0,0.00500595,0.00147104,0,564.369,-0.0499646,9.508e-05,-0.000994766,0.0499746,100000,100000,1904.78,0,0.00500595,0.00147104,0,564.369,-0.0499646,9.508e-05,-0.000994766,0.0499746,100000,100000,1904.78,0,0.00500595,0.00147104,0,564.369,-0.0499646,9.508e-05,-0.000994766,0.0499746,100000,100000,1904.78,0,0.00500595,0.00147104,0,564.369,-0.0499646,9.508e-05,-0.000994766,0.0499746,100000,100000,1904.78,0,0.00500595,0.00147104,0,564.369,-0.0499646,9.508e-05,-0.000994766,0.0499746,100000,100000,1904.78,0,0,0,0,0,0,0,0,0,0,0,0,0,1
stats,443,1,444,0.00500595,0.00147104,0,564.369,-0.0499646,9.50778e-05,-0.000994764,0.0499746,100000,100000,1904.78,0,0.00500595,0.00147104,0,564.369,-0.0499646,9.50778e-05,-0.000994764,0.0499746,100000,100000,1904.78,0,0.00500595,0.00147104,0,564.369,-0.0499646,9.50778e-05,-0.000994764,0.0499746,100000,100000,1904.78,0,0.00500595,0.00147104,0,564.369,-0.0499646,9.50778e-05,-0.000994764,0.0499746,100000,100000,1904.78,0,0.00500595,0.00147104,0,564.369,-0.0499646,9.50778e-05,-0.000994764,0.0499746,100000,100000,1904.78,0,0.00500595,0.00147104,0,564.369,-0.0499646,9.50778e-05,-0.000994764,0.0499746,100000,100000,1904.78,0,0,0,0,0,0,0,0,0,0,0,0,0,1
stats,444,1,445,0.00500595,0.00147104,0,564.369,-0.0499646,9.50767e-05,-0.000994764,0.0499746,100000,100000,1904.78,0,0.00500595,0.00147104,0,564.369,-0.0499646,9.50767e-05,-0.000994764,0.0499746,100000,100000,1904.78,0,0.00500595,0.00147104,0,564.369,-0.0499646,9.50767e-05,-0.000994764,0.0499746,100000,100000,1904.78,0,0.00500595,0.00147104,0,564.369,-0.0499646,9.50767e-05,-0.000994764,0.0499746,100000,100000,1904.78,0,0.00500595,0.00147104,0,564.369,-0.0499646,9.50767e-05,-0.000994764,0.0499746,100000,100000,1904.78,0,0.00500595,0.00147104,0,564.369,-0.0499646,9.50767e-05,-0.000994764,0.0499746,100000,100000,1904.78,0,0,0,0,0,0,0,0,0,0,0,0,0,1
stats,445,1,446,0.00500595,0.00147104,0,564.369,-0.0499646,9.50768e-05,-0.000994765,0.0499746,100000,100000,1904.78,0,0.00500595,0.00147104,0,564.369,-0.0499646,9.50768e-05,-0.000994765,0.0499746,100000,100000,1904.78,0,0.00500595,0.00147104,0,564.369,-0.0499646,9.50768e-05,-0.000994765,0.0499746,100000,100000,1904.78,0,0.00500595,0.00147104,0,564.369,-0.0499646,9.50768e-05,-0.000994765,0.0499746,100000,100000,1904.78,0,0.00500595,0.00147104,0,564.369,-0.0499646,9.50768e-05,-0.000994765,0.0499746,100000,100000,1904.78,0,0.00500595,0.00147104,0,564.369,-0.0499646,9.50768e-05,-0.000994765,0.0499746,100000,100000,1904.78,0,0,0,0,0,0,0,0,0,0,0,0,0,1
stats,446,1,447,0.00500595,0.00147104,0,564.37,-0.0499646,9.50775e-05,-0.000994768,0.0499746,100000,100000,1904.78,0,0.00500595,0.00147104,0,564.37,-0.0499646,9.50775e-05,-0.000994768,0.0499746,100000,100000,1904.78,0,0.00500595,0.00147104,0,564.37,-0.0499646,9.50775e-05,-0.000994768,0.0499746,100000,100000,1904.78,0,0.00500595,0.00147104,0,564.37,-0.0499646,9.50775e-05,-0.000994768,0.0499746,100000,100000,1904.78,0,0.00500595,0.00147104,0,564.37,-0.0499646,9.50775e-05,-0.000994768,0.0499746,100000,100000,1904.78,0,0.00500595,0.00147104,0,564.37,-0.0499646,9.50775e-05,-0.000994768,0.0499746,100000,100000,1904.78,0,0,0,0,0,0,0,0,0,0,0,0,0,1
stats,447,1,448,0.00500595,0.00147104,0,564.37,-0.0499646,9.50785e-05,-0.000994771,0.0499746,100000,100000,1904.78,0,0.00500595,0.00147104,0,564.37,-0.0499646,9.50785e-05,-0.000994771,0.0499746,100000,100000,1904.78,0,0.00500595,0.00147104,0,564.37,-0.0499646,9.50785e-05,-0.000994771,0.0499746,100000,100000,1904.78,0,0.00500595,0.00147104,0,564.37,-0.0499646,9.50785e-05,-0.000994771,0.0499746,100000,100000,1904.78,0,0.00500595,0.00147104,0,564.37,-0.0499646,9.50785e-05,-0.000994771,0.0499746,100000,100000,1904.78,0,0.00500595,0.00147104,0,564.37,-0.0499646,9.50785e-05,-0.000994771,0.0499746,100000,100000,1904.78,0,0,0,0,0,0,0,0,0,0,0,0,0,1
stats,448,1,449,0.00500595,0.00147104,0,564.37,-0.0499646,9.50793e-05,-0.000994774,0.0499746,100000,100000,1904.78,0,0.00500595,0.00147104,0,564.37,-0.0499646,9.50793e-05,-0.000994774,0.0499746,100000,100000,1904.78,0,0.00500595,0.00147104,0,564.37,-0.0499646,9.50793e-05,-0.000994774,0.0499746,100000,100000,1904.78,0,0.00500595,0.00147104,0,564.37,-0.0499646,9.50793e-05,-0.000994774,0.0499746,100000,100000,1904.78,0,0.00500595,0.00147104,0,564.37,-0.0499646,9.50793e-05,-0.000994774,0.0499746,100000,100000,1904.78,0,0.00500595,0.00147104,0,564.37,-0.0499646,9.50793e-05,-0.000994774,0.0499746,100000,100000,1904.78,0,0,0,0,0,0,0,0,0,0,0,0,0,1
stats,449,1,450,0.00500595,0.00147104,0,564.37,-0.0499646,9.508e-05,-0.000994777,0.0499746,100000,100000,1904.78,0,0.00500595,0.00147104,0,564.37,-0.0499646,9.508e-05,-0.000994777,0.0499746,100000,100000,1904.78,0,0.00500595,0.00147104,0,564.37,-0.0499646,9.508e-05,-0.000994777,0.0499746,100000,100000,1904.78,0,0.00500595,0.00147104,0,564.37,-0.0499646,9.508e-05,-0.000994777,0.0499746,100000,100000,1904.78,0,0.00500595,0.00147104,0,564.37,-0.0499646,9.508e-05,-0.000994777,0.0499746,100000,100000,1904.78,0,0.00500595,0.00147104,0,564.37,-0.0499646,9.508e-05,-0.000994777,0.0499746,100000,100000,1904.78,0,0,0,0,0,0,0,0,0,0,0,0,0,1
stats,450,1,451,0.00500595,0.00147104,0,564.37,-0.0499646,9.50808e-05,-0.000994778,0.0499746,100000,100000,1904.78,0,0.00500595,0.00147104,0,564.37,-0.0499646,9.50808e-05,-0.000994778,0.0499746,100000,100000,1904.78,0,0.00500595,0.00147104,0,564.37,-0.0499646,9.50808e-05,-0.000994778,0.0499746,100000,100000,1904.78,0,0.00500595,0.00147104,0,564.37,-0.0499646,9.50808e-05,-0.000994778,0.0499746,100000,100000,1904.78,0,0.00500595,0.00147104,0,564.37,-0.0499646,9.50808e-05,-0.000994778,0.0499746,100000,100000,1904.78,0,0.00500595,0.00147104,0,564.37,-0.0499646,9.50808e-05,-0.000994778,0.0499746,100000,100000,1904.78,0,0,0,0,0,0,0,0,0,0,0,0,0,1
stats,451,1,452,0.00500595,0.00147104,0,564.37,-0.0499646,9.50818e-05,-0.000994779,0.0499746,100000,100000,1904.78,0,0.00500595,0.00147104,0,564.37,-0.0499646,9.50818e-05,-0.000994779,0.0499746,100000,100000,1904.78,0,0.00500595,0.00147104,0,564.37,-0.0499646,9.50818e-05,-0.000994779,0.0499746,100000,100000,1904.78,0,0.00500595,0.00147104,0,564.37,-0.0499646,9.50818e-05,-0.000994779,0.0499746,100000,100000,1904.78,0,0.00500595,0.00147104,0,564.37,-0.0499646,9.50818e-05,-0.000994779,0.0499746,100000,100000,1904.78,0,0.00500595,0.00147104,0,564.37,-0.0499646,9.50818e-05,-0.000994779,0.0499746,100000,100000,1904.78,0,0,0,0,0,0,0,0,0,0,0,0,0,1
stats,452,1,453,0.00500595,0.00147104,0,564.37,-0.0499646,9.50831e-05,-0.000994779,0.0499746,100000,100000,1904.78,0,0.00500595,0.00147104,0,564.37,-0.0499646,9.50831e-05,-0.000994779,0.0499746,100000,100000,1904.78,0,0.00500595,0.00147104,0,564.37,-0.0499646,9.50831e-05,-0.000994779,0.0499746,100000,100000,1904.78,0,0.00500595,0.00147104,0,564.37,-0.0499646,9.50831e-05,-0.000994779,0.0499746,100000,100000,1904.78,0,0.00500595,0.00147104,0,564.37,-0.0499646,9.50831e-05,-0.000994779,0.0499746,100000,100000,1904.78,0,0.00500595,0.00147104,0,564.37,-0.0499646,9.50831e-05,-0.000994779,0.0499746,100000,100000,1904.78,0,0,0,0,0,0,0,0,0,0,0,0,0,1
stats,453,1,454,0.00500595,0.00147104,0,564.37,-0.0499646,9.50845e-05,-0.000994778,0.0499746,100000,100000,1904.78,0,0.00500595,0.00147104,0,564.37,-0.0499646,9.50845e-05,-0.000994778,0.0499746,100000,100000,1904.78,0,0.00500595,0.00147104,0,564.37,-0.0499646,9.50845e-05,-0.000994778,0.0499746,100000,100000,1904.78,0,0.00500595,0.00147104,0,564.37,-0.0499646,9.50845e-05,-0.000994778,0.0499746,100000,100000,1904.78,0,0.00500595,0.00147104,0,564.37,-0.0499646,9.50845e-05,-0.000994778,0.0499746,100000,100000,1904.78,0,0.00500595,0.00147104,0,564.37,-0.0499646,9.50845e-05,-0.000994778,0.0499746,100000,100000,1904.78,0,0,0,0,0,0,0,0,0,0,0,0,0,1
stats,454,1,455,0.00500595,0.00147104,0,564.37,-0.0499646,9.50858e-05,-0.000994777,0.0499746,100000,100000,1904.78,0,0.00500595,0.00147104,0,564.37,-0.0499646,9.50858e-05,-0.000994777,0.0499746,100000,100000,1904.78,0,0.00500595,0.00147104,0,564.37,-0.0499646,9.50858e-05,-0.000994777,0.0499746,100000,100000,1904.78,0,0.00500595,0.00147104,0,564.37,-0.0499646,9.50858e-05,-0.000994777,0.0499746,100000,100000,1904.78,0,0.00500595,0.00147104,0,564.37,-0.0499646,9.50858e-05,-0.000994777,0.0499746,100000,100000,1904.78,0,0.00500595,0.00147104,0,564.37,-0.0499646,9.50858e-05,-0.000994777,0.0499746,100000,100000,1904.78,0,0,0,0,0,0,0,0,0,0,0,0,0,1
stats,455,1,456,0.00500595,0.00147104,0,564.37,-0.0499646,9.50864e-05,-0.000994775,0.0499746,100000,100000,1904.78,0,0.00500595,0.00147104,0,564.37,-0.0499646,9.50864e-05,-0.000994775,0.0499746,100000,100000,1904.78,0,0.00500595,0.00147104,0,564.37,-0.0499646,9.50864e-05,-0.000994775,0.0499746,100000,100000,1904.78,0,0.00500595,0.00147104,0,564.37,-0.0499646,9.50864e-05,-0.000994775,0.0499746,100000,100000,1904.78,0,0.00500595,0.00147104,0,564.37,-0.0499646,9.50864e-05,-0.000994775,0.0499746,100000,100000,1904.78,0,0.00500595,0.00147104,0,564.37,-0.0499646,9.50864e-05,-0.000994775,0.0499746,100000,100000,1904.78,0,0,0,0,0,0,0,0,0,0,0,0,0,1
stats,456,1,457,0.00500595,0.00147104,0,564.37,-0.0499646,9.5086e-05,-0.000994773,0.0499746,100000,100000,1904.78,0,0.00500595,0.00147104,0,564.37,-0.0499646,9.5086e-05,-0.000994773,0.0499746,100000,100000,1904.78,0,0.00500595,0.00147104,0,564.37,-0.0499646,9.5086e-05,-0.000994773,0.0499746,100000,100000,1904.78,0,0.00500595,0.00147104,0,564.37,-0.0499646,9.5086e-05,-0.000994773,0.0499746,100000,100000,1904.78,0,0.00500595,0.00147104,0,564.37,-0.0499646,9.5086e-05,-0.000994773,0.0499746,100000,100000,1904.78,0,0.00500595,0.00147104,0,564.37,-0.0499646,9.5086e-05,-0.000994773,0.0499746,100000,100000,1904.78,0,0,0,0,0,0,0,0,0,0,0,0,0,1
stats,457,1,458,0.00500595,0.00147104,0,564.37,-0.0499646,9.50845e-05,-0.000994771,0.0499746,100000,100000,1904.78,0,0.00500595,0.00147104,0,564.37,-0.0499646,9.50845e-05,-0.000994771,0.0499746,100000,100000,1904.78,0,0.00500595,0.00147104,0,564.37,-0.0499646,9.50845e-05,-0.000994771,0.0499746,100000,100000,1904.78,0,0.00500595,0.00147104,0,564.37,-0.0499646,9.50845e-05,-0.000994771,0.0499746,100000,100000,1904.78,0,0.00500595,0.00147104,0,564.37,-0.0499646,9.50845e-05,-0.000994771,0.0499746,100000,100000,1904.78,0,0.00500595,0.00147104,0,564.37,-0.0499646,9.50845e-05,-0.000994771,0.0499746,100000,100000,1904.78,0,0,0,0,0,0,0,0,0,0,0,0,0,1
stats,458,1,459,0.00500595,0.00147104,0,564.37,-0.0499646,9.50823e-05,-0.000994769,0.0499746,100000,100000,1904.78,0,0.00500595,0.00147104,0,564.37,-0.0499646,9.50823e-05,-0.000994769,0.0499746,100000,100000,1904.78,0,0.00500595,0.00147104,0,564.37,-0.0499646,9.50823e-05,-0.000994769,0.0499746,100000,100000,1904.78,0,0.00500595,0.00147104,0,564.37,-0.0499646,9.50823e-05,-0.000994769,0.0499746,100000,100000,1904.78,0,0.00500595,0.00147104,0,564.37,-0.0499646,9.50823e-05,-0.000994769,0.0499746,100000,100000,1904.78,0,0.00500595,0.00147104,0,564.37,-0.0499646,9.50823e-05,-0.000994769,0.0499746,100000,100000,1904.78,0,0,0,0,0,0,0,0,0,0,0,0,0,1
stats,459,1,460,0.00500595,0.00147104,0,564.37,-0.0499646,9.508e-05,-0.000994766,0.0499746,100000,100000,1904.78,0,0.00500595,0.00147104,0,564.37,-0.0499646,9.508e-05,-0.000994766,0.0499746,100000,100000,1904.78,0,0.00500595,0.00147104,0,564.37,-0.0499646,9.508e-05,-0.000994766,0.0499746,100000,100000,1904.78,0,0.00500595,0.00147104,0,564.37,-0.0499646,9.508e-05,-0.000994766,0.0499746,100000,100000,1904.78,0,0.00500595,0.00147104,0,564.37,-0.0499646,9.508e-05,-0.000994766,0.0499746,100000,100000,1904.78,0,0.00500595,0.00147104,0,564.37,-0.0499646,9.508e-05,-0.000994766,0.0499746,100000,100000,1904.78,0,0,0,0,0,0,0,0,0,0,0,0,0,1
stats,460,1,461,0.00500595,0.00147104,0,564.37,-0.0499646,9.50784e-05,-0.000994764,0.0499746,100000,100000,1904.78,0,0.00500595,0.00147104,0,564.37,-0.0499646,9.50784e-05,-0.000994764,0.0499746,100000,100000,1904.78,0,0.00500595,0.00147104,0,564.37,-0.0499646,9.50784e-05,-0.000994764,0.0499746,100000,100000,1904.78,0,0.00500595,0.00147104,0,564.37,-0.0499646,9.50784e-05,-0.000994764,0.0499746,100000,100000,1904.78,0,0.00500595,0.00147104,0,564.37,-0.0499646,9.50784e-05,-0.000994764,0.0499746,100000,100000,1904.78,0,0.00500595,0.00147104,0,564.37,-0.0499646,9.50784e-05,-0.000994764,0.0499746,100000,100000,1904.78,0,0,0,0,0,0,0,0,0,0,0,0,0,1
stats,461,1,462,0.00500595,0.00147104,0,564.37,-0.0499646,9.50778e-05,-0.000994762,0.0499746,100000,100000,1904.78,0,0.00500595,0.00147104,0,564.37,-0.0499646,9.50778e-05,-0.000994762,0.0499746,100000,100000,1904.78,0,0.00500595,0.00147104,0,564.37,-0.0499646,9.50778e-05,-0.000994762,0.0499746,100000,100000,1904.78,0,0.00500595,0.00147104,0,564.37,-0.0499646,9.50778e-05,-0.000994762,0.0499746,100000,100000,1904.78,0,0.00500595,0.00147104,0,564.37,-0.0499646,9.50778e-05,-0.000994762,0.0499746,100000,100000,1904.78,0,0.00500595,0.00147104,0,564.37,-0.0499646,9.50778e-05,-0.000994762,0.0499746,100000,100000,1904.78,0,0,0,0,0,0,0,0,0,0,0,0,0,1
stats,462,1,463,0.00500595,0.00147104,0,564.37,-0.0499646,9.50781e-05,-0.000994762,0.0499746,100000,100000,1904.78,0,0.00500595,0.00147104,0,564.37,-0.0499646,9.50781e-05,-0.000994762,0.0499746,100000,100000,1904.78,0,0.00500595,0.00147104,0,564.37,-0.0499646,9.50781e-05,-0.000994762,0.0499746,100000,100000,1904.78,0,0.00500595,0.00147104,0,564.37,-0.0499646,9.50781e-05,-0.000994762,0.0499746,100000,100000,1904.78,0,0.00500595,0.00147104,0,564.37,-0.0499646,9.50781e-05,-0.000994762,0.0499746,100000,100000,1904.78,0,0.00500595,0.00147104,0,564.37,-0.0499646,9.50781e-05,-0.000994762,0.0499746,100000,100000,1904.78,0,0,0,0,0,0,0,0,0,0,0,0,0,1
stats,463,1,464,0.00500595,0.00147104,0,564.37,-0.0499646,9.50789e-05,-0.000994765,0.0499746,100000,100000,1904.78,0,0.00500595,0.00147104,0,564.37,-0.0499646,9.50789e-05,-0.000994765,0.0499746,100000,100000,1904.78,0,0.00500595,0.00147104,0,564.37,-0.0499646,9.50789e-05,-0.000994765,0.0499746,100000,100000,1904.78,0,0.00500595,0.00147104,0,564.37,-0.0499646,9.50789e-05,-0.000994765,0.0499746,100000,100000,1904.78,0,0.00500595,0.00147104,0,564.37,-0.0499646,9.50789e-05,-0.000994765,0.0499746,100000,100000,1904.78,0,0.00500595,0.00147104,0,564.37,-0.0499646,9.50789e-05,-0.000994765,0.0499746,100000,100000,1904.78,0,0,0,0,0,0,0,0,0,0,0,0,0,1
stats,464,1,465,0.00500595,0.00147104,0,564.37,-0.0499646,9.50799e-05,-0.000994768,0.0499746,100000,100000,1904.78,0,0.00500595,0.00147104,0,564.37,-0.0499646,9.50799e-05,-0.000994768,0.0499746,100000,100000,1904.78,0,0.00500595,0.00147104,0,564.37,-0.0499646,9.50799e-05,-0.000994768,0.0499746,100000,100000,1904.78,0,0.00500595,0.00147104,0,564.37,-0.0499646,9.50799e-05,-0.000994768,0.0499746,100000,100000,1904.78,0,0.00500595,0.00147104,0,564.37,-0.0499646,9.50799e-05,-0.000994768,0.0499746,100000,100000,1904.78,0,0.00500595,0.00147104,0,564.37,-0.0499646,9.50799e-05,-0.000994768,0.0499746,100000,100000,1904.78,0,0,0,0,0,0,0,0,0,0,0,0,0,1
stats,465,1,466,0.00500595,0.00147104,0,564.37,-0.0499646,9.50808e-05,-0.000994772,0.0499746,100000,100000,1904.78,0,0.00500595,0.00147104,0,564.37,-0.0499646,9.50808e-05,-0.000994772,0.0499746,100000,100000,1904.78,0,0.00500595,0.00147104,0,564.37,-0.0499646,9.50808e-05,-0.000994772,0.0499746,100000,100000,1904.78,0,0.00500595,0.00147104,0,564.37,-0.0499646,9.50808e-05,-0.000994772,0.0499746,100000,100000,1904.78,0,0.00500595,0.00147104,0,564.37,-0.0499646,9.50808e-05,-0.000994772,0.0499746,100000,100000,1904.78,0,0.00500595,0.00147104,0,564.37,-0.0499646,9.50808e-05,-0.000994772,0.0499746,100000,100000,1904.78,0,0,0,0,0,0,0,0,0,0,0,0,0,1
stats,466,1,467,0.00500595,0.00147104,0,564.37,-0.0499646,9.50815e-05,-0.000994775,0.0499746,100000,100000,1904.78,0,0.00500595,0.00147104,0,564.37,-0.0499646,9.50815e-05,-0.000994775,0.0499746,100000,100000,1904.78,0,0.00500595,0.00147104,0,564.37,-0.0499646,9.50815e-05,-0.000994775,0.0499746,100000,100000,1904.78,0,0.00500595,0.00147104,0,564.37,-0.0499646,9.50815e-05,-0.000994775,0.0499746,100000,100000,1904.78,0,0.00500595,0.00147104,0,564.37,-0.0499646,9.50815e-05,-0.000994775,0.0499746,100000,100000,1904.78,0,0.00500595,0.00147104,0,564.37,-0.0499646,9.50815e-05,-0.000994775,0.0499746,100000,100000,1904.78,0,0,0,0,0,0,0,0,0,0,0,0,0,1
stats,467,1,468,0.00500595,0.00147104,0,564.37,-0.0499646,9.50818e-05,-0.000994777,0.0499746,100000,100000,1904.78,0,0.00500595,0.00147104,0,564.37,-0.0499646,9.50818e-05,-0.000994777,0.0499746,100000,100000,1904.78,0,0.00500595,0.00147104,0,564.37,-0.0499646,9.50818e-05,-0.000994777,0.0499746,100000,100000,1904.78,0,0.00500595,0.00147104,0,564.37,-0.0499646,9.50818e-05,-0.000994777,0.0499746,100000,100000,1904.78,0,0.00500595,0.00147104,0,564.37,-0.0499646,9.50818e-05,-0.000994777,0.0499746,100000,100000,1904.78,0,0.00500595,0.00147104,0,564.37,-0.0499646,9.50818e-05,-0.000994777,0.0499746,100000,100000,1904.78,0,0,0,0,0,0,0,0,0,0,0,0,0,1
stats,468,1,469,0.00500595,0.00147104,0,564.37,-0.0499646,9.50819e-05,-0.000994778,0.0499746,100000,100000,1904.78,0,0.00500595,0.00147104,0,564.37,-0.0499646,9.50819e-05,-0.000994778,0.0499746,100000,100000,1904.78,0,0.00500595,0.00147104,0,564.37,-0.0499646,9.50819e-05,-0.000994778,0.0499746,100000,100000,1904.78,0,0.00500595,0.00147104,0,564.37,-0.0499646,9.50819e-05,-0.000994778,0.0499746,100000,100000,1904.78,0,0.00500595,0.00147104,0,564.37,-0.0499646,9.50819e-05,-0.000994778,0.0499746,100000,100000,1904.78,0,0.00500595,0.00147104,0,564.37,-0.0499646,9.50819e-05,-0.000994778,0.0499746,100000,100000,1904.78,0,0,0,0,0,0,0,0,0,0,0,0,0,1
stats,469,1,470,0.00500595,0.00147104,0,564.37,-0.0499646,9.5082e-05,-0.000994779,0.0499746,100000,100000,1904.78,0,0.00500595,0.00147104,0,564.37,-0.0499646,9.5082e-05,-0.000994779,0.0499746,100000,100000,1904.78,0,0.00500595,0.00147104,0,564.37,-0.0499646,9.5082e-05,-0.000994779,0.0499746,100000,100000,1904.78,0,0.00500595,0.00147104,0,564.37,-0.0499646,9.5082e-05,-0.000994779,0.0499746,100000,100000,1904.78,0,0.00500595,0.00147104,0,564.37,-0.0499646,9.5082e-05,-0.000994779,0.0499746,100000,100000,1904.78,0,0.00500595,0.00147104,0,564.37,-0.0499646,9.5082e-05,-0.000994779,0.0499746,100000,100000,1904.78,0,0,0,0,0,0,0,0,0,0,0,0,0,1
stats,470,1,471,0.00500595,0.00147104,0,564.37,-0.0499646,9.50824e-05,-0.000994779,0.0499746,100000,100000,1904.78,0,0.00500595,0.00147104,0,564.37,-0.0499646,9.50824e-05,-0.000994779,0.0499746,100000,100000,1904.78,0,0.00500595,0.00147104,0,564.37,-0.0499646,9.50824e-05,-0.000994779,0.0499746,100000,100000,1904.78,0,0.00500595,0.00147104,0,564.37,-0.0499646,9.50824e-05,-0.000994779,0.0499746,100000,100000,1904.78,0,0.00500595,0.00147104,0,564.37,-0.0499646,9.50824e-05,-0.000994779,0.0499746,100000,100000,1904.78,0,0.00500595,0.00147104,0,564.37,-0.0499646,9.50824e-05,-0.000994779,0.0499746,100000,100000,1904.78,0,0,0,0,0,0,0,0,0,0,0,0,0,1
stats,471,1,472,0.00500595,0.00147104,0,564.37,-0.0499646,9.50829e-05,-0.00099478,0.0499746,100000,100000,1904.78,0,0.00500595,0.00147104,0,564.37,-0.0499646,9.50829e-05,-0.00099478,0.0499746,100000,100000,1904.78,0,0.00500595,0.00147104,0,564.37,-0.0499646,9.50829e-05,-0.00099478,0.0499746,100000,100000,1904.78,0,0.00500595,0.00147104,0,564.37,-0.0499646,9.50829e-05,-0.00099478,0.0499746,100000,100000,1904.78,0,0.00500595,0.00147104,0,564.37,-0.0499646,9.50829e-05,-0.00099478,0.0499746,100000,100000,1904.78,0,0.00500595,0.00147104,0,564.37,-0.0499646,9.50829e-05,-0.00099478,0.0499746,100000,100000,1904.78,0,0,0,0,0,0,0,0,0,0,0,0,0,1
stats,472,1,473,0.00500595,0.00147104,0,564.37,-0.0499646,9.50833e-05,-0.000994779,0.0499746,100000,100000,1904.78,0,0.00500595,0.00147104,0,564.37,-0.0499646,9.50833e-05,-0.000994779,0.0499746,100000,100000,1904.78,0,0.00500595,0.00147104,0,564.37,-0.0499646,9.50833e-05,-0.000994779,0.0499746,100000,100000,1904.78,0,0.00500595,0.00147104,0,564.37,-0.0499646,9.50833e-05,-0.000994779,0.0499746,100000,100000,1904.78,0,0.00500595,0.00147104,0,564.37,-0.0499646,9.50833e-05,-0.000994779,0.0499746,100000,100000,1904.78,0,0.00500595,0.00147104,0,564.37,-0.0499646,9.50833e-05,-0.000994779,0.0499746,100000,100000,1904.78,0,0,0,0,0,0,0,0,0,0,0,0,0,1
stats,473,1,474,0.00500595,0.00147104,0,564.37,-0.0499646,9.50832e-05,-0.000994778,0.0499746,100000,100000,1904.78,0,0.00500595,0.00147104,0,564.37,-0.0499646,9.50832e-05,-0.000994778,0.0499746,100000,100000,1904.78,0,0.00500595,0.00147104,0,564.37,-0.0499646,9.50832e-05,-0.000994778,0.0499746,100000,100000,1904.78,0,0.00500595,0.00147104,0,564.37,-0.0499646,9.50832e-05,-0.000994778,0.0499746,100000,100000,1904.78,0,0.00500595,0.00147104,0,564.37,-0.0499646,9.50832e-05,-0.000994778,0.0499746,100000,100000,1904.78,0,0.00500595,0.00147104,0,564.37,-0.0499646,9.50832e-05,-0.000994778,0.0499746,100000,100000,1904.78,0,0,0,0,0,0,0,0,0,0,0,0,0,1
stats,474,1,475,0.00500595,0.00147104,0,564.37,-0.0499646,9.50823e-05,-0.000994776,0.0499746,100000,100000,1904.78,0,0.00500595,0.00147104,0,564.37,-0.0499646,9.50823e-05,-0.000994776,0.0499746,100000,100000,1904.78,0,0.00500595,0.00147104,0,564.37,-0.0499646,9.50823e-05,-0.000994776,0.0499746,100000,100000,1904.78,0,0.00500595,0.00147104,0,564.37,-0.0499646,9.50823e-05,-0.000994776,0.0499746,100000,100000,1904.78,0,0.00500595,0.00147104,0,564.37,-0.0499646,9.50823e-05,-0.000994776,0.0499746,100000,100000,1904.78,0,0.00500595,0.00147104,0,564.37,-0.0499646,9.50823e-05,-0.000994776,0.0499746,100000,100000,1904.78,0,0,0,0,0,0,0,0,0,0,0,0,0,1
stats,475,1,476,0.00500595,0.00147104,0,564.37,-0.0499646,9.50807e-05,-0.000994773,0.0499746,100000,100000,1904.78,0,0.00500595,0.00147104,0,564.37,-0.0499646,9.50807e-05,-0.000994773,0.0499746,100000,100000,1904.78,0,0.00500595,0.00147104,0,564.37,-0.0499646,9.50807e-05,-0.000994773,0.0499746,100000,100000,1904.78,0,0.00500595,0.00147104,0,564.37,-0.0499646,9.50807e-05,-0.000994773,0.0499746,100000,100000,1904.78,0,0.00500595,0.00147104,0,564.37,-0.0499646,9.50807e-05,-0.000994773,0.0499746,100000,100000,1904.78,0,0.00500595,0.00147104,0,564.37,-0.0499646,9.50807e-05,-0.000994773,0.0499746,100000,100000,1904.78,0,0,0,0,0,0,0,0,0,0,0,0,0,1
stats,476,1,477,0.00500595,0.00147104,0,564.37,-0.0499646,9.50786e-05,-0.00099477,0.0499746,100000,100000,1904.78,0,0.00500595,0.00147104,0,564.37,-0.0499646,9.50786e-05,-0.00099477,0.0499746,100000,100000,1904.78,0,0.00500595,0.00147104,0,564.37,-0.0499646,9.50786e-05,-0.00099477,0.0499746,100000,100000,1904.78,0,0.00500595,0.00147104,0,564.37,-0.0499646,9.50786e-05,-0.00099477,0.0499746,100000,100000,1904.78,0,0.00500595,0.00147104,0,564.37,-0.0499646,9.50786e-05,-0.00099477,0.0499746,100000,100000,1904.78,0,0.00500595,0.00147104,0,564.37,-0.0499646,9.50786e-05,-0.00099477,0.0499746,100000,100000,1904.78,0,0,0,0,0,0,0,0,0,0,0,0,0,1
stats,477,1,478,0.00500595,0.00147104,0,564.37,-0.0499646,9.50768e-05,-0.000994766,0.0499746,100000,100000,1904.78,0,0.00500595,0.00147104,0,564.37,-0.0499646,9.50768e-05,-0.000994766,0.0499746,100000,100000,1904.78,0,0.00500595,0.00147104,0,564.37,-0.0499646,9.50768e-05,-0.000994766,0.0499746,100000,100000,1904.78,0,0.00500595,0.00147104,0,564.37,-0.0499646,9.50768e-05,-0.000994766,0.0499746,100000,100000,1904.78,0,0.00500595,0.00147104,0,564.37,-0.0499646,9.50768e-05,-0.000994766,0.0499746,100000,100000,1904.78,0,0.00500595,0.00147104,0,564.37,-0.0499646,9.50768e-05,-0.000994766,0.0499746,100000,100000,1904.78,0,0,0,0,0,0,0,0,0,0,0,0,0,1
stats,478,1,479,0.00500595,0.00147104,0,564.37,-0.0499646,9.50759e-05,-0.000994763,0.0499746,100000,100000,1904.78,0,0.00500595,0.00147104,0,564.37,-0.0499646,9.50759e-05,-0.000994763,0.0499746,100000,100000,1904.78,0,0.00500595,0.00147104,0,564.37,-0.0499646,9.50759e-05,-0.000994763,0.0499746,100000,100000,1904.78,0,0.00500595,0.00147104,0,564.37,-0.0499646,9.50759e-05,-0.000994763,0.0499746,100000,100000,1904.78,0,0.00500595,0.00147104,0,564.37,-0.0499646,9.50759e-05,-0.000994763,0.0499746,100000,100000,1904.78,0,0.00500595,0.00147104,0,564.37,-0.0499646,9.50759e-05,-0.000994763,0.0499746,100000,100000,1904.78,0,0,0,0,0,0,0,0,0,0,0,0,0,1
stats,479,1,480,0.00500595,0.00147104,0,564.37,-0.0499646,9.50764e-05,-0.000994762,0.0499746,100000,100000,1904.78,0,0.00500595,0.00147104,0,564.37,-0.0499646,9.50764e-05,-0.000994762,0.0499746,100000,100000,1904.78,0,0.00500595,0.00147104,0,564.37,-0.0499646,9.50764e-05,-0.000994762,0.0499746,100000,100000,1904.78,0,0.00500595,0.00147104,0,564.37,-0.0499646,9.50764e-05,-0.000994762,0.0499746,100000,100000,1904.78,0,0.00500595,0.00147104,0,564.37,-0.0499646,9.50764e-05,-0.000994762,0.0499746,100000,100000,1904.78,0,0.00500595,0.00147104,0,564.37,-0.0499646,9.50764e-05,-0.000994762,0.0499746,100000,100000,1904.78,0,0,0,0,0,0,0,0,0,0,0,0,0,1
stats,480,1,481,0.00500595,0.00147104,0,564.37,-0.0499646,9.5078e-05,-0.000994762,0.0499746,100000,100000,1904.78,0,0.00500595,0.00147104,0,564.37,-0.0499646,9.5078e-05,-0.000994762,0.0499746,100000,100000,1904.78,0,0.00500595,0.00147104,0,564.37,-0.0499646,9.5078e-05,-0.000994762,0.0499746,100000,100000,1904.78,0,0.00500595,0.00147104,0,564.37,-0.0499646,9.5078e-05,-0.000994762,0.0499746,100000,100000,1904.78,0,0.00500595,0.00147104,0,564.37,-0.0499646,9.5078e-05,-0.000994762,0.0499746,100000,100000,1904.78,0,0.00500595,0.00147104,0,564.37,-0.0499646,9.5078e-05,-0.000994762,0.0499746,100000,100000,1904.78,0,0,0,0,0,0,0,0,0,0,0,0,0,1
stats,481,1,482,0.00500595,0.00147104,0,564.37,-0.0499646,9.50802e-05,-0.000994765,0.0499746,100000,100000,1904.78,0,0.00500595,0.00147104,0,564.37,-0.0499646,9.50802e-05,-0.000994765,0.0499746,100000,100000,1904.78,0,0.00500595,0.00147104,0,564.37,-0.0499646,9.50802e-05,-0.000994765,0.0499746,100000,100000,1904.78,0,0.00500595,0.00147104,0,564.37,-0.0499646,9.50802e-05,-0.000994765,0.0499746,100000,100000,1904.78,0,0.00500595,0.00147104,0,564.37,-0.0499646,9.50802e-05,-0.000994765,0.0499746,100000,100000,1904.78,0,0.00500595,0.00147104,0,564.37,-0.0499646,9.50802e-05,-0.000994765,0.0499746,100000,100000,1904.78,0,0,0,0,0,0,0,0,0,0,0,0,0,1
stats,482,1,483,0.00500595,0.00147104,0,564.37,-0.0499646,9.50825e-05,-0.000994768,0.0499746,100000,100000,1904.78,0,0.00500595,0.00147104,0,564.37,-0.0499646,9.50825e-05,-0.000994768,0.0499746,100000,100000,1904.78,0,0.00500595,0.00147104,0,564.37,-0.0499646,9.50825e-05,-0.000994768,0.0499746,100000,100000,1904.78,0,0.00500595,0.00147104,0,564.37,-0.0499646,9.50825e-05,-0.000994768,0.0499746,100000,100000,1904.78,0,0.00500595,0.00147104,0,564.37,-0.0499646,9.50825e-05,-0.000994768,0.0499746,100000,100000,1904.78,0,0.00500595,0.00147104,0,564.37,-0.0499646,9.50825e-05,-0.000994768,0.0499746,100000,100000,1904.78,0,0,0,0,0,0,0,0,0,0,0,0,0,1
stats,483,1,484,0.00500595,0.00147104,0,564.37,-0.0499646,9.50841e-05,-0.000994771,0.0499746,100000,100000,1904.78,0,0.00500595,0.00147104,0,564.37,-0.0499646,9.50841e-05,-0.000994771,0.0499746,100000,100000,1904.78,0,0.00500595,0.00147104,0,564.37,-0.0499646,9.50841e-05,-0.000994771,0.0499746,100000,100000,1904.78,0,0.00500595,0.00147104,0,564.37,-0.0499646,9.50841e-05,-0.000994771,0.0499746,100000,100000,1904.78,0,0.00500595,0.00147104,0,564.37,-0.0499646,9.50841e-05,-0.000994771,0.0499746,100000,100000,1904.78,0,0.00500595,0.00147104,0,564.37,-0.0499646,9.50841e-05,-0.000994771,0.0499746,100000,100000,1904.78,0,0,0,0,0,0,0,0,0,0,0,0,0,1
stats,484,1,485,0.00500595,0.00147104,0,564.37,-0.0499646,9.50849e-05,-0.000994773,0.0499746,100000,100000,1904.78,0,0.00500595,0.00147104,0,564.37,-0.0499646,9.50849e-05,-0.000994773,0.0499746,100000,100000,1904.78,0,0.00500595,0.00147104,0,564.37,-0.0499646,9.50849e-05,-0.000994773,0.0499746,100000,100000,1904.78,0,0.00500595,0.00147104,0,564.37,-0.0499646,9.50849e-05,-0.000994773,0.0499746,100000,100000,1904.78,0,0.00500595,0.00147104,0,564.37,-0.0499646,9.50849e-05,-0.000994773,0.0499746,100000,100000,1904.78,0,0.00500595,0.00147104,0,564.37,-0.0499646,9.50849e-05,-0.000994773,0.0499746,100000,100000,1904.78,0,0,0,0,0,0,0,0,0,0,0,0,0,1
stats,485,1,486,0.00500595,0.00147104,0,564.37,-0.0499646,9.50852e-05,-0.000994775,0.0499746,100000,100000,1904.78,0,0.00500595,0.00147104,0,564.37,-0.0499646,9.50852e-05,-0.000994775,0.0499746,100000,100000,1904.78,0,0.00500595,0.00147104,0,564.37,-0.0499646,9.50852e-05,-0.000994775,0.0499746,100000,100000,1904.78,0,0.00500595,0.00147104,0,564.37,-0.0499646,9.50852e-05,-0.000994775,0.0499746,100000,100000,1904.78,0,0.00500595,0.00147104,0,564.37,-0.0499646,9.50852e-05,-0.000994775,0.0499746,100000,100000,1904.78,0,0.00500595,0.00147104,0,564.37,-0.0499646,9.50852e-05,-0.000994775,0.0499746,100000,100000,1904.78,0,0,0,0,0,0,0,0,0,0,0,0,0,1
stats,486,1,487,0.00500595,0.00147104,0,564.37,-0.0499646,9.50853e-05,-0.000994776,0.0499746,100000,100000,1904.78,0,0.00500595,0.00147104,0,564.37,-0.0499646,9.50853e-05,-0.000994776,0.0499746,100000,100000,1904.78,0,0.00500595,0.00147104,0,564.37,-0.0499646,9.50853e-05,-0.000994776,0.0499746,100000,100000,1904.78,0,0.00500595,0.00147104,0,564.37,-0.0499646,9.50853e-05,-0.000994776,0.0499746,100000,100000,1904.78,0,0.00500595,0.00147104,0,564.37,-0.0499646,9.50853e-05,-0.000994776,0.0499746,100000,100000,1904.78,0,0.00500595,0.00147104,0,564.37,-0.0499646,9.50853e-05,-0.000994776,0.0499746,100000,100000,1904.78,0,0,0,0,0,0,0,0,0,0,0,0,0,1
stats,487,1,488,0.00500595,0.00147104,0,564.37,-0.0499646,9.50853e-05,-0.000994777,0.0499746,100000,100000,1904.78,0,0.00500595,0.00147104,0,564.37,-0.0499646,9.50853e-05,-0.000994777,0.0499746,100000,100000,1904.78,0,0.00500595,0.00147104,0,564.37,-0.0499646,9.50853e-05,-0.000994777,0.0499746,100000,100000,1904.78,0,0.00500595,0.00147104,0,564.37,-0.0499646,9.50853e-05,-0.000994777,0.0499746,100000,100000,1904.78,0,0.00500595,0.00147104,0,564.37,-0.0499646,9.50853e-05,-0.000994777,0.0499746,100000,100000,1904.78,0,0.00500595,0.00147104,0,564.37,-0.0499646,9.50853e-05,-0.000994777,0.0499746,100000,100000,1904.78,0,0,0,0,0,0,0,0,0,0,0,0,0,1
stats,488,1,489,0.00500595,0.00147104,0,564.37,-0.0499646,9.50851e-05,-0.000994778,0.0499746,100000,100000,1904.78,0,0.00500595,0.00147104,0,564.37,-0.0499646,9.50851e-05,-0.000994778,0.0499746,100000,100000,1904.78,0,0.00500595,0.00147104,0,564.37,-0.0499646,9.50851e-05,-0.000994778,0.0499746,100000,100000,1904.78,0,0.00500595,0.00147104,0,564.37,-0.0499646,9.50851e-05,-0.000994778,0.0499746,100000,100000,1904.78,0,0.00500595,0.00147104,0,564.37,-0.0499646,9.50851e-05,-0.000994778,0.0499746,100000,100000,1904.78,0,0.00500595,0.00147104,0,564.37,-0.0499646,9.50851e-05,-0.000994778,0.0499746,100000,100000,1904.78,0,0,0,0,0,0,0,0,0,0,0,0,0,1
stats,489,1,490,0.00500595,0.00147104,0,564.37,-0.0499646,9.50846e-05,-0.000994778,0.0499746,100000,100000,1904.78,0,0.00500595,0.00147104,0,564.37,-0.0499646,9.50846e-05,-0.000994778,0.0499746,100000,100000,1904.78,0,0.00500595,0.00147104,0,564.37,-0.0499646,9.50846e-05,-0.000994778,0.0499746,100000,100000,1904.78,0,0.00500595,0.00147104,0,564.37,-0.0499646,9.50846e-05,-0.000994778,0.0499746,100000,100000,1904.78,0,0.00500595,0.00147104,0,564.37,-0.0499646,9.50846e-05,-0.000994778,0.0499746,100000,100000,1904.78,0,0.00500595,0.00147104,0,564.37,-0.0499646,9.50846e-05,-0.000994778,0.0499746,100000,100000,1904.78,0,0,0,0,0,0,0,0,0,0,0,0,0,1
stats,490,1,491,0.00500595,0.00147104,0,564.37,-0.0499646,9.50836e-05,-0.000994778,0.0499746,100000,100000,1904.78,0,0.00500595,0.00147104,0,564.37,-0.0499646,9.50836e-05,-0.000994778,0.0499746,100000,100000,1904.78,0,0.00500595,0.00147104,0,564.37,-0.0499646,9.50836e-05,-0.000994778,0.0499746,100000,100000,1904.78,0,0.00500595,0.00147104,0,564.37,-0.0499646,9.50836e-05,-0.000994778,0.0499746,100000,100000,1904.78,0,0.00500595,0.00147104,0,564.37,-0.0499646,9.50836e-05,-0.000994778,0.0499746,100000,100000,1904.78,0,0.00500595,0.00147104,0,564.37,-0.0499646,9.50836e-05,-0.000994778,0.0499746,100000,100000,1904.78,0,0,0,0,0,0,0,0,0,0,0,0,0,1
stats,491,1,492,0.00500595,0.00147104,0,564.37,-0.0499646,9.50819e-05,-0.000994778,0.0499746,100000,100000,1904.78,0,0.00500595,0.00147104,0,564.37,-0.0499646,9.50819e-05,-0.000994778,0.0499746,100000,100000,1904.78,0,0.00500595,0.00147104,0,564.37,-0.0499646,9.50819e-05,-0.000994778,0.0499746,100000,100000,1904.78,0,0.00500595,0.00147104,0,564.37,-0.0499646,9.50819e-05,-0.000994778,0.0499746,100000,100000,1904.78,0,0.00500595,0.00147104,0,564.37,-0.0499646,9.50819e-05,-0.000994778,0.0499746,100000,100000,1904.78,0,0.00500595,0.00147104,0,564.37,-0.0499646,9.50819e-05,-0.000994778,0.0499746,100000,100000,1904.78,0,0,0,0,0,0,0,0,0,0,0,0,0,1
stats,492,1,493,0.00500595,0.00147104,0,564.37,-0.0499646,9.50796e-05,-0.000994777,0.0499746,100000,100000,1904.78,0,0.00500595,0.00147104,0,564.37,-0.0499646,9.50796e-05,-0.000994777,0.0499746,100000,100000,1904.78,0,0.00500595,0.00147104,0,564.37,-0.0499646,9.50796e-05,-0.000994777,0.0499746,100000,100000,1904.78,0,0.00500595,0.00147104,0,564.37,-0.0499646,9.50796e-05,-0.000994777,0.0499746,100000,100000,1904.78,0,0.00500595,0.00147104,0,564.37,-0.0499646,9.50796e-05,-0.000994777,0.0499746,100000,100000,1904.78,0,0.00500595,0.00147104,0,564.37,-0.0499646,9.50796e-05,-0.000994777,0.0499746,100000,100000,1904.78,0,0,0,0,0,0,0,0,0,0,0,0,0,1
stats,493,1,494,0.00500595,0.00147104,0,564.37,-0.0499646,9.50772e-05,-0.000994775,0.0499746,100000,100000,1904.78,0,0.00500595,0.00147104,0,564.37,-0.0499646,9.50772e-05,-0.000994775,0.0499746,100000,100000,1904.78,0,0.00500595,0.00147104,0,564.37,-0.0499646,9.50772e-05,-0.000994775,0.0499746,100000,100000,1904.78,0,0.00500595,0.00147104,0,564.37,-0.0499646,9.50772e-05,-0.000994775,0.0499746,100000,100000,1904.78,0,0.00500595,0.00147104,0,564.37,-0.0499646,9.50772e-05,-0.000994775,0.0499746,100000,100000,1904.78,0,0.00500595,0.00147104,0,564.37,-0.0499646,9.50772e-05,-0.000994775,0.0499746,100000,100000,1904.78,0,0,0,0,0,0,0,0,0,0,0,0,0,1
stats,494,1,495,0.00500595,0.00147104,0,564.37,-0.0499646,9.5075e-05,-0.000994772,0.0499746,100000,100000,1904.78,0,0.00500595,0.00147104,0,564.37,-0.0499646,9.5075e-05,-0.000994772,0.0499746,100000,100000,1904.78,0,0.00500595,0.00147104,0,564.37,-0.0499646,9.5075e-05,-0.000994772,0.0499746,100000,100000,1904.78,0,0.00500595,0.00147104,0,564.37,-0.0499646,9.5075e-05,-0.000994772,0.0499746,100000,100000,1904.78,0,0.00500595,0.00147104,0,564.37,-0.0499646,9.5075e-05,-0.000994772,0.0499746,100000,100000,1904.78,0,0.00500595,0.00147104,0,564.37,-0.0499646,9.5075e-05,-0.000994772,0.0499746,100000,100000,1904.78,0,0,0,0,0,0,0,0,0,0,0,0,0,1
stats,495,1,496,0.00500595,0.00147104,0,564.37,-0.0499646,9.50739e-05,-0.000994768,0.0499746,100000,100000,1904.78,0,0.00500595,0.00147104,0,564.37,-0.0499646,9.50739e-05,-0.000994768,0.0499746,100000,100000,1904.78,0,0.00500595,0.00147104,0,564.37,-0.0499646,9.50739e-05,-0.000994768,0.0499746,100000,100000,1904.78,0,0.00500595,0.00147104,0,564.37,-0.0499646,9.50739e-05,-0.000994768,0.0499746,100000,100000,1904.78,0,0.00500595,0.00147104,0,564.37,-0.0499646,9.50739e-05,-0.000994768,0.0499746,100000,100000,1904.78,0,0.00500595,0.00147104,0,564.37,-0.0499646,9.50739e-05,-0.000994768,0.0499746,100000,100000,1904.78,0,0,0,0,0,0,0,0,0,0,0,0,0,1
stats,496,1,497,0.00500595,0.00147104,0,564.37,-0.0499646,9.5074e-05,-0.000994766,0.0499746,100000,100000,1904.78,0,0.00500595,0.00147104,0,564.37,-0.0499646,9.5074e-05,-0.000994766,0.0499746,100000,100000,1904.78,0,0.00500595,0.00147104,0,564.37,-0.0499646,9.5074e-05,-0.000994766,0.0499746,100000,100000,1904.78,0,0.00500595,0.00147104,0,564.37,-0.0499646,9.5074e-05,-0.000994766,0.0499746,100000,100000,1904.78,0,0.00500595,0.00147104,0,564.37,-0.0499646,9.5074e-05,-0.000994766,0.0499746,100000,100000,1904.78,0,0.00500595,0.00147104,0,564.37,-0.0499646,9.5074e-05,-0.000994766,0.0499746,100000,100000,1904.78,0,0,0,0,0,0,0,0,0,0,0,0,0,1
stats,497,1,498,0.00500595,0.00147104,0,564.37,-0.0499646,9.50755e-05,-0.000994765,0.0499746,100000,100000,1904.78,0,0.00500595,0.00147104,0,564.37,-0.0499646,9.50755e-05,-0.000994765,0.0499746,100000,100000,1904.78,0,0.00500595,0.00147104,0,564.37,-0.0499646,9.50755e-05,-0.000994765,0.0499746,100000,100000,1904.78,0,0.00500595,0.00147104,0,564.37,-0.0499646,9.50755e-05,-0.000994765,0.0499746,100000,100000,1904.78,0,0.00500595,0.00147104,0,564.37,-0.0499646,9.50755e-05,-0.000994765,0.0499746,100000,100000,1904.78,0,0.00500595,0.00147104,0,564.37,-0.0499646,9.50755e-05,-0.000994765,0.0499746,100000,100000,1904.78,0,0,0,0,0,0,0,0,0,0,0,0,0,1
stats,498,1,499,0.00500595,0.00147104,0,564.37,-0.0499646,9.50777e-05,-0.000994765,0.0499746,100000,100000,1904.78,0,0.00500595,0.00147104,0,564.37,-0.0499646,9.50777e-05,-0.000994765,0.0499746,100000,100000,1904.78,0,0.00500595,0.00147104,0,564.37,-0.0499646,9.50777e-05,-0.000994765,0.0499746,100000,100000,1904.78,0,0.00500595,0.00147104,0,564.37,-0.0499646,9.50777e-05,-0.000994765,0.0499746,100000,100000,1904.78,0,0.00500595,0.00147104,0,564.37,-0.0499646,9.50777e-05,-0.000994765,0.0499746,100000,100000,1904.78,0,0.00500595,0.00147104,0,564.37,-0.0499646,9.50777e-05,-0.000994765,0.0499746,100000,100000,1904.78,0,0,0,0,0,0,0,0,0,0,0,0,0,1
stats,499,1,500,0.00500595,0.00147104,0,564.37,-0.0499646,9.50802e-05,-0.000994767,0.0499746,100000,100000,1904.78,0,0.00500595,0.00147104,0,564.37,-0.0499646,9.50802e-05,-0.000994767,0.0499746,100000,100000,1904.78,0,0.00500595,0.00147104,0,564.37,-0.0499646,9.50802e-05,-0.000994767,0.0499746,100000,100000,1904.78,0,0.00500595,0.00147104,0,564.37,-0.0499646,9.50802e-05,-0.000994767,0.0499746,100000,100000,1904.78,0,0.00500595,0.00147104,0,564.37,-0.0499646,9.50802e-05,-0.000994767,0.0499746,100000,100000,1904.78,0,0.00500595,0.00147104,0,564.37,-0.0499646,9.50802e-05,-0.000994767,0.0499746,100000,100000,1904.78,0,0,0,0,0,0,0,0,0,0,0,0,0,1
stats,500,1,501,0.00500595,0.00147104,0,564.37,-0.0499646,9.50826e-05,-0.000994769,0.0499746,100000,100000,1904.78,0,0.00500595,0.00147104,0,564.37,-0.0499646,9.50826e-05,-0.000994769,0.0499746,100000,100000,1904.78,0,0.00500595,0.00147104,0,564.37,-0.0499646,9.50826e-05,-0.000994769,0.0499746,100000,100000,1904.78,0,0.00500595,0.00147104,0,564.37,-0.0499646,9.50826e-05,-0.000994769,0.0499746,100000,100000,1904.78,0,0.00500595,0.00147104,0,564.37,-0.0499646,9.50826e-05,-0.000994769,0.0499746,100000,100000,1904.78,0,0.00500595,0.00147104,0,564.37,-0.0499646,9.50826e-05,-0.000994769,0.0499746,100000,100000,1904.78,0,0,0,0,0,0,0,0,0,0,0,0,0,1
stats,501,1,502,0.00500595,0.00147104,0,564.37,-0.0499646,9.50847e-05,-0.000994772,0.0499746,100000,100000,1904.78,0,0.00500595,0.00147104,0,564.37,-0.0499646,9.50847e-05,-0.000994772,0.0499746,100000,100000,1904.78,0,0.00500595,0.00147104,0,564.37,-0.0499646,9.50847e-05,-0.000994772,0.0499746,100000,100000,1904.78,0,0.00500595,0.00147104,0,564.37,-0.0499646,9.50847e-05,-0.000994772,0.0499746,100000,100000,1904.78,0,0.00500595,0.00147104,0,564.37,-0.0499646,9.50847e-05,-0.000994772,0.0499746,100000,100000,1904.78,0,0.00500595,0.00147104,0,564.37,-0.0499646,9.50847e-05,-0.000994772,0.0499746,100000,100000,1904.78,0,0,0,0,0,0,0,0,0,0,0,0,0,1
stats,502,1,503,0.00500595,0.00147104,0,564.37,-0.0499646,9.50865e-05,-0.000994773,0.0499746,100000,100000,1904.78,0,0.00500595,0.00147104,0,564.37,-0.0499646,9.50865e-05,-0.000994773,0.0499746,100000,100000,1904.78,0,0.00500595,0.00147104,0,564.37,-0.0499646,9.50865e-05,-0.000994773,0.0499746,100000,100000,1904.78,0,0.00500595,0.00147104,0,564.37,-0.0499646,9.50865e-05,-0.000994773,0.0499746,100000,100000,1904.78,0,0.00500595,0.00147104,0,564.37,-0.0499646,9.50865e-05,-0.000994773,0.0499746,100000,100000,1904.78,0,0.00500595,0.00147104,0,564.37,-0.0499646,9.50865e-05,-0.000994773,0.0499746,100000,100000,1904.78,0,0,0,0,0,0,0,0,0,0,0,0,0,1
stats,503,1,504,0.00500595,0.00147104,0,564.37,-0.0499646,9.50881e-05,-0.000994774,0.0499746,100000,100000,1904.78,0,0.00500595,0.00147104,0,564.37,-0.0499646,9.50881e-05,-0.000994774,0.0499746,100000,100000,1904.78,0,0.00500595,0.00147104,0,564.37,-0.0499646,9.50881e-05,-0.000994774,0.0499746,100000,100000,1904.78,0,0.00500595,0.00147104,0,564.37,-0.0499646,9.50881e-05,-0.000994774,0.0499746,100000,100000,1904.78,0,0.00500595,0.00147104,0,564.37,-0.0499646,9.50881e-05,-0.000994774,0.0499746,100000,100000,1904.78,0,0.00500595,0.00147104,0,564.37,-0.0499646,9.50881e-05,-0.000994774,0.0499746,100000,100000,1904.78,0,0,0,0,0,0,0,0,0,0,0,0,0,1
stats,504,1,505,0.00500595,0.00147104,0,564.37,-0.0499646,9.50892e-05,-0.000994775,0.0499746,100000,100000,1904.78,0,0.00500595,0.00147104,0,564.37,-0.0499646,9.50892e-05,-0.000994775,0.0499746,100000,100000,1904.78,0,0.00500595,0.00147104,0,564.37,-0.0499646,9.50892e-05,-0.000994775,0.0499746,100000,100000,1904.78,0,0.00500595,0.00147104,0,564.37,-0.0499646,9.50892e-05,-0.000994775,0.0499746,100000,100000,1904.78,0,0.00500595,0.00147104,0,564.37,-0.0499646,9.50892e-05,-0.000994775,0.0499746,100000,100000,1904.78,0,0.00500595,0.00147104,0,564.37,-0.0499646,9.50892e-05,-0.000994775,0.0499746,100000,100000,1904.78,0,0,0,0,0,0,0,0,0,0,0,0,0,1
stats,505,1,506,0.00500595,0.00147104,0,564.37,-0.0499646,9.50898e-05,-0.000994776,0.0499746,100000,100000,1904.78,0,0.00500595,0.00147104,0,564.37,-0.0499646,9.50898e-05,-0.000994776,0.0499746,100000,100000,1904.78,0,0.00500595,0.00147104,0,564.37,-0.0499646,9.50898e-05,-0.000994776,0.0499746,100000,100000,1904.78,0,0.00500595,0.00147104,0,564.37,-0.0499646,9.50898e-05,-0.000994776,0.0499746,100000,100000,1904.78,0,0.00500595,0.00147104,0,564.37,-0.0499646,9.50898e-05,-0.000994776,0.0499746,100000,100000,1904.78,0,0.00500595,0.00147104,0,564.37,-0.0499646,9.50898e-05,-0.000994776,0.0499746,100000,100000,1904.78,0,0,0,0,0,0,0,0,0,0,0,0,0,1
stats,506,1,507,0.00500595,0.00147104,0,564.37,-0.0499646,9.50899e-05,-0.000994776,0.0499746,100000,100000,1904.78,0,0.00500595,0.00147104,0,564.37,-0.0499646,9.50899e-05,-0.000994776,0.0499746,100000,100000,1904.78,0,0.00500595,0.00147104,0,564.37,-0.0499646,9.50899e-05,-0.000994776,0.0499746,100000,100000,1904.78,0,0.00500595,0.00147104,0,564.37,-0.0499646,9.50899e-05,-0.000994776,0.0499746,100000,100000,1904.78,0,0.00500595,0.00147104,0,564.37,-0.0499646,9.50899e-05,-0.000994776,0.0499746,100000,100000,1904.78,0,0.00500595,0.00147104,0,564.37,-0.0499646,9.50899e-05,-0.000994776,0.0499746,100000,100000,1904.78,0,0,0,0,0,0,0,0,0,0,0,0,0,1
stats,507,1,508,0.00500595,0.00147104,0,564.37,-0.0499646,9.50892e-05,-0.000994776,0.0499746,100000,100000,1904.78,0,0.00500595,0.00147104,0,564.37,-0.0499646,9.50892e-05,-0.000994776,0.0499746,100000,100000,1904.78,0,0.00500595,0.00147104,0,564.37,-0.0499646,9.50892e-05,-0.000994776,0.0499746,100000,100000,1904.78,0,0.00500595,0.00147104,0,564.37,-0.0499646,9.50892e-05,-0.000994776,0.0499746,100000,100000,1904.78,0,0.00500595,0.00147104,0,564.37,-0.0499646,9.50892e-05,-0.000994776,0.0499746,100000,100000,1904.78,0,0.00500595,0.00147104,0,564.37,-0.0499646,9.50892e-05,-0.000994776,0.0499746,100000,100000,1904.78,0,0,0,0,0,0,0,0,0,0,0,0,0,1
stats,508,1,509,0.00500595,0.00147104,0,564.37,-0.0499646,9.50874e-05,-0.000994776,0.0499746,100000,100000,1904.78,0,0.00500595,0.00147104,0,564.37,-0.0499646,9.50874e-05,-0.000994776,0.0499746,100000,100000,1904.78,0,0.00500595,0.00147104,0,564.37,-0.0499646,9.50874e-05,-0.000994776,0.0499746,100000,100000,1904.78,0,0.00500595,0.00147104,0,564.37,-0.0499646,9.50874e-05,-0.000994776,0.0499746,100000,100000,1904.78,0,0.00500595,0.00147104,0,564.37,-0.0499646,9.50874e-05,-0.000994776,0.0499746,100000,100000,1904.78,0,0.00500595,0.00147104,0,564.37,-0.0499646,9.50874e-05,-0.000994776,0.0499746,100000,100000,1904.78,0,0,0,0,0,0,0,0,0,0,0,0,0,1
stats,509,1,510,0.00500595,0.00147104,0,564.37,-0.0499646,9.50845e-05,-0.000994775,0.0499746,100000,100000,1904.78,0,0.00500595,0.00147104,0,564.37,-0.0499646,9.50845e-05,-0.000994775,0.0499746,100000,100000,1904.78,0,0.00500595,0.00147104,0,564.37,-0.0499646,9.50845e-05,-0.000994775,0.0499746,100000,100000,1904.78,0,0.00500595,0.00147104,0,564.37,-0.0499646,9.50845e-05,-0.000994775,0.0499746,100000,100000,1904.78,0,0.00500595,0.00147104,0,564.37,-0.0499646,9.50845e-05,-0.000994775,0.0499746,100000,100000,1904.78,0,0.00500595,0.00147104,0,564.37,-0.0499646,9.50845e-05,-0.000994775,0.0499746,100000,100000,1904.78,0,0,0,0,0,0,0,0,0,0,0,0,0,1
stats,510,1,511,0.00500595,0.00147104,0,564.37,-0.0499646,9.50807e-05,-0.000994774,0.0499746,100000,100000,1904.78,0,0.00500595,0.00147104,0,564.37,-0.0499646,9.50807e-05,-0.000994774,0.0499746,100000,100000,1904.78,0,0.00500595,0.00147104,0,564.37,-0.0499646,9.50807e-05,-0.000994774,0.0499746,100000,100000,1904.78,0,0.00500595,0.00147104,0,564.37,-0.0499646,9.50807e-05,-0.000994774,0.0499746,100000,100000,1904.78,0,0.00500595,0.00147104,0,564.37,-0.0499646,9.50807e-05,-0.000994774,0.0499746,100000,100000,1904.78,0,0.00500595,0.00147104,0,564.37,-0.0499646,9.50807e-05,-0.000994774,0.0499746,100000,100000,1904.78,0,0,0,0,0,0,0,0,0,0,0,0,0,1
stats,511,1,512,0.00500595,0.00147104,0,564.37,-0.0499646,9.50769e-05,-0.000994772,0.0499746,100000,100000,1904.78,0,0.00500595,0.00147104,0,564.37,-0.0499646,9.50769e-05,-0.000994772,0.0499746,100000,100000,1904.78,0,0.00500595,0.00147104,0,564.37,-0.0499646,9.50769e-05,-0.000994772,0.0499746,100000,100000,1904.78,0,0.00500595,0.00147104,0,564.37,-0.0499646,9.50769e-05,-0.000994772,0.0499746,100000,100000,1904.78,0,0.00500595,0.00147104,0,564.37,-0.0499646,9.50769e-05,-0.000994772,0.0499746,100000,100000,1904.78,0,0.00500595,0.00147104,0,564.37,-0.0499646,9.50769e-05,-0.000994772,0.0499746,100000,100000,1904.78,0,0,0,0,0,0,0,0,0,0,0,0,0,1
stats,512,1,513,0.00500595,0.00147104,0,564.37,-0.0499646,9.50739e-05,-0.00099477,0.0499746,100000,100000,1904.78,0,0.00500595,0.00147104,0,564.37,-0.0499646,9.50739e-05,-0.00099477,0.0499746,100000,100000,1904.78,0,0.00500595,0.00147104,0,564.37,-0.0499646,9.50739e-05,-0.00099477,0.0499746,100000,100000,1904.78,0,0.00500595,0.00147104,0,564.37,-0.0499646,9.50739e-05,-0.00099477,0.0499746,100000,100000,1904.78,0,0.00500595,0.00147104,0,564.37,-0.0499646,9.50739e-05,-0.00099477,0.0499746,100000,100000,1904.78,0,0.00500595,0.00147104,0,564.37,-0.0499646,9.50739e-05,-0.00099477,0.0499746,100000,100000,1904.78,0,0,0,0,0,0,0,0,0,0,0,0,0,1
stats,513,1,514,0.00500595,0.00147104,0,564.37,-0.0499646,9.50724e-05,-0.000994769,0.0499746,100000,100000,1904.78,0,0.00500595,0.00147104,0,564.37,-0.0499646,9.50724e-05,-0.000994769,0.0499746,100000,100000,1904.78,0,0.00500595,0.00147104,0,564.37,-0.0499646,9.50724e-05,-0.000994769,0.0499746,100000,100000,1904.78,0,0.00500595,0.00147104,0,564.37,-0.0499646,9.50724e-05,-0.000994769,0.0499746,100000,100000,1904.78,0,0.00500595,0.00147104,0,564.37,-0.0499646,9.50724e-05,-0.000994769,0.0499746,100000,100000,1904.78,0,0.00500595,0.00147104,0,564.37,-0.0499646,9.50724e-05,-0.000994769,0.0499746,100000,100000,1904.78,0,0,0,0,0,0,0,0,0,0,0,0,0,1
stats,514,1,515,0.00500595,0.00147104,0,564.37,-0.0499646,9.50727e-05,-0.000994768,0.0499746,100000,100000,1904.78,0,0.00500595,0.00147104,0,564.37,-0.0499646,9.50727e-05,-0.000994768,0.0499746,100000,100000,1904.78,0,0.00500595,0.00147104,0,564.37,-0.0499646,9.50727e-05,-0.000994768,0.0499746,100000,100000,1904.78,0,0.00500595,0.00147104,0,564.37,-0.0499646,9.50727e-05,-0.000994768,0.0499746,100000,100000,1904.78,0,0.00500595,0.00147104,0,564.37,-0.0499646,9.50727e-05,-0.000994768,0.0499746,100000,100000,1904.78,0,0.00500595,0.00147104,0,564.37,-0.0499646,9.50727e-05,-0.000994768,0.0499746,100000,100000,1904.78,0,0,0,0,0,0,0,0,0,0,0,0,0,1
stats,515,1,516,0.00500595,0.00147104,0,564.37,-0.0499646,9.50744e-05,-0.000994768,0.0499746,100000,100000,1904.78,0,0.00500595,0.00147104,0,564.37,-0.0499646,9.50744e-05,-0.000994768,0.0499746,100000,100000,1904.78,0,0.00500595,0.00147104,0,564.37,-0.0499646,9.50744e-05,-0.000994768,0.0499746,100000,100000,1904.78,0,0.00500595,0.00147104,0,564.37,-0.0499646,9.50744e-05,-0.000994768,0.0499746,100000,100000,1904.78,0,0.00500595,0.00147104,0,564.37,-0.0499646,9.50744e-05,-0.000994768,0.0499746,100000,100000,1904.78,0,0.00500595,0.00147104,0,564.37,-0.0499646,9.50744e-05,-0.000994768,0.0499746,100000,100000,1904.78,0,0,0,0,0,0,0,0,0,0,0,0,0,1
stats,516,1,517,0.00500595,0.00147104,0,564.37,-0.0499646,9.50769e-05,-0.000994769,0.0499746,100000,100000,1904.78,0,0.00500595,0.00147104,0,564.37,-0.0499646,9.50769e-05,-0.000994769,0.0499746,100000,100000,1904.78,0,0.00500595,0.00147104,0,564.37,-0.0499646,9.50769e-05,-0.000994769,0.0499746,100000,100000,1904.78,0,0.00500595,0.00147104,0,564.37,-0.0499646,9.50769e-05,-0.000994769,0.0499746,100000,100000,1904.78,0,0.00500595,0.00147104,0,564.37,-0.0499646,9.50769e-05,-0.000994769,0.0499746,100000,100000,1904.78,0,0.00500595,0.00147104,0,564.37,-0.0499646,9.50769e-05,-0.000994769,0.0499746,100000,100000,1904.78,0,0,0,0,0,0,0,0,0,0,0,0,0,1
stats,517,1,518,0.00500595,0.00147104,0,564.37,-0.0499646,9.50796e-05,-0.000994771,0.0499746,100000,100000,1904.78,0,0.00500595,0.00147104,0,564.37,-0.0499646,9.50796e-05,-0.000994771,0.0499746,100000,100000,1904.78,0,0.00500595,0.00147104,0,564.37,-0.0499646,9.50796e-05,-0.000994771,0.0499746,100000,100000,1904.78,0,0.00500595,0.00147104,0,564.37,-0.0499646,9.50796e-05,-0.000994771,0.0499746,100000,100000,1904.78,0,0.00500595,0.00147104,0,564.37,-0.0499646,9.50796e-05,-0.000994771,0.0499746,100000,100000,1904.78,0,0.00500595,0.00147104,0,564.37,-0.0499646,9.50796e-05,-0.000994771,0.0499746,100000,100000,1904.78,0,0,0,0,0,0,0,0,0,0,0,0,0,1
stats,518,1,519,0.00500595,0.00147104,0,564.37,-0.0499646,9.50819e-05,-0.000994772,0.0499746,100000,100000,1904.78,0,0.00500595,0.00147104,0,564.37,-0.0499646,9.50819e-05,-0.000994772,0.0499746,100000,100000,1904.78,0,0.00500595,0.00147104,0,564.37,-0.0499646,9.50819e-05,-0.000994772,0.0499746,100000,100000,1904.78,0,0.00500595,0.00147104,0,564.37,-0.0499646,9.50819e-05,-0.000994772,0.0499746,100000,100000,1904.78,0,0.00500595,0.00147104,0,564.37,-0.0499646,9.50819e-05,-0.000994772,0.0499746,100000,100000,1904.78,0,0.00500595,0.00147104,0,564.37,-0.0499646,9.50819e-05,-0.000994772,0.0499746,100000,100000,1904.78,0,0,0,0,0,0,0,0,0,0,0,0,0,1
stats,519,1,520,0.00500595,0.00147104,0,564.37,-0.0499646,9.5084e-05,-0.000994773,0.0499746,100000,100000,1904.78,0,0.00500595,0.00147104,0,564.37,-0.0499646,9.5084e-05,-0.000994773,0.0499746,100000,100000,1904.78,0,0.00500595,0.00147104,0,564.37,-0.0499646,9.5084e-05,-0.000994773,0.0499746,100000,100000,1904.78,0,0.00500595,0.00147104,0,564.37,-0.0499646,9.5084e-05,-0.000994773,0.0499746,100000,100000,1904.78,0,0.00500595,0.00147104,0,564.37,-0.0499646,9.5084e-05,-0.000994773,0.0499746,100000,100000,1904.78,0,0.00500595,0.00147104,0,564.37,-0.0499646,9.5084e-05,-0.000994773,0.0499746,100000,100000,1904.78,0,0,0,0,0,0,0,0,0,0,0,0,0,1
stats,520,1,521,0.00500595,0.00147104,0,564.37,-0.0499646,9.50858e-05,-0.000994774,0.0499746,100000,100000,1904.78,0,0.00500595,0.00147104,0,564.37,-0.0499646,9.50858e-05,-0.000994774,0.0499746,100000,100000,1904.78,0,0.00500595,0.00147104,0,564.37,-0.0499646,9.50858e-05,-0.000994774,0.0499746,100000,100000,1904.78,0,0.00500595,0.00147104,0,564.37,-0.0499646,9.50858e-05,-0.000994774,0.0499746,100000,100000,1904.78,0,0.00500595,0.00147104,0,564.37,-0.0499646,9.50858e-05,-0.000994774,0.0499746,100000,100000,1904.78,0,0.00500595,0.00147104,0,564.37,-0.0499646,9.50858e-05,-0.000994774,0.0499746,100000,100000,1904.78,0,0,0,0,0,0,0,0,0,0,0,0,0,1
stats,521,1,522,0.00500595,0.00147104,0,564.37,-0.0499646,9.50875e-05,-0.000994775,0.0499746,100000,100000,1904.78,0,0.00500595,0.00147104,0,564.37,-0.0499646,9.50875e-05,-0.000994775,0.0499746,100000,100000,1904.78,0,0.00500595,0.00147104,0,564.37,-0.0499646,9.50875e-05,-0.000994775,0.0499746,100000,100000,1904.78,0,0.00500595,0.00147104,0,564.37,-0.0499646,9.50875e-05,-0.000994775,0.0499746,100000,100000,1904.78,0,0.00500595,0.00147104,0,564.37,-0.0499646,9.50875e-05,-0.000994775,0.0499746,100000,100000,1904.78,0,0.00500595,0.00147104,0,564.37,-0.0499646,9.50875e-05,-0.000994775,0.0499746,100000,100000,1904.78,0,0,0,0,0,0,0,0,0,0,0,0,0,1
stats,522,1,523,0.00500595,0.00147104,0,564.37,-0.0499646,9.50894e-05,-0.000994775,0.0499746,100000,100000,1904.78,0,0.00500595,0.00147104,0,564.37,-0.0499646,9.50894e-05,-0.000994775,0.0499746,100000,100000,1904.78,0,0.00500595,0.00147104,0,564.37,-0.0499646,9.50894e-05,-0.000994775,0.0499746,100000,100000,1904.78,0,0.00500595,0.00147104,0,564.37,-0.0499646,9.50894e-05,-0.000994775,0.0499746,100000,100000,1904.78,0,0.00500595,0.00147104,0,564.37,-0.0499646,9.50894e-05,-0.000994775,0.0499746,100000,100000,1904.78,0,0.00500595,0.00147104,0,564.37,-0.0499646,9.50894e-05,-0.000994775,0.0499746,100000,100000,1904.78,0,0,0,0,0,0,0,0,0,0,0,0,0,1
stats,523,1,524,0.00500595,0.00147104,0,564.37,-0.0499646,9.50911e-05,-0.000994775,0.0499746,100000,100000,1904.78,0,0.00500595,0.00147104,0,564.37,-0.0499646,9.50911e-05,-0.000994775,0.0499746,100000,100000,1904.78,0,0.00500595,0.00147104,0,564.37,-0.0499646,9.50911e-05,-0.000994775,0.0499746,100000,100000,1904.78,0,0.00500595,0.00147104,0,564.37,-0.0499646,9.50911e-05,-0.000994775,0.0499746,100000,100000,1904.78,0,0.00500595,0.00147104,0,564.37,-0.0499646,9.50911e-05,-0.000994775,0.0499746,100000,100000,1904.78,0,0.00500595,0.00147104,0,564.37,-0.0499646,9.50911e-05,-0.000994775,0.0499746,100000,100000,1904.78,0,0,0,0,0,0,0,0,0,0,0,0,0,1
stats,524,1,525,0.00500595,0.00147104,0,564.37,-0.0499646,9.5092e-05,-0.000994776,0.0499746,100000,100000,1904.78,0,0.00500595,0.00147104,0,564.37,-0.0499646,9.5092e-05,-0.000994776,0.0499746,100000,100000,1904.78,0,0.00500595,0.00147104,0,564.37,-0.0499646,9.5092e-05,-0.000994776,0.0499746,100000,100000,1904.78,0,0.00500595,0.00147104,0,564.37,-0.0499646,9.5092e-05,-0.000994776,0.0499746,100000,100000,1904.78,0,0.00500595,0.00147104,0,564.37,-0.0499646,9.5092e-05,-0.000994776,0.0499746,100000,100000,1904.78,0,0.00500595,0.00147104,0,564.37,-0.0499646,9.5092e-05,-0.000994776,0.0499746,100000,100000,1904.78,0,0,0,0,0,0,0,0,0,0,0,0,0,1
stats,525,1,526,0.00500595,0.00147104,0,564.37,-0.0499646,9.50918e-05,-0.000994775,0.0499746,100000,100000,1904.78,0,0.00500595,0.00147104,0,564.37,-0.0499646,9.50918e-05,-0.000994775,0.0499746,100000,100000,1904.78,0,0.00500595,0.00147104,0,564.37,-0.0499646,9.50918e-05,-0.000994775,0.0499746,100000,100000,1904.78,0,0.00500595,0.00147104,0,564.37,-0.0499646,9.50918e-05,-0.000994775,0.0499746,100000,100000,1904.78,0,0.00500595,0.00147104,0,564.37,-0.0499646,9.50918e-05,-0.000994775,0.0499746,100000,100000,1904.78,0,0.00500595,0.00147104,0,564.37,-0.0499646,9.50918e-05,-0.000994775,0.0499746,100000,100000,1904.78,0,0,0,0,0,0,0,0,0,0,0,0,0,1
stats,526,1,527,0.00500595,0.00147104,0,564.37,-0.0499646,9.50901e-05,-0.000994775,0.0499746,100000,100000,1904.78,0,0.00500595,0.00147104,0,564.37,-0.0499646,9.50901e-05,-0.000994775,0.0499746,100000,100000,1904.78,0,0.00500595,0.00147104,0,564.37,-0.0499646,9.50901e-05,-0.000994775,0.0499746,100000,100000,1904.78,0,0.00500595,0.00147104,0,564.37,-0.0499646,9.50901e-05,-0.000994775,0.0499746,100000,100000,1904.78,0,0.00500595,0.00147104,0,564.37,-0.0499646,9.50901e-05,-0.000994775,0.0499746,100000,100000,1904.78,0,0.00500595,0.00147104,0,564.37,-0.0499646,9.50901e-05,-0.000994775,0.0499746,100000,100000,1904.78,0,0,0,0,0,0,0,0,0,0,0,0,0,1
stats,527,1,528,0.00500595,0.00147104,0,564.37,-0.0499646,9.50871e-05,-0.000994774,0.0499746,100000,100000,1904.78,0,0.00500595,0.00147104,0,564.37,-0.0499646,9.50871e-05,-0.000994774,0.0499746,100000,100000,1904.78,0,0.00500595,0.00147104,0,564.37,-0.0499646,9.50871e-05,-0.000994774,0.0499746,100000,100000,1904.78,0,0.00500595,0.00147104,0,564.37,-0.0499646,9.50871e-05,-0.000994774,0.0499746,100000,100000,1904.78,0,0.00500595,0.00147104,0,564.37,-0.0499646,9.50871e-05,-0.000994774,0.0499746,100000,100000,1904.78,0,0.00500595,0.00147104,0,564.37,-0.0499646,9.50871e-05,-0.000994774,0.0499746,100000,100000,1904.78,0,0,0,0,0,0,0,0,0,0,0,0,0,1
stats,528,1,529,0.00500595,0.00147104,0,564.37,-0.0499646,9.50832e-05,-0.000994772,0.0499746,100000,100000,1904.78,0,0.00500595,0.00147104,0,564.37,-0.0499646,9.50832e-05,-0.000994772,0.0499746,100000,100000,1904.78,0,0.00500595,0.00147104,0,564.37,-0.0499646,9.50832e-05,-0.000994772,0.0499746,100000,100000,1904.78,0,0.00500595,0.00147104,0,564.37,-0.0499646,9.50832e-05,-0.000994772,0.0499746,100000,100000,1904.78,0,0.00500595,0.00147104,0,564.37,-0.0499646,9.50832e-05,-0.000994772,0.0499746,100000,100000,1904.78,0,0.00500595,0.00147104,0,564.37,-0.0499646,9.50832e-05,-0.000994772,0.0499746,100000,100000,1904.78,0,0,0,0,0,0,0,0,0,0,0,0,0,1
stats,529,1,530,0.00500595,0.00147104,0,564.37,-0.0499646,9.50792e-05,-0.00099477,0.0499746,100000,100000,1904.78,0,0.00500595,0.00147104,0,564.37,-0.0499646,9.50792e-05,-0.00099477,0.0499746,100000,100000,1904.78,0,0.00500595,0.00147104,0,564.37,-0.0499646,9.50792e-05,-0.00099477,0.0499746,100000,100000,1904.78,0,0.00500595,0.00147104,0,564.37,-0.0499646,9.50792e-05,-0.00099477,0.0499746,100000,100000,1904.78,0,0.00500595,0.00147104,0,564.37,-0.0499646,9.50792e-05,-0.00099477,0.0499746,100000,100000,1904.78,0,0.00500595,0.00147104,0,564.37,-0.0499646,9.50792e-05,-0.00099477,0.0499746,100000,100000,1904.78,0,0,0,0,0,0,0,0,0,0,0,0,0,1
stats,530,1,531,0.00500595,0.00147104,0,564.37,-0.0499646,9.50759e-05,-0.000994768,0.0499746,100000,100000,1904.78,0,0.00500595,0.00147104,0,564.37,-0.0499646,9.50759e-05,-0.000994768,0.0499746,100000,100000,1904.78,0,0.00500595,0.00147104,0,564.37,-0.0499646,9.50759e-05,-0.000994768,0.0499746,100000,100000,1904.78,0,0.00500595,0.00147104,0,564.37,-0.0499646,9.50759e-05,-0.000994768,0.0499746,100000,100000,1904.78,0,0.00500595,0.00147104,0,564.37,-0.0499646,9.50759e-05,-0.000994768,0.0499746,100000,100000,1904.78,0,0.00500595,0.00147104,0,564.37,-0.0499646,9.50759e-05,-0.000994768,0.0499746,100000,100000,1904.78,0,0,0,0,0,0,0,0,0,0,0,0,0,1
stats,531,1,532,0.00500595,0.00147104,0,564.37,-0.0499646,9.50741e-05,-0.000994767,0.0499746,100000,100000,1904.78,0,0.00500595,0.00147104,0,564.37,-0.0499646,9.50741e-05,-0.000994767,0.0499746,100000,100000,1904.78,0,0.00500595,0.00147104,0,564.37,-0.0499646,9.50741e-05,-0.000994767,0.0499746,100000,100000,1904.78,0,0.00500595,0.00147104,0,564.37,-0.0499646,9.50741e-05,-0.000994767,0.0499746,100000,100000,1904.78,0,0.00500595,0.00147104,0,564.37,-0.0499646,9.50741e-05,-0.000994767,0.0499746,100000,100000,1904.78,0,0.00500595,0.00147104,0,564.37,-0.0499646,9.50741e-05,-0.000994767,0.0499746,100000,100000,1904.78,0,0,0,0,0,0,0,0,0,0,0,0,0,1
stats,532,1,533,0.00500595,0.00147104,0,564.37,-0.0499646,9.50738e-05,-0.000994768,0.0499746,100000,100000,1904.78,0,0.00500595,0.00147104,0,564.37,-0.0499646,9.50738e-05,-0.000994768,0.0499746,100000,100000,1904.78,0,0.00500595,0.00147104,0,564.37,-0.0499646,9.50738e-05,-0.000994768,0.0499746,100000,100000,1904.78,0,0.00500595,0.00147104,0,564.37,-0.0499646,9.50738e-05,-0.000994768,0.0499746,100000,100000,1904.78,0,0.00500595,0.00147104,0,564.37,-0.0499646,9.50738e-05,-0.000994768,0.0499746,100000,100000,1904.78,0,0.00500595,0.00147104,0,564.37,-0.0499646,9.50738e-05,-0.000994768,0.0499746,100000,100000,1904.78,0,0,0,0,0,0,0,0,0,0,0,0,0,1
stats,533,1,534,0.00500595,0.00147104,0,564.37,-0.0499646,9.50748e-05,-0.00099477,0.0499746,100000,100000,1904.78,0,0.00500595,0.00147104,0,564.37,-0.0499646,9.50748e-05,-0.00099477,0.0499746,100000,100000,1904.78,0,0.00500595,0.00147104,0,564.37,-0.0499646,9.50748e-05,-0.00099477,0.0499746,100000,100000,1904.78,0,0.00500595,0.00147104,0,564.37,-0.0499646,9.50748e-05,-0.00099477,0.0499746,100000,100000,1904.78,0,0.00500595,0.00147104,0,564.37,-0.0499646,9.50748e-05,-0.00099477,0.0499746,100000,100000,1904.78,0,0.00500595,0.00147104,0,564.37,-0.0499646,9.50748e-05,-0.00099477,0.0499746,100000,100000,1904.78,0,0,0,0,0,0,0,0,0,0,0,0,0,1
stats,534,1,535,0.00500595,0.00147104,0,564.37,-0.0499646,9.50766e-05,-0.000994772,0.0499746,100000,100000,1904.78,0,0.00500595,0.00147104,0,564.37,-0.0499646,9.50766e-05,-0.000994772,0.0499746,100000,100000,1904.78,0,0.00500595,0.00147104,0,564.37,-0.0499646,9.50766e-05,-0.000994772,0.0499746,100000,100000,1904.78,0,0.00500595,0.00147104,0,564.37,-0.0499646,9.50766e-05,-0.000994772,0.0499746,100000,100000,1904.78,0,0.00500595,0.00147104,0,564.37,-0.0499646,9.50766e-05,-0.000994772,0.0499746,100000,100000,1904.78,0,0.00500595,0.00147104,0,564.37,-0.0499646,9.50766e-05,-0.000994772,0.0499746,100000,100000,1904.78,0,0,0,0,0,0,0,0,0,0,0,0,0,1
stats,535,1,536,0.00500595,0.00147104,0,564.37,-0.0499646,9.50786e-05,-0.000994774,0.0499746,100000,100000,1904.78,0,0.00500595,0.00147104,0,564.37,-0.0499646,9.50786e-05,-0.000994774,0.0499746,100000,100000,1904.78,0,0.00500595,0.00147104,0,564.37,-0.0499646,9.50786e-05,-0.000994774,0.0499746,100000,100000,1904.78,0,0.00500595,0.00147104,0,564.37,-0.0499646,9.50786e-05,-0.000994774,0.0499746,100000,100000,1904.78,0,0.00500595,0.00147104,0,564.37,-0.0499646,9.50786e-05,-0.000994774,0.0499746,100000,100000,1904.78,0,0.00500595,0.00147104,0,564.37,-0.0499646,9.50786e-05,-0.000994774,0.0499746,100000,100000,1904.78,0,0,0,0,0,0,0,0,0,0,0,0,0,1
stats,536,1,537,0.00500595,0.00147104,0,564.37,-0.0499646,9.50805e-05,-0.000994775,0.0499746,100000,100000,1904.78,0,0.00500595,0.00147104,0,564.37,-0.0499646,9.50805e-05,-0.000994775,0.0499746,100000,100000,1904.78,0,0.00500595,0.00147104,0,564.37,-0.0499646,9.50805e-05,-0.000994775,0.0499746,100000,100000,1904.78,0,0.00500595,0.00147104,0,564.37,-0.0499646,9.50805e-05,-0.000994775,0.0499746,100000,100000,1904.78,0,0.00500595,0.00147104,0,564.37,-0.0499646,9.50805e-05,-0.000994775,0.0499746,100000,100000,1904.78,0,0.00500595,0.00147104,0,564.37,-0.0499646,9.50805e-05,-0.000994775,0.0499746,100000,100000,1904.78,0,0,0,0,0,0,0,0,0,0,0,0,0,1
stats,537,1,538,0.00500595,0.00147104,0,564.37,-0.0499646,9.50823e-05,-0.000994775,0.0499746,100000,100000,1904.78,0,0.00500595,0.00147104,0,564.37,-0.0499646,9.50823e-05,-0.000994775,0.0499746,100000,100000,1904.78,0,0.00500595,0.00147104,0,564.37,-0.0499646,9.50823e-05,-0.000994775,0.0499746,100000,100000,1904.78,0,0.00500595,0.00147104,0,564.37,-0.0499646,9.50823e-05,-0.000994775,0.0499746,100000,100000,1904.78,0,0.00500595,0.00147104,0,564.37,-0.0499646,9.50823e-05,-0.000994775,0.0499746,100000,100000,1904.78,0,0.00500595,0.00147104,0,564.37,-0.0499646,9.50823e-05,-0.000994775,0.0499746,100000,100000,1904.78,0,0,0,0,0,0,0,0,0,0,0,0,0,1
stats,538,1,539,0.00500595,0.00147104,0,564.37,-0.0499646,9.50841e-05,-0.000994775,0.0499746,100000,100000,1904.78,0,0.00500595,0.00147104,0,564.37,-0.0499646,9.50841e-05,-0.000994775,0.0499746,100000,100000,1904.78,0,0.00500595,0.00147104,0,564.37,-0.0499646,9.50841e-05,-0.000994775,0.0499746,100000,100000,1904.78,0,0.00500595,0.00147104,0,564.37,-0.0499646,9.50841e-05,-0.000994775,0.0499746,100000,100000,1904.78,0,0.00500595,0.00147104,0,564.37,-0.0499646,9.50841e-05,-0.000994775,0.0499746,100000,100000,1904.78,0,0.00500595,0.00147104,0,564.37,-0.0499646,9.50841e-05,-0.000994775,0.0499746,100000,100000,1904.78,0,0,0,0,0,0,0,0,0,0,0,0,0,1
stats,539,1,540,0.00500595,0.00147104,0,564.37,-0.0499646,9.50859e-05,-0.000994775,0.0499746,100000,100000,1904.78,0,0.00500595,0.00147104,0,564.37,-0.0499646,9.50859e-05,-0.000994775,0.0499746,100000,100000,1904.78,0,0.00500595,0.00147104,0,564.37,-0.0499646,9.50859e-05,-0.000994775,0.0499746,100000,100000,1904.78,0,0.00500595,0.00147104,0,564.37,-0.0499646,9.50859e-05,-0.000994775,0.0499746,100000,100000,1904.78,0,0.00500595,0.00147104,0,564.37,-0.0499646,9.50859e-05,-0.000994775,0.0499746,100000,100000,1904.78,0,0.00500595,0.00147104,0,564.37,-0.0499646,9.50859e-05,-0.000994775,0.0499746,100000,100000,1904.78,0,0,0,0,0,0,0,0,0,0,0,0,0,1
stats,540,1,541,0.00500595,0.00147104,0,564.37,-0.0499646,9.50878e-05,-0.000994775,0.0499746,100000,100000,1904.78,0,0.00500595,0.00147104,0,564.37,-0.0499646,9.50878e-05,-0.000994775,0.0499746,100000,100000,1904.78,0,0.00500595,0.00147104,0,564.37,-0.0499646,9.50878e-05,-0.000994775,0.0499746,100000,100000,1904.78,0,0.00500595,0.00147104,0,564.37,-0.0499646,9.50878e-05,-0.000994775,0.0499746,100000,100000,1904.78,0,0.00500595,0.00147104,0,564.37,-0.0499646,9.50878e-05,-0.000994775,0.0499746,100000,100000,1904.78,0,0.00500595,0.00147104,0,564.37,-0.0499646,9.50878e-05,-0.000994775,0.0499746,100000,100000,1904.78,0,0,0,0,0,0,0,0,0,0,0,0,0,1
stats,541,1,542,0.00500595,0.00147104,0,564.37,-0.0499646,9.50896e-05,-0.000994775,0.0499746,100000,100000,1904.78,0,0.00500595,0.00147104,0,564.37,-0.0499646,9.50896e-05,-0.000994775,0.0499746,100000,100000,1904.78,0,0.00500595,0.00147104,0,564.37,-0.0499646,9.50896e-05,-0.000994775,0.0499746,100000,100000,1904.78,0,0.00500595,0.00147104,0,564.37,-0.0499646,9.50896e-05,-0.000994775,0.0499746,100000,100000,1904.78,0,0.00500595,0.00147104,0,564.37,-0.0499646,9.50896e-05,-0.000994775,0.0499746,100000,100000,1904.78,0,0.00500595,0.00147104,0,564.37,-0.0499646,9.50896e-05,-0.000994775,0.0499746,100000,100000,1904.78,0,0,0,0,0,0,0,0,0,0,0,0,0,1
stats,542,1,543,0.00500595,0.00147104,0,564.37,-0.0499646,9.50908e-05,-0.000994775,0.0499746,100000,100000,1904.78,0,0.00500595,0.00147104,0,564.37,-0.0499646,9.50908e-05,-0.000994775,0.0499746,100000,100000,1904.78,0,0.00500595,0.00147104,0,564.37,-0.0499646,9.50908e-05,-0.000994775,0.0499746,100000,100000,1904.78,0,0.00500595,0.00147104,0,564.37,-0.0499646,9.50908e-05,-0.000994775,0.0499746,100000,100000,1904.78,0,0.00500595,0.00147104,0,564.37,-0.0499646,9.50908e-05,-0.000994775,0.0499746,100000,100000,1904.78,0,0.00500595,0.00147104,0,564.37,-0.0499646,9.50908e-05,-0.000994775,0.0499746,100000,100000,1904.78,0,0,0,0,0,0,0,0,0,0,0,0,0,1
stats,543,1,544,0.00500595,0.00147104,0,564.37,-0.0499646,9.50908e-05,-0.000994774,0.0499746,100000,100000,1904.78,0,0.00500595,0.00147104,0,564.37,-0.0499646,9.50908e-05,-0.000994774,0.0499746,100000,100000,1904.78,0,0.00500595,0.00147104,0,564.37,-0.0499646,9.50908e-05,-0.000994774,0.0499746,100000,100000,1904.78,0,0.00500595,0.00147104,0,564.37,-0.0499646,9.50908e-05,-0.000994774,0.0499746,100000,100000,1904.78,0,0.00500595,0.00147104,0,564.37,-0.0499646,9.50908e-05,-0.000994774,0.0499746,100000,100000,1904.78,0,0.00500595,0.00147104,0,564.37,-0.0499646,9.50908e-05,-0.000994774,0.0499746,100000,100000,1904.78,0,0,0,0,0,0,0,0,0,0,0,0,0,1
stats,544,1,545,0.00500595,0.00147104,0,564.37,-0.0499646,9.50894e-05,-0.000994773,0.0499746,100000,100000,1904.78,0,0.00500595,0.00147104,0,564.37,-0.0499646,9.50894e-05,-0.000994773,0.0499746,100000,100000,1904.78,0,0.00500595,0.00147104,0,564.37,-0.0499646,9.50894e-05,-0.000994773,0.0499746,100000,100000,1904.78,0,0.00500595,0.00147104,0,564.37,-0.0499646,9.50894e-05,-0.000994773,0.0499746,100000,100000,1904.78,0,0.00500595,0.00147104,0,564.37,-0.0499646,9.50894e-05,-0.000994773,0.0499746,100000,100000,1904.78,0,0.00500595,0.00147104,0,564.37,-0.0499646,9.50894e-05,-0.000994773,0.0499746,100000,100000,1904.78,0,0,0,0,0,0,0,0,0,0,0,0,0,1
stats,545,1,546,0.00500595,0.00147104,0,564.37,-0.0499646,9.50867e-05,-0.000994772,0.0499746,100000,100000,1904.78,0,0.00500595,0.00147104,0,564.37,-0.0499646,9.50867e-05,-0.000994772,0.0499746,100000,100000,1904.78,0,0.00500595,0.00147104,0,564.37,-0.0499646,9.50867e-05,-0.000994772,0.0499746,100000,100000,1904.78,0,0.00500595,0.00147104,0,564.37,-0.0499646,9.50867e-05,-0.000994772,0.0499746,100000,100000,1904.78,0,0.00500595,0.00147104,0,564.37,-0.0499646,9.50867e-05,-0.000994772,0.0499746,100000,100000,1904.78,0,0.00500595,0.00147104,0,564.37,-0.0499646,9.50867e-05,-0.000994772,0.0499746,100000,100000,1904.78,0,0,0,0,0,0,0,0,0,0,0,0,0,1
stats,546,1,547,0.00500595,0.00147104,0,564.37,-0.0499646,9.50834e-05,-0.00099477,0.0499746,100000,100000,1904.78,0,0.00500595,0.00147104,0,564.37,-0.0499646,9.50834e-05,-0.00099477,0.0499746,100000,100000,1904.78,0,0.00500595,0.00147104,0,564.37,-0.0499646,9.50834e-05,-0.00099477,0.0499746,100000,100000,1904.78,0,0.00500595,0.00147104,0,564.37,-0.0499646,9.50834e-05,-0.00099477,0.0499746,100000,100000,1904.78,0,0.00500595,0.00147104,0,564.37,-0.0499646,9.50834e-05,-0.00099477,0.0499746,100000,100000,1904.78,0,0.00500595,0.00147104,0,564.37,-0.0499646,9.50834e-05,-0.00099477,0.0499746,100000,100000,1904.78,0,0,0,0,0,0,0,0,0,0,0,0,0,1
stats,547,1,548,0.00500595,0.00147104,0,564.37,-0.0499646,9.50803e-05,-0.000994768,0.0499746,100000,100000,1904.78,0,0.00500595,0.00147104,0,564.37,-0.0499646,9.50803e-05,-0.000994768,0.0499746,100000,100000,1904.78,0,0.00500595,0.00147104,0,564.37,-0.0499646,9.50803e-05,-0.000994768,0.0499746,100000,100000,1904.78,0,0.00500595,0.00147104,0,564.37,-0.0499646,9.50803e-05,-0.000994768,0.0499746,100000,100000,1904.78,0,0.00500595,0.00147104,0,564.37,-0.0499646,9.50803e-05,-0.000994768,0.0499746,100000,100000,1904.78,0,0.00500595,0.00147104,0,564.37,-0.0499646,9.50803e-05,-0.000994768,0.0499746,100000,100000,1904.78,0,0,0,0,0,0,0,0,0,0,0,0,0,1
stats,548,1,549,0.00500595,0.00147104,0,564.37,-0.0499646,9.5078e-05,-0.000994766,0.0499746,100000,100000,1904.78,0,0.00500595,0.00147104,0,564.37,-0.0499646,9.5078e-05,-0.000994766,0.0499746,100000,100000,1904.78,0,0.00500595,0.00147104,0,564.37,-0.0499646,9.5078e-05,-0.000994766,0.0499746,100000,100000,1904.78,0,0.00500595,0.00147104,0,564.37,-0.0499646,9.5078e-05,-0.000994766,0.0499746,100000,100000,1904.78,0,0.00500595,0.00147104,0,564.37,-0.0499646,9.5078e-05,-0.000994766,0.0499746,100000,100000,1904.78,0,0.00500595,0.00147104,0,564.37,-0.0499646,9.5078e-05,-0.000994766,0.0499746,100000,100000,1904.78,0,0,0,0,0,0,0,0,0,0,0,0,0,1
stats,549,1,550,0.00500595,0.00147104,0,564.37,-0.0499646,9.50768e-05,-0.000994766,0.0499746,100000,100000,1904.78,0,0.00500595,0.00147104,0,564.37,-0.0499646,9.50768e-05,-0.000994766,0.0499746,100000,100000,1904.78,0,0.00500595,0.00147104,0,564.37,-0.0499646,9.50768e-05,-0.000994766,0.0499746,100000,100000,1904.78,0,0.00500595,0.00147104,0,564.37,-0.0499646,9.50768e-05,-0.000994766,0.0499746,100000,100000,1904.78,0,0.00500595,0.00147104,0,564.37,-0.0499646,9.50768e-05,-0.000994766,0.0499746,100000,100000,1904.78,0,0.00500595,0.00147104,0,564.37,-0.0499646,9.50768e-05,-0.000994766,0.0499746,100000,100000,1904.78,0,0,0,0,0,0,0,0,0,0,0,0,0,1
stats,550,1,551,0.00500595,0.00147104,0,564.37,-0.0499646,9.50765e-05,-0.000994768,0.0499746,100000,100000,1904.78,0,0.00500595,0.00147104,0,564.37,-0.0499646,9.50765e-05,-0.000994768,0.0499746,100000,100000,1904.78,0,0.00500595,0.00147104,0,564.37,-0.0499646,9.50765e-05,-0.000994768,0.0499746,100000,100000,1904.78,0,0.00500595,0.00147104,0,564.37,-0.0499646,9.50765e-05,-0.000994768,0.0499746,100000,100000,1904.78,0,0.00500595,0.00147104,0,564.37,-0.0499646,9.50765e-05,-0.000994768,0.0499746,100000,100000,1904.78,0,0.00500595,0.00147104,0,564.37,-0.0499646,9.50765e-05,-0.000994768,0.0499746,100000,100000,1904.78,0,0,0,0,0,0,0,0,0,0,0,0,0,1
stats,551,1,552,0.00500595,0.00147104,0,564.37,-0.0499646,9.50767e-05,-0.000994771,0.0499746,100000,100000,1904.78,0,0.00500595,0.00147104,0,564.37,-0.0499646,9.50767e-05,-0.000994771,0.0499746,100000,100000,1904.78,0,0.00500595,0.00147104,0,564.37,-0.0499646,9.50767e-05,-0.000994771,0.0499746,100000,100000,1904.78,0,0.00500595,0.00147104,0,564.37,-0.0499646,9.50767e-05,-0.000994771,0.0499746,100000,100000,1904.78,0,0.00500595,0.00147104,0,564.37,-0.0499646,9.50767e-05,-0.000994771,0.0499746,100000,100000,1904.78,0,0.00500595,0.00147104,0,564.37,-0.0499646,9.50767e-05,-0.000994771,0.0499746,100000,100000,1904.78,0,0,0,0,0,0,0,0,0,0,0,0,0,1
stats,552,1,553,0.00500595,0.00147104,0,564.371,-0.0499646,9.50773e-05,-0.000994774,0.0499746,100000,100000,1904.78,0,0.00500595,0.00147104,0,564.371,-0.0499646,9.50773e-05,-0.000994774,0.0499746,100000,100000,1904.78,0,0.00500595,0.00147104,0,564.371,-0.0499646,9.50773e-05,-0.000994774,0.0499746,100000,100000,1904.78,0,0.00500595,0.00147104,0,564.371,-0.0499646,9.50773e-05,-0.000994774,0.0499746,100000,100000,1904.78,0,0.00500595,0.00147104,0,564.371,-0.0499646,9.50773e-05,-0.000994774,0.0499746,100000,100000,1904.78,0,0.00500595,0.00147104,0,564.371,-0.0499646,9.50773e-05,-0.000994774,0.0499746,100000,100000,1904.78,0,0,0,0,0,0,0,0,0,0,0,0,0,1
stats,553,1,554,0.00500595,0.00147104,0,564.371,-0.0499646,9.5078e-05,-0.000994776,0.0499746,100000,100000,1904.78,0,0.00500595,0.00147104,0,564.371,-0.0499646,9.5078e-05,-0.000994776,0.0499746,100000,100000,1904.78,0,0.00500595,0.00147104,0,564.371,-0.0499646,9.5078e-05,-0.000994776,0.0499746,100000,100000,1904.78,0,0.00500595,0.00147104,0,564.371,-0.0499646,9.5078e-05,-0.000994776,0.0499746,100000,100000,1904.78,0,0.00500595,0.00147104,0,564.371,-0.0499646,9.5078e-05,-0.000994776,0.0499746,100000,100000,1904.78,0,0.00500595,0.00147104,0,564.371,-0.0499646,9.5078e-05,-0.000994776,0.0499746,100000,100000,1904.78,0,0,0,0,0,0,0,0,0,0,0,0,0,1
stats,554,1,555,0.00500595,0.00147104,0,564.371,-0.0499646,9.5079e-05,-0.000994778,0.0499746,100000,100000,1904.78,0,0.00500595,0.00147104,0,564.371,-0.0499646,9.5079e-05,-0.000994778,0.0499746,100000,100000,1904.78,0,0.00500595,0.00147104,0,564.371,-0.0499646,9.5079e-05,-0.000994778,0.0499746,100000,100000,1904.78,0,0.00500595,0.00147104,0,564.371,-0.0499646,9.5079e-05,-0.000994778,0.0499746,100000,100000,1904.78,0,0.00500595,0.00147104,0,564.371,-0.0499646,9.5079e-05,-0.000994778,0.0499746,100000,100000,1904.78,0,0.00500595,0.00147104,0,564.371,-0.0499646,9.5079e-05,-0.000994778,0.0499746,100000,100000,1904.78,0,0,0,0,0,0,0,0,0,0,0,0,0,1
stats,555,1,556,0.00500595,0.00147104,0,564.371,-0.0499646,9.50801e-05,-0.000994778,0.0499746,100000,100000,1904.78,0,0.00500595,0.00147104,0,564.371,-0.0499646,9.50801e-05,-0.000994778,0.0499746,100000,100000,1904.78,0,0.00500595,0.00147104,0,564.371,-0.0499646,9.50801e-05,-0.000994778,0.0499746,100000,100000,1904.78,0,0.00500595,0.00147104,0,564.371,-0.0499646,9.50801e-05,-0.000994778,0.0499746,100000,100000,1904.78,0,0.00500595,0.00147104,0,564.371,-0.0499646,9.50801e-05,-0.000994778,0.0499746,100000,100000,1904.78,0,0.00500595,0.00147104,0,564.371,-0.0499646,9.50801e-05,-0.000994778,0.0499746,100000,100000,1904.78,0,0,0,0,0,0,0,0,0,0,0,0,0,1
stats,556,1,557,0.00500595,0.00147104,0,564.371,-0.0499646,9.50817e-05,-0.000994778,0.0499746,100000,100000,1904.78,0,0.00500595,0.00147104,0,564.371,-0.0499646,9.50817e-05,-0.000994778,0.0499746,100000,100000,1904.78,0,0.00500595,0.00147104,0,564.371,-0.0499646,9.50817e-05,-0.000994778,0.0499746,100000,100000,1904.78,0,0.00500595,0.00147104,0,564.371,-0.0499646,9.50817e-05,-0.000994778,0.0499746,100000,100000,1904.78,0,0.00500595,0.00147104,0,564.371,-0.0499646,9.50817e-05,-0.000994778,0.0499746,100000,100000,1904.78,0,0.00500595,0.00147104,0,564.371,-0.0499646,9.50817e-05,-0.000994778,0.0499746,100000,100000,1904.78,0,0,0,0,0,0,0,0,0,0,0,0,0,1
stats,557,1,558,0.00500595,0.00147104,0,564.371,-0.0499646,9.50835e-05,-0.000994777,0.0499746,100000,100000,1904.78,0,0.00500595,0.00147104,0,564.371,-0.0499646,9.50835e-05,-0.000994777,0.0499746,100000,100000,1904.78,0,0.00500595,0.00147104,0,564.371,-0.0499646,9.50835e-05,-0.000994777,0.0499746,100000,100000,1904.78,0,0.00500595,0.00147104,0,564.371,-0.0499646,9.50835e-05,-0.000994777,0.0499746,100000,100000,1904.78,0,0.00500595,0.00147104,0,564.371,-0.0499646,9.50835e-05,-0.000994777,0.0499746,100000,100000,1904.78,0,0.00500595,0.00147104,0,564.371,-0.0499646,9.50835e-05,-0.000994777,0.0499746,100000,100000,1904.78,0,0,0,0,0,0,0,0,0,0,0,0,0,1
stats,558,1,559,0.00500595,0.00147104,0,564.371,-0.0499646,9.50853e-05,-0.000994776,0.0499746,100000,100000,1904.78,0,0.00500595,0.00147104,0,564.371,-0.0499646,9.50853e-05,-0.000994776,0.0499746,100000,100000,1904.78,0,0.00500595,0.00147104,0,564.371,-0.0499646,9.50853e-05,-0.000994776,0.0499746,100000,100000,1904.78,0,0.00500595,0.00147104,0,564.371,-0.0499646,9.50853e-05,-0.000994776,0.0499746,100000,100000,1904.78,0,0.00500595,0.00147104,0,564.371,-0.0499646,9.50853e-05,-0.000994776,0.0499746,100000,100000,1904.78,0,0.00500595,0.00147104,0,564.371,-0.0499646,9.50853e-05,-0.000994776,0.0499746,100000,100000,1904.78,0,0,0,0,0,0,0,0,0,0,0,0,0,1
stats,559,1,560,0.00500595,0.00147104,0,564.371,-0.0499646,9.50868e-05,-0.000994775,0.0499746,100000,100000,1904.78,0,0.00500595,0.00147104,0,564.371,-0.0499646,9.50868e-05,-0.000994775,0.0499746,100000,100000,1904.78,0,0.00500595,0.00147104,0,564.371,-0.0499646,9.50868e-05,-0.000994775,0.0499746,100000,100000,1904.78,0,0.00500595,0.00147104,0,564.371,-0.0499646,9.50868e-05,-0.000994775,0.0499746,100000,100000,1904.78,0,0.00500595,0.00147104,0,564.371,-0.0499646,9.50868e-05,-0.000994775,0.0499746,100000,100000,1904.78,0,0.00500595,0.00147104,0,564.371,-0.0499646,9.50868e-05,-0.000994775,0.0499746,100000,100000,1904.78,0,0,0,0,0,0,0,0,0,0,0,0,0,1
stats,560,1,561,0.00500595,0.00147104,0,564.371,-0.0499646,9.50876e-05,-0.000994774,0.0499746,100000,100000,1904.78,0,0.00500595,0.00147104,0,564.371,-0.0499646,9.50876e-05,-0.000994774,0.0499746,100000,100000,1904.78,0,0.00500595,0.00147104,0,564.371,-0.0499646,9.50876e-05,-0.000994774,0.0499746,100000,100000,1904.78,0,0.00500595,0.00147104,0,564.371,-0.0499646,9.50876e-05,-0.000994774,0.0499746,100000,100000,1904.78,0,0.00500595,0.00147104,0,564.371,-0.0499646,9.50876e-05,-0.000994774,0.0499746,100000,100000,1904.78,0,0.00500595,0.00147104,0,564.371,-0.0499646,9.50876e-05,-0.000994774,0.0499746,100000,100000,1904.78,0,0,0,0,0,0,0,0,0,0,0,0,0,1
stats,561,1,562,0.00500595,0.00147104,0,564.37,-0.0499646,9.50874e-05,-0.000994773,0.0499746,100000,100000,1904.78,0,0.00500595,0.00147104,0,564.37,-0.0499646,9.50874e-05,-0.000994773,0.0499746,100000,100000,1904.78,0,0.00500595,0.00147104,0,564.37,-0.0499646,9.50874e-05,-0.000994773,0.0499746,100000,100000,1904.78,0,0.00500595,0.00147104,0,564.37,-0.0499646,9.50874e-05,-0.000994773,0.0499746,100000,100000,1904.78,0,0.00500595,0.00147104,0,564.37,-0.0499646,9.50874e-05,-0.000994773,0.0499746,100000,100000,1904.78,0,0.00500595,0.00147104,0,564.37,-0.0499646,9.50874e-05,-0.000994773,0.0499746,100000,100000,1904.78,0,0,0,0,0,0,0,0,0,0,0,0,0,1
stats,562,1,563,0.00500595,0.00147104,0,564.37,-0.0499646,9.50863e-05,-0.000994771,0.0499746,100000,100000,1904.78,0,0.00500595,0.00147104,0,564.37,-0.0499646,9.50863e-05,-0.000994771,0.0499746,100000,100000,1904.78,0,0.00500595,0.00147104,0,564.37,-0.0499646,9.50863e-05,-0.000994771,0.0499746,100000,100000,1904.78,0,0.00500595,0.00147104,0,564.37,-0.0499646,9.50863e-05,-0.000994771,0.0499746,100000,100000,1904.78,0,0.00500595,0.00147104,0,564.37,-0.0499646,9.50863e-05,-0.000994771,0.0499746,100000,100000,1904.78,0,0.00500595,0.00147104,0,564.37,-0.0499646,9.50863e-05,-0.000994771,0.0499746,100000,100000,1904.78,0,0,0,0,0,0,0,0,0,0,0,0,0,1
stats,563,1,564,0.00500595,0.00147104,0,564.37,-0.0499646,9.50845e-05,-0.000994769,0.0499746,100000,100000,1904.78,0,0.00500595,0.00147104,0,564.37,-0.0499646,9.50845e-05,-0.000994769,0.0499746,100000,100000,1904.78,0,0.00500595,0.00147104,0,564.37,-0.0499646,9.50845e-05,-0.000994769,0.0499746,100000,100000,1904.78,0,0.00500595,0.00147104,0,564.37,-0.0499646,9.50845e-05,-0.000994769,0.0499746,100000,100000,1904.78,0,0.00500595,0.00147104,0,564.37,-0.0499646,9.50845e-05,-0.000994769,0.0499746,100000,100000,1904.78,0,0.00500595,0.00147104,0,564.37,-0.0499646,9.50845e-05,-0.000994769,0.0499746,100000,100000,1904.78,0,0,0,0,0,0,0,0,0,0,0,0,0,1
stats,564,1,565,0.00500595,0.00147104,0,564.37,-0.0499646,9.50825e-05,-0.000994767,0.0499746,100000,100000,1904.78,0,0.00500595,0.00147104,0,564.37,-0.0499646,9.50825e-05,-0.000994767,0.0499746,100000,100000,1904.78,0,0.00500595,0.00147104,0,564.37,-0.0499646,9.50825e-05,-0.000994767,0.0499746,100000,100000,1904.78,0,0.00500595,0.00147104,0,564.37,-0.0499646,9.50825e-05,-0.000994767,0.0499746,100000,100000,1904.78,0,0.00500595,0.00147104,0,564.37,-0.0499646,9.50825e-05,-0.000994767,0.0499746,100000,100000,1904.78,0,0.00500595,0.00147104,0,564.37,-0.0499646,9.50825e-05,-0.000994767,0.0499746,100000,100000,1904.78,0,0,0,0,0,0,0,0,0,0,0,0,0,1
stats,565,1,566,0.00500595,0.00147104,0,564.371,-0.0499646,9.50809e-05,-0.000994765,0.0499746,100000,100000,1904.78,0,0.00500595,0.00147104,0,564.371,-0.0499646,9.50809e-05,-0.000994765,0.0499746,100000,100000,1904.78,0,0.00500595,0.00147104,0,564.371,-0.0499646,9.50809e-05,-0.000994765,0.0499746,100000,100000,1904.78,0,0.00500595,0.00147104,0,564.371,-0.0499646,9.50809e-05,-0.000994765,0.0499746,100000,100000,1904.78,0,0.00500595,0.00147104,0,564.371,-0.0499646,9.50809e-05,-0.000994765,0.0499746,100000,100000,1904.78,0,0.00500595,0.00147104,0,564.371,-0.0499646,9.50809e-05,-0.000994765,0.0499746,100000,100000,1904.78,0,0,0,0,0,0,0,0,0,0,0,0,0,1
stats,566,1,567,0.00500595,0.00147104,0,564.371,-0.0499646,9.50799e-05,-0.000994765,0.0499746,100000,100000,1904.78,0,0.00500595,0.00147104,0,564.371,-0.0499646,9.50799e-05,-0.000994765,0.0499746,100000,100000,1904.78,0,0.00500595,0.00147104,0,564.371,-0.0499646,9.50799e-05,-0.000994765,0.0499746,100000,100000,1904.78,0,0.00500595,0.00147104,0,564.371,-0.0499646,9.50799e-05,-0.000994765,0.0499746,100000,100000,1904.78,0,0.00500595,0.00147104,0,564.371,-0.0499646,9.50799e-05,-0.000994765,0.0499746,100000,100000,1904.78,0,0.00500595,0.00147104,0,564.371,-0.0499646,9.50799e-05,-0.000994765,0.0499746,100000,100000,1904.78,0,0,0,0,0,0,0,0,0,0,0,0,0,1
stats,567,1,568,0.00500595,0.00147104,0,564.371,-0.0499646,9.50798e-05,-0.000994766,0.0499746,100000,100000,1904.78,0,0.00500595,0.00147104,0,564.371,-0.0499646,9.50798e-05,-0.000994766,0.0499746,100000,100000,1904.78,0,0.00500595,0.00147104,0,564.371,-0.0499646,9.50798e-05,-0.000994766,0.0499746,100000,100000,1904.78,0,0.00500595,0.00147104,0,564.371,-0.0499646,9.50798e-05,-0.000994766,0.0499746,100000,100000,1904.78,0,0.00500595,0.00147104,0,564.371,-0.0499646,9.50798e-05,-0.000994766,0.0499746,100000,100000,1904.78,0,0.00500595,0.00147104,0,564.371,-0.0499646,9.50798e-05,-0.000994766,0.0499746,100000,100000,1904.78,0,0,0,0,0,0,0,0,0,0,0,0,0,1
stats,568,1,569,0.00500595,0.00147104,0,564.371,-0.0499646,9.50801e-05,-0.000994768,0.0499746,100000,100000,1904.78,0,0.00500595,0.00147104,0,564.371,-0.0499646,9.50801e-05,-0.000994768,0.0499746,100000,100000,1904.78,0,0.00500595,0.00147104,0,564.371,-0.0499646,9.50801e-05,-0.000994768,0.0499746,100000,100000,1904.78,0,0.00500595,0.00147104,0,564.371,-0.0499646,9.50801e-05,-0.000994768,0.0499746,100000,100000,1904.78,0,0.00500595,0.00147104,0,564.371,-0.0499646,9.50801e-05,-0.000994768,0.0499746,100000,100000,1904.78,0,0.00500595,0.00147104,0,564.371,-0.0499646,9.50801e-05,-0.000994768,0.0499746,100000,100000,1904.78,0,0,0,0,0,0,0,0,0,0,0,0,0,1
stats,569,1,570,0.00500595,0.00147104,0,564.371,-0.0499646,9.50803e-05,-0.000994771,0.0499746,100000,100000,1904.78,0,0.00500595,0.00147104,0,564.371,-0.0499646,9.50803e-05,-0.000994771,0.0499746,100000,100000,1904.78,0,0.00500595,0.00147104,0,564.371,-0.0499646,9.50803e-05,-0.000994771,0.0499746,100000,100000,1904.78,0,0.00500595,0.00147104,0,564.371,-0.0499646,9.50803e-05,-0.000994771,0.0499746,100000,100000,1904.78,0,0.00500595,0.00147104,0,564.371,-0.0499646,9.50803e-05,-0.000994771,0.0499746,100000,100000,1904.78,0,0.00500595,0.00147104,0,564.371,-0.0499646,9.50803e-05,-0.000994771,0.0499746,100000,100000,1904.78,0,0,0,0,0,0,0,0,0,0,0,0,0,1
stats,570,1,571,0.00500595,0.00147104,0,564.371,-0.0499646,9.50801e-05,-0.000994774,0.0499746,100000,100000,1904.78,0,0.00500595,0.00147104,0,564.371,-0.0499646,9.50801e-05,-0.000994774,0.0499746,100000,100000,1904.78,0,0.00500595,0.00147104,0,564.371,-0.0499646,9.50801e-05,-0.000994774,0.0499746,100000,100000,1904.78,0,0.00500595,0.00147104,0,564.371,-0.0499646,9.50801e-05,-0.000994774,0.0499746,100000,100000,1904.78,0,0.00500595,0.00147104,0,564.371,-0.0499646,9.50801e-05,-0.000994774,0.0499746,100000,100000,1904.78,0,0.00500595,0.00147104,0,564.371,-0.0499646,9.50801e-05,-0.000994774,0.0499746,100000,100000,1904.78,0,0,0,0,0,0,0,0,0,0,0,0,0,1
stats,571,1,572,0.00500595,0.00147104,0,564.371,-0.0499646,9.50796e-05,-0.000994777,0.0499746,100000,100000,1904.78,0,0.00500595,0.00147104,0,564.371,-0.0499646,9.50796e-05,-0.000994777,0.0499746,100000,100000,1904.78,0,0.00500595,0.00147104,0,564.371,-0.0499646,9.50796e-05,-0.000994777,0.0499746,100000,100000,1904.78,0,0.00500595,0.00147104,0,564.371,-0.0499646,9.50796e-05,-0.000994777,0.0499746,100000,100000,1904.78,0,0.00500595,0.00147104,0,564.371,-0.0499646,9.50796e-05,-0.000994777,0.0499746,100000,100000,1904.78,0,0.00500595,0.00147104,0,564.371,-0.0499646,9.50796e-05,-0.000994777,0.0499746,100000,100000,1904.78,0,0,0,0,0,0,0,0,0,0,0,0,0,1
stats,572,1,573,0.00500595,0.00147104,0,564.371,-0.0499646,9.50791e-05,-0.000994779,0.0499746,100000,100000,1904.78,0,0.00500595,0.00147104,0,564.371,-0.0499646,9.50791e-05,-0.000994779,0.0499746,100000,100000,1904.78,0,0.00500595,0.00147104,0,564.371,-0.0499646,9.50791e-05,-0.000994779,0.0499746,100000,100000,1904.78,0,0.00500595,0.00147104,0,564.371,-0.0499646,9.50791e-05,-0.000994779,0.0499746,100000,100000,1904.78,0,0.00500595,0.00147104,0,564.371,-0.0499646,9.50791e-05,-0.000994779,0.0499746,100000,100000,1904.78,0,0.00500595,0.00147104,0,564.371,-0.0499646,9.50791e-05,-0.000994779,0.0499746,100000,100000,1904.78,0,0,0,0,0,0,0,0,0,0,0,0,0,1
stats,573,1,574,0.00500595,0.00147104,0,564.371,-0.0499646,9.50791e-05,-0.000994779,0.0499746,100000,100000,1904.78,0,0.00500595,0.00147104,0,564.371,-0.0499646,9.50791e-05,-0.000994779,0.0499746,100000,100000,1904.78,0,0.00500595,0.00147104,0,564.371,-0.0499646,9.50791e-05,-0.000994779,0.0499746,100000,100000,1904.78,0,0.00500595,0.00147104,0,564.371,-0.0499646,9.50791e-05,-0.000994779,0.0499746,100000,100000,1904.78,0,0.00500595,0.00147104,0,564.371,-0.0499646,9.50791e-05,-0.000994779,0.0499746,100000,100000,1904.78,0,0.00500595,0.00147104,0,564.371,-0.0499646,9.50791e-05,-0.000994779,0.0499746,100000,100000,1904.78,0,0,0,0,0,0,0,0,0,0,0,0,0,1
stats,574,1,575,0.00500595,0.00147104,0,564.371,-0.0499646,9.50797e-05,-0.00099478,0.0499746,100000,100000,1904.78,0,0.00500595,0.00147104,0,564.371,-0.0499646,9.50797e-05,-0.00099478,0.0499746,100000,100000,1904.78,0,0.00500595,0.00147104,0,564.371,-0.0499646,9.50797e-05,-0.00099478,0.0499746,100000,100000,1904.78,0,0.00500595,0.00147104,0,564.371,-0.0499646,9.50797e-05,-0.00099478,0.0499746,100000,100000,1904.78,0,0.00500595,0.00147104,0,564.371,-0.0499646,9.50797e-05,-0.00099478,0.0499746,100000,100000,1904.78,0,0.00500595,0.00147104,0,564.371,-0.0499646,9.50797e-05,-0.00099478,0.0499746,100000,100000,1904.78,0,0,0,0,0,0,0,0,0,0,0,0,0,1
stats,575,1,576,0.00500595,0.00147104,0,564.371,-0.0499646,9.50809e-05,-0.000994779,0.0499746,100000,100000,1904.78,0,0.00500595,0.00147104,0,564.371,-0.0499646,9.50809e-05,-0.000994779,0.0499746,100000,100000,1904.78,0,0.00500595,0.00147104,0,564.371,-0.0499646,9.50809e-05,-0.000994779,0.0499746,100000,100000,1904.78,0,0.00500595,0.00147104,0,564.371,-0.0499646,9.50809e-05,-0.000994779,0.0499746,100000,100000,1904.78,0,0.00500595,0.00147104,0,564.371,-0.0499646,9.50809e-05,-0.000994779,0.0499746,100000,100000,1904.78,0,0.00500595,0.00147104,0,564.371,-0.0499646,9.50809e-05,-0.000994779,0.0499746,100000,100000,1904.78,0,0,0,0,0,0,0,0,0,0,0,0,0,1
stats,576,1,577,0.00500595,0.00147104,0,564.371,-0.0499646,9.50823e-05,-0.000994779,0.0499746,100000,100000,1904.78,0,0.00500595,0.00147104,0,564.371,-0.0499646,9.50823e-05,-0.000994779,0.0499746,100000,100000,1904.78,0,0.00500595,0.00147104,0,564.371,-0.0499646,9.50823e-05,-0.000994779,0.0499746,100000,100000,1904.78,0,0.00500595,0.00147104,0,564.371,-0.0499646,9.50823e-05,-0.000994779,0.0499746,100000,100000,1904.78,0,0.00500595,0.00147104,0,564.371,-0.0499646,9.50823e-05,-0.000994779,0.0499746,100000,100000,1904.78,0,0.00500595,0.00147104,0,564.371,-0.0499646,9.50823e-05,-0.000994779,0.0499746,100000,100000,1904.78,0,0,0,0,0,0,0,0,0,0,0,0,0,1
stats,577,1,578,0.00500595,0.00147104,0,564.371,-0.0499646,9.50834e-05,-0.000994777,0.0499746,100000,100000,1904.78,0,0.00500595,0.00147104,0,564.371,-0.0499646,9.50834e-05,-0.000994777,0.0499746,100000,100000,1904.78,0,0.00500595,0.00147104,0,564.371,-0.0499646,9.50834e-05,-0.000994777,0.0499746,100000,100000,1904.78,0,0.00500595,0.00147104,0,564.371,-0.0499646,9.50834e-05,-0.000994777,0.0499746,100000,100000,1904.78,0,0.00500595,0.00147104,0,564.371,-0.0499646,9.50834e-05,-0.000994777,0.0499746,100000,100000,1904.78,0,0.00500595,0.00147104,0,564.371,-0.0499646,9.50834e-05,-0.000994777,0.0499746,100000,100000,1904.78,0,0,0,0,0,0,0,0,0,0,0,0,0,1
stats,578,1,579,0.00500595,0.00147104,0,564.371,-0.0499646,9.50837e-05,-0.000994775,0.0499746,100000,100000,1904.78,0,0.00500595,0.00147104,0,564.371,-0.0499646,9.50837e-05,-0.000994775,0.0499746,100000,100000,1904.78,0,0.00500595,0.00147104,0,564.371,-0.0499646,9.50837e-05,-0.000994775,0.0499746,100000,100000,1904.78,0,0.00500595,0.00147104,0,564.371,-0.0499646,9.50837e-05,-0.000994775,0.0499746,100000,100000,1904.78,0,0.00500595,0.00147104,0,564.371,-0.0499646,9.50837e-05,-0.000994775,0.0499746,100000,100000,1904.78,0,0.00500595,0.00147104,0,564.371,-0.0499646,9.50837e-05,-0.000994775,0.0499746,100000,100000,1904.78,0,0,0,0,0,0,0,0,0,0,0,0,0,1
stats,579,1,580,0.00500595,0.00147104,0,564.371,-0.0499646,9.50832e-05,-0.000994773,0.0499746,100000,100000,1904.78,0,0.00500595,0.00147104,0,564.371,-0.0499646,9.50832e-05,-0.000994773,0.0499746,100000,100000,1904.78,0,0.00500595,0.00147104,0,564.371,-0.0499646,9.50832e-05,-0.000994773,0.0499746,100000,100000,1904.78,0,0.00500595,0.00147104,0,564.371,-0.0499646,9.50832e-05,-0.000994773,0.0499746,100000,100000,1904.78,0,0.00500595,0.00147104,0,564.371,-0.0499646,9.50832e-05,-0.000994773,0.0499746,100000,100000,1904.78,0,0.00500595,0.00147104,0,564.371,-0.0499646,9.50832e-05,-0.000994773,0.0499746,100000,100000,1904.78,0,0,0,0,0,0,0,0,0,0,0,0,0,1
stats,580,1,581,0.00500595,0.00147104,0,564.371,-0.0499646,9.50819e-05,-0.00099477,0.0499746,100000,100000,1904.78,0,0.00500595,0.00147104,0,564.371,-0.0499646,9.50819e-05,-0.00099477,0.0499746,100000,100000,1904.78,0,0.00500595,0.00147104,0,564.371,-0.0499646,9.50819e-05,-0.00099477,0.0499746,100000,100000,1904.78,0,0.00500595,0.00147104,0,564.371,-0.0499646,9.50819e-05,-0.00099477,0.0499746,100000,100000,1904.78,0,0.00500595,0.00147104,0,564.371,-0.0499646,9.50819e-05,-0.00099477,0.0499746,100000,100000,1904.78,0,0.00500595,0.00147104,0,564.371,-0.0499646,9.50819e-05,-0.00099477,0.0499746,100000,100000,1904.78,0,0,0,0,0,0,0,0,0,0,0,0,0,1
stats,581,1,582,0.00500595,0.00147104,0,564.371,-0.0499646,9.50806e-05,-0.000994767,0.0499746,100000,100000,1904.78,0,0.00500595,0.00147104,0,564.371,-0.0499646,9.50806e-05,-0.000994767,0.0499746,100000,100000,1904.78,0,0.00500595,0.00147104,0,564.371,-0.0499646,9.50806e-05,-0.000994767,0.0499746,100000,100000,1904.78,0,0.00500595,0.00147104,0,564.371,-0.0499646,9.50806e-05,-0.000994767,0.0499746,100000,100000,1904.78,0,0.00500595,0.00147104,0,564.371,-0.0499646,9.50806e-05,-0.000994767,0.0499746,100000,100000,1904.78,0,0.00500595,0.00147104,0,564.371,-0.0499646,9.50806e-05,-0.000994767,0.0499746,100000,100000,1904.78,0,0,0,0,0,0,0,0,0,0,0,0,0,1
stats,582,1,583,0.00500595,0.00147104,0,564.371,-0.0499646,9.508e-05,-0.000994765,0.0499746,100000,100000,1904.78,0,0.00500595,0.00147104,0,564.371,-0.0499646,9.508e-05,-0.000994765,0.0499746,100000,100000,1904.78,0,0.00500595,0.00147104,0,564.371,-0.0499646,9.508e-05,-0.000994765,0.0499746,100000,100000,1904.78,0,0.00500595,0.00147104,0,564.371,-0.0499646,9.508e-05,-0.000994765,0.0499746,100000,100000,1904.78,0,0.00500595,0.00147104,0,564.371,-0.0499646,9.508e-05,-0.000994765,0.0499746,100000,100000,1904.78,0,0.00500595,0.00147104,0,564.371,-0.0499646,9.508e-05,-0.000994765,0.0499746,100000,100000,1904.78,0,0,0,0,0,0,0,0,0,0,0,0,0,1
stats,583,1,584,0.00500595,0.00147104,0,564.371,-0.0499646,9.50804e-05,-0.000994763,0.0499746,100000,100000,1904.78,0,0.00500595,0.00147104,0,564.371,-0.0499646,9.50804e-05,-0.000994763,0.0499746,100000,100000,1904.78,0,0.00500595,0.00147104,0,564.371,-0.0499646,9.50804e-05,-0.000994763,0.0499746,100000,100000,1904.78,0,0.00500595,0.00147104,0,564.371,-0.0499646,9.50804e-05,-0.000994763,0.0499746,100000,100000,1904.78,0,0.00500595,0.00147104,0,564.371,-0.0499646,9.50804e-05,-0.000994763,0.0499746,100000,100000,1904.78,0,0.00500595,0.00147104,0,564.371,-0.0499646,9.50804e-05,-0.000994763,0.0499746,100000,100000,1904.78,0,0,0,0,0,0,0,0,0,0,0,0,0,1
stats,584,1,585,0.00500595,0.00147104,0,564.371,-0.0499646,9.50817e-05,-0.000994764,0.0499746,100000,100000,1904.78,0,0.00500595,0.00147104,0,564.371,-0.0499646,9.50817e-05,-0.000994764,0.0499746,100000,100000,1904.78,0,0.00500595,0.00147104,0,564.371,-0.0499646,9.50817e-05,-0.000994764,0.0499746,100000,100000,1904.78,0,0.00500595,0.00147104,0,564.371,-0.0499646,9.50817e-05,-0.000994764,0.0499746,100000,100000,1904.78,0,0.00500595,0.00147104,0,564.371,-0.0499646,9.50817e-05,-0.000994764,0.0499746,100000,100000,1904.78,0,0.00500595,0.00147104,0,564.371,-0.0499646,9.50817e-05,-0.000994764,0.0499746,100000,100000,1904.78,0,0,0,0,0,0,0,0,0,0,0,0,0,1
stats,585,1,586,0.00500595,0.00147104,0,564.371,-0.0499646,9.50833e-05,-0.000994765,0.0499746,100000,100000,1904.78,0,0.00500595,0.00147104,0,564.371,-0.0499646,9.50833e-05,-0.000994765,0.0499746,100000,100000,1904.78,0,0.00500595,0.00147104,0,564.371,-0.0499646,9.50833e-05,-0.000994765,0.0499746,100000,100000,1904.78,0,0.00500595,0.00147104,0,564.371,-0.0499646,9.50833e-05,-0.000994765,0.0499746,100000,100000,1904.78,0,0.00500595,0.00147104,0,564.371,-0.0499646,9.50833e-05,-0.000994765,0.0499746,100000,100000,1904.78,0,0.00500595,0.00147104,0,564.371,-0.0499646,9.50833e-05,-0.000994765,0.0499746,100000,100000,1904.78,0,0,0,0,0,0,0,0,0,0,0,0,0,1
stats,586,1,587,0.00500595,0.00147104,0,564.371,-0.0499646,9.50844e-05,-0.000994768,0.0499746,100000,100000,1904.78,0,0.00500595,0.00147104,0,564.371,-0.0499646,9.50844e-05,-0.000994768,0.0499746,100000,100000,1904.78,0,0.00500595,0.00147104,0,564.371,-0.0499646,9.50844e-05,-0.000994768,0.0499746,100000,100000,1904.78,0,0.00500595,0.00147104,0,564.371,-0.0499646,9.50844e-05,-0.000994768,0.0499746,100000,100000,1904.78,0,0.00500595,0.00147104,0,564.371,-0.0499646,9.50844e-05,-0.000994768,0.0499746,100000,100000,1904.78,0,0.00500595,0.00147104,0,564.371,-0.0499646,9.50844e-05,-0.000994768,0.0499746,100000,100000,1904.78,0,0,0,0,0,0,0,0,0,0,0,0,0,1
stats,587,1,588,0.00500595,0.00147104,0,564.371,-0.0499646,9.50849e-05,-0.000994772,0.0499746,100000,100000,1904.78,0,0.00500595,0.00147104,0,564.371,-0.0499646,9.50849e-05,-0.000994772,0.0499746,100000,100000,1904.78,0,0.00500595,0.00147104,0,564.371,-0.0499646,9.50849e-05,-0.000994772,0.0499746,100000,100000,1904.78,0,0.00500595,0.00147104,0,564.371,-0.0499646,9.50849e-05,-0.000994772,0.0499746,100000,100000,1904.78,0,0.00500595,0.00147104,0,564.371,-0.0499646,9.50849e-05,-0.000994772,0.0499746,100000,100000,1904.78,0,0.00500595,0.00147104,0,564.371,-0.0499646,9.50849e-05,-0.000994772,0.0499746,100000,100000,1904.78,0,0,0,0,0,0,0,0,0,0,0,0,0,1
stats,588,1,589,0.00500595,0.00147104,0,564.371,-0.0499646,9.50847e-05,-0.000994774,0.0499746,100000,100000,1904.78,0,0.00500595,0.00147104,0,564.371,-0.0499646,9.50847e-05,-0.000994774,0.0499746,100000,100000,1904.78,0,0.00500595,0.00147104,0,564.371,-0.0499646,9.50847e-05,-0.000994774,0.0499746,100000,100000,1904.78,0,0.00500595,0.00147104,0,564.371,-0.0499646,9.50847e-05,-0.000994774,0.0499746,100000,100000,1904.78,0,0.00500595,0.00147104,0,564.371,-0.0499646,9.50847e-05,-0.000994774,0.0499746,100000,100000,1904.78,0,0.00500595,0.00147104,0,564.371,-0.0499646,9.50847e-05,-0.000994774,0.0499746,100000,100000,1904.78,0,0,0,0,0,0,0,0,0,0,0,0,0,1
stats,589,1,590,0.00500595,0.00147104,0,564.371,-0.0499646,9.50839e-05,-0.000994776,0.0499746,100000,100000,1904.78,0,0.00500595,0.00147104,0,564.371,-0.0499646,9.50839e-05,-0.000994776,0.0499746,100000,100000,1904.78,0,0.00500595,0.00147104,0,564.371,-0.0499646,9.50839e-05,-0.000994776,0.0499746,100000,100000,1904.78,0,0.00500595,0.00147104,0,564.371,-0.0499646,9.50839e-05,-0.000994776,0.0499746,100000,100000,1904.78,0,0.00500595,0.00147104,0,564.371,-0.0499646,9.50839e-05,-0.000994776,0.0499746,100000,100000,1904.78,0,0.00500595,0.00147104,0,564.371,-0.0499646,9.50839e-05,-0.000994776,0.0499746,100000,100000,1904.78,0,0,0,0,0,0,0,0,0,0,0,0,0,1
stats,590,1,591,0.00500595,0.00147104,0,564.371,-0.0499646,9.50828e-05,-0.000994777,0.0499746,100000,100000,1904.78,0,0.00500595,0.00147104,0,564.371,-0.0499646,9.50828e-05,-0.000994777,0.0499746,100000,100000,1904.78,0,0.00500595,0.00147104,0,564.371,-0.0499646,9.50828e-05,-0.000994777,0.0499746,100000,100000,1904.78,0,0.00500595,0.00147104,0,564.371,-0.0499646,9.50828e-05,-0.000994777,0.0499746,100000,100000,1904.78,0,0.00500595,0.00147104,0,564.371,-0.0499646,9.50828e-05,-0.000994777,0.0499746,100000,100000,1904.78,0,0.00500595,0.00147104,0,564.371,-0.0499646,9.50828e-05,-0.000994777,0.0499746,100000,100000,1904.78,0,0,0,0,0,0,0,0,0,0,0,0,0,1
stats,591,1,592,0.00500595,0.00147104,0,564.371,-0.0499646,9.50817e-05,-0.000994778,0.0499746,100000,100000,1904.78,0,0.00500595,0.00147104,0,564.371,-0.0499646,9.50817e-05,-0.000994778,0.0499746,100000,100000,1904.78,0,0.00500595,0.00147104,0,564.371,-0.0499646,9.50817e-05,-0.000994778,0.0499746,100000,100000,1904.78,0,0.00500595,0.00147104,0,564.371,-0.0499646,9.50817e-05,-0.000994778,0.0499746,100000,100000,1904.78,0,0.00500595,0.00147104,0,564.371,-0.0499646,9.50817e-05,-0.000994778,0.0499746,100000,100000,1904.78,0,0.00500595,0.00147104,0,564.371,-0.0499646,9.50817e-05,-0.000994778,0.0499746,100000,100000,1904.78,0,0,0,0,0,0,0,0,0,0,0,0,0,1
stats,592,1,593,0.00500595,0.00147104,0,564.371,-0.0499646,9.50809e-05,-0.000994779,0.0499746,100000,100000,1904.78,0,0.00500595,0.00147104,0,564.371,-0.0499646,9.50809e-05,-0.000994779,0.0499746,100000,100000,1904.78,0,0.00500595,0.00147104,0,564.371,-0.0499646,9.50809e-05,-0.000994779,0.0499746,100000,100000,1904.78,0,0.00500595,0.00147104,0,564.371,-0.0499646,9.50809e-05,-0.000994779,0.0499746,100000,100000,1904.78,0,0.00500595,0.00147104,0,564.371,-0.0499646,9.50809e-05,-0.000994779,0.0499746,100000,100000,1904.78,0,0.00500595,0.00147104,0,564.371,-0.0499646,9.50809e-05,-0.000994779,0.0499746,100000,100000,1904.78,0,0,0,0,0,0,0,0,0,0,0,0,0,1
stats,593,1,594,0.00500595,0.00147104,0,564.371,-0.0499646,9.50806e-05,-0.00099478,0.0499746,100000,100000,1904.78,0,0.00500595,0.00147104,0,564.371,-0.0499646,9.50806e-05,-0.00099478,0.0499746,100000,100000,1904.78,0,0.00500595,0.00147104,0,564.371,-0.0499646,9.50806e-05,-0.00099478,0.0499746,100000,100000,1904.78,0,0.00500595,0.00147104,0,564.371,-0.0499646,9.50806e-05,-0.00099478,0.0499746,100000,100000,1904.78,0,0.00500595,0.00147104,0,564.371,-0.0499646,9.50806e-05,-0.00099478,0.0499746,100000,100000,1904.78,0,0.00500595,0.00147104,0,564.371,-0.0499646,9.50806e-05,-0.00099478,0.0499746,100000,100000,1904.78,0,0,0,0,0,0,0,0,0,0,0,0,0,1
stats,594,1,595,0.00500595,0.00147104,0,564.371,-0.0499646,9.50804e-05,-0.00099478,0.0499746,100000,100000,1904.78,0,0.00500595,0.00147104,0,564.371,-0.0499646,9.50804e-05,-0.00099478,0.0499746,100000,100000,1904.78,0,0.00500595,0.00147104,0,564.371,-0.0499646,9.50804e-05,-0.00099478,0.0499746,100000,100000,1904.78,0,0.00500595,0.00147104,0,564.371,-0.0499646,9.50804e-05,-0.00099478,0.0499746,100000,100000,1904.78,0,0.00500595,0.00147104,0,564.371,-0.0499646,9.50804e-05,-0.00099478,0.0499746,100000,100000,1904.78,0,0.00500595,0.00147104,0,564.371,-0.0499646,9.50804e-05,-0.00099478,0.0499746,100000,100000,1904.78,0,0,0,0,0,0,0,0,0,0,0,0,0,1
stats,595,1,596,0.00500595,0.00147104,0,564.371,-0.0499646,9.50802e-05,-0.000994779,0.0499746,100000,100000,1904.78,0,0.00500595,0.00147104,0,564.371,-0.0499646,9.50802e-05,-0.000994779,0.0499746,100000,100000,1904.78,0,0.00500595,0.00147104,0,564.371,-0.0499646,9.50802e-05,-0.000994779,0.0499746,100000,100000,1904.78,0,0.00500595,0.00147104,0,564.371,-0.0499646,9.50802e-05,-0.000994779,0.0499746,100000,100000,1904.78,0,0.00500595,0.00147104,0,564.371,-0.0499646,9.50802e-05,-0.000994779,0.0499746,100000,100000,1904.78,0,0.00500595,0.00147104,0,564.371,-0.0499646,9.50802e-05,-0.000994779,0.0499746,100000,100000,1904.78,0,0,0,0,0,0,0,0,0,0,0,0,0,1
stats,596,1,597,0.00500595,0.00147104,0,564.371,-0.0499646,9.50796e-05,-0.000994778,0.0499746,100000,100000,1904.78,0,0.00500595,0.00147104,0,564.371,-0.0499646,9.50796e-05,-0.000994778,0.0499746,100000,100000,1904.78,0,0.00500595,0.00147104,0,564.371,-0.0499646,9.50796e-05,-0.000994778,0.0499746,100000,100000,1904.78,0,0.00500595,0.00147104,0,564.371,-0.0499646,9.50796e-05,-0.000994778,0.0499746,100000,100000,1904.78,0,0.00500595,0.00147104,0,564.371,-0.0499646,9.50796e-05,-0.000994778,0.0499746,100000,100000,1904.78,0,0.00500595,0.00147104,0,564.371,-0.0499646,9.50796e-05,-0.000994778,0.0499746,100000,100000,1904.78,0,0,0,0,0,0,0,0,0,0,0,0,0,1
stats,597,1,598,0.00500595,0.00147104,0,564.371,-0.0499646,9.50786e-05,-0.000994775,0.0499746,100000,100000,1904.78,0,0.00500595,0.00147104,0,564.371,-0.0499646,9.50786e-05,-0.000994775,0.0499746,100000,100000,1904.78,0,0.00500595,0.00147104,0,564.371,-0.0499646,9.50786e-05,-0.000994775,0.0499746,100000,100000,1904.78,0,0.00500595,0.00147104,0,564.371,-0.0499646,9.50786e-05,-0.000994775,0.0499746,100000,100000,1904.78,0,0.00500595,0.00147104,0,564.371,-0.0499646,9.50786e-05,-0.000994775,0.0499746,100000,100000,1904.78,0,0.00500595,0.00147104,0,564.371,-0.0499646,9.50786e-05,-0.000994775,0.0499746,100000,100000,1904.78,0,0,0,0,0,0,0,0,0,0,0,0,0,1
stats,598,1,599,0.00500595,0.00147104,0,564.371,-0.0499646,9.50775e-05,-0.000994772,0.0499746,100000,100000,1904.78,0,0.00500595,0.00147104,0,564.371,-0.0499646,9.50775e-05,-0.000994772,0.0499746,100000,100000,1904.78,0,0.00500595,0.00147104,0,564.371,-0.0499646,9.50775e-05,-0.000994772,0.0499746,100000,100000,1904.78,0,0.00500595,0.00147104,0,564.371,-0.0499646,9.50775e-05,-0.000994772,0.0499746,100000,100000,1904.78,0,0.00500595,0.00147104,0,564.371,-0.0499646,9.50775e-05,-0.000994772,0.0499746,100000,100000,1904.78,0,0.00500595,0.00147104,0,564.371,-0.0499646,9.50775e-05,-0.000994772,0.0499746,100000,100000,1904.78,0,0,0,0,0,0,0,0,0,0,0,0,0,1
stats,599,1,600,0.00500595,0.00147104,0,564.371,-0.0499646,9.5077e-05,-0.000994768,0.0499746,100000,100000,1904.78,0,0.00500595,0.00147104,0,564.371,-0.0499646,9.5077e-05,-0.000994768,0.0499746,100000,100000,1904.78,0,0.00500595,0.00147104,0,564.371,-0.0499646,9.5077e-05,-0.000994768,0.0499746,100000,100000,1904.78,0,0.00500595,0.00147104,0,564.371,-0.0499646,9.5077e-05,-0.000994768,0.0499746,100000,100000,1904.78,0,0.00500595,0.00147104,0,564.371,-0.0499646,9.5077e-05,-0.000994768,0.0499746,100000,100000,1904.78,0,0.00500595,0.00147104,0,564.371,-0.0499646,9.5077e-05,-0.000994768,0.0499746,100000,100000,1904.78,0,0,0,0,0,0,0,0,0,0,0,0,0,1
stats,600,1,601,0.00500595,0.00147104,0,564.371,-0.0499646,9.50774e-05,-0.000994766,0.0499746,100000,100000,1904.78,0,0.00500595,0.00147104,0,564.371,-0.0499646,9.50774e-05,-0.000994766,0.0499746,100000,100000,1904.78,0,0.00500595,0.00147104,0,564.371,-0.0499646,9.50774e-05,-0.000994766,0.0499746,100000,100000,1904.78,0,0.00500595,0.00147104,0,564.371,-0.0499646,9.50774e-05,-0.000994766,0.0499746,100000,100000,1904.78,0,0.00500595,0.00147104,0,564.371,-0.0499646,9.50774e-05,-0.000994766,0.0499746,100000,100000,1904.78,0,0.00500595,0.00147104,0,564.371,-0.0499646,9.50774e-05,-0.000994766,0.0499746,100000,100000,1904.78,0,0,0,0,0,0,0,0,0,0,0,0,0,1
stats,601,1,602,0.00500595,0.00147104,0,564.371,-0.0499646,9.5079e-05,-0.000994764,0.0499746,100000,100000,1904.78,0,0.00500595,0.00147104,0,564.371,-0.0499646,9.5079e-05,-0.000994764,0.0499746,100000,100000,1904.78,0,0.00500595,0.00147104,0,564.371,-0.0499646,9.5079e-05,-0.000994764,0.0499746,100000,100000,1904.78,0,0.00500595,0.00147104,0,564.371,-0.0499646,9.5079e-05,-0.000994764,0.0499746,100000,100000,1904.78,0,0.00500595,0.00147104,0,564.371,-0.0499646,9.5079e-05,-0.000994764,0.0499746,100000,100000,1904.78,0,0.00500595,0.00147104,0,564.371,-0.0499646,9.5079e-05,-0.000994764,0.0499746,100000,100000,1904.78,0,0,0,0,0,0,0,0,0,0,0,0,0,1
stats,602,1,603,0.00500595,0.00147104,0,564.371,-0.0499646,9.50815e-05,-0.000994765,0.0499746,100000,100000,1904.78,0,0.00500595,0.00147104,0,564.371,-0.0499646,9.50815e-05,-0.000994765,0.0499746,100000,100000,1904.78,0,0.00500595,0.00147104,0,564.371,-0.0499646,9.50815e-05,-0.000994765,0.0499746,100000,100000,1904.78,0,0.00500595,0.00147104,0,564.371,-0.0499646,9.50815e-05,-0.000994765,0.0499746,100000,100000,1904.78,0,0.00500595,0.00147104,0,564.371,-0.0499646,9.50815e-05,-0.000994765,0.0499746,100000,100000,1904.78,0,0.00500595,0.00147104,0,564.371,-0.0499646,9.50815e-05,-0.000994765,0.0499746,100000,100000,1904.78,0,0,0,0,0,0,0,0,0,0,0,0,0,1
stats,603,1,604,0.00500595,0.00147104,0,564.371,-0.0499646,9.50843e-05,-0.000994767,0.0499746,100000,100000,1904.78,0,0.00500595,0.00147104,0,564.371,-0.0499646,9.50843e-05,-0.000994767,0.0499746,100000,100000,1904.78,0,0.00500595,0.00147104,0,564.371,-0.0499646,9.50843e-05,-0.000994767,0.0499746,100000,100000,1904.78,0,0.00500595,0.00147104,0,564.371,-0.0499646,9.50843e-05,-0.000994767,0.0499746,100000,100000,1904.78,0,0.00500595,0.00147104,0,564.371,-0.0499646,9.50843e-05,-0.000994767,0.0499746,100000,100000,1904.78,0,0.00500595,0.00147104,0,564.371,-0.0499646,9.50843e-05,-0.000994767,0.0499746,100000,100000,1904.78,0,0,0,0,0,0,0,0,0,0,0,0,0,1
stats,604,1,605,0.00500595,0.00147104,0,564.371,-0.0499646,9.50869e-05,-0.00099477,0.0499746,100000,100000,1904.78,0,0.00500595,0.00147104,0,564.371,-0.0499646,9.50869e-05,-0.00099477,0.0499746,100000,100000,1904.78,0,0.00500595,0.00147104,0,564.371,-0.0499646,9.50869e-05,-0.00099477,0.0499746,100000,100000,1904.78,0,0.00500595,0.00147104,0,564.371,-0.0499646,9.50869e-05,-0.00099477,0.0499746,100000,100000,1904.78,0,0.00500595,0.00147104,0,564.371,-0.0499646,9.50869e-05,-0.00099477,0.0499746,100000,100000,1904.78,0,0.00500595,0.00147104,0,564.371,-0.0499646,9.50869e-05,-0.00099477,0.0499746,100000,100000,1904.78,0,0,0,0,0,0,0,0,0,0,0,0,0,1
stats,605,1,606,0.00500595,0.00147104,0,564.371,-0.0499646,9.50887e-05,-0.000994772,0.0499746,100000,100000,1904.78,0,0.00500595,0.00147104,0,564.371,-0.0499646,9.50887e-05,-0.000994772,0.0499746,100000,100000,1904.78,0,0.00500595,0.00147104,0,564.371,-0.0499646,9.50887e-05,-0.000994772,0.0499746,100000,100000,1904.78,0,0.00500595,0.00147104,0,564.371,-0.0499646,9.50887e-05,-0.000994772,0.0499746,100000,100000,1904.78,0,0.00500595,0.00147104,0,564.371,-0.0499646,9.50887e-05,-0.000994772,0.0499746,100000,100000,1904.78,0,0.00500595,0.00147104,0,564.371,-0.0499646,9.50887e-05,-0.000994772,0.0499746,100000,100000,1904.78,0,0,0,0,0,0,0,0,0,0,0,0,0,1
stats,606,1,607,0.00500595,0.00147104,0,564.371,-0.0499646,9.50894e-05,-0.000994774,0.0499746,100000,100000,1904.78,0,0.00500595,0.00147104,0,564.371,-0.0499646,9.50894e-05,-0.000994774,0.0499746,100000,100000,1904.78,0,0.00500595,0.00147104,0,564.371,-0.0499646,9.50894e-05,-0.000994774,0.0499746,100000,100000,1904.78,0,0.00500595,0.00147104,0,564.371,-0.0499646,9.50894e-05,-0.000994774,0.0499746,100000,100000,1904.78,0,0.00500595,0.00147104,0,564.371,-0.0499646,9.50894e-05,-0.000994774,0.0499746,100000,100000,1904.78,0,0.00500595,0.00147104,0,564.371,-0.0499646,9.50894e-05,-0.000994774,0.0499746,100000,100000,1904.78,0,0,0,0,0,0,0,0,0,0,0,0,0,1
stats,607,1,608,0.00500595,0.00147104,0,564.371,-0.0499646,9.50892e-05,-0.000994775,0.0499746,100000,100000,1904.78,0,0.00500595,0.00147104,0,564.371,-0.0499646,9.50892e-05,-0.000994775,0.0499746,100000,100000,1904.78,0,0.00500595,0.00147104,0,564.371,-0.0499646,9.50892e-05,-0.000994775,0.0499746,100000,100000,1904.78,0,0.00500595,0.00147104,0,564.371,-0.0499646,9.50892e-05,-0.000994775,0.0499746,100000,100000,1904.78,0,0.00500595,0.00147104,0,564.371,-0.0499646,9.50892e-05,-0.000994775,0.0499746,100000,100000,1904.78,0,0.00500595,0.00147104,0,564.371,-0.0499646,9.50892e-05,-0.000994775,0.0499746,100000,100000,1904.78,0,0,0,0,0,0,0,0,0,0,0,0,0,1
stats,608,1,609,0.00500595,0.00147104,0,564.371,-0.0499646,9.50884e-05,-0.000994776,0.0499746,100000,100000,1904.78,0,0.00500595,0.00147104,0,564.371,-0.0499646,9.50884e-05,-0.000994776,0.0499746,100000,100000,1904.78,0,0.00500595,0.00147104,0,564.371,-0.0499646,9.50884e-05,-0.000994776,0.0499746,100000,100000,1904.78,0,0.00500595,0.00147104,0,564.371,-0.0499646,9.50884e-05,-0.000994776,0.0499746,100000,100000,1904.78,0,0.00500595,0.00147104,0,564.371,-0.0499646,9.50884e-05,-0.000994776,0.0499746,100000,100000,1904.78,0,0.00500595,0.00147104,0,564.371,-0.0499646,9.50884e-05,-0.000994776,0.0499746,100000,100000,1904.78,0,0,0,0,0,0,0,0,0,0,0,0,0,1
stats,609,1,610,0.00500595,0.00147104,0,564.371,-0.0499646,9.50872e-05,-0.000994777,0.0499746,100000,100000,1904.78,0,0.00500595,0.00147104,0,564.371,-0.0499646,9.50872e-05,-0.000994777,0.0499746,100000,100000,1904.78,0,0.00500595,0.00147104,0,564.371,-0.0499646,9.50872e-05,-0.000994777,0.0499746,100000,100000,1904.78,0,0.00500595,0.00147104,0,564.371,-0.0499646,9.50872e-05,-0.000994777,0.0499746,100000,100000,1904.78,0,0.00500595,0.00147104,0,564.371,-0.0499646,9.50872e-05,-0.000994777,0.0499746,100000,100000,1904.78,0,0.00500595,0.00147104,0,564.371,-0.0499646,9.50872e-05,-0.000994777,0.0499746,100000,100000,1904.78,0,0,0,0,0,0,0,0,0,0,0,0,0,1
stats,610,1,611,0.00500595,0.00147104,0,564.371,-0.0499646,9.50859e-05,-0.000994777,0.0499746,100000,100000,1904.78,0,0.00500595,0.00147104,0,564.371,-0.0499646,9.50859e-05,-0.000994777,0.0499746,100000,100000,1904.78,0,0.00500595,0.00147104,0,564.371,-0.0499646,9.50859e-05,-0.000994777,0.0499746,100000,100000,1904.78,0,0.00500595,0.00147104,0,564.371,-0.0499646,9.50859e-05,-0.000994777,0.0499746,100000,100000,1904.78,0,0.00500595,0.00147104,0,564.371,-0.0499646,9.50859e-05,-0.000994777,0.0499746,100000,100000,1904.78,0,0.00500595,0.00147104,0,564.371,-0.0499646,9.50859e-05,-0.000994777,0.0499746,100000,100000,1904.78,0,0,0,0,0,0,0,0,0,0,0,0,0,1
stats,611,1,612,0.00500595,0.00147104,0,564.371,-0.0499646,9.50842e-05,-0.000994778,0.0499746,100000,100000,1904.78,0,0.00500595,0.00147104,0,564.371,-0.0499646,9.50842e-05,-0.000994778,0.0499746,100000,100000,1904.78,0,0.00500595,0.00147104,0,564.371,-0.0499646,9.50842e-05,-0.000994778,0.0499746,100000,100000,1904.78,0,0.00500595,0.00147104,0,564.371,-0.0499646,9.50842e-05,-0.000994778,0.0499746,100000,100000,1904.78,0,0.00500595,0.00147104,0,564.371,-0.0499646,9.50842e-05,-0.000994778,0.0499746,100000,100000,1904.78,0,0.00500595,0.00147104,0,564.371,-0.0499646,9.50842e-05,-0.000994778,0.0499746,100000,100000,1904.78,0,0,0,0,0,0,0,0,0,0,0,0,0,1
stats,612,1,613,0.00500595,0.00147104,0,564.371,-0.0499646,9.50822e-05,-0.000994778,0.0499746,100000,100000,1904.78,0,0.00500595,0.00147104,0,564.371,-0.0499646,9.50822e-05,-0.000994778,0.0499746,100000,100000,1904.78,0,0.00500595,0.00147104,0,564.371,-0.0499646,9.50822e-05,-0.000994778,0.0499746,100000,100000,1904.78,0,0.00500595,0.00147104,0,564.371,-0.0499646,9.50822e-05,-0.000994778,0.0499746,100000,100000,1904.78,0,0.00500595,0.00147104,0,564.371,-0.0499646,9.50822e-05,-0.000994778,0.0499746,100000,100000,1904.78,0,0.00500595,0.00147104,0,564.371,-0.0499646,9.50822e-05,-0.000994778,0.0499746,100000,100000,1904.78,0,0,0,0,0,0,0,0,0,0,0,0,0,1
stats,613,1,614,0.00500595,0.00147104,0,564.371,-0.0499646,9.50799e-05,-0.000994778,0.0499746,100000,100000,1904.78,0,0.00500595,0.00147104,0,564.371,-0.0499646,9.50799e-05,-0.000994778,0.0499746,100000,100000,1904.78,0,0.00500595,0.00147104,0,564.371,-0.0499646,9.50799e-05,-0.000994778,0.0499746,100000,100000,1904.78,0,0.00500595,0.00147104,0,564.371,-0.0499646,9.50799e-05,-0.000994778,0.0499746,100000,100000,1904.78,0,0.00500595,0.00147104,0,564.371,-0.0499646,9.50799e-05,-0.000994778,0.0499746,100000,100000,1904.78,0,0.00500595,0.00147104,0,564.371,-0.0499646,9.50799e-05,-0.000994778,0.0499746,100000,100000,1904.78,0,0,0,0,0,0,0,0,0,0,0,0,0,1
stats,614,1,615,0.00500595,0.00147104,0,564.371,-0.0499646,9.50773e-05,-0.000994777,0.0499746,100000,100000,1904.78,0,0.00500595,0.00147104,0,564.371,-0.0499646,9.50773e-05,-0.000994777,0.0499746,100000,100000,1904.78,0,0.00500595,0.00147104,0,564.371,-0.0499646,9.50773e-05,-0.000994777,0.0499746,100000,100000,1904.78,0,0.00500595,0.00147104,0,564.371,-0.0499646,9.50773e-05,-0.000994777,0.0499746,100000,100000,1904.78,0,0.00500595,0.00147104,0,564.371,-0.0499646,9.50773e-05,-0.000994777,0.0499746,100000,100000,1904.78,0,0.00500595,0.00147104,0,564.371,-0.0499646,9.50773e-05,-0.000994777,0.0499746,100000,100000,1904.78,0,0,0,0,0,0,0,0,0,0,0,0,0,1
stats,615,1,616,0.00500595,0.00147104,0,564.371,-0.0499646,9.5075e-05,-0.000994775,0.0499746,100000,100000,1904.78,0,0.00500595,0.00147104,0,564.371,-0.0499646,9.5075e-05,-0.000994775,0.0499746,100000,100000,1904.78,0,0.00500595,0.00147104,0,564.371,-0.0499646,9.5075e-05,-0.000994775,0.0499746,100000,100000,1904.78,0,0.00500595,0.00147104,0,564.371,-0.0499646,9.5075e-05,-0.000994775,0.0499746,100000,100000,1904.78,0,0.00500595,0.00147104,0,564.371,-0.0499646,9.5075e-05,-0.000994775,0.0499746,100000,100000,1904.78,0,0.00500595,0.00147104,0,564.371,-0.0499646,9.5075e-05,-0.000994775,0.0499746,100000,100000,1904.78,0,0,0,0,0,0,0,0,0,0,0,0,0,1
stats,616,1,617,0.00500595,0.00147104,0,564.371,-0.0499646,9.50735e-05,-0.000994773,0.0499746,100000,100000,1904.78,0,0.00500595,0.00147104,0,564.371,-0.0499646,9.50735e-05,-0.000994773,0.0499746,100000,100000,1904.78,0,0.00500595,0.00147104,0,564.371,-0.0499646,9.50735e-05,-0.000994773,0.0499746,100000,100000,1904.78,0,0.00500595,0.00147104,0,564.371,-0.0499646,9.50735e-05,-0.000994773,0.0499746,100000,100000,1904.78,0,0.00500595,0.00147104,0,564.371,-0.0499646,9.50735e-05,-0.000994773,0.0499746,100000,100000,1904.78,0,0.00500595,0.00147104,0,564.371,-0.0499646,9.50735e-05,-0.000994773,0.0499746,100000,100000,1904.78,0,0,0,0,0,0,0,0,0,0,0,0,0,1
stats,617,1,618,0.00500595,0.00147104,0,564.371,-0.0499646,9.50733e-05,-0.00099477,0.0499746,100000,100000,1904.78,0,0.00500595,0.00147104,0,564.371,-0.0499646,9.50733e-05,-0.00099477,0.0499746,100000,100000,1904.78,0,0.00500595,0.00147104,0,564.371,-0.0499646,9.50733e-05,-0.00099477,0.0499746,100000,100000,1904.78,0,0.00500595,0.00147104,0,564.371,-0.0499646,9.50733e-05,-0.00099477,0.0499746,100000,100000,1904.78,0,0.00500595,0.00147104,0,564.371,-0.0499646,9.50733e-05,-0.00099477,0.0499746,100000,100000,1904.78,0,0.00500595,0.00147104,0,564.371,-0.0499646,9.50733e-05,-0.00099477,0.0499746,100000,100000,1904.78,0,0,0,0,0,0,0,0,0,0,0,0,0,1
stats,618,1,619,0.00500595,0.00147104,0,564.371,-0.0499646,9.50747e-05,-0.000994768,0.0499746,100000,100000,1904.78,0,0.00500595,0.00147104,0,564.371,-0.0499646,9.50747e-05,-0.000994768,0.0499746,100000,100000,1904.78,0,0.00500595,0.00147104,0,564.371,-0.0499646,9.50747e-05,-0.000994768,0.0499746,100000,100000,1904.78,0,0.00500595,0.00147104,0,564.371,-0.0499646,9.50747e-05,-0.000994768,0.0499746,100000,100000,1904.78,0,0.00500595,0.00147104,0,564.371,-0.0499646,9.50747e-05,-0.000994768,0.0499746,100000,100000,1904.78,0,0.00500595,0.00147104,0,564.371,-0.0499646,9.50747e-05,-0.000994768,0.0499746,100000,100000,1904.78,0,0,0,0,0,0,0,0,0,0,0,0,0,1
stats,619,1,620,0.00500595,0.00147104,0,564.371,-0.0499646,9.50772e-05,-0.000994767,0.0499746,100000,100000,1904.78,0,0.00500595,0.00147104,0,564.371,-0.0499646,9.50772e-05,-0.000994767,0.0499746,100000,100000,1904.78,0,0.00500595,0.00147104,0,564.371,-0.0499646,9.50772e-05,-0.000994767,0.0499746,100000,100000,1904.78,0,0.00500595,0.00147104,0,564.371,-0.0499646,9.50772e-05,-0.000994767,0.0499746,100000,100000,1904.78,0,0.00500595,0.00147104,0,564.371,-0.0499646,9.50772e-05,-0.000994767,0.0499746,100000,100000,1904.78,0,0.00500595,0.00147104,0,564.371,-0.0499646,9.50772e-05,-0.000994767,0.0499746,100000,100000,1904.78,0,0,0,0,0,0,0,0,0,0,0,0,0,1
stats,620,1,621,0.00500595,0.00147104,0,564.371,-0.0499646,9.50804e-05,-0.000994768,0.0499746,100000,100000,1904.78,0,0.00500595,0.00147104,0,564.371,-0.0499646,9.50804e-05,-0.000994768,0.0499746,100000,100000,1904.78,0,0.00500595,0.00147104,0,564.371,-0.0499646,9.50804e-05,-0.000994768,0.0499746,100000,100000,1904.78,0,0.00500595,0.00147104,0,564.371,-0.0499646,9.50804e-05,-0.000994768,0.0499746,100000,100000,1904.78,0,0.00500595,0.00147104,0,564.371,-0.0499646,9.50804e-05,-0.000994768,0.0499746,100000,100000,1904.78,0,0.00500595,0.00147104,0,564.371,-0.0499646,9.50804e-05,-0.000994768,0.0499746,100000,100000,1904.78,0,0,0,0,0,0,0,0,0,0,0,0,0,1
stats,621,1,622,0.00500595,0.00147104,0,564.371,-0.0499646,9.50836e-05,-0.00099477,0.0499746,100000,100000,1904.78,0,0.00500595,0.00147104,0,564.371,-0.0499646,9.50836e-05,-0.00099477,0.0499746,100000,100000,1904.78,0,0.00500595,0.00147104,0,564.371,-0.0499646,9.50836e-05,-0.00099477,0.0499746,100000,100000,1904.78,0,0.00500595,0.00147104,0,564.371,-0.0499646,9.50836e-05,-0.00099477,0.0499746,100000,100000,1904.78,0,0.00500595,0.00147104,0,564.371,-0.0499646,9.50836e-05,-0.00099477,0.0499746,100000,100000,1904.78,0,0.00500595,0.00147104,0,564.371,-0.0499646,9.50836e-05,-0.00099477,0.0499746,100000,100000,1904.78,0,0,0,0,0,0,0,0,0,0,0,0,0,1
stats,622,1,623,0.00500595,0.00147104,0,564.371,-0.0499646,9.50865e-05,-0.000994772,0.0499746,100000,100000,1904.78,0,0.00500595,0.00147104,0,564.371,-0.0499646,9.50865e-05,-0.000994772,0.0499746,100000,100000,1904.78,0,0.00500595,0.00147104,0,564.371,-0.0499646,9.50865e-05,-0.000994772,0.0499746,100000,100000,1904.78,0,0.00500595,0.00147104,0,564.371,-0.0499646,9.50865e-05,-0.000994772,0.0499746,100000,100000,1904.78,0,0.00500595,0.00147104,0,564.371,-0.0499646,9.50865e-05,-0.000994772,0.0499746,100000,100000,1904.78,0,0.00500595,0.00147104,0,564.371,-0.0499646,9.50865e-05,-0.000994772,0.0499746,100000,100000,1904.78,0,0,0,0,0,0,0,0,0,0,0,0,0,1
stats,623,1,624,0.00500595,0.00147104,0,564.371,-0.0499646,9.50888e-05,-0.000994774,0.0499746,100000,100000,1904.78,0,0.00500595,0.00147104,0,564.371,-0.0499646,9.50888e-05,-0.000994774,0.0499746,100000,100000,1904.78,0,0.00500595,0.00147104,0,564.371,-0.0499646,9.50888e-05,-0.000994774,0.0499746,100000,100000,1904.78,0,0.00500595,0.00147104,0,564.371,-0.0499646,9.50888e-05,-0.000994774,0.0499746,100000,100000,1904.78,0,0.00500595,0.00147104,0,564.371,-0.0499646,9.50888e-05,-0.000994774,0.0499746,100000,100000,1904.78,0,0.00500595,0.00147104,0,564.371,-0.0499646,9.50888e-05,-0.000994774,0.0499746,100000,100000,1904.78,0,0,0,0,0,0,0,0,0,0,0,0,0,1
stats,624,1,625,0.00500595,0.00147104,0,564.371,-0.0499646,9.50905e-05,-0.000994775,0.0499746,100000,100000,1904.78,0,0.00500595,0.00147104,0,564.371,-0.0499646,9.50905e-05,-0.000994775,0.0499746,100000,100000,1904.78,0,0.00500595,0.00147104,0,564.371,-0.0499646,9.50905e-05,-0.000994775,0.0499746,100000,100000,1904.78,0,0.00500595,0.00147104,0,564.371,-0.0499646,9.50905e-05,-0.000994775,0.0499746,100000,100000,1904.78,0,0.00500595,0.00147104,0,564.371,-0.0499646,9.50905e-05,-0.000994775,0.0499746,100000,100000,1904.78,0,0.00500595,0.00147104,0,564.371,-0.0499646,9.50905e-05,-0.000994775,0.0499746,100000,100000,1904.78,0,0,0,0,0,0,0,0,0,0,0,0,0,1
stats,625,1,626,0.00500595,0.00147104,0,564.371,-0.0499646,9.50914e-05,-0.000994776,0.0499746,100000,100000,1904.78,0,0.00500595,0.00147104,0,564.371,-0.0499646,9.50914e-05,-0.000994776,0.0499746,100000,100000,1904.78,0,0.00500595,0.00147104,0,564.371,-0.0499646,9.50914e-05,-0.000994776,0.0499746,100000,100000,1904.78,0,0.00500595,0.00147104,0,564.371,-0.0499646,9.50914e-05,-0.000994776,0.0499746,100000,100000,1904.78,0,0.00500595,0.00147104,0,564.371,-0.0499646,9.50914e-05,-0.000994776,0.0499746,100000,100000,1904.78,0,0.00500595,0.00147104,0,564.371,-0.0499646,9.50914e-05,-0.000994776,0.0499746,100000,100000,1904.78,0,0,0,0,0,0,0,0,0,0,0,0,0,1
stats,626,1,627,0.00500595,0.00147104,0,564.371,-0.0499646,9.50917e-05,-0.000994776,0.0499746,100000,100000,1904.78,0,0.00500595,0.00147104,0,564.371,-0.0499646,9.50917e-05,-0.000994776,0.0499746,100000,100000,1904.78,0,0.00500595,0.00147104,0,564.371,-0.0499646,9.50917e-05,-0.000994776,0.0499746,100000,100000,1904.78,0,0.00500595,0.00147104,0,564.371,-0.0499646,9.50917e-05,-0.000994776,0.0499746,100000,100000,1904.78,0,0.00500595,0.00147104,0,564.371,-0.0499646,9.50917e-05,-0.000994776,0.0499746,100000,100000,1904.78,0,0.00500595,0.00147104,0,564.371,-0.0499646,9.50917e-05,-0.000994776,0.0499746,100000,100000,1904.78,0,0,0,0,0,0,0,0,0,0,0,0,0,1
stats,627,1,628,0.00500595,0.00147104,0,564.371,-0.0499646,9.50913e-05,-0.000994777,0.0499746,100000,100000,1904.78,0,0.00500595,0.00147104,0,564.371,-0.0499646,9.50913e-05,-0.000994777,0.0499746,100000,100000,1904.78,0,0.00500595,0.00147104,0,564.371,-0.0499646,9.50913e-05,-0.000994777,0.0499746,100000,100000,1904.78,0,0.00500595,0.00147104,0,564.371,-0.0499646,9.50913e-05,-0.000994777,0.0499746,100000,100000,1904.78,0,0.00500595,0.00147104,0,564.371,-0.0499646,9.50913e-05,-0.000994777,0.0499746,100000,100000,1904.78,0,0.00500595,0.00147104,0,564.371,-0.0499646,9.50913e-05,-0.000994777,0.0499746,100000,100000,1904.78,0,0,0,0,0,0,0,0,0,0,0,0,0,1
stats,628,1,629,0.00500595,0.00147104,0,564.371,-0.0499646,9.50902e-05,-0.000994777,0.0499746,100000,100000,1904.78,0,0.00500595,0.00147104,0,564.371,-0.0499646,9.50902e-05,-0.000994777,0.0499746,100000,100000,1904.78,0,0.00500595,0.00147104,0,564.371,-0.0499646,9.50902e-05,-0.000994777,0.0499746,100000,100000,1904.78,0,0.00500595,0.00147104,0,564.371,-0.0499646,9.50902e-05,-0.000994777,0.0499746,100000,100000,1904.78,0,0.00500595,0.00147104,0,564.371,-0.0499646,9.50902e-05,-0.000994777,0.0499746,100000,100000,1904.78,0,0.00500595,0.00147104,0,564.371,-0.0499646,9.50902e-05,-0.000994777,0.0499746,100000,100000,1904.78,0,0,0,0,0,0,0,0,0,0,0,0,0,1
stats,629,1,630,0.00500595,0.00147104,0,564.371,-0.0499646,9.50884e-05,-0.000994777,0.0499746,100000,100000,1904.78,0,0.00500595,0.00147104,0,564.371,-0.0499646,9.50884e-05,-0.000994777,0.0499746,100000,100000,1904.78,0,0.00500595,0.00147104,0,564.371,-0.0499646,9.50884e-05,-0.000994777,0.0499746,100000,100000,1904.78,0,0.00500595,0.00147104,0,564.371,-0.0499646,9.50884e-05,-0.000994777,0.0499746,100000,100000,1904.78,0,0.00500595,0.00147104,0,564.371,-0.0499646,9.50884e-05,-0.000994777,0.0499746,100000,100000,1904.78,0,0.00500595,0.00147104,0,564.371,-0.0499646,9.50884e-05,-0.000994777,0.0499746,100000,100000,1904.78,0,0,0,0,0,0,0,0,0,0,0,0,0,1
stats,630,1,631,0.00500595,0.00147104,0,564.371,-0.0499646,9.50855e-05,-0.000994777,0.0499746,100000,100000,1904.78,0,0.00500595,0.00147104,0,564.371,-0.0499646,9.50855e-05,-0.000994777,0.0499746,100000,100000,1904.78,0,0.00500595,0.00147104,0,564.371,-0.0499646,9.50855e-05,-0.000994777,0.0499746,100000,100000,1904.78,0,0.00500595,0.00147104,0,564.371,-0.0499646,9.50855e-05,-0.000994777,0.0499746,100000,100000,1904.78,0,0.00500595,0.00147104,0,564.371,-0.0499646,9.50855e-05,-0.000994777,0.0499746,100000,100000,1904.78,0,0.00500595,0.00147104,0,564.371,-0.0499646,9.50855e-05,-0.000994777,0.0499746,100000,100000,1904.78,0,0,0,0,0,0,0,0,0,0,0,0,0,1
stats,631,1,632,0.00500595,0.00147104,0,564.371,-0.0499646,9.50818e-05,-0.000994776,0.0499746,100000,100000,1904.78,0,0.00500595,0.00147104,0,564.371,-0.0499646,9.50818e-05,-0.000994776,0.0499746,100000,100000,1904.78,0,0.00500595,0.00147104,0,564.371,-0.0499646,9.50818e-05,-0.000994776,0.0499746,100000,100000,1904.78,0,0.00500595,0.00147104,0,564.371,-0.0499646,9.50818e-05,-0.000994776,0.0499746,100000,100000,1904.78,0,0.00500595,0.00147104,0,564.371,-0.0499646,9.50818e-05,-0.000994776,0.0499746,100000,100000,1904.78,0,0.00500595,0.00147104,0,564.371,-0.0499646,9.50818e-05,-0.000994776,0.0499746,100000,100000,1904.78,0,0,0,0,0,0,0,0,0,0,0,0,0,1
stats,632,1,633,0.00500595,0.00147104,0,564.371,-0.0499646,9.50777e-05,-0.000994775,0.0499746,100000,100000,1904.78,0,0.00500595,0.00147104,0,564.371,-0.0499646,9.50777e-05,-0.000994775,0.0499746,100000,100000,1904.78,0,0.00500595,0.00147104,0,564.371,-0.0499646,9.50777e-05,-0.000994775,0.0499746,100000,100000,1904.78,0,0.00500595,0.00147104,0,564.371,-0.0499646,9.50777e-05,-0.000994775,0.0499746,100000,100000,1904.78,0,0.00500595,0.00147104,0,564.371,-0.0499646,9.50777e-05,-0.000994775,0.0499746,100000,100000,1904.78,0,0.00500595,0.00147104,0,564.371,-0.0499646,9.50777e-05,-0.000994775,0.0499746,100000,100000,1904.78,0,0,0,0,0,0,0,0,0,0,0,0,0,1
stats,633,1,634,0.00500595,0.00147104,0,564.371,-0.0499646,9.5074e-05,-0.000994773,0.0499746,100000,100000,1904.78,0,0.00500595,0.00147104,0,564.371,-0.0499646,9.5074e-05,-0.000994773,0.0499746,100000,100000,1904.78,0,0.00500595,0.00147104,0,564.371,-0.0499646,9.5074e-05,-0.000994773,0.0499746,100000,100000,1904.78,0,0.00500595,0.00147104,0,564.371,-0.0499646,9.5074e-05,-0.000994773,0.0499746,100000,100000,1904.78,0,0.00500595,0.00147104,0,564.371,-0.0499646,9.5074e-05,-0.000994773,0.0499746,100000,100000,1904.78,0,0.00500595,0.00147104,0,564.371,-0.0499646,9.5074e-05,-0.000994773,0.0499746,100000,100000,1904.78,0,0,0,0,0,0,0,0,0,0,0,0,0,1
stats,634,1,635,0.00500595,0.00147104,0,564.371,-0.0499646,9.50716e-05,-0.000994772,0.0499746,100000,100000,1904.78,0,0.00500595,0.00147104,0,564.371,-0.0499646,9.50716e-05,-0.000994772,0.0499746,100000,100000,1904.78,0,0.00500595,0.00147104,0,564.371,-0.0499646,9.50716e-05,-0.000994772,0.0499746,100000,100000,1904.78,0,0.00500595,0.00147104,0,564.371,-0.0499646,9.50716e-05,-0.000994772,0.0499746,100000,100000,1904.78,0,0.00500595,0.00147104,0,564.371,-0.0499646,9.50716e-05,-0.000994772,0.0499746,100000,100000,1904.78,0,0.00500595,0.00147104,0,564.371,-0.0499646,9.50716e-05,-0.000994772,0.0499746,100000,100000,1904.78,0,0,0,0,0,0,0,0,0,0,0,0,0,1
stats,635,1,636,0.00500595,0.00147104,0,564.371,-0.0499646,9.5071e-05,-0.00099477,0.0499746,100000,100000,1904.78,0,0.00500595,0.00147104,0,564.371,-0.0499646,9.5071e-05,-0.00099477,0.0499746,100000,100000,1904.78,0,0.00500595,0.00147104,0,564.371,-0.0499646,9.5071e-05,-0.00099477,0.0499746,100000,100000,1904.78,0,0.00500595,0.00147104,0,564.371,-0.0499646,9.5071e-05,-0.00099477,0.0499746,100000,100000,1904.78,0,0.00500595,0.00147104,0,564.371,-0.0499646,9.5071e-05,-0.00099477,0.0499746,100000,100000,1904.78,0,0.00500595,0.00147104,0,564.371,-0.0499646,9.5071e-05,-0.00099477,0.0499746,100000,100000,1904.78,0,0,0,0,0,0,0,0,0,0,0,0,0,1
stats,636,1,637,0.00500595,0.00147104,0,564.371,-0.0499646,9.50723e-05,-0.00099477,0.0499746,100000,100000,1904.78,0,0.00500595,0.00147104,0,564.371,-0.0499646,9.50723e-05,-0.00099477,0.0499746,100000,100000,1904.78,0,0.00500595,0.00147104,0,564.371,-0.0499646,9.50723e-05,-0.00099477,0.0499746,100000,100000,1904.78,0,0.00500595,0.00147104,0,564.371,-0.0499646,9.50723e-05,-0.00099477,0.0499746,100000,100000,1904.78,0,0.00500595,0.00147104,0,564.371,-0.0499646,9.50723e-05,-0.00099477,0.0499746,100000,100000,1904.78,0,0.00500595,0.00147104,0,564.371,-0.0499646,9.50723e-05,-0.00099477,0.0499746,100000,100000,1904.78,0,0,0,0,0,0,0,0,0,0,0,0,0,1
stats,637,1,638,0.00500595,0.00147104,0,564.371,-0.0499646,9.5075e-05,-0.00099477,0.0499746,100000,100000,1904.78,0,0.00500595,0.00147104,0,564.371,-0.0499646,9.5075e-05,-0.00099477,0.0499746,100000,100000,1904.78,0,0.00500595,0.00147104,0,564.371,-0.0499646,9.5075e-05,-0.00099477,0.0499746,100000,100000,1904.78,0,0.00500595,0.00147104,0,564.371,-0.0499646,9.5075e-05,-0.00099477,0.0499746,100000,100000,1904.78,0,0.00500595,0.00147104,0,564.371,-0.0499646,9.5075e-05,-0.00099477,0.0499746,100000,100000,1904.78,0,0.00500595,0.00147104,0,564.371,-0.0499646,9.5075e-05,-0.00099477,0.0499746,100000,100000,1904.78,0,0,0,0,0,0,0,0,0,0,0,0,0,1
stats,638,1,639,0.00500595,0.00147104,0,564.371,-0.0499646,9.50784e-05,-0.000994772,0.0499746,100000,100000,1904.78,0,0.00500595,0.00147104,0,564.371,-0.0499646,9.50784e-05,-0.000994772,0.0499746,100000,100000,1904.78,0,0.00500595,0.00147104,0,564.371,-0.0499646,9.50784e-05,-0.000994772,0.0499746,100000,100000,1904.78,0,0.00500595,0.00147104,0,564.371,-0.0499646,9.50784e-05,-0.000994772,0.0499746,100000,100000,1904.78,0,0.00500595,0.00147104,0,564.371,-0.0499646,9.50784e-05,-0.000994772,0.0499746,100000,100000,1904.78,0,0.00500595,0.00147104,0,564.371,-0.0499646,9.50784e-05,-0.000994772,0.0499746,100000,100000,1904.78,0,0,0,0,0,0,0,0,0,0,0,0,0,1
stats,639,1,640,0.00500595,0.00147104,0,564.371,-0.0499646,9.50817e-05,-0.000994773,0.0499746,100000,100000,1904.78,0,0.00500595,0.00147104,0,564.371,-0.0499646,9.50817e-05,-0.000994773,0.0499746,100000,100000,1904.78,0,0.00500595,0.00147104,0,564.371,-0.0499646,9.50817e-05,-0.000994773,0.0499746,100000,100000,1904.78,0,0.00500595,0.00147104,0,564.371,-0.0499646,9.50817e-05,-0.000994773,0.0499746,100000,100000,1904.78,0,0.00500595,0.00147104,0,564.371,-0.0499646,9.50817e-05,-0.000994773,0.0499746,100000,100000,1904.78,0,0.00500595,0.00147104,0,564.371,-0.0499646,9.50817e-05,-0.000994773,0.0499746,100000,100000,1904.78,0,0,0,0,0,0,0,0,0,0,0,0,0,1
stats,640,1,641,0.00500595,0.00147104,0,564.371,-0.0499646,9.50846e-05,-0.000994775,0.0499746,100000,100000,1904.78,0,0.00500595,0.00147104,0,564.371,-0.0499646,9.50846e-05,-0.000994775,0.0499746,100000,100000,1904.78,0,0.00500595,0.00147104,0,564.371,-0.0499646,9.50846e-05,-0.000994775,0.0499746,100000,100000,1904.78,0,0.00500595,0.00147104,0,564.371,-0.0499646,9.50846e-05,-0.000994775,0.0499746,100000,100000,1904.78,0,0.00500595,0.00147104,0,564.371,-0.0499646,9.50846e-05,-0.000994775,0.0499746,100000,100000,1904.78,0,0.00500595,0.00147104,0,564.371,-0.0499646,9.50846e-05,-0.000994775,0.0499746,100000,100000,1904.78,0,0,0,0,0,0,0,0,0,0,0,0,0,1
stats,641,1,642,0.00500595,0.00147104,0,564.371,-0.0499646,9.5087e-05,-0.000994775,0.0499746,100000,100000,1904.78,0,0.00500595,0.00147104,0,564.371,-0.0499646,9.5087e-05,-0.000994775,0.0499746,100000,100000,1904.78,0,0.00500595,0.00147104,0,564.371,-0.0499646,9.5087e-05,-0.000994775,0.0499746,100000,100000,1904.78,0,0.00500595,0.00147104,0,564.371,-0.0499646,9.5087e-05,-0.000994775,0.0499746,100000,100000,1904.78,0,0.00500595,0.00147104,0,564.371,-0.0499646,9.5087e-05,-0.000994775,0.0499746,100000,100000,1904.78,0,0.00500595,0.00147104,0,564.371,-0.0499646,9.5087e-05,-0.000994775,0.0499746,100000,100000,1904.78,0,0,0,0,0,0,0,0,0,0,0,0,0,1
stats,642,1,643,0.00500595,0.00147104,0,564.371,-0.0499646,9.50889e-05,-0.000994776,0.0499746,100000,100000,1904.78,0,0.00500595,0.00147104,0,564.371,-0.0499646,9.50889e-05,-0.000994776,0.0499746,100000,100000,1904.78,0,0.00500595,0.00147104,0,564.371,-0.0499646,9.50889e-05,-0.000994776,0.0499746,100000,100000,1904.78,0,0.00500595,0.00147104,0,564.371,-0.0499646,9.50889e-05,-0.000994776,0.0499746,100000,100000,1904.78,0,0.00500595,0.00147104,0,564.371,-0.0499646,9.50889e-05,-0.000994776,0.0499746,100000,100000,1904.78,0,0.00500595,0.00147104,0,564.371,-0.0499646,9.50889e-05,-0.000994776,0.0499746,100000,100000,1904.78,0,0,0,0,0,0,0,0,0,0,0,0,0,1
stats,643,1,644,0.00500595,0.00147104,0,564.371,-0.0499646,9.50905e-05,-0.000994776,0.0499746,100000,100000,1904.78,0,0.00500595,0.00147104,0,564.371,-0.0499646,9.50905e-05,-0.000994776,0.0499746,100000,100000,1904.78,0,0.00500595,0.00147104,0,564.371,-0.0499646,9.50905e-05,-0.000994776,0.0499746,100000,100000,1904.78,0,0.00500595,0.00147104,0,564.371,-0.0499646,9.50905e-05,-0.000994776,0.0499746,100000,100000,1904.78,0,0.00500595,0.00147104,0,564.371,-0.0499646,9.50905e-05,-0.000994776,0.0499746,100000,100000,1904.78,0,0.00500595,0.00147104,0,564.371,-0.0499646,9.50905e-05,-0.000994776,0.0499746,100000,100000,1904.78,0,0,0,0,0,0,0,0,0,0,0,0,0,1
stats,644,1,645,0.00500595,0.00147104,0,564.371,-0.0499646,9.50917e-05,-0.000994776,0.0499746,100000,100000,1904.78,0,0.00500595,0.00147104,0,564.371,-0.0499646,9.50917e-05,-0.000994776,0.0499746,100000,100000,1904.78,0,0.00500595,0.00147104,0,564.371,-0.0499646,9.50917e-05,-0.000994776,0.0499746,100000,100000,1904.78,0,0.00500595,0.00147104,0,564.371,-0.0499646,9.50917e-05,-0.000994776,0.0499746,100000,100000,1904.78,0,0.00500595,0.00147104,0,564.371,-0.0499646,9.50917e-05,-0.000994776,0.0499746,100000,100000,1904.78,0,0.00500595,0.00147104,0,564.371,-0.0499646,9.50917e-05,-0.000994776,0.0499746,100000,100000,1904.78,0,0,0,0,0,0,0,0,0,0,0,0,0,1
stats,645,1,646,0.00500595,0.00147104,0,564.371,-0.0499646,9.50922e-05,-0.000994776,0.0499746,100000,100000,1904.78,0,0.00500595,0.00147104,0,564.371,-0.0499646,9.50922e-05,-0.000994776,0.0499746,100000,100000,1904.78,0,0.00500595,0.00147104,0,564.371,-0.0499646,9.50922e-05,-0.000994776,0.0499746,100000,100000,1904.78,0,0.00500595,0.00147104,0,564.371,-0.0499646,9.50922e-05,-0.000994776,0.0499746,100000,100000,1904.78,0,0.00500595,0.00147104,0,564.371,-0.0499646,9.50922e-05,-0.000994776,0.0499746,100000,100000,1904.78,0,0.00500595,0.00147104,0,564.371,-0.0499646,9.50922e-05,-0.000994776,0.0499746,100000,100000,1904.78,0,0,0,0,0,0,0,0,0,0,0,0,0,1
stats,646,1,647,0.00500595,0.00147104,0,564.371,-0.0499646,9.50918e-05,-0.000994776,0.0499746,100000,100000,1904.78,0,0.00500595,0.00147104,0,564.371,-0.0499646,9.50918e-05,-0.000994776,0.0499746,100000,100000,1904.78,0,0.00500595,0.00147104,0,564.371,-0.0499646,9.50918e-05,-0.000994776,0.0499746,100000,100000,1904.78,0,0.00500595,0.00147104,0,564.371,-0.0499646,9.50918e-05,-0.000994776,0.0499746,100000,100000,1904.78,0,0.00500595,0.00147104,0,564.371,-0.0499646,9.50918e-05,-0.000994776,0.0499746,100000,100000,1904.78,0,0.00500595,0.00147104,0,564.371,-0.0499646,9.50918e-05,-0.000994776,0.0499746,100000,100000,1904.78,0,0,0,0,0,0,0,0,0,0,0,0,0,1
stats,647,1,648,0.00500595,0.00147104,0,564.371,-0.0499646,9.509e-05,-0.000994776,0.0499746,100000,100000,1904.78,0,0.00500595,0.00147104,0,564.371,-0.0499646,9.509e-05,-0.000994776,0.0499746,100000,100000,1904.78,0,0.00500595,0.00147104,0,564.371,-0.0499646,9.509e-05,-0.000994776,0.0499746,100000,100000,1904.78,0,0.00500595,0.00147104,0,564.371,-0.0499646,9.509e-05,-0.000994776,0.0499746,100000,100000,1904.78,0,0.00500595,0.00147104,0,564.371,-0.0499646,9.509e-05,-0.000994776,0.0499746,100000,100000,1904.78,0,0.00500595,0.00147104,0,564.371,-0.0499646,9.509e-05,-0.000994776,0.0499746,100000,100000,1904.78,0,0,0,0,0,0,0,0,0,0,0,0,0,1
stats,648,1,649,0.00500595,0.00147104,0,564.371,-0.0499646,9.5087e-05,-0.000994776,0.0499746,100000,100000,1904.78,0,0.00500595,0.00147104,0,564.371,-0.0499646,9.5087e-05,-0.000994776,0.0499746,100000,100000,1904.78,0,0.00500595,0.00147104,0,564.371,-0.0499646,9.5087e-05,-0.000994776,0.0499746,100000,100000,1904.78,0,0.00500595,0.00147104,0,564.371,-0.0499646,9.5087e-05,-0.000994776,0.0499746,100000,100000,1904.78,0,0.00500595,0.00147104,0,564.371,-0.0499646,9.5087e-05,-0.000994776,0.0499746,100000,100000,1904.78,0,0.00500595,0.00147104,0,564.371,-0.0499646,9.5087e-05,-0.000994776,0.0499746,100000,100000,1904.78,0,0,0,0,0,0,0,0,0,0,0,0,0,1
stats,649,1,650,0.00500595,0.00147104,0,564.371,-0.0499646,9.5083e-05,-0.000994775,0.0499746,100000,100000,1904.78,0,0.00500595,0.00147104,0,564.371,-0.0499646,9.5083e-05,-0.000994775,0.0499746,100000,100000,1904.78,0,0.00500595,0.00147104,0,564.371,-0.0499646,9.5083e-05,-0.000994775,0.0499746,100000,100000,1904.78,0,0.00500595,0.00147104,0,564.371,-0.0499646,9.5083e-05,-0.000994775,0.0499746,100000,100000,1904.78,0,0.00500595,0.00147104,0,564.371,-0.0499646,9.5083e-05,-0.000994775,0.0499746,100000,100000,1904.78,0,0.00500595,0.00147104,0,564.371,-0.0499646,9.5083e-05,-0.000994775,0.0499746,100000,100000,1904.78,0,0,0,0,0,0,0,0,0,0,0,0,0,1
stats,650,1,651,0.00500595,0.00147104,0,564.371,-0.0499646,9.50786e-05,-0.000994773,0.0499746,100000,100000,1904.78,0,0.00500595,0.00147104,0,564.371,-0.0499646,9.50786e-05,-0.000994773,0.0499746,100000,100000,1904.78,0,0.00500595,0.00147104,0,564.371,-0.0499646,9.50786e-05,-0.000994773,0.0499746,100000,100000,1904.78,0,0.00500595,0.00147104,0,564.371,-0.0499646,9.50786e-05,-0.000994773,0.0499746,100000,100000,1904.78,0,0.00500595,0.00147104,0,564.371,-0.0499646,9.50786e-05,-0.000994773,0.0499746,100000,100000,1904.78,0,0.00500595,0.00147104,0,564.371,-0.0499646,9.50786e-05,-0.000994773,0.0499746,100000,100000,1904.78,0,0,0,0,0,0,0,0,0,0,0,0,0,1
stats,651,1,652,0.00500595,0.00147104,0,564.371,-0.0499646,9.50746e-05,-0.000994771,0.0499746,100000,100000,1904.78,0,0.00500595,0.00147104,0,564.371,-0.0499646,9.50746e-05,-0.000994771,0.0499746,100000,100000,1904.78,0,0.00500595,0.00147104,0,564.371,-0.0499646,9.50746e-05,-0.000994771,0.0499746,100000,100000,1904.78,0,0.00500595,0.00147104,0,564.371,-0.0499646,9.50746e-05,-0.000994771,0.0499746,100000,100000,1904.78,0,0.00500595,0.00147104,0,564.371,-0.0499646,9.50746e-05,-0.000994771,0.0499746,100000,100000,1904.78,0,0.00500595,0.00147104,0,564.371,-0.0499646,9.50746e-05,-0.000994771,0.0499746,100000,100000,1904.78,0,0,0,0,0,0,0,0,0,0,0,0,0,1
stats,652,1,653,0.00500595,0.00147104,0,564.371,-0.0499646,9.50717e-05,-0.00099477,0.0499746,100000,100000,1904.78,0,0.00500595,0.00147104,0,564.371,-0.0499646,9.50717e-05,-0.00099477,0.0499746,100000,100000,1904.78,0,0.00500595,0.00147104,0,564.371,-0.0499646,9.50717e-05,-0.00099477,0.0499746,100000,100000,1904.78,0,0.00500595,0.00147104,0,564.371,-0.0499646,9.50717e-05,-0.00099477,0.0499746,100000,100000,1904.78,0,0.00500595,0.00147104,0,564.371,-0.0499646,9.50717e-05,-0.00099477,0.0499746,100000,100000,1904.78,0,0.00500595,0.00147104,0,564.371,-0.0499646,9.50717e-05,-0.00099477,0.0499746,100000,100000,1904.78,0,0,0,0,0,0,0,0,0,0,0,0,0,1
stats,653,1,654,0.00500595,0.00147104,0,564.371,-0.0499646,9.50707e-05,-0.00099477,0.0499746,100000,100000,1904.78,0,0.00500595,0.00147104,0,564.371,-0.0499646,9.50707e-05,-0.00099477,0.0499746,100000,100000,1904.78,0,0.00500595,0.00147104,0,564.371,-0.0499646,9.50707e-05,-0.00099477,0.0499746,100000,100000,1904.78,0,0.00500595,0.00147104,0,564.371,-0.0499646,9.50707e-05,-0.00099477,0.0499746,100000,100000,1904.78,0,0.00500595,0.00147104,0,564.371,-0.0499646,9.50707e-05,-0.00099477,0.0499746,100000,100000,1904.78,0,0.00500595,0.00147104,0,564.371,-0.0499646,9.50707e-05,-0.00099477,0.0499746,100000,100000,1904.78,0,0,0,0,0,0,0,0,0,0,0,0,0,1
stats,654,1,655,0.00500595,0.00147104,0,564.371,-0.0499646,9.50714e-05,-0.000994771,0.0499746,100000,100000,1904.78,0,0.00500595,0.00147104,0,564.371,-0.0499646,9.50714e-05,-0.000994771,0.0499746,100000,100000,1904.78,0,0.00500595,0.00147104,0,564.371,-0.0499646,9.50714e-05,-0.000994771,0.0499746,100000,100000,1904.78,0,0.00500595,0.00147104,0,564.371,-0.0499646,9.50714e-05,-0.000994771,0.0499746,100000,100000,1904.78,0,0.00500595,0.00147104,0,564.371,-0.0499646,9.50714e-05,-0.000994771,0.0499746,100000,100000,1904.78,0,0.00500595,0.00147104,0,564.371,-0.0499646,9.50714e-05,-0.000994771,0.0499746,100000,100000,1904.78,0,0,0,0,0,0,0,0,0,0,0,0,0,1
stats,655,1,656,0.00500595,0.00147104,0,564.371,-0.0499646,9.50734e-05,-0.000994773,0.0499746,100000,100000,1904.78,0,0.00500595,0.00147104,0,564.371,-0.0499646,9.50734e-05,-0.000994773,0.0499746,100000,100000,1904.78,0,0.00500595,0.00147104,0,564.371,-0.0499646,9.50734e-05,-0.000994773,0.0499746,100000,100000,1904.78,0,0.00500595,0.00147104,0,564.371,-0.0499646,9.50734e-05,-0.000994773,0.0499746,100000,100000,1904.78,0,0.00500595,0.00147104,0,564.371,-0.0499646,9.50734e-05,-0.000994773,0.0499746,100000,100000,1904.78,0,0.00500595,0.00147104,0,564.371,-0.0499646,9.50734e-05,-0.000994773,0.0499746,100000,100000,1904.78,0,0,0,0,0,0,0,0,0,0,0,0,0,1
stats,656,1,657,0.00500595,0.00147104,0,564.371,-0.0499646,9.50762e-05,-0.000994776,0.0499746,100000,100000,1904.78,0,0.00500595,0.00147104,0,564.371,-0.0499646,9.50762e-05,-0.000994776,0.0499746,100000,100000,1904.78,0,0.00500595,0.00147104,0,564.371,-0.0499646,9.50762e-05,-0.000994776,0.0499746,100000,100000,1904.78,0,0.00500595,0.00147104,0,564.371,-0.0499646,9.50762e-05,-0.000994776,0.0499746,100000,100000,1904.78,0,0.00500595,0.00147104,0,564.371,-0.0499646,9.50762e-05,-0.000994776,0.0499746,100000,100000,1904.78,0,0.00500595,0.00147104,0,564.371,-0.0499646,9.50762e-05,-0.000994776,0.0499746,100000,100000,1904.78,0,0,0,0,0,0,0,0,0,0,0,0,0,1
stats,657,1,658,0.00500595,0.00147104,0,564.371,-0.0499646,9.50791e-05,-0.000994777,0.0499746,100000,100000,1904.78,0,0.00500595,0.00147104,0,564.371,-0.0499646,9.50791e-05,-0.000994777,0.0499746,100000,100000,1904.78,0,0.00500595,0.00147104,0,564.371,-0.0499646,9.50791e-05,-0.000994777,0.0499746,100000,100000,1904.78,0,0.00500595,0.00147104,0,564.371,-0.0499646,9.50791e-05,-0.000994777,0.0499746,100000,100000,1904.78,0,0.00500595,0.00147104,0,564.371,-0.0499646,9.50791e-05,-0.000994777,0.0499746,100000,100000,1904.78,0,0.00500595,0.00147104,0,564.371,-0.0499646,9.50791e-05,-0.000994777,0.0499746,100000,100000,1904.78,0,0,0,0,0,0,0,0,0,0,0,0,0,1
stats,658,1,659,0.00500595,0.00147104,0,564.371,-0.0499646,9.50818e-05,-0.000994778,0.0499746,100000,100000,1904.78,0,0.00500595,0.00147104,0,564.371,-0.0499646,9.50818e-05,-0.000994778,0.0499746,100000,100000,1904.78,0,0.00500595,0.00147104,0,564.371,-0.0499646,9.50818e-05,-0.000994778,0.0499746,100000,100000,1904.78,0,0.00500595,0.00147104,0,564.371,-0.0499646,9.50818e-05,-0.000994778,0.0499746,100000,100000,1904.78,0,0.00500595,0.00147104,0,564.371,-0.0499646,9.50818e-05,-0.000994778,0.0499746,100000,100000,1904.78,0,0.00500595,0.00147104,0,564.371,-0.0499646,9.50818e-05,-0.000994778,0.0499746,100000,100000,1904.78,0,0,0,0,0,0,0,0,0,0,0,0,0,1
stats,659,1,660,0.00500595,0.00147104,0,564.371,-0.0499646,9.50842e-05,-0.000994778,0.0499746,100000,100000,1904.78,0,0.00500595,0.00147104,0,564.371,-0.0499646,9.50842e-05,-0.000994778,0.0499746,100000,100000,1904.78,0,0.00500595,0.00147104,0,564.371,-0.0499646,9.50842e-05,-0.000994778,0.0499746,100000,100000,1904.78,0,0.00500595,0.00147104,0,564.371,-0.0499646,9.50842e-05,-0.000994778,0.0499746,100000,100000,1904.78,0,0.00500595,0.00147104,0,564.371,-0.0499646,9.50842e-05,-0.000994778,0.0499746,100000,100000,1904.78,0,0.00500595,0.00147104,0,564.371,-0.0499646,9.50842e-05,-0.000994778,0.0499746,100000,100000,1904.78,0,0,0,0,0,0,0,0,0,0,0,0,0,1
stats,660,1,661,0.00500595,0.00147104,0,564.371,-0.0499646,9.50864e-05,-0.000994778,0.0499746,100000,100000,1904.78,0,0.00500595,0.00147104,0,564.371,-0.0499646,9.50864e-05,-0.000994778,0.0499746,100000,100000,1904.78,0,0.00500595,0.00147104,0,564.371,-0.0499646,9.50864e-05,-0.000994778,0.0499746,100000,100000,1904.78,0,0.00500595,0.00147104,0,564.371,-0.0499646,9.50864e-05,-0.000994778,0.0499746,100000,100000,1904.78,0,0.00500595,0.00147104,0,564.371,-0.0499646,9.50864e-05,-0.000994778,0.0499746,100000,100000,1904.78,0,0.00500595,0.00147104,0,564.371,-0.0499646,9.50864e-05,-0.000994778,0.0499746,100000,100000,1904.78,0,0,0,0,0,0,0,0,0,0,0,0,0,1
stats,661,1,662,0.00500595,0.00147104,0,564.371,-0.0499646,9.50882e-05,-0.000994777,0.0499746,100000,100000,1904.78,0,0.00500595,0.00147104,0,564.371,-0.0499646,9.50882e-05,-0.000994777,0.0499746,100000,100000,1904.78,0,0.00500595,0.00147104,0,564.371,-0.0499646,9.50882e-05,-0.000994777,0.0499746,100000,100000,1904.78,0,0.00500595,0.00147104,0,564.371,-0.0499646,9.50882e-05,-0.000994777,0.0499746,100000,100000,1904.78,0,0.00500595,0.00147104,0,564.371,-0.0499646,9.50882e-05,-0.000994777,0.0499746,100000,100000,1904.78,0,0.00500595,0.00147104,0,564.371,-0.0499646,9.50882e-05,-0.000994777,0.0499746,100000,100000,1904.78,0,0,0,0,0,0,0,0,0,0,0,0,0,1
stats,662,1,663,0.00500595,0.00147104,0,564.371,-0.0499646,9.50898e-05,-0.000994776,0.0499746,100000,100000,1904.78,0,0.00500595,0.00147104,0,564.371,-0.0499646,9.50898e-05,-0.000994776,0.0499746,100000,100000,1904.78,0,0.00500595,0.00147104,0,564.371,-0.0499646,9.50898e-05,-0.000994776,0.0499746,100000,100000,1904.78,0,0.00500595,0.00147104,0,564.371,-0.0499646,9.50898e-05,-0.000994776,0.0499746,100000,100000,1904.78,0,0.00500595,0.00147104,0,564.371,-0.0499646,9.50898e-05,-0.000994776,0.0499746,100000,100000,1904.78,0,0.00500595,0.00147104,0,564.371,-0.0499646,9.50898e-05,-0.000994776,0.0499746,100000,100000,1904.78,0,0,0,0,0,0,0,0,0,0,0,0,0,1
stats,663,1,664,0.00500595,0.00147104,0,564.371,-0.0499646,9.50908e-05,-0.000994776,0.0499746,100000,100000,1904.78,0,0.00500595,0.00147104,0,564.371,-0.0499646,9.50908e-05,-0.000994776,0.0499746,100000,100000,1904.78,0,0.00500595,0.00147104,0,564.371,-0.0499646,9.50908e-05,-0.000994776,0.0499746,100000,100000,1904.78,0,0.00500595,0.00147104,0,564.371,-0.0499646,9.50908e-05,-0.000994776,0.0499746,100000,100000,1904.78,0,0.00500595,0.00147104,0,564.371,-0.0499646,9.50908e-05,-0.000994776,0.0499746,100000,100000,1904.78,0,0.00500595,0.00147104,0,564.371,-0.0499646,9.50908e-05,-0.000994776,0.0499746,100000,100000,1904.78,0,0,0,0,0,0,0,0,0,0,0,0,0,1
stats,664,1,665,0.00500595,0.00147104,0,564.371,-0.0499646,9.5091e-05,-0.000994775,0.0499746,100000,100000,1904.78,0,0.00500595,0.00147104,0,564.371,-0.0499646,9.5091e-05,-0.000994775,0.0499746,100000,100000,1904.78,0,0.00500595,0.00147104,0,564.371,-0.0499646,9.5091e-05,-0.000994775,0.0499746,100000,100000,1904.78,0,0.00500595,0.00147104,0,564.371,-0.0499646,9.5091e-05,-0.000994775,0.0499746,100000,100000,1904.78,0,0.00500595,0.00147104,0,564.371,-0.0499646,9.5091e-05,-0.000994775,0.0499746,100000,100000,1904.78,0,0.00500595,0.00147104,0,564.371,-0.0499646,9.5091e-05,-0.000994775,0.0499746,100000,100000,1904.78,0,0,0,0,0,0,0,0,0,0,0,0,0,1
stats,665,1,666,0.00500595,0.00147104,0,564.371,-0.0499646,9.50899e-05,-0.000994774,0.0499746,100000,100000,1904.78,0,0.00500595,0.00147104,0,564.371,-0.0499646,9.50899e-05,-0.000994774,0.0499746,100000,100000,1904.78,0,0.00500595,0.00147104,0,564.371,-0.0499646,9.50899e-05,-0.000994774,0.0499746,100000,100000,1904.78,0,0.00500595,0.00147104,0,564.371,-0.0499646,9.50899e-05,-0.000994774,0.0499746,100000,100000,1904.78,0,0.00500595,0.00147104,0,564.371,-0.0499646,9.50899e-05,-0.000994774,0.0499746,100000,100000,1904.78,0,0.00500595,0.00147104,0,564.371,-0.0499646,9.50899e-05,-0.000994774,0.0499746,100000,100000,1904.78,0,0,0,0,0,0,0,0,0,0,0,0,0,1
stats,666,1,667,0.00500595,0.00147104,0,564.371,-0.0499646,9.50873e-05,-0.000994773,0.0499746,100000,100000,1904.78,0,0.00500595,0.00147104,0,564.371,-0.0499646,9.50873e-05,-0.000994773,0.0499746,100000,100000,1904.78,0,0.00500595,0.00147104,0,564.371,-0.0499646,9.50873e-05,-0.000994773,0.0499746,100000,100000,1904.78,0,0.00500595,0.00147104,0,564.371,-0.0499646,9.50873e-05,-0.000994773,0.0499746,100000,100000,1904.78,0,0.00500595,0.00147104,0,564.371,-0.0499646,9.50873e-05,-0.000994773,0.0499746,100000,100000,1904.78,0,0.00500595,0.00147104,0,564.371,-0.0499646,9.50873e-05,-0.000994773,0.0499746,100000,100000,1904.78,0,0,0,0,0,0,0,0,0,0,0,0,0,1
stats,667,1,668,0.00500595,0.00147104,0,564.371,-0.0499646,9.50834e-05,-0.000994772,0.0499746,100000,100000,1904.78,0,0.00500595,0.00147104,0,564.371,-0.0499646,9.50834e-05,-0.000994772,0.0499746,100000,100000,1904.78,0,0.00500595,0.00147104,0,564.371,-0.0499646,9.50834e-05,-0.000994772,0.0499746,100000,100000,1904.78,0,0.00500595,0.00147104,0,564.371,-0.0499646,9.50834e-05,-0.000994772,0.0499746,100000,100000,1904.78,0,0.00500595,0.00147104,0,564.371,-0.0499646,9.50834e-05,-0.000994772,0.0499746,100000,100000,1904.78,0,0.00500595,0.00147104,0,564.371,-0.0499646,9.50834e-05,-0.000994772,0.0499746,100000,100000,1904.78,0,0,0,0,0,0,0,0,0,0,0,0,0,1
stats,668,1,669,0.00500595,0.00147104,0,564.371,-0.0499646,9.50792e-05,-0.000994771,0.0499746,100000,100000,1904.78,0,0.00500595,0.00147104,0,564.371,-0.0499646,9.50792e-05,-0.000994771,0.0499746,100000,100000,1904.78,0,0.00500595,0.00147104,0,564.371,-0.0499646,9.50792e-05,-0.000994771,0.0499746,100000,100000,1904.78,0,0.00500595,0.00147104,0,564.371,-0.0499646,9.50792e-05,-0.000994771,0.0499746,100000,100000,1904.78,0,0.00500595,0.00147104,0,564.371,-0.0499646,9.50792e-05,-0.000994771,0.0499746,100000,100000,1904.78,0,0.00500595,0.00147104,0,564.371,-0.0499646,9.50792e-05,-0.000994771,0.0499746,100000,100000,1904.78,0,0,0,0,0,0,0,0,0,0,0,0,0,1
stats,669,1,670,0.00500595,0.00147104,0,564.371,-0.0499646,9.50757e-05,-0.000994769,0.0499746,100000,100000,1904.78,0,0.00500595,0.00147104,0,564.371,-0.0499646,9.50757e-05,-0.000994769,0.0499746,100000,100000,1904.78,0,0.00500595,0.00147104,0,564.371,-0.0499646,9.50757e-05,-0.000994769,0.0499746,100000,100000,1904.78,0,0.00500595,0.00147104,0,564.371,-0.0499646,9.50757e-05,-0.000994769,0.0499746,100000,100000,1904.78,0,0.00500595,0.00147104,0,564.371,-0.0499646,9.50757e-05,-0.000994769,0.0499746,100000,100000,1904.78,0,0.00500595,0.00147104,0,564.371,-0.0499646,9.50757e-05,-0.000994769,0.0499746,100000,100000,1904.78,0,0,0,0,0,0,0,0,0,0,0,0,0,1
stats,670,1,671,0.00500595,0.00147104,0,564.371,-0.0499646,9.50734e-05,-0.000994768,0.0499746,100000,100000,1904.78,0,0.00500595,0.00147104,0,564.371,-0.0499646,9.50734e-05,-0.000994768,0.0499746,100000,100000,1904.78,0,0.00500595,0.00147104,0,564.371,-0.0499646,9.50734e-05,-0.000994768,0.0499746,100000,100000,1904.78,0,0.00500595,0.00147104,0,564.371,-0.0499646,9.50734e-05,-0.000994768,0.0499746,100000,100000,1904.78,0,0.00500595,0.00147104,0,564.371,-0.0499646,9.50734e-05,-0.000994768,0.0499746,100000,100000,1904.78,0,0.00500595,0.00147104,0,564.371,-0.0499646,9.50734e-05,-0.000994768,0.0499746,100000,100000,1904.78,0,0,0,0,0,0,0,0,0,0,0,0,0,1
stats,671,1,672,0.00500595,0.00147104,0,564.371,-0.0499646,9.50726e-05,-0.000994769,0.0499746,100000,100000,1904.78,0,0.00500595,0.00147104,0,564.371,-0.0499646,9.50726e-05,-0.000994769,0.0499746,100000,100000,1904.78,0,0.00500595,0.00147104,0,564.371,-0.0499646,9.50726e-05,-0.000994769,0.0499746,100000,100000,1904.78,0,0.00500595,0.00147104,0,564.371,-0.0499646,9.50726e-05,-0.000994769,0.0499746,100000,100000,1904.78,0,0.00500595,0.00147104,0,564.371,-0.0499646,9.50726e-05,-0.000994769,0.0499746,100000,100000,1904.78,0,0.00500595,0.00147104,0,564.371,-0.0499646,9.50726e-05,-0.000994769,0.0499746,100000,100000,1904.78,0,0,0,0,0,0,0,0,0,0,0,0,0,1
stats,672,1,673,0.00500595,0.00147104,0,564.371,-0.0499646,9.50729e-05,-0.000994771,0.0499746,100000,100000,1904.78,0,0.00500595,0.00147104,0,564.371,-0.0499646,9.50729e-05,-0.000994771,0.0499746,100000,100000,1904.78,0,0.00500595,0.00147104,0,564.371,-0.0499646,9.50729e-05,-0.000994771,0.0499746,100000,100000,1904.78,0,0.00500595,0.00147104,0,564.371,-0.0499646,9.50729e-05,-0.000994771,0.0499746,100000,100000,1904.78,0,0.00500595,0.00147104,0,564.371,-0.0499646,9.50729e-05,-0.000994771,0.0499746,100000,100000,1904.78,0,0.00500595,0.00147104,0,564.371,-0.0499646,9.50729e-05,-0.000994771,0.0499746,100000,100000,1904.78,0,0,0,0,0,0,0,0,0,0,0,0,0,1
stats,673,1,674,0.00500595,0.00147104,0,564.371,-0.0499646,9.5074e-05,-0.000994774,0.0499746,100000,100000,1904.78,0,0.00500595,0.00147104,0,564.371,-0.0499646,9.5074e-05,-0.000994774,0.0499746,100000,100000,1904.78,0,0.00500595,0.00147104,0,564.371,-0.0499646,9.5074e-05,-0.000994774,0.0499746,100000,100000,1904.78,0,0.00500595,0.00147104,0,564.371,-0.0499646,9.5074e-05,-0.000994774,0.0499746,100000,100000,1904.78,0,0.00500595,0.00147104,0,564.371,-0.0499646,9.5074e-05,-0.000994774,0.0499746,100000,100000,1904.78,0,0.00500595,0.00147104,0,564.371,-0.0499646,9.5074e-05,-0.000994774,0.0499746,100000,100000,1904.78,0,0,0,0,0,0,0,0,0,0,0,0,0,1
stats,674,1,675,0.00500595,0.00147104,0,564.371,-0.0499646,9.50754e-05,-0.000994777,0.0499746,100000,100000,1904.78,0,0.00500595,0.00147104,0,564.371,-0.0499646,9.50754e-05,-0.000994777,0.0499746,100000,100000,1904.78,0,0.00500595,0.00147104,0,564.371,-0.0499646,9.50754e-05,-0.000994777,0.0499746,100000,100000,1904.78,0,0.00500595,0.00147104,0,564.371,-0.0499646,9.50754e-05,-0.000994777,0.0499746,100000,100000,1904.78,0,0.00500595,0.00147104,0,564.371,-0.0499646,9.50754e-05,-0.000994777,0.0499746,100000,100000,1904.78,0,0.00500595,0.00147104,0,564.371,-0.0499646,9.50754e-05,-0.000994777,0.0499746,100000,100000,1904.78,0,0,0,0,0,0,0,0,0,0,0,0,0,1
stats,675,1,676,0.00500595,0.00147104,0,564.371,-0.0499646,9.50771e-05,-0.00099478,0.0499746,100000,100000,1904.78,0,0.00500595,0.00147104,0,564.371,-0.0499646,9.50771e-05,-0.00099478,0.0499746,100000,100000,1904.78,0,0.00500595,0.00147104,0,564.371,-0.0499646,9.50771e-05,-0.00099478,0.0499746,100000,100000,1904.78,0,0.00500595,0.00147104,0,564.371,-0.0499646,9.50771e-05,-0.00099478,0.0499746,100000,100000,1904.78,0,0.00500595,0.00147104,0,564.371,-0.0499646,9.50771e-05,-0.00099478,0.0499746,100000,100000,1904.78,0,0.00500595,0.00147104,0,564.371,-0.0499646,9.50771e-05,-0.00099478,0.0499746,100000,100000,1904.78,0,0,0,0,0,0,0,0,0,0,0,0,0,1
stats,676,1,677,0.00500595,0.00147104,0,564.371,-0.0499646,9.5079e-05,-0.000994781,0.0499746,100000,100000,1904.78,0,0.00500595,0.00147104,0,564.371,-0.0499646,9.5079e-05,-0.000994781,0.0499746,100000,100000,1904.78,0,0.00500595,0.00147104,0,564.371,-0.0499646,9.5079e-05,-0.000994781,0.0499746,100000,100000,1904.78,0,0.00500595,0.00147104,0,564.371,-0.0499646,9.5079e-05,-0.000994781,0.0499746,100000,100000,1904.78,0,0.00500595,0.00147104,0,564.371,-0.0499646,9.5079e-05,-0.000994781,0.0499746,100000,100000,1904.78,0,0.00500595,0.00147104,0,564.371,-0.0499646,9.5079e-05,-0.000994781,0.0499746,100000,100000,1904.78,0,0,0,0,0,0,0,0,0,0,0,0,0,1
stats,677,1,678,0.00500595,0.00147104,0,564.371,-0.0499646,9.50811e-05,-0.000994781,0.0499746,100000,100000,1904.78,0,0.00500595,0.00147104,0,564.371,-0.0499646,9.50811e-05,-0.000994781,0.0499746,100000,100000,1904.78,0,0.00500595,0.00147104,0,564.371,-0.0499646,9.50811e-05,-0.000994781,0.0499746,100000,100000,1904.78,0,0.00500595,0.00147104,0,564.371,-0.0499646,9.50811e-05,-0.000994781,0.0499746,100000,100000,1904.78,0,0.00500595,0.00147104,0,564.371,-0.0499646,9.50811e-05,-0.000994781,0.0499746,100000,100000,1904.78,0,0.00500595,0.00147104,0,564.371,-0.0499646,9.50811e-05,-0.000994781,0.0499746,100000,100000,1904.78,0,0,0,0,0,0,0,0,0,0,0,0,0,1
stats,678,1,679,0.00500595,0.00147104,0,564.371,-0.0499646,9.50833e-05,-0.000994781,0.0499746,100000,100000,1904.78,0,0.00500595,0.00147104,0,564.371,-0.0499646,9.50833e-05,-0.000994781,0.0499746,100000,100000,1904.78,0,0.00500595,0.00147104,0,564.371,-0.0499646,9.50833e-05,-0.000994781,0.0499746,100000,100000,1904.78,0,0.00500595,0.00147104,0,564.371,-0.0499646,9.50833e-05,-0.000994781,0.0499746,100000,100000,1904.78,0,0.00500595,0.00147104,0,564.371,-0.0499646,9.50833e-05,-0.000994781,0.0499746,100000,100000,1904.78,0,0.00500595,0.00147104,0,564.371,-0.0499646,9.50833e-05,-0.000994781,0.0499746,100000,100000,1904.78,0,0,0,0,0,0,0,0,0,0,0,0,0,1
stats,679,1,680,0.00500595,0.00147104,0,564.371,-0.0499646,9.50856e-05,-0.00099478,0.0499746,100000,100000,1904.78,0,0.00500595,0.00147104,0,564.371,-0.0499646,9.50856e-05,-0.00099478,0.0499746,100000,100000,1904.78,0,0.00500595,0.00147104,0,564.371,-0.0499646,9.50856e-05,-0.00099478,0.0499746,100000,100000,1904.78,0,0.00500595,0.00147104,0,564.371,-0.0499646,9.50856e-05,-0.00099478,0.0499746,100000,100000,1904.78,0,0.00500595,0.00147104,0,564.371,-0.0499646,9.50856e-05,-0.00099478,0.0499746,100000,100000,1904.78,0,0.00500595,0.00147104,0,564.371,-0.0499646,9.50856e-05,-0.00099478,0.0499746,100000,100000,1904.78,0,0,0,0,0,0,0,0,0,0,0,0,0,1
stats,680,1,681,0.00500595,0.00147104,0,564.371,-0.0499646,9.50876e-05,-0.000994778,0.0499746,100000,100000,1904.78,0,0.00500595,0.00147104,0,564.371,-0.0499646,9.50876e-05,-0.000994778,0.0499746,100000,100000,1904.78,0,0.00500595,0.00147104,0,564.371,-0.0499646,9.50876e-05,-0.000994778,0.0499746,100000,100000,1904.78,0,0.00500595,0.00147104,0,564.371,-0.0499646,9.50876e-05,-0.000994778,0.0499746,100000,100000,1904.78,0,0.00500595,0.00147104,0,564.371,-0.0499646,9.50876e-05,-0.000994778,0.0499746,100000,100000,1904.78,0,0.00500595,0.00147104,0,564.371,-0.0499646,9.50876e-05,-0.000994778,0.0499746,100000,100000,1904.78,0,0,0,0,0,0,0,0,0,0,0,0,0,1
stats,681,1,682,0.00500595,0.00147104,0,564.371,-0.0499646,9.50887e-05,-0.000994777,0.0499746,100000,100000,1904.78,0,0.00500595,0.00147104,0,564.371,-0.0499646,9.50887e-05,-0.000994777,0.0499746,100000,100000,1904.78,0,0.00500595,0.00147104,0,564.371,-0.0499646,9.50887e-05,-0.000994777,0.0499746,100000,100000,1904.78,0,0.00500595,0.00147104,0,564.371,-0.0499646,9.50887e-05,-0.000994777,0.0499746,100000,100000,1904.78,0,0.00500595,0.00147104,0,564.371,-0.0499646,9.50887e-05,-0.000994777,0.0499746,100000,100000,1904.78,0,0.00500595,0.00147104,0,564.371,-0.0499646,9.50887e-05,-0.000994777,0.0499746,100000,100000,1904.78,0,0,0,0,0,0,0,0,0,0,0,0,0,1
stats,682,1,683,0.00500595,0.00147104,0,564.371,-0.0499646,9.50888e-05,-0.000994776,0.0499746,100000,100000,1904.78,0,0.00500595,0.00147104,0,564.371,-0.0499646,9.50888e-05,-0.000994776,0.0499746,100000,100000,1904.78,0,0.00500595,0.00147104,0,564.371,-0.0499646,9.50888e-05,-0.000994776,0.0499746,100000,100000,1904.78,0,0.00500595,0.00147104,0,564.371,-0.0499646,9.50888e-05,-0.000994776,0.0499746,100000,100000,1904.78,0,0.00500595,0.00147104,0,564.371,-0.0499646,9.50888e-05,-0.000994776,0.0499746,100000,100000,1904.78,0,0.00500595,0.00147104,0,564.371,-0.0499646,9.50888e-05,-0.000994776,0.0499746,100000,100000,1904.78,0,0,0,0,0,0,0,0,0,0,0,0,0,1
stats,683,1,684,0.00500595,0.00147104,0,564.371,-0.0499646,9.50876e-05,-0.000994774,0.0499746,100000,100000,1904.78,0,0.00500595,0.00147104,0,564.371,-0.0499646,9.50876e-05,-0.000994774,0.0499746,100000,100000,1904.78,0,0.00500595,0.00147104,0,564.371,-0.0499646,9.50876e-05,-0.000994774,0.0499746,100000,100000,1904.78,0,0.00500595,0.00147104,0,564.371,-0.0499646,9.50876e-05,-0.000994774,0.0499746,100000,100000,1904.78,0,0.00500595,0.00147104,0,564.371,-0.0499646,9.50876e-05,-0.000994774,0.0499746,100000,100000,1904.78,0,0.00500595,0.00147104,0,564.371,-0.0499646,9.50876e-05,-0.000994774,0.0499746,100000,100000,1904.78,0,0,0,0,0,0,0,0,0,0,0,0,0,1
stats,684,1,685,0.00500595,0.00147104,0,564.371,-0.0499646,9.50854e-05,-0.000994772,0.0499746,100000,100000,1904.78,0,0.00500595,0.00147104,0,564.371,-0.0499646,9.50854e-05,-0.000994772,0.0499746,100000,100000,1904.78,0,0.00500595,0.00147104,0,564.371,-0.0499646,9.50854e-05,-0.000994772,0.0499746,100000,100000,1904.78,0,0.00500595,0.00147104,0,564.371,-0.0499646,9.50854e-05,-0.000994772,0.0499746,100000,100000,1904.78,0,0.00500595,0.00147104,0,564.371,-0.0499646,9.50854e-05,-0.000994772,0.0499746,100000,100000,1904.78,0,0.00500595,0.00147104,0,564.371,-0.0499646,9.50854e-05,-0.000994772,0.0499746,100000,100000,1904.78,0,0,0,0,0,0,0,0,0,0,0,0,0,1
stats,685,1,686,0.00500595,0.00147104,0,564.371,-0.0499646,9.50827e-05,-0.00099477,0.0499746,100000,100000,1904.78,0,0.00500595,0.00147104,0,564.371,-0.0499646,9.50827e-05,-0.00099477,0.0499746,100000,100000,1904.78,0,0.00500595,0.00147104,0,564.371,-0.0499646,9.50827e-05,-0.00099477,0.0499746,100000,100000,1904.78,0,0.00500595,0.00147104,0,564.371,-0.0499646,9.50827e-05,-0.00099477,0.0499746,100000,100000,1904.78,0,0.00500595,0.00147104,0,564.371,-0.0499646,9.50827e-05,-0.00099477,0.0499746,100000,100000,1904.78,0,0.00500595,0.00147104,0,564.371,-0.0499646,9.50827e-05,-0.00099477,0.0499746,100000,100000,1904.78,0,0,0,0,0,0,0,0,0,0,0,0,0,1
stats,686,1,687,0.00500595,0.00147104,0,564.371,-0.0499646,9.50801e-05,-0.000994767,0.0499746,100000,100000,1904.78,0,0.00500595,0.00147104,0,564.371,-0.0499646,9.50801e-05,-0.000994767,0.0499746,100000,100000,1904.78,0,0.00500595,0.00147104,0,564.371,-0.0499646,9.50801e-05,-0.000994767,0.0499746,100000,100000,1904.78,0,0.00500595,0.00147104,0,564.371,-0.0499646,9.50801e-05,-0.000994767,0.0499746,100000,100000,1904.78,0,0.00500595,0.00147104,0,564.371,-0.0499646,9.50801e-05,-0.000994767,0.0499746,100000,100000,1904.78,0,0.00500595,0.00147104,0,564.371,-0.0499646,9.50801e-05,-0.000994767,0.0499746,100000,100000,1904.78,0,0,0,0,0,0,0,0,0,0,0,0,0,1
stats,687,1,688,0.00500595,0.00147104,0,564.371,-0.0499646,9.50781e-05,-0.000994766,0.0499746,100000,100000,1904.78,0,0.00500595,0.00147104,0,564.371,-0.0499646,9.50781e-05,-0.000994766,0.0499746,100000,100000,1904.78,0,0.00500595,0.00147104,0,564.371,-0.0499646,9.50781e-05,-0.000994766,0.0499746,100000,100000,1904.78,0,0.00500595,0.00147104,0,564.371,-0.0499646,9.50781e-05,-0.000994766,0.0499746,100000,100000,1904.78,0,0.00500595,0.00147104,0,564.371,-0.0499646,9.50781e-05,-0.000994766,0.0499746,100000,100000,1904.78,0,0.00500595,0.00147104,0,564.371,-0.0499646,9.50781e-05,-0.000994766,0.0499746,100000,100000,1904.78,0,0,0,0,0,0,0,0,0,0,0,0,0,1
stats,688,1,689,0.00500595,0.00147104,0,564.371,-0.0499646,9.5077e-05,-0.000994765,0.0499746,100000,100000,1904.78,0,0.00500595,0.00147104,0,564.371,-0.0499646,9.5077e-05,-0.000994765,0.0499746,100000,100000,1904.78,0,0.00500595,0.00147104,0,564.371,-0.0499646,9.5077e-05,-0.000994765,0.0499746,100000,100000,1904.78,0,0.00500595,0.00147104,0,564.371,-0.0499646,9.5077e-05,-0.000994765,0.0499746,100000,100000,1904.78,0,0.00500595,0.00147104,0,564.371,-0.0499646,9.5077e-05,-0.000994765,0.0499746,100000,100000,1904.78,0,0.00500595,0.00147104,0,564.371,-0.0499646,9.5077e-05,-0.000994765,0.0499746,100000,100000,1904.78,0,0,0,0,0,0,0,0,0,0,0,0,0,1
stats,689,1,690,0.00500595,0.00147104,0,564.371,-0.0499646,9.50769e-05,-0.000994767,0.0499746,100000,100000,1904.78,0,0.00500595,0.00147104,0,564.371,-0.0499646,9.50769e-05,-0.000994767,0.0499746,100000,100000,1904.78,0,0.00500595,0.00147104,0,564.371,-0.0499646,9.50769e-05,-0.000994767,0.0499746,100000,100000,1904.78,0,0.00500595,0.00147104,0,564.371,-0.0499646,9.50769e-05,-0.000994767,0.0499746,100000,100000,1904.78,0,0.00500595,0.00147104,0,564.371,-0.0499646,9.50769e-05,-0.000994767,0.0499746,100000,100000,1904.78,0,0.00500595,0.00147104,0,564.371,-0.0499646,9.50769e-05,-0.000994767,0.0499746,100000,100000,1904.78,0,0,0,0,0,0,0,0,0,0,0,0,0,1
stats,690,1,691,0.00500595,0.00147104,0,564.371,-0.0499646,9.50774e-05,-0.00099477,0.0499746,100000,100000,1904.78,0,0.00500595,0.00147104,0,564.371,-0.0499646,9.50774e-05,-0.00099477,0.0499746,100000,100000,1904.78,0,0.00500595,0.00147104,0,564.371,-0.0499646,9.50774e-05,-0.00099477,0.0499746,100000,100000,1904.78,0,0.00500595,0.00147104,0,564.371,-0.0499646,9.50774e-05,-0.00099477,0.0499746,100000,100000,1904.78,0,0.00500595,0.00147104,0,564.371,-0.0499646,9.50774e-05,-0.00099477,0.0499746,100000,100000,1904.78,0,0.00500595,0.00147104,0,564.371,-0.0499646,9.50774e-05,-0.00099477,0.0499746,100000,100000,1904.78,0,0,0,0,0,0,0,0,0,0,0,0,0,1
stats,691,1,692,0.00500595,0.00147104,0,564.371,-0.0499646,9.5078e-05,-0.000994773,0.0499746,100000,100000,1904.78,0,0.00500595,0.00147104,0,564.371,-0.0499646,9.5078e-05,-0.000994773,0.0499746,100000,100000,1904.78,0,0.00500595,0.00147104,0,564.371,-0.0499646,9.5078e-05,-0.000994773,0.0499746,100000,100000,1904.78,0,0.00500595,0.00147104,0,564.371,-0.0499646,9.5078e-05,-0.000994773,0.0499746,100000,100000,1904.78,0,0.00500595,0.00147104,0,564.371,-0.0499646,9.5078e-05,-0.000994773,0.0499746,100000,100000,1904.78,0,0.00500595,0.00147104,0,564.371,-0.0499646,9.5078e-05,-0.000994773,0.0499746,100000,100000,1904.78,0,0,0,0,0,0,0,0,0,0,0,0,0,1
stats,692,1,693,0.00500595,0.00147104,0,564.371,-0.0499646,9.50785e-05,-0.000994776,0.0499746,100000,100000,1904.78,0,0.00500595,0.00147104,0,564.371,-0.0499646,9.50785e-05,-0.000994776,0.0499746,100000,100000,1904.78,0,0.00500595,0.00147104,0,564.371,-0.0499646,9.50785e-05,-0.000994776,0.0499746,100000,100000,1904.78,0,0.00500595,0.00147104,0,564.371,-0.0499646,9.50785e-05,-0.000994776,0.0499746,100000,100000,1904.78,0,0.00500595,0.00147104,0,564.371,-0.0499646,9.50785e-05,-0.000994776,0.0499746,100000,100000,1904.78,0,0.00500595,0.00147104,0,564.371,-0.0499646,9.50785e-05,-0.000994776,0.0499746,100000,100000,1904.78,0,0,0,0,0,0,0,0,0,0,0,0,0,1
stats,693,1,694,0.00500595,0.00147104,0,564.371,-0.0499646,9.50789e-05,-0.000994779,0.0499746,100000,100000,1904.78,0,0.00500595,0.00147104,0,564.371,-0.0499646,9.50789e-05,-0.000994779,0.0499746,100000,100000,1904.78,0,0.00500595,0.00147104,0,564.371,-0.0499646,9.50789e-05,-0.000994779,0.0499746,100000,100000,1904.78,0,0.00500595,0.00147104,0,564.371,-0.0499646,9.50789e-05,-0.000994779,0.0499746,100000,100000,1904.78,0,0.00500595,0.00147104,0,564.371,-0.0499646,9.50789e-05,-0.000994779,0.0499746,100000,100000,1904.78,0,0.00500595,0.00147104,0,564.371,-0.0499646,9.50789e-05,-0.000994779,0.0499746,100000,100000,1904.78,0,0,0,0,0,0,0,0,0,0,0,0,0,1
stats,694,1,695,0.00500595,0.00147104,0,564.371,-0.0499646,9.50794e-05,-0.000994781,0.0499746,100000,100000,1904.78,0,0.00500595,0.00147104,0,564.371,-0.0499646,9.50794e-05,-0.000994781,0.0499746,100000,100000,1904.78,0,0.00500595,0.00147104,0,564.371,-0.0499646,9.50794e-05,-0.000994781,0.0499746,100000,100000,1904.78,0,0.00500595,0.00147104,0,564.371,-0.0499646,9.50794e-05,-0.000994781,0.0499746,100000,100000,1904.78,0,0.00500595,0.00147104,0,564.371,-0.0499646,9.50794e-05,-0.000994781,0.0499746,100000,100000,1904.78,0,0.00500595,0.00147104,0,564.371,-0.0499646,9.50794e-05,-0.000994781,0.0499746,100000,100000,1904.78,0,0,0,0,0,0,0,0,0,0,0,0,0,1
stats,695,1,696,0.00500595,0.00147104,0,564.371,-0.0499646,9.50802e-05,-0.000994782,0.0499746,100000,100000,1904.78,0,0.00500595,0.00147104,0,564.371,-0.0499646,9.50802e-05,-0.000994782,0.0499746,100000,100000,1904.78,0,0.00500595,0.00147104,0,564.371,-0.0499646,9.50802e-05,-0.000994782,0.0499746,100000,100000,1904.78,0,0.00500595,0.00147104,0,564.371,-0.0499646,9.50802e-05,-0.000994782,0.0499746,100000,100000,1904.78,0,0.00500595,0.00147104,0,564.371,-0.0499646,9.50802e-05,-0.000994782,0.0499746,100000,100000,1904.78,0,0.00500595,0.00147104,0,564.371,-0.0499646,9.50802e-05,-0.000994782,0.0499746,100000,100000,1904.78,0,0,0,0,0,0,0,0,0,0,0,0,0,1
stats,696,1,697,0.00500595,0.00147104,0,564.371,-0.0499646,9.50814e-05,-0.000994782,0.0499746,100000,100000,1904.78,0,0.00500595,0.00147104,0,564.371,-0.0499646,9.50814e-05,-0.000994782,0.0499746,100000,100000,1904.78,0,0.00500595,0.00147104,0,564.371,-0.0499646,9.50814e-05,-0.000994782,0.0499746,100000,100000,1904.78,0,0.00500595,0.00147104,0,564.371,-0.0499646,9.50814e-05,-0.000994782,0.0499746,100000,100000,1904.78,0,0.00500595,0.00147104,0,564.371,-0.0499646,9.50814e-05,-0.000994782,0.0499746,100000,100000,1904.78,0,0.00500595,0.00147104,0,564.371,-0.0499646,9.50814e-05,-0.000994782,0.0499746,100000,100000,1904.78,0,0,0,0,0,0,0,0,0,0,0,0,0,1
stats,697,1,698,0.00500595,0.00147104,0,564.371,-0.0499646,9.50831e-05,-0.000994782,0.0499746,100000,100000,1904.78,0,0.00500595,0.00147104,0,564.371,-0.0499646,9.50831e-05,-0.000994782,0.0499746,100000,100000,1904.78,0,0.00500595,0.00147104,0,564.371,-0.0499646,9.50831e-05,-0.000994782,0.0499746,100000,100000,1904.78,0,0.00500595,0.00147104,0,564.371,-0.0499646,9.50831e-05,-0.000994782,0.0499746,100000,100000,1904.78,0,0.00500595,0.00147104,0,564.371,-0.0499646,9.50831e-05,-0.000994782,0.0499746,100000,100000,1904.78,0,0.00500595,0.00147104,0,564.371,-0.0499646,9.50831e-05,-0.000994782,0.0499746,100000,100000,1904.78,0,0,0,0,0,0,0,0,0,0,0,0,0,1
stats,698,1,699,0.00500595,0.00147104,0,564.371,-0.0499646,9.50848e-05,-0.000994781,0.0499746,100000,100000,1904.78,0,0.00500595,0.00147104,0,564.371,-0.0499646,9.50848e-05,-0.000994781,0.0499746,100000,100000,1904.78,0,0.00500595,0.00147104,0,564.371,-0.0499646,9.50848e-05,-0.000994781,0.0499746,100000,100000,1904.78,0,0.00500595,0.00147104,0,564.371,-0.0499646,9.50848e-05,-0.000994781,0.0499746,100000,100000,1904.78,0,0.00500595,0.00147104,0,564.371,-0.0499646,9.50848e-05,-0.000994781,0.0499746,100000,100000,1904.78,0,0.00500595,0.00147104,0,564.371,-0.0499646,9.50848e-05,-0.000994781,0.0499746,100000,100000,1904.78,0,0,0,0,0,0,0,0,0,0,0,0,0,1
stats,699,1,700,0.00500595,0.00147104,0,564.371,-0.0499646,9.50859e-05,-0.00099478,0.0499746,100000,100000,1904.78,0,0.00500595,0.00147104,0,564.371,-0.0499646,9.50859e-05,-0.00099478,0.0499746,100000,100000,1904.78,0,0.00500595,0.00147104,0,564.371,-0.0499646,9.50859e-05,-0.00099478,0.0499746,100000,100000,1904.78,0,0.00500595,0.00147104,0,564.371,-0.0499646,9.50859e-05,-0.00099478,0.0499746,100000,100000,1904.78,0,0.00500595,0.00147104,0,564.371,-0.0499646,9.50859e-05,-0.00099478,0.0499746,100000,100000,1904.78,0,0.00500595,0.00147104,0,564.371,-0.0499646,9.50859e-05,-0.00099478,0.0499746,100000,100000,1904.78,0,0,0,0,0,0,0,0,0,0,0,0,0,1
stats,700,1,701,0.00500595,0.00147104,0,564.371,-0.0499646,9.50859e-05,-0.000994778,0.0499746,100000,100000,1904.78,0,0.00500595,0.00147104,0,564.371,-0.0499646,9.50859e-05,-0.000994778,0.0499746,100000,100000,1904.78,0,0.00500595,0.00147104,0,564.371,-0.0499646,9.50859e-05,-0.000994778,0.0499746,100000,100000,1904.78,0,0.00500595,0.00147104,0,564.371,-0.0499646,9.50859e-05,-0.000994778,0.0499746,100000,100000,1904.78,0,0.00500595,0.00147104,0,564.371,-0.0499646,9.50859e-05,-0.000994778,0.0499746,100000,100000,1904.78,0,0.00500595,0.00147104,0,564.371,-0.0499646,9.50859e-05,-0.000994778,0.0499746,100000,100000,1904.78,0,0,0,0,0,0,0,0,0,0,0,0,0,1
stats,701,1,702,0.00500595,0.00147104,0,564.371,-0.0499646,9.50848e-05,-0.000994775,0.0499746,100000,100000,1904.78,0,0.00500595,0.00147104,0,564.371,-0.0499646,9.50848e-05,-0.000994775,0.0499746,100000,100000,1904.78,0,0.00500595,0.00147104,0,564.371,-0.0499646,9.50848e-05,-0.000994775,0.0499746,100000,100000,1904.78,0,0.00500595,0.00147104,0,564.371,-0.0499646,9.50848e-05,-0.000994775,0.0499746,100000,100000,1904.78,0,0.00500595,0.00147104,0,564.371,-0.0499646,9.50848e-05,-0.000994775,0.0499746,100000,100000,1904.78,0,0.00500595,0.00147104,0,564.371,-0.0499646,9.50848e-05,-0.000994775,0.0499746,100000,100000,1904.78,0,0,0,0,0,0,0,0,0,0,0,0,0,1
stats,702,1,703,0.00500595,0.00147104,0,564.371,-0.0499646,9.50827e-05,-0.000994772,0.0499746,100000,100000,1904.78,0,0.00500595,0.00147104,0,564.371,-0.0499646,9.50827e-05,-0.000994772,0.0499746,100000,100000,1904.78,0,0.00500595,0.00147104,0,564.371,-0.0499646,9.50827e-05,-0.000994772,0.0499746,100000,100000,1904.78,0,0.00500595,0.00147104,0,564.371,-0.0499646,9.50827e-05,-0.000994772,0.0499746,100000,100000,1904.78,0,0.00500595,0.00147104,0,564.371,-0.0499646,9.50827e-05,-0.000994772,0.0499746,100000,100000,1904.78,0,0.00500595,0.00147104,0,564.371,-0.0499646,9.50827e-05,-0.000994772,0.0499746,100000,100000,1904.78,0,0,0,0,0,0,0,0,0,0,0,0,0,1
stats,703,1,704,0.00500595,0.00147104,0,564.371,-0.0499646,9.50804e-05,-0.000994769,0.0499746,100000,100000,1904.78,0,0.00500595,0.00147104,0,564.371,-0.0499646,9.50804e-05,-0.000994769,0.0499746,100000,100000,1904.78,0,0.00500595,0.00147104,0,564.371,-0.0499646,9.50804e-05,-0.000994769,0.0499746,100000,100000,1904.78,0,0.00500595,0.00147104,0,564.371,-0.0499646,9.50804e-05,-0.000994769,0.0499746,100000,100000,1904.78,0,0.00500595,0.00147104,0,564.371,-0.0499646,9.50804e-05,-0.000994769,0.0499746,100000,100000,1904.78,0,0.00500595,0.00147104,0,564.371,-0.0499646,9.50804e-05,-0.000994769,0.0499746,100000,100000,1904.78,0,0,0,0,0,0,0,0,0,0,0,0,0,1
stats,704,1,705,0.00500595,0.00147104,0,564.371,-0.0499646,9.50787e-05,-0.000994766,0.0499746,100000,100000,1904.78,0,0.00500595,0.00147104,0,564.371,-0.0499646,9.50787e-05,-0.000994766,0.0499746,100000,100000,1904.78,0,0.00500595,0.00147104,0,564.371,-0.0499646,9.50787e-05,-0.000994766,0.0499746,100000,100000,1904.78,0,0.00500595,0.00147104,0,564.371,-0.0499646,9.50787e-05,-0.000994766,0.0499746,100000,100000,1904.78,0,0.00500595,0.00147104,0,564.371,-0.0499646,9.50787e-05,-0.000994766,0.0499746,100000,100000,1904.78,0,0.00500595,0.00147104,0,564.371,-0.0499646,9.50787e-05,-0.000994766,0.0499746,100000,100000,1904.78,0,0,0,0,0,0,0,0,0,0,0,0,0,1
stats,705,1,706,0.00500595,0.00147104,0,564.371,-0.0499646,9.50783e-05,-0.000994765,0.0499746,100000,100000,1904.78,0,0.00500595,0.00147104,0,564.371,-0.0499646,9.50783e-05,-0.000994765,0.0499746,100000,100000,1904.78,0,0.00500595,0.00147104,0,564.371,-0.0499646,9.50783e-05,-0.000994765,0.0499746,100000,100000,1904.78,0,0.00500595,0.00147104,0,564.371,-0.0499646,9.50783e-05,-0.000994765,0.0499746,100000,100000,1904.78,0,0.00500595,0.00147104,0,564.371,-0.0499646,9.50783e-05,-0.000994765,0.0499746,100000,100000,1904.78,0,0.00500595,0.00147104,0,564.371,-0.0499646,9.50783e-05,-0.000994765,0.0499746,100000,100000,1904.78,0,0,0,0,0,0,0,0,0,0,0,0,0,1
stats,706,1,707,0.00500595,0.00147104,0,564.371,-0.0499646,9.50791e-05,-0.000994765,0.0499746,100000,100000,1904.78,0,0.00500595,0.00147104,0,564.371,-0.0499646,9.50791e-05,-0.000994765,0.0499746,100000,100000,1904.78,0,0.00500595,0.00147104,0,564.371,-0.0499646,9.50791e-05,-0.000994765,0.0499746,100000,100000,1904.78,0,0.00500595,0.00147104,0,564.371,-0.0499646,9.50791e-05,-0.000994765,0.0499746,100000,100000,1904.78,0,0.00500595,0.00147104,0,564.371,-0.0499646,9.50791e-05,-0.000994765,0.0499746,100000,100000,1904.78,0,0.00500595,0.00147104,0,564.371,-0.0499646,9.50791e-05,-0.000994765,0.0499746,100000,100000,1904.78,0,0,0,0,0,0,0,0,0,0,0,0,0,1
stats,707,1,708,0.00500595,0.00147104,0,564.371,-0.0499646,9.50807e-05,-0.000994767,0.0499746,100000,100000,1904.78,0,0.00500595,0.00147104,0,564.371,-0.0499646,9.50807e-05,-0.000994767,0.0499746,100000,100000,1904.78,0,0.00500595,0.00147104,0,564.371,-0.0499646,9.50807e-05,-0.000994767,0.0499746,100000,100000,1904.78,0,0.00500595,0.00147104,0,564.371,-0.0499646,9.50807e-05,-0.000994767,0.0499746,100000,100000,1904.78,0,0.00500595,0.00147104,0,564.371,-0.0499646,9.50807e-05,-0.000994767,0.0499746,100000,100000,1904.78,0,0.00500595,0.00147104,0,564.371,-0.0499646,9.50807e-05,-0.000994767,0.0499746,100000,100000,1904.78,0,0,0,0,0,0,0,0,0,0,0,0,0,1
stats,708,1,709,0.00500595,0.00147104,0,564.371,-0.0499646,9.50822e-05,-0.00099477,0.0499746,100000,100000,1904.78,0,0.00500595,0.00147104,0,564.371,-0.0499646,9.50822e-05,-0.00099477,0.0499746,100000,100000,1904.78,0,0.00500595,0.00147104,0,564.371,-0.0499646,9.50822e-05,-0.00099477,0.0499746,100000,100000,1904.78,0,0.00500595,0.00147104,0,564.371,-0.0499646,9.50822e-05,-0.00099477,0.0499746,100000,100000,1904.78,0,0.00500595,0.00147104,0,564.371,-0.0499646,9.50822e-05,-0.00099477,0.0499746,100000,100000,1904.78,0,0.00500595,0.00147104,0,564.371,-0.0499646,9.50822e-05,-0.00099477,0.0499746,100000,100000,1904.78,0,0,0,0,0,0,0,0,0,0,0,0,0,1
stats,709,1,710,0.00500595,0.00147104,0,564.371,-0.0499646,9.50832e-05,-0.000994773,0.0499746,100000,100000,1904.78,0,0.00500595,0.00147104,0,564.371,-0.0499646,9.50832e-05,-0.000994773,0.0499746,100000,100000,1904.78,0,0.00500595,0.00147104,0,564.371,-0.0499646,9.50832e-05,-0.000994773,0.0499746,100000,100000,1904.78,0,0.00500595,0.00147104,0,564.371,-0.0499646,9.50832e-05,-0.000994773,0.0499746,100000,100000,1904.78,0,0.00500595,0.00147104,0,564.371,-0.0499646,9.50832e-05,-0.000994773,0.0499746,100000,100000,1904.78,0,0.00500595,0.00147104,0,564.371,-0.0499646,9.50832e-05,-0.000994773,0.0499746,100000,100000,1904.78,0,0,0,0,0,0,0,0,0,0,0,0,0,1
stats,710,1,711,0.00500595,0.00147104,0,564.371,-0.0499646,9.50837e-05,-0.000994775,0.0499746,100000,100000,1904.78,0,0.00500595,0.00147104,0,564.371,-0.0499646,9.50837e-05,-0.000994775,0.0499746,100000,100000,1904.78,0,0.00500595,0.00147104,0,564.371,-0.0499646,9.50837e-05,-0.000994775,0.0499746,100000,100000,1904.78,0,0.00500595,0.00147104,0,564.371,-0.0499646,9.50837e-05,-0.000994775,0.0499746,100000,100000,1904.78,0,0.00500595,0.00147104,0,564.371,-0.0499646,9.50837e-05,-0.000994775,0.0499746,100000,100000,1904.78,0,0.00500595,0.00147104,0,564.371,-0.0499646,9.50837e-05,-0.000994775,0.0499746,100000,100000,1904.78,0,0,0,0,0,0,0,0,0,0,0,0,0,1
stats,711,1,712,0.00500595,0.00147104,0,564.371,-0.0499646,9.50838e-05,-0.000994777,0.0499746,100000,100000,1904.78,0,0.00500595,0.00147104,0,564.371,-0.0499646,9.50838e-05,-0.000994777,0.0499746,100000,100000,1904.78,0,0.00500595,0.00147104,0,564.371,-0.0499646,9.50838e-05,-0.000994777,0.0499746,100000,100000,1904.78,0,0.00500595,0.00147104,0,564.371,-0.0499646,9.50838e-05,-0.000994777,0.0499746,100000,100000,1904.78,0,0.00500595,0.00147104,0,564.371,-0.0499646,9.50838e-05,-0.000994777,0.0499746,100000,100000,1904.78,0,0.00500595,0.00147104,0,564.371,-0.0499646,9.50838e-05,-0.000994777,0.0499746,100000,100000,1904.78,0,0,0,0,0,0,0,0,0,0,0,0,0,1
stats,712,1,713,0.00500595,0.00147104,0,564.371,-0.0499646,9.50836e-05,-0.000994779,0.0499746,100000,100000,1904.78,0,0.00500595,0.00147104,0,564.371,-0.0499646,9.50836e-05,-0.000994779,0.0499746,100000,100000,1904.78,0,0.00500595,0.00147104,0,564.371,-0.0499646,9.50836e-05,-0.000994779,0.0499746,100000,100000,1904.78,0,0.00500595,0.00147104,0,564.371,-0.0499646,9.50836e-05,-0.000994779,0.0499746,100000,100000,1904.78,0,0.00500595,0.00147104,0,564.371,-0.0499646,9.50836e-05,-0.000994779,0.0499746,100000,100000,1904.78,0,0.00500595,0.00147104,0,564.371,-0.0499646,9.50836e-05,-0.000994779,0.0499746,100000,100000,1904.78,0,0,0,0,0,0,0,0,0,0,0,0,0,1
stats,713,1,714,0.00500595,0.00147104,0,564.371,-0.0499646,9.50835e-05,-0.000994779,0.0499746,100000,100000,1904.78,0,0.00500595,0.00147104,0,564.371,-0.0499646,9.50835e-05,-0.000994779,0.0499746,100000,100000,1904.78,0,0.00500595,0.00147104,0,564.371,-0.0499646,9.50835e-05,-0.000994779,0.0499746,100000,100000,1904.78,0,0.00500595,0.00147104,0,564.371,-0.0499646,9.50835e-05,-0.000994779,0.0499746,100000,100000,1904.78,0,0.00500595,0.00147104,0,564.371,-0.0499646,9.50835e-05,-0.000994779,0.0499746,100000,100000,1904.78,0,0.00500595,0.00147104,0,564.371,-0.0499646,9.50835e-05,-0.000994779,0.0499746,100000,100000,1904.78,0,0,0,0,0,0,0,0,0,0,0,0,0,1
stats,714,1,715,0.00500595,0.00147104,0,564.371,-0.0499646,9.50835e-05,-0.00099478,0.0499746,100000,100000,1904.78,0,0.00500595,0.00147104,0,564.371,-0.0499646,9.50835e-05,-0.00099478,0.0499746,100000,100000,1904.78,0,0.00500595,0.00147104,0,564.371,-0.0499646,9.50835e-05,-0.00099478,0.0499746,100000,100000,1904.78,0,0.00500595,0.00147104,0,564.371,-0.0499646,9.50835e-05,-0.00099478,0.0499746,100000,100000,1904.78,0,0.00500595,0.00147104,0,564.371,-0.0499646,9.50835e-05,-0.00099478,0.0499746,100000,100000,1904.78,0,0.00500595,0.00147104,0,564.371,-0.0499646,9.50835e-05,-0.00099478,0.0499746,100000,100000,1904.78,0,0,0,0,0,0,0,0,0,0,0,0,0,1
stats,715,1,716,0.00500595,0.00147104,0,564.371,-0.0499646,9.50837e-05,-0.000994781,0.0499746,100000,100000,1904.78,0,0.00500595,0.00147104,0,564.371,-0.0499646,9.50837e-05,-0.000994781,0.0499746,100000,100000,1904.78,0,0.00500595,0.00147104,0,564.371,-0.0499646,9.50837e-05,-0.000994781,0.0499746,100000,100000,1904.78,0,0.00500595,0.00147104,0,564.371,-0.0499646,9.50837e-05,-0.000994781,0.0499746,100000,100000,1904.78,0,0.00500595,0.00147104,0,564.371,-0.0499646,9.50837e-05,-0.000994781,0.0499746,100000,100000,1904.78,0,0.00500595,0.00147104,0,564.371,-0.0499646,9.50837e-05,-0.000994781,0.0499746,100000,100000,1904.78,0,0,0,0,0,0,0,0,0,0,0,0,0,1
stats,716,1,717,0.00500595,0.00147104,0,564.371,-0.0499646,9.50838e-05,-0.000994781,0.0499746,100000,100000,1904.78,0,0.00500595,0.00147104,0,564.371,-0.0499646,9.50838e-05,-0.000994781,0.0499746,100000,100000,1904.78,0,0.00500595,0.00147104,0,564.371,-0.0499646,9.50838e-05,-0.000994781,0.0499746,100000,100000,1904.78,0,0.00500595,0.00147104,0,564.371,-0.0499646,9.50838e-05,-0.000994781,0.0499746,100000,100000,1904.78,0,0.00500595,0.00147104,0,564.371,-0.0499646,9.50838e-05,-0.000994781,0.0499746,100000,100000,1904.78,0,0.00500595,0.00147104,0,564.371,-0.0499646,9.50838e-05,-0.000994781,0.0499746,100000,100000,1904.78,0,0,0,0,0,0,0,0,0,0,0,0,0,1
stats,717,1,718,0.00500595,0.00147104,0,564.371,-0.0499646,9.50835e-05,-0.00099478,0.0499746,100000,100000,1904.78,0,0.00500595,0.00147104,0,564.371,-0.0499646,9.50835e-05,-0.00099478,0.0499746,100000,100000,1904.78,0,0.00500595,0.00147104,0,564.371,-0.0499646,9.50835e-05,-0.00099478,0.0499746,100000,100000,1904.78,0,0.00500595,0.00147104,0,564.371,-0.0499646,9.50835e-05,-0.00099478,0.0499746,100000,100000,1904.78,0,0.00500595,0.00147104,0,564.371,-0.0499646,9.50835e-05,-0.00099478,0.0499746,100000,100000,1904.78,0,0.00500595,0.00147104,0,564.371,-0.0499646,9.50835e-05,-0.00099478,0.0499746,100000,100000,1904.78,0,0,0,0,0,0,0,0,0,0,0,0,0,1
stats,718,1,719,0.00500595,0.00147104,0,564.371,-0.0499646,9.50826e-05,-0.000994779,0.0499746,100000,100000,1904.78,0,0.00500595,0.00147104,0,564.371,-0.0499646,9.50826e-05,-0.000994779,0.0499746,100000,100000,1904.78,0,0.00500595,0.00147104,0,564.371,-0.0499646,9.50826e-05,-0.000994779,0.0499746,100000,100000,1904.78,0,0.00500595,0.00147104,0,564.371,-0.0499646,9.50826e-05,-0.000994779,0.0499746,100000,100000,1904.78,0,0.00500595,0.00147104,0,564.371,-0.0499646,9.50826e-05,-0.000994779,0.0499746,100000,100000,1904.78,0,0.00500595,0.00147104,0,564.371,-0.0499646,9.50826e-05,-0.000994779,0.0499746,100000,100000,1904.78,0,0,0,0,0,0,0,0,0,0,0,0,0,1
stats,719,1,720,0.00500595,0.00147104,0,564.371,-0.0499646,9.5081e-05,-0.000994776,0.0499746,100000,100000,1904.78,0,0.00500595,0.00147104,0,564.371,-0.0499646,9.5081e-05,-0.000994776,0.0499746,100000,100000,1904.78,0,0.00500595,0.00147104,0,564.371,-0.0499646,9.5081e-05,-0.000994776,0.0499746,100000,100000,1904.78,0,0.00500595,0.00147104,0,564.371,-0.0499646,9.5081e-05,-0.000994776,0.0499746,100000,100000,1904.78,0,0.00500595,0.00147104,0,564.371,-0.0499646,9.5081e-05,-0.000994776,0.0499746,100000,100000,1904.78,0,0.00500595,0.00147104,0,564.371,-0.0499646,9.5081e-05,-0.000994776,0.0499746,100000,100000,1904.78,0,0,0,0,0,0,0,0,0,0,0,0,0,1
stats,720,1,721,0.00500595,0.00147104,0,564.371,-0.0499646,9.50792e-05,-0.000994773,0.0499746,100000,100000,1904.78,0,0.00500595,0.00147104,0,564.371,-0.0499646,9.50792e-05,-0.000994773,0.0499746,100000,100000,1904.78,0,0.00500595,0.00147104,0,564.371,-0.0499646,9.50792e-05,-0.000994773,0.0499746,100000,100000,1904.78,0,0.00500595,0.00147104,0,564.371,-0.0499646,9.50792e-05,-0.000994773,0.0499746,100000,100000,1904.78,0,0.00500595,0.00147104,0,564.371,-0.0499646,9.50792e-05,-0.000994773,0.0499746,100000,100000,1904.78,0,0.00500595,0.00147104,0,564.371,-0.0499646,9.50792e-05,-0.000994773,0.0499746,100000,100000,1904.78,0,0,0,0,0,0,0,0,0,0,0,0,0,1
stats,721,1,722,0.00500595,0.00147104,0,564.371,-0.0499646,9.50777e-05,-0.00099477,0.0499746,100000,100000,1904.78,0,0.00500595,0.00147104,0,564.371,-0.0499646,9.50777e-05,-0.00099477,0.0499746,100000,100000,1904.78,0,0.00500595,0.00147104,0,564.371,-0.0499646,9.50777e-05,-0.00099477,0.0499746,100000,100000,1904.78,0,0.00500595,0.00147104,0,564.371,-0.0499646,9.50777e-05,-0.00099477,0.0499746,100000,100000,1904.78,0,0.00500595,0.00147104,0,564.371,-0.0499646,9.50777e-05,-0.00099477,0.0499746,100000,100000,1904.78,0,0.00500595,0.00147104,0,564.371,-0.0499646,9.50777e-05,-0.00099477,0.0499746,100000,100000,1904.78,0,0,0,0,0,0,0,0,0,0,0,0,0,1
stats,722,1,723,0.00500595,0.00147104,0,564.371,-0.0499646,9.50771e-05,-0.000994767,0.0499746,100000,100000,1904.78,0,0.00500595,0.00147104,0,564.371,-0.0499646,9.50771e-05,-0.000994767,0.0499746,100000,100000,1904.78,0,0.00500595,0.00147104,0,564.371,-0.0499646,9.50771e-05,-0.000994767,0.0499746,100000,100000,1904.78,0,0.00500595,0.00147104,0,564.371,-0.0499646,9.50771e-05,-0.000994767,0.0499746,100000,100000,1904.78,0,0.00500595,0.00147104,0,564.371,-0.0499646,9.50771e-05,-0.000994767,0.0499746,100000,100000,1904.78,0,0.00500595,0.00147104,0,564.371,-0.0499646,9.50771e-05,-0.000994767,0.0499746,100000,100000,1904.78,0,0,0,0,0,0,0,0,0,0,0,0,0,1
stats,723,1,724,0.00500595,0.00147104,0,564.371,-0.0499646,9.50776e-05,-0.000994765,0.0499746,100000,100000,1904.78,0,0.00500595,0.00147104,0,564.371,-0.0499646,9.50776e-05,-0.000994765,0.0499746,100000,100000,1904.78,0,0.00500595,0.00147104,0,564.371,-0.0499646,9.50776e-05,-0.000994765,0.0499746,100000,100000,1904.78,0,0.00500595,0.00147104,0,564.371,-0.0499646,9.50776e-05,-0.000994765,0.0499746,100000,100000,1904.78,0,0.00500595,0.00147104,0,564.371,-0.0499646,9.50776e-05,-0.000994765,0.0499746,100000,100000,1904.78,0,0.00500595,0.00147104,0,564.371,-0.0499646,9.50776e-05,-0.000994765,0.0499746,100000,100000,1904.78,0,0,0,0,0,0,0,0,0,0,0,0,0,1
stats,724,1,725,0.00500595,0.00147104,0,564.371,-0.0499646,9.50792e-05,-0.000994766,0.0499746,100000,100000,1904.78,0,0.00500595,0.00147104,0,564.371,-0.0499646,9.50792e-05,-0.000994766,0.0499746,100000,100000,1904.78,0,0.00500595,0.00147104,0,564.371,-0.0499646,9.50792e-05,-0.000994766,0.0499746,100000,100000,1904.78,0,0.00500595,0.00147104,0,564.371,-0.0499646,9.50792e-05,-0.000994766,0.0499746,100000,100000,1904.78,0,0.00500595,0.00147104,0,564.371,-0.0499646,9.50792e-05,-0.000994766,0.0499746,100000,100000,1904.78,0,0.00500595,0.00147104,0,564.371,-0.0499646,9.50792e-05,-0.000994766,0.0499746,100000,100000,1904.78,0,0,0,0,0,0,0,0,0,0,0,0,0,1
stats,725,1,726,0.00500595,0.00147104,0,564.371,-0.0499646,9.50814e-05,-0.000994768,0.0499746,100000,100000,1904.78,0,0.00500595,0.00147104,0,564.371,-0.0499646,9.50814e-05,-0.000994768,0.0499746,100000,100000,1904.78,0,0.00500595,0.00147104,0,564.371,-0.0499646,9.50814e-05,-0.000994768,0.0499746,100000,100000,1904.78,0,0.00500595,0.00147104,0,564.371,-0.0499646,9.50814e-05,-0.000994768,0.0499746,100000,100000,1904.78,0,0.00500595,0.00147104,0,564.371,-0.0499646,9.50814e-05,-0.000994768,0.0499746,100000,100000,1904.78,0,0.00500595,0.00147104,0,564.371,-0.0499646,9.50814e-05,-0.000994768,0.0499746,100000,100000,1904.78,0,0,0,0,0,0,0,0,0,0,0,0,0,1
stats,726,1,727,0.00500595,0.00147104,0,564.371,-0.0499646,9.50837e-05,-0.000994771,0.0499746,100000,100000,1904.78,0,0.00500595,0.00147104,0,564.371,-0.0499646,9.50837e-05,-0.000994771,0.0499746,100000,100000,1904.78,0,0.00500595,0.00147104,0,564.371,-0.0499646,9.50837e-05,-0.000994771,0.0499746,100000,100000,1904.78,0,0.00500595,0.00147104,0,564.371,-0.0499646,9.50837e-05,-0.000994771,0.0499746,100000,100000,1904.78,0,0.00500595,0.00147104,0,564.371,-0.0499646,9.50837e-05,-0.000994771,0.0499746,100000,100000,1904.78,0,0.00500595,0.00147104,0,564.371,-0.0499646,9.50837e-05,-0.000994771,0.0499746,100000,100000,1904.78,0,0,0,0,0,0,0,0,0,0,0,0,0,1
stats,727,1,728,0.00500595,0.00147104,0,564.371,-0.0499646,9.50855e-05,-0.000994773,0.0499746,100000,100000,1904.78,0,0.00500595,0.00147104,0,564.371,-0.0499646,9.50855e-05,-0.000994773,0.0499746,100000,100000,1904.78,0,0.00500595,0.00147104,0,564.371,-0.0499646,9.50855e-05,-0.000994773,0.0499746,100000,100000,1904.78,0,0.00500595,0.00147104,0,564.371,-0.0499646,9.50855e-05,-0.000994773,0.0499746,100000,100000,1904.78,0,0.00500595,0.00147104,0,564.371,-0.0499646,9.50855e-05,-0.000994773,0.0499746,100000,100000,1904.78,0,0.00500595,0.00147104,0,564.371,-0.0499646,9.50855e-05,-0.000994773,0.0499746,100000,100000,1904.78,0,0,0,0,0,0,0,0,0,0,0,0,0,1
stats,728,1,729,0.00500595,0.00147104,0,564.371,-0.0499646,9.50867e-05,-0.000994775,0.0499746,100000,100000,1904.78,0,0.00500595,0.00147104,0,564.371,-0.0499646,9.50867e-05,-0.000994775,0.0499746,100000,100000,1904.78,0,0.00500595,0.00147104,0,564.371,-0.0499646,9.50867e-05,-0.000994775,0.0499746,100000,100000,1904.78,0,0.00500595,0.00147104,0,564.371,-0.0499646,9.50867e-05,-0.000994775,0.0499746,100000,100000,1904.78,0,0.00500595,0.00147104,0,564.371,-0.0499646,9.50867e-05,-0.000994775,0.0499746,100000,100000,1904.78,0,0.00500595,0.00147104,0,564.371,-0.0499646,9.50867e-05,-0.000994775,0.0499746,100000,100000,1904.78,0,0,0,0,0,0,0,0,0,0,0,0,0,1
stats,729,1,730,0.00500595,0.00147104,0,564.371,-0.0499646,9.50872e-05,-0.000994777,0.0499746,100000,100000,1904.78,0,0.00500595,0.00147104,0,564.371,-0.0499646,9.50872e-05,-0.000994777,0.0499746,100000,100000,1904.78,0,0.00500595,0.00147104,0,564.371,-0.0499646,9.50872e-05,-0.000994777,0.0499746,100000,100000,1904.78,0,0.00500595,0.00147104,0,564.371,-0.0499646,9.50872e-05,-0.000994777,0.0499746,100000,100000,1904.78,0,0.00500595,0.00147104,0,564.371,-0.0499646,9.50872e-05,-0.000994777,0.0499746,100000,100000,1904.78,0,0.00500595,0.00147104,0,564.371,-0.0499646,9.50872e-05,-0.000994777,0.0499746,100000,100000,1904.78,0,0,0,0,0,0,0,0,0,0,0,0,0,1
stats,730,1,731,0.00500595,0.00147104,0,564.371,-0.0499646,9.50874e-05,-0.000994778,0.0499746,100000,100000,1904.78,0,0.00500595,0.00147104,0,564.371,-0.0499646,9.50874e-05,-0.000994778,0.0499746,100000,100000,1904.78,0,0.00500595,0.00147104,0,564.371,-0.0499646,9.50874e-05,-0.000994778,0.0499746,100000,100000,1904.78,0,0.00500595,0.00147104,0,564.371,-0.0499646,9.50874e-05,-0.000994778,0.0499746,100000,100000,1904.78,0,0.00500595,0.00147104,0,564.371,-0.0499646,9.50874e-05,-0.000994778,0.0499746,100000,100000,1904.78,0,0.00500595,0.00147104,0,564.371,-0.0499646,9.50874e-05,-0.000994778,0.0499746,100000,100000,1904.78,0,0,0,0,0,0,0,0,0,0,0,0,0,1
stats,731,1,732,0.00500595,0.00147104,0,564.371,-0.0499646,9.50874e-05,-0.000994778,0.0499746,100000,100000,1904.78,0,0.00500595,0.00147104,0,564.371,-0.0499646,9.50874e-05,-0.000994778,0.0499746,100000,100000,1904.78,0,0.00500595,0.00147104,0,564.371,-0.0499646,9.50874e-05,-0.000994778,0.0499746,100000,100000,1904.78,0,0.00500595,0.00147104,0,564.371,-0.0499646,9.50874e-05,-0.000994778,0.0499746,100000,100000,1904.78,0,0.00500595,0.00147104,0,564.371,-0.0499646,9.50874e-05,-0.000994778,0.0499746,100000,100000,1904.78,0,0.00500595,0.00147104,0,564.371,-0.0499646,9.50874e-05,-0.000994778,0.0499746,100000,100000,1904.78,0,0,0,0,0,0,0,0,0,0,0,0,0,1
stats,732,1,733,0.00500595,0.00147104,0,564.371,-0.0499646,9.50872e-05,-0.000994779,0.0499746,100000,100000,1904.78,0,0.00500595,0.00147104,0,564.371,-0.0499646,9.50872e-05,-0.000994779,0.0499746,100000,100000,1904.78,0,0.00500595,0.00147104,0,564.371,-0.0499646,9.50872e-05,-0.000994779,0.0499746,100000,100000,1904.78,0,0.00500595,0.00147104,0,564.371,-0.0499646,9.50872e-05,-0.000994779,0.0499746,100000,100000,1904.78,0,0.00500595,0.00147104,0,564.371,-0.0499646,9.50872e-05,-0.000994779,0.0499746,100000,100000,1904.78,0,0.00500595,0.00147104,0,564.371,-0.0499646,9.50872e-05,-0.000994779,0.0499746,100000,100000,1904.78,0,0,0,0,0,0,0,0,0,0,0,0,0,1
stats,733,1,734,0.00500595,0.00147104,0,564.371,-0.0499646,9.50866e-05,-0.000994779,0.0499746,100000,100000,1904.78,0,0.00500595,0.00147104,0,564.371,-0.0499646,9.50866e-05,-0.000994779,0.0499746,100000,100000,1904.78,0,0.00500595,0.00147104,0,564.371,-0.0499646,9.50866e-05,-0.000994779,0.0499746,100000,100000,1904.78,0,0.00500595,0.00147104,0,564.371,-0.0499646,9.50866e-05,-0.000994779,0.0499746,100000,100000,1904.78,0,0.00500595,0.00147104,0,564.371,-0.0499646,9.50866e-05,-0.000994779,0.0499746,100000,100000,1904.78,0,0.00500595,0.00147104,0,564.371,-0.0499646,9.50866e-05,-0.000994779,0.0499746,100000,100000,1904.78,0,0,0,0,0,0,0,0,0,0,0,0,0,1
stats,734,1,735,0.00500595,0.00147104,0,564.371,-0.0499646,9.50853e-05,-0.000994779,0.0499746,100000,100000,1904.78,0,0.00500595,0.00147104,0,564.371,-0.0499646,9.50853e-05,-0.000994779,0.0499746,100000,100000,1904.78,0,0.00500595,0.00147104,0,564.371,-0.0499646,9.50853e-05,-0.000994779,0.0499746,100000,100000,1904.78,0,0.00500595,0.00147104,0,564.371,-0.0499646,9.50853e-05,-0.000994779,0.0499746,100000,100000,1904.78,0,0.00500595,0.00147104,0,564.371,-0.0499646,9.50853e-05,-0.000994779,0.0499746,100000,100000,1904.78,0,0.00500595,0.00147104,0,564.371,-0.0499646,9.50853e-05,-0.000994779,0.0499746,100000,100000,1904.78,0,0,0,0,0,0,0,0,0,0,0,0,0,1
stats,735,1,736,0.00500595,0.00147104,0,564.371,-0.0499646,9.50834e-05,-0.000994779,0.0499746,100000,100000,1904.78,0,0.00500595,0.00147104,0,564.371,-0.0499646,9.50834e-05,-0.000994779,0.0499746,100000,100000,1904.78,0,0.00500595,0.00147104,0,564.371,-0.0499646,9.50834e-05,-0.000994779,0.0499746,100000,100000,1904.78,0,0.00500595,0.00147104,0,564.371,-0.0499646,9.50834e-05,-0.000994779,0.0499746,100000,100000,1904.78,0,0.00500595,0.00147104,0,564.371,-0.0499646,9.50834e-05,-0.000994779,0.0499746,100000,100000,1904.78,0,0.00500595,0.00147104,0,564.371,-0.0499646,9.50834e-05,-0.000994779,0.0499746,100000,100000,1904.78,0,0,0,0,0,0,0,0,0,0,0,0,0,1
stats,736,1,737,0.00500595,0.00147104,0,564.371,-0.0499646,9.50809e-05,-0.000994778,0.0499746,100000,100000,1904.78,0,0.00500595,0.00147104,0,564.371,-0.0499646,9.50809e-05,-0.000994778,0.0499746,100000,100000,1904.78,0,0.00500595,0.00147104,0,564.371,-0.0499646,9.50809e-05,-0.000994778,0.0499746,100000,100000,1904.78,0,0.00500595,0.00147104,0,564.371,-0.0499646,9.50809e-05,-0.000994778,0.0499746,100000,100000,1904.78,0,0.00500595,0.00147104,0,564.371,-0.0499646,9.50809e-05,-0.000994778,0.0499746,100000,100000,1904.78,0,0.00500595,0.00147104,0,564.371,-0.0499646,9.50809e-05,-0.000994778,0.0499746,100000,100000,1904.78,0,0,0,0,0,0,0,0,0,0,0,0,0,1
stats,737,1,738,0.00500595,0.00147104,0,564.371,-0.0499646,9.50782e-05,-0.000994776,0.0499746,100000,100000,1904.78,0,0.00500595,0.00147104,0,564.371,-0.0499646,9.50782e-05,-0.000994776,0.0499746,100000,100000,1904.78,0,0.00500595,0.00147104,0,564.371,-0.0499646,9.50782e-05,-0.000994776,0.0499746,100000,100000,1904.78,0,0.00500595,0.00147104,0,564.371,-0.0499646,9.50782e-05,-0.000994776,0.0499746,100000,100000,1904.78,0,0.00500595,0.00147104,0,564.371,-0.0499646,9.50782e-05,-0.000994776,0.0499746,100000,100000,1904.78,0,0.00500595,0.00147104,0,564.371,-0.0499646,9.50782e-05,-0.000994776,0.0499746,100000,100000,1904.78,0,0,0,0,0,0,0,0,0,0,0,0,0,1
stats,738,1,739,0.00500595,0.00147104,0,564.371,-0.0499646,9.50759e-05,-0.000994773,0.0499746,100000,100000,1904.78,0,0.00500595,0.00147104,0,564.371,-0.0499646,9.50759e-05,-0.000994773,0.0499746,100000,100000,1904.78,0,0.00500595,0.00147104,0,564.371,-0.0499646,9.50759e-05,-0.000994773,0.0499746,100000,100000,1904.78,0,0.00500595,0.00147104,0,564.371,-0.0499646,9.50759e-05,-0.000994773,0.0499746,100000,100000,1904.78,0,0.00500595,0.00147104,0,564.371,-0.0499646,9.50759e-05,-0.000994773,0.0499746,100000,100000,1904.78,0,0.00500595,0.00147104,0,564.371,-0.0499646,9.50759e-05,-0.000994773,0.0499746,100000,100000,1904.78,0,0,0,0,0,0,0,0,0,0,0,0,0,1
stats,739,1,740,0.00500595,0.00147104,0,564.371,-0.0499646,9.50747e-05,-0.00099477,0.0499746,100000,100000,1904.78,0,0.00500595,0.00147104,0,564.371,-0.0499646,9.50747e-05,-0.00099477,0.0499746,100000,100000,1904.78,0,0.00500595,0.00147104,0,564.371,-0.0499646,9.50747e-05,-0.00099477,0.0499746,100000,100000,1904.78,0,0.00500595,0.00147104,0,564.371,-0.0499646,9.50747e-05,-0.00099477,0.0499746,100000,100000,1904.78,0,0.00500595,0.00147104,0,564.371,-0.0499646,9.50747e-05,-0.00099477,0.0499746,100000,100000,1904.78,0,0.00500595,0.00147104,0,564.371,-0.0499646,9.50747e-05,-0.00099477,0.0499746,100000,100000,1904.78,0,0,0,0,0,0,0,0,0,0,0,0,0,1
stats,740,1,741,0.00500595,0.00147104,0,564.371,-0.0499646,9.50749e-05,-0.000994768,0.0499746,100000,100000,1904.78,0,0.00500595,0.00147104,0,564.371,-0.0499646,9.50749e-05,-0.000994768,0.0499746,100000,100000,1904.78,0,0.00500595,0.00147104,0,564.371,-0.0499646,9.50749e-05,-0.000994768,0.0499746,100000,100000,1904.78,0,0.00500595,0.00147104,0,564.371,-0.0499646,9.50749e-05,-0.000994768,0.0499746,100000,100000,1904.78,0,0.00500595,0.00147104,0,564.371,-0.0499646,9.50749e-05,-0.000994768,0.0499746,100000,100000,1904.78,0,0.00500595,0.00147104,0,564.371,-0.0499646,9.50749e-05,-0.000994768,0.0499746,100000,100000,1904.78,0,0,0,0,0,0,0,0,0,0,0,0,0,1
stats,741,1,742,0.00500595,0.00147104,0,564.371,-0.0499646,9.50763e-05,-0.000994767,0.0499746,100000,100000,1904.78,0,0.00500595,0.00147104,0,564.371,-0.0499646,9.50763e-05,-0.000994767,0.0499746,100000,100000,1904.78,0,0.00500595,0.00147104,0,564.371,-0.0499646,9.50763e-05,-0.000994767,0.0499746,100000,100000,1904.78,0,0.00500595,0.00147104,0,564.371,-0.0499646,9.50763e-05,-0.000994767,0.0499746,100000,100000,1904.78,0,0.00500595,0.00147104,0,564.371,-0.0499646,9.50763e-05,-0.000994767,0.0499746,100000,100000,1904.78,0,0.00500595,0.00147104,0,564.371,-0.0499646,9.50763e-05,-0.000994767,0.0499746,100000,100000,1904.78,0,0,0,0,0,0,0,0,0,0,0,0,0,1
stats,742,1,743,0.00500595,0.00147104,0,564.371,-0.0499646,9.50784e-05,-0.000994768,0.0499746,100000,100000,1904.78,0,0.00500595,0.00147104,0,564.371,-0.0499646,9.50784e-05,-0.000994768,0.0499746,100000,100000,1904.78,0,0.00500595,0.00147104,0,564.371,-0.0499646,9.50784e-05,-0.000994768,0.0499746,100000,100000,1904.78,0,0.00500595,0.00147104,0,564.371,-0.0499646,9.50784e-05,-0.000994768,0.0499746,100000,100000,1904.78,0,0.00500595,0.00147104,0,564.371,-0.0499646,9.50784e-05,-0.000994768,0.0499746,100000,100000,1904.78,0,0.00500595,0.00147104,0,564.371,-0.0499646,9.50784e-05,-0.000994768,0.0499746,100000,100000,1904.78,0,0,0,0,0,0,0,0,0,0,0,0,0,1
stats,743,1,744,0.00500595,0.00147104,0,564.371,-0.0499646,9.50808e-05,-0.000994769,0.0499746,100000,100000,1904.78,0,0.00500595,0.00147104,0,564.371,-0.0499646,9.50808e-05,-0.000994769,0.0499746,100000,100000,1904.78,0,0.00500595,0.00147104,0,564.371,-0.0499646,9.50808e-05,-0.000994769,0.0499746,100000,100000,1904.78,0,0.00500595,0.00147104,0,564.371,-0.0499646,9.50808e-05,-0.000994769,0.0499746,100000,100000,1904.78,0,0.00500595,0.00147104,0,564.371,-0.0499646,9.50808e-05,-0.000994769,0.0499746,100000,100000,1904.78,0,0.00500595,0.00147104,0,564.371,-0.0499646,9.50808e-05,-0.000994769,0.0499746,100000,100000,1904.78,0,0,0,0,0,0,0,0,0,0,0,0,0,1
stats,744,1,745,0.00500595,0.00147104,0,564.371,-0.0499646,9.5083e-05,-0.000994771,0.0499746,100000,100000,1904.78,0,0.00500595,0.00147104,0,564.371,-0.0499646,9.5083e-05,-0.000994771,0.0499746,100000,100000,1904.78,0,0.00500595,0.00147104,0,564.371,-0.0499646,9.5083e-05,-0.000994771,0.0499746,100000,100000,1904.78,0,0.00500595,0.00147104,0,564.371,-0.0499646,9.5083e-05,-0.000994771,0.0499746,100000,100000,1904.78,0,0.00500595,0.00147104,0,564.371,-0.0499646,9.5083e-05,-0.000994771,0.0499746,100000,100000,1904.78,0,0.00500595,0.00147104,0,564.371,-0.0499646,9.5083e-05,-0.000994771,0.0499746,100000,100000,1904.78,0,0,0,0,0,0,0,0,0,0,0,0,0,1
stats,745,1,746,0.00500595,0.00147104,0,564.371,-0.0499646,9.50849e-05,-0.000994773,0.0499746,100000,100000,1904.78,0,0.00500595,0.00147104,0,564.371,-0.0499646,9.50849e-05,-0.000994773,0.0499746,100000,100000,1904.78,0,0.00500595,0.00147104,0,564.371,-0.0499646,9.50849e-05,-0.000994773,0.0499746,100000,100000,1904.78,0,0.00500595,0.00147104,0,564.371,-0.0499646,9.50849e-05,-0.000994773,0.0499746,100000,100000,1904.78,0,0.00500595,0.00147104,0,564.371,-0.0499646,9.50849e-05,-0.000994773,0.0499746,100000,100000,1904.78,0,0.00500595,0.00147104,0,564.371,-0.0499646,9.50849e-05,-0.000994773,0.0499746,100000,100000,1904.78,0,0,0,0,0,0,0,0,0,0,0,0,0,1
stats,746,1,747,0.00500595,0.00147104,0,564.371,-0.0499646,9.50865e-05,-0.000994775,0.0499746,100000,100000,1904.78,0,0.00500595,0.00147104,0,564.371,-0.0499646,9.50865e-05,-0.000994775,0.0499746,100000,100000,1904.78,0,0.00500595,0.00147104,0,564.371,-0.0499646,9.50865e-05,-0.000994775,0.0499746,100000,100000,1904.78,0,0.00500595,0.00147104,0,564.371,-0.0499646,9.50865e-05,-0.000994775,0.0499746,100000,100000,1904.78,0,0.00500595,0.00147104,0,564.371,-0.0499646,9.50865e-05,-0.000994775,0.0499746,100000,100000,1904.78,0,0.00500595,0.00147104,0,564.371,-0.0499646,9.50865e-05,-0.000994775,0.0499746,100000,100000,1904.78,0,0,0,0,0,0,0,0,0,0,0,0,0,1
stats,747,1,748,0.00500595,0.00147104,0,564.371,-0.0499646,9.50877e-05,-0.000994775,0.0499746,100000,100000,1904.78,0,0.00500595,0.00147104,0,564.371,-0.0499646,9.50877e-05,-0.000994775,0.0499746,100000,100000,1904.78,0,0.00500595,0.00147104,0,564.371,-0.0499646,9.50877e-05,-0.000994775,0.0499746,100000,100000,1904.78,0,0.00500595,0.00147104,0,564.371,-0.0499646,9.50877e-05,-0.000994775,0.0499746,100000,100000,1904.78,0,0.00500595,0.00147104,0,564.371,-0.0499646,9.50877e-05,-0.000994775,0.0499746,100000,100000,1904.78,0,0.00500595,0.00147104,0,564.371,-0.0499646,9.50877e-05,-0.000994775,0.0499746,100000,100000,1904.78,0,0,0,0,0,0,0,0,0,0,0,0,0,1
stats,748,1,749,0.00500595,0.00147104,0,564.371,-0.0499646,9.50885e-05,-0.000994776,0.0499746,100000,100000,1904.78,0,0.00500595,0.00147104,0,564.371,-0.0499646,9.50885e-05,-0.000994776,0.0499746,100000,100000,1904.78,0,0.00500595,0.00147104,0,564.371,-0.0499646,9.50885e-05,-0.000994776,0.0499746,100000,100000,1904.78,0,0.00500595,0.00147104,0,564.371,-0.0499646,9.50885e-05,-0.000994776,0.0499746,100000,100000,1904.78,0,0.00500595,0.00147104,0,564.371,-0.0499646,9.50885e-05,-0.000994776,0.0499746,100000,100000,1904.78,0,0.00500595,0.00147104,0,564.371,-0.0499646,9.50885e-05,-0.000994776,0.0499746,100000,100000,1904.78,0,0,0,0,0,0,0,0,0,0,0,0,0,1
stats,749,1,750,0.00500595,0.00147104,0,564.371,-0.0499646,9.50889e-05,-0.000994777,0.0499746,100000,100000,1904.78,0,0.00500595,0.00147104,0,564.371,-0.0499646,9.50889e-05,-0.000994777,0.0499746,100000,100000,1904.78,0,0.00500595,0.00147104,0,564.371,-0.0499646,9.50889e-05,-0.000994777,0.0499746,100000,100000,1904.78,0,0.00500595,0.00147104,0,564.371,-0.0499646,9.50889e-05,-0.000994777,0.0499746,100000,100000,1904.78,0,0.00500595,0.00147104,0,564.371,-0.0499646,9.50889e-05,-0.000994777,0.0499746,100000,100000,1904.78,0,0.00500595,0.00147104,0,564.371,-0.0499646,9.50889e-05,-0.000994777,0.0499746,100000,100000,1904.78,0,0,0,0,0,0,0,0,0,0,0,0,0,1
stats,750,1,751,0.00500595,0.00147104,0,564.371,-0.0499646,9.50889e-05,-0.000994778,0.0499746,100000,100000,1904.78,0,0.00500595,0.00147104,0,564.371,-0.0499646,9.50889e-05,-0.000994778,0.0499746,100000,100000,1904.78,0,0.00500595,0.00147104,0,564.371,-0.0499646,9.50889e-05,-0.000994778,0.0499746,100000,100000,1904.78,0,0.00500595,0.00147104,0,564.371,-0.0499646,9.50889e-05,-0.000994778,0.0499746,100000,100000,1904.78,0,0.00500595,0.00147104,0,564.371,-0.0499646,9.50889e-05,-0.000994778,0.0499746,100000,100000,1904.78,0,0.00500595,0.00147104,0,564.371,-0.0499646,9.50889e-05,-0.000994778,0.0499746,100000,100000,1904.78,0,0,0,0,0,0,0,0,0,0,0,0,0,1
stats,751,1,752,0.00500595,0.00147104,0,564.371,-0.0499646,9.50882e-05,-0.000994778,0.0499746,100000,100000,1904.78,0,0.00500595,0.00147104,0,564.371,-0.0499646,9.50882e-05,-0.000994778,0.0499746,100000,100000,1904.78,0,0.00500595,0.00147104,0,564.371,-0.0499646,9.50882e-05,-0.000994778,0.0499746,100000,100000,1904.78,0,0.00500595,0.00147104,0,564.371,-0.0499646,9.50882e-05,-0.000994778,0.0499746,100000,100000,1904.78,0,0.00500595,0.00147104,0,564.371,-0.0499646,9.50882e-05,-0.000994778,0.0499746,100000,100000,1904.78,0,0.00500595,0.00147104,0,564.371,-0.0499646,9.50882e-05,-0.000994778,0.0499746,100000,100000,1904.78,0,0,0,0,0,0,0,0,0,0,0,0,0,1
stats,752,1,753,0.00500595,0.00147104,0,564.371,-0.0499646,9.50865e-05,-0.000994778,0.0499746,100000,100000,1904.78,0,0.00500595,0.00147104,0,564.371,-0.0499646,9.50865e-05,-0.000994778,0.0499746,100000,100000,1904.78,0,0.00500595,0.00147104,0,564.371,-0.0499646,9.50865e-05,-0.000994778,0.0499746,100000,100000,1904.78,0,0.00500595,0.00147104,0,564.371,-0.0499646,9.50865e-05,-0.000994778,0.0499746,100000,100000,1904.78,0,0.00500595,0.00147104,0,564.371,-0.0499646,9.50865e-05,-0.000994778,0.0499746,100000,100000,1904.78,0,0.00500595,0.00147104,0,564.371,-0.0499646,9.50865e-05,-0.000994778,0.0499746,100000,100000,1904.78,0,0,0,0,0,0,0,0,0,0,0,0,0,1
stats,753,1,754,0.00500595,0.00147104,0,564.371,-0.0499646,9.50838e-05,-0.000994777,0.0499746,100000,100000,1904.78,0,0.00500595,0.00147104,0,564.371,-0.0499646,9.50838e-05,-0.000994777,0.0499746,100000,100000,1904.78,0,0.00500595,0.00147104,0,564.371,-0.0499646,9.50838e-05,-0.000994777,0.0499746,100000,100000,1904.78,0,0.00500595,0.00147104,0,564.371,-0.0499646,9.50838e-05,-0.000994777,0.0499746,100000,100000,1904.78,0,0.00500595,0.00147104,0,564.371,-0.0499646,9.50838e-05,-0.000994777,0.0499746,100000,100000,1904.78,0,0.00500595,0.00147104,0,564.371,-0.0499646,9.50838e-05,-0.000994777,0.0499746,100000,100000,1904.78,0,0,0,0,0,0,0,0,0,0,0,0,0,1
stats,754,1,755,0.00500595,0.00147104,0,564.371,-0.0499646,9.50803e-05,-0.000994775,0.0499746,100000,100000,1904.78,0,0.00500595,0.00147104,0,564.371,-0.0499646,9.50803e-05,-0.000994775,0.0499746,100000,100000,1904.78,0,0.00500595,0.00147104,0,564.371,-0.0499646,9.50803e-05,-0.000994775,0.0499746,100000,100000,1904.78,0,0.00500595,0.00147104,0,564.371,-0.0499646,9.50803e-05,-0.000994775,0.0499746,100000,100000,1904.78,0,0.00500595,0.00147104,0,564.371,-0.0499646,9.50803e-05,-0.000994775,0.0499746,100000,100000,1904.78,0,0.00500595,0.00147104,0,564.371,-0.0499646,9.50803e-05,-0.000994775,0.0499746,100000,100000,1904.78,0,0,0,0,0,0,0,0,0,0,0,0,0,1
stats,755,1,756,0.00500595,0.00147104,0,564.371,-0.0499646,9.50767e-05,-0.000994773,0.0499746,100000,100000,1904.78,0,0.00500595,0.00147104,0,564.371,-0.0499646,9.50767e-05,-0.000994773,0.0499746,100000,100000,1904.78,0,0.00500595,0.00147104,0,564.371,-0.0499646,9.50767e-05,-0.000994773,0.0499746,100000,100000,1904.78,0,0.00500595,0.00147104,0,564.371,-0.0499646,9.50767e-05,-0.000994773,0.0499746,100000,100000,1904.78,0,0.00500595,0.00147104,0,564.371,-0.0499646,9.50767e-05,-0.000994773,0.0499746,100000,100000,1904.78,0,0.00500595,0.00147104,0,564.371,-0.0499646,9.50767e-05,-0.000994773,0.0499746,100000,100000,1904.78,0,0,0,0,0,0,0,0,0,0,0,0,0,1
stats,756,1,757,0.00500595,0.00147104,0,564.371,-0.0499646,9.5074e-05,-0.000994771,0.0499746,100000,100000,1904.78,0,0.00500595,0.00147104,0,564.371,-0.0499646,9.5074e-05,-0.000994771,0.0499746,100000,100000,1904.78,0,0.00500595,0.00147104,0,564.371,-0.0499646,9.5074e-05,-0.000994771,0.0499746,100000,100000,1904.78,0,0.00500595,0.00147104,0,564.371,-0.0499646,9.5074e-05,-0.000994771,0.0499746,100000,100000,1904.78,0,0.00500595,0.00147104,0,564.371,-0.0499646,9.5074e-05,-0.000994771,0.0499746,100000,100000,1904.78,0,0.00500595,0.00147104,0,564.371,-0.0499646,9.5074e-05,-0.000994771,0.0499746,100000,100000,1904.78,0,0,0,0,0,0,0,0,0,0,0,0,0,1
stats,757,1,758,0.00500595,0.00147104,0,564.371,-0.0499646,9.50727e-05,-0.00099477,0.0499746,100000,100000,1904.78,0,0.00500595,0.00147104,0,564.371,-0.0499646,9.50727e-05,-0.00099477,0.0499746,100000,100000,1904.78,0,0.00500595,0.00147104,0,564.371,-0.0499646,9.50727e-05,-0.00099477,0.0499746,100000,100000,1904.78,0,0.00500595,0.00147104,0,564.371,-0.0499646,9.50727e-05,-0.00099477,0.0499746,100000,100000,1904.78,0,0.00500595,0.00147104,0,564.371,-0.0499646,9.50727e-05,-0.00099477,0.0499746,100000,100000,1904.78,0,0.00500595,0.00147104,0,564.371,-0.0499646,9.50727e-05,-0.00099477,0.0499746,100000,100000,1904.78,0,0,0,0,0,0,0,0,0,0,0,0,0,1
stats,758,1,759,0.00500595,0.00147104,0,564.371,-0.0499646,9.50731e-05,-0.000994769,0.0499746,100000,100000,1904.78,0,0.00500595,0.00147104,0,564.371,-0.0499646,9.50731e-05,-0.000994769,0.0499746,100000,100000,1904.78,0,0.00500595,0.00147104,0,564.371,-0.0499646,9.50731e-05,-0.000994769,0.0499746,100000,100000,1904.78,0,0.00500595,0.00147104,0,564.371,-0.0499646,9.50731e-05,-0.000994769,0.0499746,100000,100000,1904.78,0,0.00500595,0.00147104,0,564.371,-0.0499646,9.50731e-05,-0.000994769,0.0499746,100000,100000,1904.78,0,0.00500595,0.00147104,0,564.371,-0.0499646,9.50731e-05,-0.000994769,0.0499746,100000,100000,1904.78,0,0,0,0,0,0,0,0,0,0,0,0,0,1
stats,759,1,760,0.00500595,0.00147104,0,564.371,-0.0499646,9.50748e-05,-0.000994769,0.0499746,100000,100000,1904.78,0,0.00500595,0.00147104,0,564.371,-0.0499646,9.50748e-05,-0.000994769,0.0499746,100000,100000,1904.78,0,0.00500595,0.00147104,0,564.371,-0.0499646,9.50748e-05,-0.000994769,0.0499746,100000,100000,1904.78,0,0.00500595,0.00147104,0,564.371,-0.0499646,9.50748e-05,-0.000994769,0.0499746,100000,100000,1904.78,0,0.00500595,0.00147104,0,564.371,-0.0499646,9.50748e-05,-0.000994769,0.0499746,100000,100000,1904.78,0,0.00500595,0.00147104,0,564.371,-0.0499646,9.50748e-05,-0.000994769,0.0499746,100000,100000,1904.78,0,0,0,0,0,0,0,0,0,0,0,0,0,1
stats,760,1,761,0.00500595,0.00147104,0,564.371,-0.0499646,9.50771e-05,-0.000994771,0.0499746,100000,100000,1904.78,0,0.00500595,0.00147104,0,564.371,-0.0499646,9.50771e-05,-0.000994771,0.0499746,100000,100000,1904.78,0,0.00500595,0.00147104,0,564.371,-0.0499646,9.50771e-05,-0.000994771,0.0499746,100000,100000,1904.78,0,0.00500595,0.00147104,0,564.371,-0.0499646,9.50771e-05,-0.000994771,0.0499746,100000,100000,1904.78,0,0.00500595,0.00147104,0,564.371,-0.0499646,9.50771e-05,-0.000994771,0.0499746,100000,100000,1904.78,0,0.00500595,0.00147104,0,564.371,-0.0499646,9.50771e-05,-0.000994771,0.0499746,100000,100000,1904.78,0,0,0,0,0,0,0,0,0,0,0,0,0,1
stats,761,1,762,0.00500595,0.00147104,0,564.371,-0.0499646,9.50795e-05,-0.000994772,0.0499746,100000,100000,1904.78,0,0.00500595,0.00147104,0,564.371,-0.0499646,9.50795e-05,-0.000994772,0.0499746,100000,100000,1904.78,0,0.00500595,0.00147104,0,564.371,-0.0499646,9.50795e-05,-0.000994772,0.0499746,100000,100000,1904.78,0,0.00500595,0.00147104,0,564.371,-0.0499646,9.50795e-05,-0.000994772,0.0499746,100000,100000,1904.78,0,0.00500595,0.00147104,0,564.371,-0.0499646,9.50795e-05,-0.000994772,0.0499746,100000,100000,1904.78,0,0.00500595,0.00147104,0,564.371,-0.0499646,9.50795e-05,-0.000994772,0.0499746,100000,100000,1904.78,0,0,0,0,0,0,0,0,0,0,0,0,0,1
stats,762,1,763,0.00500595,0.00147104,0,564.371,-0.0499646,9.50815e-05,-0.000994773,0.0499746,100000,100000,1904.78,0,0.00500595,0.00147104,0,564.371,-0.0499646,9.50815e-05,-0.000994773,0.0499746,100000,100000,1904.78,0,0.00500595,0.00147104,0,564.371,-0.0499646,9.50815e-05,-0.000994773,0.0499746,100000,100000,1904.78,0,0.00500595,0.00147104,0,564.371,-0.0499646,9.50815e-05,-0.000994773,0.0499746,100000,100000,1904.78,0,0.00500595,0.00147104,0,564.371,-0.0499646,9.50815e-05,-0.000994773,0.0499746,100000,100000,1904.78,0,0.00500595,0.00147104,0,564.371,-0.0499646,9.50815e-05,-0.000994773,0.0499746,100000,100000,1904.78,0,0,0,0,0,0,0,0,0,0,0,0,0,1
stats,763,1,764,0.00500595,0.00147104,0,564.371,-0.0499646,9.50832e-05,-0.000994774,0.0499746,100000,100000,1904.78,0,0.00500595,0.00147104,0,564.371,-0.0499646,9.50832e-05,-0.000994774,0.0499746,100000,100000,1904.78,0,0.00500595,0.00147104,0,564.371,-0.0499646,9.50832e-05,-0.000994774,0.0499746,100000,100000,1904.78,0,0.00500595,0.00147104,0,564.371,-0.0499646,9.50832e-05,-0.000994774,0.0499746,100000,100000,1904.78,0,0.00500595,0.00147104,0,564.371,-0.0499646,9.50832e-05,-0.000994774,0.0499746,100000,100000,1904.78,0,0.00500595,0.00147104,0,564.371,-0.0499646,9.50832e-05,-0.000994774,0.0499746,100000,100000,1904.78,0,0,0,0,0,0,0,0,0,0,0,0,0,1
stats,764,1,765,0.00500595,0.00147104,0,564.371,-0.0499646,9.50847e-05,-0.000994774,0.0499746,100000,100000,1904.78,0,0.00500595,0.00147104,0,564.371,-0.0499646,9.50847e-05,-0.000994774,0.0499746,100000,100000,1904.78,0,0.00500595,0.00147104,0,564.371,-0.0499646,9.50847e-05,-0.000994774,0.0499746,100000,100000,1904.78,0,0.00500595,0.00147104,0,564.371,-0.0499646,9.50847e-05,-0.000994774,0.0499746,100000,100000,1904.78,0,0.00500595,0.00147104,0,564.371,-0.0499646,9.50847e-05,-0.000994774,0.0499746,100000,100000,1904.78,0,0.00500595,0.00147104,0,564.371,-0.0499646,9.50847e-05,-0.000994774,0.0499746,100000,100000,1904.78,0,0,0,0,0,0,0,0,0,0,0,0,0,1
stats,765,1,766,0.00500595,0.00147104,0,564.371,-0.0499646,9.50861e-05,-0.000994774,0.0499746,100000,100000,1904.78,0,0.00500595,0.00147104,0,564.371,-0.0499646,9.50861e-05,-0.000994774,0.0499746,100000,100000,1904.78,0,0.00500595,0.00147104,0,564.371,-0.0499646,9.50861e-05,-0.000994774,0.0499746,100000,100000,1904.78,0,0.00500595,0.00147104,0,564.371,-0.0499646,9.50861e-05,-0.000994774,0.0499746,100000,100000,1904.78,0,0.00500595,0.00147104,0,564.371,-0.0499646,9.50861e-05,-0.000994774,0.0499746,100000,100000,1904.78,0,0.00500595,0.00147104,0,564.371,-0.0499646,9.50861e-05,-0.000994774,0.0499746,100000,100000,1904.78,0,0,0,0,0,0,0,0,0,0,0,0,0,1
stats,766,1,767,0.00500595,0.00147104,0,564.371,-0.0499646,9.50877e-05,-0.000994775,0.0499746,100000,100000,1904.78,0,0.00500595,0.00147104,0,564.371,-0.0499646,9.50877e-05,-0.000994775,0.0499746,100000,100000,1904.78,0,0.00500595,0.00147104,0,564.371,-0.0499646,9.50877e-05,-0.000994775,0.0499746,100000,100000,1904.78,0,0.00500595,0.00147104,0,564.371,-0.0499646,9.50877e-05,-0.000994775,0.0499746,100000,100000,1904.78,0,0.00500595,0.00147104,0,564.371,-0.0499646,9.50877e-05,-0.000994775,0.0499746,100000,100000,1904.78,0,0.00500595,0.00147104,0,564.371,-0.0499646,9.50877e-05,-0.000994775,0.0499746,100000,100000,1904.78,0,0,0,0,0,0,0,0,0,0,0,0,0,1
stats,767,1,768,0.00500595,0.00147104,0,564.371,-0.0499646,9.5089e-05,-0.000994775,0.0499746,100000,100000,1904.78,0,0.00500595,0.00147104,0,564.371,-0.0499646,9.5089e-05,-0.000994775,0.0499746,100000,100000,1904.78,0,0.00500595,0.00147104,0,564.371,-0.0499646,9.5089e-05,-0.000994775,0.0499746,100000,100000,1904.78,0,0.00500595,0.00147104,0,564.371,-0.0499646,9.5089e-05,-0.000994775,0.0499746,100000,100000,1904.78,0,0.00500595,0.00147104,0,564.371,-0.0499646,9.5089e-05,-0.000994775,0.0499746,100000,100000,1904.78,0,0.00500595,0.00147104,0,564.371,-0.0499646,9.5089e-05,-0.000994775,0.0499746,100000,100000,1904.78,0,0,0,0,0,0,0,0,0,0,0,0,0,1
stats,768,1,769,0.00500595,0.00147104,0,564.371,-0.0499646,9.50896e-05,-0.000994775,0.0499746,100000,100000,1904.78,0,0.00500595,0.00147104,0,564.371,-0.0499646,9.50896e-05,-0.000994775,0.0499746,100000,100000,1904.78,0,0.00500595,0.00147104,0,564.371,-0.0499646,9.50896e-05,-0.000994775,0.0499746,100000,100000,1904.78,0,0.00500595,0.00147104,0,564.371,-0.0499646,9.50896e-05,-0.000994775,0.0499746,100000,100000,1904.78,0,0.00500595,0.00147104,0,564.371,-0.0499646,9.50896e-05,-0.000994775,0.0499746,100000,100000,1904.78,0,0.00500595,0.00147104,0,564.371,-0.0499646,9.50896e-05,-0.000994775,0.0499746,100000,100000,1904.78,0,0,0,0,0,0,0,0,0,0,0,0,0,1
stats,769,1,770,0.00500595,0.00147104,0,564.371,-0.0499646,9.50889e-05,-0.000994775,0.0499746,100000,100000,1904.78,0,0.00500595,0.00147104,0,564.371,-0.0499646,9.50889e-05,-0.000994775,0.0499746,100000,100000,1904.78,0,0.00500595,0.00147104,0,564.371,-0.0499646,9.50889e-05,-0.000994775,0.0499746,100000,100000,1904.78,0,0.00500595,0.00147104,0,564.371,-0.0499646,9.50889e-05,-0.000994775,0.0499746,100000,100000,1904.78,0,0.00500595,0.00147104,0,564.371,-0.0499646,9.50889e-05,-0.000994775,0.0499746,100000,100000,1904.78,0,0.00500595,0.00147104,0,564.371,-0.0499646,9.50889e-05,-0.000994775,0.0499746,100000,100000,1904.78,0,0,0,0,0,0,0,0,0,0,0,0,0,1
stats,770,1,771,0.00500595,0.00147104,0,564.371,-0.0499646,9.50869e-05,-0.000994775,0.0499746,100000,100000,1904.78,0,0.00500595,0.00147104,0,564.371,-0.0499646,9.50869e-05,-0.000994775,0.0499746,100000,100000,1904.78,0,0.00500595,0.00147104,0,564.371,-0.0499646,9.50869e-05,-0.000994775,0.0499746,100000,100000,1904.78,0,0.00500595,0.00147104,0,564.371,-0.0499646,9.50869e-05,-0.000994775,0.0499746,100000,100000,1904.78,0,0.00500595,0.00147104,0,564.371,-0.0499646,9.50869e-05,-0.000994775,0.0499746,100000,100000,1904.78,0,0.00500595,0.00147104,0,564.371,-0.0499646,9.50869e-05,-0.000994775,0.0499746,100000,100000,1904.78,0,0,0,0,0,0,0,0,0,0,0,0,0,1
stats,771,1,772,0.00500595,0.00147104,0,564.371,-0.0499646,9.50839e-05,-0.000994774,0.0499746,100000,100000,1904.78,0,0.00500595,0.00147104,0,564.371,-0.0499646,9.50839e-05,-0.000994774,0.0499746,100000,100000,1904.78,0,0.00500595,0.00147104,0,564.371,-0.0499646,9.50839e-05,-0.000994774,0.0499746,100000,100000,1904.78,0,0.00500595,0.00147104,0,564.371,-0.0499646,9.50839e-05,-0.000994774,0.0499746,100000,100000,1904.78,0,0.00500595,0.00147104,0,564.371,-0.0499646,9.50839e-05,-0.000994774,0.0499746,100000,100000,1904.78,0,0.00500595,0.00147104,0,564.371,-0.0499646,9.50839e-05,-0.000994774,0.0499746,100000,100000,1904.78,0,0,0,0,0,0,0,0,0,0,0,0,0,1
stats,772,1,773,0.00500595,0.00147104,0,564.371,-0.0499646,9.50804e-05,-0.000994773,0.0499746,100000,100000,1904.78,0,0.00500595,0.00147104,0,564.371,-0.0499646,9.50804e-05,-0.000994773,0.0499746,100000,100000,1904.78,0,0.00500595,0.00147104,0,564.371,-0.0499646,9.50804e-05,-0.000994773,0.0499746,100000,100000,1904.78,0,0.00500595,0.00147104,0,564.371,-0.0499646,9.50804e-05,-0.000994773,0.0499746,100000,100000,1904.78,0,0.00500595,0.00147104,0,564.371,-0.0499646,9.50804e-05,-0.000994773,0.0499746,100000,100000,1904.78,0,0.00500595,0.00147104,0,564.371,-0.0499646,9.50804e-05,-0.000994773,0.0499746,100000,100000,1904.78,0,0,0,0,0,0,0,0,0,0,0,0,0,1
stats,773,1,774,0.00500595,0.00147104,0,564.371,-0.0499646,9.5077e-05,-0.00099477,0.0499746,100000,100000,1904.78,0,0.00500595,0.00147104,0,564.371,-0.0499646,9.5077e-05,-0.00099477,0.0499746,100000,100000,1904.78,0,0.00500595,0.00147104,0,564.371,-0.0499646,9.5077e-05,-0.00099477,0.0499746,100000,100000,1904.78,0,0.00500595,0.00147104,0,564.371,-0.0499646,9.5077e-05,-0.00099477,0.0499746,100000,100000,1904.78,0,0.00500595,0.00147104,0,564.371,-0.0499646,9.5077e-05,-0.00099477,0.0499746,100000,100000,1904.78,0,0.00500595,0.00147104,0,564.371,-0.0499646,9.5077e-05,-0.00099477,0.0499746,100000,100000,1904.78,0,0,0,0,0,0,0,0,0,0,0,0,0,1
stats,774,1,775,0.00500595,0.00147104,0,564.371,-0.0499646,9.50746e-05,-0.000994769,0.0499746,100000,100000,1904.78,0,0.00500595,0.00147104,0,564.371,-0.0499646,9.50746e-05,-0.000994769,0.0499746,100000,100000,1904.78,0,0.00500595,0.00147104,0,564.371,-0.0499646,9.50746e-05,-0.000994769,0.0499746,100000,100000,1904.78,0,0.00500595,0.00147104,0,564.371,-0.0499646,9.50746e-05,-0.000994769,0.0499746,100000,100000,1904.78,0,0.00500595,0.00147104,0,564.371,-0.0499646,9.50746e-05,-0.000994769,0.0499746,100000,100000,1904.78,0,0.00500595,0.00147104,0,564.371,-0.0499646,9.50746e-05,-0.000994769,0.0499746,100000,100000,1904.78,0,0,0,0,0,0,0,0,0,0,0,0,0,1
stats,775,1,776,0.00500595,0.00147104,0,564.371,-0.0499646,9.50734e-05,-0.000994768,0.0499746,100000,100000,1904.78,0,0.00500595,0.00147104,0,564.371,-0.0499646,9.50734e-05,-0.000994768,0.0499746,100000,100000,1904.78,0,0.00500595,0.00147104,0,564.371,-0.0499646,9.50734e-05,-0.000994768,0.0499746,100000,100000,1904.78,0,0.00500595,0.00147104,0,564.371,-0.0499646,9.50734e-05,-0.000994768,0.0499746,100000,100000,1904.78,0,0.00500595,0.00147104,0,564.371,-0.0499646,9.50734e-05,-0.000994768,0.0499746,100000,100000,1904.78,0,0.00500595,0.00147104,0,564.371,-0.0499646,9.50734e-05,-0.000994768,0.0499746,100000,100000,1904.78,0,0,0,0,0,0,0,0,0,0,0,0,0,1
stats,776,1,777,0.00500595,0.00147104,0,564.371,-0.0499646,9.50735e-05,-0.000994769,0.0499746,100000,100000,1904.78,0,0.00500595,0.00147104,0,564.371,-0.0499646,9.50735e-05,-0.000994769,0.0499746,100000,100000,1904.78,0,0.00500595,0.00147104,0,564.371,-0.0499646,9.50735e-05,-0.000994769,0.0499746,100000,100000,1904.78,0,0.00500595,0.00147104,0,564.371,-0.0499646,9.50735e-05,-0.000994769,0.0499746,100000,100000,1904.78,0,0.00500595,0.00147104,0,564.371,-0.0499646,9.50735e-05,-0.000994769,0.0499746,100000,100000,1904.78,0,0.00500595,0.00147104,0,564.371,-0.0499646,9.50735e-05,-0.000994769,0.0499746,100000,100000,1904.78,0,0,0,0,0,0,0,0,0,0,0,0,0,1
stats,777,1,778,0.00500595,0.00147104,0,564.371,-0.0499646,9.50745e-05,-0.000994771,0.0499746,100000,100000,1904.78,0,0.00500595,0.00147104,0,564.371,-0.0499646,9.50745e-05,-0.000994771,0.0499746,100000,100000,1904.78,0,0.00500595,0.00147104,0,564.371,-0.0499646,9.50745e-05,-0.000994771,0.0499746,100000,100000,1904.78,0,0.00500595,0.00147104,0,564.371,-0.0499646,9.50745e-05,-0.000994771,0.0499746,100000,100000,1904.78,0,0.00500595,0.00147104,0,564.371,-0.0499646,9.50745e-05,-0.000994771,0.0499746,100000,100000,1904.78,0,0.00500595,0.00147104,0,564.371,-0.0499646,9.50745e-05,-0.000994771,0.0499746,100000,100000,1904.78,0,0,0,0,0,0,0,0,0,0,0,0,0,1
stats,778,1,779,0.00500595,0.00147104,0,564.371,-0.0499646,9.50761e-05,-0.000994774,0.0499746,100000,100000,1904.78,0,0.00500595,0.00147104,0,564.371,-0.0499646,9.50761e-05,-0.000994774,0.0499746,100000,100000,1904.78,0,0.00500595,0.00147104,0,564.371,-0.0499646,9.50761e-05,-0.000994774,0.0499746,100000,100000,1904.78,0,0.00500595,0.00147104,0,564.371,-0.0499646,9.50761e-05,-0.000994774,0.0499746,100000,100000,1904.78,0,0.00500595,0.00147104,0,564.371,-0.0499646,9.50761e-05,-0.000994774,0.0499746,100000,100000,1904.78,0,0.00500595,0.00147104,0,564.371,-0.0499646,9.50761e-05,-0.000994774,0.0499746,100000,100000,1904.78,0,0,0,0,0,0,0,0,0,0,0,0,0,1
stats,779,1,780,0.00500595,0.00147104,0,564.371,-0.0499646,9.50778e-05,-0.000994776,0.0499746,100000,100000,1904.78,0,0.00500595,0.00147104,0,564.371,-0.0499646,9.50778e-05,-0.000994776,0.0499746,100000,100000,1904.78,0,0.00500595,0.00147104,0,564.371,-0.0499646,9.50778e-05,-0.000994776,0.0499746,100000,100000,1904.78,0,0.00500595,0.00147104,0,564.371,-0.0499646,9.50778e-05,-0.000994776,0.0499746,100000,100000,1904.78,0,0.00500595,0.00147104,0,564.371,-0.0499646,9.50778e-05,-0.000994776,0.0499746,100000,100000,1904.78,0,0.00500595,0.00147104,0,564.371,-0.0499646,9.50778e-05,-0.000994776,0.0499746,100000,100000,1904.78,0,0,0,0,0,0,0,0,0,0,0,0,0,1
stats,780,1,781,0.00500595,0.00147104,0,564.371,-0.0499646,9.50795e-05,-0.000994777,0.0499746,100000,100000,1904.78,0,0.00500595,0.00147104,0,564.371,-0.0499646,9.50795e-05,-0.000994777,0.0499746,100000,100000,1904.78,0,0.00500595,0.00147104,0,564.371,-0.0499646,9.50795e-05,-0.000994777,0.0499746,100000,100000,1904.78,0,0.00500595,0.00147104,0,564.371,-0.0499646,9.50795e-05,-0.000994777,0.0499746,100000,100000,1904.78,0,0.00500595,0.00147104,0,564.371,-0.0499646,9.50795e-05,-0.000994777,0.0499746,100000,100000,1904.78,0,0.00500595,0.00147104,0,564.371,-0.0499646,9.50795e-05,-0.000994777,0.0499746,100000,100000,1904.78,0,0,0,0,0,0,0,0,0,0,0,0,0,1
stats,781,1,782,0.00500595,0.00147104,0,564.371,-0.0499646,9.50812e-05,-0.000994777,0.0499746,100000,100000,1904.78,0,0.00500595,0.00147104,0,564.371,-0.0499646,9.50812e-05,-0.000994777,0.0499746,100000,100000,1904.78,0,0.00500595,0.00147104,0,564.371,-0.0499646,9.50812e-05,-0.000994777,0.0499746,100000,100000,1904.78,0,0.00500595,0.00147104,0,564.371,-0.0499646,9.50812e-05,-0.000994777,0.0499746,100000,100000,1904.78,0,0.00500595,0.00147104,0,564.371,-0.0499646,9.50812e-05,-0.000994777,0.0499746,100000,100000,1904.78,0,0.00500595,0.00147104,0,564.371,-0.0499646,9.50812e-05,-0.000994777,0.0499746,100000,100000,1904.78,0,0,0,0,0,0,0,0,0,0,0,0,0,1
stats,782,1,783,0.00500595,0.00147104,0,564.371,-0.0499646,9.50828e-05,-0.000994777,0.0499746,100000,100000,1904.78,0,0.00500595,0.00147104,0,564.371,-0.0499646,9.50828e-05,-0.000994777,0.0499746,100000,100000,1904.78,0,0.00500595,0.00147104,0,564.371,-0.0499646,9.50828e-05,-0.000994777,0.0499746,100000,100000,1904.78,0,0.00500595,0.00147104,0,564.371,-0.0499646,9.50828e-05,-0.000994777,0.0499746,100000,100000,1904.78,0,0.00500595,0.00147104,0,564.371,-0.0499646,9.50828e-05,-0.000994777,0.0499746,100000,100000,1904.78,0,0.00500595,0.00147104,0,564.371,-0.0499646,9.50828e-05,-0.000994777,0.0499746,100000,100000,1904.78,0,0,0,0,0,0,0,0,0,0,0,0,0,1
stats,783,1,784,0.00500595,0.00147104,0,564.371,-0.0499646,9.50844e-05,-0.000994776,0.0499746,100000,100000,1904.78,0,0.00500595,0.00147104,0,564.371,-0.0499646,9.50844e-05,-0.000994776,0.0499746,100000,100000,1904.78,0,0.00500595,0.00147104,0,564.371,-0.0499646,9.50844e-05,-0.000994776,0.0499746,100000,100000,1904.78,0,0.00500595,0.00147104,0,564.371,-0.0499646,9.50844e-05,-0.000994776,0.0499746,100000,100000,1904.78,0,0.00500595,0.00147104,0,564.371,-0.0499646,9.50844e-05,-0.000994776,0.0499746,100000,100000,1904.78,0,0.00500595,0.00147104,0,564.371,-0.0499646,9.50844e-05,-0.000994776,0.0499746,100000,100000,1904.78,0,0,0,0,0,0,0,0,0,0,0,0,0,1
stats,784,1,785,0.00500595,0.00147104,0,564.371,-0.0499646,9.5086e-05,-0.000994775,0.0499746,100000,100000,1904.78,0,0.00500595,0.00147104,0,564.371,-0.0499646,9.5086e-05,-0.000994775,0.0499746,100000,100000,1904.78,0,0.00500595,0.00147104,0,564.371,-0.0499646,9.5086e-05,-0.000994775,0.0499746,100000,100000,1904.78,0,0.00500595,0.00147104,0,564.371,-0.0499646,9.5086e-05,-0.000994775,0.0499746,100000,100000,1904.78,0,0.00500595,0.00147104,0,564.371,-0.0499646,9.5086e-05,-0.000994775,0.0499746,100000,100000,1904.78,0,0.00500595,0.00147104,0,564.371,-0.0499646,9.5086e-05,-0.000994775,0.0499746,100000,100000,1904.78,0,0,0,0,0,0,0,0,0,0,0,0,0,1
stats,785,1,786,0.00500595,0.00147104,0,564.371,-0.0499646,9.50873e-05,-0.000994774,0.0499746,100000,100000,1904.78,0,0.00500595,0.00147104,0,564.371,-0.0499646,9.50873e-05,-0.000994774,0.0499746,100000,100000,1904.78,0,0.00500595,0.00147104,0,564.371,-0.0499646,9.50873e-05,-0.000994774,0.0499746,100000,100000,1904.78,0,0.00500595,0.00147104,0,564.371,-0.0499646,9.50873e-05,-0.000994774,0.0499746,100000,100000,1904.78,0,0.00500595,0.00147104,0,564.371,-0.0499646,9.50873e-05,-0.000994774,0.0499746,100000,100000,1904.78,0,0.00500595,0.00147104,0,564.371,-0.0499646,9.50873e-05,-0.000994774,0.0499746,100000,100000,1904.78,0,0,0,0,0,0,0,0,0,0,0,0,0,1
stats,786,1,787,0.00500595,0.00147104,0,564.371,-0.0499646,9.5088e-05,-0.000994774,0.0499746,100000,100000,1904.78,0,0.00500595,0.00147104,0,564.371,-0.0499646,9.5088e-05,-0.000994774,0.0499746,100000,100000,1904.78,0,0.00500595,0.00147104,0,564.371,-0.0499646,9.5088e-05,-0.000994774,0.0499746,100000,100000,1904.78,0,0.00500595,0.00147104,0,564.371,-0.0499646,9.5088e-05,-0.000994774,0.0499746,100000,100000,1904.78,0,0.00500595,0.00147104,0,564.371,-0.0499646,9.5088e-05,-0.000994774,0.0499746,100000,100000,1904.78,0,0.00500595,0.00147104,0,564.371,-0.0499646,9.5088e-05,-0.000994774,0.0499746,100000,100000,1904.78,0,0,0,0,0,0,0,0,0,0,0,0,0,1
stats,787,1,788,0.00500595,0.00147104,0,564.371,-0.0499646,9.50878e-05,-0.000994773,0.0499746,100000,100000,1904.78,0,0.00500595,0.00147104,0,564.371,-0.0499646,9.50878e-05,-0.000994773,0.0499746,100000,100000,1904.78,0,0.00500595,0.00147104,0,564.371,-0.0499646,9.50878e-05,-0.000994773,0.0499746,100000,100000,1904.78,0,0.00500595,0.00147104,0,564.371,-0.0499646,9.50878e-05,-0.000994773,0.0499746,100000,100000,1904.78,0,0.00500595,0.00147104,0,564.371,-0.0499646,9.50878e-05,-0.000994773,0.0499746,100000,100000,1904.78,0,0.00500595,0.00147104,0,564.371,-0.0499646,9.50878e-05,-0.000994773,0.0499746,100000,100000,1904.78,0,0,0,0,0,0,0,0,0,0,0,0,0,1
stats,788,1,789,0.00500595,0.00147104,0,564.371,-0.0499646,9.50866e-05,-0.000994772,0.0499746,100000,100000,1904.78,0,0.00500595,0.00147104,0,564.371,-0.0499646,9.50866e-05,-0.000994772,0.0499746,100000,100000,1904.78,0,0.00500595,0.00147104,0,564.371,-0.0499646,9.50866e-05,-0.000994772,0.0499746,100000,100000,1904.78,0,0.00500595,0.00147104,0,564.371,-0.0499646,9.50866e-05,-0.000994772,0.0499746,100000,100000,1904.78,0,0.00500595,0.00147104,0,564.371,-0.0499646,9.50866e-05,-0.000994772,0.0499746,100000,100000,1904.78,0,0.00500595,0.00147104,0,564.371,-0.0499646,9.50866e-05,-0.000994772,0.0499746,100000,100000,1904.78,0,0,0,0,0,0,0,0,0,0,0,0,0,1
stats,789,1,790,0.00500595,0.00147104,0,564.371,-0.0499646,9.50844e-05,-0.00099477,0.0499746,100000,100000,1904.78,0,0.00500595,0.00147104,0,564.371,-0.0499646,9.50844e-05,-0.00099477,0.0499746,100000,100000,1904.78,0,0.00500595,0.00147104,0,564.371,-0.0499646,9.50844e-05,-0.00099477,0.0499746,100000,100000,1904.78,0,0.00500595,0.00147104,0,564.371,-0.0499646,9.50844e-05,-0.00099477,0.0499746,100000,100000,1904.78,0,0.00500595,0.00147104,0,564.371,-0.0499646,9.50844e-05,-0.00099477,0.0499746,100000,100000,1904.78,0,0.00500595,0.00147104,0,564.371,-0.0499646,9.50844e-05,-0.00099477,0.0499746,100000,100000,1904.78,0,0,0,0,0,0,0,0,0,0,0,0,0,1
stats,790,1,791,0.00500595,0.00147104,0,564.371,-0.0499646,9.50817e-05,-0.000994769,0.0499746,100000,100000,1904.78,0,0.00500595,0.00147104,0,564.371,-0.0499646,9.50817e-05,-0.000994769,0.0499746,100000,100000,1904.78,0,0.00500595,0.00147104,0,564.371,-0.0499646,9.50817e-05,-0.000994769,0.0499746,100000,100000,1904.78,0,0.00500595,0.00147104,0,564.371,-0.0499646,9.50817e-05,-0.000994769,0.0499746,100000,100000,1904.78,0,0.00500595,0.00147104,0,564.371,-0.0499646,9.50817e-05,-0.000994769,0.0499746,100000,100000,1904.78,0,0.00500595,0.00147104,0,564.371,-0.0499646,9.50817e-05,-0.000994769,0.0499746,100000,100000,1904.78,0,0,0,0,0,0,0,0,0,0,0,0,0,1
stats,791,1,792,0.00500595,0.00147104,0,564.371,-0.0499646,9.50793e-05,-0.000994767,0.0499746,100000,100000,1904.78,0,0.00500595,0.00147104,0,564.371,-0.0499646,9.50793e-05,-0.000994767,0.0499746,100000,100000,1904.78,0,0.00500595,0.00147104,0,564.371,-0.0499646,9.50793e-05,-0.000994767,0.0499746,100000,100000,1904.78,0,0.00500595,0.00147104,0,564.371,-0.0499646,9.50793e-05,-0.000994767,0.0499746,100000,100000,1904.78,0,0.00500595,0.00147104,0,564.371,-0.0499646,9.50793e-05,-0.000994767,0.0499746,100000,100000,1904.78,0,0.00500595,0.00147104,0,564.371,-0.0499646,9.50793e-05,-0.000994767,0.0499746,100000,100000,1904.78,0,0,0,0,0,0,0,0,0,0,0,0,0,1
stats,792,1,793,0.00500595,0.00147104,0,564.371,-0.0499646,9.50779e-05,-0.000994766,0.0499746,100000,100000,1904.78,0,0.00500595,0.00147104,0,564.371,-0.0499646,9.50779e-05,-0.000994766,0.0499746,100000,100000,1904.78,0,0.00500595,0.00147104,0,564.371,-0.0499646,9.50779e-05,-0.000994766,0.0499746,100000,100000,1904.78,0,0.00500595,0.00147104,0,564.371,-0.0499646,9.50779e-05,-0.000994766,0.0499746,100000,100000,1904.78,0,0.00500595,0.00147104,0,564.371,-0.0499646,9.50779e-05,-0.000994766,0.0499746,100000,100000,1904.78,0,0.00500595,0.00147104,0,564.371,-0.0499646,9.50779e-05,-0.000994766,0.0499746,100000,100000,1904.78,0,0,0,0,0,0,0,0,0,0,0,0,0,1
stats,793,1,794,0.00500595,0.00147104,0,564.371,-0.0499646,9.50775e-05,-0.000994766,0.0499746,100000,100000,1904.78,0,0.00500595,0.00147104,0,564.371,-0.0499646,9.50775e-05,-0.000994766,0.0499746,100000,100000,1904.78,0,0.00500595,0.00147104,0,564.371,-0.0499646,9.50775e-05,-0.000994766,0.0499746,100000,100000,1904.78,0,0.00500595,0.00147104,0,564.371,-0.0499646,9.50775e-05,-0.000994766,0.0499746,100000,100000,1904.78,0,0.00500595,0.00147104,0,564.371,-0.0499646,9.50775e-05,-0.000994766,0.0499746,100000,100000,1904.78,0,0.00500595,0.00147104,0,564.371,-0.0499646,9.50775e-05,-0.000994766,0.0499746,100000,100000,1904.78,0,0,0,0,0,0,0,0,0,0,0,0,0,1
stats,794,1,795,0.00500595,0.00147104,0,564.371,-0.0499646,9.50778e-05,-0.000994768,0.0499746,100000,100000,1904.78,0,0.00500595,0.00147104,0,564.371,-0.0499646,9.50778e-05,-0.000994768,0.0499746,100000,100000,1904.78,0,0.00500595,0.00147104,0,564.371,-0.0499646,9.50778e-05,-0.000994768,0.0499746,100000,100000,1904.78,0,0.00500595,0.00147104,0,564.371,-0.0499646,9.50778e-05,-0.000994768,0.0499746,100000,100000,1904.78,0,0.00500595,0.00147104,0,564.371,-0.0499646,9.50778e-05,-0.000994768,0.0499746,100000,100000,1904.78,0,0.00500595,0.00147104,0,564.371,-0.0499646,9.50778e-05,-0.000994768,0.0499746,100000,100000,1904.78,0,0,0,0,0,0,0,0,0,0,0,0,0,1
stats,795,1,796,0.00500595,0.00147104,0,564.371,-0.0499646,9.50782e-05,-0.000994771,0.0499746,100000,100000,1904.78,0,0.00500595,0.00147104,0,564.371,-0.0499646,9.50782e-05,-0.000994771,0.0499746,100000,100000,1904.78,0,0.00500595,0.00147104,0,564.371,-0.0499646,9.50782e-05,-0.000994771,0.0499746,100000,100000,1904.78,0,0.00500595,0.00147104,0,564.371,-0.0499646,9.50782e-05,-0.000994771,0.0499746,100000,100000,1904.78,0,0.00500595,0.00147104,0,564.371,-0.0499646,9.50782e-05,-0.000994771,0.0499746,100000,100000,1904.78,0,0.00500595,0.00147104,0,564.371,-0.0499646,9.50782e-05,-0.000994771,0.0499746,100000,100000,1904.78,0,0,0,0,0,0,0,0,0,0,0,0,0,1
stats,796,1,797,0.00500595,0.00147104,0,564.371,-0.0499646,9.50786e-05,-0.000994774,0.0499746,100000,100000,1904.78,0,0.00500595,0.00147104,0,564.371,-0.0499646,9.50786e-05,-0.000994774,0.0499746,100000,100000,1904.78,0,0.00500595,0.00147104,0,564.371,-0.0499646,9.50786e-05,-0.000994774,0.0499746,100000,100000,1904.78,0,0.00500595,0.00147104,0,564.371,-0.0499646,9.50786e-05,-0.000994774,0.0499746,100000,100000,1904.78,0,0.00500595,0.00147104,0,564.371,-0.0499646,9.50786e-05,-0.000994774,0.0499746,100000,100000,1904.78,0,0.00500595,0.00147104,0,564.371,-0.0499646,9.50786e-05,-0.000994774,0.0499746,100000,100000,1904.78,0,0,0,0,0,0,0,0,0,0,0,0,0,1
stats,797,1,798,0.00500595,0.00147104,0,564.371,-0.0499646,9.50788e-05,-0.000994777,0.0499746,100000,100000,1904.78,0,0.00500595,0.00147104,0,564.371,-0.0499646,9.50788e-05,-0.000994777,0.0499746,100000,100000,1904.78,0,0.00500595,0.00147104,0,564.371,-0.0499646,9.50788e-05,-0.000994777,0.0499746,100000,100000,1904.78,0,0.00500595,0.00147104,0,564.371,-0.0499646,9.50788e-05,-0.000994777,0.0499746,100000,100000,1904.78,0,0.00500595,0.00147104,0,564.371,-0.0499646,9.50788e-05,-0.000994777,0.0499746,100000,100000,1904.78,0,0.00500595,0.00147104,0,564.371,-0.0499646,9.50788e-05,-0.000994777,0.0499746,100000,100000,1904.78,0,0,0,0,0,0,0,0,0,0,0,0,0,1
stats,798,1,799,0.00500595,0.00147104,0,564.371,-0.0499646,9.50792e-05,-0.000994779,0.0499746,100000,100000,1904.78,0,0.00500595,0.00147104,0,564.371,-0.0499646,9.50792e-05,-0.000994779,0.0499746,100000,100000,1904.78,0,0.00500595,0.00147104,0,564.371,-0.0499646,9.50792e-05,-0.000994779,0.0499746,100000,100000,1904.78,0,0.00500595,0.00147104,0,564.371,-0.0499646,9.50792e-05,-0.000994779,0.0499746,100000,100000,1904.78,0,0.00500595,0.00147104,0,564.371,-0.0499646,9.50792e-05,-0.000994779,0.0499746,100000,100000,1904.78,0,0.00500595,0.00147104,0,564.371,-0.0499646,9.50792e-05,-0.000994779,0.0499746,100000,100000,1904.78,0,0,0,0,0,0,0,0,0,0,0,0,0,1
stats,799,1,800,0.00500595,0.00147104,0,564.371,-0.0499646,9.50799e-05,-0.00099478,0.0499746,100000,100000,1904.78,0,0.00500595,0.00147104,0,564.371,-0.0499646,9.50799e-05,-0.00099478,0.0499746,100000,100000,1904.78,0,0.00500595,0.00147104,0,564.371,-0.0499646,9.50799e-05,-0.00099478,0.0499746,100000,100000,1904.78,0,0.00500595,0.00147104,0,564.371,-0.0499646,9.50799e-05,-0.00099478,0.0499746,100000,100000,1904.78,0,0.00500595,0.00147104,0,564.371,-0.0499646,9.50799e-05,-0.00099478,0.0499746,100000,100000,1904.78,0,0.00500595,0.00147104,0,564.371,-0.0499646,9.50799e-05,-0.00099478,0.0499746,100000,100000,1904.78,0,0,0,0,0,0,0,0,0,0,0,0,0,1
stats,800,1,801,0.00500595,0.00147104,0,564.371,-0.0499646,9.5081e-05,-0.000994779,0.0499746,100000,100000,1904.78,0,0.00500595,0.00147104,0,564.371,-0.0499646,9.5081e-05,-0.000994779,0.0499746,100000,100000,1904.78,0,0.00500595,0.00147104,0,564.371,-0.0499646,9.5081e-05,-0.000994779,0.0499746,100000,100000,1904.78,0,0.00500595,0.00147104,0,564.371,-0.0499646,9.5081e-05,-0.000994779,0.0499746,100000,100000,1904.78,0,0.00500595,0.00147104,0,564.371,-0.0499646,9.5081e-05,-0.000994779,0.0499746,100000,100000,1904.78,0,0.00500595,0.00147104,0,564.371,-0.0499646,9.5081e-05,-0.000994779,0.0499746,100000,100000,1904.78,0,0,0,0,0,0,0,0,0,0,0,0,0,1
stats,801,1,802,0.00500595,0.00147104,0,564.371,-0.0499646,9.50826e-05,-0.000994779,0.0499746,100000,100000,1904.78,0,0.00500595,0.00147104,0,564.371,-0.0499646,9.50826e-05,-0.000994779,0.0499746,100000,100000,1904.78,0,0.00500595,0.00147104,0,564.371,-0.0499646,9.50826e-05,-0.000994779,0.0499746,100000,100000,1904.78,0,0.00500595,0.00147104,0,564.371,-0.0499646,9.50826e-05,-0.000994779,0.0499746,100000,100000,1904.78,0,0.00500595,0.00147104,0,564.371,-0.0499646,9.50826e-05,-0.000994779,0.0499746,100000,100000,1904.78,0,0.00500595,0.00147104,0,564.371,-0.0499646,9.50826e-05,-0.000994779,0.0499746,100000,100000,1904.78,0,0,0,0,0,0,0,0,0,0,0,0,0,1
stats,802,1,803,0.00500595,0.00147104,0,564.371,-0.0499646,9.50842e-05,-0.000994778,0.0499746,100000,100000,1904.78,0,0.00500595,0.00147104,0,564.371,-0.0499646,9.50842e-05,-0.000994778,0.0499746,100000,100000,1904.78,0,0.00500595,0.00147104,0,564.371,-0.0499646,9.50842e-05,-0.000994778,0.0499746,100000,100000,1904.78,0,0.00500595,0.00147104,0,564.371,-0.0499646,9.50842e-05,-0.000994778,0.0499746,100000,100000,1904.78,0,0.00500595,0.00147104,0,564.371,-0.0499646,9.50842e-05,-0.000994778,0.0499746,100000,100000,1904.78,0,0.00500595,0.00147104,0,564.371,-0.0499646,9.50842e-05,-0.000994778,0.0499746,100000,100000,1904.78,0,0,0,0,0,0,0,0,0,0,0,0,0,1
stats,803,1,804,0.00500595,0.00147104,0,564.371,-0.0499646,9.50854e-05,-0.000994776,0.0499746,100000,100000,1904.78,0,0.00500595,0.00147104,0,564.371,-0.0499646,9.50854e-05,-0.000994776,0.0499746,100000,100000,1904.78,0,0.00500595,0.00147104,0,564.371,-0.0499646,9.50854e-05,-0.000994776,0.0499746,100000,100000,1904.78,0,0.00500595,0.00147104,0,564.371,-0.0499646,9.50854e-05,-0.000994776,0.0499746,100000,100000,1904.78,0,0.00500595,0.00147104,0,564.371,-0.0499646,9.50854e-05,-0.000994776,0.0499746,100000,100000,1904.78,0,0.00500595,0.00147104,0,564.371,-0.0499646,9.50854e-05,-0.000994776,0.0499746,100000,100000,1904.78,0,0,0,0,0,0,0,0,0,0,0,0,0,1
stats,804,1,805,0.00500595,0.00147104,0,564.371,-0.0499646,9.50857e-05,-0.000994775,0.0499746,100000,100000,1904.78,0,0.00500595,0.00147104,0,564.371,-0.0499646,9.50857e-05,-0.000994775,0.0499746,100000,100000,1904.78,0,0.00500595,0.00147104,0,564.371,-0.0499646,9.50857e-05,-0.000994775,0.0499746,100000,100000,1904.78,0,0.00500595,0.00147104,0,564.371,-0.0499646,9.50857e-05,-0.000994775,0.0499746,100000,100000,1904.78,0,0.00500595,0.00147104,0,564.371,-0.0499646,9.50857e-05,-0.000994775,0.0499746,100000,100000,1904.78,0,0.00500595,0.00147104,0,564.371,-0.0499646,9.50857e-05,-0.000994775,0.0499746,100000,100000,1904.78,0,0,0,0,0,0,0,0,0,0,0,0,0,1
stats,805,1,806,0.00500595,0.00147104,0,564.371,-0.0499646,9.50851e-05,-0.000994773,0.0499746,100000,100000,1904.78,0,0.00500595,0.00147104,0,564.371,-0.0499646,9.50851e-05,-0.000994773,0.0499746,100000,100000,1904.78,0,0.00500595,0.00147104,0,564.371,-0.0499646,9.50851e-05,-0.000994773,0.0499746,100000,100000,1904.78,0,0.00500595,0.00147104,0,564.371,-0.0499646,9.50851e-05,-0.000994773,0.0499746,100000,100000,1904.78,0,0.00500595,0.00147104,0,564.371,-0.0499646,9.50851e-05,-0.000994773,0.0499746,100000,100000,1904.78,0,0.00500595,0.00147104,0,564.371,-0.0499646,9.50851e-05,-0.000994773,0.0499746,100000,100000,1904.78,0,0,0,0,0,0,0,0,0,0,0,0,0,1
stats,806,1,807,0.00500595,0.00147104,0,564.371,-0.0499646,9.50837e-05,-0.000994771,0.0499746,100000,100000,1904.78,0,0.00500595,0.00147104,0,564.371,-0.0499646,9.50837e-05,-0.000994771,0.0499746,100000,100000,1904.78,0,0.00500595,0.00147104,0,564.371,-0.0499646,9.50837e-05,-0.000994771,0.0499746,100000,100000,1904.78,0,0.00500595,0.00147104,0,564.371,-0.0499646,9.50837e-05,-0.000994771,0.0499746,100000,100000,1904.78,0,0.00500595,0.00147104,0,564.371,-0.0499646,9.50837e-05,-0.000994771,0.0499746,100000,100000,1904.78,0,0.00500595,0.00147104,0,564.371,-0.0499646,9.50837e-05,-0.000994771,0.0499746,100000,100000,1904.78,0,0,0,0,0,0,0,0,0,0,0,0,0,1
stats,807,1,808,0.00500595,0.00147104,0,564.371,-0.0499646,9.50821e-05,-0.000994769,0.0499746,100000,100000,1904.78,0,0.00500595,0.00147104,0,564.371,-0.0499646,9.50821e-05,-0.000994769,0.0499746,100000,100000,1904.78,0,0.00500595,0.00147104,0,564.371,-0.0499646,9.50821e-05,-0.000994769,0.0499746,100000,100000,1904.78,0,0.00500595,0.00147104,0,564.371,-0.0499646,9.50821e-05,-0.000994769,0.0499746,100000,100000,1904.78,0,0.00500595,0.00147104,0,564.371,-0.0499646,9.50821e-05,-0.000994769,0.0499746,100000,100000,1904.78,0,0.00500595,0.00147104,0,564.371,-0.0499646,9.50821e-05,-0.000994769,0.0499746,100000,100000,1904.78,0,0,0,0,0,0,0,0,0,0,0,0,0,1
stats,808,1,809,0.00500595,0.00147104,0,564.371,-0.0499646,9.5081e-05,-0.000994767,0.0499746,100000,100000,1904.78,0,0.00500595,0.00147104,0,564.371,-0.0499646,9.5081e-05,-0.000994767,0.0499746,100000,100000,1904.78,0,0.00500595,0.00147104,0,564.371,-0.0499646,9.5081e-05,-0.000994767,0.0499746,100000,100000,1904.78,0,0.00500595,0.00147104,0,564.371,-0.0499646,9.5081e-05,-0.000994767,0.0499746,100000,100000,1904.78,0,0.00500595,0.00147104,0,564.371,-0.0499646,9.5081e-05,-0.000994767,0.0499746,100000,100000,1904.78,0,0.00500595,0.00147104,0,564.371,-0.0499646,9.5081e-05,-0.000994767,0.0499746,100000,100000,1904.78,0,0,0,0,0,0,0,0,0,0,0,0,0,1
stats,809,1,810,0.00500595,0.00147104,0,564.371,-0.0499646,9.50808e-05,-0.000994765,0.0499746,100000,100000,1904.78,0,0.00500595,0.00147104,0,564.371,-0.0499646,9.50808e-05,-0.000994765,0.0499746,100000,100000,1904.78,0,0.00500595,0.00147104,0,564.371,-0.0499646,9.50808e-05,-0.000994765,0.0499746,100000,100000,1904.78,0,0.00500595,0.00147104,0,564.371,-0.0499646,9.50808e-05,-0.000994765,0.0499746,100000,100000,1904.78,0,0.00500595,0.00147104,0,564.371,-0.0499646,9.50808e-05,-0.000994765,0.0499746,100000,100000,1904.78,0,0.00500595,0.00147104,0,564.371,-0.0499646,9.50808e-05,-0.000994765,0.0499746,100000,100000,1904.78,0,0,0,0,0,0,0,0,0,0,0,0,0,1
stats,810,1,811,0.00500595,0.00147104,0,564.371,-0.0499646,9.50814e-05,-0.000994765,0.0499746,100000,100000,1904.78,0,0.00500595,0.00147104,0,564.371,-0.0499646,9.50814e-05,-0.000994765,0.0499746,100000,100000,1904.78,0,0.00500595,0.00147104,0,564.371,-0.0499646,9.50814e-05,-0.000994765,0.0499746,100000,100000,1904.78,0,0.00500595,0.00147104,0,564.371,-0.0499646,9.50814e-05,-0.000994765,0.0499746,100000,100000,1904.78,0,0.00500595,0.00147104,0,564.371,-0.0499646,9.50814e-05,-0.000994765,0.0499746,100000,100000,1904.78,0,0.00500595,0.00147104,0,564.371,-0.0499646,9.50814e-05,-0.000994765,0.0499746,100000,100000,1904.78,0,0,0,0,0,0,0,0,0,0,0,0,0,1
stats,811,1,812,0.00500595,0.00147104,0,564.371,-0.0499646,9.50825e-05,-0.000994766,0.0499746,100000,100000,1904.78,0,0.00500595,0.00147104,0,564.371,-0.0499646,9.50825e-05,-0.000994766,0.0499746,100000,100000,1904.78,0,0.00500595,0.00147104,0,564.371,-0.0499646,9.50825e-05,-0.000994766,0.0499746,100000,100000,1904.78,0,0.00500595,0.00147104,0,564.371,-0.0499646,9.50825e-05,-0.000994766,0.0499746,100000,100000,1904.78,0,0.00500595,0.00147104,0,564.371,-0.0499646,9.50825e-05,-0.000994766,0.0499746,100000,100000,1904.78,0,0.00500595,0.00147104,0,564.371,-0.0499646,9.50825e-05,-0.000994766,0.0499746,100000,100000,1904.78,0,0,0,0,0,0,0,0,0,0,0,0,0,1
stats,812,1,813,0.00500595,0.00147104,0,564.371,-0.0499646,9.50836e-05,-0.000994768,0.0499746,100000,100000,1904.78,0,0.00500595,0.00147104,0,564.371,-0.0499646,9.50836e-05,-0.000994768,0.0499746,100000,100000,1904.78,0,0.00500595,0.00147104,0,564.371,-0.0499646,9.50836e-05,-0.000994768,0.0499746,100000,100000,1904.78,0,0.00500595,0.00147104,0,564.371,-0.0499646,9.50836e-05,-0.000994768,0.0499746,100000,100000,1904.78,0,0.00500595,0.00147104,0,564.371,-0.0499646,9.50836e-05,-0.000994768,0.0499746,100000,100000,1904.78,0,0.00500595,0.00147104,0,564.371,-0.0499646,9.50836e-05,-0.000994768,0.0499746,100000,100000,1904.78,0,0,0,0,0,0,0,0,0,0,0,0,0,1
stats,813,1,814,0.00500595,0.00147104,0,564.371,-0.0499646,9.50843e-05,-0.000994771,0.0499746,100000,100000,1904.78,0,0.00500595,0.00147104,0,564.371,-0.0499646,9.50843e-05,-0.000994771,0.0499746,100000,100000,1904.78,0,0.00500595,0.00147104,0,564.371,-0.0499646,9.50843e-05,-0.000994771,0.0499746,100000,100000,1904.78,0,0.00500595,0.00147104,0,564.371,-0.0499646,9.50843e-05,-0.000994771,0.0499746,100000,100000,1904.78,0,0.00500595,0.00147104,0,564.371,-0.0499646,9.50843e-05,-0.000994771,0.0499746,100000,100000,1904.78,0,0.00500595,0.00147104,0,564.371,-0.0499646,9.50843e-05,-0.000994771,0.0499746,100000,100000,1904.78,0,0,0,0,0,0,0,0,0,0,0,0,0,1
stats,814,1,815,0.00500595,0.00147104,0,564.371,-0.0499646,9.50842e-05,-0.000994774,0.0499746,100000,100000,1904.78,0,0.00500595,0.00147104,0,564.371,-0.0499646,9.50842e-05,-0.000994774,0.0499746,100000,100000,1904.78,0,0.00500595,0.00147104,0,564.371,-0.0499646,9.50842e-05,-0.000994774,0.0499746,100000,100000,1904.78,0,0.00500595,0.00147104,0,564.371,-0.0499646,9.50842e-05,-0.000994774,0.0499746,100000,100000,1904.78,0,0.00500595,0.00147104,0,564.371,-0.0499646,9.50842e-05,-0.000994774,0.0499746,100000,100000,1904.78,0,0.00500595,0.00147104,0,564.371,-0.0499646,9.50842e-05,-0.000994774,0.0499746,100000,100000,1904.78,0,0,0,0,0,0,0,0,0,0,0,0,0,1
stats,815,1,816,0.00500595,0.00147104,0,564.371,-0.0499646,9.50836e-05,-0.000994776,0.0499746,100000,100000,1904.78,0,0.00500595,0.00147104,0,564.371,-0.0499646,9.50836e-05,-0.000994776,0.0499746,100000,100000,1904.78,0,0.00500595,0.00147104,0,564.371,-0.0499646,9.50836e-05,-0.000994776,0.0499746,100000,100000,1904.78,0,0.00500595,0.00147104,0,564.371,-0.0499646,9.50836e-05,-0.000994776,0.0499746,100000,100000,1904.78,0,0.00500595,0.00147104,0,564.371,-0.0499646,9.50836e-05,-0.000994776,0.0499746,100000,100000,1904.78,0,0.00500595,0.00147104,0,564.371,-0.0499646,9.50836e-05,-0.000994776,0.0499746,100000,100000,1904.78,0,0,0,0,0,0,0,0,0,0,0,0,0,1
stats,816,1,817,0.00500595,0.00147104,0,564.371,-0.0499646,9.50827e-05,-0.000994778,0.0499746,100000,100000,1904.78,0,0.00500595,0.00147104,0,564.371,-0.0499646,9.50827e-05,-0.000994778,0.0499746,100000,100000,1904.78,0,0.00500595,0.00147104,0,564.371,-0.0499646,9.50827e-05,-0.000994778,0.0499746,100000,100000,1904.78,0,0.00500595,0.00147104,0,564.371,-0.0499646,9.50827e-05,-0.000994778,0.0499746,100000,100000,1904.78,0,0.00500595,0.00147104,0,564.371,-0.0499646,9.50827e-05,-0.000994778,0.0499746,100000,100000,1904.78,0,0.00500595,0.00147104,0,564.371,-0.0499646,9.50827e-05,-0.000994778,0.0499746,100000,100000,1904.78,0,0,0,0,0,0,0,0,0,0,0,0,0,1
stats,817,1,818,0.00500595,0.00147104,0,564.371,-0.0499646,9.5082e-05,-0.000994779,0.0499746,100000,100000,1904.78,0,0.00500595,0.00147104,0,564.371,-0.0499646,9.5082e-05,-0.000994779,0.0499746,100000,100000,1904.78,0,0.00500595,0.00147104,0,564.371,-0.0499646,9.5082e-05,-0.000994779,0.0499746,100000,100000,1904.78,0,0.00500595,0.00147104,0,564.371,-0.0499646,9.5082e-05,-0.000994779,0.0499746,100000,100000,1904.78,0,0.00500595,0.00147104,0,564.371,-0.0499646,9.5082e-05,-0.000994779,0.0499746,100000,100000,1904.78,0,0.00500595,0.00147104,0,564.371,-0.0499646,9.5082e-05,-0.000994779,0.0499746,100000,100000,1904.78,0,0,0,0,0,0,0,0,0,0,0,0,0,1
stats,818,1,819,0.00500595,0.00147104,0,564.371,-0.0499646,9.50818e-05,-0.00099478,0.0499746,100000,100000,1904.78,0,0.00500595,0.00147104,0,564.371,-0.0499646,9.50818e-05,-0.00099478,0.0499746,100000,100000,1904.78,0,0.00500595,0.00147104,0,564.371,-0.0499646,9.50818e-05,-0.00099478,0.0499746,100000,100000,1904.78,0,0.00500595,0.00147104,0,564.371,-0.0499646,9.50818e-05,-0.00099478,0.0499746,100000,100000,1904.78,0,0.00500595,0.00147104,0,564.371,-0.0499646,9.50818e-05,-0.00099478,0.0499746,100000,100000,1904.78,0,0.00500595,0.00147104,0,564.371,-0.0499646,9.50818e-05,-0.00099478,0.0499746,100000,100000,1904.78,0,0,0,0,0,0,0,0,0,0,0,0,0,1
stats,819,1,820,0.00500595,0.00147104,0,564.371,-0.0499646,9.50821e-05,-0.00099478,0.0499746,100000,100000,1904.78,0,0.00500595,0.00147104,0,564.371,-0.0499646,9.50821e-05,-0.00099478,0.0499746,100000,100000,1904.78,0,0.00500595,0.00147104,0,564.371,-0.0499646,9.50821e-05,-0.00099478,0.0499746,100000,100000,1904.78,0,0.00500595,0.00147104,0,564.371,-0.0499646,9.50821e-05,-0.00099478,0.0499746,100000,100000,1904.78,0,0.00500595,0.00147104,0,564.371,-0.0499646,9.50821e-05,-0.00099478,0.0499746,100000,100000,1904.78,0,0.00500595,0.00147104,0,564.371,-0.0499646,9.50821e-05,-0.00099478,0.0499746,100000,100000,1904.78,0,0,0,0,0,0,0,0,0,0,0,0,0,1
stats,820,1,821,0.00500595,0.00147104,0,564.371,-0.0499646,9.50826e-05,-0.000994779,0.0499746,100000,100000,1904.78,0,0.00500595,0.00147104,0,564.371,-0.0499646,9.50826e-05,-0.000994779,0.0499746,100000,100000,1904.78,0,0.00500595,0.00147104,0,564.371,-0.0499646,9.50826e-05,-0.000994779,0.0499746,100000,100000,1904.78,0,0.00500595,0.00147104,0,564.371,-0.0499646,9.50826e-05,-0.000994779,0.0499746,100000,100000,1904.78,0,0.00500595,0.00147104,0,564.371,-0.0499646,9.50826e-05,-0.000994779,0.0499746,100000,100000,1904.78,0,0.00500595,0.00147104,0,564.371,-0.0499646,9.50826e-05,-0.000994779,0.0499746,100000,100000,1904.78,0,0,0,0,0,0,0,0,0,0,0,0,0,1
stats,821,1,822,0.00500595,0.00147104,0,564.371,-0.0499646,9.50829e-05,-0.000994778,0.0499746,100000,100000,1904.78,0,0.00500595,0.00147104,0,564.371,-0.0499646,9.50829e-05,-0.000994778,0.0499746,100000,100000,1904.78,0,0.00500595,0.00147104,0,564.371,-0.0499646,9.50829e-05,-0.000994778,0.0499746,100000,100000,1904.78,0,0.00500595,0.00147104,0,564.371,-0.0499646,9.50829e-05,-0.000994778,0.0499746,100000,100000,1904.78,0,0.00500595,0.00147104,0,564.371,-0.0499646,9.50829e-05,-0.000994778,0.0499746,100000,100000,1904.78,0,0.00500595,0.00147104,0,564.371,-0.0499646,9.50829e-05,-0.000994778,0.0499746,100000,100000,1904.78,0,0,0,0,0,0,0,0,0,0,0,0,0,1
stats,822,1,823,0.00500595,0.00147104,0,564.371,-0.0499646,9.50826e-05,-0.000994777,0.0499746,100000,100000,1904.78,0,0.00500595,0.00147104,0,564.371,-0.0499646,9.50826e-05,-0.000994777,0.0499746,100000,100000,1904.78,0,0.00500595,0.00147104,0,564.371,-0.0499646,9.50826e-05,-0.000994777,0.0499746,100000,100000,1904.78,0,0.00500595,0.00147104,0,564.371,-0.0499646,9.50826e-05,-0.000994777,0.0499746,100000,100000,1904.78,0,0.00500595,0.00147104,0,564.371,-0.0499646,9.50826e-05,-0.000994777,0.0499746,100000,100000,1904.78,0,0.00500595,0.00147104,0,564.371,-0.0499646,9.50826e-05,-0.000994777,0.0499746,100000,100000,1904.78,0,0,0,0,0,0,0,0,0,0,0,0,0,1
stats,823,1,824,0.00500595,0.00147104,0,564.371,-0.0499646,9.50816e-05,-0.000994774,0.0499746,100000,100000,1904.78,0,0.00500595,0.00147104,0,564.371,-0.0499646,9.50816e-05,-0.000994774,0.0499746,100000,100000,1904.78,0,0.00500595,0.00147104,0,564.371,-0.0499646,9.50816e-05,-0.000994774,0.0499746,100000,100000,1904.78,0,0.00500595,0.00147104,0,564.371,-0.0499646,9.50816e-05,-0.000994774,0.0499746,100000,100000,1904.78,0,0.00500595,0.00147104,0,564.371,-0.0499646,9.50816e-05,-0.000994774,0.0499746,100000,100000,1904.78,0,0.00500595,0.00147104,0,564.371,-0.0499646,9.50816e-05,-0.000994774,0.0499746,100000,100000,1904.78,0,0,0,0,0,0,0,0,0,0,0,0,0,1
stats,824,1,825,0.00500595,0.00147104,0,564.371,-0.0499646,9.50801e-05,-0.000994771,0.0499746,100000,100000,1904.78,0,0.00500595,0.00147104,0,564.371,-0.0499646,9.50801e-05,-0.000994771,0.0499746,100000,100000,1904.78,0,0.00500595,0.00147104,0,564.371,-0.0499646,9.50801e-05,-0.000994771,0.0499746,100000,100000,1904.78,0,0.00500595,0.00147104,0,564.371,-0.0499646,9.50801e-05,-0.000994771,0.0499746,100000,100000,1904.78,0,0.00500595,0.00147104,0,564.371,-0.0499646,9.50801e-05,-0.000994771,0.0499746,100000,100000,1904.78,0,0.00500595,0.00147104,0,564.371,-0.0499646,9.50801e-05,-0.000994771,0.0499746,100000,100000,1904.78,0,0,0,0,0,0,0,0,0,0,0,0,0,1
stats,825,1,826,0.00500595,0.00147104,0,564.371,-0.0499646,9.50789e-05,-0.000994768,0.0499746,100000,100000,1904.78,0,0.00500595,0.00147104,0,564.371,-0.0499646,9.50789e-05,-0.000994768,0.0499746,100000,100000,1904.78,0,0.00500595,0.00147104,0,564.371,-0.0499646,9.50789e-05,-0.000994768,0.0499746,100000,100000,1904.78,0,0.00500595,0.00147104,0,564.371,-0.0499646,9.50789e-05,-0.000994768,0.0499746,100000,100000,1904.78,0,0.00500595,0.00147104,0,564.371,-0.0499646,9.50789e-05,-0.000994768,0.0499746,100000,100000,1904.78,0,0.00500595,0.00147104,0,564.371,-0.0499646,9.50789e-05,-0.000994768,0.0499746,100000,100000,1904.78,0,0,0,0,0,0,0,0,0,0,0,0,0,1
stats,826,1,827,0.00500595,0.00147104,0,564.371,-0.0499646,9.50786e-05,-0.000994766,0.0499746,100000,100000,1904.78,0,0.00500595,0.00147104,0,564.371,-0.0499646,9.50786e-05,-0.000994766,0.0499746,100000,100000,1904.78,0,0.00500595,0.00147104,0,564.371,-0.0499646,9.50786e-05,-0.000994766,0.0499746,100000,100000,1904.78,0,0.00500595,0.00147104,0,564.371,-0.0499646,9.50786e-05,-0.000994766,0.0499746,100000,100000,1904.78,0,0.00500595,0.00147104,0,564.371,-0.0499646,9.50786e-05,-0.000994766,0.0499746,100000,100000,1904.78,0,0.00500595,0.00147104,0,564.371,-0.0499646,9.50786e-05,-0.000994766,0.0499746,100000,100000,1904.78,0,0,0,0,0,0,0,0,0,0,0,0,0,1
stats,827,1,828,0.00500595,0.00147104,0,564.371,-0.0499646,9.50797e-05,-0.000994765,0.0499746,100000,100000,1904.78,0,0.00500595,0.00147104,0,564.371,-0.0499646,9.50797e-05,-0.000994765,0.0499746,100000,100000,1904.78,0,0.00500595,0.00147104,0,564.371,-0.0499646,9.50797e-05,-0.000994765,0.0499746,100000,100000,1904.78,0,0.00500595,0.00147104,0,564.371,-0.0499646,9.50797e-05,-0.000994765,0.0499746,100000,100000,1904.78,0,0.00500595,0.00147104,0,564.371,-0.0499646,9.50797e-05,-0.000994765,0.0499746,100000,100000,1904.78,0,0.00500595,0.00147104,0,564.371,-0.0499646,9.50797e-05,-0.000994765,0.0499746,100000,100000,1904.78,0,0,0,0,0,0,0,0,0,0,0,0,0,1
stats,828,1,829,0.00500595,0.00147104,0,564.371,-0.0499646,9.50819e-05,-0.000994765,0.0499746,100000,100000,1904.78,0,0.00500595,0.00147104,0,564.371,-0.0499646,9.50819e-05,-0.000994765,0.0499746,100000,100000,1904.78,0,0.00500595,0.00147104,0,564.371,-0.0499646,9.50819e-05,-0.000994765,0.0499746,100000,100000,1904.78,0,0.00500595,0.00147104,0,564.371,-0.0499646,9.50819e-05,-0.000994765,0.0499746,100000,100000,1904.78,0,0.00500595,0.00147104,0,564.371,-0.0499646,9.50819e-05,-0.000994765,0.0499746,100000,100000,1904.78,0,0.00500595,0.00147104,0,564.371,-0.0499646,9.50819e-05,-0.000994765,0.0499746,100000,100000,1904.78,0,0,0,0,0,0,0,0,0,0,0,0,0,1
stats,829,1,830,0.00500595,0.00147104,0,564.371,-0.0499646,9.50845e-05,-0.000994767,0.0499746,100000,100000,1904.78,0,0.00500595,0.00147104,0,564.371,-0.0499646,9.50845e-05,-0.000994767,0.0499746,100000,100000,1904.78,0,0.00500595,0.00147104,0,564.371,-0.0499646,9.50845e-05,-0.000994767,0.0499746,100000,100000,1904.78,0,0.00500595,0.00147104,0,564.371,-0.0499646,9.50845e-05,-0.000994767,0.0499746,100000,100000,1904.78,0,0.00500595,0.00147104,0,564.371,-0.0499646,9.50845e-05,-0.000994767,0.0499746,100000,100000,1904.78,0,0.00500595,0.00147104,0,564.371,-0.0499646,9.50845e-05,-0.000994767,0.0499746,100000,100000,1904.78,0,0,0,0,0,0,0,0,0,0,0,0,0,1
stats,830,1,831,0.00500595,0.00147104,0,564.371,-0.0499646,9.50868e-05,-0.00099477,0.0499746,100000,100000,1904.78,0,0.00500595,0.00147104,0,564.371,-0.0499646,9.50868e-05,-0.00099477,0.0499746,100000,100000,1904.78,0,0.00500595,0.00147104,0,564.371,-0.0499646,9.50868e-05,-0.00099477,0.0499746,100000,100000,1904.78,0,0.00500595,0.00147104,0,564.371,-0.0499646,9.50868e-05,-0.00099477,0.0499746,100000,100000,1904.78,0,0.00500595,0.00147104,0,564.371,-0.0499646,9.50868e-05,-0.00099477,0.0499746,100000,100000,1904.78,0,0.00500595,0.00147104,0,564.371,-0.0499646,9.50868e-05,-0.00099477,0.0499746,100000,100000,1904.78,0,0,0,0,0,0,0,0,0,0,0,0,0,1
stats,831,1,832,0.00500595,0.00147104,0,564.371,-0.0499646,9.50883e-05,-0.000994773,0.0499746,100000,100000,1904.78,0,0.00500595,0.00147104,0,564.371,-0.0499646,9.50883e-05,-0.000994773,0.0499746,100000,100000,1904.78,0,0.00500595,0.00147104,0,564.371,-0.0499646,9.50883e-05,-0.000994773,0.0499746,100000,100000,1904.78,0,0.00500595,0.00147104,0,564.371,-0.0499646,9.50883e-05,-0.000994773,0.0499746,100000,100000,1904.78,0,0.00500595,0.00147104,0,564.371,-0.0499646,9.50883e-05,-0.000994773,0.0499746,100000,100000,1904.78,0,0.00500595,0.00147104,0,564.371,-0.0499646,9.50883e-05,-0.000994773,0.0499746,100000,100000,1904.78,0,0,0,0,0,0,0,0,0,0,0,0,0,1
stats,832,1,833,0.00500595,0.00147104,0,564.371,-0.0499646,9.50887e-05,-0.000994775,0.0499746,100000,100000,1904.78,0,0.00500595,0.00147104,0,564.371,-0.0499646,9.50887e-05,-0.000994775,0.0499746,100000,100000,1904.78,0,0.00500595,0.00147104,0,564.371,-0.0499646,9.50887e-05,-0.000994775,0.0499746,100000,100000,1904.78,0,0.00500595,0.00147104,0,564.371,-0.0499646,9.50887e-05,-0.000994775,0.0499746,100000,100000,1904.78,0,0.00500595,0.00147104,0,564.371,-0.0499646,9.50887e-05,-0.000994775,0.0499746,100000,100000,1904.78,0,0.00500595,0.00147104,0,564.371,-0.0499646,9.50887e-05,-0.000994775,0.0499746,100000,100000,1904.78,0,0,0,0,0,0,0,0,0,0,0,0,0,1
stats,833,1,834,0.00500595,0.00147104,0,564.371,-0.0499646,9.50883e-05,-0.000994776,0.0499746,100000,100000,1904.78,0,0.00500595,0.00147104,0,564.371,-0.0499646,9.50883e-05,-0.000994776,0.0499746,100000,100000,1904.78,0,0.00500595,0.00147104,0,564.371,-0.0499646,9.50883e-05,-0.000994776,0.0499746,100000,100000,1904.78,0,0.00500595,0.00147104,0,564.371,-0.0499646,9.50883e-05,-0.000994776,0.0499746,100000,100000,1904.78,0,0.00500595,0.00147104,0,564.371,-0.0499646,9.50883e-05,-0.000994776,0.0499746,100000,100000,1904.78,0,0.00500595,0.00147104,0,564.371,-0.0499646,9.50883e-05,-0.000994776,0.0499746,100000,100000,1904.78,0,0,0,0,0,0,0,0,0,0,0,0,0,1
stats,834,1,835,0.00500595,0.00147104,0,564.371,-0.0499646,9.50874e-05,-0.000994777,0.0499746,100000,100000,1904.78,0,0.00500595,0.00147104,0,564.371,-0.0499646,9.50874e-05,-0.000994777,0.0499746,100000,100000,1904.78,0,0.00500595,0.00147104,0,564.371,-0.0499646,9.50874e-05,-0.000994777,0.0499746,100000,100000,1904.78,0,0.00500595,0.00147104,0,564.371,-0.0499646,9.50874e-05,-0.000994777,0.0499746,100000,100000,1904.78,0,0.00500595,0.00147104,0,564.371,-0.0499646,9.50874e-05,-0.000994777,0.0499746,100000,100000,1904.78,0,0.00500595,0.00147104,0,564.371,-0.0499646,9.50874e-05,-0.000994777,0.0499746,100000,100000,1904.78,0,0,0,0,0,0,0,0,0,0,0,0,0,1
stats,835,1,836,0.00500595,0.00147104,0,564.371,-0.0499646,9.50862e-05,-0.000994778,0.0499746,100000,100000,1904.78,0,0.00500595,0.00147104,0,564.371,-0.0499646,9.50862e-05,-0.000994778,0.0499746,100000,100000,1904.78,0,0.00500595,0.00147104,0,564.371,-0.0499646,9.50862e-05,-0.000994778,0.0499746,100000,100000,1904.78,0,0.00500595,0.00147104,0,564.371,-0.0499646,9.50862e-05,-0.000994778,0.0499746,100000,100000,1904.78,0,0.00500595,0.00147104,0,564.371,-0.0499646,9.50862e-05,-0.000994778,0.0499746,100000,100000,1904.78,0,0.00500595,0.00147104,0,564.371,-0.0499646,9.50862e-05,-0.000994778,0.0499746,100000,100000,1904.78,0,0,0,0,0,0,0,0,0,0,0,0,0,1
stats,836,1,837,0.00500595,0.00147104,0,564.371,-0.0499646,9.5085e-05,-0.000994779,0.0499746,100000,100000,1904.78,0,0.00500595,0.00147104,0,564.371,-0.0499646,9.5085e-05,-0.000994779,0.0499746,100000,100000,1904.78,0,0.00500595,0.00147104,0,564.371,-0.0499646,9.5085e-05,-0.000994779,0.0499746,100000,100000,1904.78,0,0.00500595,0.00147104,0,564.371,-0.0499646,9.5085e-05,-0.000994779,0.0499746,100000,100000,1904.78,0,0.00500595,0.00147104,0,564.371,-0.0499646,9.5085e-05,-0.000994779,0.0499746,100000,100000,1904.78,0,0.00500595,0.00147104,0,564.371,-0.0499646,9.5085e-05,-0.000994779,0.0499746,100000,100000,1904.78,0,0,0,0,0,0,0,0,0,0,0,0,0,1
stats,837,1,838,0.00500595,0.00147104,0,564.371,-0.0499646,9.50838e-05,-0.000994779,0.0499746,100000,100000,1904.78,0,0.00500595,0.00147104,0,564.371,-0.0499646,9.50838e-05,-0.000994779,0.0499746,100000,100000,1904.78,0,0.00500595,0.00147104,0,564.371,-0.0499646,9.50838e-05,-0.000994779,0.0499746,100000,100000,1904.78,0,0.00500595,0.00147104,0,564.371,-0.0499646,9.50838e-05,-0.000994779,0.0499746,100000,100000,1904.78,0,0.00500595,0.00147104,0,564.371,-0.0499646,9.50838e-05,-0.000994779,0.0499746,100000,100000,1904.78,0,0.00500595,0.00147104,0,564.371,-0.0499646,9.50838e-05,-0.000994779,0.0499746,100000,100000,1904.78,0,0,0,0,0,0,0,0,0,0,0,0,0,1
stats,838,1,839,0.00500595,0.00147104,0,564.371,-0.0499646,9.50827e-05,-0.000994779,0.0499746,100000,100000,1904.78,0,0.00500595,0.00147104,0,564.371,-0.0499646,9.50827e-05,-0.000994779,0.0499746,100000,100000,1904.78,0,0.00500595,0.00147104,0,564.371,-0.0499646,9.50827e-05,-0.000994779,0.0499746,100000,100000,1904.78,0,0.00500595,0.00147104,0,564.371,-0.0499646,9.50827e-05,-0.000994779,0.0499746,100000,100000,1904.78,0,0.00500595,0.00147104,0,564.371,-0.0499646,9.50827e-05,-0.000994779,0.0499746,100000,100000,1904.78,0,0.00500595,0.00147104,0,564.371,-0.0499646,9.50827e-05,-0.000994779,0.0499746,100000,100000,1904.78,0,0,0,0,0,0,0,0,0,0,0,0,0,1
stats,839,1,840,0.00500595,0.00147104,0,564.371,-0.0499646,9.50813e-05,-0.000994779,0.0499746,100000,100000,1904.78,0,0.00500595,0.00147104,0,564.371,-0.0499646,9.50813e-05,-0.000994779,0.0499746,100000,100000,1904.78,0,0.00500595,0.00147104,0,564.371,-0.0499646,9.50813e-05,-0.000994779,0.0499746,100000,100000,1904.78,0,0.00500595,0.00147104,0,564.371,-0.0499646,9.50813e-05,-0.000994779,0.0499746,100000,100000,1904.78,0,0.00500595,0.00147104,0,564.371,-0.0499646,9.50813e-05,-0.000994779,0.0499746,100000,100000,1904.78,0,0.00500595,0.00147104,0,564.371,-0.0499646,9.50813e-05,-0.000994779,0.0499746,100000,100000,1904.78,0,0,0,0,0,0,0,0,0,0,0,0,0,1
stats,840,1,841,0.00500595,0.00147104,0,564.371,-0.0499646,9.50795e-05,-0.000994777,0.0499746,100000,100000,1904.78,0,0.00500595,0.00147104,0,564.371,-0.0499646,9.50795e-05,-0.000994777,0.0499746,100000,100000,1904.78,0,0.00500595,0.00147104,0,564.371,-0.0499646,9.50795e-05,-0.000994777,0.0499746,100000,100000,1904.78,0,0.00500595,0.00147104,0,564.371,-0.0499646,9.50795e-05,-0.000994777,0.0499746,100000,100000,1904.78,0,0.00500595,0.00147104,0,564.371,-0.0499646,9.50795e-05,-0.000994777,0.0499746,100000,100000,1904.78,0,0.00500595,0.00147104,0,564.371,-0.0499646,9.50795e-05,-0.000994777,0.0499746,100000,100000,1904.78,0,0,0,0,0,0,0,0,0,0,0,0,0,1
stats,841,1,842,0.00500595,0.00147104,0,564.371,-0.0499646,9.50776e-05,-0.000994775,0.0499746,100000,100000,1904.78,0,0.00500595,0.00147104,0,564.371,-0.0499646,9.50776e-05,-0.000994775,0.0499746,100000,100000,1904.78,0,0.00500595,0.00147104,0,564.371,-0.0499646,9.50776e-05,-0.000994775,0.0499746,100000,100000,1904.78,0,0.00500595,0.00147104,0,564.371,-0.0499646,9.50776e-05,-0.000994775,0.0499746,100000,100000,1904.78,0,0.00500595,0.00147104,0,564.371,-0.0499646,9.50776e-05,-0.000994775,0.0499746,100000,100000,1904.78,0,0.00500595,0.00147104,0,564.371,-0.0499646,9.50776e-05,-0.000994775,0.0499746,100000,100000,1904.78,0,0,0,0,0,0,0,0,0,0,0,0,0,1
stats,842,1,843,0.00500595,0.00147104,0,564.371,-0.0499646,9.5076e-05,-0.000994772,0.0499746,100000,100000,1904.78,0,0.00500595,0.00147104,0,564.371,-0.0499646,9.5076e-05,-0.000994772,0.0499746,100000,100000,1904.78,0,0.00500595,0.00147104,0,564.371,-0.0499646,9.5076e-05,-0.000994772,0.0499746,100000,100000,1904.78,0,0.00500595,0.00147104,0,564.371,-0.0499646,9.5076e-05,-0.000994772,0.0499746,100000,100000,1904.78,0,0.00500595,0.00147104,0,564.371,-0.0499646,9.5076e-05,-0.000994772,0.0499746,100000,100000,1904.78,0,0.00500595,0.00147104,0,564.371,-0.0499646,9.5076e-05,-0.000994772,0.0499746,100000,100000,1904.78,0,0,0,0,0,0,0,0,0,0,0,0,0,1
stats,843,1,844,0.00500595,0.00147104,0,564.371,-0.0499646,9.50752e-05,-0.000994769,0.0499746,100000,100000,1904.78,0,0.00500595,0.00147104,0,564.371,-0.0499646,9.50752e-05,-0.000994769,0.0499746,100000,100000,1904.78,0,0.00500595,0.00147104,0,564.371,-0.0499646,9.50752e-05,-0.000994769,0.0499746,100000,100000,1904.78,0,0.00500595,0.00147104,0,564.371,-0.0499646,9.50752e-05,-0.000994769,0.0499746,100000,100000,1904.78,0,0.00500595,0.00147104,0,564.371,-0.0499646,9.50752e-05,-0.000994769,0.0499746,100000,100000,1904.78,0,0.00500595,0.00147104,0,564.371,-0.0499646,9.50752e-05,-0.000994769,0.0499746,100000,100000,1904.78,0,0,0,0,0,0,0,0,0,0,0,0,0,1
stats,844,1,845,0.00500595,0.00147104,0,564.371,-0.0499646,9.50757e-05,-0.000994766,0.0499746,100000,100000,1904.78,0,0.00500595,0.00147104,0,564.371,-0.0499646,9.50757e-05,-0.000994766,0.0499746,100000,100000,1904.78,0,0.00500595,0.00147104,0,564.371,-0.0499646,9.50757e-05,-0.000994766,0.0499746,100000,100000,1904.78,0,0.00500595,0.00147104,0,564.371,-0.0499646,9.50757e-05,-0.000994766,0.0499746,100000,100000,1904.78,0,0.00500595,0.00147104,0,564.371,-0.0499646,9.50757e-05,-0.000994766,0.0499746,100000,100000,1904.78,0,0.00500595,0.00147104,0,564.371,-0.0499646,9.50757e-05,-0.000994766,0.0499746,100000,100000,1904.78,0,0,0,0,0,0,0,0,0,0,0,0,0,1
stats,845,1,846,0.00500595,0.00147104,0,564.371,-0.0499646,9.50776e-05,-0.000994766,0.0499746,100000,100000,1904.78,0,0.00500595,0.00147104,0,564.371,-0.0499646,9.50776e-05,-0.000994766,0.0499746,100000,100000,1904.78,0,0.00500595,0.00147104,0,564.371,-0.0499646,9.50776e-05,-0.000994766,0.0499746,100000,100000,1904.78,0,0.00500595,0.00147104,0,564.371,-0.0499646,9.50776e-05,-0.000994766,0.0499746,100000,100000,1904.78,0,0.00500595,0.00147104,0,564.371,-0.0499646,9.50776e-05,-0.000994766,0.0499746,100000,100000,1904.78,0,0.00500595,0.00147104,0,564.371,-0.0499646,9.50776e-05,-0.000994766,0.0499746,100000,100000,1904.78,0,0,0,0,0,0,0,0,0,0,0,0,0,1
stats,846,1,847,0.00500595,0.00147104,0,564.371,-0.0499646,9.50805e-05,-0.000994766,0.0499746,100000,100000,1904.78,0,0.00500595,0.00147104,0,564.371,-0.0499646,9.50805e-05,-0.000994766,0.0499746,100000,100000,1904.78,0,0.00500595,0.00147104,0,564.371,-0.0499646,9.50805e-05,-0.000994766,0.0499746,100000,100000,1904.78,0,0.00500595,0.00147104,0,564.371,-0.0499646,9.50805e-05,-0.000994766,0.0499746,100000,100000,1904.78,0,0.00500595,0.00147104,0,564.371,-0.0499646,9.50805e-05,-0.000994766,0.0499746,100000,100000,1904.78,0,0.00500595,0.00147104,0,564.371,-0.0499646,9.50805e-05,-0.000994766,0.0499746,100000,100000,1904.78,0,0,0,0,0,0,0,0,0,0,0,0,0,1
stats,847,1,848,0.00500595,0.00147104,0,564.371,-0.0499646,9.50838e-05,-0.000994768,0.0499746,100000,100000,1904.78,0,0.00500595,0.00147104,0,564.371,-0.0499646,9.50838e-05,-0.000994768,0.0499746,100000,100000,1904.78,0,0.00500595,0.00147104,0,564.371,-0.0499646,9.50838e-05,-0.000994768,0.0499746,100000,100000,1904.78,0,0.00500595,0.00147104,0,564.371,-0.0499646,9.50838e-05,-0.000994768,0.0499746,100000,100000,1904.78,0,0.00500595,0.00147104,0,564.371,-0.0499646,9.50838e-05,-0.000994768,0.0499746,100000,100000,1904.78,0,0.00500595,0.00147104,0,564.371,-0.0499646,9.50838e-05,-0.000994768,0.0499746,100000,100000,1904.78,0,0,0,0,0,0,0,0,0,0,0,0,0,1
stats,848,1,849,0.00500595,0.00147104,0,564.371,-0.0499646,9.50868e-05,-0.000994771,0.0499746,100000,100000,1904.78,0,0.00500595,0.00147104,0,564.371,-0.0499646,9.50868e-05,-0.000994771,0.0499746,100000,100000,1904.78,0,0.00500595,0.00147104,0,564.371,-0.0499646,9.50868e-05,-0.000994771,0.0499746,100000,100000,1904.78,0,0.00500595,0.00147104,0,564.371,-0.0499646,9.50868e-05,-0.000994771,0.0499746,100000,100000,1904.78,0,0.00500595,0.00147104,0,564.371,-0.0499646,9.50868e-05,-0.000994771,0.0499746,100000,100000,1904.78,0,0.00500595,0.00147104,0,564.371,-0.0499646,9.50868e-05,-0.000994771,0.0499746,100000,100000,1904.78,0,0,0,0,0,0,0,0,0,0,0,0,0,1
stats,849,1,850,0.00500595,0.00147104,0,564.371,-0.0499646,9.5089e-05,-0.000994773,0.0499746,100000,100000,1904.78,0,0.00500595,0.00147104,0,564.371,-0.0499646,9.5089e-05,-0.000994773,0.0499746,100000,100000,1904.78,0,0.00500595,0.00147104,0,564.371,-0.0499646,9.5089e-05,-0.000994773,0.0499746,100000,100000,1904.78,0,0.00500595,0.00147104,0,564.371,-0.0499646,9.5089e-05,-0.000994773,0.0499746,100000,100000,1904.78,0,0.00500595,0.00147104,0,564.371,-0.0499646,9.5089e-05,-0.000994773,0.0499746,100000,100000,1904.78,0,0.00500595,0.00147104,0,564.371,-0.0499646,9.5089e-05,-0.000994773,0.0499746,100000,100000,1904.78,0,0,0,0,0,0,0,0,0,0,0,0,0,1
stats,850,1,851,0.00500595,0.00147104,0,564.371,-0.0499646,9.50903e-05,-0.000994775,0.0499746,100000,100000,1904.78,0,0.00500595,0.00147104,0,564.371,-0.0499646,9.50903e-05,-0.000994775,0.0499746,100000,100000,1904.78,0,0.00500595,0.00147104,0,564.371,-0.0499646,9.50903e-05,-0.000994775,0.0499746,100000,100000,1904.78,0,0.00500595,0.00147104,0,564.371,-0.0499646,9.50903e-05,-0.000994775,0.0499746,100000,100000,1904.78,0,0.00500595,0.00147104,0,564.371,-0.0499646,9.50903e-05,-0.000994775,0.0499746,100000,100000,1904.78,0,0.00500595,0.00147104,0,564.371,-0.0499646,9.50903e-05,-0.000994775,0.0499746,100000,100000,1904.78,0,0,0,0,0,0,0,0,0,0,0,0,0,1
stats,851,1,852,0.00500595,0.00147104,0,564.371,-0.0499646,9.50905e-05,-0.000994776,0.0499746,100000,100000,1904.78,0,0.00500595,0.00147104,0,564.371,-0.0499646,9.50905e-05,-0.000994776,0.0499746,100000,100000,1904.78,0,0.00500595,0.00147104,0,564.371,-0.0499646,9.50905e-05,-0.000994776,0.0499746,100000,100000,1904.78,0,0.00500595,0.00147104,0,564.371,-0.0499646,9.50905e-05,-0.000994776,0.0499746,100000,100000,1904.78,0,0.00500595,0.00147104,0,564.371,-0.0499646,9.50905e-05,-0.000994776,0.0499746,100000,100000,1904.78,0,0.00500595,0.00147104,0,564.371,-0.0499646,9.50905e-05,-0.000994776,0.0499746,100000,100000,1904.78,0,0,0,0,0,0,0,0,0,0,0,0,0,1
stats,852,1,853,0.00500595,0.00147104,0,564.371,-0.0499646,9.50901e-05,-0.000994777,0.0499746,100000,100000,1904.78,0,0.00500595,0.00147104,0,564.371,-0.0499646,9.50901e-05,-0.000994777,0.0499746,100000,100000,1904.78,0,0.00500595,0.00147104,0,564.371,-0.0499646,9.50901e-05,-0.000994777,0.0499746,100000,100000,1904.78,0,0.00500595,0.00147104,0,564.371,-0.0499646,9.50901e-05,-0.000994777,0.0499746,100000,100000,1904.78,0,0.00500595,0.00147104,0,564.371,-0.0499646,9.50901e-05,-0.000994777,0.0499746,100000,100000,1904.78,0,0.00500595,0.00147104,0,564.371,-0.0499646,9.50901e-05,-0.000994777,0.0499746,100000,100000,1904.78,0,0,0,0,0,0,0,0,0,0,0,0,0,1
stats,853,1,854,0.00500595,0.00147104,0,564.371,-0.0499646,9.50893e-05,-0.000994778,0.0499746,100000,100000,1904.78,0,0.00500595,0.00147104,0,564.371,-0.0499646,9.50893e-05,-0.000994778,0.0499746,100000,100000,1904.78,0,0.00500595,0.00147104,0,564.371,-0.0499646,9.50893e-05,-0.000994778,0.0499746,100000,100000,1904.78,0,0.00500595,0.00147104,0,564.371,-0.0499646,9.50893e-05,-0.000994778,0.0499746,100000,100000,1904.78,0,0.00500595,0.00147104,0,564.371,-0.0499646,9.50893e-05,-0.000994778,0.0499746,100000,100000,1904.78,0,0.00500595,0.00147104,0,564.371,-0.0499646,9.50893e-05,-0.000994778,0.0499746,100000,100000,1904.78,0,0,0,0,0,0,0,0,0,0,0,0,0,1
stats,854,1,855,0.00500595,0.00147104,0,564.371,-0.0499646,9.50881e-05,-0.000994778,0.0499746,100000,100000,1904.78,0,0.00500595,0.00147104,0,564.371,-0.0499646,9.50881e-05,-0.000994778,0.0499746,100000,100000,1904.78,0,0.00500595,0.00147104,0,564.371,-0.0499646,9.50881e-05,-0.000994778,0.0499746,100000,100000,1904.78,0,0.00500595,0.00147104,0,564.371,-0.0499646,9.50881e-05,-0.000994778,0.0499746,100000,100000,1904.78,0,0.00500595,0.00147104,0,564.371,-0.0499646,9.50881e-05,-0.000994778,0.0499746,100000,100000,1904.78,0,0.00500595,0.00147104,0,564.371,-0.0499646,9.50881e-05,-0.000994778,0.0499746,100000,100000,1904.78,0,0,0,0,0,0,0,0,0,0,0,0,0,1
stats,855,1,856,0.00500595,0.00147104,0,564.371,-0.0499646,9.50864e-05,-0.000994779,0.0499746,100000,100000,1904.78,0,0.00500595,0.00147104,0,564.371,-0.0499646,9.50864e-05,-0.000994779,0.0499746,100000,100000,1904.78,0,0.00500595,0.00147104,0,564.371,-0.0499646,9.50864e-05,-0.000994779,0.0499746,100000,100000,1904.78,0,0.00500595,0.00147104,0,564.371,-0.0499646,9.50864e-05,-0.000994779,0.0499746,100000,100000,1904.78,0,0.00500595,0.00147104,0,564.371,-0.0499646,9.50864e-05,-0.000994779,0.0499746,100000,100000,1904.78,0,0.00500595,0.00147104,0,564.371,-0.0499646,9.50864e-05,-0.000994779,0.0499746,100000,100000,1904.78,0,0,0,0,0,0,0,0,0,0,0,0,0,1
stats,856,1,857,0.00500595,0.00147104,0,564.371,-0.0499646,9.5084e-05,-0.000994779,0.0499746,100000,100000,1904.78,0,0.00500595,0.00147104,0,564.371,-0.0499646,9.5084e-05,-0.000994779,0.0499746,100000,100000,1904.78,0,0.00500595,0.00147104,0,564.371,-0.0499646,9.5084e-05,-0.000994779,0.0499746,100000,100000,1904.78,0,0.00500595,0.00147104,0,564.371,-0.0499646,9.5084e-05,-0.000994779,0.0499746,100000,100000,1904.78,0,0.00500595,0.00147104,0,564.371,-0.0499646,9.5084e-05,-0.000994779,0.0499746,100000,100000,1904.78,0,0.00500595,0.00147104,0,564.371,-0.0499646,9.5084e-05,-0.000994779,0.0499746,100000,100000,1904.78,0,0,0,0,0,0,0,0,0,0,0,0,0,1
stats,857,1,858,0.00500595,0.00147104,0,564.371,-0.0499646,9.50809e-05,-0.000994778,0.0499746,100000,100000,1904.78,0,0.00500595,0.00147104,0,564.371,-0.0499646,9.50809e-05,-0.000994778,0.0499746,100000,100000,1904.78,0,0.00500595,0.00147104,0,564.371,-0.0499646,9.50809e-05,-0.000994778,0.0499746,100000,100000,1904.78,0,0.00500595,0.00147104,0,564.371,-0.0499646,9.50809e-05,-0.000994778,0.0499746,100000,100000,1904.78,0,0.00500595,0.00147104,0,564.371,-0.0499646,9.50809e-05,-0.000994778,0.0499746,100000,100000,1904.78,0,0.00500595,0.00147104,0,564.371,-0.0499646,9.50809e-05,-0.000994778,0.0499746,100000,100000,1904.78,0,0,0,0,0,0,0,0,0,0,0,0,0,1
stats,858,1,859,0.00500595,0.00147104,0,564.371,-0.0499646,9.50775e-05,-0.000994777,0.0499746,100000,100000,1904.78,0,0.00500595,0.00147104,0,564.371,-0.0499646,9.50775e-05,-0.000994777,0.0499746,100000,100000,1904.78,0,0.00500595,0.00147104,0,564.371,-0.0499646,9.50775e-05,-0.000994777,0.0499746,100000,100000,1904.78,0,0.00500595,0.00147104,0,564.371,-0.0499646,9.50775e-05,-0.000994777,0.0499746,100000,100000,1904.78,0,0.00500595,0.00147104,0,564.371,-0.0499646,9.50775e-05,-0.000994777,0.0499746,100000,100000,1904.78,0,0.00500595,0.00147104,0,564.371,-0.0499646,9.50775e-05,-0.000994777,0.0499746,100000,100000,1904.78,0,0,0,0,0,0,0,0,0,0,0,0,0,1
stats,859,1,860,0.00500595,0.00147104,0,564.371,-0.0499646,9.50743e-05,-0.000994775,0.0499746,100000,100000,1904.78,0,0.00500595,0.00147104,0,564.371,-0.0499646,9.50743e-05,-0.000994775,0.0499746,100000,100000,1904.78,0,0.00500595,0.00147104,0,564.371,-0.0499646,9.50743e-05,-0.000994775,0.0499746,100000,100000,1904.78,0,0.00500595,0.00147104,0,564.371,-0.0499646,9.50743e-05,-0.000994775,0.0499746,100000,100000,1904.78,0,0.00500595,0.00147104,0,564.371,-0.0499646,9.50743e-05,-0.000994775,0.0499746,100000,100000,1904.78,0,0.00500595,0.00147104,0,564.371,-0.0499646,9.50743e-05,-0.000994775,0.0499746,100000,100000,1904.78,0,0,0,0,0,0,0,0,0,0,0,0,0,1
stats,860,1,861,0.00500595,0.00147104,0,564.371,-0.0499646,9.50721e-05,-0.000994773,0.0499746,100000,100000,1904.78,0,0.00500595,0.00147104,0,564.371,-0.0499646,9.50721e-05,-0.000994773,0.0499746,100000,100000,1904.78,0,0.00500595,0.00147104,0,564.371,-0.0499646,9.50721e-05,-0.000994773,0.0499746,100000,100000,1904.78,0,0.00500595,0.00147104,0,564.371,-0.0499646,9.50721e-05,-0.000994773,0.0499746,100000,100000,1904.78,0,0.00500595,0.00147104,0,564.371,-0.0499646,9.50721e-05,-0.000994773,0.0499746,100000,100000,1904.78,0,0.00500595,0.00147104,0,564.371,-0.0499646,9.50721e-05,-0.000994773,0.0499746,100000,100000,1904.78,0,0,0,0,0,0,0,0,0,0,0,0,0,1
stats,861,1,862,0.00500595,0.00147104,0,564.371,-0.0499646,9.50715e-05,-0.00099477,0.0499746,100000,100000,1904.78,0,0.00500595,0.00147104,0,564.371,-0.0499646,9.50715e-05,-0.00099477,0.0499746,100000,100000,1904.78,0,0.00500595,0.00147104,0,564.371,-0.0499646,9.50715e-05,-0.00099477,0.0499746,100000,100000,1904.78,0,0.00500595,0.00147104,0,564.371,-0.0499646,9.50715e-05,-0.00099477,0.0499746,100000,100000,1904.78,0,0.00500595,0.00147104,0,564.371,-0.0499646,9.50715e-05,-0.00099477,0.0499746,100000,100000,1904.78,0,0.00500595,0.00147104,0,564.371,-0.0499646,9.50715e-05,-0.00099477,0.0499746,100000,100000,1904.78,0,0,0,0,0,0,0,0,0,0,0,0,0,1
stats,862,1,863,0.00500595,0.00147104,0,564.371,-0.0499646,9.50726e-05,-0.000994769,0.0499746,100000,100000,1904.78,0,0.00500595,0.00147104,0,564.371,-0.0499646,9.50726e-05,-0.000994769,0.0499746,100000,100000,1904.78,0,0.00500595,0.00147104,0,564.371,-0.0499646,9.50726e-05,-0.000994769,0.0499746,100000,100000,1904.78,0,0.00500595,0.00147104,0,564.371,-0.0499646,9.50726e-05,-0.000994769,0.0499746,100000,100000,1904.78,0,0.00500595,0.00147104,0,564.371,-0.0499646,9.50726e-05,-0.000994769,0.0499746,100000,100000,1904.78,0,0.00500595,0.00147104,0,564.371,-0.0499646,9.50726e-05,-0.000994769,0.0499746,100000,100000,1904.78,0,0,0,0,0,0,0,0,0,0,0,0,0,1
stats,863,1,864,0.00500595,0.00147104,0,564.371,-0.0499646,9.50751e-05,-0.000994768,0.0499746,100000,100000,1904.78,0,0.00500595,0.00147104,0,564.371,-0.0499646,9.50751e-05,-0.000994768,0.0499746,100000,100000,1904.78,0,0.00500595,0.00147104,0,564.371,-0.0499646,9.50751e-05,-0.000994768,0.0499746,100000,100000,1904.78,0,0.00500595,0.00147104,0,564.371,-0.0499646,9.50751e-05,-0.000994768,0.0499746,100000,100000,1904.78,0,0.00500595,0.00147104,0,564.371,-0.0499646,9.50751e-05,-0.000994768,0.0499746,100000,100000,1904.78,0,0.00500595,0.00147104,0,564.371,-0.0499646,9.50751e-05,-0.000994768,0.0499746,100000,100000,1904.78,0,0,0,0,0,0,0,0,0,0,0,0,0,1
stats,864,1,865,0.00500595,0.00147104,0,564.371,-0.0499646,9.50784e-05,-0.000994769,0.0499746,100000,100000,1904.78,0,0.00500595,0.00147104,0,564.371,-0.0499646,9.50784e-05,-0.000994769,0.0499746,100000,100000,1904.78,0,0.00500595,0.00147104,0,564.371,-0.0499646,9.50784e-05,-0.000994769,0.0499746,100000,100000,1904.78,0,0.00500595,0.00147104,0,564.371,-0.0499646,9.50784e-05,-0.000994769,0.0499746,100000,100000,1904.78,0,0.00500595,0.00147104,0,564.371,-0.0499646,9.50784e-05,-0.000994769,0.0499746,100000,100000,1904.78,0,0.00500595,0.00147104,0,564.371,-0.0499646,9.50784e-05,-0.000994769,0.0499746,100000,100000,1904.78,0,0,0,0,0,0,0,0,0,0,0,0,0,1
stats,865,1,866,0.00500595,0.00147104,0,564.371,-0.0499646,9.50818e-05,-0.000994771,0.0499746,100000,100000,1904.78,0,0.00500595,0.00147104,0,564.371,-0.0499646,9.50818e-05,-0.000994771,0.0499746,100000,100000,1904.78,0,0.00500595,0.00147104,0,564.371,-0.0499646,9.50818e-05,-0.000994771,0.0499746,100000,100000,1904.78,0,0.00500595,0.00147104,0,564.371,-0.0499646,9.50818e-05,-0.000994771,0.0499746,100000,100000,1904.78,0,0.00500595,0.00147104,0,564.371,-0.0499646,9.50818e-05,-0.000994771,0.0499746,100000,100000,1904.78,0,0.00500595,0.00147104,0,564.371,-0.0499646,9.50818e-05,-0.000994771,0.0499746,100000,100000,1904.78,0,0,0,0,0,0,0,0,0,0,0,0,0,1
stats,866,1,867,0.00500595,0.00147104,0,564.371,-0.0499646,9.50848e-05,-0.000994773,0.0499746,100000,100000,1904.78,0,0.00500595,0.00147104,0,564.371,-0.0499646,9.50848e-05,-0.000994773,0.0499746,100000,100000,1904.78,0,0.00500595,0.00147104,0,564.371,-0.0499646,9.50848e-05,-0.000994773,0.0499746,100000,100000,1904.78,0,0.00500595,0.00147104,0,564.371,-0.0499646,9.50848e-05,-0.000994773,0.0499746,100000,100000,1904.78,0,0.00500595,0.00147104,0,564.371,-0.0499646,9.50848e-05,-0.000994773,0.0499746,100000,100000,1904.78,0,0.00500595,0.00147104,0,564.371,-0.0499646,9.50848e-05,-0.000994773,0.0499746,100000,100000,1904.78,0,0,0,0,0,0,0,0,0,0,0,0,0,1
stats,867,1,868,0.00500595,0.00147104,0,564.371,-0.0499646,9.50874e-05,-0.000994774,0.0499746,100000,100000,1904.78,0,0.00500595,0.00147104,0,564.371,-0.0499646,9.50874e-05,-0.000994774,0.0499746,100000,100000,1904.78,0,0.00500595,0.00147104,0,564.371,-0.0499646,9.50874e-05,-0.000994774,0.0499746,100000,100000,1904.78,0,0.00500595,0.00147104,0,564.371,-0.0499646,9.50874e-05,-0.000994774,0.0499746,100000,100000,1904.78,0,0.00500595,0.00147104,0,564.371,-0.0499646,9.50874e-05,-0.000994774,0.0499746,100000,100000,1904.78,0,0.00500595,0.00147104,0,564.371,-0.0499646,9.50874e-05,-0.000994774,0.0499746,100000,100000,1904.78,0,0,0,0,0,0,0,0,0,0,0,0,0,1
stats,868,1,869,0.00500595,0.00147104,0,564.371,-0.0499646,9.50894e-05,-0.000994775,0.0499746,100000,100000,1904.78,0,0.00500595,0.00147104,0,564.371,-0.0499646,9.50894e-05,-0.000994775,0.0499746,100000,100000,1904.78,0,0.00500595,0.00147104,0,564.371,-0.0499646,9.50894e-05,-0.000994775,0.0499746,100000,100000,1904.78,0,0.00500595,0.00147104,0,564.371,-0.0499646,9.50894e-05,-0.000994775,0.0499746,100000,100000,1904.78,0,0.00500595,0.00147104,0,564.371,-0.0499646,9.50894e-05,-0.000994775,0.0499746,100000,100000,1904.78,0,0.00500595,0.00147104,0,564.371,-0.0499646,9.50894e-05,-0.000994775,0.0499746,100000,100000,1904.78,0,0,0,0,0,0,0,0,0,0,0,0,0,1
stats,869,1,870,0.00500595,0.00147104,0,564.371,-0.0499646,9.50908e-05,-0.000994776,0.0499746,100000,100000,1904.78,0,0.00500595,0.00147104,0,564.371,-0.0499646,9.50908e-05,-0.000994776,0.0499746,100000,100000,1904.78,0,0.00500595,0.00147104,0,564.371,-0.0499646,9.50908e-05,-0.000994776,0.0499746,100000,100000,1904.78,0,0.00500595,0.00147104,0,564.371,-0.0499646,9.50908e-05,-0.000994776,0.0499746,100000,100000,1904.78,0,0.00500595,0.00147104,0,564.371,-0.0499646,9.50908e-05,-0.000994776,0.0499746,100000,100000,1904.78,0,0.00500595,0.00147104,0,564.371,-0.0499646,9.50908e-05,-0.000994776,0.0499746,100000,100000,1904.78,0,0,0,0,0,0,0,0,0,0,0,0,0,1
stats,870,1,871,0.00500595,0.00147104,0,564.371,-0.0499646,9.50916e-05,-0.000994776,0.0499746,100000,100000,1904.78,0,0.00500595,0.00147104,0,564.371,-0.0499646,9.50916e-05,-0.000994776,0.0499746,100000,100000,1904.78,0,0.00500595,0.00147104,0,564.371,-0.0499646,9.50916e-05,-0.000994776,0.0499746,100000,100000,1904.78,0,0.00500595,0.00147104,0,564.371,-0.0499646,9.50916e-05,-0.000994776,0.0499746,100000,100000,1904.78,0,0.00500595,0.00147104,0,564.371,-0.0499646,9.50916e-05,-0.000994776,0.0499746,100000,100000,1904.78,0,0.00500595,0.00147104,0,564.371,-0.0499646,9.50916e-05,-0.000994776,0.0499746,100000,100000,1904.78,0,0,0,0,0,0,0,0,0,0,0,0,0,1
stats,871,1,872,0.00500595,0.00147104,0,564.371,-0.0499646,9.50916e-05,-0.000994777,0.0499746,100000,100000,1904.78,0,0.00500595,0.00147104,0,564.371,-0.0499646,9.50916e-05,-0.000994777,0.0499746,100000,100000,1904.78,0,0.00500595,0.00147104,0,564.371,-0.0499646,9.50916e-05,-0.000994777,0.0499746,100000,100000,1904.78,0,0.00500595,0.00147104,0,564.371,-0.0499646,9.50916e-05,-0.000994777,0.0499746,100000,100000,1904.78,0,0.00500595,0.00147104,0,564.371,-0.0499646,9.50916e-05,-0.000994777,0.0499746,100000,100000,1904.78,0,0.00500595,0.00147104,0,564.371,-0.0499646,9.50916e-05,-0.000994777,0.0499746,100000,100000,1904.78,0,0,0,0,0,0,0,0,0,0,0,0,0,1
stats,872,1,873,0.00500595,0.00147104,0,564.371,-0.0499646,9.50907e-05,-0.000994777,0.0499746,100000,100000,1904.78,0,0.00500595,0.00147104,0,564.371,-0.0499646,9.50907e-05,-0.000994777,0.0499746,100000,100000,1904.78,0,0.00500595,0.00147104,0,564.371,-0.0499646,9.50907e-05,-0.000994777,0.0499746,100000,100000,1904.78,0,0.00500595,0.00147104,0,564.371,-0.0499646,9.50907e-05,-0.000994777,0.0499746,100000,100000,1904.78,0,0.00500595,0.00147104,0,564.371,-0.0499646,9.50907e-05,-0.000994777,0.0499746,100000,100000,1904.78,0,0.00500595,0.00147104,0,564.371,-0.0499646,9.50907e-05,-0.000994777,0.0499746,100000,100000,1904.78,0,0,0,0,0,0,0,0,0,0,0,0,0,1
stats,873,1,874,0.00500595,0.00147104,0,564.371,-0.0499646,9.50889e-05,-0.000994778,0.0499746,100000,100000,1904.78,0,0.00500595,0.00147104,0,564.371,-0.0499646,9.50889e-05,-0.000994778,0.0499746,100000,100000,1904.78,0,0.00500595,0.00147104,0,564.371,-0.0499646,9.50889e-05,-0.000994778,0.0499746,100000,100000,1904.78,0,0.00500595,0.00147104,0,564.371,-0.0499646,9.50889e-05,-0.000994778,0.0499746,100000,100000,1904.78,0,0.00500595,0.00147104,0,564.371,-0.0499646,9.50889e-05,-0.000994778,0.0499746,100000,100000,1904.78,0,0.00500595,0.00147104,0,564.371,-0.0499646,9.50889e-05,-0.000994778,0.0499746,100000,100000,1904.78,0,0,0,0,0,0,0,0,0,0,0,0,0,1
stats,874,1,875,0.00500595,0.00147104,0,564.371,-0.0499646,9.5086e-05,-0.000994777,0.0499746,100000,100000,1904.78,0,0.00500595,0.00147104,0,564.371,-0.0499646,9.5086e-05,-0.000994777,0.0499746,100000,100000,1904.78,0,0.00500595,0.00147104,0,564.371,-0.0499646,9.5086e-05,-0.000994777,0.0499746,100000,100000,1904.78,0,0.00500595,0.00147104,0,564.371,-0.0499646,9.5086e-05,-0.000994777,0.0499746,100000,100000,1904.78,0,0.00500595,0.00147104,0,564.371,-0.0499646,9.5086e-05,-0.000994777,0.0499746,100000,100000,1904.78,0,0.00500595,0.00147104,0,564.371,-0.0499646,9.5086e-05,-0.000994777,0.0499746,100000,100000,1904.78,0,0,0,0,0,0,0,0,0,0,0,0,0,1
stats,875,1,876,0.00500595,0.00147104,0,564.371,-0.0499646,9.50821e-05,-0.000994777,0.0499746,100000,100000,1904.78,0,0.00500595,0.00147104,0,564.371,-0.0499646,9.50821e-05,-0.000994777,0.0499746,100000,100000,1904.78,0,0.00500595,0.00147104,0,564.371,-0.0499646,9.50821e-05,-0.000994777,0.0499746,100000,100000,1904.78,0,0.00500595,0.00147104,0,564.371,-0.0499646,9.50821e-05,-0.000994777,0.0499746,100000,100000,1904.78,0,0.00500595,0.00147104,0,564.371,-0.0499646,9.50821e-05,-0.000994777,0.0499746,100000,100000,1904.78,0,0.00500595,0.00147104,0,564.371,-0.0499646,9.50821e-05,-0.000994777,0.0499746,100000,100000,1904.78,0,0,0,0,0,0,0,0,0,0,0,0,0,1
stats,876,1,877,0.00500595,0.00147104,0,564.371,-0.0499646,9.50776e-05,-0.000994775,0.0499746,100000,100000,1904.78,0,0.00500595,0.00147104,0,564.371,-0.0499646,9.50776e-05,-0.000994775,0.0499746,100000,100000,1904.78,0,0.00500595,0.00147104,0,564.371,-0.0499646,9.50776e-05,-0.000994775,0.0499746,100000,100000,1904.78,0,0.00500595,0.00147104,0,564.371,-0.0499646,9.50776e-05,-0.000994775,0.0499746,100000,100000,1904.78,0,0.00500595,0.00147104,0,564.371,-0.0499646,9.50776e-05,-0.000994775,0.0499746,100000,100000,1904.78,0,0.00500595,0.00147104,0,564.371,-0.0499646,9.50776e-05,-0.000994775,0.0499746,100000,100000,1904.78,0,0,0,0,0,0,0,0,0,0,0,0,0,1
stats,877,1,878,0.00500595,0.00147104,0,564.371,-0.0499646,9.50734e-05,-0.000994773,0.0499746,100000,100000,1904.78,0,0.00500595,0.00147104,0,564.371,-0.0499646,9.50734e-05,-0.000994773,0.0499746,100000,100000,1904.78,0,0.00500595,0.00147104,0,564.371,-0.0499646,9.50734e-05,-0.000994773,0.0499746,100000,100000,1904.78,0,0.00500595,0.00147104,0,564.371,-0.0499646,9.50734e-05,-0.000994773,0.0499746,100000,100000,1904.78,0,0.00500595,0.00147104,0,564.371,-0.0499646,9.50734e-05,-0.000994773,0.0499746,100000,100000,1904.78,0,0.00500595,0.00147104,0,564.371,-0.0499646,9.50734e-05,-0.000994773,0.0499746,100000,100000,1904.78,0,0,0,0,0,0,0,0,0,0,0,0,0,1
stats,878,1,879,0.00500595,0.00147104,0,564.371,-0.0499646,9.50704e-05,-0.000994772,0.0499746,100000,100000,1904.78,0,0.00500595,0.00147104,0,564.371,-0.0499646,9.50704e-05,-0.000994772,0.0499746,100000,100000,1904.78,0,0.00500595,0.00147104,0,564.371,-0.0499646,9.50704e-05,-0.000994772,0.0499746,100000,100000,1904.78,0,0.00500595,0.00147104,0,564.371,-0.0499646,9.50704e-05,-0.000994772,0.0499746,100000,100000,1904.78,0,0.00500595,0.00147104,0,564.371,-0.0499646,9.50704e-05,-0.000994772,0.0499746,100000,100000,1904.78,0,0.00500595,0.00147104,0,564.371,-0.0499646,9.50704e-05,-0.000994772,0.0499746,100000,100000,1904.78,0,0,0,0,0,0,0,0,0,0,0,0,0,1
stats,879,1,880,0.00500595,0.00147104,0,564.371,-0.0499646,9.50693e-05,-0.000994771,0.0499746,100000,100000,1904.78,0,0.00500595,0.00147104,0,564.371,-0.0499646,9.50693e-05,-0.000994771,0.0499746,100000,100000,1904.78,0,0.00500595,0.00147104,0,564.371,-0.0499646,9.50693e-05,-0.000994771,0.0499746,100000,100000,1904.78,0,0.00500595,0.00147104,0,564.371,-0.0499646,9.50693e-05,-0.000994771,0.0499746,100000,100000,1904.78,0,0.00500595,0.00147104,0,564.371,-0.0499646,9.50693e-05,-0.000994771,0.0499746,100000,100000,1904.78,0,0.00500595,0.00147104,0,564.371,-0.0499646,9.50693e-05,-0.000994771,0.0499746,100000,100000,1904.78,0,0,0,0,0,0,0,0,0,0,0,0,0,1
stats,880,1,881,0.00500595,0.00147104,0,564.371,-0.0499646,9.50701e-05,-0.000994771,0.0499746,100000,100000,1904.78,0,0.00500595,0.00147104,0,564.371,-0.0499646,9.50701e-05,-0.000994771,0.0499746,100000,100000,1904.78,0,0.00500595,0.00147104,0,564.371,-0.0499646,9.50701e-05,-0.000994771,0.0499746,100000,100000,1904.78,0,0.00500595,0.00147104,0,564.371,-0.0499646,9.50701e-05,-0.000994771,0.0499746,100000,100000,1904.78,0,0.00500595,0.00147104,0,564.371,-0.0499646,9.50701e-05,-0.000994771,0.0499746,100000,100000,1904.78,0,0.00500595,0.00147104,0,564.371,-0.0499646,9.50701e-05,-0.000994771,0.0499746,100000,100000,1904.78,0,0,0,0,0,0,0,0,0,0,0,0,0,1
stats,881,1,882,0.00500595,0.00147104,0,564.371,-0.0499646,9.50726e-05,-0.000994772,0.0499746,100000,100000,1904.78,0,0.00500595,0.00147104,0,564.371,-0.0499646,9.50726e-05,-0.000994772,0.0499746,100000,100000,1904.78,0,0.00500595,0.00147104,0,564.371,-0.0499646,9.50726e-05,-0.000994772,0.0499746,100000,100000,1904.78,0,0.00500595,0.00147104,0,564.371,-0.0499646,9.50726e-05,-0.000994772,0.0499746,100000,100000,1904.78,0,0.00500595,0.00147104,0,564.371,-0.0499646,9.50726e-05,-0.000994772,0.0499746,100000,100000,1904.78,0,0.00500595,0.00147104,0,564.371,-0.0499646,9.50726e-05,-0.000994772,0.0499746,100000,100000,1904.78,0,0,0,0,0,0,0,0,0,0,0,0,0,1
stats,882,1,883,0.00500595,0.00147104,0,564.371,-0.0499646,9.50759e-05,-0.000994774,0.0499746,100000,100000,1904.78,0,0.00500595,0.00147104,0,564.371,-0.0499646,9.50759e-05,-0.000994774,0.0499746,100000,100000,1904.78,0,0.00500595,0.00147104,0,564.371,-0.0499646,9.50759e-05,-0.000994774,0.0499746,100000,100000,1904.78,0,0.00500595,0.00147104,0,564.371,-0.0499646,9.50759e-05,-0.000994774,0.0499746,100000,100000,1904.78,0,0.00500595,0.00147104,0,564.371,-0.0499646,9.50759e-05,-0.000994774,0.0499746,100000,100000,1904.78,0,0.00500595,0.00147104,0,564.371,-0.0499646,9.50759e-05,-0.000994774,0.0499746,100000,100000,1904.78,0,0,0,0,0,0,0,0,0,0,0,0,0,1
stats,883,1,884,0.00500595,0.00147104,0,564.371,-0.0499646,9.50793e-05,-0.000994775,0.0499746,100000,100000,1904.78,0,0.00500595,0.00147104,0,564.371,-0.0499646,9.50793e-05,-0.000994775,0.0499746,100000,100000,1904.78,0,0.00500595,0.00147104,0,564.371,-0.0499646,9.50793e-05,-0.000994775,0.0499746,100000,100000,1904.78,0,0.00500595,0.00147104,0,564.371,-0.0499646,9.50793e-05,-0.000994775,0.0499746,100000,100000,1904.78,0,0.00500595,0.00147104,0,564.371,-0.0499646,9.50793e-05,-0.000994775,0.0499746,100000,100000,1904.78,0,0.00500595,0.00147104,0,564.371,-0.0499646,9.50793e-05,-0.000994775,0.0499746,100000,100000,1904.78,0,0,0,0,0,0,0,0,0,0,0,0,0,1
stats,884,1,885,0.00500595,0.00147104,0,564.371,-0.0499646,9.50824e-05,-0.000994776,0.0499746,100000,100000,1904.78,0,0.00500595,0.00147104,0,564.371,-0.0499646,9.50824e-05,-0.000994776,0.0499746,100000,100000,1904.78,0,0.00500595,0.00147104,0,564.371,-0.0499646,9.50824e-05,-0.000994776,0.0499746,100000,100000,1904.78,0,0.00500595,0.00147104,0,564.371,-0.0499646,9.50824e-05,-0.000994776,0.0499746,100000,100000,1904.78,0,0.00500595,0.00147104,0,564.371,-0.0499646,9.50824e-05,-0.000994776,0.0499746,100000,100000,1904.78,0,0.00500595,0.00147104,0,564.371,-0.0499646,9.50824e-05,-0.000994776,0.0499746,100000,100000,1904.78,0,0,0,0,0,0,0,0,0,0,0,0,0,1
stats,885,1,886,0.00500595,0.00147104,0,564.371,-0.0499646,9.50851e-05,-0.000994777,0.0499746,100000,100000,1904.78,0,0.00500595,0.00147104,0,564.371,-0.0499646,9.50851e-05,-0.000994777,0.0499746,100000,100000,1904.78,0,0.00500595,0.00147104,0,564.371,-0.0499646,9.50851e-05,-0.000994777,0.0499746,100000,100000,1904.78,0,0.00500595,0.00147104,0,564.371,-0.0499646,9.50851e-05,-0.000994777,0.0499746,100000,100000,1904.78,0,0.00500595,0.00147104,0,564.371,-0.0499646,9.50851e-05,-0.000994777,0.0499746,100000,100000,1904.78,0,0.00500595,0.00147104,0,564.371,-0.0499646,9.50851e-05,-0.000994777,0.0499746,100000,100000,1904.78,0,0,0,0,0,0,0,0,0,0,0,0,0,1
stats,886,1,887,0.00500595,0.00147104,0,564.371,-0.0499646,9.50873e-05,-0.000994777,0.0499746,100000,100000,1904.78,0,0.00500595,0.00147104,0,564.371,-0.0499646,9.50873e-05,-0.000994777,0.0499746,100000,100000,1904.78,0,0.00500595,0.00147104,0,564.371,-0.0499646,9.50873e-05,-0.000994777,0.0499746,100000,100000,1904.78,0,0.00500595,0.00147104,0,564.371,-0.0499646,9.50873e-05,-0.000994777,0.0499746,100000,100000,1904.78,0,0.00500595,0.00147104,0,564.371,-0.0499646,9.50873e-05,-0.000994777,0.0499746,100000,100000,1904.78,0,0.00500595,0.00147104,0,564.371,-0.0499646,9.50873e-05,-0.000994777,0.0499746,100000,100000,1904.78,0,0,0,0,0,0,0,0,0,0,0,0,0,1
stats,887,1,888,0.00500595,0.00147104,0,564.371,-0.0499646,9.50892e-05,-0.000994776,0.0499746,100000,100000,1904.78,0,0.00500595,0.00147104,0,564.371,-0.0499646,9.50892e-05,-0.000994776,0.0499746,100000,100000,1904.78,0,0.00500595,0.00147104,0,564.371,-0.0499646,9.50892e-05,-0.000994776,0.0499746,100000,100000,1904.78,0,0.00500595,0.00147104,0,564.371,-0.0499646,9.50892e-05,-0.000994776,0.0499746,100000,100000,1904.78,0,0.00500595,0.00147104,0,564.371,-0.0499646,9.50892e-05,-0.000994776,0.0499746,100000,100000,1904.78,0,0.00500595,0.00147104,0,564.371,-0.0499646,9.50892e-05,-0.000994776,0.0499746,100000,100000,1904.78,0,0,0,0,0,0,0,0,0,0,0,0,0,1
stats,888,1,889,0.00500595,0.00147104,0,564.371,-0.0499646,9.50909e-05,-0.000994776,0.0499746,100000,100000,1904.78,0,0.00500595,0.00147104,0,564.371,-0.0499646,9.50909e-05,-0.000994776,0.0499746,100000,100000,1904.78,0,0.00500595,0.00147104,0,564.371,-0.0499646,9.50909e-05,-0.000994776,0.0499746,100000,100000,1904.78,0,0.00500595,0.00147104,0,564.371,-0.0499646,9.50909e-05,-0.000994776,0.0499746,100000,100000,1904.78,0,0.00500595,0.00147104,0,564.371,-0.0499646,9.50909e-05,-0.000994776,0.0499746,100000,100000,1904.78,0,0.00500595,0.00147104,0,564.371,-0.0499646,9.50909e-05,-0.000994776,0.0499746,100000,100000,1904.78,0,0,0,0,0,0,0,0,0,0,0,0,0,1
stats,889,1,890,0.00500595,0.00147104,0,564.371,-0.0499646,9.50921e-05,-0.000994776,0.0499746,100000,100000,1904.78,0,0.00500595,0.00147104,0,564.371,-0.0499646,9.50921e-05,-0.000994776,0.0499746,100000,100000,1904.78,0,0.00500595,0.00147104,0,564.371,-0.0499646,9.50921e-05,-0.000994776,0.0499746,100000,100000,1904.78,0,0.00500595,0.00147104,0,564.371,-0.0499646,9.50921e-05,-0.000994776,0.0499746,100000,100000,1904.78,0,0.00500595,0.00147104,0,564.371,-0.0499646,9.50921e-05,-0.000994776,0.0499746,100000,100000,1904.78,0,0.00500595,0.00147104,0,564.371,-0.0499646,9.50921e-05,-0.000994776,0.0499746,100000,100000,1904.78,0,0,0,0,0,0,0,0,0,0,0,0,0,1
stats,890,1,891,0.00500595,0.00147104,0,564.371,-0.0499646,9.50925e-05,-0.000994776,0.0499746,100000,100000,1904.78,0,0.00500595,0.00147104,0,564.371,-0.0499646,9.50925e-05,-0.000994776,0.0499746,100000,100000,1904.78,0,0.00500595,0.00147104,0,564.371,-0.0499646,9.50925e-05,-0.000994776,0.0499746,100000,100000,1904.78,0,0.00500595,0.00147104,0,564.371,-0.0499646,9.50925e-05,-0.000994776,0.0499746,100000,100000,1904.78,0,0.00500595,0.00147104,0,564.371,-0.0499646,9.50925e-05,-0.000994776,0.0499746,100000,100000,1904.78,0,0.00500595,0.00147104,0,564.371,-0.0499646,9.50925e-05,-0.000994776,0.0499746,100000,100000,1904.78,0,0,0,0,0,0,0,0,0,0,0,0,0,1
stats,891,1,892,0.00500595,0.00147104,0,564.371,-0.0499646,9.50914e-05,-0.000994776,0.0499746,100000,100000,1904.78,0,0.00500595,0.00147104,0,564.371,-0.0499646,9.50914e-05,-0.000994776,0.0499746,100000,100000,1904.78,0,0.00500595,0.00147104,0,564.371,-0.0499646,9.50914e-05,-0.000994776,0.0499746,100000,100000,1904.78,0,0.00500595,0.00147104,0,564.371,-0.0499646,9.50914e-05,-0.000994776,0.0499746,100000,100000,1904.78,0,0.00500595,0.00147104,0,564.371,-0.0499646,9.50914e-05,-0.000994776,0.0499746,100000,100000,1904.78,0,0.00500595,0.00147104,0,564.371,-0.0499646,9.50914e-05,-0.000994776,0.0499746,100000,100000,1904.78,0,0,0,0,0,0,0,0,0,0,0,0,0,1
stats,892,1,893,0.00500595,0.00147104,0,564.371,-0.0499646,9.50887e-05,-0.000994775,0.0499746,100000,100000,1904.78,0,0.00500595,0.00147104,0,564.371,-0.0499646,9.50887e-05,-0.000994775,0.0499746,100000,100000,1904.78,0,0.00500595,0.00147104,0,564.371,-0.0499646,9.50887e-05,-0.000994775,0.0499746,100000,100000,1904.78,0,0.00500595,0.00147104,0,564.371,-0.0499646,9.50887e-05,-0.000994775,0.0499746,100000,100000,1904.78,0,0.00500595,0.00147104,0,564.371,-0.0499646,9.50887e-05,-0.000994775,0.0499746,100000,100000,1904.78,0,0.00500595,0.00147104,0,564.371,-0.0499646,9.50887e-05,-0.000994775,0.0499746,100000,100000,1904.78,0,0,0,0,0,0,0,0,0,0,0,0,0,1
stats,893,1,894,0.00500595,0.00147104,0,564.371,-0.0499646,9.50847e-05,-0.000994774,0.0499746,100000,100000,1904.78,0,0.00500595,0.00147104,0,564.371,-0.0499646,9.50847e-05,-0.000994774,0.0499746,100000,100000,1904.78,0,0.00500595,0.00147104,0,564.371,-0.0499646,9.50847e-05,-0.000994774,0.0499746,100000,100000,1904.78,0,0.00500595,0.00147104,0,564.371,-0.0499646,9.50847e-05,-0.000994774,0.0499746,100000,100000,1904.78,0,0.00500595,0.00147104,0,564.371,-0.0499646,9.50847e-05,-0.000994774,0.0499746,100000,100000,1904.78,0,0.00500595,0.00147104,0,564.371,-0.0499646,9.50847e-05,-0.000994774,0.0499746,100000,100000,1904.78,0,0,0,0,0,0,0,0,0,0,0,0,0,1
stats,894,1,895,0.00500595,0.00147104,0,564.371,-0.0499646,9.50802e-05,-0.000994772,0.0499746,100000,100000,1904.78,0,0.00500595,0.00147104,0,564.371,-0.0499646,9.50802e-05,-0.000994772,0.0499746,100000,100000,1904.78,0,0.00500595,0.00147104,0,564.371,-0.0499646,9.50802e-05,-0.000994772,0.0499746,100000,100000,1904.78,0,0.00500595,0.00147104,0,564.371,-0.0499646,9.50802e-05,-0.000994772,0.0499746,100000,100000,1904.78,0,0.00500595,0.00147104,0,564.371,-0.0499646,9.50802e-05,-0.000994772,0.0499746,100000,100000,1904.78,0,0.00500595,0.00147104,0,564.371,-0.0499646,9.50802e-05,-0.000994772,0.0499746,100000,100000,1904.78,0,0,0,0,0,0,0,0,0,0,0,0,0,1
stats,895,1,896,0.00500595,0.00147104,0,564.371,-0.0499646,9.50759e-05,-0.00099477,0.0499746,100000,100000,1904.78,0,0.00500595,0.00147104,0,564.371,-0.0499646,9.50759e-05,-0.00099477,0.0499746,100000,100000,1904.78,0,0.00500595,0.00147104,0,564.371,-0.0499646,9.50759e-05,-0.00099477,0.0499746,100000,100000,1904.78,0,0.00500595,0.00147104,0,564.371,-0.0499646,9.50759e-05,-0.00099477,0.0499746,100000,100000,1904.78,0,0.00500595,0.00147104,0,564.371,-0.0499646,9.50759e-05,-0.00099477,0.0499746,100000,100000,1904.78,0,0.00500595,0.00147104,0,564.371,-0.0499646,9.50759e-05,-0.00099477,0.0499746,100000,100000,1904.78,0,0,0,0,0,0,0,0,0,0,0,0,0,1
stats,896,1,897,0.00500595,0.00147104,0,564.371,-0.0499646,9.50728e-05,-0.000994769,0.0499746,100000,100000,1904.78,0,0.00500595,0.00147104,0,564.371,-0.0499646,9.50728e-05,-0.000994769,0.0499746,100000,100000,1904.78,0,0.00500595,0.00147104,0,564.371,-0.0499646,9.50728e-05,-0.000994769,0.0499746,100000,100000,1904.78,0,0.00500595,0.00147104,0,564.371,-0.0499646,9.50728e-05,-0.000994769,0.0499746,100000,100000,1904.78,0,0.00500595,0.00147104,0,564.371,-0.0499646,9.50728e-05,-0.000994769,0.0499746,100000,100000,1904.78,0,0.00500595,0.00147104,0,564.371,-0.0499646,9.50728e-05,-0.000994769,0.0499746,100000,100000,1904.78,0,0,0,0,0,0,0,0,0,0,0,0,0,1
stats,897,1,898,0.00500595,0.00147104,0,564.371,-0.0499646,9.50712e-05,-0.000994769,0.0499746,100000,100000,1904.78,0,0.00500595,0.00147104,0,564.371,-0.0499646,9.50712e-05,-0.000994769,0.0499746,100000,100000,1904.78,0,0.00500595,0.00147104,0,564.371,-0.0499646,9.50712e-05,-0.000994769,0.0499746,100000,100000,1904.78,0,0.00500595,0.00147104,0,564.371,-0.0499646,9.50712e-05,-0.000994769,0.0499746,100000,100000,1904.78,0,0.00500595,0.00147104,0,564.371,-0.0499646,9.50712e-05,-0.000994769,0.0499746,100000,100000,1904.78,0,0.00500595,0.00147104,0,564.371,-0.0499646,9.50712e-05,-0.000994769,0.0499746,100000,100000,1904.78,0,0,0,0,0,0,0,0,0,0,0,0,0,1
stats,898,1,899,0.00500595,0.00147104,0,564.371,-0.0499646,9.50712e-05,-0.00099477,0.0499746,100000,100000,1904.78,0,0.00500595,0.00147104,0,564.371,-0.0499646,9.50712e-05,-0.00099477,0.0499746,100000,100000,1904.78,0,0.00500595,0.00147104,0,564.371,-0.0499646,9.50712e-05,-0.00099477,0.0499746,100000,100000,1904.78,0,0.00500595,0.00147104,0,564.371,-0.0499646,9.50712e-05,-0.00099477,0.0499746,100000,100000,1904.78,0,0.00500595,0.00147104,0,564.371,-0.0499646,9.50712e-05,-0.00099477,0.0499746,100000,100000,1904.78,0,0.00500595,0.00147104,0,564.371,-0.0499646,9.50712e-05,-0.00099477,0.0499746,100000,100000,1904.78,0,0,0,0,0,0,0,0,0,0,0,0,0,1
stats,899,1,900,0.00500595,0.00147104,0,564.371,-0.0499646,9.50725e-05,-0.000994773,0.0499746,100000,100000,1904.78,0,0.00500595,0.00147104,0,564.371,-0.0499646,9.50725e-05,-0.000994773,0.0499746,100000,100000,1904.78,0,0.00500595,0.00147104,0,564.371,-0.0499646,9.50725e-05,-0.000994773,0.0499746,100000,100000,1904.78,0,0.00500595,0.00147104,0,564.371,-0.0499646,9.50725e-05,-0.000994773,0.0499746,100000,100000,1904.78,0,0.00500595,0.00147104,0,564.371,-0.0499646,9.50725e-05,-0.000994773,0.0499746,100000,100000,1904.78,0,0.00500595,0.00147104,0,564.371,-0.0499646,9.50725e-05,-0.000994773,0.0499746,100000,100000,1904.78,0,0,0,0,0,0,0,0,0,0,0,0,0,1
