$MeshFormat
4.1 0 8
$EndMeshFormat
$Entities
158 268 111 0
1 0 0 1 0 
2 0 1 1 0 
3 0 -1 1 0 
4 1 0 1 0 
5 0.4 0.4 1 0 
6 0.4 0.45 1 0 
7 0.45 0.4 1 0 
8 0.4 0.35 1 0 
9 0.35 0.4 1 0 
10 0.35 -0.4 1 0 
11 0.4 -0.4 1 0 
12 0.4 -0.45 1 0 
13 0.45 -0.4 1 0 
14 0.4 -0.35 1 0 
15 0.7 0 1 0 
16 0.75 0 1 0 
17 0.65 0 1 0 
18 0.7 0.05 1 0 
19 0.7 -0.05 1 0 
20 0 -1 3 0 
21 1 0 3 0 
22 0 1 3 0 
23 0.7 -0.05 3 0 
24 0.75 0 3 0 
25 0.65 0 3 0 
26 0.7 0.05 3 0 
27 0.4 -0.45 3 0 
28 0.45 -0.4 3 0 
29 0.35 -0.4 3 0 
30 0.4 -0.35 3 0 
31 0.4 0.35 3 0 
32 0.45 0.4 3 0 
33 0.35 0.4 3 0 
34 0.4 0.45 3 0 
35 1 0 5 0 
36 0 1 5 0 
37 0 -1 5 0 
38 0.7 -0.05 5 0 
39 0.75 0 5 0 
40 0.7 0.05 5 0 
41 0.65 0 5 0 
42 0.4 0.35 5 0 
43 0.45 0.4 5 0 
44 0.35 0.4 5 0 
45 0.4 0.45 5 0 
46 0.4 -0.45 5 0 
47 0.45 -0.4 5 0 
48 0.4 -0.35 5 0 
49 0.35 -0.4 5 0 
50 0 0 0 0 
51 -1 0 0 0 
52 0 1 0 0 
53 0 -1 0 0 
54 -0.35 0.4 0 0 
55 -0.35 -0.4 0 0 
56 -0.6499999999999999 0 0 0 
57 -1 0 2 0 
58 0 1 2 0 
59 0 -1 2 0 
60 -0.6499999999999999 0 2 0 
61 -0.35 -0.4 2 0 
62 -0.35 0.4 2 0 
63 0 -1 4 0 
64 -1 0 4 0 
65 0 1 4 0 
66 -0.6499999999999999 0 4 0 
67 -0.35 0.4 4 0 
68 -0.35 -0.4 4 0 
69 0.4 -0.45 0 0 
70 0.45 -0.4 0 0 
71 0.4 -0.35 0 0 
72 0.35 -0.4 0 0 
73 0.75 0 0 0 
74 0.7 0.05 0 0 
75 0.65 0 0 0 
76 0.7 -0.05 0 0 
77 0.45 0.4 0 0 
78 0.4 0.45 0 0 
79 0.4 0.35 0 0 
80 0.35 0.4 0 0 
81 -0.35 -0.4 5 0 
82 -0.6499999999999999 0 5 0 
83 -0.35 0.4 5 0 
84 -0.09999999999999998 0 5 0 
85 0.5 0 0 0 
86 0 0 5 0 
87 0 -1 0 0 
88 1 0 0 0 
89 0 -1 3 0 
90 1 0 3 0 
91 0 -1 5 0 
92 1 0 5 0 
93 1 0 3 0 
94 0 1 3 0 
95 1 0 5 0 
96 0 1 5 0 
97 -1 0 2 0 
98 0 1 2 0 
99 0 -1 2 0 
100 -1 0 4 0 
101 0 1 4 0 
102 0 -1 4 0 
103 0 -1 2 0 
104 -1 0 2 0 
105 0 1 1 0 
106 0 -1 1 0 
107 -1 0 5 0 
108 0 1 5 0 
109 0 -1 5 0 
110 1 0 5 0 
111 -1 1.224606353822377e-16 5 0 
112 1 1 5 0 
113 1 -1 5 0 
114 1 1 5 0 
115 1 1 0 0 
116 1 -1 0 0 
117 0.5 0 -1 0 
118 -0.09999999999999998 0 6 0 
119 -0.35 0.4 6 0 
120 -0.6499999999999999 0 6 0 
121 -0.35 -0.4 6 0 
122 0.45 0.4 6 0 
123 0.4 0.45 6 0 
124 0.4 0.35 6 0 
125 0.35 0.4 6 0 
126 0.45 -0.4 6 0 
127 0.4 -0.35 6 0 
128 0.4 -0.45 6 0 
129 0.35 -0.4 6 0 
130 0.75 0 6 0 
131 0.7 0.05 6 0 
132 0.7 -0.05 6 0 
133 0.65 0 6 0 
134 -0.6499999999999999 0 -1 0 
135 -0.35 -0.4 -1 0 
136 -0.35 0.4 -1 0 
137 0.4 0.35 -1 0 
138 0.45 0.4 -1 0 
139 0.4 0.45 -1 0 
140 0.35 0.4 -1 0 
141 0.7 -0.05 -1 0 
142 0.75 0 -1 0 
143 0.7 0.05 -1 0 
144 0.65 0 -1 0 
145 0.4 -0.45 -1 0 
146 0.45 -0.4 -1 0 
147 0.4 -0.35 -1 0 
148 0.35 -0.4 -1 0 
149 1 0 1 0 
150 0 1 1 0 
151 0 -1 1 0 
152 -1 0 5 0 
153 0 1 5 0 
154 0 -1 5 0 
155 1 0 1 0 
156 0 1 1 0 
157 1 0 0 0 
158 0 1 0 0 
1 -1.000000000583867e-07 -1.0000001 0.9999999000000001 1.0000001 9.999999983634211e-08 1.0000001 0 2 3 -4 
2 -9.999999983634211e-08 -1.000000001138979e-07 0.9999999000000001 1.0000001 1.0000001 1.0000001 0 2 4 -2 
3 0.3999999 -0.4500001 0.9999999000000001 0.4500001 -0.3999999 1.0000001 0 2 12 -13 
4 0.3999999 -0.4000001 0.9999999000000001 0.4500001 -0.3499999 1.0000001 0 2 13 -14 
5 0.3499999 -0.4000001 0.9999999000000001 0.4000001 -0.3499999 1.0000001 0 2 14 -10 
6 0.3499999 -0.4500001000000001 0.9999999000000001 0.4000001 -0.3999999 1.0000001 0 2 10 -12 
7 0.6999999 -0.05000010000000001 0.9999999000000001 0.7500000999999999 9.999999999246723e-08 1.0000001 0 2 19 -16 
8 0.6999999 -1.00000000006345e-07 0.9999999000000001 0.7500000999999999 0.05000010000000005 1.0000001 0 2 16 -18 
9 0.6499999 -9.999999998899778e-08 0.9999999000000001 0.7000000999999999 0.05000010000000001 1.0000001 0 2 18 -17 
10 0.6499999000000001 -0.05000009999999994 0.9999999000000001 0.7000000999999999 9.999999999940612e-08 1.0000001 0 2 17 -19 
11 0.3999999 0.3499999 0.9999999000000001 0.4500001000000001 0.4000001 1.0000001 0 2 8 -7 
12 0.3999999 0.3999999 0.9999999000000001 0.4500001 0.4500001 1.0000001 0 2 7 -6 
13 0.3499999 0.3999999 0.9999999000000001 0.4000001 0.4500001 1.0000001 0 2 6 -9 
14 0.3499999 0.3499999 0.9999999000000001 0.4000001 0.4000001 1.0000001 0 2 9 -8 
15 -1e-07 -9.999999994736442e-08 0.9999999000000001 1e-07 1.0000001 1.0000001 0 2 2 -1 
16 -1e-07 -1.0000001 0.9999999000000001 1e-07 9.999999994736442e-08 1.0000001 0 2 1 -3 
17 -1e-07 -1.0000001 0.9999999000000002 1e-07 -0.9999999000000001 3.0000001 0 2 3 -20 
18 0.9999999000000001 -1e-07 0.9999999000000002 1.0000001 1e-07 3.0000001 0 2 4 -21 
19 -1.000000000583867e-07 -1.0000001 2.9999999 1.0000001 9.999999983634211e-08 3.0000001 0 2 20 -21 
20 -1e-07 0.9999999000000001 0.9999999000000002 1e-07 1.0000001 3.0000001 0 2 2 -22 
21 -9.999999983634211e-08 -1.000000001138979e-07 2.9999999 1.0000001 1.0000001 3.0000001 0 2 21 -22 
22 0.6999999 -0.05000010000000001 0.9999999000000002 0.7000000999999999 -0.0499999 3.0000001 0 2 19 -23 
23 0.7499999000000001 -1e-07 0.9999999000000002 0.7500000999999999 1e-07 3.0000001 0 2 16 -24 
24 0.6999999 -0.05000010000000001 2.9999999 0.7500000999999999 9.999999999246723e-08 3.0000001 0 2 23 -24 
25 0.6499999000000001 -1e-07 0.9999999000000002 0.6500001 1e-07 3.0000001 0 2 17 -25 
26 0.6499999000000001 -0.05000009999999994 2.9999999 0.7000000999999999 9.999999999940612e-08 3.0000001 0 2 25 -23 
27 0.6999999 0.0499999 0.9999999000000002 0.7000000999999999 0.05000010000000001 3.0000001 0 2 18 -26 
28 0.6499999 -9.999999998899778e-08 2.9999999 0.7000000999999999 0.05000010000000001 3.0000001 0 2 26 -25 
29 0.6999999 -1.00000000006345e-07 2.9999999 0.7500000999999999 0.05000010000000005 3.0000001 0 2 24 -26 
30 0.3999999 -0.4500001 0.9999999000000002 0.4000001 -0.4499999 3.0000001 0 2 12 -27 
31 0.4499999 -0.4000001 0.9999999000000002 0.4500001 -0.3999999 3.0000001 0 2 13 -28 
32 0.3999999 -0.4500001 2.9999999 0.4500001 -0.3999999 3.0000001 0 2 27 -28 
33 0.3499999 -0.4000001 0.9999999000000002 0.3500001 -0.3999999 3.0000001 0 2 10 -29 
34 0.3499999 -0.4500001000000001 2.9999999 0.4000001 -0.3999999 3.0000001 0 2 29 -27 
35 0.3999999 -0.3500001 0.9999999000000002 0.4000001 -0.3499999 3.0000001 0 2 14 -30 
36 0.3499999 -0.4000001 2.9999999 0.4000001 -0.3499999 3.0000001 0 2 30 -29 
37 0.3999999 -0.4000001 2.9999999 0.4500001 -0.3499999 3.0000001 0 2 28 -30 
38 0.3999999 0.3499999 0.9999999000000002 0.4000001 0.3500001 3.0000001 0 2 8 -31 
39 0.4499999 0.3999999 0.9999999000000002 0.4500001 0.4000001 3.0000001 0 2 7 -32 
40 0.3999999 0.3499999 2.9999999 0.4500001000000001 0.4000001 3.0000001 0 2 31 -32 
41 0.3499999 0.3999999 0.9999999000000002 0.3500001 0.4000001 3.0000001 0 2 9 -33 
42 0.3499999 0.3499999 2.9999999 0.4000001 0.4000001 3.0000001 0 2 33 -31 
43 0.3999999 0.4499999 0.9999999000000002 0.4000001 0.4500001 3.0000001 0 2 6 -34 
44 0.3499999 0.3999999 2.9999999 0.4000001 0.4500001 3.0000001 0 2 34 -33 
45 0.3999999 0.3999999 2.9999999 0.4500001 0.4500001 3.0000001 0 2 32 -34 
46 -1e-07 -1.0000001 2.9999999 1e-07 1.0000001 3.0000001 0 2 22 -20 
47 0.9999999000000001 -1e-07 2.9999999 1.0000001 1e-07 5.0000001 0 2 21 -35 
48 -1e-07 0.9999999000000001 2.9999999 1e-07 1.0000001 5.0000001 0 2 22 -36 
49 -9.999999983634211e-08 -1.000000001138979e-07 4.9999999 1.0000001 1.0000001 5.0000001 0 2 35 -36 
50 -1e-07 -1.0000001 2.9999999 1e-07 -0.9999999000000001 5.0000001 0 2 20 -37 
51 -1.000000000583867e-07 -1.0000001 4.9999999 1.0000001 9.999999983634211e-08 5.0000001 0 2 37 -35 
52 0.6999999 -0.05000010000000001 2.9999999 0.7000000999999999 -0.0499999 5.0000001 0 2 23 -38 
53 0.7499999000000001 -1e-07 2.9999999 0.7500000999999999 1e-07 5.0000001 0 2 24 -39 
54 0.6999999 -0.05000010000000001 4.9999999 0.7500000999999999 9.999999999246723e-08 5.0000001 0 2 38 -39 
55 0.6999999 0.0499999 2.9999999 0.7000000999999999 0.05000010000000001 5.0000001 0 2 26 -40 
56 0.6999999 -1.00000000006345e-07 4.9999999 0.7500000999999999 0.05000010000000005 5.0000001 0 2 39 -40 
57 0.6499999000000001 -1e-07 2.9999999 0.6500001 1e-07 5.0000001 0 2 25 -41 
58 0.6499999 -9.999999998899778e-08 4.9999999 0.7000000999999999 0.05000010000000001 5.0000001 0 2 40 -41 
59 0.6499999000000001 -0.05000009999999994 4.9999999 0.7000000999999999 9.999999999940612e-08 5.0000001 0 2 41 -38 
60 0.3999999 0.3499999 2.9999999 0.4000001 0.3500001 5.0000001 0 2 31 -42 
61 0.4499999 0.3999999 2.9999999 0.4500001 0.4000001 5.0000001 0 2 32 -43 
62 0.3999999 0.3499999 4.9999999 0.4500001000000001 0.4000001 5.0000001 0 2 42 -43 
63 0.3499999 0.3999999 2.9999999 0.3500001 0.4000001 5.0000001 0 2 33 -44 
64 0.3499999 0.3499999 4.9999999 0.4000001 0.4000001 5.0000001 0 2 44 -42 
65 0.3999999 0.4499999 2.9999999 0.4000001 0.4500001 5.0000001 0 2 34 -45 
66 0.3499999 0.3999999 4.9999999 0.4000001 0.4500001 5.0000001 0 2 45 -44 
67 0.3999999 0.3999999 4.9999999 0.4500001 0.4500001 5.0000001 0 2 43 -45 
68 0.3999999 -0.4500001 2.9999999 0.4000001 -0.4499999 5.0000001 0 2 27 -46 
69 0.4499999 -0.4000001 2.9999999 0.4500001 -0.3999999 5.0000001 0 2 28 -47 
70 0.3999999 -0.4500001 4.9999999 0.4500001 -0.3999999 5.0000001 0 2 46 -47 
71 0.3999999 -0.3500001 2.9999999 0.4000001 -0.3499999 5.0000001 0 2 30 -48 
72 0.3999999 -0.4000001 4.9999999 0.4500001 -0.3499999 5.0000001 0 2 47 -48 
73 0.3499999 -0.4000001 2.9999999 0.3500001 -0.3999999 5.0000001 0 2 29 -49 
74 0.3499999 -0.4000001 4.9999999 0.4000001 -0.3499999 5.0000001 0 2 48 -49 
75 0.3499999 -0.4500001000000001 4.9999999 0.4000001 -0.3999999 5.0000001 0 2 49 -46 
76 -1e-07 -1.0000001 4.9999999 1e-07 1.0000001 5.0000001 0 2 37 -36 
77 -1.0000001 -1.0000001 -1e-07 1.000000000583867e-07 9.999999983634211e-08 1e-07 0 2 53 -51 
78 -1.0000001 -1.000000001138979e-07 -1e-07 9.999999983634211e-08 1.0000001 1e-07 0 2 51 -52 
79 -1e-07 -9.999999994736442e-08 -1e-07 1e-07 1.0000001 1e-07 0 2 52 -50 
80 -1e-07 -1.0000001 -1e-07 1e-07 9.999999994736442e-08 1e-07 0 2 50 -53 
81 -0.4500001 0.3499999 -1e-07 -0.3499999 0.4500001 1e-07 0 2 54 -54 
82 -0.4500001 -0.4500001 -1e-07 -0.3499999 -0.3499999 1e-07 0 2 55 -55 
83 -0.7500000999999999 -0.05000010000000001 -1e-07 -0.6499999 0.05000010000000001 1e-07 0 2 56 -56 
84 -1.0000001 -1e-07 -9.999999994736442e-08 -0.9999999000000001 1e-07 2.0000001 0 2 51 -57 
85 -1e-07 0.9999999000000001 -9.999999994736442e-08 1e-07 1.0000001 2.0000001 0 2 52 -58 
86 -1.0000001 -1.000000001138979e-07 1.9999999 9.999999983634211e-08 1.0000001 2.0000001 0 2 57 -58 
87 -1e-07 -1.0000001 -9.999999994736442e-08 1e-07 -0.9999999000000001 2.0000001 0 2 53 -59 
88 -1.0000001 -1.0000001 1.9999999 1.000000000583867e-07 9.999999983634211e-08 2.0000001 0 2 59 -57 
89 -0.6500000999999999 -1e-07 -9.999999994736442e-08 -0.6499999 1e-07 2.0000001 0 2 56 -60 
90 -0.7500000999999999 -0.05000010000000001 1.9999999 -0.6499999 0.05000010000000001 2.0000001 0 2 60 -60 
91 -0.3500001 -0.4000001 -9.999999994736442e-08 -0.3499999 -0.3999999 2.0000001 0 2 55 -61 
92 -0.4500001 -0.4500001 1.9999999 -0.3499999 -0.3499999 2.0000001 0 2 61 -61 
93 -0.3500001 0.3999999 -9.999999994736442e-08 -0.3499999 0.4000001 2.0000001 0 2 54 -62 
94 -0.4500001 0.3499999 1.9999999 -0.3499999 0.4500001 2.0000001 0 2 62 -62 
95 -1e-07 -1.0000001 1.9999999 1e-07 1.0000001 2.0000001 0 2 59 -58 
96 -1e-07 -1.0000001 1.9999999 1e-07 -0.9999999000000001 4.0000001 0 2 59 -63 
97 -1.0000001 -1e-07 1.9999999 -0.9999999000000001 1e-07 4.0000001 0 2 57 -64 
98 -1.0000001 -1.0000001 3.9999999 1.000000000583867e-07 9.999999983634211e-08 4.0000001 0 2 63 -64 
99 -1e-07 0.9999999000000001 1.9999999 1e-07 1.0000001 4.0000001 0 2 58 -65 
100 -1.0000001 -1.000000001138979e-07 3.9999999 9.999999983634211e-08 1.0000001 4.0000001 0 2 64 -65 
101 -0.6500000999999999 -1e-07 1.9999999 -0.6499999 1e-07 4.0000001 0 2 60 -66 
102 -0.7500000999999999 -0.05000010000000001 3.9999999 -0.6499999 0.05000010000000001 4.0000001 0 2 66 -66 
103 -0.3500001 0.3999999 1.9999999 -0.3499999 0.4000001 4.0000001 0 2 62 -67 
104 -0.4500001 0.3499999 3.9999999 -0.3499999 0.4500001 4.0000001 0 2 67 -67 
105 -0.3500001 -0.4000001 1.9999999 -0.3499999 -0.3999999 4.0000001 0 2 61 -68 
106 -0.4500001 -0.4500001 3.9999999 -0.3499999 -0.3499999 4.0000001 0 2 68 -68 
107 0.3999999 -0.4500001 -9.999999994736442e-08 0.4000001 -0.4499999 1.0000001 0 2 12 -69 
108 0.4499999 -0.4000001 -9.999999994736442e-08 0.4500001 -0.3999999 1.0000001 0 2 13 -70 
109 0.3999999 -0.4500001 -1e-07 0.4500001 -0.3999999 1e-07 0 2 69 -70 
110 0.3999999 -0.3500001 -9.999999994736442e-08 0.4000001 -0.3499999 1.0000001 0 2 14 -71 
111 0.3999999 -0.4000001 -1e-07 0.4500001 -0.3499999 1e-07 0 2 70 -71 
112 0.3499999 -0.4000001 -9.999999994736442e-08 0.3500001 -0.3999999 1.0000001 0 2 10 -72 
113 0.3499999 -0.4000001 -1e-07 0.4000001 -0.3499999 1e-07 0 2 71 -72 
114 0.3499999 -0.4500001000000001 -1e-07 0.4000001 -0.3999999 1e-07 0 2 72 -69 
115 0.7499999000000001 -1e-07 -9.999999994736442e-08 0.7500000999999999 1e-07 1.0000001 0 2 16 -73 
116 0.6999999 0.0499999 -9.999999994736442e-08 0.7000000999999999 0.05000010000000001 1.0000001 0 2 18 -74 
117 0.6999999 -1.00000000006345e-07 -1e-07 0.7500000999999999 0.05000010000000005 1e-07 0 2 73 -74 
118 0.6499999000000001 -1e-07 -9.999999994736442e-08 0.6500001 1e-07 1.0000001 0 2 17 -75 
119 0.6499999 -9.999999998899778e-08 -1e-07 0.7000000999999999 0.05000010000000001 1e-07 0 2 74 -75 
120 0.6999999 -0.05000010000000001 -9.999999994736442e-08 0.7000000999999999 -0.0499999 1.0000001 0 2 19 -76 
121 0.6499999000000001 -0.05000009999999994 -1e-07 0.7000000999999999 9.999999999940612e-08 1e-07 0 2 75 -76 
122 0.6999999 -0.05000010000000001 -1e-07 0.7500000999999999 9.999999999246723e-08 1e-07 0 2 76 -73 
123 0.4499999 0.3999999 -9.999999994736442e-08 0.4500001 0.4000001 1.0000001 0 2 7 -77 
124 0.3999999 0.4499999 -9.999999994736442e-08 0.4000001 0.4500001 1.0000001 0 2 6 -78 
125 0.3999999 0.3999999 -1e-07 0.4500001 0.4500001 1e-07 0 2 77 -78 
126 0.3999999 0.3499999 -9.999999994736442e-08 0.4000001 0.3500001 1.0000001 0 2 8 -79 
127 0.3999999 0.3499999 -1e-07 0.4500001000000001 0.4000001 1e-07 0 2 79 -77 
128 0.3499999 0.3999999 -9.999999994736442e-08 0.3500001 0.4000001 1.0000001 0 2 9 -80 
129 0.3499999 0.3499999 -1e-07 0.4000001 0.4000001 1e-07 0 2 80 -79 
130 0.3499999 0.3999999 -1e-07 0.4000001 0.4500001 1e-07 0 2 78 -80 
131 -0.3500001 -0.4000001 3.9999999 -0.3499999 -0.3999999 5.0000001 0 2 68 -81 
132 -0.4500001 -0.4500001 4.9999999 -0.3499999 -0.3499999 5.0000001 0 2 81 -81 
133 -0.6500000999999999 -1e-07 3.9999999 -0.6499999 1e-07 5.0000001 0 2 66 -82 
134 -0.7500000999999999 -0.05000010000000001 4.9999999 -0.6499999 0.05000010000000001 5.0000001 0 2 82 -82 
135 -0.3500001 0.3999999 3.9999999 -0.3499999 0.4000001 5.0000001 0 2 67 -83 
136 -0.4500001 0.3499999 4.9999999 -0.3499999 0.4500001 5.0000001 0 2 83 -83 
137 -0.5000000999999999 -0.2000001 4.9999999 -0.09999989999999997 0.2000001 5.0000001 0 2 84 -84 
138 0.09999989999999997 -0.2000001 -1e-07 0.5000000999999999 0.2000001 1e-07 0 2 85 -85 
139 -1.0000001 -1.0000001 -1e-07 1.000000000583867e-07 1.0000001 1e-07 0 2 53 -52 
140 -1.000000002249202e-07 -1.0000001 -1e-07 1.0000001 1.0000001 1e-07 0 2 52 -53 
141 -1.000000002249202e-07 -1.0000001 4.9999999 1.0000001 1.0000001 5.0000001 0 2 36 -37 
142 -1.0000001 -1.0000001 4.9999999 1.000000000583867e-07 1.0000001 5.0000001 0 2 37 -36 
143 -1e-07 -1.0000001 -9.999999994736442e-08 1e-07 -0.9999999000000001 1.0000001 0 2 3 -87 
144 0.9999999000000001 -1e-07 -9.999999994736442e-08 1.0000001 1e-07 1.0000001 0 2 4 -88 
145 -1.000000000583867e-07 -1.0000001 -1e-07 1.0000001 9.999999983634211e-08 1e-07 0 2 87 -88 
146 -1e-07 -1.0000001 0.9999999000000002 1e-07 -0.9999999000000001 3.0000001 0 2 3 -89 
147 0.9999999000000001 -1e-07 0.9999999000000002 1.0000001 1e-07 3.0000001 0 2 4 -90 
148 -1.000000000583867e-07 -1.0000001 2.9999999 1.0000001 9.999999983634211e-08 3.0000001 0 2 89 -90 
149 -1e-07 -1.0000001 2.9999999 1e-07 -0.9999999000000001 5.0000001 0 2 20 -91 
150 0.9999999000000001 -1e-07 2.9999999 1.0000001 1e-07 5.0000001 0 2 21 -92 
151 -1.000000000583867e-07 -1.0000001 4.9999999 1.0000001 9.999999983634211e-08 5.0000001 0 2 91 -92 
152 0.9999999000000001 -1e-07 0.9999999000000002 1.0000001 1e-07 3.0000001 0 2 4 -93 
153 -1e-07 0.9999999000000001 0.9999999000000002 1e-07 1.0000001 3.0000001 0 2 2 -94 
154 -9.999999983634211e-08 -1.000000001138979e-07 2.9999999 1.0000001 1.0000001 3.0000001 0 2 93 -94 
155 0.9999999000000001 -1e-07 2.9999999 1.0000001 1e-07 5.0000001 0 2 21 -95 
156 -1e-07 0.9999999000000001 2.9999999 1e-07 1.0000001 5.0000001 0 2 22 -96 
157 -9.999999983634211e-08 -1.000000001138979e-07 4.9999999 1.0000001 1.0000001 5.0000001 0 2 95 -96 
158 -1.0000001 -1e-07 -9.999999994736442e-08 -0.9999999000000001 1e-07 2.0000001 0 2 51 -97 
159 -1e-07 0.9999999000000001 -9.999999994736442e-08 1e-07 1.0000001 2.0000001 0 2 52 -98 
160 -1.0000001 -1.000000001138979e-07 1.9999999 9.999999983634211e-08 1.0000001 2.0000001 0 2 97 -98 
161 -1e-07 -1.0000001 -9.999999994736442e-08 1e-07 -0.9999999000000001 2.0000001 0 2 53 -99 
162 -1.0000001 -1.0000001 1.9999999 1.000000000583867e-07 1.0000001 2.0000001 0 2 99 -98 
163 -1.0000001 -1e-07 1.9999999 -0.9999999000000001 1e-07 4.0000001 0 2 57 -100 
164 -1e-07 0.9999999000000001 1.9999999 1e-07 1.0000001 4.0000001 0 2 58 -101 
165 -1.0000001 -1.000000001138979e-07 3.9999999 9.999999983634211e-08 1.0000001 4.0000001 0 2 100 -101 
166 -1e-07 -1.0000001 1.9999999 1e-07 -0.9999999000000001 4.0000001 0 2 59 -102 
167 -1.0000001 -1.0000001 3.9999999 1.000000000583867e-07 9.999999983634211e-08 4.0000001 0 2 102 -100 
168 -1e-07 -1.0000001 -9.999999994736442e-08 1e-07 -0.9999999000000001 2.0000001 0 2 53 -103 
169 -1.0000001 -1e-07 -9.999999994736442e-08 -0.9999999000000001 1e-07 2.0000001 0 2 51 -104 
170 -1.0000001 -1.0000001 1.9999999 1.000000000583867e-07 9.999999983634211e-08 2.0000001 0 2 103 -104 
171 -1e-07 0.9999999000000001 -9.999999994736442e-08 1e-07 1.0000001 1.0000001 0 2 52 -105 
172 -1e-07 -1.0000001 -9.999999994736442e-08 1e-07 -0.9999999000000001 1.0000001 0 2 53 -106 
173 -1.000000002249202e-07 -1.0000001 0.9999999000000001 1.0000001 1.0000001 1.0000001 0 2 105 -106 
174 -1.0000001 -1e-07 3.9999999 -0.9999999000000001 1e-07 5.0000001 0 2 64 -107 
175 -1e-07 0.9999999000000001 3.9999999 1e-07 1.0000001 5.0000001 0 2 65 -108 
176 -1.0000001 -1.000000001138979e-07 4.9999999 9.999999983634211e-08 1.0000001 5.0000001 0 2 107 -108 
177 -1e-07 -1.0000001 3.9999999 1e-07 -0.9999999000000001 5.0000001 0 2 63 -109 
178 -1.0000001 -1.0000001 4.9999999 1.000000000583867e-07 9.999999983634211e-08 5.0000001 0 2 109 -107 
179 -1.000000002249202e-07 -1.0000001 -1e-07 1.0000001 1.0000001 1e-07 0 2 52 -87 
180 -1.0000001 -1.0000001 -1e-07 1.000000000583867e-07 1.0000001 1e-07 0 2 87 -52 
181 -1.0000001 -9.999999994736442e-08 4.9999999 1.0000001 1.0000001 5.0000001 0 2 110 -111 
182 -9.999999994736442e-08 0.9999999000000001 -1e-07 1.0000001 1.0000001 1e-07 0 2 115 -52 
183 0.9999999000000001 -1.0000001 -1e-07 1.0000001 1.0000001 1e-07 0 2 116 -115 
184 -9.999999994736442e-08 -1.0000001 -1e-07 1.0000001 -0.9999999000000001 1e-07 0 2 116 -87 
185 -1.000000000583867e-07 -1.0000001 -1e-07 1.0000001 9.999999983634211e-08 1e-07 0 2 87 -88 
186 -9.999999983634211e-08 -1.000000001138979e-07 -1e-07 1.0000001 1.0000001 1e-07 0 2 88 -52 
187 -1e-07 -1.0000001 -1e-07 1e-07 9.999999994736442e-08 1e-07 0 2 50 -87 
188 -1e-07 -9.999999994736442e-08 -1e-07 1e-07 1.0000001 1e-07 0 2 52 -50 
189 0.4999999 -1e-07 -1.0000001 0.5000000999999999 1e-07 9.999999994736442e-08 0 2 85 -117 
190 0.09999989999999997 -0.2000001 -1.0000001 0.5000000999999999 0.2000001 -0.9999999000000001 0 2 117 -117 
191 -0.1000001 -1e-07 4.9999999 -0.09999989999999997 1e-07 6.0000001 0 2 84 -118 
192 -0.5000000999999999 -0.2000001 5.9999999 -0.09999989999999997 0.2000001 6.0000001 0 2 118 -118 
193 -0.3500001 0.3999999 4.9999999 -0.3499999 0.4000001 6.0000001 0 2 83 -119 
194 -0.4500001 0.3499999 5.9999999 -0.3499999 0.4500001 6.0000001 0 2 119 -119 
195 -0.6500000999999999 -1e-07 4.9999999 -0.6499999 1e-07 6.0000001 0 2 82 -120 
196 -0.7500000999999999 -0.05000010000000001 5.9999999 -0.6499999 0.05000010000000001 6.0000001 0 2 120 -120 
197 -0.3500001 -0.4000001 4.9999999 -0.3499999 -0.3999999 6.0000001 0 2 81 -121 
198 -0.4500001 -0.4500001 5.9999999 -0.3499999 -0.3499999 6.0000001 0 2 121 -121 
199 0.4499999 0.3999999 4.9999999 0.4500001 0.4000001 6.0000001 0 2 43 -122 
200 0.3999999 0.4499999 4.9999999 0.4000001 0.4500001 6.0000001 0 2 45 -123 
201 0.3999999 0.3999999 5.9999999 0.4500001 0.4500001 6.0000001 0 2 122 -123 
202 0.3999999 0.3499999 4.9999999 0.4000001 0.3500001 6.0000001 0 2 42 -124 
203 0.3999999 0.3499999 5.9999999 0.4500001000000001 0.4000001 6.0000001 0 2 124 -122 
204 0.3499999 0.3999999 4.9999999 0.3500001 0.4000001 6.0000001 0 2 44 -125 
205 0.3499999 0.3499999 5.9999999 0.4000001 0.4000001 6.0000001 0 2 125 -124 
206 0.3499999 0.3999999 5.9999999 0.4000001 0.4500001 6.0000001 0 2 123 -125 
207 0.4499999 -0.4000001 4.9999999 0.4500001 -0.3999999 6.0000001 0 2 47 -126 
208 0.3999999 -0.3500001 4.9999999 0.4000001 -0.3499999 6.0000001 0 2 48 -127 
209 0.3999999 -0.4000001 5.9999999 0.4500001 -0.3499999 6.0000001 0 2 126 -127 
210 0.3999999 -0.4500001 4.9999999 0.4000001 -0.4499999 6.0000001 0 2 46 -128 
211 0.3999999 -0.4500001 5.9999999 0.4500001 -0.3999999 6.0000001 0 2 128 -126 
212 0.3499999 -0.4000001 4.9999999 0.3500001 -0.3999999 6.0000001 0 2 49 -129 
213 0.3499999 -0.4500001000000001 5.9999999 0.4000001 -0.3999999 6.0000001 0 2 129 -128 
214 0.3499999 -0.4000001 5.9999999 0.4000001 -0.3499999 6.0000001 0 2 127 -129 
215 0.7499999000000001 -1e-07 4.9999999 0.7500000999999999 1e-07 6.0000001 0 2 39 -130 
216 0.6999999 0.0499999 4.9999999 0.7000000999999999 0.05000010000000001 6.0000001 0 2 40 -131 
217 0.6999999 -1.00000000006345e-07 5.9999999 0.7500000999999999 0.05000010000000005 6.0000001 0 2 130 -131 
218 0.6999999 -0.05000010000000001 4.9999999 0.7000000999999999 -0.0499999 6.0000001 0 2 38 -132 
219 0.6999999 -0.05000010000000001 5.9999999 0.7500000999999999 9.999999999246723e-08 6.0000001 0 2 132 -130 
220 0.6499999000000001 -1e-07 4.9999999 0.6500001 1e-07 6.0000001 0 2 41 -133 
221 0.6499999000000001 -0.05000009999999994 5.9999999 0.7000000999999999 9.999999999940612e-08 6.0000001 0 2 133 -132 
222 0.6499999 -9.999999998899778e-08 5.9999999 0.7000000999999999 0.05000010000000001 6.0000001 0 2 131 -133 
223 -0.6500000999999999 -1e-07 -1.0000001 -0.6499999 1e-07 9.999999994736442e-08 0 2 56 -134 
224 -0.7500000999999999 -0.05000010000000001 -1.0000001 -0.6499999 0.05000010000000001 -0.9999999000000001 0 2 134 -134 
225 -0.3500001 -0.4000001 -1.0000001 -0.3499999 -0.3999999 9.999999994736442e-08 0 2 55 -135 
226 -0.4500001 -0.4500001 -1.0000001 -0.3499999 -0.3499999 -0.9999999000000001 0 2 135 -135 
227 -0.3500001 0.3999999 -1.0000001 -0.3499999 0.4000001 9.999999994736442e-08 0 2 54 -136 
228 -0.4500001 0.3499999 -1.0000001 -0.3499999 0.4500001 -0.9999999000000001 0 2 136 -136 
229 0.3999999 0.3499999 -1.0000001 0.4000001 0.3500001 9.999999994736442e-08 0 2 79 -137 
230 0.4499999 0.3999999 -1.0000001 0.4500001 0.4000001 9.999999994736442e-08 0 2 77 -138 
231 0.3999999 0.3499999 -1.0000001 0.4500001000000001 0.4000001 -0.9999999000000001 0 2 137 -138 
232 0.3999999 0.4499999 -1.0000001 0.4000001 0.4500001 9.999999994736442e-08 0 2 78 -139 
233 0.3999999 0.3999999 -1.0000001 0.4500001 0.4500001 -0.9999999000000001 0 2 138 -139 
234 0.3499999 0.3999999 -1.0000001 0.3500001 0.4000001 9.999999994736442e-08 0 2 80 -140 
235 0.3499999 0.3999999 -1.0000001 0.4000001 0.4500001 -0.9999999000000001 0 2 139 -140 
236 0.3499999 0.3499999 -1.0000001 0.4000001 0.4000001 -0.9999999000000001 0 2 140 -137 
237 0.6999999 -0.05000010000000001 -1.0000001 0.7000000999999999 -0.0499999 9.999999994736442e-08 0 2 76 -141 
238 0.7499999000000001 -1e-07 -1.0000001 0.7500000999999999 1e-07 9.999999994736442e-08 0 2 73 -142 
239 0.6999999 -0.05000010000000001 -1.0000001 0.7500000999999999 9.999999999246723e-08 -0.9999999000000001 0 2 141 -142 
240 0.6999999 0.0499999 -1.0000001 0.7000000999999999 0.05000010000000001 9.999999994736442e-08 0 2 74 -143 
241 0.6999999 -1.00000000006345e-07 -1.0000001 0.7500000999999999 0.05000010000000005 -0.9999999000000001 0 2 142 -143 
242 0.6499999000000001 -1e-07 -1.0000001 0.6500001 1e-07 9.999999994736442e-08 0 2 75 -144 
243 0.6499999 -9.999999998899778e-08 -1.0000001 0.7000000999999999 0.05000010000000001 -0.9999999000000001 0 2 143 -144 
244 0.6499999000000001 -0.05000009999999994 -1.0000001 0.7000000999999999 9.999999999940612e-08 -0.9999999000000001 0 2 144 -141 
245 0.3999999 -0.4500001 -1.0000001 0.4000001 -0.4499999 9.999999994736442e-08 0 2 69 -145 
246 0.4499999 -0.4000001 -1.0000001 0.4500001 -0.3999999 9.999999994736442e-08 0 2 70 -146 
247 0.3999999 -0.4500001 -1.0000001 0.4500001 -0.3999999 -0.9999999000000001 0 2 145 -146 
248 0.3999999 -0.3500001 -1.0000001 0.4000001 -0.3499999 9.999999994736442e-08 0 2 71 -147 
249 0.3999999 -0.4000001 -1.0000001 0.4500001 -0.3499999 -0.9999999000000001 0 2 146 -147 
250 0.3499999 -0.4000001 -1.0000001 0.3500001 -0.3999999 9.999999994736442e-08 0 2 72 -148 
251 0.3499999 -0.4000001 -1.0000001 0.4000001 -0.3499999 -0.9999999000000001 0 2 147 -148 
252 0.3499999 -0.4500001000000001 -1.0000001 0.4000001 -0.3999999 -0.9999999000000001 0 2 148 -145 
253 0.9999999000000001 -1e-07 -9.999999994736442e-08 1.0000001 1e-07 1.0000001 0 2 88 -149 
254 -1e-07 0.9999999000000001 -9.999999994736442e-08 1e-07 1.0000001 1.0000001 0 2 52 -150 
255 -9.999999983634211e-08 -1.000000001138979e-07 0.9999999000000001 1.0000001 1.0000001 1.0000001 0 2 149 -150 
256 -1e-07 -1.0000001 -9.999999994736442e-08 1e-07 -0.9999999000000001 1.0000001 0 2 87 -151 
257 -1.000000000583867e-07 -1.0000001 0.9999999000000001 1.0000001 9.999999983634211e-08 1.0000001 0 2 151 -149 
258 -1.0000001 -1e-07 3.9999999 -0.9999999000000001 1e-07 5.0000001 0 2 64 -152 
259 -1e-07 0.9999999000000001 3.9999999 1e-07 1.0000001 5.0000001 0 2 65 -153 
260 -1.0000001 -1.000000001138979e-07 4.9999999 9.999999983634211e-08 1.0000001 5.0000001 0 2 152 -153 
261 -1e-07 -1.0000001 3.9999999 1e-07 -0.9999999000000001 5.0000001 0 2 63 -154 
262 -1.0000001 -1.0000001 4.9999999 1.000000000583867e-07 9.999999983634211e-08 5.0000001 0 2 154 -152 
263 0.9999999000000001 -1e-07 -9.999999994736442e-08 1.0000001 1e-07 1.0000001 0 2 88 -155 
264 -1e-07 0.9999999000000001 -9.999999994736442e-08 1e-07 1.0000001 1.0000001 0 2 52 -156 
265 -9.999999983634211e-08 -1.000000001138979e-07 0.9999999000000001 1.0000001 1.0000001 1.0000001 0 2 155 -156 
266 0.9999999000000001 -1e-07 -9.999999994736442e-08 1.0000001 1e-07 1.0000001 0 2 4 -157 
267 -1e-07 0.9999999000000001 -9.999999994736442e-08 1e-07 1.0000001 1.0000001 0 2 2 -158 
268 -9.999999983634211e-08 -1.000000001138979e-07 -1e-07 1.0000001 1.0000001 1e-07 0 2 157 -158 
1 -1.000000000583867e-07 -1.0000001 0.9999999000000002 1.0000001 9.999999983634211e-08 3.0000001 0 4 17 19 -18 -1 
2 -9.999999983634211e-08 -1.000000001138979e-07 0.9999999000000002 1.0000001 1.0000001 3.0000001 0 4 18 21 -20 -2 
3 0.6999999 -0.05000010000000001 0.9999999000000002 0.7500000999999999 9.999999999246723e-08 3.0000001 0 4 22 24 -23 -7 
4 0.6499999000000001 -0.05000009999999994 0.9999999000000002 0.7000000999999999 9.999999999940612e-08 3.0000001 0 4 25 26 -22 -10 
5 0.6499999 -9.999999998899778e-08 0.9999999000000002 0.7000000999999999 0.05000010000000001 3.0000001 0 4 27 28 -25 -9 
6 0.6999999 -1.00000000006345e-07 0.9999999000000002 0.7500000999999999 0.05000010000000005 3.0000001 0 4 23 29 -27 -8 
7 0.3999999 -0.4500001 0.9999999000000002 0.4500001 -0.3999999 3.0000001 0 4 30 32 -31 -3 
8 0.3499999 -0.4500001000000001 0.9999999000000002 0.4000001 -0.3999999 3.0000001 0 4 33 34 -30 -6 
9 0.3499999 -0.4000001 0.9999999000000002 0.4000001 -0.3499999 3.0000001 0 4 35 36 -33 -5 
10 0.3999999 -0.4000001 0.9999999000000002 0.4500001 -0.3499999 3.0000001 0 4 31 37 -35 -4 
11 0.3999999 0.3499999 0.9999999000000002 0.4500001000000001 0.4000001 3.0000001 0 4 38 40 -39 -11 
12 0.3499999 0.3499999 0.9999999000000002 0.4000001 0.4000001 3.0000001 0 4 41 42 -38 -14 
13 0.3499999 0.3999999 0.9999999000000002 0.4000001 0.4500001 3.0000001 0 4 43 44 -41 -13 
14 0.3999999 0.3999999 0.9999999000000002 0.4500001 0.4500001 3.0000001 0 4 39 45 -43 -12 
15 -1.000000000583867e-07 -1.0000001 0.9999999000000001 1.0000001 1.0000001 1.0000001 0 16 13 14 11 12 -8 -7 -10 -9 -4 -3 -6 -5 -16 -15 -2 -1 
16 -1.000000000583867e-07 -1.0000001 2.9999999 1.0000001 1.0000001 3.0000001 0 15 19 21 46 -42 -44 -45 -40 -24 -26 -28 -29 -32 -34 -36 -37 
17 -9.999999983634211e-08 -1.000000001138979e-07 2.9999999 1.0000001 1.0000001 5.0000001 0 4 47 49 -48 -21 
18 -1.000000000583867e-07 -1.0000001 2.9999999 1.0000001 9.999999983634211e-08 5.0000001 0 4 50 51 -47 -19 
19 0.6999999 -0.05000010000000001 2.9999999 0.7500000999999999 9.999999999246723e-08 5.0000001 0 4 52 54 -53 -24 
20 0.6999999 -1.00000000006345e-07 2.9999999 0.7500000999999999 0.05000010000000005 5.0000001 0 4 53 56 -55 -29 
21 0.6499999 -9.999999998899778e-08 2.9999999 0.7000000999999999 0.05000010000000001 5.0000001 0 4 55 58 -57 -28 
22 0.6499999000000001 -0.05000009999999994 2.9999999 0.7000000999999999 9.999999999940612e-08 5.0000001 0 4 57 59 -52 -26 
23 0.3999999 0.3499999 2.9999999 0.4500001000000001 0.4000001 5.0000001 0 4 60 62 -61 -40 
24 0.3499999 0.3499999 2.9999999 0.4000001 0.4000001 5.0000001 0 4 63 64 -60 -42 
25 0.3499999 0.3999999 2.9999999 0.4000001 0.4500001 5.0000001 0 4 65 66 -63 -44 
26 0.3999999 0.3999999 2.9999999 0.4500001 0.4500001 5.0000001 0 4 61 67 -65 -45 
27 0.3999999 -0.4500001 2.9999999 0.4500001 -0.3999999 5.0000001 0 4 68 70 -69 -32 
28 0.3999999 -0.4000001 2.9999999 0.4500001 -0.3499999 5.0000001 0 4 69 72 -71 -37 
29 0.3499999 -0.4000001 2.9999999 0.4000001 -0.3499999 5.0000001 0 4 71 74 -73 -36 
30 0.3499999 -0.4500001000000001 2.9999999 0.4000001 -0.3999999 5.0000001 0 4 73 75 -68 -34 
31 -1.000000000583867e-07 -1.0000001 4.9999999 1.0000001 1.0000001 5.0000001 0 15 51 49 -76 -64 -66 -67 -62 -54 -59 -58 -56 -75 -74 -72 -70 
32 -1.0000001 -1.000000001138979e-07 -9.999999994736442e-08 9.999999983634211e-08 1.0000001 2.0000001 0 4 84 86 -85 -78 
33 -1.0000001 -1.0000001 -9.999999994736442e-08 1.000000000583867e-07 9.999999983634211e-08 2.0000001 0 4 87 88 -84 -77 
34 -0.7500000999999999 -0.05000010000000001 -9.999999994736442e-08 -0.6499999 0.05000010000000001 2.0000001 0 4 89 90 -89 -83 
35 -0.4500001 -0.4500001 -9.999999994736442e-08 -0.3499999 -0.3499999 2.0000001 0 4 91 92 -91 -82 
36 -0.4500001 0.3499999 -9.999999994736442e-08 -0.3499999 0.4500001 2.0000001 0 4 93 94 -93 -81 
37 -1.0000001 -1.0000001 1.9999999 1.000000000583867e-07 1.0000001 2.0000001 0 6 86 -95 88 -94 -90 -92 
38 -1.0000001 -1.0000001 -1e-07 1.000000000583867e-07 1.0000001 1e-07 0 7 80 77 78 79 -83 -81 -82 
39 -1.0000001 -1.0000001 1.9999999 1.000000000583867e-07 9.999999983634211e-08 4.0000001 0 4 96 98 -97 -88 
40 -1.0000001 -1.000000001138979e-07 1.9999999 9.999999983634211e-08 1.0000001 4.0000001 0 4 97 100 -99 -86 
41 -0.7500000999999999 -0.05000010000000001 1.9999999 -0.6499999 0.05000010000000001 4.0000001 0 4 101 102 -101 -90 
42 -0.4500001 0.3499999 1.9999999 -0.3499999 0.4500001 4.0000001 0 4 103 104 -103 -94 
43 -0.4500001 -0.4500001 1.9999999 -0.3499999 -0.3499999 4.0000001 0 4 105 106 -105 -92 
44 0.3999999 -0.4500001 -9.999999994736442e-08 0.4500001 -0.3999999 1.0000001 0 4 107 109 -108 -3 
45 0.3999999 -0.4000001 -9.999999994736442e-08 0.4500001 -0.3499999 1.0000001 0 4 108 111 -110 -4 
46 0.3499999 -0.4000001 -9.999999994736442e-08 0.4000001 -0.3499999 1.0000001 0 4 110 113 -112 -5 
47 0.3499999 -0.4500001000000001 -9.999999994736442e-08 0.4000001 -0.3999999 1.0000001 0 4 112 114 -107 -6 
48 0.6999999 -1.00000000006345e-07 -9.999999994736442e-08 0.7500000999999999 0.05000010000000005 1.0000001 0 4 115 117 -116 -8 
49 0.6499999 -9.999999998899778e-08 -9.999999994736442e-08 0.7000000999999999 0.05000010000000001 1.0000001 0 4 116 119 -118 -9 
50 0.6499999000000001 -0.05000009999999994 -9.999999994736442e-08 0.7000000999999999 9.999999999940612e-08 1.0000001 0 4 118 121 -120 -10 
51 0.6999999 -0.05000010000000001 -9.999999994736442e-08 0.7500000999999999 9.999999999246723e-08 1.0000001 0 4 120 122 -115 -7 
52 0.3999999 0.3999999 -9.999999994736442e-08 0.4500001 0.4500001 1.0000001 0 4 123 125 -124 -12 
53 0.3999999 0.3499999 -9.999999994736442e-08 0.4500001000000001 0.4000001 1.0000001 0 4 126 127 -123 -11 
54 0.3499999 0.3499999 -9.999999994736442e-08 0.4000001 0.4000001 1.0000001 0 4 128 129 -126 -14 
55 0.3499999 0.3999999 -9.999999994736442e-08 0.4000001 0.4500001 1.0000001 0 4 124 130 -128 -13 
56 -0.4500001 -0.4500001 3.9999999 -0.3499999 -0.3499999 5.0000001 0 4 131 132 -131 -106 
57 -0.7500000999999999 -0.05000010000000001 3.9999999 -0.6499999 0.05000010000000001 5.0000001 0 4 133 134 -133 -102 
58 -0.4500001 0.3499999 3.9999999 -0.3499999 0.4500001 5.0000001 0 4 135 136 -135 -104 
59 -1.000000000583867e-07 -1.0000001 -9.999999994736442e-08 1.0000001 9.999999983634211e-08 1.0000001 0 4 143 145 -144 -1 
60 -1.000000000583867e-07 -1.0000001 0.9999999000000002 1.0000001 9.999999983634211e-08 3.0000001 0 4 146 148 -147 -1 
61 -1.000000000583867e-07 -1.0000001 2.9999999 1.0000001 9.999999983634211e-08 5.0000001 0 4 149 151 -150 -19 
62 -9.999999983634211e-08 -1.000000001138979e-07 0.9999999000000002 1.0000001 1.0000001 3.0000001 0 4 152 154 -153 -2 
63 -9.999999983634211e-08 -1.000000001138979e-07 2.9999999 1.0000001 1.0000001 5.0000001 0 4 155 157 -156 -21 
64 -1.0000001 -1.000000001138979e-07 -9.999999994736442e-08 9.999999983634211e-08 1.0000001 2.0000001 0 4 158 160 -159 -78 
65 -1.0000001 -1.0000001 -9.999999994736442e-08 1.000000000583867e-07 1.0000001 2.0000001 0 4 161 162 -159 -139 
66 -1.0000001 -1.000000001138979e-07 1.9999999 9.999999983634211e-08 1.0000001 4.0000001 0 4 163 165 -164 -86 
67 -1.0000001 -1.0000001 1.9999999 1.000000000583867e-07 9.999999983634211e-08 4.0000001 0 4 166 167 -163 -88 
68 -1.0000001 -1.0000001 -9.999999994736442e-08 1.000000000583867e-07 9.999999983634211e-08 2.0000001 0 4 168 170 -169 -77 
69 -1.000000002249202e-07 -1.0000001 -9.999999994736442e-08 1.0000001 1.0000001 1.0000001 0 4 171 173 -172 -140 
70 -1.0000001 -1.000000001138979e-07 3.9999999 9.999999983634211e-08 1.0000001 5.0000001 0 4 174 176 -175 -100 
71 -1.0000001 -1.0000001 3.9999999 1.000000000583867e-07 9.999999983634211e-08 5.0000001 0 4 177 178 -174 -98 
72 -1.0000001 -1.0000001 4.9999999 1.000000000583867e-07 1.0000001 5.0000001 0 6 142 -76 -137 -136 -134 -132 
73 -1.000000002249202e-07 -1.0000001 -1e-07 1.0000001 1.0000001 1e-07 0 16 140 -80 -79 -138 -129 -130 -125 -127 -121 -119 -117 -122 -114 -113 -111 -109 
74 0.09999989999999997 -0.2000001 -1.0000001 0.5000000999999999 0.2000001 9.999999994736442e-08 0 4 189 190 -189 -138 
75 -0.5000000999999999 -0.2000001 4.9999999 -0.09999989999999997 0.2000001 6.0000001 0 4 191 192 -191 -137 
76 -0.4500001 0.3499999 4.9999999 -0.3499999 0.4500001 6.0000001 0 4 193 194 -193 -136 
77 -0.7500000999999999 -0.05000010000000001 4.9999999 -0.6499999 0.05000010000000001 6.0000001 0 4 195 196 -195 -134 
78 -0.4500001 -0.4500001 4.9999999 -0.3499999 -0.3499999 6.0000001 0 4 197 198 -197 -132 
79 0.3999999 0.3999999 4.9999999 0.4500001 0.4500001 6.0000001 0 4 199 201 -200 -67 
80 0.3999999 0.3499999 4.9999999 0.4500001000000001 0.4000001 6.0000001 0 4 202 203 -199 -62 
81 0.3499999 0.3499999 4.9999999 0.4000001 0.4000001 6.0000001 0 4 204 205 -202 -64 
82 0.3499999 0.3999999 4.9999999 0.4000001 0.4500001 6.0000001 0 4 200 206 -204 -66 
83 0.3999999 -0.4000001 4.9999999 0.4500001 -0.3499999 6.0000001 0 4 207 209 -208 -72 
84 0.3999999 -0.4500001 4.9999999 0.4500001 -0.3999999 6.0000001 0 4 210 211 -207 -70 
85 0.3499999 -0.4500001000000001 4.9999999 0.4000001 -0.3999999 6.0000001 0 4 212 213 -210 -75 
86 0.3499999 -0.4000001 4.9999999 0.4000001 -0.3499999 6.0000001 0 4 208 214 -212 -74 
87 0.6999999 -1.00000000006345e-07 4.9999999 0.7500000999999999 0.05000010000000005 6.0000001 0 4 215 217 -216 -56 
88 0.6999999 -0.05000010000000001 4.9999999 0.7500000999999999 9.999999999246723e-08 6.0000001 0 4 218 219 -215 -54 
89 0.6499999000000001 -0.05000009999999994 4.9999999 0.7000000999999999 9.999999999940612e-08 6.0000001 0 4 220 221 -218 -59 
90 0.6499999 -9.999999998899778e-08 4.9999999 0.7000000999999999 0.05000010000000001 6.0000001 0 4 216 222 -220 -58 
91 -0.7500000999999999 -0.05000010000000001 -1.0000001 -0.6499999 0.05000010000000001 9.999999994736442e-08 0 4 223 224 -223 -83 
92 -0.4500001 -0.4500001 -1.0000001 -0.3499999 -0.3499999 9.999999994736442e-08 0 4 225 226 -225 -82 
93 -0.4500001 0.3499999 -1.0000001 -0.3499999 0.4500001 9.999999994736442e-08 0 4 227 228 -227 -81 
94 0.3999999 0.3499999 -1.0000001 0.4500001000000001 0.4000001 9.999999994736442e-08 0 4 229 231 -230 -127 
95 0.3999999 0.3999999 -1.0000001 0.4500001 0.4500001 9.999999994736442e-08 0 4 230 233 -232 -125 
96 0.3499999 0.3999999 -1.0000001 0.4000001 0.4500001 9.999999994736442e-08 0 4 232 235 -234 -130 
97 0.3499999 0.3499999 -1.0000001 0.4000001 0.4000001 9.999999994736442e-08 0 4 234 236 -229 -129 
98 0.6999999 -0.05000010000000001 -1.0000001 0.7500000999999999 9.999999999246723e-08 9.999999994736442e-08 0 4 237 239 -238 -122 
99 0.6999999 -1.00000000006345e-07 -1.0000001 0.7500000999999999 0.05000010000000005 9.999999994736442e-08 0 4 238 241 -240 -117 
100 0.6499999 -9.999999998899778e-08 -1.0000001 0.7000000999999999 0.05000010000000001 9.999999994736442e-08 0 4 240 243 -242 -119 
101 0.6499999000000001 -0.05000009999999994 -1.0000001 0.7000000999999999 9.999999999940612e-08 9.999999994736442e-08 0 4 242 244 -237 -121 
102 0.3999999 -0.4500001 -1.0000001 0.4500001 -0.3999999 9.999999994736442e-08 0 4 245 247 -246 -109 
103 0.3999999 -0.4000001 -1.0000001 0.4500001 -0.3499999 9.999999994736442e-08 0 4 246 249 -248 -111 
104 0.3499999 -0.4000001 -1.0000001 0.4000001 -0.3499999 9.999999994736442e-08 0 4 248 251 -250 -113 
105 0.3499999 -0.4500001000000001 -1.0000001 0.4000001 -0.3999999 9.999999994736442e-08 0 4 250 252 -245 -114 
106 -9.999999983634211e-08 -1.000000001138979e-07 -9.999999994736442e-08 1.0000001 1.0000001 1.0000001 0 4 253 255 -254 -186 
107 -1.000000000583867e-07 -1.0000001 -9.999999994736442e-08 1.0000001 9.999999983634211e-08 1.0000001 0 4 256 257 -253 -145 
108 -1.0000001 -1.000000001138979e-07 3.9999999 9.999999983634211e-08 1.0000001 5.0000001 0 4 258 260 -259 -100 
109 -1.0000001 -1.0000001 3.9999999 1.000000000583867e-07 9.999999983634211e-08 5.0000001 0 4 261 262 -258 -98 
110 -9.999999983634211e-08 -1.000000001138979e-07 -9.999999994736442e-08 1.0000001 1.0000001 1.0000001 0 4 263 265 -264 -186 
111 -9.999999983634211e-08 -1.000000001138979e-07 -9.999999994736442e-08 1.0000001 1.0000001 1.0000001 0 4 266 268 -267 -2 
$EndEntities
$Nodes
537 14720 1 14720
0 1 0 1
1
0 0 1
0 2 0 1
2
0 1 1
0 3 0 1
3
0 -1 1
0 4 0 1
4
1 0 1
0 5 0 1
5
0.4 0.4 1
0 6 0 1
6
0.4 0.45 1
0 7 0 1
7
0.45 0.4 1
0 8 0 1
8
0.4 0.35 1
0 9 0 1
9
0.35 0.4 1
0 10 0 1
10
0.35 -0.4 1
0 11 0 1
11
0.4 -0.4 1
0 12 0 1
12
0.4 -0.45 1
0 13 0 1
13
0.45 -0.4 1
0 14 0 1
14
0.4 -0.35 1
0 15 0 1
15
0.7 0 1
0 16 0 1
16
0.75 0 1
0 17 0 1
17
0.65 0 1
0 18 0 1
18
0.7 0.05 1
0 19 0 1
19
0.7 -0.05 1
0 20 0 1
20
0 -1 3
0 21 0 1
21
1 0 3
0 22 0 1
22
0 1 3
0 23 0 1
23
0.7 -0.05 3
0 24 0 1
24
0.75 0 3
0 25 0 1
25
0.65 0 3
0 26 0 1
26
0.7 0.05 3
0 27 0 1
27
0.4 -0.45 3
0 28 0 1
28
0.45 -0.4 3
0 29 0 1
29
0.35 -0.4 3
0 30 0 1
30
0.4 -0.35 3
0 31 0 1
31
0.4 0.35 3
0 32 0 1
32
0.45 0.4 3
0 33 0 1
33
0.35 0.4 3
0 34 0 1
34
0.4 0.45 3
0 35 0 1
35
1 0 5
0 36 0 1
36
0 1 5
0 37 0 1
37
0 -1 5
0 38 0 1
38
0.7 -0.05 5
0 39 0 1
39
0.75 0 5
0 40 0 1
40
0.7 0.05 5
0 41 0 1
41
0.65 0 5
0 42 0 1
42
0.4 0.35 5
0 43 0 1
43
0.45 0.4 5
0 44 0 1
44
0.35 0.4 5
0 45 0 1
45
0.4 0.45 5
0 46 0 1
46
0.4 -0.45 5
0 47 0 1
47
0.45 -0.4 5
0 48 0 1
48
0.4 -0.35 5
0 49 0 1
49
0.35 -0.4 5
0 50 0 1
50
0 0 0
0 51 0 1
51
-1 0 0
0 52 0 1
52
0 1 0
0 53 0 1
53
0 -1 0
0 54 0 1
54
-0.35 0.4 0
0 55 0 1
55
-0.35 -0.4 0
0 56 0 1
56
-0.6499999999999999 0 0
0 57 0 1
57
-1 0 2
0 58 0 1
58
0 1 2
0 59 0 1
59
0 -1 2
0 60 0 1
60
-0.6499999999999999 0 2
0 61 0 1
61
-0.35 -0.4 2
0 62 0 1
62
-0.35 0.4 2
0 63 0 1
63
0 -1 4
0 64 0 1
64
-1 0 4
0 65 0 1
65
0 1 4
0 66 0 1
66
-0.6499999999999999 0 4
0 67 0 1
67
-0.35 0.4 4
0 68 0 1
68
-0.35 -0.4 4
0 69 0 1
69
0.4 -0.45 0
0 70 0 1
70
0.45 -0.4 0
0 71 0 1
71
0.4 -0.35 0
0 72 0 1
72
0.35 -0.4 0
0 73 0 1
73
0.75 0 0
0 74 0 1
74
0.7 0.05 0
0 75 0 1
75
0.65 0 0
0 76 0 1
76
0.7 -0.05 0
0 77 0 1
77
0.45 0.4 0
0 78 0 1
78
0.4 0.45 0
0 79 0 1
79
0.4 0.35 0
0 80 0 1
80
0.35 0.4 0
0 81 0 1
81
-0.35 -0.4 5
0 82 0 1
82
-0.6499999999999999 0 5
0 83 0 1
83
-0.35 0.4 5
0 84 0 1
84
-0.09999999999999998 0 5
0 85 0 1
85
0.5 0 0
0 86 0 1
86
0 0 5
0 87 0 1
87
0 -1 0
0 88 0 1
88
1 0 0
0 89 0 1
89
0 -1 3
0 90 0 1
90
1 0 3
0 91 0 1
91
0 -1 5
0 92 0 1
92
1 0 5
0 93 0 1
93
1 0 3
0 94 0 1
94
0 1 3
0 95 0 1
95
1 0 5
0 96 0 1
96
0 1 5
0 97 0 1
97
-1 0 2
0 98 0 1
98
0 1 2
0 99 0 1
99
0 -1 2
0 100 0 1
100
-1 0 4
0 101 0 1
101
0 1 4
0 102 0 1
102
0 -1 4
0 103 0 1
103
0 -1 2
0 104 0 1
104
-1 0 2
0 105 0 1
105
0 1 1
0 106 0 1
106
0 -1 1
0 107 0 1
107
-1 0 5
0 108 0 1
108
0 1 5
0 109 0 1
109
0 -1 5
0 110 0 1
110
1 0 5
0 111 0 1
111
-1 1.224606353822377e-16 5
0 112 0 1
112
1 1 5
0 113 0 1
113
1 -1 5
0 114 0 1
114
1 1 5
0 115 0 1
115
1 1 0
0 116 0 1
116
1 -1 0
0 117 0 1
117
0.5 0 -1
0 118 0 1
118
-0.09999999999999998 0 6
0 119 0 1
119
-0.35 0.4 6
0 120 0 1
120
-0.6499999999999999 0 6
0 121 0 1
121
-0.35 -0.4 6
0 122 0 1
122
0.45 0.4 6
0 123 0 1
123
0.4 0.45 6
0 124 0 1
124
0.4 0.35 6
0 125 0 1
125
0.35 0.4 6
0 126 0 1
126
0.45 -0.4 6
0 127 0 1
127
0.4 -0.35 6
0 128 0 1
128
0.4 -0.45 6
0 129 0 1
129
0.35 -0.4 6
0 130 0 1
130
0.75 0 6
0 131 0 1
131
0.7 0.05 6
0 132 0 1
132
0.7 -0.05 6
0 133 0 1
133
0.65 0 6
0 134 0 1
134
-0.6499999999999999 0 -1
0 135 0 1
135
-0.35 -0.4 -1
0 136 0 1
136
-0.35 0.4 -1
0 137 0 1
137
0.4 0.35 -1
0 138 0 1
138
0.45 0.4 -1
0 139 0 1
139
0.4 0.45 -1
0 140 0 1
140
0.35 0.4 -1
0 141 0 1
141
0.7 -0.05 -1
0 142 0 1
142
0.75 0 -1
0 143 0 1
143
0.7 0.05 -1
0 144 0 1
144
0.65 0 -1
0 145 0 1
145
0.4 -0.45 -1
0 146 0 1
146
0.45 -0.4 -1
0 147 0 1
147
0.4 -0.35 -1
0 148 0 1
148
0.35 -0.4 -1
0 149 0 1
149
1 0 1
0 150 0 1
150
0 1 1
0 151 0 1
151
0 -1 1
0 152 0 1
152
-1 0 5
0 153 0 1
153
0 1 5
0 154 0 1
154
0 -1 5
0 155 0 1
155
1 0 1
0 156 0 1
156
0 1 1
0 157 0 1
157
1 0 0
0 158 0 1
158
0 1 0
1 1 0 7
159
160
161
162
163
164
165
0.3826834323650905 -0.9238795325112864 1
0.7071067811865478 -0.7071067811865472 1
0.9238795325112868 -0.3826834323650894 1
0.1950903220161286 -0.9807852804032304 1
0.5555702330196027 -0.8314696123025449 1
0.8314696123025456 -0.5555702330196017 1
0.9807852804032304 -0.1950903220161282 1
1 2 0 3
166
167
168
0.7071067811865477 0.7071067811865475 1
0.9238795325112868 0.3826834323650897 1
0.3826834323650895 0.9238795325112868 1
1 3 0 1
169
0.4353553390593274 -0.4353553390593274 1
1 4 0 1
170
0.4353553390593274 -0.3646446609406727 1
1 5 0 1
171
0.3646446609406726 -0.3646446609406726 1
1 6 0 1
172
0.3646446609406726 -0.4353553390593274 1
1 7 0 1
173
0.7353553390593274 -0.03535533905932738 1
1 8 0 1
174
0.7353553390593274 0.0353553390593274 1
1 9 0 1
175
0.6646446609406725 0.03535533905932738 1
1 10 0 1
176
0.6646446609406726 -0.03535533905932733 1
1 11 0 1
177
0.4353553390593274 0.3646446609406726 1
1 12 0 1
178
0.4353553390593274 0.4353553390593274 1
1 13 0 1
179
0.3646446609406727 0.4353553390593274 1
1 14 0 1
180
0.3646446609406726 0.3646446609406726 1
1 15 0 7
181
182
183
184
185
186
187
0 0.75 1
0 0.5 1
0 0.25 1
0 0.875 1
0 0.625 1
0 0.375 1
0 0.125 1
1 16 0 7
188
189
190
191
192
193
194
0 -0.25 1
0 -0.5 1
0 -0.75 1
0 -0.125 1
0 -0.375 1
0 -0.625 1
0 -0.875 1
1 17 0 9
195
196
197
198
199
200
201
202
203
0 -1 1.4
0 -1 1.8
0 -1 2.2
0 -1 2.6
0 -1 1.2
0 -1 1.6
0 -1 2
0 -1 2.4
0 -1 2.8
1 18 0 9
204
205
206
207
208
209
210
211
212
1 0 1.4
1 0 1.8
1 0 2.2
1 0 2.6
1 0 1.2
1 0 1.6
1 0 2
1 0 2.4
1 0 2.8
1 19 0 7
213
214
215
216
217
218
219
0.3826834323650905 -0.9238795325112864 3
0.7071067811865478 -0.7071067811865472 3
0.9238795325112868 -0.3826834323650894 3
0.1950903220161286 -0.9807852804032304 3
0.5555702330196027 -0.8314696123025449 3
0.8314696123025456 -0.5555702330196017 3
0.9807852804032304 -0.1950903220161282 3
1 20 0 9
220
221
222
223
224
225
226
227
228
0 1 1.4
0 1 1.8
0 1 2.2
0 1 2.6
0 1 1.2
0 1 1.6
0 1 2
0 1 2.4
0 1 2.8
1 21 0 3
229
230
231
0.7071067811865477 0.7071067811865475 3
0.9238795325112868 0.3826834323650897 3
0.3826834323650895 0.9238795325112868 3
1 22 0 9
232
233
234
235
236
237
238
239
240
0.7 -0.05 1.4
0.7 -0.05 1.8
0.7 -0.05 2.2
0.7 -0.05 2.6
0.7 -0.05 1.2
0.7 -0.05 1.6
0.7 -0.05 2
0.7 -0.05 2.4
0.7 -0.05 2.8
1 23 0 9
241
242
243
244
245
246
247
248
249
0.75 0 1.4
0.75 0 1.8
0.75 0 2.2
0.75 0 2.6
0.75 0 1.2
0.75 0 1.6
0.75 0 2
0.75 0 2.4
0.75 0 2.8
1 24 0 1
250
0.7353553390593274 -0.03535533905932738 3
1 25 0 9
251
252
253
254
255
256
257
258
259
0.65 0 1.4
0.65 0 1.8
0.65 0 2.2
0.65 0 2.6
0.65 0 1.2
0.65 0 1.6
0.65 0 2
0.65 0 2.4
0.65 0 2.8
1 26 0 1
260
0.6646446609406726 -0.03535533905932733 3
1 27 0 9
261
262
263
264
265
266
267
268
269
0.7 0.05 1.4
0.7 0.05 1.8
0.7 0.05 2.2
0.7 0.05 2.6
0.7 0.05 1.2
0.7 0.05 1.6
0.7 0.05 2
0.7 0.05 2.4
0.7 0.05 2.8
1 28 0 1
270
0.6646446609406725 0.03535533905932738 3
1 29 0 1
271
0.7353553390593274 0.0353553390593274 3
1 30 0 9
272
273
274
275
276
277
278
279
280
0.4 -0.45 1.4
0.4 -0.45 1.8
0.4 -0.45 2.2
0.4 -0.45 2.6
0.4 -0.45 1.2
0.4 -0.45 1.6
0.4 -0.45 2
0.4 -0.45 2.4
0.4 -0.45 2.8
1 31 0 9
281
282
283
284
285
286
287
288
289
0.45 -0.4 1.4
0.45 -0.4 1.8
0.45 -0.4 2.2
0.45 -0.4 2.6
0.45 -0.4 1.2
0.45 -0.4 1.6
0.45 -0.4 2
0.45 -0.4 2.4
0.45 -0.4 2.8
1 32 0 1
290
0.4353553390593274 -0.4353553390593274 3
1 33 0 9
291
292
293
294
295
296
297
298
299
0.35 -0.4 1.4
0.35 -0.4 1.8
0.35 -0.4 2.2
0.35 -0.4 2.6
0.35 -0.4 1.2
0.35 -0.4 1.6
0.35 -0.4 2
0.35 -0.4 2.4
0.35 -0.4 2.8
1 34 0 1
300
0.3646446609406726 -0.4353553390593274 3
1 35 0 9
301
302
303
304
305
306
307
308
309
0.4 -0.35 1.4
0.4 -0.35 1.8
0.4 -0.35 2.2
0.4 -0.35 2.6
0.4 -0.35 1.2
0.4 -0.35 1.6
0.4 -0.35 2
0.4 -0.35 2.4
0.4 -0.35 2.8
1 36 0 1
310
0.3646446609406726 -0.3646446609406726 3
1 37 0 1
311
0.4353553390593274 -0.3646446609406727 3
1 38 0 9
312
313
314
315
316
317
318
319
320
0.4 0.35 1.4
0.4 0.35 1.8
0.4 0.35 2.2
0.4 0.35 2.6
0.4 0.35 1.2
0.4 0.35 1.6
0.4 0.35 2
0.4 0.35 2.4
0.4 0.35 2.8
1 39 0 9
321
322
323
324
325
326
327
328
329
0.45 0.4 1.4
0.45 0.4 1.8
0.45 0.4 2.2
0.45 0.4 2.6
0.45 0.4 1.2
0.45 0.4 1.6
0.45 0.4 2
0.45 0.4 2.4
0.45 0.4 2.8
1 40 0 1
330
0.4353553390593274 0.3646446609406726 3
1 41 0 9
331
332
333
334
335
336
337
338
339
0.35 0.4 1.4
0.35 0.4 1.8
0.35 0.4 2.2
0.35 0.4 2.6
0.35 0.4 1.2
0.35 0.4 1.6
0.35 0.4 2
0.35 0.4 2.4
0.35 0.4 2.8
1 42 0 1
340
0.3646446609406726 0.3646446609406726 3
1 43 0 9
341
342
343
344
345
346
347
348
349
0.4 0.45 1.4
0.4 0.45 1.8
0.4 0.45 2.2
0.4 0.45 2.6
0.4 0.45 1.2
0.4 0.45 1.6
0.4 0.45 2
0.4 0.45 2.4
0.4 0.45 2.8
1 44 0 1
350
0.3646446609406727 0.4353553390593274 3
1 45 0 1
351
0.4353553390593274 0.4353553390593274 3
1 46 0 17
352
353
354
355
356
357
358
359
360
361
362
363
364
365
366
367
368
0 0.7777777777777778 3
0 0.5555555555555556 3
0 0.3333333333333334 3
0 0.1111111111111112 3
0 -0.1111111111111112 3
0 -0.3333333333333333 3
0 -0.5555555555555554 3
0 -0.7777777777777777 3
0 0.8888888888888888 3
0 0.6666666666666667 3
0 0.4444444444444444 3
0 0.2222222222222223 3
0 0 3
0 -0.2222222222222223 3
0 -0.4444444444444442 3
0 -0.6666666666666665 3
0 -0.8888888888888888 3
1 47 0 9
369
370
371
372
373
374
375
376
377
1 0 3.4
1 0 3.8
1 0 4.2
1 0 4.6
1 0 3.2
1 0 3.6
1 0 4
1 0 4.4
1 0 4.8
1 48 0 9
378
379
380
381
382
383
384
385
386
0 1 3.4
0 1 3.8
0 1 4.2
0 1 4.6
0 1 3.2
0 1 3.6
0 1 4
0 1 4.4
0 1 4.8
1 49 0 3
387
388
389
0.7071067811865477 0.7071067811865475 5
0.9238795325112868 0.3826834323650897 5
0.3826834323650895 0.9238795325112868 5
1 50 0 9
390
391
392
393
394
395
396
397
398
0 -1 3.4
0 -1 3.8
0 -1 4.2
0 -1 4.6
0 -1 3.2
0 -1 3.6
0 -1 4
0 -1 4.4
0 -1 4.8
1 51 0 7
399
400
401
402
403
404
405
0.3826834323650905 -0.9238795325112864 5
0.7071067811865478 -0.7071067811865472 5
0.9238795325112868 -0.3826834323650894 5
0.1950903220161286 -0.9807852804032304 5
0.5555702330196027 -0.8314696123025449 5
0.8314696123025456 -0.5555702330196017 5
0.9807852804032304 -0.1950903220161282 5
1 52 0 9
406
407
408
409
410
411
412
413
414
0.7 -0.05 3.4
0.7 -0.05 3.8
0.7 -0.05 4.2
0.7 -0.05 4.6
0.7 -0.05 3.2
0.7 -0.05 3.6
0.7 -0.05 4
0.7 -0.05 4.4
0.7 -0.05 4.8
1 53 0 9
415
416
417
418
419
420
421
422
423
0.75 0 3.4
0.75 0 3.8
0.75 0 4.2
0.75 0 4.6
0.75 0 3.2
0.75 0 3.6
0.75 0 4
0.75 0 4.4
0.75 0 4.8
1 54 0 1
424
0.7353553390593274 -0.03535533905932738 5
1 55 0 9
425
426
427
428
429
430
431
432
433
0.7 0.05 3.4
0.7 0.05 3.8
0.7 0.05 4.2
0.7 0.05 4.6
0.7 0.05 3.2
0.7 0.05 3.6
0.7 0.05 4
0.7 0.05 4.4
0.7 0.05 4.8
1 56 0 1
434
0.7353553390593274 0.0353553390593274 5
1 57 0 9
435
436
437
438
439
440
441
442
443
0.65 0 3.4
0.65 0 3.8
0.65 0 4.2
0.65 0 4.6
0.65 0 3.2
0.65 0 3.6
0.65 0 4
0.65 0 4.4
0.65 0 4.8
1 58 0 1
444
0.6646446609406725 0.03535533905932738 5
1 59 0 1
445
0.6646446609406726 -0.03535533905932733 5
1 60 0 9
446
447
448
449
450
451
452
453
454
0.4 0.35 3.4
0.4 0.35 3.8
0.4 0.35 4.2
0.4 0.35 4.6
0.4 0.35 3.2
0.4 0.35 3.6
0.4 0.35 4
0.4 0.35 4.4
0.4 0.35 4.8
1 61 0 9
455
456
457
458
459
460
461
462
463
0.45 0.4 3.4
0.45 0.4 3.8
0.45 0.4 4.2
0.45 0.4 4.6
0.45 0.4 3.2
0.45 0.4 3.6
0.45 0.4 4
0.45 0.4 4.4
0.45 0.4 4.8
1 62 0 1
464
0.4353553390593274 0.3646446609406726 5
1 63 0 9
465
466
467
468
469
470
471
472
473
0.35 0.4 3.4
0.35 0.4 3.8
0.35 0.4 4.2
0.35 0.4 4.6
0.35 0.4 3.2
0.35 0.4 3.6
0.35 0.4 4
0.35 0.4 4.4
0.35 0.4 4.8
1 64 0 1
474
0.3646446609406726 0.3646446609406726 5
1 65 0 9
475
476
477
478
479
480
481
482
483
0.4 0.45 3.4
0.4 0.45 3.8
0.4 0.45 4.2
0.4 0.45 4.6
0.4 0.45 3.2
0.4 0.45 3.6
0.4 0.45 4
0.4 0.45 4.4
0.4 0.45 4.8
1 66 0 1
484
0.3646446609406727 0.4353553390593274 5
1 67 0 1
485
0.4353553390593274 0.4353553390593274 5
1 68 0 9
486
487
488
489
490
491
492
493
494
0.4 -0.45 3.4
0.4 -0.45 3.8
0.4 -0.45 4.2
0.4 -0.45 4.6
0.4 -0.45 3.2
0.4 -0.45 3.6
0.4 -0.45 4
0.4 -0.45 4.4
0.4 -0.45 4.8
1 69 0 9
495
496
497
498
499
500
501
502
503
0.45 -0.4 3.4
0.45 -0.4 3.8
0.45 -0.4 4.2
0.45 -0.4 4.6
0.45 -0.4 3.2
0.45 -0.4 3.6
0.45 -0.4 4
0.45 -0.4 4.4
0.45 -0.4 4.8
1 70 0 1
504
0.4353553390593274 -0.4353553390593274 5
1 71 0 9
505
506
507
508
509
510
511
512
513
0.4 -0.35 3.4
0.4 -0.35 3.8
0.4 -0.35 4.2
0.4 -0.35 4.6
0.4 -0.35 3.2
0.4 -0.35 3.6
0.4 -0.35 4
0.4 -0.35 4.4
0.4 -0.35 4.8
1 72 0 1
514
0.4353553390593274 -0.3646446609406727 5
1 73 0 9
515
516
517
518
519
520
521
522
523
0.35 -0.4 3.4
0.35 -0.4 3.8
0.35 -0.4 4.2
0.35 -0.4 4.6
0.35 -0.4 3.2
0.35 -0.4 3.6
0.35 -0.4 4
0.35 -0.4 4.4
0.35 -0.4 4.8
1 74 0 1
524
0.3646446609406726 -0.3646446609406726 5
1 75 0 1
525
0.3646446609406726 -0.4353553390593274 5
1 76 0 17
526
527
528
529
530
531
532
533
534
535
536
537
538
539
540
541
542
0 -0.7777777777777778 5
0 -0.5555555555555556 5
0 -0.3333333333333334 5
0 -0.1111111111111112 5
0 0.1111111111111112 5
0 0.3333333333333333 5
0 0.5555555555555554 5
0 0.7777777777777777 5
0 -0.8888888888888888 5
0 -0.6666666666666667 5
0 -0.4444444444444444 5
0 -0.2222222222222223 5
0 0 5
0 0.2222222222222223 5
0 0.4444444444444442 5
0 0.6666666666666665 5
0 0.8888888888888888 5
1 77 0 7
543
544
545
546
547
548
549
-0.3826834323650905 -0.9238795325112864 0
-0.7071067811865478 -0.7071067811865472 0
-0.9238795325112868 -0.3826834323650894 0
-0.1950903220161286 -0.9807852804032304 0
-0.5555702330196027 -0.8314696123025449 0
-0.8314696123025456 -0.5555702330196017 0
-0.9807852804032304 -0.1950903220161282 0
1 78 0 7
550
551
552
553
554
555
556
-0.923879532511287 0.3826834323650892 0
-0.7071067811865489 0.7071067811865461 0
-0.3826834323650912 0.9238795325112862 0
-0.9807852804032305 0.1950903220161279 0
-0.8314696123025459 0.5555702330196012 0
-0.5555702330196036 0.8314696123025442 0
-0.1950903220161295 0.9807852804032302 0
1 79 0 7
557
558
559
560
561
562
563
0 0.75 0
0 0.5 0
0 0.25 0
0 0.875 0
0 0.625 0
0 0.375 0
0 0.125 0
1 80 0 7
564
565
566
567
568
569
570
0 -0.25 0
0 -0.5 0
0 -0.75 0
0 -0.125 0
0 -0.375 0
0 -0.625 0
0 -0.875 0
1 81 0 13
571
572
573
574
575
576
577
578
579
580
581
582
583
-0.3688255099070634 0.4390915741234016 0
-0.4111260466978158 0.4487463956090912 0
-0.4450484433951211 0.4216941869558778 0
-0.4450484433951209 0.3783058130441219 0
-0.4111260466978156 0.3512536043909088 0
-0.3688255099070633 0.3609084258765985 0
-0.3549515566048791 0.421694186955878 0
-0.3888739533021844 0.4487463956090912 0
-0.4311744900929368 0.4390915741234014 0
-0.45 0.3999999999999998 0
-0.4311744900929365 0.3609084258765984 0
-0.3888739533021842 0.3512536043909089 0
-0.3549515566048791 0.3783058130441221 0
1 82 0 13
584
585
586
587
588
589
590
591
592
593
594
595
596
-0.3688255099070634 -0.3609084258765985 0
-0.4111260466978158 -0.3512536043909089 0
-0.4450484433951211 -0.3783058130441223 0
-0.4450484433951209 -0.4216941869558781 0
-0.4111260466978156 -0.4487463956090912 0
-0.3688255099070633 -0.4390915741234015 0
-0.3549515566048791 -0.3783058130441221 0
-0.3888739533021844 -0.3512536043909088 0
-0.4311744900929368 -0.3609084258765986 0
-0.45 -0.4000000000000002 0
-0.4311744900929365 -0.4390915741234017 0
-0.3888739533021842 -0.4487463956090912 0
-0.3549515566048791 -0.421694186955878 0
1 83 0 13
597
598
599
600
601
602
603
604
605
606
607
608
609
-0.6688255099070634 0.03909157412340152 0
-0.7111260466978158 0.04874639560909116 0
-0.745048443395121 0.02169418695587775 0
-0.7450484433951208 -0.02169418695587812 0
-0.7111260466978154 -0.04874639560909123 0
-0.6688255099070632 -0.03909157412340147 0
-0.654951556604879 0.02169418695587792 0
-0.6888739533021843 0.04874639560909119 0
-0.7311744900929368 0.03909157412340142 0
-0.75 -2.159215731559194e-16 0
-0.7311744900929364 -0.03909157412340163 0
-0.6888739533021841 -0.04874639560909116 0
-0.654951556604879 -0.02169418695587792 0
1 84 0 9
610
611
612
613
614
615
616
617
618
-1 0 0.4
-1 0 0.8
-1 0 1.2
-1 0 1.6
-1 0 0.2
-1 0 0.6000000000000001
-1 0 0.9999999999999999
-1 0 1.4
-1 0 1.8
1 85 0 9
619
620
621
622
623
624
625
626
627
0 1 0.4
0 1 0.8
0 1 1.2
0 1 1.6
0 1 0.2
0 1 0.6000000000000001
0 1 0.9999999999999999
0 1 1.4
0 1 1.8
1 86 0 7
628
629
630
631
632
633
634
-0.923879532511287 0.3826834323650892 2
-0.7071067811865489 0.7071067811865461 2
-0.3826834323650912 0.9238795325112862 2
-0.9807852804032305 0.1950903220161279 2
-0.8314696123025459 0.5555702330196012 2
-0.5555702330196036 0.8314696123025442 2
-0.1950903220161295 0.9807852804032302 2
1 87 0 9
635
636
637
638
639
640
641
642
643
0 -1 0.4
0 -1 0.8
0 -1 1.2
0 -1 1.6
0 -1 0.2
0 -1 0.6000000000000001
0 -1 0.9999999999999999
0 -1 1.4
0 -1 1.8
1 88 0 7
644
645
646
647
648
649
650
-0.3826834323650905 -0.9238795325112864 2
-0.7071067811865478 -0.7071067811865472 2
-0.9238795325112868 -0.3826834323650894 2
-0.1950903220161286 -0.9807852804032304 2
-0.5555702330196027 -0.8314696123025449 2
-0.8314696123025456 -0.5555702330196017 2
-0.9807852804032304 -0.1950903220161282 2
1 89 0 9
651
652
653
654
655
656
657
658
659
-0.6499999999999999 0 0.4
-0.6499999999999999 0 0.8
-0.6499999999999999 0 1.2
-0.6499999999999999 0 1.6
-0.6499999999999999 0 0.2
-0.6499999999999999 0 0.6000000000000001
-0.6499999999999999 0 0.9999999999999999
-0.6499999999999999 0 1.4
-0.6499999999999999 0 1.8
1 90 0 13
660
661
662
663
664
665
666
667
668
669
670
671
672
-0.6688255099070634 0.03909157412340152 2
-0.7111260466978158 0.04874639560909116 2
-0.745048443395121 0.02169418695587775 2
-0.7450484433951208 -0.02169418695587812 2
-0.7111260466978154 -0.04874639560909123 2
-0.6688255099070632 -0.03909157412340147 2
-0.654951556604879 0.02169418695587792 2
-0.6888739533021843 0.04874639560909119 2
-0.7311744900929368 0.03909157412340142 2
-0.75 -2.159215731559194e-16 2
-0.7311744900929364 -0.03909157412340163 2
-0.6888739533021841 -0.04874639560909116 2
-0.654951556604879 -0.02169418695587792 2
1 91 0 9
673
674
675
676
677
678
679
680
681
-0.35 -0.4 0.4
-0.35 -0.4 0.8
-0.35 -0.4 1.2
-0.35 -0.4 1.6
-0.35 -0.4 0.2
-0.35 -0.4 0.6000000000000001
-0.35 -0.4 0.9999999999999999
-0.35 -0.4 1.4
-0.35 -0.4 1.8
1 92 0 13
682
683
684
685
686
687
688
689
690
691
692
693
694
-0.3688255099070634 -0.3609084258765985 2
-0.4111260466978158 -0.3512536043909089 2
-0.4450484433951211 -0.3783058130441223 2
-0.4450484433951209 -0.4216941869558781 2
-0.4111260466978156 -0.4487463956090912 2
-0.3688255099070633 -0.4390915741234015 2
-0.3549515566048791 -0.3783058130441221 2
-0.3888739533021844 -0.3512536043909088 2
-0.4311744900929368 -0.3609084258765986 2
-0.45 -0.4000000000000002 2
-0.4311744900929365 -0.4390915741234017 2
-0.3888739533021842 -0.4487463956090912 2
-0.3549515566048791 -0.421694186955878 2
1 93 0 9
695
696
697
698
699
700
701
702
703
-0.35 0.4 0.4
-0.35 0.4 0.8
-0.35 0.4 1.2
-0.35 0.4 1.6
-0.35 0.4 0.2
-0.35 0.4 0.6000000000000001
-0.35 0.4 0.9999999999999999
-0.35 0.4 1.4
-0.35 0.4 1.8
1 94 0 13
704
705
706
707
708
709
710
711
712
713
714
715
716
-0.3688255099070634 0.4390915741234016 2
-0.4111260466978158 0.4487463956090912 2
-0.4450484433951211 0.4216941869558778 2
-0.4450484433951209 0.3783058130441219 2
-0.4111260466978156 0.3512536043909088 2
-0.3688255099070633 0.3609084258765985 2
-0.3549515566048791 0.421694186955878 2
-0.3888739533021844 0.4487463956090912 2
-0.4311744900929368 0.4390915741234014 2
-0.45 0.3999999999999998 2
-0.4311744900929365 0.3609084258765984 2
-0.3888739533021842 0.3512536043909089 2
-0.3549515566048791 0.3783058130441221 2
1 95 0 17
717
718
719
720
721
722
723
724
725
726
727
728
729
730
731
732
733
0 -0.7777777777777778 2
0 -0.5555555555555556 2
0 -0.3333333333333334 2
0 -0.1111111111111112 2
0 0.1111111111111112 2
0 0.3333333333333333 2
0 0.5555555555555554 2
0 0.7777777777777777 2
0 -0.8888888888888888 2
0 -0.6666666666666667 2
0 -0.4444444444444444 2
0 -0.2222222222222223 2
0 0 2
0 0.2222222222222223 2
0 0.4444444444444442 2
0 0.6666666666666665 2
0 0.8888888888888888 2
1 96 0 9
734
735
736
737
738
739
740
741
742
0 -1 2.4
0 -1 2.8
0 -1 3.2
0 -1 3.6
0 -1 2.2
0 -1 2.6
0 -1 3
0 -1 3.4
0 -1 3.8
1 97 0 9
743
744
745
746
747
748
749
750
751
-1 0 2.4
-1 0 2.8
-1 0 3.2
-1 0 3.6
-1 0 2.2
-1 0 2.6
-1 0 3
-1 0 3.4
-1 0 3.8
1 98 0 7
752
753
754
755
756
757
758
-0.3826834323650905 -0.9238795325112864 4
-0.7071067811865478 -0.7071067811865472 4
-0.9238795325112868 -0.3826834323650894 4
-0.1950903220161286 -0.9807852804032304 4
-0.5555702330196027 -0.8314696123025449 4
-0.8314696123025456 -0.5555702330196017 4
-0.9807852804032304 -0.1950903220161282 4
1 99 0 9
759
760
761
762
763
764
765
766
767
0 1 2.4
0 1 2.8
0 1 3.2
0 1 3.6
0 1 2.2
0 1 2.6
0 1 3
0 1 3.4
0 1 3.8
1 100 0 7
768
769
770
771
772
773
774
-0.923879532511287 0.3826834323650892 4
-0.7071067811865489 0.7071067811865461 4
-0.3826834323650912 0.9238795325112862 4
-0.9807852804032305 0.1950903220161279 4
-0.8314696123025459 0.5555702330196012 4
-0.5555702330196036 0.8314696123025442 4
-0.1950903220161295 0.9807852804032302 4
1 101 0 9
775
776
777
778
779
780
781
782
783
-0.6499999999999999 0 2.4
-0.6499999999999999 0 2.8
-0.6499999999999999 0 3.2
-0.6499999999999999 0 3.6
-0.6499999999999999 0 2.2
-0.6499999999999999 0 2.6
-0.6499999999999999 0 3
-0.6499999999999999 0 3.4
-0.6499999999999999 0 3.8
1 102 0 13
784
785
786
787
788
789
790
791
792
793
794
795
796
-0.6688255099070634 0.03909157412340152 4
-0.7111260466978158 0.04874639560909116 4
-0.745048443395121 0.02169418695587775 4
-0.7450484433951208 -0.02169418695587812 4
-0.7111260466978154 -0.04874639560909123 4
-0.6688255099070632 -0.03909157412340147 4
-0.654951556604879 0.02169418695587792 4
-0.6888739533021843 0.04874639560909119 4
-0.7311744900929368 0.03909157412340142 4
-0.75 -2.159215731559194e-16 4
-0.7311744900929364 -0.03909157412340163 4
-0.6888739533021841 -0.04874639560909116 4
-0.654951556604879 -0.02169418695587792 4
1 103 0 9
797
798
799
800
801
802
803
804
805
-0.35 0.4 2.4
-0.35 0.4 2.8
-0.35 0.4 3.2
-0.35 0.4 3.6
-0.35 0.4 2.2
-0.35 0.4 2.6
-0.35 0.4 3
-0.35 0.4 3.4
-0.35 0.4 3.8
1 104 0 13
806
807
808
809
810
811
812
813
814
815
816
817
818
-0.3688255099070634 0.4390915741234016 4
-0.4111260466978158 0.4487463956090912 4
-0.4450484433951211 0.4216941869558778 4
-0.4450484433951209 0.3783058130441219 4
-0.4111260466978156 0.3512536043909088 4
-0.3688255099070633 0.3609084258765985 4
-0.3549515566048791 0.421694186955878 4
-0.3888739533021844 0.4487463956090912 4
-0.4311744900929368 0.4390915741234014 4
-0.45 0.3999999999999998 4
-0.4311744900929365 0.3609084258765984 4
-0.3888739533021842 0.3512536043909089 4
-0.3549515566048791 0.3783058130441221 4
1 105 0 9
819
820
821
822
823
824
825
826
827
-0.35 -0.4 2.4
-0.35 -0.4 2.8
-0.35 -0.4 3.2
-0.35 -0.4 3.6
-0.35 -0.4 2.2
-0.35 -0.4 2.6
-0.35 -0.4 3
-0.35 -0.4 3.4
-0.35 -0.4 3.8
1 106 0 13
828
829
830
831
832
833
834
835
836
837
838
839
840
-0.3688255099070634 -0.3609084258765985 4
-0.4111260466978158 -0.3512536043909089 4
-0.4450484433951211 -0.3783058130441223 4
-0.4450484433951209 -0.4216941869558781 4
-0.4111260466978156 -0.4487463956090912 4
-0.3688255099070633 -0.4390915741234015 4
-0.3549515566048791 -0.3783058130441221 4
-0.3888739533021844 -0.3512536043909088 4
-0.4311744900929368 -0.3609084258765986 4
-0.45 -0.4000000000000002 4
-0.4311744900929365 -0.4390915741234017 4
-0.3888739533021842 -0.4487463956090912 4
-0.3549515566048791 -0.421694186955878 4
1 107 0 9
841
842
843
844
845
846
847
848
849
0.4 -0.45 0.8
0.4 -0.45 0.6
0.4 -0.45 0.4
0.4 -0.45 0.2
0.4 -0.45 0.9
0.4 -0.45 0.7
0.4 -0.45 0.5
0.4 -0.45 0.3
0.4 -0.45 0.09999999999999998
1 108 0 9
850
851
852
853
854
855
856
857
858
0.45 -0.4 0.8
0.45 -0.4 0.6
0.45 -0.4 0.4
0.45 -0.4 0.2
0.45 -0.4 0.9
0.45 -0.4 0.7
0.45 -0.4 0.5
0.45 -0.4 0.3
0.45 -0.4 0.09999999999999998
1 109 0 1
859
0.4353553390593274 -0.4353553390593274 0
1 110 0 9
860
861
862
863
864
865
866
867
868
0.4 -0.35 0.8
0.4 -0.35 0.6
0.4 -0.35 0.4
0.4 -0.35 0.2
0.4 -0.35 0.9
0.4 -0.35 0.7
0.4 -0.35 0.5
0.4 -0.35 0.3
0.4 -0.35 0.09999999999999998
1 111 0 1
869
0.4353553390593274 -0.3646446609406727 0
1 112 0 9
870
871
872
873
874
875
876
877
878
0.35 -0.4 0.8
0.35 -0.4 0.6
0.35 -0.4 0.4
0.35 -0.4 0.2
0.35 -0.4 0.9
0.35 -0.4 0.7
0.35 -0.4 0.5
0.35 -0.4 0.3
0.35 -0.4 0.09999999999999998
1 113 0 1
879
0.3646446609406726 -0.3646446609406726 0
1 114 0 1
880
0.3646446609406726 -0.4353553390593274 0
1 115 0 9
881
882
883
884
885
886
887
888
889
0.75 0 0.8
0.75 0 0.6
0.75 0 0.4
0.75 0 0.2
0.75 0 0.9
0.75 0 0.7
0.75 0 0.5
0.75 0 0.3
0.75 0 0.09999999999999998
1 116 0 9
890
891
892
893
894
895
896
897
898
0.7 0.05 0.8
0.7 0.05 0.6
0.7 0.05 0.4
0.7 0.05 0.2
0.7 0.05 0.9
0.7 0.05 0.7
0.7 0.05 0.5
0.7 0.05 0.3
0.7 0.05 0.09999999999999998
1 117 0 1
899
0.7353553390593274 0.0353553390593274 0
1 118 0 9
900
901
902
903
904
905
906
907
908
0.65 0 0.8
0.65 0 0.6
0.65 0 0.4
0.65 0 0.2
0.65 0 0.9
0.65 0 0.7
0.65 0 0.5
0.65 0 0.3
0.65 0 0.09999999999999998
1 119 0 1
909
0.6646446609406725 0.03535533905932738 0
1 120 0 9
910
911
912
913
914
915
916
917
918
0.7 -0.05 0.8
0.7 -0.05 0.6
0.7 -0.05 0.4
0.7 -0.05 0.2
0.7 -0.05 0.9
0.7 -0.05 0.7
0.7 -0.05 0.5
0.7 -0.05 0.3
0.7 -0.05 0.09999999999999998
1 121 0 1
919
0.6646446609406726 -0.03535533905932733 0
1 122 0 1
920
0.7353553390593274 -0.03535533905932738 0
1 123 0 9
921
922
923
924
925
926
927
928
929
0.45 0.4 0.8
0.45 0.4 0.6
0.45 0.4 0.4
0.45 0.4 0.2
0.45 0.4 0.9
0.45 0.4 0.7
0.45 0.4 0.5
0.45 0.4 0.3
0.45 0.4 0.09999999999999998
1 124 0 9
930
931
932
933
934
935
936
937
938
0.4 0.45 0.8
0.4 0.45 0.6
0.4 0.45 0.4
0.4 0.45 0.2
0.4 0.45 0.9
0.4 0.45 0.7
0.4 0.45 0.5
0.4 0.45 0.3
0.4 0.45 0.09999999999999998
1 125 0 1
939
0.4353553390593274 0.4353553390593274 0
1 126 0 9
940
941
942
943
944
945
946
947
948
0.4 0.35 0.8
0.4 0.35 0.6
0.4 0.35 0.4
0.4 0.35 0.2
0.4 0.35 0.9
0.4 0.35 0.7
0.4 0.35 0.5
0.4 0.35 0.3
0.4 0.35 0.09999999999999998
1 127 0 1
949
0.4353553390593274 0.3646446609406726 0
1 128 0 9
950
951
952
953
954
955
956
957
958
0.35 0.4 0.8
0.35 0.4 0.6
0.35 0.4 0.4
0.35 0.4 0.2
0.35 0.4 0.9
0.35 0.4 0.7
0.35 0.4 0.5
0.35 0.4 0.3
0.35 0.4 0.09999999999999998
1 129 0 1
959
0.3646446609406726 0.3646446609406726 0
1 130 0 1
960
0.3646446609406727 0.4353553390593274 0
1 131 0 9
961
962
963
964
965
966
967
968
969
-0.35 -0.4 4.2
-0.35 -0.4 4.4
-0.35 -0.4 4.6
-0.35 -0.4 4.8
-0.35 -0.4 4.1
-0.35 -0.4 4.3
-0.35 -0.4 4.5
-0.35 -0.4 4.7
-0.35 -0.4 4.9
1 132 0 13
970
971
972
973
974
975
976
977
978
979
980
981
982
-0.3688255099070634 -0.3609084258765985 5
-0.4111260466978158 -0.3512536043909089 5
-0.4450484433951211 -0.3783058130441223 5
-0.4450484433951209 -0.4216941869558781 5
-0.4111260466978156 -0.4487463956090912 5
-0.3688255099070633 -0.4390915741234015 5
-0.3549515566048791 -0.3783058130441221 5
-0.3888739533021844 -0.3512536043909088 5
-0.4311744900929368 -0.3609084258765986 5
-0.45 -0.4000000000000002 5
-0.4311744900929365 -0.4390915741234017 5
-0.3888739533021842 -0.4487463956090912 5
-0.3549515566048791 -0.421694186955878 5
1 133 0 9
983
984
985
986
987
988
989
990
991
-0.6499999999999999 0 4.2
-0.6499999999999999 0 4.4
-0.6499999999999999 0 4.6
-0.6499999999999999 0 4.8
-0.6499999999999999 0 4.1
-0.6499999999999999 0 4.3
-0.6499999999999999 0 4.5
-0.6499999999999999 0 4.7
-0.6499999999999999 0 4.9
1 134 0 13
992
993
994
995
996
997
998
999
1000
1001
1002
1003
1004
-0.6688255099070634 0.03909157412340152 5
-0.7111260466978158 0.04874639560909116 5
-0.745048443395121 0.02169418695587775 5
-0.7450484433951208 -0.02169418695587812 5
-0.7111260466978154 -0.04874639560909123 5
-0.6688255099070632 -0.03909157412340147 5
-0.654951556604879 0.02169418695587792 5
-0.6888739533021843 0.04874639560909119 5
-0.7311744900929368 0.03909157412340142 5
-0.75 -2.159215731559194e-16 5
-0.7311744900929364 -0.03909157412340163 5
-0.6888739533021841 -0.04874639560909116 5
-0.654951556604879 -0.02169418695587792 5
1 135 0 9
1005
1006
1007
1008
1009
1010
1011
1012
1013
-0.35 0.4 4.2
-0.35 0.4 4.4
-0.35 0.4 4.6
-0.35 0.4 4.8
-0.35 0.4 4.1
-0.35 0.4 4.3
-0.35 0.4 4.5
-0.35 0.4 4.7
-0.35 0.4 4.9
1 136 0 13
1014
1015
1016
1017
1018
1019
1020
1021
1022
1023
1024
1025
1026
-0.3688255099070634 0.4390915741234016 5
-0.4111260466978158 0.4487463956090912 5
-0.4450484433951211 0.4216941869558778 5
-0.4450484433951209 0.3783058130441219 5
-0.4111260466978156 0.3512536043909088 5
-0.3688255099070633 0.3609084258765985 5
-0.3549515566048791 0.421694186955878 5
-0.3888739533021844 0.4487463956090912 5
-0.4311744900929368 0.4390915741234014 5
-0.45 0.3999999999999998 5
-0.4311744900929365 0.3609084258765984 5
-0.3888739533021842 0.3512536043909089 5
-0.3549515566048791 0.3783058130441221 5
1 137 0 7
1027
1028
1029
1030
1031
1032
1033
-0.3000000000000003 0.2 5
-0.5 -8.636862926236777e-16 5
-0.2999999999999992 -0.2 5
-0.1585786437626906 0.1414213562373096 5
-0.4414213562373098 0.1414213562373091 5
-0.4414213562373089 -0.1414213562373101 5
-0.1585786437626902 -0.1414213562373093 5
1 138 0 17
1034
1035
1036
1037
1038
1039
1040
1041
1042
1043
1044
1045
1046
1047
1048
1049
1050
0.4532088886237955 0.1285575219373079 0
0.3347296355333859 0.1969615506024417 0
0.1999999999999996 0.1732050807568875 0
0.1120614758428181 0.06840402866513311 0
0.1120614758428186 -0.06840402866513466 0
0.2000000000000008 -0.1732050807568882 0
0.3347296355333867 -0.1969615506024415 0
0.4532088886237958 -0.1285575219373077 0
0.4879385241571816 0.0684040286651338 0
0.3999999999999999 0.1732050807568878 0
0.2652703644666136 0.1969615506024416 0
0.146791111376204 0.1285575219373075 0
0.09999999999999998 -7.748684506536652e-16 0
0.146791111376205 -0.1285575219373086 0
0.2652703644666148 -0.1969615506024418 0
0.4000000000000005 -0.1732050807568875 0
0.4879385241571818 -0.06840402866513355 0
1 139 0 7
1051
1052
1053
1054
1055
1056
1057
-0.7071067811865475 -0.7071067811865476 0
-1 -1.224606353822377e-16 0
-0.7071067811865477 0.7071067811865475 0
-0.3826834323650897 -0.9238795325112867 0
-0.9238795325112867 -0.3826834323650899 0
-0.9238795325112868 0.3826834323650897 0
-0.3826834323650895 0.9238795325112868 0
1 140 0 17
1058
1059
1060
1061
1062
1063
1064
1065
1066
1067
1068
1069
1070
1071
1072
1073
1074
0.342020143325669 0.9396926207859083 0
0.6427876096865399 0.7660444431189776 0
0.8660254037844393 0.4999999999999989 0
0.9848077530122082 0.1736481776669295 0
0.984807753012208 -0.1736481776669308 0
0.8660254037844386 -0.5 0
0.6427876096865396 -0.7660444431189778 0
0.3420201433256687 -0.9396926207859084 0
0.17364817766693 0.9848077530122081 0
0.5000000000000001 0.8660254037844386 0
0.7660444431189785 0.6427876096865389 0
0.9396926207859088 0.3420201433256678 0
1 -6.432571489356498e-16 0
0.9396926207859083 -0.3420201433256689 0
0.7660444431189781 -0.6427876096865391 0
0.5000000000000006 -0.8660254037844384 0
0.1736481776669304 -0.984807753012208 0
1 141 0 7
1075
1076
1077
1078
1079
1080
1081
0.7071067811865474 0.7071067811865477 5
1 2.449212707644755e-16 5
0.7071067811865477 -0.7071067811865474 5
0.38268343236509 0.9238795325112866 5
0.9238795325112868 0.3826834323650896 5
0.9238795325112867 -0.3826834323650899 5
0.3826834323650896 -0.9238795325112868 5
1 142 0 17
1082
1083
1084
1085
1086
1087
1088
1089
1090
1091
1092
1093
1094
1095
1096
1097
1098
-0.3420201433256693 -0.9396926207859082 5
-0.6427876096865404 -0.7660444431189771 5
-0.8660254037844394 -0.4999999999999988 5
-0.9848077530122082 -0.1736481776669294 5
-0.9848077530122079 0.1736481776669313 5
-0.8660254037844384 0.5000000000000006 5
-0.6427876096865388 0.7660444431189785 5
-0.3420201433256685 0.9396926207859084 5
-0.1736481776669305 -0.984807753012208 5
-0.500000000000001 -0.866025403784438 5
-0.766044443118979 -0.6427876096865381 5
-0.9396926207859088 -0.3420201433256676 5
-1 7.657177843178875e-16 5
-0.9396926207859081 0.3420201433256695 5
-0.7660444431189775 0.6427876096865399 5
-0.4999999999999996 0.8660254037844388 5
-0.1736481776669303 0.984807753012208 5
1 143 0 9
1099
1100
1101
1102
1103
1104
1105
1106
1107
0 -1 0.8
0 -1 0.6
0 -1 0.4
0 -1 0.2
0 -1 0.9
0 -1 0.7
0 -1 0.5
0 -1 0.3
0 -1 0.09999999999999998
1 144 0 9
1108
1109
1110
1111
1112
1113
1114
1115
1116
1 0 0.8
1 0 0.6
1 0 0.4
1 0 0.2
1 0 0.9
1 0 0.7
1 0 0.5
1 0 0.3
1 0 0.09999999999999998
1 145 0 7
1117
1118
1119
1120
1121
1122
1123
0.3826834323650905 -0.9238795325112864 0
0.7071067811865478 -0.7071067811865472 0
0.9238795325112868 -0.3826834323650894 0
0.1950903220161286 -0.9807852804032304 0
0.5555702330196027 -0.8314696123025449 0
0.8314696123025456 -0.5555702330196017 0
0.9807852804032304 -0.1950903220161282 0
1 146 0 79
1124
1125
1126
1127
1128
1129
1130
1131
1132
1133
1134
1135
1136
1137
1138
1139
1140
1141
1142
1143
1144
1145
1146
1147
1148
1149
1150
1151
1152
1153
1154
1155
1156
1157
1158
1159
1160
1161
1162
1163
1164
1165
1166
1167
1168
1169
1170
1171
1172
1173
1174
1175
1176
1177
1178
1179
1180
1181
1182
1183
1184
1185
1186
1187
1188
1189
1190
1191
1192
1193
1194
1195
1196
1197
1198
1199
1200
1201
1202
0 -1 1.05
0 -1 1.1
0 -1 1.15
0 -1 1.2
0 -1 1.25
0 -1 1.3
0 -1 1.35
0 -1 1.4
0 -1 1.45
0 -1 1.5
0 -1 1.55
0 -1 1.6
0 -1 1.65
0 -1 1.7
0 -1 1.75
0 -1 1.8
0 -1 1.85
0 -1 1.9
0 -1 1.95
0 -1 2
0 -1 2.05
0 -1 2.1
0 -1 2.15
0 -1 2.2
0 -1 2.25
0 -1 2.3
0 -1 2.35
0 -1 2.4
0 -1 2.45
0 -1 2.5
0 -1 2.55
0 -1 2.6
0 -1 2.65
0 -1 2.7
0 -1 2.75
0 -1 2.8
0 -1 2.85
0 -1 2.9
0 -1 2.95
0 -1 1.025
0 -1 1.075
0 -1 1.125
0 -1 1.175
0 -1 1.225
0 -1 1.275
0 -1 1.325
0 -1 1.375
0 -1 1.425
0 -1 1.475
0 -1 1.525
0 -1 1.575
0 -1 1.625
0 -1 1.675
0 -1 1.725
0 -1 1.775
0 -1 1.825
0 -1 1.875
0 -1 1.925
0 -1 1.975
0 -1 2.025
0 -1 2.075
0 -1 2.125
0 -1 2.175
0 -1 2.225
0 -1 2.275
0 -1 2.325
0 -1 2.375
0 -1 2.425
0 -1 2.475
0 -1 2.525
0 -1 2.575
0 -1 2.625
0 -1 2.675
0 -1 2.725
0 -1 2.775
0 -1 2.825
0 -1 2.875
0 -1 2.925
0 -1 2.975
1 147 0 79
1203
1204
1205
1206
1207
1208
1209
1210
1211
1212
1213
1214
1215
1216
1217
1218
1219
1220
1221
1222
1223
1224
1225
1226
1227
1228
1229
1230
1231
1232
1233
1234
1235
1236
1237
1238
1239
1240
1241
1242
1243
1244
1245
1246
1247
1248
1249
1250
1251
1252
1253
1254
1255
1256
1257
1258
1259
1260
1261
1262
1263
1264
1265
1266
1267
1268
1269
1270
1271
1272
1273
1274
1275
1276
1277
1278
1279
1280
1281
1 0 1.05
1 0 1.1
1 0 1.15
1 0 1.2
1 0 1.25
1 0 1.3
1 0 1.35
1 0 1.4
1 0 1.45
1 0 1.5
1 0 1.55
1 0 1.6
1 0 1.65
1 0 1.7
1 0 1.75
1 0 1.8
1 0 1.85
1 0 1.9
1 0 1.95
1 0 2
1 0 2.05
1 0 2.1
1 0 2.15
1 0 2.2
1 0 2.25
1 0 2.3
1 0 2.35
1 0 2.4
1 0 2.45
1 0 2.5
1 0 2.55
1 0 2.6
1 0 2.65
1 0 2.7
1 0 2.75
1 0 2.8
1 0 2.85
1 0 2.9
1 0 2.95
1 0 1.025
1 0 1.075
1 0 1.125
1 0 1.175
1 0 1.225
1 0 1.275
1 0 1.325
1 0 1.375
1 0 1.425
1 0 1.475
1 0 1.525
1 0 1.575
1 0 1.625
1 0 1.675
1 0 1.725
1 0 1.775
1 0 1.825
1 0 1.875
1 0 1.925
1 0 1.975
1 0 2.025
1 0 2.075
1 0 2.125
1 0 2.175
1 0 2.225
1 0 2.275
1 0 2.325
1 0 2.375
1 0 2.425
1 0 2.475
1 0 2.525
1 0 2.575
1 0 2.625
1 0 2.675
1 0 2.725
1 0 2.775
1 0 2.825
1 0 2.875
1 0 2.925
1 0 2.975
1 148 0 7
1282
1283
1284
1285
1286
1287
1288
0.3826834323650905 -0.9238795325112864 3
0.7071067811865478 -0.7071067811865472 3
0.9238795325112868 -0.3826834323650894 3
0.1950903220161286 -0.9807852804032304 3
0.5555702330196027 -0.8314696123025449 3
0.8314696123025456 -0.5555702330196017 3
0.9807852804032304 -0.1950903220161282 3
1 149 0 79
1289
1290
1291
1292
1293
1294
1295
1296
1297
1298
1299
1300
1301
1302
1303
1304
1305
1306
1307
1308
1309
1310
1311
1312
1313
1314
1315
1316
1317
1318
1319
1320
1321
1322
1323
1324
1325
1326
1327
1328
1329
1330
1331
1332
1333
1334
1335
1336
1337
1338
1339
1340
1341
1342
1343
1344
1345
1346
1347
1348
1349
1350
1351
1352
1353
1354
1355
1356
1357
1358
1359
1360
1361
1362
1363
1364
1365
1366
1367
0 -1 3.05
0 -1 3.1
0 -1 3.15
0 -1 3.2
0 -1 3.25
0 -1 3.3
0 -1 3.35
0 -1 3.4
0 -1 3.45
0 -1 3.5
0 -1 3.55
0 -1 3.6
0 -1 3.65
0 -1 3.7
0 -1 3.75
0 -1 3.8
0 -1 3.85
0 -1 3.9
0 -1 3.95
0 -1 4
0 -1 4.05
0 -1 4.1
0 -1 4.15
0 -1 4.2
0 -1 4.25
0 -1 4.3
0 -1 4.35
0 -1 4.4
0 -1 4.45
0 -1 4.5
0 -1 4.55
0 -1 4.6
0 -1 4.65
0 -1 4.7
0 -1 4.75
0 -1 4.8
0 -1 4.85
0 -1 4.9
0 -1 4.95
0 -1 3.025
0 -1 3.075
0 -1 3.125
0 -1 3.175
0 -1 3.225
0 -1 3.275
0 -1 3.325
0 -1 3.375
0 -1 3.425
0 -1 3.475
0 -1 3.525
0 -1 3.575
0 -1 3.625
0 -1 3.675
0 -1 3.725
0 -1 3.775
0 -1 3.825
0 -1 3.875
0 -1 3.925
0 -1 3.975
0 -1 4.025
0 -1 4.075
0 -1 4.125
0 -1 4.175
0 -1 4.225
0 -1 4.275
0 -1 4.325
0 -1 4.375
0 -1 4.425
0 -1 4.475
0 -1 4.525
0 -1 4.575
0 -1 4.625
0 -1 4.675
0 -1 4.725
0 -1 4.775
0 -1 4.825
0 -1 4.875
0 -1 4.925
0 -1 4.975
1 150 0 79
1368
1369
1370
1371
1372
1373
1374
1375
1376
1377
1378
1379
1380
1381
1382
1383
1384
1385
1386
1387
1388
1389
1390
1391
1392
1393
1394
1395
1396
1397
1398
1399
1400
1401
1402
1403
1404
1405
1406
1407
1408
1409
1410
1411
1412
1413
1414
1415
1416
1417
1418
1419
1420
1421
1422
1423
1424
1425
1426
1427
1428
1429
1430
1431
1432
1433
1434
1435
1436
1437
1438
1439
1440
1441
1442
1443
1444
1445
1446
1 0 3.05
1 0 3.1
1 0 3.15
1 0 3.2
1 0 3.25
1 0 3.3
1 0 3.35
1 0 3.4
1 0 3.45
1 0 3.5
1 0 3.55
1 0 3.6
1 0 3.65
1 0 3.7
1 0 3.75
1 0 3.8
1 0 3.85
1 0 3.9
1 0 3.95
1 0 4
1 0 4.05
1 0 4.1
1 0 4.15
1 0 4.2
1 0 4.25
1 0 4.3
1 0 4.35
1 0 4.4
1 0 4.45
1 0 4.5
1 0 4.55
1 0 4.6
1 0 4.65
1 0 4.7
1 0 4.75
1 0 4.8
1 0 4.85
1 0 4.9
1 0 4.95
1 0 3.025
1 0 3.075
1 0 3.125
1 0 3.175
1 0 3.225
1 0 3.275
1 0 3.325
1 0 3.375
1 0 3.425
1 0 3.475
1 0 3.525
1 0 3.575
1 0 3.625
1 0 3.675
1 0 3.725
1 0 3.775
1 0 3.825
1 0 3.875
1 0 3.925
1 0 3.975
1 0 4.025
1 0 4.075
1 0 4.125
1 0 4.175
1 0 4.225
1 0 4.275
1 0 4.325
1 0 4.375
1 0 4.425
1 0 4.475
1 0 4.525
1 0 4.575
1 0 4.625
1 0 4.675
1 0 4.725
1 0 4.775
1 0 4.825
1 0 4.875
1 0 4.925
1 0 4.975
1 151 0 7
1447
1448
1449
1450
1451
1452
1453
0.3826834323650905 -0.9238795325112864 5
0.7071067811865478 -0.7071067811865472 5
0.9238795325112868 -0.3826834323650894 5
0.1950903220161286 -0.9807852804032304 5
0.5555702330196027 -0.8314696123025449 5
0.8314696123025456 -0.5555702330196017 5
0.9807852804032304 -0.1950903220161282 5
1 152 0 79
1454
1455
1456
1457
1458
1459
1460
1461
1462
1463
1464
1465
1466
1467
1468
1469
1470
1471
1472
1473
1474
1475
1476
1477
1478
1479
1480
1481
1482
1483
1484
1485
1486
1487
1488
1489
1490
1491
1492
1493
1494
1495
1496
1497
1498
1499
1500
1501
1502
1503
1504
1505
1506
1507
1508
1509
1510
1511
1512
1513
1514
1515
1516
1517
1518
1519
1520
1521
1522
1523
1524
1525
1526
1527
1528
1529
1530
1531
1532
1 0 1.05
1 0 1.1
1 0 1.15
1 0 1.2
1 0 1.25
1 0 1.3
1 0 1.35
1 0 1.4
1 0 1.45
1 0 1.5
1 0 1.55
1 0 1.6
1 0 1.65
1 0 1.7
1 0 1.75
1 0 1.8
1 0 1.85
1 0 1.9
1 0 1.95
1 0 2
1 0 2.05
1 0 2.1
1 0 2.15
1 0 2.2
1 0 2.25
1 0 2.3
1 0 2.35
1 0 2.4
1 0 2.45
1 0 2.5
1 0 2.55
1 0 2.6
1 0 2.65
1 0 2.7
1 0 2.75
1 0 2.8
1 0 2.85
1 0 2.9
1 0 2.95
1 0 1.025
1 0 1.075
1 0 1.125
1 0 1.175
1 0 1.225
1 0 1.275
1 0 1.325
1 0 1.375
1 0 1.425
1 0 1.475
1 0 1.525
1 0 1.575
1 0 1.625
1 0 1.675
1 0 1.725
1 0 1.775
1 0 1.825
1 0 1.875
1 0 1.925
1 0 1.975
1 0 2.025
1 0 2.075
1 0 2.125
1 0 2.175
1 0 2.225
1 0 2.275
1 0 2.325
1 0 2.375
1 0 2.425
1 0 2.475
1 0 2.525
1 0 2.575
1 0 2.625
1 0 2.675
1 0 2.725
1 0 2.775
1 0 2.825
1 0 2.875
1 0 2.925
1 0 2.975
1 153 0 79
1533
1534
1535
1536
1537
1538
1539
1540
1541
1542
1543
1544
1545
1546
1547
1548
1549
1550
1551
1552
1553
1554
1555
1556
1557
1558
1559
1560
1561
1562
1563
1564
1565
1566
1567
1568
1569
1570
1571
1572
1573
1574
1575
1576
1577
1578
1579
1580
1581
1582
1583
1584
1585
1586
1587
1588
1589
1590
1591
1592
1593
1594
1595
1596
1597
1598
1599
1600
1601
1602
1603
1604
1605
1606
1607
1608
1609
1610
1611
0 1 1.05
0 1 1.1
0 1 1.15
0 1 1.2
0 1 1.25
0 1 1.3
0 1 1.35
0 1 1.4
0 1 1.45
0 1 1.5
0 1 1.55
0 1 1.6
0 1 1.65
0 1 1.7
0 1 1.75
0 1 1.8
0 1 1.85
0 1 1.9
0 1 1.95
0 1 2
0 1 2.05
0 1 2.1
0 1 2.15
0 1 2.2
0 1 2.25
0 1 2.3
0 1 2.35
0 1 2.4
0 1 2.45
0 1 2.5
0 1 2.55
0 1 2.6
0 1 2.65
0 1 2.7
0 1 2.75
0 1 2.8
0 1 2.85
0 1 2.9
0 1 2.95
0 1 1.025
0 1 1.075
0 1 1.125
0 1 1.175
0 1 1.225
0 1 1.275
0 1 1.325
0 1 1.375
0 1 1.425
0 1 1.475
0 1 1.525
0 1 1.575
0 1 1.625
0 1 1.675
0 1 1.725
0 1 1.775
0 1 1.825
0 1 1.875
0 1 1.925
0 1 1.975
0 1 2.025
0 1 2.075
0 1 2.125
0 1 2.175
0 1 2.225
0 1 2.275
0 1 2.325
0 1 2.375
0 1 2.425
0 1 2.475
0 1 2.525
0 1 2.575
0 1 2.625
0 1 2.675
0 1 2.725
0 1 2.775
0 1 2.825
0 1 2.875
0 1 2.925
0 1 2.975
1 154 0 3
1612
1613
1614
0.7071067811865477 0.7071067811865475 3
0.9238795325112868 0.3826834323650897 3
0.3826834323650895 0.9238795325112868 3
1 155 0 79
1615
1616
1617
1618
1619
1620
1621
1622
1623
1624
1625
1626
1627
1628
1629
1630
1631
1632
1633
1634
1635
1636
1637
1638
1639
1640
1641
1642
1643
1644
1645
1646
1647
1648
1649
1650
1651
1652
1653
1654
1655
1656
1657
1658
1659
1660
1661
1662
1663
1664
1665
1666
1667
1668
1669
1670
1671
1672
1673
1674
1675
1676
1677
1678
1679
1680
1681
1682
1683
1684
1685
1686
1687
1688
1689
1690
1691
1692
1693
1 0 3.05
1 0 3.1
1 0 3.15
1 0 3.2
1 0 3.25
1 0 3.3
1 0 3.35
1 0 3.4
1 0 3.45
1 0 3.5
1 0 3.55
1 0 3.6
1 0 3.65
1 0 3.7
1 0 3.75
1 0 3.8
1 0 3.85
1 0 3.9
1 0 3.95
1 0 4
1 0 4.05
1 0 4.1
1 0 4.15
1 0 4.2
1 0 4.25
1 0 4.3
1 0 4.35
1 0 4.4
1 0 4.45
1 0 4.5
1 0 4.55
1 0 4.6
1 0 4.65
1 0 4.7
1 0 4.75
1 0 4.8
1 0 4.85
1 0 4.9
1 0 4.95
1 0 3.025
1 0 3.075
1 0 3.125
1 0 3.175
1 0 3.225
1 0 3.275
1 0 3.325
1 0 3.375
1 0 3.425
1 0 3.475
1 0 3.525
1 0 3.575
1 0 3.625
1 0 3.675
1 0 3.725
1 0 3.775
1 0 3.825
1 0 3.875
1 0 3.925
1 0 3.975
1 0 4.025
1 0 4.075
1 0 4.125
1 0 4.175
1 0 4.225
1 0 4.275
1 0 4.325
1 0 4.375
1 0 4.425
1 0 4.475
1 0 4.525
1 0 4.575
1 0 4.625
1 0 4.675
1 0 4.725
1 0 4.775
1 0 4.825
1 0 4.875
1 0 4.925
1 0 4.975
1 156 0 79
1694
1695
1696
1697
1698
1699
1700
1701
1702
1703
1704
1705
1706
1707
1708
1709
1710
1711
1712
1713
1714
1715
1716
1717
1718
1719
1720
1721
1722
1723
1724
1725
1726
1727
1728
1729
1730
1731
1732
1733
1734
1735
1736
1737
1738
1739
1740
1741
1742
1743
1744
1745
1746
1747
1748
1749
1750
1751
1752
1753
1754
1755
1756
1757
1758
1759
1760
1761
1762
1763
1764
1765
1766
1767
1768
1769
1770
1771
1772
0 1 3.05
0 1 3.1
0 1 3.15
0 1 3.2
0 1 3.25
0 1 3.3
0 1 3.35
0 1 3.4
0 1 3.45
0 1 3.5
0 1 3.55
0 1 3.6
0 1 3.65
0 1 3.7
0 1 3.75
0 1 3.8
0 1 3.85
0 1 3.9
0 1 3.95
0 1 4
0 1 4.05
0 1 4.1
0 1 4.15
0 1 4.2
0 1 4.25
0 1 4.3
0 1 4.35
0 1 4.4
0 1 4.45
0 1 4.5
0 1 4.55
0 1 4.6
0 1 4.65
0 1 4.7
0 1 4.75
0 1 4.8
0 1 4.85
0 1 4.9
0 1 4.95
0 1 3.025
0 1 3.075
0 1 3.125
0 1 3.175
0 1 3.225
0 1 3.275
0 1 3.325
0 1 3.375
0 1 3.425
0 1 3.475
0 1 3.525
0 1 3.575
0 1 3.625
0 1 3.675
0 1 3.725
0 1 3.775
0 1 3.825
0 1 3.875
0 1 3.925
0 1 3.975
0 1 4.025
0 1 4.075
0 1 4.125
0 1 4.175
0 1 4.225
0 1 4.275
0 1 4.325
0 1 4.375
0 1 4.425
0 1 4.475
0 1 4.525
0 1 4.575
0 1 4.625
0 1 4.675
0 1 4.725
0 1 4.775
0 1 4.825
0 1 4.875
0 1 4.925
0 1 4.975
1 157 0 3
1773
1774
1775
0.7071067811865477 0.7071067811865475 5
0.9238795325112868 0.3826834323650897 5
0.3826834323650895 0.9238795325112868 5
1 158 0 79
1776
1777
1778
1779
1780
1781
1782
1783
1784
1785
1786
1787
1788
1789
1790
1791
1792
1793
1794
1795
1796
1797
1798
1799
1800
1801
1802
1803
1804
1805
1806
1807
1808
1809
1810
1811
1812
1813
1814
1815
1816
1817
1818
1819
1820
1821
1822
1823
1824
1825
1826
1827
1828
1829
1830
1831
1832
1833
1834
1835
1836
1837
1838
1839
1840
1841
1842
1843
1844
1845
1846
1847
1848
1849
1850
1851
1852
1853
1854
-1 0 0.05
-1 0 0.1
-1 0 0.15
-1 0 0.2
-1 0 0.25
-1 0 0.3
-1 0 0.35
-1 0 0.4
-1 0 0.45
-1 0 0.5
-1 0 0.55
-1 0 0.6
-1 0 0.65
-1 0 0.7
-1 0 0.75
-1 0 0.8
-1 0 0.85
-1 0 0.9
-1 0 0.95
-1 0 1
-1 0 1.05
-1 0 1.1
-1 0 1.15
-1 0 1.2
-1 0 1.25
-1 0 1.3
-1 0 1.35
-1 0 1.4
-1 0 1.45
-1 0 1.5
-1 0 1.55
-1 0 1.6
-1 0 1.65
-1 0 1.7
-1 0 1.75
-1 0 1.8
-1 0 1.85
-1 0 1.9
-1 0 1.95
-1 0 0.025
-1 0 0.07500000000000001
-1 0 0.125
-1 0 0.175
-1 0 0.225
-1 0 0.275
-1 0 0.325
-1 0 0.375
-1 0 0.425
-1 0 0.475
-1 0 0.525
-1 0 0.575
-1 0 0.625
-1 0 0.6749999999999999
-1 0 0.725
-1 0 0.775
-1 0 0.825
-1 0 0.875
-1 0 0.9249999999999999
-1 0 0.975
-1 0 1.025
-1 0 1.075
-1 0 1.125
-1 0 1.175
-1 0 1.225
-1 0 1.275
-1 0 1.325
-1 0 1.375
-1 0 1.425
-1 0 1.475
-1 0 1.525
-1 0 1.575
-1 0 1.625
-1 0 1.675
-1 0 1.725
-1 0 1.775
-1 0 1.825
-1 0 1.875
-1 0 1.925
-1 0 1.975
1 159 0 79
1855
1856
1857
1858
1859
1860
1861
1862
1863
1864
1865
1866
1867
1868
1869
1870
1871
1872
1873
1874
1875
1876
1877
1878
1879
1880
1881
1882
1883
1884
1885
1886
1887
1888
1889
1890
1891
1892
1893
1894
1895
1896
1897
1898
1899
1900
1901
1902
1903
1904
1905
1906
1907
1908
1909
1910
1911
1912
1913
1914
1915
1916
1917
1918
1919
1920
1921
1922
1923
1924
1925
1926
1927
1928
1929
1930
1931
1932
1933
0 1 0.05
0 1 0.1
0 1 0.15
0 1 0.2
0 1 0.25
0 1 0.3
0 1 0.35
0 1 0.4
0 1 0.45
0 1 0.5
0 1 0.55
0 1 0.6
0 1 0.65
0 1 0.7
0 1 0.75
0 1 0.8
0 1 0.85
0 1 0.9
0 1 0.95
0 1 1
0 1 1.05
0 1 1.1
0 1 1.15
0 1 1.2
0 1 1.25
0 1 1.3
0 1 1.35
0 1 1.4
0 1 1.45
0 1 1.5
0 1 1.55
0 1 1.6
0 1 1.65
0 1 1.7
0 1 1.75
0 1 1.8
0 1 1.85
0 1 1.9
0 1 1.95
0 1 0.025
0 1 0.07500000000000001
0 1 0.125
0 1 0.175
0 1 0.225
0 1 0.275
0 1 0.325
0 1 0.375
0 1 0.425
0 1 0.475
0 1 0.525
0 1 0.575
0 1 0.625
0 1 0.6749999999999999
0 1 0.725
0 1 0.775
0 1 0.825
0 1 0.875
0 1 0.9249999999999999
0 1 0.975
0 1 1.025
0 1 1.075
0 1 1.125
0 1 1.175
0 1 1.225
0 1 1.275
0 1 1.325
0 1 1.375
0 1 1.425
0 1 1.475
0 1 1.525
0 1 1.575
0 1 1.625
0 1 1.675
0 1 1.725
0 1 1.775
0 1 1.825
0 1 1.875
0 1 1.925
0 1 1.975
1 160 0 7
1934
1935
1936
1937
1938
1939
1940
-0.923879532511287 0.3826834323650892 2
-0.7071067811865489 0.7071067811865461 2
-0.3826834323650912 0.9238795325112862 2
-0.9807852804032305 0.1950903220161279 2
-0.8314696123025459 0.5555702330196012 2
-0.5555702330196036 0.8314696123025442 2
-0.1950903220161295 0.9807852804032302 2
1 161 0 79
1941
1942
1943
1944
1945
1946
1947
1948
1949
1950
1951
1952
1953
1954
1955
1956
1957
1958
1959
1960
1961
1962
1963
1964
1965
1966
1967
1968
1969
1970
1971
1972
1973
1974
1975
1976
1977
1978
1979
1980
1981
1982
1983
1984
1985
1986
1987
1988
1989
1990
1991
1992
1993
1994
1995
1996
1997
1998
1999
2000
2001
2002
2003
2004
2005
2006
2007
2008
2009
2010
2011
2012
2013
2014
2015
2016
2017
2018
2019
0 -1 0.05
0 -1 0.1
0 -1 0.15
0 -1 0.2
0 -1 0.25
0 -1 0.3
0 -1 0.35
0 -1 0.4
0 -1 0.45
0 -1 0.5
0 -1 0.55
0 -1 0.6
0 -1 0.65
0 -1 0.7
0 -1 0.75
0 -1 0.8
0 -1 0.85
0 -1 0.9
0 -1 0.95
0 -1 1
0 -1 1.05
0 -1 1.1
0 -1 1.15
0 -1 1.2
0 -1 1.25
0 -1 1.3
0 -1 1.35
0 -1 1.4
0 -1 1.45
0 -1 1.5
0 -1 1.55
0 -1 1.6
0 -1 1.65
0 -1 1.7
0 -1 1.75
0 -1 1.8
0 -1 1.85
0 -1 1.9
0 -1 1.95
0 -1 0.025
0 -1 0.07500000000000001
0 -1 0.125
0 -1 0.175
0 -1 0.225
0 -1 0.275
0 -1 0.325
0 -1 0.375
0 -1 0.425
0 -1 0.475
0 -1 0.525
0 -1 0.575
0 -1 0.625
0 -1 0.6749999999999999
0 -1 0.725
0 -1 0.775
0 -1 0.825
0 -1 0.875
0 -1 0.9249999999999999
0 -1 0.975
0 -1 1.025
0 -1 1.075
0 -1 1.125
0 -1 1.175
0 -1 1.225
0 -1 1.275
0 -1 1.325
0 -1 1.375
0 -1 1.425
0 -1 1.475
0 -1 1.525
0 -1 1.575
0 -1 1.625
0 -1 1.675
0 -1 1.725
0 -1 1.775
0 -1 1.825
0 -1 1.875
0 -1 1.925
0 -1 1.975
1 162 0 7
2020
2021
2022
2023
2024
2025
2026
-0.7071067811865475 -0.7071067811865476 2
-1 -1.224606353822377e-16 2
-0.7071067811865477 0.7071067811865475 2
-0.3826834323650897 -0.9238795325112867 2
-0.9238795325112867 -0.3826834323650899 2
-0.9238795325112868 0.3826834323650897 2
-0.3826834323650895 0.9238795325112868 2
1 163 0 79
2027
2028
2029
2030
2031
2032
2033
2034
2035
2036
2037
2038
2039
2040
2041
2042
2043
2044
2045
2046
2047
2048
2049
2050
2051
2052
2053
2054
2055
2056
2057
2058
2059
2060
2061
2062
2063
2064
2065
2066
2067
2068
2069
2070
2071
2072
2073
2074
2075
2076
2077
2078
2079
2080
2081
2082
2083
2084
2085
2086
2087
2088
2089
2090
2091
2092
2093
2094
2095
2096
2097
2098
2099
2100
2101
2102
2103
2104
2105
-1 0 2.05
-1 0 2.1
-1 0 2.15
-1 0 2.2
-1 0 2.25
-1 0 2.3
-1 0 2.35
-1 0 2.4
-1 0 2.45
-1 0 2.5
-1 0 2.55
-1 0 2.6
-1 0 2.65
-1 0 2.7
-1 0 2.75
-1 0 2.8
-1 0 2.85
-1 0 2.9
-1 0 2.95
-1 0 3
-1 0 3.05
-1 0 3.1
-1 0 3.15
-1 0 3.2
-1 0 3.25
-1 0 3.3
-1 0 3.35
-1 0 3.4
-1 0 3.45
-1 0 3.5
-1 0 3.55
-1 0 3.6
-1 0 3.65
-1 0 3.7
-1 0 3.75
-1 0 3.8
-1 0 3.85
-1 0 3.9
-1 0 3.95
-1 0 2.025
-1 0 2.075
-1 0 2.125
-1 0 2.175
-1 0 2.225
-1 0 2.275
-1 0 2.325
-1 0 2.375
-1 0 2.425
-1 0 2.475
-1 0 2.525
-1 0 2.575
-1 0 2.625
-1 0 2.675
-1 0 2.725
-1 0 2.775
-1 0 2.825
-1 0 2.875
-1 0 2.925
-1 0 2.975
-1 0 3.025
-1 0 3.075
-1 0 3.125
-1 0 3.175
-1 0 3.225
-1 0 3.275
-1 0 3.325
-1 0 3.375
-1 0 3.425
-1 0 3.475
-1 0 3.525
-1 0 3.575
-1 0 3.625
-1 0 3.675
-1 0 3.725
-1 0 3.775
-1 0 3.825
-1 0 3.875
-1 0 3.925
-1 0 3.975
1 164 0 79
2106
2107
2108
2109
2110
2111
2112
2113
2114
2115
2116
2117
2118
2119
2120
2121
2122
2123
2124
2125
2126
2127
2128
2129
2130
2131
2132
2133
2134
2135
2136
2137
2138
2139
2140
2141
2142
2143
2144
2145
2146
2147
2148
2149
2150
2151
2152
2153
2154
2155
2156
2157
2158
2159
2160
2161
2162
2163
2164
2165
2166
2167
2168
2169
2170
2171
2172
2173
2174
2175
2176
2177
2178
2179
2180
2181
2182
2183
2184
0 1 2.05
0 1 2.1
0 1 2.15
0 1 2.2
0 1 2.25
0 1 2.3
0 1 2.35
0 1 2.4
0 1 2.45
0 1 2.5
0 1 2.55
0 1 2.6
0 1 2.65
0 1 2.7
0 1 2.75
0 1 2.8
0 1 2.85
0 1 2.9
0 1 2.95
0 1 3
0 1 3.05
0 1 3.1
0 1 3.15
0 1 3.2
0 1 3.25
0 1 3.3
0 1 3.35
0 1 3.4
0 1 3.45
0 1 3.5
0 1 3.55
0 1 3.6
0 1 3.65
0 1 3.7
0 1 3.75
0 1 3.8
0 1 3.85
0 1 3.9
0 1 3.95
0 1 2.025
0 1 2.075
0 1 2.125
0 1 2.175
0 1 2.225
0 1 2.275
0 1 2.325
0 1 2.375
0 1 2.425
0 1 2.475
0 1 2.525
0 1 2.575
0 1 2.625
0 1 2.675
0 1 2.725
0 1 2.775
0 1 2.825
0 1 2.875
0 1 2.925
0 1 2.975
0 1 3.025
0 1 3.075
0 1 3.125
0 1 3.175
0 1 3.225
0 1 3.275
0 1 3.325
0 1 3.375
0 1 3.425
0 1 3.475
0 1 3.525
0 1 3.575
0 1 3.625
0 1 3.675
0 1 3.725
0 1 3.775
0 1 3.825
0 1 3.875
0 1 3.925
0 1 3.975
1 165 0 7
2185
2186
2187
2188
2189
2190
2191
-0.923879532511287 0.3826834323650892 4
-0.7071067811865489 0.7071067811865461 4
-0.3826834323650912 0.9238795325112862 4
-0.9807852804032305 0.1950903220161279 4
-0.8314696123025459 0.5555702330196012 4
-0.5555702330196036 0.8314696123025442 4
-0.1950903220161295 0.9807852804032302 4
1 166 0 79
2192
2193
2194
2195
2196
2197
2198
2199
2200
2201
2202
2203
2204
2205
2206
2207
2208
2209
2210
2211
2212
2213
2214
2215
2216
2217
2218
2219
2220
2221
2222
2223
2224
2225
2226
2227
2228
2229
2230
2231
2232
2233
2234
2235
2236
2237
2238
2239
2240
2241
2242
2243
2244
2245
2246
2247
2248
2249
2250
2251
2252
2253
2254
2255
2256
2257
2258
2259
2260
2261
2262
2263
2264
2265
2266
2267
2268
2269
2270
0 -1 2.05
0 -1 2.1
0 -1 2.15
0 -1 2.2
0 -1 2.25
0 -1 2.3
0 -1 2.35
0 -1 2.4
0 -1 2.45
0 -1 2.5
0 -1 2.55
0 -1 2.6
0 -1 2.65
0 -1 2.7
0 -1 2.75
0 -1 2.8
0 -1 2.85
0 -1 2.9
0 -1 2.95
0 -1 3
0 -1 3.05
0 -1 3.1
0 -1 3.15
0 -1 3.2
0 -1 3.25
0 -1 3.3
0 -1 3.35
0 -1 3.4
0 -1 3.45
0 -1 3.5
0 -1 3.55
0 -1 3.6
0 -1 3.65
0 -1 3.7
0 -1 3.75
0 -1 3.8
0 -1 3.85
0 -1 3.9
0 -1 3.95
0 -1 2.025
0 -1 2.075
0 -1 2.125
0 -1 2.175
0 -1 2.225
0 -1 2.275
0 -1 2.325
0 -1 2.375
0 -1 2.425
0 -1 2.475
0 -1 2.525
0 -1 2.575
0 -1 2.625
0 -1 2.675
0 -1 2.725
0 -1 2.775
0 -1 2.825
0 -1 2.875
0 -1 2.925
0 -1 2.975
0 -1 3.025
0 -1 3.075
0 -1 3.125
0 -1 3.175
0 -1 3.225
0 -1 3.275
0 -1 3.325
0 -1 3.375
0 -1 3.425
0 -1 3.475
0 -1 3.525
0 -1 3.575
0 -1 3.625
0 -1 3.675
0 -1 3.725
0 -1 3.775
0 -1 3.825
0 -1 3.875
0 -1 3.925
0 -1 3.975
1 167 0 7
2271
2272
2273
2274
2275
2276
2277
-0.3826834323650905 -0.9238795325112864 4
-0.7071067811865478 -0.7071067811865472 4
-0.9238795325112868 -0.3826834323650894 4
-0.1950903220161286 -0.9807852804032304 4
-0.5555702330196027 -0.8314696123025449 4
-0.8314696123025456 -0.5555702330196017 4
-0.9807852804032304 -0.1950903220161282 4
1 168 0 79
2278
2279
2280
2281
2282
2283
2284
2285
2286
2287
2288
2289
2290
2291
2292
2293
2294
2295
2296
2297
2298
2299
2300
2301
2302
2303
2304
2305
2306
2307
2308
2309
2310
2311
2312
2313
2314
2315
2316
2317
2318
2319
2320
2321
2322
2323
2324
2325
2326
2327
2328
2329
2330
2331
2332
2333
2334
2335
2336
2337
2338
2339
2340
2341
2342
2343
2344
2345
2346
2347
2348
2349
2350
2351
2352
2353
2354
2355
2356
0 -1 0.05
0 -1 0.1
0 -1 0.15
0 -1 0.2
0 -1 0.25
0 -1 0.3
0 -1 0.35
0 -1 0.4
0 -1 0.45
0 -1 0.5
0 -1 0.55
0 -1 0.6
0 -1 0.65
0 -1 0.7
0 -1 0.75
0 -1 0.8
0 -1 0.85
0 -1 0.9
0 -1 0.95
0 -1 1
0 -1 1.05
0 -1 1.1
0 -1 1.15
0 -1 1.2
0 -1 1.25
0 -1 1.3
0 -1 1.35
0 -1 1.4
0 -1 1.45
0 -1 1.5
0 -1 1.55
0 -1 1.6
0 -1 1.65
0 -1 1.7
0 -1 1.75
0 -1 1.8
0 -1 1.85
0 -1 1.9
0 -1 1.95
0 -1 0.025
0 -1 0.07500000000000001
0 -1 0.125
0 -1 0.175
0 -1 0.225
0 -1 0.275
0 -1 0.325
0 -1 0.375
0 -1 0.425
0 -1 0.475
0 -1 0.525
0 -1 0.575
0 -1 0.625
0 -1 0.6749999999999999
0 -1 0.725
0 -1 0.775
0 -1 0.825
0 -1 0.875
0 -1 0.9249999999999999
0 -1 0.975
0 -1 1.025
0 -1 1.075
0 -1 1.125
0 -1 1.175
0 -1 1.225
0 -1 1.275
0 -1 1.325
0 -1 1.375
0 -1 1.425
0 -1 1.475
0 -1 1.525
0 -1 1.575
0 -1 1.625
0 -1 1.675
0 -1 1.725
0 -1 1.775
0 -1 1.825
0 -1 1.875
0 -1 1.925
0 -1 1.975
1 169 0 79
2357
2358
2359
2360
2361
2362
2363
2364
2365
2366
2367
2368
2369
2370
2371
2372
2373
2374
2375
2376
2377
2378
2379
2380
2381
2382
2383
2384
2385
2386
2387
2388
2389
2390
2391
2392
2393
2394
2395
2396
2397
2398
2399
2400
2401
2402
2403
2404
2405
2406
2407
2408
2409
2410
2411
2412
2413
2414
2415
2416
2417
2418
2419
2420
2421
2422
2423
2424
2425
2426
2427
2428
2429
2430
2431
2432
2433
2434
2435
-1 0 0.05
-1 0 0.1
-1 0 0.15
-1 0 0.2
-1 0 0.25
-1 0 0.3
-1 0 0.35
-1 0 0.4
-1 0 0.45
-1 0 0.5
-1 0 0.55
-1 0 0.6
-1 0 0.65
-1 0 0.7
-1 0 0.75
-1 0 0.8
-1 0 0.85
-1 0 0.9
-1 0 0.95
-1 0 1
-1 0 1.05
-1 0 1.1
-1 0 1.15
-1 0 1.2
-1 0 1.25
-1 0 1.3
-1 0 1.35
-1 0 1.4
-1 0 1.45
-1 0 1.5
-1 0 1.55
-1 0 1.6
-1 0 1.65
-1 0 1.7
-1 0 1.75
-1 0 1.8
-1 0 1.85
-1 0 1.9
-1 0 1.95
-1 0 0.025
-1 0 0.07500000000000001
-1 0 0.125
-1 0 0.175
-1 0 0.225
-1 0 0.275
-1 0 0.325
-1 0 0.375
-1 0 0.425
-1 0 0.475
-1 0 0.525
-1 0 0.575
-1 0 0.625
-1 0 0.6749999999999999
-1 0 0.725
-1 0 0.775
-1 0 0.825
-1 0 0.875
-1 0 0.9249999999999999
-1 0 0.975
-1 0 1.025
-1 0 1.075
-1 0 1.125
-1 0 1.175
-1 0 1.225
-1 0 1.275
-1 0 1.325
-1 0 1.375
-1 0 1.425
-1 0 1.475
-1 0 1.525
-1 0 1.575
-1 0 1.625
-1 0 1.675
-1 0 1.725
-1 0 1.775
-1 0 1.825
-1 0 1.875
-1 0 1.925
-1 0 1.975
1 170 0 7
2436
2437
2438
2439
2440
2441
2442
-0.3826834323650905 -0.9238795325112864 2
-0.7071067811865478 -0.7071067811865472 2
-0.9238795325112868 -0.3826834323650894 2
-0.1950903220161286 -0.9807852804032304 2
-0.5555702330196027 -0.8314696123025449 2
-0.8314696123025456 -0.5555702330196017 2
-0.9807852804032304 -0.1950903220161282 2
1 171 0 9
2443
2444
2445
2446
2447
2448
2449
2450
2451
0 1 0.2
0 1 0.4
0 1 0.6
0 1 0.8
0 1 0.1
0 1 0.3
0 1 0.4999999999999999
0 1 0.7
0 1 0.9
1 172 0 9
2452
2453
2454
2455
2456
2457
2458
2459
2460
0 -1 0.2
0 -1 0.4
0 -1 0.6
0 -1 0.8
0 -1 0.1
0 -1 0.3
0 -1 0.4999999999999999
0 -1 0.7
0 -1 0.9
1 173 0 17
2461
2462
2463
2464
2465
2466
2467
2468
2469
2470
2471
2472
2473
2474
2475
2476
2477
0.342020143325669 0.9396926207859083 1
0.6427876096865399 0.7660444431189776 1
0.8660254037844393 0.4999999999999989 1
0.9848077530122082 0.1736481776669295 1
0.984807753012208 -0.1736481776669308 1
0.8660254037844386 -0.5 1
0.6427876096865396 -0.7660444431189778 1
0.3420201433256687 -0.9396926207859084 1
0.17364817766693 0.9848077530122081 1
0.5000000000000001 0.8660254037844386 1
0.7660444431189785 0.6427876096865389 1
0.9396926207859088 0.3420201433256678 1
1 -6.432571489356498e-16 1
0.9396926207859083 -0.3420201433256689 1
0.7660444431189781 -0.6427876096865391 1
0.5000000000000006 -0.8660254037844384 1
0.1736481776669304 -0.984807753012208 1
1 174 0 9
2478
2479
2480
2481
2482
2483
2484
2485
2486
-1 0 4.2
-1 0 4.4
-1 0 4.6
-1 0 4.8
-1 0 4.1
-1 0 4.3
-1 0 4.5
-1 0 4.7
-1 0 4.9
1 175 0 9
2487
2488
2489
2490
2491
2492
2493
2494
2495
0 1 4.2
0 1 4.4
0 1 4.6
0 1 4.8
0 1 4.1
0 1 4.3
0 1 4.5
0 1 4.7
0 1 4.9
1 176 0 7
2496
2497
2498
2499
2500
2501
2502
-0.923879532511287 0.3826834323650892 5
-0.7071067811865489 0.7071067811865461 5
-0.3826834323650912 0.9238795325112862 5
-0.9807852804032305 0.1950903220161279 5
-0.8314696123025459 0.5555702330196012 5
-0.5555702330196036 0.8314696123025442 5
-0.1950903220161295 0.9807852804032302 5
1 177 0 9
2503
2504
2505
2506
2507
2508
2509
2510
2511
0 -1 4.2
0 -1 4.4
0 -1 4.6
0 -1 4.8
0 -1 4.1
0 -1 4.3
0 -1 4.5
0 -1 4.7
0 -1 4.9
1 178 0 7
2512
2513
2514
2515
2516
2517
2518
-0.3826834323650905 -0.9238795325112864 5
-0.7071067811865478 -0.7071067811865472 5
-0.9238795325112868 -0.3826834323650894 5
-0.1950903220161286 -0.9807852804032304 5
-0.5555702330196027 -0.8314696123025449 5
-0.8314696123025456 -0.5555702330196017 5
-0.9807852804032304 -0.1950903220161282 5
1 179 0 7
2519
2520
2521
2522
2523
2524
2525
0.7071067811865474 0.7071067811865477 0
1 2.449212707644755e-16 0
0.7071067811865477 -0.7071067811865474 0
0.38268343236509 0.9238795325112866 0
0.9238795325112868 0.3826834323650896 0
0.9238795325112867 -0.3826834323650899 0
0.3826834323650896 -0.9238795325112868 0
1 180 0 7
2526
2527
2528
2529
2530
2531
2532
-0.7071067811865475 -0.7071067811865476 0
-1 -1.224606353822377e-16 0
-0.7071067811865477 0.7071067811865475 0
-0.3826834323650897 -0.9238795325112867 0
-0.9238795325112867 -0.3826834323650899 0
-0.9238795325112868 0.3826834323650897 0
-0.3826834323650895 0.9238795325112868 0
1 181 0 7
2533
2534
2535
2536
2537
2538
2539
0.7071067811865476 0.7071067811865475 5
6.123031769111886e-17 1 5
-0.7071067811865475 0.7071067811865476 5
0.9238795325112867 0.3826834323650898 5
0.3826834323650898 0.9238795325112867 5
-0.3826834323650897 0.9238795325112867 5
-0.9238795325112867 0.3826834323650899 5
1 182 0 7
2540
2541
2542
2543
2544
2545
2546
0.75 1 0
0.5 1 0
0.25 1 0
0.875 1 0
0.625 1 0
0.375 1 0
0.125 1 0
1 183 0 17
2547
2548
2549
2550
2551
2552
2553
2554
2555
2556
2557
2558
2559
2560
2561
2562
2563
1 -0.7777777777777778 0
1 -0.5555555555555556 0
1 -0.3333333333333334 0
1 -0.1111111111111112 0
1 0.1111111111111112 0
1 0.3333333333333333 0
1 0.5555555555555554 0
1 0.7777777777777777 0
1 -0.8888888888888888 0
1 -0.6666666666666667 0
1 -0.4444444444444444 0
1 -0.2222222222222223 0
1 0 0
1 0.2222222222222223 0
1 0.4444444444444442 0
1 0.6666666666666665 0
1 0.8888888888888888 0
1 184 0 7
2564
2565
2566
2567
2568
2569
2570
0.75 -1 0
0.5 -1 0
0.25 -1 0
0.875 -1 0
0.625 -1 0
0.375 -1 0
0.125 -1 0
1 185 0 7
2571
2572
2573
2574
2575
2576
2577
0.3826834323650905 -0.9238795325112864 0
0.7071067811865478 -0.7071067811865472 0
0.9238795325112868 -0.3826834323650894 0
0.1950903220161286 -0.9807852804032304 0
0.5555702330196027 -0.8314696123025449 0
0.8314696123025456 -0.5555702330196017 0
0.9807852804032304 -0.1950903220161282 0
1 186 0 3
2578
2579
2580
0.7071067811865477 0.7071067811865475 0
0.9238795325112868 0.3826834323650897 0
0.3826834323650895 0.9238795325112868 0
1 187 0 3
2581
2582
2583
0 -0.5 0
0 -0.25 0
0 -0.75 0
1 188 0 3
2584
2585
2586
0 0.5 0
0 0.75 0
0 0.25 0
1 189 0 9
2587
2588
2589
2590
2591
2592
2593
2594
2595
0.5 0 -0.2
0.5 0 -0.4
0.5 0 -0.6
0.5 0 -0.8
0.5 0 -0.1
0.5 0 -0.3
0.5 0 -0.4999999999999999
0.5 0 -0.7
0.5 0 -0.9
1 190 0 17
2596
2597
2598
2599
2600
2601
2602
2603
2604
2605
2606
2607
2608
2609
2610
2611
2612
0.4532088886237955 0.1285575219373079 -1
0.3347296355333859 0.1969615506024417 -1
0.1999999999999996 0.1732050807568875 -1
0.1120614758428181 0.06840402866513311 -1
0.1120614758428186 -0.06840402866513466 -1
0.2000000000000008 -0.1732050807568882 -1
0.3347296355333867 -0.1969615506024415 -1
0.4532088886237958 -0.1285575219373077 -1
0.4879385241571816 0.0684040286651338 -1
0.3999999999999999 0.1732050807568878 -1
0.2652703644666136 0.1969615506024416 -1
0.146791111376204 0.1285575219373075 -1
0.09999999999999998 -7.748684506536652e-16 -1
0.146791111376205 -0.1285575219373086 -1
0.2652703644666148 -0.1969615506024418 -1
0.4000000000000005 -0.1732050807568875 -1
0.4879385241571818 -0.06840402866513355 -1
1 191 0 9
2613
2614
2615
2616
2617
2618
2619
2620
2621
-0.09999999999999998 0 5.2
-0.09999999999999998 0 5.4
-0.09999999999999998 0 5.6
-0.09999999999999998 0 5.8
-0.09999999999999998 0 5.1
-0.09999999999999998 0 5.3
-0.09999999999999998 0 5.5
-0.09999999999999998 0 5.7
-0.09999999999999998 0 5.9
1 192 0 7
2622
2623
2624
2625
2626
2627
2628
-0.3000000000000003 0.2 6
-0.5 -8.636862926236777e-16 6
-0.2999999999999992 -0.2 6
-0.1585786437626906 0.1414213562373096 6
-0.4414213562373098 0.1414213562373091 6
-0.4414213562373089 -0.1414213562373101 6
-0.1585786437626902 -0.1414213562373093 6
1 193 0 9
2629
2630
2631
2632
2633
2634
2635
2636
2637
-0.35 0.4 5.2
-0.35 0.4 5.4
-0.35 0.4 5.6
-0.35 0.4 5.8
-0.35 0.4 5.1
-0.35 0.4 5.3
-0.35 0.4 5.5
-0.35 0.4 5.7
-0.35 0.4 5.9
1 194 0 13
2638
2639
2640
2641
2642
2643
2644
2645
2646
2647
2648
2649
2650
-0.3688255099070634 0.4390915741234016 6
-0.4111260466978158 0.4487463956090912 6
-0.4450484433951211 0.4216941869558778 6
-0.4450484433951209 0.3783058130441219 6
-0.4111260466978156 0.3512536043909088 6
-0.3688255099070633 0.3609084258765985 6
-0.3549515566048791 0.421694186955878 6
-0.3888739533021844 0.4487463956090912 6
-0.4311744900929368 0.4390915741234014 6
-0.45 0.3999999999999998 6
-0.4311744900929365 0.3609084258765984 6
-0.3888739533021842 0.3512536043909089 6
-0.3549515566048791 0.3783058130441221 6
1 195 0 9
2651
2652
2653
2654
2655
2656
2657
2658
2659
-0.6499999999999999 0 5.2
-0.6499999999999999 0 5.4
-0.6499999999999999 0 5.6
-0.6499999999999999 0 5.8
-0.6499999999999999 0 5.1
-0.6499999999999999 0 5.3
-0.6499999999999999 0 5.5
-0.6499999999999999 0 5.7
-0.6499999999999999 0 5.9
1 196 0 13
2660
2661
2662
2663
2664
2665
2666
2667
2668
2669
2670
2671
2672
-0.6688255099070634 0.03909157412340152 6
-0.7111260466978158 0.04874639560909116 6
-0.745048443395121 0.02169418695587775 6
-0.7450484433951208 -0.02169418695587812 6
-0.7111260466978154 -0.04874639560909123 6
-0.6688255099070632 -0.03909157412340147 6
-0.654951556604879 0.02169418695587792 6
-0.6888739533021843 0.04874639560909119 6
-0.7311744900929368 0.03909157412340142 6
-0.75 -2.159215731559194e-16 6
-0.7311744900929364 -0.03909157412340163 6
-0.6888739533021841 -0.04874639560909116 6
-0.654951556604879 -0.02169418695587792 6
1 197 0 9
2673
2674
2675
2676
2677
2678
2679
2680
2681
-0.35 -0.4 5.2
-0.35 -0.4 5.4
-0.35 -0.4 5.6
-0.35 -0.4 5.8
-0.35 -0.4 5.1
-0.35 -0.4 5.3
-0.35 -0.4 5.5
-0.35 -0.4 5.7
-0.35 -0.4 5.9
1 198 0 13
2682
2683
2684
2685
2686
2687
2688
2689
2690
2691
2692
2693
2694
-0.3688255099070634 -0.3609084258765985 6
-0.4111260466978158 -0.3512536043909089 6
-0.4450484433951211 -0.3783058130441223 6
-0.4450484433951209 -0.4216941869558781 6
-0.4111260466978156 -0.4487463956090912 6
-0.3688255099070633 -0.4390915741234015 6
-0.3549515566048791 -0.3783058130441221 6
-0.3888739533021844 -0.3512536043909088 6
-0.4311744900929368 -0.3609084258765986 6
-0.45 -0.4000000000000002 6
-0.4311744900929365 -0.4390915741234017 6
-0.3888739533021842 -0.4487463956090912 6
-0.3549515566048791 -0.421694186955878 6
1 199 0 9
2695
2696
2697
2698
2699
2700
2701
2702
2703
0.45 0.4 5.2
0.45 0.4 5.4
0.45 0.4 5.6
0.45 0.4 5.8
0.45 0.4 5.1
0.45 0.4 5.3
0.45 0.4 5.5
0.45 0.4 5.7
0.45 0.4 5.9
1 200 0 9
2704
2705
2706
2707
2708
2709
2710
2711
2712
0.4 0.45 5.2
0.4 0.45 5.4
0.4 0.45 5.6
0.4 0.45 5.8
0.4 0.45 5.1
0.4 0.45 5.3
0.4 0.45 5.5
0.4 0.45 5.7
0.4 0.45 5.9
1 201 0 1
2713
0.4353553390593274 0.4353553390593274 6
1 202 0 9
2714
2715
2716
2717
2718
2719
2720
2721
2722
0.4 0.35 5.2
0.4 0.35 5.4
0.4 0.35 5.6
0.4 0.35 5.8
0.4 0.35 5.1
0.4 0.35 5.3
0.4 0.35 5.5
0.4 0.35 5.7
0.4 0.35 5.9
1 203 0 1
2723
0.4353553390593274 0.3646446609406726 6
1 204 0 9
2724
2725
2726
2727
2728
2729
2730
2731
2732
0.35 0.4 5.2
0.35 0.4 5.4
0.35 0.4 5.6
0.35 0.4 5.8
0.35 0.4 5.1
0.35 0.4 5.3
0.35 0.4 5.5
0.35 0.4 5.7
0.35 0.4 5.9
1 205 0 1
2733
0.3646446609406726 0.3646446609406726 6
1 206 0 1
2734
0.3646446609406727 0.4353553390593274 6
1 207 0 9
2735
2736
2737
2738
2739
2740
2741
2742
2743
0.45 -0.4 5.2
0.45 -0.4 5.4
0.45 -0.4 5.6
0.45 -0.4 5.8
0.45 -0.4 5.1
0.45 -0.4 5.3
0.45 -0.4 5.5
0.45 -0.4 5.7
0.45 -0.4 5.9
1 208 0 9
2744
2745
2746
2747
2748
2749
2750
2751
2752
0.4 -0.35 5.2
0.4 -0.35 5.4
0.4 -0.35 5.6
0.4 -0.35 5.8
0.4 -0.35 5.1
0.4 -0.35 5.3
0.4 -0.35 5.5
0.4 -0.35 5.7
0.4 -0.35 5.9
1 209 0 1
2753
0.4353553390593274 -0.3646446609406727 6
1 210 0 9
2754
2755
2756
2757
2758
2759
2760
2761
2762
0.4 -0.45 5.2
0.4 -0.45 5.4
0.4 -0.45 5.6
0.4 -0.45 5.8
0.4 -0.45 5.1
0.4 -0.45 5.3
0.4 -0.45 5.5
0.4 -0.45 5.7
0.4 -0.45 5.9
1 211 0 1
2763
0.4353553390593274 -0.4353553390593274 6
1 212 0 9
2764
2765
2766
2767
2768
2769
2770
2771
2772
0.35 -0.4 5.2
0.35 -0.4 5.4
0.35 -0.4 5.6
0.35 -0.4 5.8
0.35 -0.4 5.1
0.35 -0.4 5.3
0.35 -0.4 5.5
0.35 -0.4 5.7
0.35 -0.4 5.9
1 213 0 1
2773
0.3646446609406726 -0.4353553390593274 6
1 214 0 1
2774
0.3646446609406726 -0.3646446609406726 6
1 215 0 9
2775
2776
2777
2778
2779
2780
2781
2782
2783
0.75 0 5.2
0.75 0 5.4
0.75 0 5.6
0.75 0 5.8
0.75 0 5.1
0.75 0 5.3
0.75 0 5.5
0.75 0 5.7
0.75 0 5.9
1 216 0 9
2784
2785
2786
2787
2788
2789
2790
2791
2792
0.7 0.05 5.2
0.7 0.05 5.4
0.7 0.05 5.6
0.7 0.05 5.8
0.7 0.05 5.1
0.7 0.05 5.3
0.7 0.05 5.5
0.7 0.05 5.7
0.7 0.05 5.9
1 217 0 1
2793
0.7353553390593274 0.0353553390593274 6
1 218 0 9
2794
2795
2796
2797
2798
2799
2800
2801
2802
0.7 -0.05 5.2
0.7 -0.05 5.4
0.7 -0.05 5.6
0.7 -0.05 5.8
0.7 -0.05 5.1
0.7 -0.05 5.3
0.7 -0.05 5.5
0.7 -0.05 5.7
0.7 -0.05 5.9
1 219 0 1
2803
0.7353553390593274 -0.03535533905932738 6
1 220 0 9
2804
2805
2806
2807
2808
2809
2810
2811
2812
0.65 0 5.2
0.65 0 5.4
0.65 0 5.6
0.65 0 5.8
0.65 0 5.1
0.65 0 5.3
0.65 0 5.5
0.65 0 5.7
0.65 0 5.9
1 221 0 1
2813
0.6646446609406726 -0.03535533905932733 6
1 222 0 1
2814
0.6646446609406725 0.03535533905932738 6
1 223 0 9
2815
2816
2817
2818
2819
2820
2821
2822
2823
-0.6499999999999999 0 -0.2
-0.6499999999999999 0 -0.4
-0.6499999999999999 0 -0.6
-0.6499999999999999 0 -0.8
-0.6499999999999999 0 -0.1
-0.6499999999999999 0 -0.3
-0.6499999999999999 0 -0.4999999999999999
-0.6499999999999999 0 -0.7
-0.6499999999999999 0 -0.9
1 224 0 13
2824
2825
2826
2827
2828
2829
2830
2831
2832
2833
2834
2835
2836
-0.6688255099070634 0.03909157412340152 -1
-0.7111260466978158 0.04874639560909116 -1
-0.745048443395121 0.02169418695587775 -1
-0.7450484433951208 -0.02169418695587812 -1
-0.7111260466978154 -0.04874639560909123 -1
-0.6688255099070632 -0.03909157412340147 -1
-0.654951556604879 0.02169418695587792 -1
-0.6888739533021843 0.04874639560909119 -1
-0.7311744900929368 0.03909157412340142 -1
-0.75 -2.159215731559194e-16 -1
-0.7311744900929364 -0.03909157412340163 -1
-0.6888739533021841 -0.04874639560909116 -1
-0.654951556604879 -0.02169418695587792 -1
1 225 0 9
2837
2838
2839
2840
2841
2842
2843
2844
2845
-0.35 -0.4 -0.2
-0.35 -0.4 -0.4
-0.35 -0.4 -0.6
-0.35 -0.4 -0.8
-0.35 -0.4 -0.1
-0.35 -0.4 -0.3
-0.35 -0.4 -0.4999999999999999
-0.35 -0.4 -0.7
-0.35 -0.4 -0.9
1 226 0 13
2846
2847
2848
2849
2850
2851
2852
2853
2854
2855
2856
2857
2858
-0.3688255099070634 -0.3609084258765985 -1
-0.4111260466978158 -0.3512536043909089 -1
-0.4450484433951211 -0.3783058130441223 -1
-0.4450484433951209 -0.4216941869558781 -1
-0.4111260466978156 -0.4487463956090912 -1
-0.3688255099070633 -0.4390915741234015 -1
-0.3549515566048791 -0.3783058130441221 -1
-0.3888739533021844 -0.3512536043909088 -1
-0.4311744900929368 -0.3609084258765986 -1
-0.45 -0.4000000000000002 -1
-0.4311744900929365 -0.4390915741234017 -1
-0.3888739533021842 -0.4487463956090912 -1
-0.3549515566048791 -0.421694186955878 -1
1 227 0 9
2859
2860
2861
2862
2863
2864
2865
2866
2867
-0.35 0.4 -0.2
-0.35 0.4 -0.4
-0.35 0.4 -0.6
-0.35 0.4 -0.8
-0.35 0.4 -0.1
-0.35 0.4 -0.3
-0.35 0.4 -0.4999999999999999
-0.35 0.4 -0.7
-0.35 0.4 -0.9
1 228 0 13
2868
2869
2870
2871
2872
2873
2874
2875
2876
2877
2878
2879
2880
-0.3688255099070634 0.4390915741234016 -1
-0.4111260466978158 0.4487463956090912 -1
-0.4450484433951211 0.4216941869558778 -1
-0.4450484433951209 0.3783058130441219 -1
-0.4111260466978156 0.3512536043909088 -1
-0.3688255099070633 0.3609084258765985 -1
-0.3549515566048791 0.421694186955878 -1
-0.3888739533021844 0.4487463956090912 -1
-0.4311744900929368 0.4390915741234014 -1
-0.45 0.3999999999999998 -1
-0.4311744900929365 0.3609084258765984 -1
-0.3888739533021842 0.3512536043909089 -1
-0.3549515566048791 0.3783058130441221 -1
1 229 0 9
2881
2882
2883
2884
2885
2886
2887
2888
2889
0.4 0.35 -0.2
0.4 0.35 -0.4
0.4 0.35 -0.6
0.4 0.35 -0.8
0.4 0.35 -0.1
0.4 0.35 -0.3
0.4 0.35 -0.4999999999999999
0.4 0.35 -0.7
0.4 0.35 -0.9
1 230 0 9
2890
2891
2892
2893
2894
2895
2896
2897
2898
0.45 0.4 -0.2
0.45 0.4 -0.4
0.45 0.4 -0.6
0.45 0.4 -0.8
0.45 0.4 -0.1
0.45 0.4 -0.3
0.45 0.4 -0.4999999999999999
0.45 0.4 -0.7
0.45 0.4 -0.9
1 231 0 1
2899
0.4353553390593274 0.3646446609406726 -1
1 232 0 9
2900
2901
2902
2903
2904
2905
2906
2907
2908
0.4 0.45 -0.2
0.4 0.45 -0.4
0.4 0.45 -0.6
0.4 0.45 -0.8
0.4 0.45 -0.1
0.4 0.45 -0.3
0.4 0.45 -0.4999999999999999
0.4 0.45 -0.7
0.4 0.45 -0.9
1 233 0 1
2909
0.4353553390593274 0.4353553390593274 -1
1 234 0 9
2910
2911
2912
2913
2914
2915
2916
2917
2918
0.35 0.4 -0.2
0.35 0.4 -0.4
0.35 0.4 -0.6
0.35 0.4 -0.8
0.35 0.4 -0.1
0.35 0.4 -0.3
0.35 0.4 -0.4999999999999999
0.35 0.4 -0.7
0.35 0.4 -0.9
1 235 0 1
2919
0.3646446609406727 0.4353553390593274 -1
1 236 0 1
2920
0.3646446609406726 0.3646446609406726 -1
1 237 0 9
2921
2922
2923
2924
2925
2926
2927
2928
2929
0.7 -0.05 -0.2
0.7 -0.05 -0.4
0.7 -0.05 -0.6
0.7 -0.05 -0.8
0.7 -0.05 -0.1
0.7 -0.05 -0.3
0.7 -0.05 -0.4999999999999999
0.7 -0.05 -0.7
0.7 -0.05 -0.9
1 238 0 9
2930
2931
2932
2933
2934
2935
2936
2937
2938
0.75 0 -0.2
0.75 0 -0.4
0.75 0 -0.6
0.75 0 -0.8
0.75 0 -0.1
0.75 0 -0.3
0.75 0 -0.4999999999999999
0.75 0 -0.7
0.75 0 -0.9
1 239 0 1
2939
0.7353553390593274 -0.03535533905932738 -1
1 240 0 9
2940
2941
2942
2943
2944
2945
2946
2947
2948
0.7 0.05 -0.2
0.7 0.05 -0.4
0.7 0.05 -0.6
0.7 0.05 -0.8
0.7 0.05 -0.1
0.7 0.05 -0.3
0.7 0.05 -0.4999999999999999
0.7 0.05 -0.7
0.7 0.05 -0.9
1 241 0 1
2949
0.7353553390593274 0.0353553390593274 -1
1 242 0 9
2950
2951
2952
2953
2954
2955
2956
2957
2958
0.65 0 -0.2
0.65 0 -0.4
0.65 0 -0.6
0.65 0 -0.8
0.65 0 -0.1
0.65 0 -0.3
0.65 0 -0.4999999999999999
0.65 0 -0.7
0.65 0 -0.9
1 243 0 1
2959
0.6646446609406725 0.03535533905932738 -1
1 244 0 1
2960
0.6646446609406726 -0.03535533905932733 -1
1 245 0 9
2961
2962
2963
2964
2965
2966
2967
2968
2969
0.4 -0.45 -0.2
0.4 -0.45 -0.4
0.4 -0.45 -0.6
0.4 -0.45 -0.8
0.4 -0.45 -0.1
0.4 -0.45 -0.3
0.4 -0.45 -0.4999999999999999
0.4 -0.45 -0.7
0.4 -0.45 -0.9
1 246 0 9
2970
2971
2972
2973
2974
2975
2976
2977
2978
0.45 -0.4 -0.2
0.45 -0.4 -0.4
0.45 -0.4 -0.6
0.45 -0.4 -0.8
0.45 -0.4 -0.1
0.45 -0.4 -0.3
0.45 -0.4 -0.4999999999999999
0.45 -0.4 -0.7
0.45 -0.4 -0.9
1 247 0 1
2979
0.4353553390593274 -0.4353553390593274 -1
1 248 0 9
2980
2981
2982
2983
2984
2985
2986
2987
2988
0.4 -0.35 -0.2
0.4 -0.35 -0.4
0.4 -0.35 -0.6
0.4 -0.35 -0.8
0.4 -0.35 -0.1
0.4 -0.35 -0.3
0.4 -0.35 -0.4999999999999999
0.4 -0.35 -0.7
0.4 -0.35 -0.9
1 249 0 1
2989
0.4353553390593274 -0.3646446609406727 -1
1 250 0 9
2990
2991
2992
2993
2994
2995
2996
2997
2998
0.35 -0.4 -0.2
0.35 -0.4 -0.4
0.35 -0.4 -0.6
0.35 -0.4 -0.8
0.35 -0.4 -0.1
0.35 -0.4 -0.3
0.35 -0.4 -0.4999999999999999
0.35 -0.4 -0.7
0.35 -0.4 -0.9
1 251 0 1
2999
0.3646446609406726 -0.3646446609406726 -1
1 252 0 1
3000
0.3646446609406726 -0.4353553390593274 -1
1 253 0 39
3001
3002
3003
3004
3005
3006
3007
3008
3009
3010
3011
3012
3013
3014
3015
3016
3017
3018
3019
3020
3021
3022
3023
3024
3025
3026
3027
3028
3029
3030
3031
3032
3033
3034
3035
3036
3037
3038
3039
1 0 0.05
1 0 0.1
1 0 0.15
1 0 0.2
1 0 0.25
1 0 0.3
1 0 0.35
1 0 0.4
1 0 0.45
1 0 0.5
1 0 0.55
1 0 0.6
1 0 0.65
1 0 0.7
1 0 0.75
1 0 0.8
1 0 0.85
1 0 0.9
1 0 0.95
1 0 0.025
1 0 0.07500000000000001
1 0 0.125
1 0 0.175
1 0 0.225
1 0 0.275
1 0 0.325
1 0 0.375
1 0 0.425
1 0 0.475
1 0 0.525
1 0 0.575
1 0 0.625
1 0 0.6749999999999999
1 0 0.725
1 0 0.775
1 0 0.825
1 0 0.875
1 0 0.9249999999999999
1 0 0.975
1 254 0 39
3040
3041
3042
3043
3044
3045
3046
3047
3048
3049
3050
3051
3052
3053
3054
3055
3056
3057
3058
3059
3060
3061
3062
3063
3064
3065
3066
3067
3068
3069
3070
3071
3072
3073
3074
3075
3076
3077
3078
0 1 0.05
0 1 0.1
0 1 0.15
0 1 0.2
0 1 0.25
0 1 0.3
0 1 0.35
0 1 0.4
0 1 0.45
0 1 0.5
0 1 0.55
0 1 0.6
0 1 0.65
0 1 0.7
0 1 0.75
0 1 0.8
0 1 0.85
0 1 0.9
0 1 0.95
0 1 0.025
0 1 0.07500000000000001
0 1 0.125
0 1 0.175
0 1 0.225
0 1 0.275
0 1 0.325
0 1 0.375
0 1 0.425
0 1 0.475
0 1 0.525
0 1 0.575
0 1 0.625
0 1 0.6749999999999999
0 1 0.725
0 1 0.775
0 1 0.825
0 1 0.875
0 1 0.9249999999999999
0 1 0.975
1 255 0 3
3079
3080
3081
0.7071067811865477 0.7071067811865475 1
0.9238795325112868 0.3826834323650897 1
0.3826834323650895 0.9238795325112868 1
1 256 0 39
3082
3083
3084
3085
3086
3087
3088
3089
3090
3091
3092
3093
3094
3095
3096
3097
3098
3099
3100
3101
3102
3103
3104
3105
3106
3107
3108
3109
3110
3111
3112
3113
3114
3115
3116
3117
3118
3119
3120
0 -1 0.05
0 -1 0.1
0 -1 0.15
0 -1 0.2
0 -1 0.25
0 -1 0.3
0 -1 0.35
0 -1 0.4
0 -1 0.45
0 -1 0.5
0 -1 0.55
0 -1 0.6
0 -1 0.65
0 -1 0.7
0 -1 0.75
0 -1 0.8
0 -1 0.85
0 -1 0.9
0 -1 0.95
0 -1 0.025
0 -1 0.07500000000000001
0 -1 0.125
0 -1 0.175
0 -1 0.225
0 -1 0.275
0 -1 0.325
0 -1 0.375
0 -1 0.425
0 -1 0.475
0 -1 0.525
0 -1 0.575
0 -1 0.625
0 -1 0.6749999999999999
0 -1 0.725
0 -1 0.775
0 -1 0.825
0 -1 0.875
0 -1 0.9249999999999999
0 -1 0.975
1 257 0 7
3121
3122
3123
3124
3125
3126
3127
0.3826834323650905 -0.9238795325112864 1
0.7071067811865478 -0.7071067811865472 1
0.9238795325112868 -0.3826834323650894 1
0.1950903220161286 -0.9807852804032304 1
0.5555702330196027 -0.8314696123025449 1
0.8314696123025456 -0.5555702330196017 1
0.9807852804032304 -0.1950903220161282 1
1 258 0 39
3128
3129
3130
3131
3132
3133
3134
3135
3136
3137
3138
3139
3140
3141
3142
3143
3144
3145
3146
3147
3148
3149
3150
3151
3152
3153
3154
3155
3156
3157
3158
3159
3160
3161
3162
3163
3164
3165
3166
-1 0 4.05
-1 0 4.1
-1 0 4.15
-1 0 4.2
-1 0 4.25
-1 0 4.3
-1 0 4.35
-1 0 4.4
-1 0 4.45
-1 0 4.5
-1 0 4.55
-1 0 4.6
-1 0 4.65
-1 0 4.7
-1 0 4.75
-1 0 4.8
-1 0 4.85
-1 0 4.9
-1 0 4.95
-1 0 4.025
-1 0 4.075
-1 0 4.125
-1 0 4.175
-1 0 4.225
-1 0 4.275
-1 0 4.325
-1 0 4.375
-1 0 4.425
-1 0 4.475
-1 0 4.525
-1 0 4.575
-1 0 4.625
-1 0 4.675
-1 0 4.725
-1 0 4.775
-1 0 4.825
-1 0 4.875
-1 0 4.925
-1 0 4.975
1 259 0 39
3167
3168
3169
3170
3171
3172
3173
3174
3175
3176
3177
3178
3179
3180
3181
3182
3183
3184
3185
3186
3187
3188
3189
3190
3191
3192
3193
3194
3195
3196
3197
3198
3199
3200
3201
3202
3203
3204
3205
0 1 4.05
0 1 4.1
0 1 4.15
0 1 4.2
0 1 4.25
0 1 4.3
0 1 4.35
0 1 4.4
0 1 4.45
0 1 4.5
0 1 4.55
0 1 4.6
0 1 4.65
0 1 4.7
0 1 4.75
0 1 4.8
0 1 4.85
0 1 4.9
0 1 4.95
0 1 4.025
0 1 4.075
0 1 4.125
0 1 4.175
0 1 4.225
0 1 4.275
0 1 4.325
0 1 4.375
0 1 4.425
0 1 4.475
0 1 4.525
0 1 4.575
0 1 4.625
0 1 4.675
0 1 4.725
0 1 4.775
0 1 4.825
0 1 4.875
0 1 4.925
0 1 4.975
1 260 0 7
3206
3207
3208
3209
3210
3211
3212
-0.923879532511287 0.3826834323650892 5
-0.7071067811865489 0.7071067811865461 5
-0.3826834323650912 0.9238795325112862 5
-0.9807852804032305 0.1950903220161279 5
-0.8314696123025459 0.5555702330196012 5
-0.5555702330196036 0.8314696123025442 5
-0.1950903220161295 0.9807852804032302 5
1 261 0 39
3213
3214
3215
3216
3217
3218
3219
3220
3221
3222
3223
3224
3225
3226
3227
3228
3229
3230
3231
3232
3233
3234
3235
3236
3237
3238
3239
3240
3241
3242
3243
3244
3245
3246
3247
3248
3249
3250
3251
0 -1 4.05
0 -1 4.1
0 -1 4.15
0 -1 4.2
0 -1 4.25
0 -1 4.3
0 -1 4.35
0 -1 4.4
0 -1 4.45
0 -1 4.5
0 -1 4.55
0 -1 4.6
0 -1 4.65
0 -1 4.7
0 -1 4.75
0 -1 4.8
0 -1 4.85
0 -1 4.9
0 -1 4.95
0 -1 4.025
0 -1 4.075
0 -1 4.125
0 -1 4.175
0 -1 4.225
0 -1 4.275
0 -1 4.325
0 -1 4.375
0 -1 4.425
0 -1 4.475
0 -1 4.525
0 -1 4.575
0 -1 4.625
0 -1 4.675
0 -1 4.725
0 -1 4.775
0 -1 4.825
0 -1 4.875
0 -1 4.925
0 -1 4.975
1 262 0 7
3252
3253
3254
3255
3256
3257
3258
-0.3826834323650905 -0.9238795325112864 5
-0.7071067811865478 -0.7071067811865472 5
-0.9238795325112868 -0.3826834323650894 5
-0.1950903220161286 -0.9807852804032304 5
-0.5555702330196027 -0.8314696123025449 5
-0.8314696123025456 -0.5555702330196017 5
-0.9807852804032304 -0.1950903220161282 5
1 263 0 39
3259
3260
3261
3262
3263
3264
3265
3266
3267
3268
3269
3270
3271
3272
3273
3274
3275
3276
3277
3278
3279
3280
3281
3282
3283
3284
3285
3286
3287
3288
3289
3290
3291
3292
3293
3294
3295
3296
3297
1 0 0.05
1 0 0.1
1 0 0.15
1 0 0.2
1 0 0.25
1 0 0.3
1 0 0.35
1 0 0.4
1 0 0.45
1 0 0.5
1 0 0.55
1 0 0.6
1 0 0.65
1 0 0.7
1 0 0.75
1 0 0.8
1 0 0.85
1 0 0.9
1 0 0.95
1 0 0.025
1 0 0.07500000000000001
1 0 0.125
1 0 0.175
1 0 0.225
1 0 0.275
1 0 0.325
1 0 0.375
1 0 0.425
1 0 0.475
1 0 0.525
1 0 0.575
1 0 0.625
1 0 0.6749999999999999
1 0 0.725
1 0 0.775
1 0 0.825
1 0 0.875
1 0 0.9249999999999999
1 0 0.975
1 264 0 39
3298
3299
3300
3301
3302
3303
3304
3305
3306
3307
3308
3309
3310
3311
3312
3313
3314
3315
3316
3317
3318
3319
3320
3321
3322
3323
3324
3325
3326
3327
3328
3329
3330
3331
3332
3333
3334
3335
3336
0 1 0.05
0 1 0.1
0 1 0.15
0 1 0.2
0 1 0.25
0 1 0.3
0 1 0.35
0 1 0.4
0 1 0.45
0 1 0.5
0 1 0.55
0 1 0.6
0 1 0.65
0 1 0.7
0 1 0.75
0 1 0.8
0 1 0.85
0 1 0.9
0 1 0.95
0 1 0.025
0 1 0.07500000000000001
0 1 0.125
0 1 0.175
0 1 0.225
0 1 0.275
0 1 0.325
0 1 0.375
0 1 0.425
0 1 0.475
0 1 0.525
0 1 0.575
0 1 0.625
0 1 0.6749999999999999
0 1 0.725
0 1 0.775
0 1 0.825
0 1 0.875
0 1 0.9249999999999999
0 1 0.975
1 265 0 3
3337
3338
3339
0.7071067811865477 0.7071067811865475 1
0.9238795325112868 0.3826834323650897 1
0.3826834323650895 0.9238795325112868 1
1 266 0 39
3340
3341
3342
3343
3344
3345
3346
3347
3348
3349
3350
3351
3352
3353
3354
3355
3356
3357
3358
3359
3360
3361
3362
3363
3364
3365
3366
3367
3368
3369
3370
3371
3372
3373
3374
3375
3376
3377
3378
1 0 0.95
1 0 0.9
1 0 0.85
1 0 0.8
1 0 0.75
1 0 0.7
1 0 0.65
1 0 0.6
1 0 0.55
1 0 0.5
1 0 0.45
1 0 0.4
1 0 0.35
1 0 0.3
1 0 0.25
1 0 0.2
1 0 0.15
1 0 0.09999999999999998
1 0 0.05000000000000004
1 0 0.975
1 0 0.925
1 0 0.875
1 0 0.825
1 0 0.775
1 0 0.725
1 0 0.675
1 0 0.625
1 0 0.575
1 0 0.525
1 0 0.475
1 0 0.425
1 0 0.375
1 0 0.3250000000000001
1 0 0.275
1 0 0.225
1 0 0.175
1 0 0.125
1 0 0.07500000000000007
1 0 0.02500000000000002
1 267 0 39
3379
3380
3381
3382
3383
3384
3385
3386
3387
3388
3389
3390
3391
3392
3393
3394
3395
3396
3397
3398
3399
3400
3401
3402
3403
3404
3405
3406
3407
3408
3409
3410
3411
3412
3413
3414
3415
3416
3417
0 1 0.95
0 1 0.9
0 1 0.85
0 1 0.8
0 1 0.75
0 1 0.7
0 1 0.65
0 1 0.6
0 1 0.55
0 1 0.5
0 1 0.45
0 1 0.4
0 1 0.35
0 1 0.3
0 1 0.25
0 1 0.2
0 1 0.15
0 1 0.09999999999999998
0 1 0.05000000000000004
0 1 0.975
0 1 0.925
0 1 0.875
0 1 0.825
0 1 0.775
0 1 0.725
0 1 0.675
0 1 0.625
0 1 0.575
0 1 0.525
0 1 0.475
0 1 0.425
0 1 0.375
0 1 0.3250000000000001
0 1 0.275
0 1 0.225
0 1 0.175
0 1 0.125
0 1 0.07500000000000007
0 1 0.02500000000000002
1 268 0 3
3418
3419
3420
0.7071067811865477 0.7071067811865475 0
0.9238795325112868 0.3826834323650897 0
0.3826834323650895 0.9238795325112868 0
2 1 0 63
3421
3422
3423
3424
3425
3426
3427
3428
3429
3430
3431
3432
3433
3434
3435
3436
3437
3438
3439
3440
3441
3442
3443
3444
3445
3446
3447
3448
3449
3450
3451
3452
3453
3454
3455
3456
3457
3458
3459
3460
3461
3462
3463
3464
3465
3466
3467
3468
3469
3470
3471
3472
3473
3474
3475
3476
3477
3478
3479
3480
3481
3482
3483
0.3826834323650905 -0.9238795325112864 1.4
0.3826834323650905 -0.9238795325112864 1.8
0.3826834323650905 -0.9238795325112864 2.2
0.3826834323650905 -0.9238795325112864 2.6
0.7071067811865478 -0.7071067811865472 1.4
0.7071067811865478 -0.7071067811865472 1.8
0.7071067811865478 -0.7071067811865472 2.2
0.7071067811865478 -0.7071067811865472 2.6
0.9238795325112868 -0.3826834323650894 1.4
0.9238795325112868 -0.3826834323650894 1.8
0.9238795325112868 -0.3826834323650894 2.2
0.9238795325112868 -0.3826834323650894 2.6
0.1950903220161286 -0.9807852804032304 1.4
0.3826834323650905 -0.9238795325112864 1.2
0.1950903220161286 -0.9807852804032304 1.2
0.1950903220161286 -0.9807852804032304 1.8
0.3826834323650905 -0.9238795325112864 1.6
0.1950903220161286 -0.9807852804032304 1.6
0.1950903220161286 -0.9807852804032304 2.2
0.3826834323650905 -0.9238795325112864 2
0.1950903220161286 -0.9807852804032304 2
0.1950903220161286 -0.9807852804032304 2.6
0.3826834323650905 -0.9238795325112864 2.4
0.1950903220161286 -0.9807852804032304 2.4
0.3826834323650905 -0.9238795325112864 2.8
0.1950903220161286 -0.9807852804032304 2.8
0.5555702330196027 -0.8314696123025449 1.4
0.7071067811865478 -0.7071067811865472 1.2
0.5555702330196026 -0.8314696123025449 1.2
0.5555702330196027 -0.8314696123025449 1.8
0.7071067811865478 -0.7071067811865472 1.6
0.5555702330196026 -0.8314696123025449 1.6
0.5555702330196027 -0.8314696123025449 2.2
0.7071067811865478 -0.7071067811865472 2
0.5555702330196026 -0.8314696123025449 2
0.5555702330196027 -0.8314696123025449 2.6
0.7071067811865478 -0.7071067811865472 2.4
0.5555702330196026 -0.8314696123025449 2.4
0.7071067811865478 -0.7071067811865472 2.8
0.5555702330196026 -0.8314696123025449 2.8
0.8314696123025453 -0.5555702330196022 1.4
0.9238795325112868 -0.3826834323650894 1.2
0.8314696123025455 -0.555570233019602 1.2
0.8314696123025453 -0.5555702330196022 1.8
0.9238795325112868 -0.3826834323650894 1.6
0.8314696123025453 -0.5555702330196022 1.6
0.8314696123025453 -0.5555702330196022 2.2
0.9238795325112868 -0.3826834323650894 2
0.8314696123025453 -0.5555702330196022 2
0.8314696123025453 -0.5555702330196022 2.6
0.9238795325112868 -0.3826834323650894 2.4
0.8314696123025453 -0.5555702330196022 2.4
0.9238795325112868 -0.3826834323650894 2.8
0.8314696123025455 -0.555570233019602 2.8
0.9807852804032304 -0.1950903220161282 1.4
0.9807852804032304 -0.1950903220161282 1.2
0.9807852804032304 -0.1950903220161282 1.8
0.9807852804032304 -0.1950903220161282 1.6
0.9807852804032304 -0.1950903220161282 2.2
0.9807852804032304 -0.1950903220161282 2
0.9807852804032304 -0.1950903220161282 2.6
0.9807852804032304 -0.1950903220161282 2.4
0.9807852804032304 -0.1950903220161282 2.8
2 2 0 27
3484
3485
3486
3487
3488
3489
3490
3491
3492
3493
3494
3495
3496
3497
3498
3499
3500
3501
3502
3503
3504
3505
3506
3507
3508
3509
3510
0.7071067811865477 0.7071067811865475 1.4
0.7071067811865477 0.7071067811865475 1.8
0.7071067811865477 0.7071067811865475 2.2
0.7071067811865477 0.7071067811865475 2.6
0.9238795325112868 0.3826834323650897 1.4
0.7071067811865479 0.7071067811865471 1.2
0.9238795325112868 0.3826834323650895 1.2
0.9238795325112868 0.3826834323650897 1.8
0.7071067811865479 0.7071067811865471 1.6
0.9238795325112868 0.3826834323650895 1.6
0.9238795325112868 0.3826834323650897 2.2
0.7071067811865479 0.7071067811865471 2
0.9238795325112868 0.3826834323650895 2
0.9238795325112868 0.3826834323650897 2.6
0.7071067811865479 0.7071067811865471 2.4
0.9238795325112868 0.3826834323650895 2.4
0.7071067811865479 0.7071067811865471 2.8
0.9238795325112868 0.3826834323650895 2.8
0.3826834323650903 0.9238795325112865 1.4
0.3826834323650901 0.9238795325112865 1.2
0.3826834323650903 0.9238795325112865 1.8
0.3826834323650904 0.9238795325112863 1.6
0.3826834323650903 0.9238795325112865 2.2
0.3826834323650904 0.9238795325112863 2
0.3826834323650903 0.9238795325112865 2.6
0.3826834323650904 0.9238795325112863 2.4
0.3826834323650901 0.9238795325112865 2.8
2 3 0 9
3511
3512
3513
3514
3515
3516
3517
3518
3519
0.7353553390593274 -0.03535533905932735 1.4
0.7353553390593274 -0.03535533905932736 1.2
0.7353553390593274 -0.03535533905932735 1.8
0.7353553390593274 -0.03535533905932735 1.6
0.7353553390593274 -0.03535533905932735 2.2
0.7353553390593274 -0.03535533905932735 2
0.7353553390593274 -0.03535533905932735 2.6
0.7353553390593274 -0.03535533905932735 2.399999999999999
0.7353553390593274 -0.03535533905932736 2.8
2 4 0 9
3520
3521
3522
3523
3524
3525
3526
3527
3528
0.6646446609406726 -0.03535533905932739 1.4
0.6646446609406726 -0.03535533905932736 1.2
0.6646446609406726 -0.03535533905932739 1.8
0.6646446609406726 -0.03535533905932739 1.6
0.6646446609406726 -0.03535533905932739 2.2
0.6646446609406726 -0.03535533905932739 2
0.6646446609406726 -0.03535533905932739 2.6
0.6646446609406726 -0.03535533905932739 2.399999999999999
0.6646446609406726 -0.03535533905932736 2.8
2 5 0 9
3529
3530
3531
3532
3533
3534
3535
3536
3537
0.6646446609406726 0.03535533905932745 1.4
0.6646446609406726 0.03535533905932742 1.2
0.6646446609406726 0.03535533905932745 1.8
0.6646446609406726 0.03535533905932745 1.6
0.6646446609406726 0.03535533905932745 2.2
0.6646446609406726 0.03535533905932745 2
0.6646446609406726 0.03535533905932745 2.6
0.6646446609406726 0.03535533905932745 2.399999999999999
0.6646446609406726 0.03535533905932742 2.8
2 6 0 9
3538
3539
3540
3541
3542
3543
3544
3545
3546
0.7353553390593274 0.03535533905932737 1.4
0.7353553390593273 0.03535533905932739 1.2
0.7353553390593274 0.03535533905932737 1.8
0.7353553390593273 0.03535533905932737 1.6
0.7353553390593274 0.03535533905932737 2.2
0.7353553390593273 0.03535533905932737 2
0.7353553390593274 0.03535533905932737 2.6
0.7353553390593273 0.03535533905932737 2.399999999999999
0.7353553390593273 0.03535533905932739 2.8
2 7 0 9
3547
3548
3549
3550
3551
3552
3553
3554
3555
0.4353553390593274 -0.4353553390593274 1.4
0.4353553390593274 -0.4353553390593273 1.2
0.4353553390593274 -0.4353553390593274 1.8
0.4353553390593274 -0.4353553390593273 1.6
0.4353553390593274 -0.4353553390593274 2.2
0.4353553390593274 -0.4353553390593273 2
0.4353553390593274 -0.4353553390593274 2.6
0.4353553390593274 -0.4353553390593273 2.399999999999999
0.4353553390593274 -0.4353553390593273 2.8
2 8 0 9
3556
3557
3558
3559
3560
3561
3562
3563
3564
0.3646446609406726 -0.4353553390593274 1.4
0.3646446609406726 -0.4353553390593274 1.2
0.3646446609406726 -0.4353553390593274 1.8
0.3646446609406726 -0.4353553390593274 1.6
0.3646446609406726 -0.4353553390593274 2.2
0.3646446609406726 -0.4353553390593274 2
0.3646446609406726 -0.4353553390593274 2.6
0.3646446609406726 -0.4353553390593274 2.399999999999999
0.3646446609406726 -0.4353553390593274 2.8
2 9 0 9
3565
3566
3567
3568
3569
3570
3571
3572
3573
0.3646446609406726 -0.3646446609406726 1.4
0.3646446609406726 -0.3646446609406726 1.2
0.3646446609406726 -0.3646446609406726 1.8
0.3646446609406726 -0.3646446609406726 1.6
0.3646446609406726 -0.3646446609406726 2.2
0.3646446609406726 -0.3646446609406726 2
0.3646446609406726 -0.3646446609406726 2.6
0.3646446609406726 -0.3646446609406726 2.399999999999999
0.3646446609406726 -0.3646446609406726 2.8
2 10 0 9
3574
3575
3576
3577
3578
3579
3580
3581
3582
0.4353553390593274 -0.3646446609406727 1.4
0.4353553390593273 -0.3646446609406727 1.2
0.4353553390593274 -0.3646446609406727 1.8
0.4353553390593273 -0.3646446609406727 1.6
0.4353553390593274 -0.3646446609406727 2.2
0.4353553390593273 -0.3646446609406727 2
0.4353553390593274 -0.3646446609406727 2.6
0.4353553390593273 -0.3646446609406727 2.399999999999999
0.4353553390593273 -0.3646446609406727 2.8
2 11 0 9
3583
3584
3585
3586
3587
3588
3589
3590
3591
0.4353553390593274 0.3646446609406726 1.4
0.4353553390593274 0.3646446609406726 1.2
0.4353553390593274 0.3646446609406726 1.8
0.4353553390593274 0.3646446609406726 1.6
0.4353553390593274 0.3646446609406726 2.2
0.4353553390593274 0.3646446609406726 2
0.4353553390593274 0.3646446609406726 2.6
0.4353553390593274 0.3646446609406726 2.399999999999999
0.4353553390593274 0.3646446609406726 2.8
2 12 0 9
3592
3593
3594
3595
3596
3597
3598
3599
3600
0.3646446609406726 0.3646446609406726 1.4
0.3646446609406726 0.3646446609406726 1.2
0.3646446609406726 0.3646446609406726 1.8
0.3646446609406726 0.3646446609406726 1.6
0.3646446609406726 0.3646446609406726 2.2
0.3646446609406726 0.3646446609406726 2
0.3646446609406726 0.3646446609406726 2.6
0.3646446609406726 0.3646446609406726 2.399999999999999
0.3646446609406726 0.3646446609406726 2.8
2 13 0 9
3601
3602
3603
3604
3605
3606
3607
3608
3609
0.3646446609406727 0.4353553390593274 1.4
0.3646446609406727 0.4353553390593273 1.2
0.3646446609406727 0.4353553390593274 1.8
0.3646446609406727 0.4353553390593273 1.6
0.3646446609406727 0.4353553390593274 2.2
0.3646446609406727 0.4353553390593273 2
0.3646446609406727 0.4353553390593274 2.6
0.3646446609406727 0.4353553390593273 2.399999999999999
0.3646446609406727 0.4353553390593273 2.8
2 14 0 9
3610
3611
3612
3613
3614
3615
3616
3617
3618
0.4353553390593274 0.4353553390593274 1.4
0.4353553390593273 0.4353553390593274 1.2
0.4353553390593274 0.4353553390593274 1.8
0.4353553390593273 0.4353553390593274 1.6
0.4353553390593274 0.4353553390593274 2.2
0.4353553390593273 0.4353553390593274 2
0.4353553390593274 0.4353553390593274 2.6
0.4353553390593273 0.4353553390593274 2.399999999999999
0.4353553390593273 0.4353553390593274 2.8
2 15 0 304
3619
3620
3621
3622
3623
3624
3625
3626
3627
3628
3629
3630
3631
3632
3633
3634
3635
3636
3637
3638
3639
3640
3641
3642
3643
3644
3645
3646
3647
3648
3649
3650
3651
3652
3653
3654
3655
3656
3657
3658
3659
3660
3661
3662
3663
3664
3665
3666
3667
3668
3669
3670
3671
3672
3673
3674
3675
3676
3677
3678
3679
3680
3681
3682
3683
3684
3685
3686
3687
3688
3689
3690
3691
3692
3693
3694
3695
3696
3697
3698
3699
3700
3701
3702
3703
3704
3705
3706
3707
3708
3709
3710
3711
3712
3713
3714
3715
3716
3717
3718
3719
3720
3721
3722
3723
3724
3725
3726
3727
3728
3729
3730
3731
3732
3733
3734
3735
3736
3737
3738
3739
3740
3741
3742
3743
3744
3745
3746
3747
3748
3749
3750
3751
3752
3753
3754
3755
3756
3757
3758
3759
3760
3761
3762
3763
3764
3765
3766
3767
3768
3769
3770
3771
3772
3773
3774
3775
3776
3777
3778
3779
3780
3781
3782
3783
3784
3785
3786
3787
3788
3789
3790
3791
3792
3793
3794
3795
3796
3797
3798
3799
3800
3801
3802
3803
3804
3805
3806
3807
3808
3809
3810
3811
3812
3813
3814
3815
3816
3817
3818
3819
3820
3821
3822
3823
3824
3825
3826
3827
3828
3829
3830
3831
3832
3833
3834
3835
3836
3837
3838
3839
3840
3841
3842
3843
3844
3845
3846
3847
3848
3849
3850
3851
3852
3853
3854
3855
3856
3857
3858
3859
3860
3861
3862
3863
3864
3865
3866
3867
3868
3869
3870
3871
3872
3873
3874
3875
3876
3877
3878
3879
3880
3881
3882
3883
3884
3885
3886
3887
3888
3889
3890
3891
3892
3893
3894
3895
3896
3897
3898
3899
3900
3901
3902
3903
3904
3905
3906
3907
3908
3909
3910
3911
3912
3913
3914
3915
3916
3917
3918
3919
3920
3921
3922
0.5099248328964847 0.1913287799201611 1
0.3692647594503484 -0.04817472907665027 1
0.6228575014082705 -0.216563786678927 1
0.2752489672899847 0.1482931125515411 1
0.2508240641732534 -0.2255537956649341 1
0.5068868008309166 0.04435185758675841 1
0.4402560204314167 -0.1970465000600923 1
0.15293201309768 0.5315918345265966 1
0.1721877971986417 -0.4970379775890948 1
0.5334115107433191 -0.04894223981717494 1
0.7229335683129035 0.2671048138389377 1
0.612637352110735 0.08268604283721465 1
0.2539664892811589 0.2722991107929988 1
0.6211699289066812 0.4605349999407198 1
0.6683069078126737 -0.1586406364507637 1
0.1338423096322171 0.4244426998268072 1
0.6640096203638907 -0.4436950132487484 1
0.3958209596352236 0.2086321492514756 1
0.426694341054962 0.1013508837678831 1
0.5341700002610409 -0.5024019694594349 1
0.3933520634496691 -0.5839923767135032 1
0.4920157341195599 0.4928136416111135 1
0.3271551256593504 0.6010461797853737 1
0.176116182722971 -0.3467608550516674 1
0.2017433834239329 0.02074011163187478 1
0.2607669478852691 0.4824945569237774 1
0.290218722332614 -0.4709606675906644 1
0.7224667746805068 -0.2961066367830298 1
0.7936398043929548 -0.1477915444384031 1
0.5333089001464564 -0.1696494985732441 1
0.3078727482147662 -0.3326584485487029 1
0.4777989048930197 -0.08897996624492843 1
0.5831287213153035 -0.0005030942537799232 1
0.5295292820542676 0.09680681333503799 1
0.622340286290567 -0.05696242475368063 1
0.5695892639863003 -0.3140939271913381 1
0.3348331698924302 0.01917991514423545 1
0.4789554626467875 -0.2775111688676496 1
0.3523913681271745 -0.1537148033398943 1
0.141003458770873 0.1539791675537076 1
0.6081390725457938 0.1779356973086634 1
0.6723554673507222 0.131194782735319 1
0.5344718529712663 -0.2364596823647361 1
0.591543360788332 -0.1020363716120762 1
0.3475861600591866 -0.2240523027476929 1
0.5760389811414957 0.06160723548480679 1
0.4592083918242563 0.224994522407983 1
0.4620945836516311 0.2721576646644337 1
0.3616772218139959 0.276696059053557 1
0.443438806792344 -0.01564969436514574 1
0.468277893846111 -0.3386066314117206 1
0.2579363513769833 -0.3803724131764449 1
0.2411476741284397 -0.682323935652983 1
0.1534063169884569 -0.1515827754382691 1
0.4085968114933315 -0.124420021404673 1
0.5765075957496011 -0.2530557894600339 1
0.5744913529817475 0.2577615029951323 1
0.2600144382321329 0.3694057986870282 1
0.132740660726455 0.2682617389952963 1
0.524384747676831 0.3550535422512792 1
0.4950106898858561 -0.003179144999430672 1
0.2994057982926002 -0.1078567974524444 1
0.4621252493692278 0.3209866646847397 1
0.5387081714717044 -0.4052213110350765 1
0.5670310903696029 0.1411945130419626 1
0.3175685298255493 0.3552219302659228 1
0.4610261751698853 0.1462559410632842 1
0.3815155585310587 -0.2941375642257106 1
0.3787490907246098 0.2426641041525163 1
0.3078218555475775 0.2744975849232779 1
0.2646077282855718 0.21029611167227 1
0.3355349634626041 0.1784626309015084 1
0.3216784095050908 0.2264801079123931 1
0.5943381666261153 0.07214663916101072 1
0.5795838512283995 0.03055207061551346 1
0.6165643606576516 -0.0002515471268899616 1
0.6313186760553675 0.04134302141860735 1
0.6054512636418835 0.03594754601706041 1
0.6841534539063368 -0.1043203182253819 1
0.7309733561028142 -0.1532160904445834 1
0.7718199021964773 -0.07389577221920157 1
0.7331643475810707 -0.09428571475195546 1
0.2793484061940098 -0.2791061221068184 1
0.2134701234481122 -0.2861573253583007 1
0.2170262670499772 -0.3635666341140561 1
0.2829045497958748 -0.3565154308625739 1
0.2481873366219935 -0.3213363781104374 1
0.2312032597656279 -0.4839993225898797 1
0.2740775368547987 -0.4256665403835546 1
0.1741519899608063 -0.4218994163203812 1
0.2241147634078025 -0.4237829783519679 1
0.3907577792655293 -0.3220687821128553 1
0.3446941533729125 -0.3133980063872067 1
0.3289363741073831 -0.3663292242743514 1
0.3546694071567925 -0.3390213336639396 1
0.06692115481610855 0.4622213499134036 1
0.1433871613649486 0.4780172671767019 1
0.07646600654884 0.6407959172632983 1
0.07169358068247428 0.551508633588351 1
0.4867824602889366 -0.1833479993166681 1
0.5055539025197381 -0.1293147324090863 1
0.4431978581931756 -0.1066999938248007 1
0.4244264159623741 -0.1607332607323827 1
0.4649901592410561 -0.1450239965707345 1
0.2081262130304288 0.1511361400526243 1
0.07050172938543647 0.07698958377685378 1
0.1008716917119664 0.01037005581593742 1
0.2384961753569588 0.08451661209170791 1
0.1544989523711976 0.08075309793428087 1
0.2682882766581815 0.01996001338805509 1
0.3807637554736961 0.0602653994560593 1
0.3509716541724733 0.1248219981597121 1
0.3096299654153274 0.07239100577388358 1
0.6206383907237943 -0.604754375322991 1
0.4670850001305205 -0.4762009847297175 1
0.3966760317248346 -0.5169961883567517 1
0.5502294223181085 -0.6455495789500253 1
0.5086572112243145 -0.5608752818398713 1
0.133291485179336 0.3463522194110518 1
0.06637033036322748 0.2591308694976481 1
0.06664574258966804 0.3606761097055259 1
0.6069418235394495 -0.07949939818287843 1
0.6027345038029353 -0.02873275950373028 1
0.5582701160293113 -0.02472266703547743 1
0.5624774357658255 -0.07548930571462559 1
0.5826059697843804 -0.05211103260917793 1
0.5067136578090269 -0.2569854256161929 1
0.5338903765588614 -0.2030545904689901 1
0.4596057415391021 -0.2372788344638709 1
0.4967480590489817 -0.2201667124664305 1
0.6611701431452834 -0.05348121237684034 1
0.6336895823718039 -0.03204404928152882 1
0.1205738370642198 -0.7161619678264913 1
0.2066677356635407 -0.5896809566210389 1
0.08609389859932082 -0.4985189887945475 1
0.1033338678317703 -0.6073404783105193 1
0.4438602581124236 0.1238034124155837 1
0.4284235674025544 0.1774440451573799 1
0.3896976107875139 0.151133021658546 1
0.5624261304673942 -0.1358429350926601 1
0.5056052078181694 -0.06896110303105168 1
0.5340156691427818 -0.102402019061856 1
0.08805809136148551 -0.2983804275258337 1
0.08707599498040319 -0.3984497081601907 1
0.47100786705978 0.4464068208055568 1
0.4095854298894552 0.5469299106982436 1
0.3635775628296752 0.5255230898926868 1
0.4224703844743913 0.4911426248787855 1
0.320109361166307 -0.4354803337953322 1
0.3015069554810909 -0.3959978823289531 1
0.6487124606473254 0.262433158417035 1
0.6720517486097923 0.3638199068898287 1
0.572777338291756 0.4077942710959995 1
0.5494380503292892 0.3064075226232058 1
0.6107448994695407 0.3351137147565172 1
0.5730484298679507 -0.283574858325686 1
0.6460280193334036 -0.305100281987184 1
0.6726621380443887 -0.2563352117309784 1
0.5996825485789358 -0.2348097880694805 1
0.6228552839561696 -0.2699550350283323 1
0.5182080414425921 0.07057933546089823 1
0.4952777286120764 0.1215313771991611 1
0.4667905709429393 0.07285137067732078 1
0.4810341497775079 0.09719137393824095 1
0.3520489646713893 -0.01449740696620738 1
0.2505745908582665 -0.04355834291028482 1
0.3343352788714743 -0.07801576326454729 1
0.3013117777648279 -0.0290278749382461 1
0.3119155532467651 -0.8031017340821348 1
0.1578320795401743 -0.8484736241148608 1
0.3172498687890544 -0.633158156183243 1
0.3417853928911416 -0.5274765221520837 1
0.2742265642773411 -0.5585787393865614 1
0.196928373932175 0.3969242492569177 1
0.260390693058701 0.4259501778054028 1
0.2068494804914746 0.507043195725187 1
0.2018889272118248 0.4519837224910523 1
0.4063517831213462 -0.03191221172089798 1
0.435066573923653 0.0428505947013687 1
0.3935577692975212 0.01417659386758069 1
0.2021151905808551 -0.1885682855516017 1
0.07670315849422843 -0.2007913877191346 1
0.1450866409711704 -0.2434743565387177 1
0.380494089810253 -0.1390674123722836 1
0.3499887640931806 -0.1888835530437937 1
0.3939210902453016 -0.2105494014038926 1
0.3872075900277773 -0.1748084068880882 1
0.5541487177290023 -0.3596576191132074 1
0.5242723633165439 -0.2958025480294938 1
0.4736166782464493 -0.3080589001396851 1
0.5034930326589077 -0.3719139712233986 1
0.5138826979877258 -0.3338582596264462 1
0.5565928315131206 0.4766743207759166 1
0.6641383550466144 0.5838208905636336 1
0.517130953422949 0.6540764804859606 1
0.5368618924680348 0.5653754006309386 1
0.5898342212401689 0.1119402779395886 1
0.6424964097307286 0.1069404127862669 1
0.640247269948258 0.1545652400219912 1
0.5875850814576984 0.159565105175313 1
0.6150407455942135 0.1332527589807899 1
0.5482801862119353 0.1190006631885003 1
0.5527841315978816 0.07920702440992239 1
0.5713091764190252 0.09557365117475547 1
0.5384779616330438 0.1662616464810618 1
0.485475504033185 0.1687923604917226 1
0.5168778451225602 0.1438965118401114 1
0.5913152127637706 0.2178486001518978 1
0.5422080929391161 0.2245451414576467 1
0.5648965871984072 0.1920551233164798 1
0.2751149312329268 -0.1667052965586892 1
0.29920511211622 -0.2248030492063134 1
0.3258985832098873 -0.1307858003961694 1
0.3125518476630537 -0.1777944248012414 1
0.4692247483391001 -0.009414419682288178 1
0.5009487453583863 0.0205863562936639 1
0.4680076596410196 0.03171847549751633 1
0.4310626246846139 0.3354933323423698 1
0.4932549985230293 0.3380201034680095 1
0.4871923738384155 0.3775267711256396 1
0.4643051687911784 0.351332382204341 1
0.5450077610731101 0.02192438166648925 1
0.5488959463354959 0.05056570303820584 1
0.4341389469230555 -0.3443033157058603 1
0.4943540857358522 -0.4026106555175383 1
0.4694241858591175 -0.3682793160820357 1
0.6861777336753612 0.09059739136765954 1
0.6535705353357006 0.07114787592279714 1
0.5142111003145876 -0.02606069240830278 1
0.5296094306938488 -0.002068155370906766 1
0.4606188558426819 -0.05231483030503709 1
0.4874149780786348 -0.03918776135666996 1
0.1775748502061949 -0.06542133190319721 1
0.2263448907195608 -0.1160633142309432 1
0.4118859027328136 0.2744268618589953 1
0.4621099165104295 0.2965721646745867 1
0.380838610906998 0.3133480295267785 1
0.4214742637087137 0.3049600971006826 1
0.2887914840288411 0.3623138644764755 1
0.3337842649127747 0.3776109651329614 1
0.3053834739426346 0.4412472784618887 1
0.2970874789857378 0.4017805714691821 1
0.38893078547184 -0.08629737524066161 1
0.3574146843408637 -0.1085415878184154 1
0.4364100509043286 -0.7323138842428939 1
0.193353575003807 0.2702804248941476 1
0.136872059748664 0.2111204532745019 1
0.2007398940171179 0.2107082824733859 1
0.5182929683166893 0.264959583829783 1
0.4606514877379437 0.2485760935362084 1
0.4845666123603706 0.2081616511640721 1
0.5014297903385299 0.2365606174969275 1
0.4247748206572609 -0.06930610277284932 1
0.4302355105889231 -0.2858243665466801 1
0.4321872287559893 -0.3150638411262702 1
0.5057739834198594 0.3014898436488962 1
0.6976445178318128 0.1991497982871284 1
0.6444798652977917 0.2084991992195131 1
0.08878742510309739 -0.09521066595159855 1
0.5554897243604338 -0.244757735912385 1
0.5398810438384888 -0.2702801419709394 1
0.5780832007773634 -0.1931066426260856 1
0.5667864625688985 -0.2189321892692353 1
0.42751467572974 0.2168133358297293 1
0.4564950898814625 0.192802848160726 1
0.3645508592951226 -0.2590949334867018 1
0.4120783004171124 -0.2481868839752863 1
0.4197002892312768 0.2456200988443623 1
0.8968199021964773 -0.07389577221920163 1
0.7580532895367308 -0.2219490906107165 1
0.8231731535958968 -0.3393950345740596 1
0.8694192849699807 -0.2085197063134224 1
0.06843602987433201 0.168060226637251 1
0.3396228758197726 0.3159589946597399 1
0.3521337683802226 0.3403018278002062 1
0.6932381975221987 -0.3699008250158892 1
0.6855582007752192 -0.5754008972176479 1
0.7623539049123722 -0.4627355290177455 1
0.2569904637566459 0.3208524547400135 1
0.2983066697882093 0.3184057246998767 1
0.521892602675768 0.4271005459507781 1
0.3219496327445662 -0.2691005277967601 1
0.6013588959177976 -0.4244581621419125 1
0.5364390858663727 -0.4538116402472557 1
0.6109986433207959 -0.5146062687324516 1
0.195140974467991 0.3336023370755326 1
0.6236934576256006 -0.3647792220645484 1
0.8614667841564516 0.1335524069194688 1
0.7979656405605395 0.3732516696274592 1
0.1635775628296752 0.6755230898926868 1
0.2731304975973823 0.7997013112019868 1
0.7364667841564516 0.1335524069194688 1
0.8166433431764646 0.02982831735013358 1
0.2939610367723098 0.5417703683545756 1
0.3293028488564912 0.4885628537069515 1
0.3532150269159071 -0.4814159306057056 1
0.48589721246285 -0.4445834896532916 1
0.7164999284455701 0.1172525686732279 1
0.6299251343005028 -0.1303385040314199 1
0.6455476387228931 -0.09190985820413017 1
0.1852135216605749 0.5912831428089369 1
0.645582204610472 -0.1876022115648454 1
0.7018177470736013 -0.2047756510877811 1
0.6040041675389332 -0.1617225733287527 1
2 16 0 321
3923
3924
3925
3926
3927
3928
3929
3930
3931
3932
3933
3934
3935
3936
3937
3938
3939
3940
3941
3942
3943
3944
3945
3946
3947
3948
3949
3950
3951
3952
3953
3954
3955
3956
3957
3958
3959
3960
3961
3962
3963
3964
3965
3966
3967
3968
3969
3970
3971
3972
3973
3974
3975
3976
3977
3978
3979
3980
3981
3982
3983
3984
3985
3986
3987
3988
3989
3990
3991
3992
3993
3994
3995
3996
3997
3998
3999
4000
4001
4002
4003
4004
4005
4006
4007
4008
4009
4010
4011
4012
4013
4014
4015
4016
4017
4018
4019
4020
4021
4022
4023
4024
4025
4026
4027
4028
4029
4030
4031
4032
4033
4034
4035
4036
4037
4038
4039
4040
4041
4042
4043
4044
4045
4046
4047
4048
4049
4050
4051
4052
4053
4054
4055
4056
4057
4058
4059
4060
4061
4062
4063
4064
4065
4066
4067
4068
4069
4070
4071
4072
4073
4074
4075
4076
4077
4078
4079
4080
4081
4082
4083
4084
4085
4086
4087
4088
4089
4090
4091
4092
4093
4094
4095
4096
4097
4098
4099
4100
4101
4102
4103
4104
4105
4106
4107
4108
4109
4110
4111
4112
4113
4114
4115
4116
4117
4118
4119
4120
4121
4122
4123
4124
4125
4126
4127
4128
4129
4130
4131
4132
4133
4134
4135
4136
4137
4138
4139
4140
4141
4142
4143
4144
4145
4146
4147
4148
4149
4150
4151
4152
4153
4154
4155
4156
4157
4158
4159
4160
4161
4162
4163
4164
4165
4166
4167
4168
4169
4170
4171
4172
4173
4174
4175
4176
4177
4178
4179
4180
4181
4182
4183
4184
4185
4186
4187
4188
4189
4190
4191
4192
4193
4194
4195
4196
4197
4198
4199
4200
4201
4202
4203
4204
4205
4206
4207
4208
4209
4210
4211
4212
4213
4214
4215
4216
4217
4218
4219
4220
4221
4222
4223
4224
4225
4226
4227
4228
4229
4230
4231
4232
4233
4234
4235
4236
4237
4238
4239
4240
4241
4242
4243
0.5431398469170978 0.2495809729642819 3
0.5290680499255469 -0.2095497416938988 3
0.2873400230410855 0.05505403712372559 3
0.2854659418309063 -0.1736543057617871 3
0.2468454943813265 0.2755335423038766 3
0.4718079305541792 0.1021483787834238 3
0.4113097177004502 0.1918572010716034 3
0.196906073238406 -0.6257440789979729 3
0.2025173989879784 0.5034509162640391 3
0.5402247299862555 -0.3229785592466616 3
0.7355132296030962 -0.1815924403148644 3
0.5023016394456684 -0.04772498875590919 3
0.2845238730445661 -0.2736698795919534 3
0.221511745349853 -0.4051176312629399 3
0.6781099446091587 -0.3971795136892088 3
0.5081682312720932 0.300537306645823 3
0.5837041833314933 0.1105761437451032 3
0.6200758498523727 0.1558450681149767 3
0.6332550699746264 -0.1329577663789029 3
0.3879470790182873 -0.1047995129753176 3
0.4003320087768829 -0.1901350144386626 3
0.1972340155863148 0.3722328696378608 3
0.4872408344081974 -0.5300999550252694 3
0.3667380866168691 -0.6431014885346592 3
0.3070388164706012 -0.4930068242732064 3
0.3008271973675666 0.4469592069740795 3
0.1718741227798961 -0.04017428365768983 3
0.1684419277582268 -0.1715416956673874 3
0.4961338542961106 0.4758624223582842 3
0.6497111132739578 0.3005251760654452 3
0.2773577687652308 0.6471095421526557 3
0.4768966692512254 0.1719321162572698 3
0.3149498638408546 0.3134671382920347 3
0.4044380913858427 0.0008553018448976865 3
0.555643996604422 0.03987819251623731 3
0.737581992387695 0.1504449847970391 3
0.1815346707503595 0.1149897745080327 3
0.3694132749266638 0.1058684200660109 3
0.4144785646913239 0.2876873636232895 3
0.3089260864870885 -0.04954858974200057 3
0.2899927060386352 0.1921955950806763 3
0.6239694766590554 -0.2677710532949257 3
0.4672418159207131 0.243411074455009 3
0.5819202195009683 -0.04465619573239511 3
0.5367272618907443 -0.1115423905336737 3
0.3689515637919157 -0.2788197615415957 3
0.6216310965222158 0.07116907328629828 3
0.5375836561616804 0.3745079900924982 3
0.2694871729087601 0.3827001066527783 3
0.1792736558004839 -0.7715487066241316 3
0.4348508848540796 -0.3130999618777714 3
0.3577711635737446 -0.3276177834381521 3
0.3063307791427936 -0.3520750443523654 3
0.172364448016378 -0.2902627647530479 3
0.4607796844264721 0.341082245349526 3
0.1497087101614089 0.2672030210760697 3
0.4807567812479935 -0.1462571772059921 3
0.4806630450202473 -0.2610607108343154 3
0.5448662977560766 0.1770832545529908 3
0.5602617352423822 -0.419281831682129 3
0.4853253990039221 -0.3683528887003641 3
0.5428503193640175 0.1068134223798651 3
0.5858392422128723 -0.1651044355019561 3
0.08758831967198838 -0.6460863253007864 3
0.3605075450909853 0.2429943808515871 3
0.3881884735927599 0.5042016216160115 3
0.4835505974486294 0.02344716539249554 3
0.3811271129783574 0.3207093450056669 3
0.1055743873384848 0.4437500696561966 3
0.1065324620462277 0.6411537039115369 3
0.4400354870791275 -0.07696947669675726 3
0.1276206758926992 -0.4789870222983976 3
0.6026676399268546 0.09087260851570074 3
0.6208534731872943 0.1135070707006375 3
0.601890016591933 0.13321060593004 3
0.4436204172040987 -0.4900499775126347 3
0.4686204172040987 -0.4650499775126347 3
0.1734713628738618 0.3197179453569652 3
0.1982771022713677 0.2713682816899732 3
0.2220397549838207 0.3238832059708687 3
0.8009947385602229 -0.3899314730271491 3
0.6926083628978533 -0.5521431474378781 3
0.6049043594359639 -0.2164377443984409 3
0.5574536460692096 -0.1873270885979274 3
0.5765187632923011 -0.2386603974944122 3
0.1540458931632316 0.4736004929601179 3
0.1514042014623998 0.4079914696470287 3
0.1998757072871466 0.43784189295095 3
0.4991816702940762 0.3577951177210121 3
0.4844739578492826 0.3208097759976745 3
0.5228759437168867 0.3375226483691606 3
0.4720692425859693 0.2076715953561394 3
0.4392757668105817 0.2176341377633062 3
0.4441031934758378 0.1818946586644366 3
0.3368884515437351 -0.5680541564039329 3
0.2519724448545035 -0.5593754516355897 3
0.2818220799276375 -0.634422783766316 3
0.5195144506682063 -0.07963368964479145 3
0.5593237406958562 -0.0780992931330344 3
0.5421109294733184 -0.04619059224415215 3
0.08422096387911338 -0.1413264033892493 3
0.1701580252690614 -0.1058579896625386 3
0.08593706138994806 -0.07564269738440053 3
0.05278719366924239 0.388541701494765 3
0.05278719366924239 0.499652812605876 3
0.0638103379463496 -0.5172712889269765 3
0.0638103379463496 -0.4061601778158654 3
0.04379415983599422 -0.7119320515392821 3
0.04379415983599422 -0.6008209404281709 3
0.05326623102311384 0.5983546297335461 3
0.05326623102311384 0.7094657408446573 3
0.6608155482611079 0.06058453664314916 3
0.6358155482611079 0.03558453664314913 3
0.5127750644950888 -0.3456657239735129 3
0.5227935671231522 -0.3938173601912466 3
0.5502432326143187 -0.3711301954643953 3
0.4303898422132361 0.345541122674763 3
0.4553898422132361 0.370541122674763 3
0.1386788843826155 0.8235547710763278 3
0.4922322749758893 0.6771081616696016 3
0.6788289211200338 0.1531450264560079 3
0.6936465528308263 0.2254850804312421 3
0.6348934815631653 0.2281851220902109 3
0.3285194082353006 -0.4465034121366032 3
0.3535194082353006 -0.4715034121366032 3
0.4877050235964031 0.2719741905504159 3
0.5051908314189055 0.2464960237096455 3
0.5256540390945955 0.2750591398050524 3
0.1919451154057293 0.6441316230320963 3
0.154524930517103 0.5723023100877881 3
0.2399375838766046 0.5752802292083474 3
0.2642752809102271 -0.4490622277680731 3
0.1745662106212761 -0.4420523267806687 3
0.1622633745655526 -0.5523655506481853 3
0.2132693277378898 -0.5007138892081292 3
0.3940942367963799 0.4771008108080057 3
0.3445078354801632 0.4755804142950455 3
0.3254135986837833 0.4234796034870397 3
0.3545762482104179 0.4554678766771865 3
0.5087420215693689 -0.1288997838698329 3
0.471168563262398 -0.06234723272633323 3
0.4603961341635605 -0.1116133269513747 3
0.4899552924158834 -0.09562350829808305 3
0.510881483503651 0.1745076854051303 3
0.5440030723365873 0.2133321137586364 3
0.5080361574612783 0.2105018545573878 3
0.437629124558898 0.3143848044864078 3
0.3905635564891787 0.3353546725028335 3
0.3978028388348406 0.3041983543144782 3
0.4140963405240383 0.3248697384946206 3
0.4174254424270398 -0.3315499809388857 3
0.4019012243229977 -0.2959598617096836 3
0.3633613636828302 -0.3032187724898739 3
0.3788855817868723 -0.338808891719076 3
0.390393403054935 -0.3173843767143798 3
0.3869256831562533 0.05336186095545426 3
0.3283766489838746 0.08046122859486823 3
0.298133054764087 0.002752723690862515 3
0.3566820889364656 -0.02434664394855144 3
0.3425293689601702 0.0280572923231584 3
0.4408601903060185 0.2655492190391492 3
0.3874930548911545 0.2653408722374383 3
0.3859086313957177 0.2174257909615952 3
0.4133844108508681 0.2414875050003722 3
0.390361496313557 0.1488628105688071 3
0.4206106027404215 0.1040083994247173 3
0.4743522999027023 0.1370402475203468 3
0.4323568981081297 0.1429515290445769 3
0.5687821080526951 -0.002389001608078898 3
0.5195972970265257 0.03166267895436643 3
0.4929261184471488 -0.01213891168170682 3
0.530854113249922 -0.00726395664489286 3
0.1767043967651278 0.03740774542517141 3
0.09076733537517973 0.1130504428095719 3
0.08835219838256386 0.01870387271258566 3
0.5048655474728971 -0.2353052262641071 3
0.5049124155867701 -0.1779034594499455 3
0.4405443950124382 -0.1681960958223273 3
0.4404975268985651 -0.225597862636489 3
0.4727049712426676 -0.2017506610432172 3
0.3252501255648103 0.2175949879661317 3
0.33772870446592 0.2782307595718109 3
0.2808976791110905 0.2945003402979556 3
0.2684191002099808 0.2338645686922765 3
0.3030739023379504 0.2560476641320436 3
0.3324749319204273 0.3567335691460173 3
0.348038488409606 0.3170882416488508 3
0.3563415746751393 0.3408664512947617 3
0.2516722981777725 0.4752050616190593 3
0.2333605942475375 0.3774664881453196 3
0.2851571851381633 0.4148296568134289 3
0.242516446212655 0.4263357748821894 3
0.5492471579842197 0.07334580744805122 3
0.5073291249590983 0.1044809005816445 3
0.4776792640014043 0.06279777208795967 3
0.513463210992812 0.06807178976800546 3
0.2954273260936798 -0.3128724619721595 3
0.228444160530472 -0.2819663221725007 3
0.1969380966831155 -0.3476901980079939 3
0.2639212622463233 -0.3785963378076527 3
0.2461827113883976 -0.3302813299900767 3
0.2357636883944973 0.1535926847943545 3
0.1656216904558842 0.1910963977920512 3
0.2170203953329325 0.2124804832421639 3
0.7187909961938475 0.1002224923985196 3
0.6698222346905708 0.1068647815495786 3
0.07485435508070443 0.3002681772047014 3
0.1131292782715521 0.3541298234258651 3
0.3297029904826495 0.1490320075733436 3
0.3578058109391836 0.1832288992674694 3
0.2971960141589974 -0.1116014477518938 3
0.2404001046334923 -0.0448614366998452 3
0.2269539347945665 -0.1725980007145872 3
0.2336770197140295 -0.1087297187072162 3
0.4577569649371634 -0.2870803363560434 3
0.3846417862843993 -0.2344773879901292 3
0.4211993756107814 -0.2607788621730863 3
0.6075876447377974 -0.08880698105564898 3
0.5612832520518083 -0.1383234130178149 3
0.6095471560937493 -0.1490311009404295 3
0.5844354483948029 -0.1135651970367319 3
0.5104438875032513 -0.2920196350404884 3
0.4600881419290009 -0.3407264252890678 3
0.4852660147161261 -0.3163730301647781 3
0.6159601097504841 -0.02232809786619755 3
0.6666275349873132 -0.09147888318945145 3
0.6361161528392351 -0.06208116005748816 3
0.5330978338192892 -0.1581134362338802 3
0.3484365827526879 -0.0771740513586591 3
0.4139912830487074 -0.09088449483603744 3
0.4222367892324851 -0.03805708742592979 3
0.3853366859925865 -0.05761556939229445 3
0.1036560620931727 0.5359775613468322 3
0.5886375465633189 0.05552363290126779 3
0.6022988281569015 0.01659776751753512 3
0.5820971033226554 -0.2953748062707936 3
0.6191858399257705 -0.4082306726856689 3
0.6510397106341071 -0.3324752834920672 3
0.600641471624213 -0.3518027394782313 3
0.4439943444172361 0.01215123361869661 3
0.457581453839817 -0.0250979995538183 3
0.8296963810571916 -0.282137936339977 3
0.6797413531310759 -0.224681746804895 3
0.7403680458456493 -0.3073066099160221 3
0.2344373468957225 0.08502190581587912 3
0.282070168689186 0.1170269566946113 3
0.1880898645194449 -0.6986463928110522 3
0.2809785440827872 -0.847714119567709 3
0.3747107594909798 -0.7834905105229728 3
0.2814003120052124 -0.7410684516670126 3
0.3941395438975851 -0.1474672637069901 3
0.4272678390305728 -0.1295402953291824 3
0.4323024735788288 0.05807981652170696 3
0.4626670740776505 0.2931794975184118 3
0.1422471964551972 -0.6359152021493796 3
0.1030287672007734 -0.576593245538178 3
0.3428989753038946 -0.1818946601002248 3
0.3456677790282913 -0.129534355729442 3
0.5434813253977763 -0.2653400162674504 3
0.2374187257646074 0.02008023455801696 3
0.2849949074377361 -0.2236620926768702 3
0.1704031878873024 -0.2309022302102176 3
0.2276990476625192 -0.2272821614435439 3
0.2922185183748074 0.3480836224724065 3
0.3088160585292953 0.3857816129797231 3
0.3281653895713968 -0.3760375221761827 3
0.2962203352408119 -0.4125498749721279 3
0.3267377184182409 -0.2762448205667746 3
0.3348183468610677 -0.2290697403334997 3
0.5237512848252898 -0.4746908933536992 3
0.467662699501961 -0.3841764443501821 3
0.4957069921636254 -0.4294336688519407 3
0.08618222400818898 -0.3117980490431906 3
0.08520159394365118 -0.22656222621622 3
0.257129136679314 0.3359834142216376 3
0.5824710738042247 0.1664641613339838 3
0.543858308560047 0.141948338466428 3
0.5632772513477553 0.1086947830624842 3
0.57287416257599 0.137579472198234 3
0.5964254800955279 0.2750530745148635 3
0.5936473847178191 0.3375165830789717 3
0.5596507119062073 0.3062878614420121 3
0.4269894605125332 -0.5866007217799644 3
0.3902544343739169 -0.5290520669582838 3
0.3320509713582691 -0.3398464138952587 3
0.3483478161494709 -0.3522455374179657 3
0.3327731211789953 0.5756555818843335 3
0.2922227096783839 0.5254303217516966 3
0.6843841497888613 -0.1572751033468836 3
0.6446442546124126 -0.1868564238726622 3
0.4477217404941641 -0.3526855431148702 3
0.5894482769498763 0.2207586179244237 3
0.5971738077973726 -0.6186033681059083 3
0.491279846766068 -0.7090351670412546 3
0.6784089472302528 0.5038159786259963 3
0.6016203177413291 0.5914846017724158 3
0.5168587552288955 0.4251852062253912 3
0.597633851229574 0.4645005924256937 3
0.08963682790024197 -0.7746632422009546 3
0.1423635749581853 -0.8777242613020927 3
0.5759573989555371 0.08210920798187599 3
0.1303742173147325 -0.3769251879119297 3
0.4421611639444352 0.4900320219871478 3
0.4671967194601622 0.5835700918283747 3
0.875 -6.42918335756748e-17 3
0.7427566148015481 -0.09079622015743222 3
0.8617709476023891 -0.1429432710867802 3
0.4730669271480553 0.4379312111791421 3
0.4861242987210658 0.3978631644500772 3
0.329394344888255 -0.3080456172310166 3
0.6081798238615715 -0.5134170203957886 3
0.09597255770286461 0.7665102559604925 3
0.8687909961938475 0.0752224923985195 3
0.8087630426710566 0.3040842563981658 3
0.8020731676265874 0.05528891572892345 3
0.5091053042313747 0.1394942929933874 3
0.3677657716503803 0.2912145569431445 3
0.1159420121777195 -0.7052892221751671 3
0.08281084522794208 0.2066593100071367 3
0.7098697444240943 -0.09631522120310551 3
0.4387582515018813 0.4626936805232376 3
2 17 0 27
4244
4245
4246
4247
4248
4249
4250
4251
4252
4253
4254
4255
4256
4257
4258
4259
4260
4261
4262
4263
4264
4265
4266
4267
4268
4269
4270
0.7071067811865477 0.7071067811865475 3.4
0.7071067811865477 0.7071067811865475 3.8
0.7071067811865477 0.7071067811865475 4.2
0.7071067811865477 0.7071067811865475 4.6
0.9238795325112868 0.3826834323650897 3.4
0.7071067811865479 0.7071067811865471 3.2
0.9238795325112868 0.3826834323650895 3.2
0.9238795325112868 0.3826834323650897 3.8
0.7071067811865479 0.7071067811865471 3.6
0.9238795325112868 0.3826834323650895 3.6
0.9238795325112868 0.3826834323650897 4.2
0.7071067811865479 0.7071067811865471 4
0.9238795325112868 0.3826834323650895 4
0.9238795325112868 0.3826834323650897 4.6
0.7071067811865479 0.7071067811865471 4.4
0.9238795325112868 0.3826834323650895 4.4
0.7071067811865479 0.7071067811865471 4.8
0.9238795325112868 0.3826834323650895 4.8
0.3826834323650903 0.9238795325112865 3.4
0.3826834323650901 0.9238795325112865 3.2
0.3826834323650903 0.9238795325112865 3.8
0.3826834323650904 0.9238795325112863 3.6
0.3826834323650903 0.9238795325112865 4.2
0.3826834323650904 0.9238795325112863 4
0.3826834323650903 0.9238795325112865 4.6
0.3826834323650904 0.9238795325112863 4.4
0.3826834323650901 0.9238795325112865 4.8
2 18 0 63
4271
4272
4273
4274
4275
4276
4277
4278
4279
4280
4281
4282
4283
4284
4285
4286
4287
4288
4289
4290
4291
4292
4293
4294
4295
4296
4297
4298
4299
4300
4301
4302
4303
4304
4305
4306
4307
4308
4309
4310
4311
4312
4313
4314
4315
4316
4317
4318
4319
4320
4321
4322
4323
4324
4325
4326
4327
4328
4329
4330
4331
4332
4333
0.3826834323650905 -0.9238795325112864 3.4
0.3826834323650905 -0.9238795325112864 3.8
0.3826834323650905 -0.9238795325112864 4.2
0.3826834323650905 -0.9238795325112864 4.6
0.7071067811865478 -0.7071067811865472 3.4
0.7071067811865478 -0.7071067811865472 3.8
0.7071067811865478 -0.7071067811865472 4.2
0.7071067811865478 -0.7071067811865472 4.6
0.9238795325112868 -0.3826834323650894 3.4
0.9238795325112868 -0.3826834323650894 3.8
0.9238795325112868 -0.3826834323650894 4.2
0.9238795325112868 -0.3826834323650894 4.6
0.1950903220161286 -0.9807852804032304 3.4
0.3826834323650905 -0.9238795325112864 3.2
0.1950903220161286 -0.9807852804032304 3.2
0.1950903220161286 -0.9807852804032304 3.8
0.3826834323650905 -0.9238795325112864 3.6
0.1950903220161286 -0.9807852804032304 3.6
0.1950903220161286 -0.9807852804032304 4.2
0.3826834323650905 -0.9238795325112864 4
0.1950903220161286 -0.9807852804032304 4
0.1950903220161286 -0.9807852804032304 4.6
0.3826834323650905 -0.9238795325112864 4.4
0.1950903220161286 -0.9807852804032304 4.4
0.3826834323650905 -0.9238795325112864 4.8
0.1950903220161286 -0.9807852804032304 4.8
0.5555702330196027 -0.8314696123025449 3.4
0.7071067811865478 -0.7071067811865472 3.2
0.5555702330196026 -0.8314696123025449 3.2
0.5555702330196027 -0.8314696123025449 3.8
0.7071067811865478 -0.7071067811865472 3.6
0.5555702330196026 -0.8314696123025449 3.6
0.5555702330196027 -0.8314696123025449 4.2
0.7071067811865478 -0.7071067811865472 4
0.5555702330196026 -0.8314696123025449 4
0.5555702330196027 -0.8314696123025449 4.6
0.7071067811865478 -0.7071067811865472 4.4
0.5555702330196026 -0.8314696123025449 4.4
0.7071067811865478 -0.7071067811865472 4.8
0.5555702330196026 -0.8314696123025449 4.8
0.8314696123025453 -0.5555702330196022 3.4
0.9238795325112868 -0.3826834323650894 3.2
0.8314696123025455 -0.555570233019602 3.2
0.8314696123025453 -0.5555702330196022 3.8
0.9238795325112868 -0.3826834323650894 3.6
0.8314696123025453 -0.5555702330196022 3.6
0.8314696123025453 -0.5555702330196022 4.2
0.9238795325112868 -0.3826834323650894 4
0.8314696123025453 -0.5555702330196022 4
0.8314696123025453 -0.5555702330196022 4.6
0.9238795325112868 -0.3826834323650894 4.4
0.8314696123025453 -0.5555702330196022 4.4
0.9238795325112868 -0.3826834323650894 4.8
0.8314696123025455 -0.555570233019602 4.8
0.9807852804032304 -0.1950903220161282 3.4
0.9807852804032304 -0.1950903220161282 3.2
0.9807852804032304 -0.1950903220161282 3.8
0.9807852804032304 -0.1950903220161282 3.6
0.9807852804032304 -0.1950903220161282 4.2
0.9807852804032304 -0.1950903220161282 4
0.9807852804032304 -0.1950903220161282 4.6
0.9807852804032304 -0.1950903220161282 4.4
0.9807852804032304 -0.1950903220161282 4.8
2 19 0 9
4334
4335
4336
4337
4338
4339
4340
4341
4342
0.7353553390593274 -0.03535533905932735 3.4
0.7353553390593274 -0.03535533905932736 3.2
0.7353553390593274 -0.03535533905932735 3.8
0.7353553390593274 -0.03535533905932735 3.6
0.7353553390593274 -0.03535533905932735 4.2
0.7353553390593274 -0.03535533905932735 4
0.7353553390593274 -0.03535533905932735 4.6
0.7353553390593274 -0.03535533905932735 4.4
0.7353553390593274 -0.03535533905932736 4.8
2 20 0 9
4343
4344
4345
4346
4347
4348
4349
4350
4351
0.7353553390593274 0.03535533905932737 3.4
0.7353553390593273 0.03535533905932739 3.2
0.7353553390593274 0.03535533905932737 3.8
0.7353553390593273 0.03535533905932737 3.6
0.7353553390593274 0.03535533905932737 4.2
0.7353553390593273 0.03535533905932737 4
0.7353553390593274 0.03535533905932737 4.6
0.7353553390593273 0.03535533905932737 4.4
0.7353553390593273 0.03535533905932739 4.8
2 21 0 9
4352
4353
4354
4355
4356
4357
4358
4359
4360
0.6646446609406726 0.03535533905932745 3.4
0.6646446609406726 0.03535533905932742 3.2
0.6646446609406726 0.03535533905932745 3.8
0.6646446609406726 0.03535533905932745 3.6
0.6646446609406726 0.03535533905932745 4.2
0.6646446609406726 0.03535533905932745 4
0.6646446609406726 0.03535533905932745 4.6
0.6646446609406726 0.03535533905932745 4.4
0.6646446609406726 0.03535533905932742 4.8
2 22 0 9
4361
4362
4363
4364
4365
4366
4367
4368
4369
0.6646446609406726 -0.03535533905932739 3.4
0.6646446609406726 -0.03535533905932736 3.2
0.6646446609406726 -0.03535533905932739 3.8
0.6646446609406726 -0.03535533905932739 3.6
0.6646446609406726 -0.03535533905932739 4.2
0.6646446609406726 -0.03535533905932739 4
0.6646446609406726 -0.03535533905932739 4.6
0.6646446609406726 -0.03535533905932739 4.4
0.6646446609406726 -0.03535533905932736 4.8
2 23 0 9
4370
4371
4372
4373
4374
4375
4376
4377
4378
0.4353553390593274 0.3646446609406726 3.4
0.4353553390593274 0.3646446609406726 3.2
0.4353553390593274 0.3646446609406726 3.8
0.4353553390593274 0.3646446609406726 3.6
0.4353553390593274 0.3646446609406726 4.2
0.4353553390593274 0.3646446609406726 4
0.4353553390593274 0.3646446609406726 4.6
0.4353553390593274 0.3646446609406726 4.4
0.4353553390593274 0.3646446609406726 4.8
2 24 0 9
4379
4380
4381
4382
4383
4384
4385
4386
4387
0.3646446609406726 0.3646446609406726 3.4
0.3646446609406726 0.3646446609406726 3.2
0.3646446609406726 0.3646446609406726 3.8
0.3646446609406726 0.3646446609406726 3.6
0.3646446609406726 0.3646446609406726 4.2
0.3646446609406726 0.3646446609406726 4
0.3646446609406726 0.3646446609406726 4.6
0.3646446609406726 0.3646446609406726 4.4
0.3646446609406726 0.3646446609406726 4.8
2 25 0 9
4388
4389
4390
4391
4392
4393
4394
4395
4396
0.3646446609406727 0.4353553390593274 3.4
0.3646446609406727 0.4353553390593273 3.2
0.3646446609406727 0.4353553390593274 3.8
0.3646446609406727 0.4353553390593273 3.6
0.3646446609406727 0.4353553390593274 4.2
0.3646446609406727 0.4353553390593273 4
0.3646446609406727 0.4353553390593274 4.6
0.3646446609406727 0.4353553390593273 4.4
0.3646446609406727 0.4353553390593273 4.8
2 26 0 9
4397
4398
4399
4400
4401
4402
4403
4404
4405
0.4353553390593274 0.4353553390593274 3.4
0.4353553390593273 0.4353553390593274 3.2
0.4353553390593274 0.4353553390593274 3.8
0.4353553390593273 0.4353553390593274 3.6
0.4353553390593274 0.4353553390593274 4.2
0.4353553390593273 0.4353553390593274 4
0.4353553390593274 0.4353553390593274 4.6
0.4353553390593273 0.4353553390593274 4.4
0.4353553390593273 0.4353553390593274 4.8
2 27 0 9
4406
4407
4408
4409
4410
4411
4412
4413
4414
0.4353553390593274 -0.4353553390593274 3.4
0.4353553390593274 -0.4353553390593273 3.2
0.4353553390593274 -0.4353553390593274 3.8
0.4353553390593274 -0.4353553390593273 3.6
0.4353553390593274 -0.4353553390593274 4.2
0.4353553390593274 -0.4353553390593273 4
0.4353553390593274 -0.4353553390593274 4.6
0.4353553390593274 -0.4353553390593273 4.4
0.4353553390593274 -0.4353553390593273 4.8
2 28 0 9
4415
4416
4417
4418
4419
4420
4421
4422
4423
0.4353553390593274 -0.3646446609406727 3.4
0.4353553390593273 -0.3646446609406727 3.2
0.4353553390593274 -0.3646446609406727 3.8
0.4353553390593273 -0.3646446609406727 3.6
0.4353553390593274 -0.3646446609406727 4.2
0.4353553390593273 -0.3646446609406727 4
0.4353553390593274 -0.3646446609406727 4.6
0.4353553390593273 -0.3646446609406727 4.4
0.4353553390593273 -0.3646446609406727 4.8
2 29 0 9
4424
4425
4426
4427
4428
4429
4430
4431
4432
0.3646446609406726 -0.3646446609406726 3.4
0.3646446609406726 -0.3646446609406726 3.2
0.3646446609406726 -0.3646446609406726 3.8
0.3646446609406726 -0.3646446609406726 3.6
0.3646446609406726 -0.3646446609406726 4.2
0.3646446609406726 -0.3646446609406726 4
0.3646446609406726 -0.3646446609406726 4.6
0.3646446609406726 -0.3646446609406726 4.4
0.3646446609406726 -0.3646446609406726 4.8
2 30 0 9
4433
4434
4435
4436
4437
4438
4439
4440
4441
0.3646446609406726 -0.4353553390593274 3.4
0.3646446609406726 -0.4353553390593274 3.2
0.3646446609406726 -0.4353553390593274 3.8
0.3646446609406726 -0.4353553390593274 3.6
0.3646446609406726 -0.4353553390593274 4.2
0.3646446609406726 -0.4353553390593274 4
0.3646446609406726 -0.4353553390593274 4.6
0.3646446609406726 -0.4353553390593274 4.4
0.3646446609406726 -0.4353553390593274 4.8
2 31 0 321
4442
4443
4444
4445
4446
4447
4448
4449
4450
4451
4452
4453
4454
4455
4456
4457
4458
4459
4460
4461
4462
4463
4464
4465
4466
4467
4468
4469
4470
4471
4472
4473
4474
4475
4476
4477
4478
4479
4480
4481
4482
4483
4484
4485
4486
4487
4488
4489
4490
4491
4492
4493
4494
4495
4496
4497
4498
4499
4500
4501
4502
4503
4504
4505
4506
4507
4508
4509
4510
4511
4512
4513
4514
4515
4516
4517
4518
4519
4520
4521
4522
4523
4524
4525
4526
4527
4528
4529
4530
4531
4532
4533
4534
4535
4536
4537
4538
4539
4540
4541
4542
4543
4544
4545
4546
4547
4548
4549
4550
4551
4552
4553
4554
4555
4556
4557
4558
4559
4560
4561
4562
4563
4564
4565
4566
4567
4568
4569
4570
4571
4572
4573
4574
4575
4576
4577
4578
4579
4580
4581
4582
4583
4584
4585
4586
4587
4588
4589
4590
4591
4592
4593
4594
4595
4596
4597
4598
4599
4600
4601
4602
4603
4604
4605
4606
4607
4608
4609
4610
4611
4612
4613
4614
4615
4616
4617
4618
4619
4620
4621
4622
4623
4624
4625
4626
4627
4628
4629
4630
4631
4632
4633
4634
4635
4636
4637
4638
4639
4640
4641
4642
4643
4644
4645
4646
4647
4648
4649
4650
4651
4652
4653
4654
4655
4656
4657
4658
4659
4660
4661
4662
4663
4664
4665
4666
4667
4668
4669
4670
4671
4672
4673
4674
4675
4676
4677
4678
4679
4680
4681
4682
4683
4684
4685
4686
4687
4688
4689
4690
4691
4692
4693
4694
4695
4696
4697
4698
4699
4700
4701
4702
4703
4704
4705
4706
4707
4708
4709
4710
4711
4712
4713
4714
4715
4716
4717
4718
4719
4720
4721
4722
4723
4724
4725
4726
4727
4728
4729
4730
4731
4732
4733
4734
4735
4736
4737
4738
4739
4740
4741
4742
4743
4744
4745
4746
4747
4748
4749
4750
4751
4752
4753
4754
4755
4756
4757
4758
4759
4760
4761
4762
0.5431398469170978 0.2495809729642819 5
0.5290680499255469 -0.2095497416938988 5
0.2873400230410855 0.05505403712372562 5
0.2854659418309063 -0.1736543057617871 5
0.2468454943813265 0.2755335423038766 5
0.4718079305541792 0.1021483787834238 5
0.4113097177004502 0.1918572010716034 5
0.1969060732384059 -0.6257440789979729 5
0.2025173989879784 0.5034509162640391 5
0.5402247299862555 -0.3229785592466616 5
0.7355132296030962 -0.1815924403148645 5
0.5023016394456684 -0.04772498875590919 5
0.2845238730445661 -0.2736698795919535 5
0.221511745349853 -0.4051176312629399 5
0.6781099446091589 -0.397179513689209 5
0.5081682312720932 0.300537306645823 5
0.5837041833314932 0.1105761437451032 5
0.6200758498523727 0.1558450681149767 5
0.6332550699746265 -0.1329577663789031 5
0.3879470790182873 -0.1047995129753177 5
0.4003320087768829 -0.1901350144386626 5
0.1972340155863148 0.3722328696378608 5
0.4872408344081974 -0.5300999550252695 5
0.3667380866168691 -0.6431014885346592 5
0.3070388164706011 -0.4930068242732064 5
0.3008271973675666 0.4469592069740796 5
0.1718741227798961 -0.04017428365768979 5
0.1684419277582268 -0.1715416956673874 5
0.4961338542961105 0.4758624223582842 5
0.6497111132739577 0.3005251760654452 5
0.2773577687652308 0.6471095421526557 5
0.4768966692512254 0.1719321162572698 5
0.3149498638408546 0.3134671382920348 5
0.4044380913858427 0.0008553018448976865 5
0.555643996604422 0.03987819251623731 5
0.7375819923876948 0.1504449847970391 5
0.1815346707503595 0.1149897745080327 5
0.3694132749266639 0.1058684200660109 5
0.4144785646913239 0.2876873636232895 5
0.3089260864870886 -0.04954858974200056 5
0.2899927060386352 0.1921955950806763 5
0.6239694766590556 -0.2677710532949257 5
0.4672418159207131 0.243411074455009 5
0.5819202195009684 -0.04465619573239515 5
0.5367272618907444 -0.1115423905336737 5
0.3689515637919157 -0.2788197615415958 5
0.6216310965222158 0.07116907328629826 5
0.5375836561616804 0.3745079900924982 5
0.2694871729087601 0.3827001066527784 5
0.1792736558004839 -0.7715487066241316 5
0.4348508848540796 -0.3130999618777716 5
0.3577711635737446 -0.3276177834381521 5
0.3063307791427936 -0.3520750443523655 5
0.172364448016378 -0.2902627647530479 5
0.4607796844264721 0.341082245349526 5
0.1497087101614089 0.2672030210760697 5
0.4807567812479936 -0.1462571772059921 5
0.4806630450202474 -0.2610607108343155 5
0.5448662977560766 0.1770832545529908 5
0.5602617352423822 -0.419281831682129 5
0.4853253990039221 -0.3683528887003641 5
0.5428503193640175 0.1068134223798651 5
0.5858392422128724 -0.1651044355019561 5
0.08758831967198838 -0.6460863253007864 5
0.3605075450909853 0.2429943808515871 5
0.3881884735927599 0.5042016216160115 5
0.4835505974486294 0.02344716539249554 5
0.3811271129783574 0.3207093450056669 5
0.1055743873384848 0.4437500696561966 5
0.1065324620462277 0.6411537039115369 5
0.4400354870791276 -0.07696947669675727 5
0.1276206758926992 -0.4789870222983977 5
0.6026676399268545 0.09087260851570073 5
0.6208534731872942 0.1135070707006375 5
0.601890016591933 0.13321060593004 5
0.4436204172040987 -0.4900499775126348 5
0.4686204172040987 -0.4650499775126348 5
0.1734713628738618 0.3197179453569653 5
0.1982771022713677 0.2713682816899732 5
0.2220397549838207 0.3238832059708687 5
0.8009947385602229 -0.3899314730271493 5
0.6926083628978533 -0.5521431474378781 5
0.604904359435964 -0.2164377443984409 5
0.5574536460692097 -0.1873270885979275 5
0.5765187632923012 -0.2386603974944122 5
0.1540458931632316 0.4736004929601179 5
0.1514042014623998 0.4079914696470287 5
0.1998757072871466 0.43784189295095 5
0.4991816702940762 0.3577951177210121 5
0.4844739578492826 0.3208097759976745 5
0.5228759437168867 0.3375226483691606 5
0.4720692425859693 0.2076715953561394 5
0.4392757668105817 0.2176341377633062 5
0.4441031934758378 0.1818946586644366 5
0.3368884515437351 -0.5680541564039329 5
0.2519724448545035 -0.5593754516355897 5
0.2818220799276375 -0.634422783766316 5
0.5195144506682063 -0.07963368964479148 5
0.5593237406958563 -0.07809929313303444 5
0.5421109294733184 -0.04619059224415217 5
0.08422096387911338 -0.1413264033892493 5
0.1701580252690614 -0.1058579896625386 5
0.08593706138994806 -0.07564269738440046 5
0.05278719366924239 0.388541701494765 5
0.05278719366924239 0.499652812605876 5
0.0638103379463496 -0.5172712889269766 5
0.0638103379463496 -0.4061601778158656 5
0.04379415983599422 -0.7119320515392821 5
0.04379415983599422 -0.6008209404281709 5
0.05326623102311384 0.5983546297335461 5
0.05326623102311384 0.7094657408446573 5
0.6608155482611079 0.06058453664314915 5
0.6358155482611079 0.03558453664314913 5
0.5127750644950888 -0.3456657239735129 5
0.5227935671231522 -0.3938173601912466 5
0.5502432326143188 -0.3711301954643953 5
0.4303898422132361 0.345541122674763 5
0.4553898422132361 0.370541122674763 5
0.1386788843826155 0.8235547710763278 5
0.4922322749758893 0.6771081616696016 5
0.6788289211200338 0.1531450264560079 5
0.6936465528308263 0.2254850804312422 5
0.6348934815631653 0.2281851220902109 5
0.3285194082353006 -0.4465034121366032 5
0.3535194082353006 -0.4715034121366032 5
0.4877050235964031 0.2719741905504159 5
0.5051908314189055 0.2464960237096455 5
0.5256540390945955 0.2750591398050524 5
0.1919451154057293 0.6441316230320963 5
0.154524930517103 0.5723023100877881 5
0.2399375838766046 0.5752802292083474 5
0.264275280910227 -0.4490622277680731 5
0.1745662106212761 -0.4420523267806687 5
0.1622633745655526 -0.5523655506481853 5
0.2132693277378898 -0.5007138892081292 5
0.3940942367963799 0.4771008108080057 5
0.3445078354801632 0.4755804142950455 5
0.3254135986837833 0.4234796034870398 5
0.3545762482104179 0.4554678766771865 5
0.508742021569369 -0.1288997838698329 5
0.471168563262398 -0.06234723272633324 5
0.4603961341635606 -0.1116133269513747 5
0.4899552924158835 -0.09562350829808308 5
0.510881483503651 0.1745076854051303 5
0.5440030723365873 0.2133321137586364 5
0.5080361574612783 0.2105018545573878 5
0.437629124558898 0.3143848044864078 5
0.3905635564891787 0.3353546725028335 5
0.3978028388348406 0.3041983543144782 5
0.4140963405240384 0.3248697384946206 5
0.4174254424270398 -0.3315499809388858 5
0.4019012243229977 -0.2959598617096837 5
0.3633613636828302 -0.3032187724898739 5
0.3788855817868723 -0.338808891719076 5
0.390393403054935 -0.3173843767143799 5
0.3869256831562533 0.05336186095545428 5
0.3283766489838746 0.08046122859486826 5
0.298133054764087 0.002752723690862535 5
0.3566820889364657 -0.02434664394855143 5
0.3425293689601702 0.02805729232315841 5
0.4408601903060185 0.2655492190391492 5
0.3874930548911546 0.2653408722374383 5
0.3859086313957177 0.2174257909615952 5
0.4133844108508681 0.2414875050003722 5
0.390361496313557 0.1488628105688071 5
0.4206106027404215 0.1040083994247173 5
0.4743522999027023 0.1370402475203468 5
0.4323568981081297 0.142951529044577 5
0.5687821080526952 -0.002389001608078912 5
0.5195972970265257 0.03166267895436643 5
0.492926118447149 -0.01213891168170682 5
0.530854113249922 -0.007263956644892867 5
0.1767043967651278 0.03740774542517147 5
0.09076733537517973 0.113050442809572 5
0.08835219838256386 0.01870387271258575 5
0.5048655474728971 -0.2353052262641071 5
0.5049124155867702 -0.1779034594499455 5
0.4405443950124383 -0.1681960958223273 5
0.4404975268985651 -0.225597862636489 5
0.4727049712426677 -0.2017506610432172 5
0.3252501255648103 0.2175949879661317 5
0.33772870446592 0.2782307595718109 5
0.2808976791110905 0.2945003402979557 5
0.2684191002099808 0.2338645686922765 5
0.3030739023379504 0.2560476641320437 5
0.3324749319204273 0.3567335691460174 5
0.348038488409606 0.3170882416488509 5
0.3563415746751393 0.3408664512947617 5
0.2516722981777725 0.4752050616190594 5
0.2333605942475375 0.3774664881453196 5
0.2851571851381633 0.414829656813429 5
0.242516446212655 0.4263357748821895 5
0.5492471579842197 0.07334580744805122 5
0.5073291249590983 0.1044809005816445 5
0.4776792640014044 0.06279777208795968 5
0.513463210992812 0.06807178976800544 5
0.2954273260936798 -0.3128724619721595 5
0.228444160530472 -0.2819663221725007 5
0.1969380966831155 -0.3476901980079939 5
0.2639212622463233 -0.3785963378076527 5
0.2461827113883976 -0.3302813299900768 5
0.2357636883944973 0.1535926847943545 5
0.1656216904558842 0.1910963977920513 5
0.2170203953329325 0.2124804832421639 5
0.7187909961938475 0.1002224923985196 5
0.6698222346905709 0.1068647815495785 5
0.07485435508070443 0.3002681772047015 5
0.1131292782715521 0.3541298234258651 5
0.3297029904826495 0.1490320075733436 5
0.3578058109391836 0.1832288992674694 5
0.2971960141589974 -0.1116014477518938 5
0.2404001046334923 -0.04486143669984517 5
0.2269539347945665 -0.1725980007145872 5
0.2336770197140294 -0.1087297187072162 5
0.4577569649371635 -0.2870803363560435 5
0.3846417862843993 -0.2344773879901292 5
0.4211993756107814 -0.2607788621730864 5
0.6075876447377975 -0.0888069810556491 5
0.5612832520518084 -0.1383234130178149 5
0.6095471560937495 -0.1490311009404296 5
0.5844354483948029 -0.113565197036732 5
0.5104438875032514 -0.2920196350404886 5
0.4600881419290009 -0.3407264252890678 5
0.4852660147161262 -0.3163730301647782 5
0.6159601097504841 -0.02232809786619756 5
0.6666275349873132 -0.09147888318945156 5
0.6361161528392351 -0.06208116005748822 5
0.5330978338192893 -0.1581134362338802 5
0.348436582752688 -0.0771740513586591 5
0.4139912830487075 -0.09088449483603747 5
0.4222367892324852 -0.03805708742592979 5
0.3853366859925866 -0.05761556939229446 5
0.1036560620931727 0.5359775613468322 5
0.5886375465633189 0.05552363290126778 5
0.6022988281569016 0.01659776751753511 5
0.5820971033226555 -0.2953748062707937 5
0.6191858399257706 -0.408230672685669 5
0.6510397106341071 -0.3324752834920673 5
0.600641471624213 -0.3518027394782314 5
0.4439943444172361 0.01215123361869661 5
0.4575814538398171 -0.02509799955381831 5
0.8296963810571916 -0.282137936339977 5
0.6797413531310759 -0.2246817468048951 5
0.7403680458456494 -0.3073066099160221 5
0.2344373468957225 0.08502190581587918 5
0.282070168689186 0.1170269566946114 5
0.1880898645194449 -0.6986463928110522 5
0.2809785440827872 -0.847714119567709 5
0.3747107594909798 -0.7834905105229728 5
0.2814003120052123 -0.7410684516670126 5
0.3941395438975852 -0.1474672637069901 5
0.4272678390305729 -0.1295402953291824 5
0.4323024735788288 0.05807981652170698 5
0.4626670740776506 0.2931794975184118 5
0.1422471964551971 -0.6359152021493796 5
0.1030287672007734 -0.576593245538178 5
0.3428989753038946 -0.1818946601002249 5
0.3456677790282913 -0.129534355729442 5
0.5434813253977764 -0.2653400162674504 5
0.2374187257646074 0.02008023455801701 5
0.2849949074377361 -0.2236620926768703 5
0.1704031878873024 -0.2309022302102176 5
0.2276990476625192 -0.227282161443544 5
0.2922185183748074 0.3480836224724065 5
0.3088160585292953 0.3857816129797232 5
0.3281653895713967 -0.3760375221761827 5
0.2962203352408119 -0.412549874972128 5
0.3267377184182409 -0.2762448205667746 5
0.3348183468610678 -0.2290697403334997 5
0.5237512848252899 -0.4746908933536993 5
0.467662699501961 -0.3841764443501821 5
0.4957069921636255 -0.4294336688519407 5
0.08618222400818898 -0.3117980490431906 5
0.08520159394365118 -0.22656222621622 5
0.257129136679314 0.3359834142216376 5
0.5824710738042247 0.1664641613339838 5
0.543858308560047 0.141948338466428 5
0.5632772513477553 0.1086947830624842 5
0.57287416257599 0.137579472198234 5
0.5964254800955278 0.2750530745148635 5
0.593647384717819 0.3375165830789717 5
0.5596507119062073 0.3062878614420121 5
0.4269894605125332 -0.5866007217799644 5
0.3902544343739169 -0.5290520669582838 5
0.3320509713582691 -0.3398464138952588 5
0.3483478161494709 -0.3522455374179657 5
0.3327731211789954 0.5756555818843335 5
0.2922227096783839 0.5254303217516963 5
0.6843841497888614 -0.1572751033468838 5
0.6446442546124127 -0.1868564238726623 5
0.4477217404941641 -0.3526855431148702 5
0.5894482769498762 0.2207586179244237 5
0.5971738077973726 -0.6186033681059083 5
0.491279846766068 -0.7090351670412546 5
0.6784089472302527 0.5038159786259963 5
0.6016203177413291 0.5914846017724158 5
0.5168587552288955 0.4251852062253912 5
0.597633851229574 0.4645005924256937 5
0.08963682790024197 -0.7746632422009546 5
0.1423635749581853 -0.8777242613020927 5
0.5759573989555371 0.08210920798187597 5
0.1303742173147325 -0.3769251879119296 5
0.4421611639444352 0.4900320219871478 5
0.4671967194601622 0.5835700918283747 5
0.875 -6.42918335756748e-17 5
0.7427566148015481 -0.09079622015743224 5
0.8617709476023893 -0.1429432710867802 5
0.4730669271480553 0.4379312111791421 5
0.4861242987210658 0.3978631644500772 5
0.329394344888255 -0.3080456172310167 5
0.6081798238615715 -0.5134170203957887 5
0.09597255770286461 0.7665102559604925 5
0.8687909961938474 0.07522249239851951 5
0.8087630426710566 0.3040842563981659 5
0.8020731676265873 0.05528891572892346 5
0.5091053042313747 0.1394942929933874 5
0.3677657716503803 0.2912145569431446 5
0.1159420121777196 -0.7052892221751671 5
0.08281084522794208 0.2066593100071368 5
0.7098697444240943 -0.09631522120310561 5
0.4387582515018813 0.4626936805232376 5
2 32 0 63
4763
4764
4765
4766
4767
4768
4769
4770
4771
4772
4773
4774
4775
4776
4777
4778
4779
4780
4781
4782
4783
4784
4785
4786
4787
4788
4789
4790
4791
4792
4793
4794
4795
4796
4797
4798
4799
4800
4801
4802
4803
4804
4805
4806
4807
4808
4809
4810
4811
4812
4813
4814
4815
4816
4817
4818
4819
4820
4821
4822
4823
4824
4825
-0.923879532511287 0.3826834323650892 0.4
-0.923879532511287 0.3826834323650892 0.8
-0.923879532511287 0.3826834323650892 1.2
-0.923879532511287 0.3826834323650892 1.6
-0.7071067811865489 0.7071067811865461 0.4
-0.7071067811865489 0.7071067811865461 0.8
-0.7071067811865489 0.7071067811865461 1.2
-0.7071067811865489 0.7071067811865461 1.6
-0.3826834323650912 0.9238795325112862 0.4
-0.3826834323650912 0.9238795325112862 0.8
-0.3826834323650912 0.9238795325112862 1.2
-0.3826834323650912 0.9238795325112862 1.6
-0.9807852804032305 0.1950903220161279 0.4
-0.923879532511287 0.3826834323650892 0.2
-0.9807852804032305 0.1950903220161279 0.2
-0.9807852804032305 0.1950903220161279 0.8
-0.923879532511287 0.3826834323650892 0.6000000000000001
-0.9807852804032305 0.1950903220161279 0.6000000000000001
-0.9807852804032305 0.1950903220161279 1.2
-0.923879532511287 0.3826834323650892 1
-0.9807852804032305 0.1950903220161279 1
-0.9807852804032305 0.1950903220161279 1.6
-0.923879532511287 0.3826834323650892 1.4
-0.9807852804032305 0.1950903220161279 1.4
-0.923879532511287 0.3826834323650892 1.8
-0.9807852804032305 0.1950903220161279 1.8
-0.8314696123025459 0.5555702330196012 0.4
-0.7071067811865489 0.7071067811865461 0.2
-0.831469612302546 0.5555702330196012 0.2
-0.8314696123025459 0.5555702330196012 0.8
-0.7071067811865489 0.7071067811865461 0.6000000000000001
-0.831469612302546 0.5555702330196012 0.6000000000000001
-0.8314696123025459 0.5555702330196012 1.2
-0.7071067811865489 0.7071067811865461 1
-0.831469612302546 0.5555702330196012 1
-0.8314696123025459 0.5555702330196012 1.6
-0.7071067811865489 0.7071067811865461 1.4
-0.831469612302546 0.5555702330196012 1.4
-0.7071067811865489 0.7071067811865461 1.8
-0.831469612302546 0.5555702330196012 1.8
-0.5555702330196036 0.8314696123025442 0.4
-0.3826834323650912 0.9238795325112862 0.2
-0.5555702330196035 0.8314696123025442 0.2
-0.5555702330196036 0.8314696123025442 0.8
-0.3826834323650912 0.9238795325112862 0.6000000000000001
-0.5555702330196035 0.8314696123025442 0.6000000000000001
-0.5555702330196036 0.8314696123025442 1.2
-0.3826834323650912 0.9238795325112862 1
-0.5555702330196035 0.8314696123025442 1
-0.5555702330196036 0.8314696123025442 1.6
-0.3826834323650912 0.9238795325112862 1.4
-0.5555702330196035 0.8314696123025442 1.4
-0.3826834323650912 0.9238795325112862 1.8
-0.5555702330196035 0.8314696123025442 1.8
-0.1950903220161295 0.9807852804032302 0.4
-0.1950903220161295 0.9807852804032302 0.2
-0.1950903220161295 0.9807852804032302 0.8
-0.1950903220161295 0.9807852804032302 0.6000000000000001
-0.1950903220161295 0.9807852804032302 1.2
-0.1950903220161295 0.9807852804032302 0.9999999999999999
-0.1950903220161295 0.9807852804032302 1.6
-0.1950903220161295 0.9807852804032302 1.4
-0.1950903220161295 0.9807852804032302 1.8
2 33 0 63
4826
4827
4828
4829
4830
4831
4832
4833
4834
4835
4836
4837
4838
4839
4840
4841
4842
4843
4844
4845
4846
4847
4848
4849
4850
4851
4852
4853
4854
4855
4856
4857
4858
4859
4860
4861
4862
4863
4864
4865
4866
4867
4868
4869
4870
4871
4872
4873
4874
4875
4876
4877
4878
4879
4880
4881
4882
4883
4884
4885
4886
4887
4888
-0.3826834323650905 -0.9238795325112864 0.4
-0.3826834323650905 -0.9238795325112864 0.8
-0.3826834323650905 -0.9238795325112864 1.2
-0.3826834323650905 -0.9238795325112864 1.6
-0.7071067811865478 -0.7071067811865472 0.4
-0.7071067811865478 -0.7071067811865472 0.8
-0.7071067811865478 -0.7071067811865472 1.2
-0.7071067811865478 -0.7071067811865472 1.6
-0.9238795325112868 -0.3826834323650894 0.4
-0.9238795325112868 -0.3826834323650894 0.8
-0.9238795325112868 -0.3826834323650894 1.2
-0.9238795325112868 -0.3826834323650894 1.6
-0.1950903220161286 -0.9807852804032304 0.4
-0.3826834323650905 -0.9238795325112864 0.2
-0.1950903220161286 -0.9807852804032304 0.2
-0.1950903220161286 -0.9807852804032304 0.8
-0.3826834323650905 -0.9238795325112864 0.6000000000000001
-0.1950903220161286 -0.9807852804032304 0.6000000000000001
-0.1950903220161286 -0.9807852804032304 1.2
-0.3826834323650905 -0.9238795325112864 1
-0.1950903220161286 -0.9807852804032304 1
-0.1950903220161286 -0.9807852804032304 1.6
-0.3826834323650905 -0.9238795325112864 1.4
-0.1950903220161286 -0.9807852804032304 1.4
-0.3826834323650905 -0.9238795325112864 1.8
-0.1950903220161286 -0.9807852804032304 1.8
-0.5555702330196027 -0.8314696123025449 0.4
-0.7071067811865478 -0.7071067811865472 0.2
-0.5555702330196026 -0.8314696123025449 0.2
-0.5555702330196027 -0.8314696123025449 0.8
-0.7071067811865478 -0.7071067811865472 0.6000000000000001
-0.5555702330196026 -0.8314696123025449 0.6000000000000001
-0.5555702330196027 -0.8314696123025449 1.2
-0.7071067811865478 -0.7071067811865472 1
-0.5555702330196026 -0.8314696123025449 1
-0.5555702330196027 -0.8314696123025449 1.6
-0.7071067811865478 -0.7071067811865472 1.4
-0.5555702330196026 -0.8314696123025449 1.4
-0.7071067811865478 -0.7071067811865472 1.8
-0.5555702330196026 -0.8314696123025449 1.8
-0.8314696123025453 -0.5555702330196022 0.4
-0.9238795325112868 -0.3826834323650894 0.2
-0.8314696123025455 -0.555570233019602 0.2
-0.8314696123025453 -0.5555702330196022 0.8
-0.9238795325112868 -0.3826834323650894 0.6000000000000001
-0.8314696123025453 -0.5555702330196022 0.6000000000000001
-0.8314696123025453 -0.5555702330196022 1.2
-0.9238795325112868 -0.3826834323650894 1
-0.8314696123025453 -0.5555702330196022 1
-0.8314696123025453 -0.5555702330196022 1.6
-0.9238795325112868 -0.3826834323650894 1.4
-0.8314696123025453 -0.5555702330196022 1.4
-0.9238795325112868 -0.3826834323650894 1.8
-0.8314696123025455 -0.555570233019602 1.8
-0.9807852804032304 -0.1950903220161282 0.4
-0.9807852804032304 -0.1950903220161282 0.2
-0.9807852804032304 -0.1950903220161282 0.8
-0.9807852804032304 -0.1950903220161282 0.6000000000000001
-0.9807852804032304 -0.1950903220161282 1.2
-0.9807852804032304 -0.1950903220161282 0.9999999999999999
-0.9807852804032304 -0.1950903220161282 1.6
-0.9807852804032304 -0.1950903220161282 1.4
-0.9807852804032304 -0.1950903220161282 1.8
2 34 0 117
4889
4890
4891
4892
4893
4894
4895
4896
4897
4898
4899
4900
4901
4902
4903
4904
4905
4906
4907
4908
4909
4910
4911
4912
4913
4914
4915
4916
4917
4918
4919
4920
4921
4922
4923
4924
4925
4926
4927
4928
4929
4930
4931
4932
4933
4934
4935
4936
4937
4938
4939
4940
4941
4942
4943
4944
4945
4946
4947
4948
4949
4950
4951
4952
4953
4954
4955
4956
4957
4958
4959
4960
4961
4962
4963
4964
4965
4966
4967
4968
4969
4970
4971
4972
4973
4974
4975
4976
4977
4978
4979
4980
4981
4982
4983
4984
4985
4986
4987
4988
4989
4990
4991
4992
4993
4994
4995
4996
4997
4998
4999
5000
5001
5002
5003
5004
5005
-0.6688255099070634 0.03909157412340152 0.4
-0.6688255099070634 0.03909157412340152 0.8
-0.6688255099070634 0.03909157412340152 1.2
-0.6688255099070634 0.03909157412340152 1.6
-0.7111260466978158 0.04874639560909116 0.4
-0.7111260466978158 0.04874639560909116 0.8
-0.7111260466978158 0.04874639560909116 1.2
-0.7111260466978158 0.04874639560909116 1.6
-0.745048443395121 0.02169418695587775 0.4
-0.745048443395121 0.02169418695587775 0.8
-0.745048443395121 0.02169418695587775 1.2
-0.745048443395121 0.02169418695587775 1.6
-0.7450484433951208 -0.02169418695587812 0.4
-0.7450484433951208 -0.02169418695587812 0.8
-0.7450484433951208 -0.02169418695587812 1.2
-0.7450484433951208 -0.02169418695587812 1.6
-0.7111260466978154 -0.04874639560909123 0.4
-0.7111260466978154 -0.04874639560909123 0.8
-0.7111260466978154 -0.04874639560909123 1.2
-0.7111260466978154 -0.04874639560909123 1.6
-0.6688255099070632 -0.03909157412340147 0.4
-0.6688255099070632 -0.03909157412340147 0.8
-0.6688255099070632 -0.03909157412340147 1.2
-0.6688255099070632 -0.03909157412340147 1.6
-0.654951556604879 0.0216941869558779 0.4
-0.6688255099070634 0.03909157412340154 0.2
-0.6549515566048791 0.02169418695587793 0.2
-0.654951556604879 0.0216941869558779 0.8
-0.6688255099070634 0.03909157412340154 0.6000000000000001
-0.6549515566048791 0.02169418695587792 0.6000000000000001
-0.654951556604879 0.0216941869558779 1.2
-0.6688255099070634 0.03909157412340154 1
-0.6549515566048791 0.02169418695587792 1
-0.654951556604879 0.0216941869558779 1.6
-0.6688255099070634 0.03909157412340154 1.4
-0.6549515566048791 0.02169418695587792 1.4
-0.6688255099070634 0.03909157412340154 1.8
-0.6549515566048791 0.02169418695587793 1.8
-0.6888739533021844 0.04874639560909122 0.4
-0.7111260466978158 0.04874639560909116 0.2
-0.6888739533021843 0.04874639560909122 0.2
-0.6888739533021844 0.04874639560909122 0.8
-0.7111260466978158 0.04874639560909116 0.6000000000000001
-0.6888739533021844 0.04874639560909123 0.6000000000000001
-0.6888739533021844 0.04874639560909122 1.2
-0.7111260466978158 0.04874639560909116 1
-0.6888739533021844 0.04874639560909123 1
-0.6888739533021844 0.04874639560909122 1.6
-0.7111260466978158 0.04874639560909116 1.4
-0.6888739533021844 0.04874639560909123 1.4
-0.7111260466978158 0.04874639560909116 1.8
-0.6888739533021843 0.04874639560909122 1.8
-0.7311744900929368 0.03909157412340142 0.4
-0.745048443395121 0.02169418695587775 0.2
-0.7311744900929368 0.03909157412340142 0.2
-0.7311744900929368 0.03909157412340142 0.8
-0.745048443395121 0.02169418695587775 0.6000000000000001
-0.7311744900929368 0.03909157412340142 0.6000000000000001
-0.7311744900929368 0.03909157412340142 1.2
-0.745048443395121 0.02169418695587775 1
-0.7311744900929368 0.03909157412340142 1
-0.7311744900929368 0.03909157412340142 1.6
-0.745048443395121 0.02169418695587775 1.4
-0.7311744900929368 0.03909157412340142 1.4
-0.745048443395121 0.02169418695587775 1.8
-0.7311744900929368 0.03909157412340142 1.8
-0.75 -1.937171126634163e-16 0.4
-0.7450484433951208 -0.02169418695587812 0.2
-0.75 -2.051053012326609e-16 0.2
-0.75 -1.937171126634163e-16 0.8
-0.7450484433951208 -0.02169418695587812 0.6000000000000001
-0.75 -1.940030709864094e-16 0.6000000000000001
-0.75 -1.937171126634163e-16 1.2
-0.7450484433951208 -0.02169418695587812 1
-0.75 -1.940030709864094e-16 1
-0.75 -1.937171126634163e-16 1.6
-0.7450484433951208 -0.02169418695587812 1.4
-0.75 -1.940030709864094e-16 1.4
-0.7450484433951208 -0.02169418695587812 1.8
-0.75 -2.044114118422702e-16 1.8
-0.7311744900929364 -0.0390915741234016 0.4
-0.7111260466978154 -0.04874639560909124 0.2
-0.7311744900929364 -0.03909157412340161 0.2
-0.7311744900929364 -0.0390915741234016 0.8
-0.7111260466978154 -0.04874639560909124 0.6000000000000001
-0.7311744900929364 -0.0390915741234016 0.6000000000000001
-0.7311744900929364 -0.0390915741234016 1.2
-0.7111260466978154 -0.04874639560909124 1
-0.7311744900929364 -0.0390915741234016 1
-0.7311744900929364 -0.0390915741234016 1.6
-0.7111260466978154 -0.04874639560909124 1.4
-0.7311744900929364 -0.0390915741234016 1.4
-0.7111260466978154 -0.04874639560909124 1.8
-0.7311744900929364 -0.03909157412340161 1.8
-0.6888739533021841 -0.04874639560909116 0.4
-0.6688255099070632 -0.03909157412340147 0.2
-0.6888739533021841 -0.04874639560909117 0.2
-0.6888739533021841 -0.04874639560909116 0.8
-0.6688255099070632 -0.03909157412340147 0.6000000000000001
-0.6888739533021841 -0.04874639560909118 0.6000000000000001
-0.6888739533021841 -0.04874639560909116 1.2
-0.6688255099070632 -0.03909157412340147 1
-0.6888739533021841 -0.04874639560909118 1
-0.6888739533021841 -0.04874639560909116 1.6
-0.6688255099070632 -0.03909157412340147 1.4
-0.6888739533021841 -0.04874639560909118 1.4
-0.6688255099070632 -0.03909157412340147 1.8
-0.6888739533021841 -0.04874639560909117 1.8
-0.654951556604879 -0.02169418695587788 0.4
-0.654951556604879 -0.0216941869558779 0.2
-0.654951556604879 -0.02169418695587788 0.8
-0.654951556604879 -0.02169418695587788 0.6000000000000001
-0.654951556604879 -0.02169418695587788 1.2
-0.654951556604879 -0.02169418695587788 0.9999999999999999
-0.654951556604879 -0.02169418695587788 1.6
-0.654951556604879 -0.02169418695587788 1.4
-0.654951556604879 -0.0216941869558779 1.8
2 35 0 117
5006
5007
5008
5009
5010
5011
5012
5013
5014
5015
5016
5017
5018
5019
5020
5021
5022
5023
5024
5025
5026
5027
5028
5029
5030
5031
5032
5033
5034
5035
5036
5037
5038
5039
5040
5041
5042
5043
5044
5045
5046
5047
5048
5049
5050
5051
5052
5053
5054
5055
5056
5057
5058
5059
5060
5061
5062
5063
5064
5065
5066
5067
5068
5069
5070
5071
5072
5073
5074
5075
5076
5077
5078
5079
5080
5081
5082
5083
5084
5085
5086
5087
5088
5089
5090
5091
5092
5093
5094
5095
5096
5097
5098
5099
5100
5101
5102
5103
5104
5105
5106
5107
5108
5109
5110
5111
5112
5113
5114
5115
5116
5117
5118
5119
5120
5121
5122
-0.3688255099070634 -0.3609084258765985 0.4
-0.3688255099070634 -0.3609084258765985 0.8
-0.3688255099070634 -0.3609084258765985 1.2
-0.3688255099070634 -0.3609084258765985 1.6
-0.4111260466978158 -0.3512536043909089 0.4
-0.4111260466978158 -0.3512536043909089 0.8
-0.4111260466978158 -0.3512536043909089 1.2
-0.4111260466978158 -0.3512536043909089 1.6
-0.4450484433951211 -0.3783058130441223 0.4
-0.4450484433951211 -0.3783058130441223 0.8
-0.4450484433951211 -0.3783058130441223 1.2
-0.4450484433951211 -0.3783058130441223 1.6
-0.4450484433951209 -0.4216941869558781 0.4
-0.4450484433951209 -0.4216941869558781 0.8
-0.4450484433951209 -0.4216941869558781 1.2
-0.4450484433951209 -0.4216941869558781 1.6
-0.4111260466978156 -0.4487463956090912 0.4
-0.4111260466978156 -0.4487463956090912 0.8
-0.4111260466978156 -0.4487463956090912 1.2
-0.4111260466978156 -0.4487463956090912 1.6
-0.3688255099070633 -0.4390915741234015 0.4
-0.3688255099070633 -0.4390915741234015 0.8
-0.3688255099070633 -0.4390915741234015 1.2
-0.3688255099070633 -0.4390915741234015 1.6
-0.3549515566048791 -0.3783058130441221 0.4
-0.3688255099070634 -0.3609084258765985 0.2
-0.3549515566048791 -0.3783058130441221 0.2
-0.3549515566048791 -0.3783058130441221 0.8
-0.3688255099070634 -0.3609084258765985 0.6000000000000001
-0.3549515566048791 -0.3783058130441221 0.6000000000000001
-0.3549515566048791 -0.3783058130441221 1.2
-0.3688255099070634 -0.3609084258765985 1
-0.3549515566048791 -0.3783058130441221 1
-0.3549515566048791 -0.3783058130441221 1.6
-0.3688255099070634 -0.3609084258765985 1.4
-0.3549515566048791 -0.3783058130441221 1.4
-0.3688255099070634 -0.3609084258765985 1.8
-0.3549515566048791 -0.3783058130441221 1.8
-0.3888739533021843 -0.3512536043909088 0.4
-0.4111260466978158 -0.3512536043909089 0.2
-0.3888739533021844 -0.3512536043909088 0.2
-0.3888739533021843 -0.3512536043909088 0.8
-0.4111260466978158 -0.3512536043909089 0.6000000000000001
-0.3888739533021843 -0.3512536043909088 0.6000000000000001
-0.3888739533021843 -0.3512536043909088 1.2
-0.4111260466978158 -0.3512536043909089 1
-0.3888739533021843 -0.3512536043909088 1
-0.3888739533021843 -0.3512536043909088 1.6
-0.4111260466978158 -0.3512536043909089 1.4
-0.3888739533021843 -0.3512536043909088 1.4
-0.4111260466978158 -0.3512536043909089 1.8
-0.3888739533021844 -0.3512536043909088 1.8
-0.4311744900929368 -0.3609084258765986 0.4
-0.4450484433951211 -0.3783058130441223 0.2
-0.4311744900929368 -0.3609084258765987 0.2
-0.4311744900929368 -0.3609084258765986 0.8
-0.4450484433951211 -0.3783058130441223 0.6000000000000001
-0.4311744900929368 -0.3609084258765987 0.6000000000000001
-0.4311744900929368 -0.3609084258765986 1.2
-0.4450484433951211 -0.3783058130441223 1
-0.4311744900929368 -0.3609084258765987 1
-0.4311744900929368 -0.3609084258765986 1.6
-0.4450484433951211 -0.3783058130441223 1.4
-0.4311744900929368 -0.3609084258765987 1.4
-0.4450484433951211 -0.3783058130441223 1.8
-0.4311744900929368 -0.3609084258765987 1.8
-0.45 -0.4000000000000002 0.4
-0.4450484433951209 -0.4216941869558781 0.2
-0.45 -0.4000000000000002 0.2
-0.45 -0.4000000000000002 0.8
-0.4450484433951209 -0.4216941869558781 0.6000000000000001
-0.45 -0.4000000000000002 0.6000000000000001
-0.45 -0.4000000000000002 1.2
-0.4450484433951209 -0.4216941869558781 1
-0.45 -0.4000000000000002 1
-0.45 -0.4000000000000002 1.6
-0.4450484433951209 -0.4216941869558781 1.4
-0.45 -0.4000000000000002 1.4
-0.4450484433951209 -0.4216941869558781 1.8
-0.45 -0.4000000000000002 1.8
-0.4311744900929366 -0.4390915741234016 0.4
-0.4111260466978156 -0.4487463956090912 0.2
-0.4311744900929366 -0.4390915741234017 0.2
-0.4311744900929366 -0.4390915741234016 0.8
-0.4111260466978156 -0.4487463956090912 0.6000000000000001
-0.4311744900929366 -0.4390915741234017 0.6000000000000001
-0.4311744900929366 -0.4390915741234016 1.2
-0.4111260466978156 -0.4487463956090912 1
-0.4311744900929366 -0.4390915741234017 1
-0.4311744900929366 -0.4390915741234016 1.6
-0.4111260466978156 -0.4487463956090912 1.4
-0.4311744900929366 -0.4390915741234017 1.4
-0.4111260466978156 -0.4487463956090912 1.8
-0.4311744900929366 -0.4390915741234017 1.8
-0.3888739533021842 -0.4487463956090912 0.4
-0.3688255099070633 -0.4390915741234015 0.2
-0.3888739533021842 -0.4487463956090912 0.2
-0.3888739533021842 -0.4487463956090912 0.8
-0.3688255099070633 -0.4390915741234015 0.6000000000000001
-0.3888739533021842 -0.4487463956090912 0.6000000000000001
-0.3888739533021842 -0.4487463956090912 1.2
-0.3688255099070633 -0.4390915741234015 1
-0.3888739533021842 -0.4487463956090912 1
-0.3888739533021842 -0.4487463956090912 1.6
-0.3688255099070633 -0.4390915741234015 1.4
-0.3888739533021842 -0.4487463956090912 1.4
-0.3688255099070633 -0.4390915741234015 1.8
-0.3888739533021842 -0.4487463956090912 1.8
-0.354951556604879 -0.4216941869558779 0.4
-0.354951556604879 -0.4216941869558779 0.2
-0.354951556604879 -0.4216941869558779 0.8
-0.354951556604879 -0.4216941869558779 0.6000000000000001
-0.354951556604879 -0.4216941869558779 1.2
-0.354951556604879 -0.4216941869558779 0.9999999999999999
-0.354951556604879 -0.4216941869558779 1.6
-0.354951556604879 -0.4216941869558779 1.4
-0.354951556604879 -0.4216941869558779 1.8
2 36 0 117
5123
5124
5125
5126
5127
5128
5129
5130
5131
5132
5133
5134
5135
5136
5137
5138
5139
5140
5141
5142
5143
5144
5145
5146
5147
5148
5149
5150
5151
5152
5153
5154
5155
5156
5157
5158
5159
5160
5161
5162
5163
5164
5165
5166
5167
5168
5169
5170
5171
5172
5173
5174
5175
5176
5177
5178
5179
5180
5181
5182
5183
5184
5185
5186
5187
5188
5189
5190
5191
5192
5193
5194
5195
5196
5197
5198
5199
5200
5201
5202
5203
5204
5205
5206
5207
5208
5209
5210
5211
5212
5213
5214
5215
5216
5217
5218
5219
5220
5221
5222
5223
5224
5225
5226
5227
5228
5229
5230
5231
5232
5233
5234
5235
5236
5237
5238
5239
-0.3688255099070634 0.4390915741234016 0.4
-0.3688255099070634 0.4390915741234016 0.8
-0.3688255099070634 0.4390915741234016 1.2
-0.3688255099070634 0.4390915741234016 1.6
-0.4111260466978158 0.4487463956090912 0.4
-0.4111260466978158 0.4487463956090912 0.8
-0.4111260466978158 0.4487463956090912 1.2
-0.4111260466978158 0.4487463956090912 1.6
-0.4450484433951211 0.4216941869558778 0.4
-0.4450484433951211 0.4216941869558778 0.8
-0.4450484433951211 0.4216941869558778 1.2
-0.4450484433951211 0.4216941869558778 1.6
-0.4450484433951209 0.3783058130441219 0.4
-0.4450484433951209 0.3783058130441219 0.8
-0.4450484433951209 0.3783058130441219 1.2
-0.4450484433951209 0.3783058130441219 1.6
-0.4111260466978156 0.3512536043909088 0.4
-0.4111260466978156 0.3512536043909088 0.8
-0.4111260466978156 0.3512536043909088 1.2
-0.4111260466978156 0.3512536043909088 1.6
-0.3688255099070633 0.3609084258765985 0.4
-0.3688255099070633 0.3609084258765985 0.8
-0.3688255099070633 0.3609084258765985 1.2
-0.3688255099070633 0.3609084258765985 1.6
-0.3549515566048791 0.4216941869558779 0.4
-0.3688255099070634 0.4390915741234016 0.2
-0.3549515566048791 0.4216941869558779 0.2
-0.3549515566048791 0.4216941869558779 0.8
-0.3688255099070634 0.4390915741234016 0.6000000000000001
-0.3549515566048791 0.4216941869558779 0.6000000000000001
-0.3549515566048791 0.4216941869558779 1.2
-0.3688255099070634 0.4390915741234016 1
-0.3549515566048791 0.4216941869558779 1
-0.3549515566048791 0.4216941869558779 1.6
-0.3688255099070634 0.4390915741234016 1.4
-0.3549515566048791 0.4216941869558779 1.4
-0.3688255099070634 0.4390915741234016 1.8
-0.3549515566048791 0.4216941869558779 1.8
-0.3888739533021843 0.4487463956090912 0.4
-0.4111260466978158 0.4487463956090912 0.2
-0.3888739533021844 0.4487463956090912 0.2
-0.3888739533021843 0.4487463956090912 0.8
-0.4111260466978158 0.4487463956090912 0.6000000000000001
-0.3888739533021843 0.4487463956090912 0.6000000000000001
-0.3888739533021843 0.4487463956090912 1.2
-0.4111260466978158 0.4487463956090912 1
-0.3888739533021843 0.4487463956090912 1
-0.3888739533021843 0.4487463956090912 1.6
-0.4111260466978158 0.4487463956090912 1.4
-0.3888739533021843 0.4487463956090912 1.4
-0.4111260466978158 0.4487463956090912 1.8
-0.3888739533021844 0.4487463956090912 1.8
-0.4311744900929368 0.4390915741234014 0.4
-0.4450484433951211 0.4216941869558778 0.2
-0.4311744900929368 0.4390915741234014 0.2
-0.4311744900929368 0.4390915741234014 0.8
-0.4450484433951211 0.4216941869558778 0.6000000000000001
-0.4311744900929368 0.4390915741234014 0.6000000000000001
-0.4311744900929368 0.4390915741234014 1.2
-0.4450484433951211 0.4216941869558778 1
-0.4311744900929368 0.4390915741234014 1
-0.4311744900929368 0.4390915741234014 1.6
-0.4450484433951211 0.4216941869558778 1.4
-0.4311744900929368 0.4390915741234014 1.4
-0.4450484433951211 0.4216941869558778 1.8
-0.4311744900929368 0.4390915741234014 1.8
-0.45 0.3999999999999999 0.4
-0.4450484433951209 0.3783058130441219 0.2
-0.45 0.3999999999999998 0.2
-0.45 0.3999999999999999 0.8
-0.4450484433951209 0.3783058130441219 0.6000000000000001
-0.45 0.3999999999999999 0.6000000000000001
-0.45 0.3999999999999999 1.2
-0.4450484433951209 0.3783058130441219 1
-0.45 0.3999999999999999 1
-0.45 0.3999999999999999 1.6
-0.4450484433951209 0.3783058130441219 1.4
-0.45 0.3999999999999999 1.4
-0.4450484433951209 0.3783058130441219 1.8
-0.45 0.3999999999999998 1.8
-0.4311744900929366 0.3609084258765984 0.4
-0.4111260466978156 0.3512536043909088 0.2
-0.4311744900929366 0.3609084258765984 0.2
-0.4311744900929366 0.3609084258765984 0.8
-0.4111260466978156 0.3512536043909088 0.6000000000000001
-0.4311744900929366 0.3609084258765985 0.6000000000000001
-0.4311744900929366 0.3609084258765984 1.2
-0.4111260466978156 0.3512536043909088 1
-0.4311744900929366 0.3609084258765985 1
-0.4311744900929366 0.3609084258765984 1.6
-0.4111260466978156 0.3512536043909088 1.4
-0.4311744900929366 0.3609084258765985 1.4
-0.4111260466978156 0.3512536043909088 1.8
-0.4311744900929366 0.3609084258765984 1.8
-0.3888739533021842 0.3512536043909089 0.4
-0.3688255099070633 0.3609084258765985 0.2
-0.3888739533021842 0.3512536043909089 0.2
-0.3888739533021842 0.3512536043909089 0.8
-0.3688255099070633 0.3609084258765985 0.6000000000000001
-0.3888739533021842 0.3512536043909089 0.6000000000000001
-0.3888739533021842 0.3512536043909089 1.2
-0.3688255099070633 0.3609084258765985 1
-0.3888739533021842 0.3512536043909089 1
-0.3888739533021842 0.3512536043909089 1.6
-0.3688255099070633 0.3609084258765985 1.4
-0.3888739533021842 0.3512536043909089 1.4
-0.3688255099070633 0.3609084258765985 1.8
-0.3888739533021842 0.3512536043909089 1.8
-0.354951556604879 0.3783058130441221 0.4
-0.354951556604879 0.3783058130441221 0.2
-0.354951556604879 0.3783058130441221 0.8
-0.354951556604879 0.3783058130441221 0.6000000000000001
-0.354951556604879 0.3783058130441221 1.2
-0.354951556604879 0.3783058130441221 0.9999999999999999
-0.354951556604879 0.3783058130441221 1.6
-0.354951556604879 0.3783058130441221 1.4
-0.354951556604879 0.3783058130441221 1.8
2 37 0 492
5240
5241
5242
5243
5244
5245
5246
5247
5248
5249
5250
5251
5252
5253
5254
5255
5256
5257
5258
5259
5260
5261
5262
5263
5264
5265
5266
5267
5268
5269
5270
5271
5272
5273
5274
5275
5276
5277
5278
5279
5280
5281
5282
5283
5284
5285
5286
5287
5288
5289
5290
5291
5292
5293
5294
5295
5296
5297
5298
5299
5300
5301
5302
5303
5304
5305
5306
5307
5308
5309
5310
5311
5312
5313
5314
5315
5316
5317
5318
5319
5320
5321
5322
5323
5324
5325
5326
5327
5328
5329
5330
5331
5332
5333
5334
5335
5336
5337
5338
5339
5340
5341
5342
5343
5344
5345
5346
5347
5348
5349
5350
5351
5352
5353
5354
5355
5356
5357
5358
5359
5360
5361
5362
5363
5364
5365
5366
5367
5368
5369
5370
5371
5372
5373
5374
5375
5376
5377
5378
5379
5380
5381
5382
5383
5384
5385
5386
5387
5388
5389
5390
5391
5392
5393
5394
5395
5396
5397
5398
5399
5400
5401
5402
5403
5404
5405
5406
5407
5408
5409
5410
5411
5412
5413
5414
5415
5416
5417
5418
5419
5420
5421
5422
5423
5424
5425
5426
5427
5428
5429
5430
5431
5432
5433
5434
5435
5436
5437
5438
5439
5440
5441
5442
5443
5444
5445
5446
5447
5448
5449
5450
5451
5452
5453
5454
5455
5456
5457
5458
5459
5460
5461
5462
5463
5464
5465
5466
5467
5468
5469
5470
5471
5472
5473
5474
5475
5476
5477
5478
5479
5480
5481
5482
5483
5484
5485
5486
5487
5488
5489
5490
5491
5492
5493
5494
5495
5496
5497
5498
5499
5500
5501
5502
5503
5504
5505
5506
5507
5508
5509
5510
5511
5512
5513
5514
5515
5516
5517
5518
5519
5520
5521
5522
5523
5524
5525
5526
5527
5528
5529
5530
5531
5532
5533
5534
5535
5536
5537
5538
5539
5540
5541
5542
5543
5544
5545
5546
5547
5548
5549
5550
5551
5552
5553
5554
5555
5556
5557
5558
5559
5560
5561
5562
5563
5564
5565
5566
5567
5568
5569
5570
5571
5572
5573
5574
5575
5576
5577
5578
5579
5580
5581
5582
5583
5584
5585
5586
5587
5588
5589
5590
5591
5592
5593
5594
5595
5596
5597
5598
5599
5600
5601
5602
5603
5604
5605
5606
5607
5608
5609
5610
5611
5612
5613
5614
5615
5616
5617
5618
5619
5620
5621
5622
5623
5624
5625
5626
5627
5628
5629
5630
5631
5632
5633
5634
5635
5636
5637
5638
5639
5640
5641
5642
5643
5644
5645
5646
5647
5648
5649
5650
5651
5652
5653
5654
5655
5656
5657
5658
5659
5660
5661
5662
5663
5664
5665
5666
5667
5668
5669
5670
5671
5672
5673
5674
5675
5676
5677
5678
5679
5680
5681
5682
5683
5684
5685
5686
5687
5688
5689
5690
5691
5692
5693
5694
5695
5696
5697
5698
5699
5700
5701
5702
5703
5704
5705
5706
5707
5708
5709
5710
5711
5712
5713
5714
5715
5716
5717
5718
5719
5720
5721
5722
5723
5724
5725
5726
5727
5728
5729
5730
5731
-0.4825042556338404 -0.10610243810746 2
-0.4482846971012716 0.1076020315455443 2
-0.6689577542826726 0.2512831274438344 2
-0.6912427284110322 -0.2566272328146975 2
-0.3522082280382278 0.2218932071525733 2
-0.1904201587087785 0.2919582970543404 2
-0.3610126431873214 -0.2122149680494833 2
-0.1641423466776162 -0.2332782434093446 2
-0.5343187212665309 0.08582822527721269 2
-0.4751438399363516 0.2308273829848845 2
-0.6263760159760881 -0.4398067565887822 2
-0.5581082882173914 -0.5562377411480508 2
-0.4235770893501428 -0.6239998167993116 2
-0.657459734213576 0.3927689349433086 2
-0.5667989240964217 0.544710890914698 2
-0.5863408222041703 -0.09186307295965911 2
-0.4581438974773513 -0.001028699142736365 2
-0.2579708562562092 0.04879292628879768 2
-0.5055494280131955 -0.2888405440734373 2
-0.1542629496185595 -0.5312468133044171 2
-0.1496404108239034 0.5296223758665103 2
-0.7218119091446031 -0.1577776997828252 2
-0.8042452064017368 -0.1241262136909282 2
-0.6804815876640364 0.138481887556388 2
-0.78564051925005 0.1704892093166699 2
-0.5173089758082381 0.1530518249002649 2
-0.2161575114430912 -0.06723492823740729 2
-0.5911418734344915 -0.008119791817296522 2
-0.32413731089715 -0.04446362330177246 2
-0.4778172309349075 0.2885176732452524 2
-0.3758496007180444 0.2765084735462208 2
-0.2658526132162371 -0.4876880303488356 2
-0.2625229954822988 0.4858261014759317 2
-0.6178323081400852 0.08141358236657216 2
-0.3628181495207931 -0.2570449108505339 2
-0.2708814971200552 0.3414352869803697 2
-0.2274080944097679 -0.310871782401445 2
-0.3266105029329091 0.1334758947125715 2
-0.2448325960294599 0.2067229070651386 2
-0.4551679049060397 -0.3204244506243824 2
-0.6194113024630619 -0.0454647839998133 2
-0.4954636789620882 0.04952068841433455 2
-0.4259079185288514 0.6203821439250057 2
-0.4074378376790687 0.1942160968686229 2
-0.3829992576864089 0.03987584751894952 2
-0.6552682972235218 0.115651703574511 2
-0.8377240041288041 0.01419792616311445 2
-0.5514351519595548 0.2800845216224046 2
-0.619366312617098 0.02604861213769476 2
-0.4278313985004308 -0.261258238139034 2
-0.6444957021492108 -0.1305650385488708 2
-0.7133327045402633 -0.08250222086285044 2
-0.5311580465526569 -0.0352966825343797 2
-0.3022443804835784 0.2685802749412043 2
-0.1991772773195078 -0.6916457558608669 2
-0.1982189358539138 0.6906504684191282 2
-0.420681740947674 0.2497984381660759 2
-0.5232158045256681 -0.2143114437009691 2
-0.5029708676380737 0.1154468138188348 2
-0.5685233562509946 0.1223135378160777 2
-0.6025904987997648 0.1707636384393862 2
-0.3626909226175976 -0.1123507978077774 2
-0.2979788003906759 -0.2681080457502245 2
-0.1270195326920372 -0.01408921009124946 2
-0.4791046568749719 -0.4687280661215582 2
-0.486961723560446 0.4594947838004952 2
-0.5503240123059049 -0.1493533219490392 2
-0.5195503227420077 0.3693474548544154 2
-0.1535550488690522 0.3958782653722259 2
-0.5002013910231548 -0.3846013745035846 2
-0.169044353120163 -0.3997169488453201 2
-0.7328529036950759 0.09631869606754019 2
-0.7595645979304206 -0.05623186276814621 2
-0.4629277541188013 0.1742196077113924 2
-0.3134024317432789 -0.5833487152187105 2
-0.3127743226209591 0.5817412012411858 2
-0.5392651609135286 0.2088159425233869 2
-0.5331333944080477 0.02184309587483649 2
-0.4293806958803625 -0.1828463014270971 2
-0.3408363057130169 0.3154547320615927 2
-0.1205016244569937 0.2443034631399419 2
-0.4174551954960406 -0.3110910841254804 2
-0.2855082058904166 -0.1820738885176435 2
-0.3229907930399866 -0.4644376876938197 2
-0.3212848253260267 0.4636769554551724 2
-0.3194809833557002 -0.3083604284379139 2
-0.7663700099015442 0.01878109481999108 2
-0.1303474914041853 -0.150304995361198 2
-0.6147214572473524 -0.3011109107378416 2
-0.6561862517746349 -0.07451885926506224 2
-0.3958667218666169 0.1451753449327314 2
-0.4241656950704745 0.2998620276295542 2
-0.316535782852597 0.3500071464176945 2
-0.4206016975424495 0.5011140523991744 2
-0.4182060233821046 -0.5044057019191741 2
-0.3766295635629051 -0.02520616274804204 2
-0.2959862334032559 -0.3465989497236304 2
-0.5837722767600553 -0.2344643924052964 2
-0.3166235676897496 0.01438283853121625 2
-0.6154799455521552 -0.1922569167991856 2
-0.1489396598968324 0.1181101613831522 2
-0.2543166859641002 0.4067953447369935 2
-0.3527360161448125 -0.48477383303438 2
-0.3528909164379663 0.4844420048599936 2
-0.470848456704938 0.3307211953855567 2
-0.2696044788839401 -0.4112893800649436 2
-0.4189676742184695 -0.05934218764907011 2
-0.3900361317101185 0.3101183945141185 2
-0.62111869387305 0.008379051546803207 2
-0.3641735130940928 -0.3085023774283558 2
-0.580676516251121 0.04572970377513656 2
-0.4556715282071677 -0.3434218100547121 2
-0.6433289090235743 0.06025257824498685 2
-0.5992544121956032 0.06357164307085436 2
-0.6000214144341095 0.03588915795641566 2
-0.6440959112620805 0.03257009313054816 2
-0.6216751617288419 0.04807086810070126 2
-0.5683324172550376 -0.1206081974543492 2
-0.5829019789290301 -0.1708051193741124 2
-0.6299878238506831 -0.1614109776740282 2
-0.6154182621766905 -0.1112140557542649 2
-0.5991601205528603 -0.1410095875641887 2
-0.4768037882197197 0.02424599463579909 2
-0.4946509720150041 -0.01816269083855803 2
-0.5321457204803524 -0.0067267933297716 2
-0.514298536685068 0.03568189214458552 2
-0.5044747543500361 0.008759600653013747 2
-0.5068311510932486 -0.07069956032091984 2
-0.5164141339698727 -0.1277278800282496 2
-0.5587494343784136 -0.0635798777470194 2
-0.537581784174143 -0.09565387888763452 2
-0.6052765879487767 -0.02679228790855491 2
-0.5611499599935743 -0.02170823717583811 2
-0.602876062333616 -0.06866392847973621 2
-0.5820130111635952 -0.04518608282778715 2
-0.4140597893133713 0.2220072675173494 2
-0.3982656708328592 0.2631534558561484 2
-0.3640289143781361 0.2492008403493971 2
-0.3798230328586483 0.2080546520105981 2
-0.3890443518457538 0.2356040539333732 2
-0.5282870683608833 0.1809338837118259 2
-0.5072045004249401 0.2198216627541357 2
-0.4690357970275764 0.2025234953481385 2
-0.4901183649635197 0.1636357163058287 2
-0.4986614326942299 0.1917286895299822 2
-0.4660050834777835 0.4405944853781865 2
-0.4537817105514478 0.4803044180998348 2
-0.4158638721201326 0.4749302240041328 2
-0.4424781003221923 0.4596979961116182 2
-0.41466603503996 -0.4765760487641327 2
-0.4486553401285382 -0.4865668840203661 2
-0.4620765501350464 -0.4452111265387181 2
-0.4399149151107374 -0.462829229071884 2
-0.3394093654855684 0.1776845509325724 2
-0.327226304260903 0.2452367410468888 2
-0.2735384882565192 0.2376515910031714 2
-0.2857215494811846 0.170099400888855 2
-0.3064739268710438 0.2076680709678719 2
-0.5931778321955399 0.1018635600913249 2
-0.5514210387587628 0.1040708815466452 2
-0.557497618758826 0.06577896452617463 2
-0.5753377254771829 0.08382126230874977 2
-0.736448651235342 -0.06936704181549833 2
-0.7523065206627708 -0.03896302486201217 2
-0.7122293756190394 -0.06562430823597086 2
-0.7338115706641393 -0.05422930796945 2
-0.3434141167573738 -0.07840721055477495 2
-0.2701474111701206 -0.05584927576958987 2
-0.2508328586667539 -0.1246544083775254 2
-0.3240995642540071 -0.1472123431627105 2
-0.2971234877120638 -0.1015308094661501 2
-0.2248252762840164 -0.207676065963494 2
-0.1732525014236383 -0.1087699617993026 2
-0.1472449190409008 -0.1917916193852713 2
-0.1990388888538274 -0.1582230138813983 2
-0.4718741880316799 0.07856135997993942 2
-0.5148912001143096 0.06767445684577361 2
-0.5186447944523023 0.1006375195480237 2
-0.4756277823696727 0.1115244226821895 2
-0.4952594912419911 0.08959943976398158 2
-0.6831971719606688 0.0821990495918011 2
-0.6365503026818035 0.0985326429705416 2
-0.6627121279919939 0.07363951928981641 2
-0.4479127904420128 0.2403129105754802 2
-0.435182795898935 0.1842178522900076 2
-0.4415477931704739 0.2122653814327439 2
-0.361238612399763 0.1393256198226514 2
-0.4016522797728428 0.1696957209006771 2
-0.3705308226292056 0.1736901359166248 2
-0.7557092266483326 0.02023764088793443 2
-0.7496114567983101 0.05754989544376564 2
-0.7219894751964459 0.0725325458383157 2
-0.7403929734456234 0.04832073478358355 2
-0.4156419773938402 0.0737389395322469 2
-0.4205715775818801 0.01942357418810658 2
-0.44622288280678 0.048992467084023 2
-0.4220757094839442 0.1263886882391378 2
-0.354804880309659 0.08667587111576051 2
-0.3884402948968017 0.1065322796774492 2
-0.4963534213126366 0.5825465174198519 2
-0.4232548080356505 0.56074809816209 2
-0.5268803238284339 0.5021028373575965 2
-0.4750675659320422 0.5314254677598433 2
-0.5186064725461816 -0.5124829036348045 2
-0.4208915563661236 -0.5642027593592428 2
-0.4908426887837671 -0.5901187789736811 2
-0.4697490144561527 -0.5383428314970237 2
-0.5885050284777918 0.381058194898862 2
-0.6121293291549988 0.4687399129290034 2
-0.5032560231512269 0.4144211193274553 2
-0.5576926761531129 0.4415805161282293 2
-0.4896530239490633 -0.4266647203125714 2
-0.5922421520967397 -0.4980222488684165 2
-0.5632887034996215 -0.4122040655461834 2
-0.5409475880229015 -0.462343484590494 2
-0.6503409769619228 -0.1025419489069665 2
-0.6377987771188482 -0.05999182163243777 2
-0.6266085196477694 -0.08560293869335134 2
-0.4556062256100364 0.1409108196284683 2
-0.4286292526914396 0.1553032702645727 2
-0.07677752443452612 0.3646057993527796 2
-0.06025081222849688 0.2888183982366376 2
-0.1554608915828861 0.2681308800971412 2
-0.1719876037889154 0.3439182812132831 2
-0.1161192080087061 0.3163683397249604 2
-0.4803586664596176 -0.3046324973489098 2
-0.4554197165566037 -0.3319231303395472 2
-0.4779364596151612 -0.3640115922791484 2
-0.5028754095181751 -0.336720959288511 2
-0.4791475630373894 -0.3343220448140291 2
-0.7629673039159824 -0.01872538397407756 2
-0.7564836519579912 -0.009362691987038886 2
-0.4743328438199227 0.3096194343154046 2
-0.5146261914472311 0.2843010974338285 2
-0.5354927373507813 0.32471598823841 2
-0.4951993897234729 0.3500343251199861 2
-0.504912790585352 0.3171677112769073 2
-0.4764805354356295 0.2596725281150685 2
-0.5453501564365417 0.2444502320728957 2
-0.5109153459360856 0.2520613800939822 2
-0.7065273187778176 -0.2072024662987614 2
-0.683153805646907 -0.144171369165848 2
-0.6533613369815937 -0.2244420748069416 2
-0.6682575713142503 -0.1843067219863948 2
-0.5101399217231559 0.1342493193595499 2
-0.4828730736665962 0.1375800694940091 2
-0.620242503245074 0.01721383184224898 2
-0.6355593469365249 0.004189525773401603 2
-0.6375970299249765 0.01945400939906346 2
-0.3203804392934498 -0.01504039238527811 2
-0.2872972119729794 0.03158788241000696 2
-0.2370641838496502 -0.009221000974304802 2
-0.27872231157155 -0.01213069667979145 2
-0.07713147480927979 -0.5434011844299863 2
-0.09958863865975387 -0.7347117668193223 2
-0.1767201134690337 -0.6114462845826419 2
-0.0883600567345168 -0.6390564756246543 2
-0.1739296733389086 0.6101364221428193 2
-0.09910946792695691 0.734214123098453 2
-0.07482020541195172 0.5425889657110329 2
-0.08696483666945432 0.6384015444047429 2
-0.5996261111561052 -0.213360654602241 2
-0.5367699084157864 -0.1818323828250042 2
-0.5534940406428617 -0.2243879180531328 2
-0.5681980097859458 -0.1975965187136226 2
-0.8020470070151742 0.01648951049155277 2
-0.811682261689427 0.09234356773989219 2
-0.759246711472563 0.1334039526921051 2
-0.7806468592438685 0.07494673159182891 2
-0.7819049021660787 -0.09017903822953723 2
-0.8209846052652705 -0.0549641437639069 2
-0.7919759545906264 -0.03684476386899222 2
-0.4666904132568132 -0.2750493911062357 2
-0.4226432969982357 -0.2861746611322573 2
-0.4363115502010402 -0.3157577673749314 2
-0.4515009817289267 -0.2954035792405835 2
-0.6347056512315308 -0.02273239199990665 2
-0.662505880840849 -0.05680521669423187 2
-0.6463751668618636 -0.04084300429415785 2
-0.3607807630259379 -0.4619327035788908 2
-0.3364953965199933 -0.4322188438469098 2
-0.3378634045923996 -0.4746057603640998 2
-0.3464074805986394 -0.4481499736599889 2
-0.3370878708819965 0.474059480157583 2
-0.3356424126630134 0.4318384777275862 2
-0.3608582131725149 0.4617667894916976 2
-0.3460197137434378 0.4478768335567305 2
-0.6061302836537708 0.000129629864753342 2
-0.6204179674426509 -0.01130138106757665 2
-0.5429161660296163 0.1376826813581713 2
-0.5307804802409594 0.1191601004530975 2
-0.450991463002691 0.2941898504374033 2
-0.4224237180090742 0.274830232897815 2
-0.4494521267223519 0.2672513805064417 2
-0.7175723068424332 -0.1201399603228378 2
-0.6847594781574491 -0.07851054006395634 2
-0.683956641902178 -0.1113409546149021 2
-0.6868167157298166 -0.06362846783652376 2
-0.06517374570209267 -0.1307080532361546 2
-0.08207117333880809 -0.2833057883713389 2
-0.07362245952045038 -0.2070069208037468 2
-0.450735964926155 -0.08272231287826504 2
-0.4385557858479104 -0.03018544339590324 2
-0.4726934684705795 -0.05044250185841154 2
-0.1715885220675642 -0.04066206916432838 2
-0.06350976634601863 -0.0626001606011803 2
-0.1183811338848285 -0.08568506120024147 2
-0.5709278298566467 0.1897897904813865 2
-0.6357741265412187 0.2110233829416103 2
-0.6101964531211137 0.2656838245331195 2
-0.5905621414888802 0.227736807507253 2
-0.2865629388018168 0.305007780960787 2
-0.2306508279144169 0.3166967920173551 2
-0.2176263773691192 0.2493406020597395 2
-0.252094658085468 0.2771741915102633 2
-0.4031302608576166 -0.773939674655299 2
-0.3684897605467108 -0.603674266009011 2
-0.2562898545313933 -0.6374972355397887 2
-0.2909303548422991 -0.8077626441860767 2
-0.329710057694505 -0.7057184550975438 2
-0.2904511841095025 0.8072650004652072 2
-0.2554966292374364 0.636195834830157 2
-0.3693411205749053 0.6010616725830957 2
-0.4042956754469713 0.7721308382181459 2
-0.3298961523422039 0.7041633365241514 2
-0.3854710197634585 -0.494589767476777 2
-0.3871724865328214 -0.4716680815429341 2
-0.386746306990208 0.492778028629584 2
-0.3878101301461961 0.4707622121193376 2
-0.5859091948428063 0.01880495597892002 2
-0.6030758490439401 0.0180093939105845 2
-0.3953247740106119 -0.259151574494784 2
-0.4286060471903966 -0.2220522697830656 2
-0.395196669533842 -0.1975306347382902 2
-0.3619153963540573 -0.2346299394500086 2
-0.3952607217722269 -0.2283411046165371 2
-0.323260424538869 -0.1971444282835633 2
-0.39603580924898 -0.1475985496174373 2
-0.3596481168939245 -0.1723714889505003 2
-0.5855569275253797 0.1465385881277319 2
-0.5569219979431315 0.1637362359197789 2
-0.3583429532155307 0.2959816028039068 2
-0.3215403430982977 0.2920175035013985 2
-0.3427846287382169 0.2706091719253978 2
-0.5143826162694318 -0.2515759938872033 2
-0.4762982502030153 -0.1985788725640331 2
-0.4714943317299142 -0.2368141318351344 2
-0.4559424757571015 -0.1444743697672785 2
-0.496356192086444 -0.1631533762961413 2
-0.2917435031405463 -0.225090967133934 2
-0.3303984749557345 -0.2625764783003792 2
-0.3268294497473018 -0.2298604532919713 2
-0.1968861279631462 0.1624165342241454 2
-0.2034552580765208 0.08345154383597495 2
-0.2922906795945592 0.0911344105006846 2
-0.2445884037788527 0.126775472362415 2
-0.195775220543692 -0.2720750129053948 2
-0.2626934474002219 -0.2894899140758347 2
-0.2437593618421192 -0.2485829900196644 2
-0.379814410624657 0.00733484238545374 2
-0.3977986188906873 -0.04227417519855607 2
-0.4091850982362837 -0.01142530050522475 2
-0.3908292984180335 -0.08584649272842378 2
-0.4233858870875675 -0.1151604312478512 2
-0.4822993830685643 0.3738266339492687 2
-0.4409872517013768 0.3409873998882327 2
-0.4631869399082047 0.3554713754982922 2
-0.1379795962944348 0.05201047564595136 2
-0.1875218900720425 0.02139473733582328 2
-0.4176458708841451 0.3255578160102315 2
-0.4459893573520339 0.317588625162818 2
-0.3098022394419701 -0.4056446900324718 2
-0.3324058716551596 -0.3537536878001145 2
-0.282795356143598 -0.378944164894287 2
-0.3188734563742385 -0.3786249889692045 2
-0.3498114126880793 0.02712934302508289 2
-0.3210510461413192 0.05913187676288374 2
-0.4333987874524918 -0.3473377072228105 2
-0.4726249172091379 -0.3814535937738534 2
-0.454555474854049 -0.3624600090778735 2
-0.3548309078100401 0.3381815789690957 2
-0.3829428662140815 0.2933134340301697 2
-0.3794308208085909 0.3355134101953586 2
-0.3688868870120608 0.3157475064996327 2
-0.4142906210969282 -0.3311723442581946 2
-0.3908143542950667 -0.3097967307769181 2
-0.3664995115005781 -0.3347054016524771 2
-0.3898441537986255 -0.3305251675839135 2
-0.4071009133902965 0.3049902110718364 2
-0.3979874333462404 0.3281219077313726 2
-0.5569049553295844 0.03378639982498653 2
-0.535898077721947 0.05073042833538008 2
-0.3332678914262985 0.3750035732088473 2
-0.328686044282807 0.3327309392396436 2
-0.3418188004438431 0.3555183761418829 2
-0.1515977298464778 0.4627503206193681 2
-0.2039358674165762 0.4013368050546097 2
-0.2584198407231995 0.4463107231064626 2
-0.2060817031531011 0.507724238671221 2
-0.2050087852848387 0.4545305218629154 2
-0.6289293980116433 0.1432076710069486 2
-0.6678749424437791 0.1270667955654495 2
-0.6747196709733545 0.1948825075001112 2
-0.6518245344924989 0.1690450892535299 2
-0.5590274576615794 0.006039081324574209 2
-0.2100577814173983 -0.5094674218266264 2
-0.2677285460500886 -0.4494887052068896 2
-0.2193244160020515 -0.4055031644551318 2
-0.1616536513693613 -0.4654818810748686 2
-0.2146910987097249 -0.4574852931408791 2
-0.6110536151035916 0.1225356155491368 2
-0.07446982994841622 0.1146106362471317 2
-0.06898979814721745 0.0260052378229757 2
-0.134720642176913 0.1812068122615471 2
-0.1761735097730162 0.2152737071606433 2
-0.2625990915420777 0.3741153158586816 2
-0.2172933476654965 0.3590167985359823 2
-0.5601354426302739 -0.2949757274056395 2
-0.5992468670037039 -0.267787651571569 2
-0.5568147416365679 -0.2596818227293861 2
-0.3418272482248965 -0.3084314029331349 2
-0.3077336083794781 -0.3274796890807721 2
-0.3371165599400281 -0.3310925453666246 2
-0.3087298918731881 -0.2882342370940692 2
-0.363495831307443 -0.2827736441394449 2
-0.3361128615903155 -0.285503940616757 2
-0.6632087442481243 0.3220260311935715 2
-0.5993507407994527 0.3233710097159908 2
-0.289627522479758 -0.535518372783773 2
-0.2331738179743958 -0.5734823286832075 2
-0.287648659051629 0.5337836513585588 2
-0.2307891661952688 0.5719600367506891 2
-0.08452217656008149 -0.3665251410893267 2
-0.1982262237649655 -0.3552943656233825 2
-0.1401486985518868 -0.3193000769973607 2
-0.06736032108845652 0.2017145172418847 2
-0.3503834372300276 -0.03483489302490725 2
-0.3500974249590534 -0.003852774999912181 2
-0.4026832921115779 0.2840718334639924 2
-0.4348551688267659 -0.3315477372988709 2
-0.3930695641528393 -0.284474152635851 2
-0.6205487366117202 -0.3704588336633119 2
-0.5617120730649476 -0.3535898964759115 2
-0.2919039104041627 0.4747515284655521 2
-0.3021583429820501 0.4033976723684968 2
-0.2970311266931064 0.4390746004170244 2
-0.2944217031281118 -0.4760628590213276 2
-0.302111971285041 -0.4408537745268997 2
-0.3706063678240306 -0.06034069287666551 2
-0.2937086399863261 0.3457212166990321 2
-0.2979334914841881 0.3745594445337644 2
-0.6529820928291923 -0.2788690717762696 2
-0.6263041019926487 -0.2461148631892553 2
-0.3076244915423119 0.3188693601002153 2
-0.2616971639065119 -0.3287353660625377 2
-0.2405107899542817 -0.3671192652588348 2
-0.3330692239440457 -0.5340612741265452 2
-0.3137454635360787 -0.5050620665739364 2
-0.3328326195294627 0.5330916030505897 2
-0.3123682649668127 0.5039215657580708 2
-0.28521352788985 -0.3084848015783034 2
-0.3769803901550847 -0.549132016742894 2
-0.3780437137825566 0.5469198506063399 2
-0.9188620020644021 0.007098963081557164 2
-0.8547600258806685 0.2765863208408796 2
-0.8962337710463288 0.14371694487801 2
-0.8640623694565117 -0.2534048230280089 2
-0.9008849428342505 -0.1250272328900176 2
-0.1470998949715432 0.8574997017508416 2
-0.1473394803379413 -0.8577485236112764 2
-0.7906696333624315 0.3877261836541989 2
-0.7272991367663613 0.2108861683802521 2
-0.7589843850643965 0.2993061760172255 2
-0.6369528526414854 0.6259088360506221 2
-0.7217994707287724 0.5121550729743022 2
-0.5259618271661202 0.7070080648611979 2
-0.6326075347019696 -0.631672261167299 2
-0.5232064609016849 -0.7107941956381131 2
-0.7751277742436874 -0.4112450944769359 2
-0.7118558821996426 -0.5267962409440091 2
-0.8075611304611594 -0.3196553325898935 2
-0.7140549335364399 -0.3450570831266027 2
-0.4698265119745317 -0.4133323601562858 2
-0.4766280115756135 0.4072105596637276 2
-0.08082682568468064 -0.4549631627596565 2
-0.07579886492323895 0.4535973825319062 2
-0.7066672456795562 0.1174002918119641 2
-0.7169831912229587 0.1641432300961081 2
-0.7630285577731699 -0.1409519567368767 2
-0.7852948441171648 -0.2303036446633851 2
-0.749738604504256 -0.1051594992761875 2
-0.6949322088201125 0.09979967070188261 2
2 38 0 487
5732
5733
5734
5735
5736
5737
5738
5739
5740
5741
5742
5743
5744
5745
5746
5747
5748
5749
5750
5751
5752
5753
5754
5755
5756
5757
5758
5759
5760
5761
5762
5763
5764
5765
5766
5767
5768
5769
5770
5771
5772
5773
5774
5775
5776
5777
5778
5779
5780
5781
5782
5783
5784
5785
5786
5787
5788
5789
5790
5791
5792
5793
5794
5795
5796
5797
5798
5799
5800
5801
5802
5803
5804
5805
5806
5807
5808
5809
5810
5811
5812
5813
5814
5815
5816
5817
5818
5819
5820
5821
5822
5823
5824
5825
5826
5827
5828
5829
5830
5831
5832
5833
5834
5835
5836
5837
5838
5839
5840
5841
5842
5843
5844
5845
5846
5847
5848
5849
5850
5851
5852
5853
5854
5855
5856
5857
5858
5859
5860
5861
5862
5863
5864
5865
5866
5867
5868
5869
5870
5871
5872
5873
5874
5875
5876
5877
5878
5879
5880
5881
5882
5883
5884
5885
5886
5887
5888
5889
5890
5891
5892
5893
5894
5895
5896
5897
5898
5899
5900
5901
5902
5903
5904
5905
5906
5907
5908
5909
5910
5911
5912
5913
5914
5915
5916
5917
5918
5919
5920
5921
5922
5923
5924
5925
5926
5927
5928
5929
5930
5931
5932
5933
5934
5935
5936
5937
5938
5939
5940
5941
5942
5943
5944
5945
5946
5947
5948
5949
5950
5951
5952
5953
5954
5955
5956
5957
5958
5959
5960
5961
5962
5963
5964
5965
5966
5967
5968
5969
5970
5971
5972
5973
5974
5975
5976
5977
5978
5979
5980
5981
5982
5983
5984
5985
5986
5987
5988
5989
5990
5991
5992
5993
5994
5995
5996
5997
5998
5999
6000
6001
6002
6003
6004
6005
6006
6007
6008
6009
6010
6011
6012
6013
6014
6015
6016
6017
6018
6019
6020
6021
6022
6023
6024
6025
6026
6027
6028
6029
6030
6031
6032
6033
6034
6035
6036
6037
6038
6039
6040
6041
6042
6043
6044
6045
6046
6047
6048
6049
6050
6051
6052
6053
6054
6055
6056
6057
6058
6059
6060
6061
6062
6063
6064
6065
6066
6067
6068
6069
6070
6071
6072
6073
6074
6075
6076
6077
6078
6079
6080
6081
6082
6083
6084
6085
6086
6087
6088
6089
6090
6091
6092
6093
6094
6095
6096
6097
6098
6099
6100
6101
6102
6103
6104
6105
6106
6107
6108
6109
6110
6111
6112
6113
6114
6115
6116
6117
6118
6119
6120
6121
6122
6123
6124
6125
6126
6127
6128
6129
6130
6131
6132
6133
6134
6135
6136
6137
6138
6139
6140
6141
6142
6143
6144
6145
6146
6147
6148
6149
6150
6151
6152
6153
6154
6155
6156
6157
6158
6159
6160
6161
6162
6163
6164
6165
6166
6167
6168
6169
6170
6171
6172
6173
6174
6175
6176
6177
6178
6179
6180
6181
6182
6183
6184
6185
6186
6187
6188
6189
6190
6191
6192
6193
6194
6195
6196
6197
6198
6199
6200
6201
6202
6203
6204
6205
6206
6207
6208
6209
6210
6211
6212
6213
6214
6215
6216
6217
6218
-0.4467725080049478 -0.1155108628953631 0
-0.4349126783039156 0.1195134821159904 0
-0.7122229112802658 0.2323088708182925 0
-0.7178748979080838 -0.226398056521417 0
-0.3471265142882026 0.1969652202490879 0
-0.1591308242857173 0.2914863318352334 0
-0.3708151553603796 -0.2049857502751395 0
-0.2121582568231993 -0.262470839220427 0
-0.5469359043446806 0.08928696939324463 0
-0.5030712843791514 0.2353187154175988 0
-0.6097246167554691 -0.4280064042374577 0
-0.522001275781157 -0.5885866698007926 0
-0.4024025008709019 -0.6876612704062802 0
-0.6228213642062017 0.4442833721561108 0
-0.5257697273954633 0.5895303419736756 0
-0.4228646719805862 0.692384736086925 0
-0.5602469184838833 -0.06843698191390067 0
-0.446582166208127 0.02746991331597267 0
-0.2872348269233123 0.06797936230944629 0
-0.5172197897818814 -0.2394303921232086 0
-0.1560288724978036 -0.5106739767512379 0
-0.1865720004427316 0.5502252412612391 0
-0.7002099909255146 -0.1317146408865068 0
-0.8154802829601207 -0.1413576757417494 0
-0.6914906337959831 0.1293402851146481 0
-0.8171988537593652 0.1404401517961803 0
-0.5399379359049485 0.1526001352198217 0
-0.176812563314831 -0.1795975226124592 0
-0.5579687713979116 -0.1532193648704937 0
-0.5774326981236191 0.004202651715464492 0
-0.507177062984554 0.2980291368504626 0
-0.282666685938042 -0.04810224925090624 0
-0.3742077995898596 0.2627186922274235 0
-0.6199682824155941 0.08588082771151925 0
-0.2685911907847244 0.340080079110076 0
-0.482933371222302 -0.2926387408827569 0
-0.2791910914114035 -0.3813115399291942 0
-0.6083648757748047 -0.03481763733919728 0
-0.3676290852091926 0.03206623833891935 0
-0.3725802253462017 -0.2551756469254924 0
-0.4809266432302571 0.07531071150457382 0
-0.4154864168995235 0.5719626327305851 0
-0.4064430455467803 -0.5673553726572703 0
-0.2921099033555812 -0.497895407182404 0
-0.3055315050007132 0.517670001112329 0
-0.6730541867260902 0.07917986596461035 0
-0.8499155938051459 -0.00104696816232259 0
-0.4273158485704815 0.1860644651249698 0
-0.3621904063720425 0.116996490517903 0
-0.2540884150627438 0.1722464908104032 0
-0.6001176834645171 0.3176906770062547 0
-0.6249841927997581 0.04064191471831422 0
-0.4387398293465921 -0.2530864411235298 0
-0.6106958021885236 -0.1132535635730084 0
-0.6712883768189146 -0.09234313395744555 0
-0.5141727135421051 -0.0102878364667889 0
-0.4335877323979441 0.2480560783038424 0
-0.4998652397347966 -0.1761630553301989 0
-0.6250374771878247 0.140300386101053 0
-0.5099314401673718 0.1144266802086317 0
-0.2681616689410358 0.271973534222547 0
-0.5874581121672868 0.2056001144648175 0
-0.4750334365990823 -0.4886590818063863 0
-0.4690545993719414 0.4801173418236346 0
-0.5086390353483231 -0.1120529848746592 0
-0.5166193837677482 0.4031240404267524 0
-0.3873820760129853 -0.1180769361559147 0
-0.4984279935937886 -0.3560675963827538 0
-0.77075787656037 0.08391668419384937 0
-0.7502208729100757 -0.08305896620817864 0
-0.2969113783486671 -0.2787671530232209 0
-0.1666685891266639 -0.7094710670169764 0
-0.213985249978772 0.7012579437319159 0
-0.4648671070307009 -0.06374284711265533 0
-0.4794940736276167 0.1370523240460479 0
-0.5247122322977803 0.05051206763426196 0
-0.1594036407716923 0.06676532230141131 0
-0.1911165434837549 0.4022241754734672 0
-0.1717158112211181 -0.3554312018597952 0
-0.4280105835098984 -0.1789735176135544 0
-0.4218859789360194 -0.2972638264101254 0
-0.3321253548270412 0.3019596579558094 0
-0.39826068120884 0.06383407270740682 0
-0.7824456336010499 -0.005792740558459432 0
-0.5761868015399259 0.1187839483906194 0
-0.6088544460814549 -0.2884390906478201 0
-0.6389719216589148 -0.0676201308883843 0
-0.3385458739810285 -0.3222186908457968 0
-0.4354684584469054 0.3124768412413823 0
-0.3065672188705522 -0.1633034102212541 0
-0.3947358171544614 0.5107999065795688 0
-0.390051861116321 -0.506226391655116 0
-0.3122151394553879 0.3643961061697466 0
-0.5893419843090485 -0.2018086654410714 0
-0.3347322089209753 -0.3591971902391257 0
-0.6431230389817414 -0.1709419952070743 0
-0.390083740179661 -0.03320461106717085 0
-0.3305036722011296 -0.4302021840417626 0
-0.3316800859194243 0.4452234465698147 0
-0.3321677826273393 -0.6211777646260573 0
-0.3504580469446074 0.6284154765285884 0
-0.4819869531096046 0.3452816677851502 0
-0.6214658176676257 0.006409955689672099 0
-0.379834705746954 0.3127121652460915 0
-0.2805681274925741 0.4317575416214775 0
-0.1665059801271255 -0.06065417816143844 0
-0.1546036787303775 0.1728135377001535 0
-0.4887934810150575 0.1758058875749145 0
-0.5769141740088243 0.05045797472578069 0
-0.381515804136388 -0.3133173861727587 0
-0.444913523129624 -0.3217422365065365 0
-0.6716665149536281 -0.1513283180467906 0
-0.6804989684449125 -0.1986700258642456 0
-0.7090424444167992 -0.1790563487039619 0
-0.4430797416484489 -0.4687027387077388 0
-0.4600409399971016 -0.4551766343811322 0
-0.4570515213835312 0.4509057643897562 0
-0.4400903230348786 0.4644318687163629 0
-0.5984412282122092 0.06816940121864998 0
-0.6009491834042913 0.04554994472204745 0
-0.6224762376076761 0.06326137121491673 0
-0.8696799077357037 -0.2620205540534195 0
-0.7666775904341021 -0.1838778661315832 0
-0.8208772152096853 -0.3045407444432532 0
-0.7647108825198154 0.1863745113072364 0
-0.8705391931353261 0.2615617920806347 0
-0.8180512218957764 0.3074961515916909 0
-0.3113067877783554 -0.4640487956120833 0
-0.3048473818062665 -0.4057568619854784 0
-0.2856504973834924 -0.4396034735557991 0
-0.3802255437904413 0.09041528161265493 0
-0.4165866797563778 0.0916737774116986 0
-0.3985515423379791 0.1182549863169467 0
-0.7579031599777455 0.05280543557486356 0
-0.7409419616290929 0.06633153990147028 0
-0.4635176982523628 0.3617937404146361 0
-0.4993031684386764 0.3742028541059513 0
-0.4808339135814345 0.3907149267354372 0
-0.692090116711953 0.06396313078685079 0
-0.6709398483165767 0.05913572004400595 0
-0.3076440916146192 0.2344693772358174 0
-0.2611250420018899 0.2221100125164751 0
-0.3006074646754732 0.1846058555297455 0
-0.09555827174187748 0.4511120877367336 0
-0.1888442719632432 0.4762247083673531 0
-0.09328600022136579 0.5251126206306195 0
-0.5423790266772757 -0.458332743021922 0
-0.4985173561901196 -0.5386228758035895 0
-0.565862946268313 -0.5082965370191251 0
-0.4639234471759629 -0.3071904886946467 0
-0.4716707583617063 -0.3389049164446452 0
-0.4906806824080453 -0.3243531686327553 0
-0.07730183936518875 0.2114067688500767 0
-0.1568672515080474 0.2321499347676934 0
-0.07956541214285862 0.2707431659176167 0
-0.4779798095642368 -0.2462584166233692 0
-0.460836600284447 -0.2728625910031434 0
-0.5000765805020917 -0.2660345665029827 0
-0.6236683987168598 -0.0512188841137908 0
-0.653898715782989 -0.0533558525058929 0
-0.6385951928409339 -0.03695460573129939 0
-0.5333039033731174 -0.1326361748725765 0
-0.5042521375415598 -0.144108020102429 0
-0.5289170055663541 -0.1646912101003463 0
-0.6551301492389148 -0.07998163242291492 0
-0.6248338619237193 -0.09043684723069634 0
-0.6409920895037191 -0.102798348765227 0
-0.6149153467212152 -0.01420384082476259 0
-0.5994492578956224 0.005306303702568295 0
-0.5928987869492119 -0.01530749281186639 0
-0.486753071189512 -0.08789791599365729 0
-0.4558198075178244 -0.08962685500400919 0
-0.4777057716766355 -0.1137819238850111 0
-0.6006121393638753 0.1295421672458362 0
-0.59807754197776 0.1023323880510693 0
-0.6225028798017094 0.1130906069062861 0
-0.3402518361005648 -0.4151010920208813 0
-0.3496645910540965 -0.434646879082582 0
-0.3502527979132438 0.4421575103466081 0
-0.3408400429597122 0.4226117232849074 0
-0.4076963297614419 -0.1485252268847345 0
-0.4373915457574231 -0.1472421902544587 0
-0.4170772920089666 -0.1167938995256389 0
-0.331107569727694 0.3821980530848733 0
-0.3405203246812256 0.3626522660231726 0
-0.5937878978159019 0.2616453957355361 0
-0.6498405117237762 0.218954492641555 0
-0.6561702973723914 0.2749997739122736 0
-0.3517788594140193 -0.3600528080578621 0
-0.3423661044604877 -0.3795985951195628 0
-0.3963209254171019 -0.3322854952818338 0
-0.3751706570217257 -0.3371129060246786 0
-0.5508132031533023 0.05048502118002132 0
-0.5619250391767525 0.06987247205951266 0
-0.5358240683212305 0.0698995185137533 0
-0.3770212526684068 0.2877154287367575 0
-0.3559800302869977 0.3073359116009504 0
-0.3531665772084504 0.2823391750916164 0
-0.5990982151952517 -0.2451238780444458 0
-0.553280887045465 -0.22061952878214 0
-0.5630371179316682 -0.2639347413855144 0
-0.5697203739869749 0.4237037062914316 0
-0.5583685336161326 0.3604073587165035 0
-0.6114695238353594 0.3809870245811827 0
-0.4945820080470793 0.3216554023178064 0
-0.458727705778255 0.3288792545132662 0
-0.4713227607157297 0.3052529890459225 0
-0.609289531418462 -0.3582227474426389 0
-0.5536412198376217 -0.322253343515287 0
-0.5540763051746289 -0.3920370003101057 0
-0.08325299006356279 -0.03032708908071926 0
-0.1629548104494089 0.003055572069986436 0
-0.07970182038584617 0.03338266115070561 0
-0.2930498162466436 0.4747137713669032 0
-0.3061241067059992 0.4384904940956461 0
-0.3186057954600687 0.4814467238410718 0
-0.4717382184944547 -0.3888808916693159 0
-0.4717382184944549 -0.3671867047134381 0
-0.6269094205851325 -0.1420977793900414 0
-0.6857491838722146 -0.1120288874219762 0
-0.6563293022286736 -0.1270633334060088 0
-0.1613487308122338 -0.6100725218841071 0
-0.07801443624890181 -0.505336988375619 0
-0.08333429456333197 -0.7297355335084882 0
-0.08067436540611689 -0.6175362609420535 0
-0.2233192338475023 0.0673723423054288 0
-0.270661620993028 0.1201129265599248 0
-0.2043460468965607 0.1725300142552783 0
-0.1570036597510349 0.1197894300007824 0
-0.2138326403720315 0.1199511782803536 0
-0.296391633473981 0.3980768238956121 0
-0.3186158382168466 0.4103442735902597 0
-0.2002786252107518 0.6257415924965775 0
-0.106992624989386 0.7256289718659579 0
-0.1001393126053759 0.6253707962482886 0
-0.3716976903532907 -0.2300806986003159 0
-0.4056600273463969 -0.2541310440245111 0
-0.4333752064282452 -0.2160299793685421 0
-0.399412869435139 -0.1919796339443469 0
-0.402536448390768 -0.223055338984429 0
-0.6232250052336918 0.02352593520399316 0
-0.5771734360662217 0.02733031322062259 0
-0.6001992206499568 0.02542812421230787 0
-0.4947127568974943 0.1257395021273398 0
-0.5249346880361602 0.1335134077142267 0
-0.514365708460003 0.1642030113973681 0
-0.4841437773213371 0.1564291058104812 0
-0.5045392326787486 0.144971256762354 0
-0.2245863330325837 -0.05437821370617234 0
-0.1716592717209783 -0.1201258503869488 0
-0.2416898910926916 -0.1714504664168567 0
-0.2946169524042971 -0.1057028297360802 0
-0.2331381120626377 -0.1129143400615145 0
-0.4580546647927695 0.1809351763499422 0
-0.4959323826971044 0.2055623014962567 0
-0.4683295083885478 0.2416873968607206 0
-0.4304517904842128 0.2170602717144061 0
-0.4631920865906586 0.2113112866053314 0
-0.6582640554919039 0.1348203356078506 0
-0.6465112345708421 0.0825303468380648 0
-0.6822724102610367 0.1042600755396292 0
-0.652387645031373 0.1086753412229577 0
-0.6357329088338128 0.00320497784483605 0
-0.634933451663047 -0.01794901389032027 0
-0.584305897129344 -0.05162730962654898 0
-0.5458027058328622 -0.003042592375662206 0
-0.5372098160129942 -0.03936240919034479 0
-0.565054301481103 -0.02733495100110559 0
-0.5854713603362035 -0.09084527274345452 0
-0.5344429769161032 -0.09024498339427994 0
-0.5843322867932177 -0.1332364642217511 0
-0.5593876318546604 -0.1117407238080155 0
-0.6912072117583651 -0.0705447647832684 0
-0.6720020512705493 -0.06436401401600306 0
-0.5051241736818527 0.2666739261340307 0
-0.4345280954224248 0.2802664597726123 0
-0.4698261345521387 0.2734701929533216 0
-0.5736553778534801 -0.1775140151557826 0
-0.508542514758339 -0.2077967237267037 0
-0.5410989463059095 -0.1926553694412431 0
-0.4311142634371986 0.1527889736204801 0
-0.387221181429342 0.1915148426870288 0
-0.3546584603301225 0.1569808553834955 0
-0.3928863618836606 0.1548849145019878 0
-0.5028194377640187 0.06291138956941789 0
-0.5284336722560262 0.1018568248009382 0
-0.4954290416988144 0.09486869585660276 0
-0.5156265550100225 0.08238410718517804 0
-0.489519910286403 -0.03701534178972212 0
-0.5119814436012531 -0.06363016259200102 0
-0.3982474533315506 -0.5367908821561932 0
-0.3410808822359511 -0.50206089941876 0
-0.3121388429914602 -0.5595365859042307 0
-0.3693054140870598 -0.5942665686416638 0
-0.3551931481615054 -0.5481637340302118 0
-0.2358423354881645 0.4169908585474724 0
-0.2460517527217224 0.5339476211867841 0
-0.2409470441049434 0.4754692398671282 0
-0.3247126166476774 0.09248792641367466 0
-0.3126600406615753 0.1385468909717101 0
-0.4224214237084835 0.04565199301168974 0
-0.3829448832090163 0.04795015552316308 0
-0.3788564126944268 -0.0005691863641257464 0
-0.418332953193894 -0.002867348875599089 0
-0.4006389182014551 0.022541403323782 0
-0.6469048513534107 0.03986674442085789 0
-0.6467080429621264 0.06119854562946134 0
-0.3501336610775873 0.5142349538459489 0
-0.4051111170269924 0.5413812696550769 0
-0.3829722319220654 0.6001890546295868 0
-0.3279947759726603 0.5730427388204588 0
-0.3665529464998264 0.5572120042377678 0
-0.4639379116223475 -0.1775682864718766 0
-0.4708218416494915 -0.1456751051784439 0
-0.3743301078270087 0.336810295561345 0
-0.3221702471412146 0.333177882062778 0
-0.3482501774841116 0.3349940888120615 0
-0.2254534513162608 -0.3683713708944947 0
-0.1638723418594609 -0.4330525893055165 0
-0.2240693879266924 -0.504284691966821 0
-0.2247614196214766 -0.4363280314306579 0
-0.4579196607670863 0.09741209681028209 0
-0.4572033759657662 0.1282829030810192 0
-0.4763162088322903 0.111575799468811 0
-0.2136462466133766 0.2817299330288902 0
-0.2089961467549686 0.2271299736420843 0
-0.5194424729199427 0.02011211558373653 0
-0.5483079544930822 0.02372121440217956 0
-0.5615613529423032 0.104035458891932 0
-0.5800012905772562 0.086102430055291 0
-0.4038977659939019 0.2553873852656329 0
-0.4076515820969297 0.3125945032437368 0
-0.4057746740454158 0.2839909442546849 0
-0.4709588605932921 -0.2119133515476229 0
-0.6045698795265316 -0.07103207842862265 0
-0.5268589001698567 -0.2941439550091349 0
-0.3600308390587083 -0.3177680385092778 0
-0.3366390414510019 -0.3407079405424612 0
-0.3559048492363638 -0.33891042328357 0
-0.3887329080963231 -0.07564077361154278 0
-0.4274754236051809 -0.04847372908991309 0
-0.4222763578070737 -0.082633814307776 0
-0.4232972525723605 0.3318652228161455 0
-0.4449510979355958 0.3448938401949323 0
-0.2983343411719316 0.812568738121601 0
-0.1510414735027577 0.853207126134594 0
-0.3606671569390311 0.2298419562382557 0
-0.3001435118840385 0.2869665960891782 0
-0.3304053344115348 0.2584042761637169 0
-0.6145540284838524 -0.6478467254936698 0
-0.4622018883260295 -0.6381239701035364 0
-0.3925429666179962 -0.8057704014587833 0
-0.5088860606728161 -0.7347967912030406 0
-0.2746760107458772 -0.8166752997641314 0
-0.1392123082897303 -0.8552604069558594 0
-0.3955594737116219 0.2234511139763309 0
-0.6164382542910062 0.6483185615801109 0
-0.4027740521728387 0.8081321342991056 0
-0.4743171996880248 0.6409575390303003 0
-0.5149437163538142 0.7362135756664222 0
-0.7306734598039456 -0.06590268090863495 0
-0.7252154319177953 -0.1073868035473427 0
-0.7082113218380801 -0.08896578416530557 0
-0.463754404719192 0.05139031241027324 0
-0.4803774398751161 0.008591038424591885 0
-0.4915984388195673 0.03575121399700489 0
-0.6062477946775557 0.1729502502829352 0
-0.5636980240361177 0.1791001248423196 0
-0.5580623687224372 0.1356920418052206 0
-0.5821550816999965 0.1543211460440779 0
-0.5536473732245355 0.3078599069283586 0
-0.5452646982732191 0.2204594149412082 0
-0.5494560357488774 0.2641596609347834 0
-0.5432480204892317 0.1187744333030794 0
-0.4539264317401485 -0.0199413453326606 0
-0.3469746474417688 -0.1406901731885844 0
-0.3386911871154659 -0.1841445802481968 0
-0.3731937584384539 -0.1663349035664657 0
-0.440170542237785 0.07153204491098593 0
-0.3274319560662524 0.05002280032418282 0
-0.2849507564306771 0.009938556529270028 0
-0.3363752130588514 -0.04065343015903854 0
-0.3319035845625519 0.004684685082572141 0
-0.4280197849137199 -0.3364979204487227 0
-0.4333997510328217 -0.3095030314583309 0
-0.4017008915362037 -0.3052906062914421 0
-0.4148603382249618 -0.3208942633700824 0
-0.5264752708316059 0.341031380517155 0
-0.6390882809192854 0.02261006107993555 0
-0.3794386855116922 -0.4726589828892587 0
-0.3453727366450238 -0.468353889250671 0
-0.2880512348800353 -0.3300393464762076 0
-0.2545348175859332 -0.2706189961218239 0
-0.1919370340221587 -0.3089510205401111 0
-0.239994134451097 -0.3194951835081593 0
-0.3347458018474344 -0.2669713999743567 0
-0.3177286261648478 -0.3004929219345088 0
-0.3770480147412948 -0.2842465165491256 0
-0.3473883204530713 -0.2923697192418172 0
-0.3017392986096096 -0.2210352816222375 0
-0.3367184944814501 -0.2255579901112767 0
-0.7311242551781765 0.1066284846542487 0
-0.7116071859450648 0.08529580772054976 0
-0.6633646719947693 -0.2574185735846186 0
-0.6162325116453949 -0.1863753303240729 0
-0.6397985918200821 -0.2218969519543457 0
-0.2683764298628801 0.3060268066663115 0
-0.2904031651200562 0.3522380926399113 0
-0.2952733385020473 0.3196023443645448 0
-0.7766017550807099 0.03906197181769497 0
-0.8161806137030979 -0.003419854360391011 0
-0.8335572237822556 0.06969659181692885 0
-0.7939783651598675 0.1121784179950148 0
-0.8050794894314828 0.05437928181731189 0
-0.3817806635307624 0.4749457403514851 0
-0.3501932294954156 0.4781962320962785 0
-0.1751236838847361 0.3468552536543503 0
-0.08756184194236805 0.3609276268271752 0
-0.3982627676995569 0.3319240538173228 0
-0.4303129041413057 -0.2751751337668276 0
-0.4036804594413003 -0.2797108251579766 0
-0.08840628165741549 -0.2147987613062296 0
-0.08582963586048914 -0.1225629251934744 0
-0.7663332532555628 -0.04442585338331904 0
-0.7828505779350982 -0.112208320974964 0
-0.8326979383826333 -0.071202321952036 0
-0.799515595819098 -0.05781408766767752 0
-0.4471181756586343 -0.2911828112307371 0
-0.4642221606639687 -0.5779710212290314 0
-0.4325426488577016 -0.4974427367307511 0
-0.4483824047608351 -0.5377068789798914 0
-0.4974121633837024 0.5348238418986552 0
-0.4706280721474934 0.5807464873521303 0
-0.4318952082632014 0.4954586242016017 0
-0.4512616402053474 0.5381025557768661 0
-0.3538287499283468 0.07021904096841887 0
-0.5070586225858652 -0.4236068173456189 0
-0.3069616501661894 -0.3702543650841599 0
-0.3236067431333771 -0.3926777285525207 0
-0.1944854100690152 -0.2210341809164431 0
-0.2481123543393124 -0.2210347312693403 0
-0.7733504483587443 0.4134834022606 0
-0.5742955458008325 0.5169068570648933 0
-0.7028825790516893 0.5362385450422472 0
-0.08585790561055906 -0.3027156009298976 0
-0.1401716578397871 -0.2618748909231703 0
-0.4928369915698448 0.4416206911251935 0
-0.5335662686853386 0.4792637740950434 0
-0.6002823992193063 -0.1598058972729119 0
-0.7668020746333779 -0.4053449183012736 0
-0.6986662792854292 -0.5319333850193635 0
-0.7459465111759487 -0.145632334839463 0
-0.3416749302503101 -0.09067180167381148 0
-0.223952783440043 0.006497064299628232 0
-0.7018567725381244 0.1808245779664703 0
-0.7479175688489961 0.1465014979807426 0
-0.08193617092973043 -0.4040262946527583 0
-0.07850182987551746 0.1223947150003911 0
-0.7147603728655678 0.3442415880864368 0
-0.7150833733140736 -0.3313817459429461 0
-0.3123451381655186 -0.3353736435093344 0
-0.3672851417491206 -0.6544195175161688 0
-0.4157536512065446 -0.6161952693726001 0
-0.6540522836078401 0.1768874141247027 0
-0.2298538671342397 0.3711521272917716 0
-0.2217500568738081 0.326441030160331 0
-0.2631227503041104 0.3846144755936919 0
-0.3866613594625968 0.6604001063077567 0
-0.4286447158050451 0.6205732968299437 0
-0.924957796902573 -0.000523484081161356 0
-0.907171252092743 0.1323934569165284 0
-0.4514226242273215 -0.3499066711606219 0
-0.2494181858770016 -0.6653244158215169 0
-0.236743786901847 -0.584804553894169 0
-0.3209805762474989 -0.7355474086401502 0
-0.2822216484616897 0.6648367101302521 0
-0.3424978503172642 0.7364844222146789 0
-0.529815203366611 0.1923312131692882 0
-0.9067416093929318 -0.1331463219840821 0
-0.2641367005917061 0.5993921656585182 0
-0.7637470384980853 -0.01374346375716879 0
-0.7633008775403549 0.01953098590884737 0
-0.4714184957849224 0.4208103455625967 0
-0.4107083010799429 -0.4730945661699212 0
-0.4103845807826929 0.4721025099053464 0
-0.7487538716742497 -0.04175871375336036 0
-0.4576290203792678 0.1546090397154807 0
2 39 0 63
6219
6220
6221
6222
6223
6224
6225
6226
6227
6228
6229
6230
6231
6232
6233
6234
6235
6236
6237
6238
6239
6240
6241
6242
6243
6244
6245
6246
6247
6248
6249
6250
6251
6252
6253
6254
6255
6256
6257
6258
6259
6260
6261
6262
6263
6264
6265
6266
6267
6268
6269
6270
6271
6272
6273
6274
6275
6276
6277
6278
6279
6280
6281
-0.3826834323650905 -0.9238795325112864 2.4
-0.3826834323650905 -0.9238795325112864 2.8
-0.3826834323650905 -0.9238795325112864 3.2
-0.3826834323650905 -0.9238795325112864 3.6
-0.7071067811865478 -0.7071067811865472 2.4
-0.7071067811865478 -0.7071067811865472 2.8
-0.7071067811865478 -0.7071067811865472 3.2
-0.7071067811865478 -0.7071067811865472 3.6
-0.9238795325112868 -0.3826834323650894 2.4
-0.9238795325112868 -0.3826834323650894 2.8
-0.9238795325112868 -0.3826834323650894 3.2
-0.9238795325112868 -0.3826834323650894 3.6
-0.1950903220161286 -0.9807852804032304 2.4
-0.3826834323650905 -0.9238795325112864 2.2
-0.1950903220161286 -0.9807852804032304 2.2
-0.1950903220161286 -0.9807852804032304 2.8
-0.3826834323650905 -0.9238795325112864 2.6
-0.1950903220161286 -0.9807852804032304 2.6
-0.1950903220161286 -0.9807852804032304 3.2
-0.3826834323650905 -0.9238795325112864 3
-0.1950903220161286 -0.9807852804032304 3
-0.1950903220161286 -0.9807852804032304 3.6
-0.3826834323650905 -0.9238795325112864 3.4
-0.1950903220161286 -0.9807852804032304 3.4
-0.3826834323650905 -0.9238795325112864 3.8
-0.1950903220161286 -0.9807852804032304 3.8
-0.5555702330196027 -0.8314696123025449 2.4
-0.7071067811865478 -0.7071067811865472 2.2
-0.5555702330196026 -0.8314696123025449 2.2
-0.5555702330196027 -0.8314696123025449 2.8
-0.7071067811865478 -0.7071067811865472 2.6
-0.5555702330196026 -0.8314696123025449 2.6
-0.5555702330196027 -0.8314696123025449 3.2
-0.7071067811865478 -0.7071067811865472 3
-0.5555702330196026 -0.8314696123025449 3
-0.5555702330196027 -0.8314696123025449 3.6
-0.7071067811865478 -0.7071067811865472 3.4
-0.5555702330196026 -0.8314696123025449 3.4
-0.7071067811865478 -0.7071067811865472 3.8
-0.5555702330196026 -0.8314696123025449 3.8
-0.8314696123025453 -0.5555702330196022 2.4
-0.9238795325112868 -0.3826834323650894 2.2
-0.8314696123025455 -0.555570233019602 2.2
-0.8314696123025453 -0.5555702330196022 2.8
-0.9238795325112868 -0.3826834323650894 2.6
-0.8314696123025453 -0.5555702330196022 2.6
-0.8314696123025453 -0.5555702330196022 3.2
-0.9238795325112868 -0.3826834323650894 3
-0.8314696123025453 -0.5555702330196022 3
-0.8314696123025453 -0.5555702330196022 3.6
-0.9238795325112868 -0.3826834323650894 3.4
-0.8314696123025453 -0.5555702330196022 3.4
-0.9238795325112868 -0.3826834323650894 3.8
-0.8314696123025455 -0.555570233019602 3.8
-0.9807852804032304 -0.1950903220161282 2.4
-0.9807852804032304 -0.1950903220161282 2.2
-0.9807852804032304 -0.1950903220161282 2.8
-0.9807852804032304 -0.1950903220161282 2.6
-0.9807852804032304 -0.1950903220161282 3.2
-0.9807852804032304 -0.1950903220161282 3
-0.9807852804032304 -0.1950903220161282 3.6
-0.9807852804032304 -0.1950903220161282 3.4
-0.9807852804032304 -0.1950903220161282 3.8
2 40 0 63
6282
6283
6284
6285
6286
6287
6288
6289
6290
6291
6292
6293
6294
6295
6296
6297
6298
6299
6300
6301
6302
6303
6304
6305
6306
6307
6308
6309
6310
6311
6312
6313
6314
6315
6316
6317
6318
6319
6320
6321
6322
6323
6324
6325
6326
6327
6328
6329
6330
6331
6332
6333
6334
6335
6336
6337
6338
6339
6340
6341
6342
6343
6344
-0.923879532511287 0.3826834323650892 2.4
-0.923879532511287 0.3826834323650892 2.8
-0.923879532511287 0.3826834323650892 3.2
-0.923879532511287 0.3826834323650892 3.6
-0.7071067811865489 0.7071067811865461 2.4
-0.7071067811865489 0.7071067811865461 2.8
-0.7071067811865489 0.7071067811865461 3.2
-0.7071067811865489 0.7071067811865461 3.6
-0.3826834323650912 0.9238795325112862 2.4
-0.3826834323650912 0.9238795325112862 2.8
-0.3826834323650912 0.9238795325112862 3.2
-0.3826834323650912 0.9238795325112862 3.6
-0.9807852804032305 0.1950903220161279 2.4
-0.923879532511287 0.3826834323650892 2.2
-0.9807852804032305 0.1950903220161279 2.2
-0.9807852804032305 0.1950903220161279 2.8
-0.923879532511287 0.3826834323650892 2.6
-0.9807852804032305 0.1950903220161279 2.6
-0.9807852804032305 0.1950903220161279 3.2
-0.923879532511287 0.3826834323650892 3
-0.9807852804032305 0.1950903220161279 3
-0.9807852804032305 0.1950903220161279 3.6
-0.923879532511287 0.3826834323650892 3.4
-0.9807852804032305 0.1950903220161279 3.4
-0.923879532511287 0.3826834323650892 3.8
-0.9807852804032305 0.1950903220161279 3.8
-0.8314696123025459 0.5555702330196012 2.4
-0.7071067811865489 0.7071067811865461 2.2
-0.831469612302546 0.5555702330196012 2.2
-0.8314696123025459 0.5555702330196012 2.8
-0.7071067811865489 0.7071067811865461 2.6
-0.831469612302546 0.5555702330196012 2.6
-0.8314696123025459 0.5555702330196012 3.2
-0.7071067811865489 0.7071067811865461 3
-0.831469612302546 0.5555702330196012 3
-0.8314696123025459 0.5555702330196012 3.6
-0.7071067811865489 0.7071067811865461 3.4
-0.831469612302546 0.5555702330196012 3.4
-0.7071067811865489 0.7071067811865461 3.8
-0.831469612302546 0.5555702330196012 3.8
-0.5555702330196036 0.8314696123025442 2.4
-0.3826834323650912 0.9238795325112862 2.2
-0.5555702330196035 0.8314696123025442 2.2
-0.5555702330196036 0.8314696123025442 2.8
-0.3826834323650912 0.9238795325112862 2.6
-0.5555702330196035 0.8314696123025442 2.6
-0.5555702330196036 0.8314696123025442 3.2
-0.3826834323650912 0.9238795325112862 3
-0.5555702330196035 0.8314696123025442 3
-0.5555702330196036 0.8314696123025442 3.6
-0.3826834323650912 0.9238795325112862 3.4
-0.5555702330196035 0.8314696123025442 3.4
-0.3826834323650912 0.9238795325112862 3.8
-0.5555702330196035 0.8314696123025442 3.8
-0.1950903220161295 0.9807852804032302 2.4
-0.1950903220161295 0.9807852804032302 2.2
-0.1950903220161295 0.9807852804032302 2.8
-0.1950903220161295 0.9807852804032302 2.6
-0.1950903220161295 0.9807852804032302 3.2
-0.1950903220161295 0.9807852804032302 3
-0.1950903220161295 0.9807852804032302 3.6
-0.1950903220161295 0.9807852804032302 3.4
-0.1950903220161295 0.9807852804032302 3.8
2 41 0 117
6345
6346
6347
6348
6349
6350
6351
6352
6353
6354
6355
6356
6357
6358
6359
6360
6361
6362
6363
6364
6365
6366
6367
6368
6369
6370
6371
6372
6373
6374
6375
6376
6377
6378
6379
6380
6381
6382
6383
6384
6385
6386
6387
6388
6389
6390
6391
6392
6393
6394
6395
6396
6397
6398
6399
6400
6401
6402
6403
6404
6405
6406
6407
6408
6409
6410
6411
6412
6413
6414
6415
6416
6417
6418
6419
6420
6421
6422
6423
6424
6425
6426
6427
6428
6429
6430
6431
6432
6433
6434
6435
6436
6437
6438
6439
6440
6441
6442
6443
6444
6445
6446
6447
6448
6449
6450
6451
6452
6453
6454
6455
6456
6457
6458
6459
6460
6461
-0.6688255099070634 0.03909157412340152 2.4
-0.6688255099070634 0.03909157412340152 2.8
-0.6688255099070634 0.03909157412340152 3.2
-0.6688255099070634 0.03909157412340152 3.6
-0.7111260466978158 0.04874639560909116 2.4
-0.7111260466978158 0.04874639560909116 2.8
-0.7111260466978158 0.04874639560909116 3.2
-0.7111260466978158 0.04874639560909116 3.6
-0.745048443395121 0.02169418695587775 2.4
-0.745048443395121 0.02169418695587775 2.8
-0.745048443395121 0.02169418695587775 3.2
-0.745048443395121 0.02169418695587775 3.6
-0.7450484433951208 -0.02169418695587812 2.4
-0.7450484433951208 -0.02169418695587812 2.8
-0.7450484433951208 -0.02169418695587812 3.2
-0.7450484433951208 -0.02169418695587812 3.6
-0.7111260466978154 -0.04874639560909123 2.4
-0.7111260466978154 -0.04874639560909123 2.8
-0.7111260466978154 -0.04874639560909123 3.2
-0.7111260466978154 -0.04874639560909123 3.6
-0.6688255099070632 -0.03909157412340147 2.4
-0.6688255099070632 -0.03909157412340147 2.8
-0.6688255099070632 -0.03909157412340147 3.2
-0.6688255099070632 -0.03909157412340147 3.6
-0.654951556604879 0.0216941869558779 2.4
-0.6688255099070634 0.03909157412340154 2.2
-0.6549515566048791 0.02169418695587793 2.2
-0.654951556604879 0.0216941869558779 2.8
-0.6688255099070634 0.03909157412340154 2.6
-0.6549515566048791 0.02169418695587792 2.6
-0.654951556604879 0.0216941869558779 3.2
-0.6688255099070634 0.03909157412340154 3
-0.6549515566048791 0.02169418695587792 3
-0.654951556604879 0.0216941869558779 3.6
-0.6688255099070634 0.03909157412340154 3.4
-0.6549515566048791 0.02169418695587792 3.4
-0.6688255099070634 0.03909157412340154 3.8
-0.6549515566048791 0.02169418695587793 3.8
-0.6888739533021844 0.04874639560909122 2.4
-0.7111260466978158 0.04874639560909116 2.2
-0.6888739533021843 0.04874639560909122 2.2
-0.6888739533021844 0.04874639560909122 2.8
-0.7111260466978158 0.04874639560909116 2.6
-0.6888739533021844 0.04874639560909123 2.6
-0.6888739533021844 0.04874639560909122 3.2
-0.7111260466978158 0.04874639560909116 3
-0.6888739533021844 0.04874639560909123 3
-0.6888739533021844 0.04874639560909122 3.6
-0.7111260466978158 0.04874639560909116 3.4
-0.6888739533021844 0.04874639560909123 3.4
-0.7111260466978158 0.04874639560909116 3.8
-0.6888739533021843 0.04874639560909122 3.8
-0.7311744900929368 0.03909157412340142 2.4
-0.745048443395121 0.02169418695587775 2.2
-0.7311744900929368 0.03909157412340142 2.2
-0.7311744900929368 0.03909157412340142 2.8
-0.745048443395121 0.02169418695587775 2.6
-0.7311744900929368 0.03909157412340142 2.6
-0.7311744900929368 0.03909157412340142 3.2
-0.745048443395121 0.02169418695587775 3
-0.7311744900929368 0.03909157412340142 3
-0.7311744900929368 0.03909157412340142 3.6
-0.745048443395121 0.02169418695587775 3.4
-0.7311744900929368 0.03909157412340142 3.4
-0.745048443395121 0.02169418695587775 3.8
-0.7311744900929368 0.03909157412340142 3.8
-0.75 -1.937171126634163e-16 2.4
-0.7450484433951208 -0.02169418695587812 2.2
-0.75 -2.051053012326609e-16 2.2
-0.75 -1.937171126634163e-16 2.8
-0.7450484433951208 -0.02169418695587812 2.6
-0.75 -1.940030709864094e-16 2.6
-0.75 -1.937171126634163e-16 3.2
-0.7450484433951208 -0.02169418695587812 3
-0.75 -1.940030709864094e-16 3
-0.75 -1.937171126634163e-16 3.6
-0.7450484433951208 -0.02169418695587812 3.4
-0.75 -1.940030709864094e-16 3.4
-0.7450484433951208 -0.02169418695587812 3.8
-0.75 -2.044114118422702e-16 3.8
-0.7311744900929364 -0.0390915741234016 2.4
-0.7111260466978154 -0.04874639560909124 2.2
-0.7311744900929364 -0.03909157412340161 2.2
-0.7311744900929364 -0.0390915741234016 2.8
-0.7111260466978154 -0.04874639560909124 2.6
-0.7311744900929364 -0.0390915741234016 2.6
-0.7311744900929364 -0.0390915741234016 3.2
-0.7111260466978154 -0.04874639560909124 3
-0.7311744900929364 -0.0390915741234016 3
-0.7311744900929364 -0.0390915741234016 3.6
-0.7111260466978154 -0.04874639560909124 3.4
-0.7311744900929364 -0.0390915741234016 3.4
-0.7111260466978154 -0.04874639560909124 3.8
-0.7311744900929364 -0.03909157412340161 3.8
-0.6888739533021841 -0.04874639560909116 2.4
-0.6688255099070632 -0.03909157412340147 2.2
-0.6888739533021841 -0.04874639560909117 2.2
-0.6888739533021841 -0.04874639560909116 2.8
-0.6688255099070632 -0.03909157412340147 2.6
-0.6888739533021841 -0.04874639560909118 2.6
-0.6888739533021841 -0.04874639560909116 3.2
-0.6688255099070632 -0.03909157412340147 3
-0.6888739533021841 -0.04874639560909118 3
-0.6888739533021841 -0.04874639560909116 3.6
-0.6688255099070632 -0.03909157412340147 3.4
-0.6888739533021841 -0.04874639560909118 3.4
-0.6688255099070632 -0.03909157412340147 3.8
-0.6888739533021841 -0.04874639560909117 3.8
-0.654951556604879 -0.02169418695587788 2.4
-0.654951556604879 -0.0216941869558779 2.2
-0.654951556604879 -0.02169418695587788 2.8
-0.654951556604879 -0.02169418695587788 2.6
-0.654951556604879 -0.02169418695587788 3.2
-0.654951556604879 -0.02169418695587788 3
-0.654951556604879 -0.02169418695587788 3.6
-0.654951556604879 -0.02169418695587788 3.4
-0.654951556604879 -0.0216941869558779 3.8
2 42 0 117
6462
6463
6464
6465
6466
6467
6468
6469
6470
6471
6472
6473
6474
6475
6476
6477
6478
6479
6480
6481
6482
6483
6484
6485
6486
6487
6488
6489
6490
6491
6492
6493
6494
6495
6496
6497
6498
6499
6500
6501
6502
6503
6504
6505
6506
6507
6508
6509
6510
6511
6512
6513
6514
6515
6516
6517
6518
6519
6520
6521
6522
6523
6524
6525
6526
6527
6528
6529
6530
6531
6532
6533
6534
6535
6536
6537
6538
6539
6540
6541
6542
6543
6544
6545
6546
6547
6548
6549
6550
6551
6552
6553
6554
6555
6556
6557
6558
6559
6560
6561
6562
6563
6564
6565
6566
6567
6568
6569
6570
6571
6572
6573
6574
6575
6576
6577
6578
-0.3688255099070634 0.4390915741234016 2.4
-0.3688255099070634 0.4390915741234016 2.8
-0.3688255099070634 0.4390915741234016 3.2
-0.3688255099070634 0.4390915741234016 3.6
-0.4111260466978158 0.4487463956090912 2.4
-0.4111260466978158 0.4487463956090912 2.8
-0.4111260466978158 0.4487463956090912 3.2
-0.4111260466978158 0.4487463956090912 3.6
-0.4450484433951211 0.4216941869558778 2.4
-0.4450484433951211 0.4216941869558778 2.8
-0.4450484433951211 0.4216941869558778 3.2
-0.4450484433951211 0.4216941869558778 3.6
-0.4450484433951209 0.3783058130441219 2.4
-0.4450484433951209 0.3783058130441219 2.8
-0.4450484433951209 0.3783058130441219 3.2
-0.4450484433951209 0.3783058130441219 3.6
-0.4111260466978156 0.3512536043909088 2.4
-0.4111260466978156 0.3512536043909088 2.8
-0.4111260466978156 0.3512536043909088 3.2
-0.4111260466978156 0.3512536043909088 3.6
-0.3688255099070633 0.3609084258765985 2.4
-0.3688255099070633 0.3609084258765985 2.8
-0.3688255099070633 0.3609084258765985 3.2
-0.3688255099070633 0.3609084258765985 3.6
-0.3549515566048791 0.4216941869558779 2.4
-0.3688255099070634 0.4390915741234016 2.2
-0.3549515566048791 0.4216941869558779 2.2
-0.3549515566048791 0.4216941869558779 2.8
-0.3688255099070634 0.4390915741234016 2.6
-0.3549515566048791 0.4216941869558779 2.6
-0.3549515566048791 0.4216941869558779 3.2
-0.3688255099070634 0.4390915741234016 3
-0.3549515566048791 0.4216941869558779 3
-0.3549515566048791 0.4216941869558779 3.6
-0.3688255099070634 0.4390915741234016 3.4
-0.3549515566048791 0.4216941869558779 3.4
-0.3688255099070634 0.4390915741234016 3.8
-0.3549515566048791 0.4216941869558779 3.8
-0.3888739533021843 0.4487463956090912 2.4
-0.4111260466978158 0.4487463956090912 2.2
-0.3888739533021844 0.4487463956090912 2.2
-0.3888739533021843 0.4487463956090912 2.8
-0.4111260466978158 0.4487463956090912 2.6
-0.3888739533021843 0.4487463956090912 2.6
-0.3888739533021843 0.4487463956090912 3.2
-0.4111260466978158 0.4487463956090912 3
-0.3888739533021843 0.4487463956090912 3
-0.3888739533021843 0.4487463956090912 3.6
-0.4111260466978158 0.4487463956090912 3.4
-0.3888739533021843 0.4487463956090912 3.4
-0.4111260466978158 0.4487463956090912 3.8
-0.3888739533021844 0.4487463956090912 3.8
-0.4311744900929368 0.4390915741234014 2.4
-0.4450484433951211 0.4216941869558778 2.2
-0.4311744900929368 0.4390915741234014 2.2
-0.4311744900929368 0.4390915741234014 2.8
-0.4450484433951211 0.4216941869558778 2.6
-0.4311744900929368 0.4390915741234014 2.6
-0.4311744900929368 0.4390915741234014 3.2
-0.4450484433951211 0.4216941869558778 3
-0.4311744900929368 0.4390915741234014 3
-0.4311744900929368 0.4390915741234014 3.6
-0.4450484433951211 0.4216941869558778 3.4
-0.4311744900929368 0.4390915741234014 3.4
-0.4450484433951211 0.4216941869558778 3.8
-0.4311744900929368 0.4390915741234014 3.8
-0.45 0.3999999999999999 2.4
-0.4450484433951209 0.3783058130441219 2.2
-0.45 0.3999999999999998 2.2
-0.45 0.3999999999999999 2.8
-0.4450484433951209 0.3783058130441219 2.6
-0.45 0.3999999999999999 2.6
-0.45 0.3999999999999999 3.2
-0.4450484433951209 0.3783058130441219 3
-0.45 0.3999999999999999 3
-0.45 0.3999999999999999 3.6
-0.4450484433951209 0.3783058130441219 3.4
-0.45 0.3999999999999999 3.4
-0.4450484433951209 0.3783058130441219 3.8
-0.45 0.3999999999999998 3.8
-0.4311744900929366 0.3609084258765984 2.4
-0.4111260466978156 0.3512536043909088 2.2
-0.4311744900929366 0.3609084258765984 2.2
-0.4311744900929366 0.3609084258765984 2.8
-0.4111260466978156 0.3512536043909088 2.6
-0.4311744900929366 0.3609084258765985 2.6
-0.4311744900929366 0.3609084258765984 3.2
-0.4111260466978156 0.3512536043909088 3
-0.4311744900929366 0.3609084258765985 3
-0.4311744900929366 0.3609084258765984 3.6
-0.4111260466978156 0.3512536043909088 3.4
-0.4311744900929366 0.3609084258765985 3.4
-0.4111260466978156 0.3512536043909088 3.8
-0.4311744900929366 0.3609084258765984 3.8
-0.3888739533021842 0.3512536043909089 2.4
-0.3688255099070633 0.3609084258765985 2.2
-0.3888739533021842 0.3512536043909089 2.2
-0.3888739533021842 0.3512536043909089 2.8
-0.3688255099070633 0.3609084258765985 2.6
-0.3888739533021842 0.3512536043909089 2.6
-0.3888739533021842 0.3512536043909089 3.2
-0.3688255099070633 0.3609084258765985 3
-0.3888739533021842 0.3512536043909089 3
-0.3888739533021842 0.3512536043909089 3.6
-0.3688255099070633 0.3609084258765985 3.4
-0.3888739533021842 0.3512536043909089 3.4
-0.3688255099070633 0.3609084258765985 3.8
-0.3888739533021842 0.3512536043909089 3.8
-0.354951556604879 0.3783058130441221 2.4
-0.354951556604879 0.3783058130441221 2.2
-0.354951556604879 0.3783058130441221 2.8
-0.354951556604879 0.3783058130441221 2.6
-0.354951556604879 0.3783058130441221 3.2
-0.354951556604879 0.3783058130441221 3
-0.354951556604879 0.3783058130441221 3.6
-0.354951556604879 0.3783058130441221 3.4
-0.354951556604879 0.3783058130441221 3.8
2 43 0 117
6579
6580
6581
6582
6583
6584
6585
6586
6587
6588
6589
6590
6591
6592
6593
6594
6595
6596
6597
6598
6599
6600
6601
6602
6603
6604
6605
6606
6607
6608
6609
6610
6611
6612
6613
6614
6615
6616
6617
6618
6619
6620
6621
6622
6623
6624
6625
6626
6627
6628
6629
6630
6631
6632
6633
6634
6635
6636
6637
6638
6639
6640
6641
6642
6643
6644
6645
6646
6647
6648
6649
6650
6651
6652
6653
6654
6655
6656
6657
6658
6659
6660
6661
6662
6663
6664
6665
6666
6667
6668
6669
6670
6671
6672
6673
6674
6675
6676
6677
6678
6679
6680
6681
6682
6683
6684
6685
6686
6687
6688
6689
6690
6691
6692
6693
6694
6695
-0.3688255099070634 -0.3609084258765985 2.4
-0.3688255099070634 -0.3609084258765985 2.8
-0.3688255099070634 -0.3609084258765985 3.2
-0.3688255099070634 -0.3609084258765985 3.6
-0.4111260466978158 -0.3512536043909089 2.4
-0.4111260466978158 -0.3512536043909089 2.8
-0.4111260466978158 -0.3512536043909089 3.2
-0.4111260466978158 -0.3512536043909089 3.6
-0.4450484433951211 -0.3783058130441223 2.4
-0.4450484433951211 -0.3783058130441223 2.8
-0.4450484433951211 -0.3783058130441223 3.2
-0.4450484433951211 -0.3783058130441223 3.6
-0.4450484433951209 -0.4216941869558781 2.4
-0.4450484433951209 -0.4216941869558781 2.8
-0.4450484433951209 -0.4216941869558781 3.2
-0.4450484433951209 -0.4216941869558781 3.6
-0.4111260466978156 -0.4487463956090912 2.4
-0.4111260466978156 -0.4487463956090912 2.8
-0.4111260466978156 -0.4487463956090912 3.2
-0.4111260466978156 -0.4487463956090912 3.6
-0.3688255099070633 -0.4390915741234015 2.4
-0.3688255099070633 -0.4390915741234015 2.8
-0.3688255099070633 -0.4390915741234015 3.2
-0.3688255099070633 -0.4390915741234015 3.6
-0.3549515566048791 -0.3783058130441221 2.4
-0.3688255099070634 -0.3609084258765985 2.2
-0.3549515566048791 -0.3783058130441221 2.2
-0.3549515566048791 -0.3783058130441221 2.8
-0.3688255099070634 -0.3609084258765985 2.6
-0.3549515566048791 -0.3783058130441221 2.6
-0.3549515566048791 -0.3783058130441221 3.2
-0.3688255099070634 -0.3609084258765985 3
-0.3549515566048791 -0.3783058130441221 3
-0.3549515566048791 -0.3783058130441221 3.6
-0.3688255099070634 -0.3609084258765985 3.4
-0.3549515566048791 -0.3783058130441221 3.4
-0.3688255099070634 -0.3609084258765985 3.8
-0.3549515566048791 -0.3783058130441221 3.8
-0.3888739533021843 -0.3512536043909088 2.4
-0.4111260466978158 -0.3512536043909089 2.2
-0.3888739533021844 -0.3512536043909088 2.2
-0.3888739533021843 -0.3512536043909088 2.8
-0.4111260466978158 -0.3512536043909089 2.6
-0.3888739533021843 -0.3512536043909088 2.6
-0.3888739533021843 -0.3512536043909088 3.2
-0.4111260466978158 -0.3512536043909089 3
-0.3888739533021843 -0.3512536043909088 3
-0.3888739533021843 -0.3512536043909088 3.6
-0.4111260466978158 -0.3512536043909089 3.4
-0.3888739533021843 -0.3512536043909088 3.4
-0.4111260466978158 -0.3512536043909089 3.8
-0.3888739533021844 -0.3512536043909088 3.8
-0.4311744900929368 -0.3609084258765986 2.4
-0.4450484433951211 -0.3783058130441223 2.2
-0.4311744900929368 -0.3609084258765987 2.2
-0.4311744900929368 -0.3609084258765986 2.8
-0.4450484433951211 -0.3783058130441223 2.6
-0.4311744900929368 -0.3609084258765987 2.6
-0.4311744900929368 -0.3609084258765986 3.2
-0.4450484433951211 -0.3783058130441223 3
-0.4311744900929368 -0.3609084258765987 3
-0.4311744900929368 -0.3609084258765986 3.6
-0.4450484433951211 -0.3783058130441223 3.4
-0.4311744900929368 -0.3609084258765987 3.4
-0.4450484433951211 -0.3783058130441223 3.8
-0.4311744900929368 -0.3609084258765987 3.8
-0.45 -0.4000000000000002 2.4
-0.4450484433951209 -0.4216941869558781 2.2
-0.45 -0.4000000000000002 2.2
-0.45 -0.4000000000000002 2.8
-0.4450484433951209 -0.4216941869558781 2.6
-0.45 -0.4000000000000002 2.6
-0.45 -0.4000000000000002 3.2
-0.4450484433951209 -0.4216941869558781 3
-0.45 -0.4000000000000002 3
-0.45 -0.4000000000000002 3.6
-0.4450484433951209 -0.4216941869558781 3.4
-0.45 -0.4000000000000002 3.4
-0.4450484433951209 -0.4216941869558781 3.8
-0.45 -0.4000000000000002 3.8
-0.4311744900929366 -0.4390915741234016 2.4
-0.4111260466978156 -0.4487463956090912 2.2
-0.4311744900929366 -0.4390915741234017 2.2
-0.4311744900929366 -0.4390915741234016 2.8
-0.4111260466978156 -0.4487463956090912 2.6
-0.4311744900929366 -0.4390915741234017 2.6
-0.4311744900929366 -0.4390915741234016 3.2
-0.4111260466978156 -0.4487463956090912 3
-0.4311744900929366 -0.4390915741234017 3
-0.4311744900929366 -0.4390915741234016 3.6
-0.4111260466978156 -0.4487463956090912 3.4
-0.4311744900929366 -0.4390915741234017 3.4
-0.4111260466978156 -0.4487463956090912 3.8
-0.4311744900929366 -0.4390915741234017 3.8
-0.3888739533021842 -0.4487463956090912 2.4
-0.3688255099070633 -0.4390915741234015 2.2
-0.3888739533021842 -0.4487463956090912 2.2
-0.3888739533021842 -0.4487463956090912 2.8
-0.3688255099070633 -0.4390915741234015 2.6
-0.3888739533021842 -0.4487463956090912 2.6
-0.3888739533021842 -0.4487463956090912 3.2
-0.3688255099070633 -0.4390915741234015 3
-0.3888739533021842 -0.4487463956090912 3
-0.3888739533021842 -0.4487463956090912 3.6
-0.3688255099070633 -0.4390915741234015 3.4
-0.3888739533021842 -0.4487463956090912 3.4
-0.3688255099070633 -0.4390915741234015 3.8
-0.3888739533021842 -0.4487463956090912 3.8
-0.354951556604879 -0.4216941869558779 2.4
-0.354951556604879 -0.4216941869558779 2.2
-0.354951556604879 -0.4216941869558779 2.8
-0.354951556604879 -0.4216941869558779 2.6
-0.354951556604879 -0.4216941869558779 3.2
-0.354951556604879 -0.4216941869558779 3
-0.354951556604879 -0.4216941869558779 3.6
-0.354951556604879 -0.4216941869558779 3.4
-0.354951556604879 -0.4216941869558779 3.8
2 44 0 9
6696
6697
6698
6699
6700
6701
6702
6703
6704
0.4353553390593274 -0.4353553390593274 0.8
0.4353553390593274 -0.4353553390593273 0.9
0.4353553390593274 -0.4353553390593274 0.6
0.4353553390593274 -0.4353553390593273 0.7
0.4353553390593274 -0.4353553390593274 0.4
0.4353553390593274 -0.4353553390593273 0.5
0.4353553390593274 -0.4353553390593274 0.2
0.4353553390593274 -0.4353553390593273 0.3
0.4353553390593274 -0.4353553390593273 0.09999999999999998
2 45 0 9
6705
6706
6707
6708
6709
6710
6711
6712
6713
0.4353553390593274 -0.3646446609406727 0.8
0.4353553390593273 -0.3646446609406727 0.9
0.4353553390593274 -0.3646446609406727 0.6
0.4353553390593273 -0.3646446609406727 0.7
0.4353553390593274 -0.3646446609406727 0.4
0.4353553390593273 -0.3646446609406727 0.5
0.4353553390593274 -0.3646446609406727 0.2
0.4353553390593273 -0.3646446609406727 0.3
0.4353553390593273 -0.3646446609406727 0.09999999999999998
2 46 0 9
6714
6715
6716
6717
6718
6719
6720
6721
6722
0.3646446609406726 -0.3646446609406726 0.8
0.3646446609406726 -0.3646446609406726 0.9
0.3646446609406726 -0.3646446609406726 0.6
0.3646446609406726 -0.3646446609406726 0.7
0.3646446609406726 -0.3646446609406726 0.4
0.3646446609406726 -0.3646446609406726 0.5
0.3646446609406726 -0.3646446609406726 0.2
0.3646446609406726 -0.3646446609406726 0.3
0.3646446609406726 -0.3646446609406726 0.09999999999999998
2 47 0 9
6723
6724
6725
6726
6727
6728
6729
6730
6731
0.3646446609406726 -0.4353553390593274 0.8
0.3646446609406726 -0.4353553390593274 0.9
0.3646446609406726 -0.4353553390593274 0.6
0.3646446609406726 -0.4353553390593274 0.7
0.3646446609406726 -0.4353553390593274 0.4
0.3646446609406726 -0.4353553390593274 0.5
0.3646446609406726 -0.4353553390593274 0.2
0.3646446609406726 -0.4353553390593274 0.3
0.3646446609406726 -0.4353553390593274 0.09999999999999998
2 48 0 9
6732
6733
6734
6735
6736
6737
6738
6739
6740
0.7353553390593274 0.03535533905932737 0.8
0.7353553390593273 0.03535533905932739 0.9
0.7353553390593274 0.03535533905932737 0.6
0.7353553390593273 0.03535533905932737 0.7
0.7353553390593274 0.03535533905932737 0.4
0.7353553390593273 0.03535533905932737 0.5
0.7353553390593274 0.03535533905932737 0.2
0.7353553390593273 0.03535533905932737 0.3
0.7353553390593273 0.03535533905932739 0.09999999999999998
2 49 0 9
6741
6742
6743
6744
6745
6746
6747
6748
6749
0.6646446609406726 0.03535533905932745 0.8
0.6646446609406726 0.03535533905932742 0.9
0.6646446609406726 0.03535533905932745 0.6
0.6646446609406726 0.03535533905932745 0.7
0.6646446609406726 0.03535533905932745 0.4
0.6646446609406726 0.03535533905932745 0.5
0.6646446609406726 0.03535533905932745 0.2
0.6646446609406726 0.03535533905932745 0.3
0.6646446609406726 0.03535533905932742 0.09999999999999998
2 50 0 9
6750
6751
6752
6753
6754
6755
6756
6757
6758
0.6646446609406726 -0.03535533905932739 0.8
0.6646446609406726 -0.03535533905932736 0.9
0.6646446609406726 -0.03535533905932739 0.6
0.6646446609406726 -0.03535533905932739 0.7
0.6646446609406726 -0.03535533905932739 0.4
0.6646446609406726 -0.03535533905932739 0.5
0.6646446609406726 -0.03535533905932739 0.2
0.6646446609406726 -0.03535533905932739 0.3
0.6646446609406726 -0.03535533905932736 0.09999999999999998
2 51 0 9
6759
6760
6761
6762
6763
6764
6765
6766
6767
0.7353553390593274 -0.03535533905932735 0.8
0.7353553390593274 -0.03535533905932736 0.9
0.7353553390593274 -0.03535533905932735 0.6
0.7353553390593274 -0.03535533905932735 0.7
0.7353553390593274 -0.03535533905932735 0.4
0.7353553390593274 -0.03535533905932735 0.5
0.7353553390593274 -0.03535533905932735 0.2
0.7353553390593274 -0.03535533905932735 0.3
0.7353553390593274 -0.03535533905932736 0.09999999999999998
2 52 0 9
6768
6769
6770
6771
6772
6773
6774
6775
6776
0.4353553390593274 0.4353553390593274 0.8
0.4353553390593273 0.4353553390593274 0.9
0.4353553390593274 0.4353553390593274 0.6
0.4353553390593273 0.4353553390593274 0.7
0.4353553390593274 0.4353553390593274 0.4
0.4353553390593273 0.4353553390593274 0.5
0.4353553390593274 0.4353553390593274 0.2
0.4353553390593273 0.4353553390593274 0.3
0.4353553390593273 0.4353553390593274 0.09999999999999998
2 53 0 9
6777
6778
6779
6780
6781
6782
6783
6784
6785
0.4353553390593274 0.3646446609406726 0.8
0.4353553390593274 0.3646446609406726 0.9
0.4353553390593274 0.3646446609406726 0.6
0.4353553390593274 0.3646446609406726 0.7
0.4353553390593274 0.3646446609406726 0.4
0.4353553390593274 0.3646446609406726 0.5
0.4353553390593274 0.3646446609406726 0.2
0.4353553390593274 0.3646446609406726 0.3
0.4353553390593274 0.3646446609406726 0.09999999999999998
2 54 0 9
6786
6787
6788
6789
6790
6791
6792
6793
6794
0.3646446609406726 0.3646446609406726 0.8
0.3646446609406726 0.3646446609406726 0.9
0.3646446609406726 0.3646446609406726 0.6
0.3646446609406726 0.3646446609406726 0.7
0.3646446609406726 0.3646446609406726 0.4
0.3646446609406726 0.3646446609406726 0.5
0.3646446609406726 0.3646446609406726 0.2
0.3646446609406726 0.3646446609406726 0.3
0.3646446609406726 0.3646446609406726 0.09999999999999998
2 55 0 9
6795
6796
6797
6798
6799
6800
6801
6802
6803
0.3646446609406727 0.4353553390593274 0.8
0.3646446609406727 0.4353553390593273 0.9
0.3646446609406727 0.4353553390593274 0.6
0.3646446609406727 0.4353553390593273 0.7
0.3646446609406727 0.4353553390593274 0.4
0.3646446609406727 0.4353553390593273 0.5
0.3646446609406727 0.4353553390593274 0.2
0.3646446609406727 0.4353553390593273 0.3
0.3646446609406727 0.4353553390593273 0.09999999999999998
2 56 0 117
6804
6805
6806
6807
6808
6809
6810
6811
6812
6813
6814
6815
6816
6817
6818
6819
6820
6821
6822
6823
6824
6825
6826
6827
6828
6829
6830
6831
6832
6833
6834
6835
6836
6837
6838
6839
6840
6841
6842
6843
6844
6845
6846
6847
6848
6849
6850
6851
6852
6853
6854
6855
6856
6857
6858
6859
6860
6861
6862
6863
6864
6865
6866
6867
6868
6869
6870
6871
6872
6873
6874
6875
6876
6877
6878
6879
6880
6881
6882
6883
6884
6885
6886
6887
6888
6889
6890
6891
6892
6893
6894
6895
6896
6897
6898
6899
6900
6901
6902
6903
6904
6905
6906
6907
6908
6909
6910
6911
6912
6913
6914
6915
6916
6917
6918
6919
6920
-0.3688255099070634 -0.3609084258765985 4.2
-0.3688255099070634 -0.3609084258765985 4.4
-0.3688255099070634 -0.3609084258765985 4.6
-0.3688255099070634 -0.3609084258765985 4.8
-0.4111260466978158 -0.3512536043909089 4.2
-0.4111260466978158 -0.3512536043909089 4.4
-0.4111260466978158 -0.3512536043909089 4.6
-0.4111260466978158 -0.3512536043909089 4.8
-0.4450484433951211 -0.3783058130441223 4.2
-0.4450484433951211 -0.3783058130441223 4.4
-0.4450484433951211 -0.3783058130441223 4.6
-0.4450484433951211 -0.3783058130441223 4.8
-0.4450484433951209 -0.4216941869558781 4.2
-0.4450484433951209 -0.4216941869558781 4.4
-0.4450484433951209 -0.4216941869558781 4.6
-0.4450484433951209 -0.4216941869558781 4.8
-0.4111260466978156 -0.4487463956090912 4.2
-0.4111260466978156 -0.4487463956090912 4.4
-0.4111260466978156 -0.4487463956090912 4.6
-0.4111260466978156 -0.4487463956090912 4.8
-0.3688255099070633 -0.4390915741234015 4.2
-0.3688255099070633 -0.4390915741234015 4.4
-0.3688255099070633 -0.4390915741234015 4.6
-0.3688255099070633 -0.4390915741234015 4.8
-0.3549515566048791 -0.3783058130441221 4.2
-0.3688255099070634 -0.3609084258765985 4.1
-0.3549515566048791 -0.3783058130441221 4.1
-0.3549515566048791 -0.3783058130441221 4.4
-0.3688255099070634 -0.3609084258765985 4.300000000000001
-0.3549515566048791 -0.3783058130441221 4.3
-0.3549515566048791 -0.3783058130441221 4.6
-0.3688255099070634 -0.3609084258765985 4.5
-0.3549515566048791 -0.3783058130441221 4.5
-0.3549515566048791 -0.3783058130441221 4.8
-0.3688255099070634 -0.3609084258765985 4.699999999999999
-0.3549515566048791 -0.3783058130441221 4.7
-0.3688255099070634 -0.3609084258765985 4.9
-0.3549515566048791 -0.3783058130441221 4.9
-0.3888739533021843 -0.3512536043909088 4.2
-0.4111260466978158 -0.3512536043909089 4.1
-0.3888739533021844 -0.3512536043909088 4.1
-0.3888739533021843 -0.3512536043909088 4.4
-0.4111260466978158 -0.3512536043909089 4.300000000000001
-0.3888739533021843 -0.3512536043909088 4.300000000000001
-0.3888739533021843 -0.3512536043909088 4.6
-0.4111260466978158 -0.3512536043909089 4.5
-0.3888739533021843 -0.3512536043909088 4.5
-0.3888739533021843 -0.3512536043909088 4.8
-0.4111260466978158 -0.3512536043909089 4.699999999999999
-0.3888739533021843 -0.3512536043909088 4.699999999999999
-0.4111260466978158 -0.3512536043909089 4.9
-0.3888739533021844 -0.3512536043909088 4.9
-0.4311744900929368 -0.3609084258765986 4.2
-0.4450484433951211 -0.3783058130441223 4.1
-0.4311744900929368 -0.3609084258765987 4.1
-0.4311744900929368 -0.3609084258765986 4.4
-0.4450484433951211 -0.3783058130441223 4.300000000000001
-0.4311744900929368 -0.3609084258765987 4.300000000000001
-0.4311744900929368 -0.3609084258765986 4.6
-0.4450484433951211 -0.3783058130441223 4.5
-0.4311744900929368 -0.3609084258765987 4.5
-0.4311744900929368 -0.3609084258765986 4.8
-0.4450484433951211 -0.3783058130441223 4.699999999999999
-0.4311744900929368 -0.3609084258765987 4.699999999999999
-0.4450484433951211 -0.3783058130441223 4.9
-0.4311744900929368 -0.3609084258765987 4.9
-0.45 -0.4000000000000002 4.2
-0.4450484433951209 -0.4216941869558781 4.1
-0.45 -0.4000000000000002 4.1
-0.45 -0.4000000000000002 4.4
-0.4450484433951209 -0.4216941869558781 4.300000000000001
-0.45 -0.4000000000000002 4.300000000000001
-0.45 -0.4000000000000002 4.6
-0.4450484433951209 -0.4216941869558781 4.5
-0.45 -0.4000000000000002 4.5
-0.45 -0.4000000000000002 4.8
-0.4450484433951209 -0.4216941869558781 4.699999999999999
-0.45 -0.4000000000000002 4.699999999999999
-0.4450484433951209 -0.4216941869558781 4.9
-0.45 -0.4000000000000002 4.9
-0.4311744900929366 -0.4390915741234016 4.2
-0.4111260466978156 -0.4487463956090912 4.1
-0.4311744900929366 -0.4390915741234017 4.1
-0.4311744900929366 -0.4390915741234016 4.4
-0.4111260466978156 -0.4487463956090912 4.300000000000001
-0.4311744900929366 -0.4390915741234017 4.300000000000001
-0.4311744900929366 -0.4390915741234016 4.6
-0.4111260466978156 -0.4487463956090912 4.5
-0.4311744900929366 -0.4390915741234017 4.5
-0.4311744900929366 -0.4390915741234016 4.8
-0.4111260466978156 -0.4487463956090912 4.699999999999999
-0.4311744900929366 -0.4390915741234017 4.699999999999999
-0.4111260466978156 -0.4487463956090912 4.9
-0.4311744900929366 -0.4390915741234017 4.9
-0.3888739533021842 -0.4487463956090912 4.2
-0.3688255099070633 -0.4390915741234015 4.1
-0.3888739533021842 -0.4487463956090912 4.1
-0.3888739533021842 -0.4487463956090912 4.4
-0.3688255099070633 -0.4390915741234015 4.300000000000001
-0.3888739533021842 -0.4487463956090912 4.300000000000001
-0.3888739533021842 -0.4487463956090912 4.6
-0.3688255099070633 -0.4390915741234015 4.5
-0.3888739533021842 -0.4487463956090912 4.5
-0.3888739533021842 -0.4487463956090912 4.8
-0.3688255099070633 -0.4390915741234015 4.699999999999999
-0.3888739533021842 -0.4487463956090912 4.699999999999999
-0.3688255099070633 -0.4390915741234015 4.9
-0.3888739533021842 -0.4487463956090912 4.9
-0.354951556604879 -0.4216941869558779 4.2
-0.354951556604879 -0.4216941869558779 4.1
-0.354951556604879 -0.4216941869558779 4.4
-0.354951556604879 -0.4216941869558779 4.3
-0.354951556604879 -0.4216941869558779 4.6
-0.354951556604879 -0.4216941869558779 4.5
-0.354951556604879 -0.4216941869558779 4.8
-0.354951556604879 -0.4216941869558779 4.7
-0.354951556604879 -0.4216941869558779 4.9
2 57 0 117
6921
6922
6923
6924
6925
6926
6927
6928
6929
6930
6931
6932
6933
6934
6935
6936
6937
6938
6939
6940
6941
6942
6943
6944
6945
6946
6947
6948
6949
6950
6951
6952
6953
6954
6955
6956
6957
6958
6959
6960
6961
6962
6963
6964
6965
6966
6967
6968
6969
6970
6971
6972
6973
6974
6975
6976
6977
6978
6979
6980
6981
6982
6983
6984
6985
6986
6987
6988
6989
6990
6991
6992
6993
6994
6995
6996
6997
6998
6999
7000
7001
7002
7003
7004
7005
7006
7007
7008
7009
7010
7011
7012
7013
7014
7015
7016
7017
7018
7019
7020
7021
7022
7023
7024
7025
7026
7027
7028
7029
7030
7031
7032
7033
7034
7035
7036
7037
-0.6688255099070634 0.03909157412340152 4.2
-0.6688255099070634 0.03909157412340152 4.4
-0.6688255099070634 0.03909157412340152 4.6
-0.6688255099070634 0.03909157412340152 4.8
-0.7111260466978158 0.04874639560909116 4.2
-0.7111260466978158 0.04874639560909116 4.4
-0.7111260466978158 0.04874639560909116 4.6
-0.7111260466978158 0.04874639560909116 4.8
-0.745048443395121 0.02169418695587775 4.2
-0.745048443395121 0.02169418695587775 4.4
-0.745048443395121 0.02169418695587775 4.6
-0.745048443395121 0.02169418695587775 4.8
-0.7450484433951208 -0.02169418695587812 4.2
-0.7450484433951208 -0.02169418695587812 4.4
-0.7450484433951208 -0.02169418695587812 4.6
-0.7450484433951208 -0.02169418695587812 4.8
-0.7111260466978154 -0.04874639560909123 4.2
-0.7111260466978154 -0.04874639560909123 4.4
-0.7111260466978154 -0.04874639560909123 4.6
-0.7111260466978154 -0.04874639560909123 4.8
-0.6688255099070632 -0.03909157412340147 4.2
-0.6688255099070632 -0.03909157412340147 4.4
-0.6688255099070632 -0.03909157412340147 4.6
-0.6688255099070632 -0.03909157412340147 4.8
-0.654951556604879 0.0216941869558779 4.2
-0.6688255099070634 0.03909157412340154 4.1
-0.6549515566048791 0.02169418695587793 4.1
-0.654951556604879 0.0216941869558779 4.4
-0.6688255099070634 0.03909157412340154 4.300000000000001
-0.6549515566048791 0.02169418695587792 4.3
-0.654951556604879 0.0216941869558779 4.6
-0.6688255099070634 0.03909157412340154 4.5
-0.6549515566048791 0.02169418695587792 4.5
-0.654951556604879 0.0216941869558779 4.8
-0.6688255099070634 0.03909157412340154 4.699999999999999
-0.6549515566048791 0.02169418695587792 4.7
-0.6688255099070634 0.03909157412340154 4.9
-0.6549515566048791 0.02169418695587793 4.9
-0.6888739533021844 0.04874639560909122 4.2
-0.7111260466978158 0.04874639560909116 4.1
-0.6888739533021843 0.04874639560909122 4.1
-0.6888739533021844 0.04874639560909122 4.4
-0.7111260466978158 0.04874639560909116 4.300000000000001
-0.6888739533021844 0.04874639560909123 4.300000000000001
-0.6888739533021844 0.04874639560909122 4.6
-0.7111260466978158 0.04874639560909116 4.5
-0.6888739533021844 0.04874639560909123 4.5
-0.6888739533021844 0.04874639560909122 4.8
-0.7111260466978158 0.04874639560909116 4.699999999999999
-0.6888739533021844 0.04874639560909123 4.699999999999999
-0.7111260466978158 0.04874639560909116 4.9
-0.6888739533021843 0.04874639560909122 4.9
-0.7311744900929368 0.03909157412340142 4.2
-0.745048443395121 0.02169418695587775 4.1
-0.7311744900929368 0.03909157412340142 4.1
-0.7311744900929368 0.03909157412340142 4.4
-0.745048443395121 0.02169418695587775 4.300000000000001
-0.7311744900929368 0.03909157412340142 4.300000000000001
-0.7311744900929368 0.03909157412340142 4.6
-0.745048443395121 0.02169418695587775 4.5
-0.7311744900929368 0.03909157412340142 4.5
-0.7311744900929368 0.03909157412340142 4.8
-0.745048443395121 0.02169418695587775 4.699999999999999
-0.7311744900929368 0.03909157412340142 4.699999999999999
-0.745048443395121 0.02169418695587775 4.9
-0.7311744900929368 0.03909157412340142 4.9
-0.75 -1.937171126634163e-16 4.2
-0.7450484433951208 -0.02169418695587812 4.1
-0.75 -2.051053012326609e-16 4.1
-0.75 -1.937171126634163e-16 4.4
-0.7450484433951208 -0.02169418695587812 4.300000000000001
-0.75 -1.940030709864094e-16 4.300000000000001
-0.75 -1.937171126634163e-16 4.6
-0.7450484433951208 -0.02169418695587812 4.5
-0.75 -1.940030709864094e-16 4.5
-0.75 -1.937171126634163e-16 4.8
-0.7450484433951208 -0.02169418695587812 4.699999999999999
-0.75 -1.940030709864094e-16 4.699999999999999
-0.7450484433951208 -0.02169418695587812 4.9
-0.75 -2.044114118422702e-16 4.9
-0.7311744900929364 -0.0390915741234016 4.2
-0.7111260466978154 -0.04874639560909124 4.1
-0.7311744900929364 -0.03909157412340161 4.1
-0.7311744900929364 -0.0390915741234016 4.4
-0.7111260466978154 -0.04874639560909124 4.300000000000001
-0.7311744900929364 -0.0390915741234016 4.300000000000001
-0.7311744900929364 -0.0390915741234016 4.6
-0.7111260466978154 -0.04874639560909124 4.5
-0.7311744900929364 -0.0390915741234016 4.5
-0.7311744900929364 -0.0390915741234016 4.8
-0.7111260466978154 -0.04874639560909124 4.699999999999999
-0.7311744900929364 -0.0390915741234016 4.699999999999999
-0.7111260466978154 -0.04874639560909124 4.9
-0.7311744900929364 -0.03909157412340161 4.9
-0.6888739533021841 -0.04874639560909116 4.2
-0.6688255099070632 -0.03909157412340147 4.1
-0.6888739533021841 -0.04874639560909117 4.1
-0.6888739533021841 -0.04874639560909116 4.4
-0.6688255099070632 -0.03909157412340147 4.300000000000001
-0.6888739533021841 -0.04874639560909118 4.300000000000001
-0.6888739533021841 -0.04874639560909116 4.6
-0.6688255099070632 -0.03909157412340147 4.5
-0.6888739533021841 -0.04874639560909118 4.5
-0.6888739533021841 -0.04874639560909116 4.8
-0.6688255099070632 -0.03909157412340147 4.699999999999999
-0.6888739533021841 -0.04874639560909118 4.699999999999999
-0.6688255099070632 -0.03909157412340147 4.9
-0.6888739533021841 -0.04874639560909117 4.9
-0.654951556604879 -0.02169418695587788 4.2
-0.654951556604879 -0.0216941869558779 4.1
-0.654951556604879 -0.02169418695587788 4.4
-0.654951556604879 -0.02169418695587788 4.3
-0.654951556604879 -0.02169418695587788 4.6
-0.654951556604879 -0.02169418695587788 4.5
-0.654951556604879 -0.02169418695587788 4.8
-0.654951556604879 -0.02169418695587788 4.7
-0.654951556604879 -0.0216941869558779 4.9
2 58 0 117
7038
7039
7040
7041
7042
7043
7044
7045
7046
7047
7048
7049
7050
7051
7052
7053
7054
7055
7056
7057
7058
7059
7060
7061
7062
7063
7064
7065
7066
7067
7068
7069
7070
7071
7072
7073
7074
7075
7076
7077
7078
7079
7080
7081
7082
7083
7084
7085
7086
7087
7088
7089
7090
7091
7092
7093
7094
7095
7096
7097
7098
7099
7100
7101
7102
7103
7104
7105
7106
7107
7108
7109
7110
7111
7112
7113
7114
7115
7116
7117
7118
7119
7120
7121
7122
7123
7124
7125
7126
7127
7128
7129
7130
7131
7132
7133
7134
7135
7136
7137
7138
7139
7140
7141
7142
7143
7144
7145
7146
7147
7148
7149
7150
7151
7152
7153
7154
-0.3688255099070634 0.4390915741234016 4.2
-0.3688255099070634 0.4390915741234016 4.4
-0.3688255099070634 0.4390915741234016 4.6
-0.3688255099070634 0.4390915741234016 4.8
-0.4111260466978158 0.4487463956090912 4.2
-0.4111260466978158 0.4487463956090912 4.4
-0.4111260466978158 0.4487463956090912 4.6
-0.4111260466978158 0.4487463956090912 4.8
-0.4450484433951211 0.4216941869558778 4.2
-0.4450484433951211 0.4216941869558778 4.4
-0.4450484433951211 0.4216941869558778 4.6
-0.4450484433951211 0.4216941869558778 4.8
-0.4450484433951209 0.3783058130441219 4.2
-0.4450484433951209 0.3783058130441219 4.4
-0.4450484433951209 0.3783058130441219 4.6
-0.4450484433951209 0.3783058130441219 4.8
-0.4111260466978156 0.3512536043909088 4.2
-0.4111260466978156 0.3512536043909088 4.4
-0.4111260466978156 0.3512536043909088 4.6
-0.4111260466978156 0.3512536043909088 4.8
-0.3688255099070633 0.3609084258765985 4.2
-0.3688255099070633 0.3609084258765985 4.4
-0.3688255099070633 0.3609084258765985 4.6
-0.3688255099070633 0.3609084258765985 4.8
-0.3549515566048791 0.4216941869558779 4.2
-0.3688255099070634 0.4390915741234016 4.1
-0.3549515566048791 0.4216941869558779 4.1
-0.3549515566048791 0.4216941869558779 4.4
-0.3688255099070634 0.4390915741234016 4.300000000000001
-0.3549515566048791 0.4216941869558779 4.3
-0.3549515566048791 0.4216941869558779 4.6
-0.3688255099070634 0.4390915741234016 4.5
-0.3549515566048791 0.4216941869558779 4.5
-0.3549515566048791 0.4216941869558779 4.8
-0.3688255099070634 0.4390915741234016 4.699999999999999
-0.3549515566048791 0.4216941869558779 4.7
-0.3688255099070634 0.4390915741234016 4.9
-0.3549515566048791 0.4216941869558779 4.9
-0.3888739533021843 0.4487463956090912 4.2
-0.4111260466978158 0.4487463956090912 4.1
-0.3888739533021844 0.4487463956090912 4.1
-0.3888739533021843 0.4487463956090912 4.4
-0.4111260466978158 0.4487463956090912 4.300000000000001
-0.3888739533021843 0.4487463956090912 4.300000000000001
-0.3888739533021843 0.4487463956090912 4.6
-0.4111260466978158 0.4487463956090912 4.5
-0.3888739533021843 0.4487463956090912 4.5
-0.3888739533021843 0.4487463956090912 4.8
-0.4111260466978158 0.4487463956090912 4.699999999999999
-0.3888739533021843 0.4487463956090912 4.699999999999999
-0.4111260466978158 0.4487463956090912 4.9
-0.3888739533021844 0.4487463956090912 4.9
-0.4311744900929368 0.4390915741234014 4.2
-0.4450484433951211 0.4216941869558778 4.1
-0.4311744900929368 0.4390915741234014 4.1
-0.4311744900929368 0.4390915741234014 4.4
-0.4450484433951211 0.4216941869558778 4.300000000000001
-0.4311744900929368 0.4390915741234014 4.300000000000001
-0.4311744900929368 0.4390915741234014 4.6
-0.4450484433951211 0.4216941869558778 4.5
-0.4311744900929368 0.4390915741234014 4.5
-0.4311744900929368 0.4390915741234014 4.8
-0.4450484433951211 0.4216941869558778 4.699999999999999
-0.4311744900929368 0.4390915741234014 4.699999999999999
-0.4450484433951211 0.4216941869558778 4.9
-0.4311744900929368 0.4390915741234014 4.9
-0.45 0.3999999999999999 4.2
-0.4450484433951209 0.3783058130441219 4.1
-0.45 0.3999999999999998 4.1
-0.45 0.3999999999999999 4.4
-0.4450484433951209 0.3783058130441219 4.300000000000001
-0.45 0.3999999999999999 4.300000000000001
-0.45 0.3999999999999999 4.6
-0.4450484433951209 0.3783058130441219 4.5
-0.45 0.3999999999999999 4.5
-0.45 0.3999999999999999 4.8
-0.4450484433951209 0.3783058130441219 4.699999999999999
-0.45 0.3999999999999999 4.699999999999999
-0.4450484433951209 0.3783058130441219 4.9
-0.45 0.3999999999999998 4.9
-0.4311744900929366 0.3609084258765984 4.2
-0.4111260466978156 0.3512536043909088 4.1
-0.4311744900929366 0.3609084258765984 4.1
-0.4311744900929366 0.3609084258765984 4.4
-0.4111260466978156 0.3512536043909088 4.300000000000001
-0.4311744900929366 0.3609084258765985 4.300000000000001
-0.4311744900929366 0.3609084258765984 4.6
-0.4111260466978156 0.3512536043909088 4.5
-0.4311744900929366 0.3609084258765985 4.5
-0.4311744900929366 0.3609084258765984 4.8
-0.4111260466978156 0.3512536043909088 4.699999999999999
-0.4311744900929366 0.3609084258765985 4.699999999999999
-0.4111260466978156 0.3512536043909088 4.9
-0.4311744900929366 0.3609084258765984 4.9
-0.3888739533021842 0.3512536043909089 4.2
-0.3688255099070633 0.3609084258765985 4.1
-0.3888739533021842 0.3512536043909089 4.1
-0.3888739533021842 0.3512536043909089 4.4
-0.3688255099070633 0.3609084258765985 4.300000000000001
-0.3888739533021842 0.3512536043909089 4.300000000000001
-0.3888739533021842 0.3512536043909089 4.6
-0.3688255099070633 0.3609084258765985 4.5
-0.3888739533021842 0.3512536043909089 4.5
-0.3888739533021842 0.3512536043909089 4.8
-0.3688255099070633 0.3609084258765985 4.699999999999999
-0.3888739533021842 0.3512536043909089 4.699999999999999
-0.3688255099070633 0.3609084258765985 4.9
-0.3888739533021842 0.3512536043909089 4.9
-0.354951556604879 0.3783058130441221 4.2
-0.354951556604879 0.3783058130441221 4.1
-0.354951556604879 0.3783058130441221 4.4
-0.354951556604879 0.3783058130441221 4.3
-0.354951556604879 0.3783058130441221 4.6
-0.354951556604879 0.3783058130441221 4.5
-0.354951556604879 0.3783058130441221 4.8
-0.354951556604879 0.3783058130441221 4.7
-0.354951556604879 0.3783058130441221 4.9
2 59 0 63
7155
7156
7157
7158
7159
7160
7161
7162
7163
7164
7165
7166
7167
7168
7169
7170
7171
7172
7173
7174
7175
7176
7177
7178
7179
7180
7181
7182
7183
7184
7185
7186
7187
7188
7189
7190
7191
7192
7193
7194
7195
7196
7197
7198
7199
7200
7201
7202
7203
7204
7205
7206
7207
7208
7209
7210
7211
7212
7213
7214
7215
7216
7217
0.3826834323650905 -0.9238795325112864 0.8
0.3826834323650905 -0.9238795325112864 0.6
0.3826834323650905 -0.9238795325112864 0.4
0.3826834323650905 -0.9238795325112864 0.2
0.7071067811865478 -0.7071067811865472 0.8
0.7071067811865478 -0.7071067811865472 0.6
0.7071067811865478 -0.7071067811865472 0.4
0.7071067811865478 -0.7071067811865472 0.2
0.9238795325112868 -0.3826834323650894 0.8
0.9238795325112868 -0.3826834323650894 0.6
0.9238795325112868 -0.3826834323650894 0.4
0.9238795325112868 -0.3826834323650894 0.2
0.1950903220161286 -0.9807852804032304 0.8
0.3826834323650905 -0.9238795325112864 0.9
0.1950903220161286 -0.9807852804032304 0.9
0.1950903220161286 -0.9807852804032304 0.6
0.3826834323650905 -0.9238795325112864 0.7
0.1950903220161286 -0.9807852804032304 0.7
0.1950903220161286 -0.9807852804032304 0.4
0.3826834323650905 -0.9238795325112864 0.5
0.1950903220161286 -0.9807852804032304 0.5
0.1950903220161286 -0.9807852804032304 0.2
0.3826834323650905 -0.9238795325112864 0.3
0.1950903220161286 -0.9807852804032304 0.3
0.3826834323650905 -0.9238795325112864 0.09999999999999998
0.1950903220161286 -0.9807852804032304 0.09999999999999998
0.5555702330196027 -0.8314696123025449 0.8
0.7071067811865478 -0.7071067811865472 0.9
0.5555702330196026 -0.8314696123025449 0.9
0.5555702330196027 -0.8314696123025449 0.6
0.7071067811865478 -0.7071067811865472 0.7
0.5555702330196026 -0.8314696123025449 0.7
0.5555702330196027 -0.8314696123025449 0.4
0.7071067811865478 -0.7071067811865472 0.5
0.5555702330196026 -0.8314696123025449 0.5
0.5555702330196027 -0.8314696123025449 0.2
0.7071067811865478 -0.7071067811865472 0.3
0.5555702330196026 -0.8314696123025449 0.3
0.7071067811865478 -0.7071067811865472 0.09999999999999998
0.5555702330196026 -0.8314696123025449 0.09999999999999998
0.8314696123025453 -0.5555702330196022 0.8
0.9238795325112868 -0.3826834323650894 0.9
0.8314696123025455 -0.555570233019602 0.9
0.8314696123025453 -0.5555702330196022 0.6
0.9238795325112868 -0.3826834323650894 0.7
0.8314696123025453 -0.5555702330196022 0.7
0.8314696123025453 -0.5555702330196022 0.4
0.9238795325112868 -0.3826834323650894 0.5
0.8314696123025453 -0.5555702330196022 0.5
0.8314696123025453 -0.5555702330196022 0.2
0.9238795325112868 -0.3826834323650894 0.3
0.8314696123025453 -0.5555702330196022 0.3
0.9238795325112868 -0.3826834323650894 0.09999999999999998
0.8314696123025455 -0.555570233019602 0.09999999999999998
0.9807852804032304 -0.1950903220161282 0.8
0.9807852804032304 -0.1950903220161282 0.9
0.9807852804032304 -0.1950903220161282 0.6
0.9807852804032304 -0.1950903220161282 0.7
0.9807852804032304 -0.1950903220161282 0.4
0.9807852804032304 -0.1950903220161282 0.5
0.9807852804032304 -0.1950903220161282 0.2
0.9807852804032304 -0.1950903220161282 0.3
0.9807852804032304 -0.1950903220161282 0.09999999999999998
2 60 0 553
7218
7219
7220
7221
7222
7223
7224
7225
7226
7227
7228
7229
7230
7231
7232
7233
7234
7235
7236
7237
7238
7239
7240
7241
7242
7243
7244
7245
7246
7247
7248
7249
7250
7251
7252
7253
7254
7255
7256
7257
7258
7259
7260
7261
7262
7263
7264
7265
7266
7267
7268
7269
7270
7271
7272
7273
7274
7275
7276
7277
7278
7279
7280
7281
7282
7283
7284
7285
7286
7287
7288
7289
7290
7291
7292
7293
7294
7295
7296
7297
7298
7299
7300
7301
7302
7303
7304
7305
7306
7307
7308
7309
7310
7311
7312
7313
7314
7315
7316
7317
7318
7319
7320
7321
7322
7323
7324
7325
7326
7327
7328
7329
7330
7331
7332
7333
7334
7335
7336
7337
7338
7339
7340
7341
7342
7343
7344
7345
7346
7347
7348
7349
7350
7351
7352
7353
7354
7355
7356
7357
7358
7359
7360
7361
7362
7363
7364
7365
7366
7367
7368
7369
7370
7371
7372
7373
7374
7375
7376
7377
7378
7379
7380
7381
7382
7383
7384
7385
7386
7387
7388
7389
7390
7391
7392
7393
7394
7395
7396
7397
7398
7399
7400
7401
7402
7403
7404
7405
7406
7407
7408
7409
7410
7411
7412
7413
7414
7415
7416
7417
7418
7419
7420
7421
7422
7423
7424
7425
7426
7427
7428
7429
7430
7431
7432
7433
7434
7435
7436
7437
7438
7439
7440
7441
7442
7443
7444
7445
7446
7447
7448
7449
7450
7451
7452
7453
7454
7455
7456
7457
7458
7459
7460
7461
7462
7463
7464
7465
7466
7467
7468
7469
7470
7471
7472
7473
7474
7475
7476
7477
7478
7479
7480
7481
7482
7483
7484
7485
7486
7487
7488
7489
7490
7491
7492
7493
7494
7495
7496
7497
7498
7499
7500
7501
7502
7503
7504
7505
7506
7507
7508
7509
7510
7511
7512
7513
7514
7515
7516
7517
7518
7519
7520
7521
7522
7523
7524
7525
7526
7527
7528
7529
7530
7531
7532
7533
7534
7535
7536
7537
7538
7539
7540
7541
7542
7543
7544
7545
7546
7547
7548
7549
7550
7551
7552
7553
7554
7555
7556
7557
7558
7559
7560
7561
7562
7563
7564
7565
7566
7567
7568
7569
7570
7571
7572
7573
7574
7575
7576
7577
7578
7579
7580
7581
7582
7583
7584
7585
7586
7587
7588
7589
7590
7591
7592
7593
7594
7595
7596
7597
7598
7599
7600
7601
7602
7603
7604
7605
7606
7607
7608
7609
7610
7611
7612
7613
7614
7615
7616
7617
7618
7619
7620
7621
7622
7623
7624
7625
7626
7627
7628
7629
7630
7631
7632
7633
7634
7635
7636
7637
7638
7639
7640
7641
7642
7643
7644
7645
7646
7647
7648
7649
7650
7651
7652
7653
7654
7655
7656
7657
7658
7659
7660
7661
7662
7663
7664
7665
7666
7667
7668
7669
7670
7671
7672
7673
7674
7675
7676
7677
7678
7679
7680
7681
7682
7683
7684
7685
7686
7687
7688
7689
7690
7691
7692
7693
7694
7695
7696
7697
7698
7699
7700
7701
7702
7703
7704
7705
7706
7707
7708
7709
7710
7711
7712
7713
7714
7715
7716
7717
7718
7719
7720
7721
7722
7723
7724
7725
7726
7727
7728
7729
7730
7731
7732
7733
7734
7735
7736
7737
7738
7739
7740
7741
7742
7743
7744
7745
7746
7747
7748
7749
7750
7751
7752
7753
7754
7755
7756
7757
7758
7759
7760
7761
7762
7763
7764
7765
7766
7767
7768
7769
7770
0.3826834323650905 -0.9238795325112864 1.05
0.3826834323650905 -0.9238795325112864 1.1
0.3826834323650905 -0.9238795325112864 1.15
0.3826834323650905 -0.9238795325112864 1.2
0.3826834323650905 -0.9238795325112864 1.25
0.3826834323650905 -0.9238795325112864 1.3
0.3826834323650905 -0.9238795325112864 1.35
0.3826834323650905 -0.9238795325112864 1.4
0.3826834323650905 -0.9238795325112864 1.45
0.3826834323650905 -0.9238795325112864 1.5
0.3826834323650905 -0.9238795325112864 1.55
0.3826834323650905 -0.9238795325112864 1.6
0.3826834323650905 -0.9238795325112864 1.65
0.3826834323650905 -0.9238795325112864 1.7
0.3826834323650905 -0.9238795325112864 1.75
0.3826834323650905 -0.9238795325112864 1.8
0.3826834323650905 -0.9238795325112864 1.85
0.3826834323650905 -0.9238795325112864 1.9
0.3826834323650905 -0.9238795325112864 1.95
0.3826834323650905 -0.9238795325112864 2
0.3826834323650905 -0.9238795325112864 2.05
0.3826834323650905 -0.9238795325112864 2.1
0.3826834323650905 -0.9238795325112864 2.15
0.3826834323650905 -0.9238795325112864 2.2
0.3826834323650905 -0.9238795325112864 2.25
0.3826834323650905 -0.9238795325112864 2.3
0.3826834323650905 -0.9238795325112864 2.35
0.3826834323650905 -0.9238795325112864 2.4
0.3826834323650905 -0.9238795325112864 2.45
0.3826834323650905 -0.9238795325112864 2.5
0.3826834323650905 -0.9238795325112864 2.55
0.3826834323650905 -0.9238795325112864 2.6
0.3826834323650905 -0.9238795325112864 2.65
0.3826834323650905 -0.9238795325112864 2.7
0.3826834323650905 -0.9238795325112864 2.75
0.3826834323650905 -0.9238795325112864 2.8
0.3826834323650905 -0.9238795325112864 2.85
0.3826834323650905 -0.9238795325112864 2.9
0.3826834323650905 -0.9238795325112864 2.95
0.7071067811865478 -0.7071067811865472 1.05
0.7071067811865478 -0.7071067811865472 1.1
0.7071067811865478 -0.7071067811865472 1.15
0.7071067811865478 -0.7071067811865472 1.2
0.7071067811865478 -0.7071067811865472 1.25
0.7071067811865478 -0.7071067811865472 1.3
0.7071067811865478 -0.7071067811865472 1.35
0.7071067811865478 -0.7071067811865472 1.4
0.7071067811865478 -0.7071067811865472 1.45
0.7071067811865478 -0.7071067811865472 1.5
0.7071067811865478 -0.7071067811865472 1.55
0.7071067811865478 -0.7071067811865472 1.6
0.7071067811865478 -0.7071067811865472 1.65
0.7071067811865478 -0.7071067811865472 1.7
0.7071067811865478 -0.7071067811865472 1.75
0.7071067811865478 -0.7071067811865472 1.8
0.7071067811865478 -0.7071067811865472 1.85
0.7071067811865478 -0.7071067811865472 1.9
0.7071067811865478 -0.7071067811865472 1.95
0.7071067811865478 -0.7071067811865472 2
0.7071067811865478 -0.7071067811865472 2.05
0.7071067811865478 -0.7071067811865472 2.1
0.7071067811865478 -0.7071067811865472 2.15
0.7071067811865478 -0.7071067811865472 2.2
0.7071067811865478 -0.7071067811865472 2.25
0.7071067811865478 -0.7071067811865472 2.3
0.7071067811865478 -0.7071067811865472 2.35
0.7071067811865478 -0.7071067811865472 2.4
0.7071067811865478 -0.7071067811865472 2.45
0.7071067811865478 -0.7071067811865472 2.5
0.7071067811865478 -0.7071067811865472 2.55
0.7071067811865478 -0.7071067811865472 2.6
0.7071067811865478 -0.7071067811865472 2.65
0.7071067811865478 -0.7071067811865472 2.7
0.7071067811865478 -0.7071067811865472 2.75
0.7071067811865478 -0.7071067811865472 2.8
0.7071067811865478 -0.7071067811865472 2.85
0.7071067811865478 -0.7071067811865472 2.9
0.7071067811865478 -0.7071067811865472 2.95
0.9238795325112868 -0.3826834323650894 1.05
0.9238795325112868 -0.3826834323650894 1.1
0.9238795325112868 -0.3826834323650894 1.15
0.9238795325112868 -0.3826834323650894 1.2
0.9238795325112868 -0.3826834323650894 1.25
0.9238795325112868 -0.3826834323650894 1.3
0.9238795325112868 -0.3826834323650894 1.35
0.9238795325112868 -0.3826834323650894 1.4
0.9238795325112868 -0.3826834323650894 1.45
0.9238795325112868 -0.3826834323650894 1.5
0.9238795325112868 -0.3826834323650894 1.55
0.9238795325112868 -0.3826834323650894 1.6
0.9238795325112868 -0.3826834323650894 1.65
0.9238795325112868 -0.3826834323650894 1.7
0.9238795325112868 -0.3826834323650894 1.75
0.9238795325112868 -0.3826834323650894 1.8
0.9238795325112868 -0.3826834323650894 1.85
0.9238795325112868 -0.3826834323650894 1.9
0.9238795325112868 -0.3826834323650894 1.95
0.9238795325112868 -0.3826834323650894 2
0.9238795325112868 -0.3826834323650894 2.05
0.9238795325112868 -0.3826834323650894 2.1
0.9238795325112868 -0.3826834323650894 2.15
0.9238795325112868 -0.3826834323650894 2.2
0.9238795325112868 -0.3826834323650894 2.25
0.9238795325112868 -0.3826834323650894 2.3
0.9238795325112868 -0.3826834323650894 2.35
0.9238795325112868 -0.3826834323650894 2.4
0.9238795325112868 -0.3826834323650894 2.45
0.9238795325112868 -0.3826834323650894 2.5
0.9238795325112868 -0.3826834323650894 2.55
0.9238795325112868 -0.3826834323650894 2.6
0.9238795325112868 -0.3826834323650894 2.65
0.9238795325112868 -0.3826834323650894 2.7
0.9238795325112868 -0.3826834323650894 2.75
0.9238795325112868 -0.3826834323650894 2.8
0.9238795325112868 -0.3826834323650894 2.85
0.9238795325112868 -0.3826834323650894 2.9
0.9238795325112868 -0.3826834323650894 2.95
0.1950903220161286 -0.9807852804032304 1.05
0.3826834323650905 -0.9238795325112864 1.025
0.1950903220161286 -0.9807852804032304 1.025
0.1950903220161286 -0.9807852804032304 1.1
0.3826834323650905 -0.9238795325112864 1.075
0.1950903220161286 -0.9807852804032304 1.075
0.1950903220161286 -0.9807852804032304 1.15
0.3826834323650905 -0.9238795325112864 1.125
0.1950903220161286 -0.9807852804032304 1.125
0.1950903220161286 -0.9807852804032304 1.2
0.3826834323650905 -0.9238795325112864 1.175
0.1950903220161286 -0.9807852804032304 1.175
0.1950903220161286 -0.9807852804032304 1.25
0.3826834323650905 -0.9238795325112864 1.225
0.1950903220161286 -0.9807852804032304 1.225
0.1950903220161286 -0.9807852804032304 1.3
0.3826834323650905 -0.9238795325112864 1.275
0.1950903220161286 -0.9807852804032304 1.275
0.1950903220161286 -0.9807852804032304 1.35
0.3826834323650905 -0.9238795325112864 1.325
0.1950903220161286 -0.9807852804032304 1.325
0.1950903220161286 -0.9807852804032304 1.4
0.3826834323650905 -0.9238795325112864 1.375
0.1950903220161286 -0.9807852804032304 1.375
0.1950903220161286 -0.9807852804032304 1.45
0.3826834323650905 -0.9238795325112864 1.425
0.1950903220161286 -0.9807852804032304 1.425
0.1950903220161286 -0.9807852804032304 1.5
0.3826834323650905 -0.9238795325112864 1.475
0.1950903220161286 -0.9807852804032304 1.475
0.1950903220161286 -0.9807852804032304 1.55
0.3826834323650905 -0.9238795325112864 1.525
0.1950903220161286 -0.9807852804032304 1.525
0.1950903220161286 -0.9807852804032304 1.6
0.3826834323650905 -0.9238795325112864 1.575
0.1950903220161286 -0.9807852804032304 1.575
0.1950903220161286 -0.9807852804032304 1.65
0.3826834323650905 -0.9238795325112864 1.625
0.1950903220161286 -0.9807852804032304 1.625
0.1950903220161286 -0.9807852804032304 1.7
0.3826834323650905 -0.9238795325112864 1.675
0.1950903220161286 -0.9807852804032304 1.675
0.1950903220161286 -0.9807852804032304 1.75
0.3826834323650905 -0.9238795325112864 1.725
0.1950903220161286 -0.9807852804032304 1.725
0.1950903220161286 -0.9807852804032304 1.8
0.3826834323650905 -0.9238795325112864 1.775
0.1950903220161286 -0.9807852804032304 1.775
0.1950903220161286 -0.9807852804032304 1.85
0.3826834323650905 -0.9238795325112864 1.825
0.1950903220161286 -0.9807852804032304 1.825
0.1950903220161286 -0.9807852804032304 1.9
0.3826834323650905 -0.9238795325112864 1.875
0.1950903220161286 -0.9807852804032304 1.875
0.1950903220161286 -0.9807852804032304 1.95
0.3826834323650905 -0.9238795325112864 1.925
0.1950903220161286 -0.9807852804032304 1.925
0.1950903220161286 -0.9807852804032304 2
0.3826834323650905 -0.9238795325112864 1.975
0.1950903220161286 -0.9807852804032304 1.975
0.1950903220161286 -0.9807852804032304 2.05
0.3826834323650905 -0.9238795325112864 2.025
0.1950903220161286 -0.9807852804032304 2.025
0.1950903220161286 -0.9807852804032304 2.1
0.3826834323650905 -0.9238795325112864 2.075
0.1950903220161286 -0.9807852804032304 2.075
0.1950903220161286 -0.9807852804032304 2.15
0.3826834323650905 -0.9238795325112864 2.125
0.1950903220161286 -0.9807852804032304 2.125
0.1950903220161286 -0.9807852804032304 2.2
0.3826834323650905 -0.9238795325112864 2.175
0.1950903220161286 -0.9807852804032304 2.175
0.1950903220161286 -0.9807852804032304 2.25
0.3826834323650905 -0.9238795325112864 2.225
0.1950903220161286 -0.9807852804032304 2.225
0.1950903220161286 -0.9807852804032304 2.3
0.3826834323650905 -0.9238795325112864 2.275
0.1950903220161286 -0.9807852804032304 2.275
0.1950903220161286 -0.9807852804032304 2.35
0.3826834323650905 -0.9238795325112864 2.325
0.1950903220161286 -0.9807852804032304 2.325
0.1950903220161286 -0.9807852804032304 2.4
0.3826834323650905 -0.9238795325112864 2.375
0.1950903220161286 -0.9807852804032304 2.375
0.1950903220161286 -0.9807852804032304 2.45
0.3826834323650905 -0.9238795325112864 2.425
0.1950903220161286 -0.9807852804032304 2.425
0.1950903220161286 -0.9807852804032304 2.5
0.3826834323650905 -0.9238795325112864 2.475
0.1950903220161286 -0.9807852804032304 2.475
0.1950903220161286 -0.9807852804032304 2.55
0.3826834323650905 -0.9238795325112864 2.525
0.1950903220161286 -0.9807852804032304 2.525
0.1950903220161286 -0.9807852804032304 2.6
0.3826834323650905 -0.9238795325112864 2.575
0.1950903220161286 -0.9807852804032304 2.575
0.1950903220161286 -0.9807852804032304 2.65
0.3826834323650905 -0.9238795325112864 2.625
0.1950903220161286 -0.9807852804032304 2.625
0.1950903220161286 -0.9807852804032304 2.7
0.3826834323650905 -0.9238795325112864 2.675
0.1950903220161286 -0.9807852804032304 2.675
0.1950903220161286 -0.9807852804032304 2.75
0.3826834323650905 -0.9238795325112864 2.725
0.1950903220161286 -0.9807852804032304 2.725000000000001
0.1950903220161286 -0.9807852804032304 2.8
0.3826834323650905 -0.9238795325112864 2.775
0.1950903220161286 -0.9807852804032304 2.775
0.1950903220161286 -0.9807852804032304 2.85
0.3826834323650905 -0.9238795325112864 2.825
0.1950903220161286 -0.9807852804032304 2.825
0.1950903220161286 -0.9807852804032304 2.9
0.3826834323650905 -0.9238795325112864 2.875
0.1950903220161286 -0.9807852804032304 2.875
0.1950903220161286 -0.9807852804032304 2.95
0.3826834323650905 -0.9238795325112864 2.925
0.1950903220161286 -0.9807852804032304 2.925
0.3826834323650905 -0.9238795325112864 2.975
0.1950903220161286 -0.9807852804032304 2.975000000000001
0.5555702330196027 -0.8314696123025449 1.05
0.7071067811865478 -0.7071067811865472 1.025
0.5555702330196026 -0.8314696123025449 1.025
0.5555702330196027 -0.8314696123025449 1.1
0.7071067811865478 -0.7071067811865472 1.075
0.5555702330196026 -0.8314696123025449 1.075
0.5555702330196027 -0.8314696123025449 1.15
0.7071067811865478 -0.7071067811865472 1.125
0.5555702330196026 -0.8314696123025449 1.125
0.5555702330196027 -0.8314696123025449 1.2
0.7071067811865478 -0.7071067811865472 1.175
0.5555702330196026 -0.8314696123025449 1.175
0.5555702330196027 -0.8314696123025449 1.25
0.7071067811865478 -0.7071067811865472 1.225
0.5555702330196026 -0.8314696123025449 1.225
0.5555702330196027 -0.8314696123025449 1.3
0.7071067811865478 -0.7071067811865472 1.275
0.5555702330196026 -0.8314696123025449 1.275
0.5555702330196027 -0.8314696123025449 1.35
0.7071067811865478 -0.7071067811865472 1.325
0.5555702330196026 -0.8314696123025449 1.325
0.5555702330196027 -0.8314696123025449 1.4
0.7071067811865478 -0.7071067811865472 1.375
0.5555702330196026 -0.8314696123025449 1.375
0.5555702330196027 -0.8314696123025449 1.45
0.7071067811865478 -0.7071067811865472 1.425
0.5555702330196026 -0.8314696123025449 1.425
0.5555702330196027 -0.8314696123025449 1.5
0.7071067811865478 -0.7071067811865472 1.475
0.5555702330196026 -0.8314696123025449 1.475
0.5555702330196027 -0.8314696123025449 1.55
0.7071067811865478 -0.7071067811865472 1.525
0.5555702330196026 -0.8314696123025449 1.525
0.5555702330196027 -0.8314696123025449 1.6
0.7071067811865478 -0.7071067811865472 1.575
0.5555702330196026 -0.8314696123025449 1.575
0.5555702330196027 -0.8314696123025449 1.65
0.7071067811865478 -0.7071067811865472 1.625
0.5555702330196026 -0.8314696123025449 1.625
0.5555702330196027 -0.8314696123025449 1.7
0.7071067811865478 -0.7071067811865472 1.675
0.5555702330196026 -0.8314696123025449 1.675
0.5555702330196027 -0.8314696123025449 1.75
0.7071067811865478 -0.7071067811865472 1.725
0.5555702330196026 -0.8314696123025449 1.725
0.5555702330196027 -0.8314696123025449 1.8
0.7071067811865478 -0.7071067811865472 1.775
0.5555702330196026 -0.8314696123025449 1.775
0.5555702330196027 -0.8314696123025449 1.85
0.7071067811865478 -0.7071067811865472 1.825
0.5555702330196026 -0.8314696123025449 1.825
0.5555702330196027 -0.8314696123025449 1.9
0.7071067811865478 -0.7071067811865472 1.875
0.5555702330196026 -0.8314696123025449 1.875
0.5555702330196027 -0.8314696123025449 1.95
0.7071067811865478 -0.7071067811865472 1.925
0.5555702330196026 -0.8314696123025449 1.925
0.5555702330196027 -0.8314696123025449 2
0.7071067811865478 -0.7071067811865472 1.975
0.5555702330196026 -0.8314696123025449 1.975
0.5555702330196027 -0.8314696123025449 2.05
0.7071067811865478 -0.7071067811865472 2.025
0.5555702330196026 -0.8314696123025449 2.025
0.5555702330196027 -0.8314696123025449 2.1
0.7071067811865478 -0.7071067811865472 2.075
0.5555702330196026 -0.8314696123025449 2.075
0.5555702330196027 -0.8314696123025449 2.15
0.7071067811865478 -0.7071067811865472 2.125
0.5555702330196026 -0.8314696123025449 2.125
0.5555702330196027 -0.8314696123025449 2.2
0.7071067811865478 -0.7071067811865472 2.175
0.5555702330196026 -0.8314696123025449 2.175
0.5555702330196027 -0.8314696123025449 2.25
0.7071067811865478 -0.7071067811865472 2.225
0.5555702330196026 -0.8314696123025449 2.225
0.5555702330196027 -0.8314696123025449 2.3
0.7071067811865478 -0.7071067811865472 2.275
0.5555702330196026 -0.8314696123025449 2.275
0.5555702330196027 -0.8314696123025449 2.35
0.7071067811865478 -0.7071067811865472 2.325
0.5555702330196026 -0.8314696123025449 2.325
0.5555702330196027 -0.8314696123025449 2.4
0.7071067811865478 -0.7071067811865472 2.375
0.5555702330196026 -0.8314696123025449 2.375
0.5555702330196027 -0.8314696123025449 2.45
0.7071067811865478 -0.7071067811865472 2.425
0.5555702330196026 -0.8314696123025449 2.425
0.5555702330196027 -0.8314696123025449 2.5
0.7071067811865478 -0.7071067811865472 2.475
0.5555702330196026 -0.8314696123025449 2.475
0.5555702330196027 -0.8314696123025449 2.55
0.7071067811865478 -0.7071067811865472 2.525
0.5555702330196026 -0.8314696123025449 2.525
0.5555702330196027 -0.8314696123025449 2.6
0.7071067811865478 -0.7071067811865472 2.575
0.5555702330196026 -0.8314696123025449 2.575
0.5555702330196027 -0.8314696123025449 2.65
0.7071067811865478 -0.7071067811865472 2.625
0.5555702330196026 -0.8314696123025449 2.625
0.5555702330196027 -0.8314696123025449 2.7
0.7071067811865478 -0.7071067811865472 2.675
0.5555702330196026 -0.8314696123025449 2.675
0.5555702330196027 -0.8314696123025449 2.75
0.7071067811865478 -0.7071067811865472 2.725
0.5555702330196026 -0.8314696123025449 2.725000000000001
0.5555702330196027 -0.8314696123025449 2.8
0.7071067811865478 -0.7071067811865472 2.775
0.5555702330196026 -0.8314696123025449 2.775
0.5555702330196027 -0.8314696123025449 2.85
0.7071067811865478 -0.7071067811865472 2.825
0.5555702330196026 -0.8314696123025449 2.825
0.5555702330196027 -0.8314696123025449 2.9
0.7071067811865478 -0.7071067811865472 2.875
0.5555702330196026 -0.8314696123025449 2.875
0.5555702330196027 -0.8314696123025449 2.95
0.7071067811865478 -0.7071067811865472 2.925
0.5555702330196026 -0.8314696123025449 2.925
0.7071067811865478 -0.7071067811865472 2.975
0.5555702330196026 -0.8314696123025449 2.975000000000001
0.8314696123025453 -0.5555702330196022 1.05
0.9238795325112868 -0.3826834323650894 1.025
0.8314696123025455 -0.555570233019602 1.025
0.8314696123025453 -0.5555702330196022 1.1
0.9238795325112868 -0.3826834323650894 1.075
0.8314696123025453 -0.5555702330196022 1.075
0.8314696123025453 -0.5555702330196022 1.15
0.9238795325112868 -0.3826834323650894 1.125
0.8314696123025453 -0.5555702330196022 1.125
0.8314696123025453 -0.5555702330196022 1.2
0.9238795325112868 -0.3826834323650894 1.175
0.8314696123025453 -0.5555702330196022 1.175
0.8314696123025453 -0.5555702330196022 1.25
0.9238795325112868 -0.3826834323650894 1.225
0.8314696123025453 -0.5555702330196022 1.225
0.8314696123025453 -0.5555702330196022 1.3
0.9238795325112868 -0.3826834323650894 1.275
0.8314696123025453 -0.5555702330196022 1.275
0.8314696123025453 -0.5555702330196022 1.35
0.9238795325112868 -0.3826834323650894 1.325
0.8314696123025453 -0.5555702330196022 1.325
0.8314696123025453 -0.5555702330196022 1.4
0.9238795325112868 -0.3826834323650894 1.375
0.8314696123025453 -0.5555702330196022 1.375
0.8314696123025453 -0.5555702330196022 1.45
0.9238795325112868 -0.3826834323650894 1.425
0.8314696123025453 -0.5555702330196022 1.425
0.8314696123025453 -0.5555702330196022 1.5
0.9238795325112868 -0.3826834323650894 1.475
0.8314696123025453 -0.5555702330196022 1.475
0.8314696123025453 -0.5555702330196022 1.55
0.9238795325112868 -0.3826834323650894 1.525
0.8314696123025453 -0.5555702330196022 1.525
0.8314696123025453 -0.5555702330196022 1.6
0.9238795325112868 -0.3826834323650894 1.575
0.8314696123025453 -0.5555702330196022 1.575
0.8314696123025453 -0.5555702330196022 1.65
0.9238795325112868 -0.3826834323650894 1.625
0.8314696123025453 -0.5555702330196022 1.625
0.8314696123025453 -0.5555702330196022 1.7
0.9238795325112868 -0.3826834323650894 1.675
0.8314696123025453 -0.5555702330196022 1.675
0.8314696123025453 -0.5555702330196022 1.75
0.9238795325112868 -0.3826834323650894 1.725
0.8314696123025453 -0.5555702330196022 1.725
0.8314696123025453 -0.5555702330196022 1.8
0.9238795325112868 -0.3826834323650894 1.775
0.8314696123025453 -0.5555702330196022 1.775
0.8314696123025453 -0.5555702330196022 1.85
0.9238795325112868 -0.3826834323650894 1.825
0.8314696123025453 -0.5555702330196022 1.825
0.8314696123025453 -0.5555702330196022 1.9
0.9238795325112868 -0.3826834323650894 1.875
0.8314696123025453 -0.5555702330196022 1.875
0.8314696123025453 -0.5555702330196022 1.95
0.9238795325112868 -0.3826834323650894 1.925
0.8314696123025453 -0.5555702330196022 1.925
0.8314696123025453 -0.5555702330196022 2
0.9238795325112868 -0.3826834323650894 1.975
0.8314696123025453 -0.5555702330196022 1.975
0.8314696123025453 -0.5555702330196022 2.05
0.9238795325112868 -0.3826834323650894 2.025
0.8314696123025453 -0.5555702330196022 2.025
0.8314696123025453 -0.5555702330196022 2.1
0.9238795325112868 -0.3826834323650894 2.075
0.8314696123025453 -0.5555702330196022 2.075
0.8314696123025453 -0.5555702330196022 2.15
0.9238795325112868 -0.3826834323650894 2.125
0.8314696123025453 -0.5555702330196022 2.125
0.8314696123025453 -0.5555702330196022 2.2
0.9238795325112868 -0.3826834323650894 2.175
0.8314696123025453 -0.5555702330196022 2.175
0.8314696123025453 -0.5555702330196022 2.25
0.9238795325112868 -0.3826834323650894 2.225
0.8314696123025453 -0.5555702330196022 2.225
0.8314696123025453 -0.5555702330196022 2.3
0.9238795325112868 -0.3826834323650894 2.275
0.8314696123025453 -0.5555702330196022 2.275
0.8314696123025453 -0.5555702330196022 2.35
0.9238795325112868 -0.3826834323650894 2.325
0.8314696123025453 -0.5555702330196022 2.325
0.8314696123025453 -0.5555702330196022 2.4
0.9238795325112868 -0.3826834323650894 2.375
0.8314696123025453 -0.5555702330196022 2.375
0.8314696123025453 -0.5555702330196022 2.45
0.9238795325112868 -0.3826834323650894 2.425
0.8314696123025453 -0.5555702330196022 2.425
0.8314696123025453 -0.5555702330196022 2.5
0.9238795325112868 -0.3826834323650894 2.475
0.8314696123025453 -0.5555702330196022 2.475
0.8314696123025453 -0.5555702330196022 2.55
0.9238795325112868 -0.3826834323650894 2.525
0.8314696123025453 -0.5555702330196022 2.525
0.8314696123025453 -0.5555702330196022 2.6
0.9238795325112868 -0.3826834323650894 2.575
0.8314696123025453 -0.5555702330196022 2.575
0.8314696123025453 -0.5555702330196022 2.65
0.9238795325112868 -0.3826834323650894 2.625
0.8314696123025453 -0.5555702330196022 2.625
0.8314696123025453 -0.5555702330196022 2.7
0.9238795325112868 -0.3826834323650894 2.675
0.8314696123025453 -0.5555702330196022 2.675
0.8314696123025453 -0.5555702330196022 2.75
0.9238795325112868 -0.3826834323650894 2.725
0.8314696123025453 -0.5555702330196022 2.725000000000001
0.8314696123025453 -0.5555702330196022 2.8
0.9238795325112868 -0.3826834323650894 2.775
0.8314696123025453 -0.5555702330196022 2.775
0.8314696123025453 -0.5555702330196022 2.85
0.9238795325112868 -0.3826834323650894 2.825
0.8314696123025453 -0.5555702330196022 2.825
0.8314696123025453 -0.5555702330196022 2.9
0.9238795325112868 -0.3826834323650894 2.875
0.8314696123025453 -0.5555702330196022 2.875
0.8314696123025453 -0.5555702330196022 2.95
0.9238795325112868 -0.3826834323650894 2.925
0.8314696123025453 -0.5555702330196022 2.925
0.9238795325112868 -0.3826834323650894 2.975
0.8314696123025455 -0.555570233019602 2.975000000000001
0.9807852804032304 -0.1950903220161282 1.05
0.9807852804032304 -0.1950903220161282 1.025
0.9807852804032304 -0.1950903220161282 1.1
0.9807852804032304 -0.1950903220161282 1.075
0.9807852804032304 -0.1950903220161282 1.15
0.9807852804032304 -0.1950903220161282 1.125
0.9807852804032304 -0.1950903220161282 1.2
0.9807852804032304 -0.1950903220161282 1.175
0.9807852804032304 -0.1950903220161282 1.25
0.9807852804032304 -0.1950903220161282 1.225
0.9807852804032304 -0.1950903220161282 1.3
0.9807852804032304 -0.1950903220161282 1.275
0.9807852804032304 -0.1950903220161282 1.35
0.9807852804032304 -0.1950903220161282 1.325
0.9807852804032304 -0.1950903220161282 1.4
0.9807852804032304 -0.1950903220161282 1.375
0.9807852804032304 -0.1950903220161282 1.45
0.9807852804032304 -0.1950903220161282 1.425
0.9807852804032304 -0.1950903220161282 1.5
0.9807852804032304 -0.1950903220161282 1.475
0.9807852804032304 -0.1950903220161282 1.55
0.9807852804032304 -0.1950903220161282 1.525
0.9807852804032304 -0.1950903220161282 1.6
0.9807852804032304 -0.1950903220161282 1.575
0.9807852804032304 -0.1950903220161282 1.65
0.9807852804032304 -0.1950903220161282 1.625
0.9807852804032304 -0.1950903220161282 1.7
0.9807852804032304 -0.1950903220161282 1.675
0.9807852804032304 -0.1950903220161282 1.75
0.9807852804032304 -0.1950903220161282 1.725
0.9807852804032304 -0.1950903220161282 1.8
0.9807852804032304 -0.1950903220161282 1.775
0.9807852804032304 -0.1950903220161282 1.85
0.9807852804032304 -0.1950903220161282 1.825
0.9807852804032304 -0.1950903220161282 1.9
0.9807852804032304 -0.1950903220161282 1.875
0.9807852804032304 -0.1950903220161282 1.95
0.9807852804032304 -0.1950903220161282 1.925
0.9807852804032304 -0.1950903220161282 2
0.9807852804032304 -0.1950903220161282 1.975
0.9807852804032304 -0.1950903220161282 2.05
0.9807852804032304 -0.1950903220161282 2.025
0.9807852804032304 -0.1950903220161282 2.1
0.9807852804032304 -0.1950903220161282 2.075
0.9807852804032304 -0.1950903220161282 2.15
0.9807852804032304 -0.1950903220161282 2.125
0.9807852804032304 -0.1950903220161282 2.2
0.9807852804032304 -0.1950903220161282 2.175
0.9807852804032304 -0.1950903220161282 2.25
0.9807852804032304 -0.1950903220161282 2.225
0.9807852804032304 -0.1950903220161282 2.3
0.9807852804032304 -0.1950903220161282 2.275
0.9807852804032304 -0.1950903220161282 2.35
0.9807852804032304 -0.1950903220161282 2.325
0.9807852804032304 -0.1950903220161282 2.4
0.9807852804032304 -0.1950903220161282 2.375
0.9807852804032304 -0.1950903220161282 2.45
0.9807852804032304 -0.1950903220161282 2.425
0.9807852804032304 -0.1950903220161282 2.5
0.9807852804032304 -0.1950903220161282 2.475
0.9807852804032304 -0.1950903220161282 2.55
0.9807852804032304 -0.1950903220161282 2.525
0.9807852804032304 -0.1950903220161282 2.6
0.9807852804032304 -0.1950903220161282 2.575
0.9807852804032304 -0.1950903220161282 2.65
0.9807852804032304 -0.1950903220161282 2.625
0.9807852804032304 -0.1950903220161282 2.7
0.9807852804032304 -0.1950903220161282 2.675
0.9807852804032304 -0.1950903220161282 2.75
0.9807852804032304 -0.1950903220161282 2.725000000000001
0.9807852804032304 -0.1950903220161282 2.8
0.9807852804032304 -0.1950903220161282 2.775
0.9807852804032304 -0.1950903220161282 2.85
0.9807852804032304 -0.1950903220161282 2.825
0.9807852804032304 -0.1950903220161282 2.9
0.9807852804032304 -0.1950903220161282 2.875
0.9807852804032304 -0.1950903220161282 2.95
0.9807852804032304 -0.1950903220161282 2.925
0.9807852804032304 -0.1950903220161282 2.975000000000001
2 61 0 553
7771
7772
7773
7774
7775
7776
7777
7778
7779
7780
7781
7782
7783
7784
7785
7786
7787
7788
7789
7790
7791
7792
7793
7794
7795
7796
7797
7798
7799
7800
7801
7802
7803
7804
7805
7806
7807
7808
7809
7810
7811
7812
7813
7814
7815
7816
7817
7818
7819
7820
7821
7822
7823
7824
7825
7826
7827
7828
7829
7830
7831
7832
7833
7834
7835
7836
7837
7838
7839
7840
7841
7842
7843
7844
7845
7846
7847
7848
7849
7850
7851
7852
7853
7854
7855
7856
7857
7858
7859
7860
7861
7862
7863
7864
7865
7866
7867
7868
7869
7870
7871
7872
7873
7874
7875
7876
7877
7878
7879
7880
7881
7882
7883
7884
7885
7886
7887
7888
7889
7890
7891
7892
7893
7894
7895
7896
7897
7898
7899
7900
7901
7902
7903
7904
7905
7906
7907
7908
7909
7910
7911
7912
7913
7914
7915
7916
7917
7918
7919
7920
7921
7922
7923
7924
7925
7926
7927
7928
7929
7930
7931
7932
7933
7934
7935
7936
7937
7938
7939
7940
7941
7942
7943
7944
7945
7946
7947
7948
7949
7950
7951
7952
7953
7954
7955
7956
7957
7958
7959
7960
7961
7962
7963
7964
7965
7966
7967
7968
7969
7970
7971
7972
7973
7974
7975
7976
7977
7978
7979
7980
7981
7982
7983
7984
7985
7986
7987
7988
7989
7990
7991
7992
7993
7994
7995
7996
7997
7998
7999
8000
8001
8002
8003
8004
8005
8006
8007
8008
8009
8010
8011
8012
8013
8014
8015
8016
8017
8018
8019
8020
8021
8022
8023
8024
8025
8026
8027
8028
8029
8030
8031
8032
8033
8034
8035
8036
8037
8038
8039
8040
8041
8042
8043
8044
8045
8046
8047
8048
8049
8050
8051
8052
8053
8054
8055
8056
8057
8058
8059
8060
8061
8062
8063
8064
8065
8066
8067
8068
8069
8070
8071
8072
8073
8074
8075
8076
8077
8078
8079
8080
8081
8082
8083
8084
8085
8086
8087
8088
8089
8090
8091
8092
8093
8094
8095
8096
8097
8098
8099
8100
8101
8102
8103
8104
8105
8106
8107
8108
8109
8110
8111
8112
8113
8114
8115
8116
8117
8118
8119
8120
8121
8122
8123
8124
8125
8126
8127
8128
8129
8130
8131
8132
8133
8134
8135
8136
8137
8138
8139
8140
8141
8142
8143
8144
8145
8146
8147
8148
8149
8150
8151
8152
8153
8154
8155
8156
8157
8158
8159
8160
8161
8162
8163
8164
8165
8166
8167
8168
8169
8170
8171
8172
8173
8174
8175
8176
8177
8178
8179
8180
8181
8182
8183
8184
8185
8186
8187
8188
8189
8190
8191
8192
8193
8194
8195
8196
8197
8198
8199
8200
8201
8202
8203
8204
8205
8206
8207
8208
8209
8210
8211
8212
8213
8214
8215
8216
8217
8218
8219
8220
8221
8222
8223
8224
8225
8226
8227
8228
8229
8230
8231
8232
8233
8234
8235
8236
8237
8238
8239
8240
8241
8242
8243
8244
8245
8246
8247
8248
8249
8250
8251
8252
8253
8254
8255
8256
8257
8258
8259
8260
8261
8262
8263
8264
8265
8266
8267
8268
8269
8270
8271
8272
8273
8274
8275
8276
8277
8278
8279
8280
8281
8282
8283
8284
8285
8286
8287
8288
8289
8290
8291
8292
8293
8294
8295
8296
8297
8298
8299
8300
8301
8302
8303
8304
8305
8306
8307
8308
8309
8310
8311
8312
8313
8314
8315
8316
8317
8318
8319
8320
8321
8322
8323
0.3826834323650905 -0.9238795325112864 3.05
0.3826834323650905 -0.9238795325112864 3.1
0.3826834323650905 -0.9238795325112864 3.15
0.3826834323650905 -0.9238795325112864 3.2
0.3826834323650905 -0.9238795325112864 3.25
0.3826834323650905 -0.9238795325112864 3.3
0.3826834323650905 -0.9238795325112864 3.35
0.3826834323650905 -0.9238795325112864 3.4
0.3826834323650905 -0.9238795325112864 3.45
0.3826834323650905 -0.9238795325112864 3.5
0.3826834323650905 -0.9238795325112864 3.55
0.3826834323650905 -0.9238795325112864 3.6
0.3826834323650905 -0.9238795325112864 3.65
0.3826834323650905 -0.9238795325112864 3.7
0.3826834323650905 -0.9238795325112864 3.75
0.3826834323650905 -0.9238795325112864 3.8
0.3826834323650905 -0.9238795325112864 3.85
0.3826834323650905 -0.9238795325112864 3.9
0.3826834323650905 -0.9238795325112864 3.95
0.3826834323650905 -0.9238795325112864 4
0.3826834323650905 -0.9238795325112864 4.05
0.3826834323650905 -0.9238795325112864 4.1
0.3826834323650905 -0.9238795325112864 4.15
0.3826834323650905 -0.9238795325112864 4.2
0.3826834323650905 -0.9238795325112864 4.25
0.3826834323650905 -0.9238795325112864 4.3
0.3826834323650905 -0.9238795325112864 4.35
0.3826834323650905 -0.9238795325112864 4.4
0.3826834323650905 -0.9238795325112864 4.45
0.3826834323650905 -0.9238795325112864 4.5
0.3826834323650905 -0.9238795325112864 4.55
0.3826834323650905 -0.9238795325112864 4.6
0.3826834323650905 -0.9238795325112864 4.65
0.3826834323650905 -0.9238795325112864 4.7
0.3826834323650905 -0.9238795325112864 4.75
0.3826834323650905 -0.9238795325112864 4.8
0.3826834323650905 -0.9238795325112864 4.85
0.3826834323650905 -0.9238795325112864 4.9
0.3826834323650905 -0.9238795325112864 4.95
0.7071067811865478 -0.7071067811865472 3.05
0.7071067811865478 -0.7071067811865472 3.1
0.7071067811865478 -0.7071067811865472 3.15
0.7071067811865478 -0.7071067811865472 3.2
0.7071067811865478 -0.7071067811865472 3.25
0.7071067811865478 -0.7071067811865472 3.3
0.7071067811865478 -0.7071067811865472 3.35
0.7071067811865478 -0.7071067811865472 3.4
0.7071067811865478 -0.7071067811865472 3.45
0.7071067811865478 -0.7071067811865472 3.5
0.7071067811865478 -0.7071067811865472 3.55
0.7071067811865478 -0.7071067811865472 3.6
0.7071067811865478 -0.7071067811865472 3.65
0.7071067811865478 -0.7071067811865472 3.7
0.7071067811865478 -0.7071067811865472 3.75
0.7071067811865478 -0.7071067811865472 3.8
0.7071067811865478 -0.7071067811865472 3.85
0.7071067811865478 -0.7071067811865472 3.9
0.7071067811865478 -0.7071067811865472 3.95
0.7071067811865478 -0.7071067811865472 4
0.7071067811865478 -0.7071067811865472 4.05
0.7071067811865478 -0.7071067811865472 4.1
0.7071067811865478 -0.7071067811865472 4.15
0.7071067811865478 -0.7071067811865472 4.2
0.7071067811865478 -0.7071067811865472 4.25
0.7071067811865478 -0.7071067811865472 4.3
0.7071067811865478 -0.7071067811865472 4.35
0.7071067811865478 -0.7071067811865472 4.4
0.7071067811865478 -0.7071067811865472 4.45
0.7071067811865478 -0.7071067811865472 4.5
0.7071067811865478 -0.7071067811865472 4.55
0.7071067811865478 -0.7071067811865472 4.6
0.7071067811865478 -0.7071067811865472 4.65
0.7071067811865478 -0.7071067811865472 4.7
0.7071067811865478 -0.7071067811865472 4.75
0.7071067811865478 -0.7071067811865472 4.8
0.7071067811865478 -0.7071067811865472 4.85
0.7071067811865478 -0.7071067811865472 4.9
0.7071067811865478 -0.7071067811865472 4.95
0.9238795325112868 -0.3826834323650894 3.05
0.9238795325112868 -0.3826834323650894 3.1
0.9238795325112868 -0.3826834323650894 3.15
0.9238795325112868 -0.3826834323650894 3.2
0.9238795325112868 -0.3826834323650894 3.25
0.9238795325112868 -0.3826834323650894 3.3
0.9238795325112868 -0.3826834323650894 3.35
0.9238795325112868 -0.3826834323650894 3.4
0.9238795325112868 -0.3826834323650894 3.45
0.9238795325112868 -0.3826834323650894 3.5
0.9238795325112868 -0.3826834323650894 3.55
0.9238795325112868 -0.3826834323650894 3.6
0.9238795325112868 -0.3826834323650894 3.65
0.9238795325112868 -0.3826834323650894 3.7
0.9238795325112868 -0.3826834323650894 3.75
0.9238795325112868 -0.3826834323650894 3.8
0.9238795325112868 -0.3826834323650894 3.85
0.9238795325112868 -0.3826834323650894 3.9
0.9238795325112868 -0.3826834323650894 3.95
0.9238795325112868 -0.3826834323650894 4
0.9238795325112868 -0.3826834323650894 4.05
0.9238795325112868 -0.3826834323650894 4.1
0.9238795325112868 -0.3826834323650894 4.15
0.9238795325112868 -0.3826834323650894 4.2
0.9238795325112868 -0.3826834323650894 4.25
0.9238795325112868 -0.3826834323650894 4.3
0.9238795325112868 -0.3826834323650894 4.35
0.9238795325112868 -0.3826834323650894 4.4
0.9238795325112868 -0.3826834323650894 4.45
0.9238795325112868 -0.3826834323650894 4.5
0.9238795325112868 -0.3826834323650894 4.55
0.9238795325112868 -0.3826834323650894 4.6
0.9238795325112868 -0.3826834323650894 4.65
0.9238795325112868 -0.3826834323650894 4.7
0.9238795325112868 -0.3826834323650894 4.75
0.9238795325112868 -0.3826834323650894 4.8
0.9238795325112868 -0.3826834323650894 4.85
0.9238795325112868 -0.3826834323650894 4.9
0.9238795325112868 -0.3826834323650894 4.95
0.1950903220161286 -0.9807852804032304 3.05
0.3826834323650905 -0.9238795325112864 3.025
0.1950903220161286 -0.9807852804032304 3.025
0.1950903220161286 -0.9807852804032304 3.1
0.3826834323650905 -0.9238795325112864 3.075
0.1950903220161286 -0.9807852804032304 3.075
0.1950903220161286 -0.9807852804032304 3.15
0.3826834323650905 -0.9238795325112864 3.125
0.1950903220161286 -0.9807852804032304 3.125
0.1950903220161286 -0.9807852804032304 3.2
0.3826834323650905 -0.9238795325112864 3.175
0.1950903220161286 -0.9807852804032304 3.175
0.1950903220161286 -0.9807852804032304 3.25
0.3826834323650905 -0.9238795325112864 3.225
0.1950903220161286 -0.9807852804032304 3.225000000000001
0.1950903220161286 -0.9807852804032304 3.3
0.3826834323650905 -0.9238795325112864 3.275
0.1950903220161286 -0.9807852804032304 3.275
0.1950903220161286 -0.9807852804032304 3.35
0.3826834323650905 -0.9238795325112864 3.325
0.1950903220161286 -0.9807852804032304 3.325
0.1950903220161286 -0.9807852804032304 3.4
0.3826834323650905 -0.9238795325112864 3.375
0.1950903220161286 -0.9807852804032304 3.375
0.1950903220161286 -0.9807852804032304 3.45
0.3826834323650905 -0.9238795325112864 3.425
0.1950903220161286 -0.9807852804032304 3.425
0.1950903220161286 -0.9807852804032304 3.5
0.3826834323650905 -0.9238795325112864 3.475
0.1950903220161286 -0.9807852804032304 3.475000000000001
0.1950903220161286 -0.9807852804032304 3.55
0.3826834323650905 -0.9238795325112864 3.525
0.1950903220161286 -0.9807852804032304 3.525
0.1950903220161286 -0.9807852804032304 3.6
0.3826834323650905 -0.9238795325112864 3.575
0.1950903220161286 -0.9807852804032304 3.575
0.1950903220161286 -0.9807852804032304 3.65
0.3826834323650905 -0.9238795325112864 3.625
0.1950903220161286 -0.9807852804032304 3.625
0.1950903220161286 -0.9807852804032304 3.7
0.3826834323650905 -0.9238795325112864 3.675
0.1950903220161286 -0.9807852804032304 3.675
0.1950903220161286 -0.9807852804032304 3.75
0.3826834323650905 -0.9238795325112864 3.725
0.1950903220161286 -0.9807852804032304 3.725000000000001
0.1950903220161286 -0.9807852804032304 3.8
0.3826834323650905 -0.9238795325112864 3.775
0.1950903220161286 -0.9807852804032304 3.775
0.1950903220161286 -0.9807852804032304 3.85
0.3826834323650905 -0.9238795325112864 3.825
0.1950903220161286 -0.9807852804032304 3.825
0.1950903220161286 -0.9807852804032304 3.9
0.3826834323650905 -0.9238795325112864 3.875
0.1950903220161286 -0.9807852804032304 3.875
0.1950903220161286 -0.9807852804032304 3.95
0.3826834323650905 -0.9238795325112864 3.925
0.1950903220161286 -0.9807852804032304 3.925
0.1950903220161286 -0.9807852804032304 4
0.3826834323650905 -0.9238795325112864 3.975
0.1950903220161286 -0.9807852804032304 3.975000000000001
0.1950903220161286 -0.9807852804032304 4.05
0.3826834323650905 -0.9238795325112864 4.025
0.1950903220161286 -0.9807852804032304 4.025
0.1950903220161286 -0.9807852804032304 4.1
0.3826834323650905 -0.9238795325112864 4.074999999999999
0.1950903220161286 -0.9807852804032304 4.075
0.1950903220161286 -0.9807852804032304 4.15
0.3826834323650905 -0.9238795325112864 4.125
0.1950903220161286 -0.9807852804032304 4.125
0.1950903220161286 -0.9807852804032304 4.2
0.3826834323650905 -0.9238795325112864 4.175000000000001
0.1950903220161286 -0.9807852804032304 4.175
0.1950903220161286 -0.9807852804032304 4.25
0.3826834323650905 -0.9238795325112864 4.225
0.1950903220161286 -0.9807852804032304 4.225
0.1950903220161286 -0.9807852804032304 4.3
0.3826834323650905 -0.9238795325112864 4.275
0.1950903220161286 -0.9807852804032304 4.275
0.1950903220161286 -0.9807852804032304 4.35
0.3826834323650905 -0.9238795325112864 4.324999999999999
0.1950903220161286 -0.9807852804032304 4.325
0.1950903220161286 -0.9807852804032304 4.4
0.3826834323650905 -0.9238795325112864 4.375
0.1950903220161286 -0.9807852804032304 4.375
0.1950903220161286 -0.9807852804032304 4.45
0.3826834323650905 -0.9238795325112864 4.425000000000001
0.1950903220161286 -0.9807852804032304 4.425
0.1950903220161286 -0.9807852804032304 4.5
0.3826834323650905 -0.9238795325112864 4.475
0.1950903220161286 -0.9807852804032304 4.475
0.1950903220161286 -0.9807852804032304 4.55
0.3826834323650905 -0.9238795325112864 4.525
0.1950903220161286 -0.9807852804032304 4.525
0.1950903220161286 -0.9807852804032304 4.6
0.3826834323650905 -0.9238795325112864 4.574999999999999
0.1950903220161286 -0.9807852804032304 4.575
0.1950903220161286 -0.9807852804032304 4.65
0.3826834323650905 -0.9238795325112864 4.625
0.1950903220161286 -0.9807852804032304 4.625
0.1950903220161286 -0.9807852804032304 4.7
0.3826834323650905 -0.9238795325112864 4.675000000000001
0.1950903220161286 -0.9807852804032304 4.675
0.1950903220161286 -0.9807852804032304 4.75
0.3826834323650905 -0.9238795325112864 4.725
0.1950903220161286 -0.9807852804032304 4.725
0.1950903220161286 -0.9807852804032304 4.8
0.3826834323650905 -0.9238795325112864 4.775
0.1950903220161286 -0.9807852804032304 4.775
0.1950903220161286 -0.9807852804032304 4.85
0.3826834323650905 -0.9238795325112864 4.824999999999999
0.1950903220161286 -0.9807852804032304 4.825
0.1950903220161286 -0.9807852804032304 4.9
0.3826834323650905 -0.9238795325112864 4.875
0.1950903220161286 -0.9807852804032304 4.875
0.1950903220161286 -0.9807852804032304 4.95
0.3826834323650905 -0.9238795325112864 4.925000000000001
0.1950903220161286 -0.9807852804032304 4.925
0.3826834323650905 -0.9238795325112864 4.975
0.1950903220161286 -0.9807852804032304 4.975
0.5555702330196027 -0.8314696123025449 3.05
0.7071067811865478 -0.7071067811865472 3.025
0.5555702330196026 -0.8314696123025449 3.025
0.5555702330196027 -0.8314696123025449 3.1
0.7071067811865478 -0.7071067811865472 3.075
0.5555702330196026 -0.8314696123025449 3.075
0.5555702330196027 -0.8314696123025449 3.15
0.7071067811865478 -0.7071067811865472 3.125
0.5555702330196026 -0.8314696123025449 3.125
0.5555702330196027 -0.8314696123025449 3.2
0.7071067811865478 -0.7071067811865472 3.175
0.5555702330196026 -0.8314696123025449 3.175
0.5555702330196027 -0.8314696123025449 3.25
0.7071067811865478 -0.7071067811865472 3.225
0.5555702330196026 -0.8314696123025449 3.225000000000001
0.5555702330196027 -0.8314696123025449 3.3
0.7071067811865478 -0.7071067811865472 3.275
0.5555702330196026 -0.8314696123025449 3.275
0.5555702330196027 -0.8314696123025449 3.35
0.7071067811865478 -0.7071067811865472 3.325
0.5555702330196026 -0.8314696123025449 3.325
0.5555702330196027 -0.8314696123025449 3.4
0.7071067811865478 -0.7071067811865472 3.375
0.5555702330196026 -0.8314696123025449 3.375
0.5555702330196027 -0.8314696123025449 3.45
0.7071067811865478 -0.7071067811865472 3.425
0.5555702330196026 -0.8314696123025449 3.425
0.5555702330196027 -0.8314696123025449 3.5
0.7071067811865478 -0.7071067811865472 3.475
0.5555702330196026 -0.8314696123025449 3.475000000000001
0.5555702330196027 -0.8314696123025449 3.55
0.7071067811865478 -0.7071067811865472 3.525
0.5555702330196026 -0.8314696123025449 3.525
0.5555702330196027 -0.8314696123025449 3.6
0.7071067811865478 -0.7071067811865472 3.575
0.5555702330196026 -0.8314696123025449 3.575
0.5555702330196027 -0.8314696123025449 3.65
0.7071067811865478 -0.7071067811865472 3.625
0.5555702330196026 -0.8314696123025449 3.625
0.5555702330196027 -0.8314696123025449 3.7
0.7071067811865478 -0.7071067811865472 3.675
0.5555702330196026 -0.8314696123025449 3.675
0.5555702330196027 -0.8314696123025449 3.75
0.7071067811865478 -0.7071067811865472 3.725
0.5555702330196026 -0.8314696123025449 3.725000000000001
0.5555702330196027 -0.8314696123025449 3.8
0.7071067811865478 -0.7071067811865472 3.775
0.5555702330196026 -0.8314696123025449 3.775
0.5555702330196027 -0.8314696123025449 3.85
0.7071067811865478 -0.7071067811865472 3.825
0.5555702330196026 -0.8314696123025449 3.825
0.5555702330196027 -0.8314696123025449 3.9
0.7071067811865478 -0.7071067811865472 3.875
0.5555702330196026 -0.8314696123025449 3.875
0.5555702330196027 -0.8314696123025449 3.95
0.7071067811865478 -0.7071067811865472 3.925
0.5555702330196026 -0.8314696123025449 3.925
0.5555702330196027 -0.8314696123025449 4
0.7071067811865478 -0.7071067811865472 3.975
0.5555702330196026 -0.8314696123025449 3.975000000000001
0.5555702330196027 -0.8314696123025449 4.05
0.7071067811865478 -0.7071067811865472 4.025
0.5555702330196026 -0.8314696123025449 4.025
0.5555702330196027 -0.8314696123025449 4.1
0.7071067811865478 -0.7071067811865472 4.074999999999999
0.5555702330196026 -0.8314696123025449 4.074999999999999
0.5555702330196027 -0.8314696123025449 4.15
0.7071067811865478 -0.7071067811865472 4.125
0.5555702330196026 -0.8314696123025449 4.125
0.5555702330196027 -0.8314696123025449 4.2
0.7071067811865478 -0.7071067811865472 4.175000000000001
0.5555702330196026 -0.8314696123025449 4.175000000000001
0.5555702330196027 -0.8314696123025449 4.25
0.7071067811865478 -0.7071067811865472 4.225
0.5555702330196026 -0.8314696123025449 4.225
0.5555702330196027 -0.8314696123025449 4.3
0.7071067811865478 -0.7071067811865472 4.275
0.5555702330196026 -0.8314696123025449 4.275
0.5555702330196027 -0.8314696123025449 4.35
0.7071067811865478 -0.7071067811865472 4.324999999999999
0.5555702330196026 -0.8314696123025449 4.324999999999999
0.5555702330196027 -0.8314696123025449 4.4
0.7071067811865478 -0.7071067811865472 4.375
0.5555702330196026 -0.8314696123025449 4.375
0.5555702330196027 -0.8314696123025449 4.45
0.7071067811865478 -0.7071067811865472 4.425000000000001
0.5555702330196026 -0.8314696123025449 4.425000000000001
0.5555702330196027 -0.8314696123025449 4.5
0.7071067811865478 -0.7071067811865472 4.475
0.5555702330196026 -0.8314696123025449 4.475
0.5555702330196027 -0.8314696123025449 4.55
0.7071067811865478 -0.7071067811865472 4.525
0.5555702330196026 -0.8314696123025449 4.525
0.5555702330196027 -0.8314696123025449 4.6
0.7071067811865478 -0.7071067811865472 4.574999999999999
0.5555702330196026 -0.8314696123025449 4.574999999999999
0.5555702330196027 -0.8314696123025449 4.65
0.7071067811865478 -0.7071067811865472 4.625
0.5555702330196026 -0.8314696123025449 4.625
0.5555702330196027 -0.8314696123025449 4.7
0.7071067811865478 -0.7071067811865472 4.675000000000001
0.5555702330196026 -0.8314696123025449 4.675000000000001
0.5555702330196027 -0.8314696123025449 4.75
0.7071067811865478 -0.7071067811865472 4.725
0.5555702330196026 -0.8314696123025449 4.725
0.5555702330196027 -0.8314696123025449 4.8
0.7071067811865478 -0.7071067811865472 4.775
0.5555702330196026 -0.8314696123025449 4.775
0.5555702330196027 -0.8314696123025449 4.85
0.7071067811865478 -0.7071067811865472 4.824999999999999
0.5555702330196026 -0.8314696123025449 4.824999999999999
0.5555702330196027 -0.8314696123025449 4.9
0.7071067811865478 -0.7071067811865472 4.875
0.5555702330196026 -0.8314696123025449 4.875
0.5555702330196027 -0.8314696123025449 4.95
0.7071067811865478 -0.7071067811865472 4.925000000000001
0.5555702330196026 -0.8314696123025449 4.925000000000001
0.7071067811865478 -0.7071067811865472 4.975
0.5555702330196026 -0.8314696123025449 4.975
0.8314696123025453 -0.5555702330196022 3.05
0.9238795325112868 -0.3826834323650894 3.025
0.8314696123025455 -0.555570233019602 3.025
0.8314696123025453 -0.5555702330196022 3.1
0.9238795325112868 -0.3826834323650894 3.075
0.8314696123025453 -0.5555702330196022 3.075
0.8314696123025453 -0.5555702330196022 3.15
0.9238795325112868 -0.3826834323650894 3.125
0.8314696123025453 -0.5555702330196022 3.125
0.8314696123025453 -0.5555702330196022 3.2
0.9238795325112868 -0.3826834323650894 3.175
0.8314696123025453 -0.5555702330196022 3.175
0.8314696123025453 -0.5555702330196022 3.25
0.9238795325112868 -0.3826834323650894 3.225
0.8314696123025453 -0.5555702330196022 3.225000000000001
0.8314696123025453 -0.5555702330196022 3.3
0.9238795325112868 -0.3826834323650894 3.275
0.8314696123025453 -0.5555702330196022 3.275
0.8314696123025453 -0.5555702330196022 3.35
0.9238795325112868 -0.3826834323650894 3.325
0.8314696123025453 -0.5555702330196022 3.325
0.8314696123025453 -0.5555702330196022 3.4
0.9238795325112868 -0.3826834323650894 3.375
0.8314696123025453 -0.5555702330196022 3.375
0.8314696123025453 -0.5555702330196022 3.45
0.9238795325112868 -0.3826834323650894 3.425
0.8314696123025453 -0.5555702330196022 3.425
0.8314696123025453 -0.5555702330196022 3.5
0.9238795325112868 -0.3826834323650894 3.475
0.8314696123025453 -0.5555702330196022 3.475000000000001
0.8314696123025453 -0.5555702330196022 3.55
0.9238795325112868 -0.3826834323650894 3.525
0.8314696123025453 -0.5555702330196022 3.525
0.8314696123025453 -0.5555702330196022 3.6
0.9238795325112868 -0.3826834323650894 3.575
0.8314696123025453 -0.5555702330196022 3.575
0.8314696123025453 -0.5555702330196022 3.65
0.9238795325112868 -0.3826834323650894 3.625
0.8314696123025453 -0.5555702330196022 3.625
0.8314696123025453 -0.5555702330196022 3.7
0.9238795325112868 -0.3826834323650894 3.675
0.8314696123025453 -0.5555702330196022 3.675
0.8314696123025453 -0.5555702330196022 3.75
0.9238795325112868 -0.3826834323650894 3.725
0.8314696123025453 -0.5555702330196022 3.725000000000001
0.8314696123025453 -0.5555702330196022 3.8
0.9238795325112868 -0.3826834323650894 3.775
0.8314696123025453 -0.5555702330196022 3.775
0.8314696123025453 -0.5555702330196022 3.85
0.9238795325112868 -0.3826834323650894 3.825
0.8314696123025453 -0.5555702330196022 3.825
0.8314696123025453 -0.5555702330196022 3.9
0.9238795325112868 -0.3826834323650894 3.875
0.8314696123025453 -0.5555702330196022 3.875
0.8314696123025453 -0.5555702330196022 3.95
0.9238795325112868 -0.3826834323650894 3.925
0.8314696123025453 -0.5555702330196022 3.925
0.8314696123025453 -0.5555702330196022 4
0.9238795325112868 -0.3826834323650894 3.975
0.8314696123025453 -0.5555702330196022 3.975000000000001
0.8314696123025453 -0.5555702330196022 4.05
0.9238795325112868 -0.3826834323650894 4.025
0.8314696123025453 -0.5555702330196022 4.025
0.8314696123025453 -0.5555702330196022 4.1
0.9238795325112868 -0.3826834323650894 4.074999999999999
0.8314696123025453 -0.5555702330196022 4.074999999999999
0.8314696123025453 -0.5555702330196022 4.15
0.9238795325112868 -0.3826834323650894 4.125
0.8314696123025453 -0.5555702330196022 4.125
0.8314696123025453 -0.5555702330196022 4.2
0.9238795325112868 -0.3826834323650894 4.175000000000001
0.8314696123025453 -0.5555702330196022 4.175000000000001
0.8314696123025453 -0.5555702330196022 4.25
0.9238795325112868 -0.3826834323650894 4.225
0.8314696123025453 -0.5555702330196022 4.225
0.8314696123025453 -0.5555702330196022 4.3
0.9238795325112868 -0.3826834323650894 4.275
0.8314696123025453 -0.5555702330196022 4.275
0.8314696123025453 -0.5555702330196022 4.35
0.9238795325112868 -0.3826834323650894 4.324999999999999
0.8314696123025453 -0.5555702330196022 4.324999999999999
0.8314696123025453 -0.5555702330196022 4.4
0.9238795325112868 -0.3826834323650894 4.375
0.8314696123025453 -0.5555702330196022 4.375
0.8314696123025453 -0.5555702330196022 4.45
0.9238795325112868 -0.3826834323650894 4.425000000000001
0.8314696123025453 -0.5555702330196022 4.425000000000001
0.8314696123025453 -0.5555702330196022 4.5
0.9238795325112868 -0.3826834323650894 4.475
0.8314696123025453 -0.5555702330196022 4.475
0.8314696123025453 -0.5555702330196022 4.55
0.9238795325112868 -0.3826834323650894 4.525
0.8314696123025453 -0.5555702330196022 4.525
0.8314696123025453 -0.5555702330196022 4.6
0.9238795325112868 -0.3826834323650894 4.574999999999999
0.8314696123025453 -0.5555702330196022 4.574999999999999
0.8314696123025453 -0.5555702330196022 4.65
0.9238795325112868 -0.3826834323650894 4.625
0.8314696123025453 -0.5555702330196022 4.625
0.8314696123025453 -0.5555702330196022 4.7
0.9238795325112868 -0.3826834323650894 4.675000000000001
0.8314696123025453 -0.5555702330196022 4.675000000000001
0.8314696123025453 -0.5555702330196022 4.75
0.9238795325112868 -0.3826834323650894 4.725
0.8314696123025453 -0.5555702330196022 4.725
0.8314696123025453 -0.5555702330196022 4.8
0.9238795325112868 -0.3826834323650894 4.775
0.8314696123025453 -0.5555702330196022 4.775
0.8314696123025453 -0.5555702330196022 4.85
0.9238795325112868 -0.3826834323650894 4.824999999999999
0.8314696123025453 -0.5555702330196022 4.824999999999999
0.8314696123025453 -0.5555702330196022 4.9
0.9238795325112868 -0.3826834323650894 4.875
0.8314696123025453 -0.5555702330196022 4.875
0.8314696123025453 -0.5555702330196022 4.95
0.9238795325112868 -0.3826834323650894 4.925000000000001
0.8314696123025453 -0.5555702330196022 4.925000000000001
0.9238795325112868 -0.3826834323650894 4.975
0.8314696123025455 -0.555570233019602 4.975
0.9807852804032304 -0.1950903220161282 3.05
0.9807852804032304 -0.1950903220161282 3.025
0.9807852804032304 -0.1950903220161282 3.1
0.9807852804032304 -0.1950903220161282 3.075
0.9807852804032304 -0.1950903220161282 3.15
0.9807852804032304 -0.1950903220161282 3.125
0.9807852804032304 -0.1950903220161282 3.2
0.9807852804032304 -0.1950903220161282 3.175
0.9807852804032304 -0.1950903220161282 3.25
0.9807852804032304 -0.1950903220161282 3.225000000000001
0.9807852804032304 -0.1950903220161282 3.3
0.9807852804032304 -0.1950903220161282 3.275
0.9807852804032304 -0.1950903220161282 3.35
0.9807852804032304 -0.1950903220161282 3.325
0.9807852804032304 -0.1950903220161282 3.4
0.9807852804032304 -0.1950903220161282 3.375
0.9807852804032304 -0.1950903220161282 3.45
0.9807852804032304 -0.1950903220161282 3.425
0.9807852804032304 -0.1950903220161282 3.5
0.9807852804032304 -0.1950903220161282 3.475000000000001
0.9807852804032304 -0.1950903220161282 3.55
0.9807852804032304 -0.1950903220161282 3.525
0.9807852804032304 -0.1950903220161282 3.6
0.9807852804032304 -0.1950903220161282 3.575
0.9807852804032304 -0.1950903220161282 3.65
0.9807852804032304 -0.1950903220161282 3.625
0.9807852804032304 -0.1950903220161282 3.7
0.9807852804032304 -0.1950903220161282 3.675
0.9807852804032304 -0.1950903220161282 3.75
0.9807852804032304 -0.1950903220161282 3.725000000000001
0.9807852804032304 -0.1950903220161282 3.8
0.9807852804032304 -0.1950903220161282 3.775
0.9807852804032304 -0.1950903220161282 3.85
0.9807852804032304 -0.1950903220161282 3.825
0.9807852804032304 -0.1950903220161282 3.9
0.9807852804032304 -0.1950903220161282 3.875
0.9807852804032304 -0.1950903220161282 3.95
0.9807852804032304 -0.1950903220161282 3.925
0.9807852804032304 -0.1950903220161282 4
0.9807852804032304 -0.1950903220161282 3.975000000000001
0.9807852804032304 -0.1950903220161282 4.05
0.9807852804032304 -0.1950903220161282 4.025
0.9807852804032304 -0.1950903220161282 4.1
0.9807852804032304 -0.1950903220161282 4.075
0.9807852804032304 -0.1950903220161282 4.15
0.9807852804032304 -0.1950903220161282 4.125
0.9807852804032304 -0.1950903220161282 4.2
0.9807852804032304 -0.1950903220161282 4.175
0.9807852804032304 -0.1950903220161282 4.25
0.9807852804032304 -0.1950903220161282 4.225
0.9807852804032304 -0.1950903220161282 4.3
0.9807852804032304 -0.1950903220161282 4.275
0.9807852804032304 -0.1950903220161282 4.35
0.9807852804032304 -0.1950903220161282 4.325
0.9807852804032304 -0.1950903220161282 4.4
0.9807852804032304 -0.1950903220161282 4.375
0.9807852804032304 -0.1950903220161282 4.45
0.9807852804032304 -0.1950903220161282 4.425
0.9807852804032304 -0.1950903220161282 4.5
0.9807852804032304 -0.1950903220161282 4.475
0.9807852804032304 -0.1950903220161282 4.55
0.9807852804032304 -0.1950903220161282 4.525
0.9807852804032304 -0.1950903220161282 4.6
0.9807852804032304 -0.1950903220161282 4.575
0.9807852804032304 -0.1950903220161282 4.65
0.9807852804032304 -0.1950903220161282 4.625
0.9807852804032304 -0.1950903220161282 4.7
0.9807852804032304 -0.1950903220161282 4.675
0.9807852804032304 -0.1950903220161282 4.75
0.9807852804032304 -0.1950903220161282 4.725
0.9807852804032304 -0.1950903220161282 4.8
0.9807852804032304 -0.1950903220161282 4.775
0.9807852804032304 -0.1950903220161282 4.85
0.9807852804032304 -0.1950903220161282 4.825
0.9807852804032304 -0.1950903220161282 4.9
0.9807852804032304 -0.1950903220161282 4.875
0.9807852804032304 -0.1950903220161282 4.95
0.9807852804032304 -0.1950903220161282 4.925
0.9807852804032304 -0.1950903220161282 4.975
2 62 0 237
8324
8325
8326
8327
8328
8329
8330
8331
8332
8333
8334
8335
8336
8337
8338
8339
8340
8341
8342
8343
8344
8345
8346
8347
8348
8349
8350
8351
8352
8353
8354
8355
8356
8357
8358
8359
8360
8361
8362
8363
8364
8365
8366
8367
8368
8369
8370
8371
8372
8373
8374
8375
8376
8377
8378
8379
8380
8381
8382
8383
8384
8385
8386
8387
8388
8389
8390
8391
8392
8393
8394
8395
8396
8397
8398
8399
8400
8401
8402
8403
8404
8405
8406
8407
8408
8409
8410
8411
8412
8413
8414
8415
8416
8417
8418
8419
8420
8421
8422
8423
8424
8425
8426
8427
8428
8429
8430
8431
8432
8433
8434
8435
8436
8437
8438
8439
8440
8441
8442
8443
8444
8445
8446
8447
8448
8449
8450
8451
8452
8453
8454
8455
8456
8457
8458
8459
8460
8461
8462
8463
8464
8465
8466
8467
8468
8469
8470
8471
8472
8473
8474
8475
8476
8477
8478
8479
8480
8481
8482
8483
8484
8485
8486
8487
8488
8489
8490
8491
8492
8493
8494
8495
8496
8497
8498
8499
8500
8501
8502
8503
8504
8505
8506
8507
8508
8509
8510
8511
8512
8513
8514
8515
8516
8517
8518
8519
8520
8521
8522
8523
8524
8525
8526
8527
8528
8529
8530
8531
8532
8533
8534
8535
8536
8537
8538
8539
8540
8541
8542
8543
8544
8545
8546
8547
8548
8549
8550
8551
8552
8553
8554
8555
8556
8557
8558
8559
8560
0.7071067811865477 0.7071067811865475 1.05
0.7071067811865477 0.7071067811865475 1.1
0.7071067811865477 0.7071067811865475 1.15
0.7071067811865477 0.7071067811865475 1.2
0.7071067811865477 0.7071067811865475 1.25
0.7071067811865477 0.7071067811865475 1.3
0.7071067811865477 0.7071067811865475 1.35
0.7071067811865477 0.7071067811865475 1.4
0.7071067811865477 0.7071067811865475 1.45
0.7071067811865477 0.7071067811865475 1.5
0.7071067811865477 0.7071067811865475 1.55
0.7071067811865477 0.7071067811865475 1.6
0.7071067811865477 0.7071067811865475 1.65
0.7071067811865477 0.7071067811865475 1.7
0.7071067811865477 0.7071067811865475 1.75
0.7071067811865477 0.7071067811865475 1.8
0.7071067811865477 0.7071067811865475 1.85
0.7071067811865477 0.7071067811865475 1.9
0.7071067811865477 0.7071067811865475 1.95
0.7071067811865477 0.7071067811865475 2
0.7071067811865477 0.7071067811865475 2.05
0.7071067811865477 0.7071067811865475 2.1
0.7071067811865477 0.7071067811865475 2.15
0.7071067811865477 0.7071067811865475 2.2
0.7071067811865477 0.7071067811865475 2.25
0.7071067811865477 0.7071067811865475 2.3
0.7071067811865477 0.7071067811865475 2.35
0.7071067811865477 0.7071067811865475 2.4
0.7071067811865477 0.7071067811865475 2.45
0.7071067811865477 0.7071067811865475 2.5
0.7071067811865477 0.7071067811865475 2.55
0.7071067811865477 0.7071067811865475 2.6
0.7071067811865477 0.7071067811865475 2.65
0.7071067811865477 0.7071067811865475 2.7
0.7071067811865477 0.7071067811865475 2.75
0.7071067811865477 0.7071067811865475 2.8
0.7071067811865477 0.7071067811865475 2.85
0.7071067811865477 0.7071067811865475 2.9
0.7071067811865477 0.7071067811865475 2.95
0.9238795325112868 0.3826834323650897 1.05
0.7071067811865479 0.7071067811865471 1.025
0.9238795325112868 0.3826834323650895 1.025
0.9238795325112868 0.3826834323650897 1.1
0.7071067811865479 0.7071067811865471 1.075
0.9238795325112868 0.3826834323650895 1.075
0.9238795325112868 0.3826834323650897 1.15
0.7071067811865479 0.7071067811865471 1.125
0.9238795325112868 0.3826834323650895 1.125
0.9238795325112868 0.3826834323650897 1.2
0.7071067811865479 0.7071067811865471 1.175
0.9238795325112868 0.3826834323650895 1.175
0.9238795325112868 0.3826834323650897 1.25
0.7071067811865479 0.7071067811865471 1.225
0.9238795325112868 0.3826834323650895 1.225
0.9238795325112868 0.3826834323650897 1.3
0.7071067811865479 0.7071067811865471 1.275
0.9238795325112868 0.3826834323650895 1.275
0.9238795325112868 0.3826834323650897 1.35
0.7071067811865479 0.7071067811865471 1.325
0.9238795325112868 0.3826834323650895 1.325
0.9238795325112868 0.3826834323650897 1.4
0.7071067811865479 0.7071067811865471 1.375
0.9238795325112868 0.3826834323650895 1.375
0.9238795325112868 0.3826834323650897 1.45
0.7071067811865479 0.7071067811865471 1.425
0.9238795325112868 0.3826834323650895 1.425
0.9238795325112868 0.3826834323650897 1.5
0.7071067811865479 0.7071067811865471 1.475
0.9238795325112868 0.3826834323650895 1.475
0.9238795325112868 0.3826834323650897 1.55
0.7071067811865479 0.7071067811865471 1.525
0.9238795325112868 0.3826834323650895 1.525
0.9238795325112868 0.3826834323650897 1.6
0.7071067811865479 0.7071067811865471 1.575
0.9238795325112868 0.3826834323650895 1.575
0.9238795325112868 0.3826834323650897 1.65
0.7071067811865479 0.7071067811865471 1.625
0.9238795325112868 0.3826834323650895 1.625
0.9238795325112868 0.3826834323650897 1.7
0.7071067811865479 0.7071067811865471 1.675
0.9238795325112868 0.3826834323650895 1.675
0.9238795325112868 0.3826834323650897 1.75
0.7071067811865479 0.7071067811865471 1.725
0.9238795325112868 0.3826834323650895 1.725
0.9238795325112868 0.3826834323650897 1.8
0.7071067811865479 0.7071067811865471 1.775
0.9238795325112868 0.3826834323650895 1.775
0.9238795325112868 0.3826834323650897 1.85
0.7071067811865479 0.7071067811865471 1.825
0.9238795325112868 0.3826834323650895 1.825
0.9238795325112868 0.3826834323650897 1.9
0.7071067811865479 0.7071067811865471 1.875
0.9238795325112868 0.3826834323650895 1.875
0.9238795325112868 0.3826834323650897 1.95
0.7071067811865479 0.7071067811865471 1.925
0.9238795325112868 0.3826834323650895 1.925
0.9238795325112868 0.3826834323650897 2
0.7071067811865479 0.7071067811865471 1.975
0.9238795325112868 0.3826834323650895 1.975
0.9238795325112868 0.3826834323650897 2.05
0.7071067811865479 0.7071067811865471 2.025
0.9238795325112868 0.3826834323650895 2.025
0.9238795325112868 0.3826834323650897 2.1
0.7071067811865479 0.7071067811865471 2.075
0.9238795325112868 0.3826834323650895 2.075
0.9238795325112868 0.3826834323650897 2.15
0.7071067811865479 0.7071067811865471 2.125
0.9238795325112868 0.3826834323650895 2.125
0.9238795325112868 0.3826834323650897 2.2
0.7071067811865479 0.7071067811865471 2.175
0.9238795325112868 0.3826834323650895 2.175
0.9238795325112868 0.3826834323650897 2.25
0.7071067811865479 0.7071067811865471 2.225
0.9238795325112868 0.3826834323650895 2.225
0.9238795325112868 0.3826834323650897 2.3
0.7071067811865479 0.7071067811865471 2.275
0.9238795325112868 0.3826834323650895 2.275
0.9238795325112868 0.3826834323650897 2.35
0.7071067811865479 0.7071067811865471 2.325
0.9238795325112868 0.3826834323650895 2.325
0.9238795325112868 0.3826834323650897 2.4
0.7071067811865479 0.7071067811865471 2.375
0.9238795325112868 0.3826834323650895 2.375
0.9238795325112868 0.3826834323650897 2.45
0.7071067811865479 0.7071067811865471 2.425
0.9238795325112868 0.3826834323650895 2.425
0.9238795325112868 0.3826834323650897 2.5
0.7071067811865479 0.7071067811865471 2.475
0.9238795325112868 0.3826834323650895 2.475
0.9238795325112868 0.3826834323650897 2.55
0.7071067811865479 0.7071067811865471 2.525
0.9238795325112868 0.3826834323650895 2.525
0.9238795325112868 0.3826834323650897 2.6
0.7071067811865479 0.7071067811865471 2.575
0.9238795325112868 0.3826834323650895 2.575
0.9238795325112868 0.3826834323650897 2.65
0.7071067811865479 0.7071067811865471 2.625
0.9238795325112868 0.3826834323650895 2.625
0.9238795325112868 0.3826834323650897 2.7
0.7071067811865479 0.7071067811865471 2.675
0.9238795325112868 0.3826834323650895 2.675
0.9238795325112868 0.3826834323650897 2.75
0.7071067811865479 0.7071067811865471 2.725
0.9238795325112868 0.3826834323650895 2.725000000000001
0.9238795325112868 0.3826834323650897 2.8
0.7071067811865479 0.7071067811865471 2.775
0.9238795325112868 0.3826834323650895 2.775
0.9238795325112868 0.3826834323650897 2.85
0.7071067811865479 0.7071067811865471 2.825
0.9238795325112868 0.3826834323650895 2.825
0.9238795325112868 0.3826834323650897 2.9
0.7071067811865479 0.7071067811865471 2.875
0.9238795325112868 0.3826834323650895 2.875
0.9238795325112868 0.3826834323650897 2.95
0.7071067811865479 0.7071067811865471 2.925
0.9238795325112868 0.3826834323650895 2.925
0.7071067811865479 0.7071067811865471 2.975
0.9238795325112868 0.3826834323650895 2.975000000000001
0.3826834323650903 0.9238795325112865 1.05
0.3826834323650901 0.9238795325112865 1.025
0.3826834323650903 0.9238795325112865 1.1
0.3826834323650904 0.9238795325112863 1.075
0.3826834323650903 0.9238795325112865 1.15
0.3826834323650904 0.9238795325112863 1.125
0.3826834323650903 0.9238795325112865 1.2
0.3826834323650904 0.9238795325112863 1.175
0.3826834323650903 0.9238795325112865 1.25
0.3826834323650904 0.9238795325112863 1.225
0.3826834323650903 0.9238795325112865 1.3
0.3826834323650904 0.9238795325112863 1.275
0.3826834323650903 0.9238795325112865 1.35
0.3826834323650904 0.9238795325112863 1.325
0.3826834323650903 0.9238795325112865 1.4
0.3826834323650904 0.9238795325112863 1.375
0.3826834323650903 0.9238795325112865 1.45
0.3826834323650904 0.9238795325112863 1.425
0.3826834323650903 0.9238795325112865 1.5
0.3826834323650904 0.9238795325112863 1.475
0.3826834323650903 0.9238795325112865 1.55
0.3826834323650904 0.9238795325112863 1.525
0.3826834323650903 0.9238795325112865 1.6
0.3826834323650904 0.9238795325112863 1.575
0.3826834323650903 0.9238795325112865 1.65
0.3826834323650904 0.9238795325112863 1.625
0.3826834323650903 0.9238795325112865 1.7
0.3826834323650904 0.9238795325112863 1.675
0.3826834323650903 0.9238795325112865 1.75
0.3826834323650904 0.9238795325112863 1.725
0.3826834323650903 0.9238795325112865 1.8
0.3826834323650904 0.9238795325112863 1.775
0.3826834323650903 0.9238795325112865 1.85
0.3826834323650904 0.9238795325112863 1.825
0.3826834323650903 0.9238795325112865 1.9
0.3826834323650904 0.9238795325112863 1.875
0.3826834323650903 0.9238795325112865 1.95
0.3826834323650904 0.9238795325112863 1.925
0.3826834323650903 0.9238795325112865 2
0.3826834323650904 0.9238795325112863 1.975
0.3826834323650903 0.9238795325112865 2.05
0.3826834323650904 0.9238795325112863 2.025
0.3826834323650903 0.9238795325112865 2.1
0.3826834323650904 0.9238795325112863 2.075
0.3826834323650903 0.9238795325112865 2.15
0.3826834323650904 0.9238795325112863 2.125
0.3826834323650903 0.9238795325112865 2.2
0.3826834323650904 0.9238795325112863 2.175
0.3826834323650903 0.9238795325112865 2.25
0.3826834323650904 0.9238795325112863 2.225
0.3826834323650903 0.9238795325112865 2.3
0.3826834323650904 0.9238795325112863 2.275
0.3826834323650903 0.9238795325112865 2.35
0.3826834323650904 0.9238795325112863 2.325
0.3826834323650903 0.9238795325112865 2.4
0.3826834323650904 0.9238795325112863 2.375
0.3826834323650903 0.9238795325112865 2.45
0.3826834323650904 0.9238795325112863 2.425
0.3826834323650903 0.9238795325112865 2.5
0.3826834323650904 0.9238795325112863 2.475
0.3826834323650903 0.9238795325112865 2.55
0.3826834323650904 0.9238795325112863 2.525
0.3826834323650903 0.9238795325112865 2.6
0.3826834323650904 0.9238795325112863 2.575
0.3826834323650903 0.9238795325112865 2.65
0.3826834323650904 0.9238795325112863 2.625
0.3826834323650903 0.9238795325112865 2.7
0.3826834323650904 0.9238795325112863 2.675
0.3826834323650903 0.9238795325112865 2.75
0.3826834323650904 0.9238795325112863 2.725000000000001
0.3826834323650903 0.9238795325112865 2.8
0.3826834323650904 0.9238795325112863 2.775
0.3826834323650903 0.9238795325112865 2.85
0.3826834323650904 0.9238795325112863 2.825
0.3826834323650903 0.9238795325112865 2.9
0.3826834323650904 0.9238795325112863 2.875
0.3826834323650903 0.9238795325112865 2.95
0.3826834323650904 0.9238795325112863 2.925
0.3826834323650901 0.9238795325112865 2.975000000000001
2 63 0 237
8561
8562
8563
8564
8565
8566
8567
8568
8569
8570
8571
8572
8573
8574
8575
8576
8577
8578
8579
8580
8581
8582
8583
8584
8585
8586
8587
8588
8589
8590
8591
8592
8593
8594
8595
8596
8597
8598
8599
8600
8601
8602
8603
8604
8605
8606
8607
8608
8609
8610
8611
8612
8613
8614
8615
8616
8617
8618
8619
8620
8621
8622
8623
8624
8625
8626
8627
8628
8629
8630
8631
8632
8633
8634
8635
8636
8637
8638
8639
8640
8641
8642
8643
8644
8645
8646
8647
8648
8649
8650
8651
8652
8653
8654
8655
8656
8657
8658
8659
8660
8661
8662
8663
8664
8665
8666
8667
8668
8669
8670
8671
8672
8673
8674
8675
8676
8677
8678
8679
8680
8681
8682
8683
8684
8685
8686
8687
8688
8689
8690
8691
8692
8693
8694
8695
8696
8697
8698
8699
8700
8701
8702
8703
8704
8705
8706
8707
8708
8709
8710
8711
8712
8713
8714
8715
8716
8717
8718
8719
8720
8721
8722
8723
8724
8725
8726
8727
8728
8729
8730
8731
8732
8733
8734
8735
8736
8737
8738
8739
8740
8741
8742
8743
8744
8745
8746
8747
8748
8749
8750
8751
8752
8753
8754
8755
8756
8757
8758
8759
8760
8761
8762
8763
8764
8765
8766
8767
8768
8769
8770
8771
8772
8773
8774
8775
8776
8777
8778
8779
8780
8781
8782
8783
8784
8785
8786
8787
8788
8789
8790
8791
8792
8793
8794
8795
8796
8797
0.7071067811865477 0.7071067811865475 3.05
0.7071067811865477 0.7071067811865475 3.1
0.7071067811865477 0.7071067811865475 3.15
0.7071067811865477 0.7071067811865475 3.2
0.7071067811865477 0.7071067811865475 3.25
0.7071067811865477 0.7071067811865475 3.3
0.7071067811865477 0.7071067811865475 3.35
0.7071067811865477 0.7071067811865475 3.4
0.7071067811865477 0.7071067811865475 3.45
0.7071067811865477 0.7071067811865475 3.5
0.7071067811865477 0.7071067811865475 3.55
0.7071067811865477 0.7071067811865475 3.6
0.7071067811865477 0.7071067811865475 3.65
0.7071067811865477 0.7071067811865475 3.7
0.7071067811865477 0.7071067811865475 3.75
0.7071067811865477 0.7071067811865475 3.8
0.7071067811865477 0.7071067811865475 3.85
0.7071067811865477 0.7071067811865475 3.9
0.7071067811865477 0.7071067811865475 3.95
0.7071067811865477 0.7071067811865475 4
0.7071067811865477 0.7071067811865475 4.05
0.7071067811865477 0.7071067811865475 4.1
0.7071067811865477 0.7071067811865475 4.15
0.7071067811865477 0.7071067811865475 4.2
0.7071067811865477 0.7071067811865475 4.25
0.7071067811865477 0.7071067811865475 4.3
0.7071067811865477 0.7071067811865475 4.35
0.7071067811865477 0.7071067811865475 4.4
0.7071067811865477 0.7071067811865475 4.45
0.7071067811865477 0.7071067811865475 4.5
0.7071067811865477 0.7071067811865475 4.55
0.7071067811865477 0.7071067811865475 4.6
0.7071067811865477 0.7071067811865475 4.65
0.7071067811865477 0.7071067811865475 4.7
0.7071067811865477 0.7071067811865475 4.75
0.7071067811865477 0.7071067811865475 4.8
0.7071067811865477 0.7071067811865475 4.85
0.7071067811865477 0.7071067811865475 4.9
0.7071067811865477 0.7071067811865475 4.95
0.9238795325112868 0.3826834323650897 3.05
0.7071067811865479 0.7071067811865471 3.025
0.9238795325112868 0.3826834323650895 3.025
0.9238795325112868 0.3826834323650897 3.1
0.7071067811865479 0.7071067811865471 3.075
0.9238795325112868 0.3826834323650895 3.075
0.9238795325112868 0.3826834323650897 3.15
0.7071067811865479 0.7071067811865471 3.125
0.9238795325112868 0.3826834323650895 3.125
0.9238795325112868 0.3826834323650897 3.2
0.7071067811865479 0.7071067811865471 3.175
0.9238795325112868 0.3826834323650895 3.175
0.9238795325112868 0.3826834323650897 3.25
0.7071067811865479 0.7071067811865471 3.225
0.9238795325112868 0.3826834323650895 3.225000000000001
0.9238795325112868 0.3826834323650897 3.3
0.7071067811865479 0.7071067811865471 3.275
0.9238795325112868 0.3826834323650895 3.275
0.9238795325112868 0.3826834323650897 3.35
0.7071067811865479 0.7071067811865471 3.325
0.9238795325112868 0.3826834323650895 3.325
0.9238795325112868 0.3826834323650897 3.4
0.7071067811865479 0.7071067811865471 3.375
0.9238795325112868 0.3826834323650895 3.375
0.9238795325112868 0.3826834323650897 3.45
0.7071067811865479 0.7071067811865471 3.425
0.9238795325112868 0.3826834323650895 3.425
0.9238795325112868 0.3826834323650897 3.5
0.7071067811865479 0.7071067811865471 3.475
0.9238795325112868 0.3826834323650895 3.475000000000001
0.9238795325112868 0.3826834323650897 3.55
0.7071067811865479 0.7071067811865471 3.525
0.9238795325112868 0.3826834323650895 3.525
0.9238795325112868 0.3826834323650897 3.6
0.7071067811865479 0.7071067811865471 3.575
0.9238795325112868 0.3826834323650895 3.575
0.9238795325112868 0.3826834323650897 3.65
0.7071067811865479 0.7071067811865471 3.625
0.9238795325112868 0.3826834323650895 3.625
0.9238795325112868 0.3826834323650897 3.7
0.7071067811865479 0.7071067811865471 3.675
0.9238795325112868 0.3826834323650895 3.675
0.9238795325112868 0.3826834323650897 3.75
0.7071067811865479 0.7071067811865471 3.725
0.9238795325112868 0.3826834323650895 3.725000000000001
0.9238795325112868 0.3826834323650897 3.8
0.7071067811865479 0.7071067811865471 3.775
0.9238795325112868 0.3826834323650895 3.775
0.9238795325112868 0.3826834323650897 3.85
0.7071067811865479 0.7071067811865471 3.825
0.9238795325112868 0.3826834323650895 3.825
0.9238795325112868 0.3826834323650897 3.9
0.7071067811865479 0.7071067811865471 3.875
0.9238795325112868 0.3826834323650895 3.875
0.9238795325112868 0.3826834323650897 3.95
0.7071067811865479 0.7071067811865471 3.925
0.9238795325112868 0.3826834323650895 3.925
0.9238795325112868 0.3826834323650897 4
0.7071067811865479 0.7071067811865471 3.975
0.9238795325112868 0.3826834323650895 3.975000000000001
0.9238795325112868 0.3826834323650897 4.05
0.7071067811865479 0.7071067811865471 4.025
0.9238795325112868 0.3826834323650895 4.025
0.9238795325112868 0.3826834323650897 4.1
0.7071067811865479 0.7071067811865471 4.074999999999999
0.9238795325112868 0.3826834323650895 4.075
0.9238795325112868 0.3826834323650897 4.15
0.7071067811865479 0.7071067811865471 4.125
0.9238795325112868 0.3826834323650895 4.125
0.9238795325112868 0.3826834323650897 4.2
0.7071067811865479 0.7071067811865471 4.175000000000001
0.9238795325112868 0.3826834323650895 4.175
0.9238795325112868 0.3826834323650897 4.25
0.7071067811865479 0.7071067811865471 4.225
0.9238795325112868 0.3826834323650895 4.225
0.9238795325112868 0.3826834323650897 4.3
0.7071067811865479 0.7071067811865471 4.275
0.9238795325112868 0.3826834323650895 4.275
0.9238795325112868 0.3826834323650897 4.35
0.7071067811865479 0.7071067811865471 4.324999999999999
0.9238795325112868 0.3826834323650895 4.325
0.9238795325112868 0.3826834323650897 4.4
0.7071067811865479 0.7071067811865471 4.375
0.9238795325112868 0.3826834323650895 4.375
0.9238795325112868 0.3826834323650897 4.45
0.7071067811865479 0.7071067811865471 4.425000000000001
0.9238795325112868 0.3826834323650895 4.425
0.9238795325112868 0.3826834323650897 4.5
0.7071067811865479 0.7071067811865471 4.475
0.9238795325112868 0.3826834323650895 4.475
0.9238795325112868 0.3826834323650897 4.55
0.7071067811865479 0.7071067811865471 4.525
0.9238795325112868 0.3826834323650895 4.525
0.9238795325112868 0.3826834323650897 4.6
0.7071067811865479 0.7071067811865471 4.574999999999999
0.9238795325112868 0.3826834323650895 4.575
0.9238795325112868 0.3826834323650897 4.65
0.7071067811865479 0.7071067811865471 4.625
0.9238795325112868 0.3826834323650895 4.625
0.9238795325112868 0.3826834323650897 4.7
0.7071067811865479 0.7071067811865471 4.675000000000001
0.9238795325112868 0.3826834323650895 4.675
0.9238795325112868 0.3826834323650897 4.75
0.7071067811865479 0.7071067811865471 4.725
0.9238795325112868 0.3826834323650895 4.725
0.9238795325112868 0.3826834323650897 4.8
0.7071067811865479 0.7071067811865471 4.775
0.9238795325112868 0.3826834323650895 4.775
0.9238795325112868 0.3826834323650897 4.85
0.7071067811865479 0.7071067811865471 4.824999999999999
0.9238795325112868 0.3826834323650895 4.825
0.9238795325112868 0.3826834323650897 4.9
0.7071067811865479 0.7071067811865471 4.875
0.9238795325112868 0.3826834323650895 4.875
0.9238795325112868 0.3826834323650897 4.95
0.7071067811865479 0.7071067811865471 4.925000000000001
0.9238795325112868 0.3826834323650895 4.925
0.7071067811865479 0.7071067811865471 4.975
0.9238795325112868 0.3826834323650895 4.975
0.3826834323650903 0.9238795325112865 3.05
0.3826834323650901 0.9238795325112865 3.025
0.3826834323650903 0.9238795325112865 3.1
0.3826834323650904 0.9238795325112863 3.075
0.3826834323650903 0.9238795325112865 3.15
0.3826834323650904 0.9238795325112863 3.125
0.3826834323650903 0.9238795325112865 3.2
0.3826834323650904 0.9238795325112863 3.175
0.3826834323650903 0.9238795325112865 3.25
0.3826834323650904 0.9238795325112863 3.225000000000001
0.3826834323650903 0.9238795325112865 3.3
0.3826834323650904 0.9238795325112863 3.275
0.3826834323650903 0.9238795325112865 3.35
0.3826834323650904 0.9238795325112863 3.325
0.3826834323650903 0.9238795325112865 3.4
0.3826834323650904 0.9238795325112863 3.375
0.3826834323650903 0.9238795325112865 3.45
0.3826834323650904 0.9238795325112863 3.425
0.3826834323650903 0.9238795325112865 3.5
0.3826834323650904 0.9238795325112863 3.475000000000001
0.3826834323650903 0.9238795325112865 3.55
0.3826834323650904 0.9238795325112863 3.525
0.3826834323650903 0.9238795325112865 3.6
0.3826834323650904 0.9238795325112863 3.575
0.3826834323650903 0.9238795325112865 3.65
0.3826834323650904 0.9238795325112863 3.625
0.3826834323650903 0.9238795325112865 3.7
0.3826834323650904 0.9238795325112863 3.675
0.3826834323650903 0.9238795325112865 3.75
0.3826834323650904 0.9238795325112863 3.725000000000001
0.3826834323650903 0.9238795325112865 3.8
0.3826834323650904 0.9238795325112863 3.775
0.3826834323650903 0.9238795325112865 3.85
0.3826834323650904 0.9238795325112863 3.825
0.3826834323650903 0.9238795325112865 3.9
0.3826834323650904 0.9238795325112863 3.875
0.3826834323650903 0.9238795325112865 3.95
0.3826834323650904 0.9238795325112863 3.925
0.3826834323650903 0.9238795325112865 4
0.3826834323650904 0.9238795325112863 3.975000000000001
0.3826834323650903 0.9238795325112865 4.05
0.3826834323650904 0.9238795325112863 4.025
0.3826834323650903 0.9238795325112865 4.1
0.3826834323650904 0.9238795325112863 4.075
0.3826834323650903 0.9238795325112865 4.15
0.3826834323650904 0.9238795325112863 4.125
0.3826834323650903 0.9238795325112865 4.2
0.3826834323650904 0.9238795325112863 4.175
0.3826834323650903 0.9238795325112865 4.25
0.3826834323650904 0.9238795325112863 4.225
0.3826834323650903 0.9238795325112865 4.3
0.3826834323650904 0.9238795325112863 4.275
0.3826834323650903 0.9238795325112865 4.35
0.3826834323650904 0.9238795325112863 4.325
0.3826834323650903 0.9238795325112865 4.4
0.3826834323650904 0.9238795325112863 4.375
0.3826834323650903 0.9238795325112865 4.45
0.3826834323650904 0.9238795325112863 4.425
0.3826834323650903 0.9238795325112865 4.5
0.3826834323650904 0.9238795325112863 4.475
0.3826834323650903 0.9238795325112865 4.55
0.3826834323650904 0.9238795325112863 4.525
0.3826834323650903 0.9238795325112865 4.6
0.3826834323650904 0.9238795325112863 4.575
0.3826834323650903 0.9238795325112865 4.65
0.3826834323650904 0.9238795325112863 4.625
0.3826834323650903 0.9238795325112865 4.7
0.3826834323650904 0.9238795325112863 4.675
0.3826834323650903 0.9238795325112865 4.75
0.3826834323650904 0.9238795325112863 4.725
0.3826834323650903 0.9238795325112865 4.8
0.3826834323650904 0.9238795325112863 4.775
0.3826834323650903 0.9238795325112865 4.85
0.3826834323650904 0.9238795325112863 4.825
0.3826834323650903 0.9238795325112865 4.9
0.3826834323650904 0.9238795325112863 4.875
0.3826834323650903 0.9238795325112865 4.95
0.3826834323650904 0.9238795325112863 4.925
0.3826834323650901 0.9238795325112865 4.975
2 64 0 553
8798
8799
8800
8801
8802
8803
8804
8805
8806
8807
8808
8809
8810
8811
8812
8813
8814
8815
8816
8817
8818
8819
8820
8821
8822
8823
8824
8825
8826
8827
8828
8829
8830
8831
8832
8833
8834
8835
8836
8837
8838
8839
8840
8841
8842
8843
8844
8845
8846
8847
8848
8849
8850
8851
8852
8853
8854
8855
8856
8857
8858
8859
8860
8861
8862
8863
8864
8865
8866
8867
8868
8869
8870
8871
8872
8873
8874
8875
8876
8877
8878
8879
8880
8881
8882
8883
8884
8885
8886
8887
8888
8889
8890
8891
8892
8893
8894
8895
8896
8897
8898
8899
8900
8901
8902
8903
8904
8905
8906
8907
8908
8909
8910
8911
8912
8913
8914
8915
8916
8917
8918
8919
8920
8921
8922
8923
8924
8925
8926
8927
8928
8929
8930
8931
8932
8933
8934
8935
8936
8937
8938
8939
8940
8941
8942
8943
8944
8945
8946
8947
8948
8949
8950
8951
8952
8953
8954
8955
8956
8957
8958
8959
8960
8961
8962
8963
8964
8965
8966
8967
8968
8969
8970
8971
8972
8973
8974
8975
8976
8977
8978
8979
8980
8981
8982
8983
8984
8985
8986
8987
8988
8989
8990
8991
8992
8993
8994
8995
8996
8997
8998
8999
9000
9001
9002
9003
9004
9005
9006
9007
9008
9009
9010
9011
9012
9013
9014
9015
9016
9017
9018
9019
9020
9021
9022
9023
9024
9025
9026
9027
9028
9029
9030
9031
9032
9033
9034
9035
9036
9037
9038
9039
9040
9041
9042
9043
9044
9045
9046
9047
9048
9049
9050
9051
9052
9053
9054
9055
9056
9057
9058
9059
9060
9061
9062
9063
9064
9065
9066
9067
9068
9069
9070
9071
9072
9073
9074
9075
9076
9077
9078
9079
9080
9081
9082
9083
9084
9085
9086
9087
9088
9089
9090
9091
9092
9093
9094
9095
9096
9097
9098
9099
9100
9101
9102
9103
9104
9105
9106
9107
9108
9109
9110
9111
9112
9113
9114
9115
9116
9117
9118
9119
9120
9121
9122
9123
9124
9125
9126
9127
9128
9129
9130
9131
9132
9133
9134
9135
9136
9137
9138
9139
9140
9141
9142
9143
9144
9145
9146
9147
9148
9149
9150
9151
9152
9153
9154
9155
9156
9157
9158
9159
9160
9161
9162
9163
9164
9165
9166
9167
9168
9169
9170
9171
9172
9173
9174
9175
9176
9177
9178
9179
9180
9181
9182
9183
9184
9185
9186
9187
9188
9189
9190
9191
9192
9193
9194
9195
9196
9197
9198
9199
9200
9201
9202
9203
9204
9205
9206
9207
9208
9209
9210
9211
9212
9213
9214
9215
9216
9217
9218
9219
9220
9221
9222
9223
9224
9225
9226
9227
9228
9229
9230
9231
9232
9233
9234
9235
9236
9237
9238
9239
9240
9241
9242
9243
9244
9245
9246
9247
9248
9249
9250
9251
9252
9253
9254
9255
9256
9257
9258
9259
9260
9261
9262
9263
9264
9265
9266
9267
9268
9269
9270
9271
9272
9273
9274
9275
9276
9277
9278
9279
9280
9281
9282
9283
9284
9285
9286
9287
9288
9289
9290
9291
9292
9293
9294
9295
9296
9297
9298
9299
9300
9301
9302
9303
9304
9305
9306
9307
9308
9309
9310
9311
9312
9313
9314
9315
9316
9317
9318
9319
9320
9321
9322
9323
9324
9325
9326
9327
9328
9329
9330
9331
9332
9333
9334
9335
9336
9337
9338
9339
9340
9341
9342
9343
9344
9345
9346
9347
9348
9349
9350
-0.923879532511287 0.3826834323650892 0.05
-0.923879532511287 0.3826834323650892 0.1
-0.923879532511287 0.3826834323650892 0.15
-0.923879532511287 0.3826834323650892 0.2
-0.923879532511287 0.3826834323650892 0.25
-0.923879532511287 0.3826834323650892 0.3
-0.923879532511287 0.3826834323650892 0.35
-0.923879532511287 0.3826834323650892 0.4
-0.923879532511287 0.3826834323650892 0.45
-0.923879532511287 0.3826834323650892 0.5
-0.923879532511287 0.3826834323650892 0.55
-0.923879532511287 0.3826834323650892 0.6
-0.923879532511287 0.3826834323650892 0.65
-0.923879532511287 0.3826834323650892 0.7
-0.923879532511287 0.3826834323650892 0.75
-0.923879532511287 0.3826834323650892 0.8
-0.923879532511287 0.3826834323650892 0.85
-0.923879532511287 0.3826834323650892 0.9
-0.923879532511287 0.3826834323650892 0.95
-0.923879532511287 0.3826834323650892 1
-0.923879532511287 0.3826834323650892 1.05
-0.923879532511287 0.3826834323650892 1.1
-0.923879532511287 0.3826834323650892 1.15
-0.923879532511287 0.3826834323650892 1.2
-0.923879532511287 0.3826834323650892 1.25
-0.923879532511287 0.3826834323650892 1.3
-0.923879532511287 0.3826834323650892 1.35
-0.923879532511287 0.3826834323650892 1.4
-0.923879532511287 0.3826834323650892 1.45
-0.923879532511287 0.3826834323650892 1.5
-0.923879532511287 0.3826834323650892 1.55
-0.923879532511287 0.3826834323650892 1.6
-0.923879532511287 0.3826834323650892 1.65
-0.923879532511287 0.3826834323650892 1.7
-0.923879532511287 0.3826834323650892 1.75
-0.923879532511287 0.3826834323650892 1.8
-0.923879532511287 0.3826834323650892 1.85
-0.923879532511287 0.3826834323650892 1.9
-0.923879532511287 0.3826834323650892 1.95
-0.7071067811865489 0.7071067811865461 0.05
-0.7071067811865489 0.7071067811865461 0.1
-0.7071067811865489 0.7071067811865461 0.15
-0.7071067811865489 0.7071067811865461 0.2
-0.7071067811865489 0.7071067811865461 0.25
-0.7071067811865489 0.7071067811865461 0.3
-0.7071067811865489 0.7071067811865461 0.35
-0.7071067811865489 0.7071067811865461 0.4
-0.7071067811865489 0.7071067811865461 0.45
-0.7071067811865489 0.7071067811865461 0.5
-0.7071067811865489 0.7071067811865461 0.55
-0.7071067811865489 0.7071067811865461 0.6
-0.7071067811865489 0.7071067811865461 0.65
-0.7071067811865489 0.7071067811865461 0.7
-0.7071067811865489 0.7071067811865461 0.75
-0.7071067811865489 0.7071067811865461 0.8
-0.7071067811865489 0.7071067811865461 0.85
-0.7071067811865489 0.7071067811865461 0.9
-0.7071067811865489 0.7071067811865461 0.95
-0.7071067811865489 0.7071067811865461 1
-0.7071067811865489 0.7071067811865461 1.05
-0.7071067811865489 0.7071067811865461 1.1
-0.7071067811865489 0.7071067811865461 1.15
-0.7071067811865489 0.7071067811865461 1.2
-0.7071067811865489 0.7071067811865461 1.25
-0.7071067811865489 0.7071067811865461 1.3
-0.7071067811865489 0.7071067811865461 1.35
-0.7071067811865489 0.7071067811865461 1.4
-0.7071067811865489 0.7071067811865461 1.45
-0.7071067811865489 0.7071067811865461 1.5
-0.7071067811865489 0.7071067811865461 1.55
-0.7071067811865489 0.7071067811865461 1.6
-0.7071067811865489 0.7071067811865461 1.65
-0.7071067811865489 0.7071067811865461 1.7
-0.7071067811865489 0.7071067811865461 1.75
-0.7071067811865489 0.7071067811865461 1.8
-0.7071067811865489 0.7071067811865461 1.85
-0.7071067811865489 0.7071067811865461 1.9
-0.7071067811865489 0.7071067811865461 1.95
-0.3826834323650912 0.9238795325112862 0.05
-0.3826834323650912 0.9238795325112862 0.1
-0.3826834323650912 0.9238795325112862 0.15
-0.3826834323650912 0.9238795325112862 0.2
-0.3826834323650912 0.9238795325112862 0.25
-0.3826834323650912 0.9238795325112862 0.3
-0.3826834323650912 0.9238795325112862 0.35
-0.3826834323650912 0.9238795325112862 0.4
-0.3826834323650912 0.9238795325112862 0.45
-0.3826834323650912 0.9238795325112862 0.5
-0.3826834323650912 0.9238795325112862 0.55
-0.3826834323650912 0.9238795325112862 0.6
-0.3826834323650912 0.9238795325112862 0.65
-0.3826834323650912 0.9238795325112862 0.7
-0.3826834323650912 0.9238795325112862 0.75
-0.3826834323650912 0.9238795325112862 0.8
-0.3826834323650912 0.9238795325112862 0.85
-0.3826834323650912 0.9238795325112862 0.9
-0.3826834323650912 0.9238795325112862 0.95
-0.3826834323650912 0.9238795325112862 1
-0.3826834323650912 0.9238795325112862 1.05
-0.3826834323650912 0.9238795325112862 1.1
-0.3826834323650912 0.9238795325112862 1.15
-0.3826834323650912 0.9238795325112862 1.2
-0.3826834323650912 0.9238795325112862 1.25
-0.3826834323650912 0.9238795325112862 1.3
-0.3826834323650912 0.9238795325112862 1.35
-0.3826834323650912 0.9238795325112862 1.4
-0.3826834323650912 0.9238795325112862 1.45
-0.3826834323650912 0.9238795325112862 1.5
-0.3826834323650912 0.9238795325112862 1.55
-0.3826834323650912 0.9238795325112862 1.6
-0.3826834323650912 0.9238795325112862 1.65
-0.3826834323650912 0.9238795325112862 1.7
-0.3826834323650912 0.9238795325112862 1.75
-0.3826834323650912 0.9238795325112862 1.8
-0.3826834323650912 0.9238795325112862 1.85
-0.3826834323650912 0.9238795325112862 1.9
-0.3826834323650912 0.9238795325112862 1.95
-0.9807852804032305 0.1950903220161279 0.05
-0.923879532511287 0.3826834323650892 0.025
-0.9807852804032305 0.1950903220161279 0.025
-0.9807852804032305 0.1950903220161279 0.1
-0.923879532511287 0.3826834323650892 0.07500000000000001
-0.9807852804032305 0.1950903220161279 0.07500000000000001
-0.9807852804032305 0.1950903220161279 0.15
-0.923879532511287 0.3826834323650892 0.125
-0.9807852804032305 0.1950903220161279 0.125
-0.9807852804032305 0.1950903220161279 0.2
-0.923879532511287 0.3826834323650892 0.175
-0.9807852804032305 0.1950903220161279 0.175
-0.9807852804032305 0.1950903220161279 0.25
-0.923879532511287 0.3826834323650892 0.225
-0.9807852804032305 0.1950903220161279 0.225
-0.9807852804032305 0.1950903220161279 0.3
-0.923879532511287 0.3826834323650892 0.275
-0.9807852804032305 0.1950903220161279 0.275
-0.9807852804032305 0.1950903220161279 0.35
-0.923879532511287 0.3826834323650892 0.325
-0.9807852804032305 0.1950903220161279 0.325
-0.9807852804032305 0.1950903220161279 0.4
-0.923879532511287 0.3826834323650892 0.375
-0.9807852804032305 0.1950903220161279 0.375
-0.9807852804032305 0.1950903220161279 0.45
-0.923879532511287 0.3826834323650892 0.425
-0.9807852804032305 0.1950903220161279 0.425
-0.9807852804032305 0.1950903220161279 0.5
-0.923879532511287 0.3826834323650892 0.475
-0.9807852804032305 0.1950903220161279 0.475
-0.9807852804032305 0.1950903220161279 0.55
-0.923879532511287 0.3826834323650892 0.525
-0.9807852804032305 0.1950903220161279 0.525
-0.9807852804032305 0.1950903220161279 0.6
-0.923879532511287 0.3826834323650892 0.575
-0.9807852804032305 0.1950903220161279 0.575
-0.9807852804032305 0.1950903220161279 0.65
-0.923879532511287 0.3826834323650892 0.625
-0.9807852804032305 0.1950903220161279 0.625
-0.9807852804032305 0.1950903220161279 0.7
-0.923879532511287 0.3826834323650892 0.675
-0.9807852804032305 0.1950903220161279 0.675
-0.9807852804032305 0.1950903220161279 0.75
-0.923879532511287 0.3826834323650892 0.725
-0.9807852804032305 0.1950903220161279 0.7249999999999999
-0.9807852804032305 0.1950903220161279 0.8
-0.923879532511287 0.3826834323650892 0.775
-0.9807852804032305 0.1950903220161279 0.775
-0.9807852804032305 0.1950903220161279 0.85
-0.923879532511287 0.3826834323650892 0.825
-0.9807852804032305 0.1950903220161279 0.825
-0.9807852804032305 0.1950903220161279 0.9
-0.923879532511287 0.3826834323650892 0.875
-0.9807852804032305 0.1950903220161279 0.875
-0.9807852804032305 0.1950903220161279 0.95
-0.923879532511287 0.3826834323650892 0.925
-0.9807852804032305 0.1950903220161279 0.925
-0.9807852804032305 0.1950903220161279 1
-0.923879532511287 0.3826834323650892 0.975
-0.9807852804032305 0.1950903220161279 0.9749999999999999
-0.9807852804032305 0.1950903220161279 1.05
-0.923879532511287 0.3826834323650892 1.025
-0.9807852804032305 0.1950903220161279 1.025
-0.9807852804032305 0.1950903220161279 1.1
-0.923879532511287 0.3826834323650892 1.075
-0.9807852804032305 0.1950903220161279 1.075
-0.9807852804032305 0.1950903220161279 1.15
-0.923879532511287 0.3826834323650892 1.125
-0.9807852804032305 0.1950903220161279 1.125
-0.9807852804032305 0.1950903220161279 1.2
-0.923879532511287 0.3826834323650892 1.175
-0.9807852804032305 0.1950903220161279 1.175
-0.9807852804032305 0.1950903220161279 1.25
-0.923879532511287 0.3826834323650892 1.225
-0.9807852804032305 0.1950903220161279 1.225
-0.9807852804032305 0.1950903220161279 1.3
-0.923879532511287 0.3826834323650892 1.275
-0.9807852804032305 0.1950903220161279 1.275
-0.9807852804032305 0.1950903220161279 1.35
-0.923879532511287 0.3826834323650892 1.325
-0.9807852804032305 0.1950903220161279 1.325
-0.9807852804032305 0.1950903220161279 1.4
-0.923879532511287 0.3826834323650892 1.375
-0.9807852804032305 0.1950903220161279 1.375
-0.9807852804032305 0.1950903220161279 1.45
-0.923879532511287 0.3826834323650892 1.425
-0.9807852804032305 0.1950903220161279 1.425
-0.9807852804032305 0.1950903220161279 1.5
-0.923879532511287 0.3826834323650892 1.475
-0.9807852804032305 0.1950903220161279 1.475
-0.9807852804032305 0.1950903220161279 1.55
-0.923879532511287 0.3826834323650892 1.525
-0.9807852804032305 0.1950903220161279 1.525
-0.9807852804032305 0.1950903220161279 1.6
-0.923879532511287 0.3826834323650892 1.575
-0.9807852804032305 0.1950903220161279 1.575
-0.9807852804032305 0.1950903220161279 1.65
-0.923879532511287 0.3826834323650892 1.625
-0.9807852804032305 0.1950903220161279 1.625
-0.9807852804032305 0.1950903220161279 1.7
-0.923879532511287 0.3826834323650892 1.675
-0.9807852804032305 0.1950903220161279 1.675
-0.9807852804032305 0.1950903220161279 1.75
-0.923879532511287 0.3826834323650892 1.725
-0.9807852804032305 0.1950903220161279 1.725
-0.9807852804032305 0.1950903220161279 1.8
-0.923879532511287 0.3826834323650892 1.775
-0.9807852804032305 0.1950903220161279 1.775
-0.9807852804032305 0.1950903220161279 1.85
-0.923879532511287 0.3826834323650892 1.825
-0.9807852804032305 0.1950903220161279 1.825
-0.9807852804032305 0.1950903220161279 1.9
-0.923879532511287 0.3826834323650892 1.875
-0.9807852804032305 0.1950903220161279 1.875
-0.9807852804032305 0.1950903220161279 1.95
-0.923879532511287 0.3826834323650892 1.925
-0.9807852804032305 0.1950903220161279 1.925
-0.923879532511287 0.3826834323650892 1.975
-0.9807852804032305 0.1950903220161279 1.975
-0.8314696123025459 0.5555702330196012 0.05
-0.7071067811865489 0.7071067811865461 0.025
-0.831469612302546 0.5555702330196012 0.025
-0.8314696123025459 0.5555702330196012 0.1
-0.7071067811865489 0.7071067811865461 0.07500000000000001
-0.831469612302546 0.5555702330196012 0.07500000000000001
-0.8314696123025459 0.5555702330196012 0.15
-0.7071067811865489 0.7071067811865461 0.125
-0.831469612302546 0.5555702330196012 0.125
-0.8314696123025459 0.5555702330196012 0.2
-0.7071067811865489 0.7071067811865461 0.175
-0.831469612302546 0.5555702330196012 0.175
-0.8314696123025459 0.5555702330196012 0.25
-0.7071067811865489 0.7071067811865461 0.225
-0.831469612302546 0.5555702330196012 0.225
-0.8314696123025459 0.5555702330196012 0.3
-0.7071067811865489 0.7071067811865461 0.275
-0.831469612302546 0.5555702330196012 0.275
-0.8314696123025459 0.5555702330196012 0.35
-0.7071067811865489 0.7071067811865461 0.325
-0.831469612302546 0.5555702330196012 0.325
-0.8314696123025459 0.5555702330196012 0.4
-0.7071067811865489 0.7071067811865461 0.375
-0.831469612302546 0.5555702330196012 0.375
-0.8314696123025459 0.5555702330196012 0.45
-0.7071067811865489 0.7071067811865461 0.425
-0.831469612302546 0.5555702330196012 0.425
-0.8314696123025459 0.5555702330196012 0.5
-0.7071067811865489 0.7071067811865461 0.475
-0.831469612302546 0.5555702330196012 0.475
-0.8314696123025459 0.5555702330196012 0.55
-0.7071067811865489 0.7071067811865461 0.525
-0.831469612302546 0.5555702330196012 0.525
-0.8314696123025459 0.5555702330196012 0.6
-0.7071067811865489 0.7071067811865461 0.575
-0.831469612302546 0.5555702330196012 0.575
-0.8314696123025459 0.5555702330196012 0.65
-0.7071067811865489 0.7071067811865461 0.625
-0.831469612302546 0.5555702330196012 0.625
-0.8314696123025459 0.5555702330196012 0.7
-0.7071067811865489 0.7071067811865461 0.675
-0.831469612302546 0.5555702330196012 0.675
-0.8314696123025459 0.5555702330196012 0.75
-0.7071067811865489 0.7071067811865461 0.725
-0.831469612302546 0.5555702330196012 0.7249999999999999
-0.8314696123025459 0.5555702330196012 0.8
-0.7071067811865489 0.7071067811865461 0.775
-0.831469612302546 0.5555702330196012 0.775
-0.8314696123025459 0.5555702330196012 0.85
-0.7071067811865489 0.7071067811865461 0.825
-0.831469612302546 0.5555702330196012 0.825
-0.8314696123025459 0.5555702330196012 0.9
-0.7071067811865489 0.7071067811865461 0.875
-0.831469612302546 0.5555702330196012 0.875
-0.8314696123025459 0.5555702330196012 0.95
-0.7071067811865489 0.7071067811865461 0.925
-0.831469612302546 0.5555702330196012 0.925
-0.8314696123025459 0.5555702330196012 1
-0.7071067811865489 0.7071067811865461 0.975
-0.831469612302546 0.5555702330196012 0.9749999999999999
-0.8314696123025459 0.5555702330196012 1.05
-0.7071067811865489 0.7071067811865461 1.025
-0.831469612302546 0.5555702330196012 1.025
-0.8314696123025459 0.5555702330196012 1.1
-0.7071067811865489 0.7071067811865461 1.075
-0.831469612302546 0.5555702330196012 1.075
-0.8314696123025459 0.5555702330196012 1.15
-0.7071067811865489 0.7071067811865461 1.125
-0.831469612302546 0.5555702330196012 1.125
-0.8314696123025459 0.5555702330196012 1.2
-0.7071067811865489 0.7071067811865461 1.175
-0.831469612302546 0.5555702330196012 1.175
-0.8314696123025459 0.5555702330196012 1.25
-0.7071067811865489 0.7071067811865461 1.225
-0.831469612302546 0.5555702330196012 1.225
-0.8314696123025459 0.5555702330196012 1.3
-0.7071067811865489 0.7071067811865461 1.275
-0.831469612302546 0.5555702330196012 1.275
-0.8314696123025459 0.5555702330196012 1.35
-0.7071067811865489 0.7071067811865461 1.325
-0.831469612302546 0.5555702330196012 1.325
-0.8314696123025459 0.5555702330196012 1.4
-0.7071067811865489 0.7071067811865461 1.375
-0.831469612302546 0.5555702330196012 1.375
-0.8314696123025459 0.5555702330196012 1.45
-0.7071067811865489 0.7071067811865461 1.425
-0.831469612302546 0.5555702330196012 1.425
-0.8314696123025459 0.5555702330196012 1.5
-0.7071067811865489 0.7071067811865461 1.475
-0.831469612302546 0.5555702330196012 1.475
-0.8314696123025459 0.5555702330196012 1.55
-0.7071067811865489 0.7071067811865461 1.525
-0.831469612302546 0.5555702330196012 1.525
-0.8314696123025459 0.5555702330196012 1.6
-0.7071067811865489 0.7071067811865461 1.575
-0.831469612302546 0.5555702330196012 1.575
-0.8314696123025459 0.5555702330196012 1.65
-0.7071067811865489 0.7071067811865461 1.625
-0.831469612302546 0.5555702330196012 1.625
-0.8314696123025459 0.5555702330196012 1.7
-0.7071067811865489 0.7071067811865461 1.675
-0.831469612302546 0.5555702330196012 1.675
-0.8314696123025459 0.5555702330196012 1.75
-0.7071067811865489 0.7071067811865461 1.725
-0.831469612302546 0.5555702330196012 1.725
-0.8314696123025459 0.5555702330196012 1.8
-0.7071067811865489 0.7071067811865461 1.775
-0.831469612302546 0.5555702330196012 1.775
-0.8314696123025459 0.5555702330196012 1.85
-0.7071067811865489 0.7071067811865461 1.825
-0.831469612302546 0.5555702330196012 1.825
-0.8314696123025459 0.5555702330196012 1.9
-0.7071067811865489 0.7071067811865461 1.875
-0.831469612302546 0.5555702330196012 1.875
-0.8314696123025459 0.5555702330196012 1.95
-0.7071067811865489 0.7071067811865461 1.925
-0.831469612302546 0.5555702330196012 1.925
-0.7071067811865489 0.7071067811865461 1.975
-0.831469612302546 0.5555702330196012 1.975
-0.5555702330196036 0.8314696123025442 0.05
-0.3826834323650912 0.9238795325112862 0.025
-0.5555702330196035 0.8314696123025442 0.025
-0.5555702330196036 0.8314696123025442 0.1
-0.3826834323650912 0.9238795325112862 0.07500000000000001
-0.5555702330196035 0.8314696123025442 0.07500000000000001
-0.5555702330196036 0.8314696123025442 0.15
-0.3826834323650912 0.9238795325112862 0.125
-0.5555702330196035 0.8314696123025442 0.125
-0.5555702330196036 0.8314696123025442 0.2
-0.3826834323650912 0.9238795325112862 0.175
-0.5555702330196035 0.8314696123025442 0.175
-0.5555702330196036 0.8314696123025442 0.25
-0.3826834323650912 0.9238795325112862 0.225
-0.5555702330196035 0.8314696123025442 0.225
-0.5555702330196036 0.8314696123025442 0.3
-0.3826834323650912 0.9238795325112862 0.275
-0.5555702330196035 0.8314696123025442 0.275
-0.5555702330196036 0.8314696123025442 0.35
-0.3826834323650912 0.9238795325112862 0.325
-0.5555702330196035 0.8314696123025442 0.325
-0.5555702330196036 0.8314696123025442 0.4
-0.3826834323650912 0.9238795325112862 0.375
-0.5555702330196035 0.8314696123025442 0.375
-0.5555702330196036 0.8314696123025442 0.45
-0.3826834323650912 0.9238795325112862 0.425
-0.5555702330196035 0.8314696123025442 0.425
-0.5555702330196036 0.8314696123025442 0.5
-0.3826834323650912 0.9238795325112862 0.475
-0.5555702330196035 0.8314696123025442 0.475
-0.5555702330196036 0.8314696123025442 0.55
-0.3826834323650912 0.9238795325112862 0.525
-0.5555702330196035 0.8314696123025442 0.525
-0.5555702330196036 0.8314696123025442 0.6
-0.3826834323650912 0.9238795325112862 0.575
-0.5555702330196035 0.8314696123025442 0.575
-0.5555702330196036 0.8314696123025442 0.65
-0.3826834323650912 0.9238795325112862 0.625
-0.5555702330196035 0.8314696123025442 0.625
-0.5555702330196036 0.8314696123025442 0.7
-0.3826834323650912 0.9238795325112862 0.675
-0.5555702330196035 0.8314696123025442 0.675
-0.5555702330196036 0.8314696123025442 0.75
-0.3826834323650912 0.9238795325112862 0.725
-0.5555702330196035 0.8314696123025442 0.7249999999999999
-0.5555702330196036 0.8314696123025442 0.8
-0.3826834323650912 0.9238795325112862 0.775
-0.5555702330196035 0.8314696123025442 0.775
-0.5555702330196036 0.8314696123025442 0.85
-0.3826834323650912 0.9238795325112862 0.825
-0.5555702330196035 0.8314696123025442 0.825
-0.5555702330196036 0.8314696123025442 0.9
-0.3826834323650912 0.9238795325112862 0.875
-0.5555702330196035 0.8314696123025442 0.875
-0.5555702330196036 0.8314696123025442 0.95
-0.3826834323650912 0.9238795325112862 0.925
-0.5555702330196035 0.8314696123025442 0.925
-0.5555702330196036 0.8314696123025442 1
-0.3826834323650912 0.9238795325112862 0.975
-0.5555702330196035 0.8314696123025442 0.9749999999999999
-0.5555702330196036 0.8314696123025442 1.05
-0.3826834323650912 0.9238795325112862 1.025
-0.5555702330196035 0.8314696123025442 1.025
-0.5555702330196036 0.8314696123025442 1.1
-0.3826834323650912 0.9238795325112862 1.075
-0.5555702330196035 0.8314696123025442 1.075
-0.5555702330196036 0.8314696123025442 1.15
-0.3826834323650912 0.9238795325112862 1.125
-0.5555702330196035 0.8314696123025442 1.125
-0.5555702330196036 0.8314696123025442 1.2
-0.3826834323650912 0.9238795325112862 1.175
-0.5555702330196035 0.8314696123025442 1.175
-0.5555702330196036 0.8314696123025442 1.25
-0.3826834323650912 0.9238795325112862 1.225
-0.5555702330196035 0.8314696123025442 1.225
-0.5555702330196036 0.8314696123025442 1.3
-0.3826834323650912 0.9238795325112862 1.275
-0.5555702330196035 0.8314696123025442 1.275
-0.5555702330196036 0.8314696123025442 1.35
-0.3826834323650912 0.9238795325112862 1.325
-0.5555702330196035 0.8314696123025442 1.325
-0.5555702330196036 0.8314696123025442 1.4
-0.3826834323650912 0.9238795325112862 1.375
-0.5555702330196035 0.8314696123025442 1.375
-0.5555702330196036 0.8314696123025442 1.45
-0.3826834323650912 0.9238795325112862 1.425
-0.5555702330196035 0.8314696123025442 1.425
-0.5555702330196036 0.8314696123025442 1.5
-0.3826834323650912 0.9238795325112862 1.475
-0.5555702330196035 0.8314696123025442 1.475
-0.5555702330196036 0.8314696123025442 1.55
-0.3826834323650912 0.9238795325112862 1.525
-0.5555702330196035 0.8314696123025442 1.525
-0.5555702330196036 0.8314696123025442 1.6
-0.3826834323650912 0.9238795325112862 1.575
-0.5555702330196035 0.8314696123025442 1.575
-0.5555702330196036 0.8314696123025442 1.65
-0.3826834323650912 0.9238795325112862 1.625
-0.5555702330196035 0.8314696123025442 1.625
-0.5555702330196036 0.8314696123025442 1.7
-0.3826834323650912 0.9238795325112862 1.675
-0.5555702330196035 0.8314696123025442 1.675
-0.5555702330196036 0.8314696123025442 1.75
-0.3826834323650912 0.9238795325112862 1.725
-0.5555702330196035 0.8314696123025442 1.725
-0.5555702330196036 0.8314696123025442 1.8
-0.3826834323650912 0.9238795325112862 1.775
-0.5555702330196035 0.8314696123025442 1.775
-0.5555702330196036 0.8314696123025442 1.85
-0.3826834323650912 0.9238795325112862 1.825
-0.5555702330196035 0.8314696123025442 1.825
-0.5555702330196036 0.8314696123025442 1.9
-0.3826834323650912 0.9238795325112862 1.875
-0.5555702330196035 0.8314696123025442 1.875
-0.5555702330196036 0.8314696123025442 1.95
-0.3826834323650912 0.9238795325112862 1.925
-0.5555702330196035 0.8314696123025442 1.925
-0.3826834323650912 0.9238795325112862 1.975
-0.5555702330196035 0.8314696123025442 1.975
-0.1950903220161295 0.9807852804032302 0.05
-0.1950903220161295 0.9807852804032302 0.025
-0.1950903220161295 0.9807852804032302 0.1
-0.1950903220161295 0.9807852804032302 0.07500000000000001
-0.1950903220161295 0.9807852804032302 0.15
-0.1950903220161295 0.9807852804032302 0.125
-0.1950903220161295 0.9807852804032302 0.2
-0.1950903220161295 0.9807852804032302 0.175
-0.1950903220161295 0.9807852804032302 0.25
-0.1950903220161295 0.9807852804032302 0.225
-0.1950903220161295 0.9807852804032302 0.3
-0.1950903220161295 0.9807852804032302 0.275
-0.1950903220161295 0.9807852804032302 0.35
-0.1950903220161295 0.9807852804032302 0.325
-0.1950903220161295 0.9807852804032302 0.4
-0.1950903220161295 0.9807852804032302 0.375
-0.1950903220161295 0.9807852804032302 0.45
-0.1950903220161295 0.9807852804032302 0.425
-0.1950903220161295 0.9807852804032302 0.5
-0.1950903220161295 0.9807852804032302 0.475
-0.1950903220161295 0.9807852804032302 0.55
-0.1950903220161295 0.9807852804032302 0.525
-0.1950903220161295 0.9807852804032302 0.6
-0.1950903220161295 0.9807852804032302 0.575
-0.1950903220161295 0.9807852804032302 0.65
-0.1950903220161295 0.9807852804032302 0.625
-0.1950903220161295 0.9807852804032302 0.7
-0.1950903220161295 0.9807852804032302 0.675
-0.1950903220161295 0.9807852804032302 0.75
-0.1950903220161295 0.9807852804032302 0.7249999999999999
-0.1950903220161295 0.9807852804032302 0.8
-0.1950903220161295 0.9807852804032302 0.775
-0.1950903220161295 0.9807852804032302 0.85
-0.1950903220161295 0.9807852804032302 0.825
-0.1950903220161295 0.9807852804032302 0.9
-0.1950903220161295 0.9807852804032302 0.875
-0.1950903220161295 0.9807852804032302 0.95
-0.1950903220161295 0.9807852804032302 0.925
-0.1950903220161295 0.9807852804032302 1
-0.1950903220161295 0.9807852804032302 0.9749999999999999
-0.1950903220161295 0.9807852804032302 1.05
-0.1950903220161295 0.9807852804032302 1.025
-0.1950903220161295 0.9807852804032302 1.1
-0.1950903220161295 0.9807852804032302 1.075
-0.1950903220161295 0.9807852804032302 1.15
-0.1950903220161295 0.9807852804032302 1.125
-0.1950903220161295 0.9807852804032302 1.2
-0.1950903220161295 0.9807852804032302 1.175
-0.1950903220161295 0.9807852804032302 1.25
-0.1950903220161295 0.9807852804032302 1.225
-0.1950903220161295 0.9807852804032302 1.3
-0.1950903220161295 0.9807852804032302 1.275
-0.1950903220161295 0.9807852804032302 1.35
-0.1950903220161295 0.9807852804032302 1.325
-0.1950903220161295 0.9807852804032302 1.4
-0.1950903220161295 0.9807852804032302 1.375
-0.1950903220161295 0.9807852804032302 1.45
-0.1950903220161295 0.9807852804032302 1.425
-0.1950903220161295 0.9807852804032302 1.5
-0.1950903220161295 0.9807852804032302 1.475
-0.1950903220161295 0.9807852804032302 1.55
-0.1950903220161295 0.9807852804032302 1.525
-0.1950903220161295 0.9807852804032302 1.6
-0.1950903220161295 0.9807852804032302 1.575
-0.1950903220161295 0.9807852804032302 1.65
-0.1950903220161295 0.9807852804032302 1.625
-0.1950903220161295 0.9807852804032302 1.7
-0.1950903220161295 0.9807852804032302 1.675
-0.1950903220161295 0.9807852804032302 1.75
-0.1950903220161295 0.9807852804032302 1.725
-0.1950903220161295 0.9807852804032302 1.8
-0.1950903220161295 0.9807852804032302 1.775
-0.1950903220161295 0.9807852804032302 1.85
-0.1950903220161295 0.9807852804032302 1.825
-0.1950903220161295 0.9807852804032302 1.9
-0.1950903220161295 0.9807852804032302 1.875
-0.1950903220161295 0.9807852804032302 1.95
-0.1950903220161295 0.9807852804032302 1.925
-0.1950903220161295 0.9807852804032302 1.975
2 65 0 553
9351
9352
9353
9354
9355
9356
9357
9358
9359
9360
9361
9362
9363
9364
9365
9366
9367
9368
9369
9370
9371
9372
9373
9374
9375
9376
9377
9378
9379
9380
9381
9382
9383
9384
9385
9386
9387
9388
9389
9390
9391
9392
9393
9394
9395
9396
9397
9398
9399
9400
9401
9402
9403
9404
9405
9406
9407
9408
9409
9410
9411
9412
9413
9414
9415
9416
9417
9418
9419
9420
9421
9422
9423
9424
9425
9426
9427
9428
9429
9430
9431
9432
9433
9434
9435
9436
9437
9438
9439
9440
9441
9442
9443
9444
9445
9446
9447
9448
9449
9450
9451
9452
9453
9454
9455
9456
9457
9458
9459
9460
9461
9462
9463
9464
9465
9466
9467
9468
9469
9470
9471
9472
9473
9474
9475
9476
9477
9478
9479
9480
9481
9482
9483
9484
9485
9486
9487
9488
9489
9490
9491
9492
9493
9494
9495
9496
9497
9498
9499
9500
9501
9502
9503
9504
9505
9506
9507
9508
9509
9510
9511
9512
9513
9514
9515
9516
9517
9518
9519
9520
9521
9522
9523
9524
9525
9526
9527
9528
9529
9530
9531
9532
9533
9534
9535
9536
9537
9538
9539
9540
9541
9542
9543
9544
9545
9546
9547
9548
9549
9550
9551
9552
9553
9554
9555
9556
9557
9558
9559
9560
9561
9562
9563
9564
9565
9566
9567
9568
9569
9570
9571
9572
9573
9574
9575
9576
9577
9578
9579
9580
9581
9582
9583
9584
9585
9586
9587
9588
9589
9590
9591
9592
9593
9594
9595
9596
9597
9598
9599
9600
9601
9602
9603
9604
9605
9606
9607
9608
9609
9610
9611
9612
9613
9614
9615
9616
9617
9618
9619
9620
9621
9622
9623
9624
9625
9626
9627
9628
9629
9630
9631
9632
9633
9634
9635
9636
9637
9638
9639
9640
9641
9642
9643
9644
9645
9646
9647
9648
9649
9650
9651
9652
9653
9654
9655
9656
9657
9658
9659
9660
9661
9662
9663
9664
9665
9666
9667
9668
9669
9670
9671
9672
9673
9674
9675
9676
9677
9678
9679
9680
9681
9682
9683
9684
9685
9686
9687
9688
9689
9690
9691
9692
9693
9694
9695
9696
9697
9698
9699
9700
9701
9702
9703
9704
9705
9706
9707
9708
9709
9710
9711
9712
9713
9714
9715
9716
9717
9718
9719
9720
9721
9722
9723
9724
9725
9726
9727
9728
9729
9730
9731
9732
9733
9734
9735
9736
9737
9738
9739
9740
9741
9742
9743
9744
9745
9746
9747
9748
9749
9750
9751
9752
9753
9754
9755
9756
9757
9758
9759
9760
9761
9762
9763
9764
9765
9766
9767
9768
9769
9770
9771
9772
9773
9774
9775
9776
9777
9778
9779
9780
9781
9782
9783
9784
9785
9786
9787
9788
9789
9790
9791
9792
9793
9794
9795
9796
9797
9798
9799
9800
9801
9802
9803
9804
9805
9806
9807
9808
9809
9810
9811
9812
9813
9814
9815
9816
9817
9818
9819
9820
9821
9822
9823
9824
9825
9826
9827
9828
9829
9830
9831
9832
9833
9834
9835
9836
9837
9838
9839
9840
9841
9842
9843
9844
9845
9846
9847
9848
9849
9850
9851
9852
9853
9854
9855
9856
9857
9858
9859
9860
9861
9862
9863
9864
9865
9866
9867
9868
9869
9870
9871
9872
9873
9874
9875
9876
9877
9878
9879
9880
9881
9882
9883
9884
9885
9886
9887
9888
9889
9890
9891
9892
9893
9894
9895
9896
9897
9898
9899
9900
9901
9902
9903
-0.7071067811865475 -0.7071067811865476 0.05
-0.7071067811865475 -0.7071067811865476 0.1
-0.7071067811865475 -0.7071067811865476 0.15
-0.7071067811865475 -0.7071067811865476 0.2
-0.7071067811865475 -0.7071067811865476 0.25
-0.7071067811865475 -0.7071067811865476 0.3
-0.7071067811865475 -0.7071067811865476 0.35
-0.7071067811865475 -0.7071067811865476 0.4
-0.7071067811865475 -0.7071067811865476 0.45
-0.7071067811865475 -0.7071067811865476 0.5
-0.7071067811865475 -0.7071067811865476 0.55
-0.7071067811865475 -0.7071067811865476 0.6
-0.7071067811865475 -0.7071067811865476 0.65
-0.7071067811865475 -0.7071067811865476 0.7
-0.7071067811865475 -0.7071067811865476 0.75
-0.7071067811865475 -0.7071067811865476 0.8
-0.7071067811865475 -0.7071067811865476 0.85
-0.7071067811865475 -0.7071067811865476 0.9
-0.7071067811865475 -0.7071067811865476 0.95
-0.7071067811865475 -0.7071067811865476 1
-0.7071067811865475 -0.7071067811865476 1.05
-0.7071067811865475 -0.7071067811865476 1.1
-0.7071067811865475 -0.7071067811865476 1.15
-0.7071067811865475 -0.7071067811865476 1.2
-0.7071067811865475 -0.7071067811865476 1.25
-0.7071067811865475 -0.7071067811865476 1.3
-0.7071067811865475 -0.7071067811865476 1.35
-0.7071067811865475 -0.7071067811865476 1.4
-0.7071067811865475 -0.7071067811865476 1.45
-0.7071067811865475 -0.7071067811865476 1.5
-0.7071067811865475 -0.7071067811865476 1.55
-0.7071067811865475 -0.7071067811865476 1.6
-0.7071067811865475 -0.7071067811865476 1.65
-0.7071067811865475 -0.7071067811865476 1.7
-0.7071067811865475 -0.7071067811865476 1.75
-0.7071067811865475 -0.7071067811865476 1.8
-0.7071067811865475 -0.7071067811865476 1.85
-0.7071067811865475 -0.7071067811865476 1.9
-0.7071067811865475 -0.7071067811865476 1.95
-1 -1.224606353822377e-16 0.05
-1 -1.224606353822377e-16 0.1
-1 -1.224606353822377e-16 0.15
-1 -1.224606353822377e-16 0.2
-1 -1.224606353822377e-16 0.25
-1 -1.224606353822377e-16 0.3
-1 -1.224606353822377e-16 0.35
-1 -1.224606353822377e-16 0.4
-1 -1.224606353822377e-16 0.45
-1 -1.224606353822377e-16 0.5
-1 -1.224606353822377e-16 0.55
-1 -1.224606353822377e-16 0.6
-1 -1.224606353822377e-16 0.65
-1 -1.224606353822377e-16 0.7
-1 -1.224606353822377e-16 0.75
-1 -1.224606353822377e-16 0.8
-1 -1.224606353822377e-16 0.85
-1 -1.224606353822377e-16 0.9
-1 -1.224606353822377e-16 0.95
-1 -1.224606353822377e-16 1
-1 -1.224606353822377e-16 1.05
-1 -1.224606353822377e-16 1.1
-1 -1.224606353822377e-16 1.15
-1 -1.224606353822377e-16 1.2
-1 -1.224606353822377e-16 1.25
-1 -1.224606353822377e-16 1.3
-1 -1.224606353822377e-16 1.35
-1 -1.224606353822377e-16 1.4
-1 -1.224606353822377e-16 1.45
-1 -1.224606353822377e-16 1.5
-1 -1.224606353822377e-16 1.55
-1 -1.224606353822377e-16 1.6
-1 -1.224606353822377e-16 1.65
-1 -1.224606353822377e-16 1.7
-1 -1.224606353822377e-16 1.75
-1 -1.224606353822377e-16 1.8
-1 -1.224606353822377e-16 1.85
-1 -1.224606353822377e-16 1.9
-1 -1.224606353822377e-16 1.95
-0.7071067811865477 0.7071067811865475 0.05
-0.7071067811865477 0.7071067811865475 0.1
-0.7071067811865477 0.7071067811865475 0.15
-0.7071067811865477 0.7071067811865475 0.2
-0.7071067811865477 0.7071067811865475 0.25
-0.7071067811865477 0.7071067811865475 0.3
-0.7071067811865477 0.7071067811865475 0.35
-0.7071067811865477 0.7071067811865475 0.4
-0.7071067811865477 0.7071067811865475 0.45
-0.7071067811865477 0.7071067811865475 0.5
-0.7071067811865477 0.7071067811865475 0.55
-0.7071067811865477 0.7071067811865475 0.6
-0.7071067811865477 0.7071067811865475 0.65
-0.7071067811865477 0.7071067811865475 0.7
-0.7071067811865477 0.7071067811865475 0.75
-0.7071067811865477 0.7071067811865475 0.8
-0.7071067811865477 0.7071067811865475 0.85
-0.7071067811865477 0.7071067811865475 0.9
-0.7071067811865477 0.7071067811865475 0.95
-0.7071067811865477 0.7071067811865475 1
-0.7071067811865477 0.7071067811865475 1.05
-0.7071067811865477 0.7071067811865475 1.1
-0.7071067811865477 0.7071067811865475 1.15
-0.7071067811865477 0.7071067811865475 1.2
-0.7071067811865477 0.7071067811865475 1.25
-0.7071067811865477 0.7071067811865475 1.3
-0.7071067811865477 0.7071067811865475 1.35
-0.7071067811865477 0.7071067811865475 1.4
-0.7071067811865477 0.7071067811865475 1.45
-0.7071067811865477 0.7071067811865475 1.5
-0.7071067811865477 0.7071067811865475 1.55
-0.7071067811865477 0.7071067811865475 1.6
-0.7071067811865477 0.7071067811865475 1.65
-0.7071067811865477 0.7071067811865475 1.7
-0.7071067811865477 0.7071067811865475 1.75
-0.7071067811865477 0.7071067811865475 1.8
-0.7071067811865477 0.7071067811865475 1.85
-0.7071067811865477 0.7071067811865475 1.9
-0.7071067811865477 0.7071067811865475 1.95
-0.3826834323650897 -0.9238795325112867 0.05
-0.7071067811865475 -0.7071067811865476 0.025
-0.3826834323650897 -0.9238795325112867 0.025
-0.3826834323650897 -0.9238795325112867 0.1
-0.7071067811865475 -0.7071067811865476 0.07500000000000001
-0.3826834323650897 -0.9238795325112867 0.07500000000000001
-0.3826834323650897 -0.9238795325112867 0.15
-0.7071067811865475 -0.7071067811865476 0.125
-0.3826834323650897 -0.9238795325112867 0.125
-0.3826834323650897 -0.9238795325112867 0.2
-0.7071067811865475 -0.7071067811865476 0.175
-0.3826834323650897 -0.9238795325112867 0.175
-0.3826834323650897 -0.9238795325112867 0.25
-0.7071067811865475 -0.7071067811865476 0.225
-0.3826834323650897 -0.9238795325112867 0.225
-0.3826834323650897 -0.9238795325112867 0.3
-0.7071067811865475 -0.7071067811865476 0.275
-0.3826834323650897 -0.9238795325112867 0.275
-0.3826834323650897 -0.9238795325112867 0.35
-0.7071067811865475 -0.7071067811865476 0.325
-0.3826834323650897 -0.9238795325112867 0.325
-0.3826834323650897 -0.9238795325112867 0.4
-0.7071067811865475 -0.7071067811865476 0.375
-0.3826834323650897 -0.9238795325112867 0.375
-0.3826834323650897 -0.9238795325112867 0.45
-0.7071067811865475 -0.7071067811865476 0.425
-0.3826834323650897 -0.9238795325112867 0.425
-0.3826834323650897 -0.9238795325112867 0.5
-0.7071067811865475 -0.7071067811865476 0.475
-0.3826834323650897 -0.9238795325112867 0.475
-0.3826834323650897 -0.9238795325112867 0.55
-0.7071067811865475 -0.7071067811865476 0.525
-0.3826834323650897 -0.9238795325112867 0.525
-0.3826834323650897 -0.9238795325112867 0.6
-0.7071067811865475 -0.7071067811865476 0.575
-0.3826834323650897 -0.9238795325112867 0.575
-0.3826834323650897 -0.9238795325112867 0.65
-0.7071067811865475 -0.7071067811865476 0.625
-0.3826834323650897 -0.9238795325112867 0.625
-0.3826834323650897 -0.9238795325112867 0.7
-0.7071067811865475 -0.7071067811865476 0.675
-0.3826834323650897 -0.9238795325112867 0.675
-0.3826834323650897 -0.9238795325112867 0.75
-0.7071067811865475 -0.7071067811865476 0.725
-0.3826834323650897 -0.9238795325112867 0.7249999999999999
-0.3826834323650897 -0.9238795325112867 0.8
-0.7071067811865475 -0.7071067811865476 0.775
-0.3826834323650897 -0.9238795325112867 0.775
-0.3826834323650897 -0.9238795325112867 0.85
-0.7071067811865475 -0.7071067811865476 0.825
-0.3826834323650897 -0.9238795325112867 0.825
-0.3826834323650897 -0.9238795325112867 0.9
-0.7071067811865475 -0.7071067811865476 0.875
-0.3826834323650897 -0.9238795325112867 0.875
-0.3826834323650897 -0.9238795325112867 0.95
-0.7071067811865475 -0.7071067811865476 0.925
-0.3826834323650897 -0.9238795325112867 0.925
-0.3826834323650897 -0.9238795325112867 1
-0.7071067811865475 -0.7071067811865476 0.975
-0.3826834323650897 -0.9238795325112867 0.9749999999999999
-0.3826834323650897 -0.9238795325112867 1.05
-0.7071067811865475 -0.7071067811865476 1.025
-0.3826834323650897 -0.9238795325112867 1.025
-0.3826834323650897 -0.9238795325112867 1.1
-0.7071067811865475 -0.7071067811865476 1.075
-0.3826834323650897 -0.9238795325112867 1.075
-0.3826834323650897 -0.9238795325112867 1.15
-0.7071067811865475 -0.7071067811865476 1.125
-0.3826834323650897 -0.9238795325112867 1.125
-0.3826834323650897 -0.9238795325112867 1.2
-0.7071067811865475 -0.7071067811865476 1.175
-0.3826834323650897 -0.9238795325112867 1.175
-0.3826834323650897 -0.9238795325112867 1.25
-0.7071067811865475 -0.7071067811865476 1.225
-0.3826834323650897 -0.9238795325112867 1.225
-0.3826834323650897 -0.9238795325112867 1.3
-0.7071067811865475 -0.7071067811865476 1.275
-0.3826834323650897 -0.9238795325112867 1.275
-0.3826834323650897 -0.9238795325112867 1.35
-0.7071067811865475 -0.7071067811865476 1.325
-0.3826834323650897 -0.9238795325112867 1.325
-0.3826834323650897 -0.9238795325112867 1.4
-0.7071067811865475 -0.7071067811865476 1.375
-0.3826834323650897 -0.9238795325112867 1.375
-0.3826834323650897 -0.9238795325112867 1.45
-0.7071067811865475 -0.7071067811865476 1.425
-0.3826834323650897 -0.9238795325112867 1.425
-0.3826834323650897 -0.9238795325112867 1.5
-0.7071067811865475 -0.7071067811865476 1.475
-0.3826834323650897 -0.9238795325112867 1.475
-0.3826834323650897 -0.9238795325112867 1.55
-0.7071067811865475 -0.7071067811865476 1.525
-0.3826834323650897 -0.9238795325112867 1.525
-0.3826834323650897 -0.9238795325112867 1.6
-0.7071067811865475 -0.7071067811865476 1.575
-0.3826834323650897 -0.9238795325112867 1.575
-0.3826834323650897 -0.9238795325112867 1.65
-0.7071067811865475 -0.7071067811865476 1.625
-0.3826834323650897 -0.9238795325112867 1.625
-0.3826834323650897 -0.9238795325112867 1.7
-0.7071067811865475 -0.7071067811865476 1.675
-0.3826834323650897 -0.9238795325112867 1.675
-0.3826834323650897 -0.9238795325112867 1.75
-0.7071067811865475 -0.7071067811865476 1.725
-0.3826834323650897 -0.9238795325112867 1.725
-0.3826834323650897 -0.9238795325112867 1.8
-0.7071067811865475 -0.7071067811865476 1.775
-0.3826834323650897 -0.9238795325112867 1.775
-0.3826834323650897 -0.9238795325112867 1.85
-0.7071067811865475 -0.7071067811865476 1.825
-0.3826834323650897 -0.9238795325112867 1.825
-0.3826834323650897 -0.9238795325112867 1.9
-0.7071067811865475 -0.7071067811865476 1.875
-0.3826834323650897 -0.9238795325112867 1.875
-0.3826834323650897 -0.9238795325112867 1.95
-0.7071067811865475 -0.7071067811865476 1.925
-0.3826834323650897 -0.9238795325112867 1.925
-0.7071067811865475 -0.7071067811865476 1.975
-0.3826834323650897 -0.9238795325112867 1.975
-0.9238795325112867 -0.3826834323650899 0.05
-1 -1.224606353822377e-16 0.025
-0.9238795325112867 -0.3826834323650898 0.025
-0.9238795325112867 -0.3826834323650899 0.1
-1 -1.224606353822377e-16 0.07500000000000001
-0.9238795325112867 -0.3826834323650898 0.07500000000000001
-0.9238795325112867 -0.3826834323650899 0.15
-1 -1.224606353822377e-16 0.125
-0.9238795325112867 -0.3826834323650898 0.125
-0.9238795325112867 -0.3826834323650899 0.2
-1 -1.224606353822377e-16 0.175
-0.9238795325112867 -0.3826834323650898 0.175
-0.9238795325112867 -0.3826834323650899 0.25
-1 -1.224606353822377e-16 0.225
-0.9238795325112867 -0.3826834323650898 0.225
-0.9238795325112867 -0.3826834323650899 0.3
-1 -1.224606353822377e-16 0.275
-0.9238795325112867 -0.3826834323650898 0.275
-0.9238795325112867 -0.3826834323650899 0.35
-1 -1.224606353822377e-16 0.325
-0.9238795325112867 -0.3826834323650898 0.325
-0.9238795325112867 -0.3826834323650899 0.4
-1 -1.224606353822377e-16 0.375
-0.9238795325112867 -0.3826834323650898 0.375
-0.9238795325112867 -0.3826834323650899 0.45
-1 -1.224606353822377e-16 0.425
-0.9238795325112867 -0.3826834323650898 0.425
-0.9238795325112867 -0.3826834323650899 0.5
-1 -1.224606353822377e-16 0.475
-0.9238795325112867 -0.3826834323650898 0.475
-0.9238795325112867 -0.3826834323650899 0.55
-1 -1.224606353822377e-16 0.525
-0.9238795325112867 -0.3826834323650898 0.525
-0.9238795325112867 -0.3826834323650899 0.6
-1 -1.224606353822377e-16 0.575
-0.9238795325112867 -0.3826834323650898 0.575
-0.9238795325112867 -0.3826834323650899 0.65
-1 -1.224606353822377e-16 0.625
-0.9238795325112867 -0.3826834323650898 0.625
-0.9238795325112867 -0.3826834323650899 0.7
-1 -1.224606353822377e-16 0.675
-0.9238795325112867 -0.3826834323650898 0.675
-0.9238795325112867 -0.3826834323650899 0.75
-1 -1.224606353822377e-16 0.725
-0.9238795325112867 -0.3826834323650898 0.7249999999999999
-0.9238795325112867 -0.3826834323650899 0.8
-1 -1.224606353822377e-16 0.775
-0.9238795325112867 -0.3826834323650898 0.775
-0.9238795325112867 -0.3826834323650899 0.85
-1 -1.224606353822377e-16 0.825
-0.9238795325112867 -0.3826834323650898 0.825
-0.9238795325112867 -0.3826834323650899 0.9
-1 -1.224606353822377e-16 0.875
-0.9238795325112867 -0.3826834323650898 0.875
-0.9238795325112867 -0.3826834323650899 0.95
-1 -1.224606353822377e-16 0.925
-0.9238795325112867 -0.3826834323650898 0.925
-0.9238795325112867 -0.3826834323650899 1
-1 -1.224606353822377e-16 0.975
-0.9238795325112867 -0.3826834323650898 0.9749999999999999
-0.9238795325112867 -0.3826834323650899 1.05
-1 -1.224606353822377e-16 1.025
-0.9238795325112867 -0.3826834323650898 1.025
-0.9238795325112867 -0.3826834323650899 1.1
-1 -1.224606353822377e-16 1.075
-0.9238795325112867 -0.3826834323650898 1.075
-0.9238795325112867 -0.3826834323650899 1.15
-1 -1.224606353822377e-16 1.125
-0.9238795325112867 -0.3826834323650898 1.125
-0.9238795325112867 -0.3826834323650899 1.2
-1 -1.224606353822377e-16 1.175
-0.9238795325112867 -0.3826834323650898 1.175
-0.9238795325112867 -0.3826834323650899 1.25
-1 -1.224606353822377e-16 1.225
-0.9238795325112867 -0.3826834323650898 1.225
-0.9238795325112867 -0.3826834323650899 1.3
-1 -1.224606353822377e-16 1.275
-0.9238795325112867 -0.3826834323650898 1.275
-0.9238795325112867 -0.3826834323650899 1.35
-1 -1.224606353822377e-16 1.325
-0.9238795325112867 -0.3826834323650898 1.325
-0.9238795325112867 -0.3826834323650899 1.4
-1 -1.224606353822377e-16 1.375
-0.9238795325112867 -0.3826834323650898 1.375
-0.9238795325112867 -0.3826834323650899 1.45
-1 -1.224606353822377e-16 1.425
-0.9238795325112867 -0.3826834323650898 1.425
-0.9238795325112867 -0.3826834323650899 1.5
-1 -1.224606353822377e-16 1.475
-0.9238795325112867 -0.3826834323650898 1.475
-0.9238795325112867 -0.3826834323650899 1.55
-1 -1.224606353822377e-16 1.525
-0.9238795325112867 -0.3826834323650898 1.525
-0.9238795325112867 -0.3826834323650899 1.6
-1 -1.224606353822377e-16 1.575
-0.9238795325112867 -0.3826834323650898 1.575
-0.9238795325112867 -0.3826834323650899 1.65
-1 -1.224606353822377e-16 1.625
-0.9238795325112867 -0.3826834323650898 1.625
-0.9238795325112867 -0.3826834323650899 1.7
-1 -1.224606353822377e-16 1.675
-0.9238795325112867 -0.3826834323650898 1.675
-0.9238795325112867 -0.3826834323650899 1.75
-1 -1.224606353822377e-16 1.725
-0.9238795325112867 -0.3826834323650898 1.725
-0.9238795325112867 -0.3826834323650899 1.8
-1 -1.224606353822377e-16 1.775
-0.9238795325112867 -0.3826834323650898 1.775
-0.9238795325112867 -0.3826834323650899 1.85
-1 -1.224606353822377e-16 1.825
-0.9238795325112867 -0.3826834323650898 1.825
-0.9238795325112867 -0.3826834323650899 1.9
-1 -1.224606353822377e-16 1.875
-0.9238795325112867 -0.3826834323650898 1.875
-0.9238795325112867 -0.3826834323650899 1.95
-1 -1.224606353822377e-16 1.925
-0.9238795325112867 -0.3826834323650898 1.925
-1 -1.224606353822377e-16 1.975
-0.9238795325112867 -0.3826834323650898 1.975
-0.9238795325112868 0.3826834323650897 0.05
-0.7071067811865479 0.7071067811865471 0.025
-0.9238795325112868 0.3826834323650895 0.025
-0.9238795325112868 0.3826834323650897 0.1
-0.7071067811865479 0.7071067811865471 0.07500000000000001
-0.9238795325112868 0.3826834323650895 0.07500000000000001
-0.9238795325112868 0.3826834323650897 0.15
-0.7071067811865479 0.7071067811865471 0.125
-0.9238795325112868 0.3826834323650895 0.125
-0.9238795325112868 0.3826834323650897 0.2
-0.7071067811865479 0.7071067811865471 0.175
-0.9238795325112868 0.3826834323650895 0.175
-0.9238795325112868 0.3826834323650897 0.25
-0.7071067811865479 0.7071067811865471 0.225
-0.9238795325112868 0.3826834323650895 0.225
-0.9238795325112868 0.3826834323650897 0.3
-0.7071067811865479 0.7071067811865471 0.275
-0.9238795325112868 0.3826834323650895 0.275
-0.9238795325112868 0.3826834323650897 0.35
-0.7071067811865479 0.7071067811865471 0.325
-0.9238795325112868 0.3826834323650895 0.325
-0.9238795325112868 0.3826834323650897 0.4
-0.7071067811865479 0.7071067811865471 0.375
-0.9238795325112868 0.3826834323650895 0.375
-0.9238795325112868 0.3826834323650897 0.45
-0.7071067811865479 0.7071067811865471 0.425
-0.9238795325112868 0.3826834323650895 0.425
-0.9238795325112868 0.3826834323650897 0.5
-0.7071067811865479 0.7071067811865471 0.475
-0.9238795325112868 0.3826834323650895 0.475
-0.9238795325112868 0.3826834323650897 0.55
-0.7071067811865479 0.7071067811865471 0.525
-0.9238795325112868 0.3826834323650895 0.525
-0.9238795325112868 0.3826834323650897 0.6
-0.7071067811865479 0.7071067811865471 0.575
-0.9238795325112868 0.3826834323650895 0.575
-0.9238795325112868 0.3826834323650897 0.65
-0.7071067811865479 0.7071067811865471 0.625
-0.9238795325112868 0.3826834323650895 0.625
-0.9238795325112868 0.3826834323650897 0.7
-0.7071067811865479 0.7071067811865471 0.675
-0.9238795325112868 0.3826834323650895 0.675
-0.9238795325112868 0.3826834323650897 0.75
-0.7071067811865479 0.7071067811865471 0.725
-0.9238795325112868 0.3826834323650895 0.7249999999999999
-0.9238795325112868 0.3826834323650897 0.8
-0.7071067811865479 0.7071067811865471 0.775
-0.9238795325112868 0.3826834323650895 0.775
-0.9238795325112868 0.3826834323650897 0.85
-0.7071067811865479 0.7071067811865471 0.825
-0.9238795325112868 0.3826834323650895 0.825
-0.9238795325112868 0.3826834323650897 0.9
-0.7071067811865479 0.7071067811865471 0.875
-0.9238795325112868 0.3826834323650895 0.875
-0.9238795325112868 0.3826834323650897 0.95
-0.7071067811865479 0.7071067811865471 0.925
-0.9238795325112868 0.3826834323650895 0.925
-0.9238795325112868 0.3826834323650897 1
-0.7071067811865479 0.7071067811865471 0.975
-0.9238795325112868 0.3826834323650895 0.9749999999999999
-0.9238795325112868 0.3826834323650897 1.05
-0.7071067811865479 0.7071067811865471 1.025
-0.9238795325112868 0.3826834323650895 1.025
-0.9238795325112868 0.3826834323650897 1.1
-0.7071067811865479 0.7071067811865471 1.075
-0.9238795325112868 0.3826834323650895 1.075
-0.9238795325112868 0.3826834323650897 1.15
-0.7071067811865479 0.7071067811865471 1.125
-0.9238795325112868 0.3826834323650895 1.125
-0.9238795325112868 0.3826834323650897 1.2
-0.7071067811865479 0.7071067811865471 1.175
-0.9238795325112868 0.3826834323650895 1.175
-0.9238795325112868 0.3826834323650897 1.25
-0.7071067811865479 0.7071067811865471 1.225
-0.9238795325112868 0.3826834323650895 1.225
-0.9238795325112868 0.3826834323650897 1.3
-0.7071067811865479 0.7071067811865471 1.275
-0.9238795325112868 0.3826834323650895 1.275
-0.9238795325112868 0.3826834323650897 1.35
-0.7071067811865479 0.7071067811865471 1.325
-0.9238795325112868 0.3826834323650895 1.325
-0.9238795325112868 0.3826834323650897 1.4
-0.7071067811865479 0.7071067811865471 1.375
-0.9238795325112868 0.3826834323650895 1.375
-0.9238795325112868 0.3826834323650897 1.45
-0.7071067811865479 0.7071067811865471 1.425
-0.9238795325112868 0.3826834323650895 1.425
-0.9238795325112868 0.3826834323650897 1.5
-0.7071067811865479 0.7071067811865471 1.475
-0.9238795325112868 0.3826834323650895 1.475
-0.9238795325112868 0.3826834323650897 1.55
-0.7071067811865479 0.7071067811865471 1.525
-0.9238795325112868 0.3826834323650895 1.525
-0.9238795325112868 0.3826834323650897 1.6
-0.7071067811865479 0.7071067811865471 1.575
-0.9238795325112868 0.3826834323650895 1.575
-0.9238795325112868 0.3826834323650897 1.65
-0.7071067811865479 0.7071067811865471 1.625
-0.9238795325112868 0.3826834323650895 1.625
-0.9238795325112868 0.3826834323650897 1.7
-0.7071067811865479 0.7071067811865471 1.675
-0.9238795325112868 0.3826834323650895 1.675
-0.9238795325112868 0.3826834323650897 1.75
-0.7071067811865479 0.7071067811865471 1.725
-0.9238795325112868 0.3826834323650895 1.725
-0.9238795325112868 0.3826834323650897 1.8
-0.7071067811865479 0.7071067811865471 1.775
-0.9238795325112868 0.3826834323650895 1.775
-0.9238795325112868 0.3826834323650897 1.85
-0.7071067811865479 0.7071067811865471 1.825
-0.9238795325112868 0.3826834323650895 1.825
-0.9238795325112868 0.3826834323650897 1.9
-0.7071067811865479 0.7071067811865471 1.875
-0.9238795325112868 0.3826834323650895 1.875
-0.9238795325112868 0.3826834323650897 1.95
-0.7071067811865479 0.7071067811865471 1.925
-0.9238795325112868 0.3826834323650895 1.925
-0.7071067811865479 0.7071067811865471 1.975
-0.9238795325112868 0.3826834323650895 1.975
-0.3826834323650903 0.9238795325112865 0.05
-0.3826834323650901 0.9238795325112865 0.025
-0.3826834323650903 0.9238795325112865 0.1
-0.3826834323650904 0.9238795325112863 0.07500000000000001
-0.3826834323650903 0.9238795325112865 0.15
-0.3826834323650904 0.9238795325112863 0.125
-0.3826834323650903 0.9238795325112865 0.2
-0.3826834323650904 0.9238795325112863 0.175
-0.3826834323650903 0.9238795325112865 0.25
-0.3826834323650904 0.9238795325112863 0.225
-0.3826834323650903 0.9238795325112865 0.3
-0.3826834323650904 0.9238795325112863 0.275
-0.3826834323650903 0.9238795325112865 0.35
-0.3826834323650904 0.9238795325112863 0.325
-0.3826834323650903 0.9238795325112865 0.4
-0.3826834323650904 0.9238795325112863 0.375
-0.3826834323650903 0.9238795325112865 0.45
-0.3826834323650904 0.9238795325112863 0.425
-0.3826834323650903 0.9238795325112865 0.5
-0.3826834323650904 0.9238795325112863 0.475
-0.3826834323650903 0.9238795325112865 0.55
-0.3826834323650904 0.9238795325112863 0.525
-0.3826834323650903 0.9238795325112865 0.6
-0.3826834323650904 0.9238795325112863 0.575
-0.3826834323650903 0.9238795325112865 0.65
-0.3826834323650904 0.9238795325112863 0.625
-0.3826834323650903 0.9238795325112865 0.7
-0.3826834323650904 0.9238795325112863 0.675
-0.3826834323650903 0.9238795325112865 0.75
-0.3826834323650904 0.9238795325112863 0.7249999999999999
-0.3826834323650903 0.9238795325112865 0.8
-0.3826834323650904 0.9238795325112863 0.775
-0.3826834323650903 0.9238795325112865 0.85
-0.3826834323650904 0.9238795325112863 0.825
-0.3826834323650903 0.9238795325112865 0.9
-0.3826834323650904 0.9238795325112863 0.875
-0.3826834323650903 0.9238795325112865 0.95
-0.3826834323650904 0.9238795325112863 0.925
-0.3826834323650903 0.9238795325112865 1
-0.3826834323650904 0.9238795325112863 0.9749999999999999
-0.3826834323650903 0.9238795325112865 1.05
-0.3826834323650904 0.9238795325112863 1.025
-0.3826834323650903 0.9238795325112865 1.1
-0.3826834323650904 0.9238795325112863 1.075
-0.3826834323650903 0.9238795325112865 1.15
-0.3826834323650904 0.9238795325112863 1.125
-0.3826834323650903 0.9238795325112865 1.2
-0.3826834323650904 0.9238795325112863 1.175
-0.3826834323650903 0.9238795325112865 1.25
-0.3826834323650904 0.9238795325112863 1.225
-0.3826834323650903 0.9238795325112865 1.3
-0.3826834323650904 0.9238795325112863 1.275
-0.3826834323650903 0.9238795325112865 1.35
-0.3826834323650904 0.9238795325112863 1.325
-0.3826834323650903 0.9238795325112865 1.4
-0.3826834323650904 0.9238795325112863 1.375
-0.3826834323650903 0.9238795325112865 1.45
-0.3826834323650904 0.9238795325112863 1.425
-0.3826834323650903 0.9238795325112865 1.5
-0.3826834323650904 0.9238795325112863 1.475
-0.3826834323650903 0.9238795325112865 1.55
-0.3826834323650904 0.9238795325112863 1.525
-0.3826834323650903 0.9238795325112865 1.6
-0.3826834323650904 0.9238795325112863 1.575
-0.3826834323650903 0.9238795325112865 1.65
-0.3826834323650904 0.9238795325112863 1.625
-0.3826834323650903 0.9238795325112865 1.7
-0.3826834323650904 0.9238795325112863 1.675
-0.3826834323650903 0.9238795325112865 1.75
-0.3826834323650904 0.9238795325112863 1.725
-0.3826834323650903 0.9238795325112865 1.8
-0.3826834323650904 0.9238795325112863 1.775
-0.3826834323650903 0.9238795325112865 1.85
-0.3826834323650904 0.9238795325112863 1.825
-0.3826834323650903 0.9238795325112865 1.9
-0.3826834323650904 0.9238795325112863 1.875
-0.3826834323650903 0.9238795325112865 1.95
-0.3826834323650904 0.9238795325112863 1.925
-0.3826834323650901 0.9238795325112865 1.975
2 66 0 553
9904
9905
9906
9907
9908
9909
9910
9911
9912
9913
9914
9915
9916
9917
9918
9919
9920
9921
9922
9923
9924
9925
9926
9927
9928
9929
9930
9931
9932
9933
9934
9935
9936
9937
9938
9939
9940
9941
9942
9943
9944
9945
9946
9947
9948
9949
9950
9951
9952
9953
9954
9955
9956
9957
9958
9959
9960
9961
9962
9963
9964
9965
9966
9967
9968
9969
9970
9971
9972
9973
9974
9975
9976
9977
9978
9979
9980
9981
9982
9983
9984
9985
9986
9987
9988
9989
9990
9991
9992
9993
9994
9995
9996
9997
9998
9999
10000
10001
10002
10003
10004
10005
10006
10007
10008
10009
10010
10011
10012
10013
10014
10015
10016
10017
10018
10019
10020
10021
10022
10023
10024
10025
10026
10027
10028
10029
10030
10031
10032
10033
10034
10035
10036
10037
10038
10039
10040
10041
10042
10043
10044
10045
10046
10047
10048
10049
10050
10051
10052
10053
10054
10055
10056
10057
10058
10059
10060
10061
10062
10063
10064
10065
10066
10067
10068
10069
10070
10071
10072
10073
10074
10075
10076
10077
10078
10079
10080
10081
10082
10083
10084
10085
10086
10087
10088
10089
10090
10091
10092
10093
10094
10095
10096
10097
10098
10099
10100
10101
10102
10103
10104
10105
10106
10107
10108
10109
10110
10111
10112
10113
10114
10115
10116
10117
10118
10119
10120
10121
10122
10123
10124
10125
10126
10127
10128
10129
10130
10131
10132
10133
10134
10135
10136
10137
10138
10139
10140
10141
10142
10143
10144
10145
10146
10147
10148
10149
10150
10151
10152
10153
10154
10155
10156
10157
10158
10159
10160
10161
10162
10163
10164
10165
10166
10167
10168
10169
10170
10171
10172
10173
10174
10175
10176
10177
10178
10179
10180
10181
10182
10183
10184
10185
10186
10187
10188
10189
10190
10191
10192
10193
10194
10195
10196
10197
10198
10199
10200
10201
10202
10203
10204
10205
10206
10207
10208
10209
10210
10211
10212
10213
10214
10215
10216
10217
10218
10219
10220
10221
10222
10223
10224
10225
10226
10227
10228
10229
10230
10231
10232
10233
10234
10235
10236
10237
10238
10239
10240
10241
10242
10243
10244
10245
10246
10247
10248
10249
10250
10251
10252
10253
10254
10255
10256
10257
10258
10259
10260
10261
10262
10263
10264
10265
10266
10267
10268
10269
10270
10271
10272
10273
10274
10275
10276
10277
10278
10279
10280
10281
10282
10283
10284
10285
10286
10287
10288
10289
10290
10291
10292
10293
10294
10295
10296
10297
10298
10299
10300
10301
10302
10303
10304
10305
10306
10307
10308
10309
10310
10311
10312
10313
10314
10315
10316
10317
10318
10319
10320
10321
10322
10323
10324
10325
10326
10327
10328
10329
10330
10331
10332
10333
10334
10335
10336
10337
10338
10339
10340
10341
10342
10343
10344
10345
10346
10347
10348
10349
10350
10351
10352
10353
10354
10355
10356
10357
10358
10359
10360
10361
10362
10363
10364
10365
10366
10367
10368
10369
10370
10371
10372
10373
10374
10375
10376
10377
10378
10379
10380
10381
10382
10383
10384
10385
10386
10387
10388
10389
10390
10391
10392
10393
10394
10395
10396
10397
10398
10399
10400
10401
10402
10403
10404
10405
10406
10407
10408
10409
10410
10411
10412
10413
10414
10415
10416
10417
10418
10419
10420
10421
10422
10423
10424
10425
10426
10427
10428
10429
10430
10431
10432
10433
10434
10435
10436
10437
10438
10439
10440
10441
10442
10443
10444
10445
10446
10447
10448
10449
10450
10451
10452
10453
10454
10455
10456
-0.923879532511287 0.3826834323650892 2.05
-0.923879532511287 0.3826834323650892 2.1
-0.923879532511287 0.3826834323650892 2.15
-0.923879532511287 0.3826834323650892 2.2
-0.923879532511287 0.3826834323650892 2.25
-0.923879532511287 0.3826834323650892 2.3
-0.923879532511287 0.3826834323650892 2.35
-0.923879532511287 0.3826834323650892 2.4
-0.923879532511287 0.3826834323650892 2.45
-0.923879532511287 0.3826834323650892 2.5
-0.923879532511287 0.3826834323650892 2.55
-0.923879532511287 0.3826834323650892 2.6
-0.923879532511287 0.3826834323650892 2.65
-0.923879532511287 0.3826834323650892 2.7
-0.923879532511287 0.3826834323650892 2.75
-0.923879532511287 0.3826834323650892 2.8
-0.923879532511287 0.3826834323650892 2.85
-0.923879532511287 0.3826834323650892 2.9
-0.923879532511287 0.3826834323650892 2.95
-0.923879532511287 0.3826834323650892 3
-0.923879532511287 0.3826834323650892 3.05
-0.923879532511287 0.3826834323650892 3.1
-0.923879532511287 0.3826834323650892 3.15
-0.923879532511287 0.3826834323650892 3.2
-0.923879532511287 0.3826834323650892 3.25
-0.923879532511287 0.3826834323650892 3.3
-0.923879532511287 0.3826834323650892 3.35
-0.923879532511287 0.3826834323650892 3.4
-0.923879532511287 0.3826834323650892 3.45
-0.923879532511287 0.3826834323650892 3.5
-0.923879532511287 0.3826834323650892 3.55
-0.923879532511287 0.3826834323650892 3.6
-0.923879532511287 0.3826834323650892 3.65
-0.923879532511287 0.3826834323650892 3.7
-0.923879532511287 0.3826834323650892 3.75
-0.923879532511287 0.3826834323650892 3.8
-0.923879532511287 0.3826834323650892 3.85
-0.923879532511287 0.3826834323650892 3.9
-0.923879532511287 0.3826834323650892 3.95
-0.7071067811865489 0.7071067811865461 2.05
-0.7071067811865489 0.7071067811865461 2.1
-0.7071067811865489 0.7071067811865461 2.15
-0.7071067811865489 0.7071067811865461 2.2
-0.7071067811865489 0.7071067811865461 2.25
-0.7071067811865489 0.7071067811865461 2.3
-0.7071067811865489 0.7071067811865461 2.35
-0.7071067811865489 0.7071067811865461 2.4
-0.7071067811865489 0.7071067811865461 2.45
-0.7071067811865489 0.7071067811865461 2.5
-0.7071067811865489 0.7071067811865461 2.55
-0.7071067811865489 0.7071067811865461 2.6
-0.7071067811865489 0.7071067811865461 2.65
-0.7071067811865489 0.7071067811865461 2.7
-0.7071067811865489 0.7071067811865461 2.75
-0.7071067811865489 0.7071067811865461 2.8
-0.7071067811865489 0.7071067811865461 2.85
-0.7071067811865489 0.7071067811865461 2.9
-0.7071067811865489 0.7071067811865461 2.95
-0.7071067811865489 0.7071067811865461 3
-0.7071067811865489 0.7071067811865461 3.05
-0.7071067811865489 0.7071067811865461 3.1
-0.7071067811865489 0.7071067811865461 3.15
-0.7071067811865489 0.7071067811865461 3.2
-0.7071067811865489 0.7071067811865461 3.25
-0.7071067811865489 0.7071067811865461 3.3
-0.7071067811865489 0.7071067811865461 3.35
-0.7071067811865489 0.7071067811865461 3.4
-0.7071067811865489 0.7071067811865461 3.45
-0.7071067811865489 0.7071067811865461 3.5
-0.7071067811865489 0.7071067811865461 3.55
-0.7071067811865489 0.7071067811865461 3.6
-0.7071067811865489 0.7071067811865461 3.65
-0.7071067811865489 0.7071067811865461 3.7
-0.7071067811865489 0.7071067811865461 3.75
-0.7071067811865489 0.7071067811865461 3.8
-0.7071067811865489 0.7071067811865461 3.85
-0.7071067811865489 0.7071067811865461 3.9
-0.7071067811865489 0.7071067811865461 3.95
-0.3826834323650912 0.9238795325112862 2.05
-0.3826834323650912 0.9238795325112862 2.1
-0.3826834323650912 0.9238795325112862 2.15
-0.3826834323650912 0.9238795325112862 2.2
-0.3826834323650912 0.9238795325112862 2.25
-0.3826834323650912 0.9238795325112862 2.3
-0.3826834323650912 0.9238795325112862 2.35
-0.3826834323650912 0.9238795325112862 2.4
-0.3826834323650912 0.9238795325112862 2.45
-0.3826834323650912 0.9238795325112862 2.5
-0.3826834323650912 0.9238795325112862 2.55
-0.3826834323650912 0.9238795325112862 2.6
-0.3826834323650912 0.9238795325112862 2.65
-0.3826834323650912 0.9238795325112862 2.7
-0.3826834323650912 0.9238795325112862 2.75
-0.3826834323650912 0.9238795325112862 2.8
-0.3826834323650912 0.9238795325112862 2.85
-0.3826834323650912 0.9238795325112862 2.9
-0.3826834323650912 0.9238795325112862 2.95
-0.3826834323650912 0.9238795325112862 3
-0.3826834323650912 0.9238795325112862 3.05
-0.3826834323650912 0.9238795325112862 3.1
-0.3826834323650912 0.9238795325112862 3.15
-0.3826834323650912 0.9238795325112862 3.2
-0.3826834323650912 0.9238795325112862 3.25
-0.3826834323650912 0.9238795325112862 3.3
-0.3826834323650912 0.9238795325112862 3.35
-0.3826834323650912 0.9238795325112862 3.4
-0.3826834323650912 0.9238795325112862 3.45
-0.3826834323650912 0.9238795325112862 3.5
-0.3826834323650912 0.9238795325112862 3.55
-0.3826834323650912 0.9238795325112862 3.6
-0.3826834323650912 0.9238795325112862 3.65
-0.3826834323650912 0.9238795325112862 3.7
-0.3826834323650912 0.9238795325112862 3.75
-0.3826834323650912 0.9238795325112862 3.8
-0.3826834323650912 0.9238795325112862 3.85
-0.3826834323650912 0.9238795325112862 3.9
-0.3826834323650912 0.9238795325112862 3.95
-0.9807852804032305 0.1950903220161279 2.05
-0.923879532511287 0.3826834323650892 2.025
-0.9807852804032305 0.1950903220161279 2.025
-0.9807852804032305 0.1950903220161279 2.1
-0.923879532511287 0.3826834323650892 2.075
-0.9807852804032305 0.1950903220161279 2.075
-0.9807852804032305 0.1950903220161279 2.15
-0.923879532511287 0.3826834323650892 2.125
-0.9807852804032305 0.1950903220161279 2.125
-0.9807852804032305 0.1950903220161279 2.2
-0.923879532511287 0.3826834323650892 2.175
-0.9807852804032305 0.1950903220161279 2.175
-0.9807852804032305 0.1950903220161279 2.25
-0.923879532511287 0.3826834323650892 2.225
-0.9807852804032305 0.1950903220161279 2.225
-0.9807852804032305 0.1950903220161279 2.3
-0.923879532511287 0.3826834323650892 2.275
-0.9807852804032305 0.1950903220161279 2.275
-0.9807852804032305 0.1950903220161279 2.35
-0.923879532511287 0.3826834323650892 2.325
-0.9807852804032305 0.1950903220161279 2.325
-0.9807852804032305 0.1950903220161279 2.4
-0.923879532511287 0.3826834323650892 2.375
-0.9807852804032305 0.1950903220161279 2.375
-0.9807852804032305 0.1950903220161279 2.45
-0.923879532511287 0.3826834323650892 2.425
-0.9807852804032305 0.1950903220161279 2.425
-0.9807852804032305 0.1950903220161279 2.5
-0.923879532511287 0.3826834323650892 2.475
-0.9807852804032305 0.1950903220161279 2.475
-0.9807852804032305 0.1950903220161279 2.55
-0.923879532511287 0.3826834323650892 2.525
-0.9807852804032305 0.1950903220161279 2.525
-0.9807852804032305 0.1950903220161279 2.6
-0.923879532511287 0.3826834323650892 2.575
-0.9807852804032305 0.1950903220161279 2.575
-0.9807852804032305 0.1950903220161279 2.65
-0.923879532511287 0.3826834323650892 2.625
-0.9807852804032305 0.1950903220161279 2.625
-0.9807852804032305 0.1950903220161279 2.7
-0.923879532511287 0.3826834323650892 2.675
-0.9807852804032305 0.1950903220161279 2.675
-0.9807852804032305 0.1950903220161279 2.75
-0.923879532511287 0.3826834323650892 2.725
-0.9807852804032305 0.1950903220161279 2.725000000000001
-0.9807852804032305 0.1950903220161279 2.8
-0.923879532511287 0.3826834323650892 2.775
-0.9807852804032305 0.1950903220161279 2.775
-0.9807852804032305 0.1950903220161279 2.85
-0.923879532511287 0.3826834323650892 2.825
-0.9807852804032305 0.1950903220161279 2.825
-0.9807852804032305 0.1950903220161279 2.9
-0.923879532511287 0.3826834323650892 2.875
-0.9807852804032305 0.1950903220161279 2.875
-0.9807852804032305 0.1950903220161279 2.95
-0.923879532511287 0.3826834323650892 2.925
-0.9807852804032305 0.1950903220161279 2.925
-0.9807852804032305 0.1950903220161279 3
-0.923879532511287 0.3826834323650892 2.975
-0.9807852804032305 0.1950903220161279 2.975000000000001
-0.9807852804032305 0.1950903220161279 3.05
-0.923879532511287 0.3826834323650892 3.025
-0.9807852804032305 0.1950903220161279 3.025
-0.9807852804032305 0.1950903220161279 3.1
-0.923879532511287 0.3826834323650892 3.075
-0.9807852804032305 0.1950903220161279 3.075
-0.9807852804032305 0.1950903220161279 3.15
-0.923879532511287 0.3826834323650892 3.125
-0.9807852804032305 0.1950903220161279 3.125
-0.9807852804032305 0.1950903220161279 3.2
-0.923879532511287 0.3826834323650892 3.175
-0.9807852804032305 0.1950903220161279 3.175
-0.9807852804032305 0.1950903220161279 3.25
-0.923879532511287 0.3826834323650892 3.225
-0.9807852804032305 0.1950903220161279 3.225000000000001
-0.9807852804032305 0.1950903220161279 3.3
-0.923879532511287 0.3826834323650892 3.275
-0.9807852804032305 0.1950903220161279 3.275
-0.9807852804032305 0.1950903220161279 3.35
-0.923879532511287 0.3826834323650892 3.325
-0.9807852804032305 0.1950903220161279 3.325
-0.9807852804032305 0.1950903220161279 3.4
-0.923879532511287 0.3826834323650892 3.375
-0.9807852804032305 0.1950903220161279 3.375
-0.9807852804032305 0.1950903220161279 3.45
-0.923879532511287 0.3826834323650892 3.425
-0.9807852804032305 0.1950903220161279 3.425
-0.9807852804032305 0.1950903220161279 3.5
-0.923879532511287 0.3826834323650892 3.475
-0.9807852804032305 0.1950903220161279 3.475000000000001
-0.9807852804032305 0.1950903220161279 3.55
-0.923879532511287 0.3826834323650892 3.525
-0.9807852804032305 0.1950903220161279 3.525
-0.9807852804032305 0.1950903220161279 3.6
-0.923879532511287 0.3826834323650892 3.575
-0.9807852804032305 0.1950903220161279 3.575
-0.9807852804032305 0.1950903220161279 3.65
-0.923879532511287 0.3826834323650892 3.625
-0.9807852804032305 0.1950903220161279 3.625
-0.9807852804032305 0.1950903220161279 3.7
-0.923879532511287 0.3826834323650892 3.675
-0.9807852804032305 0.1950903220161279 3.675
-0.9807852804032305 0.1950903220161279 3.75
-0.923879532511287 0.3826834323650892 3.725
-0.9807852804032305 0.1950903220161279 3.725000000000001
-0.9807852804032305 0.1950903220161279 3.8
-0.923879532511287 0.3826834323650892 3.775
-0.9807852804032305 0.1950903220161279 3.775
-0.9807852804032305 0.1950903220161279 3.85
-0.923879532511287 0.3826834323650892 3.825
-0.9807852804032305 0.1950903220161279 3.825
-0.9807852804032305 0.1950903220161279 3.9
-0.923879532511287 0.3826834323650892 3.875
-0.9807852804032305 0.1950903220161279 3.875
-0.9807852804032305 0.1950903220161279 3.95
-0.923879532511287 0.3826834323650892 3.925
-0.9807852804032305 0.1950903220161279 3.925
-0.923879532511287 0.3826834323650892 3.975
-0.9807852804032305 0.1950903220161279 3.975000000000001
-0.8314696123025459 0.5555702330196012 2.05
-0.7071067811865489 0.7071067811865461 2.025
-0.831469612302546 0.5555702330196012 2.025
-0.8314696123025459 0.5555702330196012 2.1
-0.7071067811865489 0.7071067811865461 2.075
-0.831469612302546 0.5555702330196012 2.075
-0.8314696123025459 0.5555702330196012 2.15
-0.7071067811865489 0.7071067811865461 2.125
-0.831469612302546 0.5555702330196012 2.125
-0.8314696123025459 0.5555702330196012 2.2
-0.7071067811865489 0.7071067811865461 2.175
-0.831469612302546 0.5555702330196012 2.175
-0.8314696123025459 0.5555702330196012 2.25
-0.7071067811865489 0.7071067811865461 2.225
-0.831469612302546 0.5555702330196012 2.225
-0.8314696123025459 0.5555702330196012 2.3
-0.7071067811865489 0.7071067811865461 2.275
-0.831469612302546 0.5555702330196012 2.275
-0.8314696123025459 0.5555702330196012 2.35
-0.7071067811865489 0.7071067811865461 2.325
-0.831469612302546 0.5555702330196012 2.325
-0.8314696123025459 0.5555702330196012 2.4
-0.7071067811865489 0.7071067811865461 2.375
-0.831469612302546 0.5555702330196012 2.375
-0.8314696123025459 0.5555702330196012 2.45
-0.7071067811865489 0.7071067811865461 2.425
-0.831469612302546 0.5555702330196012 2.425
-0.8314696123025459 0.5555702330196012 2.5
-0.7071067811865489 0.7071067811865461 2.475
-0.831469612302546 0.5555702330196012 2.475
-0.8314696123025459 0.5555702330196012 2.55
-0.7071067811865489 0.7071067811865461 2.525
-0.831469612302546 0.5555702330196012 2.525
-0.8314696123025459 0.5555702330196012 2.6
-0.7071067811865489 0.7071067811865461 2.575
-0.831469612302546 0.5555702330196012 2.575
-0.8314696123025459 0.5555702330196012 2.65
-0.7071067811865489 0.7071067811865461 2.625
-0.831469612302546 0.5555702330196012 2.625
-0.8314696123025459 0.5555702330196012 2.7
-0.7071067811865489 0.7071067811865461 2.675
-0.831469612302546 0.5555702330196012 2.675
-0.8314696123025459 0.5555702330196012 2.75
-0.7071067811865489 0.7071067811865461 2.725
-0.831469612302546 0.5555702330196012 2.725000000000001
-0.8314696123025459 0.5555702330196012 2.8
-0.7071067811865489 0.7071067811865461 2.775
-0.831469612302546 0.5555702330196012 2.775
-0.8314696123025459 0.5555702330196012 2.85
-0.7071067811865489 0.7071067811865461 2.825
-0.831469612302546 0.5555702330196012 2.825
-0.8314696123025459 0.5555702330196012 2.9
-0.7071067811865489 0.7071067811865461 2.875
-0.831469612302546 0.5555702330196012 2.875
-0.8314696123025459 0.5555702330196012 2.95
-0.7071067811865489 0.7071067811865461 2.925
-0.831469612302546 0.5555702330196012 2.925
-0.8314696123025459 0.5555702330196012 3
-0.7071067811865489 0.7071067811865461 2.975
-0.831469612302546 0.5555702330196012 2.975000000000001
-0.8314696123025459 0.5555702330196012 3.05
-0.7071067811865489 0.7071067811865461 3.025
-0.831469612302546 0.5555702330196012 3.025
-0.8314696123025459 0.5555702330196012 3.1
-0.7071067811865489 0.7071067811865461 3.075
-0.831469612302546 0.5555702330196012 3.075
-0.8314696123025459 0.5555702330196012 3.15
-0.7071067811865489 0.7071067811865461 3.125
-0.831469612302546 0.5555702330196012 3.125
-0.8314696123025459 0.5555702330196012 3.2
-0.7071067811865489 0.7071067811865461 3.175
-0.831469612302546 0.5555702330196012 3.175
-0.8314696123025459 0.5555702330196012 3.25
-0.7071067811865489 0.7071067811865461 3.225
-0.831469612302546 0.5555702330196012 3.225000000000001
-0.8314696123025459 0.5555702330196012 3.3
-0.7071067811865489 0.7071067811865461 3.275
-0.831469612302546 0.5555702330196012 3.275
-0.8314696123025459 0.5555702330196012 3.35
-0.7071067811865489 0.7071067811865461 3.325
-0.831469612302546 0.5555702330196012 3.325
-0.8314696123025459 0.5555702330196012 3.4
-0.7071067811865489 0.7071067811865461 3.375
-0.831469612302546 0.5555702330196012 3.375
-0.8314696123025459 0.5555702330196012 3.45
-0.7071067811865489 0.7071067811865461 3.425
-0.831469612302546 0.5555702330196012 3.425
-0.8314696123025459 0.5555702330196012 3.5
-0.7071067811865489 0.7071067811865461 3.475
-0.831469612302546 0.5555702330196012 3.475000000000001
-0.8314696123025459 0.5555702330196012 3.55
-0.7071067811865489 0.7071067811865461 3.525
-0.831469612302546 0.5555702330196012 3.525
-0.8314696123025459 0.5555702330196012 3.6
-0.7071067811865489 0.7071067811865461 3.575
-0.831469612302546 0.5555702330196012 3.575
-0.8314696123025459 0.5555702330196012 3.65
-0.7071067811865489 0.7071067811865461 3.625
-0.831469612302546 0.5555702330196012 3.625
-0.8314696123025459 0.5555702330196012 3.7
-0.7071067811865489 0.7071067811865461 3.675
-0.831469612302546 0.5555702330196012 3.675
-0.8314696123025459 0.5555702330196012 3.75
-0.7071067811865489 0.7071067811865461 3.725
-0.831469612302546 0.5555702330196012 3.725000000000001
-0.8314696123025459 0.5555702330196012 3.8
-0.7071067811865489 0.7071067811865461 3.775
-0.831469612302546 0.5555702330196012 3.775
-0.8314696123025459 0.5555702330196012 3.85
-0.7071067811865489 0.7071067811865461 3.825
-0.831469612302546 0.5555702330196012 3.825
-0.8314696123025459 0.5555702330196012 3.9
-0.7071067811865489 0.7071067811865461 3.875
-0.831469612302546 0.5555702330196012 3.875
-0.8314696123025459 0.5555702330196012 3.95
-0.7071067811865489 0.7071067811865461 3.925
-0.831469612302546 0.5555702330196012 3.925
-0.7071067811865489 0.7071067811865461 3.975
-0.831469612302546 0.5555702330196012 3.975000000000001
-0.5555702330196036 0.8314696123025442 2.05
-0.3826834323650912 0.9238795325112862 2.025
-0.5555702330196035 0.8314696123025442 2.025
-0.5555702330196036 0.8314696123025442 2.1
-0.3826834323650912 0.9238795325112862 2.075
-0.5555702330196035 0.8314696123025442 2.075
-0.5555702330196036 0.8314696123025442 2.15
-0.3826834323650912 0.9238795325112862 2.125
-0.5555702330196035 0.8314696123025442 2.125
-0.5555702330196036 0.8314696123025442 2.2
-0.3826834323650912 0.9238795325112862 2.175
-0.5555702330196035 0.8314696123025442 2.175
-0.5555702330196036 0.8314696123025442 2.25
-0.3826834323650912 0.9238795325112862 2.225
-0.5555702330196035 0.8314696123025442 2.225
-0.5555702330196036 0.8314696123025442 2.3
-0.3826834323650912 0.9238795325112862 2.275
-0.5555702330196035 0.8314696123025442 2.275
-0.5555702330196036 0.8314696123025442 2.35
-0.3826834323650912 0.9238795325112862 2.325
-0.5555702330196035 0.8314696123025442 2.325
-0.5555702330196036 0.8314696123025442 2.4
-0.3826834323650912 0.9238795325112862 2.375
-0.5555702330196035 0.8314696123025442 2.375
-0.5555702330196036 0.8314696123025442 2.45
-0.3826834323650912 0.9238795325112862 2.425
-0.5555702330196035 0.8314696123025442 2.425
-0.5555702330196036 0.8314696123025442 2.5
-0.3826834323650912 0.9238795325112862 2.475
-0.5555702330196035 0.8314696123025442 2.475
-0.5555702330196036 0.8314696123025442 2.55
-0.3826834323650912 0.9238795325112862 2.525
-0.5555702330196035 0.8314696123025442 2.525
-0.5555702330196036 0.8314696123025442 2.6
-0.3826834323650912 0.9238795325112862 2.575
-0.5555702330196035 0.8314696123025442 2.575
-0.5555702330196036 0.8314696123025442 2.65
-0.3826834323650912 0.9238795325112862 2.625
-0.5555702330196035 0.8314696123025442 2.625
-0.5555702330196036 0.8314696123025442 2.7
-0.3826834323650912 0.9238795325112862 2.675
-0.5555702330196035 0.8314696123025442 2.675
-0.5555702330196036 0.8314696123025442 2.75
-0.3826834323650912 0.9238795325112862 2.725
-0.5555702330196035 0.8314696123025442 2.725000000000001
-0.5555702330196036 0.8314696123025442 2.8
-0.3826834323650912 0.9238795325112862 2.775
-0.5555702330196035 0.8314696123025442 2.775
-0.5555702330196036 0.8314696123025442 2.85
-0.3826834323650912 0.9238795325112862 2.825
-0.5555702330196035 0.8314696123025442 2.825
-0.5555702330196036 0.8314696123025442 2.9
-0.3826834323650912 0.9238795325112862 2.875
-0.5555702330196035 0.8314696123025442 2.875
-0.5555702330196036 0.8314696123025442 2.95
-0.3826834323650912 0.9238795325112862 2.925
-0.5555702330196035 0.8314696123025442 2.925
-0.5555702330196036 0.8314696123025442 3
-0.3826834323650912 0.9238795325112862 2.975
-0.5555702330196035 0.8314696123025442 2.975000000000001
-0.5555702330196036 0.8314696123025442 3.05
-0.3826834323650912 0.9238795325112862 3.025
-0.5555702330196035 0.8314696123025442 3.025
-0.5555702330196036 0.8314696123025442 3.1
-0.3826834323650912 0.9238795325112862 3.075
-0.5555702330196035 0.8314696123025442 3.075
-0.5555702330196036 0.8314696123025442 3.15
-0.3826834323650912 0.9238795325112862 3.125
-0.5555702330196035 0.8314696123025442 3.125
-0.5555702330196036 0.8314696123025442 3.2
-0.3826834323650912 0.9238795325112862 3.175
-0.5555702330196035 0.8314696123025442 3.175
-0.5555702330196036 0.8314696123025442 3.25
-0.3826834323650912 0.9238795325112862 3.225
-0.5555702330196035 0.8314696123025442 3.225000000000001
-0.5555702330196036 0.8314696123025442 3.3
-0.3826834323650912 0.9238795325112862 3.275
-0.5555702330196035 0.8314696123025442 3.275
-0.5555702330196036 0.8314696123025442 3.35
-0.3826834323650912 0.9238795325112862 3.325
-0.5555702330196035 0.8314696123025442 3.325
-0.5555702330196036 0.8314696123025442 3.4
-0.3826834323650912 0.9238795325112862 3.375
-0.5555702330196035 0.8314696123025442 3.375
-0.5555702330196036 0.8314696123025442 3.45
-0.3826834323650912 0.9238795325112862 3.425
-0.5555702330196035 0.8314696123025442 3.425
-0.5555702330196036 0.8314696123025442 3.5
-0.3826834323650912 0.9238795325112862 3.475
-0.5555702330196035 0.8314696123025442 3.475000000000001
-0.5555702330196036 0.8314696123025442 3.55
-0.3826834323650912 0.9238795325112862 3.525
-0.5555702330196035 0.8314696123025442 3.525
-0.5555702330196036 0.8314696123025442 3.6
-0.3826834323650912 0.9238795325112862 3.575
-0.5555702330196035 0.8314696123025442 3.575
-0.5555702330196036 0.8314696123025442 3.65
-0.3826834323650912 0.9238795325112862 3.625
-0.5555702330196035 0.8314696123025442 3.625
-0.5555702330196036 0.8314696123025442 3.7
-0.3826834323650912 0.9238795325112862 3.675
-0.5555702330196035 0.8314696123025442 3.675
-0.5555702330196036 0.8314696123025442 3.75
-0.3826834323650912 0.9238795325112862 3.725
-0.5555702330196035 0.8314696123025442 3.725000000000001
-0.5555702330196036 0.8314696123025442 3.8
-0.3826834323650912 0.9238795325112862 3.775
-0.5555702330196035 0.8314696123025442 3.775
-0.5555702330196036 0.8314696123025442 3.85
-0.3826834323650912 0.9238795325112862 3.825
-0.5555702330196035 0.8314696123025442 3.825
-0.5555702330196036 0.8314696123025442 3.9
-0.3826834323650912 0.9238795325112862 3.875
-0.5555702330196035 0.8314696123025442 3.875
-0.5555702330196036 0.8314696123025442 3.95
-0.3826834323650912 0.9238795325112862 3.925
-0.5555702330196035 0.8314696123025442 3.925
-0.3826834323650912 0.9238795325112862 3.975
-0.5555702330196035 0.8314696123025442 3.975000000000001
-0.1950903220161295 0.9807852804032302 2.05
-0.1950903220161295 0.9807852804032302 2.025
-0.1950903220161295 0.9807852804032302 2.1
-0.1950903220161295 0.9807852804032302 2.075
-0.1950903220161295 0.9807852804032302 2.15
-0.1950903220161295 0.9807852804032302 2.125
-0.1950903220161295 0.9807852804032302 2.2
-0.1950903220161295 0.9807852804032302 2.175
-0.1950903220161295 0.9807852804032302 2.25
-0.1950903220161295 0.9807852804032302 2.225
-0.1950903220161295 0.9807852804032302 2.3
-0.1950903220161295 0.9807852804032302 2.275
-0.1950903220161295 0.9807852804032302 2.35
-0.1950903220161295 0.9807852804032302 2.325
-0.1950903220161295 0.9807852804032302 2.4
-0.1950903220161295 0.9807852804032302 2.375
-0.1950903220161295 0.9807852804032302 2.45
-0.1950903220161295 0.9807852804032302 2.425
-0.1950903220161295 0.9807852804032302 2.5
-0.1950903220161295 0.9807852804032302 2.475
-0.1950903220161295 0.9807852804032302 2.55
-0.1950903220161295 0.9807852804032302 2.525
-0.1950903220161295 0.9807852804032302 2.6
-0.1950903220161295 0.9807852804032302 2.575
-0.1950903220161295 0.9807852804032302 2.65
-0.1950903220161295 0.9807852804032302 2.625
-0.1950903220161295 0.9807852804032302 2.7
-0.1950903220161295 0.9807852804032302 2.675
-0.1950903220161295 0.9807852804032302 2.75
-0.1950903220161295 0.9807852804032302 2.725000000000001
-0.1950903220161295 0.9807852804032302 2.8
-0.1950903220161295 0.9807852804032302 2.775
-0.1950903220161295 0.9807852804032302 2.85
-0.1950903220161295 0.9807852804032302 2.825
-0.1950903220161295 0.9807852804032302 2.9
-0.1950903220161295 0.9807852804032302 2.875
-0.1950903220161295 0.9807852804032302 2.95
-0.1950903220161295 0.9807852804032302 2.925
-0.1950903220161295 0.9807852804032302 3
-0.1950903220161295 0.9807852804032302 2.975000000000001
-0.1950903220161295 0.9807852804032302 3.05
-0.1950903220161295 0.9807852804032302 3.025
-0.1950903220161295 0.9807852804032302 3.1
-0.1950903220161295 0.9807852804032302 3.075
-0.1950903220161295 0.9807852804032302 3.15
-0.1950903220161295 0.9807852804032302 3.125
-0.1950903220161295 0.9807852804032302 3.2
-0.1950903220161295 0.9807852804032302 3.175
-0.1950903220161295 0.9807852804032302 3.25
-0.1950903220161295 0.9807852804032302 3.225000000000001
-0.1950903220161295 0.9807852804032302 3.3
-0.1950903220161295 0.9807852804032302 3.275
-0.1950903220161295 0.9807852804032302 3.35
-0.1950903220161295 0.9807852804032302 3.325
-0.1950903220161295 0.9807852804032302 3.4
-0.1950903220161295 0.9807852804032302 3.375
-0.1950903220161295 0.9807852804032302 3.45
-0.1950903220161295 0.9807852804032302 3.425
-0.1950903220161295 0.9807852804032302 3.5
-0.1950903220161295 0.9807852804032302 3.475000000000001
-0.1950903220161295 0.9807852804032302 3.55
-0.1950903220161295 0.9807852804032302 3.525
-0.1950903220161295 0.9807852804032302 3.6
-0.1950903220161295 0.9807852804032302 3.575
-0.1950903220161295 0.9807852804032302 3.65
-0.1950903220161295 0.9807852804032302 3.625
-0.1950903220161295 0.9807852804032302 3.7
-0.1950903220161295 0.9807852804032302 3.675
-0.1950903220161295 0.9807852804032302 3.75
-0.1950903220161295 0.9807852804032302 3.725000000000001
-0.1950903220161295 0.9807852804032302 3.8
-0.1950903220161295 0.9807852804032302 3.775
-0.1950903220161295 0.9807852804032302 3.85
-0.1950903220161295 0.9807852804032302 3.825
-0.1950903220161295 0.9807852804032302 3.9
-0.1950903220161295 0.9807852804032302 3.875
-0.1950903220161295 0.9807852804032302 3.95
-0.1950903220161295 0.9807852804032302 3.925
-0.1950903220161295 0.9807852804032302 3.975000000000001
2 67 0 553
10457
10458
10459
10460
10461
10462
10463
10464
10465
10466
10467
10468
10469
10470
10471
10472
10473
10474
10475
10476
10477
10478
10479
10480
10481
10482
10483
10484
10485
10486
10487
10488
10489
10490
10491
10492
10493
10494
10495
10496
10497
10498
10499
10500
10501
10502
10503
10504
10505
10506
10507
10508
10509
10510
10511
10512
10513
10514
10515
10516
10517
10518
10519
10520
10521
10522
10523
10524
10525
10526
10527
10528
10529
10530
10531
10532
10533
10534
10535
10536
10537
10538
10539
10540
10541
10542
10543
10544
10545
10546
10547
10548
10549
10550
10551
10552
10553
10554
10555
10556
10557
10558
10559
10560
10561
10562
10563
10564
10565
10566
10567
10568
10569
10570
10571
10572
10573
10574
10575
10576
10577
10578
10579
10580
10581
10582
10583
10584
10585
10586
10587
10588
10589
10590
10591
10592
10593
10594
10595
10596
10597
10598
10599
10600
10601
10602
10603
10604
10605
10606
10607
10608
10609
10610
10611
10612
10613
10614
10615
10616
10617
10618
10619
10620
10621
10622
10623
10624
10625
10626
10627
10628
10629
10630
10631
10632
10633
10634
10635
10636
10637
10638
10639
10640
10641
10642
10643
10644
10645
10646
10647
10648
10649
10650
10651
10652
10653
10654
10655
10656
10657
10658
10659
10660
10661
10662
10663
10664
10665
10666
10667
10668
10669
10670
10671
10672
10673
10674
10675
10676
10677
10678
10679
10680
10681
10682
10683
10684
10685
10686
10687
10688
10689
10690
10691
10692
10693
10694
10695
10696
10697
10698
10699
10700
10701
10702
10703
10704
10705
10706
10707
10708
10709
10710
10711
10712
10713
10714
10715
10716
10717
10718
10719
10720
10721
10722
10723
10724
10725
10726
10727
10728
10729
10730
10731
10732
10733
10734
10735
10736
10737
10738
10739
10740
10741
10742
10743
10744
10745
10746
10747
10748
10749
10750
10751
10752
10753
10754
10755
10756
10757
10758
10759
10760
10761
10762
10763
10764
10765
10766
10767
10768
10769
10770
10771
10772
10773
10774
10775
10776
10777
10778
10779
10780
10781
10782
10783
10784
10785
10786
10787
10788
10789
10790
10791
10792
10793
10794
10795
10796
10797
10798
10799
10800
10801
10802
10803
10804
10805
10806
10807
10808
10809
10810
10811
10812
10813
10814
10815
10816
10817
10818
10819
10820
10821
10822
10823
10824
10825
10826
10827
10828
10829
10830
10831
10832
10833
10834
10835
10836
10837
10838
10839
10840
10841
10842
10843
10844
10845
10846
10847
10848
10849
10850
10851
10852
10853
10854
10855
10856
10857
10858
10859
10860
10861
10862
10863
10864
10865
10866
10867
10868
10869
10870
10871
10872
10873
10874
10875
10876
10877
10878
10879
10880
10881
10882
10883
10884
10885
10886
10887
10888
10889
10890
10891
10892
10893
10894
10895
10896
10897
10898
10899
10900
10901
10902
10903
10904
10905
10906
10907
10908
10909
10910
10911
10912
10913
10914
10915
10916
10917
10918
10919
10920
10921
10922
10923
10924
10925
10926
10927
10928
10929
10930
10931
10932
10933
10934
10935
10936
10937
10938
10939
10940
10941
10942
10943
10944
10945
10946
10947
10948
10949
10950
10951
10952
10953
10954
10955
10956
10957
10958
10959
10960
10961
10962
10963
10964
10965
10966
10967
10968
10969
10970
10971
10972
10973
10974
10975
10976
10977
10978
10979
10980
10981
10982
10983
10984
10985
10986
10987
10988
10989
10990
10991
10992
10993
10994
10995
10996
10997
10998
10999
11000
11001
11002
11003
11004
11005
11006
11007
11008
11009
-0.3826834323650905 -0.9238795325112864 2.05
-0.3826834323650905 -0.9238795325112864 2.1
-0.3826834323650905 -0.9238795325112864 2.15
-0.3826834323650905 -0.9238795325112864 2.2
-0.3826834323650905 -0.9238795325112864 2.25
-0.3826834323650905 -0.9238795325112864 2.3
-0.3826834323650905 -0.9238795325112864 2.35
-0.3826834323650905 -0.9238795325112864 2.4
-0.3826834323650905 -0.9238795325112864 2.45
-0.3826834323650905 -0.9238795325112864 2.5
-0.3826834323650905 -0.9238795325112864 2.55
-0.3826834323650905 -0.9238795325112864 2.6
-0.3826834323650905 -0.9238795325112864 2.65
-0.3826834323650905 -0.9238795325112864 2.7
-0.3826834323650905 -0.9238795325112864 2.75
-0.3826834323650905 -0.9238795325112864 2.8
-0.3826834323650905 -0.9238795325112864 2.85
-0.3826834323650905 -0.9238795325112864 2.9
-0.3826834323650905 -0.9238795325112864 2.95
-0.3826834323650905 -0.9238795325112864 3
-0.3826834323650905 -0.9238795325112864 3.05
-0.3826834323650905 -0.9238795325112864 3.1
-0.3826834323650905 -0.9238795325112864 3.15
-0.3826834323650905 -0.9238795325112864 3.2
-0.3826834323650905 -0.9238795325112864 3.25
-0.3826834323650905 -0.9238795325112864 3.3
-0.3826834323650905 -0.9238795325112864 3.35
-0.3826834323650905 -0.9238795325112864 3.4
-0.3826834323650905 -0.9238795325112864 3.45
-0.3826834323650905 -0.9238795325112864 3.5
-0.3826834323650905 -0.9238795325112864 3.55
-0.3826834323650905 -0.9238795325112864 3.6
-0.3826834323650905 -0.9238795325112864 3.65
-0.3826834323650905 -0.9238795325112864 3.7
-0.3826834323650905 -0.9238795325112864 3.75
-0.3826834323650905 -0.9238795325112864 3.8
-0.3826834323650905 -0.9238795325112864 3.85
-0.3826834323650905 -0.9238795325112864 3.9
-0.3826834323650905 -0.9238795325112864 3.95
-0.7071067811865478 -0.7071067811865472 2.05
-0.7071067811865478 -0.7071067811865472 2.1
-0.7071067811865478 -0.7071067811865472 2.15
-0.7071067811865478 -0.7071067811865472 2.2
-0.7071067811865478 -0.7071067811865472 2.25
-0.7071067811865478 -0.7071067811865472 2.3
-0.7071067811865478 -0.7071067811865472 2.35
-0.7071067811865478 -0.7071067811865472 2.4
-0.7071067811865478 -0.7071067811865472 2.45
-0.7071067811865478 -0.7071067811865472 2.5
-0.7071067811865478 -0.7071067811865472 2.55
-0.7071067811865478 -0.7071067811865472 2.6
-0.7071067811865478 -0.7071067811865472 2.65
-0.7071067811865478 -0.7071067811865472 2.7
-0.7071067811865478 -0.7071067811865472 2.75
-0.7071067811865478 -0.7071067811865472 2.8
-0.7071067811865478 -0.7071067811865472 2.85
-0.7071067811865478 -0.7071067811865472 2.9
-0.7071067811865478 -0.7071067811865472 2.95
-0.7071067811865478 -0.7071067811865472 3
-0.7071067811865478 -0.7071067811865472 3.05
-0.7071067811865478 -0.7071067811865472 3.1
-0.7071067811865478 -0.7071067811865472 3.15
-0.7071067811865478 -0.7071067811865472 3.2
-0.7071067811865478 -0.7071067811865472 3.25
-0.7071067811865478 -0.7071067811865472 3.3
-0.7071067811865478 -0.7071067811865472 3.35
-0.7071067811865478 -0.7071067811865472 3.4
-0.7071067811865478 -0.7071067811865472 3.45
-0.7071067811865478 -0.7071067811865472 3.5
-0.7071067811865478 -0.7071067811865472 3.55
-0.7071067811865478 -0.7071067811865472 3.6
-0.7071067811865478 -0.7071067811865472 3.65
-0.7071067811865478 -0.7071067811865472 3.7
-0.7071067811865478 -0.7071067811865472 3.75
-0.7071067811865478 -0.7071067811865472 3.8
-0.7071067811865478 -0.7071067811865472 3.85
-0.7071067811865478 -0.7071067811865472 3.9
-0.7071067811865478 -0.7071067811865472 3.95
-0.9238795325112868 -0.3826834323650894 2.05
-0.9238795325112868 -0.3826834323650894 2.1
-0.9238795325112868 -0.3826834323650894 2.15
-0.9238795325112868 -0.3826834323650894 2.2
-0.9238795325112868 -0.3826834323650894 2.25
-0.9238795325112868 -0.3826834323650894 2.3
-0.9238795325112868 -0.3826834323650894 2.35
-0.9238795325112868 -0.3826834323650894 2.4
-0.9238795325112868 -0.3826834323650894 2.45
-0.9238795325112868 -0.3826834323650894 2.5
-0.9238795325112868 -0.3826834323650894 2.55
-0.9238795325112868 -0.3826834323650894 2.6
-0.9238795325112868 -0.3826834323650894 2.65
-0.9238795325112868 -0.3826834323650894 2.7
-0.9238795325112868 -0.3826834323650894 2.75
-0.9238795325112868 -0.3826834323650894 2.8
-0.9238795325112868 -0.3826834323650894 2.85
-0.9238795325112868 -0.3826834323650894 2.9
-0.9238795325112868 -0.3826834323650894 2.95
-0.9238795325112868 -0.3826834323650894 3
-0.9238795325112868 -0.3826834323650894 3.05
-0.9238795325112868 -0.3826834323650894 3.1
-0.9238795325112868 -0.3826834323650894 3.15
-0.9238795325112868 -0.3826834323650894 3.2
-0.9238795325112868 -0.3826834323650894 3.25
-0.9238795325112868 -0.3826834323650894 3.3
-0.9238795325112868 -0.3826834323650894 3.35
-0.9238795325112868 -0.3826834323650894 3.4
-0.9238795325112868 -0.3826834323650894 3.45
-0.9238795325112868 -0.3826834323650894 3.5
-0.9238795325112868 -0.3826834323650894 3.55
-0.9238795325112868 -0.3826834323650894 3.6
-0.9238795325112868 -0.3826834323650894 3.65
-0.9238795325112868 -0.3826834323650894 3.7
-0.9238795325112868 -0.3826834323650894 3.75
-0.9238795325112868 -0.3826834323650894 3.8
-0.9238795325112868 -0.3826834323650894 3.85
-0.9238795325112868 -0.3826834323650894 3.9
-0.9238795325112868 -0.3826834323650894 3.95
-0.1950903220161286 -0.9807852804032304 2.05
-0.3826834323650905 -0.9238795325112864 2.025
-0.1950903220161286 -0.9807852804032304 2.025
-0.1950903220161286 -0.9807852804032304 2.1
-0.3826834323650905 -0.9238795325112864 2.075
-0.1950903220161286 -0.9807852804032304 2.075
-0.1950903220161286 -0.9807852804032304 2.15
-0.3826834323650905 -0.9238795325112864 2.125
-0.1950903220161286 -0.9807852804032304 2.125
-0.1950903220161286 -0.9807852804032304 2.2
-0.3826834323650905 -0.9238795325112864 2.175
-0.1950903220161286 -0.9807852804032304 2.175
-0.1950903220161286 -0.9807852804032304 2.25
-0.3826834323650905 -0.9238795325112864 2.225
-0.1950903220161286 -0.9807852804032304 2.225
-0.1950903220161286 -0.9807852804032304 2.3
-0.3826834323650905 -0.9238795325112864 2.275
-0.1950903220161286 -0.9807852804032304 2.275
-0.1950903220161286 -0.9807852804032304 2.35
-0.3826834323650905 -0.9238795325112864 2.325
-0.1950903220161286 -0.9807852804032304 2.325
-0.1950903220161286 -0.9807852804032304 2.4
-0.3826834323650905 -0.9238795325112864 2.375
-0.1950903220161286 -0.9807852804032304 2.375
-0.1950903220161286 -0.9807852804032304 2.45
-0.3826834323650905 -0.9238795325112864 2.425
-0.1950903220161286 -0.9807852804032304 2.425
-0.1950903220161286 -0.9807852804032304 2.5
-0.3826834323650905 -0.9238795325112864 2.475
-0.1950903220161286 -0.9807852804032304 2.475
-0.1950903220161286 -0.9807852804032304 2.55
-0.3826834323650905 -0.9238795325112864 2.525
-0.1950903220161286 -0.9807852804032304 2.525
-0.1950903220161286 -0.9807852804032304 2.6
-0.3826834323650905 -0.9238795325112864 2.575
-0.1950903220161286 -0.9807852804032304 2.575
-0.1950903220161286 -0.9807852804032304 2.65
-0.3826834323650905 -0.9238795325112864 2.625
-0.1950903220161286 -0.9807852804032304 2.625
-0.1950903220161286 -0.9807852804032304 2.7
-0.3826834323650905 -0.9238795325112864 2.675
-0.1950903220161286 -0.9807852804032304 2.675
-0.1950903220161286 -0.9807852804032304 2.75
-0.3826834323650905 -0.9238795325112864 2.725
-0.1950903220161286 -0.9807852804032304 2.725000000000001
-0.1950903220161286 -0.9807852804032304 2.8
-0.3826834323650905 -0.9238795325112864 2.775
-0.1950903220161286 -0.9807852804032304 2.775
-0.1950903220161286 -0.9807852804032304 2.85
-0.3826834323650905 -0.9238795325112864 2.825
-0.1950903220161286 -0.9807852804032304 2.825
-0.1950903220161286 -0.9807852804032304 2.9
-0.3826834323650905 -0.9238795325112864 2.875
-0.1950903220161286 -0.9807852804032304 2.875
-0.1950903220161286 -0.9807852804032304 2.95
-0.3826834323650905 -0.9238795325112864 2.925
-0.1950903220161286 -0.9807852804032304 2.925
-0.1950903220161286 -0.9807852804032304 3
-0.3826834323650905 -0.9238795325112864 2.975
-0.1950903220161286 -0.9807852804032304 2.975000000000001
-0.1950903220161286 -0.9807852804032304 3.05
-0.3826834323650905 -0.9238795325112864 3.025
-0.1950903220161286 -0.9807852804032304 3.025
-0.1950903220161286 -0.9807852804032304 3.1
-0.3826834323650905 -0.9238795325112864 3.075
-0.1950903220161286 -0.9807852804032304 3.075
-0.1950903220161286 -0.9807852804032304 3.15
-0.3826834323650905 -0.9238795325112864 3.125
-0.1950903220161286 -0.9807852804032304 3.125
-0.1950903220161286 -0.9807852804032304 3.2
-0.3826834323650905 -0.9238795325112864 3.175
-0.1950903220161286 -0.9807852804032304 3.175
-0.1950903220161286 -0.9807852804032304 3.25
-0.3826834323650905 -0.9238795325112864 3.225
-0.1950903220161286 -0.9807852804032304 3.225000000000001
-0.1950903220161286 -0.9807852804032304 3.3
-0.3826834323650905 -0.9238795325112864 3.275
-0.1950903220161286 -0.9807852804032304 3.275
-0.1950903220161286 -0.9807852804032304 3.35
-0.3826834323650905 -0.9238795325112864 3.325
-0.1950903220161286 -0.9807852804032304 3.325
-0.1950903220161286 -0.9807852804032304 3.4
-0.3826834323650905 -0.9238795325112864 3.375
-0.1950903220161286 -0.9807852804032304 3.375
-0.1950903220161286 -0.9807852804032304 3.45
-0.3826834323650905 -0.9238795325112864 3.425
-0.1950903220161286 -0.9807852804032304 3.425
-0.1950903220161286 -0.9807852804032304 3.5
-0.3826834323650905 -0.9238795325112864 3.475
-0.1950903220161286 -0.9807852804032304 3.475000000000001
-0.1950903220161286 -0.9807852804032304 3.55
-0.3826834323650905 -0.9238795325112864 3.525
-0.1950903220161286 -0.9807852804032304 3.525
-0.1950903220161286 -0.9807852804032304 3.6
-0.3826834323650905 -0.9238795325112864 3.575
-0.1950903220161286 -0.9807852804032304 3.575
-0.1950903220161286 -0.9807852804032304 3.65
-0.3826834323650905 -0.9238795325112864 3.625
-0.1950903220161286 -0.9807852804032304 3.625
-0.1950903220161286 -0.9807852804032304 3.7
-0.3826834323650905 -0.9238795325112864 3.675
-0.1950903220161286 -0.9807852804032304 3.675
-0.1950903220161286 -0.9807852804032304 3.75
-0.3826834323650905 -0.9238795325112864 3.725
-0.1950903220161286 -0.9807852804032304 3.725000000000001
-0.1950903220161286 -0.9807852804032304 3.8
-0.3826834323650905 -0.9238795325112864 3.775
-0.1950903220161286 -0.9807852804032304 3.775
-0.1950903220161286 -0.9807852804032304 3.85
-0.3826834323650905 -0.9238795325112864 3.825
-0.1950903220161286 -0.9807852804032304 3.825
-0.1950903220161286 -0.9807852804032304 3.9
-0.3826834323650905 -0.9238795325112864 3.875
-0.1950903220161286 -0.9807852804032304 3.875
-0.1950903220161286 -0.9807852804032304 3.95
-0.3826834323650905 -0.9238795325112864 3.925
-0.1950903220161286 -0.9807852804032304 3.925
-0.3826834323650905 -0.9238795325112864 3.975
-0.1950903220161286 -0.9807852804032304 3.975000000000001
-0.5555702330196027 -0.8314696123025449 2.05
-0.7071067811865478 -0.7071067811865472 2.025
-0.5555702330196026 -0.8314696123025449 2.025
-0.5555702330196027 -0.8314696123025449 2.1
-0.7071067811865478 -0.7071067811865472 2.075
-0.5555702330196026 -0.8314696123025449 2.075
-0.5555702330196027 -0.8314696123025449 2.15
-0.7071067811865478 -0.7071067811865472 2.125
-0.5555702330196026 -0.8314696123025449 2.125
-0.5555702330196027 -0.8314696123025449 2.2
-0.7071067811865478 -0.7071067811865472 2.175
-0.5555702330196026 -0.8314696123025449 2.175
-0.5555702330196027 -0.8314696123025449 2.25
-0.7071067811865478 -0.7071067811865472 2.225
-0.5555702330196026 -0.8314696123025449 2.225
-0.5555702330196027 -0.8314696123025449 2.3
-0.7071067811865478 -0.7071067811865472 2.275
-0.5555702330196026 -0.8314696123025449 2.275
-0.5555702330196027 -0.8314696123025449 2.35
-0.7071067811865478 -0.7071067811865472 2.325
-0.5555702330196026 -0.8314696123025449 2.325
-0.5555702330196027 -0.8314696123025449 2.4
-0.7071067811865478 -0.7071067811865472 2.375
-0.5555702330196026 -0.8314696123025449 2.375
-0.5555702330196027 -0.8314696123025449 2.45
-0.7071067811865478 -0.7071067811865472 2.425
-0.5555702330196026 -0.8314696123025449 2.425
-0.5555702330196027 -0.8314696123025449 2.5
-0.7071067811865478 -0.7071067811865472 2.475
-0.5555702330196026 -0.8314696123025449 2.475
-0.5555702330196027 -0.8314696123025449 2.55
-0.7071067811865478 -0.7071067811865472 2.525
-0.5555702330196026 -0.8314696123025449 2.525
-0.5555702330196027 -0.8314696123025449 2.6
-0.7071067811865478 -0.7071067811865472 2.575
-0.5555702330196026 -0.8314696123025449 2.575
-0.5555702330196027 -0.8314696123025449 2.65
-0.7071067811865478 -0.7071067811865472 2.625
-0.5555702330196026 -0.8314696123025449 2.625
-0.5555702330196027 -0.8314696123025449 2.7
-0.7071067811865478 -0.7071067811865472 2.675
-0.5555702330196026 -0.8314696123025449 2.675
-0.5555702330196027 -0.8314696123025449 2.75
-0.7071067811865478 -0.7071067811865472 2.725
-0.5555702330196026 -0.8314696123025449 2.725000000000001
-0.5555702330196027 -0.8314696123025449 2.8
-0.7071067811865478 -0.7071067811865472 2.775
-0.5555702330196026 -0.8314696123025449 2.775
-0.5555702330196027 -0.8314696123025449 2.85
-0.7071067811865478 -0.7071067811865472 2.825
-0.5555702330196026 -0.8314696123025449 2.825
-0.5555702330196027 -0.8314696123025449 2.9
-0.7071067811865478 -0.7071067811865472 2.875
-0.5555702330196026 -0.8314696123025449 2.875
-0.5555702330196027 -0.8314696123025449 2.95
-0.7071067811865478 -0.7071067811865472 2.925
-0.5555702330196026 -0.8314696123025449 2.925
-0.5555702330196027 -0.8314696123025449 3
-0.7071067811865478 -0.7071067811865472 2.975
-0.5555702330196026 -0.8314696123025449 2.975000000000001
-0.5555702330196027 -0.8314696123025449 3.05
-0.7071067811865478 -0.7071067811865472 3.025
-0.5555702330196026 -0.8314696123025449 3.025
-0.5555702330196027 -0.8314696123025449 3.1
-0.7071067811865478 -0.7071067811865472 3.075
-0.5555702330196026 -0.8314696123025449 3.075
-0.5555702330196027 -0.8314696123025449 3.15
-0.7071067811865478 -0.7071067811865472 3.125
-0.5555702330196026 -0.8314696123025449 3.125
-0.5555702330196027 -0.8314696123025449 3.2
-0.7071067811865478 -0.7071067811865472 3.175
-0.5555702330196026 -0.8314696123025449 3.175
-0.5555702330196027 -0.8314696123025449 3.25
-0.7071067811865478 -0.7071067811865472 3.225
-0.5555702330196026 -0.8314696123025449 3.225000000000001
-0.5555702330196027 -0.8314696123025449 3.3
-0.7071067811865478 -0.7071067811865472 3.275
-0.5555702330196026 -0.8314696123025449 3.275
-0.5555702330196027 -0.8314696123025449 3.35
-0.7071067811865478 -0.7071067811865472 3.325
-0.5555702330196026 -0.8314696123025449 3.325
-0.5555702330196027 -0.8314696123025449 3.4
-0.7071067811865478 -0.7071067811865472 3.375
-0.5555702330196026 -0.8314696123025449 3.375
-0.5555702330196027 -0.8314696123025449 3.45
-0.7071067811865478 -0.7071067811865472 3.425
-0.5555702330196026 -0.8314696123025449 3.425
-0.5555702330196027 -0.8314696123025449 3.5
-0.7071067811865478 -0.7071067811865472 3.475
-0.5555702330196026 -0.8314696123025449 3.475000000000001
-0.5555702330196027 -0.8314696123025449 3.55
-0.7071067811865478 -0.7071067811865472 3.525
-0.5555702330196026 -0.8314696123025449 3.525
-0.5555702330196027 -0.8314696123025449 3.6
-0.7071067811865478 -0.7071067811865472 3.575
-0.5555702330196026 -0.8314696123025449 3.575
-0.5555702330196027 -0.8314696123025449 3.65
-0.7071067811865478 -0.7071067811865472 3.625
-0.5555702330196026 -0.8314696123025449 3.625
-0.5555702330196027 -0.8314696123025449 3.7
-0.7071067811865478 -0.7071067811865472 3.675
-0.5555702330196026 -0.8314696123025449 3.675
-0.5555702330196027 -0.8314696123025449 3.75
-0.7071067811865478 -0.7071067811865472 3.725
-0.5555702330196026 -0.8314696123025449 3.725000000000001
-0.5555702330196027 -0.8314696123025449 3.8
-0.7071067811865478 -0.7071067811865472 3.775
-0.5555702330196026 -0.8314696123025449 3.775
-0.5555702330196027 -0.8314696123025449 3.85
-0.7071067811865478 -0.7071067811865472 3.825
-0.5555702330196026 -0.8314696123025449 3.825
-0.5555702330196027 -0.8314696123025449 3.9
-0.7071067811865478 -0.7071067811865472 3.875
-0.5555702330196026 -0.8314696123025449 3.875
-0.5555702330196027 -0.8314696123025449 3.95
-0.7071067811865478 -0.7071067811865472 3.925
-0.5555702330196026 -0.8314696123025449 3.925
-0.7071067811865478 -0.7071067811865472 3.975
-0.5555702330196026 -0.8314696123025449 3.975000000000001
-0.8314696123025453 -0.5555702330196022 2.05
-0.9238795325112868 -0.3826834323650894 2.025
-0.8314696123025455 -0.555570233019602 2.025
-0.8314696123025453 -0.5555702330196022 2.1
-0.9238795325112868 -0.3826834323650894 2.075
-0.8314696123025453 -0.5555702330196022 2.075
-0.8314696123025453 -0.5555702330196022 2.15
-0.9238795325112868 -0.3826834323650894 2.125
-0.8314696123025453 -0.5555702330196022 2.125
-0.8314696123025453 -0.5555702330196022 2.2
-0.9238795325112868 -0.3826834323650894 2.175
-0.8314696123025453 -0.5555702330196022 2.175
-0.8314696123025453 -0.5555702330196022 2.25
-0.9238795325112868 -0.3826834323650894 2.225
-0.8314696123025453 -0.5555702330196022 2.225
-0.8314696123025453 -0.5555702330196022 2.3
-0.9238795325112868 -0.3826834323650894 2.275
-0.8314696123025453 -0.5555702330196022 2.275
-0.8314696123025453 -0.5555702330196022 2.35
-0.9238795325112868 -0.3826834323650894 2.325
-0.8314696123025453 -0.5555702330196022 2.325
-0.8314696123025453 -0.5555702330196022 2.4
-0.9238795325112868 -0.3826834323650894 2.375
-0.8314696123025453 -0.5555702330196022 2.375
-0.8314696123025453 -0.5555702330196022 2.45
-0.9238795325112868 -0.3826834323650894 2.425
-0.8314696123025453 -0.5555702330196022 2.425
-0.8314696123025453 -0.5555702330196022 2.5
-0.9238795325112868 -0.3826834323650894 2.475
-0.8314696123025453 -0.5555702330196022 2.475
-0.8314696123025453 -0.5555702330196022 2.55
-0.9238795325112868 -0.3826834323650894 2.525
-0.8314696123025453 -0.5555702330196022 2.525
-0.8314696123025453 -0.5555702330196022 2.6
-0.9238795325112868 -0.3826834323650894 2.575
-0.8314696123025453 -0.5555702330196022 2.575
-0.8314696123025453 -0.5555702330196022 2.65
-0.9238795325112868 -0.3826834323650894 2.625
-0.8314696123025453 -0.5555702330196022 2.625
-0.8314696123025453 -0.5555702330196022 2.7
-0.9238795325112868 -0.3826834323650894 2.675
-0.8314696123025453 -0.5555702330196022 2.675
-0.8314696123025453 -0.5555702330196022 2.75
-0.9238795325112868 -0.3826834323650894 2.725
-0.8314696123025453 -0.5555702330196022 2.725000000000001
-0.8314696123025453 -0.5555702330196022 2.8
-0.9238795325112868 -0.3826834323650894 2.775
-0.8314696123025453 -0.5555702330196022 2.775
-0.8314696123025453 -0.5555702330196022 2.85
-0.9238795325112868 -0.3826834323650894 2.825
-0.8314696123025453 -0.5555702330196022 2.825
-0.8314696123025453 -0.5555702330196022 2.9
-0.9238795325112868 -0.3826834323650894 2.875
-0.8314696123025453 -0.5555702330196022 2.875
-0.8314696123025453 -0.5555702330196022 2.95
-0.9238795325112868 -0.3826834323650894 2.925
-0.8314696123025453 -0.5555702330196022 2.925
-0.8314696123025453 -0.5555702330196022 3
-0.9238795325112868 -0.3826834323650894 2.975
-0.8314696123025453 -0.5555702330196022 2.975000000000001
-0.8314696123025453 -0.5555702330196022 3.05
-0.9238795325112868 -0.3826834323650894 3.025
-0.8314696123025453 -0.5555702330196022 3.025
-0.8314696123025453 -0.5555702330196022 3.1
-0.9238795325112868 -0.3826834323650894 3.075
-0.8314696123025453 -0.5555702330196022 3.075
-0.8314696123025453 -0.5555702330196022 3.15
-0.9238795325112868 -0.3826834323650894 3.125
-0.8314696123025453 -0.5555702330196022 3.125
-0.8314696123025453 -0.5555702330196022 3.2
-0.9238795325112868 -0.3826834323650894 3.175
-0.8314696123025453 -0.5555702330196022 3.175
-0.8314696123025453 -0.5555702330196022 3.25
-0.9238795325112868 -0.3826834323650894 3.225
-0.8314696123025453 -0.5555702330196022 3.225000000000001
-0.8314696123025453 -0.5555702330196022 3.3
-0.9238795325112868 -0.3826834323650894 3.275
-0.8314696123025453 -0.5555702330196022 3.275
-0.8314696123025453 -0.5555702330196022 3.35
-0.9238795325112868 -0.3826834323650894 3.325
-0.8314696123025453 -0.5555702330196022 3.325
-0.8314696123025453 -0.5555702330196022 3.4
-0.9238795325112868 -0.3826834323650894 3.375
-0.8314696123025453 -0.5555702330196022 3.375
-0.8314696123025453 -0.5555702330196022 3.45
-0.9238795325112868 -0.3826834323650894 3.425
-0.8314696123025453 -0.5555702330196022 3.425
-0.8314696123025453 -0.5555702330196022 3.5
-0.9238795325112868 -0.3826834323650894 3.475
-0.8314696123025453 -0.5555702330196022 3.475000000000001
-0.8314696123025453 -0.5555702330196022 3.55
-0.9238795325112868 -0.3826834323650894 3.525
-0.8314696123025453 -0.5555702330196022 3.525
-0.8314696123025453 -0.5555702330196022 3.6
-0.9238795325112868 -0.3826834323650894 3.575
-0.8314696123025453 -0.5555702330196022 3.575
-0.8314696123025453 -0.5555702330196022 3.65
-0.9238795325112868 -0.3826834323650894 3.625
-0.8314696123025453 -0.5555702330196022 3.625
-0.8314696123025453 -0.5555702330196022 3.7
-0.9238795325112868 -0.3826834323650894 3.675
-0.8314696123025453 -0.5555702330196022 3.675
-0.8314696123025453 -0.5555702330196022 3.75
-0.9238795325112868 -0.3826834323650894 3.725
-0.8314696123025453 -0.5555702330196022 3.725000000000001
-0.8314696123025453 -0.5555702330196022 3.8
-0.9238795325112868 -0.3826834323650894 3.775
-0.8314696123025453 -0.5555702330196022 3.775
-0.8314696123025453 -0.5555702330196022 3.85
-0.9238795325112868 -0.3826834323650894 3.825
-0.8314696123025453 -0.5555702330196022 3.825
-0.8314696123025453 -0.5555702330196022 3.9
-0.9238795325112868 -0.3826834323650894 3.875
-0.8314696123025453 -0.5555702330196022 3.875
-0.8314696123025453 -0.5555702330196022 3.95
-0.9238795325112868 -0.3826834323650894 3.925
-0.8314696123025453 -0.5555702330196022 3.925
-0.9238795325112868 -0.3826834323650894 3.975
-0.8314696123025455 -0.555570233019602 3.975000000000001
-0.9807852804032304 -0.1950903220161282 2.05
-0.9807852804032304 -0.1950903220161282 2.025
-0.9807852804032304 -0.1950903220161282 2.1
-0.9807852804032304 -0.1950903220161282 2.075
-0.9807852804032304 -0.1950903220161282 2.15
-0.9807852804032304 -0.1950903220161282 2.125
-0.9807852804032304 -0.1950903220161282 2.2
-0.9807852804032304 -0.1950903220161282 2.175
-0.9807852804032304 -0.1950903220161282 2.25
-0.9807852804032304 -0.1950903220161282 2.225
-0.9807852804032304 -0.1950903220161282 2.3
-0.9807852804032304 -0.1950903220161282 2.275
-0.9807852804032304 -0.1950903220161282 2.35
-0.9807852804032304 -0.1950903220161282 2.325
-0.9807852804032304 -0.1950903220161282 2.4
-0.9807852804032304 -0.1950903220161282 2.375
-0.9807852804032304 -0.1950903220161282 2.45
-0.9807852804032304 -0.1950903220161282 2.425
-0.9807852804032304 -0.1950903220161282 2.5
-0.9807852804032304 -0.1950903220161282 2.475
-0.9807852804032304 -0.1950903220161282 2.55
-0.9807852804032304 -0.1950903220161282 2.525
-0.9807852804032304 -0.1950903220161282 2.6
-0.9807852804032304 -0.1950903220161282 2.575
-0.9807852804032304 -0.1950903220161282 2.65
-0.9807852804032304 -0.1950903220161282 2.625
-0.9807852804032304 -0.1950903220161282 2.7
-0.9807852804032304 -0.1950903220161282 2.675
-0.9807852804032304 -0.1950903220161282 2.75
-0.9807852804032304 -0.1950903220161282 2.725000000000001
-0.9807852804032304 -0.1950903220161282 2.8
-0.9807852804032304 -0.1950903220161282 2.775
-0.9807852804032304 -0.1950903220161282 2.85
-0.9807852804032304 -0.1950903220161282 2.825
-0.9807852804032304 -0.1950903220161282 2.9
-0.9807852804032304 -0.1950903220161282 2.875
-0.9807852804032304 -0.1950903220161282 2.95
-0.9807852804032304 -0.1950903220161282 2.925
-0.9807852804032304 -0.1950903220161282 3
-0.9807852804032304 -0.1950903220161282 2.975000000000001
-0.9807852804032304 -0.1950903220161282 3.05
-0.9807852804032304 -0.1950903220161282 3.025
-0.9807852804032304 -0.1950903220161282 3.1
-0.9807852804032304 -0.1950903220161282 3.075
-0.9807852804032304 -0.1950903220161282 3.15
-0.9807852804032304 -0.1950903220161282 3.125
-0.9807852804032304 -0.1950903220161282 3.2
-0.9807852804032304 -0.1950903220161282 3.175
-0.9807852804032304 -0.1950903220161282 3.25
-0.9807852804032304 -0.1950903220161282 3.225000000000001
-0.9807852804032304 -0.1950903220161282 3.3
-0.9807852804032304 -0.1950903220161282 3.275
-0.9807852804032304 -0.1950903220161282 3.35
-0.9807852804032304 -0.1950903220161282 3.325
-0.9807852804032304 -0.1950903220161282 3.4
-0.9807852804032304 -0.1950903220161282 3.375
-0.9807852804032304 -0.1950903220161282 3.45
-0.9807852804032304 -0.1950903220161282 3.425
-0.9807852804032304 -0.1950903220161282 3.5
-0.9807852804032304 -0.1950903220161282 3.475000000000001
-0.9807852804032304 -0.1950903220161282 3.55
-0.9807852804032304 -0.1950903220161282 3.525
-0.9807852804032304 -0.1950903220161282 3.6
-0.9807852804032304 -0.1950903220161282 3.575
-0.9807852804032304 -0.1950903220161282 3.65
-0.9807852804032304 -0.1950903220161282 3.625
-0.9807852804032304 -0.1950903220161282 3.7
-0.9807852804032304 -0.1950903220161282 3.675
-0.9807852804032304 -0.1950903220161282 3.75
-0.9807852804032304 -0.1950903220161282 3.725000000000001
-0.9807852804032304 -0.1950903220161282 3.8
-0.9807852804032304 -0.1950903220161282 3.775
-0.9807852804032304 -0.1950903220161282 3.85
-0.9807852804032304 -0.1950903220161282 3.825
-0.9807852804032304 -0.1950903220161282 3.9
-0.9807852804032304 -0.1950903220161282 3.875
-0.9807852804032304 -0.1950903220161282 3.95
-0.9807852804032304 -0.1950903220161282 3.925
-0.9807852804032304 -0.1950903220161282 3.975000000000001
2 68 0 553
11010
11011
11012
11013
11014
11015
11016
11017
11018
11019
11020
11021
11022
11023
11024
11025
11026
11027
11028
11029
11030
11031
11032
11033
11034
11035
11036
11037
11038
11039
11040
11041
11042
11043
11044
11045
11046
11047
11048
11049
11050
11051
11052
11053
11054
11055
11056
11057
11058
11059
11060
11061
11062
11063
11064
11065
11066
11067
11068
11069
11070
11071
11072
11073
11074
11075
11076
11077
11078
11079
11080
11081
11082
11083
11084
11085
11086
11087
11088
11089
11090
11091
11092
11093
11094
11095
11096
11097
11098
11099
11100
11101
11102
11103
11104
11105
11106
11107
11108
11109
11110
11111
11112
11113
11114
11115
11116
11117
11118
11119
11120
11121
11122
11123
11124
11125
11126
11127
11128
11129
11130
11131
11132
11133
11134
11135
11136
11137
11138
11139
11140
11141
11142
11143
11144
11145
11146
11147
11148
11149
11150
11151
11152
11153
11154
11155
11156
11157
11158
11159
11160
11161
11162
11163
11164
11165
11166
11167
11168
11169
11170
11171
11172
11173
11174
11175
11176
11177
11178
11179
11180
11181
11182
11183
11184
11185
11186
11187
11188
11189
11190
11191
11192
11193
11194
11195
11196
11197
11198
11199
11200
11201
11202
11203
11204
11205
11206
11207
11208
11209
11210
11211
11212
11213
11214
11215
11216
11217
11218
11219
11220
11221
11222
11223
11224
11225
11226
11227
11228
11229
11230
11231
11232
11233
11234
11235
11236
11237
11238
11239
11240
11241
11242
11243
11244
11245
11246
11247
11248
11249
11250
11251
11252
11253
11254
11255
11256
11257
11258
11259
11260
11261
11262
11263
11264
11265
11266
11267
11268
11269
11270
11271
11272
11273
11274
11275
11276
11277
11278
11279
11280
11281
11282
11283
11284
11285
11286
11287
11288
11289
11290
11291
11292
11293
11294
11295
11296
11297
11298
11299
11300
11301
11302
11303
11304
11305
11306
11307
11308
11309
11310
11311
11312
11313
11314
11315
11316
11317
11318
11319
11320
11321
11322
11323
11324
11325
11326
11327
11328
11329
11330
11331
11332
11333
11334
11335
11336
11337
11338
11339
11340
11341
11342
11343
11344
11345
11346
11347
11348
11349
11350
11351
11352
11353
11354
11355
11356
11357
11358
11359
11360
11361
11362
11363
11364
11365
11366
11367
11368
11369
11370
11371
11372
11373
11374
11375
11376
11377
11378
11379
11380
11381
11382
11383
11384
11385
11386
11387
11388
11389
11390
11391
11392
11393
11394
11395
11396
11397
11398
11399
11400
11401
11402
11403
11404
11405
11406
11407
11408
11409
11410
11411
11412
11413
11414
11415
11416
11417
11418
11419
11420
11421
11422
11423
11424
11425
11426
11427
11428
11429
11430
11431
11432
11433
11434
11435
11436
11437
11438
11439
11440
11441
11442
11443
11444
11445
11446
11447
11448
11449
11450
11451
11452
11453
11454
11455
11456
11457
11458
11459
11460
11461
11462
11463
11464
11465
11466
11467
11468
11469
11470
11471
11472
11473
11474
11475
11476
11477
11478
11479
11480
11481
11482
11483
11484
11485
11486
11487
11488
11489
11490
11491
11492
11493
11494
11495
11496
11497
11498
11499
11500
11501
11502
11503
11504
11505
11506
11507
11508
11509
11510
11511
11512
11513
11514
11515
11516
11517
11518
11519
11520
11521
11522
11523
11524
11525
11526
11527
11528
11529
11530
11531
11532
11533
11534
11535
11536
11537
11538
11539
11540
11541
11542
11543
11544
11545
11546
11547
11548
11549
11550
11551
11552
11553
11554
11555
11556
11557
11558
11559
11560
11561
11562
-0.3826834323650905 -0.9238795325112864 0.05
-0.3826834323650905 -0.9238795325112864 0.1
-0.3826834323650905 -0.9238795325112864 0.15
-0.3826834323650905 -0.9238795325112864 0.2
-0.3826834323650905 -0.9238795325112864 0.25
-0.3826834323650905 -0.9238795325112864 0.3
-0.3826834323650905 -0.9238795325112864 0.35
-0.3826834323650905 -0.9238795325112864 0.4
-0.3826834323650905 -0.9238795325112864 0.45
-0.3826834323650905 -0.9238795325112864 0.5
-0.3826834323650905 -0.9238795325112864 0.55
-0.3826834323650905 -0.9238795325112864 0.6
-0.3826834323650905 -0.9238795325112864 0.65
-0.3826834323650905 -0.9238795325112864 0.7
-0.3826834323650905 -0.9238795325112864 0.75
-0.3826834323650905 -0.9238795325112864 0.8
-0.3826834323650905 -0.9238795325112864 0.85
-0.3826834323650905 -0.9238795325112864 0.9
-0.3826834323650905 -0.9238795325112864 0.95
-0.3826834323650905 -0.9238795325112864 1
-0.3826834323650905 -0.9238795325112864 1.05
-0.3826834323650905 -0.9238795325112864 1.1
-0.3826834323650905 -0.9238795325112864 1.15
-0.3826834323650905 -0.9238795325112864 1.2
-0.3826834323650905 -0.9238795325112864 1.25
-0.3826834323650905 -0.9238795325112864 1.3
-0.3826834323650905 -0.9238795325112864 1.35
-0.3826834323650905 -0.9238795325112864 1.4
-0.3826834323650905 -0.9238795325112864 1.45
-0.3826834323650905 -0.9238795325112864 1.5
-0.3826834323650905 -0.9238795325112864 1.55
-0.3826834323650905 -0.9238795325112864 1.6
-0.3826834323650905 -0.9238795325112864 1.65
-0.3826834323650905 -0.9238795325112864 1.7
-0.3826834323650905 -0.9238795325112864 1.75
-0.3826834323650905 -0.9238795325112864 1.8
-0.3826834323650905 -0.9238795325112864 1.85
-0.3826834323650905 -0.9238795325112864 1.9
-0.3826834323650905 -0.9238795325112864 1.95
-0.7071067811865478 -0.7071067811865472 0.05
-0.7071067811865478 -0.7071067811865472 0.1
-0.7071067811865478 -0.7071067811865472 0.15
-0.7071067811865478 -0.7071067811865472 0.2
-0.7071067811865478 -0.7071067811865472 0.25
-0.7071067811865478 -0.7071067811865472 0.3
-0.7071067811865478 -0.7071067811865472 0.35
-0.7071067811865478 -0.7071067811865472 0.4
-0.7071067811865478 -0.7071067811865472 0.45
-0.7071067811865478 -0.7071067811865472 0.5
-0.7071067811865478 -0.7071067811865472 0.55
-0.7071067811865478 -0.7071067811865472 0.6
-0.7071067811865478 -0.7071067811865472 0.65
-0.7071067811865478 -0.7071067811865472 0.7
-0.7071067811865478 -0.7071067811865472 0.75
-0.7071067811865478 -0.7071067811865472 0.8
-0.7071067811865478 -0.7071067811865472 0.85
-0.7071067811865478 -0.7071067811865472 0.9
-0.7071067811865478 -0.7071067811865472 0.95
-0.7071067811865478 -0.7071067811865472 1
-0.7071067811865478 -0.7071067811865472 1.05
-0.7071067811865478 -0.7071067811865472 1.1
-0.7071067811865478 -0.7071067811865472 1.15
-0.7071067811865478 -0.7071067811865472 1.2
-0.7071067811865478 -0.7071067811865472 1.25
-0.7071067811865478 -0.7071067811865472 1.3
-0.7071067811865478 -0.7071067811865472 1.35
-0.7071067811865478 -0.7071067811865472 1.4
-0.7071067811865478 -0.7071067811865472 1.45
-0.7071067811865478 -0.7071067811865472 1.5
-0.7071067811865478 -0.7071067811865472 1.55
-0.7071067811865478 -0.7071067811865472 1.6
-0.7071067811865478 -0.7071067811865472 1.65
-0.7071067811865478 -0.7071067811865472 1.7
-0.7071067811865478 -0.7071067811865472 1.75
-0.7071067811865478 -0.7071067811865472 1.8
-0.7071067811865478 -0.7071067811865472 1.85
-0.7071067811865478 -0.7071067811865472 1.9
-0.7071067811865478 -0.7071067811865472 1.95
-0.9238795325112868 -0.3826834323650894 0.05
-0.9238795325112868 -0.3826834323650894 0.1
-0.9238795325112868 -0.3826834323650894 0.15
-0.9238795325112868 -0.3826834323650894 0.2
-0.9238795325112868 -0.3826834323650894 0.25
-0.9238795325112868 -0.3826834323650894 0.3
-0.9238795325112868 -0.3826834323650894 0.35
-0.9238795325112868 -0.3826834323650894 0.4
-0.9238795325112868 -0.3826834323650894 0.45
-0.9238795325112868 -0.3826834323650894 0.5
-0.9238795325112868 -0.3826834323650894 0.55
-0.9238795325112868 -0.3826834323650894 0.6
-0.9238795325112868 -0.3826834323650894 0.65
-0.9238795325112868 -0.3826834323650894 0.7
-0.9238795325112868 -0.3826834323650894 0.75
-0.9238795325112868 -0.3826834323650894 0.8
-0.9238795325112868 -0.3826834323650894 0.85
-0.9238795325112868 -0.3826834323650894 0.9
-0.9238795325112868 -0.3826834323650894 0.95
-0.9238795325112868 -0.3826834323650894 1
-0.9238795325112868 -0.3826834323650894 1.05
-0.9238795325112868 -0.3826834323650894 1.1
-0.9238795325112868 -0.3826834323650894 1.15
-0.9238795325112868 -0.3826834323650894 1.2
-0.9238795325112868 -0.3826834323650894 1.25
-0.9238795325112868 -0.3826834323650894 1.3
-0.9238795325112868 -0.3826834323650894 1.35
-0.9238795325112868 -0.3826834323650894 1.4
-0.9238795325112868 -0.3826834323650894 1.45
-0.9238795325112868 -0.3826834323650894 1.5
-0.9238795325112868 -0.3826834323650894 1.55
-0.9238795325112868 -0.3826834323650894 1.6
-0.9238795325112868 -0.3826834323650894 1.65
-0.9238795325112868 -0.3826834323650894 1.7
-0.9238795325112868 -0.3826834323650894 1.75
-0.9238795325112868 -0.3826834323650894 1.8
-0.9238795325112868 -0.3826834323650894 1.85
-0.9238795325112868 -0.3826834323650894 1.9
-0.9238795325112868 -0.3826834323650894 1.95
-0.1950903220161286 -0.9807852804032304 0.05
-0.3826834323650905 -0.9238795325112864 0.025
-0.1950903220161286 -0.9807852804032304 0.025
-0.1950903220161286 -0.9807852804032304 0.1
-0.3826834323650905 -0.9238795325112864 0.07500000000000001
-0.1950903220161286 -0.9807852804032304 0.07500000000000001
-0.1950903220161286 -0.9807852804032304 0.15
-0.3826834323650905 -0.9238795325112864 0.125
-0.1950903220161286 -0.9807852804032304 0.125
-0.1950903220161286 -0.9807852804032304 0.2
-0.3826834323650905 -0.9238795325112864 0.175
-0.1950903220161286 -0.9807852804032304 0.175
-0.1950903220161286 -0.9807852804032304 0.25
-0.3826834323650905 -0.9238795325112864 0.225
-0.1950903220161286 -0.9807852804032304 0.225
-0.1950903220161286 -0.9807852804032304 0.3
-0.3826834323650905 -0.9238795325112864 0.275
-0.1950903220161286 -0.9807852804032304 0.275
-0.1950903220161286 -0.9807852804032304 0.35
-0.3826834323650905 -0.9238795325112864 0.325
-0.1950903220161286 -0.9807852804032304 0.325
-0.1950903220161286 -0.9807852804032304 0.4
-0.3826834323650905 -0.9238795325112864 0.375
-0.1950903220161286 -0.9807852804032304 0.375
-0.1950903220161286 -0.9807852804032304 0.45
-0.3826834323650905 -0.9238795325112864 0.425
-0.1950903220161286 -0.9807852804032304 0.425
-0.1950903220161286 -0.9807852804032304 0.5
-0.3826834323650905 -0.9238795325112864 0.475
-0.1950903220161286 -0.9807852804032304 0.475
-0.1950903220161286 -0.9807852804032304 0.55
-0.3826834323650905 -0.9238795325112864 0.525
-0.1950903220161286 -0.9807852804032304 0.525
-0.1950903220161286 -0.9807852804032304 0.6
-0.3826834323650905 -0.9238795325112864 0.575
-0.1950903220161286 -0.9807852804032304 0.575
-0.1950903220161286 -0.9807852804032304 0.65
-0.3826834323650905 -0.9238795325112864 0.625
-0.1950903220161286 -0.9807852804032304 0.625
-0.1950903220161286 -0.9807852804032304 0.7
-0.3826834323650905 -0.9238795325112864 0.675
-0.1950903220161286 -0.9807852804032304 0.675
-0.1950903220161286 -0.9807852804032304 0.75
-0.3826834323650905 -0.9238795325112864 0.725
-0.1950903220161286 -0.9807852804032304 0.7249999999999999
-0.1950903220161286 -0.9807852804032304 0.8
-0.3826834323650905 -0.9238795325112864 0.775
-0.1950903220161286 -0.9807852804032304 0.775
-0.1950903220161286 -0.9807852804032304 0.85
-0.3826834323650905 -0.9238795325112864 0.825
-0.1950903220161286 -0.9807852804032304 0.825
-0.1950903220161286 -0.9807852804032304 0.9
-0.3826834323650905 -0.9238795325112864 0.875
-0.1950903220161286 -0.9807852804032304 0.875
-0.1950903220161286 -0.9807852804032304 0.95
-0.3826834323650905 -0.9238795325112864 0.925
-0.1950903220161286 -0.9807852804032304 0.925
-0.1950903220161286 -0.9807852804032304 1
-0.3826834323650905 -0.9238795325112864 0.975
-0.1950903220161286 -0.9807852804032304 0.9749999999999999
-0.1950903220161286 -0.9807852804032304 1.05
-0.3826834323650905 -0.9238795325112864 1.025
-0.1950903220161286 -0.9807852804032304 1.025
-0.1950903220161286 -0.9807852804032304 1.1
-0.3826834323650905 -0.9238795325112864 1.075
-0.1950903220161286 -0.9807852804032304 1.075
-0.1950903220161286 -0.9807852804032304 1.15
-0.3826834323650905 -0.9238795325112864 1.125
-0.1950903220161286 -0.9807852804032304 1.125
-0.1950903220161286 -0.9807852804032304 1.2
-0.3826834323650905 -0.9238795325112864 1.175
-0.1950903220161286 -0.9807852804032304 1.175
-0.1950903220161286 -0.9807852804032304 1.25
-0.3826834323650905 -0.9238795325112864 1.225
-0.1950903220161286 -0.9807852804032304 1.225
-0.1950903220161286 -0.9807852804032304 1.3
-0.3826834323650905 -0.9238795325112864 1.275
-0.1950903220161286 -0.9807852804032304 1.275
-0.1950903220161286 -0.9807852804032304 1.35
-0.3826834323650905 -0.9238795325112864 1.325
-0.1950903220161286 -0.9807852804032304 1.325
-0.1950903220161286 -0.9807852804032304 1.4
-0.3826834323650905 -0.9238795325112864 1.375
-0.1950903220161286 -0.9807852804032304 1.375
-0.1950903220161286 -0.9807852804032304 1.45
-0.3826834323650905 -0.9238795325112864 1.425
-0.1950903220161286 -0.9807852804032304 1.425
-0.1950903220161286 -0.9807852804032304 1.5
-0.3826834323650905 -0.9238795325112864 1.475
-0.1950903220161286 -0.9807852804032304 1.475
-0.1950903220161286 -0.9807852804032304 1.55
-0.3826834323650905 -0.9238795325112864 1.525
-0.1950903220161286 -0.9807852804032304 1.525
-0.1950903220161286 -0.9807852804032304 1.6
-0.3826834323650905 -0.9238795325112864 1.575
-0.1950903220161286 -0.9807852804032304 1.575
-0.1950903220161286 -0.9807852804032304 1.65
-0.3826834323650905 -0.9238795325112864 1.625
-0.1950903220161286 -0.9807852804032304 1.625
-0.1950903220161286 -0.9807852804032304 1.7
-0.3826834323650905 -0.9238795325112864 1.675
-0.1950903220161286 -0.9807852804032304 1.675
-0.1950903220161286 -0.9807852804032304 1.75
-0.3826834323650905 -0.9238795325112864 1.725
-0.1950903220161286 -0.9807852804032304 1.725
-0.1950903220161286 -0.9807852804032304 1.8
-0.3826834323650905 -0.9238795325112864 1.775
-0.1950903220161286 -0.9807852804032304 1.775
-0.1950903220161286 -0.9807852804032304 1.85
-0.3826834323650905 -0.9238795325112864 1.825
-0.1950903220161286 -0.9807852804032304 1.825
-0.1950903220161286 -0.9807852804032304 1.9
-0.3826834323650905 -0.9238795325112864 1.875
-0.1950903220161286 -0.9807852804032304 1.875
-0.1950903220161286 -0.9807852804032304 1.95
-0.3826834323650905 -0.9238795325112864 1.925
-0.1950903220161286 -0.9807852804032304 1.925
-0.3826834323650905 -0.9238795325112864 1.975
-0.1950903220161286 -0.9807852804032304 1.975
-0.5555702330196027 -0.8314696123025449 0.05
-0.7071067811865478 -0.7071067811865472 0.025
-0.5555702330196026 -0.8314696123025449 0.025
-0.5555702330196027 -0.8314696123025449 0.1
-0.7071067811865478 -0.7071067811865472 0.07500000000000001
-0.5555702330196026 -0.8314696123025449 0.07500000000000001
-0.5555702330196027 -0.8314696123025449 0.15
-0.7071067811865478 -0.7071067811865472 0.125
-0.5555702330196026 -0.8314696123025449 0.125
-0.5555702330196027 -0.8314696123025449 0.2
-0.7071067811865478 -0.7071067811865472 0.175
-0.5555702330196026 -0.8314696123025449 0.175
-0.5555702330196027 -0.8314696123025449 0.25
-0.7071067811865478 -0.7071067811865472 0.225
-0.5555702330196026 -0.8314696123025449 0.225
-0.5555702330196027 -0.8314696123025449 0.3
-0.7071067811865478 -0.7071067811865472 0.275
-0.5555702330196026 -0.8314696123025449 0.275
-0.5555702330196027 -0.8314696123025449 0.35
-0.7071067811865478 -0.7071067811865472 0.325
-0.5555702330196026 -0.8314696123025449 0.325
-0.5555702330196027 -0.8314696123025449 0.4
-0.7071067811865478 -0.7071067811865472 0.375
-0.5555702330196026 -0.8314696123025449 0.375
-0.5555702330196027 -0.8314696123025449 0.45
-0.7071067811865478 -0.7071067811865472 0.425
-0.5555702330196026 -0.8314696123025449 0.425
-0.5555702330196027 -0.8314696123025449 0.5
-0.7071067811865478 -0.7071067811865472 0.475
-0.5555702330196026 -0.8314696123025449 0.475
-0.5555702330196027 -0.8314696123025449 0.55
-0.7071067811865478 -0.7071067811865472 0.525
-0.5555702330196026 -0.8314696123025449 0.525
-0.5555702330196027 -0.8314696123025449 0.6
-0.7071067811865478 -0.7071067811865472 0.575
-0.5555702330196026 -0.8314696123025449 0.575
-0.5555702330196027 -0.8314696123025449 0.65
-0.7071067811865478 -0.7071067811865472 0.625
-0.5555702330196026 -0.8314696123025449 0.625
-0.5555702330196027 -0.8314696123025449 0.7
-0.7071067811865478 -0.7071067811865472 0.675
-0.5555702330196026 -0.8314696123025449 0.675
-0.5555702330196027 -0.8314696123025449 0.75
-0.7071067811865478 -0.7071067811865472 0.725
-0.5555702330196026 -0.8314696123025449 0.7249999999999999
-0.5555702330196027 -0.8314696123025449 0.8
-0.7071067811865478 -0.7071067811865472 0.775
-0.5555702330196026 -0.8314696123025449 0.775
-0.5555702330196027 -0.8314696123025449 0.85
-0.7071067811865478 -0.7071067811865472 0.825
-0.5555702330196026 -0.8314696123025449 0.825
-0.5555702330196027 -0.8314696123025449 0.9
-0.7071067811865478 -0.7071067811865472 0.875
-0.5555702330196026 -0.8314696123025449 0.875
-0.5555702330196027 -0.8314696123025449 0.95
-0.7071067811865478 -0.7071067811865472 0.925
-0.5555702330196026 -0.8314696123025449 0.925
-0.5555702330196027 -0.8314696123025449 1
-0.7071067811865478 -0.7071067811865472 0.975
-0.5555702330196026 -0.8314696123025449 0.9749999999999999
-0.5555702330196027 -0.8314696123025449 1.05
-0.7071067811865478 -0.7071067811865472 1.025
-0.5555702330196026 -0.8314696123025449 1.025
-0.5555702330196027 -0.8314696123025449 1.1
-0.7071067811865478 -0.7071067811865472 1.075
-0.5555702330196026 -0.8314696123025449 1.075
-0.5555702330196027 -0.8314696123025449 1.15
-0.7071067811865478 -0.7071067811865472 1.125
-0.5555702330196026 -0.8314696123025449 1.125
-0.5555702330196027 -0.8314696123025449 1.2
-0.7071067811865478 -0.7071067811865472 1.175
-0.5555702330196026 -0.8314696123025449 1.175
-0.5555702330196027 -0.8314696123025449 1.25
-0.7071067811865478 -0.7071067811865472 1.225
-0.5555702330196026 -0.8314696123025449 1.225
-0.5555702330196027 -0.8314696123025449 1.3
-0.7071067811865478 -0.7071067811865472 1.275
-0.5555702330196026 -0.8314696123025449 1.275
-0.5555702330196027 -0.8314696123025449 1.35
-0.7071067811865478 -0.7071067811865472 1.325
-0.5555702330196026 -0.8314696123025449 1.325
-0.5555702330196027 -0.8314696123025449 1.4
-0.7071067811865478 -0.7071067811865472 1.375
-0.5555702330196026 -0.8314696123025449 1.375
-0.5555702330196027 -0.8314696123025449 1.45
-0.7071067811865478 -0.7071067811865472 1.425
-0.5555702330196026 -0.8314696123025449 1.425
-0.5555702330196027 -0.8314696123025449 1.5
-0.7071067811865478 -0.7071067811865472 1.475
-0.5555702330196026 -0.8314696123025449 1.475
-0.5555702330196027 -0.8314696123025449 1.55
-0.7071067811865478 -0.7071067811865472 1.525
-0.5555702330196026 -0.8314696123025449 1.525
-0.5555702330196027 -0.8314696123025449 1.6
-0.7071067811865478 -0.7071067811865472 1.575
-0.5555702330196026 -0.8314696123025449 1.575
-0.5555702330196027 -0.8314696123025449 1.65
-0.7071067811865478 -0.7071067811865472 1.625
-0.5555702330196026 -0.8314696123025449 1.625
-0.5555702330196027 -0.8314696123025449 1.7
-0.7071067811865478 -0.7071067811865472 1.675
-0.5555702330196026 -0.8314696123025449 1.675
-0.5555702330196027 -0.8314696123025449 1.75
-0.7071067811865478 -0.7071067811865472 1.725
-0.5555702330196026 -0.8314696123025449 1.725
-0.5555702330196027 -0.8314696123025449 1.8
-0.7071067811865478 -0.7071067811865472 1.775
-0.5555702330196026 -0.8314696123025449 1.775
-0.5555702330196027 -0.8314696123025449 1.85
-0.7071067811865478 -0.7071067811865472 1.825
-0.5555702330196026 -0.8314696123025449 1.825
-0.5555702330196027 -0.8314696123025449 1.9
-0.7071067811865478 -0.7071067811865472 1.875
-0.5555702330196026 -0.8314696123025449 1.875
-0.5555702330196027 -0.8314696123025449 1.95
-0.7071067811865478 -0.7071067811865472 1.925
-0.5555702330196026 -0.8314696123025449 1.925
-0.7071067811865478 -0.7071067811865472 1.975
-0.5555702330196026 -0.8314696123025449 1.975
-0.8314696123025453 -0.5555702330196022 0.05
-0.9238795325112868 -0.3826834323650894 0.025
-0.8314696123025455 -0.555570233019602 0.025
-0.8314696123025453 -0.5555702330196022 0.1
-0.9238795325112868 -0.3826834323650894 0.07500000000000001
-0.8314696123025453 -0.5555702330196022 0.07500000000000001
-0.8314696123025453 -0.5555702330196022 0.15
-0.9238795325112868 -0.3826834323650894 0.125
-0.8314696123025453 -0.5555702330196022 0.125
-0.8314696123025453 -0.5555702330196022 0.2
-0.9238795325112868 -0.3826834323650894 0.175
-0.8314696123025453 -0.5555702330196022 0.175
-0.8314696123025453 -0.5555702330196022 0.25
-0.9238795325112868 -0.3826834323650894 0.225
-0.8314696123025453 -0.5555702330196022 0.225
-0.8314696123025453 -0.5555702330196022 0.3
-0.9238795325112868 -0.3826834323650894 0.275
-0.8314696123025453 -0.5555702330196022 0.275
-0.8314696123025453 -0.5555702330196022 0.35
-0.9238795325112868 -0.3826834323650894 0.325
-0.8314696123025453 -0.5555702330196022 0.325
-0.8314696123025453 -0.5555702330196022 0.4
-0.9238795325112868 -0.3826834323650894 0.375
-0.8314696123025453 -0.5555702330196022 0.375
-0.8314696123025453 -0.5555702330196022 0.45
-0.9238795325112868 -0.3826834323650894 0.425
-0.8314696123025453 -0.5555702330196022 0.425
-0.8314696123025453 -0.5555702330196022 0.5
-0.9238795325112868 -0.3826834323650894 0.475
-0.8314696123025453 -0.5555702330196022 0.475
-0.8314696123025453 -0.5555702330196022 0.55
-0.9238795325112868 -0.3826834323650894 0.525
-0.8314696123025453 -0.5555702330196022 0.525
-0.8314696123025453 -0.5555702330196022 0.6
-0.9238795325112868 -0.3826834323650894 0.575
-0.8314696123025453 -0.5555702330196022 0.575
-0.8314696123025453 -0.5555702330196022 0.65
-0.9238795325112868 -0.3826834323650894 0.625
-0.8314696123025453 -0.5555702330196022 0.625
-0.8314696123025453 -0.5555702330196022 0.7
-0.9238795325112868 -0.3826834323650894 0.675
-0.8314696123025453 -0.5555702330196022 0.675
-0.8314696123025453 -0.5555702330196022 0.75
-0.9238795325112868 -0.3826834323650894 0.725
-0.8314696123025453 -0.5555702330196022 0.7249999999999999
-0.8314696123025453 -0.5555702330196022 0.8
-0.9238795325112868 -0.3826834323650894 0.775
-0.8314696123025453 -0.5555702330196022 0.775
-0.8314696123025453 -0.5555702330196022 0.85
-0.9238795325112868 -0.3826834323650894 0.825
-0.8314696123025453 -0.5555702330196022 0.825
-0.8314696123025453 -0.5555702330196022 0.9
-0.9238795325112868 -0.3826834323650894 0.875
-0.8314696123025453 -0.5555702330196022 0.875
-0.8314696123025453 -0.5555702330196022 0.95
-0.9238795325112868 -0.3826834323650894 0.925
-0.8314696123025453 -0.5555702330196022 0.925
-0.8314696123025453 -0.5555702330196022 1
-0.9238795325112868 -0.3826834323650894 0.975
-0.8314696123025453 -0.5555702330196022 0.9749999999999999
-0.8314696123025453 -0.5555702330196022 1.05
-0.9238795325112868 -0.3826834323650894 1.025
-0.8314696123025453 -0.5555702330196022 1.025
-0.8314696123025453 -0.5555702330196022 1.1
-0.9238795325112868 -0.3826834323650894 1.075
-0.8314696123025453 -0.5555702330196022 1.075
-0.8314696123025453 -0.5555702330196022 1.15
-0.9238795325112868 -0.3826834323650894 1.125
-0.8314696123025453 -0.5555702330196022 1.125
-0.8314696123025453 -0.5555702330196022 1.2
-0.9238795325112868 -0.3826834323650894 1.175
-0.8314696123025453 -0.5555702330196022 1.175
-0.8314696123025453 -0.5555702330196022 1.25
-0.9238795325112868 -0.3826834323650894 1.225
-0.8314696123025453 -0.5555702330196022 1.225
-0.8314696123025453 -0.5555702330196022 1.3
-0.9238795325112868 -0.3826834323650894 1.275
-0.8314696123025453 -0.5555702330196022 1.275
-0.8314696123025453 -0.5555702330196022 1.35
-0.9238795325112868 -0.3826834323650894 1.325
-0.8314696123025453 -0.5555702330196022 1.325
-0.8314696123025453 -0.5555702330196022 1.4
-0.9238795325112868 -0.3826834323650894 1.375
-0.8314696123025453 -0.5555702330196022 1.375
-0.8314696123025453 -0.5555702330196022 1.45
-0.9238795325112868 -0.3826834323650894 1.425
-0.8314696123025453 -0.5555702330196022 1.425
-0.8314696123025453 -0.5555702330196022 1.5
-0.9238795325112868 -0.3826834323650894 1.475
-0.8314696123025453 -0.5555702330196022 1.475
-0.8314696123025453 -0.5555702330196022 1.55
-0.9238795325112868 -0.3826834323650894 1.525
-0.8314696123025453 -0.5555702330196022 1.525
-0.8314696123025453 -0.5555702330196022 1.6
-0.9238795325112868 -0.3826834323650894 1.575
-0.8314696123025453 -0.5555702330196022 1.575
-0.8314696123025453 -0.5555702330196022 1.65
-0.9238795325112868 -0.3826834323650894 1.625
-0.8314696123025453 -0.5555702330196022 1.625
-0.8314696123025453 -0.5555702330196022 1.7
-0.9238795325112868 -0.3826834323650894 1.675
-0.8314696123025453 -0.5555702330196022 1.675
-0.8314696123025453 -0.5555702330196022 1.75
-0.9238795325112868 -0.3826834323650894 1.725
-0.8314696123025453 -0.5555702330196022 1.725
-0.8314696123025453 -0.5555702330196022 1.8
-0.9238795325112868 -0.3826834323650894 1.775
-0.8314696123025453 -0.5555702330196022 1.775
-0.8314696123025453 -0.5555702330196022 1.85
-0.9238795325112868 -0.3826834323650894 1.825
-0.8314696123025453 -0.5555702330196022 1.825
-0.8314696123025453 -0.5555702330196022 1.9
-0.9238795325112868 -0.3826834323650894 1.875
-0.8314696123025453 -0.5555702330196022 1.875
-0.8314696123025453 -0.5555702330196022 1.95
-0.9238795325112868 -0.3826834323650894 1.925
-0.8314696123025453 -0.5555702330196022 1.925
-0.9238795325112868 -0.3826834323650894 1.975
-0.8314696123025455 -0.555570233019602 1.975
-0.9807852804032304 -0.1950903220161282 0.05
-0.9807852804032304 -0.1950903220161282 0.025
-0.9807852804032304 -0.1950903220161282 0.1
-0.9807852804032304 -0.1950903220161282 0.07500000000000001
-0.9807852804032304 -0.1950903220161282 0.15
-0.9807852804032304 -0.1950903220161282 0.125
-0.9807852804032304 -0.1950903220161282 0.2
-0.9807852804032304 -0.1950903220161282 0.175
-0.9807852804032304 -0.1950903220161282 0.25
-0.9807852804032304 -0.1950903220161282 0.225
-0.9807852804032304 -0.1950903220161282 0.3
-0.9807852804032304 -0.1950903220161282 0.275
-0.9807852804032304 -0.1950903220161282 0.35
-0.9807852804032304 -0.1950903220161282 0.325
-0.9807852804032304 -0.1950903220161282 0.4
-0.9807852804032304 -0.1950903220161282 0.375
-0.9807852804032304 -0.1950903220161282 0.45
-0.9807852804032304 -0.1950903220161282 0.425
-0.9807852804032304 -0.1950903220161282 0.5
-0.9807852804032304 -0.1950903220161282 0.475
-0.9807852804032304 -0.1950903220161282 0.55
-0.9807852804032304 -0.1950903220161282 0.525
-0.9807852804032304 -0.1950903220161282 0.6
-0.9807852804032304 -0.1950903220161282 0.575
-0.9807852804032304 -0.1950903220161282 0.65
-0.9807852804032304 -0.1950903220161282 0.625
-0.9807852804032304 -0.1950903220161282 0.7
-0.9807852804032304 -0.1950903220161282 0.675
-0.9807852804032304 -0.1950903220161282 0.75
-0.9807852804032304 -0.1950903220161282 0.7249999999999999
-0.9807852804032304 -0.1950903220161282 0.8
-0.9807852804032304 -0.1950903220161282 0.775
-0.9807852804032304 -0.1950903220161282 0.85
-0.9807852804032304 -0.1950903220161282 0.825
-0.9807852804032304 -0.1950903220161282 0.9
-0.9807852804032304 -0.1950903220161282 0.875
-0.9807852804032304 -0.1950903220161282 0.95
-0.9807852804032304 -0.1950903220161282 0.925
-0.9807852804032304 -0.1950903220161282 1
-0.9807852804032304 -0.1950903220161282 0.9749999999999999
-0.9807852804032304 -0.1950903220161282 1.05
-0.9807852804032304 -0.1950903220161282 1.025
-0.9807852804032304 -0.1950903220161282 1.1
-0.9807852804032304 -0.1950903220161282 1.075
-0.9807852804032304 -0.1950903220161282 1.15
-0.9807852804032304 -0.1950903220161282 1.125
-0.9807852804032304 -0.1950903220161282 1.2
-0.9807852804032304 -0.1950903220161282 1.175
-0.9807852804032304 -0.1950903220161282 1.25
-0.9807852804032304 -0.1950903220161282 1.225
-0.9807852804032304 -0.1950903220161282 1.3
-0.9807852804032304 -0.1950903220161282 1.275
-0.9807852804032304 -0.1950903220161282 1.35
-0.9807852804032304 -0.1950903220161282 1.325
-0.9807852804032304 -0.1950903220161282 1.4
-0.9807852804032304 -0.1950903220161282 1.375
-0.9807852804032304 -0.1950903220161282 1.45
-0.9807852804032304 -0.1950903220161282 1.425
-0.9807852804032304 -0.1950903220161282 1.5
-0.9807852804032304 -0.1950903220161282 1.475
-0.9807852804032304 -0.1950903220161282 1.55
-0.9807852804032304 -0.1950903220161282 1.525
-0.9807852804032304 -0.1950903220161282 1.6
-0.9807852804032304 -0.1950903220161282 1.575
-0.9807852804032304 -0.1950903220161282 1.65
-0.9807852804032304 -0.1950903220161282 1.625
-0.9807852804032304 -0.1950903220161282 1.7
-0.9807852804032304 -0.1950903220161282 1.675
-0.9807852804032304 -0.1950903220161282 1.75
-0.9807852804032304 -0.1950903220161282 1.725
-0.9807852804032304 -0.1950903220161282 1.8
-0.9807852804032304 -0.1950903220161282 1.775
-0.9807852804032304 -0.1950903220161282 1.85
-0.9807852804032304 -0.1950903220161282 1.825
-0.9807852804032304 -0.1950903220161282 1.9
-0.9807852804032304 -0.1950903220161282 1.875
-0.9807852804032304 -0.1950903220161282 1.95
-0.9807852804032304 -0.1950903220161282 1.925
-0.9807852804032304 -0.1950903220161282 1.975
2 69 0 153
11563
11564
11565
11566
11567
11568
11569
11570
11571
11572
11573
11574
11575
11576
11577
11578
11579
11580
11581
11582
11583
11584
11585
11586
11587
11588
11589
11590
11591
11592
11593
11594
11595
11596
11597
11598
11599
11600
11601
11602
11603
11604
11605
11606
11607
11608
11609
11610
11611
11612
11613
11614
11615
11616
11617
11618
11619
11620
11621
11622
11623
11624
11625
11626
11627
11628
11629
11630
11631
11632
11633
11634
11635
11636
11637
11638
11639
11640
11641
11642
11643
11644
11645
11646
11647
11648
11649
11650
11651
11652
11653
11654
11655
11656
11657
11658
11659
11660
11661
11662
11663
11664
11665
11666
11667
11668
11669
11670
11671
11672
11673
11674
11675
11676
11677
11678
11679
11680
11681
11682
11683
11684
11685
11686
11687
11688
11689
11690
11691
11692
11693
11694
11695
11696
11697
11698
11699
11700
11701
11702
11703
11704
11705
11706
11707
11708
11709
11710
11711
11712
11713
11714
11715
0.342020143325669 0.9396926207859083 0.2
0.342020143325669 0.9396926207859083 0.4
0.342020143325669 0.9396926207859083 0.6
0.342020143325669 0.9396926207859083 0.8
0.6427876096865399 0.7660444431189776 0.2
0.6427876096865399 0.7660444431189776 0.4
0.6427876096865399 0.7660444431189776 0.6
0.6427876096865399 0.7660444431189776 0.8
0.8660254037844393 0.4999999999999989 0.2
0.8660254037844393 0.4999999999999989 0.4
0.8660254037844393 0.4999999999999989 0.6
0.8660254037844393 0.4999999999999989 0.8
0.9848077530122082 0.1736481776669295 0.2
0.9848077530122082 0.1736481776669295 0.4
0.9848077530122082 0.1736481776669295 0.6
0.9848077530122082 0.1736481776669295 0.8
0.984807753012208 -0.1736481776669308 0.2
0.984807753012208 -0.1736481776669308 0.4
0.984807753012208 -0.1736481776669308 0.6
0.984807753012208 -0.1736481776669308 0.8
0.8660254037844386 -0.5 0.2
0.8660254037844386 -0.5 0.4
0.8660254037844386 -0.5 0.6
0.8660254037844386 -0.5 0.8
0.6427876096865396 -0.7660444431189778 0.2
0.6427876096865396 -0.7660444431189778 0.4
0.6427876096865396 -0.7660444431189778 0.6
0.6427876096865396 -0.7660444431189778 0.8
0.3420201433256687 -0.9396926207859084 0.2
0.3420201433256687 -0.9396926207859084 0.4
0.3420201433256687 -0.9396926207859084 0.6
0.3420201433256687 -0.9396926207859084 0.8
0.17364817766693 0.9848077530122081 0.2
0.342020143325669 0.9396926207859083 0.1
0.17364817766693 0.9848077530122081 0.1
0.17364817766693 0.9848077530122081 0.4
0.342020143325669 0.9396926207859083 0.3
0.17364817766693 0.9848077530122081 0.3
0.17364817766693 0.9848077530122081 0.6
0.342020143325669 0.9396926207859083 0.5
0.17364817766693 0.9848077530122081 0.5
0.17364817766693 0.9848077530122081 0.8
0.342020143325669 0.9396926207859083 0.7
0.17364817766693 0.9848077530122081 0.7
0.342020143325669 0.9396926207859083 0.9
0.17364817766693 0.9848077530122081 0.9000000000000001
0.5000000000000001 0.8660254037844386 0.2
0.6427876096865399 0.7660444431189776 0.1
0.5000000000000001 0.8660254037844386 0.1
0.5000000000000001 0.8660254037844386 0.4
0.6427876096865399 0.7660444431189776 0.3
0.5000000000000001 0.8660254037844386 0.3
0.5000000000000001 0.8660254037844386 0.6
0.6427876096865399 0.7660444431189776 0.5
0.5000000000000001 0.8660254037844386 0.5
0.5000000000000001 0.8660254037844386 0.8
0.6427876096865399 0.7660444431189776 0.7
0.5000000000000001 0.8660254037844386 0.7
0.6427876096865399 0.7660444431189776 0.9
0.5000000000000001 0.8660254037844386 0.9000000000000001
0.7660444431189785 0.6427876096865389 0.2
0.8660254037844393 0.4999999999999989 0.1
0.7660444431189785 0.6427876096865388 0.1
0.7660444431189785 0.6427876096865389 0.4
0.8660254037844393 0.4999999999999989 0.3
0.7660444431189785 0.6427876096865388 0.3
0.7660444431189785 0.6427876096865389 0.6
0.8660254037844393 0.4999999999999989 0.5
0.7660444431189785 0.6427876096865388 0.5
0.7660444431189785 0.6427876096865389 0.8
0.8660254037844393 0.4999999999999989 0.7
0.7660444431189785 0.6427876096865388 0.7
0.8660254037844393 0.4999999999999989 0.9
0.7660444431189785 0.6427876096865388 0.9000000000000001
0.9396926207859088 0.3420201433256678 0.2
0.9848077530122082 0.1736481776669295 0.1
0.9396926207859089 0.3420201433256677 0.1
0.9396926207859088 0.3420201433256678 0.4
0.9848077530122082 0.1736481776669295 0.3
0.9396926207859089 0.3420201433256677 0.3
0.9396926207859088 0.3420201433256678 0.6
0.9848077530122082 0.1736481776669295 0.5
0.9396926207859089 0.3420201433256677 0.5
0.9396926207859088 0.3420201433256678 0.8
0.9848077530122082 0.1736481776669295 0.7
0.9396926207859089 0.3420201433256677 0.7
0.9848077530122082 0.1736481776669295 0.9
0.9396926207859089 0.3420201433256677 0.9000000000000001
1 2.449212707644755e-16 0.2
0.984807753012208 -0.1736481776669308 0.1
1 -1.967284841974948e-16 0.1
1 2.449212707644755e-16 0.4
0.984807753012208 -0.1736481776669308 0.3
1 2.473607256525678e-16 0.3
1 2.449212707644755e-16 0.6
0.984807753012208 -0.1736481776669308 0.5
1 2.473607256525678e-16 0.5
1 2.449212707644755e-16 0.8
0.984807753012208 -0.1736481776669308 0.7
1 2.473607256525678e-16 0.7
0.984807753012208 -0.1736481776669308 0.9
1 -1.967284841974948e-16 0.9000000000000001
0.9396926207859083 -0.3420201433256689 0.2
0.8660254037844386 -0.5 0.1
0.9396926207859084 -0.3420201433256689 0.1
0.9396926207859083 -0.3420201433256689 0.4
0.8660254037844386 -0.5 0.3
0.9396926207859084 -0.3420201433256689 0.3
0.9396926207859083 -0.3420201433256689 0.6
0.8660254037844386 -0.5 0.5
0.9396926207859084 -0.3420201433256689 0.5
0.9396926207859083 -0.3420201433256689 0.8
0.8660254037844386 -0.5 0.7
0.9396926207859084 -0.3420201433256689 0.7
0.8660254037844386 -0.5 0.9
0.9396926207859084 -0.3420201433256689 0.9000000000000001
0.7660444431189781 -0.6427876096865391 0.2
0.6427876096865396 -0.7660444431189778 0.1
0.7660444431189781 -0.642787609686539 0.1
0.7660444431189781 -0.6427876096865391 0.4
0.6427876096865396 -0.7660444431189778 0.3
0.7660444431189781 -0.642787609686539 0.3
0.7660444431189781 -0.6427876096865391 0.6
0.6427876096865396 -0.7660444431189778 0.5
0.7660444431189781 -0.642787609686539 0.5
0.7660444431189781 -0.6427876096865391 0.8
0.6427876096865396 -0.7660444431189778 0.7
0.7660444431189781 -0.642787609686539 0.7
0.6427876096865396 -0.7660444431189778 0.9
0.7660444431189781 -0.642787609686539 0.9000000000000001
0.5000000000000006 -0.8660254037844384 0.2
0.3420201433256687 -0.9396926207859084 0.1
0.5000000000000006 -0.8660254037844384 0.1
0.5000000000000006 -0.8660254037844384 0.4
0.3420201433256687 -0.9396926207859084 0.3
0.5000000000000006 -0.8660254037844384 0.3
0.5000000000000006 -0.8660254037844384 0.6
0.3420201433256687 -0.9396926207859084 0.5
0.5000000000000006 -0.8660254037844384 0.5
0.5000000000000006 -0.8660254037844384 0.8
0.3420201433256687 -0.9396926207859084 0.7
0.5000000000000006 -0.8660254037844384 0.7
0.3420201433256687 -0.9396926207859084 0.9
0.5000000000000006 -0.8660254037844384 0.9000000000000001
0.1736481776669304 -0.984807753012208 0.2
0.1736481776669304 -0.984807753012208 0.1
0.1736481776669304 -0.984807753012208 0.4
0.1736481776669304 -0.984807753012208 0.3
0.1736481776669304 -0.984807753012208 0.6
0.1736481776669304 -0.984807753012208 0.4999999999999999
0.1736481776669304 -0.984807753012208 0.8
0.1736481776669304 -0.984807753012208 0.7
0.1736481776669304 -0.984807753012208 0.9000000000000001
2 70 0 63
11716
11717
11718
11719
11720
11721
11722
11723
11724
11725
11726
11727
11728
11729
11730
11731
11732
11733
11734
11735
11736
11737
11738
11739
11740
11741
11742
11743
11744
11745
11746
11747
11748
11749
11750
11751
11752
11753
11754
11755
11756
11757
11758
11759
11760
11761
11762
11763
11764
11765
11766
11767
11768
11769
11770
11771
11772
11773
11774
11775
11776
11777
11778
-0.923879532511287 0.3826834323650892 4.2
-0.923879532511287 0.3826834323650892 4.4
-0.923879532511287 0.3826834323650892 4.6
-0.923879532511287 0.3826834323650892 4.8
-0.7071067811865489 0.7071067811865461 4.2
-0.7071067811865489 0.7071067811865461 4.4
-0.7071067811865489 0.7071067811865461 4.6
-0.7071067811865489 0.7071067811865461 4.8
-0.3826834323650912 0.9238795325112862 4.2
-0.3826834323650912 0.9238795325112862 4.4
-0.3826834323650912 0.9238795325112862 4.6
-0.3826834323650912 0.9238795325112862 4.8
-0.9807852804032305 0.1950903220161279 4.2
-0.923879532511287 0.3826834323650892 4.1
-0.9807852804032305 0.1950903220161279 4.1
-0.9807852804032305 0.1950903220161279 4.4
-0.923879532511287 0.3826834323650892 4.300000000000001
-0.9807852804032305 0.1950903220161279 4.3
-0.9807852804032305 0.1950903220161279 4.6
-0.923879532511287 0.3826834323650892 4.5
-0.9807852804032305 0.1950903220161279 4.5
-0.9807852804032305 0.1950903220161279 4.8
-0.923879532511287 0.3826834323650892 4.699999999999999
-0.9807852804032305 0.1950903220161279 4.7
-0.923879532511287 0.3826834323650892 4.9
-0.9807852804032305 0.1950903220161279 4.9
-0.8314696123025459 0.5555702330196012 4.2
-0.7071067811865489 0.7071067811865461 4.1
-0.831469612302546 0.5555702330196012 4.1
-0.8314696123025459 0.5555702330196012 4.4
-0.7071067811865489 0.7071067811865461 4.300000000000001
-0.831469612302546 0.5555702330196012 4.300000000000001
-0.8314696123025459 0.5555702330196012 4.6
-0.7071067811865489 0.7071067811865461 4.5
-0.831469612302546 0.5555702330196012 4.5
-0.8314696123025459 0.5555702330196012 4.8
-0.7071067811865489 0.7071067811865461 4.699999999999999
-0.831469612302546 0.5555702330196012 4.699999999999999
-0.7071067811865489 0.7071067811865461 4.9
-0.831469612302546 0.5555702330196012 4.9
-0.5555702330196036 0.8314696123025442 4.2
-0.3826834323650912 0.9238795325112862 4.1
-0.5555702330196035 0.8314696123025442 4.1
-0.5555702330196036 0.8314696123025442 4.4
-0.3826834323650912 0.9238795325112862 4.300000000000001
-0.5555702330196035 0.8314696123025442 4.300000000000001
-0.5555702330196036 0.8314696123025442 4.6
-0.3826834323650912 0.9238795325112862 4.5
-0.5555702330196035 0.8314696123025442 4.5
-0.5555702330196036 0.8314696123025442 4.8
-0.3826834323650912 0.9238795325112862 4.699999999999999
-0.5555702330196035 0.8314696123025442 4.699999999999999
-0.3826834323650912 0.9238795325112862 4.9
-0.5555702330196035 0.8314696123025442 4.9
-0.1950903220161295 0.9807852804032302 4.2
-0.1950903220161295 0.9807852804032302 4.1
-0.1950903220161295 0.9807852804032302 4.4
-0.1950903220161295 0.9807852804032302 4.3
-0.1950903220161295 0.9807852804032302 4.6
-0.1950903220161295 0.9807852804032302 4.5
-0.1950903220161295 0.9807852804032302 4.8
-0.1950903220161295 0.9807852804032302 4.7
-0.1950903220161295 0.9807852804032302 4.9
2 71 0 63
11779
11780
11781
11782
11783
11784
11785
11786
11787
11788
11789
11790
11791
11792
11793
11794
11795
11796
11797
11798
11799
11800
11801
11802
11803
11804
11805
11806
11807
11808
11809
11810
11811
11812
11813
11814
11815
11816
11817
11818
11819
11820
11821
11822
11823
11824
11825
11826
11827
11828
11829
11830
11831
11832
11833
11834
11835
11836
11837
11838
11839
11840
11841
-0.3826834323650905 -0.9238795325112864 4.2
-0.3826834323650905 -0.9238795325112864 4.4
-0.3826834323650905 -0.9238795325112864 4.6
-0.3826834323650905 -0.9238795325112864 4.8
-0.7071067811865478 -0.7071067811865472 4.2
-0.7071067811865478 -0.7071067811865472 4.4
-0.7071067811865478 -0.7071067811865472 4.6
-0.7071067811865478 -0.7071067811865472 4.8
-0.9238795325112868 -0.3826834323650894 4.2
-0.9238795325112868 -0.3826834323650894 4.4
-0.9238795325112868 -0.3826834323650894 4.6
-0.9238795325112868 -0.3826834323650894 4.8
-0.1950903220161286 -0.9807852804032304 4.2
-0.3826834323650905 -0.9238795325112864 4.1
-0.1950903220161286 -0.9807852804032304 4.1
-0.1950903220161286 -0.9807852804032304 4.4
-0.3826834323650905 -0.9238795325112864 4.300000000000001
-0.1950903220161286 -0.9807852804032304 4.3
-0.1950903220161286 -0.9807852804032304 4.6
-0.3826834323650905 -0.9238795325112864 4.5
-0.1950903220161286 -0.9807852804032304 4.5
-0.1950903220161286 -0.9807852804032304 4.8
-0.3826834323650905 -0.9238795325112864 4.699999999999999
-0.1950903220161286 -0.9807852804032304 4.7
-0.3826834323650905 -0.9238795325112864 4.9
-0.1950903220161286 -0.9807852804032304 4.9
-0.5555702330196027 -0.8314696123025449 4.2
-0.7071067811865478 -0.7071067811865472 4.1
-0.5555702330196026 -0.8314696123025449 4.1
-0.5555702330196027 -0.8314696123025449 4.4
-0.7071067811865478 -0.7071067811865472 4.300000000000001
-0.5555702330196026 -0.8314696123025449 4.300000000000001
-0.5555702330196027 -0.8314696123025449 4.6
-0.7071067811865478 -0.7071067811865472 4.5
-0.5555702330196026 -0.8314696123025449 4.5
-0.5555702330196027 -0.8314696123025449 4.8
-0.7071067811865478 -0.7071067811865472 4.699999999999999
-0.5555702330196026 -0.8314696123025449 4.699999999999999
-0.7071067811865478 -0.7071067811865472 4.9
-0.5555702330196026 -0.8314696123025449 4.9
-0.8314696123025453 -0.5555702330196022 4.2
-0.9238795325112868 -0.3826834323650894 4.1
-0.8314696123025455 -0.555570233019602 4.1
-0.8314696123025453 -0.5555702330196022 4.4
-0.9238795325112868 -0.3826834323650894 4.300000000000001
-0.8314696123025453 -0.5555702330196022 4.300000000000001
-0.8314696123025453 -0.5555702330196022 4.6
-0.9238795325112868 -0.3826834323650894 4.5
-0.8314696123025453 -0.5555702330196022 4.5
-0.8314696123025453 -0.5555702330196022 4.8
-0.9238795325112868 -0.3826834323650894 4.699999999999999
-0.8314696123025453 -0.5555702330196022 4.699999999999999
-0.9238795325112868 -0.3826834323650894 4.9
-0.8314696123025455 -0.555570233019602 4.9
-0.9807852804032304 -0.1950903220161282 4.2
-0.9807852804032304 -0.1950903220161282 4.1
-0.9807852804032304 -0.1950903220161282 4.4
-0.9807852804032304 -0.1950903220161282 4.3
-0.9807852804032304 -0.1950903220161282 4.6
-0.9807852804032304 -0.1950903220161282 4.5
-0.9807852804032304 -0.1950903220161282 4.8
-0.9807852804032304 -0.1950903220161282 4.7
-0.9807852804032304 -0.1950903220161282 4.9
2 72 0 348
11842
11843
11844
11845
11846
11847
11848
11849
11850
11851
11852
11853
11854
11855
11856
11857
11858
11859
11860
11861
11862
11863
11864
11865
11866
11867
11868
11869
11870
11871
11872
11873
11874
11875
11876
11877
11878
11879
11880
11881
11882
11883
11884
11885
11886
11887
11888
11889
11890
11891
11892
11893
11894
11895
11896
11897
11898
11899
11900
11901
11902
11903
11904
11905
11906
11907
11908
11909
11910
11911
11912
11913
11914
11915
11916
11917
11918
11919
11920
11921
11922
11923
11924
11925
11926
11927
11928
11929
11930
11931
11932
11933
11934
11935
11936
11937
11938
11939
11940
11941
11942
11943
11944
11945
11946
11947
11948
11949
11950
11951
11952
11953
11954
11955
11956
11957
11958
11959
11960
11961
11962
11963
11964
11965
11966
11967
11968
11969
11970
11971
11972
11973
11974
11975
11976
11977
11978
11979
11980
11981
11982
11983
11984
11985
11986
11987
11988
11989
11990
11991
11992
11993
11994
11995
11996
11997
11998
11999
12000
12001
12002
12003
12004
12005
12006
12007
12008
12009
12010
12011
12012
12013
12014
12015
12016
12017
12018
12019
12020
12021
12022
12023
12024
12025
12026
12027
12028
12029
12030
12031
12032
12033
12034
12035
12036
12037
12038
12039
12040
12041
12042
12043
12044
12045
12046
12047
12048
12049
12050
12051
12052
12053
12054
12055
12056
12057
12058
12059
12060
12061
12062
12063
12064
12065
12066
12067
12068
12069
12070
12071
12072
12073
12074
12075
12076
12077
12078
12079
12080
12081
12082
12083
12084
12085
12086
12087
12088
12089
12090
12091
12092
12093
12094
12095
12096
12097
12098
12099
12100
12101
12102
12103
12104
12105
12106
12107
12108
12109
12110
12111
12112
12113
12114
12115
12116
12117
12118
12119
12120
12121
12122
12123
12124
12125
12126
12127
12128
12129
12130
12131
12132
12133
12134
12135
12136
12137
12138
12139
12140
12141
12142
12143
12144
12145
12146
12147
12148
12149
12150
12151
12152
12153
12154
12155
12156
12157
12158
12159
12160
12161
12162
12163
12164
12165
12166
12167
12168
12169
12170
12171
12172
12173
12174
12175
12176
12177
12178
12179
12180
12181
12182
12183
12184
12185
12186
12187
12188
12189
-0.6173501665889082 0.3041301775215342 5
-0.6188438195590584 -0.2923924039854917 5
-0.5516803155248144 -0.416123723530574 5
-0.542369837783419 -0.6063096287006633 5
-0.5507378837842841 0.4203164517200603 5
-0.5419625465328572 0.6077355510338911 5
-0.401206563261389 0.6747951708837294 5
-0.401365814012098 -0.6742064564371074 5
-0.4782761782816757 0.2678867818653275 5
-0.4777649696084023 -0.2663201927210966 5
-0.1683117414737976 -0.5152030869236663 5
-0.1683085683247847 0.5152072776007453 5
-0.6297397110880674 -0.1562477726269469 5
-0.649647742607014 0.1718999044649208 5
-0.224931529559106 0.3420723923322207 5
-0.2249001520797011 -0.3420336349701584 5
-0.2577442347558339 -0.4322287213169907 5
-0.2577479165812601 0.4322873786310431 5
-0.5545008348688285 0.1039280536696908 5
-0.5445357465263219 -0.1117722447407867 5
-0.7821547186145967 -0.2229020029966585 5
-0.7644919963150557 0.2309512939204738 5
-0.3934372642041003 0.5554790465882466 5
-0.3936076152100463 -0.5548239237037255 5
-0.3779175343247312 -0.2955820074792346 5
-0.3782142096110664 0.2958271728338129 5
-0.6590025069222925 -0.100940173580143 5
-0.6667211076609061 0.08477156976967758 5
-0.2164283485933872 -0.6941368311600203 5
-0.2163813933382229 0.6943135108743396 5
-0.4827527254033633 -0.4127519805219009 5
-0.4823914182919915 0.4144616332861747 5
-0.4586579988848851 -0.3270150771099584 5
-0.4587094958394493 0.3271596470615713 5
-0.5683136965034125 -0.2054116801018309 5
-0.4554788365139656 -0.1840005073121724 5
-0.5731421104770248 0.2127590236063782 5
-0.4578184010293121 0.1835076082514192 5
-0.4851016747511401 -0.5104808492027972 5
-0.4846567266143272 0.5122133053295667 5
-0.1281930348771335 0.2374876821263496 5
-0.128186759362098 -0.2374799306106484 5
-0.6766853314834018 0.2327219410634921 5
-0.7274540142416572 0.3516438334083883 5
-0.6869852303834141 -0.1894697001985116 5
-0.7321923226630206 -0.3430401994628521 5
-0.6090112942706464 0.01605881276771151 5
-0.6070270435233536 -0.0534938582942557 5
-0.2982827550198353 -0.5498197203840419 5
-0.2982251462704673 0.5500476717756213 5
-0.7116044609963501 -0.1050355040899376 5
-0.7996287819458394 -0.07108898849130944 5
-0.8098023552177979 0.04709381682516103 5
-0.7265920294644118 0.1161318608954546 5
-0.6482971707666116 -0.4818058907516047 5
-0.6470140190602405 0.4856163271155879 5
-0.4055958391342603 0.4805539004978758 5
-0.4055958425895283 -0.4805538871070823 5
-0.3247405600263401 0.3489986159471692 5
-0.324682936294715 -0.3489394263061747 5
-0.5237568325125231 -0.3290636044586774 5
-0.5237168156939209 0.3332928466066815 5
-0.3298544939175291 -0.466350087987235 5
-0.3298359121459184 0.4664441348963659 5
-0.1320672874547678 -0.4018431460422354 5
-0.1320672876844282 0.4018431465051452 5
-0.3170104094212476 -0.4033700096882819 5
-0.3170210298609043 0.403412059240422 5
-0.477511252513837 -0.3624241369572612 5
-0.4769567362163067 0.363587095427325 5
-0.6199348975215 0.1078960582620601 5
-0.6117749242245135 -0.1089411342216113 5
-0.4539464875202368 -0.4609687135490063 5
-0.4536987327183465 0.462035267736346 5
-0.3088970813027426 -0.6841716437985639 5
-0.2792242459595283 -0.8169147259729643 5
-0.3716929786688836 -0.8069495386115078 5
-0.2792007683319457 0.8170030658301239 5
-0.308793978299806 0.6845543408790344 5
-0.3716133532935288 0.8072438958348189 5
-0.4494974654576788 -0.4413314502524422 5
-0.4683496064618001 -0.4368603470354536 5
-0.4639005843992421 -0.4172230837388895 5
-0.4680450755051691 0.4382484505112603 5
-0.4493735880567338 0.4418647273461119 5
-0.4637199308435563 0.4180779101210262 5
-0.06409651743856676 0.1742993966187303 5
-0.06409651743856676 0.2854105077298414 5
-0.064093379681049 -0.285406631971991 5
-0.064093379681049 -0.1742955208608798 5
-0.5713003260357907 -0.3107280042220845 5
-0.5377185740186687 -0.3725936639946257 5
-0.5852620675419364 -0.3542580637580328 5
-0.5372273497391025 0.3768046491633709 5
-0.5705334911414146 0.3187115120641078 5
-0.5840440251865961 0.3622233146207972 5
-0.2573555518066112 -0.6219782757720311 5
-0.2332972482468164 -0.5325114036538541 5
-0.1923700450335924 -0.6046699590418434 5
-0.233266857297626 0.5326274746881833 5
-0.2573032698043451 0.6221805913249805 5
-0.1923449808315038 0.6047603942375424 5
-0.6389184020888549 0.02757519344555653 5
-0.6295056471353231 0.008029406383855757 5
-0.1765622822181198 0.2897800372292851 5
-0.2140965174385669 0.2187438410631748 5
-0.2624657647795531 0.2710361961661104 5
-0.2140933796810486 -0.2187399653053242 5
-0.1765434557208996 -0.2897567827904035 5
-0.2624500760398501 -0.2710168174850792 5
-0.8922182674790239 -0.1223685830791194 5
-0.7908917502802181 -0.146995495743984 5
-0.8834812358134024 -0.1982750903317939 5
-0.635388715573403 -0.1049406539008771 5
-0.6207573176562905 -0.1325944534242791 5
-0.6443711090051799 -0.128593973103545 5
-0.2873844732210822 0.4178497189357325 5
-0.3234284710034114 0.434928097068394 5
-0.2937919143635892 0.4493657567637045 5
-0.3234324516693884 -0.4348600488377585 5
-0.2873773220885408 -0.4177993655026364 5
-0.2937993643366815 -0.4492894046521129 5
-0.5781553353754176 -0.110356689481199 5
-0.6094009838739336 -0.08121749625793351 5
-0.5757813950248377 -0.08263305151752118 5
-0.6902447467148162 -0.4124230451072284 5
-0.7571612872755256 -0.4909029453758018 5
-0.79910886322373 -0.4215200997314255 5
-0.7565197114223394 0.4928081635577942 5
-0.6872340166509489 0.4186300802619881 5
-0.7967397090130478 0.4258219167041944 5
-0.04999999999999999 -0.0555555555555556 5
-0.04999999999999999 0.05555555555555556 5
-0.643328002591203 0.09633381401586884 5
-0.6144730958960731 0.06197743551488581 5
-0.6677733087839847 0.06193157194653956 5
-0.6411232023400288 0.06195450373071269 5
-0.3514773848187033 0.3224128943904911 5
-0.2748360447927231 0.345535504139695 5
-0.3391071048055333 0.2479135864169065 5
-0.3069715747991282 0.2967245452783007 5
-0.274791544187208 -0.3454865306381665 5
-0.3513002353097231 -0.3222607168927046 5
-0.3389587671623652 -0.2477910037396173 5
-0.3068751556747866 -0.2966387671888919 5
-0.6631665370452078 0.2023109227642064 5
-0.6881198860357128 0.1440158826801877 5
-0.7455420128897338 0.1735415774079642 5
-0.7205886638992287 0.2318366174919829 5
-0.7043542749674708 0.1879262500860853 5
-0.5133096365735923 0.5599744281817289 5
-0.5176973051993057 0.4662648785248134 5
-0.5988759514222624 0.4529663894178241 5
-0.5944882827965489 0.5466759390747395 5
-0.5560927939979273 0.5064704087997765 5
-0.5183909951379773 -0.4633022863666856 5
-0.5137357562672795 -0.5583952389517303 5
-0.5953335042750154 -0.544057759726134 5
-0.5999887431457132 -0.4489648071410894 5
-0.5568622497064963 -0.5036800230464098 5
-0.4610025898057138 0.3709464542357235 5
-0.4796740772541491 0.3890243643567499 5
-0.4648370386270746 0.3945121821783749 5
-0.4801319889586002 -0.387588058739581 5
-0.461279847954479 -0.3703649750006917 5
-0.4650659944793001 -0.3937940293697906 5
-0.1784994086217671 0.371957769418683 5
-0.06603364384221411 0.3675882399192392 5
-0.1212979630301669 0.3286841385742622 5
-0.1784837197672345 -0.3719383905061969 5
-0.06603364372738391 -0.3675882396877844 5
-0.1212885497241417 -0.328672511239094 5
-0.6853034839593213 -0.1029878388350403 5
-0.6583624707357407 -0.1728587364127293 5
-0.6992948456898821 -0.1472526021442246 5
-0.671832977347531 -0.1379232876238848 5
-0.8047155685818187 -0.01199758583307422 5
-0.7774253993064595 0.0343940018905194 5
-0.7723386126704801 -0.04639158772359379 5
-0.7773577842909094 -0.005998792916537216 5
-0.08415587073689879 -0.535379321239611 5
-0.1082141742966936 -0.7359573044688991 5
-0.09618502251679628 -0.6356683128542551 5
-0.1409311759818121 -0.8603825287405537 5
-0.1081906966691115 0.7360456443260586 5
-0.1409194371680209 0.8604266986691333 5
-0.08415428416239235 0.5353814165781503 5
-0.09617249041575188 0.6357135304521044 5
-0.5257091443793502 0.2403229027358528 5
-0.5952461385329665 0.2584446005639562 5
-0.5009964969877982 0.3005898142360045 5
-0.5481213177603823 0.2795172073999804 5
-0.4348920227913504 -0.3391343407504336 5
-0.468084625699361 -0.3447196070336098 5
-0.4496295578961489 -0.3528140164551042 5
-0.4349177712686324 0.3392066257262401 5
-0.467833116027878 0.3453733712444482 5
-0.4495038030604073 0.3531408985605233 5
-0.5935787580312355 -0.2489020420436613 5
-0.5230393330559073 -0.2358659364114638 5
-0.5007609010604628 -0.297691898589887 5
-0.5471698295458491 -0.2732969703167741 5
-0.3140686244686822 -0.5080849041856385 5
-0.2130279881148158 -0.4737159041203285 5
-0.263548306291749 -0.4909004041529835 5
-0.3140305292081928 0.5082459033359936 5
-0.2130282424530224 0.4737473281158941 5
-0.2635293858306076 0.4909966157259439 5
-0.6639140084146778 -0.07001587385177223 5
-0.6379262767152084 -0.0462927162088286 5
-0.6366574961443057 -0.07561668505485286 5
-0.4680472896554939 0.2256971950583733 5
-0.5061596179490704 0.143717830960555 5
-0.5638214726729267 0.1583435386380345 5
-0.5159343811642103 0.1920203668482039 5
-0.4695240811356884 -0.4857247813759018 5
-0.4297711650548826 -0.4707613003280443 5
-0.3996017288997873 -0.5176889054054039 5
-0.4393546449805932 -0.5326523864532613 5
-0.4345629050177379 -0.5017068433906529 5
-0.4296472859263034 0.4712945841171109 5
-0.4691777296663369 0.4871242865329563 5
-0.4390469954092138 0.5338461759589066 5
-0.3995165516691803 0.5180164735430612 5
-0.4343471406677586 0.5025703800380088 5
-0.7459730052783564 0.291297563664431 5
-0.8746498746636319 0.2022997357937026 5
-0.8428328130321323 0.3166588534950502 5
-0.4278412519665667 -0.2809511001001656 5
-0.466621903061184 -0.2251603500166345 5
-0.3777394182569824 -0.1920002536560862 5
-0.4027903351117745 -0.2364756768781259 5
-0.428245193946371 0.2818569773495702 5
-0.3789092005146562 0.1917538041257096 5
-0.4035771972305136 0.2368053907376399 5
-0.1501879280046065 0.4585252120529452 5
-0.241339723070183 0.3871798854816319 5
-0.1957638255373947 0.4228525487672886 5
-0.1501895144642827 -0.4585231164829509 5
-0.2413221934177675 -0.3871311781435746 5
-0.1957558539410251 -0.4228271473132628 5
-0.6724020904152828 0.3278870054649612 5
-0.6356390209187726 0.3904266974413926 5
-0.7556166214710949 -0.08806224629062354 5
-0.7113652538470828 -0.07689094984951445 5
-0.7433955557820157 -0.0635769102070126 5
-0.6755180711110396 -0.3177163017241719 5
-0.6377534071283764 -0.3833405544326307 5
-0.5564247215148672 -0.1585919624213088 5
-0.5000072915201438 -0.1478863760264795 5
-0.5115233122880256 -0.1918761562189716 5
-0.6113949265420193 0.1923294640356495 5
-0.6470177490361549 0.2684260592925131 5
-0.6292063377890872 0.2303777616640813 5
-0.3974867146110721 -0.6145151900704164 5
-0.4718678258977585 -0.6402580425688853 5
-0.4556112354391758 -0.5864552145110733 5
-0.4715845548971231 0.6412653609588103 5
-0.3973219137327447 0.615137108735988 5
-0.4553157751531685 0.5875557684588586 5
-0.4083609446436719 -0.4646501413580867 5
-0.3493400019122962 -0.4527208310553182 5
-0.3677251682535287 -0.4734519875471586 5
-0.3782995607778564 -0.4610991915781249 5
-0.4083609429160381 0.4646501480534835 5
-0.3677158756400893 0.4734990176971209 5
-0.3493307110264909 0.4527678545098837 5
-0.3782949144711368 0.461122706653106 5
-0.7571735206388086 -0.2829711012297553 5
-0.8484330707123587 -0.3124956222777115 5
-0.1113360117218696 -0.1578584385490946 5
-0.1113375806006286 0.15786037642802 5
-0.59902670379574 -0.1808297263643889 5
-0.6529145249712363 -0.2409310520920016 5
-0.625970614383488 -0.2108803892281952 5
-0.5172165204640889 -0.4144378520262375 5
-0.5006340425131801 -0.3457438707079693 5
-0.5089252814886345 -0.3800908613671033 5
-0.4682114842466437 -0.2966676349155276 5
-0.4844227633799119 -0.3212057528117484 5
-0.4684928370605624 0.2975232144634494 5
-0.5003367759551138 0.3484399710170032 5
-0.4844148065078381 0.3229815927402264 5
-0.3459451851149408 -0.5523218220438837 5
-0.3274211332088417 -0.6182467329212238 5
-0.3458312052372838 0.552763359181934 5
-0.3273125917685449 0.6186588500304844 5
-0.5165646510381379 0.4173890425031175 5
-0.5084507134966259 0.3829145067600604 5
-0.3568351766842347 -0.5128869047955211 5
-0.3567735404386865 0.5131311884395274 5
-0.7681971923411048 0.08161283886030783 5
-0.7188590380811137 0.08243912825227293 5
-0.7496858412170209 0.06035220649185464 5
-0.3208466728579813 -0.3761547179972283 5
-0.2810844331378744 -0.3816429480704014 5
-0.3208807949436222 0.3762053375937957 5
-0.2811102590069026 0.3816926115377138 5
-0.6870887186307527 -0.07586711722206575 5
-0.6966565685626589 0.1004517153325661 5
-0.6927652609324216 0.07459905547082867 5
-0.7345699744990054 -0.206185851597585 5
-0.7450932979850501 -0.1471240489441043 5
-0.3335105149304522 0.401706029620211 5
-0.3391900138041452 0.428311142012136 5
-0.3335052047106238 -0.401685004844141 5
-0.3391920041371337 -0.4282771178968183 5
-0.8973050541150028 0.1103709972460462 5
-0.8214235335023683 0.1419562873270052 5
-0.608019168897 -0.0187175227632721 5
-0.5545056471353231 0.008029406383855325 5
-0.5222678732631609 -0.05588612237039376 5
-0.5651435210800805 -0.03730182256683293 5
-0.07509396400230317 0.4514848282486947 5
-0.07509475723214137 -0.4514837804636977 5
-0.4928711903522374 0.4522566645180369 5
-0.4933703007998886 -0.4500813167010696 5
-0.4304728275739095 -0.454926437225723 5
-0.4304108880096201 0.4551930791202561 5
-0.5925787237349797 -0.6861770359098203 5
-0.4859339129488798 -0.7531417231766617 5
-0.592375078109698 0.6868899970764348 5
-0.4857922774485613 0.7536453823716245 5
-0.5272504174344143 0.05196402683484495 5
-0.5872178661951643 0.1059120559658754 5
-0.5708617566652436 0.05697073117486538 5
-0.634791320064257 0.1398979813634904 5
-0.5993063963685918 0.1491207600007625 5
-0.9023577842909093 -0.00599879291653672 5
-0.5885910195855788 -0.1455932079227939 5
-0.6657239443134579 0.1201748483480283 5
-0.394670128154441 0.3235403886123608 5
-0.4315814826075017 0.3105318015379051 5
-0.3945217905112735 -0.3234178059350717 5
-0.4313666373789586 -0.3100427204252996 5
-0.47379048709319 0.1425695935989321 5
-0.4707143238787263 -0.1446538661318948 5
-0.3467542231008892 -0.3549239260913866 5
-0.3378991147314302 -0.3772302655206752 5
-0.3467830349667017 0.3549535209118839 5
-0.3379161757742506 0.3772555753189589 5
-0.6806889736969972 -0.593422684706336 5
-0.6314853627509395 -0.02020585485957501 5
-0.6802663629577632 0.5947317743806397 5
-0.7050440228050224 -0.2619510766608785 5
-0.3701756690604437 0.3368332493906999 5
-0.3700870943059537 -0.3367571606418068 5
-0.6964953771572557 0.2798618114784721 5
2 73 0 227
12190
12191
12192
12193
12194
12195
12196
12197
12198
12199
12200
12201
12202
12203
12204
12205
12206
12207
12208
12209
12210
12211
12212
12213
12214
12215
12216
12217
12218
12219
12220
12221
12222
12223
12224
12225
12226
12227
12228
12229
12230
12231
12232
12233
12234
12235
12236
12237
12238
12239
12240
12241
12242
12243
12244
12245
12246
12247
12248
12249
12250
12251
12252
12253
12254
12255
12256
12257
12258
12259
12260
12261
12262
12263
12264
12265
12266
12267
12268
12269
12270
12271
12272
12273
12274
12275
12276
12277
12278
12279
12280
12281
12282
12283
12284
12285
12286
12287
12288
12289
12290
12291
12292
12293
12294
12295
12296
12297
12298
12299
12300
12301
12302
12303
12304
12305
12306
12307
12308
12309
12310
12311
12312
12313
12314
12315
12316
12317
12318
12319
12320
12321
12322
12323
12324
12325
12326
12327
12328
12329
12330
12331
12332
12333
12334
12335
12336
12337
12338
12339
12340
12341
12342
12343
12344
12345
12346
12347
12348
12349
12350
12351
12352
12353
12354
12355
12356
12357
12358
12359
12360
12361
12362
12363
12364
12365
12366
12367
12368
12369
12370
12371
12372
12373
12374
12375
12376
12377
12378
12379
12380
12381
12382
12383
12384
12385
12386
12387
12388
12389
12390
12391
12392
12393
12394
12395
12396
12397
12398
12399
12400
12401
12402
12403
12404
12405
12406
12407
12408
12409
12410
12411
12412
12413
12414
12415
12416
0.6489623150374459 -0.2546330657650656 0
0.6831363594263097 0.2819482988944386 0
0.1664635525745253 0.6101255848968758 0
0.1664635277984923 -0.6101255489536772 0
0.4990249535888665 -0.2464789909477554 0
0.6686801578293933 -0.3683298401818172 0
0.4751929807530839 0.2837042450010726 0
0.6797740247764776 0.3711059666178262 0
0.5931548519203595 -0.09497961295296171 0
0.5738277743646548 0.1008428131678415 0
0.1386649916759131 -0.3925544071918899 0
0.1402494485117261 0.3734987039432425 0
0.5374513435036228 0.4932951535306494 0
0.536304603963062 -0.4966279133904596 0
0.3686593554342648 -0.6276898438031209 0
0.3691457448258109 0.6281066467933202 0
0.2943793749528221 0.4932472993243186 0
0.2924533919769446 -0.4864091052991631 0
0.3267315916559178 -0.2752139357866688 0
0.3232734227744412 0.2866826417115914 0
0.6632941014576341 0.171969497189908 0
0.7863615384212357 0.1220941437291378 0
0.7730823256759873 0.2786635112725371 0
0.6868442926983704 -0.1250584627879128 0
0.8189763761551805 -0.1027742413151672 0
0.7764115551914461 -0.2628008220822012 0
0.4261718049279058 0.2452161199197986 0
0.4259374763373892 -0.2569248164645818 0
0.2425694984395224 0.3985011670936798 0
0.2379785922178032 -0.385427604534254 0
0.5438517692979797 -0.1782243855116124 0
0.5552773298310214 0.19345109948707 0
0.15106954973086 0.4983113158468561 0
0.1501353813674982 -0.4992554740429435 0
0.6311331462882418 0.08009752609251122 0
0.6252186630771457 -0.04999963879885797 0
0.2478455702827414 -0.7789927689465569 0
0.2479536595459851 0.7790853958493298 0
0.5247374416476661 -0.3074109640372573 0
0.6038575752486527 2.261556576197064e-07 0
0.2041286982338374 -0.2788021338785387 0
0.2117541058011944 0.2799581831144939 0
0.5560664113907348 0.3664654121162939 0
0.5562026773768831 -0.3916142081850781 0
0.6008023674331793 0.2789454816614076 0
0.7681807692106178 0.0610470718645689 0
0.8026689572882081 0.009659951206985313 0
0.7844881880775902 -0.0513871206575836 0
0.7431807692106178 0.08604707186456895 0
0.2020643491169191 -0.2260036073177135 0
0.1020643491169187 -0.2644010669392693 0
0.05603073792140933 -0.1592020143325673 0
0.1244277302465619 -0.196479294438289 0
0.08323177628726264 0.6800627924484379 0
0.1587665511526926 0.554218450371866 0
0.07553477486542998 0.4991556579234281 0
0.07938327557634633 0.5896092251859331 0
0.07506769068374908 -0.4996277370214718 0
0.1582994545829952 -0.5546905114983104 0
0.08323176389924614 -0.6800627744768386 0
0.07914972729149761 -0.5898452557491553 0
0.4624812149631278 -0.2517019037061686 0
0.4395731824805925 -0.1927411692009447 0
0.4985303289608878 -0.15339095372446 0
0.5214383614434231 -0.2123516882296839 0
0.4805057719620078 -0.2025464287153143 0
0.5152351552920527 0.2385776722440713 0
0.5042431092274084 0.161004310712189 0
0.4396903467758507 0.1868868209285532 0
0.4506823928404948 0.2644601824604356 0
0.4774627510339516 0.2127322465863123 0
0.6472136238729379 0.1260335116412096 0
0.7248278199394349 0.1470318204595229 0
0.6655665731441209 0.06504876304625563 0
0.6951971965417779 0.1060402917528893 0
0.7529103344267755 -0.11391635205154 0
0.6934221463491852 -0.08752923139395637 0
0.7441328367430514 -0.07463584555543371 0
0.3383657958279589 -0.3376069678933344 0
0.3763345339966535 -0.2660693761256253 0
0.4129687381686946 -0.3034624082322909 0
0.3704895974686631 -0.3153570185331489 0
0.5057234825604022 -0.6968671434610493 0
0.4524819796986634 -0.5621588785967903 0
0.7011650038737502 -0.4983139566952298 0
0.6092632114088208 -0.6024732441416647 0
0.701738373644031 0.4966475767653241 0
0.4532985441647169 0.5607009001619848 0
0.5059666772561754 0.6970755449561489 0
0.6096714936418477 0.6017442549242619 0
0.3462266959884723 -0.4682045526495816 0
0.468152301981531 -0.4733139566952298 0
0.3305563737056048 -0.557049474551142 0
0.3993543378435679 -0.5151817156231858 0
0.3317625598893165 0.5606769730588194 0
0.4687256717518115 0.4716475767653247 0
0.347189687476411 0.4716236496621593 0
0.400244115820564 0.5161622749120721 0
0.3616367113872206 0.3183413208557957 0
0.2829214606069818 0.3425919044026356 0
0.2962847492197612 0.39925058354684 0
0.3237830607738272 0.3536182826716541 0
0.6174953607684472 0.04004887612408442 0
0.5519287876243264 1.130778288098532e-07 0
0.5369138871823274 0.05042140658392075 0
0.6024804603264483 0.09047016963017636 0
0.5772046239753873 0.04523514135400259 0
0.639999572309365 -0.1100190378704373 0
0.6679033038679081 -0.1898457642764892 0
0.5964070421677128 -0.216428725638339 0
0.5685033106091697 -0.1366019992322871 0
0.6182033072385389 -0.1632238817543881 0
0.09999999999999981 0.2116025403784438 0
0.07012472425586302 0.3117493519716212 0
0.1760017771564603 0.3267284435288682 0
0.205877052900597 0.2265816319356908 0
0.1380008885782301 0.2691654919536559 0
0.5465774259601798 -0.04748980647648086 0
0.5282209173831757 -0.1025030139487103 0
0.5645525520978381 0.1471469563274558 0
0.5262455381275098 0.1077754924962948 0
0.3082524628585031 -0.7033413063748389 0
0.1239227851413707 -0.7644963844732785 0
0.2675614416163785 -0.618907696378399 0
0.1957421133788746 -0.6917020404258388 0
0.2678046487001681 0.6191161158450981 0
0.1239768297729925 0.7645426979246649 0
0.308549702185898 0.7035960213213249 0
0.1958907392365803 0.6918294068848815 0
0.294932856804205 -0.8593426948662327 0
0.4041262314292518 -0.7846833550796387 0
0.2949869014358271 0.8593890083176191 0
0.4042748510929491 0.7848107125528817 0
0.5467588774471788 0.4298802828234717 0
0.5030332056953675 0.383232706058147 0
0.4910571082532531 0.4326178109413996 0
0.5031013386884415 -0.3958071040925391 0
0.5462536406699725 -0.4441210607877689 0
0.49080448986465 -0.4397381999235481 0
0.6814551921013936 0.3265271327561324 0
0.7728997142804584 0.4355529833089126 0
0.8195538647302133 0.389331755636268 0
0.7281093425511485 0.2803059050834878 0
0.7505045284158035 0.3579294441962002 0
0.712686935114446 -0.2587169439236334 0
0.8212184794879424 -0.3814004110411006 0
0.7673527808069159 -0.4341649200909086 0
0.6588212364334196 -0.3114814529734414 0
0.7400198579606809 -0.3464409320072709 0
0.6092857156443277 0.182710298338489 0
0.605883087985388 0.1365902339843327 0
0.6091867574987526 -0.07248962587590985 0
0.6626093315385728 -0.04999981939942896 0
0.6513044519239689 -0.08000942863493311 0
0.2939892961089016 -0.392713802267127 0
0.2210536452258203 -0.3321148692063963 0
0.2654301449448776 -0.2770080348326037 0
0.2797097205268896 -0.3348609185498654 0
0.437596490376542 0.3168521225005363 0
0.3747226138511735 0.265949380815695 0
0.4061595521138577 0.2914007516581156 0
0.1487854814041505 -0.8746520687427434 0
0.1488125037199612 0.8746752254684365 0
0.7976939656733133 -0.1827875316986842 0
0.7327986347706108 -0.1863166479875867 0
0.7797219320486115 0.2003788275008375 0
0.6732152304419718 0.2269588980421733 0
0.7264685812452917 0.2136688627715054 0
0.3307306135946522 -0.2360877431945551 0
0.2653502547057462 -0.2369847927175228 0
0.3290015291539135 0.2418220961570166 0
0.2675137642878178 0.2833204124130427 0
0.2663920643772157 0.2401409815077421 0
0.145659499121293 0.4359050098950493 0
0.07282974956064647 0.4054525049475247 0
0.06933249583795653 -0.321277203595945 0
0.1444001865217056 -0.4459049406174167 0
0.0722000932608528 -0.4104524703087084 0
0.388167266998327 -0.2196372284412564 0
0.3873613069255867 0.2195772307862914 0
0.586849878342556 -0.2810220149011614 0
0.5118811976182663 -0.2769449774925064 0
0.5541441198929896 -0.2466868515654226 0
0.5780398486321003 0.2361982905742388 0
0.6419693634297445 0.2804468902779231 0
0.6256275395370361 0.2315785943082061 0
0.6269287876243264 1.130778288159762e-07 0
0.6410700108545599 0.03770210759170591 0
0.1914094734756242 0.3859999355184612 0
0.229461618881721 0.3346601739657519 0
0.1883217919468581 -0.3889910058630719 0
0.1451930705318884 -0.3266960364011707 0
0.4623687208238331 -0.3287054820186287 0
0.4624249678934804 -0.2902036928623986 0
0.222724462341841 0.4957793075855874 0
0.2452645555210046 0.5574477117153427 0
0.2212943866722214 -0.4928322896710533 0
0.2444279141443 -0.5558699930247262 0
0.6145381191628991 -0.02499970632160018 0
0.5805577725615394 -0.03624475639904053 0
0.6395913900517859 -0.03017752269046375 0
0.8855846457167219 0.1478711606980337 0
0.8597072764172601 0.2711994854132526 0
0.9018920645836942 -0.138211209491049 0
0.8686932932296109 -0.2624038375121766 0
0.5156296960719093 0.3250848285586833 0
0.4754925175656184 0.3448647447496779 0
0.5404700595122746 -0.3495125861111677 0
0.487912699285801 -0.3570786235259202 0
0.2684744366961722 0.4458742332089992 0
0.2070669679087326 0.4408896215520243 0
0.265215992097374 -0.4359183549167086 0
0.2048080893095398 -0.4409116477670627 0
0.578434389411957 0.3227054468888508 0
0.5468347723520048 0.2806415595664611 0
0.6124414176031382 -0.3799720241834477 0
0.5996456479728471 -0.3304970195423045 0
0.6179202180836062 0.36878568936706 0
0.6299447907566753 0.3246162898224916 0
0.056030737921409 0.03420201433256656 0
0.07339555568810208 0.1267787609686538 0
0.04999999999999999 -0.06250000000000037 0
0.3149303265190233 -0.435636846988018 0
0.3165595488184224 0.4406147861341633 0
0.6598292958638186 0.4327166330661921 0
0.9013344786441041 0.004829975603492334 0
0.6568032107384443 -0.4391429904393387 0
2 74 0 153
12417
12418
12419
12420
12421
12422
12423
12424
12425
12426
12427
12428
12429
12430
12431
12432
12433
12434
12435
12436
12437
12438
12439
12440
12441
12442
12443
12444
12445
12446
12447
12448
12449
12450
12451
12452
12453
12454
12455
12456
12457
12458
12459
12460
12461
12462
12463
12464
12465
12466
12467
12468
12469
12470
12471
12472
12473
12474
12475
12476
12477
12478
12479
12480
12481
12482
12483
12484
12485
12486
12487
12488
12489
12490
12491
12492
12493
12494
12495
12496
12497
12498
12499
12500
12501
12502
12503
12504
12505
12506
12507
12508
12509
12510
12511
12512
12513
12514
12515
12516
12517
12518
12519
12520
12521
12522
12523
12524
12525
12526
12527
12528
12529
12530
12531
12532
12533
12534
12535
12536
12537
12538
12539
12540
12541
12542
12543
12544
12545
12546
12547
12548
12549
12550
12551
12552
12553
12554
12555
12556
12557
12558
12559
12560
12561
12562
12563
12564
12565
12566
12567
12568
12569
0.4532088886237955 0.1285575219373079 -0.2
0.4532088886237955 0.1285575219373079 -0.4
0.4532088886237955 0.1285575219373079 -0.6
0.4532088886237955 0.1285575219373079 -0.8
0.3347296355333859 0.1969615506024417 -0.2
0.3347296355333859 0.1969615506024417 -0.4
0.3347296355333859 0.1969615506024417 -0.6
0.3347296355333859 0.1969615506024417 -0.8
0.1999999999999996 0.1732050807568875 -0.2
0.1999999999999996 0.1732050807568875 -0.4
0.1999999999999996 0.1732050807568875 -0.6
0.1999999999999996 0.1732050807568875 -0.8
0.1120614758428181 0.06840402866513311 -0.2
0.1120614758428181 0.06840402866513311 -0.4
0.1120614758428181 0.06840402866513311 -0.6
0.1120614758428181 0.06840402866513311 -0.8
0.1120614758428186 -0.06840402866513466 -0.2
0.1120614758428186 -0.06840402866513466 -0.4
0.1120614758428186 -0.06840402866513466 -0.6
0.1120614758428186 -0.06840402866513466 -0.8
0.2000000000000008 -0.1732050807568882 -0.2
0.2000000000000008 -0.1732050807568882 -0.4
0.2000000000000008 -0.1732050807568882 -0.6
0.2000000000000008 -0.1732050807568882 -0.8
0.3347296355333867 -0.1969615506024415 -0.2
0.3347296355333867 -0.1969615506024415 -0.4
0.3347296355333867 -0.1969615506024415 -0.6
0.3347296355333867 -0.1969615506024415 -0.8
0.4532088886237958 -0.1285575219373077 -0.2
0.4532088886237958 -0.1285575219373077 -0.4
0.4532088886237958 -0.1285575219373077 -0.6
0.4532088886237958 -0.1285575219373077 -0.8
0.4879385241571816 0.06840402866513379 -0.2
0.4532088886237955 0.1285575219373079 -0.1
0.4879385241571816 0.06840402866513379 -0.1
0.4879385241571816 0.06840402866513379 -0.4
0.4532088886237955 0.1285575219373079 -0.3
0.4879385241571816 0.06840402866513379 -0.3
0.4879385241571816 0.06840402866513379 -0.6
0.4532088886237955 0.1285575219373079 -0.5
0.4879385241571816 0.06840402866513379 -0.5
0.4879385241571816 0.06840402866513379 -0.8
0.4532088886237955 0.1285575219373079 -0.7
0.4879385241571816 0.06840402866513379 -0.7
0.4532088886237955 0.1285575219373079 -0.9
0.4879385241571816 0.06840402866513379 -0.9000000000000001
0.3999999999999999 0.1732050807568878 -0.2
0.3347296355333859 0.1969615506024417 -0.1
0.3999999999999999 0.1732050807568878 -0.1
0.3999999999999999 0.1732050807568878 -0.4
0.3347296355333859 0.1969615506024417 -0.3
0.3999999999999999 0.1732050807568878 -0.3
0.3999999999999999 0.1732050807568878 -0.6
0.3347296355333859 0.1969615506024417 -0.5
0.3999999999999999 0.1732050807568878 -0.5
0.3999999999999999 0.1732050807568878 -0.8
0.3347296355333859 0.1969615506024417 -0.7
0.3999999999999999 0.1732050807568878 -0.7
0.3347296355333859 0.1969615506024417 -0.9
0.3999999999999999 0.1732050807568878 -0.9000000000000001
0.2652703644666136 0.1969615506024416 -0.2
0.1999999999999996 0.1732050807568875 -0.1
0.2652703644666136 0.1969615506024416 -0.1
0.2652703644666136 0.1969615506024416 -0.4
0.1999999999999996 0.1732050807568875 -0.3
0.2652703644666136 0.1969615506024416 -0.3
0.2652703644666136 0.1969615506024416 -0.6
0.1999999999999996 0.1732050807568875 -0.5
0.2652703644666136 0.1969615506024416 -0.5
0.2652703644666136 0.1969615506024416 -0.8
0.1999999999999996 0.1732050807568875 -0.7
0.2652703644666136 0.1969615506024416 -0.7
0.1999999999999996 0.1732050807568875 -0.9
0.2652703644666136 0.1969615506024416 -0.9000000000000001
0.146791111376204 0.1285575219373075 -0.2
0.1120614758428181 0.06840402866513311 -0.1
0.1467911113762041 0.1285575219373075 -0.1
0.146791111376204 0.1285575219373075 -0.4
0.1120614758428181 0.06840402866513311 -0.3
0.1467911113762041 0.1285575219373075 -0.3
0.146791111376204 0.1285575219373075 -0.6
0.1120614758428181 0.06840402866513311 -0.5
0.1467911113762041 0.1285575219373075 -0.5
0.146791111376204 0.1285575219373075 -0.8
0.1120614758428181 0.06840402866513311 -0.7
0.1467911113762041 0.1285575219373075 -0.7
0.1120614758428181 0.06840402866513311 -0.9
0.1467911113762041 0.1285575219373075 -0.9000000000000001
0.09999999999999998 -7.748684506536652e-16 -0.2
0.1120614758428186 -0.06840402866513466 -0.1
0.09999999999999998 -7.760122839456375e-16 -0.1
0.09999999999999998 -7.748684506536652e-16 -0.4
0.1120614758428186 -0.06840402866513466 -0.3
0.09999999999999998 -7.760122839456375e-16 -0.3
0.09999999999999998 -7.748684506536652e-16 -0.6
0.1120614758428186 -0.06840402866513466 -0.5
0.09999999999999998 -7.760122839456375e-16 -0.5
0.09999999999999998 -7.748684506536652e-16 -0.8
0.1120614758428186 -0.06840402866513466 -0.7
0.09999999999999998 -7.760122839456375e-16 -0.7
0.1120614758428186 -0.06840402866513466 -0.9
0.09999999999999998 -7.760122839456375e-16 -0.9000000000000001
0.146791111376205 -0.1285575219373086 -0.2
0.2000000000000008 -0.1732050807568882 -0.1
0.146791111376205 -0.1285575219373086 -0.1
0.146791111376205 -0.1285575219373086 -0.4
0.2000000000000008 -0.1732050807568882 -0.3
0.146791111376205 -0.1285575219373086 -0.3
0.146791111376205 -0.1285575219373086 -0.6
0.2000000000000008 -0.1732050807568882 -0.5
0.146791111376205 -0.1285575219373086 -0.5
0.146791111376205 -0.1285575219373086 -0.8
0.2000000000000008 -0.1732050807568882 -0.7
0.146791111376205 -0.1285575219373086 -0.7
0.2000000000000008 -0.1732050807568882 -0.9
0.146791111376205 -0.1285575219373086 -0.9000000000000001
0.2652703644666146 -0.1969615506024417 -0.2
0.3347296355333867 -0.1969615506024415 -0.1
0.2652703644666147 -0.1969615506024418 -0.1
0.2652703644666146 -0.1969615506024417 -0.4
0.3347296355333867 -0.1969615506024415 -0.3
0.2652703644666147 -0.1969615506024417 -0.3
0.2652703644666146 -0.1969615506024417 -0.6
0.3347296355333867 -0.1969615506024415 -0.5
0.2652703644666147 -0.1969615506024417 -0.5
0.2652703644666146 -0.1969615506024417 -0.8
0.3347296355333867 -0.1969615506024415 -0.7
0.2652703644666147 -0.1969615506024417 -0.7
0.3347296355333867 -0.1969615506024415 -0.9
0.2652703644666147 -0.1969615506024418 -0.9000000000000001
0.4000000000000005 -0.1732050807568875 -0.2
0.4532088886237958 -0.1285575219373077 -0.1
0.4000000000000005 -0.1732050807568875 -0.1
0.4000000000000005 -0.1732050807568875 -0.4
0.4532088886237958 -0.1285575219373077 -0.3
0.4000000000000005 -0.1732050807568875 -0.3
0.4000000000000005 -0.1732050807568875 -0.6
0.4532088886237958 -0.1285575219373077 -0.5
0.4000000000000005 -0.1732050807568875 -0.5
0.4000000000000005 -0.1732050807568875 -0.8
0.4532088886237958 -0.1285575219373077 -0.7
0.4000000000000005 -0.1732050807568875 -0.7
0.4532088886237958 -0.1285575219373077 -0.9
0.4000000000000005 -0.1732050807568875 -0.9000000000000001
0.4879385241571817 -0.06840402866513372 -0.2
0.4879385241571818 -0.06840402866513363 -0.1
0.4879385241571817 -0.06840402866513372 -0.4
0.4879385241571817 -0.06840402866513372 -0.3
0.4879385241571817 -0.06840402866513372 -0.6
0.4879385241571817 -0.06840402866513372 -0.4999999999999999
0.4879385241571817 -0.06840402866513372 -0.8
0.4879385241571817 -0.06840402866513372 -0.7
0.4879385241571818 -0.06840402866513363 -0.9000000000000001
2 75 0 63
12570
12571
12572
12573
12574
12575
12576
12577
12578
12579
12580
12581
12582
12583
12584
12585
12586
12587
12588
12589
12590
12591
12592
12593
12594
12595
12596
12597
12598
12599
12600
12601
12602
12603
12604
12605
12606
12607
12608
12609
12610
12611
12612
12613
12614
12615
12616
12617
12618
12619
12620
12621
12622
12623
12624
12625
12626
12627
12628
12629
12630
12631
12632
-0.3000000000000003 0.2 5.2
-0.3000000000000003 0.2 5.4
-0.3000000000000003 0.2 5.6
-0.3000000000000003 0.2 5.8
-0.5 -8.636862926236777e-16 5.2
-0.5 -8.636862926236777e-16 5.4
-0.5 -8.636862926236777e-16 5.6
-0.5 -8.636862926236777e-16 5.8
-0.2999999999999992 -0.2 5.2
-0.2999999999999992 -0.2 5.4
-0.2999999999999992 -0.2 5.6
-0.2999999999999992 -0.2 5.8
-0.1585786437626906 0.1414213562373096 5.2
-0.3000000000000003 0.2 5.1
-0.1585786437626906 0.1414213562373096 5.1
-0.1585786437626906 0.1414213562373096 5.4
-0.3000000000000003 0.2 5.300000000000001
-0.1585786437626906 0.1414213562373096 5.300000000000001
-0.1585786437626906 0.1414213562373096 5.6
-0.3000000000000003 0.2 5.5
-0.1585786437626906 0.1414213562373096 5.5
-0.1585786437626906 0.1414213562373096 5.8
-0.3000000000000003 0.2 5.699999999999999
-0.1585786437626906 0.1414213562373096 5.7
-0.3000000000000003 0.2 5.9
-0.1585786437626906 0.1414213562373096 5.9
-0.4414213562373099 0.1414213562373091 5.2
-0.5 -8.636862926236777e-16 5.1
-0.4414213562373099 0.1414213562373091 5.1
-0.4414213562373099 0.1414213562373091 5.4
-0.5 -8.636862926236777e-16 5.300000000000001
-0.4414213562373099 0.1414213562373091 5.300000000000001
-0.4414213562373099 0.1414213562373091 5.6
-0.5 -8.636862926236777e-16 5.5
-0.4414213562373099 0.1414213562373091 5.5
-0.4414213562373099 0.1414213562373091 5.8
-0.5 -8.636862926236777e-16 5.699999999999999
-0.4414213562373099 0.1414213562373091 5.699999999999999
-0.5 -8.636862926236777e-16 5.9
-0.4414213562373099 0.1414213562373091 5.9
-0.4414213562373089 -0.1414213562373101 5.2
-0.2999999999999993 -0.2 5.1
-0.4414213562373089 -0.1414213562373101 5.1
-0.4414213562373089 -0.1414213562373101 5.4
-0.2999999999999993 -0.2 5.300000000000001
-0.4414213562373089 -0.1414213562373101 5.300000000000001
-0.4414213562373089 -0.1414213562373101 5.6
-0.2999999999999993 -0.2 5.5
-0.4414213562373089 -0.1414213562373101 5.5
-0.4414213562373089 -0.1414213562373101 5.8
-0.2999999999999993 -0.2 5.699999999999999
-0.4414213562373089 -0.1414213562373101 5.699999999999999
-0.2999999999999993 -0.2 5.9
-0.4414213562373089 -0.1414213562373101 5.9
-0.1585786437626902 -0.1414213562373093 5.2
-0.1585786437626903 -0.1414213562373093 5.1
-0.1585786437626902 -0.1414213562373093 5.4
-0.1585786437626903 -0.1414213562373093 5.300000000000001
-0.1585786437626902 -0.1414213562373093 5.6
-0.1585786437626903 -0.1414213562373093 5.5
-0.1585786437626902 -0.1414213562373093 5.8
-0.1585786437626903 -0.1414213562373093 5.7
-0.1585786437626903 -0.1414213562373093 5.9
2 76 0 117
12633
12634
12635
12636
12637
12638
12639
12640
12641
12642
12643
12644
12645
12646
12647
12648
12649
12650
12651
12652
12653
12654
12655
12656
12657
12658
12659
12660
12661
12662
12663
12664
12665
12666
12667
12668
12669
12670
12671
12672
12673
12674
12675
12676
12677
12678
12679
12680
12681
12682
12683
12684
12685
12686
12687
12688
12689
12690
12691
12692
12693
12694
12695
12696
12697
12698
12699
12700
12701
12702
12703
12704
12705
12706
12707
12708
12709
12710
12711
12712
12713
12714
12715
12716
12717
12718
12719
12720
12721
12722
12723
12724
12725
12726
12727
12728
12729
12730
12731
12732
12733
12734
12735
12736
12737
12738
12739
12740
12741
12742
12743
12744
12745
12746
12747
12748
12749
-0.3688255099070634 0.4390915741234016 5.2
-0.3688255099070634 0.4390915741234016 5.4
-0.3688255099070634 0.4390915741234016 5.6
-0.3688255099070634 0.4390915741234016 5.8
-0.4111260466978158 0.4487463956090912 5.2
-0.4111260466978158 0.4487463956090912 5.4
-0.4111260466978158 0.4487463956090912 5.6
-0.4111260466978158 0.4487463956090912 5.8
-0.4450484433951211 0.4216941869558778 5.2
-0.4450484433951211 0.4216941869558778 5.4
-0.4450484433951211 0.4216941869558778 5.6
-0.4450484433951211 0.4216941869558778 5.8
-0.4450484433951209 0.3783058130441219 5.2
-0.4450484433951209 0.3783058130441219 5.4
-0.4450484433951209 0.3783058130441219 5.6
-0.4450484433951209 0.3783058130441219 5.8
-0.4111260466978156 0.3512536043909088 5.2
-0.4111260466978156 0.3512536043909088 5.4
-0.4111260466978156 0.3512536043909088 5.6
-0.4111260466978156 0.3512536043909088 5.8
-0.3688255099070633 0.3609084258765985 5.2
-0.3688255099070633 0.3609084258765985 5.4
-0.3688255099070633 0.3609084258765985 5.6
-0.3688255099070633 0.3609084258765985 5.8
-0.3549515566048791 0.4216941869558779 5.2
-0.3688255099070634 0.4390915741234016 5.1
-0.3549515566048791 0.4216941869558779 5.1
-0.3549515566048791 0.4216941869558779 5.4
-0.3688255099070634 0.4390915741234016 5.300000000000001
-0.3549515566048791 0.4216941869558779 5.300000000000001
-0.3549515566048791 0.4216941869558779 5.6
-0.3688255099070634 0.4390915741234016 5.5
-0.3549515566048791 0.4216941869558779 5.5
-0.3549515566048791 0.4216941869558779 5.8
-0.3688255099070634 0.4390915741234016 5.699999999999999
-0.3549515566048791 0.4216941869558779 5.7
-0.3688255099070634 0.4390915741234016 5.9
-0.3549515566048791 0.4216941869558779 5.9
-0.3888739533021843 0.4487463956090912 5.2
-0.4111260466978158 0.4487463956090912 5.1
-0.3888739533021844 0.4487463956090912 5.1
-0.3888739533021843 0.4487463956090912 5.4
-0.4111260466978158 0.4487463956090912 5.300000000000001
-0.3888739533021843 0.4487463956090912 5.300000000000001
-0.3888739533021843 0.4487463956090912 5.6
-0.4111260466978158 0.4487463956090912 5.5
-0.3888739533021843 0.4487463956090912 5.5
-0.3888739533021843 0.4487463956090912 5.8
-0.4111260466978158 0.4487463956090912 5.699999999999999
-0.3888739533021843 0.4487463956090912 5.699999999999999
-0.4111260466978158 0.4487463956090912 5.9
-0.3888739533021844 0.4487463956090912 5.9
-0.4311744900929368 0.4390915741234014 5.2
-0.4450484433951211 0.4216941869558778 5.1
-0.4311744900929368 0.4390915741234014 5.1
-0.4311744900929368 0.4390915741234014 5.4
-0.4450484433951211 0.4216941869558778 5.300000000000001
-0.4311744900929368 0.4390915741234014 5.300000000000001
-0.4311744900929368 0.4390915741234014 5.6
-0.4450484433951211 0.4216941869558778 5.5
-0.4311744900929368 0.4390915741234014 5.5
-0.4311744900929368 0.4390915741234014 5.8
-0.4450484433951211 0.4216941869558778 5.699999999999999
-0.4311744900929368 0.4390915741234014 5.699999999999999
-0.4450484433951211 0.4216941869558778 5.9
-0.4311744900929368 0.4390915741234014 5.9
-0.45 0.3999999999999999 5.2
-0.4450484433951209 0.3783058130441219 5.1
-0.45 0.3999999999999998 5.1
-0.45 0.3999999999999999 5.4
-0.4450484433951209 0.3783058130441219 5.300000000000001
-0.45 0.3999999999999999 5.300000000000001
-0.45 0.3999999999999999 5.6
-0.4450484433951209 0.3783058130441219 5.5
-0.45 0.3999999999999999 5.5
-0.45 0.3999999999999999 5.8
-0.4450484433951209 0.3783058130441219 5.699999999999999
-0.45 0.3999999999999999 5.699999999999999
-0.4450484433951209 0.3783058130441219 5.9
-0.45 0.3999999999999998 5.9
-0.4311744900929366 0.3609084258765984 5.2
-0.4111260466978156 0.3512536043909088 5.1
-0.4311744900929366 0.3609084258765984 5.1
-0.4311744900929366 0.3609084258765984 5.4
-0.4111260466978156 0.3512536043909088 5.300000000000001
-0.4311744900929366 0.3609084258765985 5.300000000000001
-0.4311744900929366 0.3609084258765984 5.6
-0.4111260466978156 0.3512536043909088 5.5
-0.4311744900929366 0.3609084258765985 5.5
-0.4311744900929366 0.3609084258765984 5.8
-0.4111260466978156 0.3512536043909088 5.699999999999999
-0.4311744900929366 0.3609084258765985 5.699999999999999
-0.4111260466978156 0.3512536043909088 5.9
-0.4311744900929366 0.3609084258765984 5.9
-0.3888739533021842 0.3512536043909089 5.2
-0.3688255099070633 0.3609084258765985 5.1
-0.3888739533021842 0.3512536043909089 5.1
-0.3888739533021842 0.3512536043909089 5.4
-0.3688255099070633 0.3609084258765985 5.300000000000001
-0.3888739533021842 0.3512536043909089 5.300000000000001
-0.3888739533021842 0.3512536043909089 5.6
-0.3688255099070633 0.3609084258765985 5.5
-0.3888739533021842 0.3512536043909089 5.5
-0.3888739533021842 0.3512536043909089 5.8
-0.3688255099070633 0.3609084258765985 5.699999999999999
-0.3888739533021842 0.3512536043909089 5.699999999999999
-0.3688255099070633 0.3609084258765985 5.9
-0.3888739533021842 0.3512536043909089 5.9
-0.354951556604879 0.3783058130441221 5.2
-0.354951556604879 0.3783058130441221 5.1
-0.354951556604879 0.3783058130441221 5.4
-0.354951556604879 0.3783058130441221 5.300000000000001
-0.354951556604879 0.3783058130441221 5.6
-0.354951556604879 0.3783058130441221 5.5
-0.354951556604879 0.3783058130441221 5.8
-0.354951556604879 0.3783058130441221 5.7
-0.354951556604879 0.3783058130441221 5.9
2 77 0 117
12750
12751
12752
12753
12754
12755
12756
12757
12758
12759
12760
12761
12762
12763
12764
12765
12766
12767
12768
12769
12770
12771
12772
12773
12774
12775
12776
12777
12778
12779
12780
12781
12782
12783
12784
12785
12786
12787
12788
12789
12790
12791
12792
12793
12794
12795
12796
12797
12798
12799
12800
12801
12802
12803
12804
12805
12806
12807
12808
12809
12810
12811
12812
12813
12814
12815
12816
12817
12818
12819
12820
12821
12822
12823
12824
12825
12826
12827
12828
12829
12830
12831
12832
12833
12834
12835
12836
12837
12838
12839
12840
12841
12842
12843
12844
12845
12846
12847
12848
12849
12850
12851
12852
12853
12854
12855
12856
12857
12858
12859
12860
12861
12862
12863
12864
12865
12866
-0.6688255099070634 0.03909157412340152 5.2
-0.6688255099070634 0.03909157412340152 5.4
-0.6688255099070634 0.03909157412340152 5.6
-0.6688255099070634 0.03909157412340152 5.8
-0.7111260466978158 0.04874639560909116 5.2
-0.7111260466978158 0.04874639560909116 5.4
-0.7111260466978158 0.04874639560909116 5.6
-0.7111260466978158 0.04874639560909116 5.8
-0.745048443395121 0.02169418695587775 5.2
-0.745048443395121 0.02169418695587775 5.4
-0.745048443395121 0.02169418695587775 5.6
-0.745048443395121 0.02169418695587775 5.8
-0.7450484433951208 -0.02169418695587812 5.2
-0.7450484433951208 -0.02169418695587812 5.4
-0.7450484433951208 -0.02169418695587812 5.6
-0.7450484433951208 -0.02169418695587812 5.8
-0.7111260466978154 -0.04874639560909123 5.2
-0.7111260466978154 -0.04874639560909123 5.4
-0.7111260466978154 -0.04874639560909123 5.6
-0.7111260466978154 -0.04874639560909123 5.8
-0.6688255099070632 -0.03909157412340147 5.2
-0.6688255099070632 -0.03909157412340147 5.4
-0.6688255099070632 -0.03909157412340147 5.6
-0.6688255099070632 -0.03909157412340147 5.8
-0.654951556604879 0.0216941869558779 5.2
-0.6688255099070634 0.03909157412340154 5.1
-0.6549515566048791 0.02169418695587793 5.1
-0.654951556604879 0.0216941869558779 5.4
-0.6688255099070634 0.03909157412340154 5.300000000000001
-0.6549515566048791 0.02169418695587792 5.300000000000001
-0.654951556604879 0.0216941869558779 5.6
-0.6688255099070634 0.03909157412340154 5.5
-0.6549515566048791 0.02169418695587792 5.5
-0.654951556604879 0.0216941869558779 5.8
-0.6688255099070634 0.03909157412340154 5.699999999999999
-0.6549515566048791 0.02169418695587792 5.7
-0.6688255099070634 0.03909157412340154 5.9
-0.6549515566048791 0.02169418695587793 5.9
-0.6888739533021844 0.04874639560909122 5.2
-0.7111260466978158 0.04874639560909116 5.1
-0.6888739533021843 0.04874639560909122 5.1
-0.6888739533021844 0.04874639560909122 5.4
-0.7111260466978158 0.04874639560909116 5.300000000000001
-0.6888739533021844 0.04874639560909123 5.300000000000001
-0.6888739533021844 0.04874639560909122 5.6
-0.7111260466978158 0.04874639560909116 5.5
-0.6888739533021844 0.04874639560909123 5.5
-0.6888739533021844 0.04874639560909122 5.8
-0.7111260466978158 0.04874639560909116 5.699999999999999
-0.6888739533021844 0.04874639560909123 5.699999999999999
-0.7111260466978158 0.04874639560909116 5.9
-0.6888739533021843 0.04874639560909122 5.9
-0.7311744900929368 0.03909157412340142 5.2
-0.745048443395121 0.02169418695587775 5.1
-0.7311744900929368 0.03909157412340142 5.1
-0.7311744900929368 0.03909157412340142 5.4
-0.745048443395121 0.02169418695587775 5.300000000000001
-0.7311744900929368 0.03909157412340142 5.300000000000001
-0.7311744900929368 0.03909157412340142 5.6
-0.745048443395121 0.02169418695587775 5.5
-0.7311744900929368 0.03909157412340142 5.5
-0.7311744900929368 0.03909157412340142 5.8
-0.745048443395121 0.02169418695587775 5.699999999999999
-0.7311744900929368 0.03909157412340142 5.699999999999999
-0.745048443395121 0.02169418695587775 5.9
-0.7311744900929368 0.03909157412340142 5.9
-0.75 -1.937171126634163e-16 5.2
-0.7450484433951208 -0.02169418695587812 5.1
-0.75 -2.051053012326609e-16 5.1
-0.75 -1.937171126634163e-16 5.4
-0.7450484433951208 -0.02169418695587812 5.300000000000001
-0.75 -1.940030709864094e-16 5.300000000000001
-0.75 -1.937171126634163e-16 5.6
-0.7450484433951208 -0.02169418695587812 5.5
-0.75 -1.940030709864094e-16 5.5
-0.75 -1.937171126634163e-16 5.8
-0.7450484433951208 -0.02169418695587812 5.699999999999999
-0.75 -1.940030709864094e-16 5.699999999999999
-0.7450484433951208 -0.02169418695587812 5.9
-0.75 -2.044114118422702e-16 5.9
-0.7311744900929364 -0.0390915741234016 5.2
-0.7111260466978154 -0.04874639560909124 5.1
-0.7311744900929364 -0.03909157412340161 5.1
-0.7311744900929364 -0.0390915741234016 5.4
-0.7111260466978154 -0.04874639560909124 5.300000000000001
-0.7311744900929364 -0.0390915741234016 5.300000000000001
-0.7311744900929364 -0.0390915741234016 5.6
-0.7111260466978154 -0.04874639560909124 5.5
-0.7311744900929364 -0.0390915741234016 5.5
-0.7311744900929364 -0.0390915741234016 5.8
-0.7111260466978154 -0.04874639560909124 5.699999999999999
-0.7311744900929364 -0.0390915741234016 5.699999999999999
-0.7111260466978154 -0.04874639560909124 5.9
-0.7311744900929364 -0.03909157412340161 5.9
-0.6888739533021841 -0.04874639560909116 5.2
-0.6688255099070632 -0.03909157412340147 5.1
-0.6888739533021841 -0.04874639560909117 5.1
-0.6888739533021841 -0.04874639560909116 5.4
-0.6688255099070632 -0.03909157412340147 5.300000000000001
-0.6888739533021841 -0.04874639560909118 5.300000000000001
-0.6888739533021841 -0.04874639560909116 5.6
-0.6688255099070632 -0.03909157412340147 5.5
-0.6888739533021841 -0.04874639560909118 5.5
-0.6888739533021841 -0.04874639560909116 5.8
-0.6688255099070632 -0.03909157412340147 5.699999999999999
-0.6888739533021841 -0.04874639560909118 5.699999999999999
-0.6688255099070632 -0.03909157412340147 5.9
-0.6888739533021841 -0.04874639560909117 5.9
-0.654951556604879 -0.02169418695587788 5.2
-0.654951556604879 -0.0216941869558779 5.1
-0.654951556604879 -0.02169418695587788 5.4
-0.654951556604879 -0.02169418695587788 5.300000000000001
-0.654951556604879 -0.02169418695587788 5.6
-0.654951556604879 -0.02169418695587788 5.5
-0.654951556604879 -0.02169418695587788 5.8
-0.654951556604879 -0.02169418695587788 5.7
-0.654951556604879 -0.0216941869558779 5.9
2 78 0 117
12867
12868
12869
12870
12871
12872
12873
12874
12875
12876
12877
12878
12879
12880
12881
12882
12883
12884
12885
12886
12887
12888
12889
12890
12891
12892
12893
12894
12895
12896
12897
12898
12899
12900
12901
12902
12903
12904
12905
12906
12907
12908
12909
12910
12911
12912
12913
12914
12915
12916
12917
12918
12919
12920
12921
12922
12923
12924
12925
12926
12927
12928
12929
12930
12931
12932
12933
12934
12935
12936
12937
12938
12939
12940
12941
12942
12943
12944
12945
12946
12947
12948
12949
12950
12951
12952
12953
12954
12955
12956
12957
12958
12959
12960
12961
12962
12963
12964
12965
12966
12967
12968
12969
12970
12971
12972
12973
12974
12975
12976
12977
12978
12979
12980
12981
12982
12983
-0.3688255099070634 -0.3609084258765985 5.2
-0.3688255099070634 -0.3609084258765985 5.4
-0.3688255099070634 -0.3609084258765985 5.6
-0.3688255099070634 -0.3609084258765985 5.8
-0.4111260466978158 -0.3512536043909089 5.2
-0.4111260466978158 -0.3512536043909089 5.4
-0.4111260466978158 -0.3512536043909089 5.6
-0.4111260466978158 -0.3512536043909089 5.8
-0.4450484433951211 -0.3783058130441223 5.2
-0.4450484433951211 -0.3783058130441223 5.4
-0.4450484433951211 -0.3783058130441223 5.6
-0.4450484433951211 -0.3783058130441223 5.8
-0.4450484433951209 -0.4216941869558781 5.2
-0.4450484433951209 -0.4216941869558781 5.4
-0.4450484433951209 -0.4216941869558781 5.6
-0.4450484433951209 -0.4216941869558781 5.8
-0.4111260466978156 -0.4487463956090912 5.2
-0.4111260466978156 -0.4487463956090912 5.4
-0.4111260466978156 -0.4487463956090912 5.6
-0.4111260466978156 -0.4487463956090912 5.8
-0.3688255099070633 -0.4390915741234015 5.2
-0.3688255099070633 -0.4390915741234015 5.4
-0.3688255099070633 -0.4390915741234015 5.6
-0.3688255099070633 -0.4390915741234015 5.8
-0.3549515566048791 -0.3783058130441221 5.2
-0.3688255099070634 -0.3609084258765985 5.1
-0.3549515566048791 -0.3783058130441221 5.1
-0.3549515566048791 -0.3783058130441221 5.4
-0.3688255099070634 -0.3609084258765985 5.300000000000001
-0.3549515566048791 -0.3783058130441221 5.300000000000001
-0.3549515566048791 -0.3783058130441221 5.6
-0.3688255099070634 -0.3609084258765985 5.5
-0.3549515566048791 -0.3783058130441221 5.5
-0.3549515566048791 -0.3783058130441221 5.8
-0.3688255099070634 -0.3609084258765985 5.699999999999999
-0.3549515566048791 -0.3783058130441221 5.7
-0.3688255099070634 -0.3609084258765985 5.9
-0.3549515566048791 -0.3783058130441221 5.9
-0.3888739533021843 -0.3512536043909088 5.2
-0.4111260466978158 -0.3512536043909089 5.1
-0.3888739533021844 -0.3512536043909088 5.1
-0.3888739533021843 -0.3512536043909088 5.4
-0.4111260466978158 -0.3512536043909089 5.300000000000001
-0.3888739533021843 -0.3512536043909088 5.300000000000001
-0.3888739533021843 -0.3512536043909088 5.6
-0.4111260466978158 -0.3512536043909089 5.5
-0.3888739533021843 -0.3512536043909088 5.5
-0.3888739533021843 -0.3512536043909088 5.8
-0.4111260466978158 -0.3512536043909089 5.699999999999999
-0.3888739533021843 -0.3512536043909088 5.699999999999999
-0.4111260466978158 -0.3512536043909089 5.9
-0.3888739533021844 -0.3512536043909088 5.9
-0.4311744900929368 -0.3609084258765986 5.2
-0.4450484433951211 -0.3783058130441223 5.1
-0.4311744900929368 -0.3609084258765987 5.1
-0.4311744900929368 -0.3609084258765986 5.4
-0.4450484433951211 -0.3783058130441223 5.300000000000001
-0.4311744900929368 -0.3609084258765987 5.300000000000001
-0.4311744900929368 -0.3609084258765986 5.6
-0.4450484433951211 -0.3783058130441223 5.5
-0.4311744900929368 -0.3609084258765987 5.5
-0.4311744900929368 -0.3609084258765986 5.8
-0.4450484433951211 -0.3783058130441223 5.699999999999999
-0.4311744900929368 -0.3609084258765987 5.699999999999999
-0.4450484433951211 -0.3783058130441223 5.9
-0.4311744900929368 -0.3609084258765987 5.9
-0.45 -0.4000000000000002 5.2
-0.4450484433951209 -0.4216941869558781 5.1
-0.45 -0.4000000000000002 5.1
-0.45 -0.4000000000000002 5.4
-0.4450484433951209 -0.4216941869558781 5.300000000000001
-0.45 -0.4000000000000002 5.300000000000001
-0.45 -0.4000000000000002 5.6
-0.4450484433951209 -0.4216941869558781 5.5
-0.45 -0.4000000000000002 5.5
-0.45 -0.4000000000000002 5.8
-0.4450484433951209 -0.4216941869558781 5.699999999999999
-0.45 -0.4000000000000002 5.699999999999999
-0.4450484433951209 -0.4216941869558781 5.9
-0.45 -0.4000000000000002 5.9
-0.4311744900929366 -0.4390915741234016 5.2
-0.4111260466978156 -0.4487463956090912 5.1
-0.4311744900929366 -0.4390915741234017 5.1
-0.4311744900929366 -0.4390915741234016 5.4
-0.4111260466978156 -0.4487463956090912 5.300000000000001
-0.4311744900929366 -0.4390915741234017 5.300000000000001
-0.4311744900929366 -0.4390915741234016 5.6
-0.4111260466978156 -0.4487463956090912 5.5
-0.4311744900929366 -0.4390915741234017 5.5
-0.4311744900929366 -0.4390915741234016 5.8
-0.4111260466978156 -0.4487463956090912 5.699999999999999
-0.4311744900929366 -0.4390915741234017 5.699999999999999
-0.4111260466978156 -0.4487463956090912 5.9
-0.4311744900929366 -0.4390915741234017 5.9
-0.3888739533021842 -0.4487463956090912 5.2
-0.3688255099070633 -0.4390915741234015 5.1
-0.3888739533021842 -0.4487463956090912 5.1
-0.3888739533021842 -0.4487463956090912 5.4
-0.3688255099070633 -0.4390915741234015 5.300000000000001
-0.3888739533021842 -0.4487463956090912 5.300000000000001
-0.3888739533021842 -0.4487463956090912 5.6
-0.3688255099070633 -0.4390915741234015 5.5
-0.3888739533021842 -0.4487463956090912 5.5
-0.3888739533021842 -0.4487463956090912 5.8
-0.3688255099070633 -0.4390915741234015 5.699999999999999
-0.3888739533021842 -0.4487463956090912 5.699999999999999
-0.3688255099070633 -0.4390915741234015 5.9
-0.3888739533021842 -0.4487463956090912 5.9
-0.354951556604879 -0.4216941869558779 5.2
-0.354951556604879 -0.4216941869558779 5.1
-0.354951556604879 -0.4216941869558779 5.4
-0.354951556604879 -0.4216941869558779 5.300000000000001
-0.354951556604879 -0.4216941869558779 5.6
-0.354951556604879 -0.4216941869558779 5.5
-0.354951556604879 -0.4216941869558779 5.8
-0.354951556604879 -0.4216941869558779 5.7
-0.354951556604879 -0.4216941869558779 5.9
2 79 0 9
12984
12985
12986
12987
12988
12989
12990
12991
12992
0.4353553390593274 0.4353553390593274 5.2
0.4353553390593273 0.4353553390593274 5.1
0.4353553390593274 0.4353553390593274 5.4
0.4353553390593273 0.4353553390593274 5.300000000000001
0.4353553390593274 0.4353553390593274 5.6
0.4353553390593273 0.4353553390593274 5.5
0.4353553390593274 0.4353553390593274 5.8
0.4353553390593273 0.4353553390593274 5.700000000000001
0.4353553390593273 0.4353553390593274 5.9
2 80 0 9
12993
12994
12995
12996
12997
12998
12999
13000
13001
0.4353553390593274 0.3646446609406726 5.2
0.4353553390593274 0.3646446609406726 5.1
0.4353553390593274 0.3646446609406726 5.4
0.4353553390593274 0.3646446609406726 5.300000000000001
0.4353553390593274 0.3646446609406726 5.6
0.4353553390593274 0.3646446609406726 5.5
0.4353553390593274 0.3646446609406726 5.8
0.4353553390593274 0.3646446609406726 5.700000000000001
0.4353553390593274 0.3646446609406726 5.9
2 81 0 9
13002
13003
13004
13005
13006
13007
13008
13009
13010
0.3646446609406726 0.3646446609406726 5.2
0.3646446609406726 0.3646446609406726 5.1
0.3646446609406726 0.3646446609406726 5.4
0.3646446609406726 0.3646446609406726 5.300000000000001
0.3646446609406726 0.3646446609406726 5.6
0.3646446609406726 0.3646446609406726 5.5
0.3646446609406726 0.3646446609406726 5.8
0.3646446609406726 0.3646446609406726 5.700000000000001
0.3646446609406726 0.3646446609406726 5.9
2 82 0 9
13011
13012
13013
13014
13015
13016
13017
13018
13019
0.3646446609406727 0.4353553390593274 5.2
0.3646446609406727 0.4353553390593273 5.1
0.3646446609406727 0.4353553390593274 5.4
0.3646446609406727 0.4353553390593273 5.300000000000001
0.3646446609406727 0.4353553390593274 5.6
0.3646446609406727 0.4353553390593273 5.5
0.3646446609406727 0.4353553390593274 5.8
0.3646446609406727 0.4353553390593273 5.700000000000001
0.3646446609406727 0.4353553390593273 5.9
2 83 0 9
13020
13021
13022
13023
13024
13025
13026
13027
13028
0.4353553390593274 -0.3646446609406727 5.2
0.4353553390593273 -0.3646446609406727 5.1
0.4353553390593274 -0.3646446609406727 5.4
0.4353553390593273 -0.3646446609406727 5.300000000000001
0.4353553390593274 -0.3646446609406727 5.6
0.4353553390593273 -0.3646446609406727 5.5
0.4353553390593274 -0.3646446609406727 5.8
0.4353553390593273 -0.3646446609406727 5.700000000000001
0.4353553390593273 -0.3646446609406727 5.9
2 84 0 9
13029
13030
13031
13032
13033
13034
13035
13036
13037
0.4353553390593274 -0.4353553390593274 5.2
0.4353553390593274 -0.4353553390593273 5.1
0.4353553390593274 -0.4353553390593274 5.4
0.4353553390593274 -0.4353553390593273 5.300000000000001
0.4353553390593274 -0.4353553390593274 5.6
0.4353553390593274 -0.4353553390593273 5.5
0.4353553390593274 -0.4353553390593274 5.8
0.4353553390593274 -0.4353553390593273 5.700000000000001
0.4353553390593274 -0.4353553390593273 5.9
2 85 0 9
13038
13039
13040
13041
13042
13043
13044
13045
13046
0.3646446609406726 -0.4353553390593274 5.2
0.3646446609406726 -0.4353553390593274 5.1
0.3646446609406726 -0.4353553390593274 5.4
0.3646446609406726 -0.4353553390593274 5.300000000000001
0.3646446609406726 -0.4353553390593274 5.6
0.3646446609406726 -0.4353553390593274 5.5
0.3646446609406726 -0.4353553390593274 5.8
0.3646446609406726 -0.4353553390593274 5.700000000000001
0.3646446609406726 -0.4353553390593274 5.9
2 86 0 9
13047
13048
13049
13050
13051
13052
13053
13054
13055
0.3646446609406726 -0.3646446609406726 5.2
0.3646446609406726 -0.3646446609406726 5.1
0.3646446609406726 -0.3646446609406726 5.4
0.3646446609406726 -0.3646446609406726 5.300000000000001
0.3646446609406726 -0.3646446609406726 5.6
0.3646446609406726 -0.3646446609406726 5.5
0.3646446609406726 -0.3646446609406726 5.8
0.3646446609406726 -0.3646446609406726 5.700000000000001
0.3646446609406726 -0.3646446609406726 5.9
2 87 0 9
13056
13057
13058
13059
13060
13061
13062
13063
13064
0.7353553390593274 0.03535533905932737 5.2
0.7353553390593273 0.03535533905932739 5.1
0.7353553390593274 0.03535533905932737 5.4
0.7353553390593273 0.03535533905932737 5.300000000000001
0.7353553390593274 0.03535533905932737 5.6
0.7353553390593273 0.03535533905932737 5.5
0.7353553390593274 0.03535533905932737 5.8
0.7353553390593273 0.03535533905932737 5.700000000000001
0.7353553390593273 0.03535533905932739 5.9
2 88 0 9
13065
13066
13067
13068
13069
13070
13071
13072
13073
0.7353553390593274 -0.03535533905932735 5.2
0.7353553390593274 -0.03535533905932736 5.1
0.7353553390593274 -0.03535533905932735 5.4
0.7353553390593274 -0.03535533905932735 5.300000000000001
0.7353553390593274 -0.03535533905932735 5.6
0.7353553390593274 -0.03535533905932735 5.5
0.7353553390593274 -0.03535533905932735 5.8
0.7353553390593274 -0.03535533905932735 5.700000000000001
0.7353553390593274 -0.03535533905932736 5.9
2 89 0 9
13074
13075
13076
13077
13078
13079
13080
13081
13082
0.6646446609406726 -0.03535533905932739 5.2
0.6646446609406726 -0.03535533905932736 5.1
0.6646446609406726 -0.03535533905932739 5.4
0.6646446609406726 -0.03535533905932739 5.300000000000001
0.6646446609406726 -0.03535533905932739 5.6
0.6646446609406726 -0.03535533905932739 5.5
0.6646446609406726 -0.03535533905932739 5.8
0.6646446609406726 -0.03535533905932739 5.700000000000001
0.6646446609406726 -0.03535533905932736 5.9
2 90 0 9
13083
13084
13085
13086
13087
13088
13089
13090
13091
0.6646446609406726 0.03535533905932745 5.2
0.6646446609406726 0.03535533905932742 5.1
0.6646446609406726 0.03535533905932745 5.4
0.6646446609406726 0.03535533905932745 5.300000000000001
0.6646446609406726 0.03535533905932745 5.6
0.6646446609406726 0.03535533905932745 5.5
0.6646446609406726 0.03535533905932745 5.8
0.6646446609406726 0.03535533905932745 5.700000000000001
0.6646446609406726 0.03535533905932742 5.9
2 91 0 117
13092
13093
13094
13095
13096
13097
13098
13099
13100
13101
13102
13103
13104
13105
13106
13107
13108
13109
13110
13111
13112
13113
13114
13115
13116
13117
13118
13119
13120
13121
13122
13123
13124
13125
13126
13127
13128
13129
13130
13131
13132
13133
13134
13135
13136
13137
13138
13139
13140
13141
13142
13143
13144
13145
13146
13147
13148
13149
13150
13151
13152
13153
13154
13155
13156
13157
13158
13159
13160
13161
13162
13163
13164
13165
13166
13167
13168
13169
13170
13171
13172
13173
13174
13175
13176
13177
13178
13179
13180
13181
13182
13183
13184
13185
13186
13187
13188
13189
13190
13191
13192
13193
13194
13195
13196
13197
13198
13199
13200
13201
13202
13203
13204
13205
13206
13207
13208
-0.6688255099070634 0.03909157412340152 -0.2
-0.6688255099070634 0.03909157412340152 -0.4
-0.6688255099070634 0.03909157412340152 -0.6
-0.6688255099070634 0.03909157412340152 -0.8
-0.7111260466978158 0.04874639560909116 -0.2
-0.7111260466978158 0.04874639560909116 -0.4
-0.7111260466978158 0.04874639560909116 -0.6
-0.7111260466978158 0.04874639560909116 -0.8
-0.745048443395121 0.02169418695587775 -0.2
-0.745048443395121 0.02169418695587775 -0.4
-0.745048443395121 0.02169418695587775 -0.6
-0.745048443395121 0.02169418695587775 -0.8
-0.7450484433951208 -0.02169418695587812 -0.2
-0.7450484433951208 -0.02169418695587812 -0.4
-0.7450484433951208 -0.02169418695587812 -0.6
-0.7450484433951208 -0.02169418695587812 -0.8
-0.7111260466978154 -0.04874639560909123 -0.2
-0.7111260466978154 -0.04874639560909123 -0.4
-0.7111260466978154 -0.04874639560909123 -0.6
-0.7111260466978154 -0.04874639560909123 -0.8
-0.6688255099070632 -0.03909157412340147 -0.2
-0.6688255099070632 -0.03909157412340147 -0.4
-0.6688255099070632 -0.03909157412340147 -0.6
-0.6688255099070632 -0.03909157412340147 -0.8
-0.654951556604879 0.0216941869558779 -0.2
-0.6688255099070634 0.03909157412340154 -0.1
-0.6549515566048791 0.02169418695587793 -0.1
-0.654951556604879 0.0216941869558779 -0.4
-0.6688255099070634 0.03909157412340154 -0.3
-0.6549515566048791 0.02169418695587792 -0.3
-0.654951556604879 0.0216941869558779 -0.6
-0.6688255099070634 0.03909157412340154 -0.5
-0.6549515566048791 0.02169418695587792 -0.5
-0.654951556604879 0.0216941869558779 -0.8
-0.6688255099070634 0.03909157412340154 -0.7
-0.6549515566048791 0.02169418695587792 -0.7
-0.6688255099070634 0.03909157412340154 -0.9
-0.6549515566048791 0.02169418695587793 -0.9000000000000001
-0.6888739533021844 0.04874639560909122 -0.2
-0.7111260466978158 0.04874639560909116 -0.1
-0.6888739533021843 0.04874639560909122 -0.1
-0.6888739533021844 0.04874639560909122 -0.4
-0.7111260466978158 0.04874639560909116 -0.3
-0.6888739533021844 0.04874639560909123 -0.3
-0.6888739533021844 0.04874639560909122 -0.6
-0.7111260466978158 0.04874639560909116 -0.5
-0.6888739533021844 0.04874639560909123 -0.5
-0.6888739533021844 0.04874639560909122 -0.8
-0.7111260466978158 0.04874639560909116 -0.7
-0.6888739533021844 0.04874639560909123 -0.7
-0.7111260466978158 0.04874639560909116 -0.9
-0.6888739533021843 0.04874639560909122 -0.9000000000000001
-0.7311744900929368 0.03909157412340142 -0.2
-0.745048443395121 0.02169418695587775 -0.1
-0.7311744900929368 0.03909157412340142 -0.1
-0.7311744900929368 0.03909157412340142 -0.4
-0.745048443395121 0.02169418695587775 -0.3
-0.7311744900929368 0.03909157412340142 -0.3
-0.7311744900929368 0.03909157412340142 -0.6
-0.745048443395121 0.02169418695587775 -0.5
-0.7311744900929368 0.03909157412340142 -0.5
-0.7311744900929368 0.03909157412340142 -0.8
-0.745048443395121 0.02169418695587775 -0.7
-0.7311744900929368 0.03909157412340142 -0.7
-0.745048443395121 0.02169418695587775 -0.9
-0.7311744900929368 0.03909157412340142 -0.9000000000000001
-0.75 -1.937171126634163e-16 -0.2
-0.7450484433951208 -0.02169418695587812 -0.1
-0.75 -2.051053012326609e-16 -0.1
-0.75 -1.937171126634163e-16 -0.4
-0.7450484433951208 -0.02169418695587812 -0.3
-0.75 -1.940030709864094e-16 -0.3
-0.75 -1.937171126634163e-16 -0.6
-0.7450484433951208 -0.02169418695587812 -0.5
-0.75 -1.940030709864094e-16 -0.5
-0.75 -1.937171126634163e-16 -0.8
-0.7450484433951208 -0.02169418695587812 -0.7
-0.75 -1.940030709864094e-16 -0.7
-0.7450484433951208 -0.02169418695587812 -0.9
-0.75 -2.044114118422702e-16 -0.9000000000000001
-0.7311744900929364 -0.0390915741234016 -0.2
-0.7111260466978154 -0.04874639560909124 -0.1
-0.7311744900929364 -0.03909157412340161 -0.1
-0.7311744900929364 -0.0390915741234016 -0.4
-0.7111260466978154 -0.04874639560909124 -0.3
-0.7311744900929364 -0.0390915741234016 -0.3
-0.7311744900929364 -0.0390915741234016 -0.6
-0.7111260466978154 -0.04874639560909124 -0.5
-0.7311744900929364 -0.0390915741234016 -0.5
-0.7311744900929364 -0.0390915741234016 -0.8
-0.7111260466978154 -0.04874639560909124 -0.7
-0.7311744900929364 -0.0390915741234016 -0.7
-0.7111260466978154 -0.04874639560909124 -0.9
-0.7311744900929364 -0.03909157412340161 -0.9000000000000001
-0.6888739533021841 -0.04874639560909116 -0.2
-0.6688255099070632 -0.03909157412340147 -0.1
-0.6888739533021841 -0.04874639560909117 -0.1
-0.6888739533021841 -0.04874639560909116 -0.4
-0.6688255099070632 -0.03909157412340147 -0.3
-0.6888739533021841 -0.04874639560909118 -0.3
-0.6888739533021841 -0.04874639560909116 -0.6
-0.6688255099070632 -0.03909157412340147 -0.5
-0.6888739533021841 -0.04874639560909118 -0.5
-0.6888739533021841 -0.04874639560909116 -0.8
-0.6688255099070632 -0.03909157412340147 -0.7
-0.6888739533021841 -0.04874639560909118 -0.7
-0.6688255099070632 -0.03909157412340147 -0.9
-0.6888739533021841 -0.04874639560909117 -0.9000000000000001
-0.654951556604879 -0.02169418695587788 -0.2
-0.654951556604879 -0.0216941869558779 -0.1
-0.654951556604879 -0.02169418695587788 -0.4
-0.654951556604879 -0.02169418695587788 -0.3
-0.654951556604879 -0.02169418695587788 -0.6
-0.654951556604879 -0.02169418695587788 -0.4999999999999999
-0.654951556604879 -0.02169418695587788 -0.8
-0.654951556604879 -0.02169418695587788 -0.7
-0.654951556604879 -0.0216941869558779 -0.9000000000000001
2 92 0 117
13209
13210
13211
13212
13213
13214
13215
13216
13217
13218
13219
13220
13221
13222
13223
13224
13225
13226
13227
13228
13229
13230
13231
13232
13233
13234
13235
13236
13237
13238
13239
13240
13241
13242
13243
13244
13245
13246
13247
13248
13249
13250
13251
13252
13253
13254
13255
13256
13257
13258
13259
13260
13261
13262
13263
13264
13265
13266
13267
13268
13269
13270
13271
13272
13273
13274
13275
13276
13277
13278
13279
13280
13281
13282
13283
13284
13285
13286
13287
13288
13289
13290
13291
13292
13293
13294
13295
13296
13297
13298
13299
13300
13301
13302
13303
13304
13305
13306
13307
13308
13309
13310
13311
13312
13313
13314
13315
13316
13317
13318
13319
13320
13321
13322
13323
13324
13325
-0.3688255099070634 -0.3609084258765985 -0.2
-0.3688255099070634 -0.3609084258765985 -0.4
-0.3688255099070634 -0.3609084258765985 -0.6
-0.3688255099070634 -0.3609084258765985 -0.8
-0.4111260466978158 -0.3512536043909089 -0.2
-0.4111260466978158 -0.3512536043909089 -0.4
-0.4111260466978158 -0.3512536043909089 -0.6
-0.4111260466978158 -0.3512536043909089 -0.8
-0.4450484433951211 -0.3783058130441223 -0.2
-0.4450484433951211 -0.3783058130441223 -0.4
-0.4450484433951211 -0.3783058130441223 -0.6
-0.4450484433951211 -0.3783058130441223 -0.8
-0.4450484433951209 -0.4216941869558781 -0.2
-0.4450484433951209 -0.4216941869558781 -0.4
-0.4450484433951209 -0.4216941869558781 -0.6
-0.4450484433951209 -0.4216941869558781 -0.8
-0.4111260466978156 -0.4487463956090912 -0.2
-0.4111260466978156 -0.4487463956090912 -0.4
-0.4111260466978156 -0.4487463956090912 -0.6
-0.4111260466978156 -0.4487463956090912 -0.8
-0.3688255099070633 -0.4390915741234015 -0.2
-0.3688255099070633 -0.4390915741234015 -0.4
-0.3688255099070633 -0.4390915741234015 -0.6
-0.3688255099070633 -0.4390915741234015 -0.8
-0.3549515566048791 -0.3783058130441221 -0.2
-0.3688255099070634 -0.3609084258765985 -0.1
-0.3549515566048791 -0.3783058130441221 -0.1
-0.3549515566048791 -0.3783058130441221 -0.4
-0.3688255099070634 -0.3609084258765985 -0.3
-0.3549515566048791 -0.3783058130441221 -0.3
-0.3549515566048791 -0.3783058130441221 -0.6
-0.3688255099070634 -0.3609084258765985 -0.5
-0.3549515566048791 -0.3783058130441221 -0.5
-0.3549515566048791 -0.3783058130441221 -0.8
-0.3688255099070634 -0.3609084258765985 -0.7
-0.3549515566048791 -0.3783058130441221 -0.7
-0.3688255099070634 -0.3609084258765985 -0.9
-0.3549515566048791 -0.3783058130441221 -0.9000000000000001
-0.3888739533021843 -0.3512536043909088 -0.2
-0.4111260466978158 -0.3512536043909089 -0.1
-0.3888739533021844 -0.3512536043909088 -0.1
-0.3888739533021843 -0.3512536043909088 -0.4
-0.4111260466978158 -0.3512536043909089 -0.3
-0.3888739533021843 -0.3512536043909088 -0.3
-0.3888739533021843 -0.3512536043909088 -0.6
-0.4111260466978158 -0.3512536043909089 -0.5
-0.3888739533021843 -0.3512536043909088 -0.5
-0.3888739533021843 -0.3512536043909088 -0.8
-0.4111260466978158 -0.3512536043909089 -0.7
-0.3888739533021843 -0.3512536043909088 -0.7
-0.4111260466978158 -0.3512536043909089 -0.9
-0.3888739533021844 -0.3512536043909088 -0.9000000000000001
-0.4311744900929368 -0.3609084258765986 -0.2
-0.4450484433951211 -0.3783058130441223 -0.1
-0.4311744900929368 -0.3609084258765987 -0.1
-0.4311744900929368 -0.3609084258765986 -0.4
-0.4450484433951211 -0.3783058130441223 -0.3
-0.4311744900929368 -0.3609084258765987 -0.3
-0.4311744900929368 -0.3609084258765986 -0.6
-0.4450484433951211 -0.3783058130441223 -0.5
-0.4311744900929368 -0.3609084258765987 -0.5
-0.4311744900929368 -0.3609084258765986 -0.8
-0.4450484433951211 -0.3783058130441223 -0.7
-0.4311744900929368 -0.3609084258765987 -0.7
-0.4450484433951211 -0.3783058130441223 -0.9
-0.4311744900929368 -0.3609084258765987 -0.9000000000000001
-0.45 -0.4000000000000002 -0.2
-0.4450484433951209 -0.4216941869558781 -0.1
-0.45 -0.4000000000000002 -0.1
-0.45 -0.4000000000000002 -0.4
-0.4450484433951209 -0.4216941869558781 -0.3
-0.45 -0.4000000000000002 -0.3
-0.45 -0.4000000000000002 -0.6
-0.4450484433951209 -0.4216941869558781 -0.5
-0.45 -0.4000000000000002 -0.5
-0.45 -0.4000000000000002 -0.8
-0.4450484433951209 -0.4216941869558781 -0.7
-0.45 -0.4000000000000002 -0.7
-0.4450484433951209 -0.4216941869558781 -0.9
-0.45 -0.4000000000000002 -0.9000000000000001
-0.4311744900929366 -0.4390915741234016 -0.2
-0.4111260466978156 -0.4487463956090912 -0.1
-0.4311744900929366 -0.4390915741234017 -0.1
-0.4311744900929366 -0.4390915741234016 -0.4
-0.4111260466978156 -0.4487463956090912 -0.3
-0.4311744900929366 -0.4390915741234017 -0.3
-0.4311744900929366 -0.4390915741234016 -0.6
-0.4111260466978156 -0.4487463956090912 -0.5
-0.4311744900929366 -0.4390915741234017 -0.5
-0.4311744900929366 -0.4390915741234016 -0.8
-0.4111260466978156 -0.4487463956090912 -0.7
-0.4311744900929366 -0.4390915741234017 -0.7
-0.4111260466978156 -0.4487463956090912 -0.9
-0.4311744900929366 -0.4390915741234017 -0.9000000000000001
-0.3888739533021842 -0.4487463956090912 -0.2
-0.3688255099070633 -0.4390915741234015 -0.1
-0.3888739533021842 -0.4487463956090912 -0.1
-0.3888739533021842 -0.4487463956090912 -0.4
-0.3688255099070633 -0.4390915741234015 -0.3
-0.3888739533021842 -0.4487463956090912 -0.3
-0.3888739533021842 -0.4487463956090912 -0.6
-0.3688255099070633 -0.4390915741234015 -0.5
-0.3888739533021842 -0.4487463956090912 -0.5
-0.3888739533021842 -0.4487463956090912 -0.8
-0.3688255099070633 -0.4390915741234015 -0.7
-0.3888739533021842 -0.4487463956090912 -0.7
-0.3688255099070633 -0.4390915741234015 -0.9
-0.3888739533021842 -0.4487463956090912 -0.9000000000000001
-0.354951556604879 -0.4216941869558779 -0.2
-0.354951556604879 -0.4216941869558779 -0.1
-0.354951556604879 -0.4216941869558779 -0.4
-0.354951556604879 -0.4216941869558779 -0.3
-0.354951556604879 -0.4216941869558779 -0.6
-0.354951556604879 -0.4216941869558779 -0.4999999999999999
-0.354951556604879 -0.4216941869558779 -0.8
-0.354951556604879 -0.4216941869558779 -0.7
-0.354951556604879 -0.4216941869558779 -0.9000000000000001
2 93 0 117
13326
13327
13328
13329
13330
13331
13332
13333
13334
13335
13336
13337
13338
13339
13340
13341
13342
13343
13344
13345
13346
13347
13348
13349
13350
13351
13352
13353
13354
13355
13356
13357
13358
13359
13360
13361
13362
13363
13364
13365
13366
13367
13368
13369
13370
13371
13372
13373
13374
13375
13376
13377
13378
13379
13380
13381
13382
13383
13384
13385
13386
13387
13388
13389
13390
13391
13392
13393
13394
13395
13396
13397
13398
13399
13400
13401
13402
13403
13404
13405
13406
13407
13408
13409
13410
13411
13412
13413
13414
13415
13416
13417
13418
13419
13420
13421
13422
13423
13424
13425
13426
13427
13428
13429
13430
13431
13432
13433
13434
13435
13436
13437
13438
13439
13440
13441
13442
-0.3688255099070634 0.4390915741234016 -0.2
-0.3688255099070634 0.4390915741234016 -0.4
-0.3688255099070634 0.4390915741234016 -0.6
-0.3688255099070634 0.4390915741234016 -0.8
-0.4111260466978158 0.4487463956090912 -0.2
-0.4111260466978158 0.4487463956090912 -0.4
-0.4111260466978158 0.4487463956090912 -0.6
-0.4111260466978158 0.4487463956090912 -0.8
-0.4450484433951211 0.4216941869558778 -0.2
-0.4450484433951211 0.4216941869558778 -0.4
-0.4450484433951211 0.4216941869558778 -0.6
-0.4450484433951211 0.4216941869558778 -0.8
-0.4450484433951209 0.3783058130441219 -0.2
-0.4450484433951209 0.3783058130441219 -0.4
-0.4450484433951209 0.3783058130441219 -0.6
-0.4450484433951209 0.3783058130441219 -0.8
-0.4111260466978156 0.3512536043909088 -0.2
-0.4111260466978156 0.3512536043909088 -0.4
-0.4111260466978156 0.3512536043909088 -0.6
-0.4111260466978156 0.3512536043909088 -0.8
-0.3688255099070633 0.3609084258765985 -0.2
-0.3688255099070633 0.3609084258765985 -0.4
-0.3688255099070633 0.3609084258765985 -0.6
-0.3688255099070633 0.3609084258765985 -0.8
-0.3549515566048791 0.4216941869558779 -0.2
-0.3688255099070634 0.4390915741234016 -0.1
-0.3549515566048791 0.4216941869558779 -0.1
-0.3549515566048791 0.4216941869558779 -0.4
-0.3688255099070634 0.4390915741234016 -0.3
-0.3549515566048791 0.4216941869558779 -0.3
-0.3549515566048791 0.4216941869558779 -0.6
-0.3688255099070634 0.4390915741234016 -0.5
-0.3549515566048791 0.4216941869558779 -0.5
-0.3549515566048791 0.4216941869558779 -0.8
-0.3688255099070634 0.4390915741234016 -0.7
-0.3549515566048791 0.4216941869558779 -0.7
-0.3688255099070634 0.4390915741234016 -0.9
-0.3549515566048791 0.4216941869558779 -0.9000000000000001
-0.3888739533021843 0.4487463956090912 -0.2
-0.4111260466978158 0.4487463956090912 -0.1
-0.3888739533021844 0.4487463956090912 -0.1
-0.3888739533021843 0.4487463956090912 -0.4
-0.4111260466978158 0.4487463956090912 -0.3
-0.3888739533021843 0.4487463956090912 -0.3
-0.3888739533021843 0.4487463956090912 -0.6
-0.4111260466978158 0.4487463956090912 -0.5
-0.3888739533021843 0.4487463956090912 -0.5
-0.3888739533021843 0.4487463956090912 -0.8
-0.4111260466978158 0.4487463956090912 -0.7
-0.3888739533021843 0.4487463956090912 -0.7
-0.4111260466978158 0.4487463956090912 -0.9
-0.3888739533021844 0.4487463956090912 -0.9000000000000001
-0.4311744900929368 0.4390915741234014 -0.2
-0.4450484433951211 0.4216941869558778 -0.1
-0.4311744900929368 0.4390915741234014 -0.1
-0.4311744900929368 0.4390915741234014 -0.4
-0.4450484433951211 0.4216941869558778 -0.3
-0.4311744900929368 0.4390915741234014 -0.3
-0.4311744900929368 0.4390915741234014 -0.6
-0.4450484433951211 0.4216941869558778 -0.5
-0.4311744900929368 0.4390915741234014 -0.5
-0.4311744900929368 0.4390915741234014 -0.8
-0.4450484433951211 0.4216941869558778 -0.7
-0.4311744900929368 0.4390915741234014 -0.7
-0.4450484433951211 0.4216941869558778 -0.9
-0.4311744900929368 0.4390915741234014 -0.9000000000000001
-0.45 0.3999999999999999 -0.2
-0.4450484433951209 0.3783058130441219 -0.1
-0.45 0.3999999999999998 -0.1
-0.45 0.3999999999999999 -0.4
-0.4450484433951209 0.3783058130441219 -0.3
-0.45 0.3999999999999999 -0.3
-0.45 0.3999999999999999 -0.6
-0.4450484433951209 0.3783058130441219 -0.5
-0.45 0.3999999999999999 -0.5
-0.45 0.3999999999999999 -0.8
-0.4450484433951209 0.3783058130441219 -0.7
-0.45 0.3999999999999999 -0.7
-0.4450484433951209 0.3783058130441219 -0.9
-0.45 0.3999999999999998 -0.9000000000000001
-0.4311744900929366 0.3609084258765984 -0.2
-0.4111260466978156 0.3512536043909088 -0.1
-0.4311744900929366 0.3609084258765984 -0.1
-0.4311744900929366 0.3609084258765984 -0.4
-0.4111260466978156 0.3512536043909088 -0.3
-0.4311744900929366 0.3609084258765985 -0.3
-0.4311744900929366 0.3609084258765984 -0.6
-0.4111260466978156 0.3512536043909088 -0.5
-0.4311744900929366 0.3609084258765985 -0.5
-0.4311744900929366 0.3609084258765984 -0.8
-0.4111260466978156 0.3512536043909088 -0.7
-0.4311744900929366 0.3609084258765985 -0.7
-0.4111260466978156 0.3512536043909088 -0.9
-0.4311744900929366 0.3609084258765984 -0.9000000000000001
-0.3888739533021842 0.3512536043909089 -0.2
-0.3688255099070633 0.3609084258765985 -0.1
-0.3888739533021842 0.3512536043909089 -0.1
-0.3888739533021842 0.3512536043909089 -0.4
-0.3688255099070633 0.3609084258765985 -0.3
-0.3888739533021842 0.3512536043909089 -0.3
-0.3888739533021842 0.3512536043909089 -0.6
-0.3688255099070633 0.3609084258765985 -0.5
-0.3888739533021842 0.3512536043909089 -0.5
-0.3888739533021842 0.3512536043909089 -0.8
-0.3688255099070633 0.3609084258765985 -0.7
-0.3888739533021842 0.3512536043909089 -0.7
-0.3688255099070633 0.3609084258765985 -0.9
-0.3888739533021842 0.3512536043909089 -0.9000000000000001
-0.354951556604879 0.3783058130441221 -0.2
-0.354951556604879 0.3783058130441221 -0.1
-0.354951556604879 0.3783058130441221 -0.4
-0.354951556604879 0.3783058130441221 -0.3
-0.354951556604879 0.3783058130441221 -0.6
-0.354951556604879 0.3783058130441221 -0.4999999999999999
-0.354951556604879 0.3783058130441221 -0.8
-0.354951556604879 0.3783058130441221 -0.7
-0.354951556604879 0.3783058130441221 -0.9000000000000001
2 94 0 9
13443
13444
13445
13446
13447
13448
13449
13450
13451
0.4353553390593274 0.3646446609406726 -0.2
0.4353553390593274 0.3646446609406726 -0.1
0.4353553390593274 0.3646446609406726 -0.4
0.4353553390593274 0.3646446609406726 -0.3
0.4353553390593274 0.3646446609406726 -0.6
0.4353553390593274 0.3646446609406726 -0.4999999999999999
0.4353553390593274 0.3646446609406726 -0.8
0.4353553390593274 0.3646446609406726 -0.7
0.4353553390593274 0.3646446609406726 -0.9000000000000001
2 95 0 9
13452
13453
13454
13455
13456
13457
13458
13459
13460
0.4353553390593274 0.4353553390593274 -0.2
0.4353553390593273 0.4353553390593274 -0.1
0.4353553390593274 0.4353553390593274 -0.4
0.4353553390593273 0.4353553390593274 -0.3
0.4353553390593274 0.4353553390593274 -0.6
0.4353553390593273 0.4353553390593274 -0.4999999999999999
0.4353553390593274 0.4353553390593274 -0.8
0.4353553390593273 0.4353553390593274 -0.7
0.4353553390593273 0.4353553390593274 -0.9000000000000001
2 96 0 9
13461
13462
13463
13464
13465
13466
13467
13468
13469
0.3646446609406727 0.4353553390593274 -0.2
0.3646446609406727 0.4353553390593273 -0.1
0.3646446609406727 0.4353553390593274 -0.4
0.3646446609406727 0.4353553390593273 -0.3
0.3646446609406727 0.4353553390593274 -0.6
0.3646446609406727 0.4353553390593273 -0.4999999999999999
0.3646446609406727 0.4353553390593274 -0.8
0.3646446609406727 0.4353553390593273 -0.7
0.3646446609406727 0.4353553390593273 -0.9000000000000001
2 97 0 9
13470
13471
13472
13473
13474
13475
13476
13477
13478
0.3646446609406726 0.3646446609406726 -0.2
0.3646446609406726 0.3646446609406726 -0.1
0.3646446609406726 0.3646446609406726 -0.4
0.3646446609406726 0.3646446609406726 -0.3
0.3646446609406726 0.3646446609406726 -0.6
0.3646446609406726 0.3646446609406726 -0.4999999999999999
0.3646446609406726 0.3646446609406726 -0.8
0.3646446609406726 0.3646446609406726 -0.7
0.3646446609406726 0.3646446609406726 -0.9000000000000001
2 98 0 9
13479
13480
13481
13482
13483
13484
13485
13486
13487
0.7353553390593274 -0.03535533905932735 -0.2
0.7353553390593274 -0.03535533905932736 -0.1
0.7353553390593274 -0.03535533905932735 -0.4
0.7353553390593274 -0.03535533905932735 -0.3
0.7353553390593274 -0.03535533905932735 -0.6
0.7353553390593274 -0.03535533905932735 -0.4999999999999999
0.7353553390593274 -0.03535533905932735 -0.8
0.7353553390593274 -0.03535533905932735 -0.7
0.7353553390593274 -0.03535533905932736 -0.9000000000000001
2 99 0 9
13488
13489
13490
13491
13492
13493
13494
13495
13496
0.7353553390593274 0.03535533905932737 -0.2
0.7353553390593273 0.03535533905932739 -0.1
0.7353553390593274 0.03535533905932737 -0.4
0.7353553390593273 0.03535533905932737 -0.3
0.7353553390593274 0.03535533905932737 -0.6
0.7353553390593273 0.03535533905932737 -0.4999999999999999
0.7353553390593274 0.03535533905932737 -0.8
0.7353553390593273 0.03535533905932737 -0.7
0.7353553390593273 0.03535533905932739 -0.9000000000000001
2 100 0 9
13497
13498
13499
13500
13501
13502
13503
13504
13505
0.6646446609406726 0.03535533905932745 -0.2
0.6646446609406726 0.03535533905932742 -0.1
0.6646446609406726 0.03535533905932745 -0.4
0.6646446609406726 0.03535533905932745 -0.3
0.6646446609406726 0.03535533905932745 -0.6
0.6646446609406726 0.03535533905932745 -0.4999999999999999
0.6646446609406726 0.03535533905932745 -0.8
0.6646446609406726 0.03535533905932745 -0.7
0.6646446609406726 0.03535533905932742 -0.9000000000000001
2 101 0 9
13506
13507
13508
13509
13510
13511
13512
13513
13514
0.6646446609406726 -0.03535533905932739 -0.2
0.6646446609406726 -0.03535533905932736 -0.1
0.6646446609406726 -0.03535533905932739 -0.4
0.6646446609406726 -0.03535533905932739 -0.3
0.6646446609406726 -0.03535533905932739 -0.6
0.6646446609406726 -0.03535533905932739 -0.4999999999999999
0.6646446609406726 -0.03535533905932739 -0.8
0.6646446609406726 -0.03535533905932739 -0.7
0.6646446609406726 -0.03535533905932736 -0.9000000000000001
2 102 0 9
13515
13516
13517
13518
13519
13520
13521
13522
13523
0.4353553390593274 -0.4353553390593274 -0.2
0.4353553390593274 -0.4353553390593273 -0.1
0.4353553390593274 -0.4353553390593274 -0.4
0.4353553390593274 -0.4353553390593273 -0.3
0.4353553390593274 -0.4353553390593274 -0.6
0.4353553390593274 -0.4353553390593273 -0.4999999999999999
0.4353553390593274 -0.4353553390593274 -0.8
0.4353553390593274 -0.4353553390593273 -0.7
0.4353553390593274 -0.4353553390593273 -0.9000000000000001
2 103 0 9
13524
13525
13526
13527
13528
13529
13530
13531
13532
0.4353553390593274 -0.3646446609406727 -0.2
0.4353553390593273 -0.3646446609406727 -0.1
0.4353553390593274 -0.3646446609406727 -0.4
0.4353553390593273 -0.3646446609406727 -0.3
0.4353553390593274 -0.3646446609406727 -0.6
0.4353553390593273 -0.3646446609406727 -0.4999999999999999
0.4353553390593274 -0.3646446609406727 -0.8
0.4353553390593273 -0.3646446609406727 -0.7
0.4353553390593273 -0.3646446609406727 -0.9000000000000001
2 104 0 9
13533
13534
13535
13536
13537
13538
13539
13540
13541
0.3646446609406726 -0.3646446609406726 -0.2
0.3646446609406726 -0.3646446609406726 -0.1
0.3646446609406726 -0.3646446609406726 -0.4
0.3646446609406726 -0.3646446609406726 -0.3
0.3646446609406726 -0.3646446609406726 -0.6
0.3646446609406726 -0.3646446609406726 -0.4999999999999999
0.3646446609406726 -0.3646446609406726 -0.8
0.3646446609406726 -0.3646446609406726 -0.7
0.3646446609406726 -0.3646446609406726 -0.9000000000000001
2 105 0 9
13542
13543
13544
13545
13546
13547
13548
13549
13550
0.3646446609406726 -0.4353553390593274 -0.2
0.3646446609406726 -0.4353553390593274 -0.1
0.3646446609406726 -0.4353553390593274 -0.4
0.3646446609406726 -0.4353553390593274 -0.3
0.3646446609406726 -0.4353553390593274 -0.6
0.3646446609406726 -0.4353553390593274 -0.4999999999999999
0.3646446609406726 -0.4353553390593274 -0.8
0.3646446609406726 -0.4353553390593274 -0.7
0.3646446609406726 -0.4353553390593274 -0.9000000000000001
2 106 0 117
13551
13552
13553
13554
13555
13556
13557
13558
13559
13560
13561
13562
13563
13564
13565
13566
13567
13568
13569
13570
13571
13572
13573
13574
13575
13576
13577
13578
13579
13580
13581
13582
13583
13584
13585
13586
13587
13588
13589
13590
13591
13592
13593
13594
13595
13596
13597
13598
13599
13600
13601
13602
13603
13604
13605
13606
13607
13608
13609
13610
13611
13612
13613
13614
13615
13616
13617
13618
13619
13620
13621
13622
13623
13624
13625
13626
13627
13628
13629
13630
13631
13632
13633
13634
13635
13636
13637
13638
13639
13640
13641
13642
13643
13644
13645
13646
13647
13648
13649
13650
13651
13652
13653
13654
13655
13656
13657
13658
13659
13660
13661
13662
13663
13664
13665
13666
13667
0.7071067811865477 0.7071067811865475 0.05
0.7071067811865477 0.7071067811865475 0.1
0.7071067811865477 0.7071067811865475 0.15
0.7071067811865477 0.7071067811865475 0.2
0.7071067811865477 0.7071067811865475 0.25
0.7071067811865477 0.7071067811865475 0.3
0.7071067811865477 0.7071067811865475 0.35
0.7071067811865477 0.7071067811865475 0.4
0.7071067811865477 0.7071067811865475 0.45
0.7071067811865477 0.7071067811865475 0.5
0.7071067811865477 0.7071067811865475 0.55
0.7071067811865477 0.7071067811865475 0.6
0.7071067811865477 0.7071067811865475 0.65
0.7071067811865477 0.7071067811865475 0.7
0.7071067811865477 0.7071067811865475 0.75
0.7071067811865477 0.7071067811865475 0.8
0.7071067811865477 0.7071067811865475 0.85
0.7071067811865477 0.7071067811865475 0.9
0.7071067811865477 0.7071067811865475 0.95
0.9238795325112868 0.3826834323650897 0.05
0.7071067811865479 0.7071067811865471 0.025
0.9238795325112868 0.3826834323650895 0.025
0.9238795325112868 0.3826834323650897 0.1
0.7071067811865479 0.7071067811865471 0.07500000000000001
0.9238795325112868 0.3826834323650895 0.07500000000000001
0.9238795325112868 0.3826834323650897 0.15
0.7071067811865479 0.7071067811865471 0.125
0.9238795325112868 0.3826834323650895 0.125
0.9238795325112868 0.3826834323650897 0.2
0.7071067811865479 0.7071067811865471 0.175
0.9238795325112868 0.3826834323650895 0.175
0.9238795325112868 0.3826834323650897 0.25
0.7071067811865479 0.7071067811865471 0.225
0.9238795325112868 0.3826834323650895 0.225
0.9238795325112868 0.3826834323650897 0.3
0.7071067811865479 0.7071067811865471 0.275
0.9238795325112868 0.3826834323650895 0.275
0.9238795325112868 0.3826834323650897 0.35
0.7071067811865479 0.7071067811865471 0.325
0.9238795325112868 0.3826834323650895 0.325
0.9238795325112868 0.3826834323650897 0.4
0.7071067811865479 0.7071067811865471 0.375
0.9238795325112868 0.3826834323650895 0.375
0.9238795325112868 0.3826834323650897 0.45
0.7071067811865479 0.7071067811865471 0.425
0.9238795325112868 0.3826834323650895 0.425
0.9238795325112868 0.3826834323650897 0.5
0.7071067811865479 0.7071067811865471 0.475
0.9238795325112868 0.3826834323650895 0.475
0.9238795325112868 0.3826834323650897 0.55
0.7071067811865479 0.7071067811865471 0.525
0.9238795325112868 0.3826834323650895 0.525
0.9238795325112868 0.3826834323650897 0.6
0.7071067811865479 0.7071067811865471 0.575
0.9238795325112868 0.3826834323650895 0.575
0.9238795325112868 0.3826834323650897 0.65
0.7071067811865479 0.7071067811865471 0.625
0.9238795325112868 0.3826834323650895 0.625
0.9238795325112868 0.3826834323650897 0.7
0.7071067811865479 0.7071067811865471 0.675
0.9238795325112868 0.3826834323650895 0.675
0.9238795325112868 0.3826834323650897 0.75
0.7071067811865479 0.7071067811865471 0.725
0.9238795325112868 0.3826834323650895 0.7249999999999999
0.9238795325112868 0.3826834323650897 0.8
0.7071067811865479 0.7071067811865471 0.775
0.9238795325112868 0.3826834323650895 0.775
0.9238795325112868 0.3826834323650897 0.85
0.7071067811865479 0.7071067811865471 0.825
0.9238795325112868 0.3826834323650895 0.825
0.9238795325112868 0.3826834323650897 0.9
0.7071067811865479 0.7071067811865471 0.875
0.9238795325112868 0.3826834323650895 0.875
0.9238795325112868 0.3826834323650897 0.95
0.7071067811865479 0.7071067811865471 0.925
0.9238795325112868 0.3826834323650895 0.925
0.7071067811865479 0.7071067811865471 0.975
0.9238795325112868 0.3826834323650895 0.9749999999999999
0.3826834323650903 0.9238795325112865 0.05
0.3826834323650901 0.9238795325112865 0.025
0.3826834323650903 0.9238795325112865 0.1
0.3826834323650904 0.9238795325112863 0.07500000000000001
0.3826834323650903 0.9238795325112865 0.15
0.3826834323650904 0.9238795325112863 0.125
0.3826834323650903 0.9238795325112865 0.2
0.3826834323650904 0.9238795325112863 0.175
0.3826834323650903 0.9238795325112865 0.25
0.3826834323650904 0.9238795325112863 0.225
0.3826834323650903 0.9238795325112865 0.3
0.3826834323650904 0.9238795325112863 0.275
0.3826834323650903 0.9238795325112865 0.35
0.3826834323650904 0.9238795325112863 0.325
0.3826834323650903 0.9238795325112865 0.4
0.3826834323650904 0.9238795325112863 0.375
0.3826834323650903 0.9238795325112865 0.45
0.3826834323650904 0.9238795325112863 0.425
0.3826834323650903 0.9238795325112865 0.5
0.3826834323650904 0.9238795325112863 0.475
0.3826834323650903 0.9238795325112865 0.55
0.3826834323650904 0.9238795325112863 0.525
0.3826834323650903 0.9238795325112865 0.6
0.3826834323650904 0.9238795325112863 0.575
0.3826834323650903 0.9238795325112865 0.65
0.3826834323650904 0.9238795325112863 0.625
0.3826834323650903 0.9238795325112865 0.7
0.3826834323650904 0.9238795325112863 0.675
0.3826834323650903 0.9238795325112865 0.75
0.3826834323650904 0.9238795325112863 0.7249999999999999
0.3826834323650903 0.9238795325112865 0.8
0.3826834323650904 0.9238795325112863 0.775
0.3826834323650903 0.9238795325112865 0.85
0.3826834323650904 0.9238795325112863 0.825
0.3826834323650903 0.9238795325112865 0.9
0.3826834323650904 0.9238795325112863 0.875
0.3826834323650903 0.9238795325112865 0.95
0.3826834323650904 0.9238795325112863 0.925
0.3826834323650901 0.9238795325112865 0.9749999999999999
2 107 0 273
13668
13669
13670
13671
13672
13673
13674
13675
13676
13677
13678
13679
13680
13681
13682
13683
13684
13685
13686
13687
13688
13689
13690
13691
13692
13693
13694
13695
13696
13697
13698
13699
13700
13701
13702
13703
13704
13705
13706
13707
13708
13709
13710
13711
13712
13713
13714
13715
13716
13717
13718
13719
13720
13721
13722
13723
13724
13725
13726
13727
13728
13729
13730
13731
13732
13733
13734
13735
13736
13737
13738
13739
13740
13741
13742
13743
13744
13745
13746
13747
13748
13749
13750
13751
13752
13753
13754
13755
13756
13757
13758
13759
13760
13761
13762
13763
13764
13765
13766
13767
13768
13769
13770
13771
13772
13773
13774
13775
13776
13777
13778
13779
13780
13781
13782
13783
13784
13785
13786
13787
13788
13789
13790
13791
13792
13793
13794
13795
13796
13797
13798
13799
13800
13801
13802
13803
13804
13805
13806
13807
13808
13809
13810
13811
13812
13813
13814
13815
13816
13817
13818
13819
13820
13821
13822
13823
13824
13825
13826
13827
13828
13829
13830
13831
13832
13833
13834
13835
13836
13837
13838
13839
13840
13841
13842
13843
13844
13845
13846
13847
13848
13849
13850
13851
13852
13853
13854
13855
13856
13857
13858
13859
13860
13861
13862
13863
13864
13865
13866
13867
13868
13869
13870
13871
13872
13873
13874
13875
13876
13877
13878
13879
13880
13881
13882
13883
13884
13885
13886
13887
13888
13889
13890
13891
13892
13893
13894
13895
13896
13897
13898
13899
13900
13901
13902
13903
13904
13905
13906
13907
13908
13909
13910
13911
13912
13913
13914
13915
13916
13917
13918
13919
13920
13921
13922
13923
13924
13925
13926
13927
13928
13929
13930
13931
13932
13933
13934
13935
13936
13937
13938
13939
13940
0.3826834323650905 -0.9238795325112864 0.05
0.3826834323650905 -0.9238795325112864 0.1
0.3826834323650905 -0.9238795325112864 0.15
0.3826834323650905 -0.9238795325112864 0.2
0.3826834323650905 -0.9238795325112864 0.25
0.3826834323650905 -0.9238795325112864 0.3
0.3826834323650905 -0.9238795325112864 0.35
0.3826834323650905 -0.9238795325112864 0.4
0.3826834323650905 -0.9238795325112864 0.45
0.3826834323650905 -0.9238795325112864 0.5
0.3826834323650905 -0.9238795325112864 0.55
0.3826834323650905 -0.9238795325112864 0.6
0.3826834323650905 -0.9238795325112864 0.65
0.3826834323650905 -0.9238795325112864 0.7
0.3826834323650905 -0.9238795325112864 0.75
0.3826834323650905 -0.9238795325112864 0.8
0.3826834323650905 -0.9238795325112864 0.85
0.3826834323650905 -0.9238795325112864 0.9
0.3826834323650905 -0.9238795325112864 0.95
0.7071067811865478 -0.7071067811865472 0.05
0.7071067811865478 -0.7071067811865472 0.1
0.7071067811865478 -0.7071067811865472 0.15
0.7071067811865478 -0.7071067811865472 0.2
0.7071067811865478 -0.7071067811865472 0.25
0.7071067811865478 -0.7071067811865472 0.3
0.7071067811865478 -0.7071067811865472 0.35
0.7071067811865478 -0.7071067811865472 0.4
0.7071067811865478 -0.7071067811865472 0.45
0.7071067811865478 -0.7071067811865472 0.5
0.7071067811865478 -0.7071067811865472 0.55
0.7071067811865478 -0.7071067811865472 0.6
0.7071067811865478 -0.7071067811865472 0.65
0.7071067811865478 -0.7071067811865472 0.7
0.7071067811865478 -0.7071067811865472 0.75
0.7071067811865478 -0.7071067811865472 0.8
0.7071067811865478 -0.7071067811865472 0.85
0.7071067811865478 -0.7071067811865472 0.9
0.7071067811865478 -0.7071067811865472 0.95
0.9238795325112868 -0.3826834323650894 0.05
0.9238795325112868 -0.3826834323650894 0.1
0.9238795325112868 -0.3826834323650894 0.15
0.9238795325112868 -0.3826834323650894 0.2
0.9238795325112868 -0.3826834323650894 0.25
0.9238795325112868 -0.3826834323650894 0.3
0.9238795325112868 -0.3826834323650894 0.35
0.9238795325112868 -0.3826834323650894 0.4
0.9238795325112868 -0.3826834323650894 0.45
0.9238795325112868 -0.3826834323650894 0.5
0.9238795325112868 -0.3826834323650894 0.55
0.9238795325112868 -0.3826834323650894 0.6
0.9238795325112868 -0.3826834323650894 0.65
0.9238795325112868 -0.3826834323650894 0.7
0.9238795325112868 -0.3826834323650894 0.75
0.9238795325112868 -0.3826834323650894 0.8
0.9238795325112868 -0.3826834323650894 0.85
0.9238795325112868 -0.3826834323650894 0.9
0.9238795325112868 -0.3826834323650894 0.95
0.1950903220161286 -0.9807852804032304 0.05
0.3826834323650905 -0.9238795325112864 0.025
0.1950903220161286 -0.9807852804032304 0.025
0.1950903220161286 -0.9807852804032304 0.1
0.3826834323650905 -0.9238795325112864 0.07500000000000001
0.1950903220161286 -0.9807852804032304 0.07500000000000001
0.1950903220161286 -0.9807852804032304 0.15
0.3826834323650905 -0.9238795325112864 0.125
0.1950903220161286 -0.9807852804032304 0.125
0.1950903220161286 -0.9807852804032304 0.2
0.3826834323650905 -0.9238795325112864 0.175
0.1950903220161286 -0.9807852804032304 0.175
0.1950903220161286 -0.9807852804032304 0.25
0.3826834323650905 -0.9238795325112864 0.225
0.1950903220161286 -0.9807852804032304 0.225
0.1950903220161286 -0.9807852804032304 0.3
0.3826834323650905 -0.9238795325112864 0.275
0.1950903220161286 -0.9807852804032304 0.275
0.1950903220161286 -0.9807852804032304 0.35
0.3826834323650905 -0.9238795325112864 0.325
0.1950903220161286 -0.9807852804032304 0.325
0.1950903220161286 -0.9807852804032304 0.4
0.3826834323650905 -0.9238795325112864 0.375
0.1950903220161286 -0.9807852804032304 0.375
0.1950903220161286 -0.9807852804032304 0.45
0.3826834323650905 -0.9238795325112864 0.425
0.1950903220161286 -0.9807852804032304 0.425
0.1950903220161286 -0.9807852804032304 0.5
0.3826834323650905 -0.9238795325112864 0.475
0.1950903220161286 -0.9807852804032304 0.475
0.1950903220161286 -0.9807852804032304 0.55
0.3826834323650905 -0.9238795325112864 0.525
0.1950903220161286 -0.9807852804032304 0.525
0.1950903220161286 -0.9807852804032304 0.6
0.3826834323650905 -0.9238795325112864 0.575
0.1950903220161286 -0.9807852804032304 0.575
0.1950903220161286 -0.9807852804032304 0.65
0.3826834323650905 -0.9238795325112864 0.625
0.1950903220161286 -0.9807852804032304 0.625
0.1950903220161286 -0.9807852804032304 0.7
0.3826834323650905 -0.9238795325112864 0.675
0.1950903220161286 -0.9807852804032304 0.675
0.1950903220161286 -0.9807852804032304 0.75
0.3826834323650905 -0.9238795325112864 0.725
0.1950903220161286 -0.9807852804032304 0.7249999999999999
0.1950903220161286 -0.9807852804032304 0.8
0.3826834323650905 -0.9238795325112864 0.775
0.1950903220161286 -0.9807852804032304 0.775
0.1950903220161286 -0.9807852804032304 0.85
0.3826834323650905 -0.9238795325112864 0.825
0.1950903220161286 -0.9807852804032304 0.825
0.1950903220161286 -0.9807852804032304 0.9
0.3826834323650905 -0.9238795325112864 0.875
0.1950903220161286 -0.9807852804032304 0.875
0.1950903220161286 -0.9807852804032304 0.95
0.3826834323650905 -0.9238795325112864 0.925
0.1950903220161286 -0.9807852804032304 0.925
0.3826834323650905 -0.9238795325112864 0.975
0.1950903220161286 -0.9807852804032304 0.9749999999999999
0.5555702330196027 -0.8314696123025449 0.05
0.7071067811865478 -0.7071067811865472 0.025
0.5555702330196026 -0.8314696123025449 0.025
0.5555702330196027 -0.8314696123025449 0.1
0.7071067811865478 -0.7071067811865472 0.07500000000000001
0.5555702330196026 -0.8314696123025449 0.07500000000000001
0.5555702330196027 -0.8314696123025449 0.15
0.7071067811865478 -0.7071067811865472 0.125
0.5555702330196026 -0.8314696123025449 0.125
0.5555702330196027 -0.8314696123025449 0.2
0.7071067811865478 -0.7071067811865472 0.175
0.5555702330196026 -0.8314696123025449 0.175
0.5555702330196027 -0.8314696123025449 0.25
0.7071067811865478 -0.7071067811865472 0.225
0.5555702330196026 -0.8314696123025449 0.225
0.5555702330196027 -0.8314696123025449 0.3
0.7071067811865478 -0.7071067811865472 0.275
0.5555702330196026 -0.8314696123025449 0.275
0.5555702330196027 -0.8314696123025449 0.35
0.7071067811865478 -0.7071067811865472 0.325
0.5555702330196026 -0.8314696123025449 0.325
0.5555702330196027 -0.8314696123025449 0.4
0.7071067811865478 -0.7071067811865472 0.375
0.5555702330196026 -0.8314696123025449 0.375
0.5555702330196027 -0.8314696123025449 0.45
0.7071067811865478 -0.7071067811865472 0.425
0.5555702330196026 -0.8314696123025449 0.425
0.5555702330196027 -0.8314696123025449 0.5
0.7071067811865478 -0.7071067811865472 0.475
0.5555702330196026 -0.8314696123025449 0.475
0.5555702330196027 -0.8314696123025449 0.55
0.7071067811865478 -0.7071067811865472 0.525
0.5555702330196026 -0.8314696123025449 0.525
0.5555702330196027 -0.8314696123025449 0.6
0.7071067811865478 -0.7071067811865472 0.575
0.5555702330196026 -0.8314696123025449 0.575
0.5555702330196027 -0.8314696123025449 0.65
0.7071067811865478 -0.7071067811865472 0.625
0.5555702330196026 -0.8314696123025449 0.625
0.5555702330196027 -0.8314696123025449 0.7
0.7071067811865478 -0.7071067811865472 0.675
0.5555702330196026 -0.8314696123025449 0.675
0.5555702330196027 -0.8314696123025449 0.75
0.7071067811865478 -0.7071067811865472 0.725
0.5555702330196026 -0.8314696123025449 0.7249999999999999
0.5555702330196027 -0.8314696123025449 0.8
0.7071067811865478 -0.7071067811865472 0.775
0.5555702330196026 -0.8314696123025449 0.775
0.5555702330196027 -0.8314696123025449 0.85
0.7071067811865478 -0.7071067811865472 0.825
0.5555702330196026 -0.8314696123025449 0.825
0.5555702330196027 -0.8314696123025449 0.9
0.7071067811865478 -0.7071067811865472 0.875
0.5555702330196026 -0.8314696123025449 0.875
0.5555702330196027 -0.8314696123025449 0.95
0.7071067811865478 -0.7071067811865472 0.925
0.5555702330196026 -0.8314696123025449 0.925
0.7071067811865478 -0.7071067811865472 0.975
0.5555702330196026 -0.8314696123025449 0.9749999999999999
0.8314696123025453 -0.5555702330196022 0.05
0.9238795325112868 -0.3826834323650894 0.025
0.8314696123025455 -0.555570233019602 0.025
0.8314696123025453 -0.5555702330196022 0.1
0.9238795325112868 -0.3826834323650894 0.07500000000000001
0.8314696123025453 -0.5555702330196022 0.07500000000000001
0.8314696123025453 -0.5555702330196022 0.15
0.9238795325112868 -0.3826834323650894 0.125
0.8314696123025453 -0.5555702330196022 0.125
0.8314696123025453 -0.5555702330196022 0.2
0.9238795325112868 -0.3826834323650894 0.175
0.8314696123025453 -0.5555702330196022 0.175
0.8314696123025453 -0.5555702330196022 0.25
0.9238795325112868 -0.3826834323650894 0.225
0.8314696123025453 -0.5555702330196022 0.225
0.8314696123025453 -0.5555702330196022 0.3
0.9238795325112868 -0.3826834323650894 0.275
0.8314696123025453 -0.5555702330196022 0.275
0.8314696123025453 -0.5555702330196022 0.35
0.9238795325112868 -0.3826834323650894 0.325
0.8314696123025453 -0.5555702330196022 0.325
0.8314696123025453 -0.5555702330196022 0.4
0.9238795325112868 -0.3826834323650894 0.375
0.8314696123025453 -0.5555702330196022 0.375
0.8314696123025453 -0.5555702330196022 0.45
0.9238795325112868 -0.3826834323650894 0.425
0.8314696123025453 -0.5555702330196022 0.425
0.8314696123025453 -0.5555702330196022 0.5
0.9238795325112868 -0.3826834323650894 0.475
0.8314696123025453 -0.5555702330196022 0.475
0.8314696123025453 -0.5555702330196022 0.55
0.9238795325112868 -0.3826834323650894 0.525
0.8314696123025453 -0.5555702330196022 0.525
0.8314696123025453 -0.5555702330196022 0.6
0.9238795325112868 -0.3826834323650894 0.575
0.8314696123025453 -0.5555702330196022 0.575
0.8314696123025453 -0.5555702330196022 0.65
0.9238795325112868 -0.3826834323650894 0.625
0.8314696123025453 -0.5555702330196022 0.625
0.8314696123025453 -0.5555702330196022 0.7
0.9238795325112868 -0.3826834323650894 0.675
0.8314696123025453 -0.5555702330196022 0.675
0.8314696123025453 -0.5555702330196022 0.75
0.9238795325112868 -0.3826834323650894 0.725
0.8314696123025453 -0.5555702330196022 0.7249999999999999
0.8314696123025453 -0.5555702330196022 0.8
0.9238795325112868 -0.3826834323650894 0.775
0.8314696123025453 -0.5555702330196022 0.775
0.8314696123025453 -0.5555702330196022 0.85
0.9238795325112868 -0.3826834323650894 0.825
0.8314696123025453 -0.5555702330196022 0.825
0.8314696123025453 -0.5555702330196022 0.9
0.9238795325112868 -0.3826834323650894 0.875
0.8314696123025453 -0.5555702330196022 0.875
0.8314696123025453 -0.5555702330196022 0.95
0.9238795325112868 -0.3826834323650894 0.925
0.8314696123025453 -0.5555702330196022 0.925
0.9238795325112868 -0.3826834323650894 0.975
0.8314696123025455 -0.555570233019602 0.9749999999999999
0.9807852804032304 -0.1950903220161282 0.05
0.9807852804032304 -0.1950903220161282 0.025
0.9807852804032304 -0.1950903220161282 0.1
0.9807852804032304 -0.1950903220161282 0.07500000000000001
0.9807852804032304 -0.1950903220161282 0.15
0.9807852804032304 -0.1950903220161282 0.125
0.9807852804032304 -0.1950903220161282 0.2
0.9807852804032304 -0.1950903220161282 0.175
0.9807852804032304 -0.1950903220161282 0.25
0.9807852804032304 -0.1950903220161282 0.225
0.9807852804032304 -0.1950903220161282 0.3
0.9807852804032304 -0.1950903220161282 0.275
0.9807852804032304 -0.1950903220161282 0.35
0.9807852804032304 -0.1950903220161282 0.325
0.9807852804032304 -0.1950903220161282 0.4
0.9807852804032304 -0.1950903220161282 0.375
0.9807852804032304 -0.1950903220161282 0.45
0.9807852804032304 -0.1950903220161282 0.425
0.9807852804032304 -0.1950903220161282 0.5
0.9807852804032304 -0.1950903220161282 0.475
0.9807852804032304 -0.1950903220161282 0.55
0.9807852804032304 -0.1950903220161282 0.525
0.9807852804032304 -0.1950903220161282 0.6
0.9807852804032304 -0.1950903220161282 0.575
0.9807852804032304 -0.1950903220161282 0.65
0.9807852804032304 -0.1950903220161282 0.625
0.9807852804032304 -0.1950903220161282 0.7
0.9807852804032304 -0.1950903220161282 0.675
0.9807852804032304 -0.1950903220161282 0.75
0.9807852804032304 -0.1950903220161282 0.7249999999999999
0.9807852804032304 -0.1950903220161282 0.8
0.9807852804032304 -0.1950903220161282 0.775
0.9807852804032304 -0.1950903220161282 0.85
0.9807852804032304 -0.1950903220161282 0.825
0.9807852804032304 -0.1950903220161282 0.9
0.9807852804032304 -0.1950903220161282 0.875
0.9807852804032304 -0.1950903220161282 0.95
0.9807852804032304 -0.1950903220161282 0.925
0.9807852804032304 -0.1950903220161282 0.9749999999999999
2 108 0 273
13941
13942
13943
13944
13945
13946
13947
13948
13949
13950
13951
13952
13953
13954
13955
13956
13957
13958
13959
13960
13961
13962
13963
13964
13965
13966
13967
13968
13969
13970
13971
13972
13973
13974
13975
13976
13977
13978
13979
13980
13981
13982
13983
13984
13985
13986
13987
13988
13989
13990
13991
13992
13993
13994
13995
13996
13997
13998
13999
14000
14001
14002
14003
14004
14005
14006
14007
14008
14009
14010
14011
14012
14013
14014
14015
14016
14017
14018
14019
14020
14021
14022
14023
14024
14025
14026
14027
14028
14029
14030
14031
14032
14033
14034
14035
14036
14037
14038
14039
14040
14041
14042
14043
14044
14045
14046
14047
14048
14049
14050
14051
14052
14053
14054
14055
14056
14057
14058
14059
14060
14061
14062
14063
14064
14065
14066
14067
14068
14069
14070
14071
14072
14073
14074
14075
14076
14077
14078
14079
14080
14081
14082
14083
14084
14085
14086
14087
14088
14089
14090
14091
14092
14093
14094
14095
14096
14097
14098
14099
14100
14101
14102
14103
14104
14105
14106
14107
14108
14109
14110
14111
14112
14113
14114
14115
14116
14117
14118
14119
14120
14121
14122
14123
14124
14125
14126
14127
14128
14129
14130
14131
14132
14133
14134
14135
14136
14137
14138
14139
14140
14141
14142
14143
14144
14145
14146
14147
14148
14149
14150
14151
14152
14153
14154
14155
14156
14157
14158
14159
14160
14161
14162
14163
14164
14165
14166
14167
14168
14169
14170
14171
14172
14173
14174
14175
14176
14177
14178
14179
14180
14181
14182
14183
14184
14185
14186
14187
14188
14189
14190
14191
14192
14193
14194
14195
14196
14197
14198
14199
14200
14201
14202
14203
14204
14205
14206
14207
14208
14209
14210
14211
14212
14213
-0.923879532511287 0.3826834323650892 4.05
-0.923879532511287 0.3826834323650892 4.1
-0.923879532511287 0.3826834323650892 4.15
-0.923879532511287 0.3826834323650892 4.2
-0.923879532511287 0.3826834323650892 4.25
-0.923879532511287 0.3826834323650892 4.3
-0.923879532511287 0.3826834323650892 4.35
-0.923879532511287 0.3826834323650892 4.4
-0.923879532511287 0.3826834323650892 4.45
-0.923879532511287 0.3826834323650892 4.5
-0.923879532511287 0.3826834323650892 4.55
-0.923879532511287 0.3826834323650892 4.6
-0.923879532511287 0.3826834323650892 4.65
-0.923879532511287 0.3826834323650892 4.7
-0.923879532511287 0.3826834323650892 4.75
-0.923879532511287 0.3826834323650892 4.8
-0.923879532511287 0.3826834323650892 4.85
-0.923879532511287 0.3826834323650892 4.9
-0.923879532511287 0.3826834323650892 4.95
-0.7071067811865489 0.7071067811865461 4.05
-0.7071067811865489 0.7071067811865461 4.1
-0.7071067811865489 0.7071067811865461 4.15
-0.7071067811865489 0.7071067811865461 4.2
-0.7071067811865489 0.7071067811865461 4.25
-0.7071067811865489 0.7071067811865461 4.3
-0.7071067811865489 0.7071067811865461 4.35
-0.7071067811865489 0.7071067811865461 4.4
-0.7071067811865489 0.7071067811865461 4.45
-0.7071067811865489 0.7071067811865461 4.5
-0.7071067811865489 0.7071067811865461 4.55
-0.7071067811865489 0.7071067811865461 4.6
-0.7071067811865489 0.7071067811865461 4.65
-0.7071067811865489 0.7071067811865461 4.7
-0.7071067811865489 0.7071067811865461 4.75
-0.7071067811865489 0.7071067811865461 4.8
-0.7071067811865489 0.7071067811865461 4.85
-0.7071067811865489 0.7071067811865461 4.9
-0.7071067811865489 0.7071067811865461 4.95
-0.3826834323650912 0.9238795325112862 4.05
-0.3826834323650912 0.9238795325112862 4.1
-0.3826834323650912 0.9238795325112862 4.15
-0.3826834323650912 0.9238795325112862 4.2
-0.3826834323650912 0.9238795325112862 4.25
-0.3826834323650912 0.9238795325112862 4.3
-0.3826834323650912 0.9238795325112862 4.35
-0.3826834323650912 0.9238795325112862 4.4
-0.3826834323650912 0.9238795325112862 4.45
-0.3826834323650912 0.9238795325112862 4.5
-0.3826834323650912 0.9238795325112862 4.55
-0.3826834323650912 0.9238795325112862 4.6
-0.3826834323650912 0.9238795325112862 4.65
-0.3826834323650912 0.9238795325112862 4.7
-0.3826834323650912 0.9238795325112862 4.75
-0.3826834323650912 0.9238795325112862 4.8
-0.3826834323650912 0.9238795325112862 4.85
-0.3826834323650912 0.9238795325112862 4.9
-0.3826834323650912 0.9238795325112862 4.95
-0.9807852804032305 0.1950903220161279 4.05
-0.923879532511287 0.3826834323650892 4.025
-0.9807852804032305 0.1950903220161279 4.025
-0.9807852804032305 0.1950903220161279 4.1
-0.923879532511287 0.3826834323650892 4.074999999999999
-0.9807852804032305 0.1950903220161279 4.075
-0.9807852804032305 0.1950903220161279 4.15
-0.923879532511287 0.3826834323650892 4.125
-0.9807852804032305 0.1950903220161279 4.125
-0.9807852804032305 0.1950903220161279 4.2
-0.923879532511287 0.3826834323650892 4.175000000000001
-0.9807852804032305 0.1950903220161279 4.175
-0.9807852804032305 0.1950903220161279 4.25
-0.923879532511287 0.3826834323650892 4.225
-0.9807852804032305 0.1950903220161279 4.225
-0.9807852804032305 0.1950903220161279 4.3
-0.923879532511287 0.3826834323650892 4.275
-0.9807852804032305 0.1950903220161279 4.275
-0.9807852804032305 0.1950903220161279 4.35
-0.923879532511287 0.3826834323650892 4.324999999999999
-0.9807852804032305 0.1950903220161279 4.325
-0.9807852804032305 0.1950903220161279 4.4
-0.923879532511287 0.3826834323650892 4.375
-0.9807852804032305 0.1950903220161279 4.375
-0.9807852804032305 0.1950903220161279 4.45
-0.923879532511287 0.3826834323650892 4.425000000000001
-0.9807852804032305 0.1950903220161279 4.425
-0.9807852804032305 0.1950903220161279 4.5
-0.923879532511287 0.3826834323650892 4.475
-0.9807852804032305 0.1950903220161279 4.475
-0.9807852804032305 0.1950903220161279 4.55
-0.923879532511287 0.3826834323650892 4.525
-0.9807852804032305 0.1950903220161279 4.525
-0.9807852804032305 0.1950903220161279 4.6
-0.923879532511287 0.3826834323650892 4.574999999999999
-0.9807852804032305 0.1950903220161279 4.575
-0.9807852804032305 0.1950903220161279 4.65
-0.923879532511287 0.3826834323650892 4.625
-0.9807852804032305 0.1950903220161279 4.625
-0.9807852804032305 0.1950903220161279 4.7
-0.923879532511287 0.3826834323650892 4.675000000000001
-0.9807852804032305 0.1950903220161279 4.675
-0.9807852804032305 0.1950903220161279 4.75
-0.923879532511287 0.3826834323650892 4.725
-0.9807852804032305 0.1950903220161279 4.725
-0.9807852804032305 0.1950903220161279 4.8
-0.923879532511287 0.3826834323650892 4.775
-0.9807852804032305 0.1950903220161279 4.775
-0.9807852804032305 0.1950903220161279 4.85
-0.923879532511287 0.3826834323650892 4.824999999999999
-0.9807852804032305 0.1950903220161279 4.825
-0.9807852804032305 0.1950903220161279 4.9
-0.923879532511287 0.3826834323650892 4.875
-0.9807852804032305 0.1950903220161279 4.875
-0.9807852804032305 0.1950903220161279 4.95
-0.923879532511287 0.3826834323650892 4.925000000000001
-0.9807852804032305 0.1950903220161279 4.925
-0.923879532511287 0.3826834323650892 4.975
-0.9807852804032305 0.1950903220161279 4.975
-0.8314696123025459 0.5555702330196012 4.05
-0.7071067811865489 0.7071067811865461 4.025
-0.831469612302546 0.5555702330196012 4.025
-0.8314696123025459 0.5555702330196012 4.1
-0.7071067811865489 0.7071067811865461 4.074999999999999
-0.831469612302546 0.5555702330196012 4.074999999999999
-0.8314696123025459 0.5555702330196012 4.15
-0.7071067811865489 0.7071067811865461 4.125
-0.831469612302546 0.5555702330196012 4.125
-0.8314696123025459 0.5555702330196012 4.2
-0.7071067811865489 0.7071067811865461 4.175000000000001
-0.831469612302546 0.5555702330196012 4.175000000000001
-0.8314696123025459 0.5555702330196012 4.25
-0.7071067811865489 0.7071067811865461 4.225
-0.831469612302546 0.5555702330196012 4.225
-0.8314696123025459 0.5555702330196012 4.3
-0.7071067811865489 0.7071067811865461 4.275
-0.831469612302546 0.5555702330196012 4.275
-0.8314696123025459 0.5555702330196012 4.35
-0.7071067811865489 0.7071067811865461 4.324999999999999
-0.831469612302546 0.5555702330196012 4.324999999999999
-0.8314696123025459 0.5555702330196012 4.4
-0.7071067811865489 0.7071067811865461 4.375
-0.831469612302546 0.5555702330196012 4.375
-0.8314696123025459 0.5555702330196012 4.45
-0.7071067811865489 0.7071067811865461 4.425000000000001
-0.831469612302546 0.5555702330196012 4.425000000000001
-0.8314696123025459 0.5555702330196012 4.5
-0.7071067811865489 0.7071067811865461 4.475
-0.831469612302546 0.5555702330196012 4.475
-0.8314696123025459 0.5555702330196012 4.55
-0.7071067811865489 0.7071067811865461 4.525
-0.831469612302546 0.5555702330196012 4.525
-0.8314696123025459 0.5555702330196012 4.6
-0.7071067811865489 0.7071067811865461 4.574999999999999
-0.831469612302546 0.5555702330196012 4.574999999999999
-0.8314696123025459 0.5555702330196012 4.65
-0.7071067811865489 0.7071067811865461 4.625
-0.831469612302546 0.5555702330196012 4.625
-0.8314696123025459 0.5555702330196012 4.7
-0.7071067811865489 0.7071067811865461 4.675000000000001
-0.831469612302546 0.5555702330196012 4.675000000000001
-0.8314696123025459 0.5555702330196012 4.75
-0.7071067811865489 0.7071067811865461 4.725
-0.831469612302546 0.5555702330196012 4.725
-0.8314696123025459 0.5555702330196012 4.8
-0.7071067811865489 0.7071067811865461 4.775
-0.831469612302546 0.5555702330196012 4.775
-0.8314696123025459 0.5555702330196012 4.85
-0.7071067811865489 0.7071067811865461 4.824999999999999
-0.831469612302546 0.5555702330196012 4.824999999999999
-0.8314696123025459 0.5555702330196012 4.9
-0.7071067811865489 0.7071067811865461 4.875
-0.831469612302546 0.5555702330196012 4.875
-0.8314696123025459 0.5555702330196012 4.95
-0.7071067811865489 0.7071067811865461 4.925000000000001
-0.831469612302546 0.5555702330196012 4.925000000000001
-0.7071067811865489 0.7071067811865461 4.975
-0.831469612302546 0.5555702330196012 4.975
-0.5555702330196036 0.8314696123025442 4.05
-0.3826834323650912 0.9238795325112862 4.025
-0.5555702330196035 0.8314696123025442 4.025
-0.5555702330196036 0.8314696123025442 4.1
-0.3826834323650912 0.9238795325112862 4.074999999999999
-0.5555702330196035 0.8314696123025442 4.074999999999999
-0.5555702330196036 0.8314696123025442 4.15
-0.3826834323650912 0.9238795325112862 4.125
-0.5555702330196035 0.8314696123025442 4.125
-0.5555702330196036 0.8314696123025442 4.2
-0.3826834323650912 0.9238795325112862 4.175000000000001
-0.5555702330196035 0.8314696123025442 4.175000000000001
-0.5555702330196036 0.8314696123025442 4.25
-0.3826834323650912 0.9238795325112862 4.225
-0.5555702330196035 0.8314696123025442 4.225
-0.5555702330196036 0.8314696123025442 4.3
-0.3826834323650912 0.9238795325112862 4.275
-0.5555702330196035 0.8314696123025442 4.275
-0.5555702330196036 0.8314696123025442 4.35
-0.3826834323650912 0.9238795325112862 4.324999999999999
-0.5555702330196035 0.8314696123025442 4.324999999999999
-0.5555702330196036 0.8314696123025442 4.4
-0.3826834323650912 0.9238795325112862 4.375
-0.5555702330196035 0.8314696123025442 4.375
-0.5555702330196036 0.8314696123025442 4.45
-0.3826834323650912 0.9238795325112862 4.425000000000001
-0.5555702330196035 0.8314696123025442 4.425000000000001
-0.5555702330196036 0.8314696123025442 4.5
-0.3826834323650912 0.9238795325112862 4.475
-0.5555702330196035 0.8314696123025442 4.475
-0.5555702330196036 0.8314696123025442 4.55
-0.3826834323650912 0.9238795325112862 4.525
-0.5555702330196035 0.8314696123025442 4.525
-0.5555702330196036 0.8314696123025442 4.6
-0.3826834323650912 0.9238795325112862 4.574999999999999
-0.5555702330196035 0.8314696123025442 4.574999999999999
-0.5555702330196036 0.8314696123025442 4.65
-0.3826834323650912 0.9238795325112862 4.625
-0.5555702330196035 0.8314696123025442 4.625
-0.5555702330196036 0.8314696123025442 4.7
-0.3826834323650912 0.9238795325112862 4.675000000000001
-0.5555702330196035 0.8314696123025442 4.675000000000001
-0.5555702330196036 0.8314696123025442 4.75
-0.3826834323650912 0.9238795325112862 4.725
-0.5555702330196035 0.8314696123025442 4.725
-0.5555702330196036 0.8314696123025442 4.8
-0.3826834323650912 0.9238795325112862 4.775
-0.5555702330196035 0.8314696123025442 4.775
-0.5555702330196036 0.8314696123025442 4.85
-0.3826834323650912 0.9238795325112862 4.824999999999999
-0.5555702330196035 0.8314696123025442 4.824999999999999
-0.5555702330196036 0.8314696123025442 4.9
-0.3826834323650912 0.9238795325112862 4.875
-0.5555702330196035 0.8314696123025442 4.875
-0.5555702330196036 0.8314696123025442 4.95
-0.3826834323650912 0.9238795325112862 4.925000000000001
-0.5555702330196035 0.8314696123025442 4.925000000000001
-0.3826834323650912 0.9238795325112862 4.975
-0.5555702330196035 0.8314696123025442 4.975
-0.1950903220161295 0.9807852804032302 4.05
-0.1950903220161295 0.9807852804032302 4.025
-0.1950903220161295 0.9807852804032302 4.1
-0.1950903220161295 0.9807852804032302 4.075
-0.1950903220161295 0.9807852804032302 4.15
-0.1950903220161295 0.9807852804032302 4.125
-0.1950903220161295 0.9807852804032302 4.2
-0.1950903220161295 0.9807852804032302 4.175
-0.1950903220161295 0.9807852804032302 4.25
-0.1950903220161295 0.9807852804032302 4.225
-0.1950903220161295 0.9807852804032302 4.3
-0.1950903220161295 0.9807852804032302 4.275
-0.1950903220161295 0.9807852804032302 4.35
-0.1950903220161295 0.9807852804032302 4.325
-0.1950903220161295 0.9807852804032302 4.4
-0.1950903220161295 0.9807852804032302 4.375
-0.1950903220161295 0.9807852804032302 4.45
-0.1950903220161295 0.9807852804032302 4.425
-0.1950903220161295 0.9807852804032302 4.5
-0.1950903220161295 0.9807852804032302 4.475
-0.1950903220161295 0.9807852804032302 4.55
-0.1950903220161295 0.9807852804032302 4.525
-0.1950903220161295 0.9807852804032302 4.6
-0.1950903220161295 0.9807852804032302 4.575
-0.1950903220161295 0.9807852804032302 4.65
-0.1950903220161295 0.9807852804032302 4.625
-0.1950903220161295 0.9807852804032302 4.7
-0.1950903220161295 0.9807852804032302 4.675
-0.1950903220161295 0.9807852804032302 4.75
-0.1950903220161295 0.9807852804032302 4.725
-0.1950903220161295 0.9807852804032302 4.8
-0.1950903220161295 0.9807852804032302 4.775
-0.1950903220161295 0.9807852804032302 4.85
-0.1950903220161295 0.9807852804032302 4.825
-0.1950903220161295 0.9807852804032302 4.9
-0.1950903220161295 0.9807852804032302 4.875
-0.1950903220161295 0.9807852804032302 4.95
-0.1950903220161295 0.9807852804032302 4.925
-0.1950903220161295 0.9807852804032302 4.975
2 109 0 273
14214
14215
14216
14217
14218
14219
14220
14221
14222
14223
14224
14225
14226
14227
14228
14229
14230
14231
14232
14233
14234
14235
14236
14237
14238
14239
14240
14241
14242
14243
14244
14245
14246
14247
14248
14249
14250
14251
14252
14253
14254
14255
14256
14257
14258
14259
14260
14261
14262
14263
14264
14265
14266
14267
14268
14269
14270
14271
14272
14273
14274
14275
14276
14277
14278
14279
14280
14281
14282
14283
14284
14285
14286
14287
14288
14289
14290
14291
14292
14293
14294
14295
14296
14297
14298
14299
14300
14301
14302
14303
14304
14305
14306
14307
14308
14309
14310
14311
14312
14313
14314
14315
14316
14317
14318
14319
14320
14321
14322
14323
14324
14325
14326
14327
14328
14329
14330
14331
14332
14333
14334
14335
14336
14337
14338
14339
14340
14341
14342
14343
14344
14345
14346
14347
14348
14349
14350
14351
14352
14353
14354
14355
14356
14357
14358
14359
14360
14361
14362
14363
14364
14365
14366
14367
14368
14369
14370
14371
14372
14373
14374
14375
14376
14377
14378
14379
14380
14381
14382
14383
14384
14385
14386
14387
14388
14389
14390
14391
14392
14393
14394
14395
14396
14397
14398
14399
14400
14401
14402
14403
14404
14405
14406
14407
14408
14409
14410
14411
14412
14413
14414
14415
14416
14417
14418
14419
14420
14421
14422
14423
14424
14425
14426
14427
14428
14429
14430
14431
14432
14433
14434
14435
14436
14437
14438
14439
14440
14441
14442
14443
14444
14445
14446
14447
14448
14449
14450
14451
14452
14453
14454
14455
14456
14457
14458
14459
14460
14461
14462
14463
14464
14465
14466
14467
14468
14469
14470
14471
14472
14473
14474
14475
14476
14477
14478
14479
14480
14481
14482
14483
14484
14485
14486
-0.3826834323650905 -0.9238795325112864 4.05
-0.3826834323650905 -0.9238795325112864 4.1
-0.3826834323650905 -0.9238795325112864 4.15
-0.3826834323650905 -0.9238795325112864 4.2
-0.3826834323650905 -0.9238795325112864 4.25
-0.3826834323650905 -0.9238795325112864 4.3
-0.3826834323650905 -0.9238795325112864 4.35
-0.3826834323650905 -0.9238795325112864 4.4
-0.3826834323650905 -0.9238795325112864 4.45
-0.3826834323650905 -0.9238795325112864 4.5
-0.3826834323650905 -0.9238795325112864 4.55
-0.3826834323650905 -0.9238795325112864 4.6
-0.3826834323650905 -0.9238795325112864 4.65
-0.3826834323650905 -0.9238795325112864 4.7
-0.3826834323650905 -0.9238795325112864 4.75
-0.3826834323650905 -0.9238795325112864 4.8
-0.3826834323650905 -0.9238795325112864 4.85
-0.3826834323650905 -0.9238795325112864 4.9
-0.3826834323650905 -0.9238795325112864 4.95
-0.7071067811865478 -0.7071067811865472 4.05
-0.7071067811865478 -0.7071067811865472 4.1
-0.7071067811865478 -0.7071067811865472 4.15
-0.7071067811865478 -0.7071067811865472 4.2
-0.7071067811865478 -0.7071067811865472 4.25
-0.7071067811865478 -0.7071067811865472 4.3
-0.7071067811865478 -0.7071067811865472 4.35
-0.7071067811865478 -0.7071067811865472 4.4
-0.7071067811865478 -0.7071067811865472 4.45
-0.7071067811865478 -0.7071067811865472 4.5
-0.7071067811865478 -0.7071067811865472 4.55
-0.7071067811865478 -0.7071067811865472 4.6
-0.7071067811865478 -0.7071067811865472 4.65
-0.7071067811865478 -0.7071067811865472 4.7
-0.7071067811865478 -0.7071067811865472 4.75
-0.7071067811865478 -0.7071067811865472 4.8
-0.7071067811865478 -0.7071067811865472 4.85
-0.7071067811865478 -0.7071067811865472 4.9
-0.7071067811865478 -0.7071067811865472 4.95
-0.9238795325112868 -0.3826834323650894 4.05
-0.9238795325112868 -0.3826834323650894 4.1
-0.9238795325112868 -0.3826834323650894 4.15
-0.9238795325112868 -0.3826834323650894 4.2
-0.9238795325112868 -0.3826834323650894 4.25
-0.9238795325112868 -0.3826834323650894 4.3
-0.9238795325112868 -0.3826834323650894 4.35
-0.9238795325112868 -0.3826834323650894 4.4
-0.9238795325112868 -0.3826834323650894 4.45
-0.9238795325112868 -0.3826834323650894 4.5
-0.9238795325112868 -0.3826834323650894 4.55
-0.9238795325112868 -0.3826834323650894 4.6
-0.9238795325112868 -0.3826834323650894 4.65
-0.9238795325112868 -0.3826834323650894 4.7
-0.9238795325112868 -0.3826834323650894 4.75
-0.9238795325112868 -0.3826834323650894 4.8
-0.9238795325112868 -0.3826834323650894 4.85
-0.9238795325112868 -0.3826834323650894 4.9
-0.9238795325112868 -0.3826834323650894 4.95
-0.1950903220161286 -0.9807852804032304 4.05
-0.3826834323650905 -0.9238795325112864 4.025
-0.1950903220161286 -0.9807852804032304 4.025
-0.1950903220161286 -0.9807852804032304 4.1
-0.3826834323650905 -0.9238795325112864 4.074999999999999
-0.1950903220161286 -0.9807852804032304 4.075
-0.1950903220161286 -0.9807852804032304 4.15
-0.3826834323650905 -0.9238795325112864 4.125
-0.1950903220161286 -0.9807852804032304 4.125
-0.1950903220161286 -0.9807852804032304 4.2
-0.3826834323650905 -0.9238795325112864 4.175000000000001
-0.1950903220161286 -0.9807852804032304 4.175
-0.1950903220161286 -0.9807852804032304 4.25
-0.3826834323650905 -0.9238795325112864 4.225
-0.1950903220161286 -0.9807852804032304 4.225
-0.1950903220161286 -0.9807852804032304 4.3
-0.3826834323650905 -0.9238795325112864 4.275
-0.1950903220161286 -0.9807852804032304 4.275
-0.1950903220161286 -0.9807852804032304 4.35
-0.3826834323650905 -0.9238795325112864 4.324999999999999
-0.1950903220161286 -0.9807852804032304 4.325
-0.1950903220161286 -0.9807852804032304 4.4
-0.3826834323650905 -0.9238795325112864 4.375
-0.1950903220161286 -0.9807852804032304 4.375
-0.1950903220161286 -0.9807852804032304 4.45
-0.3826834323650905 -0.9238795325112864 4.425000000000001
-0.1950903220161286 -0.9807852804032304 4.425
-0.1950903220161286 -0.9807852804032304 4.5
-0.3826834323650905 -0.9238795325112864 4.475
-0.1950903220161286 -0.9807852804032304 4.475
-0.1950903220161286 -0.9807852804032304 4.55
-0.3826834323650905 -0.9238795325112864 4.525
-0.1950903220161286 -0.9807852804032304 4.525
-0.1950903220161286 -0.9807852804032304 4.6
-0.3826834323650905 -0.9238795325112864 4.574999999999999
-0.1950903220161286 -0.9807852804032304 4.575
-0.1950903220161286 -0.9807852804032304 4.65
-0.3826834323650905 -0.9238795325112864 4.625
-0.1950903220161286 -0.9807852804032304 4.625
-0.1950903220161286 -0.9807852804032304 4.7
-0.3826834323650905 -0.9238795325112864 4.675000000000001
-0.1950903220161286 -0.9807852804032304 4.675
-0.1950903220161286 -0.9807852804032304 4.75
-0.3826834323650905 -0.9238795325112864 4.725
-0.1950903220161286 -0.9807852804032304 4.725
-0.1950903220161286 -0.9807852804032304 4.8
-0.3826834323650905 -0.9238795325112864 4.775
-0.1950903220161286 -0.9807852804032304 4.775
-0.1950903220161286 -0.9807852804032304 4.85
-0.3826834323650905 -0.9238795325112864 4.824999999999999
-0.1950903220161286 -0.9807852804032304 4.825
-0.1950903220161286 -0.9807852804032304 4.9
-0.3826834323650905 -0.9238795325112864 4.875
-0.1950903220161286 -0.9807852804032304 4.875
-0.1950903220161286 -0.9807852804032304 4.95
-0.3826834323650905 -0.9238795325112864 4.925000000000001
-0.1950903220161286 -0.9807852804032304 4.925
-0.3826834323650905 -0.9238795325112864 4.975
-0.1950903220161286 -0.9807852804032304 4.975
-0.5555702330196027 -0.8314696123025449 4.05
-0.7071067811865478 -0.7071067811865472 4.025
-0.5555702330196026 -0.8314696123025449 4.025
-0.5555702330196027 -0.8314696123025449 4.1
-0.7071067811865478 -0.7071067811865472 4.074999999999999
-0.5555702330196026 -0.8314696123025449 4.074999999999999
-0.5555702330196027 -0.8314696123025449 4.15
-0.7071067811865478 -0.7071067811865472 4.125
-0.5555702330196026 -0.8314696123025449 4.125
-0.5555702330196027 -0.8314696123025449 4.2
-0.7071067811865478 -0.7071067811865472 4.175000000000001
-0.5555702330196026 -0.8314696123025449 4.175000000000001
-0.5555702330196027 -0.8314696123025449 4.25
-0.7071067811865478 -0.7071067811865472 4.225
-0.5555702330196026 -0.8314696123025449 4.225
-0.5555702330196027 -0.8314696123025449 4.3
-0.7071067811865478 -0.7071067811865472 4.275
-0.5555702330196026 -0.8314696123025449 4.275
-0.5555702330196027 -0.8314696123025449 4.35
-0.7071067811865478 -0.7071067811865472 4.324999999999999
-0.5555702330196026 -0.8314696123025449 4.324999999999999
-0.5555702330196027 -0.8314696123025449 4.4
-0.7071067811865478 -0.7071067811865472 4.375
-0.5555702330196026 -0.8314696123025449 4.375
-0.5555702330196027 -0.8314696123025449 4.45
-0.7071067811865478 -0.7071067811865472 4.425000000000001
-0.5555702330196026 -0.8314696123025449 4.425000000000001
-0.5555702330196027 -0.8314696123025449 4.5
-0.7071067811865478 -0.7071067811865472 4.475
-0.5555702330196026 -0.8314696123025449 4.475
-0.5555702330196027 -0.8314696123025449 4.55
-0.7071067811865478 -0.7071067811865472 4.525
-0.5555702330196026 -0.8314696123025449 4.525
-0.5555702330196027 -0.8314696123025449 4.6
-0.7071067811865478 -0.7071067811865472 4.574999999999999
-0.5555702330196026 -0.8314696123025449 4.574999999999999
-0.5555702330196027 -0.8314696123025449 4.65
-0.7071067811865478 -0.7071067811865472 4.625
-0.5555702330196026 -0.8314696123025449 4.625
-0.5555702330196027 -0.8314696123025449 4.7
-0.7071067811865478 -0.7071067811865472 4.675000000000001
-0.5555702330196026 -0.8314696123025449 4.675000000000001
-0.5555702330196027 -0.8314696123025449 4.75
-0.7071067811865478 -0.7071067811865472 4.725
-0.5555702330196026 -0.8314696123025449 4.725
-0.5555702330196027 -0.8314696123025449 4.8
-0.7071067811865478 -0.7071067811865472 4.775
-0.5555702330196026 -0.8314696123025449 4.775
-0.5555702330196027 -0.8314696123025449 4.85
-0.7071067811865478 -0.7071067811865472 4.824999999999999
-0.5555702330196026 -0.8314696123025449 4.824999999999999
-0.5555702330196027 -0.8314696123025449 4.9
-0.7071067811865478 -0.7071067811865472 4.875
-0.5555702330196026 -0.8314696123025449 4.875
-0.5555702330196027 -0.8314696123025449 4.95
-0.7071067811865478 -0.7071067811865472 4.925000000000001
-0.5555702330196026 -0.8314696123025449 4.925000000000001
-0.7071067811865478 -0.7071067811865472 4.975
-0.5555702330196026 -0.8314696123025449 4.975
-0.8314696123025453 -0.5555702330196022 4.05
-0.9238795325112868 -0.3826834323650894 4.025
-0.8314696123025455 -0.555570233019602 4.025
-0.8314696123025453 -0.5555702330196022 4.1
-0.9238795325112868 -0.3826834323650894 4.074999999999999
-0.8314696123025453 -0.5555702330196022 4.074999999999999
-0.8314696123025453 -0.5555702330196022 4.15
-0.9238795325112868 -0.3826834323650894 4.125
-0.8314696123025453 -0.5555702330196022 4.125
-0.8314696123025453 -0.5555702330196022 4.2
-0.9238795325112868 -0.3826834323650894 4.175000000000001
-0.8314696123025453 -0.5555702330196022 4.175000000000001
-0.8314696123025453 -0.5555702330196022 4.25
-0.9238795325112868 -0.3826834323650894 4.225
-0.8314696123025453 -0.5555702330196022 4.225
-0.8314696123025453 -0.5555702330196022 4.3
-0.9238795325112868 -0.3826834323650894 4.275
-0.8314696123025453 -0.5555702330196022 4.275
-0.8314696123025453 -0.5555702330196022 4.35
-0.9238795325112868 -0.3826834323650894 4.324999999999999
-0.8314696123025453 -0.5555702330196022 4.324999999999999
-0.8314696123025453 -0.5555702330196022 4.4
-0.9238795325112868 -0.3826834323650894 4.375
-0.8314696123025453 -0.5555702330196022 4.375
-0.8314696123025453 -0.5555702330196022 4.45
-0.9238795325112868 -0.3826834323650894 4.425000000000001
-0.8314696123025453 -0.5555702330196022 4.425000000000001
-0.8314696123025453 -0.5555702330196022 4.5
-0.9238795325112868 -0.3826834323650894 4.475
-0.8314696123025453 -0.5555702330196022 4.475
-0.8314696123025453 -0.5555702330196022 4.55
-0.9238795325112868 -0.3826834323650894 4.525
-0.8314696123025453 -0.5555702330196022 4.525
-0.8314696123025453 -0.5555702330196022 4.6
-0.9238795325112868 -0.3826834323650894 4.574999999999999
-0.8314696123025453 -0.5555702330196022 4.574999999999999
-0.8314696123025453 -0.5555702330196022 4.65
-0.9238795325112868 -0.3826834323650894 4.625
-0.8314696123025453 -0.5555702330196022 4.625
-0.8314696123025453 -0.5555702330196022 4.7
-0.9238795325112868 -0.3826834323650894 4.675000000000001
-0.8314696123025453 -0.5555702330196022 4.675000000000001
-0.8314696123025453 -0.5555702330196022 4.75
-0.9238795325112868 -0.3826834323650894 4.725
-0.8314696123025453 -0.5555702330196022 4.725
-0.8314696123025453 -0.5555702330196022 4.8
-0.9238795325112868 -0.3826834323650894 4.775
-0.8314696123025453 -0.5555702330196022 4.775
-0.8314696123025453 -0.5555702330196022 4.85
-0.9238795325112868 -0.3826834323650894 4.824999999999999
-0.8314696123025453 -0.5555702330196022 4.824999999999999
-0.8314696123025453 -0.5555702330196022 4.9
-0.9238795325112868 -0.3826834323650894 4.875
-0.8314696123025453 -0.5555702330196022 4.875
-0.8314696123025453 -0.5555702330196022 4.95
-0.9238795325112868 -0.3826834323650894 4.925000000000001
-0.8314696123025453 -0.5555702330196022 4.925000000000001
-0.9238795325112868 -0.3826834323650894 4.975
-0.8314696123025455 -0.555570233019602 4.975
-0.9807852804032304 -0.1950903220161282 4.05
-0.9807852804032304 -0.1950903220161282 4.025
-0.9807852804032304 -0.1950903220161282 4.1
-0.9807852804032304 -0.1950903220161282 4.075
-0.9807852804032304 -0.1950903220161282 4.15
-0.9807852804032304 -0.1950903220161282 4.125
-0.9807852804032304 -0.1950903220161282 4.2
-0.9807852804032304 -0.1950903220161282 4.175
-0.9807852804032304 -0.1950903220161282 4.25
-0.9807852804032304 -0.1950903220161282 4.225
-0.9807852804032304 -0.1950903220161282 4.3
-0.9807852804032304 -0.1950903220161282 4.275
-0.9807852804032304 -0.1950903220161282 4.35
-0.9807852804032304 -0.1950903220161282 4.325
-0.9807852804032304 -0.1950903220161282 4.4
-0.9807852804032304 -0.1950903220161282 4.375
-0.9807852804032304 -0.1950903220161282 4.45
-0.9807852804032304 -0.1950903220161282 4.425
-0.9807852804032304 -0.1950903220161282 4.5
-0.9807852804032304 -0.1950903220161282 4.475
-0.9807852804032304 -0.1950903220161282 4.55
-0.9807852804032304 -0.1950903220161282 4.525
-0.9807852804032304 -0.1950903220161282 4.6
-0.9807852804032304 -0.1950903220161282 4.575
-0.9807852804032304 -0.1950903220161282 4.65
-0.9807852804032304 -0.1950903220161282 4.625
-0.9807852804032304 -0.1950903220161282 4.7
-0.9807852804032304 -0.1950903220161282 4.675
-0.9807852804032304 -0.1950903220161282 4.75
-0.9807852804032304 -0.1950903220161282 4.725
-0.9807852804032304 -0.1950903220161282 4.8
-0.9807852804032304 -0.1950903220161282 4.775
-0.9807852804032304 -0.1950903220161282 4.85
-0.9807852804032304 -0.1950903220161282 4.825
-0.9807852804032304 -0.1950903220161282 4.9
-0.9807852804032304 -0.1950903220161282 4.875
-0.9807852804032304 -0.1950903220161282 4.95
-0.9807852804032304 -0.1950903220161282 4.925
-0.9807852804032304 -0.1950903220161282 4.975
2 110 0 117
14487
14488
14489
14490
14491
14492
14493
14494
14495
14496
14497
14498
14499
14500
14501
14502
14503
14504
14505
14506
14507
14508
14509
14510
14511
14512
14513
14514
14515
14516
14517
14518
14519
14520
14521
14522
14523
14524
14525
14526
14527
14528
14529
14530
14531
14532
14533
14534
14535
14536
14537
14538
14539
14540
14541
14542
14543
14544
14545
14546
14547
14548
14549
14550
14551
14552
14553
14554
14555
14556
14557
14558
14559
14560
14561
14562
14563
14564
14565
14566
14567
14568
14569
14570
14571
14572
14573
14574
14575
14576
14577
14578
14579
14580
14581
14582
14583
14584
14585
14586
14587
14588
14589
14590
14591
14592
14593
14594
14595
14596
14597
14598
14599
14600
14601
14602
14603
0.7071067811865477 0.7071067811865475 0.05
0.7071067811865477 0.7071067811865475 0.1
0.7071067811865477 0.7071067811865475 0.15
0.7071067811865477 0.7071067811865475 0.2
0.7071067811865477 0.7071067811865475 0.25
0.7071067811865477 0.7071067811865475 0.3
0.7071067811865477 0.7071067811865475 0.35
0.7071067811865477 0.7071067811865475 0.4
0.7071067811865477 0.7071067811865475 0.45
0.7071067811865477 0.7071067811865475 0.5
0.7071067811865477 0.7071067811865475 0.55
0.7071067811865477 0.7071067811865475 0.6
0.7071067811865477 0.7071067811865475 0.65
0.7071067811865477 0.7071067811865475 0.7
0.7071067811865477 0.7071067811865475 0.75
0.7071067811865477 0.7071067811865475 0.8
0.7071067811865477 0.7071067811865475 0.85
0.7071067811865477 0.7071067811865475 0.9
0.7071067811865477 0.7071067811865475 0.95
0.9238795325112868 0.3826834323650897 0.05
0.7071067811865479 0.7071067811865471 0.025
0.9238795325112868 0.3826834323650895 0.025
0.9238795325112868 0.3826834323650897 0.1
0.7071067811865479 0.7071067811865471 0.07500000000000001
0.9238795325112868 0.3826834323650895 0.07500000000000001
0.9238795325112868 0.3826834323650897 0.15
0.7071067811865479 0.7071067811865471 0.125
0.9238795325112868 0.3826834323650895 0.125
0.9238795325112868 0.3826834323650897 0.2
0.7071067811865479 0.7071067811865471 0.175
0.9238795325112868 0.3826834323650895 0.175
0.9238795325112868 0.3826834323650897 0.25
0.7071067811865479 0.7071067811865471 0.225
0.9238795325112868 0.3826834323650895 0.225
0.9238795325112868 0.3826834323650897 0.3
0.7071067811865479 0.7071067811865471 0.275
0.9238795325112868 0.3826834323650895 0.275
0.9238795325112868 0.3826834323650897 0.35
0.7071067811865479 0.7071067811865471 0.325
0.9238795325112868 0.3826834323650895 0.325
0.9238795325112868 0.3826834323650897 0.4
0.7071067811865479 0.7071067811865471 0.375
0.9238795325112868 0.3826834323650895 0.375
0.9238795325112868 0.3826834323650897 0.45
0.7071067811865479 0.7071067811865471 0.425
0.9238795325112868 0.3826834323650895 0.425
0.9238795325112868 0.3826834323650897 0.5
0.7071067811865479 0.7071067811865471 0.475
0.9238795325112868 0.3826834323650895 0.475
0.9238795325112868 0.3826834323650897 0.55
0.7071067811865479 0.7071067811865471 0.525
0.9238795325112868 0.3826834323650895 0.525
0.9238795325112868 0.3826834323650897 0.6
0.7071067811865479 0.7071067811865471 0.575
0.9238795325112868 0.3826834323650895 0.575
0.9238795325112868 0.3826834323650897 0.65
0.7071067811865479 0.7071067811865471 0.625
0.9238795325112868 0.3826834323650895 0.625
0.9238795325112868 0.3826834323650897 0.7
0.7071067811865479 0.7071067811865471 0.675
0.9238795325112868 0.3826834323650895 0.675
0.9238795325112868 0.3826834323650897 0.75
0.7071067811865479 0.7071067811865471 0.725
0.9238795325112868 0.3826834323650895 0.7249999999999999
0.9238795325112868 0.3826834323650897 0.8
0.7071067811865479 0.7071067811865471 0.775
0.9238795325112868 0.3826834323650895 0.775
0.9238795325112868 0.3826834323650897 0.85
0.7071067811865479 0.7071067811865471 0.825
0.9238795325112868 0.3826834323650895 0.825
0.9238795325112868 0.3826834323650897 0.9
0.7071067811865479 0.7071067811865471 0.875
0.9238795325112868 0.3826834323650895 0.875
0.9238795325112868 0.3826834323650897 0.95
0.7071067811865479 0.7071067811865471 0.925
0.9238795325112868 0.3826834323650895 0.925
0.7071067811865479 0.7071067811865471 0.975
0.9238795325112868 0.3826834323650895 0.9749999999999999
0.3826834323650903 0.9238795325112865 0.05
0.3826834323650901 0.9238795325112865 0.025
0.3826834323650903 0.9238795325112865 0.1
0.3826834323650904 0.9238795325112863 0.07500000000000001
0.3826834323650903 0.9238795325112865 0.15
0.3826834323650904 0.9238795325112863 0.125
0.3826834323650903 0.9238795325112865 0.2
0.3826834323650904 0.9238795325112863 0.175
0.3826834323650903 0.9238795325112865 0.25
0.3826834323650904 0.9238795325112863 0.225
0.3826834323650903 0.9238795325112865 0.3
0.3826834323650904 0.9238795325112863 0.275
0.3826834323650903 0.9238795325112865 0.35
0.3826834323650904 0.9238795325112863 0.325
0.3826834323650903 0.9238795325112865 0.4
0.3826834323650904 0.9238795325112863 0.375
0.3826834323650903 0.9238795325112865 0.45
0.3826834323650904 0.9238795325112863 0.425
0.3826834323650903 0.9238795325112865 0.5
0.3826834323650904 0.9238795325112863 0.475
0.3826834323650903 0.9238795325112865 0.55
0.3826834323650904 0.9238795325112863 0.525
0.3826834323650903 0.9238795325112865 0.6
0.3826834323650904 0.9238795325112863 0.575
0.3826834323650903 0.9238795325112865 0.65
0.3826834323650904 0.9238795325112863 0.625
0.3826834323650903 0.9238795325112865 0.7
0.3826834323650904 0.9238795325112863 0.675
0.3826834323650903 0.9238795325112865 0.75
0.3826834323650904 0.9238795325112863 0.7249999999999999
0.3826834323650903 0.9238795325112865 0.8
0.3826834323650904 0.9238795325112863 0.775
0.3826834323650903 0.9238795325112865 0.85
0.3826834323650904 0.9238795325112863 0.825
0.3826834323650903 0.9238795325112865 0.9
0.3826834323650904 0.9238795325112863 0.875
0.3826834323650903 0.9238795325112865 0.95
0.3826834323650904 0.9238795325112863 0.925
0.3826834323650901 0.9238795325112865 0.9749999999999999
2 111 0 117
14604
14605
14606
14607
14608
14609
14610
14611
14612
14613
14614
14615
14616
14617
14618
14619
14620
14621
14622
14623
14624
14625
14626
14627
14628
14629
14630
14631
14632
14633
14634
14635
14636
14637
14638
14639
14640
14641
14642
14643
14644
14645
14646
14647
14648
14649
14650
14651
14652
14653
14654
14655
14656
14657
14658
14659
14660
14661
14662
14663
14664
14665
14666
14667
14668
14669
14670
14671
14672
14673
14674
14675
14676
14677
14678
14679
14680
14681
14682
14683
14684
14685
14686
14687
14688
14689
14690
14691
14692
14693
14694
14695
14696
14697
14698
14699
14700
14701
14702
14703
14704
14705
14706
14707
14708
14709
14710
14711
14712
14713
14714
14715
14716
14717
14718
14719
14720
0.7071067811865477 0.7071067811865475 0.95
0.7071067811865477 0.7071067811865475 0.9
0.7071067811865477 0.7071067811865475 0.85
0.7071067811865477 0.7071067811865475 0.8
0.7071067811865477 0.7071067811865475 0.75
0.7071067811865477 0.7071067811865475 0.7
0.7071067811865477 0.7071067811865475 0.65
0.7071067811865477 0.7071067811865475 0.6
0.7071067811865477 0.7071067811865475 0.55
0.7071067811865477 0.7071067811865475 0.5
0.7071067811865477 0.7071067811865475 0.45
0.7071067811865477 0.7071067811865475 0.4
0.7071067811865477 0.7071067811865475 0.35
0.7071067811865477 0.7071067811865475 0.3
0.7071067811865477 0.7071067811865475 0.25
0.7071067811865477 0.7071067811865475 0.2
0.7071067811865477 0.7071067811865475 0.15
0.7071067811865477 0.7071067811865475 0.09999999999999998
0.7071067811865477 0.7071067811865475 0.05000000000000004
0.9238795325112868 0.3826834323650897 0.95
0.7071067811865479 0.7071067811865471 0.975
0.9238795325112868 0.3826834323650895 0.975
0.9238795325112868 0.3826834323650897 0.9
0.7071067811865479 0.7071067811865471 0.925
0.9238795325112868 0.3826834323650895 0.925
0.9238795325112868 0.3826834323650897 0.85
0.7071067811865479 0.7071067811865471 0.875
0.9238795325112868 0.3826834323650895 0.875
0.9238795325112868 0.3826834323650897 0.8
0.7071067811865479 0.7071067811865471 0.825
0.9238795325112868 0.3826834323650895 0.825
0.9238795325112868 0.3826834323650897 0.75
0.7071067811865479 0.7071067811865471 0.775
0.9238795325112868 0.3826834323650895 0.7750000000000001
0.9238795325112868 0.3826834323650897 0.7
0.7071067811865479 0.7071067811865471 0.725
0.9238795325112868 0.3826834323650895 0.725
0.9238795325112868 0.3826834323650897 0.65
0.7071067811865479 0.7071067811865471 0.675
0.9238795325112868 0.3826834323650895 0.675
0.9238795325112868 0.3826834323650897 0.6
0.7071067811865479 0.7071067811865471 0.625
0.9238795325112868 0.3826834323650895 0.625
0.9238795325112868 0.3826834323650897 0.55
0.7071067811865479 0.7071067811865471 0.575
0.9238795325112868 0.3826834323650895 0.575
0.9238795325112868 0.3826834323650897 0.5
0.7071067811865479 0.7071067811865471 0.525
0.9238795325112868 0.3826834323650895 0.525
0.9238795325112868 0.3826834323650897 0.45
0.7071067811865479 0.7071067811865471 0.475
0.9238795325112868 0.3826834323650895 0.475
0.9238795325112868 0.3826834323650897 0.4
0.7071067811865479 0.7071067811865471 0.425
0.9238795325112868 0.3826834323650895 0.425
0.9238795325112868 0.3826834323650897 0.35
0.7071067811865479 0.7071067811865471 0.375
0.9238795325112868 0.3826834323650895 0.375
0.9238795325112868 0.3826834323650897 0.3
0.7071067811865479 0.7071067811865471 0.325
0.9238795325112868 0.3826834323650895 0.325
0.9238795325112868 0.3826834323650897 0.25
0.7071067811865479 0.7071067811865471 0.275
0.9238795325112868 0.3826834323650895 0.275
0.9238795325112868 0.3826834323650897 0.2
0.7071067811865479 0.7071067811865471 0.225
0.9238795325112868 0.3826834323650895 0.225
0.9238795325112868 0.3826834323650897 0.15
0.7071067811865479 0.7071067811865471 0.175
0.9238795325112868 0.3826834323650895 0.175
0.9238795325112868 0.3826834323650897 0.09999999999999998
0.7071067811865479 0.7071067811865471 0.125
0.9238795325112868 0.3826834323650895 0.125
0.9238795325112868 0.3826834323650897 0.05000000000000004
0.7071067811865479 0.7071067811865471 0.07499999999999996
0.9238795325112868 0.3826834323650895 0.07500000000000001
0.7071067811865479 0.7071067811865471 0.02500000000000002
0.9238795325112868 0.3826834323650895 0.02500000000000002
0.3826834323650903 0.9238795325112865 0.95
0.3826834323650901 0.9238795325112865 0.975
0.3826834323650903 0.9238795325112865 0.9
0.3826834323650904 0.9238795325112863 0.925
0.3826834323650903 0.9238795325112865 0.85
0.3826834323650904 0.9238795325112863 0.875
0.3826834323650903 0.9238795325112865 0.8
0.3826834323650904 0.9238795325112863 0.825
0.3826834323650903 0.9238795325112865 0.75
0.3826834323650904 0.9238795325112863 0.7750000000000001
0.3826834323650903 0.9238795325112865 0.7
0.3826834323650904 0.9238795325112863 0.725
0.3826834323650903 0.9238795325112865 0.65
0.3826834323650904 0.9238795325112863 0.675
0.3826834323650903 0.9238795325112865 0.6
0.3826834323650904 0.9238795325112863 0.625
0.3826834323650903 0.9238795325112865 0.55
0.3826834323650904 0.9238795325112863 0.575
0.3826834323650903 0.9238795325112865 0.5
0.3826834323650904 0.9238795325112863 0.525
0.3826834323650903 0.9238795325112865 0.45
0.3826834323650904 0.9238795325112863 0.475
0.3826834323650903 0.9238795325112865 0.4
0.3826834323650904 0.9238795325112863 0.425
0.3826834323650903 0.9238795325112865 0.35
0.3826834323650904 0.9238795325112863 0.375
0.3826834323650903 0.9238795325112865 0.3
0.3826834323650904 0.9238795325112863 0.325
0.3826834323650903 0.9238795325112865 0.25
0.3826834323650904 0.9238795325112863 0.275
0.3826834323650903 0.9238795325112865 0.2
0.3826834323650904 0.9238795325112863 0.225
0.3826834323650903 0.9238795325112865 0.15
0.3826834323650904 0.9238795325112863 0.175
0.3826834323650903 0.9238795325112865 0.09999999999999998
0.3826834323650904 0.9238795325112863 0.125
0.3826834323650903 0.9238795325112865 0.05000000000000004
0.3826834323650904 0.9238795325112863 0.07500000000000001
0.3826834323650901 0.9238795325112865 0.02500000000000002
$EndNodes
$Elements
542 5440 1 5440
0 1 15 1
1 1 
0 2 15 1
2 2 
0 3 15 1
3 3 
0 4 15 1
4 4 
0 5 15 1
5 5 
0 6 15 1
6 6 
0 7 15 1
7 7 
0 8 15 1
8 8 
0 9 15 1
9 9 
0 10 15 1
10 10 
0 11 15 1
11 11 
0 12 15 1
12 12 
0 13 15 1
13 13 
0 14 15 1
14 14 
0 15 15 1
15 15 
0 16 15 1
16 16 
0 17 15 1
17 17 
0 18 15 1
18 18 
0 19 15 1
19 19 
0 20 15 1
20 20 
0 21 15 1
21 21 
0 22 15 1
22 22 
0 23 15 1
23 23 
0 24 15 1
24 24 
0 25 15 1
25 25 
0 26 15 1
26 26 
0 27 15 1
27 27 
0 28 15 1
28 28 
0 29 15 1
29 29 
0 30 15 1
30 30 
0 31 15 1
31 31 
0 32 15 1
32 32 
0 33 15 1
33 33 
0 34 15 1
34 34 
0 35 15 1
35 35 
0 36 15 1
36 36 
0 37 15 1
37 37 
0 38 15 1
38 38 
0 39 15 1
39 39 
0 40 15 1
40 40 
0 41 15 1
41 41 
0 42 15 1
42 42 
0 43 15 1
43 43 
0 44 15 1
44 44 
0 45 15 1
45 45 
0 46 15 1
46 46 
0 47 15 1
47 47 
0 48 15 1
48 48 
0 49 15 1
49 49 
0 50 15 1
50 50 
0 51 15 1
51 51 
0 52 15 1
52 52 
0 53 15 1
53 53 
0 54 15 1
54 54 
0 55 15 1
55 55 
0 56 15 1
56 56 
0 57 15 1
57 57 
0 58 15 1
58 58 
0 59 15 1
59 59 
0 60 15 1
60 60 
0 61 15 1
61 61 
0 62 15 1
62 62 
0 63 15 1
63 63 
0 64 15 1
64 64 
0 65 15 1
65 65 
0 66 15 1
66 66 
0 67 15 1
67 67 
0 68 15 1
68 68 
0 69 15 1
69 69 
0 70 15 1
70 70 
0 71 15 1
71 71 
0 72 15 1
72 72 
0 73 15 1
73 73 
0 74 15 1
74 74 
0 75 15 1
75 75 
0 76 15 1
76 76 
0 77 15 1
77 77 
0 78 15 1
78 78 
0 79 15 1
79 79 
0 80 15 1
80 80 
0 81 15 1
81 81 
0 82 15 1
82 82 
0 83 15 1
83 83 
0 84 15 1
84 84 
0 85 15 1
85 85 
0 86 15 1
86 86 
0 87 15 1
87 87 
0 88 15 1
88 88 
0 89 15 1
89 89 
0 90 15 1
90 90 
0 91 15 1
91 91 
0 92 15 1
92 92 
0 93 15 1
93 93 
0 94 15 1
94 94 
0 95 15 1
95 95 
0 96 15 1
96 96 
0 97 15 1
97 97 
0 98 15 1
98 98 
0 99 15 1
99 99 
0 100 15 1
100 100 
0 101 15 1
101 101 
0 102 15 1
102 102 
0 103 15 1
103 103 
0 104 15 1
104 104 
0 105 15 1
105 105 
0 106 15 1
106 106 
0 107 15 1
107 107 
0 108 15 1
108 108 
0 109 15 1
109 109 
0 110 15 1
110 110 
0 111 15 1
111 111 
0 112 15 1
112 112 
0 113 15 1
113 113 
0 114 15 1
114 114 
0 115 15 1
115 115 
0 116 15 1
116 116 
0 117 15 1
117 117 
0 118 15 1
118 118 
0 119 15 1
119 119 
0 120 15 1
120 120 
0 121 15 1
121 121 
0 122 15 1
122 122 
0 123 15 1
123 123 
0 124 15 1
124 124 
0 125 15 1
125 125 
0 126 15 1
126 126 
0 127 15 1
127 127 
0 128 15 1
128 128 
0 129 15 1
129 129 
0 130 15 1
130 130 
0 131 15 1
131 131 
0 132 15 1
132 132 
0 133 15 1
133 133 
0 134 15 1
134 134 
0 135 15 1
135 135 
0 136 15 1
136 136 
0 137 15 1
137 137 
0 138 15 1
138 138 
0 139 15 1
139 139 
0 140 15 1
140 140 
0 141 15 1
141 141 
0 142 15 1
142 142 
0 143 15 1
143 143 
0 144 15 1
144 144 
0 145 15 1
145 145 
0 146 15 1
146 146 
0 147 15 1
147 147 
0 148 15 1
148 148 
0 149 15 1
149 149 
0 150 15 1
150 150 
0 151 15 1
151 151 
0 152 15 1
152 152 
0 153 15 1
153 153 
0 154 15 1
154 154 
0 155 15 1
155 155 
0 156 15 1
156 156 
0 157 15 1
157 157 
0 158 15 1
158 158 
1 1 8 4
159 3 159 162 
160 159 160 163 
161 160 161 164 
162 161 4 165 
1 2 8 2
163 4 166 167 
164 166 2 168 
1 3 8 1
165 12 13 169 
1 4 8 1
166 13 14 170 
1 5 8 1
167 14 10 171 
1 6 8 1
168 10 12 172 
1 7 8 1
169 19 16 173 
1 8 8 1
170 16 18 174 
1 9 8 1
171 18 17 175 
1 10 8 1
172 17 19 176 
1 11 8 1
173 8 7 177 
1 12 8 1
174 7 6 178 
1 13 8 1
175 6 9 179 
1 14 8 1
176 9 8 180 
1 15 8 4
177 2 181 184 
178 181 182 185 
179 182 183 186 
180 183 1 187 
1 16 8 4
181 1 188 191 
182 188 189 192 
183 189 190 193 
184 190 3 194 
1 17 8 5
185 3 195 199 
186 195 196 200 
187 196 197 201 
188 197 198 202 
189 198 20 203 
1 18 8 5
190 4 204 208 
191 204 205 209 
192 205 206 210 
193 206 207 211 
194 207 21 212 
1 19 8 4
195 20 213 216 
196 213 214 217 
197 214 215 218 
198 215 21 219 
1 20 8 5
199 2 220 224 
200 220 221 225 
201 221 222 226 
202 222 223 227 
203 223 22 228 
1 21 8 2
204 21 229 230 
205 229 22 231 
1 22 8 5
206 19 232 236 
207 232 233 237 
208 233 234 238 
209 234 235 239 
210 235 23 240 
1 23 8 5
211 16 241 245 
212 241 242 246 
213 242 243 247 
214 243 244 248 
215 244 24 249 
1 24 8 1
216 23 24 250 
1 25 8 5
217 17 251 255 
218 251 252 256 
219 252 253 257 
220 253 254 258 
221 254 25 259 
1 26 8 1
222 25 23 260 
1 27 8 5
223 18 261 265 
224 261 262 266 
225 262 263 267 
226 263 264 268 
227 264 26 269 
1 28 8 1
228 26 25 270 
1 29 8 1
229 24 26 271 
1 30 8 5
230 12 272 276 
231 272 273 277 
232 273 274 278 
233 274 275 279 
234 275 27 280 
1 31 8 5
235 13 281 285 
236 281 282 286 
237 282 283 287 
238 283 284 288 
239 284 28 289 
1 32 8 1
240 27 28 290 
1 33 8 5
241 10 291 295 
242 291 292 296 
243 292 293 297 
244 293 294 298 
245 294 29 299 
1 34 8 1
246 29 27 300 
1 35 8 5
247 14 301 305 
248 301 302 306 
249 302 303 307 
250 303 304 308 
251 304 30 309 
1 36 8 1
252 30 29 310 
1 37 8 1
253 28 30 311 
1 38 8 5
254 8 312 316 
255 312 313 317 
256 313 314 318 
257 314 315 319 
258 315 31 320 
1 39 8 5
259 7 321 325 
260 321 322 326 
261 322 323 327 
262 323 324 328 
263 324 32 329 
1 40 8 1
264 31 32 330 
1 41 8 5
265 9 331 335 
266 331 332 336 
267 332 333 337 
268 333 334 338 
269 334 33 339 
1 42 8 1
270 33 31 340 
1 43 8 5
271 6 341 345 
272 341 342 346 
273 342 343 347 
274 343 344 348 
275 344 34 349 
1 44 8 1
276 34 33 350 
1 45 8 1
277 32 34 351 
1 46 8 9
278 22 352 360 
279 352 353 361 
280 353 354 362 
281 354 355 363 
282 355 356 364 
283 356 357 365 
284 357 358 366 
285 358 359 367 
286 359 20 368 
1 47 8 5
287 21 369 373 
288 369 370 374 
289 370 371 375 
290 371 372 376 
291 372 35 377 
1 48 8 5
292 22 378 382 
293 378 379 383 
294 379 380 384 
295 380 381 385 
296 381 36 386 
1 49 8 2
297 35 387 388 
298 387 36 389 
1 50 8 5
299 20 390 394 
300 390 391 395 
301 391 392 396 
302 392 393 397 
303 393 37 398 
1 51 8 4
304 37 399 402 
305 399 400 403 
306 400 401 404 
307 401 35 405 
1 52 8 5
308 23 406 410 
309 406 407 411 
310 407 408 412 
311 408 409 413 
312 409 38 414 
1 53 8 5
313 24 415 419 
314 415 416 420 
315 416 417 421 
316 417 418 422 
317 418 39 423 
1 54 8 1
318 38 39 424 
1 55 8 5
319 26 425 429 
320 425 426 430 
321 426 427 431 
322 427 428 432 
323 428 40 433 
1 56 8 1
324 39 40 434 
1 57 8 5
325 25 435 439 
326 435 436 440 
327 436 437 441 
328 437 438 442 
329 438 41 443 
1 58 8 1
330 40 41 444 
1 59 8 1
331 41 38 445 
1 60 8 5
332 31 446 450 
333 446 447 451 
334 447 448 452 
335 448 449 453 
336 449 42 454 
1 61 8 5
337 32 455 459 
338 455 456 460 
339 456 457 461 
340 457 458 462 
341 458 43 463 
1 62 8 1
342 42 43 464 
1 63 8 5
343 33 465 469 
344 465 466 470 
345 466 467 471 
346 467 468 472 
347 468 44 473 
1 64 8 1
348 44 42 474 
1 65 8 5
349 34 475 479 
350 475 476 480 
351 476 477 481 
352 477 478 482 
353 478 45 483 
1 66 8 1
354 45 44 484 
1 67 8 1
355 43 45 485 
1 68 8 5
356 27 486 490 
357 486 487 491 
358 487 488 492 
359 488 489 493 
360 489 46 494 
1 69 8 5
361 28 495 499 
362 495 496 500 
363 496 497 501 
364 497 498 502 
365 498 47 503 
1 70 8 1
366 46 47 504 
1 71 8 5
367 30 505 509 
368 505 506 510 
369 506 507 511 
370 507 508 512 
371 508 48 513 
1 72 8 1
372 47 48 514 
1 73 8 5
373 29 515 519 
374 515 516 520 
375 516 517 521 
376 517 518 522 
377 518 49 523 
1 74 8 1
378 48 49 524 
1 75 8 1
379 49 46 525 
1 76 8 9
380 37 526 534 
381 526 527 535 
382 527 528 536 
383 528 529 537 
384 529 530 538 
385 530 531 539 
386 531 532 540 
387 532 533 541 
388 533 36 542 
1 77 8 4
389 53 543 546 
390 543 544 547 
391 544 545 548 
392 545 51 549 
1 78 8 4
393 51 550 553 
394 550 551 554 
395 551 552 555 
396 552 52 556 
1 79 8 4
397 52 557 560 
398 557 558 561 
399 558 559 562 
400 559 50 563 
1 80 8 4
401 50 564 567 
402 564 565 568 
403 565 566 569 
404 566 53 570 
1 81 8 7
405 54 571 577 
406 571 572 578 
407 572 573 579 
408 573 574 580 
409 574 575 581 
410 575 576 582 
411 576 54 583 
1 82 8 7
412 55 584 590 
413 584 585 591 
414 585 586 592 
415 586 587 593 
416 587 588 594 
417 588 589 595 
418 589 55 596 
1 83 8 7
419 56 597 603 
420 597 598 604 
421 598 599 605 
422 599 600 606 
423 600 601 607 
424 601 602 608 
425 602 56 609 
1 84 8 5
426 51 610 614 
427 610 611 615 
428 611 612 616 
429 612 613 617 
430 613 57 618 
1 85 8 5
431 52 619 623 
432 619 620 624 
433 620 621 625 
434 621 622 626 
435 622 58 627 
1 86 8 4
436 57 628 631 
437 628 629 632 
438 629 630 633 
439 630 58 634 
1 87 8 5
440 53 635 639 
441 635 636 640 
442 636 637 641 
443 637 638 642 
444 638 59 643 
1 88 8 4
445 59 644 647 
446 644 645 648 
447 645 646 649 
448 646 57 650 
1 89 8 5
449 56 651 655 
450 651 652 656 
451 652 653 657 
452 653 654 658 
453 654 60 659 
1 90 8 7
454 60 660 666 
455 660 661 667 
456 661 662 668 
457 662 663 669 
458 663 664 670 
459 664 665 671 
460 665 60 672 
1 91 8 5
461 55 673 677 
462 673 674 678 
463 674 675 679 
464 675 676 680 
465 676 61 681 
1 92 8 7
466 61 682 688 
467 682 683 689 
468 683 684 690 
469 684 685 691 
470 685 686 692 
471 686 687 693 
472 687 61 694 
1 93 8 5
473 54 695 699 
474 695 696 700 
475 696 697 701 
476 697 698 702 
477 698 62 703 
1 94 8 7
478 62 704 710 
479 704 705 711 
480 705 706 712 
481 706 707 713 
482 707 708 714 
483 708 709 715 
484 709 62 716 
1 95 8 9
485 59 717 725 
486 717 718 726 
487 718 719 727 
488 719 720 728 
489 720 721 729 
490 721 722 730 
491 722 723 731 
492 723 724 732 
493 724 58 733 
1 96 8 5
494 59 734 738 
495 734 735 739 
496 735 736 740 
497 736 737 741 
498 737 63 742 
1 97 8 5
499 57 743 747 
500 743 744 748 
501 744 745 749 
502 745 746 750 
503 746 64 751 
1 98 8 4
504 63 752 755 
505 752 753 756 
506 753 754 757 
507 754 64 758 
1 99 8 5
508 58 759 763 
509 759 760 764 
510 760 761 765 
511 761 762 766 
512 762 65 767 
1 100 8 4
513 64 768 771 
514 768 769 772 
515 769 770 773 
516 770 65 774 
1 101 8 5
517 60 775 779 
518 775 776 780 
519 776 777 781 
520 777 778 782 
521 778 66 783 
1 102 8 7
522 66 784 790 
523 784 785 791 
524 785 786 792 
525 786 787 793 
526 787 788 794 
527 788 789 795 
528 789 66 796 
1 103 8 5
529 62 797 801 
530 797 798 802 
531 798 799 803 
532 799 800 804 
533 800 67 805 
1 104 8 7
534 67 806 812 
535 806 807 813 
536 807 808 814 
537 808 809 815 
538 809 810 816 
539 810 811 817 
540 811 67 818 
1 105 8 5
541 61 819 823 
542 819 820 824 
543 820 821 825 
544 821 822 826 
545 822 68 827 
1 106 8 7
546 68 828 834 
547 828 829 835 
548 829 830 836 
549 830 831 837 
550 831 832 838 
551 832 833 839 
552 833 68 840 
1 107 8 5
553 12 841 845 
554 841 842 846 
555 842 843 847 
556 843 844 848 
557 844 69 849 
1 108 8 5
558 13 850 854 
559 850 851 855 
560 851 852 856 
561 852 853 857 
562 853 70 858 
1 109 8 1
563 69 70 859 
1 110 8 5
564 14 860 864 
565 860 861 865 
566 861 862 866 
567 862 863 867 
568 863 71 868 
1 111 8 1
569 70 71 869 
1 112 8 5
570 10 870 874 
571 870 871 875 
572 871 872 876 
573 872 873 877 
574 873 72 878 
1 113 8 1
575 71 72 879 
1 114 8 1
576 72 69 880 
1 115 8 5
577 16 881 885 
578 881 882 886 
579 882 883 887 
580 883 884 888 
581 884 73 889 
1 116 8 5
582 18 890 894 
583 890 891 895 
584 891 892 896 
585 892 893 897 
586 893 74 898 
1 117 8 1
587 73 74 899 
1 118 8 5
588 17 900 904 
589 900 901 905 
590 901 902 906 
591 902 903 907 
592 903 75 908 
1 119 8 1
593 74 75 909 
1 120 8 5
594 19 910 914 
595 910 911 915 
596 911 912 916 
597 912 913 917 
598 913 76 918 
1 121 8 1
599 75 76 919 
1 122 8 1
600 76 73 920 
1 123 8 5
601 7 921 925 
602 921 922 926 
603 922 923 927 
604 923 924 928 
605 924 77 929 
1 124 8 5
606 6 930 934 
607 930 931 935 
608 931 932 936 
609 932 933 937 
610 933 78 938 
1 125 8 1
611 77 78 939 
1 126 8 5
612 8 940 944 
613 940 941 945 
614 941 942 946 
615 942 943 947 
616 943 79 948 
1 127 8 1
617 79 77 949 
1 128 8 5
618 9 950 954 
619 950 951 955 
620 951 952 956 
621 952 953 957 
622 953 80 958 
1 129 8 1
623 80 79 959 
1 130 8 1
624 78 80 960 
1 131 8 5
625 68 961 965 
626 961 962 966 
627 962 963 967 
628 963 964 968 
629 964 81 969 
1 132 8 7
630 81 970 976 
631 970 971 977 
632 971 972 978 
633 972 973 979 
634 973 974 980 
635 974 975 981 
636 975 81 982 
1 133 8 5
637 66 983 987 
638 983 984 988 
639 984 985 989 
640 985 986 990 
641 986 82 991 
1 134 8 7
642 82 992 998 
643 992 993 999 
644 993 994 1000 
645 994 995 1001 
646 995 996 1002 
647 996 997 1003 
648 997 82 1004 
1 135 8 5
649 67 1005 1009 
650 1005 1006 1010 
651 1006 1007 1011 
652 1007 1008 1012 
653 1008 83 1013 
1 136 8 7
654 83 1014 1020 
655 1014 1015 1021 
656 1015 1016 1022 
657 1016 1017 1023 
658 1017 1018 1024 
659 1018 1019 1025 
660 1019 83 1026 
1 137 8 4
661 84 1027 1030 
662 1027 1028 1031 
663 1028 1029 1032 
664 1029 84 1033 
1 138 8 9
665 85 1034 1042 
666 1034 1035 1043 
667 1035 1036 1044 
668 1036 1037 1045 
669 1037 1038 1046 
670 1038 1039 1047 
671 1039 1040 1048 
672 1040 1041 1049 
673 1041 85 1050 
1 139 8 4
674 53 1051 1054 
675 1051 1052 1055 
676 1052 1053 1056 
677 1053 52 1057 
1 140 8 9
678 52 1058 1066 
679 1058 1059 1067 
680 1059 1060 1068 
681 1060 1061 1069 
682 1061 1062 1070 
683 1062 1063 1071 
684 1063 1064 1072 
685 1064 1065 1073 
686 1065 53 1074 
1 141 8 4
687 36 1075 1078 
688 1075 1076 1079 
689 1076 1077 1080 
690 1077 37 1081 
1 142 8 9
691 37 1082 1090 
692 1082 1083 1091 
693 1083 1084 1092 
694 1084 1085 1093 
695 1085 1086 1094 
696 1086 1087 1095 
697 1087 1088 1096 
698 1088 1089 1097 
699 1089 36 1098 
1 143 8 5
700 3 1099 1103 
701 1099 1100 1104 
702 1100 1101 1105 
703 1101 1102 1106 
704 1102 87 1107 
1 144 8 5
705 4 1108 1112 
706 1108 1109 1113 
707 1109 1110 1114 
708 1110 1111 1115 
709 1111 88 1116 
1 145 8 4
710 87 1117 1120 
711 1117 1118 1121 
712 1118 1119 1122 
713 1119 88 1123 
1 146 8 40
714 3 1124 1163 
715 1124 1125 1164 
716 1125 1126 1165 
717 1126 1127 1166 
718 1127 1128 1167 
719 1128 1129 1168 
720 1129 1130 1169 
721 1130 1131 1170 
722 1131 1132 1171 
723 1132 1133 1172 
724 1133 1134 1173 
725 1134 1135 1174 
726 1135 1136 1175 
727 1136 1137 1176 
728 1137 1138 1177 
729 1138 1139 1178 
730 1139 1140 1179 
731 1140 1141 1180 
732 1141 1142 1181 
733 1142 1143 1182 
734 1143 1144 1183 
735 1144 1145 1184 
736 1145 1146 1185 
737 1146 1147 1186 
738 1147 1148 1187 
739 1148 1149 1188 
740 1149 1150 1189 
741 1150 1151 1190 
742 1151 1152 1191 
743 1152 1153 1192 
744 1153 1154 1193 
745 1154 1155 1194 
746 1155 1156 1195 
747 1156 1157 1196 
748 1157 1158 1197 
749 1158 1159 1198 
750 1159 1160 1199 
751 1160 1161 1200 
752 1161 1162 1201 
753 1162 89 1202 
1 147 8 40
754 4 1203 1242 
755 1203 1204 1243 
756 1204 1205 1244 
757 1205 1206 1245 
758 1206 1207 1246 
759 1207 1208 1247 
760 1208 1209 1248 
761 1209 1210 1249 
762 1210 1211 1250 
763 1211 1212 1251 
764 1212 1213 1252 
765 1213 1214 1253 
766 1214 1215 1254 
767 1215 1216 1255 
768 1216 1217 1256 
769 1217 1218 1257 
770 1218 1219 1258 
771 1219 1220 1259 
772 1220 1221 1260 
773 1221 1222 1261 
774 1222 1223 1262 
775 1223 1224 1263 
776 1224 1225 1264 
777 1225 1226 1265 
778 1226 1227 1266 
779 1227 1228 1267 
780 1228 1229 1268 
781 1229 1230 1269 
782 1230 1231 1270 
783 1231 1232 1271 
784 1232 1233 1272 
785 1233 1234 1273 
786 1234 1235 1274 
787 1235 1236 1275 
788 1236 1237 1276 
789 1237 1238 1277 
790 1238 1239 1278 
791 1239 1240 1279 
792 1240 1241 1280 
793 1241 90 1281 
1 148 8 4
794 89 1282 1285 
795 1282 1283 1286 
796 1283 1284 1287 
797 1284 90 1288 
1 149 8 40
798 20 1289 1328 
799 1289 1290 1329 
800 1290 1291 1330 
801 1291 1292 1331 
802 1292 1293 1332 
803 1293 1294 1333 
804 1294 1295 1334 
805 1295 1296 1335 
806 1296 1297 1336 
807 1297 1298 1337 
808 1298 1299 1338 
809 1299 1300 1339 
810 1300 1301 1340 
811 1301 1302 1341 
812 1302 1303 1342 
813 1303 1304 1343 
814 1304 1305 1344 
815 1305 1306 1345 
816 1306 1307 1346 
817 1307 1308 1347 
818 1308 1309 1348 
819 1309 1310 1349 
820 1310 1311 1350 
821 1311 1312 1351 
822 1312 1313 1352 
823 1313 1314 1353 
824 1314 1315 1354 
825 1315 1316 1355 
826 1316 1317 1356 
827 1317 1318 1357 
828 1318 1319 1358 
829 1319 1320 1359 
830 1320 1321 1360 
831 1321 1322 1361 
832 1322 1323 1362 
833 1323 1324 1363 
834 1324 1325 1364 
835 1325 1326 1365 
836 1326 1327 1366 
837 1327 91 1367 
1 150 8 40
838 21 1368 1407 
839 1368 1369 1408 
840 1369 1370 1409 
841 1370 1371 1410 
842 1371 1372 1411 
843 1372 1373 1412 
844 1373 1374 1413 
845 1374 1375 1414 
846 1375 1376 1415 
847 1376 1377 1416 
848 1377 1378 1417 
849 1378 1379 1418 
850 1379 1380 1419 
851 1380 1381 1420 
852 1381 1382 1421 
853 1382 1383 1422 
854 1383 1384 1423 
855 1384 1385 1424 
856 1385 1386 1425 
857 1386 1387 1426 
858 1387 1388 1427 
859 1388 1389 1428 
860 1389 1390 1429 
861 1390 1391 1430 
862 1391 1392 1431 
863 1392 1393 1432 
864 1393 1394 1433 
865 1394 1395 1434 
866 1395 1396 1435 
867 1396 1397 1436 
868 1397 1398 1437 
869 1398 1399 1438 
870 1399 1400 1439 
871 1400 1401 1440 
872 1401 1402 1441 
873 1402 1403 1442 
874 1403 1404 1443 
875 1404 1405 1444 
876 1405 1406 1445 
877 1406 92 1446 
1 151 8 4
878 91 1447 1450 
879 1447 1448 1451 
880 1448 1449 1452 
881 1449 92 1453 
1 152 8 40
882 4 1454 1493 
883 1454 1455 1494 
884 1455 1456 1495 
885 1456 1457 1496 
886 1457 1458 1497 
887 1458 1459 1498 
888 1459 1460 1499 
889 1460 1461 1500 
890 1461 1462 1501 
891 1462 1463 1502 
892 1463 1464 1503 
893 1464 1465 1504 
894 1465 1466 1505 
895 1466 1467 1506 
896 1467 1468 1507 
897 1468 1469 1508 
898 1469 1470 1509 
899 1470 1471 1510 
900 1471 1472 1511 
901 1472 1473 1512 
902 1473 1474 1513 
903 1474 1475 1514 
904 1475 1476 1515 
905 1476 1477 1516 
906 1477 1478 1517 
907 1478 1479 1518 
908 1479 1480 1519 
909 1480 1481 1520 
910 1481 1482 1521 
911 1482 1483 1522 
912 1483 1484 1523 
913 1484 1485 1524 
914 1485 1486 1525 
915 1486 1487 1526 
916 1487 1488 1527 
917 1488 1489 1528 
918 1489 1490 1529 
919 1490 1491 1530 
920 1491 1492 1531 
921 1492 93 1532 
1 153 8 40
922 2 1533 1572 
923 1533 1534 1573 
924 1534 1535 1574 
925 1535 1536 1575 
926 1536 1537 1576 
927 1537 1538 1577 
928 1538 1539 1578 
929 1539 1540 1579 
930 1540 1541 1580 
931 1541 1542 1581 
932 1542 1543 1582 
933 1543 1544 1583 
934 1544 1545 1584 
935 1545 1546 1585 
936 1546 1547 1586 
937 1547 1548 1587 
938 1548 1549 1588 
939 1549 1550 1589 
940 1550 1551 1590 
941 1551 1552 1591 
942 1552 1553 1592 
943 1553 1554 1593 
944 1554 1555 1594 
945 1555 1556 1595 
946 1556 1557 1596 
947 1557 1558 1597 
948 1558 1559 1598 
949 1559 1560 1599 
950 1560 1561 1600 
951 1561 1562 1601 
952 1562 1563 1602 
953 1563 1564 1603 
954 1564 1565 1604 
955 1565 1566 1605 
956 1566 1567 1606 
957 1567 1568 1607 
958 1568 1569 1608 
959 1569 1570 1609 
960 1570 1571 1610 
961 1571 94 1611 
1 154 8 2
962 93 1612 1613 
963 1612 94 1614 
1 155 8 40
964 21 1615 1654 
965 1615 1616 1655 
966 1616 1617 1656 
967 1617 1618 1657 
968 1618 1619 1658 
969 1619 1620 1659 
970 1620 1621 1660 
971 1621 1622 1661 
972 1622 1623 1662 
973 1623 1624 1663 
974 1624 1625 1664 
975 1625 1626 1665 
976 1626 1627 1666 
977 1627 1628 1667 
978 1628 1629 1668 
979 1629 1630 1669 
980 1630 1631 1670 
981 1631 1632 1671 
982 1632 1633 1672 
983 1633 1634 1673 
984 1634 1635 1674 
985 1635 1636 1675 
986 1636 1637 1676 
987 1637 1638 1677 
988 1638 1639 1678 
989 1639 1640 1679 
990 1640 1641 1680 
991 1641 1642 1681 
992 1642 1643 1682 
993 1643 1644 1683 
994 1644 1645 1684 
995 1645 1646 1685 
996 1646 1647 1686 
997 1647 1648 1687 
998 1648 1649 1688 
999 1649 1650 1689 
1000 1650 1651 1690 
1001 1651 1652 1691 
1002 1652 1653 1692 
1003 1653 95 1693 
1 156 8 40
1004 22 1694 1733 
1005 1694 1695 1734 
1006 1695 1696 1735 
1007 1696 1697 1736 
1008 1697 1698 1737 
1009 1698 1699 1738 
1010 1699 1700 1739 
1011 1700 1701 1740 
1012 1701 1702 1741 
1013 1702 1703 1742 
1014 1703 1704 1743 
1015 1704 1705 1744 
1016 1705 1706 1745 
1017 1706 1707 1746 
1018 1707 1708 1747 
1019 1708 1709 1748 
1020 1709 1710 1749 
1021 1710 1711 1750 
1022 1711 1712 1751 
1023 1712 1713 1752 
1024 1713 1714 1753 
1025 1714 1715 1754 
1026 1715 1716 1755 
1027 1716 1717 1756 
1028 1717 1718 1757 
1029 1718 1719 1758 
1030 1719 1720 1759 
1031 1720 1721 1760 
1032 1721 1722 1761 
1033 1722 1723 1762 
1034 1723 1724 1763 
1035 1724 1725 1764 
1036 1725 1726 1765 
1037 1726 1727 1766 
1038 1727 1728 1767 
1039 1728 1729 1768 
1040 1729 1730 1769 
1041 1730 1731 1770 
1042 1731 1732 1771 
1043 1732 96 1772 
1 157 8 2
1044 95 1773 1774 
1045 1773 96 1775 
1 158 8 40
1046 51 1776 1815 
1047 1776 1777 1816 
1048 1777 1778 1817 
1049 1778 1779 1818 
1050 1779 1780 1819 
1051 1780 1781 1820 
1052 1781 1782 1821 
1053 1782 1783 1822 
1054 1783 1784 1823 
1055 1784 1785 1824 
1056 1785 1786 1825 
1057 1786 1787 1826 
1058 1787 1788 1827 
1059 1788 1789 1828 
1060 1789 1790 1829 
1061 1790 1791 1830 
1062 1791 1792 1831 
1063 1792 1793 1832 
1064 1793 1794 1833 
1065 1794 1795 1834 
1066 1795 1796 1835 
1067 1796 1797 1836 
1068 1797 1798 1837 
1069 1798 1799 1838 
1070 1799 1800 1839 
1071 1800 1801 1840 
1072 1801 1802 1841 
1073 1802 1803 1842 
1074 1803 1804 1843 
1075 1804 1805 1844 
1076 1805 1806 1845 
1077 1806 1807 1846 
1078 1807 1808 1847 
1079 1808 1809 1848 
1080 1809 1810 1849 
1081 1810 1811 1850 
1082 1811 1812 1851 
1083 1812 1813 1852 
1084 1813 1814 1853 
1085 1814 97 1854 
1 159 8 40
1086 52 1855 1894 
1087 1855 1856 1895 
1088 1856 1857 1896 
1089 1857 1858 1897 
1090 1858 1859 1898 
1091 1859 1860 1899 
1092 1860 1861 1900 
1093 1861 1862 1901 
1094 1862 1863 1902 
1095 1863 1864 1903 
1096 1864 1865 1904 
1097 1865 1866 1905 
1098 1866 1867 1906 
1099 1867 1868 1907 
1100 1868 1869 1908 
1101 1869 1870 1909 
1102 1870 1871 1910 
1103 1871 1872 1911 
1104 1872 1873 1912 
1105 1873 1874 1913 
1106 1874 1875 1914 
1107 1875 1876 1915 
1108 1876 1877 1916 
1109 1877 1878 1917 
1110 1878 1879 1918 
1111 1879 1880 1919 
1112 1880 1881 1920 
1113 1881 1882 1921 
1114 1882 1883 1922 
1115 1883 1884 1923 
1116 1884 1885 1924 
1117 1885 1886 1925 
1118 1886 1887 1926 
1119 1887 1888 1927 
1120 1888 1889 1928 
1121 1889 1890 1929 
1122 1890 1891 1930 
1123 1891 1892 1931 
1124 1892 1893 1932 
1125 1893 98 1933 
1 160 8 4
1126 97 1934 1937 
1127 1934 1935 1938 
1128 1935 1936 1939 
1129 1936 98 1940 
1 161 8 40
1130 53 1941 1980 
1131 1941 1942 1981 
1132 1942 1943 1982 
1133 1943 1944 1983 
1134 1944 1945 1984 
1135 1945 1946 1985 
1136 1946 1947 1986 
1137 1947 1948 1987 
1138 1948 1949 1988 
1139 1949 1950 1989 
1140 1950 1951 1990 
1141 1951 1952 1991 
1142 1952 1953 1992 
1143 1953 1954 1993 
1144 1954 1955 1994 
1145 1955 1956 1995 
1146 1956 1957 1996 
1147 1957 1958 1997 
1148 1958 1959 1998 
1149 1959 1960 1999 
1150 1960 1961 2000 
1151 1961 1962 2001 
1152 1962 1963 2002 
1153 1963 1964 2003 
1154 1964 1965 2004 
1155 1965 1966 2005 
1156 1966 1967 2006 
1157 1967 1968 2007 
1158 1968 1969 2008 
1159 1969 1970 2009 
1160 1970 1971 2010 
1161 1971 1972 2011 
1162 1972 1973 2012 
1163 1973 1974 2013 
1164 1974 1975 2014 
1165 1975 1976 2015 
1166 1976 1977 2016 
1167 1977 1978 2017 
1168 1978 1979 2018 
1169 1979 99 2019 
1 162 8 4
1170 99 2020 2023 
1171 2020 2021 2024 
1172 2021 2022 2025 
1173 2022 98 2026 
1 163 8 40
1174 57 2027 2066 
1175 2027 2028 2067 
1176 2028 2029 2068 
1177 2029 2030 2069 
1178 2030 2031 2070 
1179 2031 2032 2071 
1180 2032 2033 2072 
1181 2033 2034 2073 
1182 2034 2035 2074 
1183 2035 2036 2075 
1184 2036 2037 2076 
1185 2037 2038 2077 
1186 2038 2039 2078 
1187 2039 2040 2079 
1188 2040 2041 2080 
1189 2041 2042 2081 
1190 2042 2043 2082 
1191 2043 2044 2083 
1192 2044 2045 2084 
1193 2045 2046 2085 
1194 2046 2047 2086 
1195 2047 2048 2087 
1196 2048 2049 2088 
1197 2049 2050 2089 
1198 2050 2051 2090 
1199 2051 2052 2091 
1200 2052 2053 2092 
1201 2053 2054 2093 
1202 2054 2055 2094 
1203 2055 2056 2095 
1204 2056 2057 2096 
1205 2057 2058 2097 
1206 2058 2059 2098 
1207 2059 2060 2099 
1208 2060 2061 2100 
1209 2061 2062 2101 
1210 2062 2063 2102 
1211 2063 2064 2103 
1212 2064 2065 2104 
1213 2065 100 2105 
1 164 8 40
1214 58 2106 2145 
1215 2106 2107 2146 
1216 2107 2108 2147 
1217 2108 2109 2148 
1218 2109 2110 2149 
1219 2110 2111 2150 
1220 2111 2112 2151 
1221 2112 2113 2152 
1222 2113 2114 2153 
1223 2114 2115 2154 
1224 2115 2116 2155 
1225 2116 2117 2156 
1226 2117 2118 2157 
1227 2118 2119 2158 
1228 2119 2120 2159 
1229 2120 2121 2160 
1230 2121 2122 2161 
1231 2122 2123 2162 
1232 2123 2124 2163 
1233 2124 2125 2164 
1234 2125 2126 2165 
1235 2126 2127 2166 
1236 2127 2128 2167 
1237 2128 2129 2168 
1238 2129 2130 2169 
1239 2130 2131 2170 
1240 2131 2132 2171 
1241 2132 2133 2172 
1242 2133 2134 2173 
1243 2134 2135 2174 
1244 2135 2136 2175 
1245 2136 2137 2176 
1246 2137 2138 2177 
1247 2138 2139 2178 
1248 2139 2140 2179 
1249 2140 2141 2180 
1250 2141 2142 2181 
1251 2142 2143 2182 
1252 2143 2144 2183 
1253 2144 101 2184 
1 165 8 4
1254 100 2185 2188 
1255 2185 2186 2189 
1256 2186 2187 2190 
1257 2187 101 2191 
1 166 8 40
1258 59 2192 2231 
1259 2192 2193 2232 
1260 2193 2194 2233 
1261 2194 2195 2234 
1262 2195 2196 2235 
1263 2196 2197 2236 
1264 2197 2198 2237 
1265 2198 2199 2238 
1266 2199 2200 2239 
1267 2200 2201 2240 
1268 2201 2202 2241 
1269 2202 2203 2242 
1270 2203 2204 2243 
1271 2204 2205 2244 
1272 2205 2206 2245 
1273 2206 2207 2246 
1274 2207 2208 2247 
1275 2208 2209 2248 
1276 2209 2210 2249 
1277 2210 2211 2250 
1278 2211 2212 2251 
1279 2212 2213 2252 
1280 2213 2214 2253 
1281 2214 2215 2254 
1282 2215 2216 2255 
1283 2216 2217 2256 
1284 2217 2218 2257 
1285 2218 2219 2258 
1286 2219 2220 2259 
1287 2220 2221 2260 
1288 2221 2222 2261 
1289 2222 2223 2262 
1290 2223 2224 2263 
1291 2224 2225 2264 
1292 2225 2226 2265 
1293 2226 2227 2266 
1294 2227 2228 2267 
1295 2228 2229 2268 
1296 2229 2230 2269 
1297 2230 102 2270 
1 167 8 4
1298 102 2271 2274 
1299 2271 2272 2275 
1300 2272 2273 2276 
1301 2273 100 2277 
1 168 8 40
1302 53 2278 2317 
1303 2278 2279 2318 
1304 2279 2280 2319 
1305 2280 2281 2320 
1306 2281 2282 2321 
1307 2282 2283 2322 
1308 2283 2284 2323 
1309 2284 2285 2324 
1310 2285 2286 2325 
1311 2286 2287 2326 
1312 2287 2288 2327 
1313 2288 2289 2328 
1314 2289 2290 2329 
1315 2290 2291 2330 
1316 2291 2292 2331 
1317 2292 2293 2332 
1318 2293 2294 2333 
1319 2294 2295 2334 
1320 2295 2296 2335 
1321 2296 2297 2336 
1322 2297 2298 2337 
1323 2298 2299 2338 
1324 2299 2300 2339 
1325 2300 2301 2340 
1326 2301 2302 2341 
1327 2302 2303 2342 
1328 2303 2304 2343 
1329 2304 2305 2344 
1330 2305 2306 2345 
1331 2306 2307 2346 
1332 2307 2308 2347 
1333 2308 2309 2348 
1334 2309 2310 2349 
1335 2310 2311 2350 
1336 2311 2312 2351 
1337 2312 2313 2352 
1338 2313 2314 2353 
1339 2314 2315 2354 
1340 2315 2316 2355 
1341 2316 103 2356 
1 169 8 40
1342 51 2357 2396 
1343 2357 2358 2397 
1344 2358 2359 2398 
1345 2359 2360 2399 
1346 2360 2361 2400 
1347 2361 2362 2401 
1348 2362 2363 2402 
1349 2363 2364 2403 
1350 2364 2365 2404 
1351 2365 2366 2405 
1352 2366 2367 2406 
1353 2367 2368 2407 
1354 2368 2369 2408 
1355 2369 2370 2409 
1356 2370 2371 2410 
1357 2371 2372 2411 
1358 2372 2373 2412 
1359 2373 2374 2413 
1360 2374 2375 2414 
1361 2375 2376 2415 
1362 2376 2377 2416 
1363 2377 2378 2417 
1364 2378 2379 2418 
1365 2379 2380 2419 
1366 2380 2381 2420 
1367 2381 2382 2421 
1368 2382 2383 2422 
1369 2383 2384 2423 
1370 2384 2385 2424 
1371 2385 2386 2425 
1372 2386 2387 2426 
1373 2387 2388 2427 
1374 2388 2389 2428 
1375 2389 2390 2429 
1376 2390 2391 2430 
1377 2391 2392 2431 
1378 2392 2393 2432 
1379 2393 2394 2433 
1380 2394 2395 2434 
1381 2395 104 2435 
1 170 8 4
1382 103 2436 2439 
1383 2436 2437 2440 
1384 2437 2438 2441 
1385 2438 104 2442 
1 171 8 5
1386 52 2443 2447 
1387 2443 2444 2448 
1388 2444 2445 2449 
1389 2445 2446 2450 
1390 2446 105 2451 
1 172 8 5
1391 53 2452 2456 
1392 2452 2453 2457 
1393 2453 2454 2458 
1394 2454 2455 2459 
1395 2455 106 2460 
1 173 8 9
1396 105 2461 2469 
1397 2461 2462 2470 
1398 2462 2463 2471 
1399 2463 2464 2472 
1400 2464 2465 2473 
1401 2465 2466 2474 
1402 2466 2467 2475 
1403 2467 2468 2476 
1404 2468 106 2477 
1 174 8 5
1405 64 2478 2482 
1406 2478 2479 2483 
1407 2479 2480 2484 
1408 2480 2481 2485 
1409 2481 107 2486 
1 175 8 5
1410 65 2487 2491 
1411 2487 2488 2492 
1412 2488 2489 2493 
1413 2489 2490 2494 
1414 2490 108 2495 
1 176 8 4
1415 107 2496 2499 
1416 2496 2497 2500 
1417 2497 2498 2501 
1418 2498 108 2502 
1 177 8 5
1419 63 2503 2507 
1420 2503 2504 2508 
1421 2504 2505 2509 
1422 2505 2506 2510 
1423 2506 109 2511 
1 178 8 4
1424 109 2512 2515 
1425 2512 2513 2516 
1426 2513 2514 2517 
1427 2514 107 2518 
1 179 8 4
1428 52 2519 2522 
1429 2519 2520 2523 
1430 2520 2521 2524 
1431 2521 87 2525 
1 180 8 4
1432 87 2526 2529 
1433 2526 2527 2530 
1434 2527 2528 2531 
1435 2528 52 2532 
1 181 8 4
1436 110 2533 2536 
1437 2533 2534 2537 
1438 2534 2535 2538 
1439 2535 111 2539 
1 182 8 4
1440 115 2540 2543 
1441 2540 2541 2544 
1442 2541 2542 2545 
1443 2542 52 2546 
1 183 8 9
1444 116 2547 2555 
1445 2547 2548 2556 
1446 2548 2549 2557 
1447 2549 2550 2558 
1448 2550 2551 2559 
1449 2551 2552 2560 
1450 2552 2553 2561 
1451 2553 2554 2562 
1452 2554 115 2563 
1 184 8 4
1453 116 2564 2567 
1454 2564 2565 2568 
1455 2565 2566 2569 
1456 2566 87 2570 
1 185 8 4
1457 87 2571 2574 
1458 2571 2572 2575 
1459 2572 2573 2576 
1460 2573 88 2577 
1 186 8 2
1461 88 2578 2579 
1462 2578 52 2580 
1 187 8 2
1463 50 2581 2582 
1464 2581 87 2583 
1 188 8 2
1465 52 2584 2585 
1466 2584 50 2586 
1 189 8 5
1467 85 2587 2591 
1468 2587 2588 2592 
1469 2588 2589 2593 
1470 2589 2590 2594 
1471 2590 117 2595 
1 190 8 9
1472 117 2596 2604 
1473 2596 2597 2605 
1474 2597 2598 2606 
1475 2598 2599 2607 
1476 2599 2600 2608 
1477 2600 2601 2609 
1478 2601 2602 2610 
1479 2602 2603 2611 
1480 2603 117 2612 
1 191 8 5
1481 84 2613 2617 
1482 2613 2614 2618 
1483 2614 2615 2619 
1484 2615 2616 2620 
1485 2616 118 2621 
1 192 8 4
1486 118 2622 2625 
1487 2622 2623 2626 
1488 2623 2624 2627 
1489 2624 118 2628 
1 193 8 5
1490 83 2629 2633 
1491 2629 2630 2634 
1492 2630 2631 2635 
1493 2631 2632 2636 
1494 2632 119 2637 
1 194 8 7
1495 119 2638 2644 
1496 2638 2639 2645 
1497 2639 2640 2646 
1498 2640 2641 2647 
1499 2641 2642 2648 
1500 2642 2643 2649 
1501 2643 119 2650 
1 195 8 5
1502 82 2651 2655 
1503 2651 2652 2656 
1504 2652 2653 2657 
1505 2653 2654 2658 
1506 2654 120 2659 
1 196 8 7
1507 120 2660 2666 
1508 2660 2661 2667 
1509 2661 2662 2668 
1510 2662 2663 2669 
1511 2663 2664 2670 
1512 2664 2665 2671 
1513 2665 120 2672 
1 197 8 5
1514 81 2673 2677 
1515 2673 2674 2678 
1516 2674 2675 2679 
1517 2675 2676 2680 
1518 2676 121 2681 
1 198 8 7
1519 121 2682 2688 
1520 2682 2683 2689 
1521 2683 2684 2690 
1522 2684 2685 2691 
1523 2685 2686 2692 
1524 2686 2687 2693 
1525 2687 121 2694 
1 199 8 5
1526 43 2695 2699 
1527 2695 2696 2700 
1528 2696 2697 2701 
1529 2697 2698 2702 
1530 2698 122 2703 
1 200 8 5
1531 45 2704 2708 
1532 2704 2705 2709 
1533 2705 2706 2710 
1534 2706 2707 2711 
1535 2707 123 2712 
1 201 8 1
1536 122 123 2713 
1 202 8 5
1537 42 2714 2718 
1538 2714 2715 2719 
1539 2715 2716 2720 
1540 2716 2717 2721 
1541 2717 124 2722 
1 203 8 1
1542 124 122 2723 
1 204 8 5
1543 44 2724 2728 
1544 2724 2725 2729 
1545 2725 2726 2730 
1546 2726 2727 2731 
1547 2727 125 2732 
1 205 8 1
1548 125 124 2733 
1 206 8 1
1549 123 125 2734 
1 207 8 5
1550 47 2735 2739 
1551 2735 2736 2740 
1552 2736 2737 2741 
1553 2737 2738 2742 
1554 2738 126 2743 
1 208 8 5
1555 48 2744 2748 
1556 2744 2745 2749 
1557 2745 2746 2750 
1558 2746 2747 2751 
1559 2747 127 2752 
1 209 8 1
1560 126 127 2753 
1 210 8 5
1561 46 2754 2758 
1562 2754 2755 2759 
1563 2755 2756 2760 
1564 2756 2757 2761 
1565 2757 128 2762 
1 211 8 1
1566 128 126 2763 
1 212 8 5
1567 49 2764 2768 
1568 2764 2765 2769 
1569 2765 2766 2770 
1570 2766 2767 2771 
1571 2767 129 2772 
1 213 8 1
1572 129 128 2773 
1 214 8 1
1573 127 129 2774 
1 215 8 5
1574 39 2775 2779 
1575 2775 2776 2780 
1576 2776 2777 2781 
1577 2777 2778 2782 
1578 2778 130 2783 
1 216 8 5
1579 40 2784 2788 
1580 2784 2785 2789 
1581 2785 2786 2790 
1582 2786 2787 2791 
1583 2787 131 2792 
1 217 8 1
1584 130 131 2793 
1 218 8 5
1585 38 2794 2798 
1586 2794 2795 2799 
1587 2795 2796 2800 
1588 2796 2797 2801 
1589 2797 132 2802 
1 219 8 1
1590 132 130 2803 
1 220 8 5
1591 41 2804 2808 
1592 2804 2805 2809 
1593 2805 2806 2810 
1594 2806 2807 2811 
1595 2807 133 2812 
1 221 8 1
1596 133 132 2813 
1 222 8 1
1597 131 133 2814 
1 223 8 5
1598 56 2815 2819 
1599 2815 2816 2820 
1600 2816 2817 2821 
1601 2817 2818 2822 
1602 2818 134 2823 
1 224 8 7
1603 134 2824 2830 
1604 2824 2825 2831 
1605 2825 2826 2832 
1606 2826 2827 2833 
1607 2827 2828 2834 
1608 2828 2829 2835 
1609 2829 134 2836 
1 225 8 5
1610 55 2837 2841 
1611 2837 2838 2842 
1612 2838 2839 2843 
1613 2839 2840 2844 
1614 2840 135 2845 
1 226 8 7
1615 135 2846 2852 
1616 2846 2847 2853 
1617 2847 2848 2854 
1618 2848 2849 2855 
1619 2849 2850 2856 
1620 2850 2851 2857 
1621 2851 135 2858 
1 227 8 5
1622 54 2859 2863 
1623 2859 2860 2864 
1624 2860 2861 2865 
1625 2861 2862 2866 
1626 2862 136 2867 
1 228 8 7
1627 136 2868 2874 
1628 2868 2869 2875 
1629 2869 2870 2876 
1630 2870 2871 2877 
1631 2871 2872 2878 
1632 2872 2873 2879 
1633 2873 136 2880 
1 229 8 5
1634 79 2881 2885 
1635 2881 2882 2886 
1636 2882 2883 2887 
1637 2883 2884 2888 
1638 2884 137 2889 
1 230 8 5
1639 77 2890 2894 
1640 2890 2891 2895 
1641 2891 2892 2896 
1642 2892 2893 2897 
1643 2893 138 2898 
1 231 8 1
1644 137 138 2899 
1 232 8 5
1645 78 2900 2904 
1646 2900 2901 2905 
1647 2901 2902 2906 
1648 2902 2903 2907 
1649 2903 139 2908 
1 233 8 1
1650 138 139 2909 
1 234 8 5
1651 80 2910 2914 
1652 2910 2911 2915 
1653 2911 2912 2916 
1654 2912 2913 2917 
1655 2913 140 2918 
1 235 8 1
1656 139 140 2919 
1 236 8 1
1657 140 137 2920 
1 237 8 5
1658 76 2921 2925 
1659 2921 2922 2926 
1660 2922 2923 2927 
1661 2923 2924 2928 
1662 2924 141 2929 
1 238 8 5
1663 73 2930 2934 
1664 2930 2931 2935 
1665 2931 2932 2936 
1666 2932 2933 2937 
1667 2933 142 2938 
1 239 8 1
1668 141 142 2939 
1 240 8 5
1669 74 2940 2944 
1670 2940 2941 2945 
1671 2941 2942 2946 
1672 2942 2943 2947 
1673 2943 143 2948 
1 241 8 1
1674 142 143 2949 
1 242 8 5
1675 75 2950 2954 
1676 2950 2951 2955 
1677 2951 2952 2956 
1678 2952 2953 2957 
1679 2953 144 2958 
1 243 8 1
1680 143 144 2959 
1 244 8 1
1681 144 141 2960 
1 245 8 5
1682 69 2961 2965 
1683 2961 2962 2966 
1684 2962 2963 2967 
1685 2963 2964 2968 
1686 2964 145 2969 
1 246 8 5
1687 70 2970 2974 
1688 2970 2971 2975 
1689 2971 2972 2976 
1690 2972 2973 2977 
1691 2973 146 2978 
1 247 8 1
1692 145 146 2979 
1 248 8 5
1693 71 2980 2984 
1694 2980 2981 2985 
1695 2981 2982 2986 
1696 2982 2983 2987 
1697 2983 147 2988 
1 249 8 1
1698 146 147 2989 
1 250 8 5
1699 72 2990 2994 
1700 2990 2991 2995 
1701 2991 2992 2996 
1702 2992 2993 2997 
1703 2993 148 2998 
1 251 8 1
1704 147 148 2999 
1 252 8 1
1705 148 145 3000 
1 253 8 20
1706 88 3001 3020 
1707 3001 3002 3021 
1708 3002 3003 3022 
1709 3003 3004 3023 
1710 3004 3005 3024 
1711 3005 3006 3025 
1712 3006 3007 3026 
1713 3007 3008 3027 
1714 3008 3009 3028 
1715 3009 3010 3029 
1716 3010 3011 3030 
1717 3011 3012 3031 
1718 3012 3013 3032 
1719 3013 3014 3033 
1720 3014 3015 3034 
1721 3015 3016 3035 
1722 3016 3017 3036 
1723 3017 3018 3037 
1724 3018 3019 3038 
1725 3019 149 3039 
1 254 8 20
1726 52 3040 3059 
1727 3040 3041 3060 
1728 3041 3042 3061 
1729 3042 3043 3062 
1730 3043 3044 3063 
1731 3044 3045 3064 
1732 3045 3046 3065 
1733 3046 3047 3066 
1734 3047 3048 3067 
1735 3048 3049 3068 
1736 3049 3050 3069 
1737 3050 3051 3070 
1738 3051 3052 3071 
1739 3052 3053 3072 
1740 3053 3054 3073 
1741 3054 3055 3074 
1742 3055 3056 3075 
1743 3056 3057 3076 
1744 3057 3058 3077 
1745 3058 150 3078 
1 255 8 2
1746 149 3079 3080 
1747 3079 150 3081 
1 256 8 20
1748 87 3082 3101 
1749 3082 3083 3102 
1750 3083 3084 3103 
1751 3084 3085 3104 
1752 3085 3086 3105 
1753 3086 3087 3106 
1754 3087 3088 3107 
1755 3088 3089 3108 
1756 3089 3090 3109 
1757 3090 3091 3110 
1758 3091 3092 3111 
1759 3092 3093 3112 
1760 3093 3094 3113 
1761 3094 3095 3114 
1762 3095 3096 3115 
1763 3096 3097 3116 
1764 3097 3098 3117 
1765 3098 3099 3118 
1766 3099 3100 3119 
1767 3100 151 3120 
1 257 8 4
1768 151 3121 3124 
1769 3121 3122 3125 
1770 3122 3123 3126 
1771 3123 149 3127 
1 258 8 20
1772 64 3128 3147 
1773 3128 3129 3148 
1774 3129 3130 3149 
1775 3130 3131 3150 
1776 3131 3132 3151 
1777 3132 3133 3152 
1778 3133 3134 3153 
1779 3134 3135 3154 
1780 3135 3136 3155 
1781 3136 3137 3156 
1782 3137 3138 3157 
1783 3138 3139 3158 
1784 3139 3140 3159 
1785 3140 3141 3160 
1786 3141 3142 3161 
1787 3142 3143 3162 
1788 3143 3144 3163 
1789 3144 3145 3164 
1790 3145 3146 3165 
1791 3146 152 3166 
1 259 8 20
1792 65 3167 3186 
1793 3167 3168 3187 
1794 3168 3169 3188 
1795 3169 3170 3189 
1796 3170 3171 3190 
1797 3171 3172 3191 
1798 3172 3173 3192 
1799 3173 3174 3193 
1800 3174 3175 3194 
1801 3175 3176 3195 
1802 3176 3177 3196 
1803 3177 3178 3197 
1804 3178 3179 3198 
1805 3179 3180 3199 
1806 3180 3181 3200 
1807 3181 3182 3201 
1808 3182 3183 3202 
1809 3183 3184 3203 
1810 3184 3185 3204 
1811 3185 153 3205 
1 260 8 4
1812 152 3206 3209 
1813 3206 3207 3210 
1814 3207 3208 3211 
1815 3208 153 3212 
1 261 8 20
1816 63 3213 3232 
1817 3213 3214 3233 
1818 3214 3215 3234 
1819 3215 3216 3235 
1820 3216 3217 3236 
1821 3217 3218 3237 
1822 3218 3219 3238 
1823 3219 3220 3239 
1824 3220 3221 3240 
1825 3221 3222 3241 
1826 3222 3223 3242 
1827 3223 3224 3243 
1828 3224 3225 3244 
1829 3225 3226 3245 
1830 3226 3227 3246 
1831 3227 3228 3247 
1832 3228 3229 3248 
1833 3229 3230 3249 
1834 3230 3231 3250 
1835 3231 154 3251 
1 262 8 4
1836 154 3252 3255 
1837 3252 3253 3256 
1838 3253 3254 3257 
1839 3254 152 3258 
1 263 8 20
1840 88 3259 3278 
1841 3259 3260 3279 
1842 3260 3261 3280 
1843 3261 3262 3281 
1844 3262 3263 3282 
1845 3263 3264 3283 
1846 3264 3265 3284 
1847 3265 3266 3285 
1848 3266 3267 3286 
1849 3267 3268 3287 
1850 3268 3269 3288 
1851 3269 3270 3289 
1852 3270 3271 3290 
1853 3271 3272 3291 
1854 3272 3273 3292 
1855 3273 3274 3293 
1856 3274 3275 3294 
1857 3275 3276 3295 
1858 3276 3277 3296 
1859 3277 155 3297 
1 264 8 20
1860 52 3298 3317 
1861 3298 3299 3318 
1862 3299 3300 3319 
1863 3300 3301 3320 
1864 3301 3302 3321 
1865 3302 3303 3322 
1866 3303 3304 3323 
1867 3304 3305 3324 
1868 3305 3306 3325 
1869 3306 3307 3326 
1870 3307 3308 3327 
1871 3308 3309 3328 
1872 3309 3310 3329 
1873 3310 3311 3330 
1874 3311 3312 3331 
1875 3312 3313 3332 
1876 3313 3314 3333 
1877 3314 3315 3334 
1878 3315 3316 3335 
1879 3316 156 3336 
1 265 8 2
1880 155 3337 3338 
1881 3337 156 3339 
1 266 8 20
1882 4 3340 3359 
1883 3340 3341 3360 
1884 3341 3342 3361 
1885 3342 3343 3362 
1886 3343 3344 3363 
1887 3344 3345 3364 
1888 3345 3346 3365 
1889 3346 3347 3366 
1890 3347 3348 3367 
1891 3348 3349 3368 
1892 3349 3350 3369 
1893 3350 3351 3370 
1894 3351 3352 3371 
1895 3352 3353 3372 
1896 3353 3354 3373 
1897 3354 3355 3374 
1898 3355 3356 3375 
1899 3356 3357 3376 
1900 3357 3358 3377 
1901 3358 157 3378 
1 267 8 20
1902 2 3379 3398 
1903 3379 3380 3399 
1904 3380 3381 3400 
1905 3381 3382 3401 
1906 3382 3383 3402 
1907 3383 3384 3403 
1908 3384 3385 3404 
1909 3385 3386 3405 
1910 3386 3387 3406 
1911 3387 3388 3407 
1912 3388 3389 3408 
1913 3389 3390 3409 
1914 3390 3391 3410 
1915 3391 3392 3411 
1916 3392 3393 3412 
1917 3393 3394 3413 
1918 3394 3395 3414 
1919 3395 3396 3415 
1920 3396 3397 3416 
1921 3397 158 3417 
1 268 8 2
1922 157 3418 3419 
1923 3418 158 3420 
2 1 10 20
1924 3 195 3421 159 199 3433 3434 162 3435 
1925 195 196 3422 3421 200 3436 3437 3433 3438 
1926 196 197 3423 3422 201 3439 3440 3436 3441 
1927 197 198 3424 3423 202 3442 3443 3439 3444 
1928 198 20 213 3424 203 216 3445 3442 3446 
1929 159 3421 3425 160 3434 3447 3448 163 3449 
1930 3421 3422 3426 3425 3437 3450 3451 3447 3452 
1931 3422 3423 3427 3426 3440 3453 3454 3450 3455 
1932 3423 3424 3428 3427 3443 3456 3457 3453 3458 
1933 3424 213 214 3428 3445 217 3459 3456 3460 
1934 160 3425 3429 161 3448 3461 3462 164 3463 
1935 3425 3426 3430 3429 3451 3464 3465 3461 3466 
1936 3426 3427 3431 3430 3454 3467 3468 3464 3469 
1937 3427 3428 3432 3431 3457 3470 3471 3467 3472 
1938 3428 214 215 3432 3459 218 3473 3470 3474 
1939 161 3429 204 4 3462 3475 208 165 3476 
1940 3429 3430 205 204 3465 3477 209 3475 3478 
1941 3430 3431 206 205 3468 3479 210 3477 3480 
1942 3431 3432 207 206 3471 3481 211 3479 3482 
1943 3432 215 21 207 3473 219 212 3481 3483 
2 2 10 10
1944 4 204 3484 166 208 3488 3489 167 3490 
1945 204 205 3485 3484 209 3491 3492 3488 3493 
1946 205 206 3486 3485 210 3494 3495 3491 3496 
1947 206 207 3487 3486 211 3497 3498 3494 3499 
1948 207 21 229 3487 212 230 3500 3497 3501 
1949 166 3484 220 2 3489 3502 224 168 3503 
1950 3484 3485 221 220 3492 3504 225 3502 3505 
1951 3485 3486 222 221 3495 3506 226 3504 3507 
1952 3486 3487 223 222 3498 3508 227 3506 3509 
1953 3487 229 22 223 3500 231 228 3508 3510 
2 3 10 5
1954 19 232 241 16 236 3511 245 173 3512 
1955 232 233 242 241 237 3513 246 3511 3514 
1956 233 234 243 242 238 3515 247 3513 3516 
1957 234 235 244 243 239 3517 248 3515 3518 
1958 235 23 24 244 240 250 249 3517 3519 
2 4 10 5
1959 17 251 232 19 255 3520 236 176 3521 
1960 251 252 233 232 256 3522 237 3520 3523 
1961 252 253 234 233 257 3524 238 3522 3525 
1962 253 254 235 234 258 3526 239 3524 3527 
1963 254 25 23 235 259 260 240 3526 3528 
2 5 10 5
1964 18 261 251 17 265 3529 255 175 3530 
1965 261 262 252 251 266 3531 256 3529 3532 
1966 262 263 253 252 267 3533 257 3531 3534 
1967 263 264 254 253 268 3535 258 3533 3536 
1968 264 26 25 254 269 270 259 3535 3537 
2 6 10 5
1969 16 241 261 18 245 3538 265 174 3539 
1970 241 242 262 261 246 3540 266 3538 3541 
1971 242 243 263 262 247 3542 267 3540 3543 
1972 243 244 264 263 248 3544 268 3542 3545 
1973 244 24 26 264 249 271 269 3544 3546 
2 7 10 5
1974 12 272 281 13 276 3547 285 169 3548 
1975 272 273 282 281 277 3549 286 3547 3550 
1976 273 274 283 282 278 3551 287 3549 3552 
1977 274 275 284 283 279 3553 288 3551 3554 
1978 275 27 28 284 280 290 289 3553 3555 
2 8 10 5
1979 10 291 272 12 295 3556 276 172 3557 
1980 291 292 273 272 296 3558 277 3556 3559 
1981 292 293 274 273 297 3560 278 3558 3561 
1982 293 294 275 274 298 3562 279 3560 3563 
1983 294 29 27 275 299 300 280 3562 3564 
2 9 10 5
1984 14 301 291 10 305 3565 295 171 3566 
1985 301 302 292 291 306 3567 296 3565 3568 
1986 302 303 293 292 307 3569 297 3567 3570 
1987 303 304 294 293 308 3571 298 3569 3572 
1988 304 30 29 294 309 310 299 3571 3573 
2 10 10 5
1989 13 281 301 14 285 3574 305 170 3575 
1990 281 282 302 301 286 3576 306 3574 3577 
1991 282 283 303 302 287 3578 307 3576 3579 
1992 283 284 304 303 288 3580 308 3578 3581 
1993 284 28 30 304 289 311 309 3580 3582 
2 11 10 5
1994 8 312 321 7 316 3583 325 177 3584 
1995 312 313 322 321 317 3585 326 3583 3586 
1996 313 314 323 322 318 3587 327 3585 3588 
1997 314 315 324 323 319 3589 328 3587 3590 
1998 315 31 32 324 320 330 329 3589 3591 
2 12 10 5
1999 9 331 312 8 335 3592 316 180 3593 
2000 331 332 313 312 336 3594 317 3592 3595 
2001 332 333 314 313 337 3596 318 3594 3597 
2002 333 334 315 314 338 3598 319 3596 3599 
2003 334 33 31 315 339 340 320 3598 3600 
2 13 10 5
2004 6 341 331 9 345 3601 335 179 3602 
2005 341 342 332 331 346 3603 336 3601 3604 
2006 342 343 333 332 347 3605 337 3603 3606 
2007 343 344 334 333 348 3607 338 3605 3608 
2008 344 34 33 334 349 350 339 3607 3609 
2 14 10 5
2009 7 321 341 6 325 3610 345 178 3611 
2010 321 322 342 341 326 3612 346 3610 3613 
2011 322 323 343 342 327 3614 347 3612 3615 
2012 323 324 344 343 328 3616 348 3614 3617 
2013 324 32 34 344 329 351 349 3616 3618 
2 15 10 83
2014 3636 3667 3631 3622 3687 3688 3689 3690 3691 
2015 3630 3664 3651 17 3692 3693 3694 3695 3696 
2016 16 19 3633 3647 173 3697 3698 3699 3700 
2017 3649 3623 3642 3670 3701 3702 3703 3704 3705 
2018 3627 3645 3670 3642 3706 3707 3703 3708 3709 
2019 14 3686 3649 10 3710 3711 3712 171 3713 
2020 181 182 3634 3626 185 3714 3715 3716 3717 
2021 3625 3648 3650 3673 3718 3719 3720 3721 3722 
2022 3622 3658 1 3643 3723 3724 3725 3726 3727 
2023 3643 3655 3637 3622 3728 3729 3730 3726 3731 
2024 160 3638 12 3639 3732 3733 3734 3735 3736 
2025 3677 3634 182 183 3737 3714 186 3738 3739 
2026 3662 3653 3651 3628 3740 3741 3742 3743 3744 
2027 3656 3661 3648 3625 3745 3746 3718 3747 3748 
2028 3651 3653 19 17 3741 3749 176 3694 3750 
2029 189 190 3671 3627 193 3751 3752 3753 3754 
2030 3622 3637 3685 3636 3730 3755 3756 3690 3757 
2031 3650 3648 3662 3628 3719 3758 3743 3759 3760 
2032 3627 3642 188 189 3708 3761 192 3753 3762 
2033 7 3640 3641 6 3763 3764 3765 178 3766 
2034 3645 10 3649 3670 3767 3712 3704 3707 3768 
2035 3675 3629 3632 3678 3769 3770 3771 3772 3773 
2036 3674 3654 3646 3621 3774 3775 3776 3777 3778 
2037 3624 3652 3685 3637 3779 3780 3755 3781 3782 
2038 3620 3655 3643 3680 3783 3728 3784 3785 3786 
2039 159 3671 190 3 3787 3751 194 162 3788 
2040 3671 3639 3645 3627 3789 3790 3706 3752 3791 
2041 3626 3634 3676 3644 3715 3792 3793 3794 3795 
2042 3637 3655 3620 3668 3729 3783 3796 3797 3798 
2043 3642 3623 3672 188 3702 3799 3800 3761 3801 
2044 3673 3657 3663 3625 3802 3803 3804 3721 3805 
2045 3682 3654 3656 3669 3806 3807 3808 3809 3810 
2046 3641 3640 3632 166 3764 3811 3812 3813 3814 
2047 3683 3630 3660 3659 3815 3816 3817 3818 3819 
2048 3664 3630 3683 3652 3692 3815 3820 3821 3822 
2049 3685 3652 3683 3619 3780 3820 3823 3824 3825 
2050 3683 3659 3675 3619 3818 3826 3827 3823 3828 
2051 3680 3623 3663 3657 3829 3830 3803 3831 3832 
2052 3637 3668 3679 3624 3797 3833 3834 3781 3835 
2053 8 3681 3678 7 3836 3837 3838 177 3839 
2054 3651 3664 3652 3624 3693 3821 3779 3840 3841 
2055 3682 3669 14 13 3809 3842 170 3843 3844 
2056 3660 3630 17 18 3816 3695 175 3845 3846 
2057 3628 3651 3624 3679 3742 3840 3834 3847 3848 
2058 3628 3679 3668 3650 3847 3833 3849 3759 3850 
2059 3623 3680 3643 3672 3829 3784 3851 3799 3852 
2060 3667 3666 3681 8 3853 3854 3836 3855 3856 
2061 3644 3676 3684 9 3793 3857 3858 3859 3860 
2062 3673 3620 3680 3657 3861 3785 3831 3802 3862 
2063 160 3639 3671 159 3735 3789 3787 163 3863 
2064 3622 3631 3677 3658 3689 3864 3865 3723 3866 
2065 3619 3675 3666 3665 3827 3867 3868 3869 3870 
2066 3668 3620 3673 3650 3796 3861 3720 3849 3871 
2067 3669 3656 3686 14 3808 3872 3710 3842 3873 
2068 3675 3678 3681 3666 3772 3837 3854 3867 3874 
2069 3675 3659 3660 3629 3826 3817 3875 3769 3876 
2070 188 3672 3643 1 3800 3851 3725 191 3877 
2071 3656 3654 3674 3661 3807 3774 3878 3745 3879 
2072 3648 3661 3674 3621 3746 3878 3777 3880 3881 
2073 3619 3665 3636 3685 3869 3882 3756 3824 3883 
2074 3625 3663 3686 3656 3804 3884 3872 3747 3885 
2075 3665 3666 3667 3636 3868 3853 3687 3882 3886 
2076 4 3647 3646 161 3887 3888 3889 165 3890 
2077 1 3658 3677 183 3724 3865 3738 187 3891 
2078 9 3684 3667 8 3858 3892 3855 180 3893 
2079 160 161 3646 3635 164 3889 3894 3895 3896 
2080 3676 3631 3667 3684 3897 3688 3892 3857 3898 
2081 7 3678 3632 3640 3838 3771 3811 3763 3899 
2082 3623 3649 3686 3663 3701 3711 3884 3830 3900 
2083 160 3635 3682 3638 3895 3901 3902 3732 3903 
2084 3631 3676 3634 3677 3897 3792 3737 3864 3904 
2085 3646 3654 3682 3635 3775 3806 3901 3894 3905 
2086 4 166 3632 3629 167 3812 3770 3906 3907 
2087 166 2 181 3641 168 184 3908 3813 3909 
2088 3647 4 3629 16 3887 3906 3910 3699 3911 
2089 3641 3644 9 6 3912 3859 179 3765 3913 
2090 3639 12 10 3645 3734 172 3767 3790 3914 
2091 3682 13 12 3638 3843 169 3733 3902 3915 
2092 18 16 3629 3660 174 3910 3875 3845 3916 
2093 3662 3633 19 3653 3917 3697 3749 3740 3918 
2094 3644 3641 181 3626 3912 3908 3716 3794 3919 
2095 3647 3633 3621 3646 3698 3920 3776 3888 3921 
2096 3648 3621 3633 3662 3880 3920 3917 3758 3922 
2 16 9 23
2097 3939 3969 3940 3995 3996 3997 
2098 27 3945 28 3998 3999 290 
2099 3944 3978 3927 4000 4001 4002 
2100 215 3937 214 4003 4004 218 
2101 3964 3985 3924 4005 4006 4007 
2102 3931 3991 3944 4008 4009 4010 
2103 3970 3977 3938 4011 4012 4013 
2104 3954 3965 3929 4014 4015 4016 
2105 3946 3947 3930 4017 4018 4019 
2106 3934 3967 3966 4020 4021 4022 
2107 356 3950 3949 4023 4024 4025 
2108 354 3991 353 4026 4027 362 
2109 358 3994 357 4028 4029 366 
2110 359 3986 358 4030 4031 367 
2111 353 3992 352 4032 4033 361 
2112 26 3969 25 4034 4035 270 
2113 3932 3983 3982 4036 4037 4038 
2114 31 3977 32 4039 4040 330 
2115 22 3953 229 4041 4042 231 
2116 3940 3958 3952 4043 4044 4045 
2117 29 3947 27 4046 4047 300 
2118 3938 3965 3923 4048 4049 4050 
2119 3953 3992 3931 4051 4052 4053 
2 16 10 76
2120 3930 3947 3936 3994 4018 4054 4055 4056 4057 
2121 34 3988 3948 33 4058 4059 4060 350 4061 
2122 3979 3967 3934 3993 4062 4020 4063 4064 4065 
2123 3923 3965 3954 3981 4049 4014 4066 4067 4068 
2124 3961 3977 31 3990 4069 4039 4070 4071 4072 
2125 30 3973 3968 3974 4073 4074 4075 4076 4077 
2126 3956 3960 3925 3962 4078 4079 4080 4081 4082 
2127 3929 3965 3961 3987 4015 4083 4084 4085 4086 
2128 3954 3929 3960 3928 4016 4087 4088 4089 4090 
2129 3934 3966 3957 3989 4022 4091 4092 4093 4094 
2130 3949 3959 355 356 4095 4096 364 4025 4097 
2131 3980 3924 3979 3943 4098 4099 4100 4101 4102 
2132 3963 3987 3955 3927 4103 4104 4105 4106 4107 
2133 3990 31 33 3955 4070 340 4108 4109 4110 
2134 3948 3931 3944 3971 4111 4010 4112 4113 4114 
2135 3957 3984 3928 3989 4115 4116 4117 4092 4118 
2136 3975 3935 3976 3936 4119 4120 4121 4122 4123 
2137 3959 3963 3927 3978 4124 4106 4001 4125 4126 
2138 26 3958 3940 3969 4127 4043 3996 4034 4128 
2139 3944 3991 354 3978 4009 4026 4129 4000 4130 
2140 3963 3960 3929 3987 4131 4087 4085 4103 4132 
2141 3926 3962 3949 3950 4133 4134 4024 4135 4136 
2142 3973 3980 3943 3968 4137 4101 4138 4074 4139 
2143 3941 3966 3967 3985 4140 4021 4141 4142 4143 
2144 3932 3980 3973 3983 4144 4137 4145 4036 4146 
2145 23 25 3966 3941 260 4147 4140 4148 4149 
2146 3967 3979 3924 3985 4062 4099 4006 4141 4150 
2147 3956 3962 3942 3993 4081 4151 4152 4153 4154 
2148 3991 3931 3992 353 4008 4052 4032 4027 4155 
2149 3957 3966 25 3969 4091 4147 4035 4156 4157 
2150 3964 3932 3982 3937 4158 4038 4159 4160 4161 
2151 3993 3934 3989 3956 4063 4093 4162 4153 4163 
2152 3937 215 3933 3964 4003 4164 4165 4160 4166 
2153 3963 3959 3925 3960 4124 4167 4079 4131 4168 
2154 3946 3930 3972 213 4019 4169 4170 4171 4172 
2155 3942 3943 3979 3993 4173 4100 4064 4152 4174 
2156 3928 3960 3956 3989 4088 4078 4162 4117 4175 
2157 3961 3965 3938 3977 4083 4048 4012 4069 4176 
2158 3986 3930 3994 358 4177 4056 4028 4031 4178 
2159 3926 3943 3942 3962 4179 4173 4151 4133 4180 
2160 3964 3924 3980 3932 4007 4098 4144 4158 4181 
2161 3949 3962 3925 3959 4134 4080 4167 4095 4182 
2162 3935 3926 3950 3976 4183 4135 4184 4120 4185 
2163 33 3948 3971 3955 4060 4113 4186 4108 4187 
2164 3947 29 3975 3936 4046 4188 4122 4054 4189 
2165 3968 3943 3926 3935 4138 4179 4183 4190 4191 
2166 28 3945 3982 3983 3999 4192 4037 4193 4194 
2167 357 3976 3950 356 4195 4184 4023 365 4196 
2168 3971 3944 3927 3955 4112 4002 4105 4186 4197 
2169 3939 3940 3981 3984 3997 4198 4199 4200 4201 
2170 3923 3952 3970 3938 4202 4203 4013 4050 4204 
2171 27 3947 3946 3945 4047 4017 4205 3998 4206 
2172 3974 3975 29 30 4207 4188 310 4076 4208 
2173 3931 3948 3988 3953 4111 4059 4209 4053 4210 
2174 3964 3933 3941 3985 4165 4211 4142 4005 4212 
2175 30 28 3983 3973 311 4193 4145 4073 4213 
2176 3923 3981 3940 3952 4067 4198 4045 4202 4214 
2177 214 3945 3946 213 4215 4205 4171 217 4216 
2178 3952 229 3951 3970 4217 4218 4219 4203 4220 
2179 20 213 3972 359 216 4170 4221 368 4222 
2180 3957 3969 3939 3984 4156 3995 4200 4115 4223 
2181 357 3994 3936 3976 4029 4055 4121 4195 4224 
2182 3951 229 3953 3988 4218 4042 4209 4225 4226 
2183 3933 215 21 24 4164 219 4227 4228 4229 
2184 3970 3951 32 3977 4219 4230 4040 4011 4231 
2185 3935 3975 3974 3968 4119 4207 4075 4190 4232 
2186 3945 214 3937 3982 4215 4004 4159 4192 4233 
2187 3953 22 352 3992 4041 360 4033 4051 4234 
2188 21 229 3952 3958 230 4217 4044 4235 4236 
2189 24 21 3958 26 4227 4235 4127 271 4237 
2190 3954 3928 3984 3981 4089 4116 4199 4066 4238 
2191 3990 3955 3987 3961 4109 4104 4084 4071 4239 
2192 3972 3930 3986 359 4169 4177 4030 4221 4240 
2193 3978 354 355 3959 4129 363 4096 4125 4241 
2194 3933 24 23 3941 4228 250 4148 4211 4242 
2195 3951 3988 34 32 4225 4058 351 4230 4243 
2 17 10 10
2196 21 369 4244 229 373 4248 4249 230 4250 
2197 369 370 4245 4244 374 4251 4252 4248 4253 
2198 370 371 4246 4245 375 4254 4255 4251 4256 
2199 371 372 4247 4246 376 4257 4258 4254 4259 
2200 372 35 387 4247 377 388 4260 4257 4261 
2201 229 4244 378 22 4249 4262 382 231 4263 
2202 4244 4245 379 378 4252 4264 383 4262 4265 
2203 4245 4246 380 379 4255 4266 384 4264 4267 
2204 4246 4247 381 380 4258 4268 385 4266 4269 
2205 4247 387 36 381 4260 389 386 4268 4270 
2 18 10 20
2206 20 390 4271 213 394 4283 4284 216 4285 
2207 390 391 4272 4271 395 4286 4287 4283 4288 
2208 391 392 4273 4272 396 4289 4290 4286 4291 
2209 392 393 4274 4273 397 4292 4293 4289 4294 
2210 393 37 399 4274 398 402 4295 4292 4296 
2211 213 4271 4275 214 4284 4297 4298 217 4299 
2212 4271 4272 4276 4275 4287 4300 4301 4297 4302 
2213 4272 4273 4277 4276 4290 4303 4304 4300 4305 
2214 4273 4274 4278 4277 4293 4306 4307 4303 4308 
2215 4274 399 400 4278 4295 403 4309 4306 4310 
2216 214 4275 4279 215 4298 4311 4312 218 4313 
2217 4275 4276 4280 4279 4301 4314 4315 4311 4316 
2218 4276 4277 4281 4280 4304 4317 4318 4314 4319 
2219 4277 4278 4282 4281 4307 4320 4321 4317 4322 
2220 4278 400 401 4282 4309 404 4323 4320 4324 
2221 215 4279 369 21 4312 4325 373 219 4326 
2222 4279 4280 370 369 4315 4327 374 4325 4328 
2223 4280 4281 371 370 4318 4329 375 4327 4330 
2224 4281 4282 372 371 4321 4331 376 4329 4332 
2225 4282 401 35 372 4323 405 377 4331 4333 
2 19 10 5
2226 23 406 415 24 410 4334 419 250 4335 
2227 406 407 416 415 411 4336 420 4334 4337 
2228 407 408 417 416 412 4338 421 4336 4339 
2229 408 409 418 417 413 4340 422 4338 4341 
2230 409 38 39 418 414 424 423 4340 4342 
2 20 10 5
2231 24 415 425 26 419 4343 429 271 4344 
2232 415 416 426 425 420 4345 430 4343 4346 
2233 416 417 427 426 421 4347 431 4345 4348 
2234 417 418 428 427 422 4349 432 4347 4350 
2235 418 39 40 428 423 434 433 4349 4351 
2 21 10 5
2236 26 425 435 25 429 4352 439 270 4353 
2237 425 426 436 435 430 4354 440 4352 4355 
2238 426 427 437 436 431 4356 441 4354 4357 
2239 427 428 438 437 432 4358 442 4356 4359 
2240 428 40 41 438 433 444 443 4358 4360 
2 22 10 5
2241 25 435 406 23 439 4361 410 260 4362 
2242 435 436 407 406 440 4363 411 4361 4364 
2243 436 437 408 407 441 4365 412 4363 4366 
2244 437 438 409 408 442 4367 413 4365 4368 
2245 438 41 38 409 443 445 414 4367 4369 
2 23 10 5
2246 31 446 455 32 450 4370 459 330 4371 
2247 446 447 456 455 451 4372 460 4370 4373 
2248 447 448 457 456 452 4374 461 4372 4375 
2249 448 449 458 457 453 4376 462 4374 4377 
2250 449 42 43 458 454 464 463 4376 4378 
2 24 10 5
2251 33 465 446 31 469 4379 450 340 4380 
2252 465 466 447 446 470 4381 451 4379 4382 
2253 466 467 448 447 471 4383 452 4381 4384 
2254 467 468 449 448 472 4385 453 4383 4386 
2255 468 44 42 449 473 474 454 4385 4387 
2 25 10 5
2256 34 475 465 33 479 4388 469 350 4389 
2257 475 476 466 465 480 4390 470 4388 4391 
2258 476 477 467 466 481 4392 471 4390 4393 
2259 477 478 468 467 482 4394 472 4392 4395 
2260 478 45 44 468 483 484 473 4394 4396 
2 26 10 5
2261 32 455 475 34 459 4397 479 351 4398 
2262 455 456 476 475 460 4399 480 4397 4400 
2263 456 457 477 476 461 4401 481 4399 4402 
2264 457 458 478 477 462 4403 482 4401 4404 
2265 458 43 45 478 463 485 483 4403 4405 
2 27 10 5
2266 27 486 495 28 490 4406 499 290 4407 
2267 486 487 496 495 491 4408 500 4406 4409 
2268 487 488 497 496 492 4410 501 4408 4411 
2269 488 489 498 497 493 4412 502 4410 4413 
2270 489 46 47 498 494 504 503 4412 4414 
2 28 10 5
2271 28 495 505 30 499 4415 509 311 4416 
2272 495 496 506 505 500 4417 510 4415 4418 
2273 496 497 507 506 501 4419 511 4417 4420 
2274 497 498 508 507 502 4421 512 4419 4422 
2275 498 47 48 508 503 514 513 4421 4423 
2 29 10 5
2276 30 505 515 29 509 4424 519 310 4425 
2277 505 506 516 515 510 4426 520 4424 4427 
2278 506 507 517 516 511 4428 521 4426 4429 
2279 507 508 518 517 512 4430 522 4428 4431 
2280 508 48 49 518 513 524 523 4430 4432 
2 30 10 5
2281 29 515 486 27 519 4433 490 300 4434 
2282 515 516 487 486 520 4435 491 4433 4436 
2283 516 517 488 487 521 4437 492 4435 4438 
2284 517 518 489 488 522 4439 493 4437 4440 
2285 518 49 46 489 523 525 494 4439 4441 
2 31 9 23
2286 4458 4488 4459 4514 4515 4516 
2287 46 4464 47 4517 4518 504 
2288 4463 4497 4446 4519 4520 4521 
2289 401 4456 400 4522 4523 404 
2290 4483 4504 4443 4524 4525 4526 
2291 4450 4510 4463 4527 4528 4529 
2292 4489 4496 4457 4530 4531 4532 
2293 4473 4484 4448 4533 4534 4535 
2294 4465 4466 4449 4536 4537 4538 
2295 4453 4486 4485 4539 4540 4541 
2296 529 4469 4468 4542 4543 4544 
2297 531 4510 532 4545 4546 540 
2298 527 4513 528 4547 4548 536 
2299 526 4505 527 4549 4550 535 
2300 532 4511 533 4551 4552 541 
2301 40 4488 41 4553 4554 444 
2302 4451 4502 4501 4555 4556 4557 
2303 42 4496 43 4558 4559 464 
2304 36 4472 387 4560 4561 389 
2305 4459 4477 4471 4562 4563 4564 
2306 49 4466 46 4565 4566 525 
2307 4457 4484 4442 4567 4568 4569 
2308 4472 4511 4450 4570 4571 4572 
2 31 10 76
2309 4449 4466 4455 4513 4537 4573 4574 4575 4576 
2310 45 4507 4467 44 4577 4578 4579 484 4580 
2311 4498 4486 4453 4512 4581 4539 4582 4583 4584 
2312 4442 4484 4473 4500 4568 4533 4585 4586 4587 
2313 4480 4496 42 4509 4588 4558 4589 4590 4591 
2314 48 4492 4487 4493 4592 4593 4594 4595 4596 
2315 4475 4479 4444 4481 4597 4598 4599 4600 4601 
2316 4448 4484 4480 4506 4534 4602 4603 4604 4605 
2317 4473 4448 4479 4447 4535 4606 4607 4608 4609 
2318 4453 4485 4476 4508 4541 4610 4611 4612 4613 
2319 4468 4478 530 529 4614 4615 538 4544 4616 
2320 4499 4443 4498 4462 4617 4618 4619 4620 4621 
2321 4482 4506 4474 4446 4622 4623 4624 4625 4626 
2322 4509 42 44 4474 4589 474 4627 4628 4629 
2323 4467 4450 4463 4490 4630 4529 4631 4632 4633 
2324 4476 4503 4447 4508 4634 4635 4636 4611 4637 
2325 4494 4454 4495 4455 4638 4639 4640 4641 4642 
2326 4478 4482 4446 4497 4643 4625 4520 4644 4645 
2327 40 4477 4459 4488 4646 4562 4515 4553 4647 
2328 4463 4510 531 4497 4528 4545 4648 4519 4649 
2329 4482 4479 4448 4506 4650 4606 4604 4622 4651 
2330 4445 4481 4468 4469 4652 4653 4543 4654 4655 
2331 4492 4499 4462 4487 4656 4620 4657 4593 4658 
2332 4460 4485 4486 4504 4659 4540 4660 4661 4662 
2333 4451 4499 4492 4502 4663 4656 4664 4555 4665 
2334 38 41 4485 4460 445 4666 4659 4667 4668 
2335 4486 4498 4443 4504 4581 4618 4525 4660 4669 
2336 4475 4481 4461 4512 4600 4670 4671 4672 4673 
2337 4510 4450 4511 532 4527 4571 4551 4546 4674 
2338 4476 4485 41 4488 4610 4666 4554 4675 4676 
2339 4483 4451 4501 4456 4677 4557 4678 4679 4680 
2340 4512 4453 4508 4475 4582 4612 4681 4672 4682 
2341 4456 401 4452 4483 4522 4683 4684 4679 4685 
2342 4482 4478 4444 4479 4643 4686 4598 4650 4687 
2343 4465 4449 4491 399 4538 4688 4689 4690 4691 
2344 4461 4462 4498 4512 4692 4619 4583 4671 4693 
2345 4447 4479 4475 4508 4607 4597 4681 4636 4694 
2346 4480 4484 4457 4496 4602 4567 4531 4588 4695 
2347 4505 4449 4513 527 4696 4575 4547 4550 4697 
2348 4445 4462 4461 4481 4698 4692 4670 4652 4699 
2349 4483 4443 4499 4451 4526 4617 4663 4677 4700 
2350 4468 4481 4444 4478 4653 4599 4686 4614 4701 
2351 4454 4445 4469 4495 4702 4654 4703 4639 4704 
2352 44 4467 4490 4474 4579 4632 4705 4627 4706 
2353 4466 49 4494 4455 4565 4707 4641 4573 4708 
2354 4487 4462 4445 4454 4657 4698 4702 4709 4710 
2355 47 4464 4501 4502 4518 4711 4556 4712 4713 
2356 528 4495 4469 529 4714 4703 4542 537 4715 
2357 4490 4463 4446 4474 4631 4521 4624 4705 4716 
2358 4458 4459 4500 4503 4516 4717 4718 4719 4720 
2359 4442 4471 4489 4457 4721 4722 4532 4569 4723 
2360 46 4466 4465 4464 4566 4536 4724 4517 4725 
2361 4493 4494 49 48 4726 4707 524 4595 4727 
2362 4450 4467 4507 4472 4630 4578 4728 4572 4729 
2363 4483 4452 4460 4504 4684 4730 4661 4524 4731 
2364 48 47 4502 4492 514 4712 4664 4592 4732 
2365 4442 4500 4459 4471 4586 4717 4564 4721 4733 
2366 400 4464 4465 399 4734 4724 4690 403 4735 
2367 4471 387 4470 4489 4736 4737 4738 4722 4739 
2368 37 399 4491 526 402 4689 4740 534 4741 
2369 4476 4488 4458 4503 4675 4514 4719 4634 4742 
2370 528 4513 4455 4495 4548 4574 4640 4714 4743 
2371 4470 387 4472 4507 4737 4561 4728 4744 4745 
2372 4452 401 35 39 4683 405 4746 4747 4748 
2373 4489 4470 43 4496 4738 4749 4559 4530 4750 
2374 4454 4494 4493 4487 4638 4726 4594 4709 4751 
2375 4464 400 4456 4501 4734 4523 4678 4711 4752 
2376 4472 36 533 4511 4560 542 4552 4570 4753 
2377 35 387 4471 4477 388 4736 4563 4754 4755 
2378 39 35 4477 40 4746 4754 4646 434 4756 
2379 4473 4447 4503 4500 4608 4635 4718 4585 4757 
2380 4509 4474 4506 4480 4628 4623 4603 4590 4758 
2381 4491 4449 4505 526 4688 4696 4549 4740 4759 
2382 4497 531 530 4478 4648 539 4615 4644 4760 
2383 4452 39 38 4460 4747 424 4667 4730 4761 
2384 4470 4507 45 43 4744 4577 485 4749 4762 
2 32 10 20
2385 51 610 4763 550 614 4775 4776 553 4777 
2386 610 611 4764 4763 615 4778 4779 4775 4780 
2387 611 612 4765 4764 616 4781 4782 4778 4783 
2388 612 613 4766 4765 617 4784 4785 4781 4786 
2389 613 57 628 4766 618 631 4787 4784 4788 
2390 550 4763 4767 551 4776 4789 4790 554 4791 
2391 4763 4764 4768 4767 4779 4792 4793 4789 4794 
2392 4764 4765 4769 4768 4782 4795 4796 4792 4797 
2393 4765 4766 4770 4769 4785 4798 4799 4795 4800 
2394 4766 628 629 4770 4787 632 4801 4798 4802 
2395 551 4767 4771 552 4790 4803 4804 555 4805 
2396 4767 4768 4772 4771 4793 4806 4807 4803 4808 
2397 4768 4769 4773 4772 4796 4809 4810 4806 4811 
2398 4769 4770 4774 4773 4799 4812 4813 4809 4814 
2399 4770 629 630 4774 4801 633 4815 4812 4816 
2400 552 4771 619 52 4804 4817 623 556 4818 
2401 4771 4772 620 619 4807 4819 624 4817 4820 
2402 4772 4773 621 620 4810 4821 625 4819 4822 
2403 4773 4774 622 621 4813 4823 626 4821 4824 
2404 4774 630 58 622 4815 634 627 4823 4825 
2 33 10 20
2405 53 635 4826 543 639 4838 4839 546 4840 
2406 635 636 4827 4826 640 4841 4842 4838 4843 
2407 636 637 4828 4827 641 4844 4845 4841 4846 
2408 637 638 4829 4828 642 4847 4848 4844 4849 
2409 638 59 644 4829 643 647 4850 4847 4851 
2410 543 4826 4830 544 4839 4852 4853 547 4854 
2411 4826 4827 4831 4830 4842 4855 4856 4852 4857 
2412 4827 4828 4832 4831 4845 4858 4859 4855 4860 
2413 4828 4829 4833 4832 4848 4861 4862 4858 4863 
2414 4829 644 645 4833 4850 648 4864 4861 4865 
2415 544 4830 4834 545 4853 4866 4867 548 4868 
2416 4830 4831 4835 4834 4856 4869 4870 4866 4871 
2417 4831 4832 4836 4835 4859 4872 4873 4869 4874 
2418 4832 4833 4837 4836 4862 4875 4876 4872 4877 
2419 4833 645 646 4837 4864 649 4878 4875 4879 
2420 545 4834 610 51 4867 4880 614 549 4881 
2421 4834 4835 611 610 4870 4882 615 4880 4883 
2422 4835 4836 612 611 4873 4884 616 4882 4885 
2423 4836 4837 613 612 4876 4886 617 4884 4887 
2424 4837 646 57 613 4878 650 618 4886 4888 
2 34 10 35
2425 56 651 4889 597 655 4913 4914 603 4915 
2426 651 652 4890 4889 656 4916 4917 4913 4918 
2427 652 653 4891 4890 657 4919 4920 4916 4921 
2428 653 654 4892 4891 658 4922 4923 4919 4924 
2429 654 60 660 4892 659 666 4925 4922 4926 
2430 597 4889 4893 598 4914 4927 4928 604 4929 
2431 4889 4890 4894 4893 4917 4930 4931 4927 4932 
2432 4890 4891 4895 4894 4920 4933 4934 4930 4935 
2433 4891 4892 4896 4895 4923 4936 4937 4933 4938 
2434 4892 660 661 4896 4925 667 4939 4936 4940 
2435 598 4893 4897 599 4928 4941 4942 605 4943 
2436 4893 4894 4898 4897 4931 4944 4945 4941 4946 
2437 4894 4895 4899 4898 4934 4947 4948 4944 4949 
2438 4895 4896 4900 4899 4937 4950 4951 4947 4952 
2439 4896 661 662 4900 4939 668 4953 4950 4954 
2440 599 4897 4901 600 4942 4955 4956 606 4957 
2441 4897 4898 4902 4901 4945 4958 4959 4955 4960 
2442 4898 4899 4903 4902 4948 4961 4962 4958 4963 
2443 4899 4900 4904 4903 4951 4964 4965 4961 4966 
2444 4900 662 663 4904 4953 669 4967 4964 4968 
2445 600 4901 4905 601 4956 4969 4970 607 4971 
2446 4901 4902 4906 4905 4959 4972 4973 4969 4974 
2447 4902 4903 4907 4906 4962 4975 4976 4972 4977 
2448 4903 4904 4908 4907 4965 4978 4979 4975 4980 
2449 4904 663 664 4908 4967 670 4981 4978 4982 
2450 601 4905 4909 602 4970 4983 4984 608 4985 
2451 4905 4906 4910 4909 4973 4986 4987 4983 4988 
2452 4906 4907 4911 4910 4976 4989 4990 4986 4991 
2453 4907 4908 4912 4911 4979 4992 4993 4989 4994 
2454 4908 664 665 4912 4981 671 4995 4992 4996 
2455 602 4909 651 56 4984 4997 655 609 4998 
2456 4909 4910 652 651 4987 4999 656 4997 5000 
2457 4910 4911 653 652 4990 5001 657 4999 5002 
2458 4911 4912 654 653 4993 5003 658 5001 5004 
2459 4912 665 60 654 4995 672 659 5003 5005 
2 35 10 35
2460 55 673 5006 584 677 5030 5031 590 5032 
2461 673 674 5007 5006 678 5033 5034 5030 5035 
2462 674 675 5008 5007 679 5036 5037 5033 5038 
2463 675 676 5009 5008 680 5039 5040 5036 5041 
2464 676 61 682 5009 681 688 5042 5039 5043 
2465 584 5006 5010 585 5031 5044 5045 591 5046 
2466 5006 5007 5011 5010 5034 5047 5048 5044 5049 
2467 5007 5008 5012 5011 5037 5050 5051 5047 5052 
2468 5008 5009 5013 5012 5040 5053 5054 5050 5055 
2469 5009 682 683 5013 5042 689 5056 5053 5057 
2470 585 5010 5014 586 5045 5058 5059 592 5060 
2471 5010 5011 5015 5014 5048 5061 5062 5058 5063 
2472 5011 5012 5016 5015 5051 5064 5065 5061 5066 
2473 5012 5013 5017 5016 5054 5067 5068 5064 5069 
2474 5013 683 684 5017 5056 690 5070 5067 5071 
2475 586 5014 5018 587 5059 5072 5073 593 5074 
2476 5014 5015 5019 5018 5062 5075 5076 5072 5077 
2477 5015 5016 5020 5019 5065 5078 5079 5075 5080 
2478 5016 5017 5021 5020 5068 5081 5082 5078 5083 
2479 5017 684 685 5021 5070 691 5084 5081 5085 
2480 587 5018 5022 588 5073 5086 5087 594 5088 
2481 5018 5019 5023 5022 5076 5089 5090 5086 5091 
2482 5019 5020 5024 5023 5079 5092 5093 5089 5094 
2483 5020 5021 5025 5024 5082 5095 5096 5092 5097 
2484 5021 685 686 5025 5084 692 5098 5095 5099 
2485 588 5022 5026 589 5087 5100 5101 595 5102 
2486 5022 5023 5027 5026 5090 5103 5104 5100 5105 
2487 5023 5024 5028 5027 5093 5106 5107 5103 5108 
2488 5024 5025 5029 5028 5096 5109 5110 5106 5111 
2489 5025 686 687 5029 5098 693 5112 5109 5113 
2490 589 5026 673 55 5101 5114 677 596 5115 
2491 5026 5027 674 673 5104 5116 678 5114 5117 
2492 5027 5028 675 674 5107 5118 679 5116 5119 
2493 5028 5029 676 675 5110 5120 680 5118 5121 
2494 5029 687 61 676 5112 694 681 5120 5122 
2 36 10 35
2495 54 695 5123 571 699 5147 5148 577 5149 
2496 695 696 5124 5123 700 5150 5151 5147 5152 
2497 696 697 5125 5124 701 5153 5154 5150 5155 
2498 697 698 5126 5125 702 5156 5157 5153 5158 
2499 698 62 704 5126 703 710 5159 5156 5160 
2500 571 5123 5127 572 5148 5161 5162 578 5163 
2501 5123 5124 5128 5127 5151 5164 5165 5161 5166 
2502 5124 5125 5129 5128 5154 5167 5168 5164 5169 
2503 5125 5126 5130 5129 5157 5170 5171 5167 5172 
2504 5126 704 705 5130 5159 711 5173 5170 5174 
2505 572 5127 5131 573 5162 5175 5176 579 5177 
2506 5127 5128 5132 5131 5165 5178 5179 5175 5180 
2507 5128 5129 5133 5132 5168 5181 5182 5178 5183 
2508 5129 5130 5134 5133 5171 5184 5185 5181 5186 
2509 5130 705 706 5134 5173 712 5187 5184 5188 
2510 573 5131 5135 574 5176 5189 5190 580 5191 
2511 5131 5132 5136 5135 5179 5192 5193 5189 5194 
2512 5132 5133 5137 5136 5182 5195 5196 5192 5197 
2513 5133 5134 5138 5137 5185 5198 5199 5195 5200 
2514 5134 706 707 5138 5187 713 5201 5198 5202 
2515 574 5135 5139 575 5190 5203 5204 581 5205 
2516 5135 5136 5140 5139 5193 5206 5207 5203 5208 
2517 5136 5137 5141 5140 5196 5209 5210 5206 5211 
2518 5137 5138 5142 5141 5199 5212 5213 5209 5214 
2519 5138 707 708 5142 5201 714 5215 5212 5216 
2520 575 5139 5143 576 5204 5217 5218 582 5219 
2521 5139 5140 5144 5143 5207 5220 5221 5217 5222 
2522 5140 5141 5145 5144 5210 5223 5224 5220 5225 
2523 5141 5142 5146 5145 5213 5226 5227 5223 5228 
2524 5142 708 709 5146 5215 715 5229 5226 5230 
2525 576 5143 695 54 5218 5231 699 583 5232 
2526 5143 5144 696 695 5221 5233 700 5231 5234 
2527 5144 5145 697 696 5224 5235 701 5233 5236 
2528 5145 5146 698 697 5227 5237 702 5235 5238 
2529 5146 709 62 698 5229 716 703 5237 5239 
2 37 10 133
2530 660 5273 5350 5288 5352 5353 5354 5355 5356 
2531 5255 5306 5339 5290 5357 5358 5359 5360 5361 
2532 5281 5256 5292 5317 5362 5363 5364 5365 5366 
2533 5292 5240 5306 5255 5367 5368 5357 5369 5370 
2534 5280 5267 5292 5255 5371 5372 5369 5373 5374 
2535 5283 5296 5270 5244 5375 5376 5377 5378 5379 
2536 5265 5316 5249 5313 5380 5381 5382 5383 5384 
2537 706 5305 5333 705 5385 5386 5387 712 5388 
2538 685 686 5334 5304 692 5389 5390 5391 5392 
2539 5277 5244 5293 5278 5393 5394 5395 5396 5397 
2540 5350 5273 5299 5248 5353 5398 5399 5400 5401 
2541 5291 5312 663 664 5402 5403 670 5404 5405 
2542 5301 5268 5266 5322 5406 5407 5408 5409 5410 
2543 5247 5322 5266 5327 5411 5408 5412 5413 5414 
2544 5241 5281 5248 5298 5415 5416 5417 5418 5419 
2545 5273 660 661 5285 5352 667 5420 5421 5422 
2546 5313 5249 5296 5283 5382 5423 5375 5424 5425 
2547 5277 5330 5283 5244 5426 5427 5378 5393 5428 
2548 661 662 5326 5311 668 5429 5430 5431 5432 
2549 5241 5284 5256 5281 5433 5434 5362 5415 5435 
2550 5241 5330 5277 5284 5436 5426 5437 5433 5438 
2551 5254 5282 5333 5305 5439 5440 5386 5441 5442 
2552 5251 5304 5334 5252 5443 5390 5444 5445 5446 
2553 5307 5253 5254 5305 5447 5448 5441 5449 5450 
2554 5309 5304 5251 5250 5451 5443 5452 5453 5454 
2555 5255 5290 5329 5280 5360 5455 5456 5373 5457 
2556 5313 5283 5330 5241 5424 5427 5436 5458 5459 
2557 5308 722 5320 5245 5460 5461 5462 5463 5464 
2558 5258 5279 5351 5309 5465 5466 5467 5468 5469 
2559 5312 5326 662 663 5470 5429 669 5403 5471 
2560 5344 5269 5287 5307 5472 5473 5474 5475 5476 
2561 5269 5249 5316 5287 5477 5381 5478 5473 5479 
2562 5243 5261 5290 5339 5480 5481 5359 5482 5483 
2563 5241 5298 5265 5313 5418 5484 5383 5458 5485 
2564 660 5288 5348 60 5355 5486 5487 666 5488 
2565 5266 5268 5338 5257 5407 5489 5490 5491 5492 
2566 5259 718 717 5294 5493 726 5494 5495 5496 
2567 5260 5295 724 723 5497 5498 732 5499 5500 
2568 5337 5339 5306 5297 5501 5358 5502 5503 5504 
2569 5326 5286 5264 5311 5505 5506 5507 5430 5508 
2570 5326 5312 5262 5286 5470 5509 5510 5505 5511 
2571 5258 5289 5321 5279 5512 5513 5514 5465 5515 
2572 60 5280 5329 665 5516 5456 5517 672 5518 
2573 5342 687 61 5323 5519 694 5520 5521 5522 
2574 5343 5324 62 704 5523 5524 710 5525 5526 
2575 60 5348 5267 5280 5487 5527 5371 5516 5528 
2576 5248 5299 5265 5298 5399 5529 5484 5417 5530 
2577 5249 5269 5331 5296 5477 5531 5532 5423 5533 
2578 5329 5290 5261 5291 5455 5481 5534 5535 5536 
2579 664 665 5329 5291 671 5517 5535 5404 5537 
2580 5247 5327 720 719 5413 5538 728 5539 5540 
2581 5346 5240 5292 5256 5541 5367 5363 5542 5543 
2582 5266 5303 720 5327 5544 5545 5538 5412 5546 
2583 5287 5316 5300 5242 5478 5547 5548 5549 5550 
2584 5278 5293 5275 5245 5395 5551 5552 5553 5554 
2585 644 5252 5314 5294 5555 5556 5557 5558 5559 
2586 630 5295 5315 5282 5560 5561 5562 5563 5564 
2587 686 687 5342 5334 693 5519 5565 5389 5566 
2588 705 5333 5343 704 5387 5567 5525 711 5568 
2589 5348 5288 5350 5267 5486 5354 5569 5527 5570 
2590 5274 5289 5318 5246 5571 5572 5573 5574 5575 
2591 5322 5246 5318 5301 5576 5573 5577 5409 5578 
2592 5299 5300 5316 5265 5579 5547 5380 5529 5580 
2593 5244 5270 5319 5293 5377 5581 5582 5394 5583 
2594 5258 5297 5318 5289 5584 5585 5572 5512 5586 
2595 5306 5240 5318 5297 5368 5587 5585 5502 5588 
2596 5274 5246 5322 5302 5574 5576 5589 5590 5591 
2597 5277 5278 5340 5257 5396 5592 5593 5594 5595 
2598 5322 5247 5276 5302 5411 5596 5597 5589 5598 
2599 5346 5256 5284 5335 5542 5434 5599 5600 5601 
2600 5318 5240 5346 5301 5587 5541 5602 5577 5603 
2601 5307 707 708 5344 5604 714 5605 5475 5606 
2602 5266 5257 5340 5303 5491 5593 5607 5544 5608 
2603 708 5331 5269 5344 5609 5531 5472 5605 5610 
2604 5345 61 682 5336 5611 688 5612 5613 5614 
2605 5284 5277 5257 5338 5437 5594 5490 5615 5616 
2606 5309 5351 683 684 5467 5617 690 5618 5619 
2607 709 5319 5270 5347 5620 5581 5621 5622 5623 
2608 682 683 5321 5349 689 5624 5625 5626 5627 
2609 709 5347 5331 708 5622 5628 5609 715 5629 
2610 5281 5317 5350 5248 5365 5630 5400 5416 5631 
2611 62 5332 5319 709 5632 5633 5620 716 5634 
2612 5260 5308 5341 5272 5635 5636 5637 5638 5639 
2613 5242 5300 5285 5263 5548 5640 5641 5642 5643 
2614 5292 5267 5350 5317 5372 5569 5630 5364 5644 
2615 5259 5271 5345 5310 5645 5646 5647 5648 5649 
2616 5300 5299 5273 5285 5579 5398 5421 5640 5650 
2617 720 5303 5340 721 5545 5607 5651 729 5652 
2618 5245 5320 5340 5278 5462 5653 5592 5553 5654 
2619 5341 5308 5245 5275 5636 5463 5552 5655 5656 
2620 5297 5258 5328 5337 5584 5657 5658 5503 5659 
2621 5349 5325 5336 682 5660 5661 5612 5626 5662 
2622 5302 5325 5349 5274 5663 5660 5664 5590 5665 
2623 5242 5253 5307 5287 5666 5447 5474 5549 5667 
2624 5294 5314 5271 5259 5557 5668 5645 5495 5669 
2625 5295 5260 5272 5315 5497 5638 5670 5561 5671 
2626 719 5310 5276 5247 5672 5673 5596 5539 5674 
2627 722 721 5340 5320 730 5651 5653 5461 5675 
2628 5268 5335 5284 5338 5676 5599 5615 5489 5677 
2629 5296 5331 5347 5270 5532 5628 5621 5376 5678 
2630 683 5351 5279 5321 5617 5466 5514 5624 5679 
2631 5289 5274 5349 5321 5571 5664 5625 5513 5680 
2632 5258 5309 5250 5328 5468 5453 5681 5657 5682 
2633 62 5324 5272 5341 5524 5683 5637 5684 5685 
2634 61 5345 5271 5323 5611 5646 5686 5520 5687 
2635 5301 5346 5335 5268 5602 5600 5676 5406 5688 
2636 62 5341 5275 5332 5684 5655 5689 5632 5690 
2637 5328 5243 5339 5337 5691 5482 5501 5658 5692 
2638 5293 5319 5332 5275 5582 5633 5689 5551 5693 
2639 5310 5345 5336 5276 5647 5613 5694 5673 5695 
2640 5314 5342 5323 5271 5696 5521 5686 5668 5697 
2641 5315 5272 5324 5343 5670 5683 5523 5698 5699 
2642 5302 5276 5336 5325 5597 5694 5661 5663 5700 
2643 5314 5252 5334 5342 5556 5444 5565 5696 5701 
2644 5315 5343 5333 5282 5698 5567 5440 5562 5702 
2645 5286 57 628 5264 5703 631 5704 5506 5705 
2646 5286 5262 646 57 5510 5706 650 5703 5707 
2647 630 58 724 5295 634 733 5498 5560 5708 
2648 644 5294 717 59 5558 5494 725 647 5709 
2649 5264 628 5253 5242 5704 5710 5666 5711 5712 
2650 628 629 5254 5253 632 5713 5448 5710 5714 
2651 629 630 5282 5254 633 5563 5439 5713 5715 
2652 645 5251 5252 644 5716 5445 5555 648 5717 
2653 646 5250 5251 645 5718 5452 5716 649 5719 
2654 5328 5250 646 5243 5681 5718 5720 5691 5721 
2655 684 685 5304 5309 691 5391 5451 5618 5722 
2656 707 5307 5305 706 5604 5449 5385 713 5723 
2657 718 5259 5310 719 5493 5648 5672 727 5724 
2658 723 722 5308 5260 731 5460 5635 5499 5725 
2659 5311 5264 5242 5263 5507 5711 5642 5726 5727 
2660 646 5262 5261 5243 5706 5728 5480 5720 5729 
2661 5262 5312 5291 5261 5509 5402 5534 5728 5730 
2662 661 5311 5263 5285 5431 5726 5641 5420 5731 
2 38 9 39
2663 5754 5827 5735 5843 5844 5845 
2664 588 5794 587 5846 5847 594 
2665 573 5795 572 5848 5849 579 
2666 5765 5840 5783 5850 5851 5852 
2667 545 5755 5735 5853 5854 5855 
2668 5734 5757 550 5856 5857 5858 
2669 5775 5829 5768 5859 5860 5861 
2670 5780 5814 5733 5862 5863 5864 
2671 599 5800 598 5865 5866 605 
2672 574 5833 5797 5867 5868 5869 
2673 598 5777 597 5870 5871 604 
2674 5736 5792 5781 5872 5873 5874 
2675 558 5809 5753 5875 5876 5877 
2676 5742 5794 5743 5878 5879 5880 
2677 5767 5842 5799 5881 5882 5883 
2678 559 5838 5737 5884 5885 5886 
2679 5751 5784 5767 5887 5888 5889 
2680 5769 5818 602 5890 5891 5892 
2681 5760 5796 5789 5893 5894 5895 
2682 5786 5818 5785 5896 5897 5898 
2683 5769 5834 5761 5899 5900 5901 
2684 5796 5805 5732 5902 5903 5904 
2685 5790 5816 5765 5905 5906 5907 
2686 55 5829 589 5908 5909 596 
2687 571 5830 54 5910 5911 577 
2688 5798 5811 5732 5912 5913 5914 
2689 54 5824 576 5915 5916 583 
2690 5782 5793 5734 5917 5918 5919 
2691 584 5826 55 5920 5921 590 
2692 585 5841 584 5922 5923 591 
2693 5807 5840 5740 5924 5925 5926 
2694 5764 5835 5813 5927 5928 5929 
2695 5817 5825 5751 5930 5931 5932 
2696 5745 5797 5782 5933 5934 5935 
2697 5762 5833 5820 5936 5937 5938 
2698 5742 5817 5799 5939 5940 5941 
2699 50 5837 5808 5942 5943 5944 
2700 5776 5836 5830 5945 5946 5947 
2701 587 5799 586 5948 5949 593 
2 38 10 112
2702 5785 5827 5754 5786 5950 5843 5951 5898 5952 
2703 5803 5752 565 566 5953 5954 569 5955 5956 
2704 5808 5750 5781 5838 5957 5958 5959 5960 5961 
2705 5836 5824 54 5830 5962 5915 5911 5946 5963 
2706 558 5753 5804 557 5877 5964 5965 561 5966 
2707 5738 5771 5784 5811 5967 5968 5969 5970 5971 
2708 5761 5834 5783 5840 5900 5972 5851 5973 5974 
2709 5806 5791 5758 5839 5975 5976 5977 5978 5979 
2710 5763 5837 5759 5821 5980 5981 5982 5983 5984 
2711 5779 5839 5741 5788 5985 5986 5987 5988 5989 
2712 5756 5790 5765 5777 5990 5907 5991 5992 5993 
2713 5769 602 56 5834 5892 609 5994 5899 5995 
2714 5748 5769 5761 5787 5996 5901 5997 5998 5999 
2715 5785 5748 5796 5760 6000 6001 5893 6002 6003 
2716 5786 601 602 5818 6004 608 5891 5896 6005 
2717 5788 5741 5762 5820 5987 6006 5938 6007 6008 
2718 5825 5760 5789 5751 6009 5895 6010 5931 6011 
2719 5780 5733 5779 5736 5864 6012 6013 6014 6015 
2720 5772 5807 5740 5791 6016 5926 6017 6018 6019 
2721 5748 5787 5805 5796 5998 6020 5902 6001 6021 
2722 5774 5823 5775 5831 6022 6023 6024 6025 6026 
2723 5809 5836 5776 5753 6027 5945 6028 5876 6029 
2724 5780 5736 5781 5750 6014 5874 5958 6030 6031 
2725 5749 5814 5770 5828 6032 6033 6034 6035 6036 
2726 5765 5783 597 5777 5852 6037 5871 5991 6038 
2727 5776 5822 5773 5832 6039 6040 6041 6042 6043 
2728 5789 5796 5732 5811 5894 5904 5913 6044 6045 
2729 5813 5835 576 5824 5928 6046 5916 6047 6048 
2730 5775 5768 5810 5752 5861 6049 6050 6051 6052 
2731 5733 5772 5791 5806 6053 6018 5975 6054 6055 
2732 5781 5792 5737 5838 5873 6056 5885 5959 6057 
2733 5807 5787 5761 5840 6058 5997 5973 5924 6059 
2734 5740 5840 5765 5816 5925 5850 5906 6060 6061 
2735 5764 5788 5820 5835 6062 6007 6063 5927 6064 
2736 5784 5751 5789 5811 5887 6010 6044 5969 6065 
2737 5769 5748 5785 5818 5996 6000 5897 5890 6066 
2738 5751 5767 5799 5817 5889 5883 5940 5932 6067 
2739 584 5841 5819 5826 5923 6068 6069 5920 6070 
2740 5828 5798 5732 5805 6071 5914 5903 6072 6073 
2741 5833 574 575 5820 5867 581 6074 5937 6075 
2742 5804 552 52 557 6076 556 560 5965 6077 
2743 5792 5736 5764 5813 5872 6078 5929 6079 6080 
2744 543 544 5743 5744 547 6081 6082 6083 6084 
2745 53 543 5803 566 546 6085 5955 570 6086 
2746 5736 5779 5788 5764 6013 5988 6062 6078 6087 
2747 5746 551 552 5747 6088 555 6089 6090 6091 
2748 5801 601 5786 5754 6092 6004 5951 6093 6094 
2749 5807 5772 5749 5787 6016 6095 6096 6058 6097 
2750 5790 5793 5758 5816 6098 6099 6100 5905 6101 
2751 5782 5762 5741 5793 6102 6006 6103 5917 6104 
2752 5791 5740 5816 5758 6017 6060 6100 5976 6105 
2753 5805 5787 5749 5828 6020 6096 6035 6072 6106 
2754 5798 5821 5738 5811 6107 6108 5970 5912 6109 
2755 5814 5749 5772 5733 6032 6095 6053 5863 6110 
2756 5770 5750 5763 5828 6111 6112 6113 6034 6114 
2757 585 5842 5812 5841 6115 6116 6117 5922 6118 
2758 5797 5833 5762 5782 5868 5936 6102 5934 6119 
2759 56 597 5783 5834 603 6037 5972 5994 6120 
2760 5829 5775 5823 589 5859 6023 6121 5909 6122 
2761 5768 5802 5739 5810 6123 6124 6125 6049 6126 
2762 5771 5802 5819 5841 6127 6128 6068 6129 6130 
2763 5802 5771 5738 5821 6127 5967 6108 6131 6132 
2764 5777 598 5800 5756 5870 5866 6133 5992 6134 
2765 5825 5817 5735 5827 5930 6135 5844 6136 6137 
2766 5766 5792 5813 5824 6138 6079 6047 6139 6140 
2767 5800 5815 5778 5757 6141 6142 6143 6144 6145 
2768 5822 5776 5830 571 6039 5947 5910 6146 6147 
2769 5809 558 559 5737 5875 562 5886 6148 6149 
2770 5835 5820 575 576 6063 6074 582 6046 6150 
2771 5812 5784 5771 5841 6151 5968 6129 6117 6152 
2772 50 564 5759 5837 567 6153 5981 5942 6154 
2773 5778 5815 5801 5755 6142 6155 6156 6157 6158 
2774 5767 5784 5812 5842 5888 6151 6116 5881 6159 
2775 5774 5743 5794 5823 6160 5879 6161 6022 6162 
2776 5795 5746 5773 5822 6163 6164 6040 6165 6166 
2777 5780 5750 5770 5814 6030 6111 6033 5862 6167 
2778 5794 5742 5799 587 5878 5941 5948 5847 6168 
2779 5829 55 5826 5768 5908 5921 6169 5860 6170 
2780 5821 5759 5739 5802 5982 6171 6124 6131 6172 
2781 5745 550 551 5746 6173 554 6088 6174 6175 
2782 5739 5759 564 5810 6171 6153 6176 6125 6177 
2783 5795 5797 5745 5746 6178 5933 6174 6163 6179 
2784 5827 5785 5760 5825 5950 6002 6009 6136 6180 
2785 544 545 5742 5743 548 6181 5880 6081 6182 
2786 5755 5801 5754 5735 6156 6093 5845 5854 6183 
2787 5763 5821 5798 5828 5983 6107 6071 6113 6184 
2788 5837 5763 5750 5808 5980 6112 5957 5943 6185 
2789 5756 5800 5757 5734 6133 6144 5856 6186 6187 
2790 5810 564 565 5752 6176 568 5954 6050 6188 
2791 559 50 5808 5838 563 5944 5960 5884 6189 
2792 5745 5782 5734 550 5935 5919 5858 6173 6190 
2793 5735 5817 5742 545 6135 5939 6181 5855 6191 
2794 5819 5802 5768 5826 6128 6123 6169 6069 6192 
2795 5744 5743 5774 5831 6082 6160 6025 6193 6194 
2796 5790 5756 5734 5793 5990 6186 5918 6098 6195 
2797 5737 5792 5766 5809 6056 6138 6196 6148 6197 
2798 5836 5809 5766 5824 6027 6196 6139 5962 6198 
2799 5773 5746 5747 5832 6164 6090 6199 6041 6200 
2800 5757 5778 51 550 6143 6201 553 5857 6202 
2801 586 5799 5842 585 5949 5882 6115 592 6203 
2802 5752 5803 5831 5775 5953 6204 6024 6051 6205 
2803 5803 543 5744 5831 6085 6083 6193 6204 6206 
2804 5747 552 5804 5832 6089 6076 6207 6199 6208 
2805 5839 5758 5793 5741 5977 6099 6103 5986 6209 
2806 51 5778 5755 545 6201 6157 5853 549 6210 
2807 5832 5804 5753 5776 6207 5964 6028 6042 6211 
2808 5815 5800 599 600 6141 5865 606 6212 6213 
2809 573 574 5797 5795 580 5869 6178 5848 6214 
2810 5823 5794 588 589 6161 5846 595 6121 6215 
2811 572 5795 5822 571 5849 6165 6146 578 6216 
2812 600 601 5801 5815 607 6092 6155 6212 6217 
2813 5806 5839 5779 5733 5978 5985 6012 6054 6218 
2 39 10 20
2814 59 734 6219 644 738 6231 6232 647 6233 
2815 734 735 6220 6219 739 6234 6235 6231 6236 
2816 735 736 6221 6220 740 6237 6238 6234 6239 
2817 736 737 6222 6221 741 6240 6241 6237 6242 
2818 737 63 752 6222 742 755 6243 6240 6244 
2819 644 6219 6223 645 6232 6245 6246 648 6247 
2820 6219 6220 6224 6223 6235 6248 6249 6245 6250 
2821 6220 6221 6225 6224 6238 6251 6252 6248 6253 
2822 6221 6222 6226 6225 6241 6254 6255 6251 6256 
2823 6222 752 753 6226 6243 756 6257 6254 6258 
2824 645 6223 6227 646 6246 6259 6260 649 6261 
2825 6223 6224 6228 6227 6249 6262 6263 6259 6264 
2826 6224 6225 6229 6228 6252 6265 6266 6262 6267 
2827 6225 6226 6230 6229 6255 6268 6269 6265 6270 
2828 6226 753 754 6230 6257 757 6271 6268 6272 
2829 646 6227 743 57 6260 6273 747 650 6274 
2830 6227 6228 744 743 6263 6275 748 6273 6276 
2831 6228 6229 745 744 6266 6277 749 6275 6278 
2832 6229 6230 746 745 6269 6279 750 6277 6280 
2833 6230 754 64 746 6271 758 751 6279 6281 
2 40 10 20
2834 57 743 6282 628 747 6294 6295 631 6296 
2835 743 744 6283 6282 748 6297 6298 6294 6299 
2836 744 745 6284 6283 749 6300 6301 6297 6302 
2837 745 746 6285 6284 750 6303 6304 6300 6305 
2838 746 64 768 6285 751 771 6306 6303 6307 
2839 628 6282 6286 629 6295 6308 6309 632 6310 
2840 6282 6283 6287 6286 6298 6311 6312 6308 6313 
2841 6283 6284 6288 6287 6301 6314 6315 6311 6316 
2842 6284 6285 6289 6288 6304 6317 6318 6314 6319 
2843 6285 768 769 6289 6306 772 6320 6317 6321 
2844 629 6286 6290 630 6309 6322 6323 633 6324 
2845 6286 6287 6291 6290 6312 6325 6326 6322 6327 
2846 6287 6288 6292 6291 6315 6328 6329 6325 6330 
2847 6288 6289 6293 6292 6318 6331 6332 6328 6333 
2848 6289 769 770 6293 6320 773 6334 6331 6335 
2849 630 6290 759 58 6323 6336 763 634 6337 
2850 6290 6291 760 759 6326 6338 764 6336 6339 
2851 6291 6292 761 760 6329 6340 765 6338 6341 
2852 6292 6293 762 761 6332 6342 766 6340 6343 
2853 6293 770 65 762 6334 774 767 6342 6344 
2 41 10 35
2854 60 775 6345 660 779 6369 6370 666 6371 
2855 775 776 6346 6345 780 6372 6373 6369 6374 
2856 776 777 6347 6346 781 6375 6376 6372 6377 
2857 777 778 6348 6347 782 6378 6379 6375 6380 
2858 778 66 784 6348 783 790 6381 6378 6382 
2859 660 6345 6349 661 6370 6383 6384 667 6385 
2860 6345 6346 6350 6349 6373 6386 6387 6383 6388 
2861 6346 6347 6351 6350 6376 6389 6390 6386 6391 
2862 6347 6348 6352 6351 6379 6392 6393 6389 6394 
2863 6348 784 785 6352 6381 791 6395 6392 6396 
2864 661 6349 6353 662 6384 6397 6398 668 6399 
2865 6349 6350 6354 6353 6387 6400 6401 6397 6402 
2866 6350 6351 6355 6354 6390 6403 6404 6400 6405 
2867 6351 6352 6356 6355 6393 6406 6407 6403 6408 
2868 6352 785 786 6356 6395 792 6409 6406 6410 
2869 662 6353 6357 663 6398 6411 6412 669 6413 
2870 6353 6354 6358 6357 6401 6414 6415 6411 6416 
2871 6354 6355 6359 6358 6404 6417 6418 6414 6419 
2872 6355 6356 6360 6359 6407 6420 6421 6417 6422 
2873 6356 786 787 6360 6409 793 6423 6420 6424 
2874 663 6357 6361 664 6412 6425 6426 670 6427 
2875 6357 6358 6362 6361 6415 6428 6429 6425 6430 
2876 6358 6359 6363 6362 6418 6431 6432 6428 6433 
2877 6359 6360 6364 6363 6421 6434 6435 6431 6436 
2878 6360 787 788 6364 6423 794 6437 6434 6438 
2879 664 6361 6365 665 6426 6439 6440 671 6441 
2880 6361 6362 6366 6365 6429 6442 6443 6439 6444 
2881 6362 6363 6367 6366 6432 6445 6446 6442 6447 
2882 6363 6364 6368 6367 6435 6448 6449 6445 6450 
2883 6364 788 789 6368 6437 795 6451 6448 6452 
2884 665 6365 775 60 6440 6453 779 672 6454 
2885 6365 6366 776 775 6443 6455 780 6453 6456 
2886 6366 6367 777 776 6446 6457 781 6455 6458 
2887 6367 6368 778 777 6449 6459 782 6457 6460 
2888 6368 789 66 778 6451 796 783 6459 6461 
2 42 10 35
2889 62 797 6462 704 801 6486 6487 710 6488 
2890 797 798 6463 6462 802 6489 6490 6486 6491 
2891 798 799 6464 6463 803 6492 6493 6489 6494 
2892 799 800 6465 6464 804 6495 6496 6492 6497 
2893 800 67 806 6465 805 812 6498 6495 6499 
2894 704 6462 6466 705 6487 6500 6501 711 6502 
2895 6462 6463 6467 6466 6490 6503 6504 6500 6505 
2896 6463 6464 6468 6467 6493 6506 6507 6503 6508 
2897 6464 6465 6469 6468 6496 6509 6510 6506 6511 
2898 6465 806 807 6469 6498 813 6512 6509 6513 
2899 705 6466 6470 706 6501 6514 6515 712 6516 
2900 6466 6467 6471 6470 6504 6517 6518 6514 6519 
2901 6467 6468 6472 6471 6507 6520 6521 6517 6522 
2902 6468 6469 6473 6472 6510 6523 6524 6520 6525 
2903 6469 807 808 6473 6512 814 6526 6523 6527 
2904 706 6470 6474 707 6515 6528 6529 713 6530 
2905 6470 6471 6475 6474 6518 6531 6532 6528 6533 
2906 6471 6472 6476 6475 6521 6534 6535 6531 6536 
2907 6472 6473 6477 6476 6524 6537 6538 6534 6539 
2908 6473 808 809 6477 6526 815 6540 6537 6541 
2909 707 6474 6478 708 6529 6542 6543 714 6544 
2910 6474 6475 6479 6478 6532 6545 6546 6542 6547 
2911 6475 6476 6480 6479 6535 6548 6549 6545 6550 
2912 6476 6477 6481 6480 6538 6551 6552 6548 6553 
2913 6477 809 810 6481 6540 816 6554 6551 6555 
2914 708 6478 6482 709 6543 6556 6557 715 6558 
2915 6478 6479 6483 6482 6546 6559 6560 6556 6561 
2916 6479 6480 6484 6483 6549 6562 6563 6559 6564 
2917 6480 6481 6485 6484 6552 6565 6566 6562 6567 
2918 6481 810 811 6485 6554 817 6568 6565 6569 
2919 709 6482 797 62 6557 6570 801 716 6571 
2920 6482 6483 798 797 6560 6572 802 6570 6573 
2921 6483 6484 799 798 6563 6574 803 6572 6575 
2922 6484 6485 800 799 6566 6576 804 6574 6577 
2923 6485 811 67 800 6568 818 805 6576 6578 
2 43 10 35
2924 61 819 6579 682 823 6603 6604 688 6605 
2925 819 820 6580 6579 824 6606 6607 6603 6608 
2926 820 821 6581 6580 825 6609 6610 6606 6611 
2927 821 822 6582 6581 826 6612 6613 6609 6614 
2928 822 68 828 6582 827 834 6615 6612 6616 
2929 682 6579 6583 683 6604 6617 6618 689 6619 
2930 6579 6580 6584 6583 6607 6620 6621 6617 6622 
2931 6580 6581 6585 6584 6610 6623 6624 6620 6625 
2932 6581 6582 6586 6585 6613 6626 6627 6623 6628 
2933 6582 828 829 6586 6615 835 6629 6626 6630 
2934 683 6583 6587 684 6618 6631 6632 690 6633 
2935 6583 6584 6588 6587 6621 6634 6635 6631 6636 
2936 6584 6585 6589 6588 6624 6637 6638 6634 6639 
2937 6585 6586 6590 6589 6627 6640 6641 6637 6642 
2938 6586 829 830 6590 6629 836 6643 6640 6644 
2939 684 6587 6591 685 6632 6645 6646 691 6647 
2940 6587 6588 6592 6591 6635 6648 6649 6645 6650 
2941 6588 6589 6593 6592 6638 6651 6652 6648 6653 
2942 6589 6590 6594 6593 6641 6654 6655 6651 6656 
2943 6590 830 831 6594 6643 837 6657 6654 6658 
2944 685 6591 6595 686 6646 6659 6660 692 6661 
2945 6591 6592 6596 6595 6649 6662 6663 6659 6664 
2946 6592 6593 6597 6596 6652 6665 6666 6662 6667 
2947 6593 6594 6598 6597 6655 6668 6669 6665 6670 
2948 6594 831 832 6598 6657 838 6671 6668 6672 
2949 686 6595 6599 687 6660 6673 6674 693 6675 
2950 6595 6596 6600 6599 6663 6676 6677 6673 6678 
2951 6596 6597 6601 6600 6666 6679 6680 6676 6681 
2952 6597 6598 6602 6601 6669 6682 6683 6679 6684 
2953 6598 832 833 6602 6671 839 6685 6682 6686 
2954 687 6599 819 61 6674 6687 823 694 6688 
2955 6599 6600 820 819 6677 6689 824 6687 6690 
2956 6600 6601 821 820 6680 6691 825 6689 6692 
2957 6601 6602 822 821 6683 6693 826 6691 6694 
2958 6602 833 68 822 6685 840 827 6693 6695 
2 44 10 5
2959 12 841 850 13 845 6696 854 169 6697 
2960 841 842 851 850 846 6698 855 6696 6699 
2961 842 843 852 851 847 6700 856 6698 6701 
2962 843 844 853 852 848 6702 857 6700 6703 
2963 844 69 70 853 849 859 858 6702 6704 
2 45 10 5
2964 13 850 860 14 854 6705 864 170 6706 
2965 850 851 861 860 855 6707 865 6705 6708 
2966 851 852 862 861 856 6709 866 6707 6710 
2967 852 853 863 862 857 6711 867 6709 6712 
2968 853 70 71 863 858 869 868 6711 6713 
2 46 10 5
2969 14 860 870 10 864 6714 874 171 6715 
2970 860 861 871 870 865 6716 875 6714 6717 
2971 861 862 872 871 866 6718 876 6716 6719 
2972 862 863 873 872 867 6720 877 6718 6721 
2973 863 71 72 873 868 879 878 6720 6722 
2 47 10 5
2974 10 870 841 12 874 6723 845 172 6724 
2975 870 871 842 841 875 6725 846 6723 6726 
2976 871 872 843 842 876 6727 847 6725 6728 
2977 872 873 844 843 877 6729 848 6727 6730 
2978 873 72 69 844 878 880 849 6729 6731 
2 48 10 5
2979 16 881 890 18 885 6732 894 174 6733 
2980 881 882 891 890 886 6734 895 6732 6735 
2981 882 883 892 891 887 6736 896 6734 6737 
2982 883 884 893 892 888 6738 897 6736 6739 
2983 884 73 74 893 889 899 898 6738 6740 
2 49 10 5
2984 18 890 900 17 894 6741 904 175 6742 
2985 890 891 901 900 895 6743 905 6741 6744 
2986 891 892 902 901 896 6745 906 6743 6746 
2987 892 893 903 902 897 6747 907 6745 6748 
2988 893 74 75 903 898 909 908 6747 6749 
2 50 10 5
2989 17 900 910 19 904 6750 914 176 6751 
2990 900 901 911 910 905 6752 915 6750 6753 
2991 901 902 912 911 906 6754 916 6752 6755 
2992 902 903 913 912 907 6756 917 6754 6757 
2993 903 75 76 913 908 919 918 6756 6758 
2 51 10 5
2994 19 910 881 16 914 6759 885 173 6760 
2995 910 911 882 881 915 6761 886 6759 6762 
2996 911 912 883 882 916 6763 887 6761 6764 
2997 912 913 884 883 917 6765 888 6763 6766 
2998 913 76 73 884 918 920 889 6765 6767 
2 52 10 5
2999 7 921 930 6 925 6768 934 178 6769 
3000 921 922 931 930 926 6770 935 6768 6771 
3001 922 923 932 931 927 6772 936 6770 6773 
3002 923 924 933 932 928 6774 937 6772 6775 
3003 924 77 78 933 929 939 938 6774 6776 
2 53 10 5
3004 8 940 921 7 944 6777 925 177 6778 
3005 940 941 922 921 945 6779 926 6777 6780 
3006 941 942 923 922 946 6781 927 6779 6782 
3007 942 943 924 923 947 6783 928 6781 6784 
3008 943 79 77 924 948 949 929 6783 6785 
2 54 10 5
3009 9 950 940 8 954 6786 944 180 6787 
3010 950 951 941 940 955 6788 945 6786 6789 
3011 951 952 942 941 956 6790 946 6788 6791 
3012 952 953 943 942 957 6792 947 6790 6793 
3013 953 80 79 943 958 959 948 6792 6794 
2 55 10 5
3014 6 930 950 9 934 6795 954 179 6796 
3015 930 931 951 950 935 6797 955 6795 6798 
3016 931 932 952 951 936 6799 956 6797 6800 
3017 932 933 953 952 937 6801 957 6799 6802 
3018 933 78 80 953 938 960 958 6801 6803 
2 56 10 35
3019 68 961 6804 828 965 6828 6829 834 6830 
3020 961 962 6805 6804 966 6831 6832 6828 6833 
3021 962 963 6806 6805 967 6834 6835 6831 6836 
3022 963 964 6807 6806 968 6837 6838 6834 6839 
3023 964 81 970 6807 969 976 6840 6837 6841 
3024 828 6804 6808 829 6829 6842 6843 835 6844 
3025 6804 6805 6809 6808 6832 6845 6846 6842 6847 
3026 6805 6806 6810 6809 6835 6848 6849 6845 6850 
3027 6806 6807 6811 6810 6838 6851 6852 6848 6853 
3028 6807 970 971 6811 6840 977 6854 6851 6855 
3029 829 6808 6812 830 6843 6856 6857 836 6858 
3030 6808 6809 6813 6812 6846 6859 6860 6856 6861 
3031 6809 6810 6814 6813 6849 6862 6863 6859 6864 
3032 6810 6811 6815 6814 6852 6865 6866 6862 6867 
3033 6811 971 972 6815 6854 978 6868 6865 6869 
3034 830 6812 6816 831 6857 6870 6871 837 6872 
3035 6812 6813 6817 6816 6860 6873 6874 6870 6875 
3036 6813 6814 6818 6817 6863 6876 6877 6873 6878 
3037 6814 6815 6819 6818 6866 6879 6880 6876 6881 
3038 6815 972 973 6819 6868 979 6882 6879 6883 
3039 831 6816 6820 832 6871 6884 6885 838 6886 
3040 6816 6817 6821 6820 6874 6887 6888 6884 6889 
3041 6817 6818 6822 6821 6877 6890 6891 6887 6892 
3042 6818 6819 6823 6822 6880 6893 6894 6890 6895 
3043 6819 973 974 6823 6882 980 6896 6893 6897 
3044 832 6820 6824 833 6885 6898 6899 839 6900 
3045 6820 6821 6825 6824 6888 6901 6902 6898 6903 
3046 6821 6822 6826 6825 6891 6904 6905 6901 6906 
3047 6822 6823 6827 6826 6894 6907 6908 6904 6909 
3048 6823 974 975 6827 6896 981 6910 6907 6911 
3049 833 6824 961 68 6899 6912 965 840 6913 
3050 6824 6825 962 961 6902 6914 966 6912 6915 
3051 6825 6826 963 962 6905 6916 967 6914 6917 
3052 6826 6827 964 963 6908 6918 968 6916 6919 
3053 6827 975 81 964 6910 982 969 6918 6920 
2 57 10 35
3054 66 983 6921 784 987 6945 6946 790 6947 
3055 983 984 6922 6921 988 6948 6949 6945 6950 
3056 984 985 6923 6922 989 6951 6952 6948 6953 
3057 985 986 6924 6923 990 6954 6955 6951 6956 
3058 986 82 992 6924 991 998 6957 6954 6958 
3059 784 6921 6925 785 6946 6959 6960 791 6961 
3060 6921 6922 6926 6925 6949 6962 6963 6959 6964 
3061 6922 6923 6927 6926 6952 6965 6966 6962 6967 
3062 6923 6924 6928 6927 6955 6968 6969 6965 6970 
3063 6924 992 993 6928 6957 999 6971 6968 6972 
3064 785 6925 6929 786 6960 6973 6974 792 6975 
3065 6925 6926 6930 6929 6963 6976 6977 6973 6978 
3066 6926 6927 6931 6930 6966 6979 6980 6976 6981 
3067 6927 6928 6932 6931 6969 6982 6983 6979 6984 
3068 6928 993 994 6932 6971 1000 6985 6982 6986 
3069 786 6929 6933 787 6974 6987 6988 793 6989 
3070 6929 6930 6934 6933 6977 6990 6991 6987 6992 
3071 6930 6931 6935 6934 6980 6993 6994 6990 6995 
3072 6931 6932 6936 6935 6983 6996 6997 6993 6998 
3073 6932 994 995 6936 6985 1001 6999 6996 7000 
3074 787 6933 6937 788 6988 7001 7002 794 7003 
3075 6933 6934 6938 6937 6991 7004 7005 7001 7006 
3076 6934 6935 6939 6938 6994 7007 7008 7004 7009 
3077 6935 6936 6940 6939 6997 7010 7011 7007 7012 
3078 6936 995 996 6940 6999 1002 7013 7010 7014 
3079 788 6937 6941 789 7002 7015 7016 795 7017 
3080 6937 6938 6942 6941 7005 7018 7019 7015 7020 
3081 6938 6939 6943 6942 7008 7021 7022 7018 7023 
3082 6939 6940 6944 6943 7011 7024 7025 7021 7026 
3083 6940 996 997 6944 7013 1003 7027 7024 7028 
3084 789 6941 983 66 7016 7029 987 796 7030 
3085 6941 6942 984 983 7019 7031 988 7029 7032 
3086 6942 6943 985 984 7022 7033 989 7031 7034 
3087 6943 6944 986 985 7025 7035 990 7033 7036 
3088 6944 997 82 986 7027 1004 991 7035 7037 
2 58 10 35
3089 67 1005 7038 806 1009 7062 7063 812 7064 
3090 1005 1006 7039 7038 1010 7065 7066 7062 7067 
3091 1006 1007 7040 7039 1011 7068 7069 7065 7070 
3092 1007 1008 7041 7040 1012 7071 7072 7068 7073 
3093 1008 83 1014 7041 1013 1020 7074 7071 7075 
3094 806 7038 7042 807 7063 7076 7077 813 7078 
3095 7038 7039 7043 7042 7066 7079 7080 7076 7081 
3096 7039 7040 7044 7043 7069 7082 7083 7079 7084 
3097 7040 7041 7045 7044 7072 7085 7086 7082 7087 
3098 7041 1014 1015 7045 7074 1021 7088 7085 7089 
3099 807 7042 7046 808 7077 7090 7091 814 7092 
3100 7042 7043 7047 7046 7080 7093 7094 7090 7095 
3101 7043 7044 7048 7047 7083 7096 7097 7093 7098 
3102 7044 7045 7049 7048 7086 7099 7100 7096 7101 
3103 7045 1015 1016 7049 7088 1022 7102 7099 7103 
3104 808 7046 7050 809 7091 7104 7105 815 7106 
3105 7046 7047 7051 7050 7094 7107 7108 7104 7109 
3106 7047 7048 7052 7051 7097 7110 7111 7107 7112 
3107 7048 7049 7053 7052 7100 7113 7114 7110 7115 
3108 7049 1016 1017 7053 7102 1023 7116 7113 7117 
3109 809 7050 7054 810 7105 7118 7119 816 7120 
3110 7050 7051 7055 7054 7108 7121 7122 7118 7123 
3111 7051 7052 7056 7055 7111 7124 7125 7121 7126 
3112 7052 7053 7057 7056 7114 7127 7128 7124 7129 
3113 7053 1017 1018 7057 7116 1024 7130 7127 7131 
3114 810 7054 7058 811 7119 7132 7133 817 7134 
3115 7054 7055 7059 7058 7122 7135 7136 7132 7137 
3116 7055 7056 7060 7059 7125 7138 7139 7135 7140 
3117 7056 7057 7061 7060 7128 7141 7142 7138 7143 
3118 7057 1018 1019 7061 7130 1025 7144 7141 7145 
3119 811 7058 1005 67 7133 7146 1009 818 7147 
3120 7058 7059 1006 1005 7136 7148 1010 7146 7149 
3121 7059 7060 1007 1006 7139 7150 1011 7148 7151 
3122 7060 7061 1008 1007 7142 7152 1012 7150 7153 
3123 7061 1019 83 1008 7144 1026 1013 7152 7154 
2 59 10 20
3124 3 1099 7155 159 1103 7167 7168 162 7169 
3125 1099 1100 7156 7155 1104 7170 7171 7167 7172 
3126 1100 1101 7157 7156 1105 7173 7174 7170 7175 
3127 1101 1102 7158 7157 1106 7176 7177 7173 7178 
3128 1102 87 1117 7158 1107 1120 7179 7176 7180 
3129 159 7155 7159 160 7168 7181 7182 163 7183 
3130 7155 7156 7160 7159 7171 7184 7185 7181 7186 
3131 7156 7157 7161 7160 7174 7187 7188 7184 7189 
3132 7157 7158 7162 7161 7177 7190 7191 7187 7192 
3133 7158 1117 1118 7162 7179 1121 7193 7190 7194 
3134 160 7159 7163 161 7182 7195 7196 164 7197 
3135 7159 7160 7164 7163 7185 7198 7199 7195 7200 
3136 7160 7161 7165 7164 7188 7201 7202 7198 7203 
3137 7161 7162 7166 7165 7191 7204 7205 7201 7206 
3138 7162 1118 1119 7166 7193 1122 7207 7204 7208 
3139 161 7163 1108 4 7196 7209 1112 165 7210 
3140 7163 7164 1109 1108 7199 7211 1113 7209 7212 
3141 7164 7165 1110 1109 7202 7213 1114 7211 7214 
3142 7165 7166 1111 1110 7205 7215 1115 7213 7216 
3143 7166 1119 88 1111 7207 1123 1116 7215 7217 
2 60 10 160
3144 3 1124 7218 159 1163 7335 7336 162 7337 
3145 1124 1125 7219 7218 1164 7338 7339 7335 7340 
3146 1125 1126 7220 7219 1165 7341 7342 7338 7343 
3147 1126 1127 7221 7220 1166 7344 7345 7341 7346 
3148 1127 1128 7222 7221 1167 7347 7348 7344 7349 
3149 1128 1129 7223 7222 1168 7350 7351 7347 7352 
3150 1129 1130 7224 7223 1169 7353 7354 7350 7355 
3151 1130 1131 7225 7224 1170 7356 7357 7353 7358 
3152 1131 1132 7226 7225 1171 7359 7360 7356 7361 
3153 1132 1133 7227 7226 1172 7362 7363 7359 7364 
3154 1133 1134 7228 7227 1173 7365 7366 7362 7367 
3155 1134 1135 7229 7228 1174 7368 7369 7365 7370 
3156 1135 1136 7230 7229 1175 7371 7372 7368 7373 
3157 1136 1137 7231 7230 1176 7374 7375 7371 7376 
3158 1137 1138 7232 7231 1177 7377 7378 7374 7379 
3159 1138 1139 7233 7232 1178 7380 7381 7377 7382 
3160 1139 1140 7234 7233 1179 7383 7384 7380 7385 
3161 1140 1141 7235 7234 1180 7386 7387 7383 7388 
3162 1141 1142 7236 7235 1181 7389 7390 7386 7391 
3163 1142 1143 7237 7236 1182 7392 7393 7389 7394 
3164 1143 1144 7238 7237 1183 7395 7396 7392 7397 
3165 1144 1145 7239 7238 1184 7398 7399 7395 7400 
3166 1145 1146 7240 7239 1185 7401 7402 7398 7403 
3167 1146 1147 7241 7240 1186 7404 7405 7401 7406 
3168 1147 1148 7242 7241 1187 7407 7408 7404 7409 
3169 1148 1149 7243 7242 1188 7410 7411 7407 7412 
3170 1149 1150 7244 7243 1189 7413 7414 7410 7415 
3171 1150 1151 7245 7244 1190 7416 7417 7413 7418 
3172 1151 1152 7246 7245 1191 7419 7420 7416 7421 
3173 1152 1153 7247 7246 1192 7422 7423 7419 7424 
3174 1153 1154 7248 7247 1193 7425 7426 7422 7427 
3175 1154 1155 7249 7248 1194 7428 7429 7425 7430 
3176 1155 1156 7250 7249 1195 7431 7432 7428 7433 
3177 1156 1157 7251 7250 1196 7434 7435 7431 7436 
3178 1157 1158 7252 7251 1197 7437 7438 7434 7439 
3179 1158 1159 7253 7252 1198 7440 7441 7437 7442 
3180 1159 1160 7254 7253 1199 7443 7444 7440 7445 
3181 1160 1161 7255 7254 1200 7446 7447 7443 7448 
3182 1161 1162 7256 7255 1201 7449 7450 7446 7451 
3183 1162 89 1282 7256 1202 1285 7452 7449 7453 
3184 159 7218 7257 160 7336 7454 7455 163 7456 
3185 7218 7219 7258 7257 7339 7457 7458 7454 7459 
3186 7219 7220 7259 7258 7342 7460 7461 7457 7462 
3187 7220 7221 7260 7259 7345 7463 7464 7460 7465 
3188 7221 7222 7261 7260 7348 7466 7467 7463 7468 
3189 7222 7223 7262 7261 7351 7469 7470 7466 7471 
3190 7223 7224 7263 7262 7354 7472 7473 7469 7474 
3191 7224 7225 7264 7263 7357 7475 7476 7472 7477 
3192 7225 7226 7265 7264 7360 7478 7479 7475 7480 
3193 7226 7227 7266 7265 7363 7481 7482 7478 7483 
3194 7227 7228 7267 7266 7366 7484 7485 7481 7486 
3195 7228 7229 7268 7267 7369 7487 7488 7484 7489 
3196 7229 7230 7269 7268 7372 7490 7491 7487 7492 
3197 7230 7231 7270 7269 7375 7493 7494 7490 7495 
3198 7231 7232 7271 7270 7378 7496 7497 7493 7498 
3199 7232 7233 7272 7271 7381 7499 7500 7496 7501 
3200 7233 7234 7273 7272 7384 7502 7503 7499 7504 
3201 7234 7235 7274 7273 7387 7505 7506 7502 7507 
3202 7235 7236 7275 7274 7390 7508 7509 7505 7510 
3203 7236 7237 7276 7275 7393 7511 7512 7508 7513 
3204 7237 7238 7277 7276 7396 7514 7515 7511 7516 
3205 7238 7239 7278 7277 7399 7517 7518 7514 7519 
3206 7239 7240 7279 7278 7402 7520 7521 7517 7522 
3207 7240 7241 7280 7279 7405 7523 7524 7520 7525 
3208 7241 7242 7281 7280 7408 7526 7527 7523 7528 
3209 7242 7243 7282 7281 7411 7529 7530 7526 7531 
3210 7243 7244 7283 7282 7414 7532 7533 7529 7534 
3211 7244 7245 7284 7283 7417 7535 7536 7532 7537 
3212 7245 7246 7285 7284 7420 7538 7539 7535 7540 
3213 7246 7247 7286 7285 7423 7541 7542 7538 7543 
3214 7247 7248 7287 7286 7426 7544 7545 7541 7546 
3215 7248 7249 7288 7287 7429 7547 7548 7544 7549 
3216 7249 7250 7289 7288 7432 7550 7551 7547 7552 
3217 7250 7251 7290 7289 7435 7553 7554 7550 7555 
3218 7251 7252 7291 7290 7438 7556 7557 7553 7558 
3219 7252 7253 7292 7291 7441 7559 7560 7556 7561 
3220 7253 7254 7293 7292 7444 7562 7563 7559 7564 
3221 7254 7255 7294 7293 7447 7565 7566 7562 7567 
3222 7255 7256 7295 7294 7450 7568 7569 7565 7570 
3223 7256 1282 1283 7295 7452 1286 7571 7568 7572 
3224 160 7257 7296 161 7455 7573 7574 164 7575 
3225 7257 7258 7297 7296 7458 7576 7577 7573 7578 
3226 7258 7259 7298 7297 7461 7579 7580 7576 7581 
3227 7259 7260 7299 7298 7464 7582 7583 7579 7584 
3228 7260 7261 7300 7299 7467 7585 7586 7582 7587 
3229 7261 7262 7301 7300 7470 7588 7589 7585 7590 
3230 7262 7263 7302 7301 7473 7591 7592 7588 7593 
3231 7263 7264 7303 7302 7476 7594 7595 7591 7596 
3232 7264 7265 7304 7303 7479 7597 7598 7594 7599 
3233 7265 7266 7305 7304 7482 7600 7601 7597 7602 
3234 7266 7267 7306 7305 7485 7603 7604 7600 7605 
3235 7267 7268 7307 7306 7488 7606 7607 7603 7608 
3236 7268 7269 7308 7307 7491 7609 7610 7606 7611 
3237 7269 7270 7309 7308 7494 7612 7613 7609 7614 
3238 7270 7271 7310 7309 7497 7615 7616 7612 7617 
3239 7271 7272 7311 7310 7500 7618 7619 7615 7620 
3240 7272 7273 7312 7311 7503 7621 7622 7618 7623 
3241 7273 7274 7313 7312 7506 7624 7625 7621 7626 
3242 7274 7275 7314 7313 7509 7627 7628 7624 7629 
3243 7275 7276 7315 7314 7512 7630 7631 7627 7632 
3244 7276 7277 7316 7315 7515 7633 7634 7630 7635 
3245 7277 7278 7317 7316 7518 7636 7637 7633 7638 
3246 7278 7279 7318 7317 7521 7639 7640 7636 7641 
3247 7279 7280 7319 7318 7524 7642 7643 7639 7644 
3248 7280 7281 7320 7319 7527 7645 7646 7642 7647 
3249 7281 7282 7321 7320 7530 7648 7649 7645 7650 
3250 7282 7283 7322 7321 7533 7651 7652 7648 7653 
3251 7283 7284 7323 7322 7536 7654 7655 7651 7656 
3252 7284 7285 7324 7323 7539 7657 7658 7654 7659 
3253 7285 7286 7325 7324 7542 7660 7661 7657 7662 
3254 7286 7287 7326 7325 7545 7663 7664 7660 7665 
3255 7287 7288 7327 7326 7548 7666 7667 7663 7668 
3256 7288 7289 7328 7327 7551 7669 7670 7666 7671 
3257 7289 7290 7329 7328 7554 7672 7673 7669 7674 
3258 7290 7291 7330 7329 7557 7675 7676 7672 7677 
3259 7291 7292 7331 7330 7560 7678 7679 7675 7680 
3260 7292 7293 7332 7331 7563 7681 7682 7678 7683 
3261 7293 7294 7333 7332 7566 7684 7685 7681 7686 
3262 7294 7295 7334 7333 7569 7687 7688 7684 7689 
3263 7295 1283 1284 7334 7571 1287 7690 7687 7691 
3264 161 7296 1203 4 7574 7692 1242 165 7693 
3265 7296 7297 1204 1203 7577 7694 1243 7692 7695 
3266 7297 7298 1205 1204 7580 7696 1244 7694 7697 
3267 7298 7299 1206 1205 7583 7698 1245 7696 7699 
3268 7299 7300 1207 1206 7586 7700 1246 7698 7701 
3269 7300 7301 1208 1207 7589 7702 1247 7700 7703 
3270 7301 7302 1209 1208 7592 7704 1248 7702 7705 
3271 7302 7303 1210 1209 7595 7706 1249 7704 7707 
3272 7303 7304 1211 1210 7598 7708 1250 7706 7709 
3273 7304 7305 1212 1211 7601 7710 1251 7708 7711 
3274 7305 7306 1213 1212 7604 7712 1252 7710 7713 
3275 7306 7307 1214 1213 7607 7714 1253 7712 7715 
3276 7307 7308 1215 1214 7610 7716 1254 7714 7717 
3277 7308 7309 1216 1215 7613 7718 1255 7716 7719 
3278 7309 7310 1217 1216 7616 7720 1256 7718 7721 
3279 7310 7311 1218 1217 7619 7722 1257 7720 7723 
3280 7311 7312 1219 1218 7622 7724 1258 7722 7725 
3281 7312 7313 1220 1219 7625 7726 1259 7724 7727 
3282 7313 7314 1221 1220 7628 7728 1260 7726 7729 
3283 7314 7315 1222 1221 7631 7730 1261 7728 7731 
3284 7315 7316 1223 1222 7634 7732 1262 7730 7733 
3285 7316 7317 1224 1223 7637 7734 1263 7732 7735 
3286 7317 7318 1225 1224 7640 7736 1264 7734 7737 
3287 7318 7319 1226 1225 7643 7738 1265 7736 7739 
3288 7319 7320 1227 1226 7646 7740 1266 7738 7741 
3289 7320 7321 1228 1227 7649 7742 1267 7740 7743 
3290 7321 7322 1229 1228 7652 7744 1268 7742 7745 
3291 7322 7323 1230 1229 7655 7746 1269 7744 7747 
3292 7323 7324 1231 1230 7658 7748 1270 7746 7749 
3293 7324 7325 1232 1231 7661 7750 1271 7748 7751 
3294 7325 7326 1233 1232 7664 7752 1272 7750 7753 
3295 7326 7327 1234 1233 7667 7754 1273 7752 7755 
3296 7327 7328 1235 1234 7670 7756 1274 7754 7757 
3297 7328 7329 1236 1235 7673 7758 1275 7756 7759 
3298 7329 7330 1237 1236 7676 7760 1276 7758 7761 
3299 7330 7331 1238 1237 7679 7762 1277 7760 7763 
3300 7331 7332 1239 1238 7682 7764 1278 7762 7765 
3301 7332 7333 1240 1239 7685 7766 1279 7764 7767 
3302 7333 7334 1241 1240 7688 7768 1280 7766 7769 
3303 7334 1284 90 1241 7690 1288 1281 7768 7770 
2 61 10 160
3304 20 1289 7771 213 1328 7888 7889 216 7890 
3305 1289 1290 7772 7771 1329 7891 7892 7888 7893 
3306 1290 1291 7773 7772 1330 7894 7895 7891 7896 
3307 1291 1292 7774 7773 1331 7897 7898 7894 7899 
3308 1292 1293 7775 7774 1332 7900 7901 7897 7902 
3309 1293 1294 7776 7775 1333 7903 7904 7900 7905 
3310 1294 1295 7777 7776 1334 7906 7907 7903 7908 
3311 1295 1296 7778 7777 1335 7909 7910 7906 7911 
3312 1296 1297 7779 7778 1336 7912 7913 7909 7914 
3313 1297 1298 7780 7779 1337 7915 7916 7912 7917 
3314 1298 1299 7781 7780 1338 7918 7919 7915 7920 
3315 1299 1300 7782 7781 1339 7921 7922 7918 7923 
3316 1300 1301 7783 7782 1340 7924 7925 7921 7926 
3317 1301 1302 7784 7783 1341 7927 7928 7924 7929 
3318 1302 1303 7785 7784 1342 7930 7931 7927 7932 
3319 1303 1304 7786 7785 1343 7933 7934 7930 7935 
3320 1304 1305 7787 7786 1344 7936 7937 7933 7938 
3321 1305 1306 7788 7787 1345 7939 7940 7936 7941 
3322 1306 1307 7789 7788 1346 7942 7943 7939 7944 
3323 1307 1308 7790 7789 1347 7945 7946 7942 7947 
3324 1308 1309 7791 7790 1348 7948 7949 7945 7950 
3325 1309 1310 7792 7791 1349 7951 7952 7948 7953 
3326 1310 1311 7793 7792 1350 7954 7955 7951 7956 
3327 1311 1312 7794 7793 1351 7957 7958 7954 7959 
3328 1312 1313 7795 7794 1352 7960 7961 7957 7962 
3329 1313 1314 7796 7795 1353 7963 7964 7960 7965 
3330 1314 1315 7797 7796 1354 7966 7967 7963 7968 
3331 1315 1316 7798 7797 1355 7969 7970 7966 7971 
3332 1316 1317 7799 7798 1356 7972 7973 7969 7974 
3333 1317 1318 7800 7799 1357 7975 7976 7972 7977 
3334 1318 1319 7801 7800 1358 7978 7979 7975 7980 
3335 1319 1320 7802 7801 1359 7981 7982 7978 7983 
3336 1320 1321 7803 7802 1360 7984 7985 7981 7986 
3337 1321 1322 7804 7803 1361 7987 7988 7984 7989 
3338 1322 1323 7805 7804 1362 7990 7991 7987 7992 
3339 1323 1324 7806 7805 1363 7993 7994 7990 7995 
3340 1324 1325 7807 7806 1364 7996 7997 7993 7998 
3341 1325 1326 7808 7807 1365 7999 8000 7996 8001 
3342 1326 1327 7809 7808 1366 8002 8003 7999 8004 
3343 1327 91 1447 7809 1367 1450 8005 8002 8006 
3344 213 7771 7810 214 7889 8007 8008 217 8009 
3345 7771 7772 7811 7810 7892 8010 8011 8007 8012 
3346 7772 7773 7812 7811 7895 8013 8014 8010 8015 
3347 7773 7774 7813 7812 7898 8016 8017 8013 8018 
3348 7774 7775 7814 7813 7901 8019 8020 8016 8021 
3349 7775 7776 7815 7814 7904 8022 8023 8019 8024 
3350 7776 7777 7816 7815 7907 8025 8026 8022 8027 
3351 7777 7778 7817 7816 7910 8028 8029 8025 8030 
3352 7778 7779 7818 7817 7913 8031 8032 8028 8033 
3353 7779 7780 7819 7818 7916 8034 8035 8031 8036 
3354 7780 7781 7820 7819 7919 8037 8038 8034 8039 
3355 7781 7782 7821 7820 7922 8040 8041 8037 8042 
3356 7782 7783 7822 7821 7925 8043 8044 8040 8045 
3357 7783 7784 7823 7822 7928 8046 8047 8043 8048 
3358 7784 7785 7824 7823 7931 8049 8050 8046 8051 
3359 7785 7786 7825 7824 7934 8052 8053 8049 8054 
3360 7786 7787 7826 7825 7937 8055 8056 8052 8057 
3361 7787 7788 7827 7826 7940 8058 8059 8055 8060 
3362 7788 7789 7828 7827 7943 8061 8062 8058 8063 
3363 7789 7790 7829 7828 7946 8064 8065 8061 8066 
3364 7790 7791 7830 7829 7949 8067 8068 8064 8069 
3365 7791 7792 7831 7830 7952 8070 8071 8067 8072 
3366 7792 7793 7832 7831 7955 8073 8074 8070 8075 
3367 7793 7794 7833 7832 7958 8076 8077 8073 8078 
3368 7794 7795 7834 7833 7961 8079 8080 8076 8081 
3369 7795 7796 7835 7834 7964 8082 8083 8079 8084 
3370 7796 7797 7836 7835 7967 8085 8086 8082 8087 
3371 7797 7798 7837 7836 7970 8088 8089 8085 8090 
3372 7798 7799 7838 7837 7973 8091 8092 8088 8093 
3373 7799 7800 7839 7838 7976 8094 8095 8091 8096 
3374 7800 7801 7840 7839 7979 8097 8098 8094 8099 
3375 7801 7802 7841 7840 7982 8100 8101 8097 8102 
3376 7802 7803 7842 7841 7985 8103 8104 8100 8105 
3377 7803 7804 7843 7842 7988 8106 8107 8103 8108 
3378 7804 7805 7844 7843 7991 8109 8110 8106 8111 
3379 7805 7806 7845 7844 7994 8112 8113 8109 8114 
3380 7806 7807 7846 7845 7997 8115 8116 8112 8117 
3381 7807 7808 7847 7846 8000 8118 8119 8115 8120 
3382 7808 7809 7848 7847 8003 8121 8122 8118 8123 
3383 7809 1447 1448 7848 8005 1451 8124 8121 8125 
3384 214 7810 7849 215 8008 8126 8127 218 8128 
3385 7810 7811 7850 7849 8011 8129 8130 8126 8131 
3386 7811 7812 7851 7850 8014 8132 8133 8129 8134 
3387 7812 7813 7852 7851 8017 8135 8136 8132 8137 
3388 7813 7814 7853 7852 8020 8138 8139 8135 8140 
3389 7814 7815 7854 7853 8023 8141 8142 8138 8143 
3390 7815 7816 7855 7854 8026 8144 8145 8141 8146 
3391 7816 7817 7856 7855 8029 8147 8148 8144 8149 
3392 7817 7818 7857 7856 8032 8150 8151 8147 8152 
3393 7818 7819 7858 7857 8035 8153 8154 8150 8155 
3394 7819 7820 7859 7858 8038 8156 8157 8153 8158 
3395 7820 7821 7860 7859 8041 8159 8160 8156 8161 
3396 7821 7822 7861 7860 8044 8162 8163 8159 8164 
3397 7822 7823 7862 7861 8047 8165 8166 8162 8167 
3398 7823 7824 7863 7862 8050 8168 8169 8165 8170 
3399 7824 7825 7864 7863 8053 8171 8172 8168 8173 
3400 7825 7826 7865 7864 8056 8174 8175 8171 8176 
3401 7826 7827 7866 7865 8059 8177 8178 8174 8179 
3402 7827 7828 7867 7866 8062 8180 8181 8177 8182 
3403 7828 7829 7868 7867 8065 8183 8184 8180 8185 
3404 7829 7830 7869 7868 8068 8186 8187 8183 8188 
3405 7830 7831 7870 7869 8071 8189 8190 8186 8191 
3406 7831 7832 7871 7870 8074 8192 8193 8189 8194 
3407 7832 7833 7872 7871 8077 8195 8196 8192 8197 
3408 7833 7834 7873 7872 8080 8198 8199 8195 8200 
3409 7834 7835 7874 7873 8083 8201 8202 8198 8203 
3410 7835 7836 7875 7874 8086 8204 8205 8201 8206 
3411 7836 7837 7876 7875 8089 8207 8208 8204 8209 
3412 7837 7838 7877 7876 8092 8210 8211 8207 8212 
3413 7838 7839 7878 7877 8095 8213 8214 8210 8215 
3414 7839 7840 7879 7878 8098 8216 8217 8213 8218 
3415 7840 7841 7880 7879 8101 8219 8220 8216 8221 
3416 7841 7842 7881 7880 8104 8222 8223 8219 8224 
3417 7842 7843 7882 7881 8107 8225 8226 8222 8227 
3418 7843 7844 7883 7882 8110 8228 8229 8225 8230 
3419 7844 7845 7884 7883 8113 8231 8232 8228 8233 
3420 7845 7846 7885 7884 8116 8234 8235 8231 8236 
3421 7846 7847 7886 7885 8119 8237 8238 8234 8239 
3422 7847 7848 7887 7886 8122 8240 8241 8237 8242 
3423 7848 1448 1449 7887 8124 1452 8243 8240 8244 
3424 215 7849 1368 21 8127 8245 1407 219 8246 
3425 7849 7850 1369 1368 8130 8247 1408 8245 8248 
3426 7850 7851 1370 1369 8133 8249 1409 8247 8250 
3427 7851 7852 1371 1370 8136 8251 1410 8249 8252 
3428 7852 7853 1372 1371 8139 8253 1411 8251 8254 
3429 7853 7854 1373 1372 8142 8255 1412 8253 8256 
3430 7854 7855 1374 1373 8145 8257 1413 8255 8258 
3431 7855 7856 1375 1374 8148 8259 1414 8257 8260 
3432 7856 7857 1376 1375 8151 8261 1415 8259 8262 
3433 7857 7858 1377 1376 8154 8263 1416 8261 8264 
3434 7858 7859 1378 1377 8157 8265 1417 8263 8266 
3435 7859 7860 1379 1378 8160 8267 1418 8265 8268 
3436 7860 7861 1380 1379 8163 8269 1419 8267 8270 
3437 7861 7862 1381 1380 8166 8271 1420 8269 8272 
3438 7862 7863 1382 1381 8169 8273 1421 8271 8274 
3439 7863 7864 1383 1382 8172 8275 1422 8273 8276 
3440 7864 7865 1384 1383 8175 8277 1423 8275 8278 
3441 7865 7866 1385 1384 8178 8279 1424 8277 8280 
3442 7866 7867 1386 1385 8181 8281 1425 8279 8282 
3443 7867 7868 1387 1386 8184 8283 1426 8281 8284 
3444 7868 7869 1388 1387 8187 8285 1427 8283 8286 
3445 7869 7870 1389 1388 8190 8287 1428 8285 8288 
3446 7870 7871 1390 1389 8193 8289 1429 8287 8290 
3447 7871 7872 1391 1390 8196 8291 1430 8289 8292 
3448 7872 7873 1392 1391 8199 8293 1431 8291 8294 
3449 7873 7874 1393 1392 8202 8295 1432 8293 8296 
3450 7874 7875 1394 1393 8205 8297 1433 8295 8298 
3451 7875 7876 1395 1394 8208 8299 1434 8297 8300 
3452 7876 7877 1396 1395 8211 8301 1435 8299 8302 
3453 7877 7878 1397 1396 8214 8303 1436 8301 8304 
3454 7878 7879 1398 1397 8217 8305 1437 8303 8306 
3455 7879 7880 1399 1398 8220 8307 1438 8305 8308 
3456 7880 7881 1400 1399 8223 8309 1439 8307 8310 
3457 7881 7882 1401 1400 8226 8311 1440 8309 8312 
3458 7882 7883 1402 1401 8229 8313 1441 8311 8314 
3459 7883 7884 1403 1402 8232 8315 1442 8313 8316 
3460 7884 7885 1404 1403 8235 8317 1443 8315 8318 
3461 7885 7886 1405 1404 8238 8319 1444 8317 8320 
3462 7886 7887 1406 1405 8241 8321 1445 8319 8322 
3463 7887 1449 92 1406 8243 1453 1446 8321 8323 
2 62 10 80
3464 4 1454 8324 166 1493 8363 8364 167 8365 
3465 1454 1455 8325 8324 1494 8366 8367 8363 8368 
3466 1455 1456 8326 8325 1495 8369 8370 8366 8371 
3467 1456 1457 8327 8326 1496 8372 8373 8369 8374 
3468 1457 1458 8328 8327 1497 8375 8376 8372 8377 
3469 1458 1459 8329 8328 1498 8378 8379 8375 8380 
3470 1459 1460 8330 8329 1499 8381 8382 8378 8383 
3471 1460 1461 8331 8330 1500 8384 8385 8381 8386 
3472 1461 1462 8332 8331 1501 8387 8388 8384 8389 
3473 1462 1463 8333 8332 1502 8390 8391 8387 8392 
3474 1463 1464 8334 8333 1503 8393 8394 8390 8395 
3475 1464 1465 8335 8334 1504 8396 8397 8393 8398 
3476 1465 1466 8336 8335 1505 8399 8400 8396 8401 
3477 1466 1467 8337 8336 1506 8402 8403 8399 8404 
3478 1467 1468 8338 8337 1507 8405 8406 8402 8407 
3479 1468 1469 8339 8338 1508 8408 8409 8405 8410 
3480 1469 1470 8340 8339 1509 8411 8412 8408 8413 
3481 1470 1471 8341 8340 1510 8414 8415 8411 8416 
3482 1471 1472 8342 8341 1511 8417 8418 8414 8419 
3483 1472 1473 8343 8342 1512 8420 8421 8417 8422 
3484 1473 1474 8344 8343 1513 8423 8424 8420 8425 
3485 1474 1475 8345 8344 1514 8426 8427 8423 8428 
3486 1475 1476 8346 8345 1515 8429 8430 8426 8431 
3487 1476 1477 8347 8346 1516 8432 8433 8429 8434 
3488 1477 1478 8348 8347 1517 8435 8436 8432 8437 
3489 1478 1479 8349 8348 1518 8438 8439 8435 8440 
3490 1479 1480 8350 8349 1519 8441 8442 8438 8443 
3491 1480 1481 8351 8350 1520 8444 8445 8441 8446 
3492 1481 1482 8352 8351 1521 8447 8448 8444 8449 
3493 1482 1483 8353 8352 1522 8450 8451 8447 8452 
3494 1483 1484 8354 8353 1523 8453 8454 8450 8455 
3495 1484 1485 8355 8354 1524 8456 8457 8453 8458 
3496 1485 1486 8356 8355 1525 8459 8460 8456 8461 
3497 1486 1487 8357 8356 1526 8462 8463 8459 8464 
3498 1487 1488 8358 8357 1527 8465 8466 8462 8467 
3499 1488 1489 8359 8358 1528 8468 8469 8465 8470 
3500 1489 1490 8360 8359 1529 8471 8472 8468 8473 
3501 1490 1491 8361 8360 1530 8474 8475 8471 8476 
3502 1491 1492 8362 8361 1531 8477 8478 8474 8479 
3503 1492 93 1612 8362 1532 1613 8480 8477 8481 
3504 166 8324 1533 2 8364 8482 1572 168 8483 
3505 8324 8325 1534 1533 8367 8484 1573 8482 8485 
3506 8325 8326 1535 1534 8370 8486 1574 8484 8487 
3507 8326 8327 1536 1535 8373 8488 1575 8486 8489 
3508 8327 8328 1537 1536 8376 8490 1576 8488 8491 
3509 8328 8329 1538 1537 8379 8492 1577 8490 8493 
3510 8329 8330 1539 1538 8382 8494 1578 8492 8495 
3511 8330 8331 1540 1539 8385 8496 1579 8494 8497 
3512 8331 8332 1541 1540 8388 8498 1580 8496 8499 
3513 8332 8333 1542 1541 8391 8500 1581 8498 8501 
3514 8333 8334 1543 1542 8394 8502 1582 8500 8503 
3515 8334 8335 1544 1543 8397 8504 1583 8502 8505 
3516 8335 8336 1545 1544 8400 8506 1584 8504 8507 
3517 8336 8337 1546 1545 8403 8508 1585 8506 8509 
3518 8337 8338 1547 1546 8406 8510 1586 8508 8511 
3519 8338 8339 1548 1547 8409 8512 1587 8510 8513 
3520 8339 8340 1549 1548 8412 8514 1588 8512 8515 
3521 8340 8341 1550 1549 8415 8516 1589 8514 8517 
3522 8341 8342 1551 1550 8418 8518 1590 8516 8519 
3523 8342 8343 1552 1551 8421 8520 1591 8518 8521 
3524 8343 8344 1553 1552 8424 8522 1592 8520 8523 
3525 8344 8345 1554 1553 8427 8524 1593 8522 8525 
3526 8345 8346 1555 1554 8430 8526 1594 8524 8527 
3527 8346 8347 1556 1555 8433 8528 1595 8526 8529 
3528 8347 8348 1557 1556 8436 8530 1596 8528 8531 
3529 8348 8349 1558 1557 8439 8532 1597 8530 8533 
3530 8349 8350 1559 1558 8442 8534 1598 8532 8535 
3531 8350 8351 1560 1559 8445 8536 1599 8534 8537 
3532 8351 8352 1561 1560 8448 8538 1600 8536 8539 
3533 8352 8353 1562 1561 8451 8540 1601 8538 8541 
3534 8353 8354 1563 1562 8454 8542 1602 8540 8543 
3535 8354 8355 1564 1563 8457 8544 1603 8542 8545 
3536 8355 8356 1565 1564 8460 8546 1604 8544 8547 
3537 8356 8357 1566 1565 8463 8548 1605 8546 8549 
3538 8357 8358 1567 1566 8466 8550 1606 8548 8551 
3539 8358 8359 1568 1567 8469 8552 1607 8550 8553 
3540 8359 8360 1569 1568 8472 8554 1608 8552 8555 
3541 8360 8361 1570 1569 8475 8556 1609 8554 8557 
3542 8361 8362 1571 1570 8478 8558 1610 8556 8559 
3543 8362 1612 94 1571 8480 1614 1611 8558 8560 
2 63 10 80
3544 21 1615 8561 229 1654 8600 8601 230 8602 
3545 1615 1616 8562 8561 1655 8603 8604 8600 8605 
3546 1616 1617 8563 8562 1656 8606 8607 8603 8608 
3547 1617 1618 8564 8563 1657 8609 8610 8606 8611 
3548 1618 1619 8565 8564 1658 8612 8613 8609 8614 
3549 1619 1620 8566 8565 1659 8615 8616 8612 8617 
3550 1620 1621 8567 8566 1660 8618 8619 8615 8620 
3551 1621 1622 8568 8567 1661 8621 8622 8618 8623 
3552 1622 1623 8569 8568 1662 8624 8625 8621 8626 
3553 1623 1624 8570 8569 1663 8627 8628 8624 8629 
3554 1624 1625 8571 8570 1664 8630 8631 8627 8632 
3555 1625 1626 8572 8571 1665 8633 8634 8630 8635 
3556 1626 1627 8573 8572 1666 8636 8637 8633 8638 
3557 1627 1628 8574 8573 1667 8639 8640 8636 8641 
3558 1628 1629 8575 8574 1668 8642 8643 8639 8644 
3559 1629 1630 8576 8575 1669 8645 8646 8642 8647 
3560 1630 1631 8577 8576 1670 8648 8649 8645 8650 
3561 1631 1632 8578 8577 1671 8651 8652 8648 8653 
3562 1632 1633 8579 8578 1672 8654 8655 8651 8656 
3563 1633 1634 8580 8579 1673 8657 8658 8654 8659 
3564 1634 1635 8581 8580 1674 8660 8661 8657 8662 
3565 1635 1636 8582 8581 1675 8663 8664 8660 8665 
3566 1636 1637 8583 8582 1676 8666 8667 8663 8668 
3567 1637 1638 8584 8583 1677 8669 8670 8666 8671 
3568 1638 1639 8585 8584 1678 8672 8673 8669 8674 
3569 1639 1640 8586 8585 1679 8675 8676 8672 8677 
3570 1640 1641 8587 8586 1680 8678 8679 8675 8680 
3571 1641 1642 8588 8587 1681 8681 8682 8678 8683 
3572 1642 1643 8589 8588 1682 8684 8685 8681 8686 
3573 1643 1644 8590 8589 1683 8687 8688 8684 8689 
3574 1644 1645 8591 8590 1684 8690 8691 8687 8692 
3575 1645 1646 8592 8591 1685 8693 8694 8690 8695 
3576 1646 1647 8593 8592 1686 8696 8697 8693 8698 
3577 1647 1648 8594 8593 1687 8699 8700 8696 8701 
3578 1648 1649 8595 8594 1688 8702 8703 8699 8704 
3579 1649 1650 8596 8595 1689 8705 8706 8702 8707 
3580 1650 1651 8597 8596 1690 8708 8709 8705 8710 
3581 1651 1652 8598 8597 1691 8711 8712 8708 8713 
3582 1652 1653 8599 8598 1692 8714 8715 8711 8716 
3583 1653 95 1773 8599 1693 1774 8717 8714 8718 
3584 229 8561 1694 22 8601 8719 1733 231 8720 
3585 8561 8562 1695 1694 8604 8721 1734 8719 8722 
3586 8562 8563 1696 1695 8607 8723 1735 8721 8724 
3587 8563 8564 1697 1696 8610 8725 1736 8723 8726 
3588 8564 8565 1698 1697 8613 8727 1737 8725 8728 
3589 8565 8566 1699 1698 8616 8729 1738 8727 8730 
3590 8566 8567 1700 1699 8619 8731 1739 8729 8732 
3591 8567 8568 1701 1700 8622 8733 1740 8731 8734 
3592 8568 8569 1702 1701 8625 8735 1741 8733 8736 
3593 8569 8570 1703 1702 8628 8737 1742 8735 8738 
3594 8570 8571 1704 1703 8631 8739 1743 8737 8740 
3595 8571 8572 1705 1704 8634 8741 1744 8739 8742 
3596 8572 8573 1706 1705 8637 8743 1745 8741 8744 
3597 8573 8574 1707 1706 8640 8745 1746 8743 8746 
3598 8574 8575 1708 1707 8643 8747 1747 8745 8748 
3599 8575 8576 1709 1708 8646 8749 1748 8747 8750 
3600 8576 8577 1710 1709 8649 8751 1749 8749 8752 
3601 8577 8578 1711 1710 8652 8753 1750 8751 8754 
3602 8578 8579 1712 1711 8655 8755 1751 8753 8756 
3603 8579 8580 1713 1712 8658 8757 1752 8755 8758 
3604 8580 8581 1714 1713 8661 8759 1753 8757 8760 
3605 8581 8582 1715 1714 8664 8761 1754 8759 8762 
3606 8582 8583 1716 1715 8667 8763 1755 8761 8764 
3607 8583 8584 1717 1716 8670 8765 1756 8763 8766 
3608 8584 8585 1718 1717 8673 8767 1757 8765 8768 
3609 8585 8586 1719 1718 8676 8769 1758 8767 8770 
3610 8586 8587 1720 1719 8679 8771 1759 8769 8772 
3611 8587 8588 1721 1720 8682 8773 1760 8771 8774 
3612 8588 8589 1722 1721 8685 8775 1761 8773 8776 
3613 8589 8590 1723 1722 8688 8777 1762 8775 8778 
3614 8590 8591 1724 1723 8691 8779 1763 8777 8780 
3615 8591 8592 1725 1724 8694 8781 1764 8779 8782 
3616 8592 8593 1726 1725 8697 8783 1765 8781 8784 
3617 8593 8594 1727 1726 8700 8785 1766 8783 8786 
3618 8594 8595 1728 1727 8703 8787 1767 8785 8788 
3619 8595 8596 1729 1728 8706 8789 1768 8787 8790 
3620 8596 8597 1730 1729 8709 8791 1769 8789 8792 
3621 8597 8598 1731 1730 8712 8793 1770 8791 8794 
3622 8598 8599 1732 1731 8715 8795 1771 8793 8796 
3623 8599 1773 96 1732 8717 1775 1772 8795 8797 
2 64 10 160
3624 51 1776 8798 550 1815 8915 8916 553 8917 
3625 1776 1777 8799 8798 1816 8918 8919 8915 8920 
3626 1777 1778 8800 8799 1817 8921 8922 8918 8923 
3627 1778 1779 8801 8800 1818 8924 8925 8921 8926 
3628 1779 1780 8802 8801 1819 8927 8928 8924 8929 
3629 1780 1781 8803 8802 1820 8930 8931 8927 8932 
3630 1781 1782 8804 8803 1821 8933 8934 8930 8935 
3631 1782 1783 8805 8804 1822 8936 8937 8933 8938 
3632 1783 1784 8806 8805 1823 8939 8940 8936 8941 
3633 1784 1785 8807 8806 1824 8942 8943 8939 8944 
3634 1785 1786 8808 8807 1825 8945 8946 8942 8947 
3635 1786 1787 8809 8808 1826 8948 8949 8945 8950 
3636 1787 1788 8810 8809 1827 8951 8952 8948 8953 
3637 1788 1789 8811 8810 1828 8954 8955 8951 8956 
3638 1789 1790 8812 8811 1829 8957 8958 8954 8959 
3639 1790 1791 8813 8812 1830 8960 8961 8957 8962 
3640 1791 1792 8814 8813 1831 8963 8964 8960 8965 
3641 1792 1793 8815 8814 1832 8966 8967 8963 8968 
3642 1793 1794 8816 8815 1833 8969 8970 8966 8971 
3643 1794 1795 8817 8816 1834 8972 8973 8969 8974 
3644 1795 1796 8818 8817 1835 8975 8976 8972 8977 
3645 1796 1797 8819 8818 1836 8978 8979 8975 8980 
3646 1797 1798 8820 8819 1837 8981 8982 8978 8983 
3647 1798 1799 8821 8820 1838 8984 8985 8981 8986 
3648 1799 1800 8822 8821 1839 8987 8988 8984 8989 
3649 1800 1801 8823 8822 1840 8990 8991 8987 8992 
3650 1801 1802 8824 8823 1841 8993 8994 8990 8995 
3651 1802 1803 8825 8824 1842 8996 8997 8993 8998 
3652 1803 1804 8826 8825 1843 8999 9000 8996 9001 
3653 1804 1805 8827 8826 1844 9002 9003 8999 9004 
3654 1805 1806 8828 8827 1845 9005 9006 9002 9007 
3655 1806 1807 8829 8828 1846 9008 9009 9005 9010 
3656 1807 1808 8830 8829 1847 9011 9012 9008 9013 
3657 1808 1809 8831 8830 1848 9014 9015 9011 9016 
3658 1809 1810 8832 8831 1849 9017 9018 9014 9019 
3659 1810 1811 8833 8832 1850 9020 9021 9017 9022 
3660 1811 1812 8834 8833 1851 9023 9024 9020 9025 
3661 1812 1813 8835 8834 1852 9026 9027 9023 9028 
3662 1813 1814 8836 8835 1853 9029 9030 9026 9031 
3663 1814 97 1934 8836 1854 1937 9032 9029 9033 
3664 550 8798 8837 551 8916 9034 9035 554 9036 
3665 8798 8799 8838 8837 8919 9037 9038 9034 9039 
3666 8799 8800 8839 8838 8922 9040 9041 9037 9042 
3667 8800 8801 8840 8839 8925 9043 9044 9040 9045 
3668 8801 8802 8841 8840 8928 9046 9047 9043 9048 
3669 8802 8803 8842 8841 8931 9049 9050 9046 9051 
3670 8803 8804 8843 8842 8934 9052 9053 9049 9054 
3671 8804 8805 8844 8843 8937 9055 9056 9052 9057 
3672 8805 8806 8845 8844 8940 9058 9059 9055 9060 
3673 8806 8807 8846 8845 8943 9061 9062 9058 9063 
3674 8807 8808 8847 8846 8946 9064 9065 9061 9066 
3675 8808 8809 8848 8847 8949 9067 9068 9064 9069 
3676 8809 8810 8849 8848 8952 9070 9071 9067 9072 
3677 8810 8811 8850 8849 8955 9073 9074 9070 9075 
3678 8811 8812 8851 8850 8958 9076 9077 9073 9078 
3679 8812 8813 8852 8851 8961 9079 9080 9076 9081 
3680 8813 8814 8853 8852 8964 9082 9083 9079 9084 
3681 8814 8815 8854 8853 8967 9085 9086 9082 9087 
3682 8815 8816 8855 8854 8970 9088 9089 9085 9090 
3683 8816 8817 8856 8855 8973 9091 9092 9088 9093 
3684 8817 8818 8857 8856 8976 9094 9095 9091 9096 
3685 8818 8819 8858 8857 8979 9097 9098 9094 9099 
3686 8819 8820 8859 8858 8982 9100 9101 9097 9102 
3687 8820 8821 8860 8859 8985 9103 9104 9100 9105 
3688 8821 8822 8861 8860 8988 9106 9107 9103 9108 
3689 8822 8823 8862 8861 8991 9109 9110 9106 9111 
3690 8823 8824 8863 8862 8994 9112 9113 9109 9114 
3691 8824 8825 8864 8863 8997 9115 9116 9112 9117 
3692 8825 8826 8865 8864 9000 9118 9119 9115 9120 
3693 8826 8827 8866 8865 9003 9121 9122 9118 9123 
3694 8827 8828 8867 8866 9006 9124 9125 9121 9126 
3695 8828 8829 8868 8867 9009 9127 9128 9124 9129 
3696 8829 8830 8869 8868 9012 9130 9131 9127 9132 
3697 8830 8831 8870 8869 9015 9133 9134 9130 9135 
3698 8831 8832 8871 8870 9018 9136 9137 9133 9138 
3699 8832 8833 8872 8871 9021 9139 9140 9136 9141 
3700 8833 8834 8873 8872 9024 9142 9143 9139 9144 
3701 8834 8835 8874 8873 9027 9145 9146 9142 9147 
3702 8835 8836 8875 8874 9030 9148 9149 9145 9150 
3703 8836 1934 1935 8875 9032 1938 9151 9148 9152 
3704 551 8837 8876 552 9035 9153 9154 555 9155 
3705 8837 8838 8877 8876 9038 9156 9157 9153 9158 
3706 8838 8839 8878 8877 9041 9159 9160 9156 9161 
3707 8839 8840 8879 8878 9044 9162 9163 9159 9164 
3708 8840 8841 8880 8879 9047 9165 9166 9162 9167 
3709 8841 8842 8881 8880 9050 9168 9169 9165 9170 
3710 8842 8843 8882 8881 9053 9171 9172 9168 9173 
3711 8843 8844 8883 8882 9056 9174 9175 9171 9176 
3712 8844 8845 8884 8883 9059 9177 9178 9174 9179 
3713 8845 8846 8885 8884 9062 9180 9181 9177 9182 
3714 8846 8847 8886 8885 9065 9183 9184 9180 9185 
3715 8847 8848 8887 8886 9068 9186 9187 9183 9188 
3716 8848 8849 8888 8887 9071 9189 9190 9186 9191 
3717 8849 8850 8889 8888 9074 9192 9193 9189 9194 
3718 8850 8851 8890 8889 9077 9195 9196 9192 9197 
3719 8851 8852 8891 8890 9080 9198 9199 9195 9200 
3720 8852 8853 8892 8891 9083 9201 9202 9198 9203 
3721 8853 8854 8893 8892 9086 9204 9205 9201 9206 
3722 8854 8855 8894 8893 9089 9207 9208 9204 9209 
3723 8855 8856 8895 8894 9092 9210 9211 9207 9212 
3724 8856 8857 8896 8895 9095 9213 9214 9210 9215 
3725 8857 8858 8897 8896 9098 9216 9217 9213 9218 
3726 8858 8859 8898 8897 9101 9219 9220 9216 9221 
3727 8859 8860 8899 8898 9104 9222 9223 9219 9224 
3728 8860 8861 8900 8899 9107 9225 9226 9222 9227 
3729 8861 8862 8901 8900 9110 9228 9229 9225 9230 
3730 8862 8863 8902 8901 9113 9231 9232 9228 9233 
3731 8863 8864 8903 8902 9116 9234 9235 9231 9236 
3732 8864 8865 8904 8903 9119 9237 9238 9234 9239 
3733 8865 8866 8905 8904 9122 9240 9241 9237 9242 
3734 8866 8867 8906 8905 9125 9243 9244 9240 9245 
3735 8867 8868 8907 8906 9128 9246 9247 9243 9248 
3736 8868 8869 8908 8907 9131 9249 9250 9246 9251 
3737 8869 8870 8909 8908 9134 9252 9253 9249 9254 
3738 8870 8871 8910 8909 9137 9255 9256 9252 9257 
3739 8871 8872 8911 8910 9140 9258 9259 9255 9260 
3740 8872 8873 8912 8911 9143 9261 9262 9258 9263 
3741 8873 8874 8913 8912 9146 9264 9265 9261 9266 
3742 8874 8875 8914 8913 9149 9267 9268 9264 9269 
3743 8875 1935 1936 8914 9151 1939 9270 9267 9271 
3744 552 8876 1855 52 9154 9272 1894 556 9273 
3745 8876 8877 1856 1855 9157 9274 1895 9272 9275 
3746 8877 8878 1857 1856 9160 9276 1896 9274 9277 
3747 8878 8879 1858 1857 9163 9278 1897 9276 9279 
3748 8879 8880 1859 1858 9166 9280 1898 9278 9281 
3749 8880 8881 1860 1859 9169 9282 1899 9280 9283 
3750 8881 8882 1861 1860 9172 9284 1900 9282 9285 
3751 8882 8883 1862 1861 9175 9286 1901 9284 9287 
3752 8883 8884 1863 1862 9178 9288 1902 9286 9289 
3753 8884 8885 1864 1863 9181 9290 1903 9288 9291 
3754 8885 8886 1865 1864 9184 9292 1904 9290 9293 
3755 8886 8887 1866 1865 9187 9294 1905 9292 9295 
3756 8887 8888 1867 1866 9190 9296 1906 9294 9297 
3757 8888 8889 1868 1867 9193 9298 1907 9296 9299 
3758 8889 8890 1869 1868 9196 9300 1908 9298 9301 
3759 8890 8891 1870 1869 9199 9302 1909 9300 9303 
3760 8891 8892 1871 1870 9202 9304 1910 9302 9305 
3761 8892 8893 1872 1871 9205 9306 1911 9304 9307 
3762 8893 8894 1873 1872 9208 9308 1912 9306 9309 
3763 8894 8895 1874 1873 9211 9310 1913 9308 9311 
3764 8895 8896 1875 1874 9214 9312 1914 9310 9313 
3765 8896 8897 1876 1875 9217 9314 1915 9312 9315 
3766 8897 8898 1877 1876 9220 9316 1916 9314 9317 
3767 8898 8899 1878 1877 9223 9318 1917 9316 9319 
3768 8899 8900 1879 1878 9226 9320 1918 9318 9321 
3769 8900 8901 1880 1879 9229 9322 1919 9320 9323 
3770 8901 8902 1881 1880 9232 9324 1920 9322 9325 
3771 8902 8903 1882 1881 9235 9326 1921 9324 9327 
3772 8903 8904 1883 1882 9238 9328 1922 9326 9329 
3773 8904 8905 1884 1883 9241 9330 1923 9328 9331 
3774 8905 8906 1885 1884 9244 9332 1924 9330 9333 
3775 8906 8907 1886 1885 9247 9334 1925 9332 9335 
3776 8907 8908 1887 1886 9250 9336 1926 9334 9337 
3777 8908 8909 1888 1887 9253 9338 1927 9336 9339 
3778 8909 8910 1889 1888 9256 9340 1928 9338 9341 
3779 8910 8911 1890 1889 9259 9342 1929 9340 9343 
3780 8911 8912 1891 1890 9262 9344 1930 9342 9345 
3781 8912 8913 1892 1891 9265 9346 1931 9344 9347 
3782 8913 8914 1893 1892 9268 9348 1932 9346 9349 
3783 8914 1936 98 1893 9270 1940 1933 9348 9350 
2 65 10 160
3784 53 1941 9351 1051 1980 9468 9469 1054 9470 
3785 1941 1942 9352 9351 1981 9471 9472 9468 9473 
3786 1942 1943 9353 9352 1982 9474 9475 9471 9476 
3787 1943 1944 9354 9353 1983 9477 9478 9474 9479 
3788 1944 1945 9355 9354 1984 9480 9481 9477 9482 
3789 1945 1946 9356 9355 1985 9483 9484 9480 9485 
3790 1946 1947 9357 9356 1986 9486 9487 9483 9488 
3791 1947 1948 9358 9357 1987 9489 9490 9486 9491 
3792 1948 1949 9359 9358 1988 9492 9493 9489 9494 
3793 1949 1950 9360 9359 1989 9495 9496 9492 9497 
3794 1950 1951 9361 9360 1990 9498 9499 9495 9500 
3795 1951 1952 9362 9361 1991 9501 9502 9498 9503 
3796 1952 1953 9363 9362 1992 9504 9505 9501 9506 
3797 1953 1954 9364 9363 1993 9507 9508 9504 9509 
3798 1954 1955 9365 9364 1994 9510 9511 9507 9512 
3799 1955 1956 9366 9365 1995 9513 9514 9510 9515 
3800 1956 1957 9367 9366 1996 9516 9517 9513 9518 
3801 1957 1958 9368 9367 1997 9519 9520 9516 9521 
3802 1958 1959 9369 9368 1998 9522 9523 9519 9524 
3803 1959 1960 9370 9369 1999 9525 9526 9522 9527 
3804 1960 1961 9371 9370 2000 9528 9529 9525 9530 
3805 1961 1962 9372 9371 2001 9531 9532 9528 9533 
3806 1962 1963 9373 9372 2002 9534 9535 9531 9536 
3807 1963 1964 9374 9373 2003 9537 9538 9534 9539 
3808 1964 1965 9375 9374 2004 9540 9541 9537 9542 
3809 1965 1966 9376 9375 2005 9543 9544 9540 9545 
3810 1966 1967 9377 9376 2006 9546 9547 9543 9548 
3811 1967 1968 9378 9377 2007 9549 9550 9546 9551 
3812 1968 1969 9379 9378 2008 9552 9553 9549 9554 
3813 1969 1970 9380 9379 2009 9555 9556 9552 9557 
3814 1970 1971 9381 9380 2010 9558 9559 9555 9560 
3815 1971 1972 9382 9381 2011 9561 9562 9558 9563 
3816 1972 1973 9383 9382 2012 9564 9565 9561 9566 
3817 1973 1974 9384 9383 2013 9567 9568 9564 9569 
3818 1974 1975 9385 9384 2014 9570 9571 9567 9572 
3819 1975 1976 9386 9385 2015 9573 9574 9570 9575 
3820 1976 1977 9387 9386 2016 9576 9577 9573 9578 
3821 1977 1978 9388 9387 2017 9579 9580 9576 9581 
3822 1978 1979 9389 9388 2018 9582 9583 9579 9584 
3823 1979 99 2020 9389 2019 2023 9585 9582 9586 
3824 1051 9351 9390 1052 9469 9587 9588 1055 9589 
3825 9351 9352 9391 9390 9472 9590 9591 9587 9592 
3826 9352 9353 9392 9391 9475 9593 9594 9590 9595 
3827 9353 9354 9393 9392 9478 9596 9597 9593 9598 
3828 9354 9355 9394 9393 9481 9599 9600 9596 9601 
3829 9355 9356 9395 9394 9484 9602 9603 9599 9604 
3830 9356 9357 9396 9395 9487 9605 9606 9602 9607 
3831 9357 9358 9397 9396 9490 9608 9609 9605 9610 
3832 9358 9359 9398 9397 9493 9611 9612 9608 9613 
3833 9359 9360 9399 9398 9496 9614 9615 9611 9616 
3834 9360 9361 9400 9399 9499 9617 9618 9614 9619 
3835 9361 9362 9401 9400 9502 9620 9621 9617 9622 
3836 9362 9363 9402 9401 9505 9623 9624 9620 9625 
3837 9363 9364 9403 9402 9508 9626 9627 9623 9628 
3838 9364 9365 9404 9403 9511 9629 9630 9626 9631 
3839 9365 9366 9405 9404 9514 9632 9633 9629 9634 
3840 9366 9367 9406 9405 9517 9635 9636 9632 9637 
3841 9367 9368 9407 9406 9520 9638 9639 9635 9640 
3842 9368 9369 9408 9407 9523 9641 9642 9638 9643 
3843 9369 9370 9409 9408 9526 9644 9645 9641 9646 
3844 9370 9371 9410 9409 9529 9647 9648 9644 9649 
3845 9371 9372 9411 9410 9532 9650 9651 9647 9652 
3846 9372 9373 9412 9411 9535 9653 9654 9650 9655 
3847 9373 9374 9413 9412 9538 9656 9657 9653 9658 
3848 9374 9375 9414 9413 9541 9659 9660 9656 9661 
3849 9375 9376 9415 9414 9544 9662 9663 9659 9664 
3850 9376 9377 9416 9415 9547 9665 9666 9662 9667 
3851 9377 9378 9417 9416 9550 9668 9669 9665 9670 
3852 9378 9379 9418 9417 9553 9671 9672 9668 9673 
3853 9379 9380 9419 9418 9556 9674 9675 9671 9676 
3854 9380 9381 9420 9419 9559 9677 9678 9674 9679 
3855 9381 9382 9421 9420 9562 9680 9681 9677 9682 
3856 9382 9383 9422 9421 9565 9683 9684 9680 9685 
3857 9383 9384 9423 9422 9568 9686 9687 9683 9688 
3858 9384 9385 9424 9423 9571 9689 9690 9686 9691 
3859 9385 9386 9425 9424 9574 9692 9693 9689 9694 
3860 9386 9387 9426 9425 9577 9695 9696 9692 9697 
3861 9387 9388 9427 9426 9580 9698 9699 9695 9700 
3862 9388 9389 9428 9427 9583 9701 9702 9698 9703 
3863 9389 2020 2021 9428 9585 2024 9704 9701 9705 
3864 1052 9390 9429 1053 9588 9706 9707 1056 9708 
3865 9390 9391 9430 9429 9591 9709 9710 9706 9711 
3866 9391 9392 9431 9430 9594 9712 9713 9709 9714 
3867 9392 9393 9432 9431 9597 9715 9716 9712 9717 
3868 9393 9394 9433 9432 9600 9718 9719 9715 9720 
3869 9394 9395 9434 9433 9603 9721 9722 9718 9723 
3870 9395 9396 9435 9434 9606 9724 9725 9721 9726 
3871 9396 9397 9436 9435 9609 9727 9728 9724 9729 
3872 9397 9398 9437 9436 9612 9730 9731 9727 9732 
3873 9398 9399 9438 9437 9615 9733 9734 9730 9735 
3874 9399 9400 9439 9438 9618 9736 9737 9733 9738 
3875 9400 9401 9440 9439 9621 9739 9740 9736 9741 
3876 9401 9402 9441 9440 9624 9742 9743 9739 9744 
3877 9402 9403 9442 9441 9627 9745 9746 9742 9747 
3878 9403 9404 9443 9442 9630 9748 9749 9745 9750 
3879 9404 9405 9444 9443 9633 9751 9752 9748 9753 
3880 9405 9406 9445 9444 9636 9754 9755 9751 9756 
3881 9406 9407 9446 9445 9639 9757 9758 9754 9759 
3882 9407 9408 9447 9446 9642 9760 9761 9757 9762 
3883 9408 9409 9448 9447 9645 9763 9764 9760 9765 
3884 9409 9410 9449 9448 9648 9766 9767 9763 9768 
3885 9410 9411 9450 9449 9651 9769 9770 9766 9771 
3886 9411 9412 9451 9450 9654 9772 9773 9769 9774 
3887 9412 9413 9452 9451 9657 9775 9776 9772 9777 
3888 9413 9414 9453 9452 9660 9778 9779 9775 9780 
3889 9414 9415 9454 9453 9663 9781 9782 9778 9783 
3890 9415 9416 9455 9454 9666 9784 9785 9781 9786 
3891 9416 9417 9456 9455 9669 9787 9788 9784 9789 
3892 9417 9418 9457 9456 9672 9790 9791 9787 9792 
3893 9418 9419 9458 9457 9675 9793 9794 9790 9795 
3894 9419 9420 9459 9458 9678 9796 9797 9793 9798 
3895 9420 9421 9460 9459 9681 9799 9800 9796 9801 
3896 9421 9422 9461 9460 9684 9802 9803 9799 9804 
3897 9422 9423 9462 9461 9687 9805 9806 9802 9807 
3898 9423 9424 9463 9462 9690 9808 9809 9805 9810 
3899 9424 9425 9464 9463 9693 9811 9812 9808 9813 
3900 9425 9426 9465 9464 9696 9814 9815 9811 9816 
3901 9426 9427 9466 9465 9699 9817 9818 9814 9819 
3902 9427 9428 9467 9466 9702 9820 9821 9817 9822 
3903 9428 2021 2022 9467 9704 2025 9823 9820 9824 
3904 1053 9429 1855 52 9707 9825 1894 1057 9826 
3905 9429 9430 1856 1855 9710 9827 1895 9825 9828 
3906 9430 9431 1857 1856 9713 9829 1896 9827 9830 
3907 9431 9432 1858 1857 9716 9831 1897 9829 9832 
3908 9432 9433 1859 1858 9719 9833 1898 9831 9834 
3909 9433 9434 1860 1859 9722 9835 1899 9833 9836 
3910 9434 9435 1861 1860 9725 9837 1900 9835 9838 
3911 9435 9436 1862 1861 9728 9839 1901 9837 9840 
3912 9436 9437 1863 1862 9731 9841 1902 9839 9842 
3913 9437 9438 1864 1863 9734 9843 1903 9841 9844 
3914 9438 9439 1865 1864 9737 9845 1904 9843 9846 
3915 9439 9440 1866 1865 9740 9847 1905 9845 9848 
3916 9440 9441 1867 1866 9743 9849 1906 9847 9850 
3917 9441 9442 1868 1867 9746 9851 1907 9849 9852 
3918 9442 9443 1869 1868 9749 9853 1908 9851 9854 
3919 9443 9444 1870 1869 9752 9855 1909 9853 9856 
3920 9444 9445 1871 1870 9755 9857 1910 9855 9858 
3921 9445 9446 1872 1871 9758 9859 1911 9857 9860 
3922 9446 9447 1873 1872 9761 9861 1912 9859 9862 
3923 9447 9448 1874 1873 9764 9863 1913 9861 9864 
3924 9448 9449 1875 1874 9767 9865 1914 9863 9866 
3925 9449 9450 1876 1875 9770 9867 1915 9865 9868 
3926 9450 9451 1877 1876 9773 9869 1916 9867 9870 
3927 9451 9452 1878 1877 9776 9871 1917 9869 9872 
3928 9452 9453 1879 1878 9779 9873 1918 9871 9874 
3929 9453 9454 1880 1879 9782 9875 1919 9873 9876 
3930 9454 9455 1881 1880 9785 9877 1920 9875 9878 
3931 9455 9456 1882 1881 9788 9879 1921 9877 9880 
3932 9456 9457 1883 1882 9791 9881 1922 9879 9882 
3933 9457 9458 1884 1883 9794 9883 1923 9881 9884 
3934 9458 9459 1885 1884 9797 9885 1924 9883 9886 
3935 9459 9460 1886 1885 9800 9887 1925 9885 9888 
3936 9460 9461 1887 1886 9803 9889 1926 9887 9890 
3937 9461 9462 1888 1887 9806 9891 1927 9889 9892 
3938 9462 9463 1889 1888 9809 9893 1928 9891 9894 
3939 9463 9464 1890 1889 9812 9895 1929 9893 9896 
3940 9464 9465 1891 1890 9815 9897 1930 9895 9898 
3941 9465 9466 1892 1891 9818 9899 1931 9897 9900 
3942 9466 9467 1893 1892 9821 9901 1932 9899 9902 
3943 9467 2022 98 1893 9823 2026 1933 9901 9903 
2 66 10 160
3944 57 2027 9904 628 2066 10021 10022 631 10023 
3945 2027 2028 9905 9904 2067 10024 10025 10021 10026 
3946 2028 2029 9906 9905 2068 10027 10028 10024 10029 
3947 2029 2030 9907 9906 2069 10030 10031 10027 10032 
3948 2030 2031 9908 9907 2070 10033 10034 10030 10035 
3949 2031 2032 9909 9908 2071 10036 10037 10033 10038 
3950 2032 2033 9910 9909 2072 10039 10040 10036 10041 
3951 2033 2034 9911 9910 2073 10042 10043 10039 10044 
3952 2034 2035 9912 9911 2074 10045 10046 10042 10047 
3953 2035 2036 9913 9912 2075 10048 10049 10045 10050 
3954 2036 2037 9914 9913 2076 10051 10052 10048 10053 
3955 2037 2038 9915 9914 2077 10054 10055 10051 10056 
3956 2038 2039 9916 9915 2078 10057 10058 10054 10059 
3957 2039 2040 9917 9916 2079 10060 10061 10057 10062 
3958 2040 2041 9918 9917 2080 10063 10064 10060 10065 
3959 2041 2042 9919 9918 2081 10066 10067 10063 10068 
3960 2042 2043 9920 9919 2082 10069 10070 10066 10071 
3961 2043 2044 9921 9920 2083 10072 10073 10069 10074 
3962 2044 2045 9922 9921 2084 10075 10076 10072 10077 
3963 2045 2046 9923 9922 2085 10078 10079 10075 10080 
3964 2046 2047 9924 9923 2086 10081 10082 10078 10083 
3965 2047 2048 9925 9924 2087 10084 10085 10081 10086 
3966 2048 2049 9926 9925 2088 10087 10088 10084 10089 
3967 2049 2050 9927 9926 2089 10090 10091 10087 10092 
3968 2050 2051 9928 9927 2090 10093 10094 10090 10095 
3969 2051 2052 9929 9928 2091 10096 10097 10093 10098 
3970 2052 2053 9930 9929 2092 10099 10100 10096 10101 
3971 2053 2054 9931 9930 2093 10102 10103 10099 10104 
3972 2054 2055 9932 9931 2094 10105 10106 10102 10107 
3973 2055 2056 9933 9932 2095 10108 10109 10105 10110 
3974 2056 2057 9934 9933 2096 10111 10112 10108 10113 
3975 2057 2058 9935 9934 2097 10114 10115 10111 10116 
3976 2058 2059 9936 9935 2098 10117 10118 10114 10119 
3977 2059 2060 9937 9936 2099 10120 10121 10117 10122 
3978 2060 2061 9938 9937 2100 10123 10124 10120 10125 
3979 2061 2062 9939 9938 2101 10126 10127 10123 10128 
3980 2062 2063 9940 9939 2102 10129 10130 10126 10131 
3981 2063 2064 9941 9940 2103 10132 10133 10129 10134 
3982 2064 2065 9942 9941 2104 10135 10136 10132 10137 
3983 2065 100 2185 9942 2105 2188 10138 10135 10139 
3984 628 9904 9943 629 10022 10140 10141 632 10142 
3985 9904 9905 9944 9943 10025 10143 10144 10140 10145 
3986 9905 9906 9945 9944 10028 10146 10147 10143 10148 
3987 9906 9907 9946 9945 10031 10149 10150 10146 10151 
3988 9907 9908 9947 9946 10034 10152 10153 10149 10154 
3989 9908 9909 9948 9947 10037 10155 10156 10152 10157 
3990 9909 9910 9949 9948 10040 10158 10159 10155 10160 
3991 9910 9911 9950 9949 10043 10161 10162 10158 10163 
3992 9911 9912 9951 9950 10046 10164 10165 10161 10166 
3993 9912 9913 9952 9951 10049 10167 10168 10164 10169 
3994 9913 9914 9953 9952 10052 10170 10171 10167 10172 
3995 9914 9915 9954 9953 10055 10173 10174 10170 10175 
3996 9915 9916 9955 9954 10058 10176 10177 10173 10178 
3997 9916 9917 9956 9955 10061 10179 10180 10176 10181 
3998 9917 9918 9957 9956 10064 10182 10183 10179 10184 
3999 9918 9919 9958 9957 10067 10185 10186 10182 10187 
4000 9919 9920 9959 9958 10070 10188 10189 10185 10190 
4001 9920 9921 9960 9959 10073 10191 10192 10188 10193 
4002 9921 9922 9961 9960 10076 10194 10195 10191 10196 
4003 9922 9923 9962 9961 10079 10197 10198 10194 10199 
4004 9923 9924 9963 9962 10082 10200 10201 10197 10202 
4005 9924 9925 9964 9963 10085 10203 10204 10200 10205 
4006 9925 9926 9965 9964 10088 10206 10207 10203 10208 
4007 9926 9927 9966 9965 10091 10209 10210 10206 10211 
4008 9927 9928 9967 9966 10094 10212 10213 10209 10214 
4009 9928 9929 9968 9967 10097 10215 10216 10212 10217 
4010 9929 9930 9969 9968 10100 10218 10219 10215 10220 
4011 9930 9931 9970 9969 10103 10221 10222 10218 10223 
4012 9931 9932 9971 9970 10106 10224 10225 10221 10226 
4013 9932 9933 9972 9971 10109 10227 10228 10224 10229 
4014 9933 9934 9973 9972 10112 10230 10231 10227 10232 
4015 9934 9935 9974 9973 10115 10233 10234 10230 10235 
4016 9935 9936 9975 9974 10118 10236 10237 10233 10238 
4017 9936 9937 9976 9975 10121 10239 10240 10236 10241 
4018 9937 9938 9977 9976 10124 10242 10243 10239 10244 
4019 9938 9939 9978 9977 10127 10245 10246 10242 10247 
4020 9939 9940 9979 9978 10130 10248 10249 10245 10250 
4021 9940 9941 9980 9979 10133 10251 10252 10248 10253 
4022 9941 9942 9981 9980 10136 10254 10255 10251 10256 
4023 9942 2185 2186 9981 10138 2189 10257 10254 10258 
4024 629 9943 9982 630 10141 10259 10260 633 10261 
4025 9943 9944 9983 9982 10144 10262 10263 10259 10264 
4026 9944 9945 9984 9983 10147 10265 10266 10262 10267 
4027 9945 9946 9985 9984 10150 10268 10269 10265 10270 
4028 9946 9947 9986 9985 10153 10271 10272 10268 10273 
4029 9947 9948 9987 9986 10156 10274 10275 10271 10276 
4030 9948 9949 9988 9987 10159 10277 10278 10274 10279 
4031 9949 9950 9989 9988 10162 10280 10281 10277 10282 
4032 9950 9951 9990 9989 10165 10283 10284 10280 10285 
4033 9951 9952 9991 9990 10168 10286 10287 10283 10288 
4034 9952 9953 9992 9991 10171 10289 10290 10286 10291 
4035 9953 9954 9993 9992 10174 10292 10293 10289 10294 
4036 9954 9955 9994 9993 10177 10295 10296 10292 10297 
4037 9955 9956 9995 9994 10180 10298 10299 10295 10300 
4038 9956 9957 9996 9995 10183 10301 10302 10298 10303 
4039 9957 9958 9997 9996 10186 10304 10305 10301 10306 
4040 9958 9959 9998 9997 10189 10307 10308 10304 10309 
4041 9959 9960 9999 9998 10192 10310 10311 10307 10312 
4042 9960 9961 10000 9999 10195 10313 10314 10310 10315 
4043 9961 9962 10001 10000 10198 10316 10317 10313 10318 
4044 9962 9963 10002 10001 10201 10319 10320 10316 10321 
4045 9963 9964 10003 10002 10204 10322 10323 10319 10324 
4046 9964 9965 10004 10003 10207 10325 10326 10322 10327 
4047 9965 9966 10005 10004 10210 10328 10329 10325 10330 
4048 9966 9967 10006 10005 10213 10331 10332 10328 10333 
4049 9967 9968 10007 10006 10216 10334 10335 10331 10336 
4050 9968 9969 10008 10007 10219 10337 10338 10334 10339 
4051 9969 9970 10009 10008 10222 10340 10341 10337 10342 
4052 9970 9971 10010 10009 10225 10343 10344 10340 10345 
4053 9971 9972 10011 10010 10228 10346 10347 10343 10348 
4054 9972 9973 10012 10011 10231 10349 10350 10346 10351 
4055 9973 9974 10013 10012 10234 10352 10353 10349 10354 
4056 9974 9975 10014 10013 10237 10355 10356 10352 10357 
4057 9975 9976 10015 10014 10240 10358 10359 10355 10360 
4058 9976 9977 10016 10015 10243 10361 10362 10358 10363 
4059 9977 9978 10017 10016 10246 10364 10365 10361 10366 
4060 9978 9979 10018 10017 10249 10367 10368 10364 10369 
4061 9979 9980 10019 10018 10252 10370 10371 10367 10372 
4062 9980 9981 10020 10019 10255 10373 10374 10370 10375 
4063 9981 2186 2187 10020 10257 2190 10376 10373 10377 
4064 630 9982 2106 58 10260 10378 2145 634 10379 
4065 9982 9983 2107 2106 10263 10380 2146 10378 10381 
4066 9983 9984 2108 2107 10266 10382 2147 10380 10383 
4067 9984 9985 2109 2108 10269 10384 2148 10382 10385 
4068 9985 9986 2110 2109 10272 10386 2149 10384 10387 
4069 9986 9987 2111 2110 10275 10388 2150 10386 10389 
4070 9987 9988 2112 2111 10278 10390 2151 10388 10391 
4071 9988 9989 2113 2112 10281 10392 2152 10390 10393 
4072 9989 9990 2114 2113 10284 10394 2153 10392 10395 
4073 9990 9991 2115 2114 10287 10396 2154 10394 10397 
4074 9991 9992 2116 2115 10290 10398 2155 10396 10399 
4075 9992 9993 2117 2116 10293 10400 2156 10398 10401 
4076 9993 9994 2118 2117 10296 10402 2157 10400 10403 
4077 9994 9995 2119 2118 10299 10404 2158 10402 10405 
4078 9995 9996 2120 2119 10302 10406 2159 10404 10407 
4079 9996 9997 2121 2120 10305 10408 2160 10406 10409 
4080 9997 9998 2122 2121 10308 10410 2161 10408 10411 
4081 9998 9999 2123 2122 10311 10412 2162 10410 10413 
4082 9999 10000 2124 2123 10314 10414 2163 10412 10415 
4083 10000 10001 2125 2124 10317 10416 2164 10414 10417 
4084 10001 10002 2126 2125 10320 10418 2165 10416 10419 
4085 10002 10003 2127 2126 10323 10420 2166 10418 10421 
4086 10003 10004 2128 2127 10326 10422 2167 10420 10423 
4087 10004 10005 2129 2128 10329 10424 2168 10422 10425 
4088 10005 10006 2130 2129 10332 10426 2169 10424 10427 
4089 10006 10007 2131 2130 10335 10428 2170 10426 10429 
4090 10007 10008 2132 2131 10338 10430 2171 10428 10431 
4091 10008 10009 2133 2132 10341 10432 2172 10430 10433 
4092 10009 10010 2134 2133 10344 10434 2173 10432 10435 
4093 10010 10011 2135 2134 10347 10436 2174 10434 10437 
4094 10011 10012 2136 2135 10350 10438 2175 10436 10439 
4095 10012 10013 2137 2136 10353 10440 2176 10438 10441 
4096 10013 10014 2138 2137 10356 10442 2177 10440 10443 
4097 10014 10015 2139 2138 10359 10444 2178 10442 10445 
4098 10015 10016 2140 2139 10362 10446 2179 10444 10447 
4099 10016 10017 2141 2140 10365 10448 2180 10446 10449 
4100 10017 10018 2142 2141 10368 10450 2181 10448 10451 
4101 10018 10019 2143 2142 10371 10452 2182 10450 10453 
4102 10019 10020 2144 2143 10374 10454 2183 10452 10455 
4103 10020 2187 101 2144 10376 2191 2184 10454 10456 
2 67 10 160
4104 59 2192 10457 644 2231 10574 10575 647 10576 
4105 2192 2193 10458 10457 2232 10577 10578 10574 10579 
4106 2193 2194 10459 10458 2233 10580 10581 10577 10582 
4107 2194 2195 10460 10459 2234 10583 10584 10580 10585 
4108 2195 2196 10461 10460 2235 10586 10587 10583 10588 
4109 2196 2197 10462 10461 2236 10589 10590 10586 10591 
4110 2197 2198 10463 10462 2237 10592 10593 10589 10594 
4111 2198 2199 10464 10463 2238 10595 10596 10592 10597 
4112 2199 2200 10465 10464 2239 10598 10599 10595 10600 
4113 2200 2201 10466 10465 2240 10601 10602 10598 10603 
4114 2201 2202 10467 10466 2241 10604 10605 10601 10606 
4115 2202 2203 10468 10467 2242 10607 10608 10604 10609 
4116 2203 2204 10469 10468 2243 10610 10611 10607 10612 
4117 2204 2205 10470 10469 2244 10613 10614 10610 10615 
4118 2205 2206 10471 10470 2245 10616 10617 10613 10618 
4119 2206 2207 10472 10471 2246 10619 10620 10616 10621 
4120 2207 2208 10473 10472 2247 10622 10623 10619 10624 
4121 2208 2209 10474 10473 2248 10625 10626 10622 10627 
4122 2209 2210 10475 10474 2249 10628 10629 10625 10630 
4123 2210 2211 10476 10475 2250 10631 10632 10628 10633 
4124 2211 2212 10477 10476 2251 10634 10635 10631 10636 
4125 2212 2213 10478 10477 2252 10637 10638 10634 10639 
4126 2213 2214 10479 10478 2253 10640 10641 10637 10642 
4127 2214 2215 10480 10479 2254 10643 10644 10640 10645 
4128 2215 2216 10481 10480 2255 10646 10647 10643 10648 
4129 2216 2217 10482 10481 2256 10649 10650 10646 10651 
4130 2217 2218 10483 10482 2257 10652 10653 10649 10654 
4131 2218 2219 10484 10483 2258 10655 10656 10652 10657 
4132 2219 2220 10485 10484 2259 10658 10659 10655 10660 
4133 2220 2221 10486 10485 2260 10661 10662 10658 10663 
4134 2221 2222 10487 10486 2261 10664 10665 10661 10666 
4135 2222 2223 10488 10487 2262 10667 10668 10664 10669 
4136 2223 2224 10489 10488 2263 10670 10671 10667 10672 
4137 2224 2225 10490 10489 2264 10673 10674 10670 10675 
4138 2225 2226 10491 10490 2265 10676 10677 10673 10678 
4139 2226 2227 10492 10491 2266 10679 10680 10676 10681 
4140 2227 2228 10493 10492 2267 10682 10683 10679 10684 
4141 2228 2229 10494 10493 2268 10685 10686 10682 10687 
4142 2229 2230 10495 10494 2269 10688 10689 10685 10690 
4143 2230 102 2271 10495 2270 2274 10691 10688 10692 
4144 644 10457 10496 645 10575 10693 10694 648 10695 
4145 10457 10458 10497 10496 10578 10696 10697 10693 10698 
4146 10458 10459 10498 10497 10581 10699 10700 10696 10701 
4147 10459 10460 10499 10498 10584 10702 10703 10699 10704 
4148 10460 10461 10500 10499 10587 10705 10706 10702 10707 
4149 10461 10462 10501 10500 10590 10708 10709 10705 10710 
4150 10462 10463 10502 10501 10593 10711 10712 10708 10713 
4151 10463 10464 10503 10502 10596 10714 10715 10711 10716 
4152 10464 10465 10504 10503 10599 10717 10718 10714 10719 
4153 10465 10466 10505 10504 10602 10720 10721 10717 10722 
4154 10466 10467 10506 10505 10605 10723 10724 10720 10725 
4155 10467 10468 10507 10506 10608 10726 10727 10723 10728 
4156 10468 10469 10508 10507 10611 10729 10730 10726 10731 
4157 10469 10470 10509 10508 10614 10732 10733 10729 10734 
4158 10470 10471 10510 10509 10617 10735 10736 10732 10737 
4159 10471 10472 10511 10510 10620 10738 10739 10735 10740 
4160 10472 10473 10512 10511 10623 10741 10742 10738 10743 
4161 10473 10474 10513 10512 10626 10744 10745 10741 10746 
4162 10474 10475 10514 10513 10629 10747 10748 10744 10749 
4163 10475 10476 10515 10514 10632 10750 10751 10747 10752 
4164 10476 10477 10516 10515 10635 10753 10754 10750 10755 
4165 10477 10478 10517 10516 10638 10756 10757 10753 10758 
4166 10478 10479 10518 10517 10641 10759 10760 10756 10761 
4167 10479 10480 10519 10518 10644 10762 10763 10759 10764 
4168 10480 10481 10520 10519 10647 10765 10766 10762 10767 
4169 10481 10482 10521 10520 10650 10768 10769 10765 10770 
4170 10482 10483 10522 10521 10653 10771 10772 10768 10773 
4171 10483 10484 10523 10522 10656 10774 10775 10771 10776 
4172 10484 10485 10524 10523 10659 10777 10778 10774 10779 
4173 10485 10486 10525 10524 10662 10780 10781 10777 10782 
4174 10486 10487 10526 10525 10665 10783 10784 10780 10785 
4175 10487 10488 10527 10526 10668 10786 10787 10783 10788 
4176 10488 10489 10528 10527 10671 10789 10790 10786 10791 
4177 10489 10490 10529 10528 10674 10792 10793 10789 10794 
4178 10490 10491 10530 10529 10677 10795 10796 10792 10797 
4179 10491 10492 10531 10530 10680 10798 10799 10795 10800 
4180 10492 10493 10532 10531 10683 10801 10802 10798 10803 
4181 10493 10494 10533 10532 10686 10804 10805 10801 10806 
4182 10494 10495 10534 10533 10689 10807 10808 10804 10809 
4183 10495 2271 2272 10534 10691 2275 10810 10807 10811 
4184 645 10496 10535 646 10694 10812 10813 649 10814 
4185 10496 10497 10536 10535 10697 10815 10816 10812 10817 
4186 10497 10498 10537 10536 10700 10818 10819 10815 10820 
4187 10498 10499 10538 10537 10703 10821 10822 10818 10823 
4188 10499 10500 10539 10538 10706 10824 10825 10821 10826 
4189 10500 10501 10540 10539 10709 10827 10828 10824 10829 
4190 10501 10502 10541 10540 10712 10830 10831 10827 10832 
4191 10502 10503 10542 10541 10715 10833 10834 10830 10835 
4192 10503 10504 10543 10542 10718 10836 10837 10833 10838 
4193 10504 10505 10544 10543 10721 10839 10840 10836 10841 
4194 10505 10506 10545 10544 10724 10842 10843 10839 10844 
4195 10506 10507 10546 10545 10727 10845 10846 10842 10847 
4196 10507 10508 10547 10546 10730 10848 10849 10845 10850 
4197 10508 10509 10548 10547 10733 10851 10852 10848 10853 
4198 10509 10510 10549 10548 10736 10854 10855 10851 10856 
4199 10510 10511 10550 10549 10739 10857 10858 10854 10859 
4200 10511 10512 10551 10550 10742 10860 10861 10857 10862 
4201 10512 10513 10552 10551 10745 10863 10864 10860 10865 
4202 10513 10514 10553 10552 10748 10866 10867 10863 10868 
4203 10514 10515 10554 10553 10751 10869 10870 10866 10871 
4204 10515 10516 10555 10554 10754 10872 10873 10869 10874 
4205 10516 10517 10556 10555 10757 10875 10876 10872 10877 
4206 10517 10518 10557 10556 10760 10878 10879 10875 10880 
4207 10518 10519 10558 10557 10763 10881 10882 10878 10883 
4208 10519 10520 10559 10558 10766 10884 10885 10881 10886 
4209 10520 10521 10560 10559 10769 10887 10888 10884 10889 
4210 10521 10522 10561 10560 10772 10890 10891 10887 10892 
4211 10522 10523 10562 10561 10775 10893 10894 10890 10895 
4212 10523 10524 10563 10562 10778 10896 10897 10893 10898 
4213 10524 10525 10564 10563 10781 10899 10900 10896 10901 
4214 10525 10526 10565 10564 10784 10902 10903 10899 10904 
4215 10526 10527 10566 10565 10787 10905 10906 10902 10907 
4216 10527 10528 10567 10566 10790 10908 10909 10905 10910 
4217 10528 10529 10568 10567 10793 10911 10912 10908 10913 
4218 10529 10530 10569 10568 10796 10914 10915 10911 10916 
4219 10530 10531 10570 10569 10799 10917 10918 10914 10919 
4220 10531 10532 10571 10570 10802 10920 10921 10917 10922 
4221 10532 10533 10572 10571 10805 10923 10924 10920 10925 
4222 10533 10534 10573 10572 10808 10926 10927 10923 10928 
4223 10534 2272 2273 10573 10810 2276 10929 10926 10930 
4224 646 10535 2027 57 10813 10931 2066 650 10932 
4225 10535 10536 2028 2027 10816 10933 2067 10931 10934 
4226 10536 10537 2029 2028 10819 10935 2068 10933 10936 
4227 10537 10538 2030 2029 10822 10937 2069 10935 10938 
4228 10538 10539 2031 2030 10825 10939 2070 10937 10940 
4229 10539 10540 2032 2031 10828 10941 2071 10939 10942 
4230 10540 10541 2033 2032 10831 10943 2072 10941 10944 
4231 10541 10542 2034 2033 10834 10945 2073 10943 10946 
4232 10542 10543 2035 2034 10837 10947 2074 10945 10948 
4233 10543 10544 2036 2035 10840 10949 2075 10947 10950 
4234 10544 10545 2037 2036 10843 10951 2076 10949 10952 
4235 10545 10546 2038 2037 10846 10953 2077 10951 10954 
4236 10546 10547 2039 2038 10849 10955 2078 10953 10956 
4237 10547 10548 2040 2039 10852 10957 2079 10955 10958 
4238 10548 10549 2041 2040 10855 10959 2080 10957 10960 
4239 10549 10550 2042 2041 10858 10961 2081 10959 10962 
4240 10550 10551 2043 2042 10861 10963 2082 10961 10964 
4241 10551 10552 2044 2043 10864 10965 2083 10963 10966 
4242 10552 10553 2045 2044 10867 10967 2084 10965 10968 
4243 10553 10554 2046 2045 10870 10969 2085 10967 10970 
4244 10554 10555 2047 2046 10873 10971 2086 10969 10972 
4245 10555 10556 2048 2047 10876 10973 2087 10971 10974 
4246 10556 10557 2049 2048 10879 10975 2088 10973 10976 
4247 10557 10558 2050 2049 10882 10977 2089 10975 10978 
4248 10558 10559 2051 2050 10885 10979 2090 10977 10980 
4249 10559 10560 2052 2051 10888 10981 2091 10979 10982 
4250 10560 10561 2053 2052 10891 10983 2092 10981 10984 
4251 10561 10562 2054 2053 10894 10985 2093 10983 10986 
4252 10562 10563 2055 2054 10897 10987 2094 10985 10988 
4253 10563 10564 2056 2055 10900 10989 2095 10987 10990 
4254 10564 10565 2057 2056 10903 10991 2096 10989 10992 
4255 10565 10566 2058 2057 10906 10993 2097 10991 10994 
4256 10566 10567 2059 2058 10909 10995 2098 10993 10996 
4257 10567 10568 2060 2059 10912 10997 2099 10995 10998 
4258 10568 10569 2061 2060 10915 10999 2100 10997 11000 
4259 10569 10570 2062 2061 10918 11001 2101 10999 11002 
4260 10570 10571 2063 2062 10921 11003 2102 11001 11004 
4261 10571 10572 2064 2063 10924 11005 2103 11003 11006 
4262 10572 10573 2065 2064 10927 11007 2104 11005 11008 
4263 10573 2273 100 2065 10929 2277 2105 11007 11009 
2 68 10 160
4264 53 2278 11010 543 2317 11127 11128 546 11129 
4265 2278 2279 11011 11010 2318 11130 11131 11127 11132 
4266 2279 2280 11012 11011 2319 11133 11134 11130 11135 
4267 2280 2281 11013 11012 2320 11136 11137 11133 11138 
4268 2281 2282 11014 11013 2321 11139 11140 11136 11141 
4269 2282 2283 11015 11014 2322 11142 11143 11139 11144 
4270 2283 2284 11016 11015 2323 11145 11146 11142 11147 
4271 2284 2285 11017 11016 2324 11148 11149 11145 11150 
4272 2285 2286 11018 11017 2325 11151 11152 11148 11153 
4273 2286 2287 11019 11018 2326 11154 11155 11151 11156 
4274 2287 2288 11020 11019 2327 11157 11158 11154 11159 
4275 2288 2289 11021 11020 2328 11160 11161 11157 11162 
4276 2289 2290 11022 11021 2329 11163 11164 11160 11165 
4277 2290 2291 11023 11022 2330 11166 11167 11163 11168 
4278 2291 2292 11024 11023 2331 11169 11170 11166 11171 
4279 2292 2293 11025 11024 2332 11172 11173 11169 11174 
4280 2293 2294 11026 11025 2333 11175 11176 11172 11177 
4281 2294 2295 11027 11026 2334 11178 11179 11175 11180 
4282 2295 2296 11028 11027 2335 11181 11182 11178 11183 
4283 2296 2297 11029 11028 2336 11184 11185 11181 11186 
4284 2297 2298 11030 11029 2337 11187 11188 11184 11189 
4285 2298 2299 11031 11030 2338 11190 11191 11187 11192 
4286 2299 2300 11032 11031 2339 11193 11194 11190 11195 
4287 2300 2301 11033 11032 2340 11196 11197 11193 11198 
4288 2301 2302 11034 11033 2341 11199 11200 11196 11201 
4289 2302 2303 11035 11034 2342 11202 11203 11199 11204 
4290 2303 2304 11036 11035 2343 11205 11206 11202 11207 
4291 2304 2305 11037 11036 2344 11208 11209 11205 11210 
4292 2305 2306 11038 11037 2345 11211 11212 11208 11213 
4293 2306 2307 11039 11038 2346 11214 11215 11211 11216 
4294 2307 2308 11040 11039 2347 11217 11218 11214 11219 
4295 2308 2309 11041 11040 2348 11220 11221 11217 11222 
4296 2309 2310 11042 11041 2349 11223 11224 11220 11225 
4297 2310 2311 11043 11042 2350 11226 11227 11223 11228 
4298 2311 2312 11044 11043 2351 11229 11230 11226 11231 
4299 2312 2313 11045 11044 2352 11232 11233 11229 11234 
4300 2313 2314 11046 11045 2353 11235 11236 11232 11237 
4301 2314 2315 11047 11046 2354 11238 11239 11235 11240 
4302 2315 2316 11048 11047 2355 11241 11242 11238 11243 
4303 2316 103 2436 11048 2356 2439 11244 11241 11245 
4304 543 11010 11049 544 11128 11246 11247 547 11248 
4305 11010 11011 11050 11049 11131 11249 11250 11246 11251 
4306 11011 11012 11051 11050 11134 11252 11253 11249 11254 
4307 11012 11013 11052 11051 11137 11255 11256 11252 11257 
4308 11013 11014 11053 11052 11140 11258 11259 11255 11260 
4309 11014 11015 11054 11053 11143 11261 11262 11258 11263 
4310 11015 11016 11055 11054 11146 11264 11265 11261 11266 
4311 11016 11017 11056 11055 11149 11267 11268 11264 11269 
4312 11017 11018 11057 11056 11152 11270 11271 11267 11272 
4313 11018 11019 11058 11057 11155 11273 11274 11270 11275 
4314 11019 11020 11059 11058 11158 11276 11277 11273 11278 
4315 11020 11021 11060 11059 11161 11279 11280 11276 11281 
4316 11021 11022 11061 11060 11164 11282 11283 11279 11284 
4317 11022 11023 11062 11061 11167 11285 11286 11282 11287 
4318 11023 11024 11063 11062 11170 11288 11289 11285 11290 
4319 11024 11025 11064 11063 11173 11291 11292 11288 11293 
4320 11025 11026 11065 11064 11176 11294 11295 11291 11296 
4321 11026 11027 11066 11065 11179 11297 11298 11294 11299 
4322 11027 11028 11067 11066 11182 11300 11301 11297 11302 
4323 11028 11029 11068 11067 11185 11303 11304 11300 11305 
4324 11029 11030 11069 11068 11188 11306 11307 11303 11308 
4325 11030 11031 11070 11069 11191 11309 11310 11306 11311 
4326 11031 11032 11071 11070 11194 11312 11313 11309 11314 
4327 11032 11033 11072 11071 11197 11315 11316 11312 11317 
4328 11033 11034 11073 11072 11200 11318 11319 11315 11320 
4329 11034 11035 11074 11073 11203 11321 11322 11318 11323 
4330 11035 11036 11075 11074 11206 11324 11325 11321 11326 
4331 11036 11037 11076 11075 11209 11327 11328 11324 11329 
4332 11037 11038 11077 11076 11212 11330 11331 11327 11332 
4333 11038 11039 11078 11077 11215 11333 11334 11330 11335 
4334 11039 11040 11079 11078 11218 11336 11337 11333 11338 
4335 11040 11041 11080 11079 11221 11339 11340 11336 11341 
4336 11041 11042 11081 11080 11224 11342 11343 11339 11344 
4337 11042 11043 11082 11081 11227 11345 11346 11342 11347 
4338 11043 11044 11083 11082 11230 11348 11349 11345 11350 
4339 11044 11045 11084 11083 11233 11351 11352 11348 11353 
4340 11045 11046 11085 11084 11236 11354 11355 11351 11356 
4341 11046 11047 11086 11085 11239 11357 11358 11354 11359 
4342 11047 11048 11087 11086 11242 11360 11361 11357 11362 
4343 11048 2436 2437 11087 11244 2440 11363 11360 11364 
4344 544 11049 11088 545 11247 11365 11366 548 11367 
4345 11049 11050 11089 11088 11250 11368 11369 11365 11370 
4346 11050 11051 11090 11089 11253 11371 11372 11368 11373 
4347 11051 11052 11091 11090 11256 11374 11375 11371 11376 
4348 11052 11053 11092 11091 11259 11377 11378 11374 11379 
4349 11053 11054 11093 11092 11262 11380 11381 11377 11382 
4350 11054 11055 11094 11093 11265 11383 11384 11380 11385 
4351 11055 11056 11095 11094 11268 11386 11387 11383 11388 
4352 11056 11057 11096 11095 11271 11389 11390 11386 11391 
4353 11057 11058 11097 11096 11274 11392 11393 11389 11394 
4354 11058 11059 11098 11097 11277 11395 11396 11392 11397 
4355 11059 11060 11099 11098 11280 11398 11399 11395 11400 
4356 11060 11061 11100 11099 11283 11401 11402 11398 11403 
4357 11061 11062 11101 11100 11286 11404 11405 11401 11406 
4358 11062 11063 11102 11101 11289 11407 11408 11404 11409 
4359 11063 11064 11103 11102 11292 11410 11411 11407 11412 
4360 11064 11065 11104 11103 11295 11413 11414 11410 11415 
4361 11065 11066 11105 11104 11298 11416 11417 11413 11418 
4362 11066 11067 11106 11105 11301 11419 11420 11416 11421 
4363 11067 11068 11107 11106 11304 11422 11423 11419 11424 
4364 11068 11069 11108 11107 11307 11425 11426 11422 11427 
4365 11069 11070 11109 11108 11310 11428 11429 11425 11430 
4366 11070 11071 11110 11109 11313 11431 11432 11428 11433 
4367 11071 11072 11111 11110 11316 11434 11435 11431 11436 
4368 11072 11073 11112 11111 11319 11437 11438 11434 11439 
4369 11073 11074 11113 11112 11322 11440 11441 11437 11442 
4370 11074 11075 11114 11113 11325 11443 11444 11440 11445 
4371 11075 11076 11115 11114 11328 11446 11447 11443 11448 
4372 11076 11077 11116 11115 11331 11449 11450 11446 11451 
4373 11077 11078 11117 11116 11334 11452 11453 11449 11454 
4374 11078 11079 11118 11117 11337 11455 11456 11452 11457 
4375 11079 11080 11119 11118 11340 11458 11459 11455 11460 
4376 11080 11081 11120 11119 11343 11461 11462 11458 11463 
4377 11081 11082 11121 11120 11346 11464 11465 11461 11466 
4378 11082 11083 11122 11121 11349 11467 11468 11464 11469 
4379 11083 11084 11123 11122 11352 11470 11471 11467 11472 
4380 11084 11085 11124 11123 11355 11473 11474 11470 11475 
4381 11085 11086 11125 11124 11358 11476 11477 11473 11478 
4382 11086 11087 11126 11125 11361 11479 11480 11476 11481 
4383 11087 2437 2438 11126 11363 2441 11482 11479 11483 
4384 545 11088 2357 51 11366 11484 2396 549 11485 
4385 11088 11089 2358 2357 11369 11486 2397 11484 11487 
4386 11089 11090 2359 2358 11372 11488 2398 11486 11489 
4387 11090 11091 2360 2359 11375 11490 2399 11488 11491 
4388 11091 11092 2361 2360 11378 11492 2400 11490 11493 
4389 11092 11093 2362 2361 11381 11494 2401 11492 11495 
4390 11093 11094 2363 2362 11384 11496 2402 11494 11497 
4391 11094 11095 2364 2363 11387 11498 2403 11496 11499 
4392 11095 11096 2365 2364 11390 11500 2404 11498 11501 
4393 11096 11097 2366 2365 11393 11502 2405 11500 11503 
4394 11097 11098 2367 2366 11396 11504 2406 11502 11505 
4395 11098 11099 2368 2367 11399 11506 2407 11504 11507 
4396 11099 11100 2369 2368 11402 11508 2408 11506 11509 
4397 11100 11101 2370 2369 11405 11510 2409 11508 11511 
4398 11101 11102 2371 2370 11408 11512 2410 11510 11513 
4399 11102 11103 2372 2371 11411 11514 2411 11512 11515 
4400 11103 11104 2373 2372 11414 11516 2412 11514 11517 
4401 11104 11105 2374 2373 11417 11518 2413 11516 11519 
4402 11105 11106 2375 2374 11420 11520 2414 11518 11521 
4403 11106 11107 2376 2375 11423 11522 2415 11520 11523 
4404 11107 11108 2377 2376 11426 11524 2416 11522 11525 
4405 11108 11109 2378 2377 11429 11526 2417 11524 11527 
4406 11109 11110 2379 2378 11432 11528 2418 11526 11529 
4407 11110 11111 2380 2379 11435 11530 2419 11528 11531 
4408 11111 11112 2381 2380 11438 11532 2420 11530 11533 
4409 11112 11113 2382 2381 11441 11534 2421 11532 11535 
4410 11113 11114 2383 2382 11444 11536 2422 11534 11537 
4411 11114 11115 2384 2383 11447 11538 2423 11536 11539 
4412 11115 11116 2385 2384 11450 11540 2424 11538 11541 
4413 11116 11117 2386 2385 11453 11542 2425 11540 11543 
4414 11117 11118 2387 2386 11456 11544 2426 11542 11545 
4415 11118 11119 2388 2387 11459 11546 2427 11544 11547 
4416 11119 11120 2389 2388 11462 11548 2428 11546 11549 
4417 11120 11121 2390 2389 11465 11550 2429 11548 11551 
4418 11121 11122 2391 2390 11468 11552 2430 11550 11553 
4419 11122 11123 2392 2391 11471 11554 2431 11552 11555 
4420 11123 11124 2393 2392 11474 11556 2432 11554 11557 
4421 11124 11125 2394 2393 11477 11558 2433 11556 11559 
4422 11125 11126 2395 2394 11480 11560 2434 11558 11561 
4423 11126 2438 104 2395 11482 2442 2435 11560 11562 
2 69 10 45
4424 52 2443 11563 1058 2447 11595 11596 1066 11597 
4425 2443 2444 11564 11563 2448 11598 11599 11595 11600 
4426 2444 2445 11565 11564 2449 11601 11602 11598 11603 
4427 2445 2446 11566 11565 2450 11604 11605 11601 11606 
4428 2446 105 2461 11566 2451 2469 11607 11604 11608 
4429 1058 11563 11567 1059 11596 11609 11610 1067 11611 
4430 11563 11564 11568 11567 11599 11612 11613 11609 11614 
4431 11564 11565 11569 11568 11602 11615 11616 11612 11617 
4432 11565 11566 11570 11569 11605 11618 11619 11615 11620 
4433 11566 2461 2462 11570 11607 2470 11621 11618 11622 
4434 1059 11567 11571 1060 11610 11623 11624 1068 11625 
4435 11567 11568 11572 11571 11613 11626 11627 11623 11628 
4436 11568 11569 11573 11572 11616 11629 11630 11626 11631 
4437 11569 11570 11574 11573 11619 11632 11633 11629 11634 
4438 11570 2462 2463 11574 11621 2471 11635 11632 11636 
4439 1060 11571 11575 1061 11624 11637 11638 1069 11639 
4440 11571 11572 11576 11575 11627 11640 11641 11637 11642 
4441 11572 11573 11577 11576 11630 11643 11644 11640 11645 
4442 11573 11574 11578 11577 11633 11646 11647 11643 11648 
4443 11574 2463 2464 11578 11635 2472 11649 11646 11650 
4444 1061 11575 11579 1062 11638 11651 11652 1070 11653 
4445 11575 11576 11580 11579 11641 11654 11655 11651 11656 
4446 11576 11577 11581 11580 11644 11657 11658 11654 11659 
4447 11577 11578 11582 11581 11647 11660 11661 11657 11662 
4448 11578 2464 2465 11582 11649 2473 11663 11660 11664 
4449 1062 11579 11583 1063 11652 11665 11666 1071 11667 
4450 11579 11580 11584 11583 11655 11668 11669 11665 11670 
4451 11580 11581 11585 11584 11658 11671 11672 11668 11673 
4452 11581 11582 11586 11585 11661 11674 11675 11671 11676 
4453 11582 2465 2466 11586 11663 2474 11677 11674 11678 
4454 1063 11583 11587 1064 11666 11679 11680 1072 11681 
4455 11583 11584 11588 11587 11669 11682 11683 11679 11684 
4456 11584 11585 11589 11588 11672 11685 11686 11682 11687 
4457 11585 11586 11590 11589 11675 11688 11689 11685 11690 
4458 11586 2466 2467 11590 11677 2475 11691 11688 11692 
4459 1064 11587 11591 1065 11680 11693 11694 1073 11695 
4460 11587 11588 11592 11591 11683 11696 11697 11693 11698 
4461 11588 11589 11593 11592 11686 11699 11700 11696 11701 
4462 11589 11590 11594 11593 11689 11702 11703 11699 11704 
4463 11590 2467 2468 11594 11691 2476 11705 11702 11706 
4464 1065 11591 2452 53 11694 11707 2456 1074 11708 
4465 11591 11592 2453 2452 11697 11709 2457 11707 11710 
4466 11592 11593 2454 2453 11700 11711 2458 11709 11712 
4467 11593 11594 2455 2454 11703 11713 2459 11711 11714 
4468 11594 2468 106 2455 11705 2477 2460 11713 11715 
2 70 10 20
4469 64 2478 11716 768 2482 11728 11729 771 11730 
4470 2478 2479 11717 11716 2483 11731 11732 11728 11733 
4471 2479 2480 11718 11717 2484 11734 11735 11731 11736 
4472 2480 2481 11719 11718 2485 11737 11738 11734 11739 
4473 2481 107 2496 11719 2486 2499 11740 11737 11741 
4474 768 11716 11720 769 11729 11742 11743 772 11744 
4475 11716 11717 11721 11720 11732 11745 11746 11742 11747 
4476 11717 11718 11722 11721 11735 11748 11749 11745 11750 
4477 11718 11719 11723 11722 11738 11751 11752 11748 11753 
4478 11719 2496 2497 11723 11740 2500 11754 11751 11755 
4479 769 11720 11724 770 11743 11756 11757 773 11758 
4480 11720 11721 11725 11724 11746 11759 11760 11756 11761 
4481 11721 11722 11726 11725 11749 11762 11763 11759 11764 
4482 11722 11723 11727 11726 11752 11765 11766 11762 11767 
4483 11723 2497 2498 11727 11754 2501 11768 11765 11769 
4484 770 11724 2487 65 11757 11770 2491 774 11771 
4485 11724 11725 2488 2487 11760 11772 2492 11770 11773 
4486 11725 11726 2489 2488 11763 11774 2493 11772 11775 
4487 11726 11727 2490 2489 11766 11776 2494 11774 11777 
4488 11727 2498 108 2490 11768 2502 2495 11776 11778 
2 71 10 20
4489 63 2503 11779 752 2507 11791 11792 755 11793 
4490 2503 2504 11780 11779 2508 11794 11795 11791 11796 
4491 2504 2505 11781 11780 2509 11797 11798 11794 11799 
4492 2505 2506 11782 11781 2510 11800 11801 11797 11802 
4493 2506 109 2512 11782 2511 2515 11803 11800 11804 
4494 752 11779 11783 753 11792 11805 11806 756 11807 
4495 11779 11780 11784 11783 11795 11808 11809 11805 11810 
4496 11780 11781 11785 11784 11798 11811 11812 11808 11813 
4497 11781 11782 11786 11785 11801 11814 11815 11811 11816 
4498 11782 2512 2513 11786 11803 2516 11817 11814 11818 
4499 753 11783 11787 754 11806 11819 11820 757 11821 
4500 11783 11784 11788 11787 11809 11822 11823 11819 11824 
4501 11784 11785 11789 11788 11812 11825 11826 11822 11827 
4502 11785 11786 11790 11789 11815 11828 11829 11825 11830 
4503 11786 2513 2514 11790 11817 2517 11831 11828 11832 
4504 754 11787 2478 64 11820 11833 2482 758 11834 
4505 11787 11788 2479 2478 11823 11835 2483 11833 11836 
4506 11788 11789 2480 2479 11826 11837 2484 11835 11838 
4507 11789 11790 2481 2480 11829 11839 2485 11837 11840 
4508 11790 2514 107 2481 11831 2518 2486 11839 11841 
2 72 9 21
4509 11849 11870 1082 11916 11917 11918 
4510 1089 11871 11848 11919 11920 11921 
4511 973 11914 11872 11922 11923 11924 
4512 11873 11915 1016 11925 11926 11927 
4513 530 11882 531 11928 11929 539 
4514 528 11883 529 11930 11931 537 
4515 11843 11902 11844 11932 11933 11934 
4516 11846 11903 11842 11935 11936 11937 
4517 11870 11890 11852 11938 11939 11940 
4518 11853 11891 11871 11941 11942 11943 
4519 992 11888 82 11944 11945 998 
4520 11856 11882 1027 11946 11947 11948 
4521 1029 11883 11857 11949 11950 11951 
4522 1085 11893 11862 11952 11953 11954 
4523 11868 11913 11854 11955 11956 11957 
4524 11859 11909 11905 11958 11959 11960 
4525 11904 11908 11858 11961 11962 11963 
4526 11861 11913 11889 11964 11965 11966 
4527 11887 11896 1084 11967 11968 11969 
4528 1087 11897 11885 11970 11971 11972 
4529 529 84 530 11973 11974 538 
2 72 10 88
4530 11869 11912 11888 992 11975 11976 11944 11977 11978 
4531 11867 11900 11856 1027 11979 11980 11948 11981 11982 
4532 11857 11901 11866 1029 11983 11984 11985 11951 11986 
4533 11884 11855 11895 11863 11987 11988 11989 11990 11991 
4534 11847 11881 11846 11897 11992 11993 11994 11995 11996 
4535 11844 11880 11845 11896 11997 11998 11999 12000 12001 
4536 11873 1016 1017 11911 11927 1023 12002 12003 12004 
4537 972 973 11872 11910 979 11924 12005 12006 12007 
4538 11882 11856 11907 531 11946 12008 12009 11929 12010 
4539 11906 11857 11883 528 12011 11950 11930 12012 12013 
4540 11892 11868 11854 11886 12014 11957 12015 12016 12017 
4541 11893 11894 994 995 12018 12019 1001 12020 12021 
4542 11870 11852 527 526 11940 12022 535 12023 12024 
4543 526 37 1082 11870 534 1090 11917 12023 12025 
4544 1089 36 533 11871 1098 542 12026 11919 12027 
4545 532 11853 11871 533 12028 11943 12026 541 12029 
4546 11850 11878 11842 11903 12030 12031 11936 12032 12033 
4547 11874 971 972 11910 12034 978 12006 12035 12036 
4548 1017 1018 11875 11911 1024 12037 12038 12002 12039 
4549 11843 11876 11851 11902 12040 12041 12042 11932 12043 
4550 11890 11904 11858 11852 12044 11963 12045 11939 12046 
4551 11859 11905 11891 11853 11960 12047 11941 12048 12049 
4552 11889 11913 11868 997 11965 11955 12050 12051 12052 
4553 11878 11850 11879 11860 12030 12053 12054 12055 12056 
4554 11880 11914 11899 11865 12057 12058 12059 12060 12061 
4555 11898 11915 11881 11864 12062 12063 12064 12065 12066 
4556 1086 1087 11885 11863 1095 11972 12067 12068 12069 
4557 11866 11851 11877 1029 12070 12071 12072 11985 12073 
4558 11879 11850 11867 1027 12053 12074 11981 12075 12076 
4559 11859 11853 11907 11856 12048 12077 12008 12078 12079 
4560 11906 11852 11858 11857 12080 12045 12081 12011 12082 
4561 11846 11842 11885 11897 11937 12083 11971 11994 12084 
4562 11892 11893 995 996 12085 12020 1002 12086 12087 
4563 11887 11843 11844 11896 12088 11934 12000 11967 12089 
4564 11877 11851 11876 11861 12071 12041 12090 12091 12092 
4565 11842 11878 11855 11884 12031 12093 11987 12094 12095 
4566 11845 11880 11865 11849 11998 12060 12096 12097 12098 
4567 11864 11881 11847 11848 12064 11992 12099 12100 12101 
4568 11899 974 975 11904 12102 981 12103 12104 12105 
4569 1014 1015 11898 11905 1021 12106 12107 12108 12109 
4570 11887 1084 1085 11862 11969 1093 11954 12110 12111 
4571 84 529 11883 1029 11973 11931 11949 1033 12112 
4572 11882 530 84 1027 11928 11974 1030 11947 12113 
4573 11854 11876 11843 11886 12114 12040 12115 12015 12116 
4574 11872 11844 11902 11910 12117 11933 12118 12005 12119 
4575 11902 11851 11874 11910 12042 12120 12035 12118 12121 
4576 11875 11850 11903 11911 12122 12032 12123 12038 12124 
4577 11890 11870 11849 11865 11938 11916 12096 12125 12126 
4578 11848 11871 11891 11864 11920 11942 12127 12100 12128 
4579 11903 11846 11873 11911 11935 12129 12003 12123 12130 
4580 11904 11890 11865 11899 12044 12125 12059 12104 12131 
4581 11864 11891 11905 11898 12127 12047 12107 12065 12132 
4582 994 11894 11895 993 12019 12133 12134 1000 12135 
4583 11858 11908 11901 11857 11962 12136 11983 12081 12137 
4584 11900 11909 11859 11856 12138 11958 12078 11980 12139 
4585 996 997 11868 11892 1003 12050 12014 12086 12140 
4586 11869 992 993 11895 11977 999 12134 12141 12142 
4587 11892 11886 11862 11893 12016 12143 11953 12085 12144 
4588 11909 83 1014 11905 12145 1020 12108 11959 12146 
4589 975 81 11908 11904 982 12147 11961 12103 12148 
4590 11894 1086 11863 11895 12149 12068 11989 12133 12150 
4591 11889 11888 1028 11861 12151 12152 12153 11966 12154 
4592 11907 11853 532 531 12077 12028 540 12009 12155 
4593 527 11852 11906 528 12022 12080 12012 536 12156 
4594 11881 11915 11873 11846 12063 11925 12129 11993 12157 
4595 11872 11914 11880 11844 11923 12057 11997 12117 12158 
4596 974 11899 11914 973 12102 12058 11922 980 12159 
4597 11915 11898 1015 1016 12062 12106 1022 11926 12160 
4598 1083 11845 11849 1082 12161 12097 11918 1091 12162 
4599 11848 11847 1088 1089 12099 12163 1097 11921 12164 
4600 11860 1028 11888 11912 12165 12152 11976 12166 12167 
4601 11912 11855 11878 11860 12168 12093 12055 12166 12169 
4602 1085 1086 11894 11893 1094 12149 12018 11952 12170 
4603 11876 11854 11913 11861 12114 11956 11964 12090 12171 
4604 11869 11895 11855 11912 12141 11988 12168 11975 12172 
4605 11867 11850 11875 1018 12074 12122 12037 12173 12174 
4606 11874 11851 11866 971 12120 12070 12175 12034 12176 
4607 1028 11860 11879 1027 12165 12054 12075 1031 12177 
4608 11877 11861 1028 1029 12091 12153 1032 12072 12178 
4609 11901 11908 81 970 12136 12147 976 12179 12180 
4610 83 11909 11900 1019 12145 12138 12181 1026 12182 
4611 1083 1084 11896 11845 1092 11968 11999 12161 12183 
4612 82 11888 11889 997 11945 12151 12051 1004 12184 
4613 11897 1087 1088 11847 11970 1096 12163 11995 12185 
4614 11886 11843 11887 11862 12115 12088 12110 12143 12186 
4615 1019 11900 11867 1018 12181 11979 12173 1025 12187 
4616 11866 11901 970 971 11984 12179 977 12175 12188 
4617 11885 11842 11884 11863 12083 12094 11990 12067 12189 
2 73 9 2
4618 73 12211 12214 12235 12236 12237 
4619 12211 73 74 12235 899 12238 
2 73 10 66
4620 1038 1039 12230 564 1047 12239 12240 12241 12242 
4621 557 12192 12222 558 12243 12244 12245 561 12246 
4622 566 565 12223 12193 569 12247 12248 12249 12250 
4623 12194 12217 1041 12220 12251 12252 12253 12254 12255 
4624 12196 12221 1034 12216 12256 12257 12258 12259 12260 
4625 12224 12210 12211 74 12261 12262 12238 12263 12264 
4626 73 12214 12213 76 12237 12265 12266 920 12267 
4627 72 12208 12217 71 12268 12269 12270 879 12271 
4628 1063 1064 12204 12203 1072 12272 12273 12274 12275 
4629 1060 12202 12205 1059 12276 12277 12278 1068 12279 
4630 12207 69 12203 12204 12280 12281 12273 12282 12283 
4631 12206 12205 12202 78 12284 12277 12285 12286 12287 
4632 79 12209 12218 80 12288 12289 12290 959 12291 
4633 12224 12229 85 12199 12292 12293 12294 12295 12296 
4634 12198 12213 12190 12220 12297 12298 12299 12300 12301 
4635 1036 559 12201 12231 12302 12303 12304 12305 12306 
4636 85 12198 12220 1041 12307 12300 12253 1050 12308 
4637 85 1034 12221 12199 1042 12257 12309 12294 12310 
4638 12204 12226 566 12193 12311 12312 12249 12313 12314 
4639 12205 12192 557 12227 12315 12243 12316 12317 12318 
4640 1064 1065 12226 12204 1073 12319 12311 12272 12320 
4641 1059 12205 12227 1058 12278 12317 12321 1067 12322 
4642 78 12202 12232 77 12285 12323 12324 939 12325 
4643 69 70 12233 12203 859 12326 12327 12281 12328 
4644 12191 12197 1060 12212 12329 12330 12331 12332 12333 
4645 12190 12215 1063 12195 12334 12335 12336 12337 12338 
4646 12221 12210 12224 12199 12339 12261 12295 12309 12340 
4647 76 12213 12198 12225 12266 12297 12341 12342 12343 
4648 72 12219 12230 12208 12344 12345 12346 12268 12347 
4649 12209 79 12196 12216 12288 12348 12259 12349 12350 
4650 1065 53 566 12226 1074 570 12312 12319 12351 
4651 1058 12227 557 52 12321 12316 560 1066 12352 
4652 12190 12213 12214 12215 12298 12265 12353 12334 12354 
4653 12191 12212 12211 12210 12332 12355 12262 12356 12357 
4654 12208 12230 1039 1040 12346 12239 1048 12358 12359 
4655 12209 1035 1036 12231 12360 1044 12305 12361 12362 
4656 559 558 12222 12201 562 12245 12363 12303 12364 
4657 564 12200 12223 565 12365 12366 12247 568 12367 
4658 1041 12217 12208 1040 12252 12269 12358 1049 12368 
4659 1034 1035 12209 12216 1043 12360 12349 12258 12369 
4660 12194 12220 12190 12228 12254 12299 12370 12371 12372 
4661 12210 12221 12234 12191 12339 12373 12374 12356 12375 
4662 12229 12224 74 75 12292 12263 909 12376 12377 
4663 12209 12231 12201 12218 12361 12304 12378 12289 12379 
4664 564 12230 12219 12200 12240 12345 12380 12365 12381 
4665 71 12217 12194 12228 12270 12251 12371 12382 12383 
4666 12205 12206 12222 12192 12284 12384 12244 12315 12385 
4667 12204 12193 12223 12207 12313 12248 12386 12282 12387 
4668 85 12229 12225 12198 12293 12388 12341 12307 12389 
4669 76 12225 12229 75 12342 12388 12376 919 12390 
4670 1060 1061 12211 12212 1069 12391 12355 12331 12392 
4671 1063 12215 12214 1062 12335 12353 12393 1071 12394 
4672 79 77 12232 12196 949 12324 12395 12348 12396 
4673 71 12228 12233 70 12382 12397 12326 869 12398 
4674 12206 12218 12201 12222 12399 12378 12363 12384 12400 
4675 12207 12223 12200 12219 12386 12366 12380 12401 12402 
4676 12221 12196 12232 12234 12256 12395 12403 12373 12404 
4677 12190 12195 12233 12228 12337 12405 12397 12370 12406 
4678 12191 12234 12232 12197 12374 12403 12407 12329 12408 
4679 1036 1037 50 559 1045 12409 563 12302 12410 
4680 1037 1038 564 50 1046 12241 567 12409 12411 
4681 12219 72 69 12207 12344 880 12280 12401 12412 
4682 12218 12206 78 80 12399 12286 960 12290 12413 
4683 12232 12202 1060 12197 12323 12276 12330 12407 12414 
4684 1062 12214 12211 1061 12393 12236 12391 1070 12415 
4685 12233 12195 1063 12203 12405 12336 12274 12327 12416 
2 74 10 45
4686 85 2587 12417 1034 2591 12449 12450 1042 12451 
4687 2587 2588 12418 12417 2592 12452 12453 12449 12454 
4688 2588 2589 12419 12418 2593 12455 12456 12452 12457 
4689 2589 2590 12420 12419 2594 12458 12459 12455 12460 
4690 2590 117 2596 12420 2595 2604 12461 12458 12462 
4691 1034 12417 12421 1035 12450 12463 12464 1043 12465 
4692 12417 12418 12422 12421 12453 12466 12467 12463 12468 
4693 12418 12419 12423 12422 12456 12469 12470 12466 12471 
4694 12419 12420 12424 12423 12459 12472 12473 12469 12474 
4695 12420 2596 2597 12424 12461 2605 12475 12472 12476 
4696 1035 12421 12425 1036 12464 12477 12478 1044 12479 
4697 12421 12422 12426 12425 12467 12480 12481 12477 12482 
4698 12422 12423 12427 12426 12470 12483 12484 12480 12485 
4699 12423 12424 12428 12427 12473 12486 12487 12483 12488 
4700 12424 2597 2598 12428 12475 2606 12489 12486 12490 
4701 1036 12425 12429 1037 12478 12491 12492 1045 12493 
4702 12425 12426 12430 12429 12481 12494 12495 12491 12496 
4703 12426 12427 12431 12430 12484 12497 12498 12494 12499 
4704 12427 12428 12432 12431 12487 12500 12501 12497 12502 
4705 12428 2598 2599 12432 12489 2607 12503 12500 12504 
4706 1037 12429 12433 1038 12492 12505 12506 1046 12507 
4707 12429 12430 12434 12433 12495 12508 12509 12505 12510 
4708 12430 12431 12435 12434 12498 12511 12512 12508 12513 
4709 12431 12432 12436 12435 12501 12514 12515 12511 12516 
4710 12432 2599 2600 12436 12503 2608 12517 12514 12518 
4711 1038 12433 12437 1039 12506 12519 12520 1047 12521 
4712 12433 12434 12438 12437 12509 12522 12523 12519 12524 
4713 12434 12435 12439 12438 12512 12525 12526 12522 12527 
4714 12435 12436 12440 12439 12515 12528 12529 12525 12530 
4715 12436 2600 2601 12440 12517 2609 12531 12528 12532 
4716 1039 12437 12441 1040 12520 12533 12534 1048 12535 
4717 12437 12438 12442 12441 12523 12536 12537 12533 12538 
4718 12438 12439 12443 12442 12526 12539 12540 12536 12541 
4719 12439 12440 12444 12443 12529 12542 12543 12539 12544 
4720 12440 2601 2602 12444 12531 2610 12545 12542 12546 
4721 1040 12441 12445 1041 12534 12547 12548 1049 12549 
4722 12441 12442 12446 12445 12537 12550 12551 12547 12552 
4723 12442 12443 12447 12446 12540 12553 12554 12550 12555 
4724 12443 12444 12448 12447 12543 12556 12557 12553 12558 
4725 12444 2602 2603 12448 12545 2611 12559 12556 12560 
4726 1041 12445 2587 85 12548 12561 2591 1050 12562 
4727 12445 12446 2588 2587 12551 12563 2592 12561 12564 
4728 12446 12447 2589 2588 12554 12565 2593 12563 12566 
4729 12447 12448 2590 2589 12557 12567 2594 12565 12568 
4730 12448 2603 117 2590 12559 2612 2595 12567 12569 
2 75 10 20
4731 84 2613 12570 1027 2617 12582 12583 1030 12584 
4732 2613 2614 12571 12570 2618 12585 12586 12582 12587 
4733 2614 2615 12572 12571 2619 12588 12589 12585 12590 
4734 2615 2616 12573 12572 2620 12591 12592 12588 12593 
4735 2616 118 2622 12573 2621 2625 12594 12591 12595 
4736 1027 12570 12574 1028 12583 12596 12597 1031 12598 
4737 12570 12571 12575 12574 12586 12599 12600 12596 12601 
4738 12571 12572 12576 12575 12589 12602 12603 12599 12604 
4739 12572 12573 12577 12576 12592 12605 12606 12602 12607 
4740 12573 2622 2623 12577 12594 2626 12608 12605 12609 
4741 1028 12574 12578 1029 12597 12610 12611 1032 12612 
4742 12574 12575 12579 12578 12600 12613 12614 12610 12615 
4743 12575 12576 12580 12579 12603 12616 12617 12613 12618 
4744 12576 12577 12581 12580 12606 12619 12620 12616 12621 
4745 12577 2623 2624 12581 12608 2627 12622 12619 12623 
4746 1029 12578 2613 84 12611 12624 2617 1033 12625 
4747 12578 12579 2614 2613 12614 12626 2618 12624 12627 
4748 12579 12580 2615 2614 12617 12628 2619 12626 12629 
4749 12580 12581 2616 2615 12620 12630 2620 12628 12631 
4750 12581 2624 118 2616 12622 2628 2621 12630 12632 
2 76 10 35
4751 83 2629 12633 1014 2633 12657 12658 1020 12659 
4752 2629 2630 12634 12633 2634 12660 12661 12657 12662 
4753 2630 2631 12635 12634 2635 12663 12664 12660 12665 
4754 2631 2632 12636 12635 2636 12666 12667 12663 12668 
4755 2632 119 2638 12636 2637 2644 12669 12666 12670 
4756 1014 12633 12637 1015 12658 12671 12672 1021 12673 
4757 12633 12634 12638 12637 12661 12674 12675 12671 12676 
4758 12634 12635 12639 12638 12664 12677 12678 12674 12679 
4759 12635 12636 12640 12639 12667 12680 12681 12677 12682 
4760 12636 2638 2639 12640 12669 2645 12683 12680 12684 
4761 1015 12637 12641 1016 12672 12685 12686 1022 12687 
4762 12637 12638 12642 12641 12675 12688 12689 12685 12690 
4763 12638 12639 12643 12642 12678 12691 12692 12688 12693 
4764 12639 12640 12644 12643 12681 12694 12695 12691 12696 
4765 12640 2639 2640 12644 12683 2646 12697 12694 12698 
4766 1016 12641 12645 1017 12686 12699 12700 1023 12701 
4767 12641 12642 12646 12645 12689 12702 12703 12699 12704 
4768 12642 12643 12647 12646 12692 12705 12706 12702 12707 
4769 12643 12644 12648 12647 12695 12708 12709 12705 12710 
4770 12644 2640 2641 12648 12697 2647 12711 12708 12712 
4771 1017 12645 12649 1018 12700 12713 12714 1024 12715 
4772 12645 12646 12650 12649 12703 12716 12717 12713 12718 
4773 12646 12647 12651 12650 12706 12719 12720 12716 12721 
4774 12647 12648 12652 12651 12709 12722 12723 12719 12724 
4775 12648 2641 2642 12652 12711 2648 12725 12722 12726 
4776 1018 12649 12653 1019 12714 12727 12728 1025 12729 
4777 12649 12650 12654 12653 12717 12730 12731 12727 12732 
4778 12650 12651 12655 12654 12720 12733 12734 12730 12735 
4779 12651 12652 12656 12655 12723 12736 12737 12733 12738 
4780 12652 2642 2643 12656 12725 2649 12739 12736 12740 
4781 1019 12653 2629 83 12728 12741 2633 1026 12742 
4782 12653 12654 2630 2629 12731 12743 2634 12741 12744 
4783 12654 12655 2631 2630 12734 12745 2635 12743 12746 
4784 12655 12656 2632 2631 12737 12747 2636 12745 12748 
4785 12656 2643 119 2632 12739 2650 2637 12747 12749 
2 77 10 35
4786 82 2651 12750 992 2655 12774 12775 998 12776 
4787 2651 2652 12751 12750 2656 12777 12778 12774 12779 
4788 2652 2653 12752 12751 2657 12780 12781 12777 12782 
4789 2653 2654 12753 12752 2658 12783 12784 12780 12785 
4790 2654 120 2660 12753 2659 2666 12786 12783 12787 
4791 992 12750 12754 993 12775 12788 12789 999 12790 
4792 12750 12751 12755 12754 12778 12791 12792 12788 12793 
4793 12751 12752 12756 12755 12781 12794 12795 12791 12796 
4794 12752 12753 12757 12756 12784 12797 12798 12794 12799 
4795 12753 2660 2661 12757 12786 2667 12800 12797 12801 
4796 993 12754 12758 994 12789 12802 12803 1000 12804 
4797 12754 12755 12759 12758 12792 12805 12806 12802 12807 
4798 12755 12756 12760 12759 12795 12808 12809 12805 12810 
4799 12756 12757 12761 12760 12798 12811 12812 12808 12813 
4800 12757 2661 2662 12761 12800 2668 12814 12811 12815 
4801 994 12758 12762 995 12803 12816 12817 1001 12818 
4802 12758 12759 12763 12762 12806 12819 12820 12816 12821 
4803 12759 12760 12764 12763 12809 12822 12823 12819 12824 
4804 12760 12761 12765 12764 12812 12825 12826 12822 12827 
4805 12761 2662 2663 12765 12814 2669 12828 12825 12829 
4806 995 12762 12766 996 12817 12830 12831 1002 12832 
4807 12762 12763 12767 12766 12820 12833 12834 12830 12835 
4808 12763 12764 12768 12767 12823 12836 12837 12833 12838 
4809 12764 12765 12769 12768 12826 12839 12840 12836 12841 
4810 12765 2663 2664 12769 12828 2670 12842 12839 12843 
4811 996 12766 12770 997 12831 12844 12845 1003 12846 
4812 12766 12767 12771 12770 12834 12847 12848 12844 12849 
4813 12767 12768 12772 12771 12837 12850 12851 12847 12852 
4814 12768 12769 12773 12772 12840 12853 12854 12850 12855 
4815 12769 2664 2665 12773 12842 2671 12856 12853 12857 
4816 997 12770 2651 82 12845 12858 2655 1004 12859 
4817 12770 12771 2652 2651 12848 12860 2656 12858 12861 
4818 12771 12772 2653 2652 12851 12862 2657 12860 12863 
4819 12772 12773 2654 2653 12854 12864 2658 12862 12865 
4820 12773 2665 120 2654 12856 2672 2659 12864 12866 
2 78 10 35
4821 81 2673 12867 970 2677 12891 12892 976 12893 
4822 2673 2674 12868 12867 2678 12894 12895 12891 12896 
4823 2674 2675 12869 12868 2679 12897 12898 12894 12899 
4824 2675 2676 12870 12869 2680 12900 12901 12897 12902 
4825 2676 121 2682 12870 2681 2688 12903 12900 12904 
4826 970 12867 12871 971 12892 12905 12906 977 12907 
4827 12867 12868 12872 12871 12895 12908 12909 12905 12910 
4828 12868 12869 12873 12872 12898 12911 12912 12908 12913 
4829 12869 12870 12874 12873 12901 12914 12915 12911 12916 
4830 12870 2682 2683 12874 12903 2689 12917 12914 12918 
4831 971 12871 12875 972 12906 12919 12920 978 12921 
4832 12871 12872 12876 12875 12909 12922 12923 12919 12924 
4833 12872 12873 12877 12876 12912 12925 12926 12922 12927 
4834 12873 12874 12878 12877 12915 12928 12929 12925 12930 
4835 12874 2683 2684 12878 12917 2690 12931 12928 12932 
4836 972 12875 12879 973 12920 12933 12934 979 12935 
4837 12875 12876 12880 12879 12923 12936 12937 12933 12938 
4838 12876 12877 12881 12880 12926 12939 12940 12936 12941 
4839 12877 12878 12882 12881 12929 12942 12943 12939 12944 
4840 12878 2684 2685 12882 12931 2691 12945 12942 12946 
4841 973 12879 12883 974 12934 12947 12948 980 12949 
4842 12879 12880 12884 12883 12937 12950 12951 12947 12952 
4843 12880 12881 12885 12884 12940 12953 12954 12950 12955 
4844 12881 12882 12886 12885 12943 12956 12957 12953 12958 
4845 12882 2685 2686 12886 12945 2692 12959 12956 12960 
4846 974 12883 12887 975 12948 12961 12962 981 12963 
4847 12883 12884 12888 12887 12951 12964 12965 12961 12966 
4848 12884 12885 12889 12888 12954 12967 12968 12964 12969 
4849 12885 12886 12890 12889 12957 12970 12971 12967 12972 
4850 12886 2686 2687 12890 12959 2693 12973 12970 12974 
4851 975 12887 2673 81 12962 12975 2677 982 12976 
4852 12887 12888 2674 2673 12965 12977 2678 12975 12978 
4853 12888 12889 2675 2674 12968 12979 2679 12977 12980 
4854 12889 12890 2676 2675 12971 12981 2680 12979 12982 
4855 12890 2687 121 2676 12973 2694 2681 12981 12983 
2 79 10 5
4856 43 2695 2704 45 2699 12984 2708 485 12985 
4857 2695 2696 2705 2704 2700 12986 2709 12984 12987 
4858 2696 2697 2706 2705 2701 12988 2710 12986 12989 
4859 2697 2698 2707 2706 2702 12990 2711 12988 12991 
4860 2698 122 123 2707 2703 2713 2712 12990 12992 
2 80 10 5
4861 42 2714 2695 43 2718 12993 2699 464 12994 
4862 2714 2715 2696 2695 2719 12995 2700 12993 12996 
4863 2715 2716 2697 2696 2720 12997 2701 12995 12998 
4864 2716 2717 2698 2697 2721 12999 2702 12997 13000 
4865 2717 124 122 2698 2722 2723 2703 12999 13001 
2 81 10 5
4866 44 2724 2714 42 2728 13002 2718 474 13003 
4867 2724 2725 2715 2714 2729 13004 2719 13002 13005 
4868 2725 2726 2716 2715 2730 13006 2720 13004 13007 
4869 2726 2727 2717 2716 2731 13008 2721 13006 13009 
4870 2727 125 124 2717 2732 2733 2722 13008 13010 
2 82 10 5
4871 45 2704 2724 44 2708 13011 2728 484 13012 
4872 2704 2705 2725 2724 2709 13013 2729 13011 13014 
4873 2705 2706 2726 2725 2710 13015 2730 13013 13016 
4874 2706 2707 2727 2726 2711 13017 2731 13015 13018 
4875 2707 123 125 2727 2712 2734 2732 13017 13019 
2 83 10 5
4876 47 2735 2744 48 2739 13020 2748 514 13021 
4877 2735 2736 2745 2744 2740 13022 2749 13020 13023 
4878 2736 2737 2746 2745 2741 13024 2750 13022 13025 
4879 2737 2738 2747 2746 2742 13026 2751 13024 13027 
4880 2738 126 127 2747 2743 2753 2752 13026 13028 
2 84 10 5
4881 46 2754 2735 47 2758 13029 2739 504 13030 
4882 2754 2755 2736 2735 2759 13031 2740 13029 13032 
4883 2755 2756 2737 2736 2760 13033 2741 13031 13034 
4884 2756 2757 2738 2737 2761 13035 2742 13033 13036 
4885 2757 128 126 2738 2762 2763 2743 13035 13037 
2 85 10 5
4886 49 2764 2754 46 2768 13038 2758 525 13039 
4887 2764 2765 2755 2754 2769 13040 2759 13038 13041 
4888 2765 2766 2756 2755 2770 13042 2760 13040 13043 
4889 2766 2767 2757 2756 2771 13044 2761 13042 13045 
4890 2767 129 128 2757 2772 2773 2762 13044 13046 
2 86 10 5
4891 48 2744 2764 49 2748 13047 2768 524 13048 
4892 2744 2745 2765 2764 2749 13049 2769 13047 13050 
4893 2745 2746 2766 2765 2750 13051 2770 13049 13052 
4894 2746 2747 2767 2766 2751 13053 2771 13051 13054 
4895 2747 127 129 2767 2752 2774 2772 13053 13055 
2 87 10 5
4896 39 2775 2784 40 2779 13056 2788 434 13057 
4897 2775 2776 2785 2784 2780 13058 2789 13056 13059 
4898 2776 2777 2786 2785 2781 13060 2790 13058 13061 
4899 2777 2778 2787 2786 2782 13062 2791 13060 13063 
4900 2778 130 131 2787 2783 2793 2792 13062 13064 
2 88 10 5
4901 38 2794 2775 39 2798 13065 2779 424 13066 
4902 2794 2795 2776 2775 2799 13067 2780 13065 13068 
4903 2795 2796 2777 2776 2800 13069 2781 13067 13070 
4904 2796 2797 2778 2777 2801 13071 2782 13069 13072 
4905 2797 132 130 2778 2802 2803 2783 13071 13073 
2 89 10 5
4906 41 2804 2794 38 2808 13074 2798 445 13075 
4907 2804 2805 2795 2794 2809 13076 2799 13074 13077 
4908 2805 2806 2796 2795 2810 13078 2800 13076 13079 
4909 2806 2807 2797 2796 2811 13080 2801 13078 13081 
4910 2807 133 132 2797 2812 2813 2802 13080 13082 
2 90 10 5
4911 40 2784 2804 41 2788 13083 2808 444 13084 
4912 2784 2785 2805 2804 2789 13085 2809 13083 13086 
4913 2785 2786 2806 2805 2790 13087 2810 13085 13088 
4914 2786 2787 2807 2806 2791 13089 2811 13087 13090 
4915 2787 131 133 2807 2792 2814 2812 13089 13091 
2 91 10 35
4916 56 2815 13092 597 2819 13116 13117 603 13118 
4917 2815 2816 13093 13092 2820 13119 13120 13116 13121 
4918 2816 2817 13094 13093 2821 13122 13123 13119 13124 
4919 2817 2818 13095 13094 2822 13125 13126 13122 13127 
4920 2818 134 2824 13095 2823 2830 13128 13125 13129 
4921 597 13092 13096 598 13117 13130 13131 604 13132 
4922 13092 13093 13097 13096 13120 13133 13134 13130 13135 
4923 13093 13094 13098 13097 13123 13136 13137 13133 13138 
4924 13094 13095 13099 13098 13126 13139 13140 13136 13141 
4925 13095 2824 2825 13099 13128 2831 13142 13139 13143 
4926 598 13096 13100 599 13131 13144 13145 605 13146 
4927 13096 13097 13101 13100 13134 13147 13148 13144 13149 
4928 13097 13098 13102 13101 13137 13150 13151 13147 13152 
4929 13098 13099 13103 13102 13140 13153 13154 13150 13155 
4930 13099 2825 2826 13103 13142 2832 13156 13153 13157 
4931 599 13100 13104 600 13145 13158 13159 606 13160 
4932 13100 13101 13105 13104 13148 13161 13162 13158 13163 
4933 13101 13102 13106 13105 13151 13164 13165 13161 13166 
4934 13102 13103 13107 13106 13154 13167 13168 13164 13169 
4935 13103 2826 2827 13107 13156 2833 13170 13167 13171 
4936 600 13104 13108 601 13159 13172 13173 607 13174 
4937 13104 13105 13109 13108 13162 13175 13176 13172 13177 
4938 13105 13106 13110 13109 13165 13178 13179 13175 13180 
4939 13106 13107 13111 13110 13168 13181 13182 13178 13183 
4940 13107 2827 2828 13111 13170 2834 13184 13181 13185 
4941 601 13108 13112 602 13173 13186 13187 608 13188 
4942 13108 13109 13113 13112 13176 13189 13190 13186 13191 
4943 13109 13110 13114 13113 13179 13192 13193 13189 13194 
4944 13110 13111 13115 13114 13182 13195 13196 13192 13197 
4945 13111 2828 2829 13115 13184 2835 13198 13195 13199 
4946 602 13112 2815 56 13187 13200 2819 609 13201 
4947 13112 13113 2816 2815 13190 13202 2820 13200 13203 
4948 13113 13114 2817 2816 13193 13204 2821 13202 13205 
4949 13114 13115 2818 2817 13196 13206 2822 13204 13207 
4950 13115 2829 134 2818 13198 2836 2823 13206 13208 
2 92 10 35
4951 55 2837 13209 584 2841 13233 13234 590 13235 
4952 2837 2838 13210 13209 2842 13236 13237 13233 13238 
4953 2838 2839 13211 13210 2843 13239 13240 13236 13241 
4954 2839 2840 13212 13211 2844 13242 13243 13239 13244 
4955 2840 135 2846 13212 2845 2852 13245 13242 13246 
4956 584 13209 13213 585 13234 13247 13248 591 13249 
4957 13209 13210 13214 13213 13237 13250 13251 13247 13252 
4958 13210 13211 13215 13214 13240 13253 13254 13250 13255 
4959 13211 13212 13216 13215 13243 13256 13257 13253 13258 
4960 13212 2846 2847 13216 13245 2853 13259 13256 13260 
4961 585 13213 13217 586 13248 13261 13262 592 13263 
4962 13213 13214 13218 13217 13251 13264 13265 13261 13266 
4963 13214 13215 13219 13218 13254 13267 13268 13264 13269 
4964 13215 13216 13220 13219 13257 13270 13271 13267 13272 
4965 13216 2847 2848 13220 13259 2854 13273 13270 13274 
4966 586 13217 13221 587 13262 13275 13276 593 13277 
4967 13217 13218 13222 13221 13265 13278 13279 13275 13280 
4968 13218 13219 13223 13222 13268 13281 13282 13278 13283 
4969 13219 13220 13224 13223 13271 13284 13285 13281 13286 
4970 13220 2848 2849 13224 13273 2855 13287 13284 13288 
4971 587 13221 13225 588 13276 13289 13290 594 13291 
4972 13221 13222 13226 13225 13279 13292 13293 13289 13294 
4973 13222 13223 13227 13226 13282 13295 13296 13292 13297 
4974 13223 13224 13228 13227 13285 13298 13299 13295 13300 
4975 13224 2849 2850 13228 13287 2856 13301 13298 13302 
4976 588 13225 13229 589 13290 13303 13304 595 13305 
4977 13225 13226 13230 13229 13293 13306 13307 13303 13308 
4978 13226 13227 13231 13230 13296 13309 13310 13306 13311 
4979 13227 13228 13232 13231 13299 13312 13313 13309 13314 
4980 13228 2850 2851 13232 13301 2857 13315 13312 13316 
4981 589 13229 2837 55 13304 13317 2841 596 13318 
4982 13229 13230 2838 2837 13307 13319 2842 13317 13320 
4983 13230 13231 2839 2838 13310 13321 2843 13319 13322 
4984 13231 13232 2840 2839 13313 13323 2844 13321 13324 
4985 13232 2851 135 2840 13315 2858 2845 13323 13325 
2 93 10 35
4986 54 2859 13326 571 2863 13350 13351 577 13352 
4987 2859 2860 13327 13326 2864 13353 13354 13350 13355 
4988 2860 2861 13328 13327 2865 13356 13357 13353 13358 
4989 2861 2862 13329 13328 2866 13359 13360 13356 13361 
4990 2862 136 2868 13329 2867 2874 13362 13359 13363 
4991 571 13326 13330 572 13351 13364 13365 578 13366 
4992 13326 13327 13331 13330 13354 13367 13368 13364 13369 
4993 13327 13328 13332 13331 13357 13370 13371 13367 13372 
4994 13328 13329 13333 13332 13360 13373 13374 13370 13375 
4995 13329 2868 2869 13333 13362 2875 13376 13373 13377 
4996 572 13330 13334 573 13365 13378 13379 579 13380 
4997 13330 13331 13335 13334 13368 13381 13382 13378 13383 
4998 13331 13332 13336 13335 13371 13384 13385 13381 13386 
4999 13332 13333 13337 13336 13374 13387 13388 13384 13389 
5000 13333 2869 2870 13337 13376 2876 13390 13387 13391 
5001 573 13334 13338 574 13379 13392 13393 580 13394 
5002 13334 13335 13339 13338 13382 13395 13396 13392 13397 
5003 13335 13336 13340 13339 13385 13398 13399 13395 13400 
5004 13336 13337 13341 13340 13388 13401 13402 13398 13403 
5005 13337 2870 2871 13341 13390 2877 13404 13401 13405 
5006 574 13338 13342 575 13393 13406 13407 581 13408 
5007 13338 13339 13343 13342 13396 13409 13410 13406 13411 
5008 13339 13340 13344 13343 13399 13412 13413 13409 13414 
5009 13340 13341 13345 13344 13402 13415 13416 13412 13417 
5010 13341 2871 2872 13345 13404 2878 13418 13415 13419 
5011 575 13342 13346 576 13407 13420 13421 582 13422 
5012 13342 13343 13347 13346 13410 13423 13424 13420 13425 
5013 13343 13344 13348 13347 13413 13426 13427 13423 13428 
5014 13344 13345 13349 13348 13416 13429 13430 13426 13431 
5015 13345 2872 2873 13349 13418 2879 13432 13429 13433 
5016 576 13346 2859 54 13421 13434 2863 583 13435 
5017 13346 13347 2860 2859 13424 13436 2864 13434 13437 
5018 13347 13348 2861 2860 13427 13438 2865 13436 13439 
5019 13348 13349 2862 2861 13430 13440 2866 13438 13441 
5020 13349 2873 136 2862 13432 2880 2867 13440 13442 
2 94 10 5
5021 79 2881 2890 77 2885 13443 2894 949 13444 
5022 2881 2882 2891 2890 2886 13445 2895 13443 13446 
5023 2882 2883 2892 2891 2887 13447 2896 13445 13448 
5024 2883 2884 2893 2892 2888 13449 2897 13447 13450 
5025 2884 137 138 2893 2889 2899 2898 13449 13451 
2 95 10 5
5026 77 2890 2900 78 2894 13452 2904 939 13453 
5027 2890 2891 2901 2900 2895 13454 2905 13452 13455 
5028 2891 2892 2902 2901 2896 13456 2906 13454 13457 
5029 2892 2893 2903 2902 2897 13458 2907 13456 13459 
5030 2893 138 139 2903 2898 2909 2908 13458 13460 
2 96 10 5
5031 78 2900 2910 80 2904 13461 2914 960 13462 
5032 2900 2901 2911 2910 2905 13463 2915 13461 13464 
5033 2901 2902 2912 2911 2906 13465 2916 13463 13466 
5034 2902 2903 2913 2912 2907 13467 2917 13465 13468 
5035 2903 139 140 2913 2908 2919 2918 13467 13469 
2 97 10 5
5036 80 2910 2881 79 2914 13470 2885 959 13471 
5037 2910 2911 2882 2881 2915 13472 2886 13470 13473 
5038 2911 2912 2883 2882 2916 13474 2887 13472 13475 
5039 2912 2913 2884 2883 2917 13476 2888 13474 13477 
5040 2913 140 137 2884 2918 2920 2889 13476 13478 
2 98 10 5
5041 76 2921 2930 73 2925 13479 2934 920 13480 
5042 2921 2922 2931 2930 2926 13481 2935 13479 13482 
5043 2922 2923 2932 2931 2927 13483 2936 13481 13484 
5044 2923 2924 2933 2932 2928 13485 2937 13483 13486 
5045 2924 141 142 2933 2929 2939 2938 13485 13487 
2 99 10 5
5046 73 2930 2940 74 2934 13488 2944 899 13489 
5047 2930 2931 2941 2940 2935 13490 2945 13488 13491 
5048 2931 2932 2942 2941 2936 13492 2946 13490 13493 
5049 2932 2933 2943 2942 2937 13494 2947 13492 13495 
5050 2933 142 143 2943 2938 2949 2948 13494 13496 
2 100 10 5
5051 74 2940 2950 75 2944 13497 2954 909 13498 
5052 2940 2941 2951 2950 2945 13499 2955 13497 13500 
5053 2941 2942 2952 2951 2946 13501 2956 13499 13502 
5054 2942 2943 2953 2952 2947 13503 2957 13501 13504 
5055 2943 143 144 2953 2948 2959 2958 13503 13505 
2 101 10 5
5056 75 2950 2921 76 2954 13506 2925 919 13507 
5057 2950 2951 2922 2921 2955 13508 2926 13506 13509 
5058 2951 2952 2923 2922 2956 13510 2927 13508 13511 
5059 2952 2953 2924 2923 2957 13512 2928 13510 13513 
5060 2953 144 141 2924 2958 2960 2929 13512 13514 
2 102 10 5
5061 69 2961 2970 70 2965 13515 2974 859 13516 
5062 2961 2962 2971 2970 2966 13517 2975 13515 13518 
5063 2962 2963 2972 2971 2967 13519 2976 13517 13520 
5064 2963 2964 2973 2972 2968 13521 2977 13519 13522 
5065 2964 145 146 2973 2969 2979 2978 13521 13523 
2 103 10 5
5066 70 2970 2980 71 2974 13524 2984 869 13525 
5067 2970 2971 2981 2980 2975 13526 2985 13524 13527 
5068 2971 2972 2982 2981 2976 13528 2986 13526 13529 
5069 2972 2973 2983 2982 2977 13530 2987 13528 13531 
5070 2973 146 147 2983 2978 2989 2988 13530 13532 
2 104 10 5
5071 71 2980 2990 72 2984 13533 2994 879 13534 
5072 2980 2981 2991 2990 2985 13535 2995 13533 13536 
5073 2981 2982 2992 2991 2986 13537 2996 13535 13538 
5074 2982 2983 2993 2992 2987 13539 2997 13537 13540 
5075 2983 147 148 2993 2988 2999 2998 13539 13541 
2 105 10 5
5076 72 2990 2961 69 2994 13542 2965 880 13543 
5077 2990 2991 2962 2961 2995 13544 2966 13542 13545 
5078 2991 2992 2963 2962 2996 13546 2967 13544 13547 
5079 2992 2993 2964 2963 2997 13548 2968 13546 13549 
5080 2993 148 145 2964 2998 3000 2969 13548 13550 
2 106 10 40
5081 88 3001 13551 2578 3020 13570 13571 2579 13572 
5082 3001 3002 13552 13551 3021 13573 13574 13570 13575 
5083 3002 3003 13553 13552 3022 13576 13577 13573 13578 
5084 3003 3004 13554 13553 3023 13579 13580 13576 13581 
5085 3004 3005 13555 13554 3024 13582 13583 13579 13584 
5086 3005 3006 13556 13555 3025 13585 13586 13582 13587 
5087 3006 3007 13557 13556 3026 13588 13589 13585 13590 
5088 3007 3008 13558 13557 3027 13591 13592 13588 13593 
5089 3008 3009 13559 13558 3028 13594 13595 13591 13596 
5090 3009 3010 13560 13559 3029 13597 13598 13594 13599 
5091 3010 3011 13561 13560 3030 13600 13601 13597 13602 
5092 3011 3012 13562 13561 3031 13603 13604 13600 13605 
5093 3012 3013 13563 13562 3032 13606 13607 13603 13608 
5094 3013 3014 13564 13563 3033 13609 13610 13606 13611 
5095 3014 3015 13565 13564 3034 13612 13613 13609 13614 
5096 3015 3016 13566 13565 3035 13615 13616 13612 13617 
5097 3016 3017 13567 13566 3036 13618 13619 13615 13620 
5098 3017 3018 13568 13567 3037 13621 13622 13618 13623 
5099 3018 3019 13569 13568 3038 13624 13625 13621 13626 
5100 3019 149 3079 13569 3039 3080 13627 13624 13628 
5101 2578 13551 3040 52 13571 13629 3059 2580 13630 
5102 13551 13552 3041 3040 13574 13631 3060 13629 13632 
5103 13552 13553 3042 3041 13577 13633 3061 13631 13634 
5104 13553 13554 3043 3042 13580 13635 3062 13633 13636 
5105 13554 13555 3044 3043 13583 13637 3063 13635 13638 
5106 13555 13556 3045 3044 13586 13639 3064 13637 13640 
5107 13556 13557 3046 3045 13589 13641 3065 13639 13642 
5108 13557 13558 3047 3046 13592 13643 3066 13641 13644 
5109 13558 13559 3048 3047 13595 13645 3067 13643 13646 
5110 13559 13560 3049 3048 13598 13647 3068 13645 13648 
5111 13560 13561 3050 3049 13601 13649 3069 13647 13650 
5112 13561 13562 3051 3050 13604 13651 3070 13649 13652 
5113 13562 13563 3052 3051 13607 13653 3071 13651 13654 
5114 13563 13564 3053 3052 13610 13655 3072 13653 13656 
5115 13564 13565 3054 3053 13613 13657 3073 13655 13658 
5116 13565 13566 3055 3054 13616 13659 3074 13657 13660 
5117 13566 13567 3056 3055 13619 13661 3075 13659 13662 
5118 13567 13568 3057 3056 13622 13663 3076 13661 13664 
5119 13568 13569 3058 3057 13625 13665 3077 13663 13666 
5120 13569 3079 150 3058 13627 3081 3078 13665 13667 
2 107 10 80
5121 87 3082 13668 1117 3101 13725 13726 1120 13727 
5122 3082 3083 13669 13668 3102 13728 13729 13725 13730 
5123 3083 3084 13670 13669 3103 13731 13732 13728 13733 
5124 3084 3085 13671 13670 3104 13734 13735 13731 13736 
5125 3085 3086 13672 13671 3105 13737 13738 13734 13739 
5126 3086 3087 13673 13672 3106 13740 13741 13737 13742 
5127 3087 3088 13674 13673 3107 13743 13744 13740 13745 
5128 3088 3089 13675 13674 3108 13746 13747 13743 13748 
5129 3089 3090 13676 13675 3109 13749 13750 13746 13751 
5130 3090 3091 13677 13676 3110 13752 13753 13749 13754 
5131 3091 3092 13678 13677 3111 13755 13756 13752 13757 
5132 3092 3093 13679 13678 3112 13758 13759 13755 13760 
5133 3093 3094 13680 13679 3113 13761 13762 13758 13763 
5134 3094 3095 13681 13680 3114 13764 13765 13761 13766 
5135 3095 3096 13682 13681 3115 13767 13768 13764 13769 
5136 3096 3097 13683 13682 3116 13770 13771 13767 13772 
5137 3097 3098 13684 13683 3117 13773 13774 13770 13775 
5138 3098 3099 13685 13684 3118 13776 13777 13773 13778 
5139 3099 3100 13686 13685 3119 13779 13780 13776 13781 
5140 3100 151 3121 13686 3120 3124 13782 13779 13783 
5141 1117 13668 13687 1118 13726 13784 13785 1121 13786 
5142 13668 13669 13688 13687 13729 13787 13788 13784 13789 
5143 13669 13670 13689 13688 13732 13790 13791 13787 13792 
5144 13670 13671 13690 13689 13735 13793 13794 13790 13795 
5145 13671 13672 13691 13690 13738 13796 13797 13793 13798 
5146 13672 13673 13692 13691 13741 13799 13800 13796 13801 
5147 13673 13674 13693 13692 13744 13802 13803 13799 13804 
5148 13674 13675 13694 13693 13747 13805 13806 13802 13807 
5149 13675 13676 13695 13694 13750 13808 13809 13805 13810 
5150 13676 13677 13696 13695 13753 13811 13812 13808 13813 
5151 13677 13678 13697 13696 13756 13814 13815 13811 13816 
5152 13678 13679 13698 13697 13759 13817 13818 13814 13819 
5153 13679 13680 13699 13698 13762 13820 13821 13817 13822 
5154 13680 13681 13700 13699 13765 13823 13824 13820 13825 
5155 13681 13682 13701 13700 13768 13826 13827 13823 13828 
5156 13682 13683 13702 13701 13771 13829 13830 13826 13831 
5157 13683 13684 13703 13702 13774 13832 13833 13829 13834 
5158 13684 13685 13704 13703 13777 13835 13836 13832 13837 
5159 13685 13686 13705 13704 13780 13838 13839 13835 13840 
5160 13686 3121 3122 13705 13782 3125 13841 13838 13842 
5161 1118 13687 13706 1119 13785 13843 13844 1122 13845 
5162 13687 13688 13707 13706 13788 13846 13847 13843 13848 
5163 13688 13689 13708 13707 13791 13849 13850 13846 13851 
5164 13689 13690 13709 13708 13794 13852 13853 13849 13854 
5165 13690 13691 13710 13709 13797 13855 13856 13852 13857 
5166 13691 13692 13711 13710 13800 13858 13859 13855 13860 
5167 13692 13693 13712 13711 13803 13861 13862 13858 13863 
5168 13693 13694 13713 13712 13806 13864 13865 13861 13866 
5169 13694 13695 13714 13713 13809 13867 13868 13864 13869 
5170 13695 13696 13715 13714 13812 13870 13871 13867 13872 
5171 13696 13697 13716 13715 13815 13873 13874 13870 13875 
5172 13697 13698 13717 13716 13818 13876 13877 13873 13878 
5173 13698 13699 13718 13717 13821 13879 13880 13876 13881 
5174 13699 13700 13719 13718 13824 13882 13883 13879 13884 
5175 13700 13701 13720 13719 13827 13885 13886 13882 13887 
5176 13701 13702 13721 13720 13830 13888 13889 13885 13890 
5177 13702 13703 13722 13721 13833 13891 13892 13888 13893 
5178 13703 13704 13723 13722 13836 13894 13895 13891 13896 
5179 13704 13705 13724 13723 13839 13897 13898 13894 13899 
5180 13705 3122 3123 13724 13841 3126 13900 13897 13901 
5181 1119 13706 3001 88 13844 13902 3020 1123 13903 
5182 13706 13707 3002 3001 13847 13904 3021 13902 13905 
5183 13707 13708 3003 3002 13850 13906 3022 13904 13907 
5184 13708 13709 3004 3003 13853 13908 3023 13906 13909 
5185 13709 13710 3005 3004 13856 13910 3024 13908 13911 
5186 13710 13711 3006 3005 13859 13912 3025 13910 13913 
5187 13711 13712 3007 3006 13862 13914 3026 13912 13915 
5188 13712 13713 3008 3007 13865 13916 3027 13914 13917 
5189 13713 13714 3009 3008 13868 13918 3028 13916 13919 
5190 13714 13715 3010 3009 13871 13920 3029 13918 13921 
5191 13715 13716 3011 3010 13874 13922 3030 13920 13923 
5192 13716 13717 3012 3011 13877 13924 3031 13922 13925 
5193 13717 13718 3013 3012 13880 13926 3032 13924 13927 
5194 13718 13719 3014 3013 13883 13928 3033 13926 13929 
5195 13719 13720 3015 3014 13886 13930 3034 13928 13931 
5196 13720 13721 3016 3015 13889 13932 3035 13930 13933 
5197 13721 13722 3017 3016 13892 13934 3036 13932 13935 
5198 13722 13723 3018 3017 13895 13936 3037 13934 13937 
5199 13723 13724 3019 3018 13898 13938 3038 13936 13939 
5200 13724 3123 149 3019 13900 3127 3039 13938 13940 
2 108 10 80
5201 64 3128 13941 768 3147 13998 13999 771 14000 
5202 3128 3129 13942 13941 3148 14001 14002 13998 14003 
5203 3129 3130 13943 13942 3149 14004 14005 14001 14006 
5204 3130 3131 13944 13943 3150 14007 14008 14004 14009 
5205 3131 3132 13945 13944 3151 14010 14011 14007 14012 
5206 3132 3133 13946 13945 3152 14013 14014 14010 14015 
5207 3133 3134 13947 13946 3153 14016 14017 14013 14018 
5208 3134 3135 13948 13947 3154 14019 14020 14016 14021 
5209 3135 3136 13949 13948 3155 14022 14023 14019 14024 
5210 3136 3137 13950 13949 3156 14025 14026 14022 14027 
5211 3137 3138 13951 13950 3157 14028 14029 14025 14030 
5212 3138 3139 13952 13951 3158 14031 14032 14028 14033 
5213 3139 3140 13953 13952 3159 14034 14035 14031 14036 
5214 3140 3141 13954 13953 3160 14037 14038 14034 14039 
5215 3141 3142 13955 13954 3161 14040 14041 14037 14042 
5216 3142 3143 13956 13955 3162 14043 14044 14040 14045 
5217 3143 3144 13957 13956 3163 14046 14047 14043 14048 
5218 3144 3145 13958 13957 3164 14049 14050 14046 14051 
5219 3145 3146 13959 13958 3165 14052 14053 14049 14054 
5220 3146 152 3206 13959 3166 3209 14055 14052 14056 
5221 768 13941 13960 769 13999 14057 14058 772 14059 
5222 13941 13942 13961 13960 14002 14060 14061 14057 14062 
5223 13942 13943 13962 13961 14005 14063 14064 14060 14065 
5224 13943 13944 13963 13962 14008 14066 14067 14063 14068 
5225 13944 13945 13964 13963 14011 14069 14070 14066 14071 
5226 13945 13946 13965 13964 14014 14072 14073 14069 14074 
5227 13946 13947 13966 13965 14017 14075 14076 14072 14077 
5228 13947 13948 13967 13966 14020 14078 14079 14075 14080 
5229 13948 13949 13968 13967 14023 14081 14082 14078 14083 
5230 13949 13950 13969 13968 14026 14084 14085 14081 14086 
5231 13950 13951 13970 13969 14029 14087 14088 14084 14089 
5232 13951 13952 13971 13970 14032 14090 14091 14087 14092 
5233 13952 13953 13972 13971 14035 14093 14094 14090 14095 
5234 13953 13954 13973 13972 14038 14096 14097 14093 14098 
5235 13954 13955 13974 13973 14041 14099 14100 14096 14101 
5236 13955 13956 13975 13974 14044 14102 14103 14099 14104 
5237 13956 13957 13976 13975 14047 14105 14106 14102 14107 
5238 13957 13958 13977 13976 14050 14108 14109 14105 14110 
5239 13958 13959 13978 13977 14053 14111 14112 14108 14113 
5240 13959 3206 3207 13978 14055 3210 14114 14111 14115 
5241 769 13960 13979 770 14058 14116 14117 773 14118 
5242 13960 13961 13980 13979 14061 14119 14120 14116 14121 
5243 13961 13962 13981 13980 14064 14122 14123 14119 14124 
5244 13962 13963 13982 13981 14067 14125 14126 14122 14127 
5245 13963 13964 13983 13982 14070 14128 14129 14125 14130 
5246 13964 13965 13984 13983 14073 14131 14132 14128 14133 
5247 13965 13966 13985 13984 14076 14134 14135 14131 14136 
5248 13966 13967 13986 13985 14079 14137 14138 14134 14139 
5249 13967 13968 13987 13986 14082 14140 14141 14137 14142 
5250 13968 13969 13988 13987 14085 14143 14144 14140 14145 
5251 13969 13970 13989 13988 14088 14146 14147 14143 14148 
5252 13970 13971 13990 13989 14091 14149 14150 14146 14151 
5253 13971 13972 13991 13990 14094 14152 14153 14149 14154 
5254 13972 13973 13992 13991 14097 14155 14156 14152 14157 
5255 13973 13974 13993 13992 14100 14158 14159 14155 14160 
5256 13974 13975 13994 13993 14103 14161 14162 14158 14163 
5257 13975 13976 13995 13994 14106 14164 14165 14161 14166 
5258 13976 13977 13996 13995 14109 14167 14168 14164 14169 
5259 13977 13978 13997 13996 14112 14170 14171 14167 14172 
5260 13978 3207 3208 13997 14114 3211 14173 14170 14174 
5261 770 13979 3167 65 14117 14175 3186 774 14176 
5262 13979 13980 3168 3167 14120 14177 3187 14175 14178 
5263 13980 13981 3169 3168 14123 14179 3188 14177 14180 
5264 13981 13982 3170 3169 14126 14181 3189 14179 14182 
5265 13982 13983 3171 3170 14129 14183 3190 14181 14184 
5266 13983 13984 3172 3171 14132 14185 3191 14183 14186 
5267 13984 13985 3173 3172 14135 14187 3192 14185 14188 
5268 13985 13986 3174 3173 14138 14189 3193 14187 14190 
5269 13986 13987 3175 3174 14141 14191 3194 14189 14192 
5270 13987 13988 3176 3175 14144 14193 3195 14191 14194 
5271 13988 13989 3177 3176 14147 14195 3196 14193 14196 
5272 13989 13990 3178 3177 14150 14197 3197 14195 14198 
5273 13990 13991 3179 3178 14153 14199 3198 14197 14200 
5274 13991 13992 3180 3179 14156 14201 3199 14199 14202 
5275 13992 13993 3181 3180 14159 14203 3200 14201 14204 
5276 13993 13994 3182 3181 14162 14205 3201 14203 14206 
5277 13994 13995 3183 3182 14165 14207 3202 14205 14208 
5278 13995 13996 3184 3183 14168 14209 3203 14207 14210 
5279 13996 13997 3185 3184 14171 14211 3204 14209 14212 
5280 13997 3208 153 3185 14173 3212 3205 14211 14213 
2 109 10 80
5281 63 3213 14214 752 3232 14271 14272 755 14273 
5282 3213 3214 14215 14214 3233 14274 14275 14271 14276 
5283 3214 3215 14216 14215 3234 14277 14278 14274 14279 
5284 3215 3216 14217 14216 3235 14280 14281 14277 14282 
5285 3216 3217 14218 14217 3236 14283 14284 14280 14285 
5286 3217 3218 14219 14218 3237 14286 14287 14283 14288 
5287 3218 3219 14220 14219 3238 14289 14290 14286 14291 
5288 3219 3220 14221 14220 3239 14292 14293 14289 14294 
5289 3220 3221 14222 14221 3240 14295 14296 14292 14297 
5290 3221 3222 14223 14222 3241 14298 14299 14295 14300 
5291 3222 3223 14224 14223 3242 14301 14302 14298 14303 
5292 3223 3224 14225 14224 3243 14304 14305 14301 14306 
5293 3224 3225 14226 14225 3244 14307 14308 14304 14309 
5294 3225 3226 14227 14226 3245 14310 14311 14307 14312 
5295 3226 3227 14228 14227 3246 14313 14314 14310 14315 
5296 3227 3228 14229 14228 3247 14316 14317 14313 14318 
5297 3228 3229 14230 14229 3248 14319 14320 14316 14321 
5298 3229 3230 14231 14230 3249 14322 14323 14319 14324 
5299 3230 3231 14232 14231 3250 14325 14326 14322 14327 
5300 3231 154 3252 14232 3251 3255 14328 14325 14329 
5301 752 14214 14233 753 14272 14330 14331 756 14332 
5302 14214 14215 14234 14233 14275 14333 14334 14330 14335 
5303 14215 14216 14235 14234 14278 14336 14337 14333 14338 
5304 14216 14217 14236 14235 14281 14339 14340 14336 14341 
5305 14217 14218 14237 14236 14284 14342 14343 14339 14344 
5306 14218 14219 14238 14237 14287 14345 14346 14342 14347 
5307 14219 14220 14239 14238 14290 14348 14349 14345 14350 
5308 14220 14221 14240 14239 14293 14351 14352 14348 14353 
5309 14221 14222 14241 14240 14296 14354 14355 14351 14356 
5310 14222 14223 14242 14241 14299 14357 14358 14354 14359 
5311 14223 14224 14243 14242 14302 14360 14361 14357 14362 
5312 14224 14225 14244 14243 14305 14363 14364 14360 14365 
5313 14225 14226 14245 14244 14308 14366 14367 14363 14368 
5314 14226 14227 14246 14245 14311 14369 14370 14366 14371 
5315 14227 14228 14247 14246 14314 14372 14373 14369 14374 
5316 14228 14229 14248 14247 14317 14375 14376 14372 14377 
5317 14229 14230 14249 14248 14320 14378 14379 14375 14380 
5318 14230 14231 14250 14249 14323 14381 14382 14378 14383 
5319 14231 14232 14251 14250 14326 14384 14385 14381 14386 
5320 14232 3252 3253 14251 14328 3256 14387 14384 14388 
5321 753 14233 14252 754 14331 14389 14390 757 14391 
5322 14233 14234 14253 14252 14334 14392 14393 14389 14394 
5323 14234 14235 14254 14253 14337 14395 14396 14392 14397 
5324 14235 14236 14255 14254 14340 14398 14399 14395 14400 
5325 14236 14237 14256 14255 14343 14401 14402 14398 14403 
5326 14237 14238 14257 14256 14346 14404 14405 14401 14406 
5327 14238 14239 14258 14257 14349 14407 14408 14404 14409 
5328 14239 14240 14259 14258 14352 14410 14411 14407 14412 
5329 14240 14241 14260 14259 14355 14413 14414 14410 14415 
5330 14241 14242 14261 14260 14358 14416 14417 14413 14418 
5331 14242 14243 14262 14261 14361 14419 14420 14416 14421 
5332 14243 14244 14263 14262 14364 14422 14423 14419 14424 
5333 14244 14245 14264 14263 14367 14425 14426 14422 14427 
5334 14245 14246 14265 14264 14370 14428 14429 14425 14430 
5335 14246 14247 14266 14265 14373 14431 14432 14428 14433 
5336 14247 14248 14267 14266 14376 14434 14435 14431 14436 
5337 14248 14249 14268 14267 14379 14437 14438 14434 14439 
5338 14249 14250 14269 14268 14382 14440 14441 14437 14442 
5339 14250 14251 14270 14269 14385 14443 14444 14440 14445 
5340 14251 3253 3254 14270 14387 3257 14446 14443 14447 
5341 754 14252 3128 64 14390 14448 3147 758 14449 
5342 14252 14253 3129 3128 14393 14450 3148 14448 14451 
5343 14253 14254 3130 3129 14396 14452 3149 14450 14453 
5344 14254 14255 3131 3130 14399 14454 3150 14452 14455 
5345 14255 14256 3132 3131 14402 14456 3151 14454 14457 
5346 14256 14257 3133 3132 14405 14458 3152 14456 14459 
5347 14257 14258 3134 3133 14408 14460 3153 14458 14461 
5348 14258 14259 3135 3134 14411 14462 3154 14460 14463 
5349 14259 14260 3136 3135 14414 14464 3155 14462 14465 
5350 14260 14261 3137 3136 14417 14466 3156 14464 14467 
5351 14261 14262 3138 3137 14420 14468 3157 14466 14469 
5352 14262 14263 3139 3138 14423 14470 3158 14468 14471 
5353 14263 14264 3140 3139 14426 14472 3159 14470 14473 
5354 14264 14265 3141 3140 14429 14474 3160 14472 14475 
5355 14265 14266 3142 3141 14432 14476 3161 14474 14477 
5356 14266 14267 3143 3142 14435 14478 3162 14476 14479 
5357 14267 14268 3144 3143 14438 14480 3163 14478 14481 
5358 14268 14269 3145 3144 14441 14482 3164 14480 14483 
5359 14269 14270 3146 3145 14444 14484 3165 14482 14485 
5360 14270 3254 152 3146 14446 3258 3166 14484 14486 
2 110 10 40
5361 88 3259 14487 2578 3278 14506 14507 2579 14508 
5362 3259 3260 14488 14487 3279 14509 14510 14506 14511 
5363 3260 3261 14489 14488 3280 14512 14513 14509 14514 
5364 3261 3262 14490 14489 3281 14515 14516 14512 14517 
5365 3262 3263 14491 14490 3282 14518 14519 14515 14520 
5366 3263 3264 14492 14491 3283 14521 14522 14518 14523 
5367 3264 3265 14493 14492 3284 14524 14525 14521 14526 
5368 3265 3266 14494 14493 3285 14527 14528 14524 14529 
5369 3266 3267 14495 14494 3286 14530 14531 14527 14532 
5370 3267 3268 14496 14495 3287 14533 14534 14530 14535 
5371 3268 3269 14497 14496 3288 14536 14537 14533 14538 
5372 3269 3270 14498 14497 3289 14539 14540 14536 14541 
5373 3270 3271 14499 14498 3290 14542 14543 14539 14544 
5374 3271 3272 14500 14499 3291 14545 14546 14542 14547 
5375 3272 3273 14501 14500 3292 14548 14549 14545 14550 
5376 3273 3274 14502 14501 3293 14551 14552 14548 14553 
5377 3274 3275 14503 14502 3294 14554 14555 14551 14556 
5378 3275 3276 14504 14503 3295 14557 14558 14554 14559 
5379 3276 3277 14505 14504 3296 14560 14561 14557 14562 
5380 3277 155 3337 14505 3297 3338 14563 14560 14564 
5381 2578 14487 3298 52 14507 14565 3317 2580 14566 
5382 14487 14488 3299 3298 14510 14567 3318 14565 14568 
5383 14488 14489 3300 3299 14513 14569 3319 14567 14570 
5384 14489 14490 3301 3300 14516 14571 3320 14569 14572 
5385 14490 14491 3302 3301 14519 14573 3321 14571 14574 
5386 14491 14492 3303 3302 14522 14575 3322 14573 14576 
5387 14492 14493 3304 3303 14525 14577 3323 14575 14578 
5388 14493 14494 3305 3304 14528 14579 3324 14577 14580 
5389 14494 14495 3306 3305 14531 14581 3325 14579 14582 
5390 14495 14496 3307 3306 14534 14583 3326 14581 14584 
5391 14496 14497 3308 3307 14537 14585 3327 14583 14586 
5392 14497 14498 3309 3308 14540 14587 3328 14585 14588 
5393 14498 14499 3310 3309 14543 14589 3329 14587 14590 
5394 14499 14500 3311 3310 14546 14591 3330 14589 14592 
5395 14500 14501 3312 3311 14549 14593 3331 14591 14594 
5396 14501 14502 3313 3312 14552 14595 3332 14593 14596 
5397 14502 14503 3314 3313 14555 14597 3333 14595 14598 
5398 14503 14504 3315 3314 14558 14599 3334 14597 14600 
5399 14504 14505 3316 3315 14561 14601 3335 14599 14602 
5400 14505 3337 156 3316 14563 3339 3336 14601 14603 
2 111 10 40
5401 4 3340 14604 166 3359 14623 14624 167 14625 
5402 3340 3341 14605 14604 3360 14626 14627 14623 14628 
5403 3341 3342 14606 14605 3361 14629 14630 14626 14631 
5404 3342 3343 14607 14606 3362 14632 14633 14629 14634 
5405 3343 3344 14608 14607 3363 14635 14636 14632 14637 
5406 3344 3345 14609 14608 3364 14638 14639 14635 14640 
5407 3345 3346 14610 14609 3365 14641 14642 14638 14643 
5408 3346 3347 14611 14610 3366 14644 14645 14641 14646 
5409 3347 3348 14612 14611 3367 14647 14648 14644 14649 
5410 3348 3349 14613 14612 3368 14650 14651 14647 14652 
5411 3349 3350 14614 14613 3369 14653 14654 14650 14655 
5412 3350 3351 14615 14614 3370 14656 14657 14653 14658 
5413 3351 3352 14616 14615 3371 14659 14660 14656 14661 
5414 3352 3353 14617 14616 3372 14662 14663 14659 14664 
5415 3353 3354 14618 14617 3373 14665 14666 14662 14667 
5416 3354 3355 14619 14618 3374 14668 14669 14665 14670 
5417 3355 3356 14620 14619 3375 14671 14672 14668 14673 
5418 3356 3357 14621 14620 3376 14674 14675 14671 14676 
5419 3357 3358 14622 14621 3377 14677 14678 14674 14679 
5420 3358 157 3418 14622 3378 3419 14680 14677 14681 
5421 166 14604 3379 2 14624 14682 3398 168 14683 
5422 14604 14605 3380 3379 14627 14684 3399 14682 14685 
5423 14605 14606 3381 3380 14630 14686 3400 14684 14687 
5424 14606 14607 3382 3381 14633 14688 3401 14686 14689 
5425 14607 14608 3383 3382 14636 14690 3402 14688 14691 
5426 14608 14609 3384 3383 14639 14692 3403 14690 14693 
5427 14609 14610 3385 3384 14642 14694 3404 14692 14695 
5428 14610 14611 3386 3385 14645 14696 3405 14694 14697 
5429 14611 14612 3387 3386 14648 14698 3406 14696 14699 
5430 14612 14613 3388 3387 14651 14700 3407 14698 14701 
5431 14613 14614 3389 3388 14654 14702 3408 14700 14703 
5432 14614 14615 3390 3389 14657 14704 3409 14702 14705 
5433 14615 14616 3391 3390 14660 14706 3410 14704 14707 
5434 14616 14617 3392 3391 14663 14708 3411 14706 14709 
5435 14617 14618 3393 3392 14666 14710 3412 14708 14711 
5436 14618 14619 3394 3393 14669 14712 3413 14710 14713 
5437 14619 14620 3395 3394 14672 14714 3414 14712 14715 
5438 14620 14621 3396 3395 14675 14716 3415 14714 14717 
5439 14621 14622 3397 3396 14678 14718 3416 14716 14719 
5440 14622 3418 158 3397 14680 3420 3417 14718 14720 
$EndElements
