$MeshFormat
4.1 0 8
$EndMeshFormat
$Entities
18 25 8 0
1 0 0 0 0 
2 5 0 0 0 
3 0 0.1 0 0 
4 5 0.1 0 0 
5 0 -0.1 0 0 
6 5 -0.1 0 0 
7 0 0.3 0 0 
8 5 0.3 0 0 
9 0 0.5 0 0 
10 5 0.5 0 0 
11 0 0.7000000000000001 0 0 
12 5 0.7000000000000001 0 0 
13 0 -0.3 0 0 
14 5 -0.3 0 0 
15 0 -0.5 0 0 
16 5 -0.5 0 0 
17 0 -0.7000000000000001 0 0 
18 5 -0.7000000000000001 0 0 
1 -9.999999983634211e-08 -1e-07 -1e-07 5.0000001 1e-07 1e-07 0 2 1 -2 
2 -1e-07 -1.000000000028756e-07 -1e-07 1e-07 0.1000001 1e-07 0 2 1 -3 
3 4.9999999 -1.000000000028756e-07 -1e-07 5.0000001 0.1000001 1e-07 0 2 2 -4 
4 -9.999999983634211e-08 0.0999999 -1e-07 5.0000001 0.1000001 1e-07 0 2 3 -4 
5 -1e-07 -0.1000001 -1e-07 1e-07 1.000000000028756e-07 1e-07 0 2 1 -5 
6 4.9999999 -0.1000001 -1e-07 5.0000001 1.000000000028756e-07 1e-07 0 2 2 -6 
7 -9.999999983634211e-08 -0.1000001 -1e-07 5.0000001 -0.0999999 1e-07 0 2 5 -6 
8 -1e-07 0.0999999 -1e-07 1e-07 0.3000001 1e-07 0 2 3 -7 
9 4.9999999 0.0999999 -1e-07 5.0000001 0.3000001 1e-07 0 2 4 -8 
10 -9.999999983634211e-08 0.2999999 -1e-07 5.0000001 0.3000001 1e-07 0 2 7 -8 
11 -1e-07 0.2999999 -1e-07 1e-07 0.5000000999999999 1e-07 0 2 7 -9 
12 4.9999999 0.2999999 -1e-07 5.0000001 0.5000000999999999 1e-07 0 2 8 -10 
13 -9.999999983634211e-08 0.4999999 -1e-07 5.0000001 0.5000000999999999 1e-07 0 2 9 -10 
14 -1e-07 0.4999999 -1e-07 1e-07 0.7000000999999999 1e-07 0 2 9 -11 
15 4.9999999 0.4999999 -1e-07 5.0000001 0.7000000999999999 1e-07 0 2 10 -12 
16 -9.999999983634211e-08 0.6999999000000001 -1e-07 5.0000001 0.7000001 1e-07 0 2 11 -12 
17 -1e-07 -0.3000001 -1e-07 1e-07 -0.0999999 1e-07 0 2 5 -13 
18 4.9999999 -0.3000001 -1e-07 5.0000001 -0.0999999 1e-07 0 2 6 -14 
19 -9.999999983634211e-08 -0.3000001 -1e-07 5.0000001 -0.2999999 1e-07 0 2 13 -14 
20 -1e-07 -0.5000000999999999 -1e-07 1e-07 -0.2999999 1e-07 0 2 13 -15 
21 4.9999999 -0.5000000999999999 -1e-07 5.0000001 -0.2999999 1e-07 0 2 14 -16 
22 -9.999999983634211e-08 -0.5000000999999999 -1e-07 5.0000001 -0.4999999 1e-07 0 2 15 -16 
23 -1e-07 -0.7000000999999999 -1e-07 1e-07 -0.4999999 1e-07 0 2 15 -17 
24 4.9999999 -0.7000000999999999 -1e-07 5.0000001 -0.4999999 1e-07 0 2 16 -18 
25 -9.999999983634211e-08 -0.7000001 -1e-07 5.0000001 -0.6999999000000001 1e-07 0 2 17 -18 
1 -9.999999983634211e-08 -1.000000000028756e-07 -1e-07 5.0000001 0.1000001 1e-07 0 4 2 4 -3 -1 
2 -9.999999983634211e-08 -0.1000001 -1e-07 5.0000001 1.000000000028756e-07 1e-07 0 4 5 7 -6 -1 
3 -9.999999983634211e-08 0.0999999 -1e-07 5.0000001 0.3000001 1e-07 0 4 8 10 -9 -4 
4 -9.999999983634211e-08 0.2999999 -1e-07 5.0000001 0.5000000999999999 1e-07 0 4 11 13 -12 -10 
5 -9.999999983634211e-08 0.4999999 -1e-07 5.0000001 0.7000001 1e-07 0 4 14 16 -15 -13 
6 -9.999999983634211e-08 -0.3000001 -1e-07 5.0000001 -0.0999999 1e-07 0 4 17 19 -18 -7 
7 -9.999999983634211e-08 -0.5000000999999999 -1e-07 5.0000001 -0.2999999 1e-07 0 4 20 22 -21 -19 
8 -9.999999983634211e-08 -0.7000001 -1e-07 5.0000001 -0.4999999 1e-07 0 4 23 25 -24 -22 
$EndEntities
$Nodes
51 8019 1 8019
0 1 0 1
1
0 0 0
0 2 0 1
2
5 0 0
0 3 0 1
3
0 0.1 0
0 4 0 1
4
5 0.1 0
0 5 0 1
5
0 -0.1 0
0 6 0 1
6
5 -0.1 0
0 7 0 1
7
0 0.3 0
0 8 0 1
8
5 0.3 0
0 9 0 1
9
0 0.5 0
0 10 0 1
10
5 0.5 0
0 11 0 1
11
0 0.7000000000000001 0
0 12 0 1
12
5 0.7000000000000001 0
0 13 0 1
13
0 -0.3 0
0 14 0 1
14
5 -0.3 0
0 15 0 1
15
0 -0.5 0
0 16 0 1
16
5 -0.5 0
0 17 0 1
17
0 -0.7000000000000001 0
0 18 0 1
18
5 -0.7000000000000001 0
1 1 0 97
19
20
21
22
23
24
25
26
27
28
29
30
31
32
33
34
35
36
37
38
39
40
41
42
43
44
45
46
47
48
49
50
51
52
53
54
55
56
57
58
59
60
61
62
63
64
65
66
67
68
69
70
71
72
73
74
75
76
77
78
79
80
81
82
83
84
85
86
87
88
89
90
91
92
93
94
95
96
97
98
99
100
101
102
103
104
105
106
107
108
109
110
111
112
113
114
115
0.1020408163265306 0 0
0.2040816326530612 0 0
0.3061224489795918 0 0
0.4081632653061224 0 0
0.510204081632653 0 0
0.6122448979591837 0 0
0.7142857142857142 0 0
0.8163265306122448 0 0
0.9183673469387754 0 0
1.020408163265306 0 0
1.122448979591837 0 0
1.224489795918367 0 0
1.326530612244898 0 0
1.428571428571428 0 0
1.530612244897959 0 0
1.63265306122449 0 0
1.73469387755102 0 0
1.836734693877551 0 0
1.938775510204082 0 0
2.040816326530612 0 0
2.142857142857143 0 0
2.244897959183673 0 0
2.346938775510204 0 0
2.448979591836735 0 0
2.551020408163265 0 0
2.653061224489796 0 0
2.755102040816326 0 0
2.857142857142857 0 0
2.959183673469388 0 0
3.061224489795918 0 0
3.163265306122449 0 0
3.265306122448979 0 0
3.36734693877551 0 0
3.469387755102041 0 0
3.571428571428571 0 0
3.673469387755102 0 0
3.775510204081632 0 0
3.877551020408163 0 0
3.979591836734693 0 0
4.081632653061224 0 0
4.183673469387755 0 0
4.285714285714286 0 0
4.387755102040816 0 0
4.489795918367347 0 0
4.591836734693877 0 0
4.693877551020408 0 0
4.795918367346939 0 0
4.897959183673469 0 0
0.0510204081632653 0 0
0.1530612244897959 0 0
0.2551020408163265 0 0
0.3571428571428571 0 0
0.4591836734693877 0 0
0.5612244897959183 0 0
0.6632653061224489 0 0
0.7653061224489794 0 0
0.8673469387755102 0 0
0.9693877551020407 0 0
1.071428571428571 0 0
1.173469387755102 0 0
1.275510204081633 0 0
1.377551020408163 0 0
1.479591836734694 0 0
1.581632653061224 0 0
1.683673469387755 0 0
1.785714285714286 0 0
1.887755102040816 0 0
1.989795918367347 0 0
2.091836734693877 0 0
2.193877551020408 0 0
2.295918367346939 0 0
2.397959183673469 0 0
2.5 0 0
2.602040816326531 0 0
2.704081632653061 0 0
2.806122448979592 0 0
2.908163265306122 0 0
3.010204081632653 0 0
3.112244897959183 0 0
3.214285714285714 0 0
3.316326530612245 0 0
3.418367346938775 0 0
3.520408163265306 0 0
3.622448979591836 0 0
3.724489795918367 0 0
3.826530612244897 0 0
3.928571428571428 0 0
4.030612244897958 0 0
4.13265306122449 0 0
4.23469387755102 0 0
4.336734693877551 0 0
4.438775510204081 0 0
4.540816326530612 0 0
4.642857142857142 0 0
4.744897959183673 0 0
4.846938775510204 0 0
4.948979591836735 0 0
1 2 0 5
116
117
118
119
120
0 0.03333333333333333 0
0 0.06666666666666667 0
0 0.01666666666666667 0
0 0.05 0
0 0.08333333333333334 0
1 3 0 5
121
122
123
124
125
5 0.03333333333333333 0
5 0.06666666666666667 0
5 0.01666666666666667 0
5 0.05 0
5 0.08333333333333334 0
1 4 0 97
126
127
128
129
130
131
132
133
134
135
136
137
138
139
140
141
142
143
144
145
146
147
148
149
150
151
152
153
154
155
156
157
158
159
160
161
162
163
164
165
166
167
168
169
170
171
172
173
174
175
176
177
178
179
180
181
182
183
184
185
186
187
188
189
190
191
192
193
194
195
196
197
198
199
200
201
202
203
204
205
206
207
208
209
210
211
212
213
214
215
216
217
218
219
220
221
222
0.1020408163265306 0.1 0
0.2040816326530612 0.1 0
0.3061224489795918 0.1 0
0.4081632653061224 0.1 0
0.510204081632653 0.1 0
0.6122448979591837 0.1 0
0.7142857142857142 0.1 0
0.8163265306122448 0.1 0
0.9183673469387754 0.1 0
1.020408163265306 0.1 0
1.122448979591837 0.1 0
1.224489795918367 0.1 0
1.326530612244898 0.1 0
1.428571428571428 0.1 0
1.530612244897959 0.1 0
1.63265306122449 0.1 0
1.73469387755102 0.1 0
1.836734693877551 0.1 0
1.938775510204082 0.1 0
2.040816326530612 0.1 0
2.142857142857143 0.1 0
2.244897959183673 0.1 0
2.346938775510204 0.1 0
2.448979591836735 0.1 0
2.551020408163265 0.1 0
2.653061224489796 0.1 0
2.755102040816326 0.1 0
2.857142857142857 0.1 0
2.959183673469388 0.1 0
3.061224489795918 0.1 0
3.163265306122449 0.1 0
3.265306122448979 0.1 0
3.36734693877551 0.1 0
3.469387755102041 0.1 0
3.571428571428571 0.1 0
3.673469387755102 0.1 0
3.775510204081632 0.1 0
3.877551020408163 0.1 0
3.979591836734693 0.1 0
4.081632653061224 0.1 0
4.183673469387755 0.1 0
4.285714285714286 0.1 0
4.387755102040816 0.1 0
4.489795918367347 0.1 0
4.591836734693877 0.1 0
4.693877551020408 0.1 0
4.795918367346939 0.1 0
4.897959183673469 0.1 0
0.0510204081632653 0.1 0
0.1530612244897959 0.1 0
0.2551020408163265 0.1 0
0.3571428571428571 0.1 0
0.4591836734693877 0.1 0
0.5612244897959183 0.1 0
0.6632653061224489 0.1 0
0.7653061224489794 0.1 0
0.8673469387755102 0.1 0
0.9693877551020407 0.1 0
1.071428571428571 0.1 0
1.173469387755102 0.1 0
1.275510204081633 0.1 0
1.377551020408163 0.1 0
1.479591836734694 0.1 0
1.581632653061224 0.1 0
1.683673469387755 0.1 0
1.785714285714286 0.1 0
1.887755102040816 0.1 0
1.989795918367347 0.1 0
2.091836734693877 0.1 0
2.193877551020408 0.1 0
2.295918367346939 0.1 0
2.397959183673469 0.1 0
2.5 0.1 0
2.602040816326531 0.1 0
2.704081632653061 0.1 0
2.806122448979592 0.1 0
2.908163265306122 0.1 0
3.010204081632653 0.1 0
3.112244897959183 0.1 0
3.214285714285714 0.1 0
3.316326530612245 0.1 0
3.418367346938775 0.1 0
3.520408163265306 0.1 0
3.622448979591836 0.1 0
3.724489795918367 0.1 0
3.826530612244897 0.1 0
3.928571428571428 0.1 0
4.030612244897958 0.1 0
4.13265306122449 0.1 0
4.23469387755102 0.1 0
4.336734693877551 0.1 0
4.438775510204081 0.1 0
4.540816326530612 0.1 0
4.642857142857142 0.1 0
4.744897959183673 0.1 0
4.846938775510204 0.1 0
4.948979591836735 0.1 0
1 5 0 5
223
224
225
226
227
0 -0.03333333333333333 0
0 -0.06666666666666667 0
0 -0.01666666666666667 0
0 -0.05 0
0 -0.08333333333333334 0
1 6 0 5
228
229
230
231
232
5 -0.03333333333333333 0
5 -0.06666666666666667 0
5 -0.01666666666666667 0
5 -0.05 0
5 -0.08333333333333334 0
1 7 0 97
233
234
235
236
237
238
239
240
241
242
243
244
245
246
247
248
249
250
251
252
253
254
255
256
257
258
259
260
261
262
263
264
265
266
267
268
269
270
271
272
273
274
275
276
277
278
279
280
281
282
283
284
285
286
287
288
289
290
291
292
293
294
295
296
297
298
299
300
301
302
303
304
305
306
307
308
309
310
311
312
313
314
315
316
317
318
319
320
321
322
323
324
325
326
327
328
329
0.1020408163265306 -0.1 0
0.2040816326530612 -0.1 0
0.3061224489795918 -0.1 0
0.4081632653061224 -0.1 0
0.510204081632653 -0.1 0
0.6122448979591837 -0.1 0
0.7142857142857142 -0.1 0
0.8163265306122448 -0.1 0
0.9183673469387754 -0.1 0
1.020408163265306 -0.1 0
1.122448979591837 -0.1 0
1.224489795918367 -0.1 0
1.326530612244898 -0.1 0
1.428571428571428 -0.1 0
1.530612244897959 -0.1 0
1.63265306122449 -0.1 0
1.73469387755102 -0.1 0
1.836734693877551 -0.1 0
1.938775510204082 -0.1 0
2.040816326530612 -0.1 0
2.142857142857143 -0.1 0
2.244897959183673 -0.1 0
2.346938775510204 -0.1 0
2.448979591836735 -0.1 0
2.551020408163265 -0.1 0
2.653061224489796 -0.1 0
2.755102040816326 -0.1 0
2.857142857142857 -0.1 0
2.959183673469388 -0.1 0
3.061224489795918 -0.1 0
3.163265306122449 -0.1 0
3.265306122448979 -0.1 0
3.36734693877551 -0.1 0
3.469387755102041 -0.1 0
3.571428571428571 -0.1 0
3.673469387755102 -0.1 0
3.775510204081632 -0.1 0
3.877551020408163 -0.1 0
3.979591836734693 -0.1 0
4.081632653061224 -0.1 0
4.183673469387755 -0.1 0
4.285714285714286 -0.1 0
4.387755102040816 -0.1 0
4.489795918367347 -0.1 0
4.591836734693877 -0.1 0
4.693877551020408 -0.1 0
4.795918367346939 -0.1 0
4.897959183673469 -0.1 0
0.0510204081632653 -0.1 0
0.1530612244897959 -0.1 0
0.2551020408163265 -0.1 0
0.3571428571428571 -0.1 0
0.4591836734693877 -0.1 0
0.5612244897959183 -0.1 0
0.6632653061224489 -0.1 0
0.7653061224489794 -0.1 0
0.8673469387755102 -0.1 0
0.9693877551020407 -0.1 0
1.071428571428571 -0.1 0
1.173469387755102 -0.1 0
1.275510204081633 -0.1 0
1.377551020408163 -0.1 0
1.479591836734694 -0.1 0
1.581632653061224 -0.1 0
1.683673469387755 -0.1 0
1.785714285714286 -0.1 0
1.887755102040816 -0.1 0
1.989795918367347 -0.1 0
2.091836734693877 -0.1 0
2.193877551020408 -0.1 0
2.295918367346939 -0.1 0
2.397959183673469 -0.1 0
2.5 -0.1 0
2.602040816326531 -0.1 0
2.704081632653061 -0.1 0
2.806122448979592 -0.1 0
2.908163265306122 -0.1 0
3.010204081632653 -0.1 0
3.112244897959183 -0.1 0
3.214285714285714 -0.1 0
3.316326530612245 -0.1 0
3.418367346938775 -0.1 0
3.520408163265306 -0.1 0
3.622448979591836 -0.1 0
3.724489795918367 -0.1 0
3.826530612244897 -0.1 0
3.928571428571428 -0.1 0
4.030612244897958 -0.1 0
4.13265306122449 -0.1 0
4.23469387755102 -0.1 0
4.336734693877551 -0.1 0
4.438775510204081 -0.1 0
4.540816326530612 -0.1 0
4.642857142857142 -0.1 0
4.744897959183673 -0.1 0
4.846938775510204 -0.1 0
4.948979591836735 -0.1 0
1 8 0 19
330
331
332
333
334
335
336
337
338
339
340
341
342
343
344
345
346
347
348
0 0.12 0
0 0.14 0
0 0.16 0
0 0.18 0
0 0.2 0
0 0.22 0
0 0.24 0
0 0.26 0
0 0.28 0
0 0.11 0
0 0.13 0
0 0.15 0
0 0.17 0
0 0.19 0
0 0.21 0
0 0.23 0
0 0.25 0
0 0.27 0
0 0.29 0
1 9 0 19
349
350
351
352
353
354
355
356
357
358
359
360
361
362
363
364
365
366
367
5 0.12 0
5 0.14 0
5 0.16 0
5 0.18 0
5 0.2 0
5 0.22 0
5 0.24 0
5 0.26 0
5 0.28 0
5 0.11 0
5 0.13 0
5 0.15 0
5 0.17 0
5 0.19 0
5 0.21 0
5 0.23 0
5 0.25 0
5 0.27 0
5 0.29 0
1 10 0 97
368
369
370
371
372
373
374
375
376
377
378
379
380
381
382
383
384
385
386
387
388
389
390
391
392
393
394
395
396
397
398
399
400
401
402
403
404
405
406
407
408
409
410
411
412
413
414
415
416
417
418
419
420
421
422
423
424
425
426
427
428
429
430
431
432
433
434
435
436
437
438
439
440
441
442
443
444
445
446
447
448
449
450
451
452
453
454
455
456
457
458
459
460
461
462
463
464
0.1020408163265306 0.3 0
0.2040816326530612 0.3 0
0.3061224489795918 0.3 0
0.4081632653061224 0.3 0
0.510204081632653 0.3 0
0.6122448979591837 0.3 0
0.7142857142857142 0.3 0
0.8163265306122448 0.3 0
0.9183673469387754 0.3 0
1.020408163265306 0.3 0
1.122448979591837 0.3 0
1.224489795918367 0.3 0
1.326530612244898 0.3 0
1.428571428571428 0.3 0
1.530612244897959 0.3 0
1.63265306122449 0.3 0
1.73469387755102 0.3 0
1.836734693877551 0.3 0
1.938775510204082 0.3 0
2.040816326530612 0.3 0
2.142857142857143 0.3 0
2.244897959183673 0.3 0
2.346938775510204 0.3 0
2.448979591836735 0.3 0
2.551020408163265 0.3 0
2.653061224489796 0.3 0
2.755102040816326 0.3 0
2.857142857142857 0.3 0
2.959183673469388 0.3 0
3.061224489795918 0.3 0
3.163265306122449 0.3 0
3.265306122448979 0.3 0
3.36734693877551 0.3 0
3.469387755102041 0.3 0
3.571428571428571 0.3 0
3.673469387755102 0.3 0
3.775510204081632 0.3 0
3.877551020408163 0.3 0
3.979591836734693 0.3 0
4.081632653061224 0.3 0
4.183673469387755 0.3 0
4.285714285714286 0.3 0
4.387755102040816 0.3 0
4.489795918367347 0.3 0
4.591836734693877 0.3 0
4.693877551020408 0.3 0
4.795918367346939 0.3 0
4.897959183673469 0.3 0
0.0510204081632653 0.3 0
0.1530612244897959 0.3 0
0.2551020408163265 0.3 0
0.3571428571428571 0.3 0
0.4591836734693877 0.3 0
0.5612244897959183 0.3 0
0.6632653061224489 0.3 0
0.7653061224489794 0.3 0
0.8673469387755102 0.3 0
0.9693877551020407 0.3 0
1.071428571428571 0.3 0
1.173469387755102 0.3 0
1.275510204081633 0.3 0
1.377551020408163 0.3 0
1.479591836734694 0.3 0
1.581632653061224 0.3 0
1.683673469387755 0.3 0
1.785714285714286 0.3 0
1.887755102040816 0.3 0
1.989795918367347 0.3 0
2.091836734693877 0.3 0
2.193877551020408 0.3 0
2.295918367346939 0.3 0
2.397959183673469 0.3 0
2.5 0.3 0
2.602040816326531 0.3 0
2.704081632653061 0.3 0
2.806122448979592 0.3 0
2.908163265306122 0.3 0
3.010204081632653 0.3 0
3.112244897959183 0.3 0
3.214285714285714 0.3 0
3.316326530612245 0.3 0
3.418367346938775 0.3 0
3.520408163265306 0.3 0
3.622448979591836 0.3 0
3.724489795918367 0.3 0
3.826530612244897 0.3 0
3.928571428571428 0.3 0
4.030612244897958 0.3 0
4.13265306122449 0.3 0
4.23469387755102 0.3 0
4.336734693877551 0.3 0
4.438775510204081 0.3 0
4.540816326530612 0.3 0
4.642857142857142 0.3 0
4.744897959183673 0.3 0
4.846938775510204 0.3 0
4.948979591836735 0.3 0
1 11 0 9
465
466
467
468
469
470
471
472
473
0 0.3400000000000001 0
0 0.3800000000000001 0
0 0.42 0
0 0.4600000000000001 0
0 0.3200000000000001 0
0 0.36 0
0 0.4 0
0 0.4400000000000001 0
0 0.4800000000000001 0
1 12 0 9
474
475
476
477
478
479
480
481
482
5 0.3400000000000001 0
5 0.3800000000000001 0
5 0.42 0
5 0.4600000000000001 0
5 0.3200000000000001 0
5 0.36 0
5 0.4 0
5 0.4400000000000001 0
5 0.4800000000000001 0
1 13 0 97
483
484
485
486
487
488
489
490
491
492
493
494
495
496
497
498
499
500
501
502
503
504
505
506
507
508
509
510
511
512
513
514
515
516
517
518
519
520
521
522
523
524
525
526
527
528
529
530
531
532
533
534
535
536
537
538
539
540
541
542
543
544
545
546
547
548
549
550
551
552
553
554
555
556
557
558
559
560
561
562
563
564
565
566
567
568
569
570
571
572
573
574
575
576
577
578
579
0.1020408163265306 0.5 0
0.2040816326530612 0.5 0
0.3061224489795918 0.5 0
0.4081632653061224 0.5 0
0.510204081632653 0.5 0
0.6122448979591837 0.5 0
0.7142857142857142 0.5 0
0.8163265306122448 0.5 0
0.9183673469387754 0.5 0
1.020408163265306 0.5 0
1.122448979591837 0.5 0
1.224489795918367 0.5 0
1.326530612244898 0.5 0
1.428571428571428 0.5 0
1.530612244897959 0.5 0
1.63265306122449 0.5 0
1.73469387755102 0.5 0
1.836734693877551 0.5 0
1.938775510204082 0.5 0
2.040816326530612 0.5 0
2.142857142857143 0.5 0
2.244897959183673 0.5 0
2.346938775510204 0.5 0
2.448979591836735 0.5 0
2.551020408163265 0.5 0
2.653061224489796 0.5 0
2.755102040816326 0.5 0
2.857142857142857 0.5 0
2.959183673469388 0.5 0
3.061224489795918 0.5 0
3.163265306122449 0.5 0
3.265306122448979 0.5 0
3.36734693877551 0.5 0
3.469387755102041 0.5 0
3.571428571428571 0.5 0
3.673469387755102 0.5 0
3.775510204081632 0.5 0
3.877551020408163 0.5 0
3.979591836734693 0.5 0
4.081632653061224 0.5 0
4.183673469387755 0.5 0
4.285714285714286 0.5 0
4.387755102040816 0.5 0
4.489795918367347 0.5 0
4.591836734693877 0.5 0
4.693877551020408 0.5 0
4.795918367346939 0.5 0
4.897959183673469 0.5 0
0.0510204081632653 0.5 0
0.1530612244897959 0.5 0
0.2551020408163265 0.5 0
0.3571428571428571 0.5 0
0.4591836734693877 0.5 0
0.5612244897959183 0.5 0
0.6632653061224489 0.5 0
0.7653061224489794 0.5 0
0.8673469387755102 0.5 0
0.9693877551020407 0.5 0
1.071428571428571 0.5 0
1.173469387755102 0.5 0
1.275510204081633 0.5 0
1.377551020408163 0.5 0
1.479591836734694 0.5 0
1.581632653061224 0.5 0
1.683673469387755 0.5 0
1.785714285714286 0.5 0
1.887755102040816 0.5 0
1.989795918367347 0.5 0
2.091836734693877 0.5 0
2.193877551020408 0.5 0
2.295918367346939 0.5 0
2.397959183673469 0.5 0
2.5 0.5 0
2.602040816326531 0.5 0
2.704081632653061 0.5 0
2.806122448979592 0.5 0
2.908163265306122 0.5 0
3.010204081632653 0.5 0
3.112244897959183 0.5 0
3.214285714285714 0.5 0
3.316326530612245 0.5 0
3.418367346938775 0.5 0
3.520408163265306 0.5 0
3.622448979591836 0.5 0
3.724489795918367 0.5 0
3.826530612244897 0.5 0
3.928571428571428 0.5 0
4.030612244897958 0.5 0
4.13265306122449 0.5 0
4.23469387755102 0.5 0
4.336734693877551 0.5 0
4.438775510204081 0.5 0
4.540816326530612 0.5 0
4.642857142857142 0.5 0
4.744897959183673 0.5 0
4.846938775510204 0.5 0
4.948979591836735 0.5 0
1 14 0 3
580
581
582
0 0.6 0
0 0.55 0
0 0.65 0
1 15 0 3
583
584
585
5 0.6 0
5 0.55 0
5 0.65 0
1 16 0 97
586
587
588
589
590
591
592
593
594
595
596
597
598
599
600
601
602
603
604
605
606
607
608
609
610
611
612
613
614
615
616
617
618
619
620
621
622
623
624
625
626
627
628
629
630
631
632
633
634
635
636
637
638
639
640
641
642
643
644
645
646
647
648
649
650
651
652
653
654
655
656
657
658
659
660
661
662
663
664
665
666
667
668
669
670
671
672
673
674
675
676
677
678
679
680
681
682
0.1020408163265306 0.7 0
0.2040816326530612 0.7 0
0.3061224489795918 0.7 0
0.4081632653061224 0.7 0
0.510204081632653 0.7 0
0.6122448979591837 0.7 0
0.7142857142857142 0.7 0
0.8163265306122448 0.7 0
0.9183673469387754 0.7 0
1.020408163265306 0.7 0
1.122448979591837 0.7 0
1.224489795918367 0.7 0
1.326530612244898 0.7 0
1.428571428571428 0.7 0
1.530612244897959 0.7 0
1.63265306122449 0.7 0
1.73469387755102 0.7 0
1.836734693877551 0.7 0
1.938775510204082 0.7 0
2.040816326530612 0.7 0
2.142857142857143 0.7 0
2.244897959183673 0.7 0
2.346938775510204 0.7 0
2.448979591836735 0.7 0
2.551020408163265 0.7 0
2.653061224489796 0.7 0
2.755102040816326 0.7 0
2.857142857142857 0.7 0
2.959183673469388 0.7 0
3.061224489795918 0.7 0
3.163265306122449 0.7 0
3.265306122448979 0.7 0
3.36734693877551 0.7 0
3.469387755102041 0.7 0
3.571428571428571 0.7 0
3.673469387755102 0.7 0
3.775510204081632 0.7 0
3.877551020408163 0.7 0
3.979591836734693 0.7 0
4.081632653061224 0.7 0
4.183673469387755 0.7 0
4.285714285714286 0.7 0
4.387755102040816 0.7 0
4.489795918367347 0.7 0
4.591836734693877 0.7 0
4.693877551020408 0.7 0
4.795918367346939 0.7 0
4.897959183673469 0.7 0
0.0510204081632653 0.7000000000000001 0
0.1530612244897959 0.7000000000000001 0
0.2551020408163265 0.7000000000000001 0
0.3571428571428571 0.7000000000000001 0
0.4591836734693877 0.7000000000000001 0
0.5612244897959183 0.7000000000000001 0
0.6632653061224489 0.7000000000000001 0
0.7653061224489794 0.7000000000000001 0
0.8673469387755102 0.7000000000000001 0
0.9693877551020407 0.7000000000000001 0
1.071428571428571 0.7000000000000001 0
1.173469387755102 0.7000000000000001 0
1.275510204081633 0.7000000000000001 0
1.377551020408163 0.7000000000000001 0
1.479591836734694 0.7000000000000001 0
1.581632653061224 0.7000000000000001 0
1.683673469387755 0.7000000000000001 0
1.785714285714286 0.7000000000000001 0
1.887755102040816 0.7000000000000001 0
1.989795918367347 0.7000000000000001 0
2.091836734693877 0.7000000000000001 0
2.193877551020408 0.7000000000000001 0
2.295918367346939 0.7000000000000001 0
2.397959183673469 0.7000000000000001 0
2.5 0.7000000000000001 0
2.602040816326531 0.7000000000000001 0
2.704081632653061 0.7000000000000001 0
2.806122448979592 0.7000000000000001 0
2.908163265306122 0.7000000000000001 0
3.010204081632653 0.7000000000000001 0
3.112244897959183 0.7000000000000001 0
3.214285714285714 0.7000000000000001 0
3.316326530612245 0.7000000000000001 0
3.418367346938775 0.7000000000000001 0
3.520408163265306 0.7000000000000001 0
3.622448979591836 0.7000000000000001 0
3.724489795918367 0.7000000000000001 0
3.826530612244897 0.7000000000000001 0
3.928571428571428 0.7000000000000001 0
4.030612244897958 0.7000000000000001 0
4.13265306122449 0.7000000000000001 0
4.23469387755102 0.7000000000000001 0
4.336734693877551 0.7000000000000001 0
4.438775510204081 0.7000000000000001 0
4.540816326530612 0.7000000000000001 0
4.642857142857142 0.7000000000000001 0
4.744897959183673 0.7000000000000001 0
4.846938775510204 0.7000000000000001 0
4.948979591836735 0.7000000000000001 0
1 17 0 19
683
684
685
686
687
688
689
690
691
692
693
694
695
696
697
698
699
700
701
0 -0.12 0
0 -0.14 0
0 -0.16 0
0 -0.18 0
0 -0.2 0
0 -0.22 0
0 -0.24 0
0 -0.26 0
0 -0.28 0
0 -0.11 0
0 -0.13 0
0 -0.15 0
0 -0.17 0
0 -0.19 0
0 -0.21 0
0 -0.23 0
0 -0.25 0
0 -0.27 0
0 -0.29 0
1 18 0 19
702
703
704
705
706
707
708
709
710
711
712
713
714
715
716
717
718
719
720
5 -0.12 0
5 -0.14 0
5 -0.16 0
5 -0.18 0
5 -0.2 0
5 -0.22 0
5 -0.24 0
5 -0.26 0
5 -0.28 0
5 -0.11 0
5 -0.13 0
5 -0.15 0
5 -0.17 0
5 -0.19 0
5 -0.21 0
5 -0.23 0
5 -0.25 0
5 -0.27 0
5 -0.29 0
1 19 0 97
721
722
723
724
725
726
727
728
729
730
731
732
733
734
735
736
737
738
739
740
741
742
743
744
745
746
747
748
749
750
751
752
753
754
755
756
757
758
759
760
761
762
763
764
765
766
767
768
769
770
771
772
773
774
775
776
777
778
779
780
781
782
783
784
785
786
787
788
789
790
791
792
793
794
795
796
797
798
799
800
801
802
803
804
805
806
807
808
809
810
811
812
813
814
815
816
817
0.1020408163265306 -0.3 0
0.2040816326530612 -0.3 0
0.3061224489795918 -0.3 0
0.4081632653061224 -0.3 0
0.510204081632653 -0.3 0
0.6122448979591837 -0.3 0
0.7142857142857142 -0.3 0
0.8163265306122448 -0.3 0
0.9183673469387754 -0.3 0
1.020408163265306 -0.3 0
1.122448979591837 -0.3 0
1.224489795918367 -0.3 0
1.326530612244898 -0.3 0
1.428571428571428 -0.3 0
1.530612244897959 -0.3 0
1.63265306122449 -0.3 0
1.73469387755102 -0.3 0
1.836734693877551 -0.3 0
1.938775510204082 -0.3 0
2.040816326530612 -0.3 0
2.142857142857143 -0.3 0
2.244897959183673 -0.3 0
2.346938775510204 -0.3 0
2.448979591836735 -0.3 0
2.551020408163265 -0.3 0
2.653061224489796 -0.3 0
2.755102040816326 -0.3 0
2.857142857142857 -0.3 0
2.959183673469388 -0.3 0
3.061224489795918 -0.3 0
3.163265306122449 -0.3 0
3.265306122448979 -0.3 0
3.36734693877551 -0.3 0
3.469387755102041 -0.3 0
3.571428571428571 -0.3 0
3.673469387755102 -0.3 0
3.775510204081632 -0.3 0
3.877551020408163 -0.3 0
3.979591836734693 -0.3 0
4.081632653061224 -0.3 0
4.183673469387755 -0.3 0
4.285714285714286 -0.3 0
4.387755102040816 -0.3 0
4.489795918367347 -0.3 0
4.591836734693877 -0.3 0
4.693877551020408 -0.3 0
4.795918367346939 -0.3 0
4.897959183673469 -0.3 0
0.0510204081632653 -0.3 0
0.1530612244897959 -0.3 0
0.2551020408163265 -0.3 0
0.3571428571428571 -0.3 0
0.4591836734693877 -0.3 0
0.5612244897959183 -0.3 0
0.6632653061224489 -0.3 0
0.7653061224489794 -0.3 0
0.8673469387755102 -0.3 0
0.9693877551020407 -0.3 0
1.071428571428571 -0.3 0
1.173469387755102 -0.3 0
1.275510204081633 -0.3 0
1.377551020408163 -0.3 0
1.479591836734694 -0.3 0
1.581632653061224 -0.3 0
1.683673469387755 -0.3 0
1.785714285714286 -0.3 0
1.887755102040816 -0.3 0
1.989795918367347 -0.3 0
2.091836734693877 -0.3 0
2.193877551020408 -0.3 0
2.295918367346939 -0.3 0
2.397959183673469 -0.3 0
2.5 -0.3 0
2.602040816326531 -0.3 0
2.704081632653061 -0.3 0
2.806122448979592 -0.3 0
2.908163265306122 -0.3 0
3.010204081632653 -0.3 0
3.112244897959183 -0.3 0
3.214285714285714 -0.3 0
3.316326530612245 -0.3 0
3.418367346938775 -0.3 0
3.520408163265306 -0.3 0
3.622448979591836 -0.3 0
3.724489795918367 -0.3 0
3.826530612244897 -0.3 0
3.928571428571428 -0.3 0
4.030612244897958 -0.3 0
4.13265306122449 -0.3 0
4.23469387755102 -0.3 0
4.336734693877551 -0.3 0
4.438775510204081 -0.3 0
4.540816326530612 -0.3 0
4.642857142857142 -0.3 0
4.744897959183673 -0.3 0
4.846938775510204 -0.3 0
4.948979591836735 -0.3 0
1 20 0 9
818
819
820
821
822
823
824
825
826
0 -0.3400000000000001 0
0 -0.3800000000000001 0
0 -0.42 0
0 -0.4600000000000001 0
0 -0.3200000000000001 0
0 -0.36 0
0 -0.4 0
0 -0.4400000000000001 0
0 -0.4800000000000001 0
1 21 0 9
827
828
829
830
831
832
833
834
835
5 -0.3400000000000001 0
5 -0.3800000000000001 0
5 -0.42 0
5 -0.4600000000000001 0
5 -0.3200000000000001 0
5 -0.36 0
5 -0.4 0
5 -0.4400000000000001 0
5 -0.4800000000000001 0
1 22 0 97
836
837
838
839
840
841
842
843
844
845
846
847
848
849
850
851
852
853
854
855
856
857
858
859
860
861
862
863
864
865
866
867
868
869
870
871
872
873
874
875
876
877
878
879
880
881
882
883
884
885
886
887
888
889
890
891
892
893
894
895
896
897
898
899
900
901
902
903
904
905
906
907
908
909
910
911
912
913
914
915
916
917
918
919
920
921
922
923
924
925
926
927
928
929
930
931
932
0.1020408163265306 -0.5 0
0.2040816326530612 -0.5 0
0.3061224489795918 -0.5 0
0.4081632653061224 -0.5 0
0.510204081632653 -0.5 0
0.6122448979591837 -0.5 0
0.7142857142857142 -0.5 0
0.8163265306122448 -0.5 0
0.9183673469387754 -0.5 0
1.020408163265306 -0.5 0
1.122448979591837 -0.5 0
1.224489795918367 -0.5 0
1.326530612244898 -0.5 0
1.428571428571428 -0.5 0
1.530612244897959 -0.5 0
1.63265306122449 -0.5 0
1.73469387755102 -0.5 0
1.836734693877551 -0.5 0
1.938775510204082 -0.5 0
2.040816326530612 -0.5 0
2.142857142857143 -0.5 0
2.244897959183673 -0.5 0
2.346938775510204 -0.5 0
2.448979591836735 -0.5 0
2.551020408163265 -0.5 0
2.653061224489796 -0.5 0
2.755102040816326 -0.5 0
2.857142857142857 -0.5 0
2.959183673469388 -0.5 0
3.061224489795918 -0.5 0
3.163265306122449 -0.5 0
3.265306122448979 -0.5 0
3.36734693877551 -0.5 0
3.469387755102041 -0.5 0
3.571428571428571 -0.5 0
3.673469387755102 -0.5 0
3.775510204081632 -0.5 0
3.877551020408163 -0.5 0
3.979591836734693 -0.5 0
4.081632653061224 -0.5 0
4.183673469387755 -0.5 0
4.285714285714286 -0.5 0
4.387755102040816 -0.5 0
4.489795918367347 -0.5 0
4.591836734693877 -0.5 0
4.693877551020408 -0.5 0
4.795918367346939 -0.5 0
4.897959183673469 -0.5 0
0.0510204081632653 -0.5 0
0.1530612244897959 -0.5 0
0.2551020408163265 -0.5 0
0.3571428571428571 -0.5 0
0.4591836734693877 -0.5 0
0.5612244897959183 -0.5 0
0.6632653061224489 -0.5 0
0.7653061224489794 -0.5 0
0.8673469387755102 -0.5 0
0.9693877551020407 -0.5 0
1.071428571428571 -0.5 0
1.173469387755102 -0.5 0
1.275510204081633 -0.5 0
1.377551020408163 -0.5 0
1.479591836734694 -0.5 0
1.581632653061224 -0.5 0
1.683673469387755 -0.5 0
1.785714285714286 -0.5 0
1.887755102040816 -0.5 0
1.989795918367347 -0.5 0
2.091836734693877 -0.5 0
2.193877551020408 -0.5 0
2.295918367346939 -0.5 0
2.397959183673469 -0.5 0
2.5 -0.5 0
2.602040816326531 -0.5 0
2.704081632653061 -0.5 0
2.806122448979592 -0.5 0
2.908163265306122 -0.5 0
3.010204081632653 -0.5 0
3.112244897959183 -0.5 0
3.214285714285714 -0.5 0
3.316326530612245 -0.5 0
3.418367346938775 -0.5 0
3.520408163265306 -0.5 0
3.622448979591836 -0.5 0
3.724489795918367 -0.5 0
3.826530612244897 -0.5 0
3.928571428571428 -0.5 0
4.030612244897958 -0.5 0
4.13265306122449 -0.5 0
4.23469387755102 -0.5 0
4.336734693877551 -0.5 0
4.438775510204081 -0.5 0
4.540816326530612 -0.5 0
4.642857142857142 -0.5 0
4.744897959183673 -0.5 0
4.846938775510204 -0.5 0
4.948979591836735 -0.5 0
1 23 0 3
933
934
935
0 -0.6 0
0 -0.55 0
0 -0.65 0
1 24 0 3
936
937
938
5 -0.6 0
5 -0.55 0
5 -0.65 0
1 25 0 97
939
940
941
942
943
944
945
946
947
948
949
950
951
952
953
954
955
956
957
958
959
960
961
962
963
964
965
966
967
968
969
970
971
972
973
974
975
976
977
978
979
980
981
982
983
984
985
986
987
988
989
990
991
992
993
994
995
996
997
998
999
1000
1001
1002
1003
1004
1005
1006
1007
1008
1009
1010
1011
1012
1013
1014
1015
1016
1017
1018
1019
1020
1021
1022
1023
1024
1025
1026
1027
1028
1029
1030
1031
1032
1033
1034
1035
0.1020408163265306 -0.7 0
0.2040816326530612 -0.7 0
0.3061224489795918 -0.7 0
0.4081632653061224 -0.7 0
0.510204081632653 -0.7 0
0.6122448979591837 -0.7 0
0.7142857142857142 -0.7 0
0.8163265306122448 -0.7 0
0.9183673469387754 -0.7 0
1.020408163265306 -0.7 0
1.122448979591837 -0.7 0
1.224489795918367 -0.7 0
1.326530612244898 -0.7 0
1.428571428571428 -0.7 0
1.530612244897959 -0.7 0
1.63265306122449 -0.7 0
1.73469387755102 -0.7 0
1.836734693877551 -0.7 0
1.938775510204082 -0.7 0
2.040816326530612 -0.7 0
2.142857142857143 -0.7 0
2.244897959183673 -0.7 0
2.346938775510204 -0.7 0
2.448979591836735 -0.7 0
2.551020408163265 -0.7 0
2.653061224489796 -0.7 0
2.755102040816326 -0.7 0
2.857142857142857 -0.7 0
2.959183673469388 -0.7 0
3.061224489795918 -0.7 0
3.163265306122449 -0.7 0
3.265306122448979 -0.7 0
3.36734693877551 -0.7 0
3.469387755102041 -0.7 0
3.571428571428571 -0.7 0
3.673469387755102 -0.7 0
3.775510204081632 -0.7 0
3.877551020408163 -0.7 0
3.979591836734693 -0.7 0
4.081632653061224 -0.7 0
4.183673469387755 -0.7 0
4.285714285714286 -0.7 0
4.387755102040816 -0.7 0
4.489795918367347 -0.7 0
4.591836734693877 -0.7 0
4.693877551020408 -0.7 0
4.795918367346939 -0.7 0
4.897959183673469 -0.7 0
0.0510204081632653 -0.7000000000000001 0
0.1530612244897959 -0.7000000000000001 0
0.2551020408163265 -0.7000000000000001 0
0.3571428571428571 -0.7000000000000001 0
0.4591836734693877 -0.7000000000000001 0
0.5612244897959183 -0.7000000000000001 0
0.6632653061224489 -0.7000000000000001 0
0.7653061224489794 -0.7000000000000001 0
0.8673469387755102 -0.7000000000000001 0
0.9693877551020407 -0.7000000000000001 0
1.071428571428571 -0.7000000000000001 0
1.173469387755102 -0.7000000000000001 0
1.275510204081633 -0.7000000000000001 0
1.377551020408163 -0.7000000000000001 0
1.479591836734694 -0.7000000000000001 0
1.581632653061224 -0.7000000000000001 0
1.683673469387755 -0.7000000000000001 0
1.785714285714286 -0.7000000000000001 0
1.887755102040816 -0.7000000000000001 0
1.989795918367347 -0.7000000000000001 0
2.091836734693877 -0.7000000000000001 0
2.193877551020408 -0.7000000000000001 0
2.295918367346939 -0.7000000000000001 0
2.397959183673469 -0.7000000000000001 0
2.5 -0.7000000000000001 0
2.602040816326531 -0.7000000000000001 0
2.704081632653061 -0.7000000000000001 0
2.806122448979592 -0.7000000000000001 0
2.908163265306122 -0.7000000000000001 0
3.010204081632653 -0.7000000000000001 0
3.112244897959183 -0.7000000000000001 0
3.214285714285714 -0.7000000000000001 0
3.316326530612245 -0.7000000000000001 0
3.418367346938775 -0.7000000000000001 0
3.520408163265306 -0.7000000000000001 0
3.622448979591836 -0.7000000000000001 0
3.724489795918367 -0.7000000000000001 0
3.826530612244897 -0.7000000000000001 0
3.928571428571428 -0.7000000000000001 0
4.030612244897958 -0.7000000000000001 0
4.13265306122449 -0.7000000000000001 0
4.23469387755102 -0.7000000000000001 0
4.336734693877551 -0.7000000000000001 0
4.438775510204081 -0.7000000000000001 0
4.540816326530612 -0.7000000000000001 0
4.642857142857142 -0.7000000000000001 0
4.744897959183673 -0.7000000000000001 0
4.846938775510204 -0.7000000000000001 0
4.948979591836735 -0.7000000000000001 0
2 1 0 485
1036
1037
1038
1039
1040
1041
1042
1043
1044
1045
1046
1047
1048
1049
1050
1051
1052
1053
1054
1055
1056
1057
1058
1059
1060
1061
1062
1063
1064
1065
1066
1067
1068
1069
1070
1071
1072
1073
1074
1075
1076
1077
1078
1079
1080
1081
1082
1083
1084
1085
1086
1087
1088
1089
1090
1091
1092
1093
1094
1095
1096
1097
1098
1099
1100
1101
1102
1103
1104
1105
1106
1107
1108
1109
1110
1111
1112
1113
1114
1115
1116
1117
1118
1119
1120
1121
1122
1123
1124
1125
1126
1127
1128
1129
1130
1131
1132
1133
1134
1135
1136
1137
1138
1139
1140
1141
1142
1143
1144
1145
1146
1147
1148
1149
1150
1151
1152
1153
1154
1155
1156
1157
1158
1159
1160
1161
1162
1163
1164
1165
1166
1167
1168
1169
1170
1171
1172
1173
1174
1175
1176
1177
1178
1179
1180
1181
1182
1183
1184
1185
1186
1187
1188
1189
1190
1191
1192
1193
1194
1195
1196
1197
1198
1199
1200
1201
1202
1203
1204
1205
1206
1207
1208
1209
1210
1211
1212
1213
1214
1215
1216
1217
1218
1219
1220
1221
1222
1223
1224
1225
1226
1227
1228
1229
1230
1231
1232
1233
1234
1235
1236
1237
1238
1239
1240
1241
1242
1243
1244
1245
1246
1247
1248
1249
1250
1251
1252
1253
1254
1255
1256
1257
1258
1259
1260
1261
1262
1263
1264
1265
1266
1267
1268
1269
1270
1271
1272
1273
1274
1275
1276
1277
1278
1279
1280
1281
1282
1283
1284
1285
1286
1287
1288
1289
1290
1291
1292
1293
1294
1295
1296
1297
1298
1299
1300
1301
1302
1303
1304
1305
1306
1307
1308
1309
1310
1311
1312
1313
1314
1315
1316
1317
1318
1319
1320
1321
1322
1323
1324
1325
1326
1327
1328
1329
1330
1331
1332
1333
1334
1335
1336
1337
1338
1339
1340
1341
1342
1343
1344
1345
1346
1347
1348
1349
1350
1351
1352
1353
1354
1355
1356
1357
1358
1359
1360
1361
1362
1363
1364
1365
1366
1367
1368
1369
1370
1371
1372
1373
1374
1375
1376
1377
1378
1379
1380
1381
1382
1383
1384
1385
1386
1387
1388
1389
1390
1391
1392
1393
1394
1395
1396
1397
1398
1399
1400
1401
1402
1403
1404
1405
1406
1407
1408
1409
1410
1411
1412
1413
1414
1415
1416
1417
1418
1419
1420
1421
1422
1423
1424
1425
1426
1427
1428
1429
1430
1431
1432
1433
1434
1435
1436
1437
1438
1439
1440
1441
1442
1443
1444
1445
1446
1447
1448
1449
1450
1451
1452
1453
1454
1455
1456
1457
1458
1459
1460
1461
1462
1463
1464
1465
1466
1467
1468
1469
1470
1471
1472
1473
1474
1475
1476
1477
1478
1479
1480
1481
1482
1483
1484
1485
1486
1487
1488
1489
1490
1491
1492
1493
1494
1495
1496
1497
1498
1499
1500
1501
1502
1503
1504
1505
1506
1507
1508
1509
1510
1511
1512
1513
1514
1515
1516
1517
1518
1519
1520
0.1020408163265306 0.03333333333333333 0
0.1020408163265306 0.06666666666666667 0
0.2040816326530612 0.03333333333333333 0
0.2040816326530612 0.06666666666666667 0
0.3061224489795918 0.03333333333333333 0
0.3061224489795918 0.06666666666666667 0
0.4081632653061224 0.03333333333333333 0
0.4081632653061224 0.06666666666666667 0
0.510204081632653 0.03333333333333333 0
0.510204081632653 0.06666666666666667 0
0.6122448979591837 0.03333333333333333 0
0.6122448979591837 0.06666666666666667 0
0.7142857142857142 0.03333333333333333 0
0.7142857142857142 0.06666666666666667 0
0.8163265306122448 0.03333333333333333 0
0.8163265306122448 0.06666666666666667 0
0.9183673469387754 0.03333333333333333 0
0.9183673469387754 0.06666666666666667 0
1.020408163265306 0.03333333333333333 0
1.020408163265306 0.06666666666666667 0
1.122448979591837 0.03333333333333333 0
1.122448979591837 0.06666666666666667 0
1.224489795918367 0.03333333333333333 0
1.224489795918367 0.06666666666666667 0
1.326530612244898 0.03333333333333333 0
1.326530612244898 0.06666666666666667 0
1.428571428571428 0.03333333333333333 0
1.428571428571428 0.06666666666666667 0
1.530612244897959 0.03333333333333333 0
1.530612244897959 0.06666666666666667 0
1.63265306122449 0.03333333333333333 0
1.63265306122449 0.06666666666666667 0
1.73469387755102 0.03333333333333333 0
1.73469387755102 0.06666666666666667 0
1.836734693877551 0.03333333333333333 0
1.836734693877551 0.06666666666666667 0
1.938775510204082 0.03333333333333333 0
1.938775510204082 0.06666666666666667 0
2.040816326530612 0.03333333333333333 0
2.040816326530612 0.06666666666666667 0
2.142857142857143 0.03333333333333333 0
2.142857142857143 0.06666666666666667 0
2.244897959183673 0.03333333333333333 0
2.244897959183673 0.06666666666666667 0
2.346938775510204 0.03333333333333333 0
2.346938775510204 0.06666666666666667 0
2.448979591836735 0.03333333333333333 0
2.448979591836735 0.06666666666666667 0
2.551020408163265 0.03333333333333333 0
2.551020408163265 0.06666666666666667 0
2.653061224489796 0.03333333333333333 0
2.653061224489796 0.06666666666666667 0
2.755102040816326 0.03333333333333333 0
2.755102040816326 0.06666666666666667 0
2.857142857142857 0.03333333333333333 0
2.857142857142857 0.06666666666666667 0
2.959183673469388 0.03333333333333333 0
2.959183673469388 0.06666666666666667 0
3.061224489795918 0.03333333333333333 0
3.061224489795918 0.06666666666666667 0
3.163265306122449 0.03333333333333333 0
3.163265306122449 0.06666666666666667 0
3.265306122448979 0.03333333333333333 0
3.265306122448979 0.06666666666666667 0
3.36734693877551 0.03333333333333333 0
3.36734693877551 0.06666666666666667 0
3.469387755102041 0.03333333333333333 0
3.469387755102041 0.06666666666666667 0
3.571428571428571 0.03333333333333333 0
3.571428571428571 0.06666666666666667 0
3.673469387755102 0.03333333333333333 0
3.673469387755102 0.06666666666666667 0
3.775510204081632 0.03333333333333333 0
3.775510204081632 0.06666666666666667 0
3.877551020408163 0.03333333333333333 0
3.877551020408163 0.06666666666666667 0
3.979591836734693 0.03333333333333333 0
3.979591836734693 0.06666666666666667 0
4.081632653061224 0.03333333333333333 0
4.081632653061224 0.06666666666666667 0
4.183673469387755 0.03333333333333333 0
4.183673469387755 0.06666666666666667 0
4.285714285714286 0.03333333333333333 0
4.285714285714286 0.06666666666666667 0
4.387755102040816 0.03333333333333333 0
4.387755102040816 0.06666666666666667 0
4.489795918367347 0.03333333333333333 0
4.489795918367347 0.06666666666666667 0
4.591836734693877 0.03333333333333333 0
4.591836734693877 0.06666666666666667 0
4.693877551020408 0.03333333333333333 0
4.693877551020408 0.06666666666666667 0
4.795918367346939 0.03333333333333333 0
4.795918367346939 0.06666666666666667 0
4.897959183673469 0.03333333333333333 0
4.897959183673469 0.06666666666666667 0
0.0510204081632653 0.03333333333333333 0
0.1020408163265306 0.01666666666666667 0
0.0510204081632653 0.01666666666666667 0
0.0510204081632653 0.06666666666666667 0
0.1020408163265306 0.05 0
0.0510204081632653 0.04999999999999999 0
0.1020408163265306 0.08333333333333334 0
0.0510204081632653 0.08333333333333334 0
0.1530612244897959 0.03333333333333333 0
0.2040816326530612 0.01666666666666667 0
0.1530612244897959 0.01666666666666667 0
0.1530612244897959 0.06666666666666667 0
0.2040816326530612 0.05 0
0.1530612244897959 0.05 0
0.2040816326530612 0.08333333333333334 0
0.1530612244897959 0.08333333333333334 0
0.2551020408163265 0.03333333333333333 0
0.3061224489795918 0.01666666666666667 0
0.2551020408163266 0.01666666666666667 0
0.2551020408163265 0.06666666666666667 0
0.3061224489795918 0.05 0
0.2551020408163266 0.05 0
0.3061224489795918 0.08333333333333334 0
0.2551020408163266 0.08333333333333334 0
0.3571428571428571 0.03333333333333333 0
0.4081632653061224 0.01666666666666667 0
0.3571428571428571 0.01666666666666667 0
0.3571428571428571 0.06666666666666667 0
0.4081632653061224 0.05 0
0.3571428571428571 0.05 0
0.4081632653061224 0.08333333333333334 0
0.3571428571428571 0.08333333333333334 0
0.4591836734693877 0.03333333333333333 0
0.510204081632653 0.01666666666666667 0
0.4591836734693877 0.01666666666666667 0
0.4591836734693877 0.06666666666666667 0
0.510204081632653 0.05 0
0.4591836734693877 0.05 0
0.510204081632653 0.08333333333333334 0
0.4591836734693877 0.08333333333333334 0
0.5612244897959183 0.03333333333333333 0
0.6122448979591837 0.01666666666666667 0
0.5612244897959183 0.01666666666666667 0
0.5612244897959183 0.06666666666666667 0
0.6122448979591837 0.05 0
0.5612244897959183 0.05 0
0.6122448979591837 0.08333333333333334 0
0.5612244897959183 0.08333333333333334 0
0.6632653061224489 0.03333333333333333 0
0.7142857142857142 0.01666666666666667 0
0.6632653061224489 0.01666666666666667 0
0.6632653061224489 0.06666666666666667 0
0.7142857142857142 0.05 0
0.6632653061224489 0.05 0
0.7142857142857142 0.08333333333333334 0
0.6632653061224489 0.08333333333333334 0
0.7653061224489794 0.03333333333333333 0
0.8163265306122448 0.01666666666666667 0
0.7653061224489794 0.01666666666666667 0
0.7653061224489794 0.06666666666666667 0
0.8163265306122448 0.05 0
0.7653061224489794 0.05 0
0.8163265306122448 0.08333333333333334 0
0.7653061224489794 0.08333333333333334 0
0.8673469387755102 0.03333333333333333 0
0.9183673469387754 0.01666666666666667 0
0.8673469387755102 0.01666666666666667 0
0.8673469387755102 0.06666666666666667 0
0.9183673469387754 0.05 0
0.8673469387755102 0.05 0
0.9183673469387754 0.08333333333333334 0
0.8673469387755102 0.08333333333333334 0
0.9693877551020407 0.03333333333333333 0
1.020408163265306 0.01666666666666667 0
0.9693877551020407 0.01666666666666667 0
0.9693877551020407 0.06666666666666667 0
1.020408163265306 0.05 0
0.9693877551020407 0.05 0
1.020408163265306 0.08333333333333334 0
0.9693877551020407 0.08333333333333334 0
1.071428571428571 0.03333333333333333 0
1.122448979591837 0.01666666666666667 0
1.071428571428571 0.01666666666666667 0
1.071428571428571 0.06666666666666667 0
1.122448979591837 0.05 0
1.071428571428571 0.05 0
1.122448979591837 0.08333333333333334 0
1.071428571428571 0.08333333333333334 0
1.173469387755102 0.03333333333333333 0
1.224489795918367 0.01666666666666667 0
1.173469387755102 0.01666666666666667 0
1.173469387755102 0.06666666666666667 0
1.224489795918367 0.05 0
1.173469387755102 0.05 0
1.224489795918367 0.08333333333333334 0
1.173469387755102 0.08333333333333334 0
1.275510204081633 0.03333333333333333 0
1.326530612244898 0.01666666666666667 0
1.275510204081633 0.01666666666666667 0
1.275510204081633 0.06666666666666667 0
1.326530612244898 0.05 0
1.275510204081633 0.05 0
1.326530612244898 0.08333333333333334 0
1.275510204081633 0.08333333333333334 0
1.377551020408163 0.03333333333333333 0
1.428571428571428 0.01666666666666667 0
1.377551020408163 0.01666666666666667 0
1.377551020408163 0.06666666666666667 0
1.428571428571428 0.05 0
1.377551020408163 0.05 0
1.428571428571428 0.08333333333333334 0
1.377551020408163 0.08333333333333334 0
1.479591836734694 0.03333333333333333 0
1.530612244897959 0.01666666666666667 0
1.479591836734694 0.01666666666666667 0
1.479591836734694 0.06666666666666667 0
1.530612244897959 0.05 0
1.479591836734694 0.05 0
1.530612244897959 0.08333333333333334 0
1.479591836734694 0.08333333333333334 0
1.581632653061224 0.03333333333333333 0
1.63265306122449 0.01666666666666667 0
1.581632653061224 0.01666666666666667 0
1.581632653061224 0.06666666666666667 0
1.63265306122449 0.05 0
1.581632653061224 0.05 0
1.63265306122449 0.08333333333333334 0
1.581632653061224 0.08333333333333334 0
1.683673469387755 0.03333333333333333 0
1.73469387755102 0.01666666666666667 0
1.683673469387755 0.01666666666666667 0
1.683673469387755 0.06666666666666667 0
1.73469387755102 0.05 0
1.683673469387755 0.05 0
1.73469387755102 0.08333333333333334 0
1.683673469387755 0.08333333333333334 0
1.785714285714286 0.03333333333333333 0
1.836734693877551 0.01666666666666667 0
1.785714285714286 0.01666666666666667 0
1.785714285714286 0.06666666666666667 0
1.836734693877551 0.05 0
1.785714285714286 0.05 0
1.836734693877551 0.08333333333333334 0
1.785714285714286 0.08333333333333334 0
1.887755102040816 0.03333333333333333 0
1.938775510204082 0.01666666666666667 0
1.887755102040816 0.01666666666666667 0
1.887755102040816 0.06666666666666667 0
1.938775510204082 0.05 0
1.887755102040816 0.05 0
1.938775510204082 0.08333333333333334 0
1.887755102040816 0.08333333333333334 0
1.989795918367347 0.03333333333333333 0
2.040816326530612 0.01666666666666667 0
1.989795918367347 0.01666666666666667 0
1.989795918367347 0.06666666666666667 0
2.040816326530612 0.05 0
1.989795918367347 0.05 0
2.040816326530612 0.08333333333333334 0
1.989795918367347 0.08333333333333334 0
2.091836734693877 0.03333333333333333 0
2.142857142857143 0.01666666666666667 0
2.091836734693877 0.01666666666666667 0
2.091836734693877 0.06666666666666667 0
2.142857142857143 0.05 0
2.091836734693877 0.05 0
2.142857142857143 0.08333333333333334 0
2.091836734693877 0.08333333333333334 0
2.193877551020408 0.03333333333333333 0
2.244897959183673 0.01666666666666667 0
2.193877551020408 0.01666666666666667 0
2.193877551020408 0.06666666666666667 0
2.244897959183673 0.05 0
2.193877551020408 0.05 0
2.244897959183673 0.08333333333333334 0
2.193877551020408 0.08333333333333334 0
2.295918367346939 0.03333333333333333 0
2.346938775510204 0.01666666666666667 0
2.295918367346939 0.01666666666666667 0
2.295918367346939 0.06666666666666667 0
2.346938775510204 0.05 0
2.295918367346939 0.05 0
2.346938775510204 0.08333333333333334 0
2.295918367346939 0.08333333333333334 0
2.397959183673469 0.03333333333333333 0
2.448979591836735 0.01666666666666667 0
2.397959183673469 0.01666666666666667 0
2.397959183673469 0.06666666666666667 0
2.448979591836735 0.05 0
2.397959183673469 0.05 0
2.448979591836735 0.08333333333333334 0
2.397959183673469 0.08333333333333334 0
2.5 0.03333333333333333 0
2.551020408163265 0.01666666666666667 0
2.5 0.01666666666666667 0
2.5 0.06666666666666667 0
2.551020408163265 0.05 0
2.5 0.05 0
2.551020408163265 0.08333333333333334 0
2.5 0.08333333333333334 0
2.602040816326531 0.03333333333333333 0
2.653061224489796 0.01666666666666667 0
2.602040816326531 0.01666666666666667 0
2.602040816326531 0.06666666666666667 0
2.653061224489796 0.05 0
2.602040816326531 0.05 0
2.653061224489796 0.08333333333333334 0
2.602040816326531 0.08333333333333334 0
2.704081632653061 0.03333333333333333 0
2.755102040816326 0.01666666666666667 0
2.704081632653061 0.01666666666666667 0
2.704081632653061 0.06666666666666667 0
2.755102040816326 0.05 0
2.704081632653061 0.05 0
2.755102040816326 0.08333333333333334 0
2.704081632653061 0.08333333333333334 0
2.806122448979592 0.03333333333333333 0
2.857142857142857 0.01666666666666667 0
2.806122448979592 0.01666666666666667 0
2.806122448979592 0.06666666666666667 0
2.857142857142857 0.05 0
2.806122448979592 0.05 0
2.857142857142857 0.08333333333333334 0
2.806122448979592 0.08333333333333334 0
2.908163265306122 0.03333333333333333 0
2.959183673469388 0.01666666666666667 0
2.908163265306122 0.01666666666666667 0
2.908163265306122 0.06666666666666667 0
2.959183673469388 0.05 0
2.908163265306122 0.05 0
2.959183673469388 0.08333333333333334 0
2.908163265306122 0.08333333333333334 0
3.010204081632653 0.03333333333333333 0
3.061224489795918 0.01666666666666667 0
3.010204081632653 0.01666666666666667 0
3.010204081632653 0.06666666666666667 0
3.061224489795918 0.05 0
3.010204081632653 0.05 0
3.061224489795918 0.08333333333333334 0
3.010204081632653 0.08333333333333334 0
3.112244897959183 0.03333333333333333 0
3.163265306122449 0.01666666666666667 0
3.112244897959183 0.01666666666666667 0
3.112244897959183 0.06666666666666667 0
3.163265306122449 0.05 0
3.112244897959183 0.05 0
3.163265306122449 0.08333333333333334 0
3.112244897959183 0.08333333333333334 0
3.214285714285714 0.03333333333333333 0
3.265306122448979 0.01666666666666667 0
3.214285714285714 0.01666666666666667 0
3.214285714285714 0.06666666666666667 0
3.265306122448979 0.05 0
3.214285714285714 0.05 0
3.265306122448979 0.08333333333333334 0
3.214285714285714 0.08333333333333334 0
3.316326530612245 0.03333333333333333 0
3.36734693877551 0.01666666666666667 0
3.316326530612245 0.01666666666666667 0
3.316326530612245 0.06666666666666667 0
3.36734693877551 0.05 0
3.316326530612245 0.05 0
3.36734693877551 0.08333333333333334 0
3.316326530612245 0.08333333333333334 0
3.418367346938775 0.03333333333333333 0
3.469387755102041 0.01666666666666667 0
3.418367346938775 0.01666666666666667 0
3.418367346938775 0.06666666666666667 0
3.469387755102041 0.05 0
3.418367346938775 0.05 0
3.469387755102041 0.08333333333333334 0
3.418367346938775 0.08333333333333334 0
3.520408163265306 0.03333333333333333 0
3.571428571428571 0.01666666666666667 0
3.520408163265306 0.01666666666666667 0
3.520408163265306 0.06666666666666667 0
3.571428571428571 0.05 0
3.520408163265306 0.05 0
3.571428571428571 0.08333333333333334 0
3.520408163265306 0.08333333333333334 0
3.622448979591836 0.03333333333333333 0
3.673469387755102 0.01666666666666667 0
3.622448979591836 0.01666666666666667 0
3.622448979591836 0.06666666666666667 0
3.673469387755102 0.05 0
3.622448979591836 0.05 0
3.673469387755102 0.08333333333333334 0
3.622448979591836 0.08333333333333334 0
3.724489795918367 0.03333333333333333 0
3.775510204081632 0.01666666666666667 0
3.724489795918367 0.01666666666666667 0
3.724489795918367 0.06666666666666667 0
3.775510204081632 0.05 0
3.724489795918367 0.05 0
3.775510204081632 0.08333333333333334 0
3.724489795918367 0.08333333333333334 0
3.826530612244897 0.03333333333333333 0
3.877551020408163 0.01666666666666667 0
3.826530612244897 0.01666666666666667 0
3.826530612244897 0.06666666666666667 0
3.877551020408163 0.05 0
3.826530612244897 0.05 0
3.877551020408163 0.08333333333333334 0
3.826530612244897 0.08333333333333334 0
3.928571428571428 0.03333333333333333 0
3.979591836734693 0.01666666666666667 0
3.928571428571428 0.01666666666666667 0
3.928571428571428 0.06666666666666667 0
3.979591836734693 0.05 0
3.928571428571428 0.05 0
3.979591836734693 0.08333333333333334 0
3.928571428571428 0.08333333333333334 0
4.030612244897958 0.03333333333333333 0
4.081632653061224 0.01666666666666667 0
4.030612244897958 0.01666666666666667 0
4.030612244897958 0.06666666666666667 0
4.081632653061224 0.05 0
4.030612244897958 0.05 0
4.081632653061224 0.08333333333333334 0
4.030612244897958 0.08333333333333334 0
4.13265306122449 0.03333333333333333 0
4.183673469387755 0.01666666666666667 0
4.13265306122449 0.01666666666666667 0
4.13265306122449 0.06666666666666667 0
4.183673469387755 0.05 0
4.13265306122449 0.05 0
4.183673469387755 0.08333333333333334 0
4.13265306122449 0.08333333333333334 0
4.23469387755102 0.03333333333333333 0
4.285714285714286 0.01666666666666667 0
4.23469387755102 0.01666666666666667 0
4.23469387755102 0.06666666666666667 0
4.285714285714286 0.05 0
4.23469387755102 0.05 0
4.285714285714286 0.08333333333333334 0
4.23469387755102 0.08333333333333334 0
4.336734693877551 0.03333333333333333 0
4.387755102040816 0.01666666666666667 0
4.336734693877551 0.01666666666666667 0
4.336734693877551 0.06666666666666667 0
4.387755102040816 0.05 0
4.336734693877551 0.05 0
4.387755102040816 0.08333333333333334 0
4.336734693877551 0.08333333333333334 0
4.438775510204081 0.03333333333333333 0
4.489795918367347 0.01666666666666667 0
4.438775510204081 0.01666666666666667 0
4.438775510204081 0.06666666666666667 0
4.489795918367347 0.05 0
4.438775510204081 0.05 0
4.489795918367347 0.08333333333333334 0
4.438775510204081 0.08333333333333334 0
4.540816326530612 0.03333333333333333 0
4.591836734693877 0.01666666666666667 0
4.540816326530612 0.01666666666666667 0
4.540816326530612 0.06666666666666667 0
4.591836734693877 0.05 0
4.540816326530612 0.05 0
4.591836734693877 0.08333333333333334 0
4.540816326530612 0.08333333333333334 0
4.642857142857142 0.03333333333333333 0
4.693877551020408 0.01666666666666667 0
4.642857142857142 0.01666666666666667 0
4.642857142857142 0.06666666666666667 0
4.693877551020408 0.05 0
4.642857142857142 0.05 0
4.693877551020408 0.08333333333333334 0
4.642857142857142 0.08333333333333334 0
4.744897959183673 0.03333333333333333 0
4.795918367346939 0.01666666666666667 0
4.744897959183673 0.01666666666666667 0
4.744897959183673 0.06666666666666667 0
4.795918367346939 0.05 0
4.744897959183673 0.05 0
4.795918367346939 0.08333333333333334 0
4.744897959183673 0.08333333333333334 0
4.846938775510204 0.03333333333333333 0
4.897959183673469 0.01666666666666667 0
4.846938775510204 0.01666666666666667 0
4.846938775510204 0.06666666666666667 0
4.897959183673469 0.05 0
4.846938775510204 0.05 0
4.897959183673469 0.08333333333333334 0
4.846938775510204 0.08333333333333334 0
4.948979591836735 0.03333333333333333 0
4.948979591836735 0.01666666666666667 0
4.948979591836735 0.06666666666666667 0
4.948979591836735 0.04999999999999999 0
4.948979591836735 0.08333333333333334 0
2 2 0 485
1521
1522
1523
1524
1525
1526
1527
1528
1529
1530
1531
1532
1533
1534
1535
1536
1537
1538
1539
1540
1541
1542
1543
1544
1545
1546
1547
1548
1549
1550
1551
1552
1553
1554
1555
1556
1557
1558
1559
1560
1561
1562
1563
1564
1565
1566
1567
1568
1569
1570
1571
1572
1573
1574
1575
1576
1577
1578
1579
1580
1581
1582
1583
1584
1585
1586
1587
1588
1589
1590
1591
1592
1593
1594
1595
1596
1597
1598
1599
1600
1601
1602
1603
1604
1605
1606
1607
1608
1609
1610
1611
1612
1613
1614
1615
1616
1617
1618
1619
1620
1621
1622
1623
1624
1625
1626
1627
1628
1629
1630
1631
1632
1633
1634
1635
1636
1637
1638
1639
1640
1641
1642
1643
1644
1645
1646
1647
1648
1649
1650
1651
1652
1653
1654
1655
1656
1657
1658
1659
1660
1661
1662
1663
1664
1665
1666
1667
1668
1669
1670
1671
1672
1673
1674
1675
1676
1677
1678
1679
1680
1681
1682
1683
1684
1685
1686
1687
1688
1689
1690
1691
1692
1693
1694
1695
1696
1697
1698
1699
1700
1701
1702
1703
1704
1705
1706
1707
1708
1709
1710
1711
1712
1713
1714
1715
1716
1717
1718
1719
1720
1721
1722
1723
1724
1725
1726
1727
1728
1729
1730
1731
1732
1733
1734
1735
1736
1737
1738
1739
1740
1741
1742
1743
1744
1745
1746
1747
1748
1749
1750
1751
1752
1753
1754
1755
1756
1757
1758
1759
1760
1761
1762
1763
1764
1765
1766
1767
1768
1769
1770
1771
1772
1773
1774
1775
1776
1777
1778
1779
1780
1781
1782
1783
1784
1785
1786
1787
1788
1789
1790
1791
1792
1793
1794
1795
1796
1797
1798
1799
1800
1801
1802
1803
1804
1805
1806
1807
1808
1809
1810
1811
1812
1813
1814
1815
1816
1817
1818
1819
1820
1821
1822
1823
1824
1825
1826
1827
1828
1829
1830
1831
1832
1833
1834
1835
1836
1837
1838
1839
1840
1841
1842
1843
1844
1845
1846
1847
1848
1849
1850
1851
1852
1853
1854
1855
1856
1857
1858
1859
1860
1861
1862
1863
1864
1865
1866
1867
1868
1869
1870
1871
1872
1873
1874
1875
1876
1877
1878
1879
1880
1881
1882
1883
1884
1885
1886
1887
1888
1889
1890
1891
1892
1893
1894
1895
1896
1897
1898
1899
1900
1901
1902
1903
1904
1905
1906
1907
1908
1909
1910
1911
1912
1913
1914
1915
1916
1917
1918
1919
1920
1921
1922
1923
1924
1925
1926
1927
1928
1929
1930
1931
1932
1933
1934
1935
1936
1937
1938
1939
1940
1941
1942
1943
1944
1945
1946
1947
1948
1949
1950
1951
1952
1953
1954
1955
1956
1957
1958
1959
1960
1961
1962
1963
1964
1965
1966
1967
1968
1969
1970
1971
1972
1973
1974
1975
1976
1977
1978
1979
1980
1981
1982
1983
1984
1985
1986
1987
1988
1989
1990
1991
1992
1993
1994
1995
1996
1997
1998
1999
2000
2001
2002
2003
2004
2005
0.1020408163265306 -0.03333333333333333 0
0.1020408163265306 -0.06666666666666667 0
0.2040816326530612 -0.03333333333333333 0
0.2040816326530612 -0.06666666666666667 0
0.3061224489795918 -0.03333333333333333 0
0.3061224489795918 -0.06666666666666667 0
0.4081632653061224 -0.03333333333333333 0
0.4081632653061224 -0.06666666666666667 0
0.510204081632653 -0.03333333333333333 0
0.510204081632653 -0.06666666666666667 0
0.6122448979591837 -0.03333333333333333 0
0.6122448979591837 -0.06666666666666667 0
0.7142857142857142 -0.03333333333333333 0
0.7142857142857142 -0.06666666666666667 0
0.8163265306122448 -0.03333333333333333 0
0.8163265306122448 -0.06666666666666667 0
0.9183673469387754 -0.03333333333333333 0
0.9183673469387754 -0.06666666666666667 0
1.020408163265306 -0.03333333333333333 0
1.020408163265306 -0.06666666666666667 0
1.122448979591837 -0.03333333333333333 0
1.122448979591837 -0.06666666666666667 0
1.224489795918367 -0.03333333333333333 0
1.224489795918367 -0.06666666666666667 0
1.326530612244898 -0.03333333333333333 0
1.326530612244898 -0.06666666666666667 0
1.428571428571428 -0.03333333333333333 0
1.428571428571428 -0.06666666666666667 0
1.530612244897959 -0.03333333333333333 0
1.530612244897959 -0.06666666666666667 0
1.63265306122449 -0.03333333333333333 0
1.63265306122449 -0.06666666666666667 0
1.73469387755102 -0.03333333333333333 0
1.73469387755102 -0.06666666666666667 0
1.836734693877551 -0.03333333333333333 0
1.836734693877551 -0.06666666666666667 0
1.938775510204082 -0.03333333333333333 0
1.938775510204082 -0.06666666666666667 0
2.040816326530612 -0.03333333333333333 0
2.040816326530612 -0.06666666666666667 0
2.142857142857143 -0.03333333333333333 0
2.142857142857143 -0.06666666666666667 0
2.244897959183673 -0.03333333333333333 0
2.244897959183673 -0.06666666666666667 0
2.346938775510204 -0.03333333333333333 0
2.346938775510204 -0.06666666666666667 0
2.448979591836735 -0.03333333333333333 0
2.448979591836735 -0.06666666666666667 0
2.551020408163265 -0.03333333333333333 0
2.551020408163265 -0.06666666666666667 0
2.653061224489796 -0.03333333333333333 0
2.653061224489796 -0.06666666666666667 0
2.755102040816326 -0.03333333333333333 0
2.755102040816326 -0.06666666666666667 0
2.857142857142857 -0.03333333333333333 0
2.857142857142857 -0.06666666666666667 0
2.959183673469388 -0.03333333333333333 0
2.959183673469388 -0.06666666666666667 0
3.061224489795918 -0.03333333333333333 0
3.061224489795918 -0.06666666666666667 0
3.163265306122449 -0.03333333333333333 0
3.163265306122449 -0.06666666666666667 0
3.265306122448979 -0.03333333333333333 0
3.265306122448979 -0.06666666666666667 0
3.36734693877551 -0.03333333333333333 0
3.36734693877551 -0.06666666666666667 0
3.469387755102041 -0.03333333333333333 0
3.469387755102041 -0.06666666666666667 0
3.571428571428571 -0.03333333333333333 0
3.571428571428571 -0.06666666666666667 0
3.673469387755102 -0.03333333333333333 0
3.673469387755102 -0.06666666666666667 0
3.775510204081632 -0.03333333333333333 0
3.775510204081632 -0.06666666666666667 0
3.877551020408163 -0.03333333333333333 0
3.877551020408163 -0.06666666666666667 0
3.979591836734693 -0.03333333333333333 0
3.979591836734693 -0.06666666666666667 0
4.081632653061224 -0.03333333333333333 0
4.081632653061224 -0.06666666666666667 0
4.183673469387755 -0.03333333333333333 0
4.183673469387755 -0.06666666666666667 0
4.285714285714286 -0.03333333333333333 0
4.285714285714286 -0.06666666666666667 0
4.387755102040816 -0.03333333333333333 0
4.387755102040816 -0.06666666666666667 0
4.489795918367347 -0.03333333333333333 0
4.489795918367347 -0.06666666666666667 0
4.591836734693877 -0.03333333333333333 0
4.591836734693877 -0.06666666666666667 0
4.693877551020408 -0.03333333333333333 0
4.693877551020408 -0.06666666666666667 0
4.795918367346939 -0.03333333333333333 0
4.795918367346939 -0.06666666666666667 0
4.897959183673469 -0.03333333333333333 0
4.897959183673469 -0.06666666666666667 0
0.0510204081632653 -0.03333333333333333 0
0.1020408163265306 -0.01666666666666667 0
0.0510204081632653 -0.01666666666666667 0
0.0510204081632653 -0.06666666666666667 0
0.1020408163265306 -0.05 0
0.0510204081632653 -0.04999999999999999 0
0.1020408163265306 -0.08333333333333334 0
0.0510204081632653 -0.08333333333333334 0
0.1530612244897959 -0.03333333333333333 0
0.2040816326530612 -0.01666666666666667 0
0.1530612244897959 -0.01666666666666667 0
0.1530612244897959 -0.06666666666666667 0
0.2040816326530612 -0.05 0
0.1530612244897959 -0.05 0
0.2040816326530612 -0.08333333333333334 0
0.1530612244897959 -0.08333333333333334 0
0.2551020408163265 -0.03333333333333333 0
0.3061224489795918 -0.01666666666666667 0
0.2551020408163266 -0.01666666666666667 0
0.2551020408163265 -0.06666666666666667 0
0.3061224489795918 -0.05 0
0.2551020408163266 -0.05 0
0.3061224489795918 -0.08333333333333334 0
0.2551020408163266 -0.08333333333333334 0
0.3571428571428571 -0.03333333333333333 0
0.4081632653061224 -0.01666666666666667 0
0.3571428571428571 -0.01666666666666667 0
0.3571428571428571 -0.06666666666666667 0
0.4081632653061224 -0.05 0
0.3571428571428571 -0.05 0
0.4081632653061224 -0.08333333333333334 0
0.3571428571428571 -0.08333333333333334 0
0.4591836734693877 -0.03333333333333333 0
0.510204081632653 -0.01666666666666667 0
0.4591836734693877 -0.01666666666666667 0
0.4591836734693877 -0.06666666666666667 0
0.510204081632653 -0.05 0
0.4591836734693877 -0.05 0
0.510204081632653 -0.08333333333333334 0
0.4591836734693877 -0.08333333333333334 0
0.5612244897959183 -0.03333333333333333 0
0.6122448979591837 -0.01666666666666667 0
0.5612244897959183 -0.01666666666666667 0
0.5612244897959183 -0.06666666666666667 0
0.6122448979591837 -0.05 0
0.5612244897959183 -0.05 0
0.6122448979591837 -0.08333333333333334 0
0.5612244897959183 -0.08333333333333334 0
0.6632653061224489 -0.03333333333333333 0
0.7142857142857142 -0.01666666666666667 0
0.6632653061224489 -0.01666666666666667 0
0.6632653061224489 -0.06666666666666667 0
0.7142857142857142 -0.05 0
0.6632653061224489 -0.05 0
0.7142857142857142 -0.08333333333333334 0
0.6632653061224489 -0.08333333333333334 0
0.7653061224489794 -0.03333333333333333 0
0.8163265306122448 -0.01666666666666667 0
0.7653061224489794 -0.01666666666666667 0
0.7653061224489794 -0.06666666666666667 0
0.8163265306122448 -0.05 0
0.7653061224489794 -0.05 0
0.8163265306122448 -0.08333333333333334 0
0.7653061224489794 -0.08333333333333334 0
0.8673469387755102 -0.03333333333333333 0
0.9183673469387754 -0.01666666666666667 0
0.8673469387755102 -0.01666666666666667 0
0.8673469387755102 -0.06666666666666667 0
0.9183673469387754 -0.05 0
0.8673469387755102 -0.05 0
0.9183673469387754 -0.08333333333333334 0
0.8673469387755102 -0.08333333333333334 0
0.9693877551020407 -0.03333333333333333 0
1.020408163265306 -0.01666666666666667 0
0.9693877551020407 -0.01666666666666667 0
0.9693877551020407 -0.06666666666666667 0
1.020408163265306 -0.05 0
0.9693877551020407 -0.05 0
1.020408163265306 -0.08333333333333334 0
0.9693877551020407 -0.08333333333333334 0
1.071428571428571 -0.03333333333333333 0
1.122448979591837 -0.01666666666666667 0
1.071428571428571 -0.01666666666666667 0
1.071428571428571 -0.06666666666666667 0
1.122448979591837 -0.05 0
1.071428571428571 -0.05 0
1.122448979591837 -0.08333333333333334 0
1.071428571428571 -0.08333333333333334 0
1.173469387755102 -0.03333333333333333 0
1.224489795918367 -0.01666666666666667 0
1.173469387755102 -0.01666666666666667 0
1.173469387755102 -0.06666666666666667 0
1.224489795918367 -0.05 0
1.173469387755102 -0.05 0
1.224489795918367 -0.08333333333333334 0
1.173469387755102 -0.08333333333333334 0
1.275510204081633 -0.03333333333333333 0
1.326530612244898 -0.01666666666666667 0
1.275510204081633 -0.01666666666666667 0
1.275510204081633 -0.06666666666666667 0
1.326530612244898 -0.05 0
1.275510204081633 -0.05 0
1.326530612244898 -0.08333333333333334 0
1.275510204081633 -0.08333333333333334 0
1.377551020408163 -0.03333333333333333 0
1.428571428571428 -0.01666666666666667 0
1.377551020408163 -0.01666666666666667 0
1.377551020408163 -0.06666666666666667 0
1.428571428571428 -0.05 0
1.377551020408163 -0.05 0
1.428571428571428 -0.08333333333333334 0
1.377551020408163 -0.08333333333333334 0
1.479591836734694 -0.03333333333333333 0
1.530612244897959 -0.01666666666666667 0
1.479591836734694 -0.01666666666666667 0
1.479591836734694 -0.06666666666666667 0
1.530612244897959 -0.05 0
1.479591836734694 -0.05 0
1.530612244897959 -0.08333333333333334 0
1.479591836734694 -0.08333333333333334 0
1.581632653061224 -0.03333333333333333 0
1.63265306122449 -0.01666666666666667 0
1.581632653061224 -0.01666666666666667 0
1.581632653061224 -0.06666666666666667 0
1.63265306122449 -0.05 0
1.581632653061224 -0.05 0
1.63265306122449 -0.08333333333333334 0
1.581632653061224 -0.08333333333333334 0
1.683673469387755 -0.03333333333333333 0
1.73469387755102 -0.01666666666666667 0
1.683673469387755 -0.01666666666666667 0
1.683673469387755 -0.06666666666666667 0
1.73469387755102 -0.05 0
1.683673469387755 -0.05 0
1.73469387755102 -0.08333333333333334 0
1.683673469387755 -0.08333333333333334 0
1.785714285714286 -0.03333333333333333 0
1.836734693877551 -0.01666666666666667 0
1.785714285714286 -0.01666666666666667 0
1.785714285714286 -0.06666666666666667 0
1.836734693877551 -0.05 0
1.785714285714286 -0.05 0
1.836734693877551 -0.08333333333333334 0
1.785714285714286 -0.08333333333333334 0
1.887755102040816 -0.03333333333333333 0
1.938775510204082 -0.01666666666666667 0
1.887755102040816 -0.01666666666666667 0
1.887755102040816 -0.06666666666666667 0
1.938775510204082 -0.05 0
1.887755102040816 -0.05 0
1.938775510204082 -0.08333333333333334 0
1.887755102040816 -0.08333333333333334 0
1.989795918367347 -0.03333333333333333 0
2.040816326530612 -0.01666666666666667 0
1.989795918367347 -0.01666666666666667 0
1.989795918367347 -0.06666666666666667 0
2.040816326530612 -0.05 0
1.989795918367347 -0.05 0
2.040816326530612 -0.08333333333333334 0
1.989795918367347 -0.08333333333333334 0
2.091836734693877 -0.03333333333333333 0
2.142857142857143 -0.01666666666666667 0
2.091836734693877 -0.01666666666666667 0
2.091836734693877 -0.06666666666666667 0
2.142857142857143 -0.05 0
2.091836734693877 -0.05 0
2.142857142857143 -0.08333333333333334 0
2.091836734693877 -0.08333333333333334 0
2.193877551020408 -0.03333333333333333 0
2.244897959183673 -0.01666666666666667 0
2.193877551020408 -0.01666666666666667 0
2.193877551020408 -0.06666666666666667 0
2.244897959183673 -0.05 0
2.193877551020408 -0.05 0
2.244897959183673 -0.08333333333333334 0
2.193877551020408 -0.08333333333333334 0
2.295918367346939 -0.03333333333333333 0
2.346938775510204 -0.01666666666666667 0
2.295918367346939 -0.01666666666666667 0
2.295918367346939 -0.06666666666666667 0
2.346938775510204 -0.05 0
2.295918367346939 -0.05 0
2.346938775510204 -0.08333333333333334 0
2.295918367346939 -0.08333333333333334 0
2.397959183673469 -0.03333333333333333 0
2.448979591836735 -0.01666666666666667 0
2.397959183673469 -0.01666666666666667 0
2.397959183673469 -0.06666666666666667 0
2.448979591836735 -0.05 0
2.397959183673469 -0.05 0
2.448979591836735 -0.08333333333333334 0
2.397959183673469 -0.08333333333333334 0
2.5 -0.03333333333333333 0
2.551020408163265 -0.01666666666666667 0
2.5 -0.01666666666666667 0
2.5 -0.06666666666666667 0
2.551020408163265 -0.05 0
2.5 -0.05 0
2.551020408163265 -0.08333333333333334 0
2.5 -0.08333333333333334 0
2.602040816326531 -0.03333333333333333 0
2.653061224489796 -0.01666666666666667 0
2.602040816326531 -0.01666666666666667 0
2.602040816326531 -0.06666666666666667 0
2.653061224489796 -0.05 0
2.602040816326531 -0.05 0
2.653061224489796 -0.08333333333333334 0
2.602040816326531 -0.08333333333333334 0
2.704081632653061 -0.03333333333333333 0
2.755102040816326 -0.01666666666666667 0
2.704081632653061 -0.01666666666666667 0
2.704081632653061 -0.06666666666666667 0
2.755102040816326 -0.05 0
2.704081632653061 -0.05 0
2.755102040816326 -0.08333333333333334 0
2.704081632653061 -0.08333333333333334 0
2.806122448979592 -0.03333333333333333 0
2.857142857142857 -0.01666666666666667 0
2.806122448979592 -0.01666666666666667 0
2.806122448979592 -0.06666666666666667 0
2.857142857142857 -0.05 0
2.806122448979592 -0.05 0
2.857142857142857 -0.08333333333333334 0
2.806122448979592 -0.08333333333333334 0
2.908163265306122 -0.03333333333333333 0
2.959183673469388 -0.01666666666666667 0
2.908163265306122 -0.01666666666666667 0
2.908163265306122 -0.06666666666666667 0
2.959183673469388 -0.05 0
2.908163265306122 -0.05 0
2.959183673469388 -0.08333333333333334 0
2.908163265306122 -0.08333333333333334 0
3.010204081632653 -0.03333333333333333 0
3.061224489795918 -0.01666666666666667 0
3.010204081632653 -0.01666666666666667 0
3.010204081632653 -0.06666666666666667 0
3.061224489795918 -0.05 0
3.010204081632653 -0.05 0
3.061224489795918 -0.08333333333333334 0
3.010204081632653 -0.08333333333333334 0
3.112244897959183 -0.03333333333333333 0
3.163265306122449 -0.01666666666666667 0
3.112244897959183 -0.01666666666666667 0
3.112244897959183 -0.06666666666666667 0
3.163265306122449 -0.05 0
3.112244897959183 -0.05 0
3.163265306122449 -0.08333333333333334 0
3.112244897959183 -0.08333333333333334 0
3.214285714285714 -0.03333333333333333 0
3.265306122448979 -0.01666666666666667 0
3.214285714285714 -0.01666666666666667 0
3.214285714285714 -0.06666666666666667 0
3.265306122448979 -0.05 0
3.214285714285714 -0.05 0
3.265306122448979 -0.08333333333333334 0
3.214285714285714 -0.08333333333333334 0
3.316326530612245 -0.03333333333333333 0
3.36734693877551 -0.01666666666666667 0
3.316326530612245 -0.01666666666666667 0
3.316326530612245 -0.06666666666666667 0
3.36734693877551 -0.05 0
3.316326530612245 -0.05 0
3.36734693877551 -0.08333333333333334 0
3.316326530612245 -0.08333333333333334 0
3.418367346938775 -0.03333333333333333 0
3.469387755102041 -0.01666666666666667 0
3.418367346938775 -0.01666666666666667 0
3.418367346938775 -0.06666666666666667 0
3.469387755102041 -0.05 0
3.418367346938775 -0.05 0
3.469387755102041 -0.08333333333333334 0
3.418367346938775 -0.08333333333333334 0
3.520408163265306 -0.03333333333333333 0
3.571428571428571 -0.01666666666666667 0
3.520408163265306 -0.01666666666666667 0
3.520408163265306 -0.06666666666666667 0
3.571428571428571 -0.05 0
3.520408163265306 -0.05 0
3.571428571428571 -0.08333333333333334 0
3.520408163265306 -0.08333333333333334 0
3.622448979591836 -0.03333333333333333 0
3.673469387755102 -0.01666666666666667 0
3.622448979591836 -0.01666666666666667 0
3.622448979591836 -0.06666666666666667 0
3.673469387755102 -0.05 0
3.622448979591836 -0.05 0
3.673469387755102 -0.08333333333333334 0
3.622448979591836 -0.08333333333333334 0
3.724489795918367 -0.03333333333333333 0
3.775510204081632 -0.01666666666666667 0
3.724489795918367 -0.01666666666666667 0
3.724489795918367 -0.06666666666666667 0
3.775510204081632 -0.05 0
3.724489795918367 -0.05 0
3.775510204081632 -0.08333333333333334 0
3.724489795918367 -0.08333333333333334 0
3.826530612244897 -0.03333333333333333 0
3.877551020408163 -0.01666666666666667 0
3.826530612244897 -0.01666666666666667 0
3.826530612244897 -0.06666666666666667 0
3.877551020408163 -0.05 0
3.826530612244897 -0.05 0
3.877551020408163 -0.08333333333333334 0
3.826530612244897 -0.08333333333333334 0
3.928571428571428 -0.03333333333333333 0
3.979591836734693 -0.01666666666666667 0
3.928571428571428 -0.01666666666666667 0
3.928571428571428 -0.06666666666666667 0
3.979591836734693 -0.05 0
3.928571428571428 -0.05 0
3.979591836734693 -0.08333333333333334 0
3.928571428571428 -0.08333333333333334 0
4.030612244897958 -0.03333333333333333 0
4.081632653061224 -0.01666666666666667 0
4.030612244897958 -0.01666666666666667 0
4.030612244897958 -0.06666666666666667 0
4.081632653061224 -0.05 0
4.030612244897958 -0.05 0
4.081632653061224 -0.08333333333333334 0
4.030612244897958 -0.08333333333333334 0
4.13265306122449 -0.03333333333333333 0
4.183673469387755 -0.01666666666666667 0
4.13265306122449 -0.01666666666666667 0
4.13265306122449 -0.06666666666666667 0
4.183673469387755 -0.05 0
4.13265306122449 -0.05 0
4.183673469387755 -0.08333333333333334 0
4.13265306122449 -0.08333333333333334 0
4.23469387755102 -0.03333333333333333 0
4.285714285714286 -0.01666666666666667 0
4.23469387755102 -0.01666666666666667 0
4.23469387755102 -0.06666666666666667 0
4.285714285714286 -0.05 0
4.23469387755102 -0.05 0
4.285714285714286 -0.08333333333333334 0
4.23469387755102 -0.08333333333333334 0
4.336734693877551 -0.03333333333333333 0
4.387755102040816 -0.01666666666666667 0
4.336734693877551 -0.01666666666666667 0
4.336734693877551 -0.06666666666666667 0
4.387755102040816 -0.05 0
4.336734693877551 -0.05 0
4.387755102040816 -0.08333333333333334 0
4.336734693877551 -0.08333333333333334 0
4.438775510204081 -0.03333333333333333 0
4.489795918367347 -0.01666666666666667 0
4.438775510204081 -0.01666666666666667 0
4.438775510204081 -0.06666666666666667 0
4.489795918367347 -0.05 0
4.438775510204081 -0.05 0
4.489795918367347 -0.08333333333333334 0
4.438775510204081 -0.08333333333333334 0
4.540816326530612 -0.03333333333333333 0
4.591836734693877 -0.01666666666666667 0
4.540816326530612 -0.01666666666666667 0
4.540816326530612 -0.06666666666666667 0
4.591836734693877 -0.05 0
4.540816326530612 -0.05 0
4.591836734693877 -0.08333333333333334 0
4.540816326530612 -0.08333333333333334 0
4.642857142857142 -0.03333333333333333 0
4.693877551020408 -0.01666666666666667 0
4.642857142857142 -0.01666666666666667 0
4.642857142857142 -0.06666666666666667 0
4.693877551020408 -0.05 0
4.642857142857142 -0.05 0
4.693877551020408 -0.08333333333333334 0
4.642857142857142 -0.08333333333333334 0
4.744897959183673 -0.03333333333333333 0
4.795918367346939 -0.01666666666666667 0
4.744897959183673 -0.01666666666666667 0
4.744897959183673 -0.06666666666666667 0
4.795918367346939 -0.05 0
4.744897959183673 -0.05 0
4.795918367346939 -0.08333333333333334 0
4.744897959183673 -0.08333333333333334 0
4.846938775510204 -0.03333333333333333 0
4.897959183673469 -0.01666666666666667 0
4.846938775510204 -0.01666666666666667 0
4.846938775510204 -0.06666666666666667 0
4.897959183673469 -0.05 0
4.846938775510204 -0.05 0
4.897959183673469 -0.08333333333333334 0
4.846938775510204 -0.08333333333333334 0
4.948979591836735 -0.03333333333333333 0
4.948979591836735 -0.01666666666666667 0
4.948979591836735 -0.06666666666666667 0
4.948979591836735 -0.04999999999999999 0
4.948979591836735 -0.08333333333333334 0
2 3 0 1843
2006
2007
2008
2009
2010
2011
2012
2013
2014
2015
2016
2017
2018
2019
2020
2021
2022
2023
2024
2025
2026
2027
2028
2029
2030
2031
2032
2033
2034
2035
2036
2037
2038
2039
2040
2041
2042
2043
2044
2045
2046
2047
2048
2049
2050
2051
2052
2053
2054
2055
2056
2057
2058
2059
2060
2061
2062
2063
2064
2065
2066
2067
2068
2069
2070
2071
2072
2073
2074
2075
2076
2077
2078
2079
2080
2081
2082
2083
2084
2085
2086
2087
2088
2089
2090
2091
2092
2093
2094
2095
2096
2097
2098
2099
2100
2101
2102
2103
2104
2105
2106
2107
2108
2109
2110
2111
2112
2113
2114
2115
2116
2117
2118
2119
2120
2121
2122
2123
2124
2125
2126
2127
2128
2129
2130
2131
2132
2133
2134
2135
2136
2137
2138
2139
2140
2141
2142
2143
2144
2145
2146
2147
2148
2149
2150
2151
2152
2153
2154
2155
2156
2157
2158
2159
2160
2161
2162
2163
2164
2165
2166
2167
2168
2169
2170
2171
2172
2173
2174
2175
2176
2177
2178
2179
2180
2181
2182
2183
2184
2185
2186
2187
2188
2189
2190
2191
2192
2193
2194
2195
2196
2197
2198
2199
2200
2201
2202
2203
2204
2205
2206
2207
2208
2209
2210
2211
2212
2213
2214
2215
2216
2217
2218
2219
2220
2221
2222
2223
2224
2225
2226
2227
2228
2229
2230
2231
2232
2233
2234
2235
2236
2237
2238
2239
2240
2241
2242
2243
2244
2245
2246
2247
2248
2249
2250
2251
2252
2253
2254
2255
2256
2257
2258
2259
2260
2261
2262
2263
2264
2265
2266
2267
2268
2269
2270
2271
2272
2273
2274
2275
2276
2277
2278
2279
2280
2281
2282
2283
2284
2285
2286
2287
2288
2289
2290
2291
2292
2293
2294
2295
2296
2297
2298
2299
2300
2301
2302
2303
2304
2305
2306
2307
2308
2309
2310
2311
2312
2313
2314
2315
2316
2317
2318
2319
2320
2321
2322
2323
2324
2325
2326
2327
2328
2329
2330
2331
2332
2333
2334
2335
2336
2337
2338
2339
2340
2341
2342
2343
2344
2345
2346
2347
2348
2349
2350
2351
2352
2353
2354
2355
2356
2357
2358
2359
2360
2361
2362
2363
2364
2365
2366
2367
2368
2369
2370
2371
2372
2373
2374
2375
2376
2377
2378
2379
2380
2381
2382
2383
2384
2385
2386
2387
2388
2389
2390
2391
2392
2393
2394
2395
2396
2397
2398
2399
2400
2401
2402
2403
2404
2405
2406
2407
2408
2409
2410
2411
2412
2413
2414
2415
2416
2417
2418
2419
2420
2421
2422
2423
2424
2425
2426
2427
2428
2429
2430
2431
2432
2433
2434
2435
2436
2437
2438
2439
2440
2441
2442
2443
2444
2445
2446
2447
2448
2449
2450
2451
2452
2453
2454
2455
2456
2457
2458
2459
2460
2461
2462
2463
2464
2465
2466
2467
2468
2469
2470
2471
2472
2473
2474
2475
2476
2477
2478
2479
2480
2481
2482
2483
2484
2485
2486
2487
2488
2489
2490
2491
2492
2493
2494
2495
2496
2497
2498
2499
2500
2501
2502
2503
2504
2505
2506
2507
2508
2509
2510
2511
2512
2513
2514
2515
2516
2517
2518
2519
2520
2521
2522
2523
2524
2525
2526
2527
2528
2529
2530
2531
2532
2533
2534
2535
2536
2537
2538
2539
2540
2541
2542
2543
2544
2545
2546
2547
2548
2549
2550
2551
2552
2553
2554
2555
2556
2557
2558
2559
2560
2561
2562
2563
2564
2565
2566
2567
2568
2569
2570
2571
2572
2573
2574
2575
2576
2577
2578
2579
2580
2581
2582
2583
2584
2585
2586
2587
2588
2589
2590
2591
2592
2593
2594
2595
2596
2597
2598
2599
2600
2601
2602
2603
2604
2605
2606
2607
2608
2609
2610
2611
2612
2613
2614
2615
2616
2617
2618
2619
2620
2621
2622
2623
2624
2625
2626
2627
2628
2629
2630
2631
2632
2633
2634
2635
2636
2637
2638
2639
2640
2641
2642
2643
2644
2645
2646
2647
2648
2649
2650
2651
2652
2653
2654
2655
2656
2657
2658
2659
2660
2661
2662
2663
2664
2665
2666
2667
2668
2669
2670
2671
2672
2673
2674
2675
2676
2677
2678
2679
2680
2681
2682
2683
2684
2685
2686
2687
2688
2689
2690
2691
2692
2693
2694
2695
2696
2697
2698
2699
2700
2701
2702
2703
2704
2705
2706
2707
2708
2709
2710
2711
2712
2713
2714
2715
2716
2717
2718
2719
2720
2721
2722
2723
2724
2725
2726
2727
2728
2729
2730
2731
2732
2733
2734
2735
2736
2737
2738
2739
2740
2741
2742
2743
2744
2745
2746
2747
2748
2749
2750
2751
2752
2753
2754
2755
2756
2757
2758
2759
2760
2761
2762
2763
2764
2765
2766
2767
2768
2769
2770
2771
2772
2773
2774
2775
2776
2777
2778
2779
2780
2781
2782
2783
2784
2785
2786
2787
2788
2789
2790
2791
2792
2793
2794
2795
2796
2797
2798
2799
2800
2801
2802
2803
2804
2805
2806
2807
2808
2809
2810
2811
2812
2813
2814
2815
2816
2817
2818
2819
2820
2821
2822
2823
2824
2825
2826
2827
2828
2829
2830
2831
2832
2833
2834
2835
2836
2837
2838
2839
2840
2841
2842
2843
2844
2845
2846
2847
2848
2849
2850
2851
2852
2853
2854
2855
2856
2857
2858
2859
2860
2861
2862
2863
2864
2865
2866
2867
2868
2869
2870
2871
2872
2873
2874
2875
2876
2877
2878
2879
2880
2881
2882
2883
2884
2885
2886
2887
2888
2889
2890
2891
2892
2893
2894
2895
2896
2897
2898
2899
2900
2901
2902
2903
2904
2905
2906
2907
2908
2909
2910
2911
2912
2913
2914
2915
2916
2917
2918
2919
2920
2921
2922
2923
2924
2925
2926
2927
2928
2929
2930
2931
2932
2933
2934
2935
2936
2937
2938
2939
2940
2941
2942
2943
2944
2945
2946
2947
2948
2949
2950
2951
2952
2953
2954
2955
2956
2957
2958
2959
2960
2961
2962
2963
2964
2965
2966
2967
2968
2969
2970
2971
2972
2973
2974
2975
2976
2977
2978
2979
2980
2981
2982
2983
2984
2985
2986
2987
2988
2989
2990
2991
2992
2993
2994
2995
2996
2997
2998
2999
3000
3001
3002
3003
3004
3005
3006
3007
3008
3009
3010
3011
3012
3013
3014
3015
3016
3017
3018
3019
3020
3021
3022
3023
3024
3025
3026
3027
3028
3029
3030
3031
3032
3033
3034
3035
3036
3037
3038
3039
3040
3041
3042
3043
3044
3045
3046
3047
3048
3049
3050
3051
3052
3053
3054
3055
3056
3057
3058
3059
3060
3061
3062
3063
3064
3065
3066
3067
3068
3069
3070
3071
3072
3073
3074
3075
3076
3077
3078
3079
3080
3081
3082
3083
3084
3085
3086
3087
3088
3089
3090
3091
3092
3093
3094
3095
3096
3097
3098
3099
3100
3101
3102
3103
3104
3105
3106
3107
3108
3109
3110
3111
3112
3113
3114
3115
3116
3117
3118
3119
3120
3121
3122
3123
3124
3125
3126
3127
3128
3129
3130
3131
3132
3133
3134
3135
3136
3137
3138
3139
3140
3141
3142
3143
3144
3145
3146
3147
3148
3149
3150
3151
3152
3153
3154
3155
3156
3157
3158
3159
3160
3161
3162
3163
3164
3165
3166
3167
3168
3169
3170
3171
3172
3173
3174
3175
3176
3177
3178
3179
3180
3181
3182
3183
3184
3185
3186
3187
3188
3189
3190
3191
3192
3193
3194
3195
3196
3197
3198
3199
3200
3201
3202
3203
3204
3205
3206
3207
3208
3209
3210
3211
3212
3213
3214
3215
3216
3217
3218
3219
3220
3221
3222
3223
3224
3225
3226
3227
3228
3229
3230
3231
3232
3233
3234
3235
3236
3237
3238
3239
3240
3241
3242
3243
3244
3245
3246
3247
3248
3249
3250
3251
3252
3253
3254
3255
3256
3257
3258
3259
3260
3261
3262
3263
3264
3265
3266
3267
3268
3269
3270
3271
3272
3273
3274
3275
3276
3277
3278
3279
3280
3281
3282
3283
3284
3285
3286
3287
3288
3289
3290
3291
3292
3293
3294
3295
3296
3297
3298
3299
3300
3301
3302
3303
3304
3305
3306
3307
3308
3309
3310
3311
3312
3313
3314
3315
3316
3317
3318
3319
3320
3321
3322
3323
3324
3325
3326
3327
3328
3329
3330
3331
3332
3333
3334
3335
3336
3337
3338
3339
3340
3341
3342
3343
3344
3345
3346
3347
3348
3349
3350
3351
3352
3353
3354
3355
3356
3357
3358
3359
3360
3361
3362
3363
3364
3365
3366
3367
3368
3369
3370
3371
3372
3373
3374
3375
3376
3377
3378
3379
3380
3381
3382
3383
3384
3385
3386
3387
3388
3389
3390
3391
3392
3393
3394
3395
3396
3397
3398
3399
3400
3401
3402
3403
3404
3405
3406
3407
3408
3409
3410
3411
3412
3413
3414
3415
3416
3417
3418
3419
3420
3421
3422
3423
3424
3425
3426
3427
3428
3429
3430
3431
3432
3433
3434
3435
3436
3437
3438
3439
3440
3441
3442
3443
3444
3445
3446
3447
3448
3449
3450
3451
3452
3453
3454
3455
3456
3457
3458
3459
3460
3461
3462
3463
3464
3465
3466
3467
3468
3469
3470
3471
3472
3473
3474
3475
3476
3477
3478
3479
3480
3481
3482
3483
3484
3485
3486
3487
3488
3489
3490
3491
3492
3493
3494
3495
3496
3497
3498
3499
3500
3501
3502
3503
3504
3505
3506
3507
3508
3509
3510
3511
3512
3513
3514
3515
3516
3517
3518
3519
3520
3521
3522
3523
3524
3525
3526
3527
3528
3529
3530
3531
3532
3533
3534
3535
3536
3537
3538
3539
3540
3541
3542
3543
3544
3545
3546
3547
3548
3549
3550
3551
3552
3553
3554
3555
3556
3557
3558
3559
3560
3561
3562
3563
3564
3565
3566
3567
3568
3569
3570
3571
3572
3573
3574
3575
3576
3577
3578
3579
3580
3581
3582
3583
3584
3585
3586
3587
3588
3589
3590
3591
3592
3593
3594
3595
3596
3597
3598
3599
3600
3601
3602
3603
3604
3605
3606
3607
3608
3609
3610
3611
3612
3613
3614
3615
3616
3617
3618
3619
3620
3621
3622
3623
3624
3625
3626
3627
3628
3629
3630
3631
3632
3633
3634
3635
3636
3637
3638
3639
3640
3641
3642
3643
3644
3645
3646
3647
3648
3649
3650
3651
3652
3653
3654
3655
3656
3657
3658
3659
3660
3661
3662
3663
3664
3665
3666
3667
3668
3669
3670
3671
3672
3673
3674
3675
3676
3677
3678
3679
3680
3681
3682
3683
3684
3685
3686
3687
3688
3689
3690
3691
3692
3693
3694
3695
3696
3697
3698
3699
3700
3701
3702
3703
3704
3705
3706
3707
3708
3709
3710
3711
3712
3713
3714
3715
3716
3717
3718
3719
3720
3721
3722
3723
3724
3725
3726
3727
3728
3729
3730
3731
3732
3733
3734
3735
3736
3737
3738
3739
3740
3741
3742
3743
3744
3745
3746
3747
3748
3749
3750
3751
3752
3753
3754
3755
3756
3757
3758
3759
3760
3761
3762
3763
3764
3765
3766
3767
3768
3769
3770
3771
3772
3773
3774
3775
3776
3777
3778
3779
3780
3781
3782
3783
3784
3785
3786
3787
3788
3789
3790
3791
3792
3793
3794
3795
3796
3797
3798
3799
3800
3801
3802
3803
3804
3805
3806
3807
3808
3809
3810
3811
3812
3813
3814
3815
3816
3817
3818
3819
3820
3821
3822
3823
3824
3825
3826
3827
3828
3829
3830
3831
3832
3833
3834
3835
3836
3837
3838
3839
3840
3841
3842
3843
3844
3845
3846
3847
3848
0.1020408163265306 0.12 0
0.1020408163265306 0.14 0
0.1020408163265306 0.16 0
0.1020408163265306 0.18 0
0.1020408163265306 0.2 0
0.1020408163265306 0.22 0
0.1020408163265306 0.24 0
0.1020408163265306 0.26 0
0.1020408163265306 0.28 0
0.2040816326530612 0.12 0
0.2040816326530612 0.14 0
0.2040816326530612 0.16 0
0.2040816326530612 0.18 0
0.2040816326530612 0.2 0
0.2040816326530612 0.22 0
0.2040816326530612 0.24 0
0.2040816326530612 0.26 0
0.2040816326530612 0.28 0
0.3061224489795918 0.12 0
0.3061224489795918 0.14 0
0.3061224489795918 0.16 0
0.3061224489795918 0.18 0
0.3061224489795918 0.2 0
0.3061224489795918 0.22 0
0.3061224489795918 0.24 0
0.3061224489795918 0.26 0
0.3061224489795918 0.28 0
0.4081632653061224 0.12 0
0.4081632653061224 0.14 0
0.4081632653061224 0.16 0
0.4081632653061224 0.18 0
0.4081632653061224 0.2 0
0.4081632653061224 0.22 0
0.4081632653061224 0.24 0
0.4081632653061224 0.26 0
0.4081632653061224 0.28 0
0.510204081632653 0.12 0
0.510204081632653 0.14 0
0.510204081632653 0.16 0
0.510204081632653 0.18 0
0.510204081632653 0.2 0
0.510204081632653 0.22 0
0.510204081632653 0.24 0
0.510204081632653 0.26 0
0.510204081632653 0.28 0
0.6122448979591837 0.12 0
0.6122448979591837 0.14 0
0.6122448979591837 0.16 0
0.6122448979591837 0.18 0
0.6122448979591837 0.2 0
0.6122448979591837 0.22 0
0.6122448979591837 0.24 0
0.6122448979591837 0.26 0
0.6122448979591837 0.28 0
0.7142857142857142 0.12 0
0.7142857142857142 0.14 0
0.7142857142857142 0.16 0
0.7142857142857142 0.18 0
0.7142857142857142 0.2 0
0.7142857142857142 0.22 0
0.7142857142857142 0.24 0
0.7142857142857142 0.26 0
0.7142857142857142 0.28 0
0.8163265306122448 0.12 0
0.8163265306122448 0.14 0
0.8163265306122448 0.16 0
0.8163265306122448 0.18 0
0.8163265306122448 0.2 0
0.8163265306122448 0.22 0
0.8163265306122448 0.24 0
0.8163265306122448 0.26 0
0.8163265306122448 0.28 0
0.9183673469387754 0.12 0
0.9183673469387754 0.14 0
0.9183673469387754 0.16 0
0.9183673469387754 0.18 0
0.9183673469387754 0.2 0
0.9183673469387754 0.22 0
0.9183673469387754 0.24 0
0.9183673469387754 0.26 0
0.9183673469387754 0.28 0
1.020408163265306 0.12 0
1.020408163265306 0.14 0
1.020408163265306 0.16 0
1.020408163265306 0.18 0
1.020408163265306 0.2 0
1.020408163265306 0.22 0
1.020408163265306 0.24 0
1.020408163265306 0.26 0
1.020408163265306 0.28 0
1.122448979591837 0.12 0
1.122448979591837 0.14 0
1.122448979591837 0.16 0
1.122448979591837 0.18 0
1.122448979591837 0.2 0
1.122448979591837 0.22 0
1.122448979591837 0.24 0
1.122448979591837 0.26 0
1.122448979591837 0.28 0
1.224489795918367 0.12 0
1.224489795918367 0.14 0
1.224489795918367 0.16 0
1.224489795918367 0.18 0
1.224489795918367 0.2 0
1.224489795918367 0.22 0
1.224489795918367 0.24 0
1.224489795918367 0.26 0
1.224489795918367 0.28 0
1.326530612244898 0.12 0
1.326530612244898 0.14 0
1.326530612244898 0.16 0
1.326530612244898 0.18 0
1.326530612244898 0.2 0
1.326530612244898 0.22 0
1.326530612244898 0.24 0
1.326530612244898 0.26 0
1.326530612244898 0.28 0
1.428571428571428 0.12 0
1.428571428571428 0.14 0
1.428571428571428 0.16 0
1.428571428571428 0.18 0
1.428571428571428 0.2 0
1.428571428571428 0.22 0
1.428571428571428 0.24 0
1.428571428571428 0.26 0
1.428571428571428 0.28 0
1.530612244897959 0.12 0
1.530612244897959 0.14 0
1.530612244897959 0.16 0
1.530612244897959 0.18 0
1.530612244897959 0.2 0
1.530612244897959 0.22 0
1.530612244897959 0.24 0
1.530612244897959 0.26 0
1.530612244897959 0.28 0
1.63265306122449 0.12 0
1.63265306122449 0.14 0
1.63265306122449 0.16 0
1.63265306122449 0.18 0
1.63265306122449 0.2 0
1.63265306122449 0.22 0
1.63265306122449 0.24 0
1.63265306122449 0.26 0
1.63265306122449 0.28 0
1.73469387755102 0.12 0
1.73469387755102 0.14 0
1.73469387755102 0.16 0
1.73469387755102 0.18 0
1.73469387755102 0.2 0
1.73469387755102 0.22 0
1.73469387755102 0.24 0
1.73469387755102 0.26 0
1.73469387755102 0.28 0
1.836734693877551 0.12 0
1.836734693877551 0.14 0
1.836734693877551 0.16 0
1.836734693877551 0.18 0
1.836734693877551 0.2 0
1.836734693877551 0.22 0
1.836734693877551 0.24 0
1.836734693877551 0.26 0
1.836734693877551 0.28 0
1.938775510204082 0.12 0
1.938775510204082 0.14 0
1.938775510204082 0.16 0
1.938775510204082 0.18 0
1.938775510204082 0.2 0
1.938775510204082 0.22 0
1.938775510204082 0.24 0
1.938775510204082 0.26 0
1.938775510204082 0.28 0
2.040816326530612 0.12 0
2.040816326530612 0.14 0
2.040816326530612 0.16 0
2.040816326530612 0.18 0
2.040816326530612 0.2 0
2.040816326530612 0.22 0
2.040816326530612 0.24 0
2.040816326530612 0.26 0
2.040816326530612 0.28 0
2.142857142857143 0.12 0
2.142857142857143 0.14 0
2.142857142857143 0.16 0
2.142857142857143 0.18 0
2.142857142857143 0.2 0
2.142857142857143 0.22 0
2.142857142857143 0.24 0
2.142857142857143 0.26 0
2.142857142857143 0.28 0
2.244897959183673 0.12 0
2.244897959183673 0.14 0
2.244897959183673 0.16 0
2.244897959183673 0.18 0
2.244897959183673 0.2 0
2.244897959183673 0.22 0
2.244897959183673 0.24 0
2.244897959183673 0.26 0
2.244897959183673 0.28 0
2.346938775510204 0.12 0
2.346938775510204 0.14 0
2.346938775510204 0.16 0
2.346938775510204 0.18 0
2.346938775510204 0.2 0
2.346938775510204 0.22 0
2.346938775510204 0.24 0
2.346938775510204 0.26 0
2.346938775510204 0.28 0
2.448979591836735 0.12 0
2.448979591836735 0.14 0
2.448979591836735 0.16 0
2.448979591836735 0.18 0
2.448979591836735 0.2 0
2.448979591836735 0.22 0
2.448979591836735 0.24 0
2.448979591836735 0.26 0
2.448979591836735 0.28 0
2.551020408163265 0.12 0
2.551020408163265 0.14 0
2.551020408163265 0.16 0
2.551020408163265 0.18 0
2.551020408163265 0.2 0
2.551020408163265 0.22 0
2.551020408163265 0.24 0
2.551020408163265 0.26 0
2.551020408163265 0.28 0
2.653061224489796 0.12 0
2.653061224489796 0.14 0
2.653061224489796 0.16 0
2.653061224489796 0.18 0
2.653061224489796 0.2 0
2.653061224489796 0.22 0
2.653061224489796 0.24 0
2.653061224489796 0.26 0
2.653061224489796 0.28 0
2.755102040816326 0.12 0
2.755102040816326 0.14 0
2.755102040816326 0.16 0
2.755102040816326 0.18 0
2.755102040816326 0.2 0
2.755102040816326 0.22 0
2.755102040816326 0.24 0
2.755102040816326 0.26 0
2.755102040816326 0.28 0
2.857142857142857 0.12 0
2.857142857142857 0.14 0
2.857142857142857 0.16 0
2.857142857142857 0.18 0
2.857142857142857 0.2 0
2.857142857142857 0.22 0
2.857142857142857 0.24 0
2.857142857142857 0.26 0
2.857142857142857 0.28 0
2.959183673469388 0.12 0
2.959183673469388 0.14 0
2.959183673469388 0.16 0
2.959183673469388 0.18 0
2.959183673469388 0.2 0
2.959183673469388 0.22 0
2.959183673469388 0.24 0
2.959183673469388 0.26 0
2.959183673469388 0.28 0
3.061224489795918 0.12 0
3.061224489795918 0.14 0
3.061224489795918 0.16 0
3.061224489795918 0.18 0
3.061224489795918 0.2 0
3.061224489795918 0.22 0
3.061224489795918 0.24 0
3.061224489795918 0.26 0
3.061224489795918 0.28 0
3.163265306122449 0.12 0
3.163265306122449 0.14 0
3.163265306122449 0.16 0
3.163265306122449 0.18 0
3.163265306122449 0.2 0
3.163265306122449 0.22 0
3.163265306122449 0.24 0
3.163265306122449 0.26 0
3.163265306122449 0.28 0
3.265306122448979 0.12 0
3.265306122448979 0.14 0
3.265306122448979 0.16 0
3.265306122448979 0.18 0
3.265306122448979 0.2 0
3.265306122448979 0.22 0
3.265306122448979 0.24 0
3.265306122448979 0.26 0
3.265306122448979 0.28 0
3.36734693877551 0.12 0
3.36734693877551 0.14 0
3.36734693877551 0.16 0
3.36734693877551 0.18 0
3.36734693877551 0.2 0
3.36734693877551 0.22 0
3.36734693877551 0.24 0
3.36734693877551 0.26 0
3.36734693877551 0.28 0
3.469387755102041 0.12 0
3.469387755102041 0.14 0
3.469387755102041 0.16 0
3.469387755102041 0.18 0
3.469387755102041 0.2 0
3.469387755102041 0.22 0
3.469387755102041 0.24 0
3.469387755102041 0.26 0
3.469387755102041 0.28 0
3.571428571428571 0.12 0
3.571428571428571 0.14 0
3.571428571428571 0.16 0
3.571428571428571 0.18 0
3.571428571428571 0.2 0
3.571428571428571 0.22 0
3.571428571428571 0.24 0
3.571428571428571 0.26 0
3.571428571428571 0.28 0
3.673469387755102 0.12 0
3.673469387755102 0.14 0
3.673469387755102 0.16 0
3.673469387755102 0.18 0
3.673469387755102 0.2 0
3.673469387755102 0.22 0
3.673469387755102 0.24 0
3.673469387755102 0.26 0
3.673469387755102 0.28 0
3.775510204081632 0.12 0
3.775510204081632 0.14 0
3.775510204081632 0.16 0
3.775510204081632 0.18 0
3.775510204081632 0.2 0
3.775510204081632 0.22 0
3.775510204081632 0.24 0
3.775510204081632 0.26 0
3.775510204081632 0.28 0
3.877551020408163 0.12 0
3.877551020408163 0.14 0
3.877551020408163 0.16 0
3.877551020408163 0.18 0
3.877551020408163 0.2 0
3.877551020408163 0.22 0
3.877551020408163 0.24 0
3.877551020408163 0.26 0
3.877551020408163 0.28 0
3.979591836734693 0.12 0
3.979591836734693 0.14 0
3.979591836734693 0.16 0
3.979591836734693 0.18 0
3.979591836734693 0.2 0
3.979591836734693 0.22 0
3.979591836734693 0.24 0
3.979591836734693 0.26 0
3.979591836734693 0.28 0
4.081632653061224 0.12 0
4.081632653061224 0.14 0
4.081632653061224 0.16 0
4.081632653061224 0.18 0
4.081632653061224 0.2 0
4.081632653061224 0.22 0
4.081632653061224 0.24 0
4.081632653061224 0.26 0
4.081632653061224 0.28 0
4.183673469387755 0.12 0
4.183673469387755 0.14 0
4.183673469387755 0.16 0
4.183673469387755 0.18 0
4.183673469387755 0.2 0
4.183673469387755 0.22 0
4.183673469387755 0.24 0
4.183673469387755 0.26 0
4.183673469387755 0.28 0
4.285714285714286 0.12 0
4.285714285714286 0.14 0
4.285714285714286 0.16 0
4.285714285714286 0.18 0
4.285714285714286 0.2 0
4.285714285714286 0.22 0
4.285714285714286 0.24 0
4.285714285714286 0.26 0
4.285714285714286 0.28 0
4.387755102040816 0.12 0
4.387755102040816 0.14 0
4.387755102040816 0.16 0
4.387755102040816 0.18 0
4.387755102040816 0.2 0
4.387755102040816 0.22 0
4.387755102040816 0.24 0
4.387755102040816 0.26 0
4.387755102040816 0.28 0
4.489795918367347 0.12 0
4.489795918367347 0.14 0
4.489795918367347 0.16 0
4.489795918367347 0.18 0
4.489795918367347 0.2 0
4.489795918367347 0.22 0
4.489795918367347 0.24 0
4.489795918367347 0.26 0
4.489795918367347 0.28 0
4.591836734693877 0.12 0
4.591836734693877 0.14 0
4.591836734693877 0.16 0
4.591836734693877 0.18 0
4.591836734693877 0.2 0
4.591836734693877 0.22 0
4.591836734693877 0.24 0
4.591836734693877 0.26 0
4.591836734693877 0.28 0
4.693877551020408 0.12 0
4.693877551020408 0.14 0
4.693877551020408 0.16 0
4.693877551020408 0.18 0
4.693877551020408 0.2 0
4.693877551020408 0.22 0
4.693877551020408 0.24 0
4.693877551020408 0.26 0
4.693877551020408 0.28 0
4.795918367346939 0.12 0
4.795918367346939 0.14 0
4.795918367346939 0.16 0
4.795918367346939 0.18 0
4.795918367346939 0.2 0
4.795918367346939 0.22 0
4.795918367346939 0.24 0
4.795918367346939 0.26 0
4.795918367346939 0.28 0
4.897959183673469 0.12 0
4.897959183673469 0.14 0
4.897959183673469 0.16 0
4.897959183673469 0.18 0
4.897959183673469 0.2 0
4.897959183673469 0.22 0
4.897959183673469 0.24 0
4.897959183673469 0.26 0
4.897959183673469 0.28 0
0.0510204081632653 0.12 0
0.1020408163265306 0.11 0
0.0510204081632653 0.11 0
0.0510204081632653 0.14 0
0.1020408163265306 0.13 0
0.0510204081632653 0.13 0
0.0510204081632653 0.16 0
0.1020408163265306 0.15 0
0.0510204081632653 0.15 0
0.0510204081632653 0.18 0
0.1020408163265306 0.17 0
0.0510204081632653 0.17 0
0.0510204081632653 0.2 0
0.1020408163265306 0.19 0
0.0510204081632653 0.19 0
0.0510204081632653 0.22 0
0.1020408163265306 0.21 0
0.0510204081632653 0.21 0
0.0510204081632653 0.24 0
0.1020408163265306 0.23 0
0.0510204081632653 0.23 0
0.0510204081632653 0.26 0
0.1020408163265306 0.25 0
0.0510204081632653 0.25 0
0.0510204081632653 0.28 0
0.1020408163265306 0.27 0
0.0510204081632653 0.27 0
0.1020408163265306 0.29 0
0.0510204081632653 0.29 0
0.1530612244897959 0.12 0
0.2040816326530612 0.11 0
0.1530612244897959 0.11 0
0.1530612244897959 0.14 0
0.2040816326530612 0.13 0
0.1530612244897959 0.13 0
0.1530612244897959 0.16 0
0.2040816326530612 0.15 0
0.1530612244897959 0.15 0
0.1530612244897959 0.18 0
0.2040816326530612 0.17 0
0.1530612244897959 0.17 0
0.1530612244897959 0.2 0
0.2040816326530612 0.19 0
0.1530612244897959 0.19 0
0.1530612244897959 0.22 0
0.2040816326530612 0.21 0
0.1530612244897959 0.21 0
0.1530612244897959 0.24 0
0.2040816326530612 0.23 0
0.1530612244897959 0.23 0
0.1530612244897959 0.26 0
0.2040816326530612 0.25 0
0.1530612244897959 0.25 0
0.1530612244897959 0.28 0
0.2040816326530612 0.27 0
0.1530612244897959 0.27 0
0.2040816326530612 0.29 0
0.1530612244897959 0.29 0
0.2551020408163265 0.12 0
0.3061224489795918 0.11 0
0.2551020408163266 0.11 0
0.2551020408163265 0.14 0
0.3061224489795918 0.13 0
0.2551020408163266 0.13 0
0.2551020408163265 0.16 0
0.3061224489795918 0.15 0
0.2551020408163266 0.15 0
0.2551020408163265 0.18 0
0.3061224489795918 0.17 0
0.2551020408163266 0.17 0
0.2551020408163265 0.2 0
0.3061224489795918 0.19 0
0.2551020408163266 0.19 0
0.2551020408163265 0.22 0
0.3061224489795918 0.21 0
0.2551020408163266 0.21 0
0.2551020408163265 0.24 0
0.3061224489795918 0.23 0
0.2551020408163266 0.23 0
0.2551020408163265 0.26 0
0.3061224489795918 0.25 0
0.2551020408163266 0.25 0
0.2551020408163265 0.28 0
0.3061224489795918 0.27 0
0.2551020408163266 0.27 0
0.3061224489795918 0.29 0
0.2551020408163266 0.29 0
0.3571428571428571 0.12 0
0.4081632653061224 0.11 0
0.3571428571428571 0.11 0
0.3571428571428571 0.14 0
0.4081632653061224 0.13 0
0.3571428571428571 0.13 0
0.3571428571428571 0.16 0
0.4081632653061224 0.15 0
0.3571428571428571 0.15 0
0.3571428571428571 0.18 0
0.4081632653061224 0.17 0
0.3571428571428571 0.17 0
0.3571428571428571 0.2 0
0.4081632653061224 0.19 0
0.3571428571428571 0.19 0
0.3571428571428571 0.22 0
0.4081632653061224 0.21 0
0.3571428571428571 0.21 0
0.3571428571428571 0.24 0
0.4081632653061224 0.23 0
0.3571428571428571 0.23 0
0.3571428571428571 0.26 0
0.4081632653061224 0.25 0
0.3571428571428571 0.25 0
0.3571428571428571 0.28 0
0.4081632653061224 0.27 0
0.3571428571428571 0.27 0
0.4081632653061224 0.29 0
0.3571428571428571 0.29 0
0.4591836734693877 0.12 0
0.510204081632653 0.11 0
0.4591836734693877 0.11 0
0.4591836734693877 0.14 0
0.510204081632653 0.13 0
0.4591836734693877 0.13 0
0.4591836734693877 0.16 0
0.510204081632653 0.15 0
0.4591836734693877 0.15 0
0.4591836734693877 0.18 0
0.510204081632653 0.17 0
0.4591836734693877 0.17 0
0.4591836734693877 0.2 0
0.510204081632653 0.19 0
0.4591836734693877 0.19 0
0.4591836734693877 0.22 0
0.510204081632653 0.21 0
0.4591836734693877 0.21 0
0.4591836734693877 0.24 0
0.510204081632653 0.23 0
0.4591836734693877 0.23 0
0.4591836734693877 0.26 0
0.510204081632653 0.25 0
0.4591836734693877 0.25 0
0.4591836734693877 0.28 0
0.510204081632653 0.27 0
0.4591836734693877 0.27 0
0.510204081632653 0.29 0
0.4591836734693877 0.29 0
0.5612244897959183 0.12 0
0.6122448979591837 0.11 0
0.5612244897959183 0.11 0
0.5612244897959183 0.14 0
0.6122448979591837 0.13 0
0.5612244897959183 0.13 0
0.5612244897959183 0.16 0
0.6122448979591837 0.15 0
0.5612244897959183 0.15 0
0.5612244897959183 0.18 0
0.6122448979591837 0.17 0
0.5612244897959183 0.17 0
0.5612244897959183 0.2 0
0.6122448979591837 0.19 0
0.5612244897959183 0.19 0
0.5612244897959183 0.22 0
0.6122448979591837 0.21 0
0.5612244897959183 0.21 0
0.5612244897959183 0.24 0
0.6122448979591837 0.23 0
0.5612244897959183 0.23 0
0.5612244897959183 0.26 0
0.6122448979591837 0.25 0
0.5612244897959183 0.25 0
0.5612244897959183 0.28 0
0.6122448979591837 0.27 0
0.5612244897959183 0.27 0
0.6122448979591837 0.29 0
0.5612244897959183 0.29 0
0.6632653061224489 0.12 0
0.7142857142857142 0.11 0
0.6632653061224489 0.11 0
0.6632653061224489 0.14 0
0.7142857142857142 0.13 0
0.6632653061224489 0.13 0
0.6632653061224489 0.16 0
0.7142857142857142 0.15 0
0.6632653061224489 0.15 0
0.6632653061224489 0.18 0
0.7142857142857142 0.17 0
0.6632653061224489 0.17 0
0.6632653061224489 0.2 0
0.7142857142857142 0.19 0
0.6632653061224489 0.19 0
0.6632653061224489 0.22 0
0.7142857142857142 0.21 0
0.6632653061224489 0.21 0
0.6632653061224489 0.24 0
0.7142857142857142 0.23 0
0.6632653061224489 0.23 0
0.6632653061224489 0.26 0
0.7142857142857142 0.25 0
0.6632653061224489 0.25 0
0.6632653061224489 0.28 0
0.7142857142857142 0.27 0
0.6632653061224489 0.27 0
0.7142857142857142 0.29 0
0.6632653061224489 0.29 0
0.7653061224489794 0.12 0
0.8163265306122448 0.11 0
0.7653061224489794 0.11 0
0.7653061224489794 0.14 0
0.8163265306122448 0.13 0
0.7653061224489794 0.13 0
0.7653061224489794 0.16 0
0.8163265306122448 0.15 0
0.7653061224489794 0.15 0
0.7653061224489794 0.18 0
0.8163265306122448 0.17 0
0.7653061224489794 0.17 0
0.7653061224489794 0.2 0
0.8163265306122448 0.19 0
0.7653061224489794 0.19 0
0.7653061224489794 0.22 0
0.8163265306122448 0.21 0
0.7653061224489794 0.21 0
0.7653061224489794 0.24 0
0.8163265306122448 0.23 0
0.7653061224489794 0.23 0
0.7653061224489794 0.26 0
0.8163265306122448 0.25 0
0.7653061224489794 0.25 0
0.7653061224489794 0.28 0
0.8163265306122448 0.27 0
0.7653061224489794 0.27 0
0.8163265306122448 0.29 0
0.7653061224489794 0.29 0
0.8673469387755102 0.12 0
0.9183673469387754 0.11 0
0.8673469387755102 0.11 0
0.8673469387755102 0.14 0
0.9183673469387754 0.13 0
0.8673469387755102 0.13 0
0.8673469387755102 0.16 0
0.9183673469387754 0.15 0
0.8673469387755102 0.15 0
0.8673469387755102 0.18 0
0.9183673469387754 0.17 0
0.8673469387755102 0.17 0
0.8673469387755102 0.2 0
0.9183673469387754 0.19 0
0.8673469387755102 0.19 0
0.8673469387755102 0.22 0
0.9183673469387754 0.21 0
0.8673469387755102 0.21 0
0.8673469387755102 0.24 0
0.9183673469387754 0.23 0
0.8673469387755102 0.23 0
0.8673469387755102 0.26 0
0.9183673469387754 0.25 0
0.8673469387755102 0.25 0
0.8673469387755102 0.28 0
0.9183673469387754 0.27 0
0.8673469387755102 0.27 0
0.9183673469387754 0.29 0
0.8673469387755102 0.29 0
0.9693877551020407 0.12 0
1.020408163265306 0.11 0
0.9693877551020407 0.11 0
0.9693877551020407 0.14 0
1.020408163265306 0.13 0
0.9693877551020407 0.13 0
0.9693877551020407 0.16 0
1.020408163265306 0.15 0
0.9693877551020407 0.15 0
0.9693877551020407 0.18 0
1.020408163265306 0.17 0
0.9693877551020407 0.17 0
0.9693877551020407 0.2 0
1.020408163265306 0.19 0
0.9693877551020407 0.19 0
0.9693877551020407 0.22 0
1.020408163265306 0.21 0
0.9693877551020407 0.21 0
0.9693877551020407 0.24 0
1.020408163265306 0.23 0
0.9693877551020407 0.23 0
0.9693877551020407 0.26 0
1.020408163265306 0.25 0
0.9693877551020407 0.25 0
0.9693877551020407 0.28 0
1.020408163265306 0.27 0
0.9693877551020407 0.27 0
1.020408163265306 0.29 0
0.9693877551020407 0.29 0
1.071428571428571 0.12 0
1.122448979591837 0.11 0
1.071428571428571 0.11 0
1.071428571428571 0.14 0
1.122448979591837 0.13 0
1.071428571428571 0.13 0
1.071428571428571 0.16 0
1.122448979591837 0.15 0
1.071428571428571 0.15 0
1.071428571428571 0.18 0
1.122448979591837 0.17 0
1.071428571428571 0.17 0
1.071428571428571 0.2 0
1.122448979591837 0.19 0
1.071428571428571 0.19 0
1.071428571428571 0.22 0
1.122448979591837 0.21 0
1.071428571428571 0.21 0
1.071428571428571 0.24 0
1.122448979591837 0.23 0
1.071428571428571 0.23 0
1.071428571428571 0.26 0
1.122448979591837 0.25 0
1.071428571428571 0.25 0
1.071428571428571 0.28 0
1.122448979591837 0.27 0
1.071428571428571 0.27 0
1.122448979591837 0.29 0
1.071428571428571 0.29 0
1.173469387755102 0.12 0
1.224489795918367 0.11 0
1.173469387755102 0.11 0
1.173469387755102 0.14 0
1.224489795918367 0.13 0
1.173469387755102 0.13 0
1.173469387755102 0.16 0
1.224489795918367 0.15 0
1.173469387755102 0.15 0
1.173469387755102 0.18 0
1.224489795918367 0.17 0
1.173469387755102 0.17 0
1.173469387755102 0.2 0
1.224489795918367 0.19 0
1.173469387755102 0.19 0
1.173469387755102 0.22 0
1.224489795918367 0.21 0
1.173469387755102 0.21 0
1.173469387755102 0.24 0
1.224489795918367 0.23 0
1.173469387755102 0.23 0
1.173469387755102 0.26 0
1.224489795918367 0.25 0
1.173469387755102 0.25 0
1.173469387755102 0.28 0
1.224489795918367 0.27 0
1.173469387755102 0.27 0
1.224489795918367 0.29 0
1.173469387755102 0.29 0
1.275510204081633 0.12 0
1.326530612244898 0.11 0
1.275510204081633 0.11 0
1.275510204081633 0.14 0
1.326530612244898 0.13 0
1.275510204081633 0.13 0
1.275510204081633 0.16 0
1.326530612244898 0.15 0
1.275510204081633 0.15 0
1.275510204081633 0.18 0
1.326530612244898 0.17 0
1.275510204081633 0.17 0
1.275510204081633 0.2 0
1.326530612244898 0.19 0
1.275510204081633 0.19 0
1.275510204081633 0.22 0
1.326530612244898 0.21 0
1.275510204081633 0.21 0
1.275510204081633 0.24 0
1.326530612244898 0.23 0
1.275510204081633 0.23 0
1.275510204081633 0.26 0
1.326530612244898 0.25 0
1.275510204081633 0.25 0
1.275510204081633 0.28 0
1.326530612244898 0.27 0
1.275510204081633 0.27 0
1.326530612244898 0.29 0
1.275510204081633 0.29 0
1.377551020408163 0.12 0
1.428571428571428 0.11 0
1.377551020408163 0.11 0
1.377551020408163 0.14 0
1.428571428571428 0.13 0
1.377551020408163 0.13 0
1.377551020408163 0.16 0
1.428571428571428 0.15 0
1.377551020408163 0.15 0
1.377551020408163 0.18 0
1.428571428571428 0.17 0
1.377551020408163 0.17 0
1.377551020408163 0.2 0
1.428571428571428 0.19 0
1.377551020408163 0.19 0
1.377551020408163 0.22 0
1.428571428571428 0.21 0
1.377551020408163 0.21 0
1.377551020408163 0.24 0
1.428571428571428 0.23 0
1.377551020408163 0.23 0
1.377551020408163 0.26 0
1.428571428571428 0.25 0
1.377551020408163 0.25 0
1.377551020408163 0.28 0
1.428571428571428 0.27 0
1.377551020408163 0.27 0
1.428571428571428 0.29 0
1.377551020408163 0.29 0
1.479591836734694 0.12 0
1.530612244897959 0.11 0
1.479591836734694 0.11 0
1.479591836734694 0.14 0
1.530612244897959 0.13 0
1.479591836734694 0.13 0
1.479591836734694 0.16 0
1.530612244897959 0.15 0
1.479591836734694 0.15 0
1.479591836734694 0.18 0
1.530612244897959 0.17 0
1.479591836734694 0.17 0
1.479591836734694 0.2 0
1.530612244897959 0.19 0
1.479591836734694 0.19 0
1.479591836734694 0.22 0
1.530612244897959 0.21 0
1.479591836734694 0.21 0
1.479591836734694 0.24 0
1.530612244897959 0.23 0
1.479591836734694 0.23 0
1.479591836734694 0.26 0
1.530612244897959 0.25 0
1.479591836734694 0.25 0
1.479591836734694 0.28 0
1.530612244897959 0.27 0
1.479591836734694 0.27 0
1.530612244897959 0.29 0
1.479591836734694 0.29 0
1.581632653061224 0.12 0
1.63265306122449 0.11 0
1.581632653061224 0.11 0
1.581632653061224 0.14 0
1.63265306122449 0.13 0
1.581632653061224 0.13 0
1.581632653061224 0.16 0
1.63265306122449 0.15 0
1.581632653061224 0.15 0
1.581632653061224 0.18 0
1.63265306122449 0.17 0
1.581632653061224 0.17 0
1.581632653061224 0.2 0
1.63265306122449 0.19 0
1.581632653061224 0.19 0
1.581632653061224 0.22 0
1.63265306122449 0.21 0
1.581632653061224 0.21 0
1.581632653061224 0.24 0
1.63265306122449 0.23 0
1.581632653061224 0.23 0
1.581632653061224 0.26 0
1.63265306122449 0.25 0
1.581632653061224 0.25 0
1.581632653061224 0.28 0
1.63265306122449 0.27 0
1.581632653061224 0.27 0
1.63265306122449 0.29 0
1.581632653061224 0.29 0
1.683673469387755 0.12 0
1.73469387755102 0.11 0
1.683673469387755 0.11 0
1.683673469387755 0.14 0
1.73469387755102 0.13 0
1.683673469387755 0.13 0
1.683673469387755 0.16 0
1.73469387755102 0.15 0
1.683673469387755 0.15 0
1.683673469387755 0.18 0
1.73469387755102 0.17 0
1.683673469387755 0.17 0
1.683673469387755 0.2 0
1.73469387755102 0.19 0
1.683673469387755 0.19 0
1.683673469387755 0.22 0
1.73469387755102 0.21 0
1.683673469387755 0.21 0
1.683673469387755 0.24 0
1.73469387755102 0.23 0
1.683673469387755 0.23 0
1.683673469387755 0.26 0
1.73469387755102 0.25 0
1.683673469387755 0.25 0
1.683673469387755 0.28 0
1.73469387755102 0.27 0
1.683673469387755 0.27 0
1.73469387755102 0.29 0
1.683673469387755 0.29 0
1.785714285714286 0.12 0
1.836734693877551 0.11 0
1.785714285714286 0.11 0
1.785714285714286 0.14 0
1.836734693877551 0.13 0
1.785714285714286 0.13 0
1.785714285714286 0.16 0
1.836734693877551 0.15 0
1.785714285714286 0.15 0
1.785714285714286 0.18 0
1.836734693877551 0.17 0
1.785714285714286 0.17 0
1.785714285714286 0.2 0
1.836734693877551 0.19 0
1.785714285714286 0.19 0
1.785714285714286 0.22 0
1.836734693877551 0.21 0
1.785714285714286 0.21 0
1.785714285714286 0.24 0
1.836734693877551 0.23 0
1.785714285714286 0.23 0
1.785714285714286 0.26 0
1.836734693877551 0.25 0
1.785714285714286 0.25 0
1.785714285714286 0.28 0
1.836734693877551 0.27 0
1.785714285714286 0.27 0
1.836734693877551 0.29 0
1.785714285714286 0.29 0
1.887755102040816 0.12 0
1.938775510204082 0.11 0
1.887755102040816 0.11 0
1.887755102040816 0.14 0
1.938775510204082 0.13 0
1.887755102040816 0.13 0
1.887755102040816 0.16 0
1.938775510204082 0.15 0
1.887755102040816 0.15 0
1.887755102040816 0.18 0
1.938775510204082 0.17 0
1.887755102040816 0.17 0
1.887755102040816 0.2 0
1.938775510204082 0.19 0
1.887755102040816 0.19 0
1.887755102040816 0.22 0
1.938775510204082 0.21 0
1.887755102040816 0.21 0
1.887755102040816 0.24 0
1.938775510204082 0.23 0
1.887755102040816 0.23 0
1.887755102040816 0.26 0
1.938775510204082 0.25 0
1.887755102040816 0.25 0
1.887755102040816 0.28 0
1.938775510204082 0.27 0
1.887755102040816 0.27 0
1.938775510204082 0.29 0
1.887755102040816 0.29 0
1.989795918367347 0.12 0
2.040816326530612 0.11 0
1.989795918367347 0.11 0
1.989795918367347 0.14 0
2.040816326530612 0.13 0
1.989795918367347 0.13 0
1.989795918367347 0.16 0
2.040816326530612 0.15 0
1.989795918367347 0.15 0
1.989795918367347 0.18 0
2.040816326530612 0.17 0
1.989795918367347 0.17 0
1.989795918367347 0.2 0
2.040816326530612 0.19 0
1.989795918367347 0.19 0
1.989795918367347 0.22 0
2.040816326530612 0.21 0
1.989795918367347 0.21 0
1.989795918367347 0.24 0
2.040816326530612 0.23 0
1.989795918367347 0.23 0
1.989795918367347 0.26 0
2.040816326530612 0.25 0
1.989795918367347 0.25 0
1.989795918367347 0.28 0
2.040816326530612 0.27 0
1.989795918367347 0.27 0
2.040816326530612 0.29 0
1.989795918367347 0.29 0
2.091836734693877 0.12 0
2.142857142857143 0.11 0
2.091836734693877 0.11 0
2.091836734693877 0.14 0
2.142857142857143 0.13 0
2.091836734693877 0.13 0
2.091836734693877 0.16 0
2.142857142857143 0.15 0
2.091836734693877 0.15 0
2.091836734693877 0.18 0
2.142857142857143 0.17 0
2.091836734693877 0.17 0
2.091836734693877 0.2 0
2.142857142857143 0.19 0
2.091836734693877 0.19 0
2.091836734693877 0.22 0
2.142857142857143 0.21 0
2.091836734693877 0.21 0
2.091836734693877 0.24 0
2.142857142857143 0.23 0
2.091836734693877 0.23 0
2.091836734693877 0.26 0
2.142857142857143 0.25 0
2.091836734693877 0.25 0
2.091836734693877 0.28 0
2.142857142857143 0.27 0
2.091836734693877 0.27 0
2.142857142857143 0.29 0
2.091836734693877 0.29 0
2.193877551020408 0.12 0
2.244897959183673 0.11 0
2.193877551020408 0.11 0
2.193877551020408 0.14 0
2.244897959183673 0.13 0
2.193877551020408 0.13 0
2.193877551020408 0.16 0
2.244897959183673 0.15 0
2.193877551020408 0.15 0
2.193877551020408 0.18 0
2.244897959183673 0.17 0
2.193877551020408 0.17 0
2.193877551020408 0.2 0
2.244897959183673 0.19 0
2.193877551020408 0.19 0
2.193877551020408 0.22 0
2.244897959183673 0.21 0
2.193877551020408 0.21 0
2.193877551020408 0.24 0
2.244897959183673 0.23 0
2.193877551020408 0.23 0
2.193877551020408 0.26 0
2.244897959183673 0.25 0
2.193877551020408 0.25 0
2.193877551020408 0.28 0
2.244897959183673 0.27 0
2.193877551020408 0.27 0
2.244897959183673 0.29 0
2.193877551020408 0.29 0
2.295918367346939 0.12 0
2.346938775510204 0.11 0
2.295918367346939 0.11 0
2.295918367346939 0.14 0
2.346938775510204 0.13 0
2.295918367346939 0.13 0
2.295918367346939 0.16 0
2.346938775510204 0.15 0
2.295918367346939 0.15 0
2.295918367346939 0.18 0
2.346938775510204 0.17 0
2.295918367346939 0.17 0
2.295918367346939 0.2 0
2.346938775510204 0.19 0
2.295918367346939 0.19 0
2.295918367346939 0.22 0
2.346938775510204 0.21 0
2.295918367346939 0.21 0
2.295918367346939 0.24 0
2.346938775510204 0.23 0
2.295918367346939 0.23 0
2.295918367346939 0.26 0
2.346938775510204 0.25 0
2.295918367346939 0.25 0
2.295918367346939 0.28 0
2.346938775510204 0.27 0
2.295918367346939 0.27 0
2.346938775510204 0.29 0
2.295918367346939 0.29 0
2.397959183673469 0.12 0
2.448979591836735 0.11 0
2.397959183673469 0.11 0
2.397959183673469 0.14 0
2.448979591836735 0.13 0
2.397959183673469 0.13 0
2.397959183673469 0.16 0
2.448979591836735 0.15 0
2.397959183673469 0.15 0
2.397959183673469 0.18 0
2.448979591836735 0.17 0
2.397959183673469 0.17 0
2.397959183673469 0.2 0
2.448979591836735 0.19 0
2.397959183673469 0.19 0
2.397959183673469 0.22 0
2.448979591836735 0.21 0
2.397959183673469 0.21 0
2.397959183673469 0.24 0
2.448979591836735 0.23 0
2.397959183673469 0.23 0
2.397959183673469 0.26 0
2.448979591836735 0.25 0
2.397959183673469 0.25 0
2.397959183673469 0.28 0
2.448979591836735 0.27 0
2.397959183673469 0.27 0
2.448979591836735 0.29 0
2.397959183673469 0.29 0
2.5 0.12 0
2.551020408163265 0.11 0
2.5 0.11 0
2.5 0.14 0
2.551020408163265 0.13 0
2.5 0.13 0
2.5 0.16 0
2.551020408163265 0.15 0
2.5 0.15 0
2.5 0.18 0
2.551020408163265 0.17 0
2.5 0.17 0
2.5 0.2 0
2.551020408163265 0.19 0
2.5 0.19 0
2.5 0.22 0
2.551020408163265 0.21 0
2.5 0.21 0
2.5 0.24 0
2.551020408163265 0.23 0
2.5 0.23 0
2.5 0.26 0
2.551020408163265 0.25 0
2.5 0.25 0
2.5 0.28 0
2.551020408163265 0.27 0
2.5 0.27 0
2.551020408163265 0.29 0
2.5 0.29 0
2.602040816326531 0.12 0
2.653061224489796 0.11 0
2.602040816326531 0.11 0
2.602040816326531 0.14 0
2.653061224489796 0.13 0
2.602040816326531 0.13 0
2.602040816326531 0.16 0
2.653061224489796 0.15 0
2.602040816326531 0.15 0
2.602040816326531 0.18 0
2.653061224489796 0.17 0
2.602040816326531 0.17 0
2.602040816326531 0.2 0
2.653061224489796 0.19 0
2.602040816326531 0.19 0
2.602040816326531 0.22 0
2.653061224489796 0.21 0
2.602040816326531 0.21 0
2.602040816326531 0.24 0
2.653061224489796 0.23 0
2.602040816326531 0.23 0
2.602040816326531 0.26 0
2.653061224489796 0.25 0
2.602040816326531 0.25 0
2.602040816326531 0.28 0
2.653061224489796 0.27 0
2.602040816326531 0.27 0
2.653061224489796 0.29 0
2.602040816326531 0.29 0
2.704081632653061 0.12 0
2.755102040816326 0.11 0
2.704081632653061 0.11 0
2.704081632653061 0.14 0
2.755102040816326 0.13 0
2.704081632653061 0.13 0
2.704081632653061 0.16 0
2.755102040816326 0.15 0
2.704081632653061 0.15 0
2.704081632653061 0.18 0
2.755102040816326 0.17 0
2.704081632653061 0.17 0
2.704081632653061 0.2 0
2.755102040816326 0.19 0
2.704081632653061 0.19 0
2.704081632653061 0.22 0
2.755102040816326 0.21 0
2.704081632653061 0.21 0
2.704081632653061 0.24 0
2.755102040816326 0.23 0
2.704081632653061 0.23 0
2.704081632653061 0.26 0
2.755102040816326 0.25 0
2.704081632653061 0.25 0
2.704081632653061 0.28 0
2.755102040816326 0.27 0
2.704081632653061 0.27 0
2.755102040816326 0.29 0
2.704081632653061 0.29 0
2.806122448979592 0.12 0
2.857142857142857 0.11 0
2.806122448979592 0.11 0
2.806122448979592 0.14 0
2.857142857142857 0.13 0
2.806122448979592 0.13 0
2.806122448979592 0.16 0
2.857142857142857 0.15 0
2.806122448979592 0.15 0
2.806122448979592 0.18 0
2.857142857142857 0.17 0
2.806122448979592 0.17 0
2.806122448979592 0.2 0
2.857142857142857 0.19 0
2.806122448979592 0.19 0
2.806122448979592 0.22 0
2.857142857142857 0.21 0
2.806122448979592 0.21 0
2.806122448979592 0.24 0
2.857142857142857 0.23 0
2.806122448979592 0.23 0
2.806122448979592 0.26 0
2.857142857142857 0.25 0
2.806122448979592 0.25 0
2.806122448979592 0.28 0
2.857142857142857 0.27 0
2.806122448979592 0.27 0
2.857142857142857 0.29 0
2.806122448979592 0.29 0
2.908163265306122 0.12 0
2.959183673469388 0.11 0
2.908163265306122 0.11 0
2.908163265306122 0.14 0
2.959183673469388 0.13 0
2.908163265306122 0.13 0
2.908163265306122 0.16 0
2.959183673469388 0.15 0
2.908163265306122 0.15 0
2.908163265306122 0.18 0
2.959183673469388 0.17 0
2.908163265306122 0.17 0
2.908163265306122 0.2 0
2.959183673469388 0.19 0
2.908163265306122 0.19 0
2.908163265306122 0.22 0
2.959183673469388 0.21 0
2.908163265306122 0.21 0
2.908163265306122 0.24 0
2.959183673469388 0.23 0
2.908163265306122 0.23 0
2.908163265306122 0.26 0
2.959183673469388 0.25 0
2.908163265306122 0.25 0
2.908163265306122 0.28 0
2.959183673469388 0.27 0
2.908163265306122 0.27 0
2.959183673469388 0.29 0
2.908163265306122 0.29 0
3.010204081632653 0.12 0
3.061224489795918 0.11 0
3.010204081632653 0.11 0
3.010204081632653 0.14 0
3.061224489795918 0.13 0
3.010204081632653 0.13 0
3.010204081632653 0.16 0
3.061224489795918 0.15 0
3.010204081632653 0.15 0
3.010204081632653 0.18 0
3.061224489795918 0.17 0
3.010204081632653 0.17 0
3.010204081632653 0.2 0
3.061224489795918 0.19 0
3.010204081632653 0.19 0
3.010204081632653 0.22 0
3.061224489795918 0.21 0
3.010204081632653 0.21 0
3.010204081632653 0.24 0
3.061224489795918 0.23 0
3.010204081632653 0.23 0
3.010204081632653 0.26 0
3.061224489795918 0.25 0
3.010204081632653 0.25 0
3.010204081632653 0.28 0
3.061224489795918 0.27 0
3.010204081632653 0.27 0
3.061224489795918 0.29 0
3.010204081632653 0.29 0
3.112244897959183 0.12 0
3.163265306122449 0.11 0
3.112244897959183 0.11 0
3.112244897959183 0.14 0
3.163265306122449 0.13 0
3.112244897959183 0.13 0
3.112244897959183 0.16 0
3.163265306122449 0.15 0
3.112244897959183 0.15 0
3.112244897959183 0.18 0
3.163265306122449 0.17 0
3.112244897959183 0.17 0
3.112244897959183 0.2 0
3.163265306122449 0.19 0
3.112244897959183 0.19 0
3.112244897959183 0.22 0
3.163265306122449 0.21 0
3.112244897959183 0.21 0
3.112244897959183 0.24 0
3.163265306122449 0.23 0
3.112244897959183 0.23 0
3.112244897959183 0.26 0
3.163265306122449 0.25 0
3.112244897959183 0.25 0
3.112244897959183 0.28 0
3.163265306122449 0.27 0
3.112244897959183 0.27 0
3.163265306122449 0.29 0
3.112244897959183 0.29 0
3.214285714285714 0.12 0
3.265306122448979 0.11 0
3.214285714285714 0.11 0
3.214285714285714 0.14 0
3.265306122448979 0.13 0
3.214285714285714 0.13 0
3.214285714285714 0.16 0
3.265306122448979 0.15 0
3.214285714285714 0.15 0
3.214285714285714 0.18 0
3.265306122448979 0.17 0
3.214285714285714 0.17 0
3.214285714285714 0.2 0
3.265306122448979 0.19 0
3.214285714285714 0.19 0
3.214285714285714 0.22 0
3.265306122448979 0.21 0
3.214285714285714 0.21 0
3.214285714285714 0.24 0
3.265306122448979 0.23 0
3.214285714285714 0.23 0
3.214285714285714 0.26 0
3.265306122448979 0.25 0
3.214285714285714 0.25 0
3.214285714285714 0.28 0
3.265306122448979 0.27 0
3.214285714285714 0.27 0
3.265306122448979 0.29 0
3.214285714285714 0.29 0
3.316326530612245 0.12 0
3.36734693877551 0.11 0
3.316326530612245 0.11 0
3.316326530612245 0.14 0
3.36734693877551 0.13 0
3.316326530612245 0.13 0
3.316326530612245 0.16 0
3.36734693877551 0.15 0
3.316326530612245 0.15 0
3.316326530612245 0.18 0
3.36734693877551 0.17 0
3.316326530612245 0.17 0
3.316326530612245 0.2 0
3.36734693877551 0.19 0
3.316326530612245 0.19 0
3.316326530612245 0.22 0
3.36734693877551 0.21 0
3.316326530612245 0.21 0
3.316326530612245 0.24 0
3.36734693877551 0.23 0
3.316326530612245 0.23 0
3.316326530612245 0.26 0
3.36734693877551 0.25 0
3.316326530612245 0.25 0
3.316326530612245 0.28 0
3.36734693877551 0.27 0
3.316326530612245 0.27 0
3.36734693877551 0.29 0
3.316326530612245 0.29 0
3.418367346938775 0.12 0
3.469387755102041 0.11 0
3.418367346938775 0.11 0
3.418367346938775 0.14 0
3.469387755102041 0.13 0
3.418367346938775 0.13 0
3.418367346938775 0.16 0
3.469387755102041 0.15 0
3.418367346938775 0.15 0
3.418367346938775 0.18 0
3.469387755102041 0.17 0
3.418367346938775 0.17 0
3.418367346938775 0.2 0
3.469387755102041 0.19 0
3.418367346938775 0.19 0
3.418367346938775 0.22 0
3.469387755102041 0.21 0
3.418367346938775 0.21 0
3.418367346938775 0.24 0
3.469387755102041 0.23 0
3.418367346938775 0.23 0
3.418367346938775 0.26 0
3.469387755102041 0.25 0
3.418367346938775 0.25 0
3.418367346938775 0.28 0
3.469387755102041 0.27 0
3.418367346938775 0.27 0
3.469387755102041 0.29 0
3.418367346938775 0.29 0
3.520408163265306 0.12 0
3.571428571428571 0.11 0
3.520408163265306 0.11 0
3.520408163265306 0.14 0
3.571428571428571 0.13 0
3.520408163265306 0.13 0
3.520408163265306 0.16 0
3.571428571428571 0.15 0
3.520408163265306 0.15 0
3.520408163265306 0.18 0
3.571428571428571 0.17 0
3.520408163265306 0.17 0
3.520408163265306 0.2 0
3.571428571428571 0.19 0
3.520408163265306 0.19 0
3.520408163265306 0.22 0
3.571428571428571 0.21 0
3.520408163265306 0.21 0
3.520408163265306 0.24 0
3.571428571428571 0.23 0
3.520408163265306 0.23 0
3.520408163265306 0.26 0
3.571428571428571 0.25 0
3.520408163265306 0.25 0
3.520408163265306 0.28 0
3.571428571428571 0.27 0
3.520408163265306 0.27 0
3.571428571428571 0.29 0
3.520408163265306 0.29 0
3.622448979591836 0.12 0
3.673469387755102 0.11 0
3.622448979591836 0.11 0
3.622448979591836 0.14 0
3.673469387755102 0.13 0
3.622448979591836 0.13 0
3.622448979591836 0.16 0
3.673469387755102 0.15 0
3.622448979591836 0.15 0
3.622448979591836 0.18 0
3.673469387755102 0.17 0
3.622448979591836 0.17 0
3.622448979591836 0.2 0
3.673469387755102 0.19 0
3.622448979591836 0.19 0
3.622448979591836 0.22 0
3.673469387755102 0.21 0
3.622448979591836 0.21 0
3.622448979591836 0.24 0
3.673469387755102 0.23 0
3.622448979591836 0.23 0
3.622448979591836 0.26 0
3.673469387755102 0.25 0
3.622448979591836 0.25 0
3.622448979591836 0.28 0
3.673469387755102 0.27 0
3.622448979591836 0.27 0
3.673469387755102 0.29 0
3.622448979591836 0.29 0
3.724489795918367 0.12 0
3.775510204081632 0.11 0
3.724489795918367 0.11 0
3.724489795918367 0.14 0
3.775510204081632 0.13 0
3.724489795918367 0.13 0
3.724489795918367 0.16 0
3.775510204081632 0.15 0
3.724489795918367 0.15 0
3.724489795918367 0.18 0
3.775510204081632 0.17 0
3.724489795918367 0.17 0
3.724489795918367 0.2 0
3.775510204081632 0.19 0
3.724489795918367 0.19 0
3.724489795918367 0.22 0
3.775510204081632 0.21 0
3.724489795918367 0.21 0
3.724489795918367 0.24 0
3.775510204081632 0.23 0
3.724489795918367 0.23 0
3.724489795918367 0.26 0
3.775510204081632 0.25 0
3.724489795918367 0.25 0
3.724489795918367 0.28 0
3.775510204081632 0.27 0
3.724489795918367 0.27 0
3.775510204081632 0.29 0
3.724489795918367 0.29 0
3.826530612244897 0.12 0
3.877551020408163 0.11 0
3.826530612244897 0.11 0
3.826530612244897 0.14 0
3.877551020408163 0.13 0
3.826530612244897 0.13 0
3.826530612244897 0.16 0
3.877551020408163 0.15 0
3.826530612244897 0.15 0
3.826530612244897 0.18 0
3.877551020408163 0.17 0
3.826530612244897 0.17 0
3.826530612244897 0.2 0
3.877551020408163 0.19 0
3.826530612244897 0.19 0
3.826530612244897 0.22 0
3.877551020408163 0.21 0
3.826530612244897 0.21 0
3.826530612244897 0.24 0
3.877551020408163 0.23 0
3.826530612244897 0.23 0
3.826530612244897 0.26 0
3.877551020408163 0.25 0
3.826530612244897 0.25 0
3.826530612244897 0.28 0
3.877551020408163 0.27 0
3.826530612244897 0.27 0
3.877551020408163 0.29 0
3.826530612244897 0.29 0
3.928571428571428 0.12 0
3.979591836734693 0.11 0
3.928571428571428 0.11 0
3.928571428571428 0.14 0
3.979591836734693 0.13 0
3.928571428571428 0.13 0
3.928571428571428 0.16 0
3.979591836734693 0.15 0
3.928571428571428 0.15 0
3.928571428571428 0.18 0
3.979591836734693 0.17 0
3.928571428571428 0.17 0
3.928571428571428 0.2 0
3.979591836734693 0.19 0
3.928571428571428 0.19 0
3.928571428571428 0.22 0
3.979591836734693 0.21 0
3.928571428571428 0.21 0
3.928571428571428 0.24 0
3.979591836734693 0.23 0
3.928571428571428 0.23 0
3.928571428571428 0.26 0
3.979591836734693 0.25 0
3.928571428571428 0.25 0
3.928571428571428 0.28 0
3.979591836734693 0.27 0
3.928571428571428 0.27 0
3.979591836734693 0.29 0
3.928571428571428 0.29 0
4.030612244897958 0.12 0
4.081632653061224 0.11 0
4.030612244897958 0.11 0
4.030612244897958 0.14 0
4.081632653061224 0.13 0
4.030612244897958 0.13 0
4.030612244897958 0.16 0
4.081632653061224 0.15 0
4.030612244897958 0.15 0
4.030612244897958 0.18 0
4.081632653061224 0.17 0
4.030612244897958 0.17 0
4.030612244897958 0.2 0
4.081632653061224 0.19 0
4.030612244897958 0.19 0
4.030612244897958 0.22 0
4.081632653061224 0.21 0
4.030612244897958 0.21 0
4.030612244897958 0.24 0
4.081632653061224 0.23 0
4.030612244897958 0.23 0
4.030612244897958 0.26 0
4.081632653061224 0.25 0
4.030612244897958 0.25 0
4.030612244897958 0.28 0
4.081632653061224 0.27 0
4.030612244897958 0.27 0
4.081632653061224 0.29 0
4.030612244897958 0.29 0
4.13265306122449 0.12 0
4.183673469387755 0.11 0
4.13265306122449 0.11 0
4.13265306122449 0.14 0
4.183673469387755 0.13 0
4.13265306122449 0.13 0
4.13265306122449 0.16 0
4.183673469387755 0.15 0
4.13265306122449 0.15 0
4.13265306122449 0.18 0
4.183673469387755 0.17 0
4.13265306122449 0.17 0
4.13265306122449 0.2 0
4.183673469387755 0.19 0
4.13265306122449 0.19 0
4.13265306122449 0.22 0
4.183673469387755 0.21 0
4.13265306122449 0.21 0
4.13265306122449 0.24 0
4.183673469387755 0.23 0
4.13265306122449 0.23 0
4.13265306122449 0.26 0
4.183673469387755 0.25 0
4.13265306122449 0.25 0
4.13265306122449 0.28 0
4.183673469387755 0.27 0
4.13265306122449 0.27 0
4.183673469387755 0.29 0
4.13265306122449 0.29 0
4.23469387755102 0.12 0
4.285714285714286 0.11 0
4.23469387755102 0.11 0
4.23469387755102 0.14 0
4.285714285714286 0.13 0
4.23469387755102 0.13 0
4.23469387755102 0.16 0
4.285714285714286 0.15 0
4.23469387755102 0.15 0
4.23469387755102 0.18 0
4.285714285714286 0.17 0
4.23469387755102 0.17 0
4.23469387755102 0.2 0
4.285714285714286 0.19 0
4.23469387755102 0.19 0
4.23469387755102 0.22 0
4.285714285714286 0.21 0
4.23469387755102 0.21 0
4.23469387755102 0.24 0
4.285714285714286 0.23 0
4.23469387755102 0.23 0
4.23469387755102 0.26 0
4.285714285714286 0.25 0
4.23469387755102 0.25 0
4.23469387755102 0.28 0
4.285714285714286 0.27 0
4.23469387755102 0.27 0
4.285714285714286 0.29 0
4.23469387755102 0.29 0
4.336734693877551 0.12 0
4.387755102040816 0.11 0
4.336734693877551 0.11 0
4.336734693877551 0.14 0
4.387755102040816 0.13 0
4.336734693877551 0.13 0
4.336734693877551 0.16 0
4.387755102040816 0.15 0
4.336734693877551 0.15 0
4.336734693877551 0.18 0
4.387755102040816 0.17 0
4.336734693877551 0.17 0
4.336734693877551 0.2 0
4.387755102040816 0.19 0
4.336734693877551 0.19 0
4.336734693877551 0.22 0
4.387755102040816 0.21 0
4.336734693877551 0.21 0
4.336734693877551 0.24 0
4.387755102040816 0.23 0
4.336734693877551 0.23 0
4.336734693877551 0.26 0
4.387755102040816 0.25 0
4.336734693877551 0.25 0
4.336734693877551 0.28 0
4.387755102040816 0.27 0
4.336734693877551 0.27 0
4.387755102040816 0.29 0
4.336734693877551 0.29 0
4.438775510204081 0.12 0
4.489795918367347 0.11 0
4.438775510204081 0.11 0
4.438775510204081 0.14 0
4.489795918367347 0.13 0
4.438775510204081 0.13 0
4.438775510204081 0.16 0
4.489795918367347 0.15 0
4.438775510204081 0.15 0
4.438775510204081 0.18 0
4.489795918367347 0.17 0
4.438775510204081 0.17 0
4.438775510204081 0.2 0
4.489795918367347 0.19 0
4.438775510204081 0.19 0
4.438775510204081 0.22 0
4.489795918367347 0.21 0
4.438775510204081 0.21 0
4.438775510204081 0.24 0
4.489795918367347 0.23 0
4.438775510204081 0.23 0
4.438775510204081 0.26 0
4.489795918367347 0.25 0
4.438775510204081 0.25 0
4.438775510204081 0.28 0
4.489795918367347 0.27 0
4.438775510204081 0.27 0
4.489795918367347 0.29 0
4.438775510204081 0.29 0
4.540816326530612 0.12 0
4.591836734693877 0.11 0
4.540816326530612 0.11 0
4.540816326530612 0.14 0
4.591836734693877 0.13 0
4.540816326530612 0.13 0
4.540816326530612 0.16 0
4.591836734693877 0.15 0
4.540816326530612 0.15 0
4.540816326530612 0.18 0
4.591836734693877 0.17 0
4.540816326530612 0.17 0
4.540816326530612 0.2 0
4.591836734693877 0.19 0
4.540816326530612 0.19 0
4.540816326530612 0.22 0
4.591836734693877 0.21 0
4.540816326530612 0.21 0
4.540816326530612 0.24 0
4.591836734693877 0.23 0
4.540816326530612 0.23 0
4.540816326530612 0.26 0
4.591836734693877 0.25 0
4.540816326530612 0.25 0
4.540816326530612 0.28 0
4.591836734693877 0.27 0
4.540816326530612 0.27 0
4.591836734693877 0.29 0
4.540816326530612 0.29 0
4.642857142857142 0.12 0
4.693877551020408 0.11 0
4.642857142857142 0.11 0
4.642857142857142 0.14 0
4.693877551020408 0.13 0
4.642857142857142 0.13 0
4.642857142857142 0.16 0
4.693877551020408 0.15 0
4.642857142857142 0.15 0
4.642857142857142 0.18 0
4.693877551020408 0.17 0
4.642857142857142 0.17 0
4.642857142857142 0.2 0
4.693877551020408 0.19 0
4.642857142857142 0.19 0
4.642857142857142 0.22 0
4.693877551020408 0.21 0
4.642857142857142 0.21 0
4.642857142857142 0.24 0
4.693877551020408 0.23 0
4.642857142857142 0.23 0
4.642857142857142 0.26 0
4.693877551020408 0.25 0
4.642857142857142 0.25 0
4.642857142857142 0.28 0
4.693877551020408 0.27 0
4.642857142857142 0.27 0
4.693877551020408 0.29 0
4.642857142857142 0.29 0
4.744897959183673 0.12 0
4.795918367346939 0.11 0
4.744897959183673 0.11 0
4.744897959183673 0.14 0
4.795918367346939 0.13 0
4.744897959183673 0.13 0
4.744897959183673 0.16 0
4.795918367346939 0.15 0
4.744897959183673 0.15 0
4.744897959183673 0.18 0
4.795918367346939 0.17 0
4.744897959183673 0.17 0
4.744897959183673 0.2 0
4.795918367346939 0.19 0
4.744897959183673 0.19 0
4.744897959183673 0.22 0
4.795918367346939 0.21 0
4.744897959183673 0.21 0
4.744897959183673 0.24 0
4.795918367346939 0.23 0
4.744897959183673 0.23 0
4.744897959183673 0.26 0
4.795918367346939 0.25 0
4.744897959183673 0.25 0
4.744897959183673 0.28 0
4.795918367346939 0.27 0
4.744897959183673 0.27 0
4.795918367346939 0.29 0
4.744897959183673 0.29 0
4.846938775510204 0.12 0
4.897959183673469 0.11 0
4.846938775510204 0.11 0
4.846938775510204 0.14 0
4.897959183673469 0.13 0
4.846938775510204 0.13 0
4.846938775510204 0.16 0
4.897959183673469 0.15 0
4.846938775510204 0.15 0
4.846938775510204 0.18 0
4.897959183673469 0.17 0
4.846938775510204 0.17 0
4.846938775510204 0.2 0
4.897959183673469 0.19 0
4.846938775510204 0.19 0
4.846938775510204 0.22 0
4.897959183673469 0.21 0
4.846938775510204 0.21 0
4.846938775510204 0.24 0
4.897959183673469 0.23 0
4.846938775510204 0.23 0
4.846938775510204 0.26 0
4.897959183673469 0.25 0
4.846938775510204 0.25 0
4.846938775510204 0.28 0
4.897959183673469 0.27 0
4.846938775510204 0.27 0
4.897959183673469 0.29 0
4.846938775510204 0.29 0
4.948979591836735 0.12 0
4.948979591836735 0.11 0
4.948979591836735 0.14 0
4.948979591836735 0.13 0
4.948979591836735 0.16 0
4.948979591836735 0.15 0
4.948979591836735 0.18 0
4.948979591836735 0.17 0
4.948979591836735 0.2 0
4.948979591836735 0.19 0
4.948979591836735 0.22 0
4.948979591836735 0.21 0
4.948979591836735 0.24 0
4.948979591836735 0.23 0
4.948979591836735 0.26 0
4.948979591836735 0.25 0
4.948979591836735 0.28 0
4.948979591836735 0.27 0
4.948979591836735 0.29 0
2 4 0 873
3849
3850
3851
3852
3853
3854
3855
3856
3857
3858
3859
3860
3861
3862
3863
3864
3865
3866
3867
3868
3869
3870
3871
3872
3873
3874
3875
3876
3877
3878
3879
3880
3881
3882
3883
3884
3885
3886
3887
3888
3889
3890
3891
3892
3893
3894
3895
3896
3897
3898
3899
3900
3901
3902
3903
3904
3905
3906
3907
3908
3909
3910
3911
3912
3913
3914
3915
3916
3917
3918
3919
3920
3921
3922
3923
3924
3925
3926
3927
3928
3929
3930
3931
3932
3933
3934
3935
3936
3937
3938
3939
3940
3941
3942
3943
3944
3945
3946
3947
3948
3949
3950
3951
3952
3953
3954
3955
3956
3957
3958
3959
3960
3961
3962
3963
3964
3965
3966
3967
3968
3969
3970
3971
3972
3973
3974
3975
3976
3977
3978
3979
3980
3981
3982
3983
3984
3985
3986
3987
3988
3989
3990
3991
3992
3993
3994
3995
3996
3997
3998
3999
4000
4001
4002
4003
4004
4005
4006
4007
4008
4009
4010
4011
4012
4013
4014
4015
4016
4017
4018
4019
4020
4021
4022
4023
4024
4025
4026
4027
4028
4029
4030
4031
4032
4033
4034
4035
4036
4037
4038
4039
4040
4041
4042
4043
4044
4045
4046
4047
4048
4049
4050
4051
4052
4053
4054
4055
4056
4057
4058
4059
4060
4061
4062
4063
4064
4065
4066
4067
4068
4069
4070
4071
4072
4073
4074
4075
4076
4077
4078
4079
4080
4081
4082
4083
4084
4085
4086
4087
4088
4089
4090
4091
4092
4093
4094
4095
4096
4097
4098
4099
4100
4101
4102
4103
4104
4105
4106
4107
4108
4109
4110
4111
4112
4113
4114
4115
4116
4117
4118
4119
4120
4121
4122
4123
4124
4125
4126
4127
4128
4129
4130
4131
4132
4133
4134
4135
4136
4137
4138
4139
4140
4141
4142
4143
4144
4145
4146
4147
4148
4149
4150
4151
4152
4153
4154
4155
4156
4157
4158
4159
4160
4161
4162
4163
4164
4165
4166
4167
4168
4169
4170
4171
4172
4173
4174
4175
4176
4177
4178
4179
4180
4181
4182
4183
4184
4185
4186
4187
4188
4189
4190
4191
4192
4193
4194
4195
4196
4197
4198
4199
4200
4201
4202
4203
4204
4205
4206
4207
4208
4209
4210
4211
4212
4213
4214
4215
4216
4217
4218
4219
4220
4221
4222
4223
4224
4225
4226
4227
4228
4229
4230
4231
4232
4233
4234
4235
4236
4237
4238
4239
4240
4241
4242
4243
4244
4245
4246
4247
4248
4249
4250
4251
4252
4253
4254
4255
4256
4257
4258
4259
4260
4261
4262
4263
4264
4265
4266
4267
4268
4269
4270
4271
4272
4273
4274
4275
4276
4277
4278
4279
4280
4281
4282
4283
4284
4285
4286
4287
4288
4289
4290
4291
4292
4293
4294
4295
4296
4297
4298
4299
4300
4301
4302
4303
4304
4305
4306
4307
4308
4309
4310
4311
4312
4313
4314
4315
4316
4317
4318
4319
4320
4321
4322
4323
4324
4325
4326
4327
4328
4329
4330
4331
4332
4333
4334
4335
4336
4337
4338
4339
4340
4341
4342
4343
4344
4345
4346
4347
4348
4349
4350
4351
4352
4353
4354
4355
4356
4357
4358
4359
4360
4361
4362
4363
4364
4365
4366
4367
4368
4369
4370
4371
4372
4373
4374
4375
4376
4377
4378
4379
4380
4381
4382
4383
4384
4385
4386
4387
4388
4389
4390
4391
4392
4393
4394
4395
4396
4397
4398
4399
4400
4401
4402
4403
4404
4405
4406
4407
4408
4409
4410
4411
4412
4413
4414
4415
4416
4417
4418
4419
4420
4421
4422
4423
4424
4425
4426
4427
4428
4429
4430
4431
4432
4433
4434
4435
4436
4437
4438
4439
4440
4441
4442
4443
4444
4445
4446
4447
4448
4449
4450
4451
4452
4453
4454
4455
4456
4457
4458
4459
4460
4461
4462
4463
4464
4465
4466
4467
4468
4469
4470
4471
4472
4473
4474
4475
4476
4477
4478
4479
4480
4481
4482
4483
4484
4485
4486
4487
4488
4489
4490
4491
4492
4493
4494
4495
4496
4497
4498
4499
4500
4501
4502
4503
4504
4505
4506
4507
4508
4509
4510
4511
4512
4513
4514
4515
4516
4517
4518
4519
4520
4521
4522
4523
4524
4525
4526
4527
4528
4529
4530
4531
4532
4533
4534
4535
4536
4537
4538
4539
4540
4541
4542
4543
4544
4545
4546
4547
4548
4549
4550
4551
4552
4553
4554
4555
4556
4557
4558
4559
4560
4561
4562
4563
4564
4565
4566
4567
4568
4569
4570
4571
4572
4573
4574
4575
4576
4577
4578
4579
4580
4581
4582
4583
4584
4585
4586
4587
4588
4589
4590
4591
4592
4593
4594
4595
4596
4597
4598
4599
4600
4601
4602
4603
4604
4605
4606
4607
4608
4609
4610
4611
4612
4613
4614
4615
4616
4617
4618
4619
4620
4621
4622
4623
4624
4625
4626
4627
4628
4629
4630
4631
4632
4633
4634
4635
4636
4637
4638
4639
4640
4641
4642
4643
4644
4645
4646
4647
4648
4649
4650
4651
4652
4653
4654
4655
4656
4657
4658
4659
4660
4661
4662
4663
4664
4665
4666
4667
4668
4669
4670
4671
4672
4673
4674
4675
4676
4677
4678
4679
4680
4681
4682
4683
4684
4685
4686
4687
4688
4689
4690
4691
4692
4693
4694
4695
4696
4697
4698
4699
4700
4701
4702
4703
4704
4705
4706
4707
4708
4709
4710
4711
4712
4713
4714
4715
4716
4717
4718
4719
4720
4721
0.1020408163265306 0.3400000000000001 0
0.1020408163265306 0.3800000000000001 0
0.1020408163265306 0.42 0
0.1020408163265306 0.4600000000000001 0
0.2040816326530612 0.3400000000000001 0
0.2040816326530612 0.3800000000000001 0
0.2040816326530612 0.42 0
0.2040816326530612 0.4600000000000001 0
0.3061224489795918 0.3400000000000001 0
0.3061224489795918 0.3800000000000001 0
0.3061224489795918 0.42 0
0.3061224489795918 0.4600000000000001 0
0.4081632653061224 0.3400000000000001 0
0.4081632653061224 0.3800000000000001 0
0.4081632653061224 0.42 0
0.4081632653061224 0.4600000000000001 0
0.510204081632653 0.3400000000000001 0
0.510204081632653 0.3800000000000001 0
0.510204081632653 0.42 0
0.510204081632653 0.4600000000000001 0
0.6122448979591837 0.3400000000000001 0
0.6122448979591837 0.3800000000000001 0
0.6122448979591837 0.42 0
0.6122448979591837 0.4600000000000001 0
0.7142857142857142 0.3400000000000001 0
0.7142857142857142 0.3800000000000001 0
0.7142857142857142 0.42 0
0.7142857142857142 0.4600000000000001 0
0.8163265306122448 0.3400000000000001 0
0.8163265306122448 0.3800000000000001 0
0.8163265306122448 0.42 0
0.8163265306122448 0.4600000000000001 0
0.9183673469387754 0.3400000000000001 0
0.9183673469387754 0.3800000000000001 0
0.9183673469387754 0.42 0
0.9183673469387754 0.4600000000000001 0
1.020408163265306 0.3400000000000001 0
1.020408163265306 0.3800000000000001 0
1.020408163265306 0.42 0
1.020408163265306 0.4600000000000001 0
1.122448979591837 0.3400000000000001 0
1.122448979591837 0.3800000000000001 0
1.122448979591837 0.42 0
1.122448979591837 0.4600000000000001 0
1.224489795918367 0.3400000000000001 0
1.224489795918367 0.3800000000000001 0
1.224489795918367 0.42 0
1.224489795918367 0.4600000000000001 0
1.326530612244898 0.3400000000000001 0
1.326530612244898 0.3800000000000001 0
1.326530612244898 0.42 0
1.326530612244898 0.4600000000000001 0
1.428571428571428 0.3400000000000001 0
1.428571428571428 0.3800000000000001 0
1.428571428571428 0.42 0
1.428571428571428 0.4600000000000001 0
1.530612244897959 0.3400000000000001 0
1.530612244897959 0.3800000000000001 0
1.530612244897959 0.42 0
1.530612244897959 0.4600000000000001 0
1.63265306122449 0.3400000000000001 0
1.63265306122449 0.3800000000000001 0
1.63265306122449 0.42 0
1.63265306122449 0.4600000000000001 0
1.73469387755102 0.3400000000000001 0
1.73469387755102 0.3800000000000001 0
1.73469387755102 0.42 0
1.73469387755102 0.4600000000000001 0
1.836734693877551 0.3400000000000001 0
1.836734693877551 0.3800000000000001 0
1.836734693877551 0.42 0
1.836734693877551 0.4600000000000001 0
1.938775510204082 0.3400000000000001 0
1.938775510204082 0.3800000000000001 0
1.938775510204082 0.42 0
1.938775510204082 0.4600000000000001 0
2.040816326530612 0.3400000000000001 0
2.040816326530612 0.3800000000000001 0
2.040816326530612 0.42 0
2.040816326530612 0.4600000000000001 0
2.142857142857143 0.3400000000000001 0
2.142857142857143 0.3800000000000001 0
2.142857142857143 0.42 0
2.142857142857143 0.4600000000000001 0
2.244897959183673 0.3400000000000001 0
2.244897959183673 0.3800000000000001 0
2.244897959183673 0.42 0
2.244897959183673 0.4600000000000001 0
2.346938775510204 0.3400000000000001 0
2.346938775510204 0.3800000000000001 0
2.346938775510204 0.42 0
2.346938775510204 0.4600000000000001 0
2.448979591836735 0.3400000000000001 0
2.448979591836735 0.3800000000000001 0
2.448979591836735 0.42 0
2.448979591836735 0.4600000000000001 0
2.551020408163265 0.3400000000000001 0
2.551020408163265 0.3800000000000001 0
2.551020408163265 0.42 0
2.551020408163265 0.4600000000000001 0
2.653061224489796 0.3400000000000001 0
2.653061224489796 0.3800000000000001 0
2.653061224489796 0.42 0
2.653061224489796 0.4600000000000001 0
2.755102040816326 0.3400000000000001 0
2.755102040816326 0.3800000000000001 0
2.755102040816326 0.42 0
2.755102040816326 0.4600000000000001 0
2.857142857142857 0.3400000000000001 0
2.857142857142857 0.3800000000000001 0
2.857142857142857 0.42 0
2.857142857142857 0.4600000000000001 0
2.959183673469388 0.3400000000000001 0
2.959183673469388 0.3800000000000001 0
2.959183673469388 0.42 0
2.959183673469388 0.4600000000000001 0
3.061224489795918 0.3400000000000001 0
3.061224489795918 0.3800000000000001 0
3.061224489795918 0.42 0
3.061224489795918 0.4600000000000001 0
3.163265306122449 0.3400000000000001 0
3.163265306122449 0.3800000000000001 0
3.163265306122449 0.42 0
3.163265306122449 0.4600000000000001 0
3.265306122448979 0.3400000000000001 0
3.265306122448979 0.3800000000000001 0
3.265306122448979 0.42 0
3.265306122448979 0.4600000000000001 0
3.36734693877551 0.3400000000000001 0
3.36734693877551 0.3800000000000001 0
3.36734693877551 0.42 0
3.36734693877551 0.4600000000000001 0
3.469387755102041 0.3400000000000001 0
3.469387755102041 0.3800000000000001 0
3.469387755102041 0.42 0
3.469387755102041 0.4600000000000001 0
3.571428571428571 0.3400000000000001 0
3.571428571428571 0.3800000000000001 0
3.571428571428571 0.42 0
3.571428571428571 0.4600000000000001 0
3.673469387755102 0.3400000000000001 0
3.673469387755102 0.3800000000000001 0
3.673469387755102 0.42 0
3.673469387755102 0.4600000000000001 0
3.775510204081632 0.3400000000000001 0
3.775510204081632 0.3800000000000001 0
3.775510204081632 0.42 0
3.775510204081632 0.4600000000000001 0
3.877551020408163 0.3400000000000001 0
3.877551020408163 0.3800000000000001 0
3.877551020408163 0.42 0
3.877551020408163 0.4600000000000001 0
3.979591836734693 0.3400000000000001 0
3.979591836734693 0.3800000000000001 0
3.979591836734693 0.42 0
3.979591836734693 0.4600000000000001 0
4.081632653061224 0.3400000000000001 0
4.081632653061224 0.3800000000000001 0
4.081632653061224 0.42 0
4.081632653061224 0.4600000000000001 0
4.183673469387755 0.3400000000000001 0
4.183673469387755 0.3800000000000001 0
4.183673469387755 0.42 0
4.183673469387755 0.4600000000000001 0
4.285714285714286 0.3400000000000001 0
4.285714285714286 0.3800000000000001 0
4.285714285714286 0.42 0
4.285714285714286 0.4600000000000001 0
4.387755102040816 0.3400000000000001 0
4.387755102040816 0.3800000000000001 0
4.387755102040816 0.42 0
4.387755102040816 0.4600000000000001 0
4.489795918367347 0.3400000000000001 0
4.489795918367347 0.3800000000000001 0
4.489795918367347 0.42 0
4.489795918367347 0.4600000000000001 0
4.591836734693877 0.3400000000000001 0
4.591836734693877 0.3800000000000001 0
4.591836734693877 0.42 0
4.591836734693877 0.4600000000000001 0
4.693877551020408 0.3400000000000001 0
4.693877551020408 0.3800000000000001 0
4.693877551020408 0.42 0
4.693877551020408 0.4600000000000001 0
4.795918367346939 0.3400000000000001 0
4.795918367346939 0.3800000000000001 0
4.795918367346939 0.42 0
4.795918367346939 0.4600000000000001 0
4.897959183673469 0.3400000000000001 0
4.897959183673469 0.3800000000000001 0
4.897959183673469 0.42 0
4.897959183673469 0.4600000000000001 0
0.0510204081632653 0.3400000000000001 0
0.1020408163265306 0.3200000000000001 0
0.0510204081632653 0.3200000000000001 0
0.0510204081632653 0.3800000000000001 0
0.1020408163265306 0.3600000000000001 0
0.0510204081632653 0.36 0
0.0510204081632653 0.42 0
0.1020408163265306 0.4 0
0.0510204081632653 0.4 0
0.0510204081632653 0.4600000000000001 0
0.1020408163265306 0.4400000000000001 0
0.0510204081632653 0.4400000000000001 0
0.1020408163265306 0.48 0
0.0510204081632653 0.4800000000000001 0
0.1530612244897959 0.3400000000000001 0
0.2040816326530612 0.3200000000000001 0
0.1530612244897959 0.3200000000000001 0
0.1530612244897959 0.3800000000000001 0
0.2040816326530612 0.3600000000000001 0
0.1530612244897959 0.3600000000000001 0
0.1530612244897959 0.42 0
0.2040816326530612 0.4 0
0.1530612244897959 0.4 0
0.1530612244897959 0.4600000000000001 0
0.2040816326530612 0.4400000000000001 0
0.1530612244897959 0.4400000000000001 0
0.2040816326530612 0.48 0
0.1530612244897959 0.4800000000000001 0
0.2551020408163265 0.3400000000000001 0
0.3061224489795918 0.3200000000000001 0
0.2551020408163266 0.3200000000000001 0
0.2551020408163265 0.3800000000000001 0
0.3061224489795918 0.3600000000000001 0
0.2551020408163266 0.3600000000000001 0
0.2551020408163265 0.42 0
0.3061224489795918 0.4 0
0.2551020408163266 0.4 0
0.2551020408163265 0.4600000000000001 0
0.3061224489795918 0.4400000000000001 0
0.2551020408163266 0.4400000000000001 0
0.3061224489795918 0.48 0
0.2551020408163266 0.4800000000000001 0
0.3571428571428571 0.3400000000000001 0
0.4081632653061224 0.3200000000000001 0
0.3571428571428571 0.3200000000000001 0
0.3571428571428571 0.3800000000000001 0
0.4081632653061224 0.3600000000000001 0
0.3571428571428571 0.3600000000000001 0
0.3571428571428571 0.42 0
0.4081632653061224 0.4 0
0.3571428571428571 0.4 0
0.3571428571428571 0.4600000000000001 0
0.4081632653061224 0.4400000000000001 0
0.3571428571428571 0.4400000000000001 0
0.4081632653061224 0.48 0
0.3571428571428571 0.4800000000000001 0
0.4591836734693877 0.3400000000000001 0
0.510204081632653 0.3200000000000001 0
0.4591836734693877 0.3200000000000001 0
0.4591836734693877 0.3800000000000001 0
0.510204081632653 0.3600000000000001 0
0.4591836734693877 0.3600000000000001 0
0.4591836734693877 0.42 0
0.510204081632653 0.4 0
0.4591836734693877 0.4 0
0.4591836734693877 0.4600000000000001 0
0.510204081632653 0.4400000000000001 0
0.4591836734693877 0.4400000000000001 0
0.510204081632653 0.48 0
0.4591836734693877 0.4800000000000001 0
0.5612244897959183 0.3400000000000001 0
0.6122448979591837 0.3200000000000001 0
0.5612244897959183 0.3200000000000001 0
0.5612244897959183 0.3800000000000001 0
0.6122448979591837 0.3600000000000001 0
0.5612244897959183 0.3600000000000001 0
0.5612244897959183 0.42 0
0.6122448979591837 0.4 0
0.5612244897959183 0.4 0
0.5612244897959183 0.4600000000000001 0
0.6122448979591837 0.4400000000000001 0
0.5612244897959183 0.4400000000000001 0
0.6122448979591837 0.48 0
0.5612244897959183 0.4800000000000001 0
0.6632653061224489 0.3400000000000001 0
0.7142857142857142 0.3200000000000001 0
0.6632653061224489 0.3200000000000001 0
0.6632653061224489 0.3800000000000001 0
0.7142857142857142 0.3600000000000001 0
0.6632653061224489 0.3600000000000001 0
0.6632653061224489 0.42 0
0.7142857142857142 0.4 0
0.6632653061224489 0.4 0
0.6632653061224489 0.4600000000000001 0
0.7142857142857142 0.4400000000000001 0
0.6632653061224489 0.4400000000000001 0
0.7142857142857142 0.48 0
0.6632653061224489 0.4800000000000001 0
0.7653061224489794 0.3400000000000001 0
0.8163265306122448 0.3200000000000001 0
0.7653061224489794 0.3200000000000001 0
0.7653061224489794 0.3800000000000001 0
0.8163265306122448 0.3600000000000001 0
0.7653061224489794 0.3600000000000001 0
0.7653061224489794 0.42 0
0.8163265306122448 0.4 0
0.7653061224489794 0.4 0
0.7653061224489794 0.4600000000000001 0
0.8163265306122448 0.4400000000000001 0
0.7653061224489794 0.4400000000000001 0
0.8163265306122448 0.48 0
0.7653061224489794 0.4800000000000001 0
0.8673469387755102 0.3400000000000001 0
0.9183673469387754 0.3200000000000001 0
0.8673469387755102 0.3200000000000001 0
0.8673469387755102 0.3800000000000001 0
0.9183673469387754 0.3600000000000001 0
0.8673469387755102 0.3600000000000001 0
0.8673469387755102 0.42 0
0.9183673469387754 0.4 0
0.8673469387755102 0.4 0
0.8673469387755102 0.4600000000000001 0
0.9183673469387754 0.4400000000000001 0
0.8673469387755102 0.4400000000000001 0
0.9183673469387754 0.48 0
0.8673469387755102 0.4800000000000001 0
0.9693877551020407 0.3400000000000001 0
1.020408163265306 0.3200000000000001 0
0.9693877551020407 0.3200000000000001 0
0.9693877551020407 0.3800000000000001 0
1.020408163265306 0.3600000000000001 0
0.9693877551020407 0.3600000000000001 0
0.9693877551020407 0.42 0
1.020408163265306 0.4 0
0.9693877551020407 0.4 0
0.9693877551020407 0.4600000000000001 0
1.020408163265306 0.4400000000000001 0
0.9693877551020407 0.4400000000000001 0
1.020408163265306 0.48 0
0.9693877551020407 0.4800000000000001 0
1.071428571428571 0.3400000000000001 0
1.122448979591837 0.3200000000000001 0
1.071428571428571 0.3200000000000001 0
1.071428571428571 0.3800000000000001 0
1.122448979591837 0.3600000000000001 0
1.071428571428571 0.3600000000000001 0
1.071428571428571 0.42 0
1.122448979591837 0.4 0
1.071428571428571 0.4 0
1.071428571428571 0.4600000000000001 0
1.122448979591837 0.4400000000000001 0
1.071428571428571 0.4400000000000001 0
1.122448979591837 0.48 0
1.071428571428571 0.4800000000000001 0
1.173469387755102 0.3400000000000001 0
1.224489795918367 0.3200000000000001 0
1.173469387755102 0.3200000000000001 0
1.173469387755102 0.3800000000000001 0
1.224489795918367 0.3600000000000001 0
1.173469387755102 0.3600000000000001 0
1.173469387755102 0.42 0
1.224489795918367 0.4 0
1.173469387755102 0.4 0
1.173469387755102 0.4600000000000001 0
1.224489795918367 0.4400000000000001 0
1.173469387755102 0.4400000000000001 0
1.224489795918367 0.48 0
1.173469387755102 0.4800000000000001 0
1.275510204081633 0.3400000000000001 0
1.326530612244898 0.3200000000000001 0
1.275510204081633 0.3200000000000001 0
1.275510204081633 0.3800000000000001 0
1.326530612244898 0.3600000000000001 0
1.275510204081633 0.3600000000000001 0
1.275510204081633 0.42 0
1.326530612244898 0.4 0
1.275510204081633 0.4 0
1.275510204081633 0.4600000000000001 0
1.326530612244898 0.4400000000000001 0
1.275510204081633 0.4400000000000001 0
1.326530612244898 0.48 0
1.275510204081633 0.4800000000000001 0
1.377551020408163 0.3400000000000001 0
1.428571428571428 0.3200000000000001 0
1.377551020408163 0.3200000000000001 0
1.377551020408163 0.3800000000000001 0
1.428571428571428 0.3600000000000001 0
1.377551020408163 0.3600000000000001 0
1.377551020408163 0.42 0
1.428571428571428 0.4 0
1.377551020408163 0.4 0
1.377551020408163 0.4600000000000001 0
1.428571428571428 0.4400000000000001 0
1.377551020408163 0.4400000000000001 0
1.428571428571428 0.48 0
1.377551020408163 0.4800000000000001 0
1.479591836734694 0.3400000000000001 0
1.530612244897959 0.3200000000000001 0
1.479591836734694 0.3200000000000001 0
1.479591836734694 0.3800000000000001 0
1.530612244897959 0.3600000000000001 0
1.479591836734694 0.3600000000000001 0
1.479591836734694 0.42 0
1.530612244897959 0.4 0
1.479591836734694 0.4 0
1.479591836734694 0.4600000000000001 0
1.530612244897959 0.4400000000000001 0
1.479591836734694 0.4400000000000001 0
1.530612244897959 0.48 0
1.479591836734694 0.4800000000000001 0
1.581632653061224 0.3400000000000001 0
1.63265306122449 0.3200000000000001 0
1.581632653061224 0.3200000000000001 0
1.581632653061224 0.3800000000000001 0
1.63265306122449 0.3600000000000001 0
1.581632653061224 0.3600000000000001 0
1.581632653061224 0.42 0
1.63265306122449 0.4 0
1.581632653061224 0.4 0
1.581632653061224 0.4600000000000001 0
1.63265306122449 0.4400000000000001 0
1.581632653061224 0.4400000000000001 0
1.63265306122449 0.48 0
1.581632653061224 0.4800000000000001 0
1.683673469387755 0.3400000000000001 0
1.73469387755102 0.3200000000000001 0
1.683673469387755 0.3200000000000001 0
1.683673469387755 0.3800000000000001 0
1.73469387755102 0.3600000000000001 0
1.683673469387755 0.3600000000000001 0
1.683673469387755 0.42 0
1.73469387755102 0.4 0
1.683673469387755 0.4 0
1.683673469387755 0.4600000000000001 0
1.73469387755102 0.4400000000000001 0
1.683673469387755 0.4400000000000001 0
1.73469387755102 0.48 0
1.683673469387755 0.4800000000000001 0
1.785714285714286 0.3400000000000001 0
1.836734693877551 0.3200000000000001 0
1.785714285714286 0.3200000000000001 0
1.785714285714286 0.3800000000000001 0
1.836734693877551 0.3600000000000001 0
1.785714285714286 0.3600000000000001 0
1.785714285714286 0.42 0
1.836734693877551 0.4 0
1.785714285714286 0.4 0
1.785714285714286 0.4600000000000001 0
1.836734693877551 0.4400000000000001 0
1.785714285714286 0.4400000000000001 0
1.836734693877551 0.48 0
1.785714285714286 0.4800000000000001 0
1.887755102040816 0.3400000000000001 0
1.938775510204082 0.3200000000000001 0
1.887755102040816 0.3200000000000001 0
1.887755102040816 0.3800000000000001 0
1.938775510204082 0.3600000000000001 0
1.887755102040816 0.3600000000000001 0
1.887755102040816 0.42 0
1.938775510204082 0.4 0
1.887755102040816 0.4 0
1.887755102040816 0.4600000000000001 0
1.938775510204082 0.4400000000000001 0
1.887755102040816 0.4400000000000001 0
1.938775510204082 0.48 0
1.887755102040816 0.4800000000000001 0
1.989795918367347 0.3400000000000001 0
2.040816326530612 0.3200000000000001 0
1.989795918367347 0.3200000000000001 0
1.989795918367347 0.3800000000000001 0
2.040816326530612 0.3600000000000001 0
1.989795918367347 0.3600000000000001 0
1.989795918367347 0.42 0
2.040816326530612 0.4 0
1.989795918367347 0.4 0
1.989795918367347 0.4600000000000001 0
2.040816326530612 0.4400000000000001 0
1.989795918367347 0.4400000000000001 0
2.040816326530612 0.48 0
1.989795918367347 0.4800000000000001 0
2.091836734693877 0.3400000000000001 0
2.142857142857143 0.3200000000000001 0
2.091836734693877 0.3200000000000001 0
2.091836734693877 0.3800000000000001 0
2.142857142857143 0.3600000000000001 0
2.091836734693877 0.3600000000000001 0
2.091836734693877 0.42 0
2.142857142857143 0.4 0
2.091836734693877 0.4 0
2.091836734693877 0.4600000000000001 0
2.142857142857143 0.4400000000000001 0
2.091836734693877 0.4400000000000001 0
2.142857142857143 0.48 0
2.091836734693877 0.4800000000000001 0
2.193877551020408 0.3400000000000001 0
2.244897959183673 0.3200000000000001 0
2.193877551020408 0.3200000000000001 0
2.193877551020408 0.3800000000000001 0
2.244897959183673 0.3600000000000001 0
2.193877551020408 0.3600000000000001 0
2.193877551020408 0.42 0
2.244897959183673 0.4 0
2.193877551020408 0.4 0
2.193877551020408 0.4600000000000001 0
2.244897959183673 0.4400000000000001 0
2.193877551020408 0.4400000000000001 0
2.244897959183673 0.48 0
2.193877551020408 0.4800000000000001 0
2.295918367346939 0.3400000000000001 0
2.346938775510204 0.3200000000000001 0
2.295918367346939 0.3200000000000001 0
2.295918367346939 0.3800000000000001 0
2.346938775510204 0.3600000000000001 0
2.295918367346939 0.3600000000000001 0
2.295918367346939 0.42 0
2.346938775510204 0.4 0
2.295918367346939 0.4 0
2.295918367346939 0.4600000000000001 0
2.346938775510204 0.4400000000000001 0
2.295918367346939 0.4400000000000001 0
2.346938775510204 0.48 0
2.295918367346939 0.4800000000000001 0
2.397959183673469 0.3400000000000001 0
2.448979591836735 0.3200000000000001 0
2.397959183673469 0.3200000000000001 0
2.397959183673469 0.3800000000000001 0
2.448979591836735 0.3600000000000001 0
2.397959183673469 0.3600000000000001 0
2.397959183673469 0.42 0
2.448979591836735 0.4 0
2.397959183673469 0.4 0
2.397959183673469 0.4600000000000001 0
2.448979591836735 0.4400000000000001 0
2.397959183673469 0.4400000000000001 0
2.448979591836735 0.48 0
2.397959183673469 0.4800000000000001 0
2.5 0.3400000000000001 0
2.551020408163265 0.3200000000000001 0
2.5 0.3200000000000001 0
2.5 0.3800000000000001 0
2.551020408163265 0.3600000000000001 0
2.5 0.3600000000000001 0
2.5 0.42 0
2.551020408163265 0.4 0
2.5 0.4 0
2.5 0.4600000000000001 0
2.551020408163265 0.4400000000000001 0
2.5 0.4400000000000001 0
2.551020408163265 0.48 0
2.5 0.4800000000000001 0
2.602040816326531 0.3400000000000001 0
2.653061224489796 0.3200000000000001 0
2.602040816326531 0.3200000000000001 0
2.602040816326531 0.3800000000000001 0
2.653061224489796 0.3600000000000001 0
2.602040816326531 0.3600000000000001 0
2.602040816326531 0.42 0
2.653061224489796 0.4 0
2.602040816326531 0.4 0
2.602040816326531 0.4600000000000001 0
2.653061224489796 0.4400000000000001 0
2.602040816326531 0.4400000000000001 0
2.653061224489796 0.48 0
2.602040816326531 0.4800000000000001 0
2.704081632653061 0.3400000000000001 0
2.755102040816326 0.3200000000000001 0
2.704081632653061 0.3200000000000001 0
2.704081632653061 0.3800000000000001 0
2.755102040816326 0.3600000000000001 0
2.704081632653061 0.3600000000000001 0
2.704081632653061 0.42 0
2.755102040816326 0.4 0
2.704081632653061 0.4 0
2.704081632653061 0.4600000000000001 0
2.755102040816326 0.4400000000000001 0
2.704081632653061 0.4400000000000001 0
2.755102040816326 0.48 0
2.704081632653061 0.4800000000000001 0
2.806122448979592 0.3400000000000001 0
2.857142857142857 0.3200000000000001 0
2.806122448979592 0.3200000000000001 0
2.806122448979592 0.3800000000000001 0
2.857142857142857 0.3600000000000001 0
2.806122448979592 0.3600000000000001 0
2.806122448979592 0.42 0
2.857142857142857 0.4 0
2.806122448979592 0.4 0
2.806122448979592 0.4600000000000001 0
2.857142857142857 0.4400000000000001 0
2.806122448979592 0.4400000000000001 0
2.857142857142857 0.48 0
2.806122448979592 0.4800000000000001 0
2.908163265306122 0.3400000000000001 0
2.959183673469388 0.3200000000000001 0
2.908163265306122 0.3200000000000001 0
2.908163265306122 0.3800000000000001 0
2.959183673469388 0.3600000000000001 0
2.908163265306122 0.3600000000000001 0
2.908163265306122 0.42 0
2.959183673469388 0.4 0
2.908163265306122 0.4 0
2.908163265306122 0.4600000000000001 0
2.959183673469388 0.4400000000000001 0
2.908163265306122 0.4400000000000001 0
2.959183673469388 0.48 0
2.908163265306122 0.4800000000000001 0
3.010204081632653 0.3400000000000001 0
3.061224489795918 0.3200000000000001 0
3.010204081632653 0.3200000000000001 0
3.010204081632653 0.3800000000000001 0
3.061224489795918 0.3600000000000001 0
3.010204081632653 0.3600000000000001 0
3.010204081632653 0.42 0
3.061224489795918 0.4 0
3.010204081632653 0.4 0
3.010204081632653 0.4600000000000001 0
3.061224489795918 0.4400000000000001 0
3.010204081632653 0.4400000000000001 0
3.061224489795918 0.48 0
3.010204081632653 0.4800000000000001 0
3.112244897959183 0.3400000000000001 0
3.163265306122449 0.3200000000000001 0
3.112244897959183 0.3200000000000001 0
3.112244897959183 0.3800000000000001 0
3.163265306122449 0.3600000000000001 0
3.112244897959183 0.3600000000000001 0
3.112244897959183 0.42 0
3.163265306122449 0.4 0
3.112244897959183 0.4 0
3.112244897959183 0.4600000000000001 0
3.163265306122449 0.4400000000000001 0
3.112244897959183 0.4400000000000001 0
3.163265306122449 0.48 0
3.112244897959183 0.4800000000000001 0
3.214285714285714 0.3400000000000001 0
3.265306122448979 0.3200000000000001 0
3.214285714285714 0.3200000000000001 0
3.214285714285714 0.3800000000000001 0
3.265306122448979 0.3600000000000001 0
3.214285714285714 0.3600000000000001 0
3.214285714285714 0.42 0
3.265306122448979 0.4 0
3.214285714285714 0.4 0
3.214285714285714 0.4600000000000001 0
3.265306122448979 0.4400000000000001 0
3.214285714285714 0.4400000000000001 0
3.265306122448979 0.48 0
3.214285714285714 0.4800000000000001 0
3.316326530612245 0.3400000000000001 0
3.36734693877551 0.3200000000000001 0
3.316326530612245 0.3200000000000001 0
3.316326530612245 0.3800000000000001 0
3.36734693877551 0.3600000000000001 0
3.316326530612245 0.3600000000000001 0
3.316326530612245 0.42 0
3.36734693877551 0.4 0
3.316326530612245 0.4 0
3.316326530612245 0.4600000000000001 0
3.36734693877551 0.4400000000000001 0
3.316326530612245 0.4400000000000001 0
3.36734693877551 0.48 0
3.316326530612245 0.4800000000000001 0
3.418367346938775 0.3400000000000001 0
3.469387755102041 0.3200000000000001 0
3.418367346938775 0.3200000000000001 0
3.418367346938775 0.3800000000000001 0
3.469387755102041 0.3600000000000001 0
3.418367346938775 0.3600000000000001 0
3.418367346938775 0.42 0
3.469387755102041 0.4 0
3.418367346938775 0.4 0
3.418367346938775 0.4600000000000001 0
3.469387755102041 0.4400000000000001 0
3.418367346938775 0.4400000000000001 0
3.469387755102041 0.48 0
3.418367346938775 0.4800000000000001 0
3.520408163265306 0.3400000000000001 0
3.571428571428571 0.3200000000000001 0
3.520408163265306 0.3200000000000001 0
3.520408163265306 0.3800000000000001 0
3.571428571428571 0.3600000000000001 0
3.520408163265306 0.3600000000000001 0
3.520408163265306 0.42 0
3.571428571428571 0.4 0
3.520408163265306 0.4 0
3.520408163265306 0.4600000000000001 0
3.571428571428571 0.4400000000000001 0
3.520408163265306 0.4400000000000001 0
3.571428571428571 0.48 0
3.520408163265306 0.4800000000000001 0
3.622448979591836 0.3400000000000001 0
3.673469387755102 0.3200000000000001 0
3.622448979591836 0.3200000000000001 0
3.622448979591836 0.3800000000000001 0
3.673469387755102 0.3600000000000001 0
3.622448979591836 0.3600000000000001 0
3.622448979591836 0.42 0
3.673469387755102 0.4 0
3.622448979591836 0.4 0
3.622448979591836 0.4600000000000001 0
3.673469387755102 0.4400000000000001 0
3.622448979591836 0.4400000000000001 0
3.673469387755102 0.48 0
3.622448979591836 0.4800000000000001 0
3.724489795918367 0.3400000000000001 0
3.775510204081632 0.3200000000000001 0
3.724489795918367 0.3200000000000001 0
3.724489795918367 0.3800000000000001 0
3.775510204081632 0.3600000000000001 0
3.724489795918367 0.3600000000000001 0
3.724489795918367 0.42 0
3.775510204081632 0.4 0
3.724489795918367 0.4 0
3.724489795918367 0.4600000000000001 0
3.775510204081632 0.4400000000000001 0
3.724489795918367 0.4400000000000001 0
3.775510204081632 0.48 0
3.724489795918367 0.4800000000000001 0
3.826530612244897 0.3400000000000001 0
3.877551020408163 0.3200000000000001 0
3.826530612244897 0.3200000000000001 0
3.826530612244897 0.3800000000000001 0
3.877551020408163 0.3600000000000001 0
3.826530612244897 0.3600000000000001 0
3.826530612244897 0.42 0
3.877551020408163 0.4 0
3.826530612244897 0.4 0
3.826530612244897 0.4600000000000001 0
3.877551020408163 0.4400000000000001 0
3.826530612244897 0.4400000000000001 0
3.877551020408163 0.48 0
3.826530612244897 0.4800000000000001 0
3.928571428571428 0.3400000000000001 0
3.979591836734693 0.3200000000000001 0
3.928571428571428 0.3200000000000001 0
3.928571428571428 0.3800000000000001 0
3.979591836734693 0.3600000000000001 0
3.928571428571428 0.3600000000000001 0
3.928571428571428 0.42 0
3.979591836734693 0.4 0
3.928571428571428 0.4 0
3.928571428571428 0.4600000000000001 0
3.979591836734693 0.4400000000000001 0
3.928571428571428 0.4400000000000001 0
3.979591836734693 0.48 0
3.928571428571428 0.4800000000000001 0
4.030612244897958 0.3400000000000001 0
4.081632653061224 0.3200000000000001 0
4.030612244897958 0.3200000000000001 0
4.030612244897958 0.3800000000000001 0
4.081632653061224 0.3600000000000001 0
4.030612244897958 0.3600000000000001 0
4.030612244897958 0.42 0
4.081632653061224 0.4 0
4.030612244897958 0.4 0
4.030612244897958 0.4600000000000001 0
4.081632653061224 0.4400000000000001 0
4.030612244897958 0.4400000000000001 0
4.081632653061224 0.48 0
4.030612244897958 0.4800000000000001 0
4.13265306122449 0.3400000000000001 0
4.183673469387755 0.3200000000000001 0
4.13265306122449 0.3200000000000001 0
4.13265306122449 0.3800000000000001 0
4.183673469387755 0.3600000000000001 0
4.13265306122449 0.3600000000000001 0
4.13265306122449 0.42 0
4.183673469387755 0.4 0
4.13265306122449 0.4 0
4.13265306122449 0.4600000000000001 0
4.183673469387755 0.4400000000000001 0
4.13265306122449 0.4400000000000001 0
4.183673469387755 0.48 0
4.13265306122449 0.4800000000000001 0
4.23469387755102 0.3400000000000001 0
4.285714285714286 0.3200000000000001 0
4.23469387755102 0.3200000000000001 0
4.23469387755102 0.3800000000000001 0
4.285714285714286 0.3600000000000001 0
4.23469387755102 0.3600000000000001 0
4.23469387755102 0.42 0
4.285714285714286 0.4 0
4.23469387755102 0.4 0
4.23469387755102 0.4600000000000001 0
4.285714285714286 0.4400000000000001 0
4.23469387755102 0.4400000000000001 0
4.285714285714286 0.48 0
4.23469387755102 0.4800000000000001 0
4.336734693877551 0.3400000000000001 0
4.387755102040816 0.3200000000000001 0
4.336734693877551 0.3200000000000001 0
4.336734693877551 0.3800000000000001 0
4.387755102040816 0.3600000000000001 0
4.336734693877551 0.3600000000000001 0
4.336734693877551 0.42 0
4.387755102040816 0.4 0
4.336734693877551 0.4 0
4.336734693877551 0.4600000000000001 0
4.387755102040816 0.4400000000000001 0
4.336734693877551 0.4400000000000001 0
4.387755102040816 0.48 0
4.336734693877551 0.4800000000000001 0
4.438775510204081 0.3400000000000001 0
4.489795918367347 0.3200000000000001 0
4.438775510204081 0.3200000000000001 0
4.438775510204081 0.3800000000000001 0
4.489795918367347 0.3600000000000001 0
4.438775510204081 0.3600000000000001 0
4.438775510204081 0.42 0
4.489795918367347 0.4 0
4.438775510204081 0.4 0
4.438775510204081 0.4600000000000001 0
4.489795918367347 0.4400000000000001 0
4.438775510204081 0.4400000000000001 0
4.489795918367347 0.48 0
4.438775510204081 0.4800000000000001 0
4.540816326530612 0.3400000000000001 0
4.591836734693877 0.3200000000000001 0
4.540816326530612 0.3200000000000001 0
4.540816326530612 0.3800000000000001 0
4.591836734693877 0.3600000000000001 0
4.540816326530612 0.3600000000000001 0
4.540816326530612 0.42 0
4.591836734693877 0.4 0
4.540816326530612 0.4 0
4.540816326530612 0.4600000000000001 0
4.591836734693877 0.4400000000000001 0
4.540816326530612 0.4400000000000001 0
4.591836734693877 0.48 0
4.540816326530612 0.4800000000000001 0
4.642857142857142 0.3400000000000001 0
4.693877551020408 0.3200000000000001 0
4.642857142857142 0.3200000000000001 0
4.642857142857142 0.3800000000000001 0
4.693877551020408 0.3600000000000001 0
4.642857142857142 0.3600000000000001 0
4.642857142857142 0.42 0
4.693877551020408 0.4 0
4.642857142857142 0.4 0
4.642857142857142 0.4600000000000001 0
4.693877551020408 0.4400000000000001 0
4.642857142857142 0.4400000000000001 0
4.693877551020408 0.48 0
4.642857142857142 0.4800000000000001 0
4.744897959183673 0.3400000000000001 0
4.795918367346939 0.3200000000000001 0
4.744897959183673 0.3200000000000001 0
4.744897959183673 0.3800000000000001 0
4.795918367346939 0.3600000000000001 0
4.744897959183673 0.3600000000000001 0
4.744897959183673 0.42 0
4.795918367346939 0.4 0
4.744897959183673 0.4 0
4.744897959183673 0.4600000000000001 0
4.795918367346939 0.4400000000000001 0
4.744897959183673 0.4400000000000001 0
4.795918367346939 0.48 0
4.744897959183673 0.4800000000000001 0
4.846938775510204 0.3400000000000001 0
4.897959183673469 0.3200000000000001 0
4.846938775510204 0.3200000000000001 0
4.846938775510204 0.3800000000000001 0
4.897959183673469 0.3600000000000001 0
4.846938775510204 0.3600000000000001 0
4.846938775510204 0.42 0
4.897959183673469 0.4 0
4.846938775510204 0.4 0
4.846938775510204 0.4600000000000001 0
4.897959183673469 0.4400000000000001 0
4.846938775510204 0.4400000000000001 0
4.897959183673469 0.48 0
4.846938775510204 0.4800000000000001 0
4.948979591836735 0.3400000000000001 0
4.948979591836735 0.3200000000000001 0
4.948979591836735 0.3800000000000001 0
4.948979591836735 0.36 0
4.948979591836735 0.42 0
4.948979591836735 0.4 0
4.948979591836735 0.4600000000000001 0
4.948979591836735 0.4400000000000001 0
4.948979591836735 0.4800000000000001 0
2 5 0 291
4722
4723
4724
4725
4726
4727
4728
4729
4730
4731
4732
4733
4734
4735
4736
4737
4738
4739
4740
4741
4742
4743
4744
4745
4746
4747
4748
4749
4750
4751
4752
4753
4754
4755
4756
4757
4758
4759
4760
4761
4762
4763
4764
4765
4766
4767
4768
4769
4770
4771
4772
4773
4774
4775
4776
4777
4778
4779
4780
4781
4782
4783
4784
4785
4786
4787
4788
4789
4790
4791
4792
4793
4794
4795
4796
4797
4798
4799
4800
4801
4802
4803
4804
4805
4806
4807
4808
4809
4810
4811
4812
4813
4814
4815
4816
4817
4818
4819
4820
4821
4822
4823
4824
4825
4826
4827
4828
4829
4830
4831
4832
4833
4834
4835
4836
4837
4838
4839
4840
4841
4842
4843
4844
4845
4846
4847
4848
4849
4850
4851
4852
4853
4854
4855
4856
4857
4858
4859
4860
4861
4862
4863
4864
4865
4866
4867
4868
4869
4870
4871
4872
4873
4874
4875
4876
4877
4878
4879
4880
4881
4882
4883
4884
4885
4886
4887
4888
4889
4890
4891
4892
4893
4894
4895
4896
4897
4898
4899
4900
4901
4902
4903
4904
4905
4906
4907
4908
4909
4910
4911
4912
4913
4914
4915
4916
4917
4918
4919
4920
4921
4922
4923
4924
4925
4926
4927
4928
4929
4930
4931
4932
4933
4934
4935
4936
4937
4938
4939
4940
4941
4942
4943
4944
4945
4946
4947
4948
4949
4950
4951
4952
4953
4954
4955
4956
4957
4958
4959
4960
4961
4962
4963
4964
4965
4966
4967
4968
4969
4970
4971
4972
4973
4974
4975
4976
4977
4978
4979
4980
4981
4982
4983
4984
4985
4986
4987
4988
4989
4990
4991
4992
4993
4994
4995
4996
4997
4998
4999
5000
5001
5002
5003
5004
5005
5006
5007
5008
5009
5010
5011
5012
0.1020408163265306 0.6 0
0.2040816326530612 0.6 0
0.3061224489795918 0.6 0
0.4081632653061224 0.6 0
0.510204081632653 0.6 0
0.6122448979591837 0.6 0
0.7142857142857142 0.6 0
0.8163265306122448 0.6 0
0.9183673469387754 0.6 0
1.020408163265306 0.6 0
1.122448979591837 0.6 0
1.224489795918367 0.6 0
1.326530612244898 0.6 0
1.428571428571428 0.6 0
1.530612244897959 0.6 0
1.63265306122449 0.6 0
1.73469387755102 0.6 0
1.836734693877551 0.6 0
1.938775510204082 0.6 0
2.040816326530612 0.6 0
2.142857142857143 0.6 0
2.244897959183673 0.6 0
2.346938775510204 0.6 0
2.448979591836735 0.6 0
2.551020408163265 0.6 0
2.653061224489796 0.6 0
2.755102040816326 0.6 0
2.857142857142857 0.6 0
2.959183673469388 0.6 0
3.061224489795918 0.6 0
3.163265306122449 0.6 0
3.265306122448979 0.6 0
3.36734693877551 0.6 0
3.469387755102041 0.6 0
3.571428571428571 0.6 0
3.673469387755102 0.6 0
3.775510204081632 0.6 0
3.877551020408163 0.6 0
3.979591836734693 0.6 0
4.081632653061224 0.6 0
4.183673469387755 0.6 0
4.285714285714286 0.6 0
4.387755102040816 0.6 0
4.489795918367347 0.6 0
4.591836734693877 0.6 0
4.693877551020408 0.6 0
4.795918367346939 0.6 0
4.897959183673469 0.6 0
0.0510204081632653 0.6 0
0.1020408163265306 0.55 0
0.0510204081632653 0.55 0
0.1020408163265306 0.65 0
0.0510204081632653 0.65 0
0.1530612244897959 0.6 0
0.2040816326530612 0.55 0
0.1530612244897959 0.55 0
0.2040816326530612 0.65 0
0.1530612244897959 0.6500000000000001 0
0.2551020408163265 0.6 0
0.3061224489795918 0.55 0
0.2551020408163266 0.55 0
0.3061224489795918 0.65 0
0.2551020408163266 0.6500000000000001 0
0.3571428571428571 0.6 0
0.4081632653061224 0.55 0
0.3571428571428571 0.55 0
0.4081632653061224 0.65 0
0.3571428571428571 0.6500000000000001 0
0.4591836734693877 0.6 0
0.510204081632653 0.55 0
0.4591836734693877 0.55 0
0.510204081632653 0.65 0
0.4591836734693877 0.6500000000000001 0
0.5612244897959183 0.6 0
0.6122448979591837 0.55 0
0.5612244897959183 0.55 0
0.6122448979591837 0.65 0
0.5612244897959183 0.6500000000000001 0
0.6632653061224489 0.6 0
0.7142857142857142 0.55 0
0.6632653061224489 0.55 0
0.7142857142857142 0.65 0
0.6632653061224489 0.6500000000000001 0
0.7653061224489794 0.6 0
0.8163265306122448 0.55 0
0.7653061224489794 0.55 0
0.8163265306122448 0.65 0
0.7653061224489794 0.6500000000000001 0
0.8673469387755102 0.6 0
0.9183673469387754 0.55 0
0.8673469387755102 0.55 0
0.9183673469387754 0.65 0
0.8673469387755102 0.6500000000000001 0
0.9693877551020407 0.6 0
1.020408163265306 0.55 0
0.9693877551020407 0.55 0
1.020408163265306 0.65 0
0.9693877551020407 0.6500000000000001 0
1.071428571428571 0.6 0
1.122448979591837 0.55 0
1.071428571428571 0.55 0
1.122448979591837 0.65 0
1.071428571428571 0.6500000000000001 0
1.173469387755102 0.6 0
1.224489795918367 0.55 0
1.173469387755102 0.55 0
1.224489795918367 0.65 0
1.173469387755102 0.6500000000000001 0
1.275510204081633 0.6 0
1.326530612244898 0.55 0
1.275510204081633 0.55 0
1.326530612244898 0.65 0
1.275510204081633 0.6500000000000001 0
1.377551020408163 0.6 0
1.428571428571428 0.55 0
1.377551020408163 0.55 0
1.428571428571428 0.65 0
1.377551020408163 0.6500000000000001 0
1.479591836734694 0.6 0
1.530612244897959 0.55 0
1.479591836734694 0.55 0
1.530612244897959 0.65 0
1.479591836734694 0.6500000000000001 0
1.581632653061224 0.6 0
1.63265306122449 0.55 0
1.581632653061224 0.55 0
1.63265306122449 0.65 0
1.581632653061224 0.6500000000000001 0
1.683673469387755 0.6 0
1.73469387755102 0.55 0
1.683673469387755 0.55 0
1.73469387755102 0.65 0
1.683673469387755 0.6500000000000001 0
1.785714285714286 0.6 0
1.836734693877551 0.55 0
1.785714285714286 0.55 0
1.836734693877551 0.65 0
1.785714285714286 0.6500000000000001 0
1.887755102040816 0.6 0
1.938775510204082 0.55 0
1.887755102040816 0.55 0
1.938775510204082 0.65 0
1.887755102040816 0.6500000000000001 0
1.989795918367347 0.6 0
2.040816326530612 0.55 0
1.989795918367347 0.55 0
2.040816326530612 0.65 0
1.989795918367347 0.6500000000000001 0
2.091836734693877 0.6 0
2.142857142857143 0.55 0
2.091836734693877 0.55 0
2.142857142857143 0.65 0
2.091836734693877 0.6500000000000001 0
2.193877551020408 0.6 0
2.244897959183673 0.55 0
2.193877551020408 0.55 0
2.244897959183673 0.65 0
2.193877551020408 0.6500000000000001 0
2.295918367346939 0.6 0
2.346938775510204 0.55 0
2.295918367346939 0.55 0
2.346938775510204 0.65 0
2.295918367346939 0.6500000000000001 0
2.397959183673469 0.6 0
2.448979591836735 0.55 0
2.397959183673469 0.55 0
2.448979591836735 0.65 0
2.397959183673469 0.6500000000000001 0
2.5 0.6 0
2.551020408163265 0.55 0
2.5 0.55 0
2.551020408163265 0.65 0
2.5 0.6500000000000001 0
2.602040816326531 0.6 0
2.653061224489796 0.55 0
2.602040816326531 0.55 0
2.653061224489796 0.65 0
2.602040816326531 0.6500000000000001 0
2.704081632653061 0.6 0
2.755102040816326 0.55 0
2.704081632653061 0.55 0
2.755102040816326 0.65 0
2.704081632653061 0.6500000000000001 0
2.806122448979592 0.6 0
2.857142857142857 0.55 0
2.806122448979592 0.55 0
2.857142857142857 0.65 0
2.806122448979592 0.6500000000000001 0
2.908163265306122 0.6 0
2.959183673469388 0.55 0
2.908163265306122 0.55 0
2.959183673469388 0.65 0
2.908163265306122 0.6500000000000001 0
3.010204081632653 0.6 0
3.061224489795918 0.55 0
3.010204081632653 0.55 0
3.061224489795918 0.65 0
3.010204081632653 0.6500000000000001 0
3.112244897959183 0.6 0
3.163265306122449 0.55 0
3.112244897959183 0.55 0
3.163265306122449 0.65 0
3.112244897959183 0.6500000000000001 0
3.214285714285714 0.6 0
3.265306122448979 0.55 0
3.214285714285714 0.55 0
3.265306122448979 0.65 0
3.214285714285714 0.6500000000000001 0
3.316326530612245 0.6 0
3.36734693877551 0.55 0
3.316326530612245 0.55 0
3.36734693877551 0.65 0
3.316326530612245 0.6500000000000001 0
3.418367346938775 0.6 0
3.469387755102041 0.55 0
3.418367346938775 0.55 0
3.469387755102041 0.65 0
3.418367346938775 0.6500000000000001 0
3.520408163265306 0.6 0
3.571428571428571 0.55 0
3.520408163265306 0.55 0
3.571428571428571 0.65 0
3.520408163265306 0.6500000000000001 0
3.622448979591836 0.6 0
3.673469387755102 0.55 0
3.622448979591836 0.55 0
3.673469387755102 0.65 0
3.622448979591836 0.6500000000000001 0
3.724489795918367 0.6 0
3.775510204081632 0.55 0
3.724489795918367 0.55 0
3.775510204081632 0.65 0
3.724489795918367 0.6500000000000001 0
3.826530612244897 0.6 0
3.877551020408163 0.55 0
3.826530612244897 0.55 0
3.877551020408163 0.65 0
3.826530612244897 0.6500000000000001 0
3.928571428571428 0.6 0
3.979591836734693 0.55 0
3.928571428571428 0.55 0
3.979591836734693 0.65 0
3.928571428571428 0.6500000000000001 0
4.030612244897958 0.6 0
4.081632653061224 0.55 0
4.030612244897958 0.55 0
4.081632653061224 0.65 0
4.030612244897958 0.6500000000000001 0
4.13265306122449 0.6 0
4.183673469387755 0.55 0
4.13265306122449 0.55 0
4.183673469387755 0.65 0
4.13265306122449 0.6500000000000001 0
4.23469387755102 0.6 0
4.285714285714286 0.55 0
4.23469387755102 0.55 0
4.285714285714286 0.65 0
4.23469387755102 0.6500000000000001 0
4.336734693877551 0.6 0
4.387755102040816 0.55 0
4.336734693877551 0.55 0
4.387755102040816 0.65 0
4.336734693877551 0.6500000000000001 0
4.438775510204081 0.6 0
4.489795918367347 0.55 0
4.438775510204081 0.55 0
4.489795918367347 0.65 0
4.438775510204081 0.6500000000000001 0
4.540816326530612 0.6 0
4.591836734693877 0.55 0
4.540816326530612 0.55 0
4.591836734693877 0.65 0
4.540816326530612 0.6500000000000001 0
4.642857142857142 0.6 0
4.693877551020408 0.55 0
4.642857142857142 0.55 0
4.693877551020408 0.65 0
4.642857142857142 0.6500000000000001 0
4.744897959183673 0.6 0
4.795918367346939 0.55 0
4.744897959183673 0.55 0
4.795918367346939 0.65 0
4.744897959183673 0.6500000000000001 0
4.846938775510204 0.6 0
4.897959183673469 0.55 0
4.846938775510204 0.55 0
4.897959183673469 0.65 0
4.846938775510204 0.6500000000000001 0
4.948979591836735 0.6 0
4.948979591836735 0.55 0
4.948979591836735 0.65 0
2 6 0 1843
5013
5014
5015
5016
5017
5018
5019
5020
5021
5022
5023
5024
5025
5026
5027
5028
5029
5030
5031
5032
5033
5034
5035
5036
5037
5038
5039
5040
5041
5042
5043
5044
5045
5046
5047
5048
5049
5050
5051
5052
5053
5054
5055
5056
5057
5058
5059
5060
5061
5062
5063
5064
5065
5066
5067
5068
5069
5070
5071
5072
5073
5074
5075
5076
5077
5078
5079
5080
5081
5082
5083
5084
5085
5086
5087
5088
5089
5090
5091
5092
5093
5094
5095
5096
5097
5098
5099
5100
5101
5102
5103
5104
5105
5106
5107
5108
5109
5110
5111
5112
5113
5114
5115
5116
5117
5118
5119
5120
5121
5122
5123
5124
5125
5126
5127
5128
5129
5130
5131
5132
5133
5134
5135
5136
5137
5138
5139
5140
5141
5142
5143
5144
5145
5146
5147
5148
5149
5150
5151
5152
5153
5154
5155
5156
5157
5158
5159
5160
5161
5162
5163
5164
5165
5166
5167
5168
5169
5170
5171
5172
5173
5174
5175
5176
5177
5178
5179
5180
5181
5182
5183
5184
5185
5186
5187
5188
5189
5190
5191
5192
5193
5194
5195
5196
5197
5198
5199
5200
5201
5202
5203
5204
5205
5206
5207
5208
5209
5210
5211
5212
5213
5214
5215
5216
5217
5218
5219
5220
5221
5222
5223
5224
5225
5226
5227
5228
5229
5230
5231
5232
5233
5234
5235
5236
5237
5238
5239
5240
5241
5242
5243
5244
5245
5246
5247
5248
5249
5250
5251
5252
5253
5254
5255
5256
5257
5258
5259
5260
5261
5262
5263
5264
5265
5266
5267
5268
5269
5270
5271
5272
5273
5274
5275
5276
5277
5278
5279
5280
5281
5282
5283
5284
5285
5286
5287
5288
5289
5290
5291
5292
5293
5294
5295
5296
5297
5298
5299
5300
5301
5302
5303
5304
5305
5306
5307
5308
5309
5310
5311
5312
5313
5314
5315
5316
5317
5318
5319
5320
5321
5322
5323
5324
5325
5326
5327
5328
5329
5330
5331
5332
5333
5334
5335
5336
5337
5338
5339
5340
5341
5342
5343
5344
5345
5346
5347
5348
5349
5350
5351
5352
5353
5354
5355
5356
5357
5358
5359
5360
5361
5362
5363
5364
5365
5366
5367
5368
5369
5370
5371
5372
5373
5374
5375
5376
5377
5378
5379
5380
5381
5382
5383
5384
5385
5386
5387
5388
5389
5390
5391
5392
5393
5394
5395
5396
5397
5398
5399
5400
5401
5402
5403
5404
5405
5406
5407
5408
5409
5410
5411
5412
5413
5414
5415
5416
5417
5418
5419
5420
5421
5422
5423
5424
5425
5426
5427
5428
5429
5430
5431
5432
5433
5434
5435
5436
5437
5438
5439
5440
5441
5442
5443
5444
5445
5446
5447
5448
5449
5450
5451
5452
5453
5454
5455
5456
5457
5458
5459
5460
5461
5462
5463
5464
5465
5466
5467
5468
5469
5470
5471
5472
5473
5474
5475
5476
5477
5478
5479
5480
5481
5482
5483
5484
5485
5486
5487
5488
5489
5490
5491
5492
5493
5494
5495
5496
5497
5498
5499
5500
5501
5502
5503
5504
5505
5506
5507
5508
5509
5510
5511
5512
5513
5514
5515
5516
5517
5518
5519
5520
5521
5522
5523
5524
5525
5526
5527
5528
5529
5530
5531
5532
5533
5534
5535
5536
5537
5538
5539
5540
5541
5542
5543
5544
5545
5546
5547
5548
5549
5550
5551
5552
5553
5554
5555
5556
5557
5558
5559
5560
5561
5562
5563
5564
5565
5566
5567
5568
5569
5570
5571
5572
5573
5574
5575
5576
5577
5578
5579
5580
5581
5582
5583
5584
5585
5586
5587
5588
5589
5590
5591
5592
5593
5594
5595
5596
5597
5598
5599
5600
5601
5602
5603
5604
5605
5606
5607
5608
5609
5610
5611
5612
5613
5614
5615
5616
5617
5618
5619
5620
5621
5622
5623
5624
5625
5626
5627
5628
5629
5630
5631
5632
5633
5634
5635
5636
5637
5638
5639
5640
5641
5642
5643
5644
5645
5646
5647
5648
5649
5650
5651
5652
5653
5654
5655
5656
5657
5658
5659
5660
5661
5662
5663
5664
5665
5666
5667
5668
5669
5670
5671
5672
5673
5674
5675
5676
5677
5678
5679
5680
5681
5682
5683
5684
5685
5686
5687
5688
5689
5690
5691
5692
5693
5694
5695
5696
5697
5698
5699
5700
5701
5702
5703
5704
5705
5706
5707
5708
5709
5710
5711
5712
5713
5714
5715
5716
5717
5718
5719
5720
5721
5722
5723
5724
5725
5726
5727
5728
5729
5730
5731
5732
5733
5734
5735
5736
5737
5738
5739
5740
5741
5742
5743
5744
5745
5746
5747
5748
5749
5750
5751
5752
5753
5754
5755
5756
5757
5758
5759
5760
5761
5762
5763
5764
5765
5766
5767
5768
5769
5770
5771
5772
5773
5774
5775
5776
5777
5778
5779
5780
5781
5782
5783
5784
5785
5786
5787
5788
5789
5790
5791
5792
5793
5794
5795
5796
5797
5798
5799
5800
5801
5802
5803
5804
5805
5806
5807
5808
5809
5810
5811
5812
5813
5814
5815
5816
5817
5818
5819
5820
5821
5822
5823
5824
5825
5826
5827
5828
5829
5830
5831
5832
5833
5834
5835
5836
5837
5838
5839
5840
5841
5842
5843
5844
5845
5846
5847
5848
5849
5850
5851
5852
5853
5854
5855
5856
5857
5858
5859
5860
5861
5862
5863
5864
5865
5866
5867
5868
5869
5870
5871
5872
5873
5874
5875
5876
5877
5878
5879
5880
5881
5882
5883
5884
5885
5886
5887
5888
5889
5890
5891
5892
5893
5894
5895
5896
5897
5898
5899
5900
5901
5902
5903
5904
5905
5906
5907
5908
5909
5910
5911
5912
5913
5914
5915
5916
5917
5918
5919
5920
5921
5922
5923
5924
5925
5926
5927
5928
5929
5930
5931
5932
5933
5934
5935
5936
5937
5938
5939
5940
5941
5942
5943
5944
5945
5946
5947
5948
5949
5950
5951
5952
5953
5954
5955
5956
5957
5958
5959
5960
5961
5962
5963
5964
5965
5966
5967
5968
5969
5970
5971
5972
5973
5974
5975
5976
5977
5978
5979
5980
5981
5982
5983
5984
5985
5986
5987
5988
5989
5990
5991
5992
5993
5994
5995
5996
5997
5998
5999
6000
6001
6002
6003
6004
6005
6006
6007
6008
6009
6010
6011
6012
6013
6014
6015
6016
6017
6018
6019
6020
6021
6022
6023
6024
6025
6026
6027
6028
6029
6030
6031
6032
6033
6034
6035
6036
6037
6038
6039
6040
6041
6042
6043
6044
6045
6046
6047
6048
6049
6050
6051
6052
6053
6054
6055
6056
6057
6058
6059
6060
6061
6062
6063
6064
6065
6066
6067
6068
6069
6070
6071
6072
6073
6074
6075
6076
6077
6078
6079
6080
6081
6082
6083
6084
6085
6086
6087
6088
6089
6090
6091
6092
6093
6094
6095
6096
6097
6098
6099
6100
6101
6102
6103
6104
6105
6106
6107
6108
6109
6110
6111
6112
6113
6114
6115
6116
6117
6118
6119
6120
6121
6122
6123
6124
6125
6126
6127
6128
6129
6130
6131
6132
6133
6134
6135
6136
6137
6138
6139
6140
6141
6142
6143
6144
6145
6146
6147
6148
6149
6150
6151
6152
6153
6154
6155
6156
6157
6158
6159
6160
6161
6162
6163
6164
6165
6166
6167
6168
6169
6170
6171
6172
6173
6174
6175
6176
6177
6178
6179
6180
6181
6182
6183
6184
6185
6186
6187
6188
6189
6190
6191
6192
6193
6194
6195
6196
6197
6198
6199
6200
6201
6202
6203
6204
6205
6206
6207
6208
6209
6210
6211
6212
6213
6214
6215
6216
6217
6218
6219
6220
6221
6222
6223
6224
6225
6226
6227
6228
6229
6230
6231
6232
6233
6234
6235
6236
6237
6238
6239
6240
6241
6242
6243
6244
6245
6246
6247
6248
6249
6250
6251
6252
6253
6254
6255
6256
6257
6258
6259
6260
6261
6262
6263
6264
6265
6266
6267
6268
6269
6270
6271
6272
6273
6274
6275
6276
6277
6278
6279
6280
6281
6282
6283
6284
6285
6286
6287
6288
6289
6290
6291
6292
6293
6294
6295
6296
6297
6298
6299
6300
6301
6302
6303
6304
6305
6306
6307
6308
6309
6310
6311
6312
6313
6314
6315
6316
6317
6318
6319
6320
6321
6322
6323
6324
6325
6326
6327
6328
6329
6330
6331
6332
6333
6334
6335
6336
6337
6338
6339
6340
6341
6342
6343
6344
6345
6346
6347
6348
6349
6350
6351
6352
6353
6354
6355
6356
6357
6358
6359
6360
6361
6362
6363
6364
6365
6366
6367
6368
6369
6370
6371
6372
6373
6374
6375
6376
6377
6378
6379
6380
6381
6382
6383
6384
6385
6386
6387
6388
6389
6390
6391
6392
6393
6394
6395
6396
6397
6398
6399
6400
6401
6402
6403
6404
6405
6406
6407
6408
6409
6410
6411
6412
6413
6414
6415
6416
6417
6418
6419
6420
6421
6422
6423
6424
6425
6426
6427
6428
6429
6430
6431
6432
6433
6434
6435
6436
6437
6438
6439
6440
6441
6442
6443
6444
6445
6446
6447
6448
6449
6450
6451
6452
6453
6454
6455
6456
6457
6458
6459
6460
6461
6462
6463
6464
6465
6466
6467
6468
6469
6470
6471
6472
6473
6474
6475
6476
6477
6478
6479
6480
6481
6482
6483
6484
6485
6486
6487
6488
6489
6490
6491
6492
6493
6494
6495
6496
6497
6498
6499
6500
6501
6502
6503
6504
6505
6506
6507
6508
6509
6510
6511
6512
6513
6514
6515
6516
6517
6518
6519
6520
6521
6522
6523
6524
6525
6526
6527
6528
6529
6530
6531
6532
6533
6534
6535
6536
6537
6538
6539
6540
6541
6542
6543
6544
6545
6546
6547
6548
6549
6550
6551
6552
6553
6554
6555
6556
6557
6558
6559
6560
6561
6562
6563
6564
6565
6566
6567
6568
6569
6570
6571
6572
6573
6574
6575
6576
6577
6578
6579
6580
6581
6582
6583
6584
6585
6586
6587
6588
6589
6590
6591
6592
6593
6594
6595
6596
6597
6598
6599
6600
6601
6602
6603
6604
6605
6606
6607
6608
6609
6610
6611
6612
6613
6614
6615
6616
6617
6618
6619
6620
6621
6622
6623
6624
6625
6626
6627
6628
6629
6630
6631
6632
6633
6634
6635
6636
6637
6638
6639
6640
6641
6642
6643
6644
6645
6646
6647
6648
6649
6650
6651
6652
6653
6654
6655
6656
6657
6658
6659
6660
6661
6662
6663
6664
6665
6666
6667
6668
6669
6670
6671
6672
6673
6674
6675
6676
6677
6678
6679
6680
6681
6682
6683
6684
6685
6686
6687
6688
6689
6690
6691
6692
6693
6694
6695
6696
6697
6698
6699
6700
6701
6702
6703
6704
6705
6706
6707
6708
6709
6710
6711
6712
6713
6714
6715
6716
6717
6718
6719
6720
6721
6722
6723
6724
6725
6726
6727
6728
6729
6730
6731
6732
6733
6734
6735
6736
6737
6738
6739
6740
6741
6742
6743
6744
6745
6746
6747
6748
6749
6750
6751
6752
6753
6754
6755
6756
6757
6758
6759
6760
6761
6762
6763
6764
6765
6766
6767
6768
6769
6770
6771
6772
6773
6774
6775
6776
6777
6778
6779
6780
6781
6782
6783
6784
6785
6786
6787
6788
6789
6790
6791
6792
6793
6794
6795
6796
6797
6798
6799
6800
6801
6802
6803
6804
6805
6806
6807
6808
6809
6810
6811
6812
6813
6814
6815
6816
6817
6818
6819
6820
6821
6822
6823
6824
6825
6826
6827
6828
6829
6830
6831
6832
6833
6834
6835
6836
6837
6838
6839
6840
6841
6842
6843
6844
6845
6846
6847
6848
6849
6850
6851
6852
6853
6854
6855
0.1020408163265306 -0.12 0
0.1020408163265306 -0.14 0
0.1020408163265306 -0.16 0
0.1020408163265306 -0.18 0
0.1020408163265306 -0.2 0
0.1020408163265306 -0.22 0
0.1020408163265306 -0.24 0
0.1020408163265306 -0.26 0
0.1020408163265306 -0.28 0
0.2040816326530612 -0.12 0
0.2040816326530612 -0.14 0
0.2040816326530612 -0.16 0
0.2040816326530612 -0.18 0
0.2040816326530612 -0.2 0
0.2040816326530612 -0.22 0
0.2040816326530612 -0.24 0
0.2040816326530612 -0.26 0
0.2040816326530612 -0.28 0
0.3061224489795918 -0.12 0
0.3061224489795918 -0.14 0
0.3061224489795918 -0.16 0
0.3061224489795918 -0.18 0
0.3061224489795918 -0.2 0
0.3061224489795918 -0.22 0
0.3061224489795918 -0.24 0
0.3061224489795918 -0.26 0
0.3061224489795918 -0.28 0
0.4081632653061224 -0.12 0
0.4081632653061224 -0.14 0
0.4081632653061224 -0.16 0
0.4081632653061224 -0.18 0
0.4081632653061224 -0.2 0
0.4081632653061224 -0.22 0
0.4081632653061224 -0.24 0
0.4081632653061224 -0.26 0
0.4081632653061224 -0.28 0
0.510204081632653 -0.12 0
0.510204081632653 -0.14 0
0.510204081632653 -0.16 0
0.510204081632653 -0.18 0
0.510204081632653 -0.2 0
0.510204081632653 -0.22 0
0.510204081632653 -0.24 0
0.510204081632653 -0.26 0
0.510204081632653 -0.28 0
0.6122448979591837 -0.12 0
0.6122448979591837 -0.14 0
0.6122448979591837 -0.16 0
0.6122448979591837 -0.18 0
0.6122448979591837 -0.2 0
0.6122448979591837 -0.22 0
0.6122448979591837 -0.24 0
0.6122448979591837 -0.26 0
0.6122448979591837 -0.28 0
0.7142857142857142 -0.12 0
0.7142857142857142 -0.14 0
0.7142857142857142 -0.16 0
0.7142857142857142 -0.18 0
0.7142857142857142 -0.2 0
0.7142857142857142 -0.22 0
0.7142857142857142 -0.24 0
0.7142857142857142 -0.26 0
0.7142857142857142 -0.28 0
0.8163265306122448 -0.12 0
0.8163265306122448 -0.14 0
0.8163265306122448 -0.16 0
0.8163265306122448 -0.18 0
0.8163265306122448 -0.2 0
0.8163265306122448 -0.22 0
0.8163265306122448 -0.24 0
0.8163265306122448 -0.26 0
0.8163265306122448 -0.28 0
0.9183673469387754 -0.12 0
0.9183673469387754 -0.14 0
0.9183673469387754 -0.16 0
0.9183673469387754 -0.18 0
0.9183673469387754 -0.2 0
0.9183673469387754 -0.22 0
0.9183673469387754 -0.24 0
0.9183673469387754 -0.26 0
0.9183673469387754 -0.28 0
1.020408163265306 -0.12 0
1.020408163265306 -0.14 0
1.020408163265306 -0.16 0
1.020408163265306 -0.18 0
1.020408163265306 -0.2 0
1.020408163265306 -0.22 0
1.020408163265306 -0.24 0
1.020408163265306 -0.26 0
1.020408163265306 -0.28 0
1.122448979591837 -0.12 0
1.122448979591837 -0.14 0
1.122448979591837 -0.16 0
1.122448979591837 -0.18 0
1.122448979591837 -0.2 0
1.122448979591837 -0.22 0
1.122448979591837 -0.24 0
1.122448979591837 -0.26 0
1.122448979591837 -0.28 0
1.224489795918367 -0.12 0
1.224489795918367 -0.14 0
1.224489795918367 -0.16 0
1.224489795918367 -0.18 0
1.224489795918367 -0.2 0
1.224489795918367 -0.22 0
1.224489795918367 -0.24 0
1.224489795918367 -0.26 0
1.224489795918367 -0.28 0
1.326530612244898 -0.12 0
1.326530612244898 -0.14 0
1.326530612244898 -0.16 0
1.326530612244898 -0.18 0
1.326530612244898 -0.2 0
1.326530612244898 -0.22 0
1.326530612244898 -0.24 0
1.326530612244898 -0.26 0
1.326530612244898 -0.28 0
1.428571428571428 -0.12 0
1.428571428571428 -0.14 0
1.428571428571428 -0.16 0
1.428571428571428 -0.18 0
1.428571428571428 -0.2 0
1.428571428571428 -0.22 0
1.428571428571428 -0.24 0
1.428571428571428 -0.26 0
1.428571428571428 -0.28 0
1.530612244897959 -0.12 0
1.530612244897959 -0.14 0
1.530612244897959 -0.16 0
1.530612244897959 -0.18 0
1.530612244897959 -0.2 0
1.530612244897959 -0.22 0
1.530612244897959 -0.24 0
1.530612244897959 -0.26 0
1.530612244897959 -0.28 0
1.63265306122449 -0.12 0
1.63265306122449 -0.14 0
1.63265306122449 -0.16 0
1.63265306122449 -0.18 0
1.63265306122449 -0.2 0
1.63265306122449 -0.22 0
1.63265306122449 -0.24 0
1.63265306122449 -0.26 0
1.63265306122449 -0.28 0
1.73469387755102 -0.12 0
1.73469387755102 -0.14 0
1.73469387755102 -0.16 0
1.73469387755102 -0.18 0
1.73469387755102 -0.2 0
1.73469387755102 -0.22 0
1.73469387755102 -0.24 0
1.73469387755102 -0.26 0
1.73469387755102 -0.28 0
1.836734693877551 -0.12 0
1.836734693877551 -0.14 0
1.836734693877551 -0.16 0
1.836734693877551 -0.18 0
1.836734693877551 -0.2 0
1.836734693877551 -0.22 0
1.836734693877551 -0.24 0
1.836734693877551 -0.26 0
1.836734693877551 -0.28 0
1.938775510204082 -0.12 0
1.938775510204082 -0.14 0
1.938775510204082 -0.16 0
1.938775510204082 -0.18 0
1.938775510204082 -0.2 0
1.938775510204082 -0.22 0
1.938775510204082 -0.24 0
1.938775510204082 -0.26 0
1.938775510204082 -0.28 0
2.040816326530612 -0.12 0
2.040816326530612 -0.14 0
2.040816326530612 -0.16 0
2.040816326530612 -0.18 0
2.040816326530612 -0.2 0
2.040816326530612 -0.22 0
2.040816326530612 -0.24 0
2.040816326530612 -0.26 0
2.040816326530612 -0.28 0
2.142857142857143 -0.12 0
2.142857142857143 -0.14 0
2.142857142857143 -0.16 0
2.142857142857143 -0.18 0
2.142857142857143 -0.2 0
2.142857142857143 -0.22 0
2.142857142857143 -0.24 0
2.142857142857143 -0.26 0
2.142857142857143 -0.28 0
2.244897959183673 -0.12 0
2.244897959183673 -0.14 0
2.244897959183673 -0.16 0
2.244897959183673 -0.18 0
2.244897959183673 -0.2 0
2.244897959183673 -0.22 0
2.244897959183673 -0.24 0
2.244897959183673 -0.26 0
2.244897959183673 -0.28 0
2.346938775510204 -0.12 0
2.346938775510204 -0.14 0
2.346938775510204 -0.16 0
2.346938775510204 -0.18 0
2.346938775510204 -0.2 0
2.346938775510204 -0.22 0
2.346938775510204 -0.24 0
2.346938775510204 -0.26 0
2.346938775510204 -0.28 0
2.448979591836735 -0.12 0
2.448979591836735 -0.14 0
2.448979591836735 -0.16 0
2.448979591836735 -0.18 0
2.448979591836735 -0.2 0
2.448979591836735 -0.22 0
2.448979591836735 -0.24 0
2.448979591836735 -0.26 0
2.448979591836735 -0.28 0
2.551020408163265 -0.12 0
2.551020408163265 -0.14 0
2.551020408163265 -0.16 0
2.551020408163265 -0.18 0
2.551020408163265 -0.2 0
2.551020408163265 -0.22 0
2.551020408163265 -0.24 0
2.551020408163265 -0.26 0
2.551020408163265 -0.28 0
2.653061224489796 -0.12 0
2.653061224489796 -0.14 0
2.653061224489796 -0.16 0
2.653061224489796 -0.18 0
2.653061224489796 -0.2 0
2.653061224489796 -0.22 0
2.653061224489796 -0.24 0
2.653061224489796 -0.26 0
2.653061224489796 -0.28 0
2.755102040816326 -0.12 0
2.755102040816326 -0.14 0
2.755102040816326 -0.16 0
2.755102040816326 -0.18 0
2.755102040816326 -0.2 0
2.755102040816326 -0.22 0
2.755102040816326 -0.24 0
2.755102040816326 -0.26 0
2.755102040816326 -0.28 0
2.857142857142857 -0.12 0
2.857142857142857 -0.14 0
2.857142857142857 -0.16 0
2.857142857142857 -0.18 0
2.857142857142857 -0.2 0
2.857142857142857 -0.22 0
2.857142857142857 -0.24 0
2.857142857142857 -0.26 0
2.857142857142857 -0.28 0
2.959183673469388 -0.12 0
2.959183673469388 -0.14 0
2.959183673469388 -0.16 0
2.959183673469388 -0.18 0
2.959183673469388 -0.2 0
2.959183673469388 -0.22 0
2.959183673469388 -0.24 0
2.959183673469388 -0.26 0
2.959183673469388 -0.28 0
3.061224489795918 -0.12 0
3.061224489795918 -0.14 0
3.061224489795918 -0.16 0
3.061224489795918 -0.18 0
3.061224489795918 -0.2 0
3.061224489795918 -0.22 0
3.061224489795918 -0.24 0
3.061224489795918 -0.26 0
3.061224489795918 -0.28 0
3.163265306122449 -0.12 0
3.163265306122449 -0.14 0
3.163265306122449 -0.16 0
3.163265306122449 -0.18 0
3.163265306122449 -0.2 0
3.163265306122449 -0.22 0
3.163265306122449 -0.24 0
3.163265306122449 -0.26 0
3.163265306122449 -0.28 0
3.265306122448979 -0.12 0
3.265306122448979 -0.14 0
3.265306122448979 -0.16 0
3.265306122448979 -0.18 0
3.265306122448979 -0.2 0
3.265306122448979 -0.22 0
3.265306122448979 -0.24 0
3.265306122448979 -0.26 0
3.265306122448979 -0.28 0
3.36734693877551 -0.12 0
3.36734693877551 -0.14 0
3.36734693877551 -0.16 0
3.36734693877551 -0.18 0
3.36734693877551 -0.2 0
3.36734693877551 -0.22 0
3.36734693877551 -0.24 0
3.36734693877551 -0.26 0
3.36734693877551 -0.28 0
3.469387755102041 -0.12 0
3.469387755102041 -0.14 0
3.469387755102041 -0.16 0
3.469387755102041 -0.18 0
3.469387755102041 -0.2 0
3.469387755102041 -0.22 0
3.469387755102041 -0.24 0
3.469387755102041 -0.26 0
3.469387755102041 -0.28 0
3.571428571428571 -0.12 0
3.571428571428571 -0.14 0
3.571428571428571 -0.16 0
3.571428571428571 -0.18 0
3.571428571428571 -0.2 0
3.571428571428571 -0.22 0
3.571428571428571 -0.24 0
3.571428571428571 -0.26 0
3.571428571428571 -0.28 0
3.673469387755102 -0.12 0
3.673469387755102 -0.14 0
3.673469387755102 -0.16 0
3.673469387755102 -0.18 0
3.673469387755102 -0.2 0
3.673469387755102 -0.22 0
3.673469387755102 -0.24 0
3.673469387755102 -0.26 0
3.673469387755102 -0.28 0
3.775510204081632 -0.12 0
3.775510204081632 -0.14 0
3.775510204081632 -0.16 0
3.775510204081632 -0.18 0
3.775510204081632 -0.2 0
3.775510204081632 -0.22 0
3.775510204081632 -0.24 0
3.775510204081632 -0.26 0
3.775510204081632 -0.28 0
3.877551020408163 -0.12 0
3.877551020408163 -0.14 0
3.877551020408163 -0.16 0
3.877551020408163 -0.18 0
3.877551020408163 -0.2 0
3.877551020408163 -0.22 0
3.877551020408163 -0.24 0
3.877551020408163 -0.26 0
3.877551020408163 -0.28 0
3.979591836734693 -0.12 0
3.979591836734693 -0.14 0
3.979591836734693 -0.16 0
3.979591836734693 -0.18 0
3.979591836734693 -0.2 0
3.979591836734693 -0.22 0
3.979591836734693 -0.24 0
3.979591836734693 -0.26 0
3.979591836734693 -0.28 0
4.081632653061224 -0.12 0
4.081632653061224 -0.14 0
4.081632653061224 -0.16 0
4.081632653061224 -0.18 0
4.081632653061224 -0.2 0
4.081632653061224 -0.22 0
4.081632653061224 -0.24 0
4.081632653061224 -0.26 0
4.081632653061224 -0.28 0
4.183673469387755 -0.12 0
4.183673469387755 -0.14 0
4.183673469387755 -0.16 0
4.183673469387755 -0.18 0
4.183673469387755 -0.2 0
4.183673469387755 -0.22 0
4.183673469387755 -0.24 0
4.183673469387755 -0.26 0
4.183673469387755 -0.28 0
4.285714285714286 -0.12 0
4.285714285714286 -0.14 0
4.285714285714286 -0.16 0
4.285714285714286 -0.18 0
4.285714285714286 -0.2 0
4.285714285714286 -0.22 0
4.285714285714286 -0.24 0
4.285714285714286 -0.26 0
4.285714285714286 -0.28 0
4.387755102040816 -0.12 0
4.387755102040816 -0.14 0
4.387755102040816 -0.16 0
4.387755102040816 -0.18 0
4.387755102040816 -0.2 0
4.387755102040816 -0.22 0
4.387755102040816 -0.24 0
4.387755102040816 -0.26 0
4.387755102040816 -0.28 0
4.489795918367347 -0.12 0
4.489795918367347 -0.14 0
4.489795918367347 -0.16 0
4.489795918367347 -0.18 0
4.489795918367347 -0.2 0
4.489795918367347 -0.22 0
4.489795918367347 -0.24 0
4.489795918367347 -0.26 0
4.489795918367347 -0.28 0
4.591836734693877 -0.12 0
4.591836734693877 -0.14 0
4.591836734693877 -0.16 0
4.591836734693877 -0.18 0
4.591836734693877 -0.2 0
4.591836734693877 -0.22 0
4.591836734693877 -0.24 0
4.591836734693877 -0.26 0
4.591836734693877 -0.28 0
4.693877551020408 -0.12 0
4.693877551020408 -0.14 0
4.693877551020408 -0.16 0
4.693877551020408 -0.18 0
4.693877551020408 -0.2 0
4.693877551020408 -0.22 0
4.693877551020408 -0.24 0
4.693877551020408 -0.26 0
4.693877551020408 -0.28 0
4.795918367346939 -0.12 0
4.795918367346939 -0.14 0
4.795918367346939 -0.16 0
4.795918367346939 -0.18 0
4.795918367346939 -0.2 0
4.795918367346939 -0.22 0
4.795918367346939 -0.24 0
4.795918367346939 -0.26 0
4.795918367346939 -0.28 0
4.897959183673469 -0.12 0
4.897959183673469 -0.14 0
4.897959183673469 -0.16 0
4.897959183673469 -0.18 0
4.897959183673469 -0.2 0
4.897959183673469 -0.22 0
4.897959183673469 -0.24 0
4.897959183673469 -0.26 0
4.897959183673469 -0.28 0
0.0510204081632653 -0.12 0
0.1020408163265306 -0.11 0
0.0510204081632653 -0.11 0
0.0510204081632653 -0.14 0
0.1020408163265306 -0.13 0
0.0510204081632653 -0.13 0
0.0510204081632653 -0.16 0
0.1020408163265306 -0.15 0
0.0510204081632653 -0.15 0
0.0510204081632653 -0.18 0
0.1020408163265306 -0.17 0
0.0510204081632653 -0.17 0
0.0510204081632653 -0.2 0
0.1020408163265306 -0.19 0
0.0510204081632653 -0.19 0
0.0510204081632653 -0.22 0
0.1020408163265306 -0.21 0
0.0510204081632653 -0.21 0
0.0510204081632653 -0.24 0
0.1020408163265306 -0.23 0
0.0510204081632653 -0.23 0
0.0510204081632653 -0.26 0
0.1020408163265306 -0.25 0
0.0510204081632653 -0.25 0
0.0510204081632653 -0.28 0
0.1020408163265306 -0.27 0
0.0510204081632653 -0.27 0
0.1020408163265306 -0.29 0
0.0510204081632653 -0.29 0
0.1530612244897959 -0.12 0
0.2040816326530612 -0.11 0
0.1530612244897959 -0.11 0
0.1530612244897959 -0.14 0
0.2040816326530612 -0.13 0
0.1530612244897959 -0.13 0
0.1530612244897959 -0.16 0
0.2040816326530612 -0.15 0
0.1530612244897959 -0.15 0
0.1530612244897959 -0.18 0
0.2040816326530612 -0.17 0
0.1530612244897959 -0.17 0
0.1530612244897959 -0.2 0
0.2040816326530612 -0.19 0
0.1530612244897959 -0.19 0
0.1530612244897959 -0.22 0
0.2040816326530612 -0.21 0
0.1530612244897959 -0.21 0
0.1530612244897959 -0.24 0
0.2040816326530612 -0.23 0
0.1530612244897959 -0.23 0
0.1530612244897959 -0.26 0
0.2040816326530612 -0.25 0
0.1530612244897959 -0.25 0
0.1530612244897959 -0.28 0
0.2040816326530612 -0.27 0
0.1530612244897959 -0.27 0
0.2040816326530612 -0.29 0
0.1530612244897959 -0.29 0
0.2551020408163265 -0.12 0
0.3061224489795918 -0.11 0
0.2551020408163266 -0.11 0
0.2551020408163265 -0.14 0
0.3061224489795918 -0.13 0
0.2551020408163266 -0.13 0
0.2551020408163265 -0.16 0
0.3061224489795918 -0.15 0
0.2551020408163266 -0.15 0
0.2551020408163265 -0.18 0
0.3061224489795918 -0.17 0
0.2551020408163266 -0.17 0
0.2551020408163265 -0.2 0
0.3061224489795918 -0.19 0
0.2551020408163266 -0.19 0
0.2551020408163265 -0.22 0
0.3061224489795918 -0.21 0
0.2551020408163266 -0.21 0
0.2551020408163265 -0.24 0
0.3061224489795918 -0.23 0
0.2551020408163266 -0.23 0
0.2551020408163265 -0.26 0
0.3061224489795918 -0.25 0
0.2551020408163266 -0.25 0
0.2551020408163265 -0.28 0
0.3061224489795918 -0.27 0
0.2551020408163266 -0.27 0
0.3061224489795918 -0.29 0
0.2551020408163266 -0.29 0
0.3571428571428571 -0.12 0
0.4081632653061224 -0.11 0
0.3571428571428571 -0.11 0
0.3571428571428571 -0.14 0
0.4081632653061224 -0.13 0
0.3571428571428571 -0.13 0
0.3571428571428571 -0.16 0
0.4081632653061224 -0.15 0
0.3571428571428571 -0.15 0
0.3571428571428571 -0.18 0
0.4081632653061224 -0.17 0
0.3571428571428571 -0.17 0
0.3571428571428571 -0.2 0
0.4081632653061224 -0.19 0
0.3571428571428571 -0.19 0
0.3571428571428571 -0.22 0
0.4081632653061224 -0.21 0
0.3571428571428571 -0.21 0
0.3571428571428571 -0.24 0
0.4081632653061224 -0.23 0
0.3571428571428571 -0.23 0
0.3571428571428571 -0.26 0
0.4081632653061224 -0.25 0
0.3571428571428571 -0.25 0
0.3571428571428571 -0.28 0
0.4081632653061224 -0.27 0
0.3571428571428571 -0.27 0
0.4081632653061224 -0.29 0
0.3571428571428571 -0.29 0
0.4591836734693877 -0.12 0
0.510204081632653 -0.11 0
0.4591836734693877 -0.11 0
0.4591836734693877 -0.14 0
0.510204081632653 -0.13 0
0.4591836734693877 -0.13 0
0.4591836734693877 -0.16 0
0.510204081632653 -0.15 0
0.4591836734693877 -0.15 0
0.4591836734693877 -0.18 0
0.510204081632653 -0.17 0
0.4591836734693877 -0.17 0
0.4591836734693877 -0.2 0
0.510204081632653 -0.19 0
0.4591836734693877 -0.19 0
0.4591836734693877 -0.22 0
0.510204081632653 -0.21 0
0.4591836734693877 -0.21 0
0.4591836734693877 -0.24 0
0.510204081632653 -0.23 0
0.4591836734693877 -0.23 0
0.4591836734693877 -0.26 0
0.510204081632653 -0.25 0
0.4591836734693877 -0.25 0
0.4591836734693877 -0.28 0
0.510204081632653 -0.27 0
0.4591836734693877 -0.27 0
0.510204081632653 -0.29 0
0.4591836734693877 -0.29 0
0.5612244897959183 -0.12 0
0.6122448979591837 -0.11 0
0.5612244897959183 -0.11 0
0.5612244897959183 -0.14 0
0.6122448979591837 -0.13 0
0.5612244897959183 -0.13 0
0.5612244897959183 -0.16 0
0.6122448979591837 -0.15 0
0.5612244897959183 -0.15 0
0.5612244897959183 -0.18 0
0.6122448979591837 -0.17 0
0.5612244897959183 -0.17 0
0.5612244897959183 -0.2 0
0.6122448979591837 -0.19 0
0.5612244897959183 -0.19 0
0.5612244897959183 -0.22 0
0.6122448979591837 -0.21 0
0.5612244897959183 -0.21 0
0.5612244897959183 -0.24 0
0.6122448979591837 -0.23 0
0.5612244897959183 -0.23 0
0.5612244897959183 -0.26 0
0.6122448979591837 -0.25 0
0.5612244897959183 -0.25 0
0.5612244897959183 -0.28 0
0.6122448979591837 -0.27 0
0.5612244897959183 -0.27 0
0.6122448979591837 -0.29 0
0.5612244897959183 -0.29 0
0.6632653061224489 -0.12 0
0.7142857142857142 -0.11 0
0.6632653061224489 -0.11 0
0.6632653061224489 -0.14 0
0.7142857142857142 -0.13 0
0.6632653061224489 -0.13 0
0.6632653061224489 -0.16 0
0.7142857142857142 -0.15 0
0.6632653061224489 -0.15 0
0.6632653061224489 -0.18 0
0.7142857142857142 -0.17 0
0.6632653061224489 -0.17 0
0.6632653061224489 -0.2 0
0.7142857142857142 -0.19 0
0.6632653061224489 -0.19 0
0.6632653061224489 -0.22 0
0.7142857142857142 -0.21 0
0.6632653061224489 -0.21 0
0.6632653061224489 -0.24 0
0.7142857142857142 -0.23 0
0.6632653061224489 -0.23 0
0.6632653061224489 -0.26 0
0.7142857142857142 -0.25 0
0.6632653061224489 -0.25 0
0.6632653061224489 -0.28 0
0.7142857142857142 -0.27 0
0.6632653061224489 -0.27 0
0.7142857142857142 -0.29 0
0.6632653061224489 -0.29 0
0.7653061224489794 -0.12 0
0.8163265306122448 -0.11 0
0.7653061224489794 -0.11 0
0.7653061224489794 -0.14 0
0.8163265306122448 -0.13 0
0.7653061224489794 -0.13 0
0.7653061224489794 -0.16 0
0.8163265306122448 -0.15 0
0.7653061224489794 -0.15 0
0.7653061224489794 -0.18 0
0.8163265306122448 -0.17 0
0.7653061224489794 -0.17 0
0.7653061224489794 -0.2 0
0.8163265306122448 -0.19 0
0.7653061224489794 -0.19 0
0.7653061224489794 -0.22 0
0.8163265306122448 -0.21 0
0.7653061224489794 -0.21 0
0.7653061224489794 -0.24 0
0.8163265306122448 -0.23 0
0.7653061224489794 -0.23 0
0.7653061224489794 -0.26 0
0.8163265306122448 -0.25 0
0.7653061224489794 -0.25 0
0.7653061224489794 -0.28 0
0.8163265306122448 -0.27 0
0.7653061224489794 -0.27 0
0.8163265306122448 -0.29 0
0.7653061224489794 -0.29 0
0.8673469387755102 -0.12 0
0.9183673469387754 -0.11 0
0.8673469387755102 -0.11 0
0.8673469387755102 -0.14 0
0.9183673469387754 -0.13 0
0.8673469387755102 -0.13 0
0.8673469387755102 -0.16 0
0.9183673469387754 -0.15 0
0.8673469387755102 -0.15 0
0.8673469387755102 -0.18 0
0.9183673469387754 -0.17 0
0.8673469387755102 -0.17 0
0.8673469387755102 -0.2 0
0.9183673469387754 -0.19 0
0.8673469387755102 -0.19 0
0.8673469387755102 -0.22 0
0.9183673469387754 -0.21 0
0.8673469387755102 -0.21 0
0.8673469387755102 -0.24 0
0.9183673469387754 -0.23 0
0.8673469387755102 -0.23 0
0.8673469387755102 -0.26 0
0.9183673469387754 -0.25 0
0.8673469387755102 -0.25 0
0.8673469387755102 -0.28 0
0.9183673469387754 -0.27 0
0.8673469387755102 -0.27 0
0.9183673469387754 -0.29 0
0.8673469387755102 -0.29 0
0.9693877551020407 -0.12 0
1.020408163265306 -0.11 0
0.9693877551020407 -0.11 0
0.9693877551020407 -0.14 0
1.020408163265306 -0.13 0
0.9693877551020407 -0.13 0
0.9693877551020407 -0.16 0
1.020408163265306 -0.15 0
0.9693877551020407 -0.15 0
0.9693877551020407 -0.18 0
1.020408163265306 -0.17 0
0.9693877551020407 -0.17 0
0.9693877551020407 -0.2 0
1.020408163265306 -0.19 0
0.9693877551020407 -0.19 0
0.9693877551020407 -0.22 0
1.020408163265306 -0.21 0
0.9693877551020407 -0.21 0
0.9693877551020407 -0.24 0
1.020408163265306 -0.23 0
0.9693877551020407 -0.23 0
0.9693877551020407 -0.26 0
1.020408163265306 -0.25 0
0.9693877551020407 -0.25 0
0.9693877551020407 -0.28 0
1.020408163265306 -0.27 0
0.9693877551020407 -0.27 0
1.020408163265306 -0.29 0
0.9693877551020407 -0.29 0
1.071428571428571 -0.12 0
1.122448979591837 -0.11 0
1.071428571428571 -0.11 0
1.071428571428571 -0.14 0
1.122448979591837 -0.13 0
1.071428571428571 -0.13 0
1.071428571428571 -0.16 0
1.122448979591837 -0.15 0
1.071428571428571 -0.15 0
1.071428571428571 -0.18 0
1.122448979591837 -0.17 0
1.071428571428571 -0.17 0
1.071428571428571 -0.2 0
1.122448979591837 -0.19 0
1.071428571428571 -0.19 0
1.071428571428571 -0.22 0
1.122448979591837 -0.21 0
1.071428571428571 -0.21 0
1.071428571428571 -0.24 0
1.122448979591837 -0.23 0
1.071428571428571 -0.23 0
1.071428571428571 -0.26 0
1.122448979591837 -0.25 0
1.071428571428571 -0.25 0
1.071428571428571 -0.28 0
1.122448979591837 -0.27 0
1.071428571428571 -0.27 0
1.122448979591837 -0.29 0
1.071428571428571 -0.29 0
1.173469387755102 -0.12 0
1.224489795918367 -0.11 0
1.173469387755102 -0.11 0
1.173469387755102 -0.14 0
1.224489795918367 -0.13 0
1.173469387755102 -0.13 0
1.173469387755102 -0.16 0
1.224489795918367 -0.15 0
1.173469387755102 -0.15 0
1.173469387755102 -0.18 0
1.224489795918367 -0.17 0
1.173469387755102 -0.17 0
1.173469387755102 -0.2 0
1.224489795918367 -0.19 0
1.173469387755102 -0.19 0
1.173469387755102 -0.22 0
1.224489795918367 -0.21 0
1.173469387755102 -0.21 0
1.173469387755102 -0.24 0
1.224489795918367 -0.23 0
1.173469387755102 -0.23 0
1.173469387755102 -0.26 0
1.224489795918367 -0.25 0
1.173469387755102 -0.25 0
1.173469387755102 -0.28 0
1.224489795918367 -0.27 0
1.173469387755102 -0.27 0
1.224489795918367 -0.29 0
1.173469387755102 -0.29 0
1.275510204081633 -0.12 0
1.326530612244898 -0.11 0
1.275510204081633 -0.11 0
1.275510204081633 -0.14 0
1.326530612244898 -0.13 0
1.275510204081633 -0.13 0
1.275510204081633 -0.16 0
1.326530612244898 -0.15 0
1.275510204081633 -0.15 0
1.275510204081633 -0.18 0
1.326530612244898 -0.17 0
1.275510204081633 -0.17 0
1.275510204081633 -0.2 0
1.326530612244898 -0.19 0
1.275510204081633 -0.19 0
1.275510204081633 -0.22 0
1.326530612244898 -0.21 0
1.275510204081633 -0.21 0
1.275510204081633 -0.24 0
1.326530612244898 -0.23 0
1.275510204081633 -0.23 0
1.275510204081633 -0.26 0
1.326530612244898 -0.25 0
1.275510204081633 -0.25 0
1.275510204081633 -0.28 0
1.326530612244898 -0.27 0
1.275510204081633 -0.27 0
1.326530612244898 -0.29 0
1.275510204081633 -0.29 0
1.377551020408163 -0.12 0
1.428571428571428 -0.11 0
1.377551020408163 -0.11 0
1.377551020408163 -0.14 0
1.428571428571428 -0.13 0
1.377551020408163 -0.13 0
1.377551020408163 -0.16 0
1.428571428571428 -0.15 0
1.377551020408163 -0.15 0
1.377551020408163 -0.18 0
1.428571428571428 -0.17 0
1.377551020408163 -0.17 0
1.377551020408163 -0.2 0
1.428571428571428 -0.19 0
1.377551020408163 -0.19 0
1.377551020408163 -0.22 0
1.428571428571428 -0.21 0
1.377551020408163 -0.21 0
1.377551020408163 -0.24 0
1.428571428571428 -0.23 0
1.377551020408163 -0.23 0
1.377551020408163 -0.26 0
1.428571428571428 -0.25 0
1.377551020408163 -0.25 0
1.377551020408163 -0.28 0
1.428571428571428 -0.27 0
1.377551020408163 -0.27 0
1.428571428571428 -0.29 0
1.377551020408163 -0.29 0
1.479591836734694 -0.12 0
1.530612244897959 -0.11 0
1.479591836734694 -0.11 0
1.479591836734694 -0.14 0
1.530612244897959 -0.13 0
1.479591836734694 -0.13 0
1.479591836734694 -0.16 0
1.530612244897959 -0.15 0
1.479591836734694 -0.15 0
1.479591836734694 -0.18 0
1.530612244897959 -0.17 0
1.479591836734694 -0.17 0
1.479591836734694 -0.2 0
1.530612244897959 -0.19 0
1.479591836734694 -0.19 0
1.479591836734694 -0.22 0
1.530612244897959 -0.21 0
1.479591836734694 -0.21 0
1.479591836734694 -0.24 0
1.530612244897959 -0.23 0
1.479591836734694 -0.23 0
1.479591836734694 -0.26 0
1.530612244897959 -0.25 0
1.479591836734694 -0.25 0
1.479591836734694 -0.28 0
1.530612244897959 -0.27 0
1.479591836734694 -0.27 0
1.530612244897959 -0.29 0
1.479591836734694 -0.29 0
1.581632653061224 -0.12 0
1.63265306122449 -0.11 0
1.581632653061224 -0.11 0
1.581632653061224 -0.14 0
1.63265306122449 -0.13 0
1.581632653061224 -0.13 0
1.581632653061224 -0.16 0
1.63265306122449 -0.15 0
1.581632653061224 -0.15 0
1.581632653061224 -0.18 0
1.63265306122449 -0.17 0
1.581632653061224 -0.17 0
1.581632653061224 -0.2 0
1.63265306122449 -0.19 0
1.581632653061224 -0.19 0
1.581632653061224 -0.22 0
1.63265306122449 -0.21 0
1.581632653061224 -0.21 0
1.581632653061224 -0.24 0
1.63265306122449 -0.23 0
1.581632653061224 -0.23 0
1.581632653061224 -0.26 0
1.63265306122449 -0.25 0
1.581632653061224 -0.25 0
1.581632653061224 -0.28 0
1.63265306122449 -0.27 0
1.581632653061224 -0.27 0
1.63265306122449 -0.29 0
1.581632653061224 -0.29 0
1.683673469387755 -0.12 0
1.73469387755102 -0.11 0
1.683673469387755 -0.11 0
1.683673469387755 -0.14 0
1.73469387755102 -0.13 0
1.683673469387755 -0.13 0
1.683673469387755 -0.16 0
1.73469387755102 -0.15 0
1.683673469387755 -0.15 0
1.683673469387755 -0.18 0
1.73469387755102 -0.17 0
1.683673469387755 -0.17 0
1.683673469387755 -0.2 0
1.73469387755102 -0.19 0
1.683673469387755 -0.19 0
1.683673469387755 -0.22 0
1.73469387755102 -0.21 0
1.683673469387755 -0.21 0
1.683673469387755 -0.24 0
1.73469387755102 -0.23 0
1.683673469387755 -0.23 0
1.683673469387755 -0.26 0
1.73469387755102 -0.25 0
1.683673469387755 -0.25 0
1.683673469387755 -0.28 0
1.73469387755102 -0.27 0
1.683673469387755 -0.27 0
1.73469387755102 -0.29 0
1.683673469387755 -0.29 0
1.785714285714286 -0.12 0
1.836734693877551 -0.11 0
1.785714285714286 -0.11 0
1.785714285714286 -0.14 0
1.836734693877551 -0.13 0
1.785714285714286 -0.13 0
1.785714285714286 -0.16 0
1.836734693877551 -0.15 0
1.785714285714286 -0.15 0
1.785714285714286 -0.18 0
1.836734693877551 -0.17 0
1.785714285714286 -0.17 0
1.785714285714286 -0.2 0
1.836734693877551 -0.19 0
1.785714285714286 -0.19 0
1.785714285714286 -0.22 0
1.836734693877551 -0.21 0
1.785714285714286 -0.21 0
1.785714285714286 -0.24 0
1.836734693877551 -0.23 0
1.785714285714286 -0.23 0
1.785714285714286 -0.26 0
1.836734693877551 -0.25 0
1.785714285714286 -0.25 0
1.785714285714286 -0.28 0
1.836734693877551 -0.27 0
1.785714285714286 -0.27 0
1.836734693877551 -0.29 0
1.785714285714286 -0.29 0
1.887755102040816 -0.12 0
1.938775510204082 -0.11 0
1.887755102040816 -0.11 0
1.887755102040816 -0.14 0
1.938775510204082 -0.13 0
1.887755102040816 -0.13 0
1.887755102040816 -0.16 0
1.938775510204082 -0.15 0
1.887755102040816 -0.15 0
1.887755102040816 -0.18 0
1.938775510204082 -0.17 0
1.887755102040816 -0.17 0
1.887755102040816 -0.2 0
1.938775510204082 -0.19 0
1.887755102040816 -0.19 0
1.887755102040816 -0.22 0
1.938775510204082 -0.21 0
1.887755102040816 -0.21 0
1.887755102040816 -0.24 0
1.938775510204082 -0.23 0
1.887755102040816 -0.23 0
1.887755102040816 -0.26 0
1.938775510204082 -0.25 0
1.887755102040816 -0.25 0
1.887755102040816 -0.28 0
1.938775510204082 -0.27 0
1.887755102040816 -0.27 0
1.938775510204082 -0.29 0
1.887755102040816 -0.29 0
1.989795918367347 -0.12 0
2.040816326530612 -0.11 0
1.989795918367347 -0.11 0
1.989795918367347 -0.14 0
2.040816326530612 -0.13 0
1.989795918367347 -0.13 0
1.989795918367347 -0.16 0
2.040816326530612 -0.15 0
1.989795918367347 -0.15 0
1.989795918367347 -0.18 0
2.040816326530612 -0.17 0
1.989795918367347 -0.17 0
1.989795918367347 -0.2 0
2.040816326530612 -0.19 0
1.989795918367347 -0.19 0
1.989795918367347 -0.22 0
2.040816326530612 -0.21 0
1.989795918367347 -0.21 0
1.989795918367347 -0.24 0
2.040816326530612 -0.23 0
1.989795918367347 -0.23 0
1.989795918367347 -0.26 0
2.040816326530612 -0.25 0
1.989795918367347 -0.25 0
1.989795918367347 -0.28 0
2.040816326530612 -0.27 0
1.989795918367347 -0.27 0
2.040816326530612 -0.29 0
1.989795918367347 -0.29 0
2.091836734693877 -0.12 0
2.142857142857143 -0.11 0
2.091836734693877 -0.11 0
2.091836734693877 -0.14 0
2.142857142857143 -0.13 0
2.091836734693877 -0.13 0
2.091836734693877 -0.16 0
2.142857142857143 -0.15 0
2.091836734693877 -0.15 0
2.091836734693877 -0.18 0
2.142857142857143 -0.17 0
2.091836734693877 -0.17 0
2.091836734693877 -0.2 0
2.142857142857143 -0.19 0
2.091836734693877 -0.19 0
2.091836734693877 -0.22 0
2.142857142857143 -0.21 0
2.091836734693877 -0.21 0
2.091836734693877 -0.24 0
2.142857142857143 -0.23 0
2.091836734693877 -0.23 0
2.091836734693877 -0.26 0
2.142857142857143 -0.25 0
2.091836734693877 -0.25 0
2.091836734693877 -0.28 0
2.142857142857143 -0.27 0
2.091836734693877 -0.27 0
2.142857142857143 -0.29 0
2.091836734693877 -0.29 0
2.193877551020408 -0.12 0
2.244897959183673 -0.11 0
2.193877551020408 -0.11 0
2.193877551020408 -0.14 0
2.244897959183673 -0.13 0
2.193877551020408 -0.13 0
2.193877551020408 -0.16 0
2.244897959183673 -0.15 0
2.193877551020408 -0.15 0
2.193877551020408 -0.18 0
2.244897959183673 -0.17 0
2.193877551020408 -0.17 0
2.193877551020408 -0.2 0
2.244897959183673 -0.19 0
2.193877551020408 -0.19 0
2.193877551020408 -0.22 0
2.244897959183673 -0.21 0
2.193877551020408 -0.21 0
2.193877551020408 -0.24 0
2.244897959183673 -0.23 0
2.193877551020408 -0.23 0
2.193877551020408 -0.26 0
2.244897959183673 -0.25 0
2.193877551020408 -0.25 0
2.193877551020408 -0.28 0
2.244897959183673 -0.27 0
2.193877551020408 -0.27 0
2.244897959183673 -0.29 0
2.193877551020408 -0.29 0
2.295918367346939 -0.12 0
2.346938775510204 -0.11 0
2.295918367346939 -0.11 0
2.295918367346939 -0.14 0
2.346938775510204 -0.13 0
2.295918367346939 -0.13 0
2.295918367346939 -0.16 0
2.346938775510204 -0.15 0
2.295918367346939 -0.15 0
2.295918367346939 -0.18 0
2.346938775510204 -0.17 0
2.295918367346939 -0.17 0
2.295918367346939 -0.2 0
2.346938775510204 -0.19 0
2.295918367346939 -0.19 0
2.295918367346939 -0.22 0
2.346938775510204 -0.21 0
2.295918367346939 -0.21 0
2.295918367346939 -0.24 0
2.346938775510204 -0.23 0
2.295918367346939 -0.23 0
2.295918367346939 -0.26 0
2.346938775510204 -0.25 0
2.295918367346939 -0.25 0
2.295918367346939 -0.28 0
2.346938775510204 -0.27 0
2.295918367346939 -0.27 0
2.346938775510204 -0.29 0
2.295918367346939 -0.29 0
2.397959183673469 -0.12 0
2.448979591836735 -0.11 0
2.397959183673469 -0.11 0
2.397959183673469 -0.14 0
2.448979591836735 -0.13 0
2.397959183673469 -0.13 0
2.397959183673469 -0.16 0
2.448979591836735 -0.15 0
2.397959183673469 -0.15 0
2.397959183673469 -0.18 0
2.448979591836735 -0.17 0
2.397959183673469 -0.17 0
2.397959183673469 -0.2 0
2.448979591836735 -0.19 0
2.397959183673469 -0.19 0
2.397959183673469 -0.22 0
2.448979591836735 -0.21 0
2.397959183673469 -0.21 0
2.397959183673469 -0.24 0
2.448979591836735 -0.23 0
2.397959183673469 -0.23 0
2.397959183673469 -0.26 0
2.448979591836735 -0.25 0
2.397959183673469 -0.25 0
2.397959183673469 -0.28 0
2.448979591836735 -0.27 0
2.397959183673469 -0.27 0
2.448979591836735 -0.29 0
2.397959183673469 -0.29 0
2.5 -0.12 0
2.551020408163265 -0.11 0
2.5 -0.11 0
2.5 -0.14 0
2.551020408163265 -0.13 0
2.5 -0.13 0
2.5 -0.16 0
2.551020408163265 -0.15 0
2.5 -0.15 0
2.5 -0.18 0
2.551020408163265 -0.17 0
2.5 -0.17 0
2.5 -0.2 0
2.551020408163265 -0.19 0
2.5 -0.19 0
2.5 -0.22 0
2.551020408163265 -0.21 0
2.5 -0.21 0
2.5 -0.24 0
2.551020408163265 -0.23 0
2.5 -0.23 0
2.5 -0.26 0
2.551020408163265 -0.25 0
2.5 -0.25 0
2.5 -0.28 0
2.551020408163265 -0.27 0
2.5 -0.27 0
2.551020408163265 -0.29 0
2.5 -0.29 0
2.602040816326531 -0.12 0
2.653061224489796 -0.11 0
2.602040816326531 -0.11 0
2.602040816326531 -0.14 0
2.653061224489796 -0.13 0
2.602040816326531 -0.13 0
2.602040816326531 -0.16 0
2.653061224489796 -0.15 0
2.602040816326531 -0.15 0
2.602040816326531 -0.18 0
2.653061224489796 -0.17 0
2.602040816326531 -0.17 0
2.602040816326531 -0.2 0
2.653061224489796 -0.19 0
2.602040816326531 -0.19 0
2.602040816326531 -0.22 0
2.653061224489796 -0.21 0
2.602040816326531 -0.21 0
2.602040816326531 -0.24 0
2.653061224489796 -0.23 0
2.602040816326531 -0.23 0
2.602040816326531 -0.26 0
2.653061224489796 -0.25 0
2.602040816326531 -0.25 0
2.602040816326531 -0.28 0
2.653061224489796 -0.27 0
2.602040816326531 -0.27 0
2.653061224489796 -0.29 0
2.602040816326531 -0.29 0
2.704081632653061 -0.12 0
2.755102040816326 -0.11 0
2.704081632653061 -0.11 0
2.704081632653061 -0.14 0
2.755102040816326 -0.13 0
2.704081632653061 -0.13 0
2.704081632653061 -0.16 0
2.755102040816326 -0.15 0
2.704081632653061 -0.15 0
2.704081632653061 -0.18 0
2.755102040816326 -0.17 0
2.704081632653061 -0.17 0
2.704081632653061 -0.2 0
2.755102040816326 -0.19 0
2.704081632653061 -0.19 0
2.704081632653061 -0.22 0
2.755102040816326 -0.21 0
2.704081632653061 -0.21 0
2.704081632653061 -0.24 0
2.755102040816326 -0.23 0
2.704081632653061 -0.23 0
2.704081632653061 -0.26 0
2.755102040816326 -0.25 0
2.704081632653061 -0.25 0
2.704081632653061 -0.28 0
2.755102040816326 -0.27 0
2.704081632653061 -0.27 0
2.755102040816326 -0.29 0
2.704081632653061 -0.29 0
2.806122448979592 -0.12 0
2.857142857142857 -0.11 0
2.806122448979592 -0.11 0
2.806122448979592 -0.14 0
2.857142857142857 -0.13 0
2.806122448979592 -0.13 0
2.806122448979592 -0.16 0
2.857142857142857 -0.15 0
2.806122448979592 -0.15 0
2.806122448979592 -0.18 0
2.857142857142857 -0.17 0
2.806122448979592 -0.17 0
2.806122448979592 -0.2 0
2.857142857142857 -0.19 0
2.806122448979592 -0.19 0
2.806122448979592 -0.22 0
2.857142857142857 -0.21 0
2.806122448979592 -0.21 0
2.806122448979592 -0.24 0
2.857142857142857 -0.23 0
2.806122448979592 -0.23 0
2.806122448979592 -0.26 0
2.857142857142857 -0.25 0
2.806122448979592 -0.25 0
2.806122448979592 -0.28 0
2.857142857142857 -0.27 0
2.806122448979592 -0.27 0
2.857142857142857 -0.29 0
2.806122448979592 -0.29 0
2.908163265306122 -0.12 0
2.959183673469388 -0.11 0
2.908163265306122 -0.11 0
2.908163265306122 -0.14 0
2.959183673469388 -0.13 0
2.908163265306122 -0.13 0
2.908163265306122 -0.16 0
2.959183673469388 -0.15 0
2.908163265306122 -0.15 0
2.908163265306122 -0.18 0
2.959183673469388 -0.17 0
2.908163265306122 -0.17 0
2.908163265306122 -0.2 0
2.959183673469388 -0.19 0
2.908163265306122 -0.19 0
2.908163265306122 -0.22 0
2.959183673469388 -0.21 0
2.908163265306122 -0.21 0
2.908163265306122 -0.24 0
2.959183673469388 -0.23 0
2.908163265306122 -0.23 0
2.908163265306122 -0.26 0
2.959183673469388 -0.25 0
2.908163265306122 -0.25 0
2.908163265306122 -0.28 0
2.959183673469388 -0.27 0
2.908163265306122 -0.27 0
2.959183673469388 -0.29 0
2.908163265306122 -0.29 0
3.010204081632653 -0.12 0
3.061224489795918 -0.11 0
3.010204081632653 -0.11 0
3.010204081632653 -0.14 0
3.061224489795918 -0.13 0
3.010204081632653 -0.13 0
3.010204081632653 -0.16 0
3.061224489795918 -0.15 0
3.010204081632653 -0.15 0
3.010204081632653 -0.18 0
3.061224489795918 -0.17 0
3.010204081632653 -0.17 0
3.010204081632653 -0.2 0
3.061224489795918 -0.19 0
3.010204081632653 -0.19 0
3.010204081632653 -0.22 0
3.061224489795918 -0.21 0
3.010204081632653 -0.21 0
3.010204081632653 -0.24 0
3.061224489795918 -0.23 0
3.010204081632653 -0.23 0
3.010204081632653 -0.26 0
3.061224489795918 -0.25 0
3.010204081632653 -0.25 0
3.010204081632653 -0.28 0
3.061224489795918 -0.27 0
3.010204081632653 -0.27 0
3.061224489795918 -0.29 0
3.010204081632653 -0.29 0
3.112244897959183 -0.12 0
3.163265306122449 -0.11 0
3.112244897959183 -0.11 0
3.112244897959183 -0.14 0
3.163265306122449 -0.13 0
3.112244897959183 -0.13 0
3.112244897959183 -0.16 0
3.163265306122449 -0.15 0
3.112244897959183 -0.15 0
3.112244897959183 -0.18 0
3.163265306122449 -0.17 0
3.112244897959183 -0.17 0
3.112244897959183 -0.2 0
3.163265306122449 -0.19 0
3.112244897959183 -0.19 0
3.112244897959183 -0.22 0
3.163265306122449 -0.21 0
3.112244897959183 -0.21 0
3.112244897959183 -0.24 0
3.163265306122449 -0.23 0
3.112244897959183 -0.23 0
3.112244897959183 -0.26 0
3.163265306122449 -0.25 0
3.112244897959183 -0.25 0
3.112244897959183 -0.28 0
3.163265306122449 -0.27 0
3.112244897959183 -0.27 0
3.163265306122449 -0.29 0
3.112244897959183 -0.29 0
3.214285714285714 -0.12 0
3.265306122448979 -0.11 0
3.214285714285714 -0.11 0
3.214285714285714 -0.14 0
3.265306122448979 -0.13 0
3.214285714285714 -0.13 0
3.214285714285714 -0.16 0
3.265306122448979 -0.15 0
3.214285714285714 -0.15 0
3.214285714285714 -0.18 0
3.265306122448979 -0.17 0
3.214285714285714 -0.17 0
3.214285714285714 -0.2 0
3.265306122448979 -0.19 0
3.214285714285714 -0.19 0
3.214285714285714 -0.22 0
3.265306122448979 -0.21 0
3.214285714285714 -0.21 0
3.214285714285714 -0.24 0
3.265306122448979 -0.23 0
3.214285714285714 -0.23 0
3.214285714285714 -0.26 0
3.265306122448979 -0.25 0
3.214285714285714 -0.25 0
3.214285714285714 -0.28 0
3.265306122448979 -0.27 0
3.214285714285714 -0.27 0
3.265306122448979 -0.29 0
3.214285714285714 -0.29 0
3.316326530612245 -0.12 0
3.36734693877551 -0.11 0
3.316326530612245 -0.11 0
3.316326530612245 -0.14 0
3.36734693877551 -0.13 0
3.316326530612245 -0.13 0
3.316326530612245 -0.16 0
3.36734693877551 -0.15 0
3.316326530612245 -0.15 0
3.316326530612245 -0.18 0
3.36734693877551 -0.17 0
3.316326530612245 -0.17 0
3.316326530612245 -0.2 0
3.36734693877551 -0.19 0
3.316326530612245 -0.19 0
3.316326530612245 -0.22 0
3.36734693877551 -0.21 0
3.316326530612245 -0.21 0
3.316326530612245 -0.24 0
3.36734693877551 -0.23 0
3.316326530612245 -0.23 0
3.316326530612245 -0.26 0
3.36734693877551 -0.25 0
3.316326530612245 -0.25 0
3.316326530612245 -0.28 0
3.36734693877551 -0.27 0
3.316326530612245 -0.27 0
3.36734693877551 -0.29 0
3.316326530612245 -0.29 0
3.418367346938775 -0.12 0
3.469387755102041 -0.11 0
3.418367346938775 -0.11 0
3.418367346938775 -0.14 0
3.469387755102041 -0.13 0
3.418367346938775 -0.13 0
3.418367346938775 -0.16 0
3.469387755102041 -0.15 0
3.418367346938775 -0.15 0
3.418367346938775 -0.18 0
3.469387755102041 -0.17 0
3.418367346938775 -0.17 0
3.418367346938775 -0.2 0
3.469387755102041 -0.19 0
3.418367346938775 -0.19 0
3.418367346938775 -0.22 0
3.469387755102041 -0.21 0
3.418367346938775 -0.21 0
3.418367346938775 -0.24 0
3.469387755102041 -0.23 0
3.418367346938775 -0.23 0
3.418367346938775 -0.26 0
3.469387755102041 -0.25 0
3.418367346938775 -0.25 0
3.418367346938775 -0.28 0
3.469387755102041 -0.27 0
3.418367346938775 -0.27 0
3.469387755102041 -0.29 0
3.418367346938775 -0.29 0
3.520408163265306 -0.12 0
3.571428571428571 -0.11 0
3.520408163265306 -0.11 0
3.520408163265306 -0.14 0
3.571428571428571 -0.13 0
3.520408163265306 -0.13 0
3.520408163265306 -0.16 0
3.571428571428571 -0.15 0
3.520408163265306 -0.15 0
3.520408163265306 -0.18 0
3.571428571428571 -0.17 0
3.520408163265306 -0.17 0
3.520408163265306 -0.2 0
3.571428571428571 -0.19 0
3.520408163265306 -0.19 0
3.520408163265306 -0.22 0
3.571428571428571 -0.21 0
3.520408163265306 -0.21 0
3.520408163265306 -0.24 0
3.571428571428571 -0.23 0
3.520408163265306 -0.23 0
3.520408163265306 -0.26 0
3.571428571428571 -0.25 0
3.520408163265306 -0.25 0
3.520408163265306 -0.28 0
3.571428571428571 -0.27 0
3.520408163265306 -0.27 0
3.571428571428571 -0.29 0
3.520408163265306 -0.29 0
3.622448979591836 -0.12 0
3.673469387755102 -0.11 0
3.622448979591836 -0.11 0
3.622448979591836 -0.14 0
3.673469387755102 -0.13 0
3.622448979591836 -0.13 0
3.622448979591836 -0.16 0
3.673469387755102 -0.15 0
3.622448979591836 -0.15 0
3.622448979591836 -0.18 0
3.673469387755102 -0.17 0
3.622448979591836 -0.17 0
3.622448979591836 -0.2 0
3.673469387755102 -0.19 0
3.622448979591836 -0.19 0
3.622448979591836 -0.22 0
3.673469387755102 -0.21 0
3.622448979591836 -0.21 0
3.622448979591836 -0.24 0
3.673469387755102 -0.23 0
3.622448979591836 -0.23 0
3.622448979591836 -0.26 0
3.673469387755102 -0.25 0
3.622448979591836 -0.25 0
3.622448979591836 -0.28 0
3.673469387755102 -0.27 0
3.622448979591836 -0.27 0
3.673469387755102 -0.29 0
3.622448979591836 -0.29 0
3.724489795918367 -0.12 0
3.775510204081632 -0.11 0
3.724489795918367 -0.11 0
3.724489795918367 -0.14 0
3.775510204081632 -0.13 0
3.724489795918367 -0.13 0
3.724489795918367 -0.16 0
3.775510204081632 -0.15 0
3.724489795918367 -0.15 0
3.724489795918367 -0.18 0
3.775510204081632 -0.17 0
3.724489795918367 -0.17 0
3.724489795918367 -0.2 0
3.775510204081632 -0.19 0
3.724489795918367 -0.19 0
3.724489795918367 -0.22 0
3.775510204081632 -0.21 0
3.724489795918367 -0.21 0
3.724489795918367 -0.24 0
3.775510204081632 -0.23 0
3.724489795918367 -0.23 0
3.724489795918367 -0.26 0
3.775510204081632 -0.25 0
3.724489795918367 -0.25 0
3.724489795918367 -0.28 0
3.775510204081632 -0.27 0
3.724489795918367 -0.27 0
3.775510204081632 -0.29 0
3.724489795918367 -0.29 0
3.826530612244897 -0.12 0
3.877551020408163 -0.11 0
3.826530612244897 -0.11 0
3.826530612244897 -0.14 0
3.877551020408163 -0.13 0
3.826530612244897 -0.13 0
3.826530612244897 -0.16 0
3.877551020408163 -0.15 0
3.826530612244897 -0.15 0
3.826530612244897 -0.18 0
3.877551020408163 -0.17 0
3.826530612244897 -0.17 0
3.826530612244897 -0.2 0
3.877551020408163 -0.19 0
3.826530612244897 -0.19 0
3.826530612244897 -0.22 0
3.877551020408163 -0.21 0
3.826530612244897 -0.21 0
3.826530612244897 -0.24 0
3.877551020408163 -0.23 0
3.826530612244897 -0.23 0
3.826530612244897 -0.26 0
3.877551020408163 -0.25 0
3.826530612244897 -0.25 0
3.826530612244897 -0.28 0
3.877551020408163 -0.27 0
3.826530612244897 -0.27 0
3.877551020408163 -0.29 0
3.826530612244897 -0.29 0
3.928571428571428 -0.12 0
3.979591836734693 -0.11 0
3.928571428571428 -0.11 0
3.928571428571428 -0.14 0
3.979591836734693 -0.13 0
3.928571428571428 -0.13 0
3.928571428571428 -0.16 0
3.979591836734693 -0.15 0
3.928571428571428 -0.15 0
3.928571428571428 -0.18 0
3.979591836734693 -0.17 0
3.928571428571428 -0.17 0
3.928571428571428 -0.2 0
3.979591836734693 -0.19 0
3.928571428571428 -0.19 0
3.928571428571428 -0.22 0
3.979591836734693 -0.21 0
3.928571428571428 -0.21 0
3.928571428571428 -0.24 0
3.979591836734693 -0.23 0
3.928571428571428 -0.23 0
3.928571428571428 -0.26 0
3.979591836734693 -0.25 0
3.928571428571428 -0.25 0
3.928571428571428 -0.28 0
3.979591836734693 -0.27 0
3.928571428571428 -0.27 0
3.979591836734693 -0.29 0
3.928571428571428 -0.29 0
4.030612244897958 -0.12 0
4.081632653061224 -0.11 0
4.030612244897958 -0.11 0
4.030612244897958 -0.14 0
4.081632653061224 -0.13 0
4.030612244897958 -0.13 0
4.030612244897958 -0.16 0
4.081632653061224 -0.15 0
4.030612244897958 -0.15 0
4.030612244897958 -0.18 0
4.081632653061224 -0.17 0
4.030612244897958 -0.17 0
4.030612244897958 -0.2 0
4.081632653061224 -0.19 0
4.030612244897958 -0.19 0
4.030612244897958 -0.22 0
4.081632653061224 -0.21 0
4.030612244897958 -0.21 0
4.030612244897958 -0.24 0
4.081632653061224 -0.23 0
4.030612244897958 -0.23 0
4.030612244897958 -0.26 0
4.081632653061224 -0.25 0
4.030612244897958 -0.25 0
4.030612244897958 -0.28 0
4.081632653061224 -0.27 0
4.030612244897958 -0.27 0
4.081632653061224 -0.29 0
4.030612244897958 -0.29 0
4.13265306122449 -0.12 0
4.183673469387755 -0.11 0
4.13265306122449 -0.11 0
4.13265306122449 -0.14 0
4.183673469387755 -0.13 0
4.13265306122449 -0.13 0
4.13265306122449 -0.16 0
4.183673469387755 -0.15 0
4.13265306122449 -0.15 0
4.13265306122449 -0.18 0
4.183673469387755 -0.17 0
4.13265306122449 -0.17 0
4.13265306122449 -0.2 0
4.183673469387755 -0.19 0
4.13265306122449 -0.19 0
4.13265306122449 -0.22 0
4.183673469387755 -0.21 0
4.13265306122449 -0.21 0
4.13265306122449 -0.24 0
4.183673469387755 -0.23 0
4.13265306122449 -0.23 0
4.13265306122449 -0.26 0
4.183673469387755 -0.25 0
4.13265306122449 -0.25 0
4.13265306122449 -0.28 0
4.183673469387755 -0.27 0
4.13265306122449 -0.27 0
4.183673469387755 -0.29 0
4.13265306122449 -0.29 0
4.23469387755102 -0.12 0
4.285714285714286 -0.11 0
4.23469387755102 -0.11 0
4.23469387755102 -0.14 0
4.285714285714286 -0.13 0
4.23469387755102 -0.13 0
4.23469387755102 -0.16 0
4.285714285714286 -0.15 0
4.23469387755102 -0.15 0
4.23469387755102 -0.18 0
4.285714285714286 -0.17 0
4.23469387755102 -0.17 0
4.23469387755102 -0.2 0
4.285714285714286 -0.19 0
4.23469387755102 -0.19 0
4.23469387755102 -0.22 0
4.285714285714286 -0.21 0
4.23469387755102 -0.21 0
4.23469387755102 -0.24 0
4.285714285714286 -0.23 0
4.23469387755102 -0.23 0
4.23469387755102 -0.26 0
4.285714285714286 -0.25 0
4.23469387755102 -0.25 0
4.23469387755102 -0.28 0
4.285714285714286 -0.27 0
4.23469387755102 -0.27 0
4.285714285714286 -0.29 0
4.23469387755102 -0.29 0
4.336734693877551 -0.12 0
4.387755102040816 -0.11 0
4.336734693877551 -0.11 0
4.336734693877551 -0.14 0
4.387755102040816 -0.13 0
4.336734693877551 -0.13 0
4.336734693877551 -0.16 0
4.387755102040816 -0.15 0
4.336734693877551 -0.15 0
4.336734693877551 -0.18 0
4.387755102040816 -0.17 0
4.336734693877551 -0.17 0
4.336734693877551 -0.2 0
4.387755102040816 -0.19 0
4.336734693877551 -0.19 0
4.336734693877551 -0.22 0
4.387755102040816 -0.21 0
4.336734693877551 -0.21 0
4.336734693877551 -0.24 0
4.387755102040816 -0.23 0
4.336734693877551 -0.23 0
4.336734693877551 -0.26 0
4.387755102040816 -0.25 0
4.336734693877551 -0.25 0
4.336734693877551 -0.28 0
4.387755102040816 -0.27 0
4.336734693877551 -0.27 0
4.387755102040816 -0.29 0
4.336734693877551 -0.29 0
4.438775510204081 -0.12 0
4.489795918367347 -0.11 0
4.438775510204081 -0.11 0
4.438775510204081 -0.14 0
4.489795918367347 -0.13 0
4.438775510204081 -0.13 0
4.438775510204081 -0.16 0
4.489795918367347 -0.15 0
4.438775510204081 -0.15 0
4.438775510204081 -0.18 0
4.489795918367347 -0.17 0
4.438775510204081 -0.17 0
4.438775510204081 -0.2 0
4.489795918367347 -0.19 0
4.438775510204081 -0.19 0
4.438775510204081 -0.22 0
4.489795918367347 -0.21 0
4.438775510204081 -0.21 0
4.438775510204081 -0.24 0
4.489795918367347 -0.23 0
4.438775510204081 -0.23 0
4.438775510204081 -0.26 0
4.489795918367347 -0.25 0
4.438775510204081 -0.25 0
4.438775510204081 -0.28 0
4.489795918367347 -0.27 0
4.438775510204081 -0.27 0
4.489795918367347 -0.29 0
4.438775510204081 -0.29 0
4.540816326530612 -0.12 0
4.591836734693877 -0.11 0
4.540816326530612 -0.11 0
4.540816326530612 -0.14 0
4.591836734693877 -0.13 0
4.540816326530612 -0.13 0
4.540816326530612 -0.16 0
4.591836734693877 -0.15 0
4.540816326530612 -0.15 0
4.540816326530612 -0.18 0
4.591836734693877 -0.17 0
4.540816326530612 -0.17 0
4.540816326530612 -0.2 0
4.591836734693877 -0.19 0
4.540816326530612 -0.19 0
4.540816326530612 -0.22 0
4.591836734693877 -0.21 0
4.540816326530612 -0.21 0
4.540816326530612 -0.24 0
4.591836734693877 -0.23 0
4.540816326530612 -0.23 0
4.540816326530612 -0.26 0
4.591836734693877 -0.25 0
4.540816326530612 -0.25 0
4.540816326530612 -0.28 0
4.591836734693877 -0.27 0
4.540816326530612 -0.27 0
4.591836734693877 -0.29 0
4.540816326530612 -0.29 0
4.642857142857142 -0.12 0
4.693877551020408 -0.11 0
4.642857142857142 -0.11 0
4.642857142857142 -0.14 0
4.693877551020408 -0.13 0
4.642857142857142 -0.13 0
4.642857142857142 -0.16 0
4.693877551020408 -0.15 0
4.642857142857142 -0.15 0
4.642857142857142 -0.18 0
4.693877551020408 -0.17 0
4.642857142857142 -0.17 0
4.642857142857142 -0.2 0
4.693877551020408 -0.19 0
4.642857142857142 -0.19 0
4.642857142857142 -0.22 0
4.693877551020408 -0.21 0
4.642857142857142 -0.21 0
4.642857142857142 -0.24 0
4.693877551020408 -0.23 0
4.642857142857142 -0.23 0
4.642857142857142 -0.26 0
4.693877551020408 -0.25 0
4.642857142857142 -0.25 0
4.642857142857142 -0.28 0
4.693877551020408 -0.27 0
4.642857142857142 -0.27 0
4.693877551020408 -0.29 0
4.642857142857142 -0.29 0
4.744897959183673 -0.12 0
4.795918367346939 -0.11 0
4.744897959183673 -0.11 0
4.744897959183673 -0.14 0
4.795918367346939 -0.13 0
4.744897959183673 -0.13 0
4.744897959183673 -0.16 0
4.795918367346939 -0.15 0
4.744897959183673 -0.15 0
4.744897959183673 -0.18 0
4.795918367346939 -0.17 0
4.744897959183673 -0.17 0
4.744897959183673 -0.2 0
4.795918367346939 -0.19 0
4.744897959183673 -0.19 0
4.744897959183673 -0.22 0
4.795918367346939 -0.21 0
4.744897959183673 -0.21 0
4.744897959183673 -0.24 0
4.795918367346939 -0.23 0
4.744897959183673 -0.23 0
4.744897959183673 -0.26 0
4.795918367346939 -0.25 0
4.744897959183673 -0.25 0
4.744897959183673 -0.28 0
4.795918367346939 -0.27 0
4.744897959183673 -0.27 0
4.795918367346939 -0.29 0
4.744897959183673 -0.29 0
4.846938775510204 -0.12 0
4.897959183673469 -0.11 0
4.846938775510204 -0.11 0
4.846938775510204 -0.14 0
4.897959183673469 -0.13 0
4.846938775510204 -0.13 0
4.846938775510204 -0.16 0
4.897959183673469 -0.15 0
4.846938775510204 -0.15 0
4.846938775510204 -0.18 0
4.897959183673469 -0.17 0
4.846938775510204 -0.17 0
4.846938775510204 -0.2 0
4.897959183673469 -0.19 0
4.846938775510204 -0.19 0
4.846938775510204 -0.22 0
4.897959183673469 -0.21 0
4.846938775510204 -0.21 0
4.846938775510204 -0.24 0
4.897959183673469 -0.23 0
4.846938775510204 -0.23 0
4.846938775510204 -0.26 0
4.897959183673469 -0.25 0
4.846938775510204 -0.25 0
4.846938775510204 -0.28 0
4.897959183673469 -0.27 0
4.846938775510204 -0.27 0
4.897959183673469 -0.29 0
4.846938775510204 -0.29 0
4.948979591836735 -0.12 0
4.948979591836735 -0.11 0
4.948979591836735 -0.14 0
4.948979591836735 -0.13 0
4.948979591836735 -0.16 0
4.948979591836735 -0.15 0
4.948979591836735 -0.18 0
4.948979591836735 -0.17 0
4.948979591836735 -0.2 0
4.948979591836735 -0.19 0
4.948979591836735 -0.22 0
4.948979591836735 -0.21 0
4.948979591836735 -0.24 0
4.948979591836735 -0.23 0
4.948979591836735 -0.26 0
4.948979591836735 -0.25 0
4.948979591836735 -0.28 0
4.948979591836735 -0.27 0
4.948979591836735 -0.29 0
2 7 0 873
6856
6857
6858
6859
6860
6861
6862
6863
6864
6865
6866
6867
6868
6869
6870
6871
6872
6873
6874
6875
6876
6877
6878
6879
6880
6881
6882
6883
6884
6885
6886
6887
6888
6889
6890
6891
6892
6893
6894
6895
6896
6897
6898
6899
6900
6901
6902
6903
6904
6905
6906
6907
6908
6909
6910
6911
6912
6913
6914
6915
6916
6917
6918
6919
6920
6921
6922
6923
6924
6925
6926
6927
6928
6929
6930
6931
6932
6933
6934
6935
6936
6937
6938
6939
6940
6941
6942
6943
6944
6945
6946
6947
6948
6949
6950
6951
6952
6953
6954
6955
6956
6957
6958
6959
6960
6961
6962
6963
6964
6965
6966
6967
6968
6969
6970
6971
6972
6973
6974
6975
6976
6977
6978
6979
6980
6981
6982
6983
6984
6985
6986
6987
6988
6989
6990
6991
6992
6993
6994
6995
6996
6997
6998
6999
7000
7001
7002
7003
7004
7005
7006
7007
7008
7009
7010
7011
7012
7013
7014
7015
7016
7017
7018
7019
7020
7021
7022
7023
7024
7025
7026
7027
7028
7029
7030
7031
7032
7033
7034
7035
7036
7037
7038
7039
7040
7041
7042
7043
7044
7045
7046
7047
7048
7049
7050
7051
7052
7053
7054
7055
7056
7057
7058
7059
7060
7061
7062
7063
7064
7065
7066
7067
7068
7069
7070
7071
7072
7073
7074
7075
7076
7077
7078
7079
7080
7081
7082
7083
7084
7085
7086
7087
7088
7089
7090
7091
7092
7093
7094
7095
7096
7097
7098
7099
7100
7101
7102
7103
7104
7105
7106
7107
7108
7109
7110
7111
7112
7113
7114
7115
7116
7117
7118
7119
7120
7121
7122
7123
7124
7125
7126
7127
7128
7129
7130
7131
7132
7133
7134
7135
7136
7137
7138
7139
7140
7141
7142
7143
7144
7145
7146
7147
7148
7149
7150
7151
7152
7153
7154
7155
7156
7157
7158
7159
7160
7161
7162
7163
7164
7165
7166
7167
7168
7169
7170
7171
7172
7173
7174
7175
7176
7177
7178
7179
7180
7181
7182
7183
7184
7185
7186
7187
7188
7189
7190
7191
7192
7193
7194
7195
7196
7197
7198
7199
7200
7201
7202
7203
7204
7205
7206
7207
7208
7209
7210
7211
7212
7213
7214
7215
7216
7217
7218
7219
7220
7221
7222
7223
7224
7225
7226
7227
7228
7229
7230
7231
7232
7233
7234
7235
7236
7237
7238
7239
7240
7241
7242
7243
7244
7245
7246
7247
7248
7249
7250
7251
7252
7253
7254
7255
7256
7257
7258
7259
7260
7261
7262
7263
7264
7265
7266
7267
7268
7269
7270
7271
7272
7273
7274
7275
7276
7277
7278
7279
7280
7281
7282
7283
7284
7285
7286
7287
7288
7289
7290
7291
7292
7293
7294
7295
7296
7297
7298
7299
7300
7301
7302
7303
7304
7305
7306
7307
7308
7309
7310
7311
7312
7313
7314
7315
7316
7317
7318
7319
7320
7321
7322
7323
7324
7325
7326
7327
7328
7329
7330
7331
7332
7333
7334
7335
7336
7337
7338
7339
7340
7341
7342
7343
7344
7345
7346
7347
7348
7349
7350
7351
7352
7353
7354
7355
7356
7357
7358
7359
7360
7361
7362
7363
7364
7365
7366
7367
7368
7369
7370
7371
7372
7373
7374
7375
7376
7377
7378
7379
7380
7381
7382
7383
7384
7385
7386
7387
7388
7389
7390
7391
7392
7393
7394
7395
7396
7397
7398
7399
7400
7401
7402
7403
7404
7405
7406
7407
7408
7409
7410
7411
7412
7413
7414
7415
7416
7417
7418
7419
7420
7421
7422
7423
7424
7425
7426
7427
7428
7429
7430
7431
7432
7433
7434
7435
7436
7437
7438
7439
7440
7441
7442
7443
7444
7445
7446
7447
7448
7449
7450
7451
7452
7453
7454
7455
7456
7457
7458
7459
7460
7461
7462
7463
7464
7465
7466
7467
7468
7469
7470
7471
7472
7473
7474
7475
7476
7477
7478
7479
7480
7481
7482
7483
7484
7485
7486
7487
7488
7489
7490
7491
7492
7493
7494
7495
7496
7497
7498
7499
7500
7501
7502
7503
7504
7505
7506
7507
7508
7509
7510
7511
7512
7513
7514
7515
7516
7517
7518
7519
7520
7521
7522
7523
7524
7525
7526
7527
7528
7529
7530
7531
7532
7533
7534
7535
7536
7537
7538
7539
7540
7541
7542
7543
7544
7545
7546
7547
7548
7549
7550
7551
7552
7553
7554
7555
7556
7557
7558
7559
7560
7561
7562
7563
7564
7565
7566
7567
7568
7569
7570
7571
7572
7573
7574
7575
7576
7577
7578
7579
7580
7581
7582
7583
7584
7585
7586
7587
7588
7589
7590
7591
7592
7593
7594
7595
7596
7597
7598
7599
7600
7601
7602
7603
7604
7605
7606
7607
7608
7609
7610
7611
7612
7613
7614
7615
7616
7617
7618
7619
7620
7621
7622
7623
7624
7625
7626
7627
7628
7629
7630
7631
7632
7633
7634
7635
7636
7637
7638
7639
7640
7641
7642
7643
7644
7645
7646
7647
7648
7649
7650
7651
7652
7653
7654
7655
7656
7657
7658
7659
7660
7661
7662
7663
7664
7665
7666
7667
7668
7669
7670
7671
7672
7673
7674
7675
7676
7677
7678
7679
7680
7681
7682
7683
7684
7685
7686
7687
7688
7689
7690
7691
7692
7693
7694
7695
7696
7697
7698
7699
7700
7701
7702
7703
7704
7705
7706
7707
7708
7709
7710
7711
7712
7713
7714
7715
7716
7717
7718
7719
7720
7721
7722
7723
7724
7725
7726
7727
7728
0.1020408163265306 -0.3400000000000001 0
0.1020408163265306 -0.3800000000000001 0
0.1020408163265306 -0.42 0
0.1020408163265306 -0.4600000000000001 0
0.2040816326530612 -0.3400000000000001 0
0.2040816326530612 -0.3800000000000001 0
0.2040816326530612 -0.42 0
0.2040816326530612 -0.4600000000000001 0
0.3061224489795918 -0.3400000000000001 0
0.3061224489795918 -0.3800000000000001 0
0.3061224489795918 -0.42 0
0.3061224489795918 -0.4600000000000001 0
0.4081632653061224 -0.3400000000000001 0
0.4081632653061224 -0.3800000000000001 0
0.4081632653061224 -0.42 0
0.4081632653061224 -0.4600000000000001 0
0.510204081632653 -0.3400000000000001 0
0.510204081632653 -0.3800000000000001 0
0.510204081632653 -0.42 0
0.510204081632653 -0.4600000000000001 0
0.6122448979591837 -0.3400000000000001 0
0.6122448979591837 -0.3800000000000001 0
0.6122448979591837 -0.42 0
0.6122448979591837 -0.4600000000000001 0
0.7142857142857142 -0.3400000000000001 0
0.7142857142857142 -0.3800000000000001 0
0.7142857142857142 -0.42 0
0.7142857142857142 -0.4600000000000001 0
0.8163265306122448 -0.3400000000000001 0
0.8163265306122448 -0.3800000000000001 0
0.8163265306122448 -0.42 0
0.8163265306122448 -0.4600000000000001 0
0.9183673469387754 -0.3400000000000001 0
0.9183673469387754 -0.3800000000000001 0
0.9183673469387754 -0.42 0
0.9183673469387754 -0.4600000000000001 0
1.020408163265306 -0.3400000000000001 0
1.020408163265306 -0.3800000000000001 0
1.020408163265306 -0.42 0
1.020408163265306 -0.4600000000000001 0
1.122448979591837 -0.3400000000000001 0
1.122448979591837 -0.3800000000000001 0
1.122448979591837 -0.42 0
1.122448979591837 -0.4600000000000001 0
1.224489795918367 -0.3400000000000001 0
1.224489795918367 -0.3800000000000001 0
1.224489795918367 -0.42 0
1.224489795918367 -0.4600000000000001 0
1.326530612244898 -0.3400000000000001 0
1.326530612244898 -0.3800000000000001 0
1.326530612244898 -0.42 0
1.326530612244898 -0.4600000000000001 0
1.428571428571428 -0.3400000000000001 0
1.428571428571428 -0.3800000000000001 0
1.428571428571428 -0.42 0
1.428571428571428 -0.4600000000000001 0
1.530612244897959 -0.3400000000000001 0
1.530612244897959 -0.3800000000000001 0
1.530612244897959 -0.42 0
1.530612244897959 -0.4600000000000001 0
1.63265306122449 -0.3400000000000001 0
1.63265306122449 -0.3800000000000001 0
1.63265306122449 -0.42 0
1.63265306122449 -0.4600000000000001 0
1.73469387755102 -0.3400000000000001 0
1.73469387755102 -0.3800000000000001 0
1.73469387755102 -0.42 0
1.73469387755102 -0.4600000000000001 0
1.836734693877551 -0.3400000000000001 0
1.836734693877551 -0.3800000000000001 0
1.836734693877551 -0.42 0
1.836734693877551 -0.4600000000000001 0
1.938775510204082 -0.3400000000000001 0
1.938775510204082 -0.3800000000000001 0
1.938775510204082 -0.42 0
1.938775510204082 -0.4600000000000001 0
2.040816326530612 -0.3400000000000001 0
2.040816326530612 -0.3800000000000001 0
2.040816326530612 -0.42 0
2.040816326530612 -0.4600000000000001 0
2.142857142857143 -0.3400000000000001 0
2.142857142857143 -0.3800000000000001 0
2.142857142857143 -0.42 0
2.142857142857143 -0.4600000000000001 0
2.244897959183673 -0.3400000000000001 0
2.244897959183673 -0.3800000000000001 0
2.244897959183673 -0.42 0
2.244897959183673 -0.4600000000000001 0
2.346938775510204 -0.3400000000000001 0
2.346938775510204 -0.3800000000000001 0
2.346938775510204 -0.42 0
2.346938775510204 -0.4600000000000001 0
2.448979591836735 -0.3400000000000001 0
2.448979591836735 -0.3800000000000001 0
2.448979591836735 -0.42 0
2.448979591836735 -0.4600000000000001 0
2.551020408163265 -0.3400000000000001 0
2.551020408163265 -0.3800000000000001 0
2.551020408163265 -0.42 0
2.551020408163265 -0.4600000000000001 0
2.653061224489796 -0.3400000000000001 0
2.653061224489796 -0.3800000000000001 0
2.653061224489796 -0.42 0
2.653061224489796 -0.4600000000000001 0
2.755102040816326 -0.3400000000000001 0
2.755102040816326 -0.3800000000000001 0
2.755102040816326 -0.42 0
2.755102040816326 -0.4600000000000001 0
2.857142857142857 -0.3400000000000001 0
2.857142857142857 -0.3800000000000001 0
2.857142857142857 -0.42 0
2.857142857142857 -0.4600000000000001 0
2.959183673469388 -0.3400000000000001 0
2.959183673469388 -0.3800000000000001 0
2.959183673469388 -0.42 0
2.959183673469388 -0.4600000000000001 0
3.061224489795918 -0.3400000000000001 0
3.061224489795918 -0.3800000000000001 0
3.061224489795918 -0.42 0
3.061224489795918 -0.4600000000000001 0
3.163265306122449 -0.3400000000000001 0
3.163265306122449 -0.3800000000000001 0
3.163265306122449 -0.42 0
3.163265306122449 -0.4600000000000001 0
3.265306122448979 -0.3400000000000001 0
3.265306122448979 -0.3800000000000001 0
3.265306122448979 -0.42 0
3.265306122448979 -0.4600000000000001 0
3.36734693877551 -0.3400000000000001 0
3.36734693877551 -0.3800000000000001 0
3.36734693877551 -0.42 0
3.36734693877551 -0.4600000000000001 0
3.469387755102041 -0.3400000000000001 0
3.469387755102041 -0.3800000000000001 0
3.469387755102041 -0.42 0
3.469387755102041 -0.4600000000000001 0
3.571428571428571 -0.3400000000000001 0
3.571428571428571 -0.3800000000000001 0
3.571428571428571 -0.42 0
3.571428571428571 -0.4600000000000001 0
3.673469387755102 -0.3400000000000001 0
3.673469387755102 -0.3800000000000001 0
3.673469387755102 -0.42 0
3.673469387755102 -0.4600000000000001 0
3.775510204081632 -0.3400000000000001 0
3.775510204081632 -0.3800000000000001 0
3.775510204081632 -0.42 0
3.775510204081632 -0.4600000000000001 0
3.877551020408163 -0.3400000000000001 0
3.877551020408163 -0.3800000000000001 0
3.877551020408163 -0.42 0
3.877551020408163 -0.4600000000000001 0
3.979591836734693 -0.3400000000000001 0
3.979591836734693 -0.3800000000000001 0
3.979591836734693 -0.42 0
3.979591836734693 -0.4600000000000001 0
4.081632653061224 -0.3400000000000001 0
4.081632653061224 -0.3800000000000001 0
4.081632653061224 -0.42 0
4.081632653061224 -0.4600000000000001 0
4.183673469387755 -0.3400000000000001 0
4.183673469387755 -0.3800000000000001 0
4.183673469387755 -0.42 0
4.183673469387755 -0.4600000000000001 0
4.285714285714286 -0.3400000000000001 0
4.285714285714286 -0.3800000000000001 0
4.285714285714286 -0.42 0
4.285714285714286 -0.4600000000000001 0
4.387755102040816 -0.3400000000000001 0
4.387755102040816 -0.3800000000000001 0
4.387755102040816 -0.42 0
4.387755102040816 -0.4600000000000001 0
4.489795918367347 -0.3400000000000001 0
4.489795918367347 -0.3800000000000001 0
4.489795918367347 -0.42 0
4.489795918367347 -0.4600000000000001 0
4.591836734693877 -0.3400000000000001 0
4.591836734693877 -0.3800000000000001 0
4.591836734693877 -0.42 0
4.591836734693877 -0.4600000000000001 0
4.693877551020408 -0.3400000000000001 0
4.693877551020408 -0.3800000000000001 0
4.693877551020408 -0.42 0
4.693877551020408 -0.4600000000000001 0
4.795918367346939 -0.3400000000000001 0
4.795918367346939 -0.3800000000000001 0
4.795918367346939 -0.42 0
4.795918367346939 -0.4600000000000001 0
4.897959183673469 -0.3400000000000001 0
4.897959183673469 -0.3800000000000001 0
4.897959183673469 -0.42 0
4.897959183673469 -0.4600000000000001 0
0.0510204081632653 -0.3400000000000001 0
0.1020408163265306 -0.3200000000000001 0
0.0510204081632653 -0.3200000000000001 0
0.0510204081632653 -0.3800000000000001 0
0.1020408163265306 -0.3600000000000001 0
0.0510204081632653 -0.36 0
0.0510204081632653 -0.42 0
0.1020408163265306 -0.4 0
0.0510204081632653 -0.4 0
0.0510204081632653 -0.4600000000000001 0
0.1020408163265306 -0.4400000000000001 0
0.0510204081632653 -0.4400000000000001 0
0.1020408163265306 -0.48 0
0.0510204081632653 -0.4800000000000001 0
0.1530612244897959 -0.3400000000000001 0
0.2040816326530612 -0.3200000000000001 0
0.1530612244897959 -0.3200000000000001 0
0.1530612244897959 -0.3800000000000001 0
0.2040816326530612 -0.3600000000000001 0
0.1530612244897959 -0.3600000000000001 0
0.1530612244897959 -0.42 0
0.2040816326530612 -0.4 0
0.1530612244897959 -0.4 0
0.1530612244897959 -0.4600000000000001 0
0.2040816326530612 -0.4400000000000001 0
0.1530612244897959 -0.4400000000000001 0
0.2040816326530612 -0.48 0
0.1530612244897959 -0.4800000000000001 0
0.2551020408163265 -0.3400000000000001 0
0.3061224489795918 -0.3200000000000001 0
0.2551020408163266 -0.3200000000000001 0
0.2551020408163265 -0.3800000000000001 0
0.3061224489795918 -0.3600000000000001 0
0.2551020408163266 -0.3600000000000001 0
0.2551020408163265 -0.42 0
0.3061224489795918 -0.4 0
0.2551020408163266 -0.4 0
0.2551020408163265 -0.4600000000000001 0
0.3061224489795918 -0.4400000000000001 0
0.2551020408163266 -0.4400000000000001 0
0.3061224489795918 -0.48 0
0.2551020408163266 -0.4800000000000001 0
0.3571428571428571 -0.3400000000000001 0
0.4081632653061224 -0.3200000000000001 0
0.3571428571428571 -0.3200000000000001 0
0.3571428571428571 -0.3800000000000001 0
0.4081632653061224 -0.3600000000000001 0
0.3571428571428571 -0.3600000000000001 0
0.3571428571428571 -0.42 0
0.4081632653061224 -0.4 0
0.3571428571428571 -0.4 0
0.3571428571428571 -0.4600000000000001 0
0.4081632653061224 -0.4400000000000001 0
0.3571428571428571 -0.4400000000000001 0
0.4081632653061224 -0.48 0
0.3571428571428571 -0.4800000000000001 0
0.4591836734693877 -0.3400000000000001 0
0.510204081632653 -0.3200000000000001 0
0.4591836734693877 -0.3200000000000001 0
0.4591836734693877 -0.3800000000000001 0
0.510204081632653 -0.3600000000000001 0
0.4591836734693877 -0.3600000000000001 0
0.4591836734693877 -0.42 0
0.510204081632653 -0.4 0
0.4591836734693877 -0.4 0
0.4591836734693877 -0.4600000000000001 0
0.510204081632653 -0.4400000000000001 0
0.4591836734693877 -0.4400000000000001 0
0.510204081632653 -0.48 0
0.4591836734693877 -0.4800000000000001 0
0.5612244897959183 -0.3400000000000001 0
0.6122448979591837 -0.3200000000000001 0
0.5612244897959183 -0.3200000000000001 0
0.5612244897959183 -0.3800000000000001 0
0.6122448979591837 -0.3600000000000001 0
0.5612244897959183 -0.3600000000000001 0
0.5612244897959183 -0.42 0
0.6122448979591837 -0.4 0
0.5612244897959183 -0.4 0
0.5612244897959183 -0.4600000000000001 0
0.6122448979591837 -0.4400000000000001 0
0.5612244897959183 -0.4400000000000001 0
0.6122448979591837 -0.48 0
0.5612244897959183 -0.4800000000000001 0
0.6632653061224489 -0.3400000000000001 0
0.7142857142857142 -0.3200000000000001 0
0.6632653061224489 -0.3200000000000001 0
0.6632653061224489 -0.3800000000000001 0
0.7142857142857142 -0.3600000000000001 0
0.6632653061224489 -0.3600000000000001 0
0.6632653061224489 -0.42 0
0.7142857142857142 -0.4 0
0.6632653061224489 -0.4 0
0.6632653061224489 -0.4600000000000001 0
0.7142857142857142 -0.4400000000000001 0
0.6632653061224489 -0.4400000000000001 0
0.7142857142857142 -0.48 0
0.6632653061224489 -0.4800000000000001 0
0.7653061224489794 -0.3400000000000001 0
0.8163265306122448 -0.3200000000000001 0
0.7653061224489794 -0.3200000000000001 0
0.7653061224489794 -0.3800000000000001 0
0.8163265306122448 -0.3600000000000001 0
0.7653061224489794 -0.3600000000000001 0
0.7653061224489794 -0.42 0
0.8163265306122448 -0.4 0
0.7653061224489794 -0.4 0
0.7653061224489794 -0.4600000000000001 0
0.8163265306122448 -0.4400000000000001 0
0.7653061224489794 -0.4400000000000001 0
0.8163265306122448 -0.48 0
0.7653061224489794 -0.4800000000000001 0
0.8673469387755102 -0.3400000000000001 0
0.9183673469387754 -0.3200000000000001 0
0.8673469387755102 -0.3200000000000001 0
0.8673469387755102 -0.3800000000000001 0
0.9183673469387754 -0.3600000000000001 0
0.8673469387755102 -0.3600000000000001 0
0.8673469387755102 -0.42 0
0.9183673469387754 -0.4 0
0.8673469387755102 -0.4 0
0.8673469387755102 -0.4600000000000001 0
0.9183673469387754 -0.4400000000000001 0
0.8673469387755102 -0.4400000000000001 0
0.9183673469387754 -0.48 0
0.8673469387755102 -0.4800000000000001 0
0.9693877551020407 -0.3400000000000001 0
1.020408163265306 -0.3200000000000001 0
0.9693877551020407 -0.3200000000000001 0
0.9693877551020407 -0.3800000000000001 0
1.020408163265306 -0.3600000000000001 0
0.9693877551020407 -0.3600000000000001 0
0.9693877551020407 -0.42 0
1.020408163265306 -0.4 0
0.9693877551020407 -0.4 0
0.9693877551020407 -0.4600000000000001 0
1.020408163265306 -0.4400000000000001 0
0.9693877551020407 -0.4400000000000001 0
1.020408163265306 -0.48 0
0.9693877551020407 -0.4800000000000001 0
1.071428571428571 -0.3400000000000001 0
1.122448979591837 -0.3200000000000001 0
1.071428571428571 -0.3200000000000001 0
1.071428571428571 -0.3800000000000001 0
1.122448979591837 -0.3600000000000001 0
1.071428571428571 -0.3600000000000001 0
1.071428571428571 -0.42 0
1.122448979591837 -0.4 0
1.071428571428571 -0.4 0
1.071428571428571 -0.4600000000000001 0
1.122448979591837 -0.4400000000000001 0
1.071428571428571 -0.4400000000000001 0
1.122448979591837 -0.48 0
1.071428571428571 -0.4800000000000001 0
1.173469387755102 -0.3400000000000001 0
1.224489795918367 -0.3200000000000001 0
1.173469387755102 -0.3200000000000001 0
1.173469387755102 -0.3800000000000001 0
1.224489795918367 -0.3600000000000001 0
1.173469387755102 -0.3600000000000001 0
1.173469387755102 -0.42 0
1.224489795918367 -0.4 0
1.173469387755102 -0.4 0
1.173469387755102 -0.4600000000000001 0
1.224489795918367 -0.4400000000000001 0
1.173469387755102 -0.4400000000000001 0
1.224489795918367 -0.48 0
1.173469387755102 -0.4800000000000001 0
1.275510204081633 -0.3400000000000001 0
1.326530612244898 -0.3200000000000001 0
1.275510204081633 -0.3200000000000001 0
1.275510204081633 -0.3800000000000001 0
1.326530612244898 -0.3600000000000001 0
1.275510204081633 -0.3600000000000001 0
1.275510204081633 -0.42 0
1.326530612244898 -0.4 0
1.275510204081633 -0.4 0
1.275510204081633 -0.4600000000000001 0
1.326530612244898 -0.4400000000000001 0
1.275510204081633 -0.4400000000000001 0
1.326530612244898 -0.48 0
1.275510204081633 -0.4800000000000001 0
1.377551020408163 -0.3400000000000001 0
1.428571428571428 -0.3200000000000001 0
1.377551020408163 -0.3200000000000001 0
1.377551020408163 -0.3800000000000001 0
1.428571428571428 -0.3600000000000001 0
1.377551020408163 -0.3600000000000001 0
1.377551020408163 -0.42 0
1.428571428571428 -0.4 0
1.377551020408163 -0.4 0
1.377551020408163 -0.4600000000000001 0
1.428571428571428 -0.4400000000000001 0
1.377551020408163 -0.4400000000000001 0
1.428571428571428 -0.48 0
1.377551020408163 -0.4800000000000001 0
1.479591836734694 -0.3400000000000001 0
1.530612244897959 -0.3200000000000001 0
1.479591836734694 -0.3200000000000001 0
1.479591836734694 -0.3800000000000001 0
1.530612244897959 -0.3600000000000001 0
1.479591836734694 -0.3600000000000001 0
1.479591836734694 -0.42 0
1.530612244897959 -0.4 0
1.479591836734694 -0.4 0
1.479591836734694 -0.4600000000000001 0
1.530612244897959 -0.4400000000000001 0
1.479591836734694 -0.4400000000000001 0
1.530612244897959 -0.48 0
1.479591836734694 -0.4800000000000001 0
1.581632653061224 -0.3400000000000001 0
1.63265306122449 -0.3200000000000001 0
1.581632653061224 -0.3200000000000001 0
1.581632653061224 -0.3800000000000001 0
1.63265306122449 -0.3600000000000001 0
1.581632653061224 -0.3600000000000001 0
1.581632653061224 -0.42 0
1.63265306122449 -0.4 0
1.581632653061224 -0.4 0
1.581632653061224 -0.4600000000000001 0
1.63265306122449 -0.4400000000000001 0
1.581632653061224 -0.4400000000000001 0
1.63265306122449 -0.48 0
1.581632653061224 -0.4800000000000001 0
1.683673469387755 -0.3400000000000001 0
1.73469387755102 -0.3200000000000001 0
1.683673469387755 -0.3200000000000001 0
1.683673469387755 -0.3800000000000001 0
1.73469387755102 -0.3600000000000001 0
1.683673469387755 -0.3600000000000001 0
1.683673469387755 -0.42 0
1.73469387755102 -0.4 0
1.683673469387755 -0.4 0
1.683673469387755 -0.4600000000000001 0
1.73469387755102 -0.4400000000000001 0
1.683673469387755 -0.4400000000000001 0
1.73469387755102 -0.48 0
1.683673469387755 -0.4800000000000001 0
1.785714285714286 -0.3400000000000001 0
1.836734693877551 -0.3200000000000001 0
1.785714285714286 -0.3200000000000001 0
1.785714285714286 -0.3800000000000001 0
1.836734693877551 -0.3600000000000001 0
1.785714285714286 -0.3600000000000001 0
1.785714285714286 -0.42 0
1.836734693877551 -0.4 0
1.785714285714286 -0.4 0
1.785714285714286 -0.4600000000000001 0
1.836734693877551 -0.4400000000000001 0
1.785714285714286 -0.4400000000000001 0
1.836734693877551 -0.48 0
1.785714285714286 -0.4800000000000001 0
1.887755102040816 -0.3400000000000001 0
1.938775510204082 -0.3200000000000001 0
1.887755102040816 -0.3200000000000001 0
1.887755102040816 -0.3800000000000001 0
1.938775510204082 -0.3600000000000001 0
1.887755102040816 -0.3600000000000001 0
1.887755102040816 -0.42 0
1.938775510204082 -0.4 0
1.887755102040816 -0.4 0
1.887755102040816 -0.4600000000000001 0
1.938775510204082 -0.4400000000000001 0
1.887755102040816 -0.4400000000000001 0
1.938775510204082 -0.48 0
1.887755102040816 -0.4800000000000001 0
1.989795918367347 -0.3400000000000001 0
2.040816326530612 -0.3200000000000001 0
1.989795918367347 -0.3200000000000001 0
1.989795918367347 -0.3800000000000001 0
2.040816326530612 -0.3600000000000001 0
1.989795918367347 -0.3600000000000001 0
1.989795918367347 -0.42 0
2.040816326530612 -0.4 0
1.989795918367347 -0.4 0
1.989795918367347 -0.4600000000000001 0
2.040816326530612 -0.4400000000000001 0
1.989795918367347 -0.4400000000000001 0
2.040816326530612 -0.48 0
1.989795918367347 -0.4800000000000001 0
2.091836734693877 -0.3400000000000001 0
2.142857142857143 -0.3200000000000001 0
2.091836734693877 -0.3200000000000001 0
2.091836734693877 -0.3800000000000001 0
2.142857142857143 -0.3600000000000001 0
2.091836734693877 -0.3600000000000001 0
2.091836734693877 -0.42 0
2.142857142857143 -0.4 0
2.091836734693877 -0.4 0
2.091836734693877 -0.4600000000000001 0
2.142857142857143 -0.4400000000000001 0
2.091836734693877 -0.4400000000000001 0
2.142857142857143 -0.48 0
2.091836734693877 -0.4800000000000001 0
2.193877551020408 -0.3400000000000001 0
2.244897959183673 -0.3200000000000001 0
2.193877551020408 -0.3200000000000001 0
2.193877551020408 -0.3800000000000001 0
2.244897959183673 -0.3600000000000001 0
2.193877551020408 -0.3600000000000001 0
2.193877551020408 -0.42 0
2.244897959183673 -0.4 0
2.193877551020408 -0.4 0
2.193877551020408 -0.4600000000000001 0
2.244897959183673 -0.4400000000000001 0
2.193877551020408 -0.4400000000000001 0
2.244897959183673 -0.48 0
2.193877551020408 -0.4800000000000001 0
2.295918367346939 -0.3400000000000001 0
2.346938775510204 -0.3200000000000001 0
2.295918367346939 -0.3200000000000001 0
2.295918367346939 -0.3800000000000001 0
2.346938775510204 -0.3600000000000001 0
2.295918367346939 -0.3600000000000001 0
2.295918367346939 -0.42 0
2.346938775510204 -0.4 0
2.295918367346939 -0.4 0
2.295918367346939 -0.4600000000000001 0
2.346938775510204 -0.4400000000000001 0
2.295918367346939 -0.4400000000000001 0
2.346938775510204 -0.48 0
2.295918367346939 -0.4800000000000001 0
2.397959183673469 -0.3400000000000001 0
2.448979591836735 -0.3200000000000001 0
2.397959183673469 -0.3200000000000001 0
2.397959183673469 -0.3800000000000001 0
2.448979591836735 -0.3600000000000001 0
2.397959183673469 -0.3600000000000001 0
2.397959183673469 -0.42 0
2.448979591836735 -0.4 0
2.397959183673469 -0.4 0
2.397959183673469 -0.4600000000000001 0
2.448979591836735 -0.4400000000000001 0
2.397959183673469 -0.4400000000000001 0
2.448979591836735 -0.48 0
2.397959183673469 -0.4800000000000001 0
2.5 -0.3400000000000001 0
2.551020408163265 -0.3200000000000001 0
2.5 -0.3200000000000001 0
2.5 -0.3800000000000001 0
2.551020408163265 -0.3600000000000001 0
2.5 -0.3600000000000001 0
2.5 -0.42 0
2.551020408163265 -0.4 0
2.5 -0.4 0
2.5 -0.4600000000000001 0
2.551020408163265 -0.4400000000000001 0
2.5 -0.4400000000000001 0
2.551020408163265 -0.48 0
2.5 -0.4800000000000001 0
2.602040816326531 -0.3400000000000001 0
2.653061224489796 -0.3200000000000001 0
2.602040816326531 -0.3200000000000001 0
2.602040816326531 -0.3800000000000001 0
2.653061224489796 -0.3600000000000001 0
2.602040816326531 -0.3600000000000001 0
2.602040816326531 -0.42 0
2.653061224489796 -0.4 0
2.602040816326531 -0.4 0
2.602040816326531 -0.4600000000000001 0
2.653061224489796 -0.4400000000000001 0
2.602040816326531 -0.4400000000000001 0
2.653061224489796 -0.48 0
2.602040816326531 -0.4800000000000001 0
2.704081632653061 -0.3400000000000001 0
2.755102040816326 -0.3200000000000001 0
2.704081632653061 -0.3200000000000001 0
2.704081632653061 -0.3800000000000001 0
2.755102040816326 -0.3600000000000001 0
2.704081632653061 -0.3600000000000001 0
2.704081632653061 -0.42 0
2.755102040816326 -0.4 0
2.704081632653061 -0.4 0
2.704081632653061 -0.4600000000000001 0
2.755102040816326 -0.4400000000000001 0
2.704081632653061 -0.4400000000000001 0
2.755102040816326 -0.48 0
2.704081632653061 -0.4800000000000001 0
2.806122448979592 -0.3400000000000001 0
2.857142857142857 -0.3200000000000001 0
2.806122448979592 -0.3200000000000001 0
2.806122448979592 -0.3800000000000001 0
2.857142857142857 -0.3600000000000001 0
2.806122448979592 -0.3600000000000001 0
2.806122448979592 -0.42 0
2.857142857142857 -0.4 0
2.806122448979592 -0.4 0
2.806122448979592 -0.4600000000000001 0
2.857142857142857 -0.4400000000000001 0
2.806122448979592 -0.4400000000000001 0
2.857142857142857 -0.48 0
2.806122448979592 -0.4800000000000001 0
2.908163265306122 -0.3400000000000001 0
2.959183673469388 -0.3200000000000001 0
2.908163265306122 -0.3200000000000001 0
2.908163265306122 -0.3800000000000001 0
2.959183673469388 -0.3600000000000001 0
2.908163265306122 -0.3600000000000001 0
2.908163265306122 -0.42 0
2.959183673469388 -0.4 0
2.908163265306122 -0.4 0
2.908163265306122 -0.4600000000000001 0
2.959183673469388 -0.4400000000000001 0
2.908163265306122 -0.4400000000000001 0
2.959183673469388 -0.48 0
2.908163265306122 -0.4800000000000001 0
3.010204081632653 -0.3400000000000001 0
3.061224489795918 -0.3200000000000001 0
3.010204081632653 -0.3200000000000001 0
3.010204081632653 -0.3800000000000001 0
3.061224489795918 -0.3600000000000001 0
3.010204081632653 -0.3600000000000001 0
3.010204081632653 -0.42 0
3.061224489795918 -0.4 0
3.010204081632653 -0.4 0
3.010204081632653 -0.4600000000000001 0
3.061224489795918 -0.4400000000000001 0
3.010204081632653 -0.4400000000000001 0
3.061224489795918 -0.48 0
3.010204081632653 -0.4800000000000001 0
3.112244897959183 -0.3400000000000001 0
3.163265306122449 -0.3200000000000001 0
3.112244897959183 -0.3200000000000001 0
3.112244897959183 -0.3800000000000001 0
3.163265306122449 -0.3600000000000001 0
3.112244897959183 -0.3600000000000001 0
3.112244897959183 -0.42 0
3.163265306122449 -0.4 0
3.112244897959183 -0.4 0
3.112244897959183 -0.4600000000000001 0
3.163265306122449 -0.4400000000000001 0
3.112244897959183 -0.4400000000000001 0
3.163265306122449 -0.48 0
3.112244897959183 -0.4800000000000001 0
3.214285714285714 -0.3400000000000001 0
3.265306122448979 -0.3200000000000001 0
3.214285714285714 -0.3200000000000001 0
3.214285714285714 -0.3800000000000001 0
3.265306122448979 -0.3600000000000001 0
3.214285714285714 -0.3600000000000001 0
3.214285714285714 -0.42 0
3.265306122448979 -0.4 0
3.214285714285714 -0.4 0
3.214285714285714 -0.4600000000000001 0
3.265306122448979 -0.4400000000000001 0
3.214285714285714 -0.4400000000000001 0
3.265306122448979 -0.48 0
3.214285714285714 -0.4800000000000001 0
3.316326530612245 -0.3400000000000001 0
3.36734693877551 -0.3200000000000001 0
3.316326530612245 -0.3200000000000001 0
3.316326530612245 -0.3800000000000001 0
3.36734693877551 -0.3600000000000001 0
3.316326530612245 -0.3600000000000001 0
3.316326530612245 -0.42 0
3.36734693877551 -0.4 0
3.316326530612245 -0.4 0
3.316326530612245 -0.4600000000000001 0
3.36734693877551 -0.4400000000000001 0
3.316326530612245 -0.4400000000000001 0
3.36734693877551 -0.48 0
3.316326530612245 -0.4800000000000001 0
3.418367346938775 -0.3400000000000001 0
3.469387755102041 -0.3200000000000001 0
3.418367346938775 -0.3200000000000001 0
3.418367346938775 -0.3800000000000001 0
3.469387755102041 -0.3600000000000001 0
3.418367346938775 -0.3600000000000001 0
3.418367346938775 -0.42 0
3.469387755102041 -0.4 0
3.418367346938775 -0.4 0
3.418367346938775 -0.4600000000000001 0
3.469387755102041 -0.4400000000000001 0
3.418367346938775 -0.4400000000000001 0
3.469387755102041 -0.48 0
3.418367346938775 -0.4800000000000001 0
3.520408163265306 -0.3400000000000001 0
3.571428571428571 -0.3200000000000001 0
3.520408163265306 -0.3200000000000001 0
3.520408163265306 -0.3800000000000001 0
3.571428571428571 -0.3600000000000001 0
3.520408163265306 -0.3600000000000001 0
3.520408163265306 -0.42 0
3.571428571428571 -0.4 0
3.520408163265306 -0.4 0
3.520408163265306 -0.4600000000000001 0
3.571428571428571 -0.4400000000000001 0
3.520408163265306 -0.4400000000000001 0
3.571428571428571 -0.48 0
3.520408163265306 -0.4800000000000001 0
3.622448979591836 -0.3400000000000001 0
3.673469387755102 -0.3200000000000001 0
3.622448979591836 -0.3200000000000001 0
3.622448979591836 -0.3800000000000001 0
3.673469387755102 -0.3600000000000001 0
3.622448979591836 -0.3600000000000001 0
3.622448979591836 -0.42 0
3.673469387755102 -0.4 0
3.622448979591836 -0.4 0
3.622448979591836 -0.4600000000000001 0
3.673469387755102 -0.4400000000000001 0
3.622448979591836 -0.4400000000000001 0
3.673469387755102 -0.48 0
3.622448979591836 -0.4800000000000001 0
3.724489795918367 -0.3400000000000001 0
3.775510204081632 -0.3200000000000001 0
3.724489795918367 -0.3200000000000001 0
3.724489795918367 -0.3800000000000001 0
3.775510204081632 -0.3600000000000001 0
3.724489795918367 -0.3600000000000001 0
3.724489795918367 -0.42 0
3.775510204081632 -0.4 0
3.724489795918367 -0.4 0
3.724489795918367 -0.4600000000000001 0
3.775510204081632 -0.4400000000000001 0
3.724489795918367 -0.4400000000000001 0
3.775510204081632 -0.48 0
3.724489795918367 -0.4800000000000001 0
3.826530612244897 -0.3400000000000001 0
3.877551020408163 -0.3200000000000001 0
3.826530612244897 -0.3200000000000001 0
3.826530612244897 -0.3800000000000001 0
3.877551020408163 -0.3600000000000001 0
3.826530612244897 -0.3600000000000001 0
3.826530612244897 -0.42 0
3.877551020408163 -0.4 0
3.826530612244897 -0.4 0
3.826530612244897 -0.4600000000000001 0
3.877551020408163 -0.4400000000000001 0
3.826530612244897 -0.4400000000000001 0
3.877551020408163 -0.48 0
3.826530612244897 -0.4800000000000001 0
3.928571428571428 -0.3400000000000001 0
3.979591836734693 -0.3200000000000001 0
3.928571428571428 -0.3200000000000001 0
3.928571428571428 -0.3800000000000001 0
3.979591836734693 -0.3600000000000001 0
3.928571428571428 -0.3600000000000001 0
3.928571428571428 -0.42 0
3.979591836734693 -0.4 0
3.928571428571428 -0.4 0
3.928571428571428 -0.4600000000000001 0
3.979591836734693 -0.4400000000000001 0
3.928571428571428 -0.4400000000000001 0
3.979591836734693 -0.48 0
3.928571428571428 -0.4800000000000001 0
4.030612244897958 -0.3400000000000001 0
4.081632653061224 -0.3200000000000001 0
4.030612244897958 -0.3200000000000001 0
4.030612244897958 -0.3800000000000001 0
4.081632653061224 -0.3600000000000001 0
4.030612244897958 -0.3600000000000001 0
4.030612244897958 -0.42 0
4.081632653061224 -0.4 0
4.030612244897958 -0.4 0
4.030612244897958 -0.4600000000000001 0
4.081632653061224 -0.4400000000000001 0
4.030612244897958 -0.4400000000000001 0
4.081632653061224 -0.48 0
4.030612244897958 -0.4800000000000001 0
4.13265306122449 -0.3400000000000001 0
4.183673469387755 -0.3200000000000001 0
4.13265306122449 -0.3200000000000001 0
4.13265306122449 -0.3800000000000001 0
4.183673469387755 -0.3600000000000001 0
4.13265306122449 -0.3600000000000001 0
4.13265306122449 -0.42 0
4.183673469387755 -0.4 0
4.13265306122449 -0.4 0
4.13265306122449 -0.4600000000000001 0
4.183673469387755 -0.4400000000000001 0
4.13265306122449 -0.4400000000000001 0
4.183673469387755 -0.48 0
4.13265306122449 -0.4800000000000001 0
4.23469387755102 -0.3400000000000001 0
4.285714285714286 -0.3200000000000001 0
4.23469387755102 -0.3200000000000001 0
4.23469387755102 -0.3800000000000001 0
4.285714285714286 -0.3600000000000001 0
4.23469387755102 -0.3600000000000001 0
4.23469387755102 -0.42 0
4.285714285714286 -0.4 0
4.23469387755102 -0.4 0
4.23469387755102 -0.4600000000000001 0
4.285714285714286 -0.4400000000000001 0
4.23469387755102 -0.4400000000000001 0
4.285714285714286 -0.48 0
4.23469387755102 -0.4800000000000001 0
4.336734693877551 -0.3400000000000001 0
4.387755102040816 -0.3200000000000001 0
4.336734693877551 -0.3200000000000001 0
4.336734693877551 -0.3800000000000001 0
4.387755102040816 -0.3600000000000001 0
4.336734693877551 -0.3600000000000001 0
4.336734693877551 -0.42 0
4.387755102040816 -0.4 0
4.336734693877551 -0.4 0
4.336734693877551 -0.4600000000000001 0
4.387755102040816 -0.4400000000000001 0
4.336734693877551 -0.4400000000000001 0
4.387755102040816 -0.48 0
4.336734693877551 -0.4800000000000001 0
4.438775510204081 -0.3400000000000001 0
4.489795918367347 -0.3200000000000001 0
4.438775510204081 -0.3200000000000001 0
4.438775510204081 -0.3800000000000001 0
4.489795918367347 -0.3600000000000001 0
4.438775510204081 -0.3600000000000001 0
4.438775510204081 -0.42 0
4.489795918367347 -0.4 0
4.438775510204081 -0.4 0
4.438775510204081 -0.4600000000000001 0
4.489795918367347 -0.4400000000000001 0
4.438775510204081 -0.4400000000000001 0
4.489795918367347 -0.48 0
4.438775510204081 -0.4800000000000001 0
4.540816326530612 -0.3400000000000001 0
4.591836734693877 -0.3200000000000001 0
4.540816326530612 -0.3200000000000001 0
4.540816326530612 -0.3800000000000001 0
4.591836734693877 -0.3600000000000001 0
4.540816326530612 -0.3600000000000001 0
4.540816326530612 -0.42 0
4.591836734693877 -0.4 0
4.540816326530612 -0.4 0
4.540816326530612 -0.4600000000000001 0
4.591836734693877 -0.4400000000000001 0
4.540816326530612 -0.4400000000000001 0
4.591836734693877 -0.48 0
4.540816326530612 -0.4800000000000001 0
4.642857142857142 -0.3400000000000001 0
4.693877551020408 -0.3200000000000001 0
4.642857142857142 -0.3200000000000001 0
4.642857142857142 -0.3800000000000001 0
4.693877551020408 -0.3600000000000001 0
4.642857142857142 -0.3600000000000001 0
4.642857142857142 -0.42 0
4.693877551020408 -0.4 0
4.642857142857142 -0.4 0
4.642857142857142 -0.4600000000000001 0
4.693877551020408 -0.4400000000000001 0
4.642857142857142 -0.4400000000000001 0
4.693877551020408 -0.48 0
4.642857142857142 -0.4800000000000001 0
4.744897959183673 -0.3400000000000001 0
4.795918367346939 -0.3200000000000001 0
4.744897959183673 -0.3200000000000001 0
4.744897959183673 -0.3800000000000001 0
4.795918367346939 -0.3600000000000001 0
4.744897959183673 -0.3600000000000001 0
4.744897959183673 -0.42 0
4.795918367346939 -0.4 0
4.744897959183673 -0.4 0
4.744897959183673 -0.4600000000000001 0
4.795918367346939 -0.4400000000000001 0
4.744897959183673 -0.4400000000000001 0
4.795918367346939 -0.48 0
4.744897959183673 -0.4800000000000001 0
4.846938775510204 -0.3400000000000001 0
4.897959183673469 -0.3200000000000001 0
4.846938775510204 -0.3200000000000001 0
4.846938775510204 -0.3800000000000001 0
4.897959183673469 -0.3600000000000001 0
4.846938775510204 -0.3600000000000001 0
4.846938775510204 -0.42 0
4.897959183673469 -0.4 0
4.846938775510204 -0.4 0
4.846938775510204 -0.4600000000000001 0
4.897959183673469 -0.4400000000000001 0
4.846938775510204 -0.4400000000000001 0
4.897959183673469 -0.48 0
4.846938775510204 -0.4800000000000001 0
4.948979591836735 -0.3400000000000001 0
4.948979591836735 -0.3200000000000001 0
4.948979591836735 -0.3800000000000001 0
4.948979591836735 -0.36 0
4.948979591836735 -0.42 0
4.948979591836735 -0.4 0
4.948979591836735 -0.4600000000000001 0
4.948979591836735 -0.4400000000000001 0
4.948979591836735 -0.4800000000000001 0
2 8 0 291
7729
7730
7731
7732
7733
7734
7735
7736
7737
7738
7739
7740
7741
7742
7743
7744
7745
7746
7747
7748
7749
7750
7751
7752
7753
7754
7755
7756
7757
7758
7759
7760
7761
7762
7763
7764
7765
7766
7767
7768
7769
7770
7771
7772
7773
7774
7775
7776
7777
7778
7779
7780
7781
7782
7783
7784
7785
7786
7787
7788
7789
7790
7791
7792
7793
7794
7795
7796
7797
7798
7799
7800
7801
7802
7803
7804
7805
7806
7807
7808
7809
7810
7811
7812
7813
7814
7815
7816
7817
7818
7819
7820
7821
7822
7823
7824
7825
7826
7827
7828
7829
7830
7831
7832
7833
7834
7835
7836
7837
7838
7839
7840
7841
7842
7843
7844
7845
7846
7847
7848
7849
7850
7851
7852
7853
7854
7855
7856
7857
7858
7859
7860
7861
7862
7863
7864
7865
7866
7867
7868
7869
7870
7871
7872
7873
7874
7875
7876
7877
7878
7879
7880
7881
7882
7883
7884
7885
7886
7887
7888
7889
7890
7891
7892
7893
7894
7895
7896
7897
7898
7899
7900
7901
7902
7903
7904
7905
7906
7907
7908
7909
7910
7911
7912
7913
7914
7915
7916
7917
7918
7919
7920
7921
7922
7923
7924
7925
7926
7927
7928
7929
7930
7931
7932
7933
7934
7935
7936
7937
7938
7939
7940
7941
7942
7943
7944
7945
7946
7947
7948
7949
7950
7951
7952
7953
7954
7955
7956
7957
7958
7959
7960
7961
7962
7963
7964
7965
7966
7967
7968
7969
7970
7971
7972
7973
7974
7975
7976
7977
7978
7979
7980
7981
7982
7983
7984
7985
7986
7987
7988
7989
7990
7991
7992
7993
7994
7995
7996
7997
7998
7999
8000
8001
8002
8003
8004
8005
8006
8007
8008
8009
8010
8011
8012
8013
8014
8015
8016
8017
8018
8019
0.1020408163265306 -0.6 0
0.2040816326530612 -0.6 0
0.3061224489795918 -0.6 0
0.4081632653061224 -0.6 0
0.510204081632653 -0.6 0
0.6122448979591837 -0.6 0
0.7142857142857142 -0.6 0
0.8163265306122448 -0.6 0
0.9183673469387754 -0.6 0
1.020408163265306 -0.6 0
1.122448979591837 -0.6 0
1.224489795918367 -0.6 0
1.326530612244898 -0.6 0
1.428571428571428 -0.6 0
1.530612244897959 -0.6 0
1.63265306122449 -0.6 0
1.73469387755102 -0.6 0
1.836734693877551 -0.6 0
1.938775510204082 -0.6 0
2.040816326530612 -0.6 0
2.142857142857143 -0.6 0
2.244897959183673 -0.6 0
2.346938775510204 -0.6 0
2.448979591836735 -0.6 0
2.551020408163265 -0.6 0
2.653061224489796 -0.6 0
2.755102040816326 -0.6 0
2.857142857142857 -0.6 0
2.959183673469388 -0.6 0
3.061224489795918 -0.6 0
3.163265306122449 -0.6 0
3.265306122448979 -0.6 0
3.36734693877551 -0.6 0
3.469387755102041 -0.6 0
3.571428571428571 -0.6 0
3.673469387755102 -0.6 0
3.775510204081632 -0.6 0
3.877551020408163 -0.6 0
3.979591836734693 -0.6 0
4.081632653061224 -0.6 0
4.183673469387755 -0.6 0
4.285714285714286 -0.6 0
4.387755102040816 -0.6 0
4.489795918367347 -0.6 0
4.591836734693877 -0.6 0
4.693877551020408 -0.6 0
4.795918367346939 -0.6 0
4.897959183673469 -0.6 0
0.0510204081632653 -0.6 0
0.1020408163265306 -0.55 0
0.0510204081632653 -0.55 0
0.1020408163265306 -0.65 0
0.0510204081632653 -0.65 0
0.1530612244897959 -0.6 0
0.2040816326530612 -0.55 0
0.1530612244897959 -0.55 0
0.2040816326530612 -0.65 0
0.1530612244897959 -0.6500000000000001 0
0.2551020408163265 -0.6 0
0.3061224489795918 -0.55 0
0.2551020408163266 -0.55 0
0.3061224489795918 -0.65 0
0.2551020408163266 -0.6500000000000001 0
0.3571428571428571 -0.6 0
0.4081632653061224 -0.55 0
0.3571428571428571 -0.55 0
0.4081632653061224 -0.65 0
0.3571428571428571 -0.6500000000000001 0
0.4591836734693877 -0.6 0
0.510204081632653 -0.55 0
0.4591836734693877 -0.55 0
0.510204081632653 -0.65 0
0.4591836734693877 -0.6500000000000001 0
0.5612244897959183 -0.6 0
0.6122448979591837 -0.55 0
0.5612244897959183 -0.55 0
0.6122448979591837 -0.65 0
0.5612244897959183 -0.6500000000000001 0
0.6632653061224489 -0.6 0
0.7142857142857142 -0.55 0
0.6632653061224489 -0.55 0
0.7142857142857142 -0.65 0
0.6632653061224489 -0.6500000000000001 0
0.7653061224489794 -0.6 0
0.8163265306122448 -0.55 0
0.7653061224489794 -0.55 0
0.8163265306122448 -0.65 0
0.7653061224489794 -0.6500000000000001 0
0.8673469387755102 -0.6 0
0.9183673469387754 -0.55 0
0.8673469387755102 -0.55 0
0.9183673469387754 -0.65 0
0.8673469387755102 -0.6500000000000001 0
0.9693877551020407 -0.6 0
1.020408163265306 -0.55 0
0.9693877551020407 -0.55 0
1.020408163265306 -0.65 0
0.9693877551020407 -0.6500000000000001 0
1.071428571428571 -0.6 0
1.122448979591837 -0.55 0
1.071428571428571 -0.55 0
1.122448979591837 -0.65 0
1.071428571428571 -0.6500000000000001 0
1.173469387755102 -0.6 0
1.224489795918367 -0.55 0
1.173469387755102 -0.55 0
1.224489795918367 -0.65 0
1.173469387755102 -0.6500000000000001 0
1.275510204081633 -0.6 0
1.326530612244898 -0.55 0
1.275510204081633 -0.55 0
1.326530612244898 -0.65 0
1.275510204081633 -0.6500000000000001 0
1.377551020408163 -0.6 0
1.428571428571428 -0.55 0
1.377551020408163 -0.55 0
1.428571428571428 -0.65 0
1.377551020408163 -0.6500000000000001 0
1.479591836734694 -0.6 0
1.530612244897959 -0.55 0
1.479591836734694 -0.55 0
1.530612244897959 -0.65 0
1.479591836734694 -0.6500000000000001 0
1.581632653061224 -0.6 0
1.63265306122449 -0.55 0
1.581632653061224 -0.55 0
1.63265306122449 -0.65 0
1.581632653061224 -0.6500000000000001 0
1.683673469387755 -0.6 0
1.73469387755102 -0.55 0
1.683673469387755 -0.55 0
1.73469387755102 -0.65 0
1.683673469387755 -0.6500000000000001 0
1.785714285714286 -0.6 0
1.836734693877551 -0.55 0
1.785714285714286 -0.55 0
1.836734693877551 -0.65 0
1.785714285714286 -0.6500000000000001 0
1.887755102040816 -0.6 0
1.938775510204082 -0.55 0
1.887755102040816 -0.55 0
1.938775510204082 -0.65 0
1.887755102040816 -0.6500000000000001 0
1.989795918367347 -0.6 0
2.040816326530612 -0.55 0
1.989795918367347 -0.55 0
2.040816326530612 -0.65 0
1.989795918367347 -0.6500000000000001 0
2.091836734693877 -0.6 0
2.142857142857143 -0.55 0
2.091836734693877 -0.55 0
2.142857142857143 -0.65 0
2.091836734693877 -0.6500000000000001 0
2.193877551020408 -0.6 0
2.244897959183673 -0.55 0
2.193877551020408 -0.55 0
2.244897959183673 -0.65 0
2.193877551020408 -0.6500000000000001 0
2.295918367346939 -0.6 0
2.346938775510204 -0.55 0
2.295918367346939 -0.55 0
2.346938775510204 -0.65 0
2.295918367346939 -0.6500000000000001 0
2.397959183673469 -0.6 0
2.448979591836735 -0.55 0
2.397959183673469 -0.55 0
2.448979591836735 -0.65 0
2.397959183673469 -0.6500000000000001 0
2.5 -0.6 0
2.551020408163265 -0.55 0
2.5 -0.55 0
2.551020408163265 -0.65 0
2.5 -0.6500000000000001 0
2.602040816326531 -0.6 0
2.653061224489796 -0.55 0
2.602040816326531 -0.55 0
2.653061224489796 -0.65 0
2.602040816326531 -0.6500000000000001 0
2.704081632653061 -0.6 0
2.755102040816326 -0.55 0
2.704081632653061 -0.55 0
2.755102040816326 -0.65 0
2.704081632653061 -0.6500000000000001 0
2.806122448979592 -0.6 0
2.857142857142857 -0.55 0
2.806122448979592 -0.55 0
2.857142857142857 -0.65 0
2.806122448979592 -0.6500000000000001 0
2.908163265306122 -0.6 0
2.959183673469388 -0.55 0
2.908163265306122 -0.55 0
2.959183673469388 -0.65 0
2.908163265306122 -0.6500000000000001 0
3.010204081632653 -0.6 0
3.061224489795918 -0.55 0
3.010204081632653 -0.55 0
3.061224489795918 -0.65 0
3.010204081632653 -0.6500000000000001 0
3.112244897959183 -0.6 0
3.163265306122449 -0.55 0
3.112244897959183 -0.55 0
3.163265306122449 -0.65 0
3.112244897959183 -0.6500000000000001 0
3.214285714285714 -0.6 0
3.265306122448979 -0.55 0
3.214285714285714 -0.55 0
3.265306122448979 -0.65 0
3.214285714285714 -0.6500000000000001 0
3.316326530612245 -0.6 0
3.36734693877551 -0.55 0
3.316326530612245 -0.55 0
3.36734693877551 -0.65 0
3.316326530612245 -0.6500000000000001 0
3.418367346938775 -0.6 0
3.469387755102041 -0.55 0
3.418367346938775 -0.55 0
3.469387755102041 -0.65 0
3.418367346938775 -0.6500000000000001 0
3.520408163265306 -0.6 0
3.571428571428571 -0.55 0
3.520408163265306 -0.55 0
3.571428571428571 -0.65 0
3.520408163265306 -0.6500000000000001 0
3.622448979591836 -0.6 0
3.673469387755102 -0.55 0
3.622448979591836 -0.55 0
3.673469387755102 -0.65 0
3.622448979591836 -0.6500000000000001 0
3.724489795918367 -0.6 0
3.775510204081632 -0.55 0
3.724489795918367 -0.55 0
3.775510204081632 -0.65 0
3.724489795918367 -0.6500000000000001 0
3.826530612244897 -0.6 0
3.877551020408163 -0.55 0
3.826530612244897 -0.55 0
3.877551020408163 -0.65 0
3.826530612244897 -0.6500000000000001 0
3.928571428571428 -0.6 0
3.979591836734693 -0.55 0
3.928571428571428 -0.55 0
3.979591836734693 -0.65 0
3.928571428571428 -0.6500000000000001 0
4.030612244897958 -0.6 0
4.081632653061224 -0.55 0
4.030612244897958 -0.55 0
4.081632653061224 -0.65 0
4.030612244897958 -0.6500000000000001 0
4.13265306122449 -0.6 0
4.183673469387755 -0.55 0
4.13265306122449 -0.55 0
4.183673469387755 -0.65 0
4.13265306122449 -0.6500000000000001 0
4.23469387755102 -0.6 0
4.285714285714286 -0.55 0
4.23469387755102 -0.55 0
4.285714285714286 -0.65 0
4.23469387755102 -0.6500000000000001 0
4.336734693877551 -0.6 0
4.387755102040816 -0.55 0
4.336734693877551 -0.55 0
4.387755102040816 -0.65 0
4.336734693877551 -0.6500000000000001 0
4.438775510204081 -0.6 0
4.489795918367347 -0.55 0
4.438775510204081 -0.55 0
4.489795918367347 -0.65 0
4.438775510204081 -0.6500000000000001 0
4.540816326530612 -0.6 0
4.591836734693877 -0.55 0
4.540816326530612 -0.55 0
4.591836734693877 -0.65 0
4.540816326530612 -0.6500000000000001 0
4.642857142857142 -0.6 0
4.693877551020408 -0.55 0
4.642857142857142 -0.55 0
4.693877551020408 -0.65 0
4.642857142857142 -0.6500000000000001 0
4.744897959183673 -0.6 0
4.795918367346939 -0.55 0
4.744897959183673 -0.55 0
4.795918367346939 -0.65 0
4.744897959183673 -0.6500000000000001 0
4.846938775510204 -0.6 0
4.897959183673469 -0.55 0
4.846938775510204 -0.55 0
4.897959183673469 -0.65 0
4.846938775510204 -0.6500000000000001 0
4.948979591836735 -0.6 0
4.948979591836735 -0.55 0
4.948979591836735 -0.65 0
$EndNodes
$Elements
51 2499 1 2499
0 1 15 1
1 1 
0 2 15 1
2 2 
0 3 15 1
3 3 
0 4 15 1
4 4 
0 5 15 1
5 5 
0 6 15 1
6 6 
0 7 15 1
7 7 
0 8 15 1
8 8 
0 9 15 1
9 9 
0 10 15 1
10 10 
0 11 15 1
11 11 
0 12 15 1
12 12 
0 13 15 1
13 13 
0 14 15 1
14 14 
0 15 15 1
15 15 
0 16 15 1
16 16 
0 17 15 1
17 17 
0 18 15 1
18 18 
1 1 8 49
19 1 19 67 
20 19 20 68 
21 20 21 69 
22 21 22 70 
23 22 23 71 
24 23 24 72 
25 24 25 73 
26 25 26 74 
27 26 27 75 
28 27 28 76 
29 28 29 77 
30 29 30 78 
31 30 31 79 
32 31 32 80 
33 32 33 81 
34 33 34 82 
35 34 35 83 
36 35 36 84 
37 36 37 85 
38 37 38 86 
39 38 39 87 
40 39 40 88 
41 40 41 89 
42 41 42 90 
43 42 43 91 
44 43 44 92 
45 44 45 93 
46 45 46 94 
47 46 47 95 
48 47 48 96 
49 48 49 97 
50 49 50 98 
51 50 51 99 
52 51 52 100 
53 52 53 101 
54 53 54 102 
55 54 55 103 
56 55 56 104 
57 56 57 105 
58 57 58 106 
59 58 59 107 
60 59 60 108 
61 60 61 109 
62 61 62 110 
63 62 63 111 
64 63 64 112 
65 64 65 113 
66 65 66 114 
67 66 2 115 
1 2 8 3
68 1 116 118 
69 116 117 119 
70 117 3 120 
1 3 8 3
71 2 121 123 
72 121 122 124 
73 122 4 125 
1 4 8 49
74 3 126 174 
75 126 127 175 
76 127 128 176 
77 128 129 177 
78 129 130 178 
79 130 131 179 
80 131 132 180 
81 132 133 181 
82 133 134 182 
83 134 135 183 
84 135 136 184 
85 136 137 185 
86 137 138 186 
87 138 139 187 
88 139 140 188 
89 140 141 189 
90 141 142 190 
91 142 143 191 
92 143 144 192 
93 144 145 193 
94 145 146 194 
95 146 147 195 
96 147 148 196 
97 148 149 197 
98 149 150 198 
99 150 151 199 
100 151 152 200 
101 152 153 201 
102 153 154 202 
103 154 155 203 
104 155 156 204 
105 156 157 205 
106 157 158 206 
107 158 159 207 
108 159 160 208 
109 160 161 209 
110 161 162 210 
111 162 163 211 
112 163 164 212 
113 164 165 213 
114 165 166 214 
115 166 167 215 
116 167 168 216 
117 168 169 217 
118 169 170 218 
119 170 171 219 
120 171 172 220 
121 172 173 221 
122 173 4 222 
1 5 8 3
123 1 223 225 
124 223 224 226 
125 224 5 227 
1 6 8 3
126 2 228 230 
127 228 229 231 
128 229 6 232 
1 7 8 49
129 5 233 281 
130 233 234 282 
131 234 235 283 
132 235 236 284 
133 236 237 285 
134 237 238 286 
135 238 239 287 
136 239 240 288 
137 240 241 289 
138 241 242 290 
139 242 243 291 
140 243 244 292 
141 244 245 293 
142 245 246 294 
143 246 247 295 
144 247 248 296 
145 248 249 297 
146 249 250 298 
147 250 251 299 
148 251 252 300 
149 252 253 301 
150 253 254 302 
151 254 255 303 
152 255 256 304 
153 256 257 305 
154 257 258 306 
155 258 259 307 
156 259 260 308 
157 260 261 309 
158 261 262 310 
159 262 263 311 
160 263 264 312 
161 264 265 313 
162 265 266 314 
163 266 267 315 
164 267 268 316 
165 268 269 317 
166 269 270 318 
167 270 271 319 
168 271 272 320 
169 272 273 321 
170 273 274 322 
171 274 275 323 
172 275 276 324 
173 276 277 325 
174 277 278 326 
175 278 279 327 
176 279 280 328 
177 280 6 329 
1 8 8 10
178 3 330 339 
179 330 331 340 
180 331 332 341 
181 332 333 342 
182 333 334 343 
183 334 335 344 
184 335 336 345 
185 336 337 346 
186 337 338 347 
187 338 7 348 
1 9 8 10
188 4 349 358 
189 349 350 359 
190 350 351 360 
191 351 352 361 
192 352 353 362 
193 353 354 363 
194 354 355 364 
195 355 356 365 
196 356 357 366 
197 357 8 367 
1 10 8 49
198 7 368 416 
199 368 369 417 
200 369 370 418 
201 370 371 419 
202 371 372 420 
203 372 373 421 
204 373 374 422 
205 374 375 423 
206 375 376 424 
207 376 377 425 
208 377 378 426 
209 378 379 427 
210 379 380 428 
211 380 381 429 
212 381 382 430 
213 382 383 431 
214 383 384 432 
215 384 385 433 
216 385 386 434 
217 386 387 435 
218 387 388 436 
219 388 389 437 
220 389 390 438 
221 390 391 439 
222 391 392 440 
223 392 393 441 
224 393 394 442 
225 394 395 443 
226 395 396 444 
227 396 397 445 
228 397 398 446 
229 398 399 447 
230 399 400 448 
231 400 401 449 
232 401 402 450 
233 402 403 451 
234 403 404 452 
235 404 405 453 
236 405 406 454 
237 406 407 455 
238 407 408 456 
239 408 409 457 
240 409 410 458 
241 410 411 459 
242 411 412 460 
243 412 413 461 
244 413 414 462 
245 414 415 463 
246 415 8 464 
1 11 8 5
247 7 465 469 
248 465 466 470 
249 466 467 471 
250 467 468 472 
251 468 9 473 
1 12 8 5
252 8 474 478 
253 474 475 479 
254 475 476 480 
255 476 477 481 
256 477 10 482 
1 13 8 49
257 9 483 531 
258 483 484 532 
259 484 485 533 
260 485 486 534 
261 486 487 535 
262 487 488 536 
263 488 489 537 
264 489 490 538 
265 490 491 539 
266 491 492 540 
267 492 493 541 
268 493 494 542 
269 494 495 543 
270 495 496 544 
271 496 497 545 
272 497 498 546 
273 498 499 547 
274 499 500 548 
275 500 501 549 
276 501 502 550 
277 502 503 551 
278 503 504 552 
279 504 505 553 
280 505 506 554 
281 506 507 555 
282 507 508 556 
283 508 509 557 
284 509 510 558 
285 510 511 559 
286 511 512 560 
287 512 513 561 
288 513 514 562 
289 514 515 563 
290 515 516 564 
291 516 517 565 
292 517 518 566 
293 518 519 567 
294 519 520 568 
295 520 521 569 
296 521 522 570 
297 522 523 571 
298 523 524 572 
299 524 525 573 
300 525 526 574 
301 526 527 575 
302 527 528 576 
303 528 529 577 
304 529 530 578 
305 530 10 579 
1 14 8 2
306 9 580 581 
307 580 11 582 
1 15 8 2
308 10 583 584 
309 583 12 585 
1 16 8 49
310 11 586 634 
311 586 587 635 
312 587 588 636 
313 588 589 637 
314 589 590 638 
315 590 591 639 
316 591 592 640 
317 592 593 641 
318 593 594 642 
319 594 595 643 
320 595 596 644 
321 596 597 645 
322 597 598 646 
323 598 599 647 
324 599 600 648 
325 600 601 649 
326 601 602 650 
327 602 603 651 
328 603 604 652 
329 604 605 653 
330 605 606 654 
331 606 607 655 
332 607 608 656 
333 608 609 657 
334 609 610 658 
335 610 611 659 
336 611 612 660 
337 612 613 661 
338 613 614 662 
339 614 615 663 
340 615 616 664 
341 616 617 665 
342 617 618 666 
343 618 619 667 
344 619 620 668 
345 620 621 669 
346 621 622 670 
347 622 623 671 
348 623 624 672 
349 624 625 673 
350 625 626 674 
351 626 627 675 
352 627 628 676 
353 628 629 677 
354 629 630 678 
355 630 631 679 
356 631 632 680 
357 632 633 681 
358 633 12 682 
1 17 8 10
359 5 683 692 
360 683 684 693 
361 684 685 694 
362 685 686 695 
363 686 687 696 
364 687 688 697 
365 688 689 698 
366 689 690 699 
367 690 691 700 
368 691 13 701 
1 18 8 10
369 6 702 711 
370 702 703 712 
371 703 704 713 
372 704 705 714 
373 705 706 715 
374 706 707 716 
375 707 708 717 
376 708 709 718 
377 709 710 719 
378 710 14 720 
1 19 8 49
379 13 721 769 
380 721 722 770 
381 722 723 771 
382 723 724 772 
383 724 725 773 
384 725 726 774 
385 726 727 775 
386 727 728 776 
387 728 729 777 
388 729 730 778 
389 730 731 779 
390 731 732 780 
391 732 733 781 
392 733 734 782 
393 734 735 783 
394 735 736 784 
395 736 737 785 
396 737 738 786 
397 738 739 787 
398 739 740 788 
399 740 741 789 
400 741 742 790 
401 742 743 791 
402 743 744 792 
403 744 745 793 
404 745 746 794 
405 746 747 795 
406 747 748 796 
407 748 749 797 
408 749 750 798 
409 750 751 799 
410 751 752 800 
411 752 753 801 
412 753 754 802 
413 754 755 803 
414 755 756 804 
415 756 757 805 
416 757 758 806 
417 758 759 807 
418 759 760 808 
419 760 761 809 
420 761 762 810 
421 762 763 811 
422 763 764 812 
423 764 765 813 
424 765 766 814 
425 766 767 815 
426 767 768 816 
427 768 14 817 
1 20 8 5
428 13 818 822 
429 818 819 823 
430 819 820 824 
431 820 821 825 
432 821 15 826 
1 21 8 5
433 14 827 831 
434 827 828 832 
435 828 829 833 
436 829 830 834 
437 830 16 835 
1 22 8 49
438 15 836 884 
439 836 837 885 
440 837 838 886 
441 838 839 887 
442 839 840 888 
443 840 841 889 
444 841 842 890 
445 842 843 891 
446 843 844 892 
447 844 845 893 
448 845 846 894 
449 846 847 895 
450 847 848 896 
451 848 849 897 
452 849 850 898 
453 850 851 899 
454 851 852 900 
455 852 853 901 
456 853 854 902 
457 854 855 903 
458 855 856 904 
459 856 857 905 
460 857 858 906 
461 858 859 907 
462 859 860 908 
463 860 861 909 
464 861 862 910 
465 862 863 911 
466 863 864 912 
467 864 865 913 
468 865 866 914 
469 866 867 915 
470 867 868 916 
471 868 869 917 
472 869 870 918 
473 870 871 919 
474 871 872 920 
475 872 873 921 
476 873 874 922 
477 874 875 923 
478 875 876 924 
479 876 877 925 
480 877 878 926 
481 878 879 927 
482 879 880 928 
483 880 881 929 
484 881 882 930 
485 882 883 931 
486 883 16 932 
1 23 8 2
487 15 933 934 
488 933 17 935 
1 24 8 2
489 16 936 937 
490 936 18 938 
1 25 8 49
491 17 939 987 
492 939 940 988 
493 940 941 989 
494 941 942 990 
495 942 943 991 
496 943 944 992 
497 944 945 993 
498 945 946 994 
499 946 947 995 
500 947 948 996 
501 948 949 997 
502 949 950 998 
503 950 951 999 
504 951 952 1000 
505 952 953 1001 
506 953 954 1002 
507 954 955 1003 
508 955 956 1004 
509 956 957 1005 
510 957 958 1006 
511 958 959 1007 
512 959 960 1008 
513 960 961 1009 
514 961 962 1010 
515 962 963 1011 
516 963 964 1012 
517 964 965 1013 
518 965 966 1014 
519 966 967 1015 
520 967 968 1016 
521 968 969 1017 
522 969 970 1018 
523 970 971 1019 
524 971 972 1020 
525 972 973 1021 
526 973 974 1022 
527 974 975 1023 
528 975 976 1024 
529 976 977 1025 
530 977 978 1026 
531 978 979 1027 
532 979 980 1028 
533 980 981 1029 
534 981 982 1030 
535 982 983 1031 
536 983 984 1032 
537 984 985 1033 
538 985 986 1034 
539 986 18 1035 
2 1 10 147
540 1 116 1036 19 118 1132 1133 67 1134 
541 116 117 1037 1036 119 1135 1136 1132 1137 
542 117 3 126 1037 120 174 1138 1135 1139 
543 19 1036 1038 20 1133 1140 1141 68 1142 
544 1036 1037 1039 1038 1136 1143 1144 1140 1145 
545 1037 126 127 1039 1138 175 1146 1143 1147 
546 20 1038 1040 21 1141 1148 1149 69 1150 
547 1038 1039 1041 1040 1144 1151 1152 1148 1153 
548 1039 127 128 1041 1146 176 1154 1151 1155 
549 21 1040 1042 22 1149 1156 1157 70 1158 
550 1040 1041 1043 1042 1152 1159 1160 1156 1161 
551 1041 128 129 1043 1154 177 1162 1159 1163 
552 22 1042 1044 23 1157 1164 1165 71 1166 
553 1042 1043 1045 1044 1160 1167 1168 1164 1169 
554 1043 129 130 1045 1162 178 1170 1167 1171 
555 23 1044 1046 24 1165 1172 1173 72 1174 
556 1044 1045 1047 1046 1168 1175 1176 1172 1177 
557 1045 130 131 1047 1170 179 1178 1175 1179 
558 24 1046 1048 25 1173 1180 1181 73 1182 
559 1046 1047 1049 1048 1176 1183 1184 1180 1185 
560 1047 131 132 1049 1178 180 1186 1183 1187 
561 25 1048 1050 26 1181 1188 1189 74 1190 
562 1048 1049 1051 1050 1184 1191 1192 1188 1193 
563 1049 132 133 1051 1186 181 1194 1191 1195 
564 26 1050 1052 27 1189 1196 1197 75 1198 
565 1050 1051 1053 1052 1192 1199 1200 1196 1201 
566 1051 133 134 1053 1194 182 1202 1199 1203 
567 27 1052 1054 28 1197 1204 1205 76 1206 
568 1052 1053 1055 1054 1200 1207 1208 1204 1209 
569 1053 134 135 1055 1202 183 1210 1207 1211 
570 28 1054 1056 29 1205 1212 1213 77 1214 
571 1054 1055 1057 1056 1208 1215 1216 1212 1217 
572 1055 135 136 1057 1210 184 1218 1215 1219 
573 29 1056 1058 30 1213 1220 1221 78 1222 
574 1056 1057 1059 1058 1216 1223 1224 1220 1225 
575 1057 136 137 1059 1218 185 1226 1223 1227 
576 30 1058 1060 31 1221 1228 1229 79 1230 
577 1058 1059 1061 1060 1224 1231 1232 1228 1233 
578 1059 137 138 1061 1226 186 1234 1231 1235 
579 31 1060 1062 32 1229 1236 1237 80 1238 
580 1060 1061 1063 1062 1232 1239 1240 1236 1241 
581 1061 138 139 1063 1234 187 1242 1239 1243 
582 32 1062 1064 33 1237 1244 1245 81 1246 
583 1062 1063 1065 1064 1240 1247 1248 1244 1249 
584 1063 139 140 1065 1242 188 1250 1247 1251 
585 33 1064 1066 34 1245 1252 1253 82 1254 
586 1064 1065 1067 1066 1248 1255 1256 1252 1257 
587 1065 140 141 1067 1250 189 1258 1255 1259 
588 34 1066 1068 35 1253 1260 1261 83 1262 
589 1066 1067 1069 1068 1256 1263 1264 1260 1265 
590 1067 141 142 1069 1258 190 1266 1263 1267 
591 35 1068 1070 36 1261 1268 1269 84 1270 
592 1068 1069 1071 1070 1264 1271 1272 1268 1273 
593 1069 142 143 1071 1266 191 1274 1271 1275 
594 36 1070 1072 37 1269 1276 1277 85 1278 
595 1070 1071 1073 1072 1272 1279 1280 1276 1281 
596 1071 143 144 1073 1274 192 1282 1279 1283 
597 37 1072 1074 38 1277 1284 1285 86 1286 
598 1072 1073 1075 1074 1280 1287 1288 1284 1289 
599 1073 144 145 1075 1282 193 1290 1287 1291 
600 38 1074 1076 39 1285 1292 1293 87 1294 
601 1074 1075 1077 1076 1288 1295 1296 1292 1297 
602 1075 145 146 1077 1290 194 1298 1295 1299 
603 39 1076 1078 40 1293 1300 1301 88 1302 
604 1076 1077 1079 1078 1296 1303 1304 1300 1305 
605 1077 146 147 1079 1298 195 1306 1303 1307 
606 40 1078 1080 41 1301 1308 1309 89 1310 
607 1078 1079 1081 1080 1304 1311 1312 1308 1313 
608 1079 147 148 1081 1306 196 1314 1311 1315 
609 41 1080 1082 42 1309 1316 1317 90 1318 
610 1080 1081 1083 1082 1312 1319 1320 1316 1321 
611 1081 148 149 1083 1314 197 1322 1319 1323 
612 42 1082 1084 43 1317 1324 1325 91 1326 
613 1082 1083 1085 1084 1320 1327 1328 1324 1329 
614 1083 149 150 1085 1322 198 1330 1327 1331 
615 43 1084 1086 44 1325 1332 1333 92 1334 
616 1084 1085 1087 1086 1328 1335 1336 1332 1337 
617 1085 150 151 1087 1330 199 1338 1335 1339 
618 44 1086 1088 45 1333 1340 1341 93 1342 
619 1086 1087 1089 1088 1336 1343 1344 1340 1345 
620 1087 151 152 1089 1338 200 1346 1343 1347 
621 45 1088 1090 46 1341 1348 1349 94 1350 
622 1088 1089 1091 1090 1344 1351 1352 1348 1353 
623 1089 152 153 1091 1346 201 1354 1351 1355 
624 46 1090 1092 47 1349 1356 1357 95 1358 
625 1090 1091 1093 1092 1352 1359 1360 1356 1361 
626 1091 153 154 1093 1354 202 1362 1359 1363 
627 47 1092 1094 48 1357 1364 1365 96 1366 
628 1092 1093 1095 1094 1360 1367 1368 1364 1369 
629 1093 154 155 1095 1362 203 1370 1367 1371 
630 48 1094 1096 49 1365 1372 1373 97 1374 
631 1094 1095 1097 1096 1368 1375 1376 1372 1377 
632 1095 155 156 1097 1370 204 1378 1375 1379 
633 49 1096 1098 50 1373 1380 1381 98 1382 
634 1096 1097 1099 1098 1376 1383 1384 1380 1385 
635 1097 156 157 1099 1378 205 1386 1383 1387 
636 50 1098 1100 51 1381 1388 1389 99 1390 
637 1098 1099 1101 1100 1384 1391 1392 1388 1393 
638 1099 157 158 1101 1386 206 1394 1391 1395 
639 51 1100 1102 52 1389 1396 1397 100 1398 
640 1100 1101 1103 1102 1392 1399 1400 1396 1401 
641 1101 158 159 1103 1394 207 1402 1399 1403 
642 52 1102 1104 53 1397 1404 1405 101 1406 
643 1102 1103 1105 1104 1400 1407 1408 1404 1409 
644 1103 159 160 1105 1402 208 1410 1407 1411 
645 53 1104 1106 54 1405 1412 1413 102 1414 
646 1104 1105 1107 1106 1408 1415 1416 1412 1417 
647 1105 160 161 1107 1410 209 1418 1415 1419 
648 54 1106 1108 55 1413 1420 1421 103 1422 
649 1106 1107 1109 1108 1416 1423 1424 1420 1425 
650 1107 161 162 1109 1418 210 1426 1423 1427 
651 55 1108 1110 56 1421 1428 1429 104 1430 
652 1108 1109 1111 1110 1424 1431 1432 1428 1433 
653 1109 162 163 1111 1426 211 1434 1431 1435 
654 56 1110 1112 57 1429 1436 1437 105 1438 
655 1110 1111 1113 1112 1432 1439 1440 1436 1441 
656 1111 163 164 1113 1434 212 1442 1439 1443 
657 57 1112 1114 58 1437 1444 1445 106 1446 
658 1112 1113 1115 1114 1440 1447 1448 1444 1449 
659 1113 164 165 1115 1442 213 1450 1447 1451 
660 58 1114 1116 59 1445 1452 1453 107 1454 
661 1114 1115 1117 1116 1448 1455 1456 1452 1457 
662 1115 165 166 1117 1450 214 1458 1455 1459 
663 59 1116 1118 60 1453 1460 1461 108 1462 
664 1116 1117 1119 1118 1456 1463 1464 1460 1465 
665 1117 166 167 1119 1458 215 1466 1463 1467 
666 60 1118 1120 61 1461 1468 1469 109 1470 
667 1118 1119 1121 1120 1464 1471 1472 1468 1473 
668 1119 167 168 1121 1466 216 1474 1471 1475 
669 61 1120 1122 62 1469 1476 1477 110 1478 
670 1120 1121 1123 1122 1472 1479 1480 1476 1481 
671 1121 168 169 1123 1474 217 1482 1479 1483 
672 62 1122 1124 63 1477 1484 1485 111 1486 
673 1122 1123 1125 1124 1480 1487 1488 1484 1489 
674 1123 169 170 1125 1482 218 1490 1487 1491 
675 63 1124 1126 64 1485 1492 1493 112 1494 
676 1124 1125 1127 1126 1488 1495 1496 1492 1497 
677 1125 170 171 1127 1490 219 1498 1495 1499 
678 64 1126 1128 65 1493 1500 1501 113 1502 
679 1126 1127 1129 1128 1496 1503 1504 1500 1505 
680 1127 171 172 1129 1498 220 1506 1503 1507 
681 65 1128 1130 66 1501 1508 1509 114 1510 
682 1128 1129 1131 1130 1504 1511 1512 1508 1513 
683 1129 172 173 1131 1506 221 1514 1511 1515 
684 66 1130 121 2 1509 1516 123 115 1517 
685 1130 1131 122 121 1512 1518 124 1516 1519 
686 1131 173 4 122 1514 222 125 1518 1520 
2 2 10 147
687 1 223 1521 19 225 1617 1618 67 1619 
688 223 224 1522 1521 226 1620 1621 1617 1622 
689 224 5 233 1522 227 281 1623 1620 1624 
690 19 1521 1523 20 1618 1625 1626 68 1627 
691 1521 1522 1524 1523 1621 1628 1629 1625 1630 
692 1522 233 234 1524 1623 282 1631 1628 1632 
693 20 1523 1525 21 1626 1633 1634 69 1635 
694 1523 1524 1526 1525 1629 1636 1637 1633 1638 
695 1524 234 235 1526 1631 283 1639 1636 1640 
696 21 1525 1527 22 1634 1641 1642 70 1643 
697 1525 1526 1528 1527 1637 1644 1645 1641 1646 
698 1526 235 236 1528 1639 284 1647 1644 1648 
699 22 1527 1529 23 1642 1649 1650 71 1651 
700 1527 1528 1530 1529 1645 1652 1653 1649 1654 
701 1528 236 237 1530 1647 285 1655 1652 1656 
702 23 1529 1531 24 1650 1657 1658 72 1659 
703 1529 1530 1532 1531 1653 1660 1661 1657 1662 
704 1530 237 238 1532 1655 286 1663 1660 1664 
705 24 1531 1533 25 1658 1665 1666 73 1667 
706 1531 1532 1534 1533 1661 1668 1669 1665 1670 
707 1532 238 239 1534 1663 287 1671 1668 1672 
708 25 1533 1535 26 1666 1673 1674 74 1675 
709 1533 1534 1536 1535 1669 1676 1677 1673 1678 
710 1534 239 240 1536 1671 288 1679 1676 1680 
711 26 1535 1537 27 1674 1681 1682 75 1683 
712 1535 1536 1538 1537 1677 1684 1685 1681 1686 
713 1536 240 241 1538 1679 289 1687 1684 1688 
714 27 1537 1539 28 1682 1689 1690 76 1691 
715 1537 1538 1540 1539 1685 1692 1693 1689 1694 
716 1538 241 242 1540 1687 290 1695 1692 1696 
717 28 1539 1541 29 1690 1697 1698 77 1699 
718 1539 1540 1542 1541 1693 1700 1701 1697 1702 
719 1540 242 243 1542 1695 291 1703 1700 1704 
720 29 1541 1543 30 1698 1705 1706 78 1707 
721 1541 1542 1544 1543 1701 1708 1709 1705 1710 
722 1542 243 244 1544 1703 292 1711 1708 1712 
723 30 1543 1545 31 1706 1713 1714 79 1715 
724 1543 1544 1546 1545 1709 1716 1717 1713 1718 
725 1544 244 245 1546 1711 293 1719 1716 1720 
726 31 1545 1547 32 1714 1721 1722 80 1723 
727 1545 1546 1548 1547 1717 1724 1725 1721 1726 
728 1546 245 246 1548 1719 294 1727 1724 1728 
729 32 1547 1549 33 1722 1729 1730 81 1731 
730 1547 1548 1550 1549 1725 1732 1733 1729 1734 
731 1548 246 247 1550 1727 295 1735 1732 1736 
732 33 1549 1551 34 1730 1737 1738 82 1739 
733 1549 1550 1552 1551 1733 1740 1741 1737 1742 
734 1550 247 248 1552 1735 296 1743 1740 1744 
735 34 1551 1553 35 1738 1745 1746 83 1747 
736 1551 1552 1554 1553 1741 1748 1749 1745 1750 
737 1552 248 249 1554 1743 297 1751 1748 1752 
738 35 1553 1555 36 1746 1753 1754 84 1755 
739 1553 1554 1556 1555 1749 1756 1757 1753 1758 
740 1554 249 250 1556 1751 298 1759 1756 1760 
741 36 1555 1557 37 1754 1761 1762 85 1763 
742 1555 1556 1558 1557 1757 1764 1765 1761 1766 
743 1556 250 251 1558 1759 299 1767 1764 1768 
744 37 1557 1559 38 1762 1769 1770 86 1771 
745 1557 1558 1560 1559 1765 1772 1773 1769 1774 
746 1558 251 252 1560 1767 300 1775 1772 1776 
747 38 1559 1561 39 1770 1777 1778 87 1779 
748 1559 1560 1562 1561 1773 1780 1781 1777 1782 
749 1560 252 253 1562 1775 301 1783 1780 1784 
750 39 1561 1563 40 1778 1785 1786 88 1787 
751 1561 1562 1564 1563 1781 1788 1789 1785 1790 
752 1562 253 254 1564 1783 302 1791 1788 1792 
753 40 1563 1565 41 1786 1793 1794 89 1795 
754 1563 1564 1566 1565 1789 1796 1797 1793 1798 
755 1564 254 255 1566 1791 303 1799 1796 1800 
756 41 1565 1567 42 1794 1801 1802 90 1803 
757 1565 1566 1568 1567 1797 1804 1805 1801 1806 
758 1566 255 256 1568 1799 304 1807 1804 1808 
759 42 1567 1569 43 1802 1809 1810 91 1811 
760 1567 1568 1570 1569 1805 1812 1813 1809 1814 
761 1568 256 257 1570 1807 305 1815 1812 1816 
762 43 1569 1571 44 1810 1817 1818 92 1819 
763 1569 1570 1572 1571 1813 1820 1821 1817 1822 
764 1570 257 258 1572 1815 306 1823 1820 1824 
765 44 1571 1573 45 1818 1825 1826 93 1827 
766 1571 1572 1574 1573 1821 1828 1829 1825 1830 
767 1572 258 259 1574 1823 307 1831 1828 1832 
768 45 1573 1575 46 1826 1833 1834 94 1835 
769 1573 1574 1576 1575 1829 1836 1837 1833 1838 
770 1574 259 260 1576 1831 308 1839 1836 1840 
771 46 1575 1577 47 1834 1841 1842 95 1843 
772 1575 1576 1578 1577 1837 1844 1845 1841 1846 
773 1576 260 261 1578 1839 309 1847 1844 1848 
774 47 1577 1579 48 1842 1849 1850 96 1851 
775 1577 1578 1580 1579 1845 1852 1853 1849 1854 
776 1578 261 262 1580 1847 310 1855 1852 1856 
777 48 1579 1581 49 1850 1857 1858 97 1859 
778 1579 1580 1582 1581 1853 1860 1861 1857 1862 
779 1580 262 263 1582 1855 311 1863 1860 1864 
780 49 1581 1583 50 1858 1865 1866 98 1867 
781 1581 1582 1584 1583 1861 1868 1869 1865 1870 
782 1582 263 264 1584 1863 312 1871 1868 1872 
783 50 1583 1585 51 1866 1873 1874 99 1875 
784 1583 1584 1586 1585 1869 1876 1877 1873 1878 
785 1584 264 265 1586 1871 313 1879 1876 1880 
786 51 1585 1587 52 1874 1881 1882 100 1883 
787 1585 1586 1588 1587 1877 1884 1885 1881 1886 
788 1586 265 266 1588 1879 314 1887 1884 1888 
789 52 1587 1589 53 1882 1889 1890 101 1891 
790 1587 1588 1590 1589 1885 1892 1893 1889 1894 
791 1588 266 267 1590 1887 315 1895 1892 1896 
792 53 1589 1591 54 1890 1897 1898 102 1899 
793 1589 1590 1592 1591 1893 1900 1901 1897 1902 
794 1590 267 268 1592 1895 316 1903 1900 1904 
795 54 1591 1593 55 1898 1905 1906 103 1907 
796 1591 1592 1594 1593 1901 1908 1909 1905 1910 
797 1592 268 269 1594 1903 317 1911 1908 1912 
798 55 1593 1595 56 1906 1913 1914 104 1915 
799 1593 1594 1596 1595 1909 1916 1917 1913 1918 
800 1594 269 270 1596 1911 318 1919 1916 1920 
801 56 1595 1597 57 1914 1921 1922 105 1923 
802 1595 1596 1598 1597 1917 1924 1925 1921 1926 
803 1596 270 271 1598 1919 319 1927 1924 1928 
804 57 1597 1599 58 1922 1929 1930 106 1931 
805 1597 1598 1600 1599 1925 1932 1933 1929 1934 
806 1598 271 272 1600 1927 320 1935 1932 1936 
807 58 1599 1601 59 1930 1937 1938 107 1939 
808 1599 1600 1602 1601 1933 1940 1941 1937 1942 
809 1600 272 273 1602 1935 321 1943 1940 1944 
810 59 1601 1603 60 1938 1945 1946 108 1947 
811 1601 1602 1604 1603 1941 1948 1949 1945 1950 
812 1602 273 274 1604 1943 322 1951 1948 1952 
813 60 1603 1605 61 1946 1953 1954 109 1955 
814 1603 1604 1606 1605 1949 1956 1957 1953 1958 
815 1604 274 275 1606 1951 323 1959 1956 1960 
816 61 1605 1607 62 1954 1961 1962 110 1963 
817 1605 1606 1608 1607 1957 1964 1965 1961 1966 
818 1606 275 276 1608 1959 324 1967 1964 1968 
819 62 1607 1609 63 1962 1969 1970 111 1971 
820 1607 1608 1610 1609 1965 1972 1973 1969 1974 
821 1608 276 277 1610 1967 325 1975 1972 1976 
822 63 1609 1611 64 1970 1977 1978 112 1979 
823 1609 1610 1612 1611 1973 1980 1981 1977 1982 
824 1610 277 278 1612 1975 326 1983 1980 1984 
825 64 1611 1613 65 1978 1985 1986 113 1987 
826 1611 1612 1614 1613 1981 1988 1989 1985 1990 
827 1612 278 279 1614 1983 327 1991 1988 1992 
828 65 1613 1615 66 1986 1993 1994 114 1995 
829 1613 1614 1616 1615 1989 1996 1997 1993 1998 
830 1614 279 280 1616 1991 328 1999 1996 2000 
831 66 1615 228 2 1994 2001 230 115 2002 
832 1615 1616 229 228 1997 2003 231 2001 2004 
833 1616 280 6 229 1999 329 232 2003 2005 
2 3 10 490
834 3 330 2006 126 339 2438 2439 174 2440 
835 330 331 2007 2006 340 2441 2442 2438 2443 
836 331 332 2008 2007 341 2444 2445 2441 2446 
837 332 333 2009 2008 342 2447 2448 2444 2449 
838 333 334 2010 2009 343 2450 2451 2447 2452 
839 334 335 2011 2010 344 2453 2454 2450 2455 
840 335 336 2012 2011 345 2456 2457 2453 2458 
841 336 337 2013 2012 346 2459 2460 2456 2461 
842 337 338 2014 2013 347 2462 2463 2459 2464 
843 338 7 368 2014 348 416 2465 2462 2466 
844 126 2006 2015 127 2439 2467 2468 175 2469 
845 2006 2007 2016 2015 2442 2470 2471 2467 2472 
846 2007 2008 2017 2016 2445 2473 2474 2470 2475 
847 2008 2009 2018 2017 2448 2476 2477 2473 2478 
848 2009 2010 2019 2018 2451 2479 2480 2476 2481 
849 2010 2011 2020 2019 2454 2482 2483 2479 2484 
850 2011 2012 2021 2020 2457 2485 2486 2482 2487 
851 2012 2013 2022 2021 2460 2488 2489 2485 2490 
852 2013 2014 2023 2022 2463 2491 2492 2488 2493 
853 2014 368 369 2023 2465 417 2494 2491 2495 
854 127 2015 2024 128 2468 2496 2497 176 2498 
855 2015 2016 2025 2024 2471 2499 2500 2496 2501 
856 2016 2017 2026 2025 2474 2502 2503 2499 2504 
857 2017 2018 2027 2026 2477 2505 2506 2502 2507 
858 2018 2019 2028 2027 2480 2508 2509 2505 2510 
859 2019 2020 2029 2028 2483 2511 2512 2508 2513 
860 2020 2021 2030 2029 2486 2514 2515 2511 2516 
861 2021 2022 2031 2030 2489 2517 2518 2514 2519 
862 2022 2023 2032 2031 2492 2520 2521 2517 2522 
863 2023 369 370 2032 2494 418 2523 2520 2524 
864 128 2024 2033 129 2497 2525 2526 177 2527 
865 2024 2025 2034 2033 2500 2528 2529 2525 2530 
866 2025 2026 2035 2034 2503 2531 2532 2528 2533 
867 2026 2027 2036 2035 2506 2534 2535 2531 2536 
868 2027 2028 2037 2036 2509 2537 2538 2534 2539 
869 2028 2029 2038 2037 2512 2540 2541 2537 2542 
870 2029 2030 2039 2038 2515 2543 2544 2540 2545 
871 2030 2031 2040 2039 2518 2546 2547 2543 2548 
872 2031 2032 2041 2040 2521 2549 2550 2546 2551 
873 2032 370 371 2041 2523 419 2552 2549 2553 
874 129 2033 2042 130 2526 2554 2555 178 2556 
875 2033 2034 2043 2042 2529 2557 2558 2554 2559 
876 2034 2035 2044 2043 2532 2560 2561 2557 2562 
877 2035 2036 2045 2044 2535 2563 2564 2560 2565 
878 2036 2037 2046 2045 2538 2566 2567 2563 2568 
879 2037 2038 2047 2046 2541 2569 2570 2566 2571 
880 2038 2039 2048 2047 2544 2572 2573 2569 2574 
881 2039 2040 2049 2048 2547 2575 2576 2572 2577 
882 2040 2041 2050 2049 2550 2578 2579 2575 2580 
883 2041 371 372 2050 2552 420 2581 2578 2582 
884 130 2042 2051 131 2555 2583 2584 179 2585 
885 2042 2043 2052 2051 2558 2586 2587 2583 2588 
886 2043 2044 2053 2052 2561 2589 2590 2586 2591 
887 2044 2045 2054 2053 2564 2592 2593 2589 2594 
888 2045 2046 2055 2054 2567 2595 2596 2592 2597 
889 2046 2047 2056 2055 2570 2598 2599 2595 2600 
890 2047 2048 2057 2056 2573 2601 2602 2598 2603 
891 2048 2049 2058 2057 2576 2604 2605 2601 2606 
892 2049 2050 2059 2058 2579 2607 2608 2604 2609 
893 2050 372 373 2059 2581 421 2610 2607 2611 
894 131 2051 2060 132 2584 2612 2613 180 2614 
895 2051 2052 2061 2060 2587 2615 2616 2612 2617 
896 2052 2053 2062 2061 2590 2618 2619 2615 2620 
897 2053 2054 2063 2062 2593 2621 2622 2618 2623 
898 2054 2055 2064 2063 2596 2624 2625 2621 2626 
899 2055 2056 2065 2064 2599 2627 2628 2624 2629 
900 2056 2057 2066 2065 2602 2630 2631 2627 2632 
901 2057 2058 2067 2066 2605 2633 2634 2630 2635 
902 2058 2059 2068 2067 2608 2636 2637 2633 2638 
903 2059 373 374 2068 2610 422 2639 2636 2640 
904 132 2060 2069 133 2613 2641 2642 181 2643 
905 2060 2061 2070 2069 2616 2644 2645 2641 2646 
906 2061 2062 2071 2070 2619 2647 2648 2644 2649 
907 2062 2063 2072 2071 2622 2650 2651 2647 2652 
908 2063 2064 2073 2072 2625 2653 2654 2650 2655 
909 2064 2065 2074 2073 2628 2656 2657 2653 2658 
910 2065 2066 2075 2074 2631 2659 2660 2656 2661 
911 2066 2067 2076 2075 2634 2662 2663 2659 2664 
912 2067 2068 2077 2076 2637 2665 2666 2662 2667 
913 2068 374 375 2077 2639 423 2668 2665 2669 
914 133 2069 2078 134 2642 2670 2671 182 2672 
915 2069 2070 2079 2078 2645 2673 2674 2670 2675 
916 2070 2071 2080 2079 2648 2676 2677 2673 2678 
917 2071 2072 2081 2080 2651 2679 2680 2676 2681 
918 2072 2073 2082 2081 2654 2682 2683 2679 2684 
919 2073 2074 2083 2082 2657 2685 2686 2682 2687 
920 2074 2075 2084 2083 2660 2688 2689 2685 2690 
921 2075 2076 2085 2084 2663 2691 2692 2688 2693 
922 2076 2077 2086 2085 2666 2694 2695 2691 2696 
923 2077 375 376 2086 2668 424 2697 2694 2698 
924 134 2078 2087 135 2671 2699 2700 183 2701 
925 2078 2079 2088 2087 2674 2702 2703 2699 2704 
926 2079 2080 2089 2088 2677 2705 2706 2702 2707 
927 2080 2081 2090 2089 2680 2708 2709 2705 2710 
928 2081 2082 2091 2090 2683 2711 2712 2708 2713 
929 2082 2083 2092 2091 2686 2714 2715 2711 2716 
930 2083 2084 2093 2092 2689 2717 2718 2714 2719 
931 2084 2085 2094 2093 2692 2720 2721 2717 2722 
932 2085 2086 2095 2094 2695 2723 2724 2720 2725 
933 2086 376 377 2095 2697 425 2726 2723 2727 
934 135 2087 2096 136 2700 2728 2729 184 2730 
935 2087 2088 2097 2096 2703 2731 2732 2728 2733 
936 2088 2089 2098 2097 2706 2734 2735 2731 2736 
937 2089 2090 2099 2098 2709 2737 2738 2734 2739 
938 2090 2091 2100 2099 2712 2740 2741 2737 2742 
939 2091 2092 2101 2100 2715 2743 2744 2740 2745 
940 2092 2093 2102 2101 2718 2746 2747 2743 2748 
941 2093 2094 2103 2102 2721 2749 2750 2746 2751 
942 2094 2095 2104 2103 2724 2752 2753 2749 2754 
943 2095 377 378 2104 2726 426 2755 2752 2756 
944 136 2096 2105 137 2729 2757 2758 185 2759 
945 2096 2097 2106 2105 2732 2760 2761 2757 2762 
946 2097 2098 2107 2106 2735 2763 2764 2760 2765 
947 2098 2099 2108 2107 2738 2766 2767 2763 2768 
948 2099 2100 2109 2108 2741 2769 2770 2766 2771 
949 2100 2101 2110 2109 2744 2772 2773 2769 2774 
950 2101 2102 2111 2110 2747 2775 2776 2772 2777 
951 2102 2103 2112 2111 2750 2778 2779 2775 2780 
952 2103 2104 2113 2112 2753 2781 2782 2778 2783 
953 2104 378 379 2113 2755 427 2784 2781 2785 
954 137 2105 2114 138 2758 2786 2787 186 2788 
955 2105 2106 2115 2114 2761 2789 2790 2786 2791 
956 2106 2107 2116 2115 2764 2792 2793 2789 2794 
957 2107 2108 2117 2116 2767 2795 2796 2792 2797 
958 2108 2109 2118 2117 2770 2798 2799 2795 2800 
959 2109 2110 2119 2118 2773 2801 2802 2798 2803 
960 2110 2111 2120 2119 2776 2804 2805 2801 2806 
961 2111 2112 2121 2120 2779 2807 2808 2804 2809 
962 2112 2113 2122 2121 2782 2810 2811 2807 2812 
963 2113 379 380 2122 2784 428 2813 2810 2814 
964 138 2114 2123 139 2787 2815 2816 187 2817 
965 2114 2115 2124 2123 2790 2818 2819 2815 2820 
966 2115 2116 2125 2124 2793 2821 2822 2818 2823 
967 2116 2117 2126 2125 2796 2824 2825 2821 2826 
968 2117 2118 2127 2126 2799 2827 2828 2824 2829 
969 2118 2119 2128 2127 2802 2830 2831 2827 2832 
970 2119 2120 2129 2128 2805 2833 2834 2830 2835 
971 2120 2121 2130 2129 2808 2836 2837 2833 2838 
972 2121 2122 2131 2130 2811 2839 2840 2836 2841 
973 2122 380 381 2131 2813 429 2842 2839 2843 
974 139 2123 2132 140 2816 2844 2845 188 2846 
975 2123 2124 2133 2132 2819 2847 2848 2844 2849 
976 2124 2125 2134 2133 2822 2850 2851 2847 2852 
977 2125 2126 2135 2134 2825 2853 2854 2850 2855 
978 2126 2127 2136 2135 2828 2856 2857 2853 2858 
979 2127 2128 2137 2136 2831 2859 2860 2856 2861 
980 2128 2129 2138 2137 2834 2862 2863 2859 2864 
981 2129 2130 2139 2138 2837 2865 2866 2862 2867 
982 2130 2131 2140 2139 2840 2868 2869 2865 2870 
983 2131 381 382 2140 2842 430 2871 2868 2872 
984 140 2132 2141 141 2845 2873 2874 189 2875 
985 2132 2133 2142 2141 2848 2876 2877 2873 2878 
986 2133 2134 2143 2142 2851 2879 2880 2876 2881 
987 2134 2135 2144 2143 2854 2882 2883 2879 2884 
988 2135 2136 2145 2144 2857 2885 2886 2882 2887 
989 2136 2137 2146 2145 2860 2888 2889 2885 2890 
990 2137 2138 2147 2146 2863 2891 2892 2888 2893 
991 2138 2139 2148 2147 2866 2894 2895 2891 2896 
992 2139 2140 2149 2148 2869 2897 2898 2894 2899 
993 2140 382 383 2149 2871 431 2900 2897 2901 
994 141 2141 2150 142 2874 2902 2903 190 2904 
995 2141 2142 2151 2150 2877 2905 2906 2902 2907 
996 2142 2143 2152 2151 2880 2908 2909 2905 2910 
997 2143 2144 2153 2152 2883 2911 2912 2908 2913 
998 2144 2145 2154 2153 2886 2914 2915 2911 2916 
999 2145 2146 2155 2154 2889 2917 2918 2914 2919 
1000 2146 2147 2156 2155 2892 2920 2921 2917 2922 
1001 2147 2148 2157 2156 2895 2923 2924 2920 2925 
1002 2148 2149 2158 2157 2898 2926 2927 2923 2928 
1003 2149 383 384 2158 2900 432 2929 2926 2930 
1004 142 2150 2159 143 2903 2931 2932 191 2933 
1005 2150 2151 2160 2159 2906 2934 2935 2931 2936 
1006 2151 2152 2161 2160 2909 2937 2938 2934 2939 
1007 2152 2153 2162 2161 2912 2940 2941 2937 2942 
1008 2153 2154 2163 2162 2915 2943 2944 2940 2945 
1009 2154 2155 2164 2163 2918 2946 2947 2943 2948 
1010 2155 2156 2165 2164 2921 2949 2950 2946 2951 
1011 2156 2157 2166 2165 2924 2952 2953 2949 2954 
1012 2157 2158 2167 2166 2927 2955 2956 2952 2957 
1013 2158 384 385 2167 2929 433 2958 2955 2959 
1014 143 2159 2168 144 2932 2960 2961 192 2962 
1015 2159 2160 2169 2168 2935 2963 2964 2960 2965 
1016 2160 2161 2170 2169 2938 2966 2967 2963 2968 
1017 2161 2162 2171 2170 2941 2969 2970 2966 2971 
1018 2162 2163 2172 2171 2944 2972 2973 2969 2974 
1019 2163 2164 2173 2172 2947 2975 2976 2972 2977 
1020 2164 2165 2174 2173 2950 2978 2979 2975 2980 
1021 2165 2166 2175 2174 2953 2981 2982 2978 2983 
1022 2166 2167 2176 2175 2956 2984 2985 2981 2986 
1023 2167 385 386 2176 2958 434 2987 2984 2988 
1024 144 2168 2177 145 2961 2989 2990 193 2991 
1025 2168 2169 2178 2177 2964 2992 2993 2989 2994 
1026 2169 2170 2179 2178 2967 2995 2996 2992 2997 
1027 2170 2171 2180 2179 2970 2998 2999 2995 3000 
1028 2171 2172 2181 2180 2973 3001 3002 2998 3003 
1029 2172 2173 2182 2181 2976 3004 3005 3001 3006 
1030 2173 2174 2183 2182 2979 3007 3008 3004 3009 
1031 2174 2175 2184 2183 2982 3010 3011 3007 3012 
1032 2175 2176 2185 2184 2985 3013 3014 3010 3015 
1033 2176 386 387 2185 2987 435 3016 3013 3017 
1034 145 2177 2186 146 2990 3018 3019 194 3020 
1035 2177 2178 2187 2186 2993 3021 3022 3018 3023 
1036 2178 2179 2188 2187 2996 3024 3025 3021 3026 
1037 2179 2180 2189 2188 2999 3027 3028 3024 3029 
1038 2180 2181 2190 2189 3002 3030 3031 3027 3032 
1039 2181 2182 2191 2190 3005 3033 3034 3030 3035 
1040 2182 2183 2192 2191 3008 3036 3037 3033 3038 
1041 2183 2184 2193 2192 3011 3039 3040 3036 3041 
1042 2184 2185 2194 2193 3014 3042 3043 3039 3044 
1043 2185 387 388 2194 3016 436 3045 3042 3046 
1044 146 2186 2195 147 3019 3047 3048 195 3049 
1045 2186 2187 2196 2195 3022 3050 3051 3047 3052 
1046 2187 2188 2197 2196 3025 3053 3054 3050 3055 
1047 2188 2189 2198 2197 3028 3056 3057 3053 3058 
1048 2189 2190 2199 2198 3031 3059 3060 3056 3061 
1049 2190 2191 2200 2199 3034 3062 3063 3059 3064 
1050 2191 2192 2201 2200 3037 3065 3066 3062 3067 
1051 2192 2193 2202 2201 3040 3068 3069 3065 3070 
1052 2193 2194 2203 2202 3043 3071 3072 3068 3073 
1053 2194 388 389 2203 3045 437 3074 3071 3075 
1054 147 2195 2204 148 3048 3076 3077 196 3078 
1055 2195 2196 2205 2204 3051 3079 3080 3076 3081 
1056 2196 2197 2206 2205 3054 3082 3083 3079 3084 
1057 2197 2198 2207 2206 3057 3085 3086 3082 3087 
1058 2198 2199 2208 2207 3060 3088 3089 3085 3090 
1059 2199 2200 2209 2208 3063 3091 3092 3088 3093 
1060 2200 2201 2210 2209 3066 3094 3095 3091 3096 
1061 2201 2202 2211 2210 3069 3097 3098 3094 3099 
1062 2202 2203 2212 2211 3072 3100 3101 3097 3102 
1063 2203 389 390 2212 3074 438 3103 3100 3104 
1064 148 2204 2213 149 3077 3105 3106 197 3107 
1065 2204 2205 2214 2213 3080 3108 3109 3105 3110 
1066 2205 2206 2215 2214 3083 3111 3112 3108 3113 
1067 2206 2207 2216 2215 3086 3114 3115 3111 3116 
1068 2207 2208 2217 2216 3089 3117 3118 3114 3119 
1069 2208 2209 2218 2217 3092 3120 3121 3117 3122 
1070 2209 2210 2219 2218 3095 3123 3124 3120 3125 
1071 2210 2211 2220 2219 3098 3126 3127 3123 3128 
1072 2211 2212 2221 2220 3101 3129 3130 3126 3131 
1073 2212 390 391 2221 3103 439 3132 3129 3133 
1074 149 2213 2222 150 3106 3134 3135 198 3136 
1075 2213 2214 2223 2222 3109 3137 3138 3134 3139 
1076 2214 2215 2224 2223 3112 3140 3141 3137 3142 
1077 2215 2216 2225 2224 3115 3143 3144 3140 3145 
1078 2216 2217 2226 2225 3118 3146 3147 3143 3148 
1079 2217 2218 2227 2226 3121 3149 3150 3146 3151 
1080 2218 2219 2228 2227 3124 3152 3153 3149 3154 
1081 2219 2220 2229 2228 3127 3155 3156 3152 3157 
1082 2220 2221 2230 2229 3130 3158 3159 3155 3160 
1083 2221 391 392 2230 3132 440 3161 3158 3162 
1084 150 2222 2231 151 3135 3163 3164 199 3165 
1085 2222 2223 2232 2231 3138 3166 3167 3163 3168 
1086 2223 2224 2233 2232 3141 3169 3170 3166 3171 
1087 2224 2225 2234 2233 3144 3172 3173 3169 3174 
1088 2225 2226 2235 2234 3147 3175 3176 3172 3177 
1089 2226 2227 2236 2235 3150 3178 3179 3175 3180 
1090 2227 2228 2237 2236 3153 3181 3182 3178 3183 
1091 2228 2229 2238 2237 3156 3184 3185 3181 3186 
1092 2229 2230 2239 2238 3159 3187 3188 3184 3189 
1093 2230 392 393 2239 3161 441 3190 3187 3191 
1094 151 2231 2240 152 3164 3192 3193 200 3194 
1095 2231 2232 2241 2240 3167 3195 3196 3192 3197 
1096 2232 2233 2242 2241 3170 3198 3199 3195 3200 
1097 2233 2234 2243 2242 3173 3201 3202 3198 3203 
1098 2234 2235 2244 2243 3176 3204 3205 3201 3206 
1099 2235 2236 2245 2244 3179 3207 3208 3204 3209 
1100 2236 2237 2246 2245 3182 3210 3211 3207 3212 
1101 2237 2238 2247 2246 3185 3213 3214 3210 3215 
1102 2238 2239 2248 2247 3188 3216 3217 3213 3218 
1103 2239 393 394 2248 3190 442 3219 3216 3220 
1104 152 2240 2249 153 3193 3221 3222 201 3223 
1105 2240 2241 2250 2249 3196 3224 3225 3221 3226 
1106 2241 2242 2251 2250 3199 3227 3228 3224 3229 
1107 2242 2243 2252 2251 3202 3230 3231 3227 3232 
1108 2243 2244 2253 2252 3205 3233 3234 3230 3235 
1109 2244 2245 2254 2253 3208 3236 3237 3233 3238 
1110 2245 2246 2255 2254 3211 3239 3240 3236 3241 
1111 2246 2247 2256 2255 3214 3242 3243 3239 3244 
1112 2247 2248 2257 2256 3217 3245 3246 3242 3247 
1113 2248 394 395 2257 3219 443 3248 3245 3249 
1114 153 2249 2258 154 3222 3250 3251 202 3252 
1115 2249 2250 2259 2258 3225 3253 3254 3250 3255 
1116 2250 2251 2260 2259 3228 3256 3257 3253 3258 
1117 2251 2252 2261 2260 3231 3259 3260 3256 3261 
1118 2252 2253 2262 2261 3234 3262 3263 3259 3264 
1119 2253 2254 2263 2262 3237 3265 3266 3262 3267 
1120 2254 2255 2264 2263 3240 3268 3269 3265 3270 
1121 2255 2256 2265 2264 3243 3271 3272 3268 3273 
1122 2256 2257 2266 2265 3246 3274 3275 3271 3276 
1123 2257 395 396 2266 3248 444 3277 3274 3278 
1124 154 2258 2267 155 3251 3279 3280 203 3281 
1125 2258 2259 2268 2267 3254 3282 3283 3279 3284 
1126 2259 2260 2269 2268 3257 3285 3286 3282 3287 
1127 2260 2261 2270 2269 3260 3288 3289 3285 3290 
1128 2261 2262 2271 2270 3263 3291 3292 3288 3293 
1129 2262 2263 2272 2271 3266 3294 3295 3291 3296 
1130 2263 2264 2273 2272 3269 3297 3298 3294 3299 
1131 2264 2265 2274 2273 3272 3300 3301 3297 3302 
1132 2265 2266 2275 2274 3275 3303 3304 3300 3305 
1133 2266 396 397 2275 3277 445 3306 3303 3307 
1134 155 2267 2276 156 3280 3308 3309 204 3310 
1135 2267 2268 2277 2276 3283 3311 3312 3308 3313 
1136 2268 2269 2278 2277 3286 3314 3315 3311 3316 
1137 2269 2270 2279 2278 3289 3317 3318 3314 3319 
1138 2270 2271 2280 2279 3292 3320 3321 3317 3322 
1139 2271 2272 2281 2280 3295 3323 3324 3320 3325 
1140 2272 2273 2282 2281 3298 3326 3327 3323 3328 
1141 2273 2274 2283 2282 3301 3329 3330 3326 3331 
1142 2274 2275 2284 2283 3304 3332 3333 3329 3334 
1143 2275 397 398 2284 3306 446 3335 3332 3336 
1144 156 2276 2285 157 3309 3337 3338 205 3339 
1145 2276 2277 2286 2285 3312 3340 3341 3337 3342 
1146 2277 2278 2287 2286 3315 3343 3344 3340 3345 
1147 2278 2279 2288 2287 3318 3346 3347 3343 3348 
1148 2279 2280 2289 2288 3321 3349 3350 3346 3351 
1149 2280 2281 2290 2289 3324 3352 3353 3349 3354 
1150 2281 2282 2291 2290 3327 3355 3356 3352 3357 
1151 2282 2283 2292 2291 3330 3358 3359 3355 3360 
1152 2283 2284 2293 2292 3333 3361 3362 3358 3363 
1153 2284 398 399 2293 3335 447 3364 3361 3365 
1154 157 2285 2294 158 3338 3366 3367 206 3368 
1155 2285 2286 2295 2294 3341 3369 3370 3366 3371 
1156 2286 2287 2296 2295 3344 3372 3373 3369 3374 
1157 2287 2288 2297 2296 3347 3375 3376 3372 3377 
1158 2288 2289 2298 2297 3350 3378 3379 3375 3380 
1159 2289 2290 2299 2298 3353 3381 3382 3378 3383 
1160 2290 2291 2300 2299 3356 3384 3385 3381 3386 
1161 2291 2292 2301 2300 3359 3387 3388 3384 3389 
1162 2292 2293 2302 2301 3362 3390 3391 3387 3392 
1163 2293 399 400 2302 3364 448 3393 3390 3394 
1164 158 2294 2303 159 3367 3395 3396 207 3397 
1165 2294 2295 2304 2303 3370 3398 3399 3395 3400 
1166 2295 2296 2305 2304 3373 3401 3402 3398 3403 
1167 2296 2297 2306 2305 3376 3404 3405 3401 3406 
1168 2297 2298 2307 2306 3379 3407 3408 3404 3409 
1169 2298 2299 2308 2307 3382 3410 3411 3407 3412 
1170 2299 2300 2309 2308 3385 3413 3414 3410 3415 
1171 2300 2301 2310 2309 3388 3416 3417 3413 3418 
1172 2301 2302 2311 2310 3391 3419 3420 3416 3421 
1173 2302 400 401 2311 3393 449 3422 3419 3423 
1174 159 2303 2312 160 3396 3424 3425 208 3426 
1175 2303 2304 2313 2312 3399 3427 3428 3424 3429 
1176 2304 2305 2314 2313 3402 3430 3431 3427 3432 
1177 2305 2306 2315 2314 3405 3433 3434 3430 3435 
1178 2306 2307 2316 2315 3408 3436 3437 3433 3438 
1179 2307 2308 2317 2316 3411 3439 3440 3436 3441 
1180 2308 2309 2318 2317 3414 3442 3443 3439 3444 
1181 2309 2310 2319 2318 3417 3445 3446 3442 3447 
1182 2310 2311 2320 2319 3420 3448 3449 3445 3450 
1183 2311 401 402 2320 3422 450 3451 3448 3452 
1184 160 2312 2321 161 3425 3453 3454 209 3455 
1185 2312 2313 2322 2321 3428 3456 3457 3453 3458 
1186 2313 2314 2323 2322 3431 3459 3460 3456 3461 
1187 2314 2315 2324 2323 3434 3462 3463 3459 3464 
1188 2315 2316 2325 2324 3437 3465 3466 3462 3467 
1189 2316 2317 2326 2325 3440 3468 3469 3465 3470 
1190 2317 2318 2327 2326 3443 3471 3472 3468 3473 
1191 2318 2319 2328 2327 3446 3474 3475 3471 3476 
1192 2319 2320 2329 2328 3449 3477 3478 3474 3479 
1193 2320 402 403 2329 3451 451 3480 3477 3481 
1194 161 2321 2330 162 3454 3482 3483 210 3484 
1195 2321 2322 2331 2330 3457 3485 3486 3482 3487 
1196 2322 2323 2332 2331 3460 3488 3489 3485 3490 
1197 2323 2324 2333 2332 3463 3491 3492 3488 3493 
1198 2324 2325 2334 2333 3466 3494 3495 3491 3496 
1199 2325 2326 2335 2334 3469 3497 3498 3494 3499 
1200 2326 2327 2336 2335 3472 3500 3501 3497 3502 
1201 2327 2328 2337 2336 3475 3503 3504 3500 3505 
1202 2328 2329 2338 2337 3478 3506 3507 3503 3508 
1203 2329 403 404 2338 3480 452 3509 3506 3510 
1204 162 2330 2339 163 3483 3511 3512 211 3513 
1205 2330 2331 2340 2339 3486 3514 3515 3511 3516 
1206 2331 2332 2341 2340 3489 3517 3518 3514 3519 
1207 2332 2333 2342 2341 3492 3520 3521 3517 3522 
1208 2333 2334 2343 2342 3495 3523 3524 3520 3525 
1209 2334 2335 2344 2343 3498 3526 3527 3523 3528 
1210 2335 2336 2345 2344 3501 3529 3530 3526 3531 
1211 2336 2337 2346 2345 3504 3532 3533 3529 3534 
1212 2337 2338 2347 2346 3507 3535 3536 3532 3537 
1213 2338 404 405 2347 3509 453 3538 3535 3539 
1214 163 2339 2348 164 3512 3540 3541 212 3542 
1215 2339 2340 2349 2348 3515 3543 3544 3540 3545 
1216 2340 2341 2350 2349 3518 3546 3547 3543 3548 
1217 2341 2342 2351 2350 3521 3549 3550 3546 3551 
1218 2342 2343 2352 2351 3524 3552 3553 3549 3554 
1219 2343 2344 2353 2352 3527 3555 3556 3552 3557 
1220 2344 2345 2354 2353 3530 3558 3559 3555 3560 
1221 2345 2346 2355 2354 3533 3561 3562 3558 3563 
1222 2346 2347 2356 2355 3536 3564 3565 3561 3566 
1223 2347 405 406 2356 3538 454 3567 3564 3568 
1224 164 2348 2357 165 3541 3569 3570 213 3571 
1225 2348 2349 2358 2357 3544 3572 3573 3569 3574 
1226 2349 2350 2359 2358 3547 3575 3576 3572 3577 
1227 2350 2351 2360 2359 3550 3578 3579 3575 3580 
1228 2351 2352 2361 2360 3553 3581 3582 3578 3583 
1229 2352 2353 2362 2361 3556 3584 3585 3581 3586 
1230 2353 2354 2363 2362 3559 3587 3588 3584 3589 
1231 2354 2355 2364 2363 3562 3590 3591 3587 3592 
1232 2355 2356 2365 2364 3565 3593 3594 3590 3595 
1233 2356 406 407 2365 3567 455 3596 3593 3597 
1234 165 2357 2366 166 3570 3598 3599 214 3600 
1235 2357 2358 2367 2366 3573 3601 3602 3598 3603 
1236 2358 2359 2368 2367 3576 3604 3605 3601 3606 
1237 2359 2360 2369 2368 3579 3607 3608 3604 3609 
1238 2360 2361 2370 2369 3582 3610 3611 3607 3612 
1239 2361 2362 2371 2370 3585 3613 3614 3610 3615 
1240 2362 2363 2372 2371 3588 3616 3617 3613 3618 
1241 2363 2364 2373 2372 3591 3619 3620 3616 3621 
1242 2364 2365 2374 2373 3594 3622 3623 3619 3624 
1243 2365 407 408 2374 3596 456 3625 3622 3626 
1244 166 2366 2375 167 3599 3627 3628 215 3629 
1245 2366 2367 2376 2375 3602 3630 3631 3627 3632 
1246 2367 2368 2377 2376 3605 3633 3634 3630 3635 
1247 2368 2369 2378 2377 3608 3636 3637 3633 3638 
1248 2369 2370 2379 2378 3611 3639 3640 3636 3641 
1249 2370 2371 2380 2379 3614 3642 3643 3639 3644 
1250 2371 2372 2381 2380 3617 3645 3646 3642 3647 
1251 2372 2373 2382 2381 3620 3648 3649 3645 3650 
1252 2373 2374 2383 2382 3623 3651 3652 3648 3653 
1253 2374 408 409 2383 3625 457 3654 3651 3655 
1254 167 2375 2384 168 3628 3656 3657 216 3658 
1255 2375 2376 2385 2384 3631 3659 3660 3656 3661 
1256 2376 2377 2386 2385 3634 3662 3663 3659 3664 
1257 2377 2378 2387 2386 3637 3665 3666 3662 3667 
1258 2378 2379 2388 2387 3640 3668 3669 3665 3670 
1259 2379 2380 2389 2388 3643 3671 3672 3668 3673 
1260 2380 2381 2390 2389 3646 3674 3675 3671 3676 
1261 2381 2382 2391 2390 3649 3677 3678 3674 3679 
1262 2382 2383 2392 2391 3652 3680 3681 3677 3682 
1263 2383 409 410 2392 3654 458 3683 3680 3684 
1264 168 2384 2393 169 3657 3685 3686 217 3687 
1265 2384 2385 2394 2393 3660 3688 3689 3685 3690 
1266 2385 2386 2395 2394 3663 3691 3692 3688 3693 
1267 2386 2387 2396 2395 3666 3694 3695 3691 3696 
1268 2387 2388 2397 2396 3669 3697 3698 3694 3699 
1269 2388 2389 2398 2397 3672 3700 3701 3697 3702 
1270 2389 2390 2399 2398 3675 3703 3704 3700 3705 
1271 2390 2391 2400 2399 3678 3706 3707 3703 3708 
1272 2391 2392 2401 2400 3681 3709 3710 3706 3711 
1273 2392 410 411 2401 3683 459 3712 3709 3713 
1274 169 2393 2402 170 3686 3714 3715 218 3716 
1275 2393 2394 2403 2402 3689 3717 3718 3714 3719 
1276 2394 2395 2404 2403 3692 3720 3721 3717 3722 
1277 2395 2396 2405 2404 3695 3723 3724 3720 3725 
1278 2396 2397 2406 2405 3698 3726 3727 3723 3728 
1279 2397 2398 2407 2406 3701 3729 3730 3726 3731 
1280 2398 2399 2408 2407 3704 3732 3733 3729 3734 
1281 2399 2400 2409 2408 3707 3735 3736 3732 3737 
1282 2400 2401 2410 2409 3710 3738 3739 3735 3740 
1283 2401 411 412 2410 3712 460 3741 3738 3742 
1284 170 2402 2411 171 3715 3743 3744 219 3745 
1285 2402 2403 2412 2411 3718 3746 3747 3743 3748 
1286 2403 2404 2413 2412 3721 3749 3750 3746 3751 
1287 2404 2405 2414 2413 3724 3752 3753 3749 3754 
1288 2405 2406 2415 2414 3727 3755 3756 3752 3757 
1289 2406 2407 2416 2415 3730 3758 3759 3755 3760 
1290 2407 2408 2417 2416 3733 3761 3762 3758 3763 
1291 2408 2409 2418 2417 3736 3764 3765 3761 3766 
1292 2409 2410 2419 2418 3739 3767 3768 3764 3769 
1293 2410 412 413 2419 3741 461 3770 3767 3771 
1294 171 2411 2420 172 3744 3772 3773 220 3774 
1295 2411 2412 2421 2420 3747 3775 3776 3772 3777 
1296 2412 2413 2422 2421 3750 3778 3779 3775 3780 
1297 2413 2414 2423 2422 3753 3781 3782 3778 3783 
1298 2414 2415 2424 2423 3756 3784 3785 3781 3786 
1299 2415 2416 2425 2424 3759 3787 3788 3784 3789 
1300 2416 2417 2426 2425 3762 3790 3791 3787 3792 
1301 2417 2418 2427 2426 3765 3793 3794 3790 3795 
1302 2418 2419 2428 2427 3768 3796 3797 3793 3798 
1303 2419 413 414 2428 3770 462 3799 3796 3800 
1304 172 2420 2429 173 3773 3801 3802 221 3803 
1305 2420 2421 2430 2429 3776 3804 3805 3801 3806 
1306 2421 2422 2431 2430 3779 3807 3808 3804 3809 
1307 2422 2423 2432 2431 3782 3810 3811 3807 3812 
1308 2423 2424 2433 2432 3785 3813 3814 3810 3815 
1309 2424 2425 2434 2433 3788 3816 3817 3813 3818 
1310 2425 2426 2435 2434 3791 3819 3820 3816 3821 
1311 2426 2427 2436 2435 3794 3822 3823 3819 3824 
1312 2427 2428 2437 2436 3797 3825 3826 3822 3827 
1313 2428 414 415 2437 3799 463 3828 3825 3829 
1314 173 2429 349 4 3802 3830 358 222 3831 
1315 2429 2430 350 349 3805 3832 359 3830 3833 
1316 2430 2431 351 350 3808 3834 360 3832 3835 
1317 2431 2432 352 351 3811 3836 361 3834 3837 
1318 2432 2433 353 352 3814 3838 362 3836 3839 
1319 2433 2434 354 353 3817 3840 363 3838 3841 
1320 2434 2435 355 354 3820 3842 364 3840 3843 
1321 2435 2436 356 355 3823 3844 365 3842 3845 
1322 2436 2437 357 356 3826 3846 366 3844 3847 
1323 2437 415 8 357 3828 464 367 3846 3848 
2 4 10 245
1324 7 465 3849 368 469 4041 4042 416 4043 
1325 465 466 3850 3849 470 4044 4045 4041 4046 
1326 466 467 3851 3850 471 4047 4048 4044 4049 
1327 467 468 3852 3851 472 4050 4051 4047 4052 
1328 468 9 483 3852 473 531 4053 4050 4054 
1329 368 3849 3853 369 4042 4055 4056 417 4057 
1330 3849 3850 3854 3853 4045 4058 4059 4055 4060 
1331 3850 3851 3855 3854 4048 4061 4062 4058 4063 
1332 3851 3852 3856 3855 4051 4064 4065 4061 4066 
1333 3852 483 484 3856 4053 532 4067 4064 4068 
1334 369 3853 3857 370 4056 4069 4070 418 4071 
1335 3853 3854 3858 3857 4059 4072 4073 4069 4074 
1336 3854 3855 3859 3858 4062 4075 4076 4072 4077 
1337 3855 3856 3860 3859 4065 4078 4079 4075 4080 
1338 3856 484 485 3860 4067 533 4081 4078 4082 
1339 370 3857 3861 371 4070 4083 4084 419 4085 
1340 3857 3858 3862 3861 4073 4086 4087 4083 4088 
1341 3858 3859 3863 3862 4076 4089 4090 4086 4091 
1342 3859 3860 3864 3863 4079 4092 4093 4089 4094 
1343 3860 485 486 3864 4081 534 4095 4092 4096 
1344 371 3861 3865 372 4084 4097 4098 420 4099 
1345 3861 3862 3866 3865 4087 4100 4101 4097 4102 
1346 3862 3863 3867 3866 4090 4103 4104 4100 4105 
1347 3863 3864 3868 3867 4093 4106 4107 4103 4108 
1348 3864 486 487 3868 4095 535 4109 4106 4110 
1349 372 3865 3869 373 4098 4111 4112 421 4113 
1350 3865 3866 3870 3869 4101 4114 4115 4111 4116 
1351 3866 3867 3871 3870 4104 4117 4118 4114 4119 
1352 3867 3868 3872 3871 4107 4120 4121 4117 4122 
1353 3868 487 488 3872 4109 536 4123 4120 4124 
1354 373 3869 3873 374 4112 4125 4126 422 4127 
1355 3869 3870 3874 3873 4115 4128 4129 4125 4130 
1356 3870 3871 3875 3874 4118 4131 4132 4128 4133 
1357 3871 3872 3876 3875 4121 4134 4135 4131 4136 
1358 3872 488 489 3876 4123 537 4137 4134 4138 
1359 374 3873 3877 375 4126 4139 4140 423 4141 
1360 3873 3874 3878 3877 4129 4142 4143 4139 4144 
1361 3874 3875 3879 3878 4132 4145 4146 4142 4147 
1362 3875 3876 3880 3879 4135 4148 4149 4145 4150 
1363 3876 489 490 3880 4137 538 4151 4148 4152 
1364 375 3877 3881 376 4140 4153 4154 424 4155 
1365 3877 3878 3882 3881 4143 4156 4157 4153 4158 
1366 3878 3879 3883 3882 4146 4159 4160 4156 4161 
1367 3879 3880 3884 3883 4149 4162 4163 4159 4164 
1368 3880 490 491 3884 4151 539 4165 4162 4166 
1369 376 3881 3885 377 4154 4167 4168 425 4169 
1370 3881 3882 3886 3885 4157 4170 4171 4167 4172 
1371 3882 3883 3887 3886 4160 4173 4174 4170 4175 
1372 3883 3884 3888 3887 4163 4176 4177 4173 4178 
1373 3884 491 492 3888 4165 540 4179 4176 4180 
1374 377 3885 3889 378 4168 4181 4182 426 4183 
1375 3885 3886 3890 3889 4171 4184 4185 4181 4186 
1376 3886 3887 3891 3890 4174 4187 4188 4184 4189 
1377 3887 3888 3892 3891 4177 4190 4191 4187 4192 
1378 3888 492 493 3892 4179 541 4193 4190 4194 
1379 378 3889 3893 379 4182 4195 4196 427 4197 
1380 3889 3890 3894 3893 4185 4198 4199 4195 4200 
1381 3890 3891 3895 3894 4188 4201 4202 4198 4203 
1382 3891 3892 3896 3895 4191 4204 4205 4201 4206 
1383 3892 493 494 3896 4193 542 4207 4204 4208 
1384 379 3893 3897 380 4196 4209 4210 428 4211 
1385 3893 3894 3898 3897 4199 4212 4213 4209 4214 
1386 3894 3895 3899 3898 4202 4215 4216 4212 4217 
1387 3895 3896 3900 3899 4205 4218 4219 4215 4220 
1388 3896 494 495 3900 4207 543 4221 4218 4222 
1389 380 3897 3901 381 4210 4223 4224 429 4225 
1390 3897 3898 3902 3901 4213 4226 4227 4223 4228 
1391 3898 3899 3903 3902 4216 4229 4230 4226 4231 
1392 3899 3900 3904 3903 4219 4232 4233 4229 4234 
1393 3900 495 496 3904 4221 544 4235 4232 4236 
1394 381 3901 3905 382 4224 4237 4238 430 4239 
1395 3901 3902 3906 3905 4227 4240 4241 4237 4242 
1396 3902 3903 3907 3906 4230 4243 4244 4240 4245 
1397 3903 3904 3908 3907 4233 4246 4247 4243 4248 
1398 3904 496 497 3908 4235 545 4249 4246 4250 
1399 382 3905 3909 383 4238 4251 4252 431 4253 
1400 3905 3906 3910 3909 4241 4254 4255 4251 4256 
1401 3906 3907 3911 3910 4244 4257 4258 4254 4259 
1402 3907 3908 3912 3911 4247 4260 4261 4257 4262 
1403 3908 497 498 3912 4249 546 4263 4260 4264 
1404 383 3909 3913 384 4252 4265 4266 432 4267 
1405 3909 3910 3914 3913 4255 4268 4269 4265 4270 
1406 3910 3911 3915 3914 4258 4271 4272 4268 4273 
1407 3911 3912 3916 3915 4261 4274 4275 4271 4276 
1408 3912 498 499 3916 4263 547 4277 4274 4278 
1409 384 3913 3917 385 4266 4279 4280 433 4281 
1410 3913 3914 3918 3917 4269 4282 4283 4279 4284 
1411 3914 3915 3919 3918 4272 4285 4286 4282 4287 
1412 3915 3916 3920 3919 4275 4288 4289 4285 4290 
1413 3916 499 500 3920 4277 548 4291 4288 4292 
1414 385 3917 3921 386 4280 4293 4294 434 4295 
1415 3917 3918 3922 3921 4283 4296 4297 4293 4298 
1416 3918 3919 3923 3922 4286 4299 4300 4296 4301 
1417 3919 3920 3924 3923 4289 4302 4303 4299 4304 
1418 3920 500 501 3924 4291 549 4305 4302 4306 
1419 386 3921 3925 387 4294 4307 4308 435 4309 
1420 3921 3922 3926 3925 4297 4310 4311 4307 4312 
1421 3922 3923 3927 3926 4300 4313 4314 4310 4315 
1422 3923 3924 3928 3927 4303 4316 4317 4313 4318 
1423 3924 501 502 3928 4305 550 4319 4316 4320 
1424 387 3925 3929 388 4308 4321 4322 436 4323 
1425 3925 3926 3930 3929 4311 4324 4325 4321 4326 
1426 3926 3927 3931 3930 4314 4327 4328 4324 4329 
1427 3927 3928 3932 3931 4317 4330 4331 4327 4332 
1428 3928 502 503 3932 4319 551 4333 4330 4334 
1429 388 3929 3933 389 4322 4335 4336 437 4337 
1430 3929 3930 3934 3933 4325 4338 4339 4335 4340 
1431 3930 3931 3935 3934 4328 4341 4342 4338 4343 
1432 3931 3932 3936 3935 4331 4344 4345 4341 4346 
1433 3932 503 504 3936 4333 552 4347 4344 4348 
1434 389 3933 3937 390 4336 4349 4350 438 4351 
1435 3933 3934 3938 3937 4339 4352 4353 4349 4354 
1436 3934 3935 3939 3938 4342 4355 4356 4352 4357 
1437 3935 3936 3940 3939 4345 4358 4359 4355 4360 
1438 3936 504 505 3940 4347 553 4361 4358 4362 
1439 390 3937 3941 391 4350 4363 4364 439 4365 
1440 3937 3938 3942 3941 4353 4366 4367 4363 4368 
1441 3938 3939 3943 3942 4356 4369 4370 4366 4371 
1442 3939 3940 3944 3943 4359 4372 4373 4369 4374 
1443 3940 505 506 3944 4361 554 4375 4372 4376 
1444 391 3941 3945 392 4364 4377 4378 440 4379 
1445 3941 3942 3946 3945 4367 4380 4381 4377 4382 
1446 3942 3943 3947 3946 4370 4383 4384 4380 4385 
1447 3943 3944 3948 3947 4373 4386 4387 4383 4388 
1448 3944 506 507 3948 4375 555 4389 4386 4390 
1449 392 3945 3949 393 4378 4391 4392 441 4393 
1450 3945 3946 3950 3949 4381 4394 4395 4391 4396 
1451 3946 3947 3951 3950 4384 4397 4398 4394 4399 
1452 3947 3948 3952 3951 4387 4400 4401 4397 4402 
1453 3948 507 508 3952 4389 556 4403 4400 4404 
1454 393 3949 3953 394 4392 4405 4406 442 4407 
1455 3949 3950 3954 3953 4395 4408 4409 4405 4410 
1456 3950 3951 3955 3954 4398 4411 4412 4408 4413 
1457 3951 3952 3956 3955 4401 4414 4415 4411 4416 
1458 3952 508 509 3956 4403 557 4417 4414 4418 
1459 394 3953 3957 395 4406 4419 4420 443 4421 
1460 3953 3954 3958 3957 4409 4422 4423 4419 4424 
1461 3954 3955 3959 3958 4412 4425 4426 4422 4427 
1462 3955 3956 3960 3959 4415 4428 4429 4425 4430 
1463 3956 509 510 3960 4417 558 4431 4428 4432 
1464 395 3957 3961 396 4420 4433 4434 444 4435 
1465 3957 3958 3962 3961 4423 4436 4437 4433 4438 
1466 3958 3959 3963 3962 4426 4439 4440 4436 4441 
1467 3959 3960 3964 3963 4429 4442 4443 4439 4444 
1468 3960 510 511 3964 4431 559 4445 4442 4446 
1469 396 3961 3965 397 4434 4447 4448 445 4449 
1470 3961 3962 3966 3965 4437 4450 4451 4447 4452 
1471 3962 3963 3967 3966 4440 4453 4454 4450 4455 
1472 3963 3964 3968 3967 4443 4456 4457 4453 4458 
1473 3964 511 512 3968 4445 560 4459 4456 4460 
1474 397 3965 3969 398 4448 4461 4462 446 4463 
1475 3965 3966 3970 3969 4451 4464 4465 4461 4466 
1476 3966 3967 3971 3970 4454 4467 4468 4464 4469 
1477 3967 3968 3972 3971 4457 4470 4471 4467 4472 
1478 3968 512 513 3972 4459 561 4473 4470 4474 
1479 398 3969 3973 399 4462 4475 4476 447 4477 
1480 3969 3970 3974 3973 4465 4478 4479 4475 4480 
1481 3970 3971 3975 3974 4468 4481 4482 4478 4483 
1482 3971 3972 3976 3975 4471 4484 4485 4481 4486 
1483 3972 513 514 3976 4473 562 4487 4484 4488 
1484 399 3973 3977 400 4476 4489 4490 448 4491 
1485 3973 3974 3978 3977 4479 4492 4493 4489 4494 
1486 3974 3975 3979 3978 4482 4495 4496 4492 4497 
1487 3975 3976 3980 3979 4485 4498 4499 4495 4500 
1488 3976 514 515 3980 4487 563 4501 4498 4502 
1489 400 3977 3981 401 4490 4503 4504 449 4505 
1490 3977 3978 3982 3981 4493 4506 4507 4503 4508 
1491 3978 3979 3983 3982 4496 4509 4510 4506 4511 
1492 3979 3980 3984 3983 4499 4512 4513 4509 4514 
1493 3980 515 516 3984 4501 564 4515 4512 4516 
1494 401 3981 3985 402 4504 4517 4518 450 4519 
1495 3981 3982 3986 3985 4507 4520 4521 4517 4522 
1496 3982 3983 3987 3986 4510 4523 4524 4520 4525 
1497 3983 3984 3988 3987 4513 4526 4527 4523 4528 
1498 3984 516 517 3988 4515 565 4529 4526 4530 
1499 402 3985 3989 403 4518 4531 4532 451 4533 
1500 3985 3986 3990 3989 4521 4534 4535 4531 4536 
1501 3986 3987 3991 3990 4524 4537 4538 4534 4539 
1502 3987 3988 3992 3991 4527 4540 4541 4537 4542 
1503 3988 517 518 3992 4529 566 4543 4540 4544 
1504 403 3989 3993 404 4532 4545 4546 452 4547 
1505 3989 3990 3994 3993 4535 4548 4549 4545 4550 
1506 3990 3991 3995 3994 4538 4551 4552 4548 4553 
1507 3991 3992 3996 3995 4541 4554 4555 4551 4556 
1508 3992 518 519 3996 4543 567 4557 4554 4558 
1509 404 3993 3997 405 4546 4559 4560 453 4561 
1510 3993 3994 3998 3997 4549 4562 4563 4559 4564 
1511 3994 3995 3999 3998 4552 4565 4566 4562 4567 
1512 3995 3996 4000 3999 4555 4568 4569 4565 4570 
1513 3996 519 520 4000 4557 568 4571 4568 4572 
1514 405 3997 4001 406 4560 4573 4574 454 4575 
1515 3997 3998 4002 4001 4563 4576 4577 4573 4578 
1516 3998 3999 4003 4002 4566 4579 4580 4576 4581 
1517 3999 4000 4004 4003 4569 4582 4583 4579 4584 
1518 4000 520 521 4004 4571 569 4585 4582 4586 
1519 406 4001 4005 407 4574 4587 4588 455 4589 
1520 4001 4002 4006 4005 4577 4590 4591 4587 4592 
1521 4002 4003 4007 4006 4580 4593 4594 4590 4595 
1522 4003 4004 4008 4007 4583 4596 4597 4593 4598 
1523 4004 521 522 4008 4585 570 4599 4596 4600 
1524 407 4005 4009 408 4588 4601 4602 456 4603 
1525 4005 4006 4010 4009 4591 4604 4605 4601 4606 
1526 4006 4007 4011 4010 4594 4607 4608 4604 4609 
1527 4007 4008 4012 4011 4597 4610 4611 4607 4612 
1528 4008 522 523 4012 4599 571 4613 4610 4614 
1529 408 4009 4013 409 4602 4615 4616 457 4617 
1530 4009 4010 4014 4013 4605 4618 4619 4615 4620 
1531 4010 4011 4015 4014 4608 4621 4622 4618 4623 
1532 4011 4012 4016 4015 4611 4624 4625 4621 4626 
1533 4012 523 524 4016 4613 572 4627 4624 4628 
1534 409 4013 4017 410 4616 4629 4630 458 4631 
1535 4013 4014 4018 4017 4619 4632 4633 4629 4634 
1536 4014 4015 4019 4018 4622 4635 4636 4632 4637 
1537 4015 4016 4020 4019 4625 4638 4639 4635 4640 
1538 4016 524 525 4020 4627 573 4641 4638 4642 
1539 410 4017 4021 411 4630 4643 4644 459 4645 
1540 4017 4018 4022 4021 4633 4646 4647 4643 4648 
1541 4018 4019 4023 4022 4636 4649 4650 4646 4651 
1542 4019 4020 4024 4023 4639 4652 4653 4649 4654 
1543 4020 525 526 4024 4641 574 4655 4652 4656 
1544 411 4021 4025 412 4644 4657 4658 460 4659 
1545 4021 4022 4026 4025 4647 4660 4661 4657 4662 
1546 4022 4023 4027 4026 4650 4663 4664 4660 4665 
1547 4023 4024 4028 4027 4653 4666 4667 4663 4668 
1548 4024 526 527 4028 4655 575 4669 4666 4670 
1549 412 4025 4029 413 4658 4671 4672 461 4673 
1550 4025 4026 4030 4029 4661 4674 4675 4671 4676 
1551 4026 4027 4031 4030 4664 4677 4678 4674 4679 
1552 4027 4028 4032 4031 4667 4680 4681 4677 4682 
1553 4028 527 528 4032 4669 576 4683 4680 4684 
1554 413 4029 4033 414 4672 4685 4686 462 4687 
1555 4029 4030 4034 4033 4675 4688 4689 4685 4690 
1556 4030 4031 4035 4034 4678 4691 4692 4688 4693 
1557 4031 4032 4036 4035 4681 4694 4695 4691 4696 
1558 4032 528 529 4036 4683 577 4697 4694 4698 
1559 414 4033 4037 415 4686 4699 4700 463 4701 
1560 4033 4034 4038 4037 4689 4702 4703 4699 4704 
1561 4034 4035 4039 4038 4692 4705 4706 4702 4707 
1562 4035 4036 4040 4039 4695 4708 4709 4705 4710 
1563 4036 529 530 4040 4697 578 4711 4708 4712 
1564 415 4037 474 8 4700 4713 478 464 4714 
1565 4037 4038 475 474 4703 4715 479 4713 4716 
1566 4038 4039 476 475 4706 4717 480 4715 4718 
1567 4039 4040 477 476 4709 4719 481 4717 4720 
1568 4040 530 10 477 4711 579 482 4719 4721 
2 5 10 98
1569 9 580 4722 483 581 4770 4771 531 4772 
1570 580 11 586 4722 582 634 4773 4770 4774 
1571 483 4722 4723 484 4771 4775 4776 532 4777 
1572 4722 586 587 4723 4773 635 4778 4775 4779 
1573 484 4723 4724 485 4776 4780 4781 533 4782 
1574 4723 587 588 4724 4778 636 4783 4780 4784 
1575 485 4724 4725 486 4781 4785 4786 534 4787 
1576 4724 588 589 4725 4783 637 4788 4785 4789 
1577 486 4725 4726 487 4786 4790 4791 535 4792 
1578 4725 589 590 4726 4788 638 4793 4790 4794 
1579 487 4726 4727 488 4791 4795 4796 536 4797 
1580 4726 590 591 4727 4793 639 4798 4795 4799 
1581 488 4727 4728 489 4796 4800 4801 537 4802 
1582 4727 591 592 4728 4798 640 4803 4800 4804 
1583 489 4728 4729 490 4801 4805 4806 538 4807 
1584 4728 592 593 4729 4803 641 4808 4805 4809 
1585 490 4729 4730 491 4806 4810 4811 539 4812 
1586 4729 593 594 4730 4808 642 4813 4810 4814 
1587 491 4730 4731 492 4811 4815 4816 540 4817 
1588 4730 594 595 4731 4813 643 4818 4815 4819 
1589 492 4731 4732 493 4816 4820 4821 541 4822 
1590 4731 595 596 4732 4818 644 4823 4820 4824 
1591 493 4732 4733 494 4821 4825 4826 542 4827 
1592 4732 596 597 4733 4823 645 4828 4825 4829 
1593 494 4733 4734 495 4826 4830 4831 543 4832 
1594 4733 597 598 4734 4828 646 4833 4830 4834 
1595 495 4734 4735 496 4831 4835 4836 544 4837 
1596 4734 598 599 4735 4833 647 4838 4835 4839 
1597 496 4735 4736 497 4836 4840 4841 545 4842 
1598 4735 599 600 4736 4838 648 4843 4840 4844 
1599 497 4736 4737 498 4841 4845 4846 546 4847 
1600 4736 600 601 4737 4843 649 4848 4845 4849 
1601 498 4737 4738 499 4846 4850 4851 547 4852 
1602 4737 601 602 4738 4848 650 4853 4850 4854 
1603 499 4738 4739 500 4851 4855 4856 548 4857 
1604 4738 602 603 4739 4853 651 4858 4855 4859 
1605 500 4739 4740 501 4856 4860 4861 549 4862 
1606 4739 603 604 4740 4858 652 4863 4860 4864 
1607 501 4740 4741 502 4861 4865 4866 550 4867 
1608 4740 604 605 4741 4863 653 4868 4865 4869 
1609 502 4741 4742 503 4866 4870 4871 551 4872 
1610 4741 605 606 4742 4868 654 4873 4870 4874 
1611 503 4742 4743 504 4871 4875 4876 552 4877 
1612 4742 606 607 4743 4873 655 4878 4875 4879 
1613 504 4743 4744 505 4876 4880 4881 553 4882 
1614 4743 607 608 4744 4878 656 4883 4880 4884 
1615 505 4744 4745 506 4881 4885 4886 554 4887 
1616 4744 608 609 4745 4883 657 4888 4885 4889 
1617 506 4745 4746 507 4886 4890 4891 555 4892 
1618 4745 609 610 4746 4888 658 4893 4890 4894 
1619 507 4746 4747 508 4891 4895 4896 556 4897 
1620 4746 610 611 4747 4893 659 4898 4895 4899 
1621 508 4747 4748 509 4896 4900 4901 557 4902 
1622 4747 611 612 4748 4898 660 4903 4900 4904 
1623 509 4748 4749 510 4901 4905 4906 558 4907 
1624 4748 612 613 4749 4903 661 4908 4905 4909 
1625 510 4749 4750 511 4906 4910 4911 559 4912 
1626 4749 613 614 4750 4908 662 4913 4910 4914 
1627 511 4750 4751 512 4911 4915 4916 560 4917 
1628 4750 614 615 4751 4913 663 4918 4915 4919 
1629 512 4751 4752 513 4916 4920 4921 561 4922 
1630 4751 615 616 4752 4918 664 4923 4920 4924 
1631 513 4752 4753 514 4921 4925 4926 562 4927 
1632 4752 616 617 4753 4923 665 4928 4925 4929 
1633 514 4753 4754 515 4926 4930 4931 563 4932 
1634 4753 617 618 4754 4928 666 4933 4930 4934 
1635 515 4754 4755 516 4931 4935 4936 564 4937 
1636 4754 618 619 4755 4933 667 4938 4935 4939 
1637 516 4755 4756 517 4936 4940 4941 565 4942 
1638 4755 619 620 4756 4938 668 4943 4940 4944 
1639 517 4756 4757 518 4941 4945 4946 566 4947 
1640 4756 620 621 4757 4943 669 4948 4945 4949 
1641 518 4757 4758 519 4946 4950 4951 567 4952 
1642 4757 621 622 4758 4948 670 4953 4950 4954 
1643 519 4758 4759 520 4951 4955 4956 568 4957 
1644 4758 622 623 4759 4953 671 4958 4955 4959 
1645 520 4759 4760 521 4956 4960 4961 569 4962 
1646 4759 623 624 4760 4958 672 4963 4960 4964 
1647 521 4760 4761 522 4961 4965 4966 570 4967 
1648 4760 624 625 4761 4963 673 4968 4965 4969 
1649 522 4761 4762 523 4966 4970 4971 571 4972 
1650 4761 625 626 4762 4968 674 4973 4970 4974 
1651 523 4762 4763 524 4971 4975 4976 572 4977 
1652 4762 626 627 4763 4973 675 4978 4975 4979 
1653 524 4763 4764 525 4976 4980 4981 573 4982 
1654 4763 627 628 4764 4978 676 4983 4980 4984 
1655 525 4764 4765 526 4981 4985 4986 574 4987 
1656 4764 628 629 4765 4983 677 4988 4985 4989 
1657 526 4765 4766 527 4986 4990 4991 575 4992 
1658 4765 629 630 4766 4988 678 4993 4990 4994 
1659 527 4766 4767 528 4991 4995 4996 576 4997 
1660 4766 630 631 4767 4993 679 4998 4995 4999 
1661 528 4767 4768 529 4996 5000 5001 577 5002 
1662 4767 631 632 4768 4998 680 5003 5000 5004 
1663 529 4768 4769 530 5001 5005 5006 578 5007 
1664 4768 632 633 4769 5003 681 5008 5005 5009 
1665 530 4769 583 10 5006 5010 584 579 5011 
1666 4769 633 12 583 5008 682 585 5010 5012 
2 6 10 490
1667 5 683 5013 233 692 5445 5446 281 5447 
1668 683 684 5014 5013 693 5448 5449 5445 5450 
1669 684 685 5015 5014 694 5451 5452 5448 5453 
1670 685 686 5016 5015 695 5454 5455 5451 5456 
1671 686 687 5017 5016 696 5457 5458 5454 5459 
1672 687 688 5018 5017 697 5460 5461 5457 5462 
1673 688 689 5019 5018 698 5463 5464 5460 5465 
1674 689 690 5020 5019 699 5466 5467 5463 5468 
1675 690 691 5021 5020 700 5469 5470 5466 5471 
1676 691 13 721 5021 701 769 5472 5469 5473 
1677 233 5013 5022 234 5446 5474 5475 282 5476 
1678 5013 5014 5023 5022 5449 5477 5478 5474 5479 
1679 5014 5015 5024 5023 5452 5480 5481 5477 5482 
1680 5015 5016 5025 5024 5455 5483 5484 5480 5485 
1681 5016 5017 5026 5025 5458 5486 5487 5483 5488 
1682 5017 5018 5027 5026 5461 5489 5490 5486 5491 
1683 5018 5019 5028 5027 5464 5492 5493 5489 5494 
1684 5019 5020 5029 5028 5467 5495 5496 5492 5497 
1685 5020 5021 5030 5029 5470 5498 5499 5495 5500 
1686 5021 721 722 5030 5472 770 5501 5498 5502 
1687 234 5022 5031 235 5475 5503 5504 283 5505 
1688 5022 5023 5032 5031 5478 5506 5507 5503 5508 
1689 5023 5024 5033 5032 5481 5509 5510 5506 5511 
1690 5024 5025 5034 5033 5484 5512 5513 5509 5514 
1691 5025 5026 5035 5034 5487 5515 5516 5512 5517 
1692 5026 5027 5036 5035 5490 5518 5519 5515 5520 
1693 5027 5028 5037 5036 5493 5521 5522 5518 5523 
1694 5028 5029 5038 5037 5496 5524 5525 5521 5526 
1695 5029 5030 5039 5038 5499 5527 5528 5524 5529 
1696 5030 722 723 5039 5501 771 5530 5527 5531 
1697 235 5031 5040 236 5504 5532 5533 284 5534 
1698 5031 5032 5041 5040 5507 5535 5536 5532 5537 
1699 5032 5033 5042 5041 5510 5538 5539 5535 5540 
1700 5033 5034 5043 5042 5513 5541 5542 5538 5543 
1701 5034 5035 5044 5043 5516 5544 5545 5541 5546 
1702 5035 5036 5045 5044 5519 5547 5548 5544 5549 
1703 5036 5037 5046 5045 5522 5550 5551 5547 5552 
1704 5037 5038 5047 5046 5525 5553 5554 5550 5555 
1705 5038 5039 5048 5047 5528 5556 5557 5553 5558 
1706 5039 723 724 5048 5530 772 5559 5556 5560 
1707 236 5040 5049 237 5533 5561 5562 285 5563 
1708 5040 5041 5050 5049 5536 5564 5565 5561 5566 
1709 5041 5042 5051 5050 5539 5567 5568 5564 5569 
1710 5042 5043 5052 5051 5542 5570 5571 5567 5572 
1711 5043 5044 5053 5052 5545 5573 5574 5570 5575 
1712 5044 5045 5054 5053 5548 5576 5577 5573 5578 
1713 5045 5046 5055 5054 5551 5579 5580 5576 5581 
1714 5046 5047 5056 5055 5554 5582 5583 5579 5584 
1715 5047 5048 5057 5056 5557 5585 5586 5582 5587 
1716 5048 724 725 5057 5559 773 5588 5585 5589 
1717 237 5049 5058 238 5562 5590 5591 286 5592 
1718 5049 5050 5059 5058 5565 5593 5594 5590 5595 
1719 5050 5051 5060 5059 5568 5596 5597 5593 5598 
1720 5051 5052 5061 5060 5571 5599 5600 5596 5601 
1721 5052 5053 5062 5061 5574 5602 5603 5599 5604 
1722 5053 5054 5063 5062 5577 5605 5606 5602 5607 
1723 5054 5055 5064 5063 5580 5608 5609 5605 5610 
1724 5055 5056 5065 5064 5583 5611 5612 5608 5613 
1725 5056 5057 5066 5065 5586 5614 5615 5611 5616 
1726 5057 725 726 5066 5588 774 5617 5614 5618 
1727 238 5058 5067 239 5591 5619 5620 287 5621 
1728 5058 5059 5068 5067 5594 5622 5623 5619 5624 
1729 5059 5060 5069 5068 5597 5625 5626 5622 5627 
1730 5060 5061 5070 5069 5600 5628 5629 5625 5630 
1731 5061 5062 5071 5070 5603 5631 5632 5628 5633 
1732 5062 5063 5072 5071 5606 5634 5635 5631 5636 
1733 5063 5064 5073 5072 5609 5637 5638 5634 5639 
1734 5064 5065 5074 5073 5612 5640 5641 5637 5642 
1735 5065 5066 5075 5074 5615 5643 5644 5640 5645 
1736 5066 726 727 5075 5617 775 5646 5643 5647 
1737 239 5067 5076 240 5620 5648 5649 288 5650 
1738 5067 5068 5077 5076 5623 5651 5652 5648 5653 
1739 5068 5069 5078 5077 5626 5654 5655 5651 5656 
1740 5069 5070 5079 5078 5629 5657 5658 5654 5659 
1741 5070 5071 5080 5079 5632 5660 5661 5657 5662 
1742 5071 5072 5081 5080 5635 5663 5664 5660 5665 
1743 5072 5073 5082 5081 5638 5666 5667 5663 5668 
1744 5073 5074 5083 5082 5641 5669 5670 5666 5671 
1745 5074 5075 5084 5083 5644 5672 5673 5669 5674 
1746 5075 727 728 5084 5646 776 5675 5672 5676 
1747 240 5076 5085 241 5649 5677 5678 289 5679 
1748 5076 5077 5086 5085 5652 5680 5681 5677 5682 
1749 5077 5078 5087 5086 5655 5683 5684 5680 5685 
1750 5078 5079 5088 5087 5658 5686 5687 5683 5688 
1751 5079 5080 5089 5088 5661 5689 5690 5686 5691 
1752 5080 5081 5090 5089 5664 5692 5693 5689 5694 
1753 5081 5082 5091 5090 5667 5695 5696 5692 5697 
1754 5082 5083 5092 5091 5670 5698 5699 5695 5700 
1755 5083 5084 5093 5092 5673 5701 5702 5698 5703 
1756 5084 728 729 5093 5675 777 5704 5701 5705 
1757 241 5085 5094 242 5678 5706 5707 290 5708 
1758 5085 5086 5095 5094 5681 5709 5710 5706 5711 
1759 5086 5087 5096 5095 5684 5712 5713 5709 5714 
1760 5087 5088 5097 5096 5687 5715 5716 5712 5717 
1761 5088 5089 5098 5097 5690 5718 5719 5715 5720 
1762 5089 5090 5099 5098 5693 5721 5722 5718 5723 
1763 5090 5091 5100 5099 5696 5724 5725 5721 5726 
1764 5091 5092 5101 5100 5699 5727 5728 5724 5729 
1765 5092 5093 5102 5101 5702 5730 5731 5727 5732 
1766 5093 729 730 5102 5704 778 5733 5730 5734 
1767 242 5094 5103 243 5707 5735 5736 291 5737 
1768 5094 5095 5104 5103 5710 5738 5739 5735 5740 
1769 5095 5096 5105 5104 5713 5741 5742 5738 5743 
1770 5096 5097 5106 5105 5716 5744 5745 5741 5746 
1771 5097 5098 5107 5106 5719 5747 5748 5744 5749 
1772 5098 5099 5108 5107 5722 5750 5751 5747 5752 
1773 5099 5100 5109 5108 5725 5753 5754 5750 5755 
1774 5100 5101 5110 5109 5728 5756 5757 5753 5758 
1775 5101 5102 5111 5110 5731 5759 5760 5756 5761 
1776 5102 730 731 5111 5733 779 5762 5759 5763 
1777 243 5103 5112 244 5736 5764 5765 292 5766 
1778 5103 5104 5113 5112 5739 5767 5768 5764 5769 
1779 5104 5105 5114 5113 5742 5770 5771 5767 5772 
1780 5105 5106 5115 5114 5745 5773 5774 5770 5775 
1781 5106 5107 5116 5115 5748 5776 5777 5773 5778 
1782 5107 5108 5117 5116 5751 5779 5780 5776 5781 
1783 5108 5109 5118 5117 5754 5782 5783 5779 5784 
1784 5109 5110 5119 5118 5757 5785 5786 5782 5787 
1785 5110 5111 5120 5119 5760 5788 5789 5785 5790 
1786 5111 731 732 5120 5762 780 5791 5788 5792 
1787 244 5112 5121 245 5765 5793 5794 293 5795 
1788 5112 5113 5122 5121 5768 5796 5797 5793 5798 
1789 5113 5114 5123 5122 5771 5799 5800 5796 5801 
1790 5114 5115 5124 5123 5774 5802 5803 5799 5804 
1791 5115 5116 5125 5124 5777 5805 5806 5802 5807 
1792 5116 5117 5126 5125 5780 5808 5809 5805 5810 
1793 5117 5118 5127 5126 5783 5811 5812 5808 5813 
1794 5118 5119 5128 5127 5786 5814 5815 5811 5816 
1795 5119 5120 5129 5128 5789 5817 5818 5814 5819 
1796 5120 732 733 5129 5791 781 5820 5817 5821 
1797 245 5121 5130 246 5794 5822 5823 294 5824 
1798 5121 5122 5131 5130 5797 5825 5826 5822 5827 
1799 5122 5123 5132 5131 5800 5828 5829 5825 5830 
1800 5123 5124 5133 5132 5803 5831 5832 5828 5833 
1801 5124 5125 5134 5133 5806 5834 5835 5831 5836 
1802 5125 5126 5135 5134 5809 5837 5838 5834 5839 
1803 5126 5127 5136 5135 5812 5840 5841 5837 5842 
1804 5127 5128 5137 5136 5815 5843 5844 5840 5845 
1805 5128 5129 5138 5137 5818 5846 5847 5843 5848 
1806 5129 733 734 5138 5820 782 5849 5846 5850 
1807 246 5130 5139 247 5823 5851 5852 295 5853 
1808 5130 5131 5140 5139 5826 5854 5855 5851 5856 
1809 5131 5132 5141 5140 5829 5857 5858 5854 5859 
1810 5132 5133 5142 5141 5832 5860 5861 5857 5862 
1811 5133 5134 5143 5142 5835 5863 5864 5860 5865 
1812 5134 5135 5144 5143 5838 5866 5867 5863 5868 
1813 5135 5136 5145 5144 5841 5869 5870 5866 5871 
1814 5136 5137 5146 5145 5844 5872 5873 5869 5874 
1815 5137 5138 5147 5146 5847 5875 5876 5872 5877 
1816 5138 734 735 5147 5849 783 5878 5875 5879 
1817 247 5139 5148 248 5852 5880 5881 296 5882 
1818 5139 5140 5149 5148 5855 5883 5884 5880 5885 
1819 5140 5141 5150 5149 5858 5886 5887 5883 5888 
1820 5141 5142 5151 5150 5861 5889 5890 5886 5891 
1821 5142 5143 5152 5151 5864 5892 5893 5889 5894 
1822 5143 5144 5153 5152 5867 5895 5896 5892 5897 
1823 5144 5145 5154 5153 5870 5898 5899 5895 5900 
1824 5145 5146 5155 5154 5873 5901 5902 5898 5903 
1825 5146 5147 5156 5155 5876 5904 5905 5901 5906 
1826 5147 735 736 5156 5878 784 5907 5904 5908 
1827 248 5148 5157 249 5881 5909 5910 297 5911 
1828 5148 5149 5158 5157 5884 5912 5913 5909 5914 
1829 5149 5150 5159 5158 5887 5915 5916 5912 5917 
1830 5150 5151 5160 5159 5890 5918 5919 5915 5920 
1831 5151 5152 5161 5160 5893 5921 5922 5918 5923 
1832 5152 5153 5162 5161 5896 5924 5925 5921 5926 
1833 5153 5154 5163 5162 5899 5927 5928 5924 5929 
1834 5154 5155 5164 5163 5902 5930 5931 5927 5932 
1835 5155 5156 5165 5164 5905 5933 5934 5930 5935 
1836 5156 736 737 5165 5907 785 5936 5933 5937 
1837 249 5157 5166 250 5910 5938 5939 298 5940 
1838 5157 5158 5167 5166 5913 5941 5942 5938 5943 
1839 5158 5159 5168 5167 5916 5944 5945 5941 5946 
1840 5159 5160 5169 5168 5919 5947 5948 5944 5949 
1841 5160 5161 5170 5169 5922 5950 5951 5947 5952 
1842 5161 5162 5171 5170 5925 5953 5954 5950 5955 
1843 5162 5163 5172 5171 5928 5956 5957 5953 5958 
1844 5163 5164 5173 5172 5931 5959 5960 5956 5961 
1845 5164 5165 5174 5173 5934 5962 5963 5959 5964 
1846 5165 737 738 5174 5936 786 5965 5962 5966 
1847 250 5166 5175 251 5939 5967 5968 299 5969 
1848 5166 5167 5176 5175 5942 5970 5971 5967 5972 
1849 5167 5168 5177 5176 5945 5973 5974 5970 5975 
1850 5168 5169 5178 5177 5948 5976 5977 5973 5978 
1851 5169 5170 5179 5178 5951 5979 5980 5976 5981 
1852 5170 5171 5180 5179 5954 5982 5983 5979 5984 
1853 5171 5172 5181 5180 5957 5985 5986 5982 5987 
1854 5172 5173 5182 5181 5960 5988 5989 5985 5990 
1855 5173 5174 5183 5182 5963 5991 5992 5988 5993 
1856 5174 738 739 5183 5965 787 5994 5991 5995 
1857 251 5175 5184 252 5968 5996 5997 300 5998 
1858 5175 5176 5185 5184 5971 5999 6000 5996 6001 
1859 5176 5177 5186 5185 5974 6002 6003 5999 6004 
1860 5177 5178 5187 5186 5977 6005 6006 6002 6007 
1861 5178 5179 5188 5187 5980 6008 6009 6005 6010 
1862 5179 5180 5189 5188 5983 6011 6012 6008 6013 
1863 5180 5181 5190 5189 5986 6014 6015 6011 6016 
1864 5181 5182 5191 5190 5989 6017 6018 6014 6019 
1865 5182 5183 5192 5191 5992 6020 6021 6017 6022 
1866 5183 739 740 5192 5994 788 6023 6020 6024 
1867 252 5184 5193 253 5997 6025 6026 301 6027 
1868 5184 5185 5194 5193 6000 6028 6029 6025 6030 
1869 5185 5186 5195 5194 6003 6031 6032 6028 6033 
1870 5186 5187 5196 5195 6006 6034 6035 6031 6036 
1871 5187 5188 5197 5196 6009 6037 6038 6034 6039 
1872 5188 5189 5198 5197 6012 6040 6041 6037 6042 
1873 5189 5190 5199 5198 6015 6043 6044 6040 6045 
1874 5190 5191 5200 5199 6018 6046 6047 6043 6048 
1875 5191 5192 5201 5200 6021 6049 6050 6046 6051 
1876 5192 740 741 5201 6023 789 6052 6049 6053 
1877 253 5193 5202 254 6026 6054 6055 302 6056 
1878 5193 5194 5203 5202 6029 6057 6058 6054 6059 
1879 5194 5195 5204 5203 6032 6060 6061 6057 6062 
1880 5195 5196 5205 5204 6035 6063 6064 6060 6065 
1881 5196 5197 5206 5205 6038 6066 6067 6063 6068 
1882 5197 5198 5207 5206 6041 6069 6070 6066 6071 
1883 5198 5199 5208 5207 6044 6072 6073 6069 6074 
1884 5199 5200 5209 5208 6047 6075 6076 6072 6077 
1885 5200 5201 5210 5209 6050 6078 6079 6075 6080 
1886 5201 741 742 5210 6052 790 6081 6078 6082 
1887 254 5202 5211 255 6055 6083 6084 303 6085 
1888 5202 5203 5212 5211 6058 6086 6087 6083 6088 
1889 5203 5204 5213 5212 6061 6089 6090 6086 6091 
1890 5204 5205 5214 5213 6064 6092 6093 6089 6094 
1891 5205 5206 5215 5214 6067 6095 6096 6092 6097 
1892 5206 5207 5216 5215 6070 6098 6099 6095 6100 
1893 5207 5208 5217 5216 6073 6101 6102 6098 6103 
1894 5208 5209 5218 5217 6076 6104 6105 6101 6106 
1895 5209 5210 5219 5218 6079 6107 6108 6104 6109 
1896 5210 742 743 5219 6081 791 6110 6107 6111 
1897 255 5211 5220 256 6084 6112 6113 304 6114 
1898 5211 5212 5221 5220 6087 6115 6116 6112 6117 
1899 5212 5213 5222 5221 6090 6118 6119 6115 6120 
1900 5213 5214 5223 5222 6093 6121 6122 6118 6123 
1901 5214 5215 5224 5223 6096 6124 6125 6121 6126 
1902 5215 5216 5225 5224 6099 6127 6128 6124 6129 
1903 5216 5217 5226 5225 6102 6130 6131 6127 6132 
1904 5217 5218 5227 5226 6105 6133 6134 6130 6135 
1905 5218 5219 5228 5227 6108 6136 6137 6133 6138 
1906 5219 743 744 5228 6110 792 6139 6136 6140 
1907 256 5220 5229 257 6113 6141 6142 305 6143 
1908 5220 5221 5230 5229 6116 6144 6145 6141 6146 
1909 5221 5222 5231 5230 6119 6147 6148 6144 6149 
1910 5222 5223 5232 5231 6122 6150 6151 6147 6152 
1911 5223 5224 5233 5232 6125 6153 6154 6150 6155 
1912 5224 5225 5234 5233 6128 6156 6157 6153 6158 
1913 5225 5226 5235 5234 6131 6159 6160 6156 6161 
1914 5226 5227 5236 5235 6134 6162 6163 6159 6164 
1915 5227 5228 5237 5236 6137 6165 6166 6162 6167 
1916 5228 744 745 5237 6139 793 6168 6165 6169 
1917 257 5229 5238 258 6142 6170 6171 306 6172 
1918 5229 5230 5239 5238 6145 6173 6174 6170 6175 
1919 5230 5231 5240 5239 6148 6176 6177 6173 6178 
1920 5231 5232 5241 5240 6151 6179 6180 6176 6181 
1921 5232 5233 5242 5241 6154 6182 6183 6179 6184 
1922 5233 5234 5243 5242 6157 6185 6186 6182 6187 
1923 5234 5235 5244 5243 6160 6188 6189 6185 6190 
1924 5235 5236 5245 5244 6163 6191 6192 6188 6193 
1925 5236 5237 5246 5245 6166 6194 6195 6191 6196 
1926 5237 745 746 5246 6168 794 6197 6194 6198 
1927 258 5238 5247 259 6171 6199 6200 307 6201 
1928 5238 5239 5248 5247 6174 6202 6203 6199 6204 
1929 5239 5240 5249 5248 6177 6205 6206 6202 6207 
1930 5240 5241 5250 5249 6180 6208 6209 6205 6210 
1931 5241 5242 5251 5250 6183 6211 6212 6208 6213 
1932 5242 5243 5252 5251 6186 6214 6215 6211 6216 
1933 5243 5244 5253 5252 6189 6217 6218 6214 6219 
1934 5244 5245 5254 5253 6192 6220 6221 6217 6222 
1935 5245 5246 5255 5254 6195 6223 6224 6220 6225 
1936 5246 746 747 5255 6197 795 6226 6223 6227 
1937 259 5247 5256 260 6200 6228 6229 308 6230 
1938 5247 5248 5257 5256 6203 6231 6232 6228 6233 
1939 5248 5249 5258 5257 6206 6234 6235 6231 6236 
1940 5249 5250 5259 5258 6209 6237 6238 6234 6239 
1941 5250 5251 5260 5259 6212 6240 6241 6237 6242 
1942 5251 5252 5261 5260 6215 6243 6244 6240 6245 
1943 5252 5253 5262 5261 6218 6246 6247 6243 6248 
1944 5253 5254 5263 5262 6221 6249 6250 6246 6251 
1945 5254 5255 5264 5263 6224 6252 6253 6249 6254 
1946 5255 747 748 5264 6226 796 6255 6252 6256 
1947 260 5256 5265 261 6229 6257 6258 309 6259 
1948 5256 5257 5266 5265 6232 6260 6261 6257 6262 
1949 5257 5258 5267 5266 6235 6263 6264 6260 6265 
1950 5258 5259 5268 5267 6238 6266 6267 6263 6268 
1951 5259 5260 5269 5268 6241 6269 6270 6266 6271 
1952 5260 5261 5270 5269 6244 6272 6273 6269 6274 
1953 5261 5262 5271 5270 6247 6275 6276 6272 6277 
1954 5262 5263 5272 5271 6250 6278 6279 6275 6280 
1955 5263 5264 5273 5272 6253 6281 6282 6278 6283 
1956 5264 748 749 5273 6255 797 6284 6281 6285 
1957 261 5265 5274 262 6258 6286 6287 310 6288 
1958 5265 5266 5275 5274 6261 6289 6290 6286 6291 
1959 5266 5267 5276 5275 6264 6292 6293 6289 6294 
1960 5267 5268 5277 5276 6267 6295 6296 6292 6297 
1961 5268 5269 5278 5277 6270 6298 6299 6295 6300 
1962 5269 5270 5279 5278 6273 6301 6302 6298 6303 
1963 5270 5271 5280 5279 6276 6304 6305 6301 6306 
1964 5271 5272 5281 5280 6279 6307 6308 6304 6309 
1965 5272 5273 5282 5281 6282 6310 6311 6307 6312 
1966 5273 749 750 5282 6284 798 6313 6310 6314 
1967 262 5274 5283 263 6287 6315 6316 311 6317 
1968 5274 5275 5284 5283 6290 6318 6319 6315 6320 
1969 5275 5276 5285 5284 6293 6321 6322 6318 6323 
1970 5276 5277 5286 5285 6296 6324 6325 6321 6326 
1971 5277 5278 5287 5286 6299 6327 6328 6324 6329 
1972 5278 5279 5288 5287 6302 6330 6331 6327 6332 
1973 5279 5280 5289 5288 6305 6333 6334 6330 6335 
1974 5280 5281 5290 5289 6308 6336 6337 6333 6338 
1975 5281 5282 5291 5290 6311 6339 6340 6336 6341 
1976 5282 750 751 5291 6313 799 6342 6339 6343 
1977 263 5283 5292 264 6316 6344 6345 312 6346 
1978 5283 5284 5293 5292 6319 6347 6348 6344 6349 
1979 5284 5285 5294 5293 6322 6350 6351 6347 6352 
1980 5285 5286 5295 5294 6325 6353 6354 6350 6355 
1981 5286 5287 5296 5295 6328 6356 6357 6353 6358 
1982 5287 5288 5297 5296 6331 6359 6360 6356 6361 
1983 5288 5289 5298 5297 6334 6362 6363 6359 6364 
1984 5289 5290 5299 5298 6337 6365 6366 6362 6367 
1985 5290 5291 5300 5299 6340 6368 6369 6365 6370 
1986 5291 751 752 5300 6342 800 6371 6368 6372 
1987 264 5292 5301 265 6345 6373 6374 313 6375 
1988 5292 5293 5302 5301 6348 6376 6377 6373 6378 
1989 5293 5294 5303 5302 6351 6379 6380 6376 6381 
1990 5294 5295 5304 5303 6354 6382 6383 6379 6384 
1991 5295 5296 5305 5304 6357 6385 6386 6382 6387 
1992 5296 5297 5306 5305 6360 6388 6389 6385 6390 
1993 5297 5298 5307 5306 6363 6391 6392 6388 6393 
1994 5298 5299 5308 5307 6366 6394 6395 6391 6396 
1995 5299 5300 5309 5308 6369 6397 6398 6394 6399 
1996 5300 752 753 5309 6371 801 6400 6397 6401 
1997 265 5301 5310 266 6374 6402 6403 314 6404 
1998 5301 5302 5311 5310 6377 6405 6406 6402 6407 
1999 5302 5303 5312 5311 6380 6408 6409 6405 6410 
2000 5303 5304 5313 5312 6383 6411 6412 6408 6413 
2001 5304 5305 5314 5313 6386 6414 6415 6411 6416 
2002 5305 5306 5315 5314 6389 6417 6418 6414 6419 
2003 5306 5307 5316 5315 6392 6420 6421 6417 6422 
2004 5307 5308 5317 5316 6395 6423 6424 6420 6425 
2005 5308 5309 5318 5317 6398 6426 6427 6423 6428 
2006 5309 753 754 5318 6400 802 6429 6426 6430 
2007 266 5310 5319 267 6403 6431 6432 315 6433 
2008 5310 5311 5320 5319 6406 6434 6435 6431 6436 
2009 5311 5312 5321 5320 6409 6437 6438 6434 6439 
2010 5312 5313 5322 5321 6412 6440 6441 6437 6442 
2011 5313 5314 5323 5322 6415 6443 6444 6440 6445 
2012 5314 5315 5324 5323 6418 6446 6447 6443 6448 
2013 5315 5316 5325 5324 6421 6449 6450 6446 6451 
2014 5316 5317 5326 5325 6424 6452 6453 6449 6454 
2015 5317 5318 5327 5326 6427 6455 6456 6452 6457 
2016 5318 754 755 5327 6429 803 6458 6455 6459 
2017 267 5319 5328 268 6432 6460 6461 316 6462 
2018 5319 5320 5329 5328 6435 6463 6464 6460 6465 
2019 5320 5321 5330 5329 6438 6466 6467 6463 6468 
2020 5321 5322 5331 5330 6441 6469 6470 6466 6471 
2021 5322 5323 5332 5331 6444 6472 6473 6469 6474 
2022 5323 5324 5333 5332 6447 6475 6476 6472 6477 
2023 5324 5325 5334 5333 6450 6478 6479 6475 6480 
2024 5325 5326 5335 5334 6453 6481 6482 6478 6483 
2025 5326 5327 5336 5335 6456 6484 6485 6481 6486 
2026 5327 755 756 5336 6458 804 6487 6484 6488 
2027 268 5328 5337 269 6461 6489 6490 317 6491 
2028 5328 5329 5338 5337 6464 6492 6493 6489 6494 
2029 5329 5330 5339 5338 6467 6495 6496 6492 6497 
2030 5330 5331 5340 5339 6470 6498 6499 6495 6500 
2031 5331 5332 5341 5340 6473 6501 6502 6498 6503 
2032 5332 5333 5342 5341 6476 6504 6505 6501 6506 
2033 5333 5334 5343 5342 6479 6507 6508 6504 6509 
2034 5334 5335 5344 5343 6482 6510 6511 6507 6512 
2035 5335 5336 5345 5344 6485 6513 6514 6510 6515 
2036 5336 756 757 5345 6487 805 6516 6513 6517 
2037 269 5337 5346 270 6490 6518 6519 318 6520 
2038 5337 5338 5347 5346 6493 6521 6522 6518 6523 
2039 5338 5339 5348 5347 6496 6524 6525 6521 6526 
2040 5339 5340 5349 5348 6499 6527 6528 6524 6529 
2041 5340 5341 5350 5349 6502 6530 6531 6527 6532 
2042 5341 5342 5351 5350 6505 6533 6534 6530 6535 
2043 5342 5343 5352 5351 6508 6536 6537 6533 6538 
2044 5343 5344 5353 5352 6511 6539 6540 6536 6541 
2045 5344 5345 5354 5353 6514 6542 6543 6539 6544 
2046 5345 757 758 5354 6516 806 6545 6542 6546 
2047 270 5346 5355 271 6519 6547 6548 319 6549 
2048 5346 5347 5356 5355 6522 6550 6551 6547 6552 
2049 5347 5348 5357 5356 6525 6553 6554 6550 6555 
2050 5348 5349 5358 5357 6528 6556 6557 6553 6558 
2051 5349 5350 5359 5358 6531 6559 6560 6556 6561 
2052 5350 5351 5360 5359 6534 6562 6563 6559 6564 
2053 5351 5352 5361 5360 6537 6565 6566 6562 6567 
2054 5352 5353 5362 5361 6540 6568 6569 6565 6570 
2055 5353 5354 5363 5362 6543 6571 6572 6568 6573 
2056 5354 758 759 5363 6545 807 6574 6571 6575 
2057 271 5355 5364 272 6548 6576 6577 320 6578 
2058 5355 5356 5365 5364 6551 6579 6580 6576 6581 
2059 5356 5357 5366 5365 6554 6582 6583 6579 6584 
2060 5357 5358 5367 5366 6557 6585 6586 6582 6587 
2061 5358 5359 5368 5367 6560 6588 6589 6585 6590 
2062 5359 5360 5369 5368 6563 6591 6592 6588 6593 
2063 5360 5361 5370 5369 6566 6594 6595 6591 6596 
2064 5361 5362 5371 5370 6569 6597 6598 6594 6599 
2065 5362 5363 5372 5371 6572 6600 6601 6597 6602 
2066 5363 759 760 5372 6574 808 6603 6600 6604 
2067 272 5364 5373 273 6577 6605 6606 321 6607 
2068 5364 5365 5374 5373 6580 6608 6609 6605 6610 
2069 5365 5366 5375 5374 6583 6611 6612 6608 6613 
2070 5366 5367 5376 5375 6586 6614 6615 6611 6616 
2071 5367 5368 5377 5376 6589 6617 6618 6614 6619 
2072 5368 5369 5378 5377 6592 6620 6621 6617 6622 
2073 5369 5370 5379 5378 6595 6623 6624 6620 6625 
2074 5370 5371 5380 5379 6598 6626 6627 6623 6628 
2075 5371 5372 5381 5380 6601 6629 6630 6626 6631 
2076 5372 760 761 5381 6603 809 6632 6629 6633 
2077 273 5373 5382 274 6606 6634 6635 322 6636 
2078 5373 5374 5383 5382 6609 6637 6638 6634 6639 
2079 5374 5375 5384 5383 6612 6640 6641 6637 6642 
2080 5375 5376 5385 5384 6615 6643 6644 6640 6645 
2081 5376 5377 5386 5385 6618 6646 6647 6643 6648 
2082 5377 5378 5387 5386 6621 6649 6650 6646 6651 
2083 5378 5379 5388 5387 6624 6652 6653 6649 6654 
2084 5379 5380 5389 5388 6627 6655 6656 6652 6657 
2085 5380 5381 5390 5389 6630 6658 6659 6655 6660 
2086 5381 761 762 5390 6632 810 6661 6658 6662 
2087 274 5382 5391 275 6635 6663 6664 323 6665 
2088 5382 5383 5392 5391 6638 6666 6667 6663 6668 
2089 5383 5384 5393 5392 6641 6669 6670 6666 6671 
2090 5384 5385 5394 5393 6644 6672 6673 6669 6674 
2091 5385 5386 5395 5394 6647 6675 6676 6672 6677 
2092 5386 5387 5396 5395 6650 6678 6679 6675 6680 
2093 5387 5388 5397 5396 6653 6681 6682 6678 6683 
2094 5388 5389 5398 5397 6656 6684 6685 6681 6686 
2095 5389 5390 5399 5398 6659 6687 6688 6684 6689 
2096 5390 762 763 5399 6661 811 6690 6687 6691 
2097 275 5391 5400 276 6664 6692 6693 324 6694 
2098 5391 5392 5401 5400 6667 6695 6696 6692 6697 
2099 5392 5393 5402 5401 6670 6698 6699 6695 6700 
2100 5393 5394 5403 5402 6673 6701 6702 6698 6703 
2101 5394 5395 5404 5403 6676 6704 6705 6701 6706 
2102 5395 5396 5405 5404 6679 6707 6708 6704 6709 
2103 5396 5397 5406 5405 6682 6710 6711 6707 6712 
2104 5397 5398 5407 5406 6685 6713 6714 6710 6715 
2105 5398 5399 5408 5407 6688 6716 6717 6713 6718 
2106 5399 763 764 5408 6690 812 6719 6716 6720 
2107 276 5400 5409 277 6693 6721 6722 325 6723 
2108 5400 5401 5410 5409 6696 6724 6725 6721 6726 
2109 5401 5402 5411 5410 6699 6727 6728 6724 6729 
2110 5402 5403 5412 5411 6702 6730 6731 6727 6732 
2111 5403 5404 5413 5412 6705 6733 6734 6730 6735 
2112 5404 5405 5414 5413 6708 6736 6737 6733 6738 
2113 5405 5406 5415 5414 6711 6739 6740 6736 6741 
2114 5406 5407 5416 5415 6714 6742 6743 6739 6744 
2115 5407 5408 5417 5416 6717 6745 6746 6742 6747 
2116 5408 764 765 5417 6719 813 6748 6745 6749 
2117 277 5409 5418 278 6722 6750 6751 326 6752 
2118 5409 5410 5419 5418 6725 6753 6754 6750 6755 
2119 5410 5411 5420 5419 6728 6756 6757 6753 6758 
2120 5411 5412 5421 5420 6731 6759 6760 6756 6761 
2121 5412 5413 5422 5421 6734 6762 6763 6759 6764 
2122 5413 5414 5423 5422 6737 6765 6766 6762 6767 
2123 5414 5415 5424 5423 6740 6768 6769 6765 6770 
2124 5415 5416 5425 5424 6743 6771 6772 6768 6773 
2125 5416 5417 5426 5425 6746 6774 6775 6771 6776 
2126 5417 765 766 5426 6748 814 6777 6774 6778 
2127 278 5418 5427 279 6751 6779 6780 327 6781 
2128 5418 5419 5428 5427 6754 6782 6783 6779 6784 
2129 5419 5420 5429 5428 6757 6785 6786 6782 6787 
2130 5420 5421 5430 5429 6760 6788 6789 6785 6790 
2131 5421 5422 5431 5430 6763 6791 6792 6788 6793 
2132 5422 5423 5432 5431 6766 6794 6795 6791 6796 
2133 5423 5424 5433 5432 6769 6797 6798 6794 6799 
2134 5424 5425 5434 5433 6772 6800 6801 6797 6802 
2135 5425 5426 5435 5434 6775 6803 6804 6800 6805 
2136 5426 766 767 5435 6777 815 6806 6803 6807 
2137 279 5427 5436 280 6780 6808 6809 328 6810 
2138 5427 5428 5437 5436 6783 6811 6812 6808 6813 
2139 5428 5429 5438 5437 6786 6814 6815 6811 6816 
2140 5429 5430 5439 5438 6789 6817 6818 6814 6819 
2141 5430 5431 5440 5439 6792 6820 6821 6817 6822 
2142 5431 5432 5441 5440 6795 6823 6824 6820 6825 
2143 5432 5433 5442 5441 6798 6826 6827 6823 6828 
2144 5433 5434 5443 5442 6801 6829 6830 6826 6831 
2145 5434 5435 5444 5443 6804 6832 6833 6829 6834 
2146 5435 767 768 5444 6806 816 6835 6832 6836 
2147 280 5436 702 6 6809 6837 711 329 6838 
2148 5436 5437 703 702 6812 6839 712 6837 6840 
2149 5437 5438 704 703 6815 6841 713 6839 6842 
2150 5438 5439 705 704 6818 6843 714 6841 6844 
2151 5439 5440 706 705 6821 6845 715 6843 6846 
2152 5440 5441 707 706 6824 6847 716 6845 6848 
2153 5441 5442 708 707 6827 6849 717 6847 6850 
2154 5442 5443 709 708 6830 6851 718 6849 6852 
2155 5443 5444 710 709 6833 6853 719 6851 6854 
2156 5444 768 14 710 6835 817 720 6853 6855 
2 7 10 245
2157 13 818 6856 721 822 7048 7049 769 7050 
2158 818 819 6857 6856 823 7051 7052 7048 7053 
2159 819 820 6858 6857 824 7054 7055 7051 7056 
2160 820 821 6859 6858 825 7057 7058 7054 7059 
2161 821 15 836 6859 826 884 7060 7057 7061 
2162 721 6856 6860 722 7049 7062 7063 770 7064 
2163 6856 6857 6861 6860 7052 7065 7066 7062 7067 
2164 6857 6858 6862 6861 7055 7068 7069 7065 7070 
2165 6858 6859 6863 6862 7058 7071 7072 7068 7073 
2166 6859 836 837 6863 7060 885 7074 7071 7075 
2167 722 6860 6864 723 7063 7076 7077 771 7078 
2168 6860 6861 6865 6864 7066 7079 7080 7076 7081 
2169 6861 6862 6866 6865 7069 7082 7083 7079 7084 
2170 6862 6863 6867 6866 7072 7085 7086 7082 7087 
2171 6863 837 838 6867 7074 886 7088 7085 7089 
2172 723 6864 6868 724 7077 7090 7091 772 7092 
2173 6864 6865 6869 6868 7080 7093 7094 7090 7095 
2174 6865 6866 6870 6869 7083 7096 7097 7093 7098 
2175 6866 6867 6871 6870 7086 7099 7100 7096 7101 
2176 6867 838 839 6871 7088 887 7102 7099 7103 
2177 724 6868 6872 725 7091 7104 7105 773 7106 
2178 6868 6869 6873 6872 7094 7107 7108 7104 7109 
2179 6869 6870 6874 6873 7097 7110 7111 7107 7112 
2180 6870 6871 6875 6874 7100 7113 7114 7110 7115 
2181 6871 839 840 6875 7102 888 7116 7113 7117 
2182 725 6872 6876 726 7105 7118 7119 774 7120 
2183 6872 6873 6877 6876 7108 7121 7122 7118 7123 
2184 6873 6874 6878 6877 7111 7124 7125 7121 7126 
2185 6874 6875 6879 6878 7114 7127 7128 7124 7129 
2186 6875 840 841 6879 7116 889 7130 7127 7131 
2187 726 6876 6880 727 7119 7132 7133 775 7134 
2188 6876 6877 6881 6880 7122 7135 7136 7132 7137 
2189 6877 6878 6882 6881 7125 7138 7139 7135 7140 
2190 6878 6879 6883 6882 7128 7141 7142 7138 7143 
2191 6879 841 842 6883 7130 890 7144 7141 7145 
2192 727 6880 6884 728 7133 7146 7147 776 7148 
2193 6880 6881 6885 6884 7136 7149 7150 7146 7151 
2194 6881 6882 6886 6885 7139 7152 7153 7149 7154 
2195 6882 6883 6887 6886 7142 7155 7156 7152 7157 
2196 6883 842 843 6887 7144 891 7158 7155 7159 
2197 728 6884 6888 729 7147 7160 7161 777 7162 
2198 6884 6885 6889 6888 7150 7163 7164 7160 7165 
2199 6885 6886 6890 6889 7153 7166 7167 7163 7168 
2200 6886 6887 6891 6890 7156 7169 7170 7166 7171 
2201 6887 843 844 6891 7158 892 7172 7169 7173 
2202 729 6888 6892 730 7161 7174 7175 778 7176 
2203 6888 6889 6893 6892 7164 7177 7178 7174 7179 
2204 6889 6890 6894 6893 7167 7180 7181 7177 7182 
2205 6890 6891 6895 6894 7170 7183 7184 7180 7185 
2206 6891 844 845 6895 7172 893 7186 7183 7187 
2207 730 6892 6896 731 7175 7188 7189 779 7190 
2208 6892 6893 6897 6896 7178 7191 7192 7188 7193 
2209 6893 6894 6898 6897 7181 7194 7195 7191 7196 
2210 6894 6895 6899 6898 7184 7197 7198 7194 7199 
2211 6895 845 846 6899 7186 894 7200 7197 7201 
2212 731 6896 6900 732 7189 7202 7203 780 7204 
2213 6896 6897 6901 6900 7192 7205 7206 7202 7207 
2214 6897 6898 6902 6901 7195 7208 7209 7205 7210 
2215 6898 6899 6903 6902 7198 7211 7212 7208 7213 
2216 6899 846 847 6903 7200 895 7214 7211 7215 
2217 732 6900 6904 733 7203 7216 7217 781 7218 
2218 6900 6901 6905 6904 7206 7219 7220 7216 7221 
2219 6901 6902 6906 6905 7209 7222 7223 7219 7224 
2220 6902 6903 6907 6906 7212 7225 7226 7222 7227 
2221 6903 847 848 6907 7214 896 7228 7225 7229 
2222 733 6904 6908 734 7217 7230 7231 782 7232 
2223 6904 6905 6909 6908 7220 7233 7234 7230 7235 
2224 6905 6906 6910 6909 7223 7236 7237 7233 7238 
2225 6906 6907 6911 6910 7226 7239 7240 7236 7241 
2226 6907 848 849 6911 7228 897 7242 7239 7243 
2227 734 6908 6912 735 7231 7244 7245 783 7246 
2228 6908 6909 6913 6912 7234 7247 7248 7244 7249 
2229 6909 6910 6914 6913 7237 7250 7251 7247 7252 
2230 6910 6911 6915 6914 7240 7253 7254 7250 7255 
2231 6911 849 850 6915 7242 898 7256 7253 7257 
2232 735 6912 6916 736 7245 7258 7259 784 7260 
2233 6912 6913 6917 6916 7248 7261 7262 7258 7263 
2234 6913 6914 6918 6917 7251 7264 7265 7261 7266 
2235 6914 6915 6919 6918 7254 7267 7268 7264 7269 
2236 6915 850 851 6919 7256 899 7270 7267 7271 
2237 736 6916 6920 737 7259 7272 7273 785 7274 
2238 6916 6917 6921 6920 7262 7275 7276 7272 7277 
2239 6917 6918 6922 6921 7265 7278 7279 7275 7280 
2240 6918 6919 6923 6922 7268 7281 7282 7278 7283 
2241 6919 851 852 6923 7270 900 7284 7281 7285 
2242 737 6920 6924 738 7273 7286 7287 786 7288 
2243 6920 6921 6925 6924 7276 7289 7290 7286 7291 
2244 6921 6922 6926 6925 7279 7292 7293 7289 7294 
2245 6922 6923 6927 6926 7282 7295 7296 7292 7297 
2246 6923 852 853 6927 7284 901 7298 7295 7299 
2247 738 6924 6928 739 7287 7300 7301 787 7302 
2248 6924 6925 6929 6928 7290 7303 7304 7300 7305 
2249 6925 6926 6930 6929 7293 7306 7307 7303 7308 
2250 6926 6927 6931 6930 7296 7309 7310 7306 7311 
2251 6927 853 854 6931 7298 902 7312 7309 7313 
2252 739 6928 6932 740 7301 7314 7315 788 7316 
2253 6928 6929 6933 6932 7304 7317 7318 7314 7319 
2254 6929 6930 6934 6933 7307 7320 7321 7317 7322 
2255 6930 6931 6935 6934 7310 7323 7324 7320 7325 
2256 6931 854 855 6935 7312 903 7326 7323 7327 
2257 740 6932 6936 741 7315 7328 7329 789 7330 
2258 6932 6933 6937 6936 7318 7331 7332 7328 7333 
2259 6933 6934 6938 6937 7321 7334 7335 7331 7336 
2260 6934 6935 6939 6938 7324 7337 7338 7334 7339 
2261 6935 855 856 6939 7326 904 7340 7337 7341 
2262 741 6936 6940 742 7329 7342 7343 790 7344 
2263 6936 6937 6941 6940 7332 7345 7346 7342 7347 
2264 6937 6938 6942 6941 7335 7348 7349 7345 7350 
2265 6938 6939 6943 6942 7338 7351 7352 7348 7353 
2266 6939 856 857 6943 7340 905 7354 7351 7355 
2267 742 6940 6944 743 7343 7356 7357 791 7358 
2268 6940 6941 6945 6944 7346 7359 7360 7356 7361 
2269 6941 6942 6946 6945 7349 7362 7363 7359 7364 
2270 6942 6943 6947 6946 7352 7365 7366 7362 7367 
2271 6943 857 858 6947 7354 906 7368 7365 7369 
2272 743 6944 6948 744 7357 7370 7371 792 7372 
2273 6944 6945 6949 6948 7360 7373 7374 7370 7375 
2274 6945 6946 6950 6949 7363 7376 7377 7373 7378 
2275 6946 6947 6951 6950 7366 7379 7380 7376 7381 
2276 6947 858 859 6951 7368 907 7382 7379 7383 
2277 744 6948 6952 745 7371 7384 7385 793 7386 
2278 6948 6949 6953 6952 7374 7387 7388 7384 7389 
2279 6949 6950 6954 6953 7377 7390 7391 7387 7392 
2280 6950 6951 6955 6954 7380 7393 7394 7390 7395 
2281 6951 859 860 6955 7382 908 7396 7393 7397 
2282 745 6952 6956 746 7385 7398 7399 794 7400 
2283 6952 6953 6957 6956 7388 7401 7402 7398 7403 
2284 6953 6954 6958 6957 7391 7404 7405 7401 7406 
2285 6954 6955 6959 6958 7394 7407 7408 7404 7409 
2286 6955 860 861 6959 7396 909 7410 7407 7411 
2287 746 6956 6960 747 7399 7412 7413 795 7414 
2288 6956 6957 6961 6960 7402 7415 7416 7412 7417 
2289 6957 6958 6962 6961 7405 7418 7419 7415 7420 
2290 6958 6959 6963 6962 7408 7421 7422 7418 7423 
2291 6959 861 862 6963 7410 910 7424 7421 7425 
2292 747 6960 6964 748 7413 7426 7427 796 7428 
2293 6960 6961 6965 6964 7416 7429 7430 7426 7431 
2294 6961 6962 6966 6965 7419 7432 7433 7429 7434 
2295 6962 6963 6967 6966 7422 7435 7436 7432 7437 
2296 6963 862 863 6967 7424 911 7438 7435 7439 
2297 748 6964 6968 749 7427 7440 7441 797 7442 
2298 6964 6965 6969 6968 7430 7443 7444 7440 7445 
2299 6965 6966 6970 6969 7433 7446 7447 7443 7448 
2300 6966 6967 6971 6970 7436 7449 7450 7446 7451 
2301 6967 863 864 6971 7438 912 7452 7449 7453 
2302 749 6968 6972 750 7441 7454 7455 798 7456 
2303 6968 6969 6973 6972 7444 7457 7458 7454 7459 
2304 6969 6970 6974 6973 7447 7460 7461 7457 7462 
2305 6970 6971 6975 6974 7450 7463 7464 7460 7465 
2306 6971 864 865 6975 7452 913 7466 7463 7467 
2307 750 6972 6976 751 7455 7468 7469 799 7470 
2308 6972 6973 6977 6976 7458 7471 7472 7468 7473 
2309 6973 6974 6978 6977 7461 7474 7475 7471 7476 
2310 6974 6975 6979 6978 7464 7477 7478 7474 7479 
2311 6975 865 866 6979 7466 914 7480 7477 7481 
2312 751 6976 6980 752 7469 7482 7483 800 7484 
2313 6976 6977 6981 6980 7472 7485 7486 7482 7487 
2314 6977 6978 6982 6981 7475 7488 7489 7485 7490 
2315 6978 6979 6983 6982 7478 7491 7492 7488 7493 
2316 6979 866 867 6983 7480 915 7494 7491 7495 
2317 752 6980 6984 753 7483 7496 7497 801 7498 
2318 6980 6981 6985 6984 7486 7499 7500 7496 7501 
2319 6981 6982 6986 6985 7489 7502 7503 7499 7504 
2320 6982 6983 6987 6986 7492 7505 7506 7502 7507 
2321 6983 867 868 6987 7494 916 7508 7505 7509 
2322 753 6984 6988 754 7497 7510 7511 802 7512 
2323 6984 6985 6989 6988 7500 7513 7514 7510 7515 
2324 6985 6986 6990 6989 7503 7516 7517 7513 7518 
2325 6986 6987 6991 6990 7506 7519 7520 7516 7521 
2326 6987 868 869 6991 7508 917 7522 7519 7523 
2327 754 6988 6992 755 7511 7524 7525 803 7526 
2328 6988 6989 6993 6992 7514 7527 7528 7524 7529 
2329 6989 6990 6994 6993 7517 7530 7531 7527 7532 
2330 6990 6991 6995 6994 7520 7533 7534 7530 7535 
2331 6991 869 870 6995 7522 918 7536 7533 7537 
2332 755 6992 6996 756 7525 7538 7539 804 7540 
2333 6992 6993 6997 6996 7528 7541 7542 7538 7543 
2334 6993 6994 6998 6997 7531 7544 7545 7541 7546 
2335 6994 6995 6999 6998 7534 7547 7548 7544 7549 
2336 6995 870 871 6999 7536 919 7550 7547 7551 
2337 756 6996 7000 757 7539 7552 7553 805 7554 
2338 6996 6997 7001 7000 7542 7555 7556 7552 7557 
2339 6997 6998 7002 7001 7545 7558 7559 7555 7560 
2340 6998 6999 7003 7002 7548 7561 7562 7558 7563 
2341 6999 871 872 7003 7550 920 7564 7561 7565 
2342 757 7000 7004 758 7553 7566 7567 806 7568 
2343 7000 7001 7005 7004 7556 7569 7570 7566 7571 
2344 7001 7002 7006 7005 7559 7572 7573 7569 7574 
2345 7002 7003 7007 7006 7562 7575 7576 7572 7577 
2346 7003 872 873 7007 7564 921 7578 7575 7579 
2347 758 7004 7008 759 7567 7580 7581 807 7582 
2348 7004 7005 7009 7008 7570 7583 7584 7580 7585 
2349 7005 7006 7010 7009 7573 7586 7587 7583 7588 
2350 7006 7007 7011 7010 7576 7589 7590 7586 7591 
2351 7007 873 874 7011 7578 922 7592 7589 7593 
2352 759 7008 7012 760 7581 7594 7595 808 7596 
2353 7008 7009 7013 7012 7584 7597 7598 7594 7599 
2354 7009 7010 7014 7013 7587 7600 7601 7597 7602 
2355 7010 7011 7015 7014 7590 7603 7604 7600 7605 
2356 7011 874 875 7015 7592 923 7606 7603 7607 
2357 760 7012 7016 761 7595 7608 7609 809 7610 
2358 7012 7013 7017 7016 7598 7611 7612 7608 7613 
2359 7013 7014 7018 7017 7601 7614 7615 7611 7616 
2360 7014 7015 7019 7018 7604 7617 7618 7614 7619 
2361 7015 875 876 7019 7606 924 7620 7617 7621 
2362 761 7016 7020 762 7609 7622 7623 810 7624 
2363 7016 7017 7021 7020 7612 7625 7626 7622 7627 
2364 7017 7018 7022 7021 7615 7628 7629 7625 7630 
2365 7018 7019 7023 7022 7618 7631 7632 7628 7633 
2366 7019 876 877 7023 7620 925 7634 7631 7635 
2367 762 7020 7024 763 7623 7636 7637 811 7638 
2368 7020 7021 7025 7024 7626 7639 7640 7636 7641 
2369 7021 7022 7026 7025 7629 7642 7643 7639 7644 
2370 7022 7023 7027 7026 7632 7645 7646 7642 7647 
2371 7023 877 878 7027 7634 926 7648 7645 7649 
2372 763 7024 7028 764 7637 7650 7651 812 7652 
2373 7024 7025 7029 7028 7640 7653 7654 7650 7655 
2374 7025 7026 7030 7029 7643 7656 7657 7653 7658 
2375 7026 7027 7031 7030 7646 7659 7660 7656 7661 
2376 7027 878 879 7031 7648 927 7662 7659 7663 
2377 764 7028 7032 765 7651 7664 7665 813 7666 
2378 7028 7029 7033 7032 7654 7667 7668 7664 7669 
2379 7029 7030 7034 7033 7657 7670 7671 7667 7672 
2380 7030 7031 7035 7034 7660 7673 7674 7670 7675 
2381 7031 879 880 7035 7662 928 7676 7673 7677 
2382 765 7032 7036 766 7665 7678 7679 814 7680 
2383 7032 7033 7037 7036 7668 7681 7682 7678 7683 
2384 7033 7034 7038 7037 7671 7684 7685 7681 7686 
2385 7034 7035 7039 7038 7674 7687 7688 7684 7689 
2386 7035 880 881 7039 7676 929 7690 7687 7691 
2387 766 7036 7040 767 7679 7692 7693 815 7694 
2388 7036 7037 7041 7040 7682 7695 7696 7692 7697 
2389 7037 7038 7042 7041 7685 7698 7699 7695 7700 
2390 7038 7039 7043 7042 7688 7701 7702 7698 7703 
2391 7039 881 882 7043 7690 930 7704 7701 7705 
2392 767 7040 7044 768 7693 7706 7707 816 7708 
2393 7040 7041 7045 7044 7696 7709 7710 7706 7711 
2394 7041 7042 7046 7045 7699 7712 7713 7709 7714 
2395 7042 7043 7047 7046 7702 7715 7716 7712 7717 
2396 7043 882 883 7047 7704 931 7718 7715 7719 
2397 768 7044 827 14 7707 7720 831 817 7721 
2398 7044 7045 828 827 7710 7722 832 7720 7723 
2399 7045 7046 829 828 7713 7724 833 7722 7725 
2400 7046 7047 830 829 7716 7726 834 7724 7727 
2401 7047 883 16 830 7718 932 835 7726 7728 
2 8 10 98
2402 15 933 7729 836 934 7777 7778 884 7779 
2403 933 17 939 7729 935 987 7780 7777 7781 
2404 836 7729 7730 837 7778 7782 7783 885 7784 
2405 7729 939 940 7730 7780 988 7785 7782 7786 
2406 837 7730 7731 838 7783 7787 7788 886 7789 
2407 7730 940 941 7731 7785 989 7790 7787 7791 
2408 838 7731 7732 839 7788 7792 7793 887 7794 
2409 7731 941 942 7732 7790 990 7795 7792 7796 
2410 839 7732 7733 840 7793 7797 7798 888 7799 
2411 7732 942 943 7733 7795 991 7800 7797 7801 
2412 840 7733 7734 841 7798 7802 7803 889 7804 
2413 7733 943 944 7734 7800 992 7805 7802 7806 
2414 841 7734 7735 842 7803 7807 7808 890 7809 
2415 7734 944 945 7735 7805 993 7810 7807 7811 
2416 842 7735 7736 843 7808 7812 7813 891 7814 
2417 7735 945 946 7736 7810 994 7815 7812 7816 
2418 843 7736 7737 844 7813 7817 7818 892 7819 
2419 7736 946 947 7737 7815 995 7820 7817 7821 
2420 844 7737 7738 845 7818 7822 7823 893 7824 
2421 7737 947 948 7738 7820 996 7825 7822 7826 
2422 845 7738 7739 846 7823 7827 7828 894 7829 
2423 7738 948 949 7739 7825 997 7830 7827 7831 
2424 846 7739 7740 847 7828 7832 7833 895 7834 
2425 7739 949 950 7740 7830 998 7835 7832 7836 
2426 847 7740 7741 848 7833 7837 7838 896 7839 
2427 7740 950 951 7741 7835 999 7840 7837 7841 
2428 848 7741 7742 849 7838 7842 7843 897 7844 
2429 7741 951 952 7742 7840 1000 7845 7842 7846 
2430 849 7742 7743 850 7843 7847 7848 898 7849 
2431 7742 952 953 7743 7845 1001 7850 7847 7851 
2432 850 7743 7744 851 7848 7852 7853 899 7854 
2433 7743 953 954 7744 7850 1002 7855 7852 7856 
2434 851 7744 7745 852 7853 7857 7858 900 7859 
2435 7744 954 955 7745 7855 1003 7860 7857 7861 
2436 852 7745 7746 853 7858 7862 7863 901 7864 
2437 7745 955 956 7746 7860 1004 7865 7862 7866 
2438 853 7746 7747 854 7863 7867 7868 902 7869 
2439 7746 956 957 7747 7865 1005 7870 7867 7871 
2440 854 7747 7748 855 7868 7872 7873 903 7874 
2441 7747 957 958 7748 7870 1006 7875 7872 7876 
2442 855 7748 7749 856 7873 7877 7878 904 7879 
2443 7748 958 959 7749 7875 1007 7880 7877 7881 
2444 856 7749 7750 857 7878 7882 7883 905 7884 
2445 7749 959 960 7750 7880 1008 7885 7882 7886 
2446 857 7750 7751 858 7883 7887 7888 906 7889 
2447 7750 960 961 7751 7885 1009 7890 7887 7891 
2448 858 7751 7752 859 7888 7892 7893 907 7894 
2449 7751 961 962 7752 7890 1010 7895 7892 7896 
2450 859 7752 7753 860 7893 7897 7898 908 7899 
2451 7752 962 963 7753 7895 1011 7900 7897 7901 
2452 860 7753 7754 861 7898 7902 7903 909 7904 
2453 7753 963 964 7754 7900 1012 7905 7902 7906 
2454 861 7754 7755 862 7903 7907 7908 910 7909 
2455 7754 964 965 7755 7905 1013 7910 7907 7911 
2456 862 7755 7756 863 7908 7912 7913 911 7914 
2457 7755 965 966 7756 7910 1014 7915 7912 7916 
2458 863 7756 7757 864 7913 7917 7918 912 7919 
2459 7756 966 967 7757 7915 1015 7920 7917 7921 
2460 864 7757 7758 865 7918 7922 7923 913 7924 
2461 7757 967 968 7758 7920 1016 7925 7922 7926 
2462 865 7758 7759 866 7923 7927 7928 914 7929 
2463 7758 968 969 7759 7925 1017 7930 7927 7931 
2464 866 7759 7760 867 7928 7932 7933 915 7934 
2465 7759 969 970 7760 7930 1018 7935 7932 7936 
2466 867 7760 7761 868 7933 7937 7938 916 7939 
2467 7760 970 971 7761 7935 1019 7940 7937 7941 
2468 868 7761 7762 869 7938 7942 7943 917 7944 
2469 7761 971 972 7762 7940 1020 7945 7942 7946 
2470 869 7762 7763 870 7943 7947 7948 918 7949 
2471 7762 972 973 7763 7945 1021 7950 7947 7951 
2472 870 7763 7764 871 7948 7952 7953 919 7954 
2473 7763 973 974 7764 7950 1022 7955 7952 7956 
2474 871 7764 7765 872 7953 7957 7958 920 7959 
2475 7764 974 975 7765 7955 1023 7960 7957 7961 
2476 872 7765 7766 873 7958 7962 7963 921 7964 
2477 7765 975 976 7766 7960 1024 7965 7962 7966 
2478 873 7766 7767 874 7963 7967 7968 922 7969 
2479 7766 976 977 7767 7965 1025 7970 7967 7971 
2480 874 7767 7768 875 7968 7972 7973 923 7974 
2481 7767 977 978 7768 7970 1026 7975 7972 7976 
2482 875 7768 7769 876 7973 7977 7978 924 7979 
2483 7768 978 979 7769 7975 1027 7980 7977 7981 
2484 876 7769 7770 877 7978 7982 7983 925 7984 
2485 7769 979 980 7770 7980 1028 7985 7982 7986 
2486 877 7770 7771 878 7983 7987 7988 926 7989 
2487 7770 980 981 7771 7985 1029 7990 7987 7991 
2488 878 7771 7772 879 7988 7992 7993 927 7994 
2489 7771 981 982 7772 7990 1030 7995 7992 7996 
2490 879 7772 7773 880 7993 7997 7998 928 7999 
2491 7772 982 983 7773 7995 1031 8000 7997 8001 
2492 880 7773 7774 881 7998 8002 8003 929 8004 
2493 7773 983 984 7774 8000 1032 8005 8002 8006 
2494 881 7774 7775 882 8003 8007 8008 930 8009 
2495 7774 984 985 7775 8005 1033 8010 8007 8011 
2496 882 7775 7776 883 8008 8012 8013 931 8014 
2497 7775 985 986 7776 8010 1034 8015 8012 8016 
2498 883 7776 936 16 8013 8017 937 932 8018 
2499 7776 986 18 936 8015 1035 938 8017 8019 
$EndElements
