$MeshFormat
4.1 0 8
$EndMeshFormat
$Entities
30 32 3 0
5 0.1 0.1 0 0 
6 1.2 0.1 0 0 
7 1.3 0.1 0 0 
8 2.45 0.1 0 0 
9 2.55 0.1 0 0 
10 3.7 0.1 0 0 
11 3.8 0.1 0 0 
12 4.9 0.1 0 0 
13 4.9 0.9 0 0 
14 3.8 0.9 0 0 
15 3.7 0.9 0 0 
16 2.55 0.9 0 0 
17 2.45 0.9 0 0 
18 1.3 0.9 0 0 
19 1.2 0.9 0 0 
20 0.1 0.9 0 0 
21 1.2 0.667 0 0 
22 1.3 0.667 0 0 
23 3.7 0.667 0 0 
24 3.8 0.667 0 0 
25 2.45 0.333 0 0 
26 2.55 0.333 0 0 
27 0 0.1 0 0 
28 5 0.1 0 0 
29 5 0.9 0 0 
30 0 0.9 0 0 
31 0 0 0 0 
32 0 1 0 0 
33 5 1 0 0 
34 5 0 0 0 
6 0.09999990000000003 0.8999999000000001 -1e-07 1.2000001 0.9000001 1e-07 0 2 20 -19 
7 1.1999999 0.8999999000000001 -1e-07 1.3000001 0.9000001 1e-07 0 2 19 -18 
8 1.2999999 0.8999999000000001 -1e-07 2.4500001 0.9000001 1e-07 0 2 18 -17 
9 2.4499999 0.3329999000000001 -1e-07 2.4500001 0.9000001 1e-07 0 2 17 -25 
10 2.4499999 0.3329999 -1e-07 2.5500001 0.3330001 1e-07 0 2 25 -26 
11 2.5499999 0.3329999 -1e-07 2.5500001 0.9000000999999999 1e-07 0 2 26 -16 
12 2.5499999 0.8999999000000001 -1e-07 3.7000001 0.9000001 1e-07 0 2 16 -15 
13 3.6999999 0.8999999000000001 -1e-07 3.8000001 0.9000001 1e-07 0 2 15 -14 
14 3.7999999 0.8999999000000001 -1e-07 4.900000100000001 0.9000001 1e-07 0 2 14 -13 
16 3.7999999 0.0999999 -1e-07 4.900000100000001 0.1000001 1e-07 0 2 12 -11 
17 3.7999999 0.09999989999999997 -1e-07 3.8000001 0.6670001 1e-07 0 2 11 -24 
18 3.6999999 0.6669999000000001 -1e-07 3.8000001 0.6670001 1e-07 0 2 24 -23 
19 3.6999999 0.09999989999999997 -1e-07 3.7000001 0.6670001 1e-07 0 2 23 -10 
20 2.5499999 0.0999999 -1e-07 3.7000001 0.1000001 1e-07 0 2 10 -9 
21 2.4499999 0.0999999 -1e-07 2.5500001 0.1000001 1e-07 0 2 9 -8 
22 1.2999999 0.0999999 -1e-07 2.4500001 0.1000001 1e-07 0 2 8 -7 
23 1.2999999 0.09999989999999997 -1e-07 1.3000001 0.6670001 1e-07 0 2 7 -22 
24 1.1999999 0.6669999000000001 -1e-07 1.3000001 0.6670001 1e-07 0 2 22 -21 
25 1.1999999 0.09999989999999997 -1e-07 1.2000001 0.6670001 1e-07 0 2 21 -6 
26 0.09999990000000014 0.0999999 -1e-07 1.2000001 0.1000001 1e-07 0 2 6 -5 
27 -1.000000000028756e-07 0.8999999000000001 -1e-07 0.1000001 0.9000001 1e-07 0 2 30 -20 
28 -1.000000000028756e-07 0.0999999 -1e-07 0.1000001 0.1000001 1e-07 0 2 27 -5 
29 4.8999999 0.0999999 -1e-07 5.0000001 0.1000001 1e-07 0 2 12 -28 
30 4.8999999 0.8999999000000001 -1e-07 5.0000001 0.9000001 1e-07 0 2 13 -29 
32 -1e-07 0.09999989999999997 -1e-07 1e-07 0.9000001 1e-07 0 2 30 -27 
33 -1e-07 0.8999999000000001 -1e-07 1e-07 1.0000001 1e-07 0 2 30 -32 
34 -9.999999983634211e-08 0.9999999000000001 -1e-07 5.0000001 1.0000001 1e-07 0 2 32 -33 
35 4.9999999 0.8999999000000001 -1e-07 5.0000001 1.0000001 1e-07 0 2 33 -29 
36 4.9999999 0.09999989999999997 -1e-07 5.0000001 0.9000001 1e-07 0 2 29 -28 
37 4.9999999 -1.000000000028756e-07 -1e-07 5.0000001 0.1000001 1e-07 0 2 28 -34 
38 -9.999999983634211e-08 -1e-07 -1e-07 5.0000001 1e-07 1e-07 0 2 34 -31 
39 -1e-07 -1.000000000028756e-07 -1e-07 1e-07 0.1000001 1e-07 0 2 31 -27 
1 -9.999999983634211e-08 0.3329999 -1e-07 5.0000001 1.0000001 1e-07 0 14 27 6 7 8 9 10 11 12 13 14 30 -35 -34 -33 
2 -9.999999983634211e-08 -1.000000000028756e-07 -1e-07 5.0000001 0.6670001 1e-07 0 16 26 -28 -39 -38 -37 -29 16 17 18 19 20 21 22 23 24 25 
3 -9.999999983634211e-08 0.09999989999999997 -1e-07 5.0000001 0.9000001 1e-07 0 26 22 23 24 25 26 -28 -32 27 6 7 8 9 10 11 12 13 14 30 36 -29 16 17 18 19 20 21 
$EndEntities
$Nodes
65 6175 1 6175
0 5 0 1
1
0.1 0.1 0
0 6 0 1
2
1.2 0.1 0
0 7 0 1
3
1.3 0.1 0
0 8 0 1
4
2.45 0.1 0
0 9 0 1
5
2.55 0.1 0
0 10 0 1
6
3.7 0.1 0
0 11 0 1
7
3.8 0.1 0
0 12 0 1
8
4.9 0.1 0
0 13 0 1
9
4.9 0.9 0
0 14 0 1
10
3.8 0.9 0
0 15 0 1
11
3.7 0.9 0
0 16 0 1
12
2.55 0.9 0
0 17 0 1
13
2.45 0.9 0
0 18 0 1
14
1.3 0.9 0
0 19 0 1
15
1.2 0.9 0
0 20 0 1
16
0.1 0.9 0
0 21 0 1
17
1.2 0.667 0
0 22 0 1
18
1.3 0.667 0
0 23 0 1
19
3.7 0.667 0
0 24 0 1
20
3.8 0.667 0
0 25 0 1
21
2.45 0.333 0
0 26 0 1
22
2.55 0.333 0
0 27 0 1
23
0 0.1 0
0 28 0 1
24
5 0.1 0
0 29 0 1
25
5 0.9 0
0 30 0 1
26
0 0.9 0
0 31 0 1
27
0 0 -0
0 32 0 1
28
0 1 0
0 33 0 1
29
5 1 0
0 34 0 1
30
5 0 0
1 6 0 17
31
32
33
34
35
36
37
38
39
40
41
42
43
44
45
46
47
0.2222222222222224 0.9 0
0.3444444444444451 0.9 0
0.4666666666666677 0.9 0
0.5888888888888903 0.9 0
0.7111111111111126 0.9 0
0.8333333333333343 0.9 0
0.9555555555555559 0.9 0
1.077777777777778 0.9 0
0.1611111111111112 0.9 0
0.2833333333333338 0.9 0
0.4055555555555563 0.9 0
0.527777777777779 0.9 0
0.6500000000000015 0.9 0
0.7722222222222235 0.9 0
0.8944444444444452 0.9 0
1.016666666666667 0.9 0
1.138888888888889 0.9 0
1 7 0 5
48
49
50
51
52
1.233333333333333 0.9 0
1.266666666666667 0.9 0
1.216666666666667 0.9 0
1.25 0.9 0
1.283333333333333 0.9 0
1 8 0 37
53
54
55
56
57
58
59
60
61
62
63
64
65
66
67
68
69
70
71
72
73
74
75
76
77
78
79
80
81
82
83
84
85
86
87
88
89
1.360526315789474 0.9 0
1.421052631578947 0.9 0
1.481578947368421 0.9 0
1.542105263157894 0.9 0
1.602631578947368 0.9 0
1.663157894736841 0.9 0
1.723684210526315 0.9 0
1.784210526315788 0.9 0
1.844736842105262 0.9 0
1.905263157894735 0.9 0
1.965789473684209 0.9 0
2.026315789473683 0.9 0
2.086842105263157 0.9 0
2.147368421052631 0.9 0
2.207894736842105 0.9 0
2.268421052631579 0.9 0
2.328947368421053 0.9 0
2.389473684210526 0.9 0
1.330263157894737 0.9 0
1.39078947368421 0.9 0
1.451315789473684 0.9 0
1.511842105263157 0.9 0
1.572368421052631 0.9 0
1.632894736842105 0.9 0
1.693421052631578 0.9 0
1.753947368421052 0.9 0
1.814473684210525 0.9 0
1.874999999999999 0.9 0
1.935526315789472 0.9 0
1.996052631578946 0.9 0
2.05657894736842 0.9 0
2.117105263157894 0.9 0
2.177631578947368 0.9 0
2.238157894736842 0.9 0
2.298684210526316 0.9 0
2.35921052631579 0.9 0
2.419736842105263 0.9 0
1 9 0 37
90
91
92
93
94
95
96
97
98
99
100
101
102
103
104
105
106
107
108
109
110
111
112
113
114
115
116
117
118
119
120
121
122
123
124
125
126
2.45 0.8701578947368421 0
2.45 0.8403157894736842 0
2.45 0.8104736842105263 0
2.45 0.7806315789473685 0
2.45 0.7507894736842106 0
2.45 0.7209473684210527 0
2.45 0.6911052631578948 0
2.45 0.6612631578947369 0
2.45 0.631421052631579 0
2.45 0.6015789473684211 0
2.45 0.5717368421052633 0
2.45 0.5418947368421054 0
2.45 0.5120526315789474 0
2.45 0.4822105263157896 0
2.45 0.4523684210526316 0
2.45 0.4225263157894737 0
2.45 0.3926842105263159 0
2.45 0.362842105263158 0
2.45 0.8850789473684211 0
2.45 0.8552368421052632 0
2.45 0.8253947368421053 0
2.45 0.7955526315789474 0
2.45 0.7657105263157895 0
2.45 0.7358684210526316 0
2.45 0.7060263157894737 0
2.45 0.6761842105263158 0
2.45 0.6463421052631579 0
2.45 0.6165 0
2.45 0.5866578947368422 0
2.45 0.5568157894736843 0
2.45 0.5269736842105264 0
2.45 0.4971315789473685 0
2.45 0.4672894736842106 0
2.45 0.4374473684210527 0
2.45 0.4076052631578948 0
2.45 0.3777631578947369 0
2.45 0.347921052631579 0
1 10 0 7
127
128
129
130
131
132
133
2.475 0.333 0
2.5 0.333 0
2.525 0.333 0
2.4625 0.333 0
2.4875 0.333 0
2.5125 0.333 0
2.5375 0.333 0
1 11 0 37
134
135
136
137
138
139
140
141
142
143
144
145
146
147
148
149
150
151
152
153
154
155
156
157
158
159
160
161
162
163
164
165
166
167
168
169
170
2.55 0.3628421052631579 0
2.55 0.3926842105263158 0
2.55 0.4225263157894737 0
2.55 0.4523684210526316 0
2.55 0.4822105263157895 0
2.55 0.5120526315789473 0
2.55 0.5418947368421052 0
2.55 0.5717368421052631 0
2.55 0.601578947368421 0
2.55 0.6314210526315789 0
2.55 0.6612631578947368 0
2.55 0.6911052631578947 0
2.55 0.7209473684210526 0
2.55 0.7507894736842105 0
2.55 0.7806315789473683 0
2.55 0.8104736842105262 0
2.55 0.8403157894736841 0
2.55 0.870157894736842 0
2.55 0.347921052631579 0
2.55 0.3777631578947369 0
2.55 0.4076052631578947 0
2.55 0.4374473684210526 0
2.55 0.4672894736842105 0
2.55 0.4971315789473684 0
2.55 0.5269736842105263 0
2.55 0.5568157894736842 0
2.55 0.5866578947368422 0
2.55 0.6165 0
2.55 0.6463421052631579 0
2.55 0.6761842105263157 0
2.55 0.7060263157894736 0
2.55 0.7358684210526316 0
2.55 0.7657105263157894 0
2.55 0.7955526315789474 0
2.55 0.8253947368421053 0
2.55 0.8552368421052632 0
2.55 0.8850789473684211 0
1 12 0 17
171
172
173
174
175
176
177
178
179
180
181
182
183
184
185
186
187
2.677777777777778 0.9 0
2.805555555555555 0.9 0
2.933333333333332 0.9 0
3.06111111111111 0.9 0
3.188888888888887 0.9 0
3.316666666666666 0.9 0
3.444444444444444 0.9 0
3.572222222222222 0.9 0
2.613888888888888 0.9 0
2.741666666666666 0.9 0
2.869444444444444 0.9 0
2.997222222222221 0.9 0
3.124999999999999 0.9 0
3.252777777777776 0.9 0
3.380555555555555 0.9 0
3.508333333333333 0.9 0
3.636111111111111 0.9 0
1 13 0 5
188
189
190
191
192
3.733333333333333 0.9 0
3.766666666666667 0.9 0
3.716666666666667 0.9 0
3.75 0.9 0
3.783333333333333 0.9 0
1 14 0 17
193
194
195
196
197
198
199
200
201
202
203
204
205
206
207
208
209
3.922222222222222 0.9 0
4.044444444444445 0.9 0
4.166666666666668 0.9 0
4.288888888888891 0.9 0
4.411111111111112 0.9 0
4.533333333333335 0.9 0
4.655555555555557 0.9 0
4.777777777777779 0.9 0
3.861111111111111 0.9 0
3.983333333333334 0.9 0
4.105555555555556 0.9 0
4.227777777777779 0.9 0
4.350000000000001 0.9 0
4.472222222222223 0.9 0
4.594444444444445 0.9 0
4.716666666666667 0.9 0
4.838888888888889 0.9 0
1 16 0 17
210
211
212
213
214
215
216
217
218
219
220
221
222
223
224
225
226
4.777777777777778 0.1 0
4.655555555555555 0.1 0
4.533333333333332 0.1 0
4.41111111111111 0.1 0
4.288888888888888 0.1 0
4.166666666666666 0.1 0
4.044444444444444 0.1 0
3.922222222222222 0.1 0
4.838888888888889 0.1 0
4.716666666666667 0.1 0
4.594444444444444 0.1 0
4.472222222222221 0.1 0
4.349999999999999 0.1 0
4.227777777777776 0.1 0
4.105555555555554 0.1 0
3.983333333333333 0.1 0
3.861111111111111 0.1 0
1 17 0 37
227
228
229
230
231
232
233
234
235
236
237
238
239
240
241
242
243
244
245
246
247
248
249
250
251
252
253
254
255
256
257
258
259
260
261
262
263
3.8 0.1298421052631579 0
3.8 0.1596842105263158 0
3.8 0.1895263157894737 0
3.8 0.2193684210526316 0
3.8 0.2492105263157895 0
3.8 0.2790526315789474 0
3.8 0.3088947368421053 0
3.8 0.3387368421052632 0
3.8 0.3685789473684211 0
3.8 0.398421052631579 0
3.8 0.4282631578947369 0
3.8 0.4581052631578948 0
3.8 0.4879473684210527 0
3.8 0.5177894736842106 0
3.8 0.5476315789473685 0
3.8 0.5774736842105264 0
3.8 0.6073157894736843 0
3.8 0.6371578947368421 0
3.8 0.114921052631579 0
3.8 0.1447631578947368 0
3.8 0.1746052631578948 0
3.8 0.2044473684210527 0
3.8 0.2342894736842105 0
3.8 0.2641315789473684 0
3.8 0.2939736842105263 0
3.8 0.3238157894736843 0
3.8 0.3536578947368422 0
3.8 0.3835000000000001 0
3.8 0.413342105263158 0
3.8 0.4431842105263158 0
3.8 0.4730263157894737 0
3.8 0.5028684210526316 0
3.8 0.5327105263157895 0
3.8 0.5625526315789474 0
3.8 0.5923947368421053 0
3.8 0.6222368421052632 0
3.8 0.6520789473684211 0
1 18 0 7
264
265
266
267
268
269
270
3.775 0.667 0
3.75 0.667 0
3.725 0.667 0
3.7875 0.667 0
3.7625 0.667 0
3.7375 0.667 0
3.7125 0.667 0
1 19 0 37
271
272
273
274
275
276
277
278
279
280
281
282
283
284
285
286
287
288
289
290
291
292
293
294
295
296
297
298
299
300
301
302
303
304
305
306
307
3.7 0.6371578947368421 0
3.7 0.6073157894736843 0
3.7 0.5774736842105264 0
3.7 0.5476315789473685 0
3.7 0.5177894736842106 0
3.7 0.4879473684210527 0
3.7 0.4581052631578947 0
3.7 0.4282631578947368 0
3.7 0.398421052631579 0
3.7 0.3685789473684211 0
3.7 0.3387368421052631 0
3.7 0.3088947368421053 0
3.7 0.2790526315789474 0
3.7 0.2492105263157894 0
3.7 0.2193684210526315 0
3.7 0.1895263157894737 0
3.7 0.1596842105263158 0
3.7 0.1298421052631579 0
3.7 0.6520789473684211 0
3.7 0.6222368421052632 0
3.7 0.5923947368421053 0
3.7 0.5625526315789474 0
3.7 0.5327105263157895 0
3.7 0.5028684210526316 0
3.7 0.4730263157894737 0
3.7 0.4431842105263158 0
3.7 0.4133421052631579 0
3.7 0.3835 0
3.7 0.3536578947368421 0
3.7 0.3238157894736842 0
3.7 0.2939736842105263 0
3.7 0.2641315789473684 0
3.7 0.2342894736842105 0
3.7 0.2044473684210526 0
3.7 0.1746052631578947 0
3.7 0.1447631578947368 0
3.7 0.1149210526315789 0
1 20 0 37
308
309
310
311
312
313
314
315
316
317
318
319
320
321
322
323
324
325
326
327
328
329
330
331
332
333
334
335
336
337
338
339
340
341
342
343
344
3.639473684210527 0.1 0
3.578947368421053 0.1 0
3.51842105263158 0.1 0
3.457894736842106 0.1 0
3.397368421052632 0.1 0
3.336842105263159 0.1 0
3.276315789473685 0.1 0
3.215789473684212 0.1 0
3.155263157894738 0.1 0
3.094736842105265 0.1 0
3.034210526315791 0.1 0
2.973684210526317 0.1 0
2.913157894736843 0.1 0
2.852631578947369 0.1 0
2.792105263157895 0.1 0
2.731578947368421 0.1 0
2.671052631578947 0.1 0
2.610526315789474 0.1 0
3.669736842105263 0.1 0
3.60921052631579 0.1 0
3.548684210526316 0.1 0
3.488157894736843 0.1 0
3.427631578947369 0.1 0
3.367105263157895 0.1 0
3.306578947368422 0.1 0
3.246052631578948 0.1 0
3.185526315789475 0.1 0
3.125000000000002 0.1 0
3.064473684210528 0.1 0
3.003947368421054 0.1 0
2.94342105263158 0.1 0
2.882894736842106 0.1 0
2.822368421052632 0.1 0
2.761842105263158 0.1 0
2.701315789473684 0.1 0
2.64078947368421 0.1 0
2.580263157894737 0.1 0
1 21 0 5
345
346
347
348
349
2.516666666666667 0.1 0
2.483333333333333 0.1 0
2.533333333333333 0.1 0
2.5 0.1 0
2.466666666666667 0.1 0
1 22 0 17
350
351
352
353
354
355
356
357
358
359
360
361
362
363
364
365
366
2.322222222222223 0.1 0
2.194444444444445 0.1 0
2.066666666666668 0.1 0
1.93888888888889 0.1 0
1.811111111111112 0.1 0
1.683333333333334 0.1 0
1.555555555555556 0.1 0
1.427777777777778 0.1 0
2.386111111111112 0.1 0
2.258333333333334 0.1 0
2.130555555555556 0.1 0
2.002777777777779 0.1 0
1.875000000000001 0.1 0
1.747222222222223 0.1 0
1.619444444444445 0.1 0
1.491666666666667 0.1 0
1.363888888888889 0.1 0
1 23 0 37
367
368
369
370
371
372
373
374
375
376
377
378
379
380
381
382
383
384
385
386
387
388
389
390
391
392
393
394
395
396
397
398
399
400
401
402
403
1.3 0.1298421052631579 0
1.3 0.1596842105263158 0
1.3 0.1895263157894737 0
1.3 0.2193684210526316 0
1.3 0.2492105263157895 0
1.3 0.2790526315789474 0
1.3 0.3088947368421053 0
1.3 0.3387368421052632 0
1.3 0.3685789473684211 0
1.3 0.398421052631579 0
1.3 0.4282631578947369 0
1.3 0.4581052631578948 0
1.3 0.4879473684210527 0
1.3 0.5177894736842106 0
1.3 0.5476315789473685 0
1.3 0.5774736842105264 0
1.3 0.6073157894736843 0
1.3 0.6371578947368421 0
1.3 0.114921052631579 0
1.3 0.1447631578947368 0
1.3 0.1746052631578948 0
1.3 0.2044473684210527 0
1.3 0.2342894736842105 0
1.3 0.2641315789473684 0
1.3 0.2939736842105263 0
1.3 0.3238157894736843 0
1.3 0.3536578947368422 0
1.3 0.3835000000000001 0
1.3 0.413342105263158 0
1.3 0.4431842105263158 0
1.3 0.4730263157894737 0
1.3 0.5028684210526316 0
1.3 0.5327105263157895 0
1.3 0.5625526315789474 0
1.3 0.5923947368421053 0
1.3 0.6222368421052632 0
1.3 0.6520789473684211 0
1 24 0 7
404
405
406
407
408
409
410
1.275 0.667 0
1.25 0.667 0
1.225 0.667 0
1.2875 0.667 0
1.2625 0.667 0
1.2375 0.667 0
1.2125 0.667 0
1 25 0 37
411
412
413
414
415
416
417
418
419
420
421
422
423
424
425
426
427
428
429
430
431
432
433
434
435
436
437
438
439
440
441
442
443
444
445
446
447
1.2 0.6371578947368421 0
1.2 0.6073157894736843 0
1.2 0.5774736842105264 0
1.2 0.5476315789473685 0
1.2 0.5177894736842106 0
1.2 0.4879473684210527 0
1.2 0.4581052631578947 0
1.2 0.4282631578947368 0
1.2 0.398421052631579 0
1.2 0.3685789473684211 0
1.2 0.3387368421052631 0
1.2 0.3088947368421053 0
1.2 0.2790526315789474 0
1.2 0.2492105263157894 0
1.2 0.2193684210526315 0
1.2 0.1895263157894737 0
1.2 0.1596842105263158 0
1.2 0.1298421052631579 0
1.2 0.6520789473684211 0
1.2 0.6222368421052632 0
1.2 0.5923947368421053 0
1.2 0.5625526315789474 0
1.2 0.5327105263157895 0
1.2 0.5028684210526316 0
1.2 0.4730263157894737 0
1.2 0.4431842105263158 0
1.2 0.4133421052631579 0
1.2 0.3835 0
1.2 0.3536578947368421 0
1.2 0.3238157894736842 0
1.2 0.2939736842105263 0
1.2 0.2641315789473684 0
1.2 0.2342894736842105 0
1.2 0.2044473684210526 0
1.2 0.1746052631578947 0
1.2 0.1447631578947368 0
1.2 0.1149210526315789 0
1 26 0 37
448
449
450
451
452
453
454
455
456
457
458
459
460
461
462
463
464
465
466
467
468
469
470
471
472
473
474
475
476
477
478
479
480
481
482
483
484
1.142105263157895 0.1 0
1.084210526315789 0.1 0
1.026315789473684 0.1 0
0.9684210526315783 0.1 0
0.9105263157894729 0.1 0
0.8526315789473674 0.1 0
0.794736842105262 0.1 0
0.7368421052631564 0.1 0
0.678947368421051 0.1 0
0.6210526315789457 0.1 0
0.5631578947368407 0.1 0
0.5052631578947356 0.1 0
0.4473684210526305 0.1 0
0.3894736842105255 0.1 0
0.3315789473684205 0.1 0
0.2736842105263154 0.1 0
0.2157894736842103 0.1 0
0.1578947368421053 0.1 0
1.171052631578947 0.1 0
1.113157894736842 0.1 0
1.055263157894736 0.1 0
0.997368421052631 0.1 0
0.9394736842105256 0.1 0
0.8815789473684201 0.1 0
0.8236842105263147 0.1 0
0.7657894736842092 0.1 0
0.7078947368421038 0.1 0
0.6499999999999984 0.1 0
0.5921052631578932 0.1 0
0.5342105263157881 0.1 0
0.476315789473683 0.1 0
0.418421052631578 0.1 0
0.360526315789473 0.1 0
0.3026315789473679 0.1 0
0.2447368421052628 0.1 0
0.1868421052631579 0.1 0
0.1289473684210527 0.1 0
1 27 0 3
485
486
487
0.05 0.9 0
0.025 0.9 0
0.07500000000000001 0.9 0
1 28 0 3
488
489
490
0.05 0.1 0
0.025 0.1 0
0.07500000000000001 0.1 0
1 29 0 3
491
492
493
4.95 0.1 0
4.925000000000001 0.1 0
4.975 0.1 0
1 30 0 3
494
495
496
4.95 0.9 0
4.925000000000001 0.9 0
4.975 0.9 0
1 32 0 3
497
498
499
0 0.5 0
0 0.7 0
0 0.2999999999999999 0
1 33 0 3
500
501
502
0 0.95 0
0 0.925 0
0 0.975 0
1 34 0 77
503
504
505
506
507
508
509
510
511
512
513
514
515
516
517
518
519
520
521
522
523
524
525
526
527
528
529
530
531
532
533
534
535
536
537
538
539
540
541
542
543
544
545
546
547
548
549
550
551
552
553
554
555
556
557
558
559
560
561
562
563
564
565
566
567
568
569
570
571
572
573
574
575
576
577
578
579
0.1282051282051282 1 0
0.2564102564102564 1 0
0.3846153846153846 1 0
0.5128205128205128 1 0
0.641025641025641 1 0
0.7692307692307693 1 0
0.8974358974358975 1 0
1.025641025641026 1 0
1.153846153846154 1 0
1.282051282051282 1 0
1.41025641025641 1 0
1.538461538461539 1 0
1.666666666666667 1 0
1.794871794871795 1 0
1.923076923076923 1 0
2.051282051282051 1 0
2.17948717948718 1 0
2.307692307692307 1 0
2.435897435897436 1 0
2.564102564102564 1 0
2.692307692307692 1 0
2.82051282051282 1 0
2.948717948717949 1 0
3.076923076923077 1 0
3.205128205128205 1 0
3.333333333333333 1 0
3.461538461538462 1 0
3.58974358974359 1 0
3.717948717948718 1 0
3.846153846153846 1 0
3.974358974358974 1 0
4.102564102564102 1 0
4.230769230769231 1 0
4.358974358974359 1 0
4.487179487179487 1 0
4.615384615384615 1 0
4.743589743589744 1 0
4.871794871794871 1 0
0.0641025641025641 1 0
0.1923076923076923 1 0
0.3205128205128205 1 0
0.4487179487179487 1 0
0.5769230769230769 1 0
0.7051282051282051 1 0
0.8333333333333334 1 0
0.9615384615384616 1 0
1.08974358974359 1 0
1.217948717948718 1 0
1.346153846153846 1 0
1.474358974358974 1 0
1.602564102564102 1 0
1.730769230769231 1 0
1.858974358974359 1 0
1.987179487179487 1 0
2.115384615384615 1 0
2.243589743589744 1 0
2.371794871794871 1 0
2.5 1 0
2.628205128205128 1 0
2.756410256410256 1 0
2.884615384615385 1 0
3.012820512820513 1 0
3.141025641025641 1 0
3.269230769230769 1 0
3.397435897435897 1 0
3.525641025641026 1 0
3.653846153846154 1 0
3.782051282051282 1 0
3.91025641025641 1 0
4.038461538461538 1 0
4.166666666666666 1 0
4.294871794871795 1 0
4.423076923076923 1 0
4.551282051282051 1 0
4.679487179487179 1 0
4.807692307692307 1 0
4.935897435897435 1 0
1 35 0 3
580
581
582
5 0.95 0
5 0.975 0
5 0.925 0
1 36 0 3
583
584
585
5 0.5 0
5 0.7 0
5 0.2999999999999999 0
1 37 0 3
586
587
588
5 0.05 0
5 0.07500000000000001 0
5 0.02499999999999999 0
1 38 0 77
589
590
591
592
593
594
595
596
597
598
599
600
601
602
603
604
605
606
607
608
609
610
611
612
613
614
615
616
617
618
619
620
621
622
623
624
625
626
627
628
629
630
631
632
633
634
635
636
637
638
639
640
641
642
643
644
645
646
647
648
649
650
651
652
653
654
655
656
657
658
659
660
661
662
663
664
665
4.871794871794872 0 0
4.743589743589744 0 0
4.615384615384615 0 0
4.487179487179487 0 0
4.358974358974359 0 0
4.230769230769231 0 0
4.102564102564102 0 0
3.974358974358974 0 0
3.846153846153846 0 0
3.717948717948718 0 0
3.58974358974359 0 0
3.461538461538462 0 0
3.333333333333333 0 0
3.205128205128205 0 0
3.076923076923077 0 0
2.948717948717949 0 0
2.82051282051282 0 0
2.692307692307693 0 0
2.564102564102564 0 0
2.435897435897436 0 0
2.307692307692308 0 0
2.17948717948718 0 0
2.051282051282051 0 0
1.923076923076923 0 0
1.794871794871795 0 0
1.666666666666667 0 0
1.538461538461538 0 0
1.41025641025641 0 0
1.282051282051282 0 0
1.153846153846154 0 0
1.025641025641026 0 0
0.8974358974358978 0 0
0.7692307692307692 0 0
0.6410256410256405 0 0
0.5128205128205128 0 0
0.384615384615385 0 0
0.2564102564102564 0 0
0.1282051282051286 0 0
4.935897435897436 0 0
4.807692307692307 0 0
4.67948717948718 0 0
4.551282051282051 0 0
4.423076923076923 0 0
4.294871794871795 0 0
4.166666666666667 0 0
4.038461538461538 0 0
3.910256410256411 0 0
3.782051282051282 0 0
3.653846153846154 0 0
3.525641025641026 0 0
3.397435897435898 0 0
3.269230769230769 0 0
3.141025641025641 0 0
3.012820512820513 0 0
2.884615384615385 0 0
2.756410256410256 0 0
2.628205128205129 0 0
2.5 0 0
2.371794871794872 0 0
2.243589743589744 0 0
2.115384615384615 0 0
1.987179487179487 0 0
1.858974358974359 0 0
1.730769230769231 0 0
1.602564102564103 0 0
1.474358974358974 0 0
1.346153846153846 0 0
1.217948717948718 0 0
1.08974358974359 0 0
0.9615384615384617 0 0
0.8333333333333339 0 0
0.7051282051282053 0 0
0.5769230769230766 0 0
0.4487179487179489 0 0
0.3205128205128212 0 0
0.1923076923076925 0 0
0.06410256410256476 0 0
1 39 0 3
666
667
668
0 0.05 0
0 0.025 0
0 0.07500000000000001 0
2 1 0 506
669
670
671
672
673
674
675
676
677
678
679
680
681
682
683
684
685
686
687
688
689
690
691
692
693
694
695
696
697
698
699
700
701
702
703
704
705
706
707
708
709
710
711
712
713
714
715
716
717
718
719
720
721
722
723
724
725
726
727
728
729
730
731
732
733
734
735
736
737
738
739
740
741
742
743
744
745
746
747
748
749
750
751
752
753
754
755
756
757
758
759
760
761
762
763
764
765
766
767
768
769
770
771
772
773
774
775
776
777
778
779
780
781
782
783
784
785
786
787
788
789
790
791
792
793
794
795
796
797
798
799
800
801
802
803
804
805
806
807
808
809
810
811
812
813
814
815
816
817
818
819
820
821
822
823
824
825
826
827
828
829
830
831
832
833
834
835
836
837
838
839
840
841
842
843
844
845
846
847
848
849
850
851
852
853
854
855
856
857
858
859
860
861
862
863
864
865
866
867
868
869
870
871
872
873
874
875
876
877
878
879
880
881
882
883
884
885
886
887
888
889
890
891
892
893
894
895
896
897
898
899
900
901
902
903
904
905
906
907
908
909
910
911
912
913
914
915
916
917
918
919
920
921
922
923
924
925
926
927
928
929
930
931
932
933
934
935
936
937
938
939
940
941
942
943
944
945
946
947
948
949
950
951
952
953
954
955
956
957
958
959
960
961
962
963
964
965
966
967
968
969
970
971
972
973
974
975
976
977
978
979
980
981
982
983
984
985
986
987
988
989
990
991
992
993
994
995
996
997
998
999
1000
1001
1002
1003
1004
1005
1006
1007
1008
1009
1010
1011
1012
1013
1014
1015
1016
1017
1018
1019
1020
1021
1022
1023
1024
1025
1026
1027
1028
1029
1030
1031
1032
1033
1034
1035
1036
1037
1038
1039
1040
1041
1042
1043
1044
1045
1046
1047
1048
1049
1050
1051
1052
1053
1054
1055
1056
1057
1058
1059
1060
1061
1062
1063
1064
1065
1066
1067
1068
1069
1070
1071
1072
1073
1074
1075
1076
1077
1078
1079
1080
1081
1082
1083
1084
1085
1086
1087
1088
1089
1090
1091
1092
1093
1094
1095
1096
1097
1098
1099
1100
1101
1102
1103
1104
1105
1106
1107
1108
1109
1110
1111
1112
1113
1114
1115
1116
1117
1118
1119
1120
1121
1122
1123
1124
1125
1126
1127
1128
1129
1130
1131
1132
1133
1134
1135
1136
1137
1138
1139
1140
1141
1142
1143
1144
1145
1146
1147
1148
1149
1150
1151
1152
1153
1154
1155
1156
1157
1158
1159
1160
1161
1162
1163
1164
1165
1166
1167
1168
1169
1170
1171
1172
1173
1174
2.498497502977119 0.3782549011228866 0
2.501457970959606 0.5813164065816944 0
2.500578265385929 0.5287065971999354 0
2.503254231353714 0.4821446048128055 0
2.498942844500561 0.8492210025661227 0
2.500733872349775 0.7376753049735341 0
2.501209055307928 0.684933071917779 0
2.499964239216888 0.7915334495928636 0
2.50215195724368 0.6320733051465608 0
2.505492147385317 0.4310220257225342 0
2.492282933427354 0.9052443335590385 0
2.482464692356753 0.5016047891834696 0
2.523169349364651 0.5063556373878739 0
2.523552643091449 0.7139330167306126 0
2.520465112430513 0.7606115854749155 0
2.522295249967715 0.8229792266647185 0
2.477171322359079 0.8225755097880084 0
2.479151404049 0.7102229192124034 0
2.480192378384719 0.7601858772803426 0
2.520653095003598 0.5599688158933345 0
2.477879153328473 0.555708893297145 0
2.476243595964519 0.4151315405141716 0
2.480915009838065 0.4468340756941986 0
2.48746555818958 0.3572159305388027 0
2.484595639323337 0.6051651051957935 0
2.483062268110736 0.6568135382176729 0
2.52174834446095 0.3594234558033667 0
4.933319200162714 0.9509976415335062 0
0.06668079983728648 0.9509976415335062 0
3.754255758464519 0.9338165004144203 0
1.246579761807886 0.9325890435943081 0
1.34260036448663 0.9390797315754524 0
2.518511254247906 0.6594728802716683 0
2.524211318322175 0.6061235700650069 0
2.525641478061575 0.3998963151194802 0
2.478997677094916 0.9481207421461375 0
2.527681569737426 0.4537697334175025 0
2.423214844412133 0.9443753008835148 0
2.368062068288469 0.9433212456318459 0
2.4731895806081 0.38718703145497 0
2.476302416395845 0.476862194997055 0
2.473672441171354 0.5295544710729307 0
2.526966018133895 0.5265657749060286 0
2.46717759531155 0.8530144335637126 0
2.478640714276766 0.8714161985148622 0
2.473646590697285 0.7961145982099795 0
2.468824604230826 0.7424056433529063 0
2.532085487096655 0.7433247114755881 0
2.526269129757694 0.7961005694462348 0
2.532514908637054 0.8533799414822311 0
1.988539447248634 0.9426837455789591 0
2.469515155881822 0.6870474484945821 0
2.467732924283375 0.5832565971100638 0
1.864906295846403 0.9427144391089107 0
2.533552520614718 0.6815161116482454 0
2.53235408865737 0.5778276162572823 0
2.625439993534064 0.9490892000472315 0
3.667957574925594 0.9545903221888168 0
1.470988626004835 0.9438107589182927 0
1.734303725156702 0.9439505553067474 0
2.528569910378846 0.4789870142828946 0
2.536541875832115 0.9409840743684048 0
2.51957993484248 0.8767689959741456 0
0.1529981863121455 0.9438639939745097 0
4.847001813687855 0.9438639939745097 0
1.792895777393762 0.9477774990314938 0
1.412701178960659 0.9471484150922961 0
2.533740874946762 0.6392481531814806 0
2.469982525508001 0.3622208402252136 0
2.749481978809992 0.9499079246085502 0
2.877072101893527 0.9499900459940198 0
3.004999723849135 0.9499925353271774 0
2.523404277674943 0.3754578353445538 0
3.132754196423164 0.9499353072773027 0
3.258439676279575 0.9493605374458033 0
3.363608378338366 0.9436700671807254 0
1.929580001637067 0.9427996698886704 0
2.30254897498977 0.9435571049197424 0
2.240626544423293 0.946242691502383 0
2.527087605331278 0.4268361299514941 0
2.05427448027104 0.9434322124789675 0
2.116313073912167 0.9461932916639108 0
2.530461548749749 0.3523888172625742 0
2.501362160185206 0.4070770521971991 0
2.178105080902995 0.925897451985124 0
2.468654609087113 0.6242318496116376 0
2.506058713506065 0.4554751097709877 0
3.827658001169407 0.9425120910149941 0
1.172493911602844 0.9422889170463409 0
2.507252972131574 0.3525104016373862 0
0.03704017774164159 0.9335550314518427 0
4.962959822258359 0.9335550314518427 0
3.23178394070389 0.9746802687229017 0
3.295886504806454 0.9746802687229017 0
3.10483863667312 0.9749676536386513 0
3.168941200775684 0.9749676536386513 0
2.976858836283542 0.9749962676635887 0
3.040961400386106 0.9749962676635887 0
2.848792461203174 0.9749950229970099 0
2.912895025305738 0.9749950229970099 0
2.720894835558842 0.9749539623042751 0
2.784997399661406 0.9749539623042751 0
3.404026411391405 0.9218350335903628 0
3.340137522502516 0.9218350335903628 0
2.464320357138383 0.8857080992574311 0
2.485461823852059 0.8883302660369503 0
2.471141466713677 0.9026221667795193 0
2.594771278818313 0.9745446000236158 0
2.658873842920878 0.9745446000236158 0
2.777518767182774 0.9249539623042751 0
2.713629878293885 0.9249539623042751 0
2.90520271761343 0.9249950229970099 0
2.841313828724541 0.9249950229970099 0
3.033055417480123 0.9249962676635887 0
2.969166528591233 0.9249962676635887 0
3.160821542656026 0.9249676536386513 0
3.096932653767137 0.9249676536386513 0
3.28755317147312 0.9246802687229017 0
3.223664282584231 0.9246802687229017 0
2.459327304543557 0.6129053984900293 0
2.459327304543557 0.6278264511216083 0
1.351563340138052 0.9195398657877262 0
1.321300182243315 0.9195398657877262 0
2.479383554376299 0.4892334920902623 0
2.48977832387478 0.4795033999049302 0
2.492859461855233 0.4918746969981376 0
2.525067683749273 0.5164607061469513 0
2.513772141759912 0.527636186052982 0
2.51187380737529 0.5175311172939047 0
2.475775797249913 0.5426316821850379 0
2.487125353278641 0.5291305341364331 0
2.489228709357201 0.5422077452485403 0
2.475408956528182 0.8093450539989939 0
2.486805414957087 0.7938240239014216 0
2.488567780787984 0.807054479690436 0
2.513116684487291 0.7938170095195491 0
2.524282189862704 0.8095398980554767 0
2.511129744592302 0.8072563381287911 0
2.497359265160577 0.3548631660880945 0
2.502875237554347 0.3653826513801364 0
2.49298153058335 0.3677354158308447 0
2.541870437473381 0.6502556555381087 0
2.541870437473381 0.6353346029065298 0
2.51591207086628 0.4805658095478501 0
2.525869629871748 0.4926713258353843 0
2.513211790359182 0.4942501211003397 0
4.198717948717949 0.95 0
4.259829059829061 0.95 0
0.8653846153846159 0.95 0
0.9264957264957268 0.95 0
2.541776260307359 0.68631068740307 0
2.541776260307359 0.6713896347714911 0
2.458866462141687 0.5774967196076636 0
2.458866462141687 0.5924177722392425 0
2.516126486065787 0.3427552008186932 0
2.503626486065787 0.3427552008186932 0
2.458588797655775 0.8466651115186984 0
2.458588797655775 0.8615861641502773 0
2.541257454318527 0.8617689181095365 0
2.541257454318527 0.8468478654779575 0
2.505775430445691 0.4432485677467609 0
2.493486861672065 0.4511545927325932 0
2.493203578611691 0.4389280507083664 0
2.47872404184879 0.3597183853820082 0
2.472491262754001 0.3476104201126068 0
2.48123277909479 0.3451079652694014 0
2.514412404629734 0.9231142039637217 0
2.507769776463515 0.9445524082572712 0
2.485640305261135 0.926682537852588 0
2.19299990887255 0.9129487259925619 0
2.162736750977813 0.9129487259925619 0
2.305120641341039 0.9717785524598712 0
2.335305521639119 0.9434391752757942 0
2.337877187990388 0.971660622815923 0
2.021406963759837 0.9430579790289633 0
2.052778265776546 0.9717161062394838 0
2.019910749265343 0.9713418727894795 0
1.897243148741734 0.9427570544987905 0
1.926328462356995 0.9713998349443351 0
1.893991609461663 0.9713572195544554 0
2.429556140154784 0.9721876504417574 0
2.451106260753524 0.9462480215148262 0
2.457447556496176 0.9740603710730688 0
4.873500906843928 0.9219319969872548 0
4.812389795732816 0.9219319969872548 0
2.651608885655921 0.9245446000236158 0
2.587719996767031 0.9245446000236157 0
0.1876102042671839 0.9219319969872548 0
0.1264990931560726 0.9219319969872548 0
0.03334039991864346 0.9754988207667531 0
0.09744296402120733 0.9754988207667531 0
4.902557035978793 0.9754988207667531 0
4.966659600081357 0.9754988207667531 0
3.628850582334592 0.9772951610944084 0
3.692953146437156 0.9772951610944084 0
3.874940111695815 0.9212560455074971 0
3.813829000584704 0.9212560455074971 0
1.186246955801422 0.9211444585231704 0
1.125135844690311 0.9211444585231704 0
1.664912280701754 0.95 0
1.634649122807017 0.95 0
1.256623214237276 0.9162945217971541 0
1.273289880903943 0.9162945217971541 0
1.23995654757061 0.9162945217971541 0
3.743794545898926 0.9169082502072101 0
3.760461212565593 0.9169082502072101 0
3.72712787923226 0.9169082502072101 0
0.08334039991864328 0.925498820766753 0
0.1406016572586366 0.9719319969872549 0
0.1119710285886399 0.948715408877004 0
4.916659600081356 0.925498820766753 0
4.859398342741363 0.9719319969872549 0
4.888028971411361 0.948715408877004 0
3.452991452991453 0.95 0
3.580982905982906 0.95 0
3.516987179487179 0.95 0
2.516289876358297 0.4289290778370142 0
2.527384587534352 0.4403029316844983 0
2.516870141621746 0.454622421594245 0
2.516580008990021 0.4417757497156296 0
3.34847085583585 0.9718350335903627 0
3.318012013654485 0.9482576511566322 0
3.196302741679958 0.9498239611807765 0
3.068947027076621 0.9499819606511201 0
2.941030776948486 0.9499956453302993 0
2.813155614192974 0.9499744926506425 0
2.510950890326031 0.3768563682337203 0
2.524522877868259 0.387677075232017 0
2.513501819123391 0.4034866836583397 0
2.499929831581162 0.3926659766600429 0
2.512226354724711 0.3901715259460299 0
2.478608713116955 0.4618481353456268 0
2.50465647242989 0.4688098572918966 0
2.491632592773422 0.4653289963187617 0
2.537105659161087 0.603851258716714 0
2.528976096634469 0.6226858616232438 0
2.539488048317234 0.6195929308116219 0
2.526364541696426 0.4133662225354872 0
2.503427153785261 0.4190495389598667 0
2.514895847740844 0.416207880747677 0
0.3645299145299146 0.95 0
0.2393162393162394 0.95 0
0.3019230769230767 0.95 0
4.635470085470086 0.95 0
4.760683760683762 0.95 0
4.698076923076924 0.95 0
2.474716588286309 0.4011592859845708 0
2.485843541792609 0.3827209662889284 0
2.488802878074862 0.4111042963556854 0
2.487323209933736 0.3969126313223069 0
2.686251860607381 0.9497492811639454 0
2.510615680194764 0.544337706546635 0
2.511055532981602 0.5706426112375145 0
2.48966856214404 0.5685126499394197 0
2.500142121169401 0.5564251782430274 0
2.512143257720612 0.7258041608520733 0
2.489942638199388 0.7239491120929689 0
2.490180229678464 0.6975779955650913 0
2.512380849199688 0.6994330443241958 0
2.501161743699538 0.7116910782085824 0
2.510619047234138 0.8361001146154206 0
2.48805708342982 0.8358982561770656 0
2.499593414011061 0.8215772971529283 0
2.436607422206067 0.9221876504417574 0
2.4611238637336 0.9244350941471727 0
2.536776321545724 0.7174401925758326 0
2.528552581853083 0.697724564189429 0
2.539276290926542 0.7018754399894513 0
2.535326547501799 0.5509317763677198 0
2.541177044328685 0.5747822291812728 0
2.526503591830484 0.5688982160753084 0
2.538251795915242 0.5628570027744964 0
2.514500658296262 0.3559669287203764 0
2.527730774374874 0.3426944086312871 0
2.52610494660535 0.3559061365329704 0
2.521115716335569 0.3493306686758317 0
0.4897435897435902 0.95 0
0.4271367521367524 0.95 0
4.51025641025641 0.95 0
4.572863247863248 0.95 0
2.528125740058136 0.4663783738501985 0
2.516391106244013 0.4675941155710476 0
2.492429632580289 0.3439315830440473 0
2.491521478871341 0.5151556931917025 0
2.502366634615262 0.5047029071460212 0
2.536584674682325 0.5092041344834106 0
2.539284955189423 0.480598770299342 0
2.537934814935874 0.4949014523913763 0
2.4645757020245 0.7155851438167281 0
2.459757577940911 0.6890763558262385 0
2.474333279965411 0.6986351838534928 0
2.462166639982705 0.7023307498214832 0
2.537820739030788 0.3962902628228979 0
2.538543802665639 0.4246812228704838 0
2.538182270848213 0.4104857428466908 0
2.490463125367247 0.7489305911269384 0
2.510599492390144 0.7491434452242247 0
2.510214675823701 0.7760725175338895 0
2.490078308800804 0.7758596634366031 0
2.500338900595474 0.7625015543304139 0
2.509860154777917 0.6722029760947237 0
2.492135661709332 0.6708733050677259 0
2.492607112677208 0.6444434216821169 0
2.510331605745793 0.6457730927091145 0
2.501233633727562 0.6583231988884203 0
0.6149572649572657 0.95 0
0.5523504273504281 0.95 0
4.385042735042736 0.95 0
4.447649572649573 0.95 0
2.475858438598924 0.6405226939146552 0
2.466531134055368 0.6590383480562049 0
2.462929219299462 0.6434323995889066 0
2.536702138837471 0.3691499703038559 0
2.522576311067946 0.3674406455739603 0
2.540230774374875 0.357615461262866 0
2.531403542721411 0.3625280534184131 0
2.463939576664237 0.5488018150696252 0
2.472806038805924 0.5694827452036044 0
2.461403019402962 0.5631492673386445 0
2.463121797982259 0.4188289281518227 0
2.478579302901291 0.4309828081041851 0
2.465457504919032 0.4496012483734151 0
2.464289651450646 0.4342150882626189 0
2.543270937916057 0.9204920371842024 0
2.505931434134917 0.8910066647665921 0
2.53478996742124 0.8883844979870728 0
2.524601186025487 0.9057493509753972 0
2.46358566117954 0.8165245969992674 0
2.472174458835315 0.8377949716758605 0
2.461087229417657 0.8315948542589829 0
2.536147624983857 0.8167264554376223 0
2.527405079302385 0.8381795840734747 0
2.538702539651192 0.83178716045779 0
2.488791779388663 0.8603186005404925 0
2.50926138967152 0.8629949992701341 0
2.49736160676179 0.8756626326535423 0
0.7401709401709409 0.95 0
0.6775641025641033 0.95 0
4.073504273504273 0.95 0
3.948290598290598 0.95 0
4.010897435897436 0.95 0
1.051709401709402 0.95 0
0.9891025641025641 0.95 0
4.322435897435899 0.95 0
2.476625124205225 0.6146984774037155 0
2.476164281803356 0.5942108511529287 0
2.467745793173456 0.603558124821479 0
2.513181637782928 0.6190984376057839 0
2.493373798283508 0.6186192051711772 0
2.493026805141472 0.5932407558887439 0
2.512834644640891 0.5937199883233506 0
2.5031042214622 0.6061695967472639 0
2.491003228343276 0.4250161735320258 0
2.484616118441216 0.6295709495429163 0
2.526126064597334 0.6493605167265745 0
2.526031887431312 0.6704944959599568 0
2.533951162452347 0.6603750757490328 0
1.540283400809716 0.95 0
1.587466261808367 0.95 0
4.136111111111111 0.95 0
0.8027777777777785 0.95 0
2.466232346178376 0.5068287103812086 0
2.463151208197923 0.4795363606564222 0
2.46469177718815 0.4931825355188154 0
2.535232556215256 0.770621582211142 0
2.526275299763584 0.7519681484752518 0
2.541042743548328 0.7470570925798993 0
2.538137649881792 0.7588393373955206 0
2.46509618919236 0.7704087281138555 0
2.459412302115413 0.7465975585185585 0
2.474508491307772 0.7512957603166244 0
2.462254245653886 0.7585031433162069 0
1.854821568975832 0.9213572195544554 0
1.917421579765901 0.9213998349443352 0
1.886121574370867 0.9213785272493953 0
2.528282703489773 0.5919755931611446 0
2.539141351744886 0.5893167439489932 0
1.728993967841508 0.9219752776533737 0
1.788553151854775 0.923888749515747 0
1.763599751275232 0.9458640271691207 0
1.758773559848142 0.9229320135845603 0
1.700485195911684 0.9719752776533738 0
1.696953124271631 0.9359876388266869 0
1.476283786686628 0.9219053794591463 0
1.441844902482747 0.9454795870052943 0
1.416876905269803 0.9235742075461481 0
1.446580345978216 0.9227397935026472 0
1.504725082233187 0.9719053794591463 0
1.508283593748172 0.9359526897295731 0
2.378767876249498 0.921660622815923 0
2.315748171705411 0.9217785524598713 0
2.347258023977455 0.9217195876378971 0
1.312325823268956 0.9695398657877262 0
1.264315521929584 0.966294521797154 0
1.29280785208645 0.9429171937924401 0
3.683978787462797 0.9272951610944083 0
3.736102238206619 0.9669082502072102 0
3.710040512834708 0.9471017056508093 0
1.977164460466422 0.9213418727894795 0
2.040295134872362 0.9217161062394837 0
2.008729797669392 0.9215289895144817 0
2.46159479030405 0.3899356209906429 0
2.459991262754001 0.3625314727441857 0
2.47158605305805 0.3747039358400919 0
2.460793026529025 0.3762335468674143 0
2.462358294143155 0.4043822745712328 0
2.526047421739767 0.8650744687281884 0
2.538023710869883 0.8750767080483046 0
2.472909154794158 0.8622153160392874 0
2.461454577397079 0.8736471317038542 0
2.254523798527436 0.9231213457511915 0
2.209365812663144 0.9360700717437536 0
2.223761853699993 0.9180350358718767 0
4.956479911129179 0.9167775157259214 0
4.948139511210536 0.9422763364926745 0
4.936569755605268 0.9211381682463372 0
0.05186048878946403 0.9422763364926745 0
0.04352008887082048 0.9167775157259214 0
0.06343024439473188 0.9211381682463372 0
2.101577589587662 0.9230966458319554 0
2.147209077407581 0.9360453718245174 0
2.132157170282738 0.9180226859122587 0
4.981479911129179 0.9417775157259214 0
4.974069755605267 0.9586381682463372 0
0.01852008887082102 0.9417775157259214 0
0.02593024439473224 0.9586381682463372 0
2.512725774311147 0.3664116484770483 0
2.395638456350301 0.9438482732576804 0
2.407687649227782 0.9219241366288402 0
1.377650771723644 0.9431140733338742 0
1.384220122703927 0.9215570366669371 0
1.828901036620082 0.9452459690702023 0
1.821687360415304 0.9226229845351012 0
1.95905972444285 0.9427417077338147 0
1.947293020116161 0.9213708538669073 0
2.538840784868713 0.453069077235067 0
2.538692293767176 0.4388751500527754 0
3.790956879816963 0.9381642957147072 0
3.787145106575148 0.9190821478573536 0
2.271587759706532 0.9448998982110628 0
2.285135985116424 0.9224499491055314 0
2.539062870029068 0.4668339237672045 0
1.163170032724499 0.9711444585231704 0
1.10743971721695 0.9605722292615853 0
3.836905923661627 0.971256045507497 0
3.892598260976112 0.9606280227537485 0
2.085293777091604 0.9448127520714391 0
2.070936362230012 0.9224063760357196 0
1.209536836705365 0.9374389803203245 0
1.213101751686016 0.9187194901601623 0
2.519653851190131 0.6342294771661792 0
2.482916421973698 0.5813617505461742 0
2.476288711996279 0.6719304933561275 0
2.483234470837371 0.6847542444606094 0
2.461823295348643 0.7883730885786739 0
2.462704478264091 0.8024488427889707 0
2.461836220585677 0.520803551325939 0
2.462887898624957 0.5348026831977821 0
2.473988004139913 0.7263142812826549 0
2.461994002069956 0.7310913511676432 0
2.538134564878847 0.7883660741968015 0
2.537141094931352 0.8025462648172119 0
2.527819065094052 0.7286288641031003 0
2.538909532547026 0.7322486425778658 0
2.464304356558477 0.4645688045149187 0
2.5192063683155 0.6849637701420763 0
2.538483009066947 0.5342302558740669 0
2.537533841874636 0.5217171951787387 0
2.461245631377 0.3477657363720927 0
2.550322219967339 0.9704920371842024 0
2.503884888231757 0.9722762041286356 0
2.480483119111989 0.8490567861081765 0
1.411478794608535 0.973574207546148 0
1.361902308938745 0.9715570366669372 0
1.793883786132779 0.9738887495157469 0
1.843937697797221 0.9726229845351011 0
2.4822837918207 0.3712196758354683 0
2.383716664072586 0.9719241366288403 0
2.463144355998139 0.6740573519412217 0
1.973119605811169 0.9713708538669074 0
2.569021108367186 0.9475183186039091 0
2.518333234486953 0.8505872916718045 0
2.210056861955237 0.9731213457511916 0
2.257588751648138 0.9724499491055314 0
2.524549344630855 0.5392839812103509 0
2.476678849728509 0.5179796222588208 0
3.786504080934122 0.9690821478573536 0
2.147900126699673 0.9730966458319554 0
2.100339196238109 0.9724063760357196 0
2.475950802074723 0.7821163760076386 0
2.524174620351274 0.7822192958653456 0
2.519209278742098 0.7388861546636625 0
1.213742777327041 0.9687194901601622 0
2.48222556475358 0.7376224362047966 0
2.537261438934129 0.3827201165633769 0
4.810041051712562 0.9609659984936274 0
0.1899589482874378 0.9609659984936274 0
2.519669118235687 0.5813091021993295 0
1.458101938420861 0.9727397935026472 0
1.747184491022231 0.9729320135845603 0
3.632480846722852 0.9386475805472042 0
2.178632969681409 0.9545833587878545 0
4.97823995556459 0.9208887578629606 0
0.02176004443541002 0.9208887578629606 0
3.400731154413651 0.9609175167951813 0
2.538865387187437 0.3453077306314331 0
2 2 0 715
1175
1176
1177
1178
1179
1180
1181
1182
1183
1184
1185
1186
1187
1188
1189
1190
1191
1192
1193
1194
1195
1196
1197
1198
1199
1200
1201
1202
1203
1204
1205
1206
1207
1208
1209
1210
1211
1212
1213
1214
1215
1216
1217
1218
1219
1220
1221
1222
1223
1224
1225
1226
1227
1228
1229
1230
1231
1232
1233
1234
1235
1236
1237
1238
1239
1240
1241
1242
1243
1244
1245
1246
1247
1248
1249
1250
1251
1252
1253
1254
1255
1256
1257
1258
1259
1260
1261
1262
1263
1264
1265
1266
1267
1268
1269
1270
1271
1272
1273
1274
1275
1276
1277
1278
1279
1280
1281
1282
1283
1284
1285
1286
1287
1288
1289
1290
1291
1292
1293
1294
1295
1296
1297
1298
1299
1300
1301
1302
1303
1304
1305
1306
1307
1308
1309
1310
1311
1312
1313
1314
1315
1316
1317
1318
1319
1320
1321
1322
1323
1324
1325
1326
1327
1328
1329
1330
1331
1332
1333
1334
1335
1336
1337
1338
1339
1340
1341
1342
1343
1344
1345
1346
1347
1348
1349
1350
1351
1352
1353
1354
1355
1356
1357
1358
1359
1360
1361
1362
1363
1364
1365
1366
1367
1368
1369
1370
1371
1372
1373
1374
1375
1376
1377
1378
1379
1380
1381
1382
1383
1384
1385
1386
1387
1388
1389
1390
1391
1392
1393
1394
1395
1396
1397
1398
1399
1400
1401
1402
1403
1404
1405
1406
1407
1408
1409
1410
1411
1412
1413
1414
1415
1416
1417
1418
1419
1420
1421
1422
1423
1424
1425
1426
1427
1428
1429
1430
1431
1432
1433
1434
1435
1436
1437
1438
1439
1440
1441
1442
1443
1444
1445
1446
1447
1448
1449
1450
1451
1452
1453
1454
1455
1456
1457
1458
1459
1460
1461
1462
1463
1464
1465
1466
1467
1468
1469
1470
1471
1472
1473
1474
1475
1476
1477
1478
1479
1480
1481
1482
1483
1484
1485
1486
1487
1488
1489
1490
1491
1492
1493
1494
1495
1496
1497
1498
1499
1500
1501
1502
1503
1504
1505
1506
1507
1508
1509
1510
1511
1512
1513
1514
1515
1516
1517
1518
1519
1520
1521
1522
1523
1524
1525
1526
1527
1528
1529
1530
1531
1532
1533
1534
1535
1536
1537
1538
1539
1540
1541
1542
1543
1544
1545
1546
1547
1548
1549
1550
1551
1552
1553
1554
1555
1556
1557
1558
1559
1560
1561
1562
1563
1564
1565
1566
1567
1568
1569
1570
1571
1572
1573
1574
1575
1576
1577
1578
1579
1580
1581
1582
1583
1584
1585
1586
1587
1588
1589
1590
1591
1592
1593
1594
1595
1596
1597
1598
1599
1600
1601
1602
1603
1604
1605
1606
1607
1608
1609
1610
1611
1612
1613
1614
1615
1616
1617
1618
1619
1620
1621
1622
1623
1624
1625
1626
1627
1628
1629
1630
1631
1632
1633
1634
1635
1636
1637
1638
1639
1640
1641
1642
1643
1644
1645
1646
1647
1648
1649
1650
1651
1652
1653
1654
1655
1656
1657
1658
1659
1660
1661
1662
1663
1664
1665
1666
1667
1668
1669
1670
1671
1672
1673
1674
1675
1676
1677
1678
1679
1680
1681
1682
1683
1684
1685
1686
1687
1688
1689
1690
1691
1692
1693
1694
1695
1696
1697
1698
1699
1700
1701
1702
1703
1704
1705
1706
1707
1708
1709
1710
1711
1712
1713
1714
1715
1716
1717
1718
1719
1720
1721
1722
1723
1724
1725
1726
1727
1728
1729
1730
1731
1732
1733
1734
1735
1736
1737
1738
1739
1740
1741
1742
1743
1744
1745
1746
1747
1748
1749
1750
1751
1752
1753
1754
1755
1756
1757
1758
1759
1760
1761
1762
1763
1764
1765
1766
1767
1768
1769
1770
1771
1772
1773
1774
1775
1776
1777
1778
1779
1780
1781
1782
1783
1784
1785
1786
1787
1788
1789
1790
1791
1792
1793
1794
1795
1796
1797
1798
1799
1800
1801
1802
1803
1804
1805
1806
1807
1808
1809
1810
1811
1812
1813
1814
1815
1816
1817
1818
1819
1820
1821
1822
1823
1824
1825
1826
1827
1828
1829
1830
1831
1832
1833
1834
1835
1836
1837
1838
1839
1840
1841
1842
1843
1844
1845
1846
1847
1848
1849
1850
1851
1852
1853
1854
1855
1856
1857
1858
1859
1860
1861
1862
1863
1864
1865
1866
1867
1868
1869
1870
1871
1872
1873
1874
1875
1876
1877
1878
1879
1880
1881
1882
1883
1884
1885
1886
1887
1888
1889
1.247768518908631 0.6247043183171398 0
3.747861224830244 0.6246457685164825 0
1.266666104168071 0.3287959853985515 0
1.233202816555874 0.1451759038757423 0
1.266591524297794 0.5077325547198648 0
1.266068524563627 0.5664548880214653 0
3.733332006265964 0.3188481246409245 0
3.732664528993886 0.1447696290313147 0
3.76665557326834 0.2691607928837853 0
3.766665662683324 0.3884729843139443 0
3.766658848595833 0.4481454962707986 0
3.766122025330288 0.5664232063072756 0
3.749066614324771 0.09431702948931039 0
1.25903467311647 0.09423129676202591 0
1.266665255288231 0.2989673018475586 0
1.233331922733463 0.2890199354489843 0
1.266663851158059 0.4183119953344546 0
3.733329609440105 0.2890184694540713 0
1.266540531705456 0.1811596054472238 0
3.733332634005814 0.3486858063606579 0
1.233332869429873 0.3486859820466169 0
3.766351198914771 0.1810446039940856 0
3.766633348701578 0.2394296533140218 0
3.766662941902125 0.2989658360437023 0
3.766665967336582 0.3586331747704137 0
3.766462213420137 0.5373407978418955 0
3.733116303975779 0.5274067647150477 0
3.733300184429745 0.2294826400568643 0
3.733050662668369 0.1711661364605087 0
1.266666202761196 0.3586333504555104 0
1.233236485232383 0.1712883767947422 0
3.766664019515498 0.4183118605288412 0
3.766643278397123 0.477962574476989 0
1.233330517512429 0.4083646272562101 0
1.266654199439326 0.2394428149336317 0
1.266641507073896 0.4779636282038638 0
3.733330685848091 0.4083644924627702 0
1.233308113092023 0.4680163260729669 0
1.233321017073618 0.2294958389897831 0
1.266445856752662 0.5373504907185174 0
3.733309880235486 0.468015274805091 0
1.233100758027461 0.5274159810793113 0
3.730216815974675 0.5856838130898949 0
1.230151888723381 0.5857226825014185 0
3.765989847242803 0.5930442200088548 0
1.265767645010981 0.5931755296303314 0
1.26550864323653 0.6393195413053689 0
3.765591439715732 0.6392647002438391 0
1.223221970261353 0.6406482605981694 0
3.723245160142373 0.6406337821947061 0
0.0682992280325152 0.05876832692852581 0
4.918181434285915 0.05832770298551271 0
3.672007978598923 0.05994750897611927 0
2.531786750615926 0.06600270037432476 0
3.733544105892744 0.05159034381548779 0
3.794292606511646 0.05527752414960894 0
1.276400664109073 0.6246475263014852 0
3.776629447439671 0.6244857692452879 0
0.797030999283366 0.05802493660919065 0
1.266628450331978 0.2099578937704275 0
1.266662520426339 0.2691651853899781 0
1.266665682805998 0.3884730774606625 0
1.266658267169727 0.4481458525618545 0
1.233332770892018 0.318848617121976 0
3.766665339537619 0.3287954929292617 0
3.733822946724598 0.1301315434182369 0
1.235170663339862 0.1319012833332219 0
3.7655410577721 0.1537573307661961 0
3.76656579851383 0.2099186132702447 0
3.766596869546853 0.5077293856061462 0
3.732613529334045 0.5566615747619629 0
3.733262633285794 0.4977829746384631 0
3.733325510606514 0.4381981327997471 0
3.733332329326927 0.3785256159202084 0
3.73332225207324 0.2592134499541057 0
3.733234819904797 0.1999761916982323 0
1.266128236566046 0.1540627806885716 0
1.232571320425068 0.55668661955527 0
1.233257346228797 0.497786109646696 0
1.233324929481978 0.4381984889027011 0
1.233332349450783 0.3785257090652458 0
1.233329197932308 0.259217845145779 0
1.233297219700987 0.2000159919233284 0
3.007985985109935 0.05373421450375357 0
2.563231116478533 0.07235587048114397 0
2.607105500520815 0.05959871707895009 0
0.5551984893592927 0.05804125242884665 0
1.146056954123211 0.06924938479486444 0
1.193020342901668 0.05743183860384215 0
1.103062267414135 0.05417515083375946 0
0.3101536980813902 0.05408918360557434 0
3.099437260965149 0.05809983046374596 0
2.408269452380574 0.04948949291126203 0
0.948912330182617 0.05410017693806665 0
3.725705892156918 0.6139152401658319 0
1.225653843332795 0.613946986350552 0
2.468114160698225 0.05912351906032483 0
1.32439566309523 0.05516757797733023 0
3.531655444056204 0.05799097455955178 0
3.236056455642563 0.05651332048606225 0
0.4647122336851424 0.05392622704030192 0
0.9855447663065871 0.06945484699827732 0
1.036376499389222 0.05844663549992204 0
4.847108192780608 0.05585936438329162 0
0.3530758022880383 0.05101822165257104 0
0.421207482218664 0.05098563040423117 0
1.262822496879422 0.1270779209110714 0
3.760793813903052 0.1267124884081876 0
0.5081882876823651 0.06932610634114347 0
2.499693079848696 0.07225027093868192 0
0.1433726657036152 0.0528301379253725 0
0.2197370375089167 0.058212500400338 0
0.8743463804927718 0.05202085210025854 0
3.176046073926438 0.05243552517339463 0
3.599197116514229 0.06095938593358987 0
0.2678809523351857 0.06940037402230337 0
1.278601994514174 0.6495113775354698 0
3.778645814107985 0.649481217622216 0
0.6309974527213469 0.05195841864652412 0
0.7066296795093931 0.05370926350729124 0
3.047623519542297 0.06929645421254357 0
0.747102283221559 0.06927426646716224 0
2.682199477035752 0.05223513508766311 0
2.759370711465557 0.05381209745825564 0
2.930615241776634 0.05196025233550057 0
2.851953777868134 0.05802730052031999 0
2.801286983671025 0.06929764377239206 0
1.265092207202228 0.05113845226242554 0
1.239793718357615 0.6427746314822738 0
3.739834455797808 0.6427487821836142 0
0.03739982813740195 0.06861518381153589 0
4.962194100878736 0.06910684469915758 0
3.655740831404725 0.07997375448805964 0
3.686003989299462 0.0799737544880596 0
3.589072242467641 0.08047969296679494 0
3.619335400362378 0.08047969296679494 0
3.335087719298246 0.05 0
3.304824561403509 0.05 0
3.365350877192983 0.05 0
0.4029114334170245 0.02549281520211559 0
0.4887663732528278 0.02696311352015096 0
0.4429598579519034 0.05245592872226655 0
0.4458389033349262 0.02622796436113327 0
1.128454210630145 0.02708757541687973 0
1.069719383401679 0.05631089316684075 0
1.031008762515124 0.02922331774996102 0
1.079731486572634 0.02815544658342037 0
4.760683760683761 0.05 0
4.635470085470085 0.05 0
4.698076923076923 0.05 0
4.51025641025641 0.05 0
4.572863247863248 0.05 0
4.385042735042735 0.05 0
4.447649572649572 0.05 0
3.783175599457385 0.1852854598917796 0
3.765946128343435 0.1674009673801408 0
3.78277052888605 0.1567207706462559 0
3.782973064171718 0.1710031152690178 0
1.233219650894128 0.1582321403352422 0
1.24966552656096 0.149619342282157 0
1.266334384135751 0.1676111930678977 0
1.249888508468919 0.176223991120983 0
1.24977701751494 0.16292166670157 0
1.283332627644115 0.303931019344832 0
1.266663887857285 0.2840662436187683 0
1.283331260213169 0.2741089084844627 0
1.283331943928643 0.2890199639146473 0
1.216665961366731 0.2840362835139658 0
1.23333234681274 0.3039342762854801 0
1.216666385446009 0.3138716769820407 0
1.21666617340637 0.2989539802480032 0
1.21655037901373 0.5226027273817609 0
1.232836039226264 0.5420513003172907 0
1.216285660212534 0.5521590992513192 0
1.216418019613132 0.5373809133165401 0
1.266257190658144 0.5519026893699913 0
1.249319922494347 0.5615707537883676 0
1.249773307390061 0.5323832358989143 0
1.249546614942204 0.546976994843641 0
3.716525331334185 0.1654251734934122 0
3.733142741286583 0.1855711640793705 0
3.716617409952399 0.194751253743853 0
3.716571370643292 0.1800882136186326 0
3.783316674350789 0.2443200898149057 0
3.766599573607703 0.2246741332921332 0
3.783282899256915 0.2146435171614381 0
3.783299786803851 0.2294818034881719 0
3.716558151987889 0.5225981191996292 0
3.732864916654912 0.5420341697385053 0
3.716306764667022 0.5521465768546656 0
3.716432458327456 0.5373723480271474 0
1.283331925579029 0.4232875766145958 0
1.266664766982028 0.4033925363975585 0
1.283332841402999 0.3934470650461207 0
1.283332383491014 0.4083673208303581 0
1.216660508536809 0.2244321300212073 0
1.233325107502963 0.244356842067781 0
1.216664598966154 0.2542141857307842 0
1.216662553751481 0.2393231578759957 0
1.283320753536948 0.4829554983124582 0
1.266649887121811 0.4630547403828592 0
1.283329133584863 0.4531255578598746 0
1.283324943560906 0.4680405280861664 0
1.216665258756215 0.4033928399438945 0
1.233327723497204 0.4232815580794556 0
1.216662464740989 0.4332308233987189 0
1.216663861748602 0.4183118316713067 0
3.783321639198562 0.4829549714490208 0
3.766651063496478 0.4630540353738938 0
3.783329424297917 0.4531253797143467 0
3.783325531748239 0.4680401755816838 0
3.716654940117743 0.4630602689814928 0
3.73328625676064 0.482899124721777 0
3.716631316642897 0.4928651715297579 0
3.71664312838032 0.4779627202556254 0
3.716665342924045 0.4033927725471745 0
3.733328098227302 0.4232813126312586 0
3.716662755303257 0.4332306453472419 0
3.716664049113652 0.4183117089472082 0
1.216654056546012 0.4630607946154308 0
1.23328272966041 0.4829012178598315 0
1.216628673114398 0.4928667390338743 0
1.216641364830205 0.4779637668246525 0
3.716650092214873 0.2244255305547479 0
3.733311218251492 0.244348045005485 0
3.71666112603662 0.2542119881349476 0
3.716655609125746 0.2393187593448477 0
1.216666434714937 0.34371141207594 0
1.233332609440328 0.3636058455559314 0
1.216666174725391 0.3735523282168334 0
1.216666304720164 0.3586318701463867 0
1.283270265852728 0.1853429606183488 0
1.283064118283023 0.1568734956074437 0
1.283167192067876 0.1711082281128962 0
3.716666317002907 0.3437113242329605 0
3.733332481666371 0.3636057111404332 0
3.716666164663464 0.3735522816443147 0
3.716666240833185 0.3586318029386376 0
1.283333101380598 0.3636061489119657 0
1.266666153464634 0.343714667927031 0
1.283333052084035 0.3337664137519074 0
1.283333076732317 0.3486862813319366 0
3.783331470951063 0.3039302864429038 0
3.766659257585232 0.2840633144637438 0
3.78332778663417 0.2741067122313663 0
3.783329628792616 0.2890184993371351 0
3.783332983668291 0.3636060610694174 0
3.766665653437101 0.3437143338498377 0
3.783332669768809 0.3337661675172625 0
3.78333282671855 0.34868611429334 0
3.783332009757749 0.4232875092117891 0
3.766664841099411 0.4033924224213928 0
3.783332831341662 0.3934470184727616 0
3.783332420549705 0.4083672638422753 0
3.716664804720053 0.2840355505165093 0
3.733330807853034 0.3039332970474979 0
3.716666003132982 0.3138714307415149 0
3.716665403926517 0.2989534906290121 0
1.283327099719663 0.2443266706247106 0
1.266641324885652 0.2247003543520296 0
1.283314225165989 0.2146631574115296 0
1.283320662442826 0.2294949140181201 0
1.266584491018717 0.1955587496088257 0
1.249962835016482 0.204986942846878 0
1.233266852466685 0.1856521843590353 0
1.249925671742701 0.1906054669839305 0
3.749976579316304 0.47298892464104 0
3.733317695421 0.4531067038024191 0
3.749992179601174 0.4431718145352728 0
3.749984379458739 0.4580803695881564 0
1.249998589010847 0.2939936186482714 0
1.233330560332885 0.2741188902973816 0
1.249995859179323 0.2641915152678785 0
1.249997224095085 0.2790925669580749 0
3.749996275671115 0.2939921527488868 0
3.733325930756672 0.2741159597040885 0
3.74998891267079 0.2641871214189455 0
3.749992594170953 0.2790896370839162 0
1.266616515685845 0.4928480914618643 0
1.249924435263295 0.5027593321832804 0
1.24997481008296 0.4729899771384153 0
1.249949622673127 0.4878746546608478 0
3.733332320135889 0.3337669655007912 0
3.749998672901791 0.3238218087850931 0
3.749999300671198 0.3536594905655358 0
3.749998986786494 0.3387406496753145 0
3.766665815009953 0.373553079542179 0
3.749998996005125 0.3834993001170764 0
3.749999148338162 0.3685793953413061 0
3.766661434055665 0.4332286783998199 0
3.749997352681794 0.4133381764958057 0
3.749994766141484 0.4282549955155392 0
3.766664140719872 0.3138806644864821 0
3.749997474286453 0.30890698076699 0
1.266665942783597 0.3735532139580864 0
1.24999901612839 0.3834993932629541 0
1.249999536095535 0.3536596662510637 0
1.249999276111962 0.3685795297570089 0
1.266661059163892 0.4332289239481545 0
1.249991598325852 0.4431721707322778 0
1.249997184335244 0.4133383112953323 0
1.249994391330548 0.4282552410138051 0
3.783231106710068 0.542486188394632 0
3.766529541483495 0.5225350917240209 0
3.783298434773426 0.5127594296451784 0
3.783264770741747 0.5276228090199052 0
3.732857595831128 0.1579678827459117 0
3.749102793382993 0.1492634798987554 0
3.74970093079157 0.1761053702272971 0
3.749401862087281 0.1626844250630263 0
3.733331507587509 0.3934450541914893 0
3.74999817434346 0.3984187383064411 0
1.266665679728151 0.3138816436230551 0
1.249999437530044 0.3238223012602638 0
1.249999013270445 0.3089079599542676 0
1.283222928376331 0.5424910348329429 0
1.266518690525228 0.5225415227191911 0
1.283295762148897 0.5127610142020377 0
1.283259345262614 0.5276260245174903 0
1.266658359932832 0.2543040001618049 0
1.249987608256472 0.2344693269617074 0
1.249991733717898 0.249330421114793 0
3.766620073971988 0.4928459800415676 0
3.749929751416323 0.5027561801223047 0
3.749953165366314 0.4878725523816723 0
1.233332820160945 0.3337672995842965 0
1.249999486812789 0.3387409837556637 0
3.749966766565661 0.2344561466854431 0
3.733267502167271 0.2147294158775483 0
3.749900309209313 0.2049474024842385 0
3.749933537887487 0.2197017745848408 0
1.216618242616192 0.1654862936605289 0
1.216648609850493 0.194771153856401 0
1.216633426233342 0.180128723758465 0
3.749789258697958 0.5323737812784716 0
3.733189468630786 0.5125948696767554 0
3.74985950505714 0.5175649807003881 0
3.766292119375213 0.5518820020745856 0
3.749367777332167 0.5615423905346193 0
3.749578518015062 0.5469580859065455 0
1.233316521287001 0.453107407487834 0
1.249983204204406 0.4580810739353466 0
1.233309118387302 0.2147559154565557 0
1.249975221636477 0.2197281349042927 0
1.233331433481606 0.393445168160728 0
1.249998100231817 0.3984188522791433 0
3.766644460984959 0.2542952230989036 0
3.749977839618226 0.2493216340521943 0
3.7664584987143 0.1954816086321651 0
3.749800620000442 0.1905263863557678 0
1.233179052128129 0.5126010453630037 0
1.249848871326678 0.5175712840410973 0
4.259829059829059 0.05 0
4.322435897435897 0.05 0
4.009401709401709 0.05 0
3.884188034188034 0.05 0
3.946794871794872 0.05 0
3.715108407987338 0.5815787486502106 0
3.727961354065797 0.5997995266278634 0
3.712852946078459 0.6106155148197581 0
3.713980677032898 0.5960971317349844 0
1.21507594436169 0.5815981833559724 0
1.227902866028088 0.5998348344259853 0
1.212826921666398 0.6106313879121181 0
1.213951433014044 0.5961147856340453 0
0.0341496140162576 0.02938416346426291 0
0.05284952808495857 0.06369175537003086 0
0.01869991406870097 0.05930759190576795 0
0.02642476404247907 0.04434587768501544 0
4.981097050439368 0.05955342234957879 0
4.940187767582326 0.06371727384233514 0
4.959090717142958 0.02916385149275635 0
4.970093883791163 0.04435863692116757 0
0.04369991406870088 0.08430759190576795 0
0.08414961401625742 0.07938416346426291 0
0.06392476404247915 0.08184587768501543 0
4.909090717142957 0.07916385149275636 0
4.956097050439368 0.0845534223495788 0
4.932593883791164 0.08185863692116757 0
3.711622580071187 0.6388958384657741 0
3.724475526149646 0.627274511180269 0
3.712237763074823 0.6247556766427661 0
1.211610985130676 0.6389030776675058 0
1.224437906797074 0.6272976234743607 0
1.212218953398537 0.6247672327898119 0
4.134615384615384 0.05 0
4.197222222222221 0.05 0
4.072008547008546 0.05 0
3.782994923621402 0.6001800047412695 0
3.766055936286546 0.5797337131580652 0
3.783061012665144 0.571948445258901 0
3.783027968143273 0.5860642250000853 0
3.74810333160874 0.5893640165493749 0
3.73141517265436 0.571172693925929 0
3.748735554470453 0.5754532035419971 0
1.247959766867181 0.5894491060658749 0
1.231361604574224 0.5712046510283443 0
1.265918084787304 0.5798152088258983 0
1.248639844680764 0.5755099299271212 0
1.28288382250549 0.6002456595520078 0
1.283034262281813 0.5719642861159958 0
1.282959042393652 0.5861049728340019 0
1.256768081959806 0.6089399239737355 0
1.236711181120713 0.619325652333846 0
1.242335473993947 0.6043873791998604 0
3.756925536036524 0.6088449942626687 0
3.736783558493581 0.6192805043411572 0
3.742443445051161 0.604322260445266 0
4.85945153228774 0.02792968219164581 0
4.812442985279192 0.07792968219164581 0
4.81006764648575 0.03896484109582291 0
3.788314723719835 0.630821831991065 0
3.771309647341237 0.6087649946270713 0
3.785654823670618 0.6155009183661673 0
1.288200332054536 0.6309027105191638 0
1.271084154560027 0.6089115279659083 0
1.285542077280013 0.6155741850355858 0
2.491513206591015 0.08612513546934096 0
2.459057080349113 0.07956175953016242 0
2.483903620273461 0.06568689499950338 0
2.475285143470064 0.0828434474997517 0
1.270954653672801 0.6319835338034271 0
1.256638581072581 0.6320119298112543 0
1.263861367816304 0.6204617288885813 0
3.771110443577701 0.6318752347445635 0
3.756726332272988 0.6319552343801608 0
3.764017989807113 0.6203601145036162 0
3.731539807970091 0.6416912821891602 0
3.744917227898904 0.6548743910918071 0
3.724122580071187 0.6538168910973531 0
3.734519903985046 0.6543456410945802 0
1.231507844309484 0.6417114460402216 0
1.244896859178807 0.6548873157411369 0
1.224110985130677 0.6538241302990847 0
1.234503922154742 0.6543557230201108 0
1.243781118633123 0.6337394748997067 0
1.234109512715099 0.6305185491870338 0
3.743847840314026 0.6336972753500483 0
3.734161683231836 0.6304858932651587 0
3.78322924935715 0.1999644885266089 0
3.716633751083636 0.2095883921493004 0
1.283332971391798 0.3785266069790432 0
1.283332839864076 0.3188487165483697 0
3.783322230492479 0.259213401023136 0
3.783332907504976 0.3785265397710895 0
3.783310036985994 0.4978572005470996 0
3.71570758632718 0.5668626627524382 0
3.716594734315393 0.5077316453646935 0
3.7166588477105 0.4481454571643673 0
1.283292245509358 0.2000030590149391 0
1.283329179966416 0.2592177895545867 0
1.283330529581946 0.4382065672372352 0
1.283308257842922 0.4978582562572479 0
1.2166582606435 0.4481458090070749 0
1.216666410080473 0.3287915445289903 0
1.216589526064064 0.5077347332078177 0
1.216665716740803 0.388472584080364 0
1.216665280166443 0.269125234622375 0
1.216654559193651 0.2096016419388042 0
3.716332264496943 0.1373058671472363 0
3.716428797915564 0.1513655203203242 0
3.783332070359936 0.3188482269800831 0
3.780396906951526 0.1282772968356727 0
3.763167435837576 0.1402349095871918 0
3.781583717918788 0.1424990337409643 0
3.783330717027833 0.4382064444630678 0
3.783146059687606 0.5572173168267666 0
3.716665753793754 0.3884725270957446 0
3.716662965378336 0.2691237693257285 0
3.716666160067945 0.3287913774872377 0
1.216601408277937 0.1375090045694501 0
1.216609825447064 0.1514976491149895 0
1.283128595329072 0.5572276604744694 0
1.215680802287112 0.5668786413036458 0
1.281411248439711 0.1284600130871147 0
1.264475366722734 0.1405703507998215 0
1.282237683361367 0.1426667543472792 0
3.757795719857866 0.6531323501219195 0
3.750821780085946 0.6434148127359838 0
1.257754321618265 0.6531597706526845 0
1.250767720125694 0.6434496227761956 0
3.776822907053992 0.658240608811108 0
3.789322907053992 0.6433195561795291 0
3.788411453526996 0.6551597780897644 0
1.276800997257087 0.6582556887677349 0
1.289300997257087 0.643334636136156 0
1.288400498628544 0.655167318068078 0
3.772118626911859 0.6443729589330276 0
3.780216675315847 0.6375973954620464 0
1.272055318875352 0.6444154594204194 0
1.280127825464944 0.6376590849697916 0
1.144081108640553 0.08462469239743223 0
1.16953864851244 0.06334061169935329 0
1.196510171450834 0.07871591930192104 0
1.170295640045694 0.08167030584967665 0
2.422083444139005 0.02474474645563102 0
2.365245837301398 0.07474474645563102 0
2.314957264957265 0.05 0
2.368520354548135 0.0373723732278155 0
3.767309313455929 0.6556864794665138 0
1.267277659437676 0.6557077297102096 0
3.724533307162385 0.09715851474465517 0
3.702776042245834 0.05576892639580353 0
3.741305360108757 0.0729536866523991 0
3.713654674704109 0.07646372057022933 0
1.217585331669931 0.1159506416666109 0
1.234186739947868 0.1385385936044821 0
1.217093369973934 0.1267298231180305 0
3.716911473362299 0.1150657717091184 0
3.733243737859242 0.1374505862247758 0
3.716621868929621 0.1261858194281773 0
0.1058359468680652 0.05579923242694916 0
0.1506337012728602 0.07641506896268625 0
0.1173916576445588 0.07789961621347459 0
2.524226708641296 0.08300135018716238 0
2.547508933547229 0.06917928542773437 0
2.556615558239266 0.08617793524057199 0
2.540421133440281 0.08458964271386718 0
0.02184995703435044 0.07965379595288398 0
4.978048525219684 0.07977671117478941 0
2.515739915232311 0.06912648565650334 0
2.507869957616156 0.08456324282825167 0
3.774533307162385 0.0971585147446552 0
3.754930214113911 0.110514758948749 0
3.777465107056956 0.112717905790164 0
3.763918356202195 0.05343393398254837 0
3.797146303255823 0.07763876207480447 0
3.76922583168229 0.07529622436360178 0
1.248996580109642 0.1294896021221467 0
1.249331053335301 0.1395544722021518 0
3.747308380313825 0.1284220159132122 0
3.748205586848409 0.1388427479059838 0
1.093636396864962 0.07708757541687973 0
1.124559610768673 0.06171226781431195 0
1.118858752752757 0.08085613390715599 0
1.279517336558235 0.09711564838101296 0
1.260928584997946 0.1106546088365487 0
1.280464292498973 0.1127878307340638 0
0.7379302243700812 0.02685463175364562 0
0.66881356611537 0.05283384107690768 0
0.6360115468734937 0.02597920932326206 0
0.6869708856217875 0.02641692053845383 0
0.795883920694314 0.07901246830459532 0
0.8356886898880689 0.0550228943547246 0
0.8634889797200698 0.07601042605012928 0
0.8296864502071921 0.0775114471773623 0
1.229056275051948 0.05428514543313384 0
1.262063440159349 0.07268487451222572 0
1.229517336558235 0.09711564838101291 0
1.229286805805092 0.07570039690707339 0
0.7419721942423578 0.08463713323358113 0
0.7720666412524624 0.06364960153817645 0
0.7689280574683361 0.08182480076908823 0
2.990835097818126 0.07686710725187679 0
3.027804752326116 0.06151533435814857 0
3.040917022929044 0.08464822710627179 0
3.015876060373585 0.08075766717907429 0
2.921886568256738 0.07598012616775029 0
2.969300613443284 0.05284723341962706 0
2.956360833037432 0.07642361670981354 0
2.789941765989188 0.02690604872912782 0
2.720785094250655 0.05302361627295939 0
2.687253584671723 0.02611756754383156 0
2.738597675330456 0.0265118081364797 0
0.5067257227885504 0.08466305317057174 0
0.531693388520829 0.06368367938499506 0
0.5591781920480667 0.07902062621442332 0
0.5329519574183086 0.08184183969249753 0
2.585168308499674 0.06597729378004703 0
2.608815908155144 0.07979935853947505 0
2.582715733197205 0.08298864689002353 0
0.3208663227249051 0.07704459180278717 0
0.3316147501847144 0.05255370262907269 0
0.3712747432492818 0.07550911082628553 0
0.3460705329870937 0.07627685131453635 0
0.5930979710403199 0.05499983553768538 0
0.6260250421501463 0.07597920932326206 0
0.5926016170991066 0.0774999177688427 0
3.630875784171256 0.02997375448805964 0
3.59447035312891 0.03047969296679494 0
3.625105592266817 0.05522672372742729 0
3.097087051535206 0.07904991523187298 0
3.137741667445793 0.0552676778185703 0
3.165654615910588 0.07621776258669732 0
3.131370833722897 0.07763383890928516 0
0.929719322986045 0.07705008846903333 0
0.9672285482446021 0.06177751196817199 0
0.9769829094690827 0.08472742349913867 0
0.9533511162275639 0.08088875598408599 0
0.2707825814307503 0.08470018701115169 0
0.2890173252082882 0.06174477881393885 0
0.2958244520778277 0.08087238940696942 0
3.073530390253723 0.06369814233814476 0
3.069002037232125 0.08184907116907238 0
0.9116293553376944 0.05306051451916259 0
0.8966041513530572 0.07653025725958129 0
0.4053405832145947 0.07549281520211559 0
0.4560403273688864 0.07696311352015096 0
0.4306904552917405 0.07622796436113327 0
2.644652488778284 0.0559169260833066 0
2.67662605430735 0.07611756754383156 0
2.642720981231247 0.07795846304165331 0
3.525038248343892 0.0789954872797759 0
3.565426280285216 0.05947518024657082 0
3.557055245405766 0.07973759012328541 0
3.206051264784501 0.05447442282972843 0
3.225922964663387 0.07825666024303113 0
3.195788790286988 0.07723721141486423 0
1.312197831547615 0.07758378898866511 0
1.294743935148729 0.05315301511987788 0
1.287130635853482 0.07513433175044543 0
0.4864502606837537 0.0616261666907227 0
0.4813830250787179 0.08081308334536136 0
1.010960632847905 0.06395074124909969 0
1.031346144431453 0.07922331774996103 0
1.004164526950268 0.08197537062454985 0
1.062491270648208 0.07815544658342038 0
1.239256958333939 0.1133026252515798 0
3.735920843738105 0.1127902653289337 0
0.1815548516062657 0.05552131916285526 0
0.2177632555965632 0.07910625020016901 0
0.1841984784347117 0.07776065958142764 0
2.745474829416989 0.07690604872912782 0
2.711050441862169 0.0765118081364797 0
0.243808994922051 0.06380643721132068 0
0.2442729185136567 0.08190321860566036 0
2.852292678407752 0.07901365026016 0
2.891284509822384 0.05499377642791028 0
2.887089623332245 0.07749688821395515 0
2.780328847568291 0.06155487061532386 0
2.79669612341446 0.08464882188619603 0
2.771085476415724 0.08077743530766193 0
2.82662038076958 0.06366247214635604 0
2.824494400911106 0.08183123607317801 0
2.939666595247291 0.02598012616775029 0
2.836233299190477 0.02901365026015999 0
2.887949947218885 0.02749688821395514 0
0.6927885239652221 0.07685463175364562 0
0.6594067830576842 0.07641692053845385 0
0.7268659813654761 0.06149176498722674 0
0.7173803591037899 0.08074588249361336 0
2.547944657359245 0.03300135018716238 0
2.516108362400395 0.02956175953016242 0
2.515924138816353 0.04934412259333289 0
0.2380736469595863 0.02910625020016901 0
0.1357888969543719 0.02641506896268625 0
0.1869312719569791 0.02776065958142762 0
2.808281073379384 0.04528426043774191 0
1.173433248373911 0.02871591930192108 0
1.148996429571292 0.04521409355811651 0
2.585604032311689 0.02979935853947505 0
2.566556482929459 0.04948932198360471 0
3.042454531016506 0.02686710725187678 0
3.088180168944113 0.02904991523187297 0
3.057992460635115 0.04528262479501077 0
0.7831308842570674 0.02901246830459532 0
0.7549984328112718 0.04525211664591103 0
3.496596952797332 0.0289954872797759 0
3.545533652963121 0.0297375901232854 0
3.284694894487948 0.02825666024303113 0
3.190587139527322 0.02621776258669732 0
3.237641017007635 0.02723721141486422 0
0.2832819772458235 0.02704459180278716 0
0.2635454860839372 0.04542551450705393 0
0.3688455934517116 0.02550911082628553 0
0.3870930883331529 0.05050096301420055 0
0.9872766779118214 0.02705008846903333 0
0.8858911389643347 0.02601042605012928 0
0.936583908438078 0.02653025725958129 0
0.5340095010899026 0.02902062621442332 0
0.5102298808868284 0.04532339645257301 0
0.9991186553798632 0.0455004148590665 0
1.419017094017094 0.05 0
1.36732603667582 0.02758378898866511 0
1.365607462782354 0.06379189449433256 0
2.438191806539399 0.05430650598579344 0
2.412151458825256 0.07715325299289671 0
4.882644813533261 0.05709353368440216 0
4.860766851211075 0.07854676684220108 0
0.08496925548531475 0.02789961621347457 0
4.90927112471535 0.02854676684220107 0
3.725746411920731 0.0257951719077439 0
3.820223226332746 0.02763876207480447 0
3.772984819126739 0.02671696699127417 0
3.678311098045993 0.02788446319790176 0
3.139383654235717 0.02763383890928514 0
2.991060563131898 0.02642361670981354 0
2.636428808491706 0.02795846304165329 0
2.4690959032697 0.02715325299289673 0
1.273571744626755 0.02556922613121278 0
1.320448890651288 0.02657650755993894 0
1.223502496500333 0.02714257271656693 0
0.8345110116107013 0.0275114471773623 0
0.5850105239816981 0.02749991776884268 0
0.3260637853487678 0.02627685131453635 0
3.840667168721928 0.06381938103740224 0
3.459716599190283 0.05 0
3.492377423767087 0.06449774363988794 0
3.412533738191633 0.05 0
3.265373763033448 0.06412833012151557 0
1.547008547008547 0.05 0
1.483012820512821 0.05 0
2.186965811965813 0.05 0
2.250961538461539 0.05 0
2.05897435897436 0.05 0
2.122970085470086 0.05 0
1.930982905982907 0.05 0
1.994978632478633 0.05 0
1.802991452991454 0.05 0
1.86698717948718 0.05 0
1.675000000000001 0.05 0
1.738995726495727 0.05 0
1.611004273504274 0.05 0
1.212055492565338 0.6529515388337529 0
3.712061290035593 0.6529479192328871 0
2 3 0 4286
1890
1891
1892
1893
1894
1895
1896
1897
1898
1899
1900
1901
1902
1903
1904
1905
1906
1907
1908
1909
1910
1911
1912
1913
1914
1915
1916
1917
1918
1919
1920
1921
1922
1923
1924
1925
1926
1927
1928
1929
1930
1931
1932
1933
1934
1935
1936
1937
1938
1939
1940
1941
1942
1943
1944
1945
1946
1947
1948
1949
1950
1951
1952
1953
1954
1955
1956
1957
1958
1959
1960
1961
1962
1963
1964
1965
1966
1967
1968
1969
1970
1971
1972
1973
1974
1975
1976
1977
1978
1979
1980
1981
1982
1983
1984
1985
1986
1987
1988
1989
1990
1991
1992
1993
1994
1995
1996
1997
1998
1999
2000
2001
2002
2003
2004
2005
2006
2007
2008
2009
2010
2011
2012
2013
2014
2015
2016
2017
2018
2019
2020
2021
2022
2023
2024
2025
2026
2027
2028
2029
2030
2031
2032
2033
2034
2035
2036
2037
2038
2039
2040
2041
2042
2043
2044
2045
2046
2047
2048
2049
2050
2051
2052
2053
2054
2055
2056
2057
2058
2059
2060
2061
2062
2063
2064
2065
2066
2067
2068
2069
2070
2071
2072
2073
2074
2075
2076
2077
2078
2079
2080
2081
2082
2083
2084
2085
2086
2087
2088
2089
2090
2091
2092
2093
2094
2095
2096
2097
2098
2099
2100
2101
2102
2103
2104
2105
2106
2107
2108
2109
2110
2111
2112
2113
2114
2115
2116
2117
2118
2119
2120
2121
2122
2123
2124
2125
2126
2127
2128
2129
2130
2131
2132
2133
2134
2135
2136
2137
2138
2139
2140
2141
2142
2143
2144
2145
2146
2147
2148
2149
2150
2151
2152
2153
2154
2155
2156
2157
2158
2159
2160
2161
2162
2163
2164
2165
2166
2167
2168
2169
2170
2171
2172
2173
2174
2175
2176
2177
2178
2179
2180
2181
2182
2183
2184
2185
2186
2187
2188
2189
2190
2191
2192
2193
2194
2195
2196
2197
2198
2199
2200
2201
2202
2203
2204
2205
2206
2207
2208
2209
2210
2211
2212
2213
2214
2215
2216
2217
2218
2219
2220
2221
2222
2223
2224
2225
2226
2227
2228
2229
2230
2231
2232
2233
2234
2235
2236
2237
2238
2239
2240
2241
2242
2243
2244
2245
2246
2247
2248
2249
2250
2251
2252
2253
2254
2255
2256
2257
2258
2259
2260
2261
2262
2263
2264
2265
2266
2267
2268
2269
2270
2271
2272
2273
2274
2275
2276
2277
2278
2279
2280
2281
2282
2283
2284
2285
2286
2287
2288
2289
2290
2291
2292
2293
2294
2295
2296
2297
2298
2299
2300
2301
2302
2303
2304
2305
2306
2307
2308
2309
2310
2311
2312
2313
2314
2315
2316
2317
2318
2319
2320
2321
2322
2323
2324
2325
2326
2327
2328
2329
2330
2331
2332
2333
2334
2335
2336
2337
2338
2339
2340
2341
2342
2343
2344
2345
2346
2347
2348
2349
2350
2351
2352
2353
2354
2355
2356
2357
2358
2359
2360
2361
2362
2363
2364
2365
2366
2367
2368
2369
2370
2371
2372
2373
2374
2375
2376
2377
2378
2379
2380
2381
2382
2383
2384
2385
2386
2387
2388
2389
2390
2391
2392
2393
2394
2395
2396
2397
2398
2399
2400
2401
2402
2403
2404
2405
2406
2407
2408
2409
2410
2411
2412
2413
2414
2415
2416
2417
2418
2419
2420
2421
2422
2423
2424
2425
2426
2427
2428
2429
2430
2431
2432
2433
2434
2435
2436
2437
2438
2439
2440
2441
2442
2443
2444
2445
2446
2447
2448
2449
2450
2451
2452
2453
2454
2455
2456
2457
2458
2459
2460
2461
2462
2463
2464
2465
2466
2467
2468
2469
2470
2471
2472
2473
2474
2475
2476
2477
2478
2479
2480
2481
2482
2483
2484
2485
2486
2487
2488
2489
2490
2491
2492
2493
2494
2495
2496
2497
2498
2499
2500
2501
2502
2503
2504
2505
2506
2507
2508
2509
2510
2511
2512
2513
2514
2515
2516
2517
2518
2519
2520
2521
2522
2523
2524
2525
2526
2527
2528
2529
2530
2531
2532
2533
2534
2535
2536
2537
2538
2539
2540
2541
2542
2543
2544
2545
2546
2547
2548
2549
2550
2551
2552
2553
2554
2555
2556
2557
2558
2559
2560
2561
2562
2563
2564
2565
2566
2567
2568
2569
2570
2571
2572
2573
2574
2575
2576
2577
2578
2579
2580
2581
2582
2583
2584
2585
2586
2587
2588
2589
2590
2591
2592
2593
2594
2595
2596
2597
2598
2599
2600
2601
2602
2603
2604
2605
2606
2607
2608
2609
2610
2611
2612
2613
2614
2615
2616
2617
2618
2619
2620
2621
2622
2623
2624
2625
2626
2627
2628
2629
2630
2631
2632
2633
2634
2635
2636
2637
2638
2639
2640
2641
2642
2643
2644
2645
2646
2647
2648
2649
2650
2651
2652
2653
2654
2655
2656
2657
2658
2659
2660
2661
2662
2663
2664
2665
2666
2667
2668
2669
2670
2671
2672
2673
2674
2675
2676
2677
2678
2679
2680
2681
2682
2683
2684
2685
2686
2687
2688
2689
2690
2691
2692
2693
2694
2695
2696
2697
2698
2699
2700
2701
2702
2703
2704
2705
2706
2707
2708
2709
2710
2711
2712
2713
2714
2715
2716
2717
2718
2719
2720
2721
2722
2723
2724
2725
2726
2727
2728
2729
2730
2731
2732
2733
2734
2735
2736
2737
2738
2739
2740
2741
2742
2743
2744
2745
2746
2747
2748
2749
2750
2751
2752
2753
2754
2755
2756
2757
2758
2759
2760
2761
2762
2763
2764
2765
2766
2767
2768
2769
2770
2771
2772
2773
2774
2775
2776
2777
2778
2779
2780
2781
2782
2783
2784
2785
2786
2787
2788
2789
2790
2791
2792
2793
2794
2795
2796
2797
2798
2799
2800
2801
2802
2803
2804
2805
2806
2807
2808
2809
2810
2811
2812
2813
2814
2815
2816
2817
2818
2819
2820
2821
2822
2823
2824
2825
2826
2827
2828
2829
2830
2831
2832
2833
2834
2835
2836
2837
2838
2839
2840
2841
2842
2843
2844
2845
2846
2847
2848
2849
2850
2851
2852
2853
2854
2855
2856
2857
2858
2859
2860
2861
2862
2863
2864
2865
2866
2867
2868
2869
2870
2871
2872
2873
2874
2875
2876
2877
2878
2879
2880
2881
2882
2883
2884
2885
2886
2887
2888
2889
2890
2891
2892
2893
2894
2895
2896
2897
2898
2899
2900
2901
2902
2903
2904
2905
2906
2907
2908
2909
2910
2911
2912
2913
2914
2915
2916
2917
2918
2919
2920
2921
2922
2923
2924
2925
2926
2927
2928
2929
2930
2931
2932
2933
2934
2935
2936
2937
2938
2939
2940
2941
2942
2943
2944
2945
2946
2947
2948
2949
2950
2951
2952
2953
2954
2955
2956
2957
2958
2959
2960
2961
2962
2963
2964
2965
2966
2967
2968
2969
2970
2971
2972
2973
2974
2975
2976
2977
2978
2979
2980
2981
2982
2983
2984
2985
2986
2987
2988
2989
2990
2991
2992
2993
2994
2995
2996
2997
2998
2999
3000
3001
3002
3003
3004
3005
3006
3007
3008
3009
3010
3011
3012
3013
3014
3015
3016
3017
3018
3019
3020
3021
3022
3023
3024
3025
3026
3027
3028
3029
3030
3031
3032
3033
3034
3035
3036
3037
3038
3039
3040
3041
3042
3043
3044
3045
3046
3047
3048
3049
3050
3051
3052
3053
3054
3055
3056
3057
3058
3059
3060
3061
3062
3063
3064
3065
3066
3067
3068
3069
3070
3071
3072
3073
3074
3075
3076
3077
3078
3079
3080
3081
3082
3083
3084
3085
3086
3087
3088
3089
3090
3091
3092
3093
3094
3095
3096
3097
3098
3099
3100
3101
3102
3103
3104
3105
3106
3107
3108
3109
3110
3111
3112
3113
3114
3115
3116
3117
3118
3119
3120
3121
3122
3123
3124
3125
3126
3127
3128
3129
3130
3131
3132
3133
3134
3135
3136
3137
3138
3139
3140
3141
3142
3143
3144
3145
3146
3147
3148
3149
3150
3151
3152
3153
3154
3155
3156
3157
3158
3159
3160
3161
3162
3163
3164
3165
3166
3167
3168
3169
3170
3171
3172
3173
3174
3175
3176
3177
3178
3179
3180
3181
3182
3183
3184
3185
3186
3187
3188
3189
3190
3191
3192
3193
3194
3195
3196
3197
3198
3199
3200
3201
3202
3203
3204
3205
3206
3207
3208
3209
3210
3211
3212
3213
3214
3215
3216
3217
3218
3219
3220
3221
3222
3223
3224
3225
3226
3227
3228
3229
3230
3231
3232
3233
3234
3235
3236
3237
3238
3239
3240
3241
3242
3243
3244
3245
3246
3247
3248
3249
3250
3251
3252
3253
3254
3255
3256
3257
3258
3259
3260
3261
3262
3263
3264
3265
3266
3267
3268
3269
3270
3271
3272
3273
3274
3275
3276
3277
3278
3279
3280
3281
3282
3283
3284
3285
3286
3287
3288
3289
3290
3291
3292
3293
3294
3295
3296
3297
3298
3299
3300
3301
3302
3303
3304
3305
3306
3307
3308
3309
3310
3311
3312
3313
3314
3315
3316
3317
3318
3319
3320
3321
3322
3323
3324
3325
3326
3327
3328
3329
3330
3331
3332
3333
3334
3335
3336
3337
3338
3339
3340
3341
3342
3343
3344
3345
3346
3347
3348
3349
3350
3351
3352
3353
3354
3355
3356
3357
3358
3359
3360
3361
3362
3363
3364
3365
3366
3367
3368
3369
3370
3371
3372
3373
3374
3375
3376
3377
3378
3379
3380
3381
3382
3383
3384
3385
3386
3387
3388
3389
3390
3391
3392
3393
3394
3395
3396
3397
3398
3399
3400
3401
3402
3403
3404
3405
3406
3407
3408
3409
3410
3411
3412
3413
3414
3415
3416
3417
3418
3419
3420
3421
3422
3423
3424
3425
3426
3427
3428
3429
3430
3431
3432
3433
3434
3435
3436
3437
3438
3439
3440
3441
3442
3443
3444
3445
3446
3447
3448
3449
3450
3451
3452
3453
3454
3455
3456
3457
3458
3459
3460
3461
3462
3463
3464
3465
3466
3467
3468
3469
3470
3471
3472
3473
3474
3475
3476
3477
3478
3479
3480
3481
3482
3483
3484
3485
3486
3487
3488
3489
3490
3491
3492
3493
3494
3495
3496
3497
3498
3499
3500
3501
3502
3503
3504
3505
3506
3507
3508
3509
3510
3511
3512
3513
3514
3515
3516
3517
3518
3519
3520
3521
3522
3523
3524
3525
3526
3527
3528
3529
3530
3531
3532
3533
3534
3535
3536
3537
3538
3539
3540
3541
3542
3543
3544
3545
3546
3547
3548
3549
3550
3551
3552
3553
3554
3555
3556
3557
3558
3559
3560
3561
3562
3563
3564
3565
3566
3567
3568
3569
3570
3571
3572
3573
3574
3575
3576
3577
3578
3579
3580
3581
3582
3583
3584
3585
3586
3587
3588
3589
3590
3591
3592
3593
3594
3595
3596
3597
3598
3599
3600
3601
3602
3603
3604
3605
3606
3607
3608
3609
3610
3611
3612
3613
3614
3615
3616
3617
3618
3619
3620
3621
3622
3623
3624
3625
3626
3627
3628
3629
3630
3631
3632
3633
3634
3635
3636
3637
3638
3639
3640
3641
3642
3643
3644
3645
3646
3647
3648
3649
3650
3651
3652
3653
3654
3655
3656
3657
3658
3659
3660
3661
3662
3663
3664
3665
3666
3667
3668
3669
3670
3671
3672
3673
3674
3675
3676
3677
3678
3679
3680
3681
3682
3683
3684
3685
3686
3687
3688
3689
3690
3691
3692
3693
3694
3695
3696
3697
3698
3699
3700
3701
3702
3703
3704
3705
3706
3707
3708
3709
3710
3711
3712
3713
3714
3715
3716
3717
3718
3719
3720
3721
3722
3723
3724
3725
3726
3727
3728
3729
3730
3731
3732
3733
3734
3735
3736
3737
3738
3739
3740
3741
3742
3743
3744
3745
3746
3747
3748
3749
3750
3751
3752
3753
3754
3755
3756
3757
3758
3759
3760
3761
3762
3763
3764
3765
3766
3767
3768
3769
3770
3771
3772
3773
3774
3775
3776
3777
3778
3779
3780
3781
3782
3783
3784
3785
3786
3787
3788
3789
3790
3791
3792
3793
3794
3795
3796
3797
3798
3799
3800
3801
3802
3803
3804
3805
3806
3807
3808
3809
3810
3811
3812
3813
3814
3815
3816
3817
3818
3819
3820
3821
3822
3823
3824
3825
3826
3827
3828
3829
3830
3831
3832
3833
3834
3835
3836
3837
3838
3839
3840
3841
3842
3843
3844
3845
3846
3847
3848
3849
3850
3851
3852
3853
3854
3855
3856
3857
3858
3859
3860
3861
3862
3863
3864
3865
3866
3867
3868
3869
3870
3871
3872
3873
3874
3875
3876
3877
3878
3879
3880
3881
3882
3883
3884
3885
3886
3887
3888
3889
3890
3891
3892
3893
3894
3895
3896
3897
3898
3899
3900
3901
3902
3903
3904
3905
3906
3907
3908
3909
3910
3911
3912
3913
3914
3915
3916
3917
3918
3919
3920
3921
3922
3923
3924
3925
3926
3927
3928
3929
3930
3931
3932
3933
3934
3935
3936
3937
3938
3939
3940
3941
3942
3943
3944
3945
3946
3947
3948
3949
3950
3951
3952
3953
3954
3955
3956
3957
3958
3959
3960
3961
3962
3963
3964
3965
3966
3967
3968
3969
3970
3971
3972
3973
3974
3975
3976
3977
3978
3979
3980
3981
3982
3983
3984
3985
3986
3987
3988
3989
3990
3991
3992
3993
3994
3995
3996
3997
3998
3999
4000
4001
4002
4003
4004
4005
4006
4007
4008
4009
4010
4011
4012
4013
4014
4015
4016
4017
4018
4019
4020
4021
4022
4023
4024
4025
4026
4027
4028
4029
4030
4031
4032
4033
4034
4035
4036
4037
4038
4039
4040
4041
4042
4043
4044
4045
4046
4047
4048
4049
4050
4051
4052
4053
4054
4055
4056
4057
4058
4059
4060
4061
4062
4063
4064
4065
4066
4067
4068
4069
4070
4071
4072
4073
4074
4075
4076
4077
4078
4079
4080
4081
4082
4083
4084
4085
4086
4087
4088
4089
4090
4091
4092
4093
4094
4095
4096
4097
4098
4099
4100
4101
4102
4103
4104
4105
4106
4107
4108
4109
4110
4111
4112
4113
4114
4115
4116
4117
4118
4119
4120
4121
4122
4123
4124
4125
4126
4127
4128
4129
4130
4131
4132
4133
4134
4135
4136
4137
4138
4139
4140
4141
4142
4143
4144
4145
4146
4147
4148
4149
4150
4151
4152
4153
4154
4155
4156
4157
4158
4159
4160
4161
4162
4163
4164
4165
4166
4167
4168
4169
4170
4171
4172
4173
4174
4175
4176
4177
4178
4179
4180
4181
4182
4183
4184
4185
4186
4187
4188
4189
4190
4191
4192
4193
4194
4195
4196
4197
4198
4199
4200
4201
4202
4203
4204
4205
4206
4207
4208
4209
4210
4211
4212
4213
4214
4215
4216
4217
4218
4219
4220
4221
4222
4223
4224
4225
4226
4227
4228
4229
4230
4231
4232
4233
4234
4235
4236
4237
4238
4239
4240
4241
4242
4243
4244
4245
4246
4247
4248
4249
4250
4251
4252
4253
4254
4255
4256
4257
4258
4259
4260
4261
4262
4263
4264
4265
4266
4267
4268
4269
4270
4271
4272
4273
4274
4275
4276
4277
4278
4279
4280
4281
4282
4283
4284
4285
4286
4287
4288
4289
4290
4291
4292
4293
4294
4295
4296
4297
4298
4299
4300
4301
4302
4303
4304
4305
4306
4307
4308
4309
4310
4311
4312
4313
4314
4315
4316
4317
4318
4319
4320
4321
4322
4323
4324
4325
4326
4327
4328
4329
4330
4331
4332
4333
4334
4335
4336
4337
4338
4339
4340
4341
4342
4343
4344
4345
4346
4347
4348
4349
4350
4351
4352
4353
4354
4355
4356
4357
4358
4359
4360
4361
4362
4363
4364
4365
4366
4367
4368
4369
4370
4371
4372
4373
4374
4375
4376
4377
4378
4379
4380
4381
4382
4383
4384
4385
4386
4387
4388
4389
4390
4391
4392
4393
4394
4395
4396
4397
4398
4399
4400
4401
4402
4403
4404
4405
4406
4407
4408
4409
4410
4411
4412
4413
4414
4415
4416
4417
4418
4419
4420
4421
4422
4423
4424
4425
4426
4427
4428
4429
4430
4431
4432
4433
4434
4435
4436
4437
4438
4439
4440
4441
4442
4443
4444
4445
4446
4447
4448
4449
4450
4451
4452
4453
4454
4455
4456
4457
4458
4459
4460
4461
4462
4463
4464
4465
4466
4467
4468
4469
4470
4471
4472
4473
4474
4475
4476
4477
4478
4479
4480
4481
4482
4483
4484
4485
4486
4487
4488
4489
4490
4491
4492
4493
4494
4495
4496
4497
4498
4499
4500
4501
4502
4503
4504
4505
4506
4507
4508
4509
4510
4511
4512
4513
4514
4515
4516
4517
4518
4519
4520
4521
4522
4523
4524
4525
4526
4527
4528
4529
4530
4531
4532
4533
4534
4535
4536
4537
4538
4539
4540
4541
4542
4543
4544
4545
4546
4547
4548
4549
4550
4551
4552
4553
4554
4555
4556
4557
4558
4559
4560
4561
4562
4563
4564
4565
4566
4567
4568
4569
4570
4571
4572
4573
4574
4575
4576
4577
4578
4579
4580
4581
4582
4583
4584
4585
4586
4587
4588
4589
4590
4591
4592
4593
4594
4595
4596
4597
4598
4599
4600
4601
4602
4603
4604
4605
4606
4607
4608
4609
4610
4611
4612
4613
4614
4615
4616
4617
4618
4619
4620
4621
4622
4623
4624
4625
4626
4627
4628
4629
4630
4631
4632
4633
4634
4635
4636
4637
4638
4639
4640
4641
4642
4643
4644
4645
4646
4647
4648
4649
4650
4651
4652
4653
4654
4655
4656
4657
4658
4659
4660
4661
4662
4663
4664
4665
4666
4667
4668
4669
4670
4671
4672
4673
4674
4675
4676
4677
4678
4679
4680
4681
4682
4683
4684
4685
4686
4687
4688
4689
4690
4691
4692
4693
4694
4695
4696
4697
4698
4699
4700
4701
4702
4703
4704
4705
4706
4707
4708
4709
4710
4711
4712
4713
4714
4715
4716
4717
4718
4719
4720
4721
4722
4723
4724
4725
4726
4727
4728
4729
4730
4731
4732
4733
4734
4735
4736
4737
4738
4739
4740
4741
4742
4743
4744
4745
4746
4747
4748
4749
4750
4751
4752
4753
4754
4755
4756
4757
4758
4759
4760
4761
4762
4763
4764
4765
4766
4767
4768
4769
4770
4771
4772
4773
4774
4775
4776
4777
4778
4779
4780
4781
4782
4783
4784
4785
4786
4787
4788
4789
4790
4791
4792
4793
4794
4795
4796
4797
4798
4799
4800
4801
4802
4803
4804
4805
4806
4807
4808
4809
4810
4811
4812
4813
4814
4815
4816
4817
4818
4819
4820
4821
4822
4823
4824
4825
4826
4827
4828
4829
4830
4831
4832
4833
4834
4835
4836
4837
4838
4839
4840
4841
4842
4843
4844
4845
4846
4847
4848
4849
4850
4851
4852
4853
4854
4855
4856
4857
4858
4859
4860
4861
4862
4863
4864
4865
4866
4867
4868
4869
4870
4871
4872
4873
4874
4875
4876
4877
4878
4879
4880
4881
4882
4883
4884
4885
4886
4887
4888
4889
4890
4891
4892
4893
4894
4895
4896
4897
4898
4899
4900
4901
4902
4903
4904
4905
4906
4907
4908
4909
4910
4911
4912
4913
4914
4915
4916
4917
4918
4919
4920
4921
4922
4923
4924
4925
4926
4927
4928
4929
4930
4931
4932
4933
4934
4935
4936
4937
4938
4939
4940
4941
4942
4943
4944
4945
4946
4947
4948
4949
4950
4951
4952
4953
4954
4955
4956
4957
4958
4959
4960
4961
4962
4963
4964
4965
4966
4967
4968
4969
4970
4971
4972
4973
4974
4975
4976
4977
4978
4979
4980
4981
4982
4983
4984
4985
4986
4987
4988
4989
4990
4991
4992
4993
4994
4995
4996
4997
4998
4999
5000
5001
5002
5003
5004
5005
5006
5007
5008
5009
5010
5011
5012
5013
5014
5015
5016
5017
5018
5019
5020
5021
5022
5023
5024
5025
5026
5027
5028
5029
5030
5031
5032
5033
5034
5035
5036
5037
5038
5039
5040
5041
5042
5043
5044
5045
5046
5047
5048
5049
5050
5051
5052
5053
5054
5055
5056
5057
5058
5059
5060
5061
5062
5063
5064
5065
5066
5067
5068
5069
5070
5071
5072
5073
5074
5075
5076
5077
5078
5079
5080
5081
5082
5083
5084
5085
5086
5087
5088
5089
5090
5091
5092
5093
5094
5095
5096
5097
5098
5099
5100
5101
5102
5103
5104
5105
5106
5107
5108
5109
5110
5111
5112
5113
5114
5115
5116
5117
5118
5119
5120
5121
5122
5123
5124
5125
5126
5127
5128
5129
5130
5131
5132
5133
5134
5135
5136
5137
5138
5139
5140
5141
5142
5143
5144
5145
5146
5147
5148
5149
5150
5151
5152
5153
5154
5155
5156
5157
5158
5159
5160
5161
5162
5163
5164
5165
5166
5167
5168
5169
5170
5171
5172
5173
5174
5175
5176
5177
5178
5179
5180
5181
5182
5183
5184
5185
5186
5187
5188
5189
5190
5191
5192
5193
5194
5195
5196
5197
5198
5199
5200
5201
5202
5203
5204
5205
5206
5207
5208
5209
5210
5211
5212
5213
5214
5215
5216
5217
5218
5219
5220
5221
5222
5223
5224
5225
5226
5227
5228
5229
5230
5231
5232
5233
5234
5235
5236
5237
5238
5239
5240
5241
5242
5243
5244
5245
5246
5247
5248
5249
5250
5251
5252
5253
5254
5255
5256
5257
5258
5259
5260
5261
5262
5263
5264
5265
5266
5267
5268
5269
5270
5271
5272
5273
5274
5275
5276
5277
5278
5279
5280
5281
5282
5283
5284
5285
5286
5287
5288
5289
5290
5291
5292
5293
5294
5295
5296
5297
5298
5299
5300
5301
5302
5303
5304
5305
5306
5307
5308
5309
5310
5311
5312
5313
5314
5315
5316
5317
5318
5319
5320
5321
5322
5323
5324
5325
5326
5327
5328
5329
5330
5331
5332
5333
5334
5335
5336
5337
5338
5339
5340
5341
5342
5343
5344
5345
5346
5347
5348
5349
5350
5351
5352
5353
5354
5355
5356
5357
5358
5359
5360
5361
5362
5363
5364
5365
5366
5367
5368
5369
5370
5371
5372
5373
5374
5375
5376
5377
5378
5379
5380
5381
5382
5383
5384
5385
5386
5387
5388
5389
5390
5391
5392
5393
5394
5395
5396
5397
5398
5399
5400
5401
5402
5403
5404
5405
5406
5407
5408
5409
5410
5411
5412
5413
5414
5415
5416
5417
5418
5419
5420
5421
5422
5423
5424
5425
5426
5427
5428
5429
5430
5431
5432
5433
5434
5435
5436
5437
5438
5439
5440
5441
5442
5443
5444
5445
5446
5447
5448
5449
5450
5451
5452
5453
5454
5455
5456
5457
5458
5459
5460
5461
5462
5463
5464
5465
5466
5467
5468
5469
5470
5471
5472
5473
5474
5475
5476
5477
5478
5479
5480
5481
5482
5483
5484
5485
5486
5487
5488
5489
5490
5491
5492
5493
5494
5495
5496
5497
5498
5499
5500
5501
5502
5503
5504
5505
5506
5507
5508
5509
5510
5511
5512
5513
5514
5515
5516
5517
5518
5519
5520
5521
5522
5523
5524
5525
5526
5527
5528
5529
5530
5531
5532
5533
5534
5535
5536
5537
5538
5539
5540
5541
5542
5543
5544
5545
5546
5547
5548
5549
5550
5551
5552
5553
5554
5555
5556
5557
5558
5559
5560
5561
5562
5563
5564
5565
5566
5567
5568
5569
5570
5571
5572
5573
5574
5575
5576
5577
5578
5579
5580
5581
5582
5583
5584
5585
5586
5587
5588
5589
5590
5591
5592
5593
5594
5595
5596
5597
5598
5599
5600
5601
5602
5603
5604
5605
5606
5607
5608
5609
5610
5611
5612
5613
5614
5615
5616
5617
5618
5619
5620
5621
5622
5623
5624
5625
5626
5627
5628
5629
5630
5631
5632
5633
5634
5635
5636
5637
5638
5639
5640
5641
5642
5643
5644
5645
5646
5647
5648
5649
5650
5651
5652
5653
5654
5655
5656
5657
5658
5659
5660
5661
5662
5663
5664
5665
5666
5667
5668
5669
5670
5671
5672
5673
5674
5675
5676
5677
5678
5679
5680
5681
5682
5683
5684
5685
5686
5687
5688
5689
5690
5691
5692
5693
5694
5695
5696
5697
5698
5699
5700
5701
5702
5703
5704
5705
5706
5707
5708
5709
5710
5711
5712
5713
5714
5715
5716
5717
5718
5719
5720
5721
5722
5723
5724
5725
5726
5727
5728
5729
5730
5731
5732
5733
5734
5735
5736
5737
5738
5739
5740
5741
5742
5743
5744
5745
5746
5747
5748
5749
5750
5751
5752
5753
5754
5755
5756
5757
5758
5759
5760
5761
5762
5763
5764
5765
5766
5767
5768
5769
5770
5771
5772
5773
5774
5775
5776
5777
5778
5779
5780
5781
5782
5783
5784
5785
5786
5787
5788
5789
5790
5791
5792
5793
5794
5795
5796
5797
5798
5799
5800
5801
5802
5803
5804
5805
5806
5807
5808
5809
5810
5811
5812
5813
5814
5815
5816
5817
5818
5819
5820
5821
5822
5823
5824
5825
5826
5827
5828
5829
5830
5831
5832
5833
5834
5835
5836
5837
5838
5839
5840
5841
5842
5843
5844
5845
5846
5847
5848
5849
5850
5851
5852
5853
5854
5855
5856
5857
5858
5859
5860
5861
5862
5863
5864
5865
5866
5867
5868
5869
5870
5871
5872
5873
5874
5875
5876
5877
5878
5879
5880
5881
5882
5883
5884
5885
5886
5887
5888
5889
5890
5891
5892
5893
5894
5895
5896
5897
5898
5899
5900
5901
5902
5903
5904
5905
5906
5907
5908
5909
5910
5911
5912
5913
5914
5915
5916
5917
5918
5919
5920
5921
5922
5923
5924
5925
5926
5927
5928
5929
5930
5931
5932
5933
5934
5935
5936
5937
5938
5939
5940
5941
5942
5943
5944
5945
5946
5947
5948
5949
5950
5951
5952
5953
5954
5955
5956
5957
5958
5959
5960
5961
5962
5963
5964
5965
5966
5967
5968
5969
5970
5971
5972
5973
5974
5975
5976
5977
5978
5979
5980
5981
5982
5983
5984
5985
5986
5987
5988
5989
5990
5991
5992
5993
5994
5995
5996
5997
5998
5999
6000
6001
6002
6003
6004
6005
6006
6007
6008
6009
6010
6011
6012
6013
6014
6015
6016
6017
6018
6019
6020
6021
6022
6023
6024
6025
6026
6027
6028
6029
6030
6031
6032
6033
6034
6035
6036
6037
6038
6039
6040
6041
6042
6043
6044
6045
6046
6047
6048
6049
6050
6051
6052
6053
6054
6055
6056
6057
6058
6059
6060
6061
6062
6063
6064
6065
6066
6067
6068
6069
6070
6071
6072
6073
6074
6075
6076
6077
6078
6079
6080
6081
6082
6083
6084
6085
6086
6087
6088
6089
6090
6091
6092
6093
6094
6095
6096
6097
6098
6099
6100
6101
6102
6103
6104
6105
6106
6107
6108
6109
6110
6111
6112
6113
6114
6115
6116
6117
6118
6119
6120
6121
6122
6123
6124
6125
6126
6127
6128
6129
6130
6131
6132
6133
6134
6135
6136
6137
6138
6139
6140
6141
6142
6143
6144
6145
6146
6147
6148
6149
6150
6151
6152
6153
6154
6155
6156
6157
6158
6159
6160
6161
6162
6163
6164
6165
6166
6167
6168
6169
6170
6171
6172
6173
6174
6175
1.713841762818765 0.5149879489510447 0
2.962459773135115 0.4841961125833291 0
0.8182467532806874 0.4922156507447081 0
3.317933979768282 0.4548377255651348 0
2.063793499516821 0.5395364994706049 0
4.19542642369589 0.5226161739463805 0
2.218569971085341 0.3433654329171635 0
3.464182477925591 0.6353105462173706 0
3.486770719876453 0.3107474026285328 0
2.236002046018307 0.6879500394722342 0
0.4752626672178875 0.444360325544864 0
1.022556163193747 0.2948753466878908 0
0.9536809767183763 0.6778606574912435 0
1.02574761995765 0.4763094126887769 0
2.796130594552103 0.3455289554643218 0
1.544293196810641 0.6469494542570445 0
2.751280011169197 0.5229805945931272 0
2.727448029414012 0.7252658457609029 0
1.502708941253752 0.4735397680157143 0
1.478284672652612 0.2737234814150636 0
3.527383175968055 0.4800105933202564 0
2.282268225189757 0.5239288552339507 0
2.534681577507236 0.2237530179053289 0
1.286737588606861 0.7849516022326122 0
3.763053003942515 0.7794405214571646 0
4.042772767201882 0.6588246701881634 0
0.2644329050667973 0.3900632472241557 0
4.043165359424481 0.3951503596561852 0
2.665248076527285 0.2519200328490859 0
1.421807278292565 0.7366865946552479 0
1.930646417862811 0.705208193059035 0
3.181977272171269 0.2942270884471193 0
2.317030708857335 0.7691381860801865 0
3.567271713808677 0.2305803039482538 0
3.947005592517651 0.5321730011914155 0
0.6609478570895149 0.3164493700707615 0
4.5616709483305 0.5078315442768887 0
1.166951832283073 0.7672708541251048 0
2.468572437438245 0.2578799952097025 0
2.333340956353236 0.2814604513665514 0
2.348812286444804 0.6526913222562893 0
3.599061425572451 0.3476761513739596 0
2.672506476095222 0.4293417820780542 0
1.427439637701585 0.5642731355841252 0
2.963138590206837 0.2832406285868159 0
1.71223914086603 0.7152670265088361 0
3.585979108903816 0.5647097115497028 0
2.338417305255009 0.4440149621723621 0
0.8363682868905296 0.2771612082864855 0
1.09051777019387 0.5452794977048019 0
1.088542377710476 0.3911213400486257 0
1.078367990929285 0.2269336942542575 0
3.314546603589877 0.2439503197157429 0
2.063479128271715 0.7550297949450295 0
3.605361230005421 0.6486599427995177 0
3.644513390390566 0.7546186437507076 0
0.4313324759256227 0.2746257627721561 0
1.88517946491031 0.3867458513276238 0
3.113744004118665 0.6195767556997365 0
1.240178139873672 0.7389833187927664 0
3.71254781018096 0.7334267804006112 0
2.653417758406068 0.5165941860280688 0
1.405133702059419 0.4806828013782588 0
3.939092985205025 0.2616171218867238 0
0.6227398781826716 0.6358717218522645 0
1.110011370935618 0.640652396291761 0
1.388079701382184 0.3946106072881576 0
2.637432154670937 0.604137187019247 0
2.622587800769993 0.6771791514749208 0
1.372891413598432 0.322187110696315 0
0.2508023383371052 0.6535899547845483 0
3.911075466018353 0.595872175496825 0
3.920203055803261 0.4132637980559404 0
2.61972365767929 0.7567164058447433 0
1.369904078934533 0.2429600394650526 0
3.931057607175469 0.7701864146896432 0
3.794457521998594 0.7324291358549111 0
2.464169339483061 0.1879857932868253 0
3.149852370970262 0.4720252315484887 0
1.896381244308829 0.5312385574142156 0
2.370097842295374 0.5579251952884339 0
3.621783237090886 0.4451063377101702 0
2.530114518762504 0.2774161264637525 0
1.110325306027361 0.4750704600449844 0
1.341339582875226 0.7381571121316106 0
2.6329895432236 0.3608466780961989 0
1.368344295453351 0.6437210345046883 0
1.53688842475528 0.7605181648374024 0
2.796861541706048 0.2343501346326125 0
2.216698507647358 0.7900123343565288 0
3.467173753404351 0.2093523799484197 0
2.17750482370888 0.581614695241258 0
3.429865252537457 0.413474124942654 0
3.613063260652085 0.292406221491854 0
2.36286788277844 0.7076283903705971 0
2.077968447685606 0.3685993474302295 0
3.322581907099154 0.6487118209628246 0
2.36052060658762 0.3530244991878822 0
1.373133971150484 0.8104401460485451 0
1.025662812103574 0.7431631986559286 0
1.830032726560929 0.7638383434402325 0
3.080423093692829 0.2359491360968285 0
1.252666204296779 0.8340583259512142 0
2.597324504757783 0.2961985690841215 0
1.123325495414492 0.3353510265825072 0
2.965346548426854 0.6964022082729163 0
1.721286039448613 0.3008445656582436 0
1.135645609702988 0.1809021316317981 0
1.828305689167351 0.6166531649053514 0
3.079188982882533 0.3835352492924476 0
2.387645445415866 0.2023964327612729 0
0.5441555706574017 0.2199124131358649 0
0.3386006430487893 0.2108714893710536 0
3.464122603222458 0.5146257843184564 0
2.206722932257901 0.4709054899484391 0
0.935109989284965 0.2082040449904263 0
4.368381060733402 0.3424359998792659 0
0.6485431760340536 0.4680058034771962 0
2.613313409476063 0.1850133975263393 0
1.285829476996833 0.7261738085633385 0
2.379151046246975 0.8043398967106045 0
3.629243658674063 0.1955762858842965 0
1.29937498146641 0.8391045477898584 0
2.379957323680221 0.4936617530838308 0
3.638284550365632 0.5205568562476949 0
4.376430584426358 0.6764963801448314 0
3.744000437782305 0.8404507070059012 0
3.82560466580216 0.8301108644653783 0
0.7963462668725581 0.59120342269726 0
3.879375438181088 0.6588792112938743 0
0.9339338358716855 0.4055823578592286 0
2.520606741397206 0.1672988368254915 0
0.7248266413530673 0.2174768640520501 0
3.276631383774983 0.3536218329376574 0
2.02412199815876 0.6443329928504935 0
3.895554599575631 0.4987060831051767 0
3.22147566223339 0.2110470204593834 0
1.970778983778448 0.7884806183303209 0
1.35882563610457 0.5451799017161391 0
2.605792981016345 0.4524578496479651 0
3.883927416564598 0.363032622997134 0
3.644102081429037 0.3979735626689528 0
2.393413556250506 0.6031935645614179 0
2.123319612264835 0.6730828747673735 0
3.375052920100384 0.3246320049985343 0
3.542710853681332 0.717509001457332 0
3.874597674984597 0.2063128963983031 0
3.85746284271385 0.7163401298028255 0
2.829223224669742 0.4525387075617611 0
2.877885301650724 0.5709871675140525 0
1.579825855074818 0.5434389762320274 0
1.630076677576706 0.4271136312642015 0
2.255194722529509 0.6110365730219912 0
3.505856654378294 0.3871536525564437 0
1.022376158214507 0.1921268435758524 0
1.148445775029029 0.4127348351324109 0
0.4536324143955532 0.6439154747091884 0
2.396918711469445 0.2856299103059819 0
1.145560583961047 0.717339988797557 0
1.642863649862409 0.7827307734595277 0
2.894850105414578 0.2152395333290126 0
3.874297237893658 0.3013548655062568 0
1.152417858877103 0.2703015835325764 0
0.1470985248402679 0.2765309079876686 0
2.719411922006406 0.1890817116791792 0
1.136093946800412 0.5766372656898265 0
1.137375716120446 0.5237454950293345 0
2.585615406784184 0.2471590155900786 0
2.395441843142421 0.4053010588801858 0
3.650158850640417 0.5933221346181093 0
1.463935026323308 0.8153764342196881 0
0.7617737450895796 0.3753983665667002 0
1.237657770878388 0.7791060457565711 0
2.622179672942285 0.8000015414890609 0
1.372309793259415 0.1997928970437143 0
2.113086237140146 0.2508807380973511 0
3.420060252186899 0.7582823233892955 0
0.9315061389686792 0.5436136160291009 0
2.495909801692926 0.2896666917692968 0
0.1384461465201374 0.7313783198111387 0
0.5495801162062541 0.3272104413360851 0
2.712062992438268 0.3396533940117699 0
1.457960105249562 0.6469653992982435 0
3.682899134856975 0.7920278802396366 0
3.643100943235526 0.7166375206886306 0
0.8335740824951756 0.185775268762749 0
1.65714299886765 0.6510080954412387 0
2.908118555936102 0.3460477862848418 0
2.606915413055247 0.54069225506024 0
1.357818592247745 0.4579552641957955 0
3.542671111748811 0.3073790034987564 0
2.29229964692503 0.6921137996439927 0
2.505619417653747 0.2433231846448954 0
0.8631033874047784 0.7600115479074938 0
3.381958547083914 0.1841216484033364 0
2.131446174772421 0.8153032973998713 0
3.513265573850966 0.6084640510742635 0
1.966718705140376 0.2184053372498356 0
3.224240539375625 0.8014829828926463 0
4.227751986881369 0.2797503107015912 0
4.240410297050707 0.7396557211165824 0
3.863598448470188 0.5640549221597091 0
3.868315668791695 0.4515505357811337 0
3.869114498494866 0.1524021523646092 0
3.238523844141247 0.5431434839396094 0
1.971763575848438 0.4467561412634424 0
2.720870458468552 0.6522063359272506 0
1.471888522964963 0.3462765109086233 0
2.298609258660008 0.3734766827338865 0
3.741381806638642 0.7159149855653304 0
0.9923549279103212 0.3885350439586525 0
1.511457458196636 0.5407474279172126 0
2.760276751675539 0.4538258684643631 0
1.201489360162802 0.700912905862636 0
0.9335976598561062 0.3006631049026727 0
1.743433917692794 0.8095984930476946 0
2.993427334205088 0.190400014437398 0
2.596031051549399 0.6198882703398203 0
1.346320507493813 0.3794977128766011 0
3.646885804966409 0.6531338559059673 0
0.5983924552827535 0.2124385921745337 0
3.151319699811181 0.1982094129769313 0
1.901319690335236 0.8017905849002869 0
0.4370070981334928 0.2012861208319069 0
3.520165818209618 0.540090988946741 0
2.273938578149745 0.4548393735917962 0
1.825538599297183 0.4355923057420835 0
3.070198673801181 0.5684480508915535 0
3.647497794568804 0.3417799330862211 0
2.397241796524207 0.6586168950988445 0
2.286413615664443 0.8351274774143097 0
3.536582981421354 0.164653222820925 0
1.144159468807912 0.6458410746252625 0
2.172146925702553 0.7311718345822574 0
3.423102707864255 0.2675139786517137 0
3.816876659583638 0.7759627717694935 0
2.445345056588904 0.2960092808379102 0
1.343341883057753 0.6743538314997231 0
0.736064429179988 0.7512518206589487 0
2.60427538660898 0.4188378356559271 0
4.733242495425404 0.6705575662651841 0
1.072317443959525 0.3056425655048929 0
1.359275778634037 0.5784603910343995 0
3.638640558845345 0.2451855690942752 0
2.388524369735067 0.75478173175216 0
2.21837428003041 0.2720067749568265 0
0.5580104717099934 0.7893681088597451 0
3.250751625309046 0.420137232555286 0
1.996707324506974 0.5773486624353339 0
2.104038995208264 0.4344354701229973 0
3.354641497479356 0.5624841830168266 0
2.596379836126935 0.6901756655657638 0
1.346536866598681 0.3094500934536349 0
4.034960874186093 0.1911373277770859 0
1.608541164525702 0.7117976573942739 0
2.861385460569905 0.2839879419030737 0
2.735536158651422 0.2561422278801193 0
1.483543276309544 0.724825196231215 0
4.358817651591035 0.5123852816415945 0
4.710614707437848 0.3450032853785731 0
1.14619221268715 0.371923257756502 0
3.651166681889585 0.5525283351356215 0
4.108597284595699 0.5801632593783028 0
0.9981252119017614 0.5627963875557489 0
1.028431490352681 0.6239101586702951 0
2.595896636779815 0.479088620115246 0
1.347703344249955 0.5192372192748772 0
1.151713454623114 0.4715112220300315 0
2.581160113146441 0.1810376792154086 0
2.577505735875196 0.1467955140551512 0
2.388563940488303 0.4493442346277589 0
0.553358029746932 0.5508553667829587 0
2.033549365289175 0.8120054305302091 0
3.28414216606841 0.1874790911943613 0
4.047443451936518 0.8003733284655341 0
3.25075302077631 0.2752178025754819 0
1.999372094074995 0.723786424070342 0
3.573001620340482 0.4122202992083512 0
2.322866062396719 0.5890317086229451 0
0.3867813361619739 0.7805967331798604 0
2.403731058195876 0.5472671235905205 0
3.655780462405879 0.4550070748761549 0
3.064529773480787 0.729387008403083 0
1.830950187445335 0.2612618406531076 0
2.480505121838568 0.2156324430587611 0
2.496416269153063 0.1611226143397654 0
3.349654618052254 0.3877923555583563 0
2.096905046430587 0.6085679859141816 0
1.335322040342848 0.7822521171189665 0
1.351511016911743 0.410411856886375 0
2.601050452246306 0.5887382502220737 0
3.760890136496919 0.7462635670095997 0
0.3474047654141179 0.5762131222221603 0
2.268413605523839 0.7664319923548636 0
3.518802368871721 0.2330330467940194 0
1.148934107483973 0.2205837867349755 0
3.71143160266984 0.7055552494812394 0
2.329264638072492 0.4903121130622857 0
3.584074338103404 0.5152938880348619 0
1.069380852330647 0.1811621482496756 0
2.596658856901745 0.3598504037624831 0
3.637212141668408 0.8113538622488656 0
0.752435363322181 0.5208117147010587 0
2.300395887395968 0.201179992468086 0
3.636333063409156 0.156053319547659 0
3.584594325237948 0.1579793965880001 0
2.386282545669857 0.8438937152921383 0
2.33449607977022 0.8419034106986489 0
0.8544106580973387 0.3623714994491876 0
0.7497514256446534 0.2945735109381391 0
2.398054035398618 0.351897707619543 0
2.134396642420017 0.506123001519565 0
3.388997094664625 0.4875929345433442 0
3.726223583323733 0.7711166949718642 0
3.960586379813717 0.6730138477460058 0
1.198087229462144 0.813299695840081 0
2.977201171339252 0.3580903652906693 0
1.726748254515649 0.6405677507159531 0
1.257818599367819 0.7051142659455851 0
1.40011561394486 0.6840110142226753 0
3.970689196873848 0.3502488073246437 0
1.346237083757682 0.3421038768691972 0
2.596029968610325 0.6574234638896327 0
2.56946846874644 0.3020257321941215 0
2.86533432344985 0.7683083626458763 0
2.747506111938931 0.7946758851905937 0
1.617363580968556 0.2301783311983052 0
1.498167443038628 0.2046592883527618 0
4.571702063999451 0.6694790244455893 0
0.6000166544930523 0.3828657363452661 0
4.55706740740148 0.3453719137285808 0
2.704748053512478 0.4770680809253194 0
1.45692727794973 0.5181937736776511 0
1.16450808955827 0.1434578458766232 0
1.896014545965413 0.5957394228648776 0
3.148284305627133 0.404744728025666 0
3.789772041768331 0.6963572221223636 0
2.227995632053785 0.5199120923546142 0
3.480056108924072 0.4674077346312411 0
2.648127863541419 0.310203421439919 0
2.687737192855587 0.5724211471499062 0
1.438910920266883 0.4253622905584488 0
1.332990344875933 0.6454896146226502 0
1.850375050582819 0.7031521930160456 0
1.796493517478547 0.6752697112801199 0
3.101243524320259 0.2965493361179311 0
3.047183480971888 0.3242293823970849 0
1.273398606203125 0.7582271920042322 0
1.31479058605039 0.758357390888339 0
2.514457700307296 0.2932333145399659 0
3.869548457389268 0.4115447949277008 0
3.864640954637056 0.6043664420083505 0
1.269663030905195 0.8645117748510749 0
4.857061937390126 0.729532652183449 0
1.805856320106718 0.8322643014074184 0
3.055852607881837 0.1677366810882077 0
1.17525658968564 0.3034318996288904 0
2.624904573133216 0.2700408225200285 0
2.211432898129033 0.6282194541719747 0
3.462713385453554 0.3690773137423153 0
2.452184283102874 0.2294365945387079 0
3.677754980517109 0.2994798028291851 0
2.427678257059243 0.7006063858899797 0
3.840105379280287 0.5039160617715372 0
1.166281956528343 0.5504832703749607 0
1.034245970986836 0.2405878917365933 0
0.7939214025724104 0.1665427115214974 0
0.3762744587627633 0.3693605124526038 0
4.138068035717868 0.4067312528227428 0
2.835346520415837 0.1705050564323946 0
1.583019506654013 0.8283243389441189 0
3.997825932673101 0.6021479067653617 0
4.038697392863446 0.477321207430366 0
1.066292336899613 0.4382543710741382 0
4.848973771486191 0.2448427692954855 0
2.802833949528758 0.6582886477374059 0
1.55456079476293 0.3399772856023474 0
2.583299398101072 0.7543701819867029 0
1.333376267534078 0.2454750702834809 0
0.9536132108906479 0.4616658896683817 0
3.786344328024881 0.7560425678889577 0
2.126637272652385 0.3806025220221781 0
3.381986834349604 0.6195194564315648 0
1.379035350886352 0.7678019945380734 0
0.8785391818476056 0.1589125237871281 0
2.272300414363873 0.6668828892800793 0
3.522791759730077 0.332246683167889 0
2.423985425409102 0.1559719278979744 0
2.748819192517089 0.38083306899824 0
0.9748390028628511 0.1664587969574398 0
1.194146091994334 0.7308465154198602 0
1.4987314210253 0.6102359015521911 0
0.2089669326046626 0.5146529702371658 0
0.4912110641590388 0.1632771689413215 0
1.280924490943433 0.8179509730587218 0
3.068234256623404 0.4768641118532125 0
1.818628923401435 0.5250562589469083 0
1.070894984038202 0.5113902346152347 0
0.2664470112458028 0.1707794624860283 0
3.832698937154222 0.237079165844537 0
3.604850501957097 0.5935371920190311 0
1.953311668042817 0.6296143073446971 0
3.205857453993295 0.3694452767730732 0
0.985601477289999 0.2414521459282765 0
1.021603896551232 0.680764788371142 0
2.960833212716601 0.5805401753339441 0
1.714644549527633 0.4186552814741349 0
1.317545859630883 0.7012178544044356 0
0.6096984099511362 0.2719160308000244 0
0.3884258008719068 0.1578482946355705 0
3.447099169459811 0.1591973807890087 0
2.196813468803474 0.8404488142857829 0
4.165878951761357 0.6391565500414769 0
1.050877916898476 0.3516638565083037 0
0.8832087434785341 0.5965648651082595 0
3.671087395052973 0.630314832327439 0
0.7880467473577677 0.2334164393983288 0
3.474248288909085 0.7270179872192647 0
3.674997675147916 0.4292253050661463 0
2.424229641163885 0.5717030338717083 0
2.349113424908285 0.7462678824351088 0
3.599307121091062 0.2535931166224619 0
2.419420344825206 0.5157887865825956 0
3.672599476191139 0.4857548158513848 0
2.273216031108318 0.3192966987560827 0
3.783503550837582 0.8237938365522779 0
3.844274070470044 0.3339844021856551 0
2.333562560337601 0.6882255750907366 0
3.583799338380014 0.31171802035942 0
1.301908399092763 0.8022315998984522 0
3.913158505941772 0.7065806905163521 0
1.222737317069994 0.8545309245722662 0
2.347902801500899 0.3893861449200064 0
3.692222451220646 0.8508173090939426 0
2.41626532904052 0.7949701348789673 0
3.66631625237019 0.2050015739180046 0
1.521881517096356 0.8438815718898178 0
3.585446669980036 0.689053542541969 0
2.05220458550698 0.7022974032626434 0
3.303844296114196 0.2961649264381314 0
1.165875656627109 0.6200230912864999 0
2.765746807593489 0.1564655660650792 0
2.51611923130211 0.192750075366752 0
1.173376449344247 0.6786254942712874 0
2.42044078469683 0.3201289036808522 0
3.179608165888742 0.2349723773487016 0
1.92890299310849 0.764667235192956 0
1.573896800383043 0.4797450362447402 0
2.822570020994276 0.5172148524295483 0
3.482940301967842 0.5637490209422643 0
3.945852970949307 0.1922340991600106 0
3.715872437396913 0.8103378498121085 0
1.162020178200219 0.3390555862054607 0
3.511607660741459 0.8005273688769962 0
0.7283223438345345 0.4431258234924463 0
3.835036827086811 0.6576487422898198 0
1.172004011009773 0.4914512541240282 0
1.170119348507268 0.4415248600497852 0
2.530374649258374 0.248156006870076 0
2.576223859438503 0.450686149559276 0
1.327954220380095 0.5481838510873248 0
0.5384557691585541 0.1654294328343849 0
0.8460611319446014 0.540582306210267 0
3.970779108064373 0.4152569837286397 0
2.250088603171528 0.397064309892288 0
1.787397728854689 0.3520677209168953 0
3.028483896194652 0.6466645915938662 0
3.555449152168443 0.6591441787143761 0
2.41966881086517 0.2391666574599703 0
3.174620220812238 0.5658908125988731 0
1.913397094497425 0.4536731470057001 0
1.093770060332153 0.5927084042907913 0
1.697533928941859 0.8337050824449702 0
2.948136110516169 0.1656772244545713 0
1.406314889787306 0.3550386033163418 0
2.655715553755149 0.6438467940493631 0
3.231186234946238 0.1586016205832638 0
1.980834116823287 0.841131386071708 0
0.6685474623634162 0.1587684033955985 0
2.418326296100321 0.3746346455005111 0
2.652815885275947 0.2069320201853593 0
2.679583235845637 0.1546381534712123 0
3.669032817271783 0.682030592278328 0
1.43106402587996 0.7975885187715192 0
2.806172490883507 0.288304257881517 0
0.8778625306613765 0.2256216345834078 0
1.552315981544471 0.7041796383376756 0
1.407438541777247 0.8422606274423186 0
4.263045468947276 0.6173877722223364 0
0.2558258717221338 0.7900205143904753 0
0.5034445066528936 0.2804944364272902 0
0.4770326625531549 0.3442895762300471 0
1.089750341973069 0.7322818164610034 0
2.640874110395879 0.3926308093094781 0
0.9718444236285331 0.3384136194477414 0
3.757845205852076 0.8766140467381943 0
3.770947317150131 0.8575658439108393 0
2.406340599409778 0.8203590497401327 0
3.656390481358758 0.1795978320868815 0
1.980995604295902 0.3724993402194455 0
3.218698453923929 0.627409602297309 0
2.697366601994126 0.2234372043441171 0
2.420014211604451 0.6316042577760701 0
3.670275999877004 0.3688197462202851 0
1.400902043624039 0.6062428524459289 0
3.767555952972486 0.6899223496890278 0
0.6642387801498755 0.3898025946131285 0
1.145816736515584 0.8398805320718306 0
3.831165073426837 0.4723133113151914 0
3.831347023083689 0.5285618577742262 0
1.174484508158777 0.5899630946148144 0
1.171788027545966 0.418979215964257 0
1.661584573162829 0.5822636659928253 0
2.911508996909404 0.4152291146395737 0
2.04670201646972 0.5909613847362863 0
3.300153963553093 0.4055111897382915 0
1.117628774173079 0.300150469245149 0
2.53104324311225 0.1400034492278129 0
1.172181321158326 0.5177324558826433 0
3.482870994422882 0.4283765682171247 0
2.23193379311726 0.5673036240473944 0
4.320599025444122 0.2393940885630033 0
3.583439456114128 0.4666112857708993 0
2.332341028698908 0.5375981052478239 0
0.3327314570142543 0.1629707246654332 0
0.09375759590797283 0.172978980073086 0
0.9524975154662596 0.7497111053635929 0
1.173342279421927 0.1747234055736415 0
1.285829391981932 0.6974386463154136 0
2.017749533915496 0.7707174091431388 0
3.268678309652589 0.2285282218073842 0
1.54522965060625 0.5838928932885904 0
2.795149378743837 0.410223368067309 0
4.255310432492506 0.4131574068239335 0
4.327907111651372 0.773567801807636 0
3.635609332646469 0.6246393241650213 0
1.456698713978242 0.7629912635959728 0
2.804766084542497 0.5719553522505098 0
1.556369886820992 0.4255568763353846 0
2.657906545125475 0.4696527356472531 0
1.410876953962471 0.526330511810245 0
2.580287456339081 0.7215907577670181 0
2.581210411616542 0.7891918671397475 0
1.331265366803651 0.2107127016730923 0
1.33037226244777 0.2782205165378515 0
2.121359429556203 0.7698310363304901 0
3.372204622228522 0.2292021590185719 0
2.496137301663386 0.311444923565449 0
2.362213099068616 0.5883822778708478 0
3.613002259345819 0.4134070348359659 0
2.22981718279513 0.7419837273651028 0
3.480443210599807 0.2570992889586668 0
3.672096922938648 0.5170103846820052 0
2.562748758334042 0.2728292849947798 0
1.241199799141752 0.8746833679742603 0
4.439223091571066 0.238238676265343 0
2.41323187847347 0.4784268716518238 0
0.6629069783456687 0.7907707280933571 0
3.89946992405443 0.5574298132460248 0
1.351298505541465 0.8586891767235055 0
1.772883701843944 0.5744388964951629 0
3.022757058566807 0.4255231830930343 0
2.181049168183101 0.6712296274400475 0
3.432383941793147 0.3265879124479805 0
2.153370553828021 0.3137505976929622 0
2.577318295988372 0.4205636578996842 0
3.912406922497019 0.4587334240762693 0
0.6596028177883602 0.5635293586118598 0
1.177062784857214 0.2777332535651988 0
1.330198749070692 0.5781096666786374 0
3.835806362054488 0.3002558387382138 0
3.835502094295928 0.3704505327739691 0
2.359012387982466 0.5124915797401074 0
3.612600171685513 0.4947791804952869 0
3.609371021327534 0.5438718860265178 0
4.449521471022513 0.7738141732926598 0
4.135524627569054 0.7181220761325253 0
3.741202382703597 0.6879317410072159 0
2.572072932607075 0.2100677465974171 0
0.5635127852589463 0.4494057082968556 0
2.36087323968527 0.46916229256439 0
1.389887895710056 0.4370612103277294 0
2.638884556841222 0.5612102133555195 0
3.17088971848053 0.1529156923709604 0
1.920685688433845 0.8469518757674004 0
2.662100914147609 0.3463301282968136 0
3.674694239006372 0.6046224716641089 0
4.737154786003497 0.5030005831418096 0
2.574716169700953 0.3317907392996543 0
2.606616989776077 0.2271417540550893 0
0.1865385357580474 0.1613215902225971 0
3.82654143569978 0.6901664559024425 0
3.688483163948359 0.7541535746054515 0
3.837460503135187 0.2682294056219983 0
3.832880343641696 0.1730608156083638 0
2.14244633441795 0.6281975654752071 0
3.394555388840538 0.3685005165930761 0
0.7208479107050394 0.6347441746372369 0
3.626781271553957 0.3679071230766767 0
2.376378490213894 0.6328406258174288 0
1.405422755433415 0.6454073726935589 0
2.974189130358682 0.7844807396010596 0
1.727614369630384 0.2120334017156231 0
4.156151549169797 0.8182284964961617 0
2.422878339284546 0.3966039560228783 0
2.250154112877125 0.8464640136472816 0
3.500343479449238 0.1532895823043334 0
2.419621084190592 0.766624168867845 0
3.669678731881867 0.233370145751903 0
0.4460855580181926 0.5435222700766854 0
3.916512191306598 0.3166789118799043 0
1.866260650391125 0.1971835594655316 0
3.12927140676035 0.7843264590479799 0
3.998085605504602 0.7317713789994773 0
1.623988136142238 0.5028623156158181 0
2.872753087228479 0.4945630626396149 0
1.111079043749573 0.7895756796744664 0
2.112670404577354 0.7268185527781164 0
3.363906183545148 0.2717306180379869 0
1.169795142373802 0.3906341496611557 0
1.309242606577799 0.8674762220290813 0
1.053982700951592 0.1436835274235753 0
2.491994861130296 0.1870839818216706 0
1.092692861157444 0.3529321752126964 0
0.4804417524110378 0.2296163846745917 0
2.466503194453872 0.1569517885191937 0
0.6611867473427975 0.2223145128807434 0
3.672506027032156 0.2640039244994996 0
2.422439054655254 0.7360289463952314 0
2.027373373694283 0.4652306746265297 0
3.284281014735408 0.520605722355528 0
1.229899833657793 0.6860045575322367 0
1.141164023691505 0.4450520421786071 0
1.102055009094793 0.4287394702656762 0
0.3685317890728226 0.2897044202168738 0
2.468611171366761 0.3126414173578433 0
2.576861952649184 0.3901789449535369 0
2.571483642674595 0.8196928225915776 0
1.321510564970243 0.180267267052474 0
1.332013807429946 0.6097818310262079 0
3.676451986078341 0.334680294438235 0
2.426329858701592 0.6654998343159833 0
0.9979554603018093 0.440706413548248 0
3.357244804814425 0.7257283717538128 0
1.423083319249455 0.3814012816063519 0
2.672249295285721 0.617092240423056 0
2.609298979226004 0.3321302744407958 0
1.107405375316648 0.147414260405665 0
1.266436896908761 0.7958039593287544 0
1.078534735717939 0.6797509367680816 0
1.416815442884684 0.2649088631005208 0
2.666377929973244 0.7344320018184006 0
1.142673443683711 0.4925343573321236 0
1.104629753061178 0.5116496270341235 0
1.13180217988454 0.6208480564794508 0
2.582717837390919 0.5053083543650151 0
1.333654550784036 0.4936609376101325 0
1.350887990611875 0.1570444300868287 0
2.600856794272958 0.8429342467423431 0
3.671761432290352 0.5748230776975911 0
2.618073210907638 0.1467379733766401 0
1.171861435796471 0.2461208366792242 0
4.439167610896515 0.4238775250154461 0
2.41794577515168 0.4284521685067655 0
2.277499365087069 0.5706627403636959 0
3.527222825598218 0.4283963904070002 0
1.690523734668135 0.7724394951943176 0
2.941610812152857 0.2262034428697545 0
2.187411162503455 0.407763979904587 0
3.821218277113611 0.7347848477081361 0
2.313967725292666 0.4186241147054111 0
3.57325422675437 0.766260554348273 0
3.831611780081284 0.5566640753688672 0
4.444451368666013 0.5952228820912996 0
2.542909821660658 0.3063253765699073 0
4.01312618102419 0.2761777822646644 0
3.83222091323723 0.4521326562426273 0
3.566523310718576 0.282587846464104 0
2.316233914612364 0.7171187021200615 0
2.854919970148623 0.3474026215741819 0
1.6034930411425 0.6478897758336426 0
1.440041240110236 0.6995715147917482 0
2.053734963281094 0.3090732527645896 0
0.5521736578183318 0.6518606716962841 0
3.634934570937867 0.6788674190354131 0
0.8791087748533635 0.4241426229890374 0
0.1678551982139465 0.8106285538600302 0
3.003334768976215 0.1477190178491357 0
1.753318327573164 0.8522541168324987 0
1.868155823508418 0.8466194815037922 0
3.118234206641283 0.1533397539107928 0
2.688663459879986 0.2884444715297277 0
2.900357756285582 0.1631424549816362 0
1.649134056235382 0.8358358034428401 0
0.7998549564806292 0.3274191537005909 0
0.7941398065040026 0.6862588135366859 0
0.7848091677844109 0.8113466149361614 0
1.17886893687376 0.3672912510137706 0
2.574134938663438 0.4774051780483486 0
1.325221907182629 0.5216834420539452 0
2.329265735898576 0.3276180360072227 0
3.829333150947419 0.1356917676167199 0
3.826882095963254 0.2009223659919073 0
3.435952475805375 0.5895269247709914 0
1.047951783075946 0.3982670617723335 0
3.33996623042057 0.1992344537419848 0
2.089299187695745 0.8000792050212504 0
3.54986659837908 0.5716973019087146 0
1.893877821160956 0.7479136406597902 0
3.144575348372834 0.2518113167576678 0
2.374592320318449 0.679053512175791 0
3.624817446230297 0.3211895247018011 0
1.37420751412696 0.3614749152331498 0
2.623781636321243 0.6376791601843883 0
0.2896655696493053 0.2564243392707765 0
2.57874837355107 0.5356425043047878 0
1.329296297997045 0.4636152136349873 0
2.370497063380355 0.2423158012216667 0
4.113438682459731 0.304314404252012 0
3.58822550692795 0.2033601271043398 0
2.338063857376936 0.7964629498141803 0
1.769824751886374 0.73969813118629 0
3.02035486971902 0.2596860264112665 0
2.485798841435034 0.2387557119083057 0
1.365125488901067 0.2852650004697199 0
2.614899259448238 0.7142986061911903 0
2.697141944633807 0.5230723730860056 0
1.448788265544766 0.4736742578189376 0
0.9561786392129528 0.8229400102618182 0
3.830584194678357 0.4260926880341706 0
3.827961574649541 0.5854723199258473 0
1.178763010910692 0.2069572649712201 0
3.676341329649903 0.7125566036439714 0
2.574682973569331 0.5925758418551041 0
1.32489096357743 0.4070254718056943 0
2.398459669227398 0.5682628481549589 0
3.649845435952602 0.4336379301310875 0
3.337082452868544 0.1463912094943937 0
2.086783282733258 0.8533075204996101 0
2.585185031346295 0.5608443956882553 0
1.335638453270925 0.4384272920387408 0
2.853390975495066 0.228666386647569 0
1.599635385010617 0.7680485951092193 0
2.385431490438257 0.3335444454291148 0
1.124531479984426 0.394269946899728 0
2.43128707091888 0.2697136916736144 0
1.126384314429002 0.6685154631398866 0
0.9657808466046225 0.6033436056024126 0
0.9848926126747186 0.516677732370493 0
3.555433870142294 0.1379871044860514 0
2.305348440502838 0.8619052742005086 0
2.243857129490297 0.6496565006522588 0
3.494638675571351 0.348785581328535 0
0.8230846594824344 0.1414344105170429 0
0.3907362096777032 0.2197391478012387 0
3.333548129105594 0.3427509671489091 0
2.081360911928327 0.6547725553313855 0
4.567102929280693 0.209417160790708 0
4.601407679904828 0.8126433701256686 0
2.427646165337941 0.2010080771101497 0
3.665266735713883 0.1368584362406436 0
2.41524907861456 0.8631233998388462 0
3.667687515834802 0.6550582052144234 0
2.388229660810489 0.3751349930791686 0
3.966553923978417 0.8200011317911808 0
2.387995352177207 0.5273523512164231 0
3.641597463361053 0.4769021746654558 0
1.545905426514461 0.5083311259864993 0
2.794780263236128 0.4877101265461114 0
4.11655200495808 0.484586765551095 0
3.543943671007613 0.2102596959238705 0
2.293680280777702 0.7893999992740089 0
4.135643759228905 0.1954594275322645 0
1.255951111341712 0.7278598754620043 0
1.31182780720653 0.7280302985382687 0
1.240302449059895 0.7557704634919395 0
0.5995566090517179 0.3311614117369842 0
3.5038794418374 0.5132851444295171 0
2.261022859917757 0.4959719285030524 0
1.165909521553821 0.6472429817688707 0
0.8820750021649217 0.6714281918630948 0
2.580737975289964 0.6743670973177068 0
1.330853714481403 0.3253545557331903 0
2.579770987117217 0.640957948518549 0
1.329928696156444 0.3586924654476416 0
1.100287967382471 0.2102829411210744 0
3.265509471066574 0.4716552194530214 0
2.00956572368296 0.5229719752848152 0
1.469810394359826 0.84981904403432 0
2.726264871317996 0.1345872608870342 0
2.317339380170527 0.462084273079907 0
3.832290114460274 0.3975351757420089 0
3.825742005499007 0.6220975099892143 0
1.493851846864008 0.7971770520824557 0
0.877949283584301 0.3059876151594721 0
0.809718532082764 0.4256602056331334 0
2.569389056918617 0.6149671816504135 0
1.319522132432132 0.3847579828044871 0
3.769895296399393 0.7183269893551246 0
3.630229198373204 0.5709408552829501 0
3.557651503048732 0.3627301636571835 0
2.307551796639558 0.6372219712278536 0
2.07781221388915 0.1861850658266462 0
3.329880571724495 0.812532765138636 0
3.879441063741141 0.8209823830148182 0
2.716694086539159 0.4256690447006106 0
3.609923085346047 0.1346791237224159 0
2.359877889059587 0.8652689685078485 0
1.333811164297999 0.8176077356410447 0
1.469036823731803 0.5668016621343699 0
3.420622336854809 0.6732837287896966 0
1.432064162607749 0.1927049737861861 0
2.681775441648786 0.8069273535430088 0
3.519366545994628 0.2829880178677512 0
2.268876830917489 0.7162791662062745 0
2.500197605404399 0.2670019582034348 0
2.664131341137562 0.6758036763027706 0
1.414709309255605 0.3232261473628718 0
0.9452494395995448 0.2501374674274256 0
1.257983889803232 0.6840267377832724 0
0.4411146600529952 0.1578739687251161 0
2.757649676566726 0.3057150224416234 0
2.368472840321434 0.4222884913946112 0
1.504713488282288 0.6832927273605627 0
1.38685902251956 0.7181118242898316 0
3.881813412441012 0.2601058017188426 0
2.756781439157548 0.2066008559342399 0
3.788131956833961 0.7951706781127643 0
1.121405373613021 0.5495758004442582 0
0.3693889501303276 0.66951457924937 0
4.737973229709763 0.8036113763462083 0
2.116480006216422 0.5582539028302118 0
3.369851569581886 0.4365523358027985 0
3.513514567987766 0.6676463035972054 0
3.60977247979388 0.7328088034863333 0
3.2070720845107 0.4936519171718389 0
1.949896958340423 0.5065821498473666 0
1.064435490433578 0.2181678741117347 0
2.895977953230576 0.6635229293537157 0
1.64930518188619 0.3346333731904059 0
0.7309213664040097 0.161782119524533 0
2.543093367102921 0.199622918241834 0
3.566649041652997 0.5425207631988082 0
0.6000059295213733 0.1533693002749217 0
1.661860240230516 0.7000513881061358 0
2.913345436535052 0.2972455579894367 0
2.187959831796805 0.2001973191892737 0
2.160563878679059 0.7866267150319357 0
3.411203820373061 0.2125845183399211 0
2.510425142705954 0.2187100066124968 0
1.975463103235563 0.6766875775084571 0
3.227365651738117 0.3222196239294165 0
1.210291573607897 0.6848448386104836 0
1.216539525930122 0.751839726464804 0
2.903890997871278 0.255725835180116 0
1.651943012391422 0.741738286497162 0
1.04041729916436 0.8111041079636964 0
3.675328272234819 0.4017612795580087 0
2.424889993024555 0.5988701780892502 0
2.636109462732778 0.4290526512196257 0
2.575431350226652 0.6955436005976992 0
1.325513588395052 0.3042637650199631 0
1.391495933655486 0.5667321022915077 0
3.253451659999286 0.7050590102497888 0
0.5453379231695716 0.3784014206966549 0
3.734578868218835 0.7409101953942231 0
1.042540599896967 0.5683444370782986 0
0.4711957815926522 0.8291336398416409 0
1.122403398626664 0.3639144408094703 0
1.01128539082737 0.1456400929082834 0
4.700803694852121 0.1956843147423009 0
1.938477328670465 0.5741406615724187 0
3.192127217873077 0.4255183309126919 0
2.367397462221878 0.3065427258681436 0
1.258017042945722 0.7792106640726261 0
1.119849810525424 0.2515703283731892 0
3.20727151461577 0.2528712700859873 0
1.956254836835067 0.746534229075148 0
1.320496031344988 0.6741419633543368 0
0.7008075472034425 0.2683656260423645 0
0.7183519549319761 0.344697057013498 0
0.5473078408653649 0.2764490671756874 0
4.222332680410706 0.8119391721064819 0
3.868902264942094 0.5289135831638474 0
2.361222747405407 0.782187252675216 0
3.611362578282166 0.2176905162563547 0
4.022050854645633 0.5485161571375866 0
1.854652108752563 0.7985940351729324 0
3.104746451580424 0.2014318559283444 0
3.808302662695195 0.7099215821987026 0
3.856983415322687 0.4817240288445267 0
1.600514201810583 0.5923491918342022 0
2.850784735256614 0.4033562139342386 0
0.8906218451115588 0.4906447689596138 0
1.17262589584457 0.4649152248170964 0
1.015171288342476 0.3400077146865458 0
0.6591675937447292 0.6959984267101216 0
0.4846607075210452 0.7221872740254998 0
1.240136847017572 0.8058670233222929 0
1.372833561081472 0.5179163924138424 0
2.620415613858623 0.4795419529227058 0
3.335154759928175 0.5070296595056889 0
2.082251701494999 0.4864638621070064 0
2.292174050962192 0.7423050179673668 0
3.542528811293153 0.2572301715347624 0
3.734023996993995 0.8669723181791553 0
0.8886755278996414 0.8252194720348718 0
3.602549687147888 0.3843170634827618 0
2.352156701274882 0.6166274192927786 0
3.569869237447093 0.6220806320604744 0
0.9799356900577503 0.200470337565362 0
3.435374275080219 0.4700304327085645 0
2.181104935894085 0.521787979069067 0
3.923391090254103 0.6366758968913919 0
2.736511202241309 0.5852324358052532 0
1.487833233528604 0.4124154207106189 0
1.912280554847006 0.3032858626186485 0
3.152828373837973 0.6881242200292519 0
1.779177924962789 0.4727788442739956 0
3.02639164722579 0.5284031566096803 0
2.1504684917656 0.4570264600453743 0
3.410244158503146 0.5390741102297942 0
3.922940691510707 0.3773952965475132 0
3.548525122140327 0.5188642438546709 0
2.139120133240041 0.8504008928016522 0
3.389411645866232 0.1492719785263188 0
3.968227284677964 0.4685483949170248 0
2.297961869303636 0.4926454316572314 0
2.359640060666113 0.8213478493091586 0
3.609740813198147 0.1785445232664123 0
3.866331602509776 0.7671283222214607 0
2.519419129698648 0.3100902880501976 0
2.417936728071626 0.3509712212389225 0
2.67895496458798 0.3875344986274734 0
2.559973463322486 0.2411144587126007 0
2.588839101201199 0.2675197629541046 0
3.115570717822728 0.5200959774584034 0
1.865371744889321 0.4854692215666681 0
3.427698109731682 0.8162880280691918 0
1.436935422664485 0.5991819085883172 0
3.675303996459798 0.5454384686769487 0
3.952846396432739 0.5866639777501093 0
3.962312190975882 0.6251674734877339 0
2.311582387330354 0.6746420675498259 0
3.561852031508201 0.3251337214787147 0
2.791700981341771 0.7371635097227138 0
1.54304479317294 0.2616370817529837 0
1.365096297819836 0.6093491346939179 0
2.427880196379641 0.4525082672898078 0
1.068642496776778 0.4750281928982012 0
3.509513659412888 0.1955484671127748 0
2.259202343109168 0.8040341791802122 0
2.471317640638978 0.2873223907962656 0
3.113790479376906 0.4329841980070857 0
1.862305694332542 0.5684128112851876 0
2.280950453320429 0.2685102554921815 0
1.35188905712021 0.7048104053028835 0
1.308471172378292 0.783145703638665 0
3.284479368533997 0.5858798721285225 0
2.051263192578964 0.4087005030134214 0
0.8341941354706957 0.2102527992327141 0
1.23147269906021 0.7101304584204058 0
1.489543407536693 0.5126461177088548 0
2.737919205303395 0.4826866376132827 0
1.078650800914993 0.6343792115864377 0
1.892262792657713 0.6495427039421721 0
3.143878203053303 0.3502560892660999 0
1.368052250057932 0.4872258325775393 0
2.616534867573679 0.510820538429022 0
2.387766739897013 0.7823445718588946 0
3.637866115545269 0.2175901058768804 0
3.17898860152415 0.2009114206691782 0
1.928542336650471 0.7988307458202826 0
0.921238486648317 0.3429633892119075 0
1.210277307865479 0.7741404976363657 0
3.643317308505943 0.2769648485967925 0
2.393182524942901 0.7230840719298264 0
3.674850905067923 0.4569126507591093 0
2.423435711993838 0.5443921462670402 0
2.549615315463539 0.1671015269792667 0
3.754377962393216 0.8119907605489244 0
1.148625246013749 0.2991401165502627 0
0.5368888933469484 0.1315001633722353 0
2.576089000846017 0.3609949088819588 0
2.505227198542348 0.1316674928336311 0
2.477017602043823 0.1267572035174602 0
0.911113658780379 0.2735296424920641 0
0.9326124787253787 0.1527780547865444 0
3.649893128332844 0.3063584276107708 0
2.399732998933472 0.6938053311006005 0
1.223855327852322 0.7316518520015256 0
1.076204917923905 0.2560798165055576 0
1.36842065937667 0.6748040305774579 0
2.607295774001022 0.3848148029715086 0
2.233028609123163 0.3041063888772894 0
3.56239027472602 0.1845996381214222 0
2.31221396643059 0.8151824435104456 0
0.3925884507210862 0.455934384194075 0
0.3180913296249233 0.4946108935298539 0
4.828056380475047 0.8149779106693856 0
0.5898674410831217 0.7137115674669525 0
2.374239963600754 0.1693105660494411 0
1.033686122833731 0.4370676511923358 0
0.9713874987689448 0.2891580690199061 0
1.036855323997291 0.5207808520590517 0
3.28636922571833 0.1440180256308387 0
2.03608258712032 0.8557233771853456 0
3.24290609761889 0.3821919568444713 0
1.989883257872643 0.6160396206779117 0
4.211696424138109 0.1993468804624731 0
1.180548962138704 0.7490586847724825 0
1.169853337977691 0.7240932521087086 0
1.15625620812206 0.7423054214613309 0
1.8362885968825 0.3694067861222596 0
1.806468164075936 0.3938300133294894 0
1.855359032103747 0.4111690785348537 0
3.049341284997916 0.6075563212427099 0
3.071113950156658 0.6331206736468014 0
3.091971338959922 0.594012403295645 0
3.683843757917401 0.6610291026072117 0
3.668360166553293 0.6685443987463757 0
3.684516408635892 0.6745152961391641 0
0.757493858604521 0.6605014940869613 0
0.7952430366882803 0.6387311181169729 0
0.7585970887887987 0.6129737986672484 0
1.36900845124975 0.3037260555830175 0
1.355831177749874 0.2973575469616774 0
1.359714140098557 0.3158186020749749 0
2.605639547787586 0.7022371358784771 0
2.618743530109116 0.6957388788330556 0
2.609483818448464 0.6836774085203423 0
1.694166413839239 0.6114157083543892 0
1.659363786015239 0.616635880717032 0
1.691945626691649 0.6457879230785959 0
2.909813776422753 0.3806384504622078 0
2.944355084124328 0.3866597399651215 0
2.942659863637677 0.3520690757877555 0
3.598337254894458 0.5050365342650743 0
3.59801981389982 0.480695233133093 0
3.583756897108766 0.4909525869028806 0
2.345676708340688 0.5250448424939657 0
2.344138513027479 0.5014018464011966 0
2.3308028333857 0.5139551091550548 0
2.620951221874561 0.4407552504337954 0
2.620192424670879 0.4239452434377764 0
2.605034183812662 0.4356478426519461 0
1.375385856144761 0.5725962466629535 0
1.375160784880028 0.5559560020038233 0
1.359050707369303 0.5618201463752692 0
0.8085030310274224 0.1539885610192702 0
0.808910750793848 0.1207172052585215 0
0.7943291223388362 0.1332713557607487 0
0.696280561992205 0.4164642090527874 0
0.6563909780919646 0.4289041990451623 0
0.6884327599342941 0.4555658134848212 0
2.535111028430373 0.1672001819023791 0
2.540329279287894 0.1535524881035398 0
2.525824992254728 0.1536511430266522 0
2.563560525669367 0.156948520517209 0
2.56538771430499 0.1740696030973377 0
2.579332924510819 0.1639165966352799 0
3.81327071784989 0.6785832279512213 0
3.830789131393296 0.6739075990961312 0
3.817518413543405 0.6623243711449099 0
3.688877490258554 0.2892662172040662 0
3.688877490258554 0.3041872698356451 0
2.438839128529621 0.6958558245239372 0
2.438839128529621 0.7107768771555162 0
3.029593688429026 0.1577278494686717 0
2.998381051590651 0.1690595161432668 0
3.024639971043462 0.1790683477628028 0
1.748376122632979 0.8309263049400967 0
1.779587323839941 0.8422592091199586 0
1.774645118899756 0.8209313972275565 0
3.774698665983698 0.7677415446730611 0
3.7736172322609 0.7511530674492788 0
3.761971570219717 0.7628520442333822 0
2.776821490431798 0.2204754952834262 0
2.746158798904485 0.2313715419071796 0
2.766198850178735 0.2452461812563659 0
2.150523034468475 0.2255390286433124 0
2.132886022842977 0.19319119250796 0
2.095449225514648 0.2185329019619986 0
1.271906640892582 0.6907326920493431 0
1.257901244585526 0.6945705018644288 0
1.271823995674876 0.7012764561304994 0
2.486249991484432 0.2013582124402158 0
2.478082100306679 0.187534887554248 0
2.472337230660814 0.2018091181727932 0
2.258078771927085 0.658269694966169 0
2.239929587754302 0.6688032700622464 0
2.25415123019109 0.6774164643761568 0
3.490704697723902 0.3297664919785339 0
3.508715217650714 0.340516132248212 0
3.504781239803265 0.3214970428982109 0
1.170791584959884 0.4048066828127063 0
1.159120458701416 0.4016844923967833 0
1.160116901287497 0.415857025548334 0
2.771984285630463 0.3955282185327745 0
2.79563998664797 0.3778761617658154 0
2.772474893534596 0.3631810122312809 0
1.544761423708445 0.6154211737728175 0
1.521980535815775 0.5970643974203907 0
1.52151230891797 0.6285926779046178 0
3.626436711514703 0.7247231620874819 0
3.627142935092223 0.7437137236185205 0
3.643807166813046 0.7356280822196691 0
4.525464575463671 0.7932287717091642 0
4.58655487195214 0.7410611972856289 0
4.510611767510982 0.7216465988691245 0
2.271645542553757 0.5099503918685016 0
2.244509245985771 0.5079420104288334 0
2.255131928621771 0.5219204737942824 0
2.60996519962607 0.2060775757907143 0
2.629716437526012 0.2170368871202243 0
2.633064647376005 0.1959727088558493 0
3.741292094671119 0.7019233632862731 0
3.726316992686719 0.6967434952442275 0
3.726406704654241 0.7107351175232849 0
3.488848522956679 0.651478424907288 0
3.513390070919366 0.6380551773357345 0
3.488724025888279 0.621887298645817 0
3.673227835648362 0.58972277468085 0
3.660960141465384 0.5840726061578502 0
3.662426544823394 0.5989723031411092 0
2.193913934075993 0.4963467345087531 0
2.204550283973935 0.5208500357118406 0
2.217359282155843 0.4954087911515266 0
3.457715192002146 0.4687190836699028 0
3.449748439151339 0.4923281085135104 0
3.472089356073265 0.4910167594748487 0
3.185763413880951 0.6577669111632805 0
3.203140016918629 0.6965916151395204 0
3.236075056961607 0.666234306273549 0
4.562085168341087 0.2773945372596444 0
4.50316301042588 0.2238279185280255 0
4.498145249486273 0.291805294996962 0
2.4117858276129 0.6620583647074139 0
2.423172035153021 0.6485520460460267 0
2.408628004064329 0.6451105764374573 0
3.673363992977673 0.3517500203292601 0
3.661974890323572 0.338230113762228 0
3.658886897222904 0.3552998396532531 0
3.885310674327811 0.7114604101595887 0
3.89626697206143 0.6827299509051132 0
3.868419140447469 0.6876096705483499 0
2.40669380914705 0.4168766136934757 0
2.420412057218113 0.4125280622648219 0
2.409160091213483 0.400952507451532 0
1.3706994563109 0.4237365336070522 0
1.38898379854612 0.4158359088079435 0
1.369795359146963 0.4025112320872663 0
2.63815835575608 0.5826737001873832 0
2.619967504543764 0.5749742317887966 0
2.619241303458622 0.5964377186206604 0
4.125753359088799 0.3555228285373774 0
4.078302020942107 0.3497323819540986 0
4.090616697571175 0.400940806239464 0
1.174462110326842 0.2619270451222115 0
1.162139647336787 0.2582112101059003 0
1.164740321867158 0.2740174185488876 0
1.946638079571454 0.337892601419047 0
1.898730009878658 0.3450158569731362 0
1.933087534603106 0.3796225957735346 0
1.365829598593021 0.5315481470649907 0
1.360268452665714 0.5185768058443598 0
1.353264490177263 0.5322085604955081 0
2.608156125319219 0.4793152865189759 0
2.613104297437484 0.4659999012853355 0
2.60084480889808 0.4657732348816055 0
0.8320645950900514 0.3940158525411606 0
0.8444136534680637 0.4249014143110854 0
0.8667597164753511 0.3932570612191125 0
2.769603546640351 0.7659196974566538 0
2.759574505377891 0.7312146777418084 0
2.737477070676472 0.7599708654757483 0
1.510664732912776 0.2676802815840237 0
1.520606118105784 0.2331481850528728 0
1.48822605784562 0.2391913848839127 0
2.606871837167207 0.2687802927370666 0
2.593081802979491 0.281859166019113 0
2.611114538945499 0.283119695802075 0
3.54156740564903 0.615272341567369 0
3.559867917913087 0.5968889669845945 0
3.531566086115023 0.590080676491489 0
1.861955273860942 0.7558759920500113 0
1.872126435871887 0.7255329168379179 0
1.840203888571874 0.733495268228139 0
3.122909436346546 0.2741803264377994 0
3.112499221032832 0.2438802264272482 0
3.090833309006544 0.2662492361073798 0
1.705473851481859 0.1560167008578116 0
1.769362740370748 0.1560167008578116 0
3.017650120734896 0.8422403698005297 0
2.953761231846007 0.8422403698005297 0
2.825126258600557 0.2315082606400908 0
2.844368747955452 0.1995857215399818 0
2.816104031060942 0.2024275955325036 0
1.591327445832315 0.7981864670266692 0
1.568261904882948 0.7642833799733109 0
1.559953965704646 0.7944212518907607 0
4.503061158498257 0.5515272131840941 0
4.508076716332733 0.6323509532684445 0
4.566686506164976 0.588655284361239 0
3.610190620458952 0.683960480788691 0
3.620147900471644 0.6637636809174654 0
3.595403949992729 0.6688567426707432 0
1.161940917849695 0.3012860080895766 0
1.155322712106984 0.3190978513778617 0
1.16863838394293 0.3212437429171756 0
3.979335992659159 0.7023926133727416 0
4.020429186353241 0.6952980245938203 0
4.001679573507799 0.6659192589670846 0
0.3100956442337166 0.6615522670169591 0
0.358396857772223 0.6228638507357651 0
0.2991035518756116 0.6149015385033543 0
2.306288491976337 0.3960503987196488 0
2.330935263396783 0.4040051298127088 0
2.323256030080454 0.3814314138269464 0
0.8725891947848501 0.7157198698852943 0
0.8381074043344623 0.6788435026998904 0
0.8286215969543904 0.7231351807220898 0
1.07178538902796 0.3522980158605 0
1.082505152558485 0.3292873703587946 0
1.061597680429 0.3286532110065983 0
2.266347043808289 0.5908496566928436 0
2.254716579102164 0.5689831822055452 0
2.243564257823384 0.5891700985346928 0
3.50504691001055 0.4283864793120625 0
3.516539739988256 0.407775021481722 0
3.494363824400589 0.4077651103867842 0
1.270890294169273 0.7270168420126714 0
1.264674858772418 0.7430435337331183 0
1.279614041599979 0.7422005002837853 0
2.439915224220408 0.2152223358244288 0
2.423657488101556 0.2200873672850601 0
2.435926546984022 0.2343016259993391 0
0.8646349377115676 0.5685735856592632 0
0.8212036994085796 0.5658928644537635 0
0.8397775051755461 0.5938841439027597 0
1.746509843890777 0.4938833966125201 0
1.746911237245211 0.4457170628740653 0
1.714243156173199 0.4668216152125898 0
2.993612429971195 0.5544716659718122 0
2.994425710180452 0.5062996345965047 0
2.961646492925857 0.5323681439586366 0
1.346728522759336 0.4481912781172681 0
1.332467375633985 0.451021252836864 0
1.343557445122395 0.4607852389153914 0
2.581966702448683 0.5482434499965215 0
2.596050222200772 0.5507683253742477 0
2.592831893303158 0.5381673796825139 0
2.654307969414 0.4291972166488399 0
2.647008003929126 0.4493526934334394 0
2.665206510610349 0.4494972588626536 0
1.401186443808978 0.5465313070508764 0
1.409467785678535 0.5655026189378164 0
1.419158295832028 0.5453018236971852 0
1.066529185045419 0.5568119673915501 0
1.06815533011456 0.580526420684545 0
1.092143915263011 0.5689939509977966 0
2.227645013809665 0.6389379774121167 0
2.249525926009903 0.630346536837125 0
2.233313810329271 0.6196280135969829 0
3.500247664974823 0.3679696169424894 0
3.478676030512453 0.3589314475354252 0
3.484285019915924 0.3781154831493795 0
2.08341060021062 0.2799769954309704 0
2.103552758554557 0.3114119252287759 0
2.133228395484084 0.2823156678951566 0
4.155989214326985 0.5036014697487378 0
4.112574644776889 0.5323750124646989 0
4.152011854145795 0.5513897166623417 0
1.095807950816219 0.1237071302028325 0
1.124755319237271 0.1237071302028325 0
1.681974865706912 0.3766443273322704 0
1.639690929731448 0.3808735022273038 0
1.67236061355217 0.4228844563691682 0
2.886931627440651 0.6172550484338841 0
2.928405582973589 0.6220315523438299 0
2.919359257183663 0.5757636714239983 0
3.222797964325974 0.5183977005557242 0
3.190846152661469 0.529771364885356 0
3.206572032476743 0.5545171482692413 0
1.931647026418924 0.4801276484265333 0
1.960830267094431 0.4766691455554045 0
1.942580335172931 0.4502146441345712 0
0.8090712505588726 0.8556733074680807 0
0.7479601394477617 0.8556733074680807 0
1.289452818741498 0.8659939984400781 0
1.304308794022104 0.8532903849094698 0
1.284519006185803 0.8518081613204667 0
1.097573761627524 0.5284645623694627 0
1.08776236854969 0.5115199308246791 0
1.080706377116036 0.5283348661600182 0
0.1668185302991576 0.2189262491051329 0
0.1401480658330101 0.1671502851478416 0
0.1204280603741203 0.2247549440303773 0
2.681307339260705 0.2376786185966014 0
2.675091243635037 0.2151846122647382 0
2.659031980901616 0.2294260265172225 0
1.326583695040878 0.7330937053349398 0
1.31330919662846 0.7431938447133039 0
1.328065084462808 0.7482572515099748 0
0.6354425786469668 0.2471152718403838 0
0.6297896013127755 0.2173765525276385 0
0.6040454326169449 0.242177311487279 0
1.121609516393149 0.4368957562221417 0
1.106190157561077 0.4519049651553303 0
1.125744664859433 0.4600612511117957 0
0.2770492373580513 0.3232437932474661 0
0.2183820472447868 0.2664776236292225 0
0.2057657149535324 0.3332970776059122 0
0.9244947950415783 0.599954235355336 0
0.9486434927866507 0.5734786108157567 0
0.9073574412236067 0.5700892405686802 0
0.9215693972574257 0.1263890273932722 0
0.9505167656784785 0.1263890273932722 0
3.97073415246911 0.3827528955266417 0
4.006972233744428 0.4052036716924124 0
4.006927278149165 0.3726995834904144 0
3.528112710834549 0.6925776525272688 0
3.493881428448426 0.6973321454082351 0
3.508479571295209 0.7222634943382984 0
3.504928569431063 0.1744190247085541 0
3.523048320417121 0.1801008449668499 0
3.518463230435296 0.1589714025626292 0
2.272807979386806 0.819580828297261 0
2.254678227993146 0.8252490964137469 0
2.268283864270784 0.8407957455307956 0
0.581581912129107 0.1266846501374608 0
0.6105292805501596 0.1266846501374608 0
1.187242254079389 0.5837183894126704 0
1.187242254079389 0.5986394420442493 0
2.313937497279292 0.3505473593705545 0
2.301240883503447 0.3234573673816526 0
2.285912644884163 0.3463866907449846 0
3.28525569589337 0.1657485584126 0
3.258777730332284 0.1513098231070512 0
3.257664200507324 0.1730403558888126 0
2.008458351971804 0.8484273816285268 0
2.034815976204748 0.8338644038577774 0
2.007191741056231 0.8265684083009586 0
2.188631193163208 0.7883195246942323 0
2.178688673741266 0.8135377646588593 0
2.206755988225416 0.8152305743211559 0
3.429151494916436 0.1858909495644649 0
3.439188786888706 0.2109684491441704 0
3.457136461432081 0.1842748803687142 0
2.088074766424535 0.7409241738615729 0
2.082437495042167 0.7145579780203799 0
2.057841856889347 0.7286635991038365 0
3.333875239829672 0.2839477722380591 0
3.339226393567513 0.257840468876865 0
3.309195449852036 0.2700576230769371 0
3.733101191351799 0.677465870503608 0
3.745601191351799 0.677465870503608 0
2.46996440600287 0.2999819040770544 0
2.458331348613941 0.2916658358170879 0
2.456978113977832 0.3043253490978768 0
4.498117509148997 0.3846247193720135 0
4.500419279613507 0.4658545346461674 0
4.55936917786599 0.4266017290027347 0
2.738096680581977 0.1978412838067096 0
2.761264123375518 0.1815332109996596 0
2.742579364799948 0.1727736388721292 0
1.112786120108346 0.606778230385121 0
1.133948063342476 0.5987426610846387 0
1.114932003566282 0.584672834990309 0
2.348331599060227 0.3170803809376831 0
2.350369209287557 0.2940015886173475 0
2.331303346125906 0.3045392436868871 0
1.830254214429641 0.8154291682901753 0
1.842342417656746 0.7812161893065824 0
1.817944523333824 0.7980513224238255 0
3.092584772636626 0.2186904960125864 0
3.08029952973113 0.184584268508276 0
3.068137850787333 0.2018429085925181 0
2.422452102314502 0.6152372179326602 0
2.409151774637531 0.6010318713253341 0
2.406713883927478 0.617398911168744 0
3.659715176831928 0.3998674211134807 0
3.672802136055911 0.385290512889147 0
3.657189040653021 0.383396654444619 0
0.5111852928613634 0.361345498463351 0
0.547459019687913 0.35280593101637 0
0.5133063893797045 0.3357500087830661 0
0.7690204379586492 0.4343930145627899 0
0.7857461385861719 0.4005292860999168 0
0.7450480444620571 0.4092620950295733 0
1.311630879214341 0.7707515472635019 0
1.32189660636057 0.7826989103788158 0
1.325056313196619 0.7703047540036527 0
1.165892589090465 0.6336330365276854 0
1.18295476077691 0.6422004382528564 0
1.182937828313555 0.628590493011671 0
3.639941006863342 0.4987295154565753 0
3.627098817523283 0.4858406775803713 0
3.625442361025573 0.5076680183714909 0
2.373503870079837 0.5199219654782653 0
2.383976337928714 0.5105070521501269 0
2.369484855831343 0.5030766664119691 0
1.185894013772983 0.4236211869294969 0
1.170953688026617 0.4302520380070211 0
1.185059674253634 0.434894008972261 0
2.066782748717653 0.6785349792970145 0
2.052741455043543 0.6495527740909395 0
2.03816329183287 0.6733151980565686 0
3.305089756440289 0.3481864000432833 0
3.318696212609895 0.3194579467935202 0
3.29023783994459 0.3248933796878944 0
2.781911083725116 0.2970096401615702 0
2.776890135559415 0.3256219889529726 0
2.801151542717805 0.3169166066729194 0
3.749189200087761 0.8262207337774128 0
3.735125199895064 0.8111643051805165 0
3.729936437589609 0.8253942784090049 0
1.524503342546464 0.6651210908088037 0
1.528514734913379 0.6937361828491191 0
1.548304589177556 0.6755645462973601 0
2.202990566794398 0.3755647064108752 0
2.218749882837492 0.4024141448984375 0
2.234329287128435 0.3702148714047258 0
1.324725414294288 0.3717252241260643 0
1.332921319962972 0.3821278478405441 0
1.338124601825129 0.3690950891621213 0
2.582710054234008 0.617427725995117 0
2.574580022017917 0.6279625650844812 0
2.587901019333308 0.6304231094291847 0
1.11329324453961 0.4115047085827021 0
1.106536928847451 0.3926956434741768 0
1.095298693402635 0.409930405157151 0
2.47180558568338 0.3228207086789217 0
2.459305585683381 0.3228207086789217 0
1.244645649214014 0.7076223621829955 0
1.243711905200961 0.718995166941205 0
1.256884855354766 0.7164870707037947 0
1.404333150406062 0.7273992094725398 0
1.382947186702956 0.7429569094139525 0
1.400421314589458 0.7522442945966608 0
1.305189785735527 0.7926886517685586 0
1.297604380492576 0.7840486529356386 0
1.294322993849812 0.7935916010655322 0
0.433925558969487 0.4501473548694695 0
0.4193370043696394 0.4997283271353802 0
0.4606741126180403 0.4939412978107747 0
1.154493944562457 0.1778127686027198 0
1.168925184490099 0.1590906257251323 0
1.150076849630629 0.1621799887542107 0
3.839888082382986 0.3522174674798121 0
3.859714755430263 0.3667415778855516 0
3.864100743517321 0.3485085125913945 0
1.155289227479595 0.5833001801523205 0
1.17038323234356 0.5702231824948876 0
1.151187951664377 0.5635602680323937 0
0.4691465609582992 0.6830513743673441 0
0.5184171826696886 0.687023972860892 0
0.5029030361069426 0.6478880732027363 0
1.149880381886624 0.673570478705587 0
1.135972449195024 0.6929277259687219 0
1.159468516652647 0.6979827415344222 0
1.326743188110461 0.6598157889884935 0
1.33191895720137 0.67424789742703 0
1.338166113966843 0.6599217230611866 0
0.5210760256208422 0.1157500816861177 0
0.5500233940418946 0.1157500816861177 0
2.433968364035813 0.3569066632510403 0
2.418131512085973 0.3628029333697169 0
2.43416314805016 0.3687383753818345 0
0.5726772888313119 0.3806335785209605 0
0.554425354214259 0.4139035644967552 0
0.5817647198759994 0.4161357223210608 0
2.620142658612311 0.3728307405338537 0
2.624084942198451 0.3887228061404934 0
2.636931826809739 0.3767387437028384 0
0.1722166363000763 0.1306607951112986 0
0.2011640047211287 0.1306607951112986 0
1.169231638843334 0.534107863128802 0
1.154778518639386 0.5207389754559889 0
1.151828836324394 0.5371143827021476 0
3.607775973246854 0.3988620491593639 0
3.587775653744185 0.3982686813455565 0
3.593001939843151 0.4128136670221585 0
2.3375113818358 0.6028295639578619 0
2.357184900171749 0.6025048485818132 0
2.342539580732667 0.5887069932468965 0
3.141049890299161 0.7362253395386159 0
3.10867907365938 0.7087556142161675 0
3.096900590120568 0.7568567337255314 0
3.199599651191888 0.4595851240422654 0
3.170989794421669 0.4487717812305903 0
3.178462227740481 0.4828385743601638 0
1.917429286489647 0.5526896094933171 0
1.944187143505444 0.5403614057098927 0
1.923139101324626 0.5189103536307911 0
1.189381505455346 0.1982417903803469 0
1.189381505455346 0.2131628430119258 0
0.68099714727312 0.2453400694615539 0
0.7128170942782548 0.2429212450472073 0
0.6930066943479325 0.2198956884663967 0
3.682633367856941 0.1333502707519008 0
3.682633367856941 0.1482713233834797 0
2.43262453930728 0.8517195946562652 0
2.43262453930728 0.8666406472878442 0
2.317147904461945 0.8809526371002543 0
2.286884746567208 0.8809526371002543 0
3.536927461386937 0.1189935522430257 0
3.567190619281674 0.1189935522430257 0
0.989853221729474 0.1228200464541417 0
1.018800590150527 0.1228200464541417 0
4.101797500553158 0.8093009124808479 0
4.145838088369425 0.7681752863143435 0
4.091484039752785 0.7592477022990297 0
0.6046275095014271 0.3015387212685043 0
0.6302522330706164 0.3238053909038728 0
0.6353231335203255 0.2941827004353929 0
3.28801678354922 0.6768854156063067 0
3.305348232406855 0.7153936910018008 0
3.33991335595679 0.6872200963583187 0
1.668914949480501 0.5089251322834314 0
1.642786354652534 0.5425629908043217 0
1.687713167990797 0.548625807471935 0
2.892131042068941 0.4548960886395943 0
2.917606430181797 0.489379587611472 0
2.936984385022259 0.4497126136114514 0
2.168939827134527 0.4323952199749806 0
2.178595712011751 0.4639659749969067 0
2.197067047380678 0.439334734926513 0
4.628481617730192 0.8563216850628342 0
4.567370506619081 0.8563216850628342 0
1.716978826180465 0.7910189941210062 0
1.694028831804997 0.803072288819644 0
1.720483923317326 0.8216517877463324 0
2.944873461334513 0.1959403336621629 0
2.967519073178972 0.2083017286535762 0
2.970781722360628 0.1780386194459846 0
3.59443522688355 0.1173395618612079 0
3.624698384778287 0.1173395618612079 0
2.374675786635057 0.8826344842539243 0
2.34441262874032 0.8826344842539243 0
1.336025227496866 0.306856929236799 0
1.328183651438227 0.3148091603765767 0
1.338695290540042 0.3174023245934126 0
2.578084662758308 0.6849553489577029 0
2.585905593176793 0.6928596330817315 0
2.588558905708449 0.6822713814417354 0
1.3675147839178 0.2641125199673863 0
1.390970465892875 0.2750869317851203 0
1.393359760909608 0.2539344512827867 0
2.640638594710741 0.7243653040047955 0
2.617311458563764 0.7355075060179669 0
2.643050793826267 0.745574203831572 0
4.403802076152234 0.2903373380723044 0
4.379911058507594 0.2388163824141731 0
4.344490043088762 0.2909150442211346 0
2.161747751300526 0.6497135964576274 0
2.132882973341393 0.6506402201212903 0
2.152184390223968 0.6721562511037105 0
3.384804154470461 0.3465662607958052 0
3.413469665316843 0.3475442145205283 0
3.403718430946766 0.3256099587232574 0
3.812871002749504 0.6296277023630282 0
3.812871002749504 0.6147066497314493 0
3.813441047981627 0.2101453935222695 0
3.813441047981627 0.1952243408906905 0
2.559694528459308 0.6231941171409963 0
2.559694528459308 0.6082730645094173 0
1.309761066216066 0.391589517718033 0
1.309761066216066 0.3766684650864541 0
0.411034342801663 0.2471824552866974 0
0.3796339993752627 0.2547217840090562 0
0.3999321324992229 0.2821650914945149 0
4.388714291336942 0.7736909875501479 0
4.412976027724436 0.7251552767187457 0
4.352168848038865 0.7250320909762338 0
1.253991944901616 0.6755133688916362 0
1.266491944901616 0.6755133688916362 0
2.368066231155694 0.3822605689995875 0
2.374375133699055 0.3640797461335254 0
2.35421170404426 0.3712053220539443 0
3.814760469904403 0.7223532149534193 0
3.801380092346895 0.7211753590268069 0
3.807837899556103 0.7336069917815236 0
2.69782452556357 0.406601771664042 0
2.675730720341601 0.4084381403527638 0
2.694600281317191 0.4275054133893324 0
1.432187530183035 0.5817275220862211 0
1.452986123198144 0.5829917853613436 0
1.448238230716694 0.5655373988592476 0
2.560741821337297 0.830004306032631 0
2.560741821337297 0.8150832534010519 0
1.310755282485121 0.1848967914209738 0
1.310755282485121 0.1699757387893949 0
1.36022229894232 0.3517893960511735 0
1.373549463862696 0.3418310129647324 0
1.359564248678057 0.3321454937827561 0
2.623184718545618 0.6574291558296546 0
2.609905802465784 0.6475513120370104 0
2.609308884690159 0.6673013076822767 0
4.678179625203838 0.1478421573711505 0
4.73929073631495 0.1478421573711505 0
2.54517405629043 0.2446352327913384 0
2.547327520414861 0.2324337383089647 0
2.532528113382805 0.2359545123877024 0
1.204182268663812 0.7937200967382234 0
1.188614570074277 0.7707056758807352 0
1.182519530872609 0.7902852749825929 0
0.8683414885280802 0.5156135375849404 0
0.8544342991961231 0.491430209852161 0
0.8321539426126443 0.5163989784774875 0
1.630242088458562 0.726767971945718 0
1.656901626310969 0.7208948373016488 0
1.635200702378109 0.7059245227502049 0
2.908618217203165 0.2764856965847764 0
2.882638229220591 0.2698568885415948 0
2.887365448552479 0.2906167499462552 0
3.884186094498262 0.5431716982049362 0
3.866250356706141 0.5464842526617782 0
3.881534186262309 0.5607423677028669 0
0.6912953675409259 0.3672498258133132 0
0.6896499060107455 0.3305732135421297 0
0.6625933186196953 0.353125982341945 0
1.107548129892054 0.3584233080110834 0
1.122864447020578 0.3496327336959887 0
1.108009178285968 0.3441416008976018 0
2.24934700685631 0.7291314467856886 0
2.252439438467898 0.7021146028392543 0
2.232909614406719 0.7149668834186684 0
3.503068632935541 0.296867710248142 0
3.499904878297218 0.270043653413209 0
3.48360696523813 0.2839233457935998 0
1.003763108126399 0.3642713793225991 0
0.9935078559855046 0.3392106670671436 0
0.9820996757694271 0.3634743317031969 0
3.768725624685939 0.7041246695220762 0
3.779833669083862 0.7073421057387441 0
3.778663997370408 0.6931397859056957 0
3.898694604842622 0.7686573684555519 0
3.872886333125458 0.7940553526181394 0
3.905249335458305 0.7955843988522306 0
0.6976160114623586 0.7236251236845352 0
0.661037286045199 0.7433845774017394 0
0.6994857037628284 0.771011274376153 0
2.743895606705253 0.5541065151991902 0
2.770638643391903 0.5785938940278815 0
2.778023047855847 0.5474679734218184 0
1.522101560174798 0.4189861485230018 0
1.495271087391178 0.4429775943631666 0
1.529539414037372 0.4495483221755495 0
3.850739885473925 0.2036176311951052 0
3.829790516558738 0.2190007659182222 0
3.853648306069409 0.2216960311214201 0
0.9583184691842448 0.2696477682236659 0
0.9784944880294719 0.2653051074740913 0
0.9654254584447719 0.245794806677851 0
2.25312232011574 0.311701543816686 0
2.225799290104252 0.3237359108972264 0
2.245893001096829 0.3313310658366231 0
3.52672866521025 0.2029040815183226 0
3.514158014142304 0.2142907569533971 0
3.531373019939667 0.2216463713589449 0
2.263807974316503 0.7852330857675379 0
2.276441311943435 0.7967170892271106 0
2.28104694315077 0.7779159958144363 0
2.585015787721627 0.4782468990817973 0
2.578426388027179 0.4913567662066818 0
2.589307237085367 0.4921984872401305 0
1.329438228983332 0.5076721898320389 0
1.336462625716292 0.5204603306644112 0
1.340678947516996 0.5064490784425049 0
1.220197426891222 0.7417457892331648 0
1.209000709923328 0.7312491837106929 0
1.205342808962228 0.7413431209423321 0
3.850124644012891 0.5287377204690368 0
3.85450382211119 0.5164148224676923 0
3.835726201181988 0.5162389597728817 0
2.670527939367795 0.3669323134621435 0
2.695508978513124 0.3635939463196217 0
2.687081953292938 0.3429917611542918 0
3.576314075278407 0.5536152373742554 0
3.558257820016039 0.5571090325537613 0
3.567922853641448 0.5682035067292087 0
0.887824572372828 0.3526674443305475 0
0.899593885116309 0.3244755021856898 0
0.86617997084082 0.3341795573043299 0
1.572871926208417 0.5881210425613963 0
1.5901700284427 0.5678940840331148 0
1.562527752840534 0.5636659347603089 0
2.840003979963178 0.4279474607479998 0
2.822967057000225 0.4067897910007738 0
2.812186301706789 0.4313810378145351 0
1.671233373529779 0.7570888908457398 0
1.647403331126916 0.7622345299783448 0
1.666693692265272 0.7775851343269227 0
2.899370551642928 0.2354826842545643 0
2.922750905012067 0.2409646390249353 0
2.918230458783717 0.2207214880993835 0
1.02971687139569 0.4566885319405564 0
1.01582079156777 0.4388870323702919 0
1.011851540129729 0.4585079131185125 0
1.175312223353581 0.2265390508252222 0
1.163848559197332 0.2137705258530978 0
1.160397771640222 0.2333523117070998 0
1.134297805656907 0.3679188492829862 0
1.123467439305545 0.3790921938545991 0
1.135361846335788 0.383096602328115 0
2.364267595744388 0.6247340225551037 0
2.350484493859843 0.634659370774534 0
2.362595388329349 0.6427659740368591 0
3.60080555636017 0.3659966074283607 0
3.614665479350923 0.3761120932797193 0
3.612921348563204 0.3577916372253181 0
0.2635291311147929 0.5046319318835099 0
0.2912621173458603 0.4423370703770048 0
0.2366999188357299 0.4523581087306608 0
3.855051799974073 0.3008053521222353 0
3.840040216262266 0.3171201204619344 0
3.859285654181851 0.3176696338459559 0
2.387162659625961 0.6864294216381958 0
2.398487397728839 0.6762111130997226 0
2.385917058421328 0.6688352036373177 0
3.648695461450823 0.3240691803484959 0
3.63735528728157 0.3137739761562859 0
3.636157620399551 0.3314847288940111 0
2.337317925498361 0.1852452792587636 0
2.348231092911488 0.1346552830247205 0
2.311309054809095 0.150589996234043 0
1.36015485824844 0.6898072179401706 0
1.355881271217211 0.6745789310385903 0
1.347615470088981 0.6895821184013032 0
1.040818952954838 0.4176673564823347 0
1.049989229866672 0.437661011133237 0
1.05712205998778 0.4182607164232359 0
3.261501606337622 0.564511678034066 0
3.284380191634702 0.5532427972420253 0
3.261402429438327 0.5318746031475687 0
1.010873968336005 0.5187292922147724 0
1.03130147197747 0.4985451323739143 0
1.005320116316184 0.4964935725296349 0
3.566299730121866 0.5170790659447664 0
3.557587081896662 0.5306925035267395 0
3.575361689878201 0.528907325616835 0
3.673532714375075 0.5601307731872699 0
3.663235339174691 0.5489834019062851 0
3.661464057089968 0.5636757064166062 0
4.774888733169156 0.2202635420188932 0
4.705709201144986 0.270343800060437 0
4.77979423946202 0.2949230273370293 0
3.850919285924771 0.4045399853348548 0
3.831437154569315 0.4118139318880897 0
3.850066326033812 0.4188187414809357 0
3.826851790074274 0.6037849149575308 0
3.845191480068032 0.6132319759987824 0
3.846301264643298 0.594919380967099 0
2.463508801021912 0.11337860175873 0
2.480175467688578 0.11337860175873 0
2.383458893071994 0.7933422342847495 0
2.37449474365121 0.7822659122670553 0
2.370186896826191 0.7932635746929102 0
3.624614346913718 0.2176403110666175 0
3.633554887109666 0.2065831958805885 0
3.620303118478114 0.2066334010703256 0
3.961449285394799 0.6490906606168698 0
3.942851640614992 0.6309216851895629 0
3.94198873503391 0.6548448723186988 0
3.95757929370431 0.6059157256189216 0
3.980069061824491 0.6136576901265478 0
3.97533616455292 0.5944059422577355 0
1.172908368257792 0.8699402660359152 0
1.111797257146681 0.8699402660359152 0
4.874486885743096 0.1724213846477427 0
4.899486885743095 0.1724213846477427 0
3.814666575473709 0.1327669364399389 0
3.814666575473709 0.1476879890715178 0
3.814666575473709 0.1178458838083599 0
0.07187879795398633 0.136489490036543 0
0.04687879795398642 0.136489490036543 0
0.09687879795398668 0.136489490036543 0
0.9757843355962286 0.4511861516083149 0
0.9692529117826831 0.4891718110194374 0
0.9905522259562063 0.4738398620689749 0
3.882228432258862 0.5138098331345121 0
3.876269007449159 0.4902150559748517 0
3.848544397301487 0.492820045308032 0
3.865386414780175 0.503314939221272 0
0.8271328072889839 0.3448953265748892 0
0.7808143507851044 0.3514087601336455 0
0.8064394729375781 0.372712306337403 0
2.382158086845661 0.2960863180870628 0
2.3837078874249 0.2639728557638243 0
2.351919009866796 0.2618881262941091 0
2.367038548356228 0.2789872221905859 0
3.782176409198994 0.7253780626050179 0
3.799037352231763 0.7031394021605332 0
3.790606880715378 0.7142587323827755 0
1.842000334145378 0.5052627402567882 0
1.845455172093252 0.4605307636543758 0
1.802358262129986 0.4541855750080396 0
1.798903424182112 0.498917551610452 0
1.822179298137682 0.4797241576324139 0
3.092884695811954 0.5442720141749784 0
3.091902487223066 0.4984800446558079 0
3.047312951924597 0.5026336342314464 0
3.048295160513485 0.5484256037506169 0
3.070098823868276 0.5234528242032124 0
2.403254857819991 0.4388982015672622 0
2.381957341731928 0.4137947751373985 0
2.378518390404869 0.435816363011185 0
2.39260609977596 0.4263464883523304 0
0.7688990865012104 0.263994975168234 0
0.7564366943554175 0.2254466517251895 0
0.7252794864240479 0.2814695684902518 0
0.7408580903897324 0.2534581101077207 0
0.4541825692393888 0.3094576695011016 0
0.3724031239177927 0.3295324663347388 0
0.4266535606579591 0.3568250443413254 0
0.4132928465785906 0.3194950679179202 0
1.928722664879481 0.7817489905066193 0
1.94966066021446 0.7936556820753017 0
1.963516910306758 0.7675074237027344 0
1.942578914971779 0.755600732134052 0
1.946119787593119 0.7746282071046768 0
3.20023213187877 0.2059792205642808 0
3.179298383706445 0.2179418990089399 0
3.193439840252256 0.2439218237173444 0
3.21437358842458 0.2319591452726854 0
3.196835986065513 0.2249505221408126 0
3.640697940131394 0.5617345952092858 0
3.64019402450681 0.5821314949505297 0
3.650829040798389 0.572903600683568 0
2.438316063753892 0.2828614862557622 0
2.469945039038612 0.2726011930029841 0
2.449929754178562 0.2637968434416584 0
2.454130551396251 0.2777313396293732 0
4.403774335814958 0.383156762447356 0
4.450959792650615 0.337481028722159 0
0.9827685836738747 0.2209612417468192 0
0.9575228396713578 0.2043371912778942 0
0.9401797144422548 0.229170756208926 0
0.9614741490580649 0.2250659989778726 0
1.020153355493134 0.393401052865493 0
1.049414849987211 0.3749654591403186 0
1.033024602620476 0.3458357855974247 0
1.026588979056805 0.3696184192314589 0
1.035486045124824 0.5961272978742969 0
1.053541145633837 0.6291446851283664 0
1.086210430623573 0.6135438079386145 0
1.060848237874198 0.6048355529064556 0
1.139015438016323 0.7784232668997856 0
1.128447890132579 0.8147281058731484 0
1.171951982988864 0.8265901139559557 0
1.155483710502593 0.8025066904278707 0
1.170180082392943 0.6049930929506572 0
1.148838918255825 0.6204355738829754 0
1.15206407286771 0.601867877017648 0
1.018863725768111 0.3174415306872183 0
0.9969718309813458 0.2920167078538985 0
0.9716159611987389 0.3137858442338238 0
0.9952398434834253 0.315613687460521 0
2.347186984414904 0.8535861896032487 0
2.319922260136529 0.8519043424495787 0
2.332167444438424 0.8672694133517516 0
3.570014097690121 0.1479832505370258 0
3.597258705291997 0.146329260155208 0
3.582224662286835 0.1326614061991168 0
3.949925994475195 0.5594184894707624 0
4.009938393659366 0.5753320319514742 0
3.984528223581642 0.5403445791645011 0
3.979932194067281 0.5673752607111183 0
4.003462338770705 0.4729348011736954 0
3.957616438597808 0.5003606980542202 0
4.030374123754539 0.5129186822839763 0
3.993995281176173 0.5066396901690983 0
1.943450627348939 0.7258712110670915 0
1.977813465455031 0.735160326572745 0
1.987417598655279 0.7002370007893995 0
1.953054760549187 0.6909478852837461 0
1.965434113002109 0.7130541059282455 0
3.22901226769604 0.2640445363307345 0
3.19462439339352 0.2735491792665533 0
3.204671461954693 0.3082233561882679 0
3.239059336257213 0.2987187132524492 0
3.216841864825366 0.2861339462595013 0
3.336962279065852 0.1231956047471968 0
3.363247049367389 0.1478315940103563 0
3.393390033459433 0.1246359892631594 0
3.365176156262642 0.1239157970051782 0
2.086812693998207 0.8766537602498051 0
2.143244277146336 0.8752004464008262 0
2.11295170798665 0.8518542066506312 0
2.115028485572272 0.8759271033253156 0
2.191202138120625 0.1500986595946369 0
2.244177859596387 0.2006886558286799 0
2.25125559646486 0.1503443279143399 0
0.321303603942054 0.7853086237851679 0
0.3780851431461505 0.7250556562146152 0
0.2533141050296193 0.7218052345875118 0
0.3156996240878853 0.7234304454010635 0
4.410440976546186 0.6358596311180655 0
4.460526372028584 0.678753114993595 0
0.7403788535783578 0.4819687690967525 0
0.6540729969112069 0.5157675810445279 0
0.7060190905552706 0.5421705366564593 0
0.6972259252447823 0.4988681750706402 0
1.351787580031533 0.2052527993584032 0
1.332320817168864 0.2280938859782866 0
1.351640173234305 0.2442175548742668 0
1.371106936096974 0.2213764682543835 0
1.351713876632919 0.2247351771163351 0
2.582254904858807 0.7717810245632253 0
2.601695042279413 0.7945967043144042 0
2.620951665310788 0.7783589736669021 0
2.601511527890181 0.7555432939157232 0
2.601603285084797 0.7750699991150637 0
3.45636812348017 0.4209253465798894 0
3.432619763808838 0.4417522788256092 0
3.481463551673477 0.4478921514241829 0
3.457041657741158 0.4448222151248961 0
2.179304879801482 0.5517013371551625 0
2.20471930841307 0.5744591596443263 0
2.229964712585522 0.5436078582010043 0
2.204634796193502 0.5476545976780834 0
2.414102891194162 0.2776718009897982 0
2.425477940892025 0.2544401745667924 0
2.395082937122763 0.2407412293408185 0
2.404592914158463 0.2592065151653083 0
3.238846099687455 0.7532709965712175 0
3.27706055555006 0.8070078740156412 0
3.34356268826946 0.7691305684462244 0
3.291204393978457 0.761200782508721 0
2.307304626944333 0.5307634802408873 0
2.313613253688064 0.4914787723597586 0
2.290115047246696 0.508287143445591 0
2.310458940316198 0.5111211263003229 0
2.281373259584534 0.6241292721249224 0
2.315208929518138 0.6131268399253994 0
2.300182713741894 0.5798472244933206 0
2.290777986663214 0.6019882483091215 0
3.565326561694607 0.3874752314327674 0
3.531754078713513 0.3749419081068136 0
3.55011222296935 0.4203083448076758 0
3.540933150841432 0.3976251264572447 0
0.7748031910626412 0.310996332319365 0
0.7340516902883147 0.3196352839758185 0
0.7400628500107778 0.3600477117900991 0
0.7574330205367095 0.335522022054732 0
1.084834409856559 0.195722544685375 0
1.117966788542729 0.1955925363764363 0
1.121525492509818 0.1641581960187316 0
1.088393113823647 0.1642882043276703 0
1.103179951183188 0.1799403703520533 0
2.432892920642867 0.3080690922593812 0
2.408679748083137 0.3028794069934171 0
2.423497905918515 0.2928704466245897 0
2.639748595038196 0.6407629771168757 0
2.643359570953778 0.6764914138888457 0
2.659923447446356 0.6598252351760668 0
2.641554082995987 0.6586271955028606 0
1.390261201957133 0.3582567592747458 0
1.410512099521455 0.3391323753396068 0
1.393800361427019 0.3227066290295934 0
1.392030781692076 0.3404816941521696 0
2.825525282350363 0.3464657885192518 0
2.852852352702618 0.3753794177542102 0
2.824246169675294 0.3766277897600128 0
4.311845746612954 0.3777967033515997 0
4.307064042041771 0.4627713442327639 0
4.398992631243775 0.4681314033285203 0
4.355419188928364 0.42296405334006 0
1.573893118976571 0.6474196150453436 0
1.602003621476542 0.6201194838339225 0
1.573382522592494 0.6177703288033699 0
1.084173672997203 0.4334969206699072 0
1.068247080393211 0.3946942009104796 0
1.076210376695207 0.4140955607901934 0
3.831479401582486 0.5426129665715467 0
3.847605114275736 0.5603594987642881 0
3.848864879144314 0.5445486096166625 0
3.246828861463968 0.4011645946998786 0
3.224381775806092 0.3758186168087723 0
3.198992335933186 0.3974818038428825 0
3.221439421591061 0.4228277817339889 0
3.222910598698577 0.3993231992713806 0
1.761620885997098 0.6579187309980365 0
1.812399603322949 0.6459614380927357 0
1.800594695505648 0.5955460307002571 0
1.749815978179796 0.607503323605558 0
1.781107790751373 0.6267323808491468 0
3.06318623192721 0.3538823158447663 0
3.01219232615557 0.341159873843877 0
2.99997911495303 0.3918067741918518 0
3.05097302072467 0.404529216192741 0
3.03158267344012 0.372844545018309 0
0.9065213053625245 0.414862490424133 0
0.9275861612600012 0.374272873535568 0
0.8971729388676764 0.3837649673773402 0
0.6064804237676462 0.5571923626974092 0
0.6060279806465001 0.4587057558870259 0
0.5584354075029392 0.5001305375399071 0
0.6062542022070732 0.5079490592922176 0
1.97159746295773 0.6228269640113044 0
1.993295291189809 0.5966941415566228 0
1.967592326588719 0.5757446620038763 0
1.945894498356641 0.6018774844585579 0
1.969594894773225 0.5992858130075903 0
2.072239440277909 0.1430925329133231 0
2.131720789199267 0.1465955962539799 0
0.4997217938825624 0.547188818429822 0
0.4498589862068729 0.5937188723929369 0
0.5527658437826319 0.6013580192396214 0
0.5013124149947523 0.5975384458162791 0
3.699385786126943 0.8011828650258725 0
3.721048010360323 0.7907272723919865 0
3.707353373636046 0.7626351347886579 0
3.685691149402667 0.773090727422544 0
3.703369579881494 0.7819089999072653 0
1.172092666084049 0.5045918550033357 0
1.157338727346742 0.4919928057280759 0
1.140024579902079 0.5081399261807291 0
1.156058622993064 0.5063658905920324 0
2.639161079492049 0.4745973442849795 0
2.630056150683305 0.4576762973593874 0
2.185872416929215 0.2928786863248943 0
2.203167055913607 0.2361020470730502 0
2.168197725698845 0.2592088574841034 0
0.5122986615342198 0.2247643989052283 0
0.4919431295319656 0.2550554105509409 0
0.5253761737591294 0.2784717518014888 0
0.5457317057613833 0.2481807401557761 0
0.5188374176466746 0.2516180753533585 0
1.368382477415011 0.659262532541073 0
1.350667320164642 0.6446053245636693 0
1.353274295690927 0.6595921278011299 0
1.391855257521972 0.5221234521120437 0
1.383508021201 0.5390397270579336 0
1.057706577038322 0.7377225075584661 0
1.084142538845504 0.7060163766145425 0
1.050069316134586 0.6802578625696118 0
1.023633354327403 0.7119639935135353 0
1.053887946586453 0.708990185064039 0
2.223257845221244 0.7659980308608159 0
2.200982054248842 0.7365777809736801 0
2.166355402190806 0.7588992748070965 0
2.194806623706025 0.7624486528339561 0
3.451772959232031 0.2623066338051903 0
3.473808482002079 0.2332258344535433 0
3.417153264118658 0.2400492484958174 0
3.445480873060369 0.2366375414746804 0
4.040931376143964 0.4362357835432756 0
4.077624698910762 0.4809539864907305 0
4.127310020337974 0.4456590091869189 0
4.084120698240969 0.4409473963650972 0
2.445907752410501 0.1944969351984875 0
2.465336266968467 0.1724687909030095 0
2.445244309931487 0.156461858208584 0
2.425815795373522 0.1784900025040621 0
2.445576031170994 0.1754793967035358 0
2.386810143369051 0.6457287604581367 0
2.3848960232322 0.6180170951894234 0
2.396762013648265 0.6315638358134403 0
3.637139533061381 0.3548435280814489 0
3.635441676491498 0.3829403428728148 0
3.647164286857201 0.3691200912630339 0
0.5739389563965576 0.7515398381633488 0
0.6104587250278311 0.7900694184765511 0
0.6245175174139255 0.704854997088537 0
0.6174881212208783 0.7474622077825441 0
2.15702421757792 0.3941832509633826 0
2.115338133930325 0.4075189960725877 0
2.127253743486932 0.4457309650841858 0
2.142138980532426 0.4199571080237842 0
2.345068938878881 0.4797372028133379 0
2.349645272470139 0.4565886273683761 0
2.327878342712768 0.4530496176261346 0
2.323302009121509 0.4761981930710964 0
2.336473640795824 0.4663934102197362 0
4.310931560269156 0.5648865269319654 0
4.319738026686817 0.6469420761835839 0
4.401634510128524 0.553804081866447 0
4.360686268407671 0.6003730790250155 0
3.4424024073902 0.6542971375035336 0
3.447435312881947 0.7001508580044806 0
3.468141917919313 0.6758146414558843 0
2.858152715359263 0.3156952817386278 0
2.833778975726706 0.2861460998922954 0
2.829652129038534 0.3163059442057736 0
1.379368523659356 0.8504749020829121 0
1.35591241066547 0.8793445883617528 0
1.414245586678097 0.8711303137211592 0
1.385078998671784 0.875237451041456 0
3.850268291014462 0.4518415960118805 0
3.831692993332033 0.4622229837789094 0
3.844074244374762 0.477018670079859 0
3.862649542057191 0.4666372823128302 0
3.847171267694612 0.4644301330458698 0
3.399858411059672 0.4250132303727263 0
3.412210320688997 0.3909873207678651 0
3.372105003446396 0.3781464360757162 0
3.35975309381707 0.4121723456805774 0
3.385981707253034 0.4015798332242212 0
2.370415281682745 0.4814120228241104 0
2.357276897355112 0.4914069346126535 0
1.09061761943396 0.3720267576306611 0
1.070016234710585 0.3734961083854898 0
1.053875154017747 0.5160855433371432 0
1.039697961947129 0.5445626445686751 0
1.060202169531583 0.5364487553643467 0
2.159975579063415 0.6049061303582325 0
2.146992414962651 0.5699342990357348 0
2.106692526323505 0.5834109443721966 0
2.119675690424269 0.6183827756946944 0
2.13333405269346 0.5941585373652146 0
2.420602317692433 0.3856193007616947 0
2.403277978455405 0.3748848192898399 0
2.391835751976455 0.3902180259796772 0
2.406219034834444 0.387918663370686 0
1.922787230350265 0.6395785056434347 0
1.911454605260262 0.6773754485006036 0
1.96438738563919 0.6531509424265771 0
1.937920995449726 0.6652631954635904 0
3.006891101962053 0.2250430204243322 0
3.050388981705924 0.2478175812540475 0
3.037514476374693 0.2134429645084251 0
1.756629334789584 0.7746483121169923 0
1.799928739223652 0.7517682373132613 0
1.787286929061704 0.7863498172704089 0
3.162927737612286 0.3222415888566096 0
3.174867828523299 0.3598506830195865 0
3.216611552865706 0.3458324503512448 0
3.189769645238996 0.3340370196039272 0
0.7909840749650892 0.1999795754599131 0
0.76242138448821 0.1641624155230152 0
0.7278740038785385 0.1896294917882916 0
0.7594290394218137 0.1948045336241024 0
2.655662151765771 0.493123460837661 0
2.675279851519938 0.5198332795570373 0
2.700944999073143 0.5000702270056625 0
2.681327299318976 0.4733604082862862 0
2.678303575419457 0.4965968439216618 0
0.5734496802994418 0.8446840544298726 0
0.5146031266513229 0.809250874350693 0
0.4689312241296602 0.8645668199208205 0
0.5211904522145512 0.8546254371753464 0
1.580428573035086 0.7079886478659747 0
1.606017102834101 0.6798437166139583 0
1.577160846005828 0.6777041314556592 0
2.566108613540241 0.2874275085944507 0
2.583396486752112 0.2991121506391215 0
2.57579392976762 0.2701745239744422 0
2.579595208259866 0.2846433373067819 0
2.663310874848404 0.5668156802527128 0
2.654840724978329 0.6106147137211515 0
2.679993244070654 0.5947566937864811 0
2.659075799913367 0.5887151969869322 0
2.556189145203549 0.3041755543820144 0
2.546454910830329 0.3196626882849536 0
2.562358084850477 0.3323953696498272 0
2.572092319223697 0.316908235746888 0
2.559273615027013 0.3182854620159208 0
3.587359869702095 0.6078089120397527 0
3.595414805430456 0.579123451784367 0
3.577641361671771 0.5880062093844807 0
1.153306676358083 0.1217289229383116 0
1.13741608443395 0.1429435594785216 0
3.131821425173584 0.4525047147777872 0
3.091012368000155 0.454924154930149 0
3.132711544396495 0.496060604503446 0
3.111861956198325 0.4754923797167976 0
1.840467308866989 0.546734535116048 0
1.879343469320685 0.5498256843497016 0
1.880876494599075 0.5083538894904418 0
1.860671901733032 0.5275442123032449 0
4.251727882998992 0.6785217466694594 0
4.28415870435104 0.7566117614621093 0
4.301948365518928 0.7017769188228465 0
2.530244584010439 0.2627860666669142 0
2.546431638548273 0.2751227057292661 0
2.561361110828264 0.2569718718536902 0
2.545802847419352 0.2598789692603022 0
1.426960983802092 0.4771785295985982 0
1.408005328010945 0.503506656594252 0
1.4339021159561 0.522262142743948 0
1.452857771747248 0.4959340157482943 0
1.430431549879096 0.4997203361712731 0
3.651983694104825 0.6804490056568706 0
3.639017757086697 0.6977524698620219 0
3.659721136442715 0.714597062166301 0
3.672687073460843 0.6972935979611496 0
3.65585241527377 0.6975230339115859 0
1.41439940798847 0.4312117504430891 0
1.430997119758169 0.4033817860824004 0
1.405581510315819 0.3880059444472547 0
1.409990459152144 0.4096088474451719 0
2.508511505275135 0.1642107255826284 0
2.518135220827299 0.135835471030722 0
2.500821733847705 0.1463950535866982 0
2.513323363051217 0.1500230983066752 0
2.140003913240203 0.3471765598575701 0
2.06585170548335 0.3388363000974096 0
2.102302860168995 0.3746009347262038 0
2.102927809361776 0.3430064299774899 0
1.129390544866734 0.5366606477367964 0
1.121002734590812 0.517697561031729 0
1.105961571903446 0.54742764907453 0
1.113482153247129 0.5325626050531296 0
3.291612456621233 0.2362392707615636 0
3.327256417005223 0.2215923867288639 0
3.31205419824449 0.1933567724681731 0
3.2764102378605 0.2080036565008728 0
3.301833327432862 0.2147980216148683 0
2.07638915798373 0.77755449998314 0
2.040614331093606 0.7628736020440842 0
2.025649449602335 0.791361419836674 0
2.06142427649246 0.8060423177757298 0
2.051019303793033 0.784457959909907 0
1.292914695990966 0.6822193231577068 0
1.301687625806407 0.6993282503599246 0
1.319020945487935 0.6876799088793862 0
1.310248015672494 0.6705709816771684 0
1.305967820739451 0.6849496160185465 0
2.279883795138413 0.5472957977988233 0
2.254924253861967 0.5454518279999139 0
1.144804899360267 0.428893438655509 0
1.155641686099387 0.4432884511141961 0
1.157879293693442 0.4295727383312651 0
2.482374236515073 0.3120431704616461 0
2.496023551678156 0.3005558076673729 0
2.483613721165951 0.2884945412827812 0
2.482993978840513 0.3002688558722137 0
3.527303000783137 0.4542034918636283 0
3.503719642446064 0.4737091639757487 0
3.504383276228307 0.4510478216439056 0
1.443849592905825 0.4495182741886932 0
1.475748603399259 0.4736070129173259 0
1.463372076897743 0.4188888556345339 0
1.469560340148501 0.4462479342759299 0
2.724210977901502 0.5230264838395664 0
2.692439568744697 0.547746760117956 0
2.712124197548448 0.5788267914775798 0
2.718167587724975 0.5509266376585731 0
1.912262119511883 0.7265609168594126 0
1.871318921620266 0.6763474484791089 0
1.891790520566075 0.7014541826692607 0
3.163276310272051 0.2730192026023936 0
3.122560863686781 0.3234027126920155 0
3.142918586979416 0.2982109576472045 0
1.047436803576636 0.3002589560963919 0
1.040230703098556 0.3230473708469083 0
4.137238118178528 0.6096599047098898 0
4.214462210354316 0.6282721611319066 0
4.229235946321583 0.5700019730843584 0
4.183237032250055 0.5898309388971241 0
1.136133834701264 0.2609359559528828 0
1.118739292349252 0.2758603988091691 0
1.133127010093414 0.2996452928977059 0
1.150521552445426 0.2847208500414196 0
1.134630422397339 0.2802906244252943 0
1.314686833418707 0.7146240764713522 0
1.346614319997718 0.7214837587172471 0
1.334717458375546 0.7030141298536595 0
1.330650576708212 0.7180539175942997 0
3.620485281325945 0.6366496334822694 0
3.620229917301783 0.6090882580920263 0
3.587615233726257 0.635370287429996 0
3.60392257551402 0.6222292727610111 0
2.577090124318778 0.4053713014266105 0
2.590796841298676 0.4197007467778057 0
2.605785580305001 0.4018263193137179 0
2.592078863325103 0.3874968739625227 0
2.59143785231189 0.4035988103701642 0
4.065324069620666 0.5643397082579448 0
4.071474384265715 0.5226468473743376 0
1.016830774520938 0.1688834682420679 0
0.9930621968451103 0.1560494449328616 0
0.9773873464603007 0.1834645672614009 0
1.001155924136129 0.1962985905706072 0
0.9971090604906194 0.1761740177517344 0
2.202354102822789 0.8702244071428915 0
2.167966801021757 0.8454248535437177 0
2.172799189984563 0.8727124267718588 0
3.452496953150959 0.1295986903945043 0
3.418255407663022 0.1542346796576638 0
3.422943493305195 0.1271173398288319 0
1.134391959004699 0.2360770575540824 0
1.148265803170743 0.2471441338299913 0
3.64697375869082 0.4158057464000202 0
3.662421555550258 0.4314316175986169 0
3.675162973691367 0.4154932923120775 0
3.661068366191094 0.4156495193560489 0
2.411344655195641 0.5699829410133336 0
2.395936612738952 0.5857282063581883 0
2.42455981709422 0.5852866059804793 0
2.410248214916586 0.5855074061693338 0
3.672890817029672 0.6174686519957739 0
3.642884091643443 0.6089807293915653 0
3.653348363849721 0.6274770782462302 0
3.657887454336557 0.6132246906936696 0
4.225368428094199 0.467886790385157 0
4.196689234105188 0.4099443298233381 0
4.176339224216086 0.456772899786038 0
1.659501619549083 0.6755297417736872 0
1.630318020005075 0.6494489356374407 0
1.632759361191592 0.6776867291938228 0
2.881519263042362 0.3467252039295119 0
2.910731996235577 0.3216466721371393 0
2.88444235579742 0.3186709769378836 0
3.427743324828701 0.2970509455498471 0
3.393504445704702 0.2696222983448503 0
3.369479551822766 0.2981813115182606 0
3.398611438325734 0.2976161285340538 0
2.176598046942827 0.7012007310111525 0
2.117995008421095 0.6999507137727449 0
2.142408665139954 0.7289951936801868 0
2.147296527681961 0.7005757223919487 0
1.46179225820989 0.7121983555114816 0
1.4309242592014 0.7181290547234981 0
1.439252996135403 0.7498389291256103 0
1.470120995143893 0.743908229913594 0
1.450522627172647 0.731018642318546 0
3.338524341644557 0.1728128316181893 0
3.311725839293437 0.1452046175626162 0
3.311890018768963 0.1692806950153947 0
2.088041235214502 0.8266933627604303 0
2.061432934926789 0.854515448842478 0
2.061428605709624 0.8302788833091038 0
3.861897222611813 0.741734226012143 0
3.922108056558621 0.7383835526029976 0
3.892002639585217 0.7400588893075704 0
1.10747752954427 0.493360043539554 0
1.08948390140207 0.4750493264715928 0
1.06976874040749 0.4932092137567179 0
1.08862313497588 0.4932846286481359 0
0.3605786289430806 0.1604095096505018 0
0.3356660500315218 0.1869211070182434 0
0.364668426363246 0.2153053185861462 0
0.3895810052748052 0.1887937212184046 0
0.3626235276531631 0.187857414118324 0
3.555411316041091 0.4733109395455778 0
3.537954149054191 0.4994374185874636 0
3.560855523081479 0.4951950027451721 0
0.4115106822629402 0.6567150269792792 0
0.4357210218415095 0.7513920036026801 0
0.4236158520522246 0.7040535152909796 0
1.220095703632845 0.6854246980713601 0
1.205890466885349 0.6928788722365599 0
1.216481029611506 0.7055216821415209 0
1.230686266359001 0.6980675079763212 0
1.218288366622175 0.6954731901064405 0
2.734856334502497 0.3226842082266966 0
2.730441092477678 0.3602432315050049 0
2.753665614018546 0.3429326102289887 0
2.14600502672574 0.8009650062159035 0
2.135283154006231 0.8328520951007617 0
2.156985913873749 0.8231949298798106 0
3.396581183728488 0.1983530833716288 0
3.385685096475073 0.1666968134648276 0
3.407418295695755 0.1762938815146463 0
1.338082889957063 0.3503981711584194 0
1.360264010810386 0.3704863140548755 0
1.349173450383724 0.3604422426066474 0
2.587900477863771 0.6491907062040908 0
2.609906343935321 0.6287837152621043 0
2.598903410899546 0.6389872107330976 0
2.299313791047516 0.8251549604623776 0
2.302947123604146 0.8022912213922273 0
2.287877551495475 0.8109360248447441 0
3.553166972866816 0.1974296670226464 0
3.549486628073687 0.1746264304711737 0
3.538107646641969 0.1887652559947481 0
1.562865640794639 0.5258850511092634 0
1.528681442355548 0.524539276951856 0
1.528343554401443 0.5623201606029015 0
1.545604597598041 0.5441026058560824 0
3.830389416292909 0.6398731261395172 0
3.857206132633949 0.658263976791847 0
3.872008196409072 0.6316228266511124 0
3.851198806350991 0.6357479763953148 0
0.2298846354708841 0.5841214625108571 0
0.3327480475195204 0.5354120078760071 0
0.2813163414952022 0.5597667351934321 0
1.344737263852365 0.5782850288565184 0
1.331106278250319 0.5939457488524227 0
1.348555052624891 0.609565482860063 0
1.362186038226937 0.5939047628641587 0
1.346646158238628 0.5939252558582907 0
1.067467416838196 0.4566412819861697 0
1.086828787199637 0.45427312357075 0
2.572794435053335 0.2441367371513396 0
2.587227253992691 0.2573393892720916 0
2.574294182410477 0.2571556305628909 0
0.6808777021464787 0.292407498056563 0
0.6581601403967228 0.2697613849484734 0
1.741031946376202 0.727482578847563 0
1.701381437767083 0.7438532608515769 0
1.729005386278333 0.7592507864842846 0
2.563752867937598 0.1233977570275756 0
2.540521621556125 0.1200017246139065 0
2.552041073612746 0.1384751225655577 0
2.615760781454647 0.2485912882875589 0
2.64507632483025 0.2609804276845571 0
2.637396381178131 0.2390086574023907 0
0.6737474153922336 0.1293842016977992 0
0.6342766959423947 0.1560688518352601 0
0.6421383479711968 0.12803442591763 0
0.8122075171241487 0.2552888238424071 0
0.8181116216855795 0.3022901809935382 0
0.7935053540933947 0.2831425780808861 0
1.743362732331354 0.5447134227231037 0
1.718764573085297 0.5780645655387465 0
2.992608415850961 0.4548596478381817 0
2.968481749987645 0.4207596939016516 0
3.666498277169462 0.7543861091780796 0
3.682412246799131 0.7333550891247115 0
3.663109706806089 0.7344915856721903 0
2.274348930915768 0.3852704963130872 0
2.260120966006299 0.3583007810748552 0
1.285829434489383 0.7118062274393759 0
1.298828642101681 0.7271020535508036 0
1.300258133954045 0.713215151955364 0
1.069096613633691 0.1218417637117876 0
1.061681776641119 0.1624228378366254 0
1.078744863728669 0.1430649840197289 0
4.241531209686938 0.3464538587627624 0
4.274175506162745 0.2595721996322973 0
4.29301062638785 0.3186844514919485 0
3.641247568806439 0.6388865900354943 0
3.657286660400605 0.6540960305601953 0
3.669387455443887 0.6426865187709312 0
3.655317512125163 0.6407865544032127 0
2.952374701179846 0.2547220357282852 0
2.991746729962928 0.2714633274990412 0
2.97963290157095 0.2398825280763087 0
2.699497578926022 0.1718599325751957 0
2.666199560560792 0.1807850868282858 0
2.708389262000266 0.2062594580116481 0
2.687294411280529 0.1935222724199669 0
2.777528507455833 0.4707679975052372 0
2.812001743952935 0.4701244170539363 0
2.777713065209688 0.432024618265836 0
2.794857404581311 0.4510745176598862 0
1.809173958150012 0.3066647807850015 0
1.871615371146171 0.282273851635878 0
1.853951984014335 0.3258403188790688 0
3.964571606340035 0.7509788968445603 0
3.948805765576942 0.7950937732404121 0
4.006998687957467 0.8101872301283575 0
4.022764528720559 0.7660723537325057 0
3.985785147148751 0.7805830634864589 0
3.360962388752242 0.1916780510726607 0
3.356085426324546 0.2142183063802784 0
3.391704221300792 0.2208933386792465 0
3.376333305026517 0.2062856948759536 0
2.105329308625974 0.7849551206758703 0
2.110372681234083 0.8076912512105608 0
2.140961654117631 0.7782288756812128 0
2.125667167675857 0.7929600634458869 0
0.9581993758216989 0.530145674199797 0
0.9221175280011034 0.4761553293139977 0
0.9110639920401189 0.5171291924943573 0
0.940158451911401 0.5031505017568974 0
1.120477134793786 0.3177507479138281 0
1.094973109066302 0.302896517375021 0
1.101491143676135 0.3235190591363113 0
0.6648671048531067 0.1905414581381709 0
0.699734414383713 0.1602752614600658 0
0.696370554365823 0.1900854749632312 0
2.518362986349658 0.1800244560961217 0
2.529606299202515 0.196186496804293 0
2.54635434128323 0.1833622226105504 0
2.532358663816444 0.181693339353336 0
2.366155470681995 0.5731537365796409 0
2.351219435497141 0.5477616502681288 0
2.327603545547813 0.5633149069353846 0
2.346879508114904 0.5682343217575127 0
1.313977110190047 0.5479077150173466 0
1.315099374535346 0.5777916754445819 0
1.329076484725393 0.563146758882981 0
1.314538242362697 0.5628496952309643 0
1.291416445018098 0.810091286478587 0
1.276587242757811 0.7903777807806833 0
1.273680693926097 0.806877466193738 0
1.284001843887955 0.8002345336296351 0
3.628552170387429 0.4056902987524593 0
3.621608824869176 0.3909011960160893 0
3.617539850165151 0.5822390236509907 0
3.630211970904297 0.5956098765212779 0
3.842002139206815 0.703253292852634 0
3.849604135920382 0.6807586348222405 0
0.8655853803974867 0.1294562618935641 0
0.9055758302864922 0.1558452892868363 0
0.8935773888274563 0.1279226446434181 0
3.617392748218353 0.429256686273068 0
3.578220538227305 0.4394157924896253 0
3.602611346602507 0.4558588117405347 0
3.597806643222829 0.4343362393813466 0
2.377813327659561 0.5957879212161329 0
2.371040461701975 0.6102609718856183 0
0.9890801637849171 0.7464371520097608 0
0.9543380773396062 0.7863255578127055 0
0.9982979691886564 0.8170220591127573 0
1.033040055633967 0.7771336533098125 0
0.9936890664867866 0.781729605561259 0
3.535016208294349 0.5558941454277277 0
3.50155306008873 0.5519200049445027 0
3.498102937909404 0.5861065360082639 0
3.516559573101877 0.5710003407179959 0
0.7743908150973695 0.5560075686991593 0
0.6902253642466998 0.5991367666245484 0
0.7323080896720346 0.5775721676618538 0
1.075748171456967 0.8003398938190813 0
1.100414692861321 0.7609287480677349 0
1.066727374247644 0.7690312006887737 0
2.563111929719252 0.4515272853059538 0
2.576771077713438 0.4356249037294801 0
2.563659147994186 0.4215449868445789 0
2.563385538856719 0.4365361360752664 0
2.289926105501716 0.6520524302539665 0
2.269726015755809 0.6411994835455457 0
3.540221631389405 0.3474884234125362 0
3.520234648182114 0.3577290201775128 0
0.5413056699079779 0.1926709229851249 0
0.5148334166587964 0.1643533008878533 0
0.4858264082850381 0.1964467768079566 0
0.5135660390965078 0.1945588498965408 0
3.488343706408619 0.2024504235305973 0
3.473721324454525 0.1562434815466711 0
3.481032515431572 0.1793469525386341 0
2.237950425378263 0.7970232567683706 0
2.223483790840299 0.8434564139665323 0
2.230717108109281 0.8202398353674514 0
2.259287582754351 0.8732320068236408 0
2.230820842788571 0.8717282069832661 0
3.509382266040409 0.1266447911521667 0
3.480939609595684 0.1281217407733355 0
2.622899984948235 0.5509512342078797 0
2.593117741796301 0.5747913229551646 0
2.608008863372268 0.5628712785815221 0
1.373853243978901 0.4475082372617624 0
1.343574735091334 0.4244195744625579 0
1.358713989535118 0.4359639058621602 0
1.350853400420984 0.4904433850938359 0
1.362935421152839 0.4725905483866674 0
1.33147542439054 0.4786380756225599 0
1.347205422771689 0.4756143120046136 0
2.611725140314463 0.5257563967446309 0
2.599626352482299 0.5080644463970185 0
2.580733105470994 0.5204754293349014 0
2.596229122892729 0.5231159130397662 0
2.194468860918957 0.6049170747066163 0
2.219016559371171 0.5970435866206546 0
3.450067476865483 0.612418735494181 0
3.408969655077489 0.6045231906012781 0
3.401304585602206 0.6464015926106307 0
3.425686031233845 0.6294101640524059 0
1.418918733144262 0.6027123805171231 0
1.396198988639762 0.5864874773687183 0
1.414193259411399 0.5841074997274698 0
1.565133343602018 0.4526509562900624 0
1.524307183884106 0.4909354470011068 0
1.559901113448752 0.4940380811156198 0
1.544720263743062 0.4717932016455846 0
1.402769184689137 0.6647091934581171 0
1.420078427027548 0.6917912645072117 0
1.449000672679899 0.6732684570449958 0
1.431691430341488 0.6461863859959012 0
1.425884928684518 0.6689888252515565 0
2.416326111649338 0.4971078291172097 0
2.396594601076846 0.4860443123678273 0
2.403707848501206 0.5215705688995094 0
2.400151224789026 0.5038074406336683 0
1.169642985449034 0.6629342380200791 0
1.155034495180867 0.6465420281970666 0
1.135271891618457 0.6571782688825746 0
1.152457438533745 0.6600562534513268 0
1.860284240912532 0.6330979344237617 0
1.894138669311563 0.6226410634035249 0
1.879160120148977 0.5820761170750326 0
1.845305691749946 0.5925329880952696 0
1.869722180530754 0.6075870257493972 0
3.146081254340218 0.3775004086458829 0
3.111533592967918 0.3668956692792738 0
3.096489731129719 0.4082597236497666 0
3.131037392502019 0.4188644630163758 0
3.121285492734969 0.3928800661478248 0
0.8139826426817258 0.4589379281889208 0
0.884865309982461 0.4573936959743256 0
0.8494239763320934 0.4581658120816232 0
1.633334381427373 0.2824058521943555 0
1.685295610667402 0.3177389694243247 0
1.724450204539498 0.2564389836869334 0
1.67248897529947 0.2211058664569642 0
1.678892292983436 0.2694224179406445 0
2.930662250828715 0.6799625688133161 0
2.880656138340213 0.715915645999796 0
2.919761726904266 0.7763945511234679 0
2.969767839392769 0.740441473936988 0
2.925211988866491 0.728178559968392 0
3.68629973809557 0.4868510921362187 0
3.672348199564893 0.501382600266695 0
3.686048461469324 0.5173999291831078 0
3.686174099782447 0.5021255106596633 0
2.813668052768387 0.5445851023400291 0
2.808675142115202 0.5024624894878299 0
2.773030137202662 0.5053453605696192 0
2.793349094985524 0.5249652314548242 0
1.889384419693373 0.4695711842861841 0
1.906261760509 0.4942407689584876 0
2.344893171243098 0.3403212675975524 0
2.334074600661776 0.3608763407122494 0
3.816349468577111 0.2431448460801632 0
3.814895258279369 0.2266451198012164 0
1.601906995608528 0.5231506459239227 0
1.631049387486706 0.5873064289135138 0
1.616478191547617 0.5552285374187182 0
2.400897909480887 0.4638855531397914 0
2.374718590086786 0.4592532635960744 0
2.385656595581816 0.4726487879819509 0
3.901383264217595 0.647777554092633 0
3.917233278136228 0.6162740361941085 0
3.887858210327705 0.6001193087525878 0
3.89462073727265 0.6239484314226105 0
3.446289318995506 0.3912757193424847 0
3.470326571698047 0.3995204148646345 0
0.599786631772385 0.3570135740411251 0
0.6321277173214639 0.3863341654791973 0
0.6311899751960401 0.3550697781915351 0
1.128749660206717 0.5631065330670424 0
1.140289248265556 0.550110457884595 0
0.8878494648758435 0.5428513890768103 0
3.352284370724379 0.6341156386971947 0
3.36831416591448 0.5910018197241957 0
3.319560433006677 0.5741820275726746 0
3.303530637816576 0.6172958465456736 0
3.335922401865528 0.6041488331349346 0
3.931960931225546 0.5912680766234671 0
3.937406285920269 0.611094880906515 0
2.85098815594911 0.473550885100688 0
2.881146866083009 0.4092926642869061 0
2.866067511016059 0.4414217746937971 0
3.570447911074239 0.6740988606281726 0
3.562659194807768 0.6406124053874253 0
3.579031572400248 0.6547345740290843 0
1.154106195443684 0.3554894219809814 0
1.142672836807356 0.3372033063939839 0
1.138485321232132 0.3525610778384851 0
1.348915762202778 0.3949547848814881 0
1.381143607754572 0.3780427612606537 0
1.365029684978675 0.3864987730710709 0
2.598540751897853 0.604313260280947 0
2.63060689549609 0.6209081736018176 0
2.614573823696972 0.6126107169413824 0
3.754379167838041 0.6889270453481218 0
3.755638551519017 0.7171209874602276 0
3.755008859678529 0.7030240164041747 0
2.597789473391417 0.1467667437158957 0
2.597236761311252 0.183025538370874 0
2.61569331019185 0.1658756854514897 0
2.597513117351334 0.1648961410433848 0
3.744638293633124 0.7752786082145144 0
3.747734502357877 0.7435868812019114 0
3.730401225771284 0.7560134451830436 0
3.7461863979955 0.7594327447082129 0
3.546008425781824 0.1513201636534882 0
3.527695345911116 0.1389824774028274 0
2.29588102808364 0.8485163758074091 0
2.277584305418996 0.8608741913155249 0
0.9437735233811666 0.4336241237638052 0
0.9143194166818138 0.4455089098690654 0
3.900831642981682 0.8604911915074092 0
3.852522864771651 0.8255466237400982 0
3.81280233290108 0.8650554322326891 0
3.856816987941381 0.8627733118700491 0
1.475086597808787 0.3099999961618435 0
1.513224658863946 0.3431268982554854 0
1.548802793967935 0.3008071836776656 0
1.511944695888361 0.3054035899197545 0
3.145095469317483 0.5429933950286383 0
3.161778848528982 0.512915984694401 0
1.751021139191161 0.3853615011955152 0
1.776689700660574 0.4197735381017774 0
2.994658554455627 0.6136023834639052 0
3.021476857484556 0.581013993607261 0
1.14643873915731 0.4582816321043193 0
1.162169675233842 0.4682132234235639 0
1.171372622175919 0.4532200424334408 0
1.158905680666614 0.45575083726888 0
4.451026894871015 0.5098293082563072 0
2.761852203998655 0.6552474918323283 0
2.724159243941282 0.6887360908440767 0
2.797267465435264 0.6977260787300599 0
2.760713354688273 0.6932310847870684 0
1.136488627506728 0.4035023910160694 0
1.129049071949938 0.4201990736191056 0
3.70571580133492 0.6862776247406197 0
3.693886466159872 0.7090559265626054 0
3.689201437397882 0.6917856113508847 0
1.294094596126757 0.7582922914462855 0
1.280068097404993 0.7715893971184222 0
1.295849488309667 0.771170472190962 0
0.476147664885521 0.3943249508874556 0
0.3844314547419247 0.4126474483233394 0
0.4302895598137226 0.4034861996053974 0
1.316006903714973 0.6085488102499461 0
1.315553139125159 0.5931702428472639 0
1.197817726078568 0.7158797106412481 0
1.187432904753524 0.6897692000669617 0
1.178643121365607 0.7069312260878351 0
3.936872442877745 0.689797269131179 0
3.95072202460889 0.7203880829878696 0
2.65991453749193 0.3900826539684757 0
2.638491786564329 0.4108417302645519 0
2.657111253452965 0.4096399353086578 0
1.384268136660765 0.6794075224000666 0
1.369374039819885 0.7114611147963575 0
1.39348731823221 0.7010614192562534 0
1.376821088240325 0.695434318598212 0
1.3571786956146 0.7750270558285199 0
1.360187466880789 0.752979553334842 0
1.342621890038704 0.7616421536692474 0
2.801517016294778 0.2613271962570648 0
2.857388218032486 0.2563271642753214 0
2.829452617163632 0.2588271802661931 0
3.65519073665214 0.51878362046485 0
3.657098469776096 0.4813284952584203 0
3.656144603214118 0.5000560578616352 0
3.226330948589814 0.1848243205213236 0
3.24507698594299 0.2197876211333838 0
3.251370593225157 0.1964139885110981 0
1.975806550300868 0.8148060022010145 0
1.994264258846972 0.7795990137367299 0
2.000727999951602 0.8030837110188442 0
3.816440171820848 0.1663725130673398 0
3.829881219802475 0.1869915908001356 0
3.814940609901237 0.1807984269790152 0
1.316495172437967 0.6413237546797461 0
1.31337159405523 0.6559473681784573 0
2.618475240716151 0.4951812456758639 0
2.603891238900759 0.4936898664579972 0
2.157750789157051 0.513955490294316 0
2.142432567092809 0.4815747307824697 0
2.168173250584401 0.4889607326456114 0
1.478345763137431 0.6286006504252173 0
1.481336796765925 0.665129063329403 0
1.501424552841948 0.6468608706170105 0
2.434710172412603 0.5139207090807715 0
2.431615939236735 0.4803186989838067 0
2.433163055824669 0.4971197040322891 0
3.665315683736901 0.4559598628176321 0
3.674924290107919 0.4430689779126278 0
3.65281294917924 0.4443225025036212 0
3.66386861964358 0.4436957402081245 0
1.370442905569702 0.5025711124956909 0
1.355560926543349 0.5045100954690979 0
1.544602203149875 0.7323489015875391 0
1.604088274768159 0.7399231262517466 0
1.574345238959017 0.7361360139196428 0
2.102340262096581 0.6639277150493794 0
2.092388878569374 0.6892428465348797 0
3.354300524602989 0.3336914860737217 0
3.344087882216331 0.3088196291558904 0
3.685880716145176 0.5761483809540587 0
3.687651998229899 0.5465350238121586 0
3.686766357187538 0.5613417023831087 0
2.522553360106595 0.2212315122589129 0
2.508022280179851 0.2310165956286961 0
2.517997033456061 0.2457395957574857 0
2.520275196781328 0.2334855540081993 0
0.8944880947208778 0.249575638537736 0
0.8571154087759529 0.2513914214349466 0
0.8571587852374152 0.2915744117229788 0
0.89453147118234 0.2897586288257681 0
0.8758234399791465 0.2705750251303574 0
2.28058823892126 0.7041964829251336 0
2.282300030644452 0.6794983444620359 0
2.267369734556175 0.6908064736506452 0
3.532731435739444 0.3198128433333227 0
3.531018828871719 0.2951835106832538 0
3.517900034337492 0.3083402767907323 0
2.738485419107349 0.4397474565824868 0
2.710721070025818 0.451368562812965 0
2.721333629407936 0.479877359269301 0
2.749097978489467 0.4682562530388228 0
2.729909524257643 0.459812407925894 0
2.924246933400875 0.1644098397181037 0
2.89760393085008 0.1891909941553244 0
2.921238696092296 0.1925656639087436 0
2.43397288757584 0.4254892421481196 0
2.422912985765661 0.4404802178982866 0
2.438940098189821 0.4524383441712197 0
2.43645649288283 0.4389637931596697 0
3.291721725417428 0.4632464725090781 0
3.274895242900991 0.4961304709042748 0
3.309717887331792 0.5138176909306085 0
3.326544369848229 0.4809336925354118 0
3.30071980637461 0.4885320817198432 0
2.018469548688622 0.4941013249556724 0
2.036679611599891 0.53125423737771 0
2.07302260050591 0.5130001807888057 0
2.054812537594641 0.4758472683667681 0
2.045746074597266 0.503550752872239 0
1.107042529369752 0.3755594757426301 0
2.49420556514168 0.174103298080718 0
2.481459731803468 0.1590372014294795 0
2.479770916055073 0.1732860444918637 0
3.91912785354767 0.668787411611906 0
2.089132979179457 0.6316702706227835 0
2.111007976260425 0.6411552453720369 0
3.341601373578924 0.3652716613536327 0
3.363202764024693 0.3559189610747189 0
2.423832676578861 0.5580475900693743 0
2.413583385094857 0.5458296349287804 0
2.401095363711637 0.5577649858727397 0
2.412464020145249 0.557906287971057 0
3.623036938303652 0.1672989214070357 0
3.623128074377601 0.1453662216350374 0
3.597167569218048 0.1682619599272062 0
3.610147821797824 0.1568140907811218 0
2.373080217364722 0.8545813418999935 0
2.372961303167985 0.8326207823006485 0
2.347068070218167 0.8316256300039038 0
2.360074143791445 0.8431034859519486 0
3.133286188978319 0.6538504878644942 0
3.196659337368083 0.5966502074480911 0
3.144182112465451 0.5927337841493048 0
3.164972763173201 0.6252503476562926 0
1.645998853048896 0.8092832884511839 0
1.67333399258862 0.8347704429439051 0
1.670013842426946 0.806177788635414 0
4.17059533467055 0.2920323574768016 0
4.183642284387869 0.3509883436500698 0
2.507778215681017 0.3107676058078233 0
2.516938415002972 0.3016618012950817 0
2.505183751000111 0.2914500031546314 0
2.506480983340564 0.3011088044812273 0
3.144561962560906 0.1531277231408766 0
3.134776953226232 0.175774583443862 0
3.165154150667665 0.1995604168230548 0
3.17493916000234 0.1769135565200693 0
3.154858056614286 0.1763440699819657 0
1.884737756921827 0.8242050332020395 0
1.894420755971131 0.8467856786355963 0
1.924614012542158 0.8228913107938414 0
1.914931013492853 0.8003106653602847 0
1.904675884731992 0.8235481719979405 0
1.779282278537859 0.2366476211843653 0
1.84860541891823 0.2292227000593196 0
1.838685880751119 0.1485917797327658 0
1.808984079644489 0.1926197004585655 0
2.636516218337318 0.2901221219799737 0
2.668395661710703 0.2993239464848233 0
2.676955768203635 0.2701822521894068 0
2.656735993270477 0.2801521870846902 0
1.415762376070144 0.2940675052316963 0
1.392385413659947 0.2988967804073569 0
2.665254635555403 0.7051178390605857 0
2.641999082832259 0.7004283589468205 0
2.938242013370944 0.2902430932881263 0
2.930496459191506 0.2656038661565308 0
3.412185684872422 0.4788116836259543 0
3.399620626583886 0.5133335223865693 0
3.437183380862802 0.5268499472741253 0
3.424684532867612 0.5028308154500398 0
1.176052645166309 0.1908403352724308 0
1.14228985859348 0.2007429591833868 0
1.159171251879895 0.1957916472279088 0
1.386592976058675 0.4839543169778991 0
1.397510798884738 0.4588720058529941 0
1.380223110018788 0.4657312771198308 0
2.732756639528124 0.4032510568494253 0
2.755234852368906 0.4176378375576307 0
1.462982050840766 0.5424977179060105 0
1.490247140964219 0.5537745450257913 0
1.500500432866664 0.5266967728130337 0
1.473235342743211 0.5154199456932529 0
1.481741241853715 0.5345972453595221 0
0.519387726238417 0.4468830169208598 0
0.5095547600604897 0.4970359176753409 0
2.591008420227424 0.4515719996036206 0
2.59090263076305 0.4356363731907131 0
1.028401067090291 0.2677316192122421 0
1.009923724138417 0.2410200188324349 0
1.003447777559882 0.2665183633431667 0
3.646605218419393 0.2916616381037816 0
3.628190284579014 0.2846855350443233 0
3.618940353441191 0.3067978730968276 0
3.632772785930292 0.2992297556003046 0
2.378025203860671 0.7153562311502117 0
2.396457761938187 0.7084447015152134 0
2.368730101548445 0.6933409512731941 0
2.382593931743315 0.7008928263942038 0
1.317859781695381 0.8099196677697484 0
1.334566602320424 0.7999299263800056 0
1.319878194027976 0.7963092890742821 0
1.147193449153413 0.4820227896810776 0
1.172314953427172 0.4781832394705622 0
1.159754201290292 0.4801030145758199 0
1.330270556059632 0.8630826993762934 0
1.342554834919732 0.8381484561822752 0
1.316593072882204 0.8283561417154516 0
1.323431814470919 0.8457194205458725 0
3.688225993039171 0.3367085682717491 0
3.685137999938502 0.3686993467943531 0
3.686681996488836 0.3527039575330511 0
2.438164929350796 0.6633814961053601 0
2.435007105802225 0.6315126552038246 0
2.436586017576511 0.6474470756545923 0
1.483884122378551 0.5885187818432805 0
1.506113838389997 0.575419471223091 0
1.586459568262056 0.1650891655991526 0
1.645966709871957 0.1605529332284821 0
2.835444939502702 0.8341541813229382 0
2.894603085674355 0.838197275561734 0
3.309043971660687 0.4301744576517131 0
3.275452794431069 0.4128242111467888 0
3.25813054818781 0.4458962260041537 0
3.283587259924249 0.4380353418279334 0
3.42309831715426 0.5643005175003928 0
3.382442827991251 0.5507791466233104 0
3.39570624153437 0.5776511686122943 0
1.157993677530476 0.3812787037088289 0
1.147241152518602 0.3923905473624492 0
0.3889497425412163 0.1289241473177852 0
0.3321552021913377 0.1314853623327166 0
0.360552472366277 0.1302047548252509 0
1.248064625607692 0.7334215971273854 0
1.227664013456266 0.7208911552109657 0
1.232016733862997 0.7353175853971461 0
1.237864319531979 0.7271563761691755 0
3.644725616127608 0.5365425956916582 0
3.623827785846583 0.5322143711371063 0
3.619800109850368 0.557406370654734 0
3.632262862988988 0.5469744831731961 0
3.4595773308348 0.3186676575382567 0
3.44754866362335 0.347832613095148 0
3.469126680673626 0.3387995525368409 0
2.196241033156067 0.6497245408060112 0
2.208525607100704 0.6795898334561409 0
2.218085310455185 0.6592639054341288 0
2.323355023100405 0.8285429271045472 0
2.309618025592023 0.8385296514559781 0
3.573492299981984 0.1712895173547112 0
3.559750362881904 0.1613048405040997 0
3.841604131046707 0.7715455469954771 0
3.821240662692899 0.8030368181174359 0
3.847063497909179 0.7985460853677877 0
1.510215850532412 0.7426716805343088 0
1.494128382295916 0.7040589617958888 0
1.519365292722896 0.7182039316917139 0
0.7651021178419954 0.7187553170978174 0
0.6900077522248842 0.6653713006736792 0
0.7275549350334398 0.6920633088857483 0
2.407995381735122 0.3514344644292328 0
2.419188756384228 0.3355500624598874 0
2.402936137567543 0.3268366745549834 0
2.391742762918438 0.3427210765243289 0
2.405465759651332 0.3391355694921081 0
1.246401525657175 0.8199626746367535 0
1.266795347620106 0.826004649504968 0
1.253286871963166 0.8008354913255236 0
1.260041109791636 0.8134200704152458 0
3.864119701553622 0.5842106820840298 0
3.905272695036392 0.5766509943714249 0
3.884696198295007 0.5804308382277273 0
2.280293828243015 0.7543685051611152 0
2.280525440939841 0.7292920920868207 0
2.249115394159484 0.7542078598599832 0
2.264820417549662 0.7417499759734019 0
3.530947678643891 0.2701090947012568 0
3.530665590082437 0.2451316091643909 0
3.499622789735764 0.2450661678763432 0
3.515285234189828 0.2575876312888 0
0.9078004514355191 0.7548613266355434 0
0.8758894576522098 0.7926155099711828 0
0.9224270835562971 0.8240797411483449 0
0.915113767495908 0.7894705338919441 0
0.9876424366348042 0.6793127229311927 0
1.025017693451956 0.6523374735207185 0
0.9971061684786515 0.6136268821363539 0
0.9597309116614994 0.640602131546828 0
0.992374302556728 0.6464698025337733 0
1.405049688383156 0.7826952566547963 0
1.443881369929101 0.7802898911837459 0
1.42215134225928 0.7662670928902033 0
3.368055402886835 0.2504663885282794 0
3.347655909946029 0.2360293876285716 0
2.117014917066779 0.7483247945543032 0
2.096702037525255 0.7629396472687215 0
3.903980761036325 0.478719753590723 0
3.921280096046641 0.5154395421482961 0
3.940317103587492 0.463640909496647 0
3.930798599817066 0.4895402258224716 0
3.790400925011737 0.7442358518719344 0
3.801610493804259 0.7660026698292256 0
3.819047468348625 0.7553738097388147 0
3.804724196680181 0.7498048308053746 0
1.137980824346226 0.6333445655523566 0
1.151936706718346 0.633488801040021 0
1.261164617600987 0.8492850504011445 0
1.290149736204921 0.8285277604242901 0
1.275657176902954 0.8389064054127173 0
2.40407272696283 0.7607029503100025 0
2.421030069422923 0.7513265576315382 0
2.407810789799078 0.7295565091625289 0
2.390853447338984 0.7389329018409931 0
2.405941758380953 0.7451297297362658 0
3.671092379457012 0.2486870351257013 0
3.654159645363606 0.2392778574230891 0
3.640978933675644 0.2610752088455338 0
3.657911667769049 0.270484386548146 0
3.656035656566328 0.2548811219856175 0
3.822137035235022 0.3363606221454591 0
3.817903181027244 0.3045752877901595 0
3.820020108131133 0.3204679549678093 0
1.315426857240702 0.3320456989192268 0
1.314964348078222 0.3487146537764524 0
1.338545399119543 0.3337292163011937 0
1.326754873598883 0.341221935038823 0
2.564885493558608 0.6511105532066429 0
2.565368987644982 0.6678151276062219 0
2.588383971950145 0.6658952806036698 0
2.576634732754377 0.6585029169051563 0
2.421428028409522 0.5300904664248179 0
2.395863205186541 0.5373097374034719 0
2.408645616798032 0.5337001019141449 0
0.413871653905598 0.2105126343165729 0
0.439060879093244 0.1795800447785115 0
0.4147702304624508 0.1578611316803433 0
0.4143209421840242 0.184186882998458 0
3.820052689640143 0.4959317150962949 0
3.815673511541844 0.5231756657292184 0
3.817863100590994 0.5095536904127567 0
0.4982371110268873 0.1316385844706608 0
0.4442415405528131 0.128936984362558 0
0.466162862106017 0.1605755688332188 0
0.4712393257898499 0.1302877844166094 0
2.504057046216203 0.1899170285942113 0
2.495465132272261 0.217171224835629 0
2.513272187004032 0.2057300409896244 0
2.499761089244232 0.2035441267149201 0
3.687498837573958 0.4287442314804416 0
3.68766413611741 0.4000911660947938 0
3.687581486845684 0.4144176987876177 0
2.437114820581943 0.5717199379884857 0
2.437444996512277 0.6002245627288356 0
2.43727990854711 0.5859722503586607 0
1.447447763957023 0.6230736539432803 0
1.465665943167787 0.6057962178932804 0
0.9819530292531919 0.5830699965790808 0
1.020332905899364 0.5655704123170238 0
1.008719537189008 0.5895986472266888 0
3.25971566521445 0.251873012191433 0
3.237044626819515 0.2419160787320592 0
2.008560813995246 0.7472519166067404 0
1.986038862151002 0.7573796701547374 0
2.307145704836832 0.2749853534293665 0
2.277083242214373 0.2939034771241321 0
2.30419329417014 0.2992213604055096 0
2.393141848104554 0.3635163503493558 0
2.405636680095264 0.3631596418595364 0
3.663824054424976 0.3029191152199779 0
3.675130503774632 0.2817418636643423 0
3.660867861097013 0.286701750884062 0
2.413705627996357 0.6972058584952902 0
2.425058655857248 0.7183176661426056 0
2.410758208897717 0.7133811838289096 0
3.074213502646074 0.310389359257508 0
3.033769175345454 0.2919577044041757 0
3.062301242175999 0.2791034702557777 0
0.5745683626289861 0.3291859265365347 0
0.573622825730149 0.3549097525287476 0
2.646151157623645 0.5389021996917941 0
2.634976312989874 0.5137073622285454 0
2.628938148969054 0.5323292982182125 0
1.343389928242332 0.5466818764017319 0
1.344063596047349 0.5624834526291251 0
0.9530892460923179 0.7137858814274182 0
0.9883613002098608 0.7128749374704768 0
1.917245937317939 0.5849400422186481 0
1.898294703319312 0.5673828632841749 0
2.435220392348415 0.3265644518404262 0
2.446099253163124 0.3154449004691514 0
2.017365283788498 0.3407862964920175 0
2.010226834210735 0.2637392950072126 0
1.939499629993691 0.2608455999342421 0
1.978432456891094 0.3008159482131298 0
3.170205761750104 0.4151315294691789 0
3.151013593461844 0.433818122123483 0
1.823434284030683 0.6892109521480828 0
1.78315913468246 0.7074839212332049 0
1.811681511627167 0.720489594730672 0
1.99956847477136 0.4559934079449861 0
1.979731341011692 0.5147770625660909 0
1.989649907891526 0.4853852352555385 0
0.7338817358335832 0.1308910597622665 0
0.7641054290862095 0.1320812077615077 0
3.46965288523657 0.808407698473094 0
3.492927974825272 0.7637726780481304 0
3.447154270547992 0.7426501553042801 0
3.423879180959291 0.7872851757292436 0
3.458403577892281 0.775528926888687 0
4.075685025898791 0.6194939647832332 0
4.089148697385468 0.6884733731603443 0
4.150701789665206 0.6786393130870011 0
4.113193407781998 0.6490666389351171 0
4.039702659315268 0.1455686638885429 0
4.0853023167075 0.1932983776546752 0
4.151155212947786 0.1477297137661323 0
4.095428936131527 0.1466491888273376 0
3.942472978077166 0.2269256105233672 0
3.976109583114607 0.268897452075694 0
4.024043527605142 0.2336575550208751 0
3.9904069225677 0.1916857134685482 0
3.983258252841154 0.2302915827721211 0
3.894875756596264 0.4124042964918206 0
3.868932063090481 0.4315476653544172 0
3.890361295644357 0.4551419799287015 0
3.91630498915014 0.4359986110661048 0
3.892618526120311 0.433773138210261 0
3.288392673664038 0.3795665113379745 0
3.324904290802674 0.3966517726483239 0
3.314997023621481 0.3724190863458036 0
2.035412007314239 0.61764718879339 0
2.071803531450153 0.599764685325234 0
2.062272493246848 0.6246587297080868 0
1.184897571186901 0.3945276011463673 0
1.18943446843688 0.3679350991910958 0
1.174332039623781 0.3789627003374632 0
1.187166019811891 0.3812313501687316 0
1.526861499297092 0.1523296441763809 0
1.429920970192764 0.146352486893093 0
1.465115802823189 0.198682131069474 0
1.478391234744928 0.149341065534737 0
2.05524775799327 0.5652489421034457 0
2.003136524094967 0.5501603188600745 0
2.021704670488347 0.5841550235858102 0
2.029192141044119 0.5577046304817601 0
0.5712740129700777 0.2161755026551993 0
0.5785031254082504 0.2741825489878559 0
0.5748885691891641 0.2451790258215276 0
2.776530833747243 0.8473379425952969 0
2.714640776793859 0.8008016193668013 0
2.679776609713282 0.8534636767715045 0
2.728153721730262 0.8504008096834006 0
3.619492235936105 0.1870604045753544 0
3.64281707001641 0.187587058985589 0
3.646361772383957 0.1678255758172703 0
3.632927004160031 0.1774429901963123 0
2.392745822828377 0.8123494732253687 0
2.369395553456544 0.8128438730098816 0
2.396311572539817 0.8321263825161356 0
2.382853562998181 0.8224851277630085 0
1.403162399528727 0.6258251125697439 0
1.425305081742875 0.6244493832565121 0
2.746592917609074 0.2809286251608713 0
2.774054966951926 0.2711279107089681 0
1.213408416897801 0.7629901120505849 0
1.196978689518252 0.7560243984115337 0
3.673725190629531 0.4713337333052471 0
3.648688962883466 0.4659546247708053 0
3.661207076756498 0.4686441790380262 0
2.178108306109741 0.6273153355821218 0
3.429879492156174 0.3694099669315065 0
1.028311064600671 0.2163573676562228 0
1.005539824137273 0.2186593047015211 0
1.441070173336397 0.5438997708015978 0
3.605233184211389 0.7888072082985693 0
3.640862766029487 0.7829862529997866 0
3.591513353274125 0.7495346789173032 0
3.616188059651806 0.7662604659585449 0
3.599794042605058 0.2105253216803472 0
3.598983160063049 0.1909523251853761 0
3.609643139270581 0.1987928631278508 0
2.349643302391172 0.7893251012446982 0
2.348851959021525 0.8089053995616695 0
2.359519427923858 0.80108448712729 0
2.576616522876758 0.1955527129064129 0
2.589344961191576 0.2186047503262531 0
2.593290861251414 0.2008151443485636 0
2.077651093893614 0.4215679865682094 0
2.039318283136624 0.4369655888199756 0
2.093145348351631 0.4604496661150019 0
2.066231815744128 0.4487076274674887 0
3.251588911228963 0.6066447372129158 0
3.269802847389091 0.6417650764096112 0
2.647545228685605 0.3535884031965063 0
2.653729883088767 0.371835528582491 0
1.182254044779135 0.1366499755698906 0
1.176653338179041 0.1183249877849453 0
3.118533404138703 0.5685028991621416 0
3.591430381976232 0.3296970858666898 0
3.611939435901374 0.3344328380378804 0
3.598431299516049 0.302062120925637 0
3.605185367708712 0.3182474794817587 0
2.361702303381626 0.6658724172160402 0
2.341187423391203 0.670458448673513 0
2.348215221558021 0.6979269827306669 0
2.354958762469824 0.6818996999733535 0
2.669295363184171 0.543324479904875 0
3.704047444308779 0.8305775794530257 0
3.713123224107321 0.858894813636549 0
3.73901221738815 0.8537115125925283 0
3.721529830848465 0.8421445460227769 0
3.765392716448156 0.7322952781823622 0
3.737980337428739 0.7284125904797767 0
3.751686526938447 0.7303539343310694 0
2.436219527327627 0.743409210039721 0
2.437529327928624 0.7270930435976186 0
3.686253013516078 0.2566072254076445 0
3.687565251887317 0.2729367213058553 0
3.775592480388238 0.7873055997849645 0
3.8025043082088 0.7855667249411289 0
3.788601487096249 0.776654134807095 0
1.243941861730513 0.6850156476577545 0
1.244293755472264 0.6963190049203749 0
3.903434054037652 0.3702139597723236 0
3.876737936976933 0.3872887089624174 0
3.921571873656984 0.3953295473017269 0
3.899154905316958 0.3913091281320721 0
2.714132809020624 0.3834225015845235 0
3.640910187952138 0.6660006374706902 0
3.654635177252715 0.6672725181085329 0
3.206564714132256 0.8507414914463232 0
3.323273619195581 0.8562663825693181 0
3.264919166663918 0.8535039370078206 0
2.586373928873881 0.3604226563222209 0
2.5764754767476 0.3755869269177479 0
2.601977315451383 0.3723326033669958 0
2.589226396099492 0.3739597651423718 0
0.8826418728217278 0.6339965284856771 0
0.9178779894416489 0.6746444246771691 0
0.9211863922416135 0.6372993300162526 0
2.602978918063874 0.3459903391016395 0
2.592007574463479 0.331960506870225 0
2.575402585273485 0.3463928240908066 0
2.58919075166868 0.346191581596223 0
3.758715483167866 0.7957156410030445 0
3.739881746764095 0.7932214566975154 0
3.163076438187634 0.1264578461854802 0
3.106485524373274 0.1266698769553964 0
3.134780981280454 0.1265638615704383 0
3.045031567098814 0.1338683405441038 0
3.08704340726156 0.1605382174995003 0
3.075758545736044 0.1302691087497502 0
1.795033423211253 0.8661321507037092 0
1.85644633280684 0.8733097407518962 0
1.837006071807568 0.8394418914556053 0
1.825739878009047 0.8697209457278027 0
1.91297442316429 0.8734759378837001 0
1.884710377985565 0.8733928393177981 0
0.9064862599731707 0.2169128397869171 0
0.9281815491899619 0.2618335549597449 0
0.9173339045815663 0.239373197373331 0
1.237266566237543 0.8873416839871301 0
1.231968558105873 0.8646071462732632 0
1.211368658534997 0.8772654622861331 0
1.22431761238627 0.8823035731366315 0
2.575428397136479 0.8565460707395927 0
2.586170218473776 0.8313135346669605 0
2.568085109236888 0.8432751883861118 0
1.325443995305938 0.1434432676749933 0
1.336199277791059 0.1686558485696513 0
1.31809963889553 0.1567095032321941 0
0.1946242424286213 0.6924841372978434 0
0.1531506723670422 0.7710034368355845 0
0.2118405349680401 0.8003245341252527 0
0.2032323886983307 0.7464043357115482 0
1.312445481788715 0.4176443148502156 0
1.317819226635463 0.4333452249667389 0
1.338200990244587 0.4087186643460347 0
1.328010108440025 0.4210319446563867 0
2.567592515673148 0.5662906188967592 0
2.562341486784665 0.5821563419801836 0
2.587866712907819 0.5906570460385889 0
2.577729614290483 0.5784738324676741 0
2.185970262456681 0.3285580153050628 0
2.171497240017301 0.3613706331342227 0
0.3656128903032094 0.8402983665899303 0
0.2390240469721778 0.8450102571952376 0
0.3023184686376936 0.842654311892584 0
0.5692308493399638 0.1593993665546533 0
0.5376723312527512 0.1484647981033101 0
0.5596271216909292 0.1375747241203855 0
3.677103483297725 0.31708004863371 0
3.688551741648863 0.3204479190536971 0
2.427004057880417 0.6830531101029815 0
2.438502028940209 0.6796186603146487 0
1.183140978264171 0.5490574246611646 0
1.18519161617178 0.5663879070369175 0
1.185090041196471 0.6136149675279602 0
0.9631443818910035 0.3970587009089406 0
0.946541455138425 0.3406885043298244 0
0.9548429185147143 0.3688736026193825 0
2.712099809265704 0.2722933497049235 0
2.716451380322774 0.2397897161121182 0
2.696703574263205 0.2549859841507625 0
0.912839220438584 0.7147528756563563 0
0.2700656108860588 0.1353897312430141 0
0.2264927735019251 0.1660505263543127 0
0.2356148078035938 0.1330252631771563 0
1.296461619114219 0.7426971724985445 0
1.376084661018418 0.7891210702933094 0
1.353472567724241 0.8140239408447949 0
1.355325631669421 0.7945254983366574 0
3.833896104378101 0.383992854257989 0
3.855317020677517 0.3856407816102032 0
4.055956613053014 0.7272728634464249 0
2.412745727804628 0.6796321116013521 0
3.662899472374274 0.3205746144911029 0
2.37904659723629 0.5426387732524285 0
2.362361652788489 0.5338418078731971 0
0.4587244252722655 0.2154512527532493 0
0.4624436436891415 0.1880134107932341 0
3.554597211233693 0.2949834249814302 0
3.554526061005865 0.2699090089994332 0
3.542772444938792 0.2825462598413435 0
2.304203982787278 0.7297118600437141 0
2.304266780768697 0.7046162508820271 0
2.292396110854269 0.7169541714844239 0
1.186002005504886 0.4896993112725404 0
1.186090660579163 0.5177609647834269 0
1.186046333042025 0.5037301380279836 0
3.459446388886608 0.5766379728566279 0
3.47353145259515 0.5391874026303604 0
3.448314884874705 0.5517439600653766 0
1.176159687271427 0.2905825765970447 0
1.163340619858427 0.2876517133192321 0
2.466344702470721 0.2225345187987345 0
2.456126227440611 0.208515726998611 0
1.899288279703867 0.4202094991666619 0
1.87237172589856 0.4403701314105188 0
4.550218131307012 0.154708580395354 0
4.425167101341088 0.1691193381326715 0
4.48769261632405 0.1619139592640128 0
4.652472279712428 0.6700182953553867 0
4.735198640714451 0.5867790747034969 0
4.649412867166999 0.5054160637093491 0
4.650942573439713 0.5877171795323679 0
3.147947524092007 0.2250103648672995 0
3.162091757130788 0.2433918470531847 0
3.163622953899226 0.2214761319381198 0
1.911390407134723 0.7562904379263731 0
1.897598755748096 0.7748521127800385 0
1.913160710313788 0.7783005516433289 0
2.538887472305078 0.2116879680735815 0
2.526079829654555 0.2087090045316029 0
2.428170299704889 0.8303374196069084 0
2.400765812142208 0.8535085575654923 0
2.414468055923549 0.8419229885862004 0
3.678195240679379 0.1696410213065986 0
3.650799899561519 0.1464558778941513 0
3.664497570120449 0.1580484496003749 0
0.6190778489839821 0.4225199606831116 0
3.534481860078104 0.6633952411557908 0
3.538024632863567 0.6393337913615799 0
4.795152216407764 0.7000451092243165 0
4.928530968695063 0.6147663260917244 0
4.868577393001749 0.5015002915709048 0
4.831864804704757 0.6007727003976107 0
2.603311741991893 0.3141644217624586 0
2.587702030607795 0.3155363287546733 0
0.6411713479855159 0.5997005402320621 0
0.5874567680005018 0.6438661967742743 0
0.596968595884074 0.6005292797358418 0
1.240240294466783 0.747376891142353 0
1.25685052763151 0.7569988277480858 0
1.252457576619601 0.7452102124377356 0
1.117655462967058 0.7248109026292802 0
1.12833545049169 0.7516170847645329 0
3.236290777788637 0.4826535683124302 0
3.248846603613482 0.5072640857299995 0
3.794886020884165 0.6816786110611819 0
3.771277976486243 0.678461174844514 0
3.783081998685204 0.6800698929528479 0
3.758439583919021 0.6779635226740609 0
1.186671139710963 0.1672038080499786 0
1.184462592245049 0.1519268918099346 0
0.8239562775945948 0.7856790814218276 0
0.7604367984821994 0.7812992177975551 0
0.7945291977182949 0.7522171992598224 0
0.9223556593182427 0.2870963736973685 0
0.9274180732522117 0.3218132470572901 0
0.9109747722172759 0.3057859379415291 0
3.815292097339178 0.4271779229644538 0
3.816145057230137 0.3979781141867939 0
3.815718577284658 0.4125780185756238 0
1.420680195895281 0.4541951400208437 0
2.368818897321676 0.7505248070936343 0
2.355990653843362 0.7269481364028529 0
2.373422050591173 0.732940519121923 0
3.618973839968203 0.2493893428583686 0
3.606185190871573 0.272999669057158 0
3.623582062273608 0.2670374389513459 0
3.388933570834617 0.6995060502717547 0
3.370608970779498 0.6668108444844747 0
2.843989049681602 0.1352525282161973 0
2.778926035375692 0.1282327830325396 0
2.800546664004663 0.1634853112487369 0
2.811457542528647 0.1317426556243684 0
3.631690350225969 0.461004256187813 0
3.614855082062895 0.470849744660453 0
0.9915089122882401 0.5397370599631209 0
0.9700762025374454 0.5566078353894388 0
3.344898128703766 0.5347569212612577 0
3.314639160169234 0.5439998592516415 0
3.455675145033416 0.2904871456717235 0
2.204753830674773 0.7080838072149105 0
1.110068888953947 0.2309266347471318 0
1.126179373773714 0.2158347969652593 0
2.996915222310753 0.6715333999333913 0
2.962660402642171 0.6467824761386106 0
3.542430943747914 0.7833939616126346 0
3.557982540217851 0.7418847779028025 0
3.525455257521561 0.7528287279754664 0
1.331874264990924 0.2618477934106662 0
1.347748875674418 0.2817427585037857 0
1.349694524454362 0.2629801566890262 0
2.597593357893659 0.7179446819791042 0
2.581793427220076 0.7379804698768605 0
2.59955244289192 0.7367439879474137 0
2.240330755203823 0.4628724317701176 0
2.262013590660636 0.4259518417420421 0
2.229540319020657 0.4326432883342776 0
2.324898237474982 0.702672138605399 0
2.332673669760324 0.7316932922775852 0
2.340444445659172 0.714810137504126 0
3.575161324549295 0.297152933411762 0
3.582915215904819 0.268090481543283 0
3.590673257710434 0.28507630123446 0
1.185930717898235 0.2476656814975068 0
1.187656111676791 0.2304142622547164 0
3.596722679715469 0.5295828870306898 0
3.597675065115675 0.5542907987881103 0
3.586518377496938 0.5415990622024727 0
4.633953312066407 0.2025507377665045 0
4.614198878255426 0.1512753688832522 0
4.723884746720673 0.4240019342601913 0
4.924486885743096 0.3724213846477428 0
4.824185816231885 0.398211659453967 0
3.878205543712804 0.2332093490585729 0
3.910453198823019 0.2608614618027832 0
3.910225322966951 0.1992734977791569 0
3.910339260894985 0.23006747979097 0
2.495709129544391 0.2410394482766006 0
2.483151981636801 0.2271940774835334 0
2.495587130908326 0.2291053365561148 0
1.447499526101634 0.8064824764956036 0
1.419251283828604 0.8199245731069189 0
1.438624468068537 0.8460398357383192 0
1.466872710341567 0.832597739127004 0
1.443061997085085 0.8262611561169615 0
3.684839365940934 0.2263692834022673 0
3.685546189728506 0.2414882544049559 0
2.434810542095296 0.7736278739076068 0
2.435515034711461 0.7585185419736639 0
3.683158126185095 0.1972639448537391 0
3.667997492126029 0.2191858598349538 0
3.683998746063014 0.2118166141280032 0
3.661353366864474 0.192299703002443 0
3.680676683432237 0.1834524830801689 0
2.43313266452026 0.8027219095447469 0
2.417943206615556 0.7807971518734061 0
2.433971603307778 0.7881748917261768 0
2.411302964225149 0.80766459230955 0
2.430651482112574 0.8165296645758277 0
4.430316291066813 0.83690708664633 0
4.498843398842947 0.846614385854582 0
2.687963790318084 0.4504329108378093 0
3.757473877466218 0.8490082754583703 0
3.777225433993856 0.8406798402315587 0
3.768940756615399 0.8178922985506012 0
3.763207317040808 0.8334502870044858 0
1.592825542800691 0.8641621694720595 0
1.552450511875185 0.8361029554169684 0
1.531993390127125 0.871940785944909 0
1.562409466463908 0.8680514777084842 0
1.754341884151651 0.3264561432875694 0
1.718158374929282 0.3515502353099199 0
3.577748610368313 0.2169702155262968 0
3.575307890826985 0.193979882612881 0
3.555607692408145 0.2204199999360621 0
3.565457791617565 0.2071999412744716 0
2.325138911903763 0.805822696662313 0
2.327547283117136 0.7828005679471833 0
2.305355494817519 0.7792690926770977 0
2.315247203360641 0.7925458946697053 0
2.064615820132285 0.3886499252218255 0
2.089976977031305 0.3980844606472066 0
0.8389424547550042 0.636363823301325 0
0.8137477425337929 0.1761589901421232 0
0.8111204414142317 0.2218346193155215 0
0.8338841089829356 0.1980140339977315 0
0.8124340919740121 0.1989968047288224 0
3.379424332123256 0.4620726351730713 0
3.406022047966047 0.4519124569993403 0
0.878200856254491 0.192267079185268 0
0.933861234005172 0.1804910498884854 0
0.9060310451298315 0.1863790645368767 0
2.565605205808271 0.7849117230435579 0
2.576347027145568 0.8044423448656626 0
2.563173513572784 0.7999974882223049 0
2.566649699050536 0.7525798278354567 0
2.566127452429404 0.7687457754395073 0
1.315632683401825 0.2150405613628619 0
1.326387965886947 0.1954899843627831 0
1.313193982943473 0.1999686763919178 0
1.316688133767039 0.2473427982996352 0
1.316160408584432 0.2311916798312486 0
2.12543832431822 0.5321884521748884 0
2.152371602059851 0.5419448946650254 0
1.621249517436513 0.7753896842843735 0
1.625745802947537 0.7510788281150458 0
1.687049690548273 0.7076592073074859 0
1.679141532039026 0.7323740490766129 0
1.228420987495008 0.7538050949783718 0
1.230218860679002 0.7445613401877589 0
2.728921909343208 0.1172936304435171 0
2.746005839455743 0.1455264134760567 0
2.75392397235945 0.1227632067380283 0
0.4558871141683305 0.2521210737233739 0
0.434879384036964 0.2313168540199734 0
3.611082520370521 0.5186254527010904 0
2.663982424520435 0.6304695172362096 0
2.647294660008263 0.6256888454190136 0
4.304743957166504 0.1696970442815017 0
4.364955529253796 0.1694081912070865 0
2.090136752866622 0.5488952011504084 0
2.108324171957508 0.4962934318132857 0
2.099230462412065 0.5225943164818471 0
1.41469910451838 0.3682199424613468 0
1.397921356136476 0.3731313518610003 0
2.353445072788222 0.4331517267834866 0
2.364081831437504 0.4462024951897806 0
0.3967451617161553 0.5598676961494228 0
0.4041279219895477 0.6082913615643509 0
2.46037836027056 0.2436582948742052 0
2.442928150581293 0.2490492347204988 0
3.343892774675084 0.4456950306839667 0
3.3620759272964 0.4973112970245165 0
3.352984350985742 0.4715031638542416 0
4.757875503743771 0.8518056881731042 0
4.669690454807295 0.8081273732359384 0
4.693178560736982 0.8540636866179693 0
2.563430976324592 0.3914315777399263 0
2.563545062159389 0.4064882822922526 0
3.04650683483772 0.6880257999984747 0
3.08989651190802 0.6709381439314844 0
3.934037596585764 0.1461170495800053 0
3.986870127950517 0.1458428567342741 0
3.223487854315225 0.1293008102916319 0
3.281342507596007 0.1220090128154193 0
3.252415180955616 0.1256549115535256 0
1.973311795253748 0.8705656930358541 0
2.031199188297002 0.8778616885926729 0
2.002255491775375 0.8742136908142635 0
3.554900262550915 0.2439052377415081 0
3.543136641245291 0.2327758045502265 0
2.304602379909764 0.7557216020237766 0
2.292824661530267 0.7668187989191064 0
1.515370135809644 0.7788476084599291 0
1.507866681980182 0.8205293119861368 0
1.533910323842414 0.8074752819384488 0
2.022265459514763 0.2022952015382409 0
2.052838029862691 0.2411360984846056 0
0.7181717060014914 0.3882559604214433 0
1.326588063781362 0.534933646570635 0
1.339926276979313 0.5335711035330716 0
2.575179399050971 0.4640456638038123 0
2.588012103974525 0.4649094493427089 0
2.293953151721206 0.4367317441486036 0
2.284151041318487 0.4110011202308455 0
1.219112038239857 0.809583359581187 0
1.210412273266069 0.8339153102061736 0
1.237701760683386 0.8442946252617403 0
1.228406899461622 0.8269389924214636 0
2.78868407721823 0.1919804032660816 0
2.557583149854998 0.2048453324196255 0
2.566023197964781 0.2255911026550089 0
2.552455335134929 0.2186395353642951 0
1.071401740681432 0.2225507841829961 0
1.089327979155878 0.2186083176876659 0
1.066908171382112 0.1996650111807051 0
1.078118075268995 0.2091366644341855 0
3.81398078732477 0.5814730020681869 0
3.813425895037137 0.5980898258998181 0
1.271357144922074 0.7141466490715853 0
4.735607862567583 0.7370844713056962 0
4.661081367259861 0.7390728342956626 0
0.8421457962631997 0.318234869148934 0
3.687425452533962 0.457508956958502 0
3.686862595314766 0.4721800245473604 0
2.621144261224802 0.3464884762684973 0
2.611560788338093 0.3594105398177466 0
2.498068650831693 0.3222224617827245 0
2.484937118257537 0.322521585230823 0
0.9537257407941149 0.1596184258719921 0
0.9717894812617944 0.1412192361630669 0
2.960910160521243 0.1328386122272857 0
2.906757825511212 0.1315712274908181 0
2.933833993016227 0.1322049198590519 0
0.9524925793125254 0.2949105869612895 0
0.9403370642512439 0.2783720709605172 0
2.536512170211581 0.2918707515168298 0
2.551310391875911 0.2896491300556403 0
2.436717855996919 0.5431434415545728 0
2.435714014204761 0.5285320753176722 0
1.555465340791961 0.382767080968866 0
1.479860878246783 0.3793459658096211 0
1.517663109519372 0.3810565233892436 0
4.06328243174196 0.2902460932583382 0
3.991907688949019 0.313213294794654 0
4.035104854945563 0.3314728383743763 0
2.803800017035627 0.6151219999939579 0
2.72869083035493 0.618719385866252 0
2.766245423695279 0.6169206929301049 0
1.97637959007217 0.4096277407414439 0
1.937833934888018 0.4149186199540529 0
4.045943948190482 0.8501866642327671 0
4.161409107918232 0.8591142482480809 0
4.103676528054357 0.854650456240424 0
3.378789340728089 0.814410396603914 0
3.436071277088063 0.8581440140345959 0
3.379672448141822 0.8572051983019571 0
1.386883525443383 0.6445642035991236 0
1.385575831052074 0.6619858629995951 0
2.249662366675419 0.270258515224504 0
2.225701444576786 0.2880565819170579 0
2.25139234339558 0.290980029520595 0
2.562715675113326 0.6933244318777969 0
2.564042331379154 0.6805697797420094 0
1.312756794197526 0.3065792509310342 0
1.314091825719114 0.3193124749251304 0
3.835079720144705 0.2526542857332676 0
3.818730251567593 0.2736410186004728 0
3.817539860072352 0.258392932340318 0
3.969503196371169 0.4419026893228323 0
3.945491081933817 0.4142603908922901 0
3.942904092760654 0.4389506501944686 0
3.201037976713383 0.1557586564771121 0
3.200635054296077 0.1808689385206965 0
1.950759902628566 0.8440416309195542 0
1.950210281421513 0.818848656497428 0
1.952803797014633 0.1592026686249178 0
2.012521618646271 0.1511476007691204 0
3.19328214625143 0.127879328238556 0
1.943143109209019 0.8720208154597771 0
3.019359451919735 0.7569338740020712 0
3.09519125893573 0.8421632295239899 0
3.057275355427732 0.7995485517630305 0
1.766812081344755 0.2815518822359674 0
2.322572473833977 0.6814338213202813 0
2.301941017127692 0.6833779335969092 0
2.313419627301337 0.6930250361011542 0
3.552261571628506 0.3162563624887356 0
3.572825684944108 0.3184258709190674 0
3.563711448088901 0.3067046479502488 0
1.710609069734087 0.8668525412224851 0
1.656145975486112 0.86791790172142 0
1.683377522610099 0.8673852214719526 0
3.815194708146454 0.6459760367539691 0
3.764396261501104 0.8670899453245169 0
3.762255936259371 0.8883070233690972 0
3.785473658575065 0.8787829219554197 0
3.773864797417218 0.8835449726622584 0
2.025788339790988 0.7130419136664927 0
1.999792550697161 0.6605102851794753 0
2.012790445244074 0.686776099422984 0
3.277298658445253 0.2856913645068066 0
3.25199851775655 0.337920728433537 0
3.264648588100902 0.3118060464701718 0
3.927802588255812 0.289148016883314 0
3.943600694090223 0.333463859602274 0
3.959855138602415 0.301180655838984 0
3.597609574886958 0.7109311730141511 0
3.618313665986827 0.7043418214380865 0
2.82851765239581 0.7527359361842951 0
2.802524243071527 0.8000369393897959 0
1.580204187070748 0.2459077064756445 0
1.55353284318392 0.1991186753260127 0
3.474085207387444 0.5992626357512225 0
2.372976048512939 0.3432844723084985 0
2.383058948308746 0.3534004113289272 0
1.181010089100109 0.3388962141553619 0
1.18762829484282 0.3061633182354979 0
1.184319191971464 0.3225297661954299 0
2.436439169642273 0.3946440832745971 0
2.435301158846217 0.3816912293282158 0
1.186312947922285 0.4615102439874955 0
1.185686311087959 0.4482021264798783 0
3.008137337115244 0.7142336369677313 0
2.874120540454822 0.2219529599882908 0
2.878379384837707 0.2459049242649428 0
4.633841057419664 0.345187599553577 0
4.641626962293332 0.4253018316314631 0
2.566358918695459 0.5086804929719813 0
2.562067469331719 0.4798078521820691 0
2.564213194013589 0.4942441725770251 0
1.316827275392018 0.4908041530155925 0
1.312610953591315 0.519736457869078 0
1.314719114491666 0.5052703054423352 0
2.622138683434665 0.4063340247891349 0
1.268164848785931 0.8822558874255374 0
1.3046213032889 0.8837381110145406 0
1.286393076037416 0.882996999220039 0
2.841325693096611 0.5714712598822812 0
2.849405951379667 0.6609057885455609 0
2.845365822238139 0.616188524213921 0
4.806888811029022 0.1601317710094466 0
4.187967462309881 0.7288888986245539 0
4.189242114790252 0.8150838343013218 0
4.231371488730707 0.7757974466115322 0
4.188604788550066 0.7719863664629378 0
3.815582536713418 0.480130339868122 0
3.816110456618615 0.455118959700261 0
3.815846496666016 0.4676246497841915 0
1.593223282198849 0.4263352537997931 0
1.60193298832456 0.3373053293963766 0
1.597578135261704 0.3818202915980848 0
4.124541220844319 0.2498869158921383 0
4.219724205509739 0.2395485955820321 0
4.173670091683508 0.1974031539973689 0
4.172132713177029 0.2447177557370852 0
1.719493697690839 0.6779173886123946 0
1.689497658619961 0.676723565193041 0
1.120906775410079 0.630750226385606 0
1.094331085925306 0.6375158039390993 0
1.103558603016826 0.6221470171621102 0
4.633897184743036 0.2738691686600407 0
2.655114388844515 0.3282667748683663 0
2.700363226159127 0.3140489327707488 0
2.677738807501821 0.3211578538195575 0
2.970169880773044 0.3206654969387426 0
2.94045093850431 0.3211560845379409 0
3.685543697526486 0.6337363635321406 0
3.687347119503186 0.6059691305688966 0
3.686445408514836 0.6198527470505186 0
1.074261180941715 0.2808611910052252 0
1.05522544445537 0.2483338541210754 0
1.051331124016003 0.2742964051087336 0
0.949517017225475 0.3177995456455569 0
2.303743670343113 0.5553053523671039 0
3.635814336521744 0.4393721339206288 0
3.642251649702605 0.4526633793457171 0
3.58328941744987 0.2420867102853579 0
3.568907739227868 0.2559978596423955 0
2.33307206688281 0.7577030342576476 0
2.318638024835044 0.7437074471506808 0
1.047195058367214 0.4756688027934891 0
1.05053510619248 0.4958771730653161 0
3.652091183957729 0.2112958398974425 0
3.64745412698707 0.1994414494415158 0
2.402016034468766 0.7886573533689309 0
2.397380928648571 0.8005034132971498 0
4.308398000270131 0.836783900903818 0
4.369357145668472 0.836845493775074 0
0.5484439785358095 0.3018297542558862 0
0.5765357440186183 0.3016842377621952 0
2.384278755761386 0.5630940217216963 0
2.390070980473963 0.550201879562584 0
3.815805890040642 0.5521478271581178 0
3.815739700791243 0.5376617464436682 0
1.048592144116943 0.456664906963363 0
3.605334849686614 0.2356418164394083 0
3.638253337195307 0.2313878374855778 0
3.621794093440961 0.233514826962493 0
2.355168086156846 0.7642275675551624 0
2.38814555481604 0.7685631518055273 0
2.371656820486443 0.7663953596803448 0
3.71940849634336 0.6818717476221138 0
0.5710205494507268 0.6827861195816183 0
0.6409537359637003 0.665935074281193 0
0.6059871427072134 0.6743605969314057 0
1.382999170721937 0.6077959935699234 0
1.379192513433349 0.5901961201164385 0
2.407645805376903 0.2017022549357114 0
2.379071254398111 0.2223561169914698 0
2.401364371249833 0.221221742138265 0
2.696912979693628 0.7298489237896517 0
2.674076685811015 0.7706796776807048 0
2.705776878243743 0.7653252715782266 0
1.447550057768648 0.2693161722577923 0
1.424439802746216 0.2288069184433534 0
1.456332930295918 0.2339991516636331 0
1.495845955728091 0.8468503079620689 0
1.475694670864123 0.87490952201716 0
1.503844030495624 0.8734251539810345 0
1.262226969927242 0.7875073117006902 0
1.247837406912055 0.7791583549145986 0
1.23889730894798 0.792486534539432 0
1.250562139437611 0.7899969231200611 0
2.374256223375339 0.6558005888370884 0
3.624539484481378 0.3446381830596646 0
1.227449916828897 0.6765022787661183 0
1.240720930865256 0.6760078238288774 0
2.564374186775535 0.5387686205734465 0
2.565983351224341 0.5525296197351028 0
1.314648148998522 0.460860238396441 0
1.316233687816992 0.4471027316815899 0
2.399112694504928 0.1626412469737077 0
2.38094270450831 0.185853499405357 0
2.403379249940916 0.1821717509547096 0
2.59611619828013 0.2371503848225839 0
2.581069698122455 0.2313707437387964 0
0.9556242902327363 0.1819778085749432 0
2.5222861095349 0.2853247205018591 0
2.515156062083451 0.2722090423335936 0
2.498053703548662 0.2783343249863658 0
2.510169906541781 0.2818295227441125 0
3.878055325167335 0.2807303336125497 0
3.895404714600128 0.3090168886930805 0
3.902928956711574 0.2849391752479319 0
4.020299349937491 0.6304862884767626 0
4.042811709779079 0.5974129983673536 0
2.628713421383712 0.3211668479403574 0
2.619913980164606 0.3021432718712162 0
2.358187820911167 0.4058373181573088 0
2.375011786443811 0.398027672068493 0
3.578356464310592 0.3552031575155716 0
3.583066059027388 0.3767359194305641 0
3.534345470174973 0.5294776164007059 0
3.546301645095506 0.5432933244772337 0
3.8596369577881 0.2641676036704204 0
3.836633432594838 0.284242622180106 0
3.857344378881087 0.2824864778963279 0
2.502908511529073 0.2551625714241651 0
2.516576547769756 0.2589743190455397 0
3.900219803935598 0.3398557674385191 0
3.879752729058724 0.3287627006422376 0
2.867852138350709 0.1668237557070154 0
2.870986339402766 0.1943883578476531 0
3.817751047147964 0.3695147400711951 0
3.819944041191493 0.3529376811083271 0
0.2780562904475543 0.2136019008784024 0
0.222437410373356 0.2162640749917676 0
1.10245952507347 0.6741331999539841 0
1.110057494020264 0.6994720512916321 0
1.616076781444698 0.8320800711934795 0
1.618663149440605 0.8037348777389266 0
2.577859403282866 0.7085671791823587 0
2.591749475535226 0.7054021575304179 0
1.327942925421411 0.2912421407789073 0
1.341887051585642 0.2942998438702923 0
3.172536795136702 0.3874911062443827 0
1.877985899543899 0.8001923100366096 0
1.869970586702421 0.7780341510433104 0
3.128033075695802 0.1998206344526379 0
3.120266148364317 0.221850430439943 0
2.328182041542181 0.6449566467420715 0
2.332846711688991 0.6238931053499667 0
1.920016583834102 0.6122592739310414 0
1.126499374855536 0.483802408688554 0
1.136469057006423 0.4710420203964367 0
0.5213355896155192 0.7557776914426224 0
0.5461780695331231 0.7192819055121203 0
3.176755973067987 0.7929047209703131 0
3.189947994993308 0.7447481680549167 0
1.045878505272577 0.186644495912764 0
1.032634045889481 0.1446618101659294 0
1.039256275581029 0.1656531530393467 0
3.284455557533243 0.2609653176341851 0
2.033201335442297 0.7379577578552885 0
2.847661554111377 0.5058889575345816 0
2.829831649032156 0.4880066872942589 0
0.2995892341300284 0.1668750935757307 0
0.3141331063490473 0.233647914320915 0
0.3068611702395376 0.2002615039483229 0
1.598942468262641 0.4913036759302792 0
1.58090405452864 0.5085943635197713 0
2.598933895199305 0.674786344562006 0
1.34912976960905 0.3247739091880844 0
3.817422049197488 0.7000440190505726 0
3.806154035040826 0.6908613150558772 0
0.4289885588773128 0.8048651865107507 0
0.4172720572164348 0.8524325932553753 0
3.946814944192278 0.3638220519360785 0
3.946153013063047 0.3890412214141843 0
1.11819784268231 0.6545839297158238 0
1.128089333514268 0.6439642476340902 0
1.078592768316466 0.6570650741772597 0
1.098395305499388 0.6558245019465418 0
2.531164475679653 0.3082078323100524 0
2.526725292607277 0.2967662764059558 0
2.510946932604507 0.1158337464168155 0
2.525734277080316 0.117917735515361 0
3.923517374063938 0.3518389096872988 0
3.630697734639042 0.6513251354764797 0
2.47718563943664 0.2483178535590041 0
2.484385021421322 0.2624409767065687 0
2.490047075482856 0.2517402124915846 0
3.777896820729946 0.7382655650271484 0
0.4751620742464162 0.7803214389766866 0
1.188531392428607 0.2783929425720731 0
1.188079843635713 0.2922781304037855 0
3.228865099689849 0.4527406750232096 0
3.512022630023509 0.5266880666881291 0
3.484001022529929 0.5139554643739868 0
3.49277704130933 0.5329377346592448 0
0.6655895501052 0.6325359204528707 0
1.304004758950151 0.8192237140970193 0
3.660055638262691 0.8016908712442511 0
3.663276957716077 0.7780384902111653 0
1.738501269049739 0.8761270584162494 0
1.729492596183533 0.8488894230812909 0
2.988509489751266 0.1238595089245678 0
2.979645606055947 0.1509490641852763 0
2.563044500423008 0.3619185070725583 0
2.5632377383738 0.3766750424062423 0
1.973661833800206 0.5452608622849836 0
2.648828223376638 0.1506880634239262 0
2.675317933712293 0.1273190767356062 0
2.614299763348556 0.1233689866883201 0
2.644808848530424 0.1253440317119631 0
3.001969528059249 0.3063116006714591 0
3.871856086739731 0.1793575243814561 0
3.895668360358544 0.1262010761823046 0
3.902946841662748 0.1627372869807308 0
3.564078761830684 0.7032812719996505 0
3.549280310954394 0.6833382565777206 0
2.326192515273838 0.4313195384388866 0
2.342190168092502 0.4185784282980977 0
2.420556037426556 0.4654675694708158 0
2.435278018713278 0.4663785215775132 0
1.75132641618665 0.6927006549227998 0
0.3203536819147805 0.3797118798383797 0
0.329098679361064 0.2730643797438251 0
0.3247261806379225 0.3263881297911024 0
1.322206548004781 0.3958917273050907 0
1.31110327400239 0.4046169162841243 0
2.572036015243974 0.6037715117527589 0
2.561018007621987 0.5952147032448005 0
2.522209564849324 0.3215451440250988 0
2.534332237839827 0.3206039161550262 0
1.191660320761931 0.8519277881210444 0
3.745934601423036 0.8717931824586749 0
3.733678665163664 0.8834861590895777 0
3.747967300711518 0.8858965912293375 0
1.33250207615294 0.627635722824429 0
1.31625103807647 0.6249362824648461 0
0.7853410583014342 0.5065136827228834 0
0.7771807481300419 0.4704533486428366 0
2.638129325034658 0.3373776255684318 0
3.229080471852853 0.5805809427410785 0
1.312362707147144 0.3626915594314532 0
2.562290011008958 0.6371523351738195 0
2.601494017723669 0.2529653387798252 0
1.043948601892109 0.1223309050829646 0
2.561485432079994 0.1894574677584816 0
1.471564527487907 0.6886637094204423 0
2.341357684636991 0.7735140677511729 0
3.591541730027464 0.2263060159828525 0
2.56514372816954 0.7212690630940353 0
2.565896713610038 0.736924445464746 0
1.315186131223885 0.2786365740583994 0
1.315937132495462 0.2629896861790173 0
4.268149994181677 0.5163866586585611 0
2.723478071884101 0.2974887789658101 0
1.279703320446291 0.6788663460246716 0
0.6870090447283905 0.8453853640466786 0
0.7237229216052947 0.8133422909221169 0
3.045495657595106 0.4511936474731234 0
3.070992694362412 0.429726685561445 0
0.7074646962173967 0.3060213910161907 0
1.059097538471069 0.8555520539818482 0
0.9558670973842545 0.8614700051309091 0
1.007482317927662 0.8585110295563787 0
1.795756312622689 0.5497475777210357 0
1.820531002186318 0.5711402829081526 0
1.390286256463865 0.8263503867454318 0
1.366420545691799 0.8322494214638534 0
3.81694805218905 0.3837464271289945 0
1.188026322583154 0.1827227992151628 0
2.141685159628792 0.7536120346806998 0
3.392604333502747 0.2452578185120484 0
2.435206028609056 0.4100666627113583 0
1.223967539371933 0.7766232716964684 0
1.221539788805896 0.7931033156388276 0
1.478893436593658 0.8062767431510719 0
1.487369696160874 0.8265635255565704 0
0.1345477171270315 0.1335751425739208 0
2.875319194439601 0.5327751150768337 0
2.918482843682729 0.5325716295177352 0
2.335446475388162 0.2217478968448764 0
2.290673170358199 0.2348451239801338 0
2.321296090112497 0.2483666251371214 0
1.627032406859472 0.4649879734400098 0
1.670637781516335 0.4659047943262998 0
3.334398532738879 0.4211734016661453 0
2.080970142158387 0.5743299432378212 0
3.686613917824181 0.5910587557614776 0
2.336103491060965 0.8187241633331084 0
3.586237730022516 0.1811209212700436 0
0.3553398901730045 0.4752726388619645 0
0.3760425259445799 0.5175701675056936 0
2.007002628015701 0.6301863067642026 0
1.985695006827445 0.6416686245953899 0
2.47176517095368 0.2354261861788693 0
3.673700459699223 0.531224426679477 0
3.686850229849612 0.5319674764976332 0
3.785817753835772 0.8094822573325211 0
3.772266618501819 0.8025989491677828 0
1.397667972423511 0.804522821700114 0
4.783014805092405 0.809294643507797 0
4.842559158932587 0.7722552814264173 0
4.789083510750085 0.7546698763660568 0
3.259768740696937 0.3679068948910644 0
3.238190146781321 0.3568696726211546 0
3.664717296444527 0.8310855856714041 0
3.682051541285736 0.8161342253486383 0
4.201214836332099 0.6785805298782303 0
2.483999371293637 0.275467758994675 0
1.33556115510378 0.3954232560932894 0
2.585288383570914 0.6040423860168529 0
1.91648967776575 0.2077944483576836 0
1.894052524455961 0.2450341499967808 0
1.596082875230745 0.4588194648650361 0
2.844493623603994 0.5386801087084314 0
3.659213037913416 0.5338835111855675 0
0.8610044306164879 0.8626097360174358 0
0.8424803541055415 0.8241444087196317 0
0.9951551941060652 0.4146207287534502 0
1.017987073530452 0.4161440426178924 0
0.8560566321713905 0.1723438962749385 0
0.8560283330660361 0.2179372169080609 0
0.8560424826187132 0.1951405565914997 0
0.8032723788550067 0.5362032735883234 0
3.850997421068281 0.1627314839864865 0
3.850868653271103 0.1831745575907958 0
1.185395792479942 0.4090743940379321 0
2.11778895772222 0.4710121984487358 0
2.611518233607621 0.821467894115702 0
2.639317286025368 0.8714671233711716 0
2.651977557295536 0.8034644475160349 0
2.645647421660452 0.8374657854436033 0
1.389332884194826 0.1285222150434143 0
1.361598891935645 0.1784186635652715 0
1.402186977933582 0.1962489354149501 0
1.395759931064204 0.1623855752291822 0
0.1044834663023311 0.5073264851185829 0
0.06922307326006871 0.6156891599055694 0
0.1495538543654762 0.5999053112082132 0
1.238980109969141 0.7674382546242553 0
1.226194263433471 0.7652141833374201 0
2.702924053581817 0.1446127071791232 0
2.722751709190882 0.1586931730256262 0
3.54191494148184 0.8502636844384981 0
3.488993109284952 0.854203849236547 0
0.5991991924020634 0.1829039462247277 0
0.632033148627585 0.1867227021814493 0
3.94438807310032 0.8600005658955905 0
3.924818704279312 0.8277924823739107 0
2.471760398248848 0.1418544960183269 0
2.491122400293085 0.1292123481755456 0
2.486291066048277 0.1441247748025125 0
3.552761769505221 0.4468096421766268 0
3.990874317666145 0.6397884745468162 0
4.005217286257566 0.439069236433054 0
1.412205788716805 0.7095952369898757 0
1.077286454426595 0.2415067553799075 0
1.098027364224665 0.2538250724393734 0
1.093677671690271 0.2362166950635196 0
3.019960683887779 0.478746641034814 0
1.771133078256733 0.5218154871667778 0
3.607607457640412 0.5682649112195505 0
3.493983248072191 0.2237582957034702 0
2.243532909768874 0.7756155583141768 0
0.4165956415470147 0.1289305658401716 0
3.831402553957793 0.4391126721383989 0
3.815701276978896 0.4411484413323574 0
3.372259377643826 0.5240452218239134 0
3.829786677365412 0.5710681976473573 0
3.814893338682706 0.5668104146131523 0
0.3011104065386982 0.1334375467878653 0
2.376414476330067 0.3200435856486292 0
2.360653823786583 0.3301824266230908 0
1.443298916110284 0.3347513291357476 0
1.447485921107209 0.3638388962574876 0
1.428999010314332 0.3514856357985472 0
2.692500899803057 0.6640050061150107 0
2.696559876877136 0.6346492881751533 0
2.678241662161746 0.6472372616756101 0
1.205145786803949 0.6759224193052418 0
1.216297851816422 0.6762123490356801 0
0.7038145756129084 0.1301376307300329 0
2.727274030452376 0.2188154999594139 0
3.388652528500662 0.7420053475715541 0
3.383720934614376 0.778207872087734 0
2.436992712704551 0.1279859639489872 0
2.4543765554767 0.134920229983657 0
3.7119897064254 0.7194910149409253 0
3.723563339199897 0.7371684878974171 0
3.724985021927069 0.723951802710351 0
1.187231055163421 0.26302931203479 0
0.4902385846030244 0.3123920063286686 0
0.473062849385677 0.2822565400260212 0
0.6302293625139164 0.8450347092382756 0
3.849223824721142 0.1440469599906645 0
3.855167467916127 0.1220234799953323 0
3.9951660106454 0.8550936150641788 0
2.881333064562686 0.378008934108209 0
1.630683703745891 0.6183776822754772 0
2.495561200146543 0.1146061740877728 0
3.515631308902727 0.4966478688748868 0
3.52498838953885 0.5130627426377964 0
1.475275280421125 0.7800841578392143 0
1.461387403261379 0.7932833171674089 0
0.570252431155021 0.1877874346049263 0
1.110446787734864 0.5660502420324195 0
2.295638979160136 0.4584618233358516 0
2.285950223726691 0.4737424026245138 0
2.3046261164241 0.4749702978478051 0
4.07429237422473 0.2417722354565066 0
3.83934055991373 0.7255624887554808 0
3.828381304555609 0.7128032539030267 0
0.5193412815694169 0.3071108802922775 0
3.652370209962204 0.1184292181203218 0
3.676185104981102 0.1166751353759504 0
2.402361381412543 0.8815616999194231 0
2.426180690706272 0.8833203236439221 0
3.092873547806996 0.3386425142683909 0
1.265707824574423 0.7687189280384291 0
1.252343967271782 0.7680785913313422 0
1.841859262471607 0.6611544432859222 0
0.3468835528621548 0.2441848491649856 0
1.184615819421667 0.5334091947222958 0
2.309567091984956 0.6559320193888398 0
2.325377257688079 0.6631952340311764 0
3.559751767278467 0.3439319425679491 0
3.57559107462735 0.3368145142173195 0
3.846953189459517 0.5776394398656935 0
2.562589699525485 0.4656675687440114 0
3.684693727721944 0.6473827330696762 0
1.015603437117685 0.5421498522658981 0
1.093772714301824 0.8351400799274983 0
3.92323775828604 0.5448014072187202 0
3.927599344755794 0.5680347419210937 0
1.313294031890681 0.5338220864432123 0
1.137899923450385 0.3184242996458449 0
2.111662194610366 0.8297727289305961 0
3.362104719059815 0.1697548225415085 0
3.804554108319871 0.8269523505088281 0
3.803529208264336 0.8062595377249785 0
2.589026315643077 0.1233833718579478 0
3.818316716297419 0.2891081531953161 0
3.686401068027956 0.3843952564445735 0
2.436226051157251 0.6158686089663301 0
3.832831998270995 0.1552097365290022 0
3.418043920691304 0.7210781027880173 0
3.632183253454586 0.4225312163365441 0
3.30915239333093 0.1226023087813081 0
2.059005941147605 0.8772577244212389 0
0.07354926242013393 0.3882654539938343 0
0.1551245906279322 0.4203117813622476 0
2.381046041710474 0.5794409714689146 0
0.3378467860438921 0.4274922593501721 0
1.255431415023474 0.8695975714126676 0
1.252715707511737 0.8847987857063337 0
2.403044380715798 0.7746801518394667 0
3.653125414660668 0.2252868486602658 0
3.850167308524137 0.4353301687464081 0
3.68746214505396 0.4431265942194718 0
2.246920113135903 0.2354735855265919 0
1.186688224672123 0.6728127471356438 0
1.184821492724517 0.65750659269425 0
2.434594378192114 0.3417355575457332 0
2.436916338289431 0.5574316897715293 0
2.267480719033751 0.4754056510474243 0
2.278797883140224 0.4918463972465077 0
3.700515487064659 0.7437901775030313 0
3.715458356417972 0.7499018113430375 0
1.366720296636593 0.6265350845993032 0
1.349611186394767 0.6270854037118661 0
2.744599608236296 0.5028336161032049 0
2.761064057846065 0.4868008068042211 0
1.186157476713586 0.475604777630018 0
1.44497012877111 0.8730199178691596 0
3.902733095272451 0.5293056201766161 0
1.496126174395223 0.4930929428622846 0
1.512403808375385 0.5088161099070703 0
4.255610784649798 0.855969586053241 0
4.208509946284016 0.857541917150661 0
0.51528650954989 0.4041142576921054 0
0.85081192066502 0.1501734671520855 0
0.8322798315994064 0.1631662286471044 0
3.696111225610323 0.8754086545469714 0
3.604717181945315 0.8556769311244328 0
3.650414203777819 0.865542792835702 0
3.856642631928755 0.2429318173959203 0
1.31573771219527 0.4758321957060168 0
2.565366552735497 0.5237245567727139 0
2.637068696240961 0.4941523532567624 0
3.573574062846615 0.8195354463685337 0
4.250292656513499 0.1496734402312365 0
4.200723934730642 0.1487015769986845 0
1.389224116790324 0.5030388845449714 0
1.364780753350337 0.7322203340655998 0
0.1339275991069733 0.855314276930015 0
0.09422307326006862 0.8156891599055693 0
0.1140753361835216 0.8355017184177922 0
1.455428999002476 0.3913638759460107 0
2.392611902808019 0.1313206234868539 0
2.242420000594797 0.4854072210994755 0
2.704342037212792 0.6067380398263665 0
2.563929701641433 0.7072967474859161 0
1.313971462710705 0.2926079124947167 0
1.474491973071236 0.4945134793052894 0
1.591068587697654 0.2916065179360106 0
2.838961801887739 0.7068208623649279 0
1.492745565476768 0.7613779191867616 0
2.875373437596408 0.1334118778535077 0
2.506284275745669 0.1770638770884199 0
0.8372480655956673 0.1250867335760427 0
2.72277230365472 0.5014519215544337 0
3.832063467007452 0.486475192588077 0
1.38494134808266 0.6261800985845235 0
1.624485759143401 0.8660400355967397 0
2.640946435376321 0.1733303861398877 0
4.864028190237524 0.8574889553346928 0
4.903530968695063 0.8147663260917245 0
4.883779579466293 0.8361276407132087 0
1.24656658785343 0.8569460983372039 0
3.795013883447468 0.8528676362321239 0
3.493860332487996 0.4938323141748677 0
3.883315151546758 0.4726785179517766 0
2.387720799388632 0.8680715209097083 0
3.637749142169903 0.1318977198776796 0
2.510139107840509 0.3218838029039116 0
2.310915747216987 0.4448906808873691 0
4.26988474450042 0.8062906737576752 0
1.17044455753699 0.3531734186096157 0
1.164219117533733 0.3672260611592223 0
2.358194589948236 0.2038006981251167 0
1.333318207788458 0.6886310136403447 0
2.70211992152775 0.1223063535895617 0
3.751704239444627 0.8604007289585226 0
4.951765484347531 0.7573831630458623 0
4.262234081338122 0.2046228199317669 0
1.212740869767417 0.7183854329261069 0
0.04711153663003431 0.7578445799527846 0
1.185222278768495 0.3534156566732289 0
3.267610767564003 0.3903655530189266 0
1.927420517241831 0.7410808244967323 0
3.178358075262154 0.258470513159869 0
1.049340730710207 0.2293778829241639 0
1.063313592568401 0.2354423191520357 0
2.014353649252024 0.6071706651750064 0
2.016129398437433 0.3905999216164334 0
2.007848936604397 0.4232966647807098 0
4.949743442871547 0.2362106923238713 0
1.397773369421595 0.2250916933488684 0
2.647514175560902 0.7745193256738034 0
2.562701292636743 0.3471569383611928 0
3.840472345480219 0.7485540178754788 0
0.517954721139819 0.1400516912869855 0
3.697200976612265 0.7264230520328183 0
3.107538241478681 0.1801794259760691 0
1.857495985675734 0.8198171007461075 0
3.01677052842504 0.1288639247343358 0
1.766767346130496 0.8711296045599792 0
0.06021403018706017 0.2623774720151886 0
2.392547112206602 0.3114614963210232 0
3.714894945386994 0.8794474068182745 0
0.969464358743616 0.4241224262586277 0
1.196289345778736 0.6828458096861018 0
3.150877986533993 0.8464523604851566 0
1.051805230884211 0.654701273848989 0
1.445424486939466 0.3020337506967699 0
2.694706939748343 0.6969269649523312 0
2.594658643012684 0.8782730353697963 0
1.344666442097413 0.1217216338374966 0
3.546241601508955 0.3318723929506359 0
2.295933561314704 0.6677151819254379 0
1.123751054723174 0.5007499848601416 0
2.205835853516734 0.3083072986110604 0
2.411905447623274 0.452182885519039 0
1.895744838882876 0.1538972241788418 0
4.810951846990647 0.8546473217538986 0
1.096500236645483 0.2783607949071972 0
1.271147533666117 0.7795483544095563 0
2.593932630376595 0.8129551194906822 0
1.343993428911296 0.1869543239640273 0
1.330266856977185 0.8815413496881468 0
3.577796057552405 0.7264079754584768 0
0.9084357640003711 0.8620398705741725 0
0.1864758230395758 0.8501622670626263 0
2.040990551960391 0.3647181108569215 0
1.047609617991391 0.208011189418464 0
0.8341179250950925 0.236613020375234 0
$EndNodes
$Elements
68 2048 1 2048
0 5 15 1
1 1 
0 6 15 1
2 2 
0 7 15 1
3 3 
0 8 15 1
4 4 
0 9 15 1
5 5 
0 10 15 1
6 6 
0 11 15 1
7 7 
0 12 15 1
8 8 
0 13 15 1
9 9 
0 14 15 1
10 10 
0 15 15 1
11 11 
0 16 15 1
12 12 
0 17 15 1
13 13 
0 18 15 1
14 14 
0 19 15 1
15 15 
0 20 15 1
16 16 
0 21 15 1
17 17 
0 22 15 1
18 18 
0 23 15 1
19 19 
0 24 15 1
20 20 
0 25 15 1
21 21 
0 26 15 1
22 22 
0 27 15 1
23 23 
0 28 15 1
24 24 
0 29 15 1
25 25 
0 30 15 1
26 26 
0 31 15 1
27 27 
0 32 15 1
28 28 
0 33 15 1
29 29 
0 34 15 1
30 30 
1 6 8 9
31 16 31 39 
32 31 32 40 
33 32 33 41 
34 33 34 42 
35 34 35 43 
36 35 36 44 
37 36 37 45 
38 37 38 46 
39 38 15 47 
1 7 8 3
40 15 48 50 
41 48 49 51 
42 49 14 52 
1 8 8 19
43 14 53 71 
44 53 54 72 
45 54 55 73 
46 55 56 74 
47 56 57 75 
48 57 58 76 
49 58 59 77 
50 59 60 78 
51 60 61 79 
52 61 62 80 
53 62 63 81 
54 63 64 82 
55 64 65 83 
56 65 66 84 
57 66 67 85 
58 67 68 86 
59 68 69 87 
60 69 70 88 
61 70 13 89 
1 9 8 19
62 13 90 108 
63 90 91 109 
64 91 92 110 
65 92 93 111 
66 93 94 112 
67 94 95 113 
68 95 96 114 
69 96 97 115 
70 97 98 116 
71 98 99 117 
72 99 100 118 
73 100 101 119 
74 101 102 120 
75 102 103 121 
76 103 104 122 
77 104 105 123 
78 105 106 124 
79 106 107 125 
80 107 21 126 
1 10 8 4
81 21 127 130 
82 127 128 131 
83 128 129 132 
84 129 22 133 
1 11 8 19
85 22 134 152 
86 134 135 153 
87 135 136 154 
88 136 137 155 
89 137 138 156 
90 138 139 157 
91 139 140 158 
92 140 141 159 
93 141 142 160 
94 142 143 161 
95 143 144 162 
96 144 145 163 
97 145 146 164 
98 146 147 165 
99 147 148 166 
100 148 149 167 
101 149 150 168 
102 150 151 169 
103 151 12 170 
1 12 8 9
104 12 171 179 
105 171 172 180 
106 172 173 181 
107 173 174 182 
108 174 175 183 
109 175 176 184 
110 176 177 185 
111 177 178 186 
112 178 11 187 
1 13 8 3
113 11 188 190 
114 188 189 191 
115 189 10 192 
1 14 8 9
116 10 193 201 
117 193 194 202 
118 194 195 203 
119 195 196 204 
120 196 197 205 
121 197 198 206 
122 198 199 207 
123 199 200 208 
124 200 9 209 
1 16 8 9
125 8 210 218 
126 210 211 219 
127 211 212 220 
128 212 213 221 
129 213 214 222 
130 214 215 223 
131 215 216 224 
132 216 217 225 
133 217 7 226 
1 17 8 19
134 7 227 245 
135 227 228 246 
136 228 229 247 
137 229 230 248 
138 230 231 249 
139 231 232 250 
140 232 233 251 
141 233 234 252 
142 234 235 253 
143 235 236 254 
144 236 237 255 
145 237 238 256 
146 238 239 257 
147 239 240 258 
148 240 241 259 
149 241 242 260 
150 242 243 261 
151 243 244 262 
152 244 20 263 
1 18 8 4
153 20 264 267 
154 264 265 268 
155 265 266 269 
156 266 19 270 
1 19 8 19
157 19 271 289 
158 271 272 290 
159 272 273 291 
160 273 274 292 
161 274 275 293 
162 275 276 294 
163 276 277 295 
164 277 278 296 
165 278 279 297 
166 279 280 298 
167 280 281 299 
168 281 282 300 
169 282 283 301 
170 283 284 302 
171 284 285 303 
172 285 286 304 
173 286 287 305 
174 287 288 306 
175 288 6 307 
1 20 8 19
176 6 308 326 
177 308 309 327 
178 309 310 328 
179 310 311 329 
180 311 312 330 
181 312 313 331 
182 313 314 332 
183 314 315 333 
184 315 316 334 
185 316 317 335 
186 317 318 336 
187 318 319 337 
188 319 320 338 
189 320 321 339 
190 321 322 340 
191 322 323 341 
192 323 324 342 
193 324 325 343 
194 325 5 344 
1 21 8 3
195 5 345 347 
196 345 346 348 
197 346 4 349 
1 22 8 9
198 4 350 358 
199 350 351 359 
200 351 352 360 
201 352 353 361 
202 353 354 362 
203 354 355 363 
204 355 356 364 
205 356 357 365 
206 357 3 366 
1 23 8 19
207 3 367 385 
208 367 368 386 
209 368 369 387 
210 369 370 388 
211 370 371 389 
212 371 372 390 
213 372 373 391 
214 373 374 392 
215 374 375 393 
216 375 376 394 
217 376 377 395 
218 377 378 396 
219 378 379 397 
220 379 380 398 
221 380 381 399 
222 381 382 400 
223 382 383 401 
224 383 384 402 
225 384 18 403 
1 24 8 4
226 18 404 407 
227 404 405 408 
228 405 406 409 
229 406 17 410 
1 25 8 19
230 17 411 429 
231 411 412 430 
232 412 413 431 
233 413 414 432 
234 414 415 433 
235 415 416 434 
236 416 417 435 
237 417 418 436 
238 418 419 437 
239 419 420 438 
240 420 421 439 
241 421 422 440 
242 422 423 441 
243 423 424 442 
244 424 425 443 
245 425 426 444 
246 426 427 445 
247 427 428 446 
248 428 2 447 
1 26 8 19
249 2 448 466 
250 448 449 467 
251 449 450 468 
252 450 451 469 
253 451 452 470 
254 452 453 471 
255 453 454 472 
256 454 455 473 
257 455 456 474 
258 456 457 475 
259 457 458 476 
260 458 459 477 
261 459 460 478 
262 460 461 479 
263 461 462 480 
264 462 463 481 
265 463 464 482 
266 464 465 483 
267 465 1 484 
1 27 8 2
268 26 485 486 
269 485 16 487 
1 28 8 2
270 23 488 489 
271 488 1 490 
1 29 8 2
272 8 491 492 
273 491 24 493 
1 30 8 2
274 9 494 495 
275 494 25 496 
1 32 8 2
276 26 497 498 
277 497 23 499 
1 33 8 2
278 26 500 501 
279 500 28 502 
1 34 8 39
280 28 503 541 
281 503 504 542 
282 504 505 543 
283 505 506 544 
284 506 507 545 
285 507 508 546 
286 508 509 547 
287 509 510 548 
288 510 511 549 
289 511 512 550 
290 512 513 551 
291 513 514 552 
292 514 515 553 
293 515 516 554 
294 516 517 555 
295 517 518 556 
296 518 519 557 
297 519 520 558 
298 520 521 559 
299 521 522 560 
300 522 523 561 
301 523 524 562 
302 524 525 563 
303 525 526 564 
304 526 527 565 
305 527 528 566 
306 528 529 567 
307 529 530 568 
308 530 531 569 
309 531 532 570 
310 532 533 571 
311 533 534 572 
312 534 535 573 
313 535 536 574 
314 536 537 575 
315 537 538 576 
316 538 539 577 
317 539 540 578 
318 540 29 579 
1 35 8 2
319 29 580 581 
320 580 25 582 
1 36 8 2
321 25 583 584 
322 583 24 585 
1 37 8 2
323 24 586 587 
324 586 30 588 
1 38 8 39
325 30 589 627 
326 589 590 628 
327 590 591 629 
328 591 592 630 
329 592 593 631 
330 593 594 632 
331 594 595 633 
332 595 596 634 
333 596 597 635 
334 597 598 636 
335 598 599 637 
336 599 600 638 
337 600 601 639 
338 601 602 640 
339 602 603 641 
340 603 604 642 
341 604 605 643 
342 605 606 644 
343 606 607 645 
344 607 608 646 
345 608 609 647 
346 609 610 648 
347 610 611 649 
348 611 612 650 
349 612 613 651 
350 613 614 652 
351 614 615 653 
352 615 616 654 
353 616 617 655 
354 617 618 656 
355 618 619 657 
356 619 620 658 
357 620 621 659 
358 621 622 660 
359 622 623 661 
360 623 624 662 
361 624 625 663 
362 625 626 664 
363 626 27 665 
1 39 8 2
364 27 666 667 
365 666 23 668 
2 1 9 51
366 527 743 528 761 762 566 
367 526 742 527 763 764 565 
368 525 740 526 765 766 564 
369 524 739 525 767 768 563 
370 523 738 524 769 770 562 
371 177 744 176 771 772 185 
372 13 713 679 773 774 775 
373 522 725 523 776 777 561 
374 172 738 171 778 779 180 
375 173 739 172 780 781 181 
376 174 740 173 782 783 182 
377 175 742 174 784 785 183 
378 176 743 175 786 787 184 
379 99 754 98 788 789 117 
380 53 700 14 790 791 71 
381 680 709 672 792 793 794 
382 681 711 671 795 796 797 
383 689 710 671 798 799 800 
384 685 714 676 801 802 803 
385 676 717 684 804 805 806 
386 692 758 669 807 808 809 
387 144 736 143 810 811 162 
388 672 729 681 812 813 814 
389 535 195 196 815 204 816 
390 509 36 37 817 45 818 
391 145 723 144 819 820 163 
392 100 721 99 821 822 118 
393 129 758 128 823 824 132 
394 91 712 90 825 826 109 
395 151 718 150 827 828 169 
396 678 755 691 829 830 831 
397 692 737 127 832 833 834 
398 679 730 704 835 836 837 
399 67 753 66 838 839 85 
400 520 746 707 840 841 842 
401 719 749 518 843 844 845 
402 722 745 517 846 847 848 
403 521 706 704 849 850 851 
404 9 733 200 852 853 209 
405 171 725 12 854 855 179 
406 31 732 16 856 857 39 
407 28 697 503 858 859 541 
408 540 696 29 860 861 579 
409 530 726 531 862 863 569 
410 193 756 10 864 865 201 
411 15 757 38 866 867 47 
412 57 58 515 76 868 869 
413 699 49 14 870 52 871 
414 49 699 48 870 872 51 
415 698 188 189 873 191 874 
416 188 698 11 873 875 190 
2 1 10 136
417 697 16 732 503 876 857 877 859 878 
418 733 9 696 540 852 879 860 880 881 
419 529 177 178 530 882 186 883 568 884 
420 678 748 705 755 885 886 887 829 888 
421 528 743 176 744 762 786 772 889 890 
422 175 743 527 742 787 761 764 784 891 
423 174 742 526 740 785 763 766 782 892 
424 173 740 525 739 783 765 768 780 893 
425 172 739 524 738 781 767 770 778 894 
426 669 741 703 752 895 896 897 898 899 
427 672 709 691 755 793 900 830 901 902 
428 702 142 143 736 903 161 811 904 905 
429 703 748 678 752 906 885 907 897 908 
430 32 505 504 31 909 543 910 40 911 
431 539 538 199 200 577 912 208 913 914 
432 690 708 669 752 915 916 898 917 918 
433 523 725 171 738 777 854 779 769 919 
434 689 671 688 670 800 920 921 922 923 
435 682 674 686 675 924 925 926 927 928 
436 685 676 684 673 803 806 929 930 931 
437 13 679 704 706 775 837 850 932 933 
438 145 146 682 723 164 934 935 819 936 
439 688 140 141 724 937 159 938 939 940 
440 695 758 129 751 941 823 942 943 944 
441 33 506 505 32 945 544 909 41 946 
442 538 537 198 199 576 947 207 912 948 
443 705 729 672 755 949 812 901 887 950 
444 692 127 128 758 834 131 824 807 951 
445 681 671 680 672 797 952 794 814 953 
446 138 139 681 729 157 954 813 955 956 
447 686 95 96 720 957 114 958 959 960 
448 703 135 136 748 961 154 962 906 963 
449 687 674 683 676 964 965 966 967 968 
450 701 675 694 677 969 970 971 972 973 
451 34 507 506 33 974 545 945 42 975 
452 537 536 197 198 575 976 206 947 977 
453 754 694 97 98 978 979 116 789 980 
454 134 741 695 751 981 982 943 983 984 
455 100 101 689 721 119 985 986 821 987 
456 105 690 691 104 988 989 990 123 991 
457 12 730 679 731 992 835 993 994 995 
458 91 92 685 712 110 996 997 825 998 
459 684 149 150 718 999 168 828 1000 1001 
460 713 673 731 679 1002 1003 993 774 1004 
461 35 508 507 34 1005 546 974 43 1006 
462 194 534 533 193 1007 572 1008 202 1009 
463 510 509 37 38 548 818 46 1010 1011 
464 536 535 196 197 574 816 205 976 1012 
465 693 754 99 721 1013 788 822 1014 1015 
466 702 677 693 670 1016 1017 1018 1019 1020 
467 678 691 690 752 831 989 917 907 1021 
468 754 693 677 694 1013 1017 971 978 1022 
469 701 736 144 723 1023 810 820 1024 1025 
470 514 56 57 515 1026 75 869 553 1027 
471 195 535 534 194 815 573 1007 203 1028 
472 36 509 508 35 817 547 1005 44 1029 
473 680 102 103 709 1030 121 1031 792 1032 
474 147 148 683 716 166 1033 1034 1035 1036 
475 687 93 94 715 1037 112 1038 1039 1040 
476 722 61 62 745 1041 80 1042 846 1043 
477 724 141 142 702 938 160 903 1044 1045 
478 728 59 60 734 1046 78 1047 1048 1049 
479 515 58 59 728 868 77 1046 1050 1051 
480 54 55 727 735 73 1052 1053 1054 1055 
481 55 56 514 727 74 1026 1056 1052 1057 
482 69 70 707 746 88 1058 841 1059 1060 
483 699 14 700 512 871 791 1061 1062 1063 
484 726 11 698 531 1064 875 1065 863 1066 
485 719 63 64 749 1067 82 1068 843 1069 
486 708 106 107 737 1070 125 1071 1072 1073 
487 690 105 106 708 988 124 1070 915 1074 
488 731 718 151 12 1075 827 170 994 1076 
489 713 13 90 712 773 108 826 1077 1078 
490 67 68 747 753 86 1079 1080 838 1081 
491 696 9 494 760 879 495 1082 1083 1084 
492 485 16 697 759 487 876 1085 1086 1087 
493 750 65 66 753 1088 84 839 1089 1090 
494 580 29 696 760 581 861 1083 1091 1092 
495 697 28 500 759 858 502 1093 1085 1094 
496 669 758 695 741 808 941 982 895 1095 
497 70 13 706 707 89 932 1096 1058 1097 
498 53 54 735 700 72 1054 1098 790 1099 
499 734 60 61 722 1047 79 1041 1100 1101 
500 745 62 63 719 1042 81 1067 1102 1103 
501 748 136 137 705 962 155 1104 886 1105 
502 189 10 756 698 192 865 1106 874 1107 
503 68 69 746 747 87 1059 1108 1079 1109 
504 137 138 729 705 156 955 949 1104 1110 
505 38 757 511 510 867 1111 549 1010 1112 
506 532 756 193 533 1113 864 1008 571 1114 
507 749 64 65 750 1068 83 1088 1115 1116 
508 757 15 48 699 866 50 872 1117 1118 
509 677 702 736 701 1016 904 1023 972 1119 
510 721 689 670 693 986 922 1018 1014 1120 
511 675 686 720 694 926 959 1121 970 1122 
512 714 685 92 93 801 996 111 1123 1124 
513 710 689 101 102 798 985 120 1125 1126 
514 95 686 715 94 957 1127 1038 113 1128 
515 149 684 717 148 999 805 1129 167 1130 
516 716 682 146 147 1131 934 165 1035 1132 
517 104 691 709 103 990 900 1031 122 1133 
518 723 682 675 701 935 927 969 1024 1134 
519 711 681 139 140 795 954 158 1135 1136 
520 737 107 21 127 1071 126 130 833 1137 
521 522 521 704 730 560 851 836 1138 1139 
522 712 685 673 713 997 930 1002 1077 1140 
523 700 735 513 512 1098 1141 551 1061 1142 
524 516 734 722 517 1143 1100 848 555 1144 
525 692 669 708 737 809 916 1072 832 1145 
526 521 520 707 706 559 842 1096 849 1146 
527 97 694 720 96 979 1121 958 115 1147 
528 517 745 719 518 847 1102 845 556 1148 
529 730 12 725 522 992 855 776 1138 1149 
530 673 684 718 731 929 1000 1075 1003 1150 
531 520 519 747 746 558 1151 1108 840 1152 
532 688 671 711 140 920 796 1135 937 1153 
533 710 102 680 671 1125 1030 952 799 1154 
534 531 698 756 532 1065 1106 1113 570 1155 
535 750 519 518 749 1156 557 844 1115 1157 
536 714 93 687 676 1123 1037 967 802 1158 
537 717 676 683 148 804 966 1033 1129 1159 
538 674 682 716 683 924 1131 1034 965 1160 
539 757 699 512 511 1117 1062 550 1111 1161 
540 674 687 715 686 964 1039 1127 925 1162 
541 741 134 135 703 981 153 961 896 1163 
542 733 540 539 200 880 578 913 853 1164 
543 504 503 732 31 542 877 856 910 1165 
544 670 688 724 702 921 939 1044 1019 1166 
545 727 514 513 735 1056 552 1141 1053 1167 
546 516 515 728 734 554 1050 1048 1143 1168 
547 726 530 178 11 862 883 187 1064 1169 
548 519 750 753 747 1156 1089 1080 1151 1170 
549 25 580 760 494 582 1091 1082 496 1171 
550 759 500 26 485 1093 501 486 1086 1172 
551 529 528 744 177 567 889 771 882 1173 
552 22 134 751 129 152 983 942 133 1174 
2 2 9 4
553 308 1227 6 1307 1308 326 
554 309 1289 308 1309 1310 327 
555 601 313 314 1311 332 1312 
556 313 601 312 1311 1313 331 
2 2 10 224
557 1280 624 623 1275 1314 662 1315 1316 1317 
558 618 1264 1277 619 1318 1319 1320 657 1321 
559 591 590 210 211 629 1322 219 1323 1324 
560 592 591 211 212 630 1323 220 1325 1326 
561 593 592 212 213 631 1325 221 1327 1328 
562 229 1196 1242 228 1329 1330 1331 247 1332 
563 1205 1178 1251 1193 1333 1334 1335 1336 1337 
564 373 1189 1235 372 1338 1339 1340 391 1341 
565 423 1190 1238 422 1342 1343 1344 441 1345 
566 415 1216 1252 414 1346 1347 1348 433 1349 
567 1214 1180 1252 1216 1350 1351 1347 1352 1353 
568 287 1203 1250 286 1354 1355 1356 305 1357 
569 231 1197 1243 230 1358 1359 1360 249 1361 
570 275 1201 1245 274 1362 1363 1364 293 1365 
571 377 1191 1236 376 1366 1367 1368 395 1369 
572 425 1213 1256 424 1370 1371 1372 443 1373 
573 379 1210 1237 378 1374 1375 1376 397 1377 
574 419 1208 1254 418 1378 1379 1380 437 1381 
575 239 1207 1185 238 1382 1383 1384 257 1385 
576 277 1215 1246 276 1386 1387 1388 295 1389 
577 279 1211 1247 278 1390 1391 1392 297 1393 
578 417 1212 1253 416 1394 1395 1396 435 1397 
579 285 1202 1249 284 1398 1399 1400 303 1401 
580 421 1195 1255 420 1402 1403 1404 439 1405 
581 369 1193 1251 368 1406 1335 1407 387 1408 
582 281 1194 1248 280 1409 1410 1411 299 1412 
583 375 1204 1177 374 1413 1414 1415 393 1416 
584 233 1198 1183 232 1417 1418 1419 251 1420 
585 235 1199 1239 234 1421 1422 1423 253 1424 
586 237 1206 1184 236 1425 1426 1427 255 1428 
587 283 1192 1181 282 1429 1430 1431 301 1432 
588 371 1209 1234 370 1433 1434 1435 389 1436 
589 1193 1234 1257 1205 1437 1438 1439 1336 1440 
590 1207 1215 1247 1185 1441 1442 1443 1383 1444 
591 1189 1190 1256 1235 1445 1446 1447 1339 1448 
592 1198 1192 1249 1183 1449 1450 1451 1418 1452 
593 1210 1179 1253 1212 1453 1454 1395 1455 1456 
594 1194 1181 1239 1199 1457 1458 1422 1459 1460 
595 1199 1184 1248 1194 1461 1462 1410 1459 1463 
596 1206 1185 1247 1211 1464 1443 1391 1465 1466 
597 1192 1198 1239 1181 1449 1467 1458 1430 1468 
598 1204 1236 1255 1195 1469 1470 1403 1471 1472 
599 1191 1237 1254 1208 1473 1474 1379 1475 1476 
600 241 1200 1244 240 1477 1478 1479 259 1480 
601 1203 1182 1242 1196 1481 1482 1330 1483 1484 
602 1206 1211 1248 1184 1465 1485 1462 1426 1486 
603 1189 1177 1238 1190 1487 1488 1343 1445 1489 
604 381 1214 1179 380 1490 1491 1492 399 1493 
605 1209 1235 1256 1213 1494 1447 1371 1495 1496 
606 1207 1244 1246 1215 1497 1498 1387 1441 1499 
607 1204 1195 1238 1177 1471 1500 1488 1414 1501 
608 1197 1202 1250 1243 1502 1503 1504 1359 1505 
609 427 1205 1257 426 1506 1439 1507 445 1508 
610 1200 1201 1246 1244 1509 1510 1498 1478 1511 
611 1200 1186 1245 1201 1512 1513 1363 1509 1514 
612 1210 1212 1254 1237 1455 1515 1474 1375 1516 
613 1209 1213 1257 1234 1495 1517 1438 1434 1518 
614 1191 1208 1255 1236 1475 1519 1470 1367 1520 
615 1197 1183 1249 1202 1521 1451 1399 1502 1522 
616 1196 1243 1250 1203 1523 1504 1355 1483 1524 
617 1214 1216 1253 1179 1352 1525 1454 1491 1526 
618 594 593 213 214 632 1327 222 1527 1528 
619 597 596 216 217 635 1529 225 1530 1531 
620 273 1217 1269 272 1532 1533 1534 291 1535 
621 413 1218 1270 412 1536 1537 1538 431 1539 
622 27 1225 1305 666 1540 1541 1542 667 1543 
623 30 586 1306 1226 588 1544 1545 1546 1547 
624 1 488 1305 1225 490 1548 1541 1549 1550 
625 8 1226 1306 491 1551 1545 1552 492 1553 
626 1224 271 272 1269 1554 290 1534 1555 1556 
627 1223 411 412 1270 1557 430 1538 1558 1559 
628 595 594 214 215 633 1527 223 1560 1561 
629 596 595 215 216 634 1560 224 1529 1562 
630 243 1219 1186 242 1563 1564 1565 261 1566 
631 1219 1217 1245 1186 1567 1568 1513 1564 1569 
632 1220 1218 1252 1180 1570 1571 1351 1572 1573 
633 383 1220 1180 382 1574 1572 1575 401 1576 
634 1220 1175 1270 1218 1577 1578 1537 1570 1579 
635 1219 1176 1269 1217 1580 1581 1533 1567 1582 
636 589 1278 210 590 1583 1584 1322 628 1585 
637 1219 243 244 1232 1563 262 1586 1587 1588 
638 1220 383 384 1231 1574 402 1589 1590 1591 
639 1284 346 4 1271 1592 349 1593 1594 1595 
640 1220 1231 1221 1175 1590 1596 1597 1577 1598 
641 1219 1232 1222 1176 1587 1599 1600 1580 1601 
642 1224 1304 265 266 1602 1603 269 1604 1605 
643 1223 1303 405 406 1606 1607 409 1608 1609 
644 1303 1223 1270 1175 1606 1558 1578 1610 1611 
645 1304 1224 1269 1176 1602 1555 1581 1612 1613 
646 1196 229 230 1243 1329 248 1360 1523 1614 
647 1202 285 286 1250 1398 304 1356 1503 1615 
648 1204 375 376 1236 1413 394 1368 1469 1616 
649 1189 373 374 1177 1338 392 1415 1487 1617 
650 1197 231 232 1183 1358 250 1419 1521 1618 
651 1199 235 236 1184 1421 254 1427 1461 1619 
652 1207 239 240 1244 1382 258 1479 1497 1620 
653 1217 273 274 1245 1532 292 1364 1568 1621 
654 1201 275 276 1246 1362 294 1388 1510 1622 
655 1215 277 278 1247 1386 296 1392 1442 1623 
656 1193 369 370 1234 1406 388 1435 1437 1624 
657 1209 371 372 1235 1433 390 1340 1494 1625 
658 1191 377 378 1237 1366 396 1376 1473 1626 
659 1210 379 380 1179 1374 398 1492 1453 1627 
660 1212 417 418 1254 1394 436 1380 1515 1628 
661 1195 421 422 1238 1402 440 1344 1500 1629 
662 1216 415 416 1253 1346 434 1396 1525 1630 
663 1208 419 420 1255 1378 438 1404 1519 1631 
664 1190 423 424 1256 1342 442 1372 1446 1632 
665 1213 425 426 1257 1370 444 1507 1517 1633 
666 1203 287 288 1182 1354 306 1634 1481 1635 
667 1198 233 234 1239 1417 252 1423 1467 1636 
668 1282 227 228 1242 1637 246 1331 1638 1639 
669 1206 237 238 1185 1425 256 1384 1464 1640 
670 1200 241 242 1186 1477 260 1565 1512 1641 
671 1211 279 280 1248 1390 298 1411 1485 1642 
672 1192 283 284 1249 1429 302 1400 1450 1643 
673 1194 281 282 1181 1409 300 1431 1457 1644 
674 1205 427 428 1178 1506 446 1645 1333 1646 
675 1214 381 382 1180 1490 400 1575 1350 1647 
676 1218 413 414 1252 1536 432 1348 1571 1648 
677 1281 367 368 1251 1649 386 1407 1650 1651 
678 1176 1222 265 1304 1600 1652 1603 1612 1653 
679 1175 1221 405 1303 1597 1654 1607 1610 1655 
680 244 20 264 1292 263 267 1656 1657 1658 
681 384 18 404 1291 403 407 1659 1660 1661 
682 244 1292 1222 1232 1657 1662 1599 1586 1663 
683 384 1291 1221 1231 1660 1664 1596 1589 1665 
684 448 1262 1263 2 1666 1667 1668 466 1669 
685 608 1267 350 609 1670 1671 1672 647 1673 
686 265 1222 1292 264 1652 1662 1656 268 1674 
687 405 1221 1291 404 1654 1664 1659 408 1675 
688 1187 6 1227 1229 1676 1308 1677 1678 1679 
689 2 1241 1178 428 1680 1681 1645 447 1682 
690 6 1240 1182 288 1683 1684 1634 307 1685 
691 1225 1285 465 1 1686 1687 484 1549 1688 
692 345 1228 1259 5 1689 1690 1691 347 1692 
693 488 23 666 1305 489 668 1542 1548 1693 
694 586 24 491 1306 587 493 1552 1544 1694 
695 1228 345 346 1284 1689 348 1592 1695 1696 
696 1187 7 227 1282 1697 245 1637 1698 1699 
697 7 1187 1229 1230 1697 1678 1700 1701 1702 
698 1241 1281 1251 1178 1703 1650 1334 1681 1704 
699 1240 1282 1242 1182 1705 1638 1482 1684 1706 
700 449 1264 1262 448 1707 1708 1666 467 1709 
701 1188 3 367 1281 1710 385 1649 1711 1712 
702 621 1294 1293 622 1713 1714 1715 660 1716 
703 454 1233 1287 453 1717 1718 1719 472 1720 
704 2 1263 1302 1188 1668 1721 1722 1723 1724 
705 455 1296 1233 454 1725 1726 1717 473 1727 
706 319 1258 1295 318 1728 1729 1730 337 1731 
707 320 1299 1258 319 1732 1733 1728 338 1734 
708 605 1298 1297 606 1735 1736 1737 644 1738 
709 459 1283 1261 458 1739 1740 1741 477 1742 
710 5 1259 1260 325 1691 1743 1744 344 1745 
711 461 462 1265 1279 480 1746 1747 1748 1749 
712 458 1261 1293 457 1741 1750 1751 476 1752 
713 599 1227 308 1289 1753 1307 1310 1754 1755 
714 317 1266 1288 316 1756 1757 1758 335 1759 
715 452 1268 1276 451 1760 1761 1762 470 1763 
716 462 463 1290 1265 481 1764 1765 1746 1766 
717 318 1295 1266 317 1730 1767 1756 336 1768 
718 453 1287 1268 452 1719 1769 1760 471 1770 
719 461 1280 1275 460 1771 1316 1772 479 1773 
720 325 1260 1297 324 1744 1774 1775 343 1776 
721 310 1273 1289 309 1777 1778 1309 328 1779 
722 316 1288 1274 315 1758 1780 1781 334 1782 
723 1272 3 1188 1302 1783 1710 1722 1784 1785 
724 460 1275 1283 459 1772 1786 1739 478 1787 
725 451 1276 1277 450 1762 1788 1789 469 1790 
726 450 1277 1264 449 1789 1319 1707 468 1791 
727 2 1188 1281 1241 1723 1711 1703 1680 1792 
728 6 1187 1282 1240 1676 1698 1705 1683 1793 
729 464 465 1285 1286 483 1687 1794 1795 1796 
730 324 1297 1298 323 1775 1736 1797 342 1798 
731 463 464 1286 1290 482 1795 1799 1764 1800 
732 321 1300 1299 320 1801 1802 1732 339 1803 
733 323 1298 1301 322 1797 1804 1805 341 1806 
734 322 1301 1300 321 1805 1807 1801 340 1808 
735 605 604 1299 1300 643 1809 1802 1810 1811 
736 457 1293 1294 456 1751 1714 1812 475 1813 
737 456 1294 1296 455 1812 1814 1725 474 1815 
738 607 1228 1284 1271 1816 1695 1594 1817 1818 
739 625 1286 1285 626 1819 1794 1820 664 1821 
740 1300 1301 1298 605 1807 1804 1735 1810 1822 
741 1263 1262 1264 618 1667 1708 1318 1823 1824 
742 1260 1259 1228 607 1743 1690 1816 1825 1826 
743 1258 603 1266 1295 1827 1828 1767 1729 1829 
744 1294 621 1233 1296 1713 1830 1726 1814 1831 
745 600 599 1289 1273 638 1754 1778 1832 1833 
746 601 1274 1288 602 1834 1780 1835 640 1836 
747 1286 625 1265 1290 1819 1837 1765 1799 1838 
748 461 1279 624 1280 1748 1839 1314 1771 1840 
749 619 1268 1287 620 1841 1769 1842 658 1843 
750 1261 1283 1275 623 1740 1786 1315 1844 1845 
751 1268 619 1277 1276 1841 1320 1788 1761 1846 
752 616 357 3 1272 1847 366 1783 1848 1849 
753 1271 4 350 1267 1593 358 1671 1850 1851 
754 1226 8 210 1278 1551 218 1584 1852 1853 
755 1285 1225 27 626 1686 1540 665 1820 1854 
756 1278 589 30 1226 1583 627 1546 1852 1855 
757 1229 598 597 1230 1856 636 1857 1700 1858 
758 1229 1227 599 598 1677 1753 637 1856 1859 
759 1288 1266 603 602 1757 1828 641 1835 1860 
760 1299 604 603 1258 1809 642 1827 1733 1861 
761 1297 1260 607 606 1774 1825 645 1737 1862 
762 1267 608 607 1271 1670 646 1817 1850 1863 
763 1302 617 616 1272 1864 655 1848 1784 1865 
764 1302 1263 618 617 1721 1823 656 1864 1866 
765 1287 1233 621 620 1718 1830 659 1842 1867 
766 1293 1261 623 622 1750 1844 661 1715 1868 
767 1279 1265 625 624 1747 1837 663 1839 1869 
768 1230 597 217 7 1857 1530 226 1701 1870 
769 311 600 1273 310 1871 1832 1777 329 1872 
770 311 312 601 600 330 1313 639 1871 1873 
771 315 1274 601 314 1781 1834 1312 333 1874 
772 356 357 616 615 365 1847 654 1875 1876 
773 351 610 609 350 1877 648 1672 359 1878 
774 352 611 610 351 1879 649 1877 360 1880 
775 353 612 611 352 1881 650 1879 361 1882 
776 354 613 612 353 1883 651 1881 362 1884 
777 355 614 613 354 1885 652 1883 363 1886 
778 614 355 356 615 1885 364 1875 653 1887 
779 1223 406 17 411 1608 410 429 1557 1888 
780 266 19 271 1224 270 289 1554 1604 1889 
2 3 9 269
781 1927 2280 2048 2900 2901 2902 
782 1947 2355 2116 2903 2904 2905 
783 2117 2356 1948 2906 2907 2908 
784 19 2652 2372 2909 2910 2911 
785 2487 2585 2018 2912 2913 2914 
786 1959 2614 2142 2915 2916 2917 
787 2141 2615 1958 2918 2919 2920 
788 2207 2402 2076 2921 2922 2923 
789 2077 2403 2206 2924 2925 2926 
790 2188 2463 2412 2927 2928 2929 
791 2413 2462 2187 2930 2931 2932 
792 2029 2749 2129 2933 2934 2935 
793 2132 2752 2028 2936 2937 2938 
794 2256 2643 454 2939 2940 2941 
795 2344 2396 2007 2942 2943 2944 
796 2021 2869 2407 2945 2946 2947 
797 2159 2869 2158 2948 2949 2950 
798 20 2481 2345 2951 2952 2953 
799 283 2251 282 2954 2955 301 
800 96 2252 95 2956 2957 114 
801 2245 2577 2106 2958 2959 2960 
802 2105 2578 2244 2961 2962 2963 
803 1914 2270 2181 2964 2965 2966 
804 1978 2716 2146 2967 2968 2969 
805 2065 2736 2692 2970 2971 2972 
806 2418 2709 2208 2973 2974 2975 
807 2174 2512 1967 2976 2977 2978 
808 2275 2641 1899 2979 2980 2981 
809 1898 2642 2276 2982 2983 2984 
810 2401 2509 2045 2985 2986 2987 
811 2278 2422 1904 2988 2989 2990 
812 1905 2421 2281 2991 2992 2993 
813 2074 2724 1945 2994 2995 2996 
814 2465 2648 2218 2997 2998 2999 
815 1911 2668 2227 3000 3001 3002 
816 2008 2479 2370 3003 3004 3005 
817 2099 2467 2186 3006 3007 3008 
818 1897 2723 2086 3009 3010 3011 
819 2476 2549 2059 3012 3013 3014 
820 2004 2802 2227 3015 3016 3017 
821 2228 2801 2003 3018 3019 3020 
822 2390 2807 2753 3021 3022 3023 
823 2220 2647 2445 3024 3025 3026 
824 2119 2531 2392 3027 3028 3029 
825 2393 2530 2118 3030 3031 3032 
826 2037 2320 2019 3033 3034 3035 
827 2058 2553 2494 3036 3037 3038 
828 2179 2471 1956 3039 3040 3041 
829 1957 2472 2180 3042 3043 3044 
830 2258 2608 1917 3045 3046 3047 
831 2458 2551 2052 3048 3049 3050 
832 2389 2806 1947 3051 3052 3053 
833 2028 2789 2156 3054 3055 3056 
834 2155 2790 2029 3057 3058 3059 
835 2198 2685 2575 3060 3061 3062 
836 2215 2835 1907 3063 3064 3065 
837 1909 2836 2217 3066 3067 3068 
838 2247 2825 1993 3069 3070 3071 
839 2086 2799 2597 3072 3073 3074 
840 1990 2598 2233 3075 3076 3077 
841 2235 2599 1991 3078 3079 3080 
842 355 2492 354 3081 3082 363 
843 174 2491 173 3083 3084 182 
844 1978 2631 2259 3085 3086 3087 
845 2260 2632 1977 3088 3089 3090 
846 1926 2563 2218 3091 3092 3093 
847 2327 2574 1944 3094 3095 3096 
848 2246 2871 2342 3097 3098 3099 
849 2204 2503 1915 3100 3101 3102 
850 1960 2719 2182 3103 3104 3105 
851 2098 2560 2322 3106 3107 3108 
852 2083 2670 2585 3109 3110 3111 
853 2303 2513 2131 3112 3113 3114 
854 2042 2554 2410 3115 3116 3117 
855 2409 2555 2043 3118 3119 3120 
856 2009 2663 2237 3121 3122 3123 
857 2250 2649 2358 3124 3125 3126 
858 2304 2352 2018 3127 3128 3129 
859 1890 2808 2296 3130 3131 3132 
860 2295 2809 1891 3133 3134 3135 
861 2079 2630 2606 3136 3137 3138 
862 2605 2629 2078 3139 3140 3141 
863 1932 2749 2429 3142 3143 3144 
864 2430 2752 1933 3145 3146 3147 
865 1939 2756 2361 3148 3149 3150 
866 2248 2641 2042 3151 3152 3153 
867 2043 2642 2249 3154 3155 3156 
868 2065 2572 2454 3157 3158 3159 
869 1895 2659 2152 3160 3161 3162 
870 449 2537 448 3163 3164 467 
871 2296 2729 2041 3165 3166 3167 
872 2039 2728 2295 3168 3169 3170 
873 2094 2725 2359 3171 3172 3173 
874 2360 2726 2095 3174 3175 3176 
875 36 2586 35 3177 3178 44 
876 2242 2510 2012 3179 3180 3181 
877 1939 2543 2287 3182 3183 3184 
878 2053 2480 2415 3185 3186 3187 
879 1918 2391 2370 3188 3189 3190 
880 1974 2664 2238 3191 3192 3193 
881 2298 2516 2110 3194 3195 3196 
882 2522 2523 1973 3197 3198 3199 
883 1916 2604 2053 3200 3201 3202 
884 2304 2637 2067 3203 3204 3205 
885 452 2877 451 3206 3207 470 
886 2210 2353 1917 3208 3209 3210 
887 2035 2723 2307 3211 3212 3213 
888 2496 2840 2121 3214 3215 3216 
889 2120 2841 2495 3217 3218 3219 
890 458 2733 457 3220 3221 476 
891 413 2400 412 3222 3223 431 
892 2098 2590 2314 3224 3225 3226 
893 2163 2895 2366 3227 3228 3229 
894 2367 2896 2162 3230 3231 3232 
895 1979 2737 2301 3233 3234 3235 
896 2300 2738 1980 3236 3237 3238 
897 1943 2507 2328 3239 3240 3241 
898 2329 2508 1942 3242 3243 3244 
899 266 2467 265 3245 3246 269 
900 2525 2842 2126 3247 3248 3249 
901 2220 2552 1926 3250 3251 3252 
902 2054 2716 2331 3253 3254 3255 
903 2361 2544 2055 3256 3257 3258 
904 2590 2763 1929 3259 3260 3261 
905 2244 2777 1990 3262 3263 3264 
906 1991 2778 2245 3265 3266 3267 
907 2392 2748 2032 3268 3269 3270 
908 2031 2747 2393 3271 3272 3273 
909 2381 2754 2070 3274 3275 3276 
910 2344 2685 2061 3277 3278 3279 
911 2238 2847 2178 3280 3281 3282 
912 2330 2669 411 3283 3284 3285 
913 2014 2656 2463 3286 3287 3288 
914 2462 2655 2013 3289 3290 3291 
915 418 2401 2347 3292 3293 3294 
916 2328 2646 2024 3295 3296 3297 
917 2023 2645 2329 3298 3299 3300 
918 2374 2711 1904 3301 3302 3303 
919 2016 2870 2341 3304 3305 3306 
920 1905 2713 2376 3307 3308 3309 
921 1896 2558 2354 3310 3311 3312 
922 2674 2687 2108 3313 3314 3315 
923 2107 2686 2673 3316 3317 3318 
924 2523 2634 1940 3319 3320 3321 
925 127 2525 21 3322 3323 130 
926 2208 2851 2663 3324 3325 3326 
927 1919 2714 2273 3327 3328 3329 
928 2319 2847 1913 3330 3331 3332 
929 1900 2887 2499 3333 3334 3335 
930 1997 2417 2223 3336 3337 3338 
931 2316 2461 2030 3339 3340 3341 
932 2055 2400 2254 3342 3343 3344 
933 2046 2787 2573 3345 3346 3347 
934 2333 2636 2048 3348 3349 3350 
935 2232 2768 2127 3351 3352 3353 
936 459 2872 458 3354 3355 477 
937 107 2822 2369 3356 3357 3358 
938 2219 2754 2469 3359 3360 3361 
939 1975 2883 2383 3362 3363 3364 
940 465 2480 464 3365 3366 483 
941 2254 2408 2056 3367 3368 3369 
942 2439 2797 2167 3370 3371 3372 
943 2168 2798 2438 3373 3374 3375 
944 2502 2807 2172 3376 3377 3378 
945 2725 2762 1968 3379 3380 3381 
946 1969 2761 2726 3382 3383 3384 
947 426 2621 425 3385 3386 444 
948 2516 2769 2022 3387 3388 3389 
949 288 2650 287 3390 3391 306 
950 91 2651 90 3392 3393 109 
951 69 2640 68 3394 3395 87 
952 310 2639 309 3396 3397 328 
953 451 2759 450 3398 3399 469 
954 2164 2493 2466 3400 3401 3402 
955 2298 2666 1925 3403 3404 3405 
956 1986 2753 2533 3406 3407 3408 
957 1890 2504 2402 3409 3410 3411 
958 2403 2505 1891 3412 3413 3414 
959 2558 2810 2004 3415 3416 3417 
960 199 2648 198 3418 3419 207 
961 2105 2556 2362 3420 3421 3422 
962 2363 2557 2106 3423 3424 3425 
963 309 2696 308 3426 3427 327 
964 70 2697 69 3428 3429 88 
965 2142 2751 2672 3430 3431 3432 
966 2671 2750 2141 3433 3434 3435 
967 1964 2614 2540 3436 3437 3438 
968 2541 2615 1963 3439 3440 3441 
969 2006 2445 2411 3442 3443 3444 
970 2452 2485 2033 3445 3446 3447 
971 2034 2486 2453 3448 3449 3450 
972 244 2682 243 3451 3452 262 
973 230 2592 229 3453 3454 248 
974 143 2686 142 3455 3456 161 
975 376 2687 375 3457 3458 394 
976 1946 2644 2524 3459 3460 3461 
977 2424 2465 2015 3462 3463 3464 
978 405 2709 404 3465 3466 408 
979 2322 2653 1987 3467 3468 3469 
980 2559 2779 1966 3470 3471 3472 
981 2695 2823 1932 3473 3474 3475 
982 1933 2829 2699 3476 3477 3478 
983 150 2527 149 3479 3480 168 
984 369 2528 368 3481 3482 387 
985 2211 2602 1959 3483 3484 3485 
986 1958 2603 2212 3486 3487 3488 
987 211 2760 210 3489 3490 219 
988 2348 2824 1912 3491 3492 3493 
989 2205 2864 1927 3494 3495 3496 
990 2352 2783 1892 3497 3498 3499 
991 2144 2745 2734 3500 3501 3502 
992 2735 2744 2145 3503 3504 3505 
993 2448 2773 2091 3506 3507 3508 
994 2396 2770 1925 3509 3510 3511 
995 2513 2758 1994 3512 3513 3514 
996 2440 2704 1899 3515 3516 3517 
997 1898 2703 2441 3518 3519 3520 
998 2100 2785 2384 3521 3522 3523 
999 2395 2688 2226 3524 3525 3526 
1000 1965 2820 2694 3527 3528 3529 
1001 2128 2786 2447 3530 3531 3532 
1002 1906 2804 2427 3533 3534 3535 
1003 2428 2805 1908 3536 3537 3538 
1004 2036 2592 2289 3539 3540 3541 
1005 2708 2893 2293 3542 3543 3544 
1006 2314 2884 1896 3545 3546 3547 
1007 2660 2840 2184 3548 3549 3550 
1008 2183 2841 2661 3551 3552 3553 
1009 2155 2588 2545 3554 3555 3556 
1010 2546 2589 2156 3557 3558 3559 
1011 2743 2880 2280 3560 3561 3562 
1012 2399 2773 2253 3563 3564 3565 
1013 2475 2823 2071 3566 3567 3568 
1014 1936 2732 2597 3569 3570 3571 
1015 2198 2863 2684 3572 3573 3574 
1016 2421 2781 2040 3575 3576 3577 
1017 2038 2782 2422 3578 3579 3580 
1018 2556 2745 2049 3581 3582 3583 
1019 2050 2744 2557 3584 3585 3586 
1020 1903 2892 2532 3587 3588 3589 
1021 2551 2621 2185 3590 3591 3592 
1022 2150 2758 2634 3593 3594 3595 
1023 2489 2798 1930 3596 3597 3598 
1024 1931 2797 2488 3599 3600 3601 
1025 2282 2888 1916 3602 3603 3604 
1026 2051 2460 2316 3605 3606 3607 
1027 2600 2879 2119 3608 3609 3610 
1028 2118 2878 2601 3611 3612 3613 
1029 2193 2891 350 3614 3615 3616 
1030 2846 2882 2127 3617 3618 3619 
1031 2594 2892 2263 3620 3621 3622 
1032 2094 2848 2520 3623 3624 3625 
1033 2638 2894 1903 3626 3627 3628 
1034 2188 2813 2732 3629 3630 3631 
1035 2549 2830 2151 3632 3633 3634 
1036 2264 2760 2149 3635 3636 3637 
1037 2240 2681 2619 3638 3639 3640 
1038 2620 2682 2241 3641 3642 3643 
1039 4 2875 346 3644 3645 349 
1040 2010 2859 2774 3646 3647 3648 
1041 2775 2860 2011 3649 3650 3651 
1042 2204 2832 2803 3652 3653 3654 
1043 2831 2832 2261 3655 3656 3657 
1044 15 2397 38 3658 3659 47 
1045 8 2264 491 3660 3661 492 
1046 2591 227 228 3662 246 3663 
1047 227 2591 7 3662 3664 245 
1048 2415 488 23 3665 489 3666 
1049 488 2415 1 3665 3667 490 
2 3 10 999
1050 1903 2532 2269 2638 3589 3668 3669 3628 3670 
1051 2253 2773 2025 2780 3564 3671 3672 3673 3674 
1052 2198 2584 2061 2685 3675 3676 3278 3060 3677 
1053 1929 2763 2047 2607 3260 3678 3679 3680 3681 
1054 2226 2688 1966 2779 3525 3682 3471 3683 3684 
1055 2286 2827 2116 2808 3685 3686 3687 3688 3689 
1056 2117 2826 2285 2809 3690 3691 3692 3693 3694 
1057 2160 2553 2058 2712 3695 3036 3696 3697 3698 
1058 2199 2306 2022 2769 3699 3700 3388 3701 3702 
1059 2381 1946 2524 2257 3703 3461 3704 3705 3706 
1060 2336 2862 2027 2767 3707 3708 3709 3710 3711 
1061 2026 2861 2335 2766 3712 3713 3714 3715 3716 
1062 2059 2549 2151 2689 3013 3634 3717 3718 3719 
1063 2635 2126 2842 1928 3720 3248 3721 3722 3723 
1064 2445 2006 2552 2220 3442 3724 3250 3026 3725 
1065 2293 2800 2005 2708 3726 3727 3728 3544 3729 
1066 2100 2594 2303 2785 3730 3731 3732 3521 3733 
1067 2361 2756 2154 2854 3149 3734 3735 3736 3737 
1068 2205 1927 2506 2397 3496 3738 3739 3740 3741 
1069 2330 2400 2055 2544 3742 3342 3257 3743 3744 
1070 2384 2785 1901 2893 3522 3745 3746 3747 3748 
1071 2697 2197 2640 69 3749 3750 3394 3429 3751 
1072 2639 2195 2696 309 3752 3753 3426 3397 3754 
1073 1924 2831 2261 2776 3755 3657 3756 3757 3758 
1074 2262 2816 1924 2776 3759 3760 3757 3761 3762 
1075 1920 2767 2166 2740 3763 3764 3765 3766 3767 
1076 2165 2766 1921 2741 3768 3769 3770 3771 3772 
1077 312 313 2627 2815 331 3773 3774 3775 3776 
1078 2628 65 66 2814 3777 84 3778 3779 3780 
1079 351 2736 2193 350 3781 3782 3616 359 3783 
1080 2379 2169 2719 1960 3784 3785 3103 3786 3787 
1081 2563 2015 2465 2218 3788 3463 2999 3092 3789 
1082 2192 2344 2007 2457 3790 2944 3791 3792 3793 
1083 2064 2433 2268 1964 3794 3795 3796 3797 3798 
1084 2267 2432 2063 1963 3799 3800 3801 3802 3803 
1085 2409 1982 2801 2228 3804 3805 3018 3806 3807 
1086 2802 1981 2410 2227 3808 3809 3810 3016 3811 
1087 2047 2635 2358 2607 3812 3813 3814 3679 3815 
1088 2533 2753 2088 2693 3407 3816 3817 3818 3819 
1089 1911 2413 2187 2817 3820 2932 3821 3822 3823 
1090 2042 2691 2168 2554 3824 3825 3826 3115 3827 
1091 2167 2690 2043 2555 3828 3829 3119 3830 3831 
1092 2061 2584 2199 2770 3676 3832 3833 3834 3835 
1093 2189 2675 1997 2537 3836 3837 3838 3839 3840 
1094 2334 2126 2635 2047 3841 3720 3812 3842 3843 
1095 2365 2603 1958 2706 3844 3486 3845 3846 3847 
1096 1959 2602 2364 2707 3484 3848 3849 3850 3851 
1097 2569 1904 2422 2782 3852 2989 3579 3853 3854 
1098 2006 2423 2148 2552 3855 3856 3857 3724 3858 
1099 2421 1905 2570 2781 2991 3859 3860 3575 3861 
1100 2263 2523 1940 2594 3862 3321 3863 3622 3864 
1101 2399 2562 2091 2773 3865 3866 3507 3563 3867 
1102 2137 2897 2292 2762 3868 3869 3870 3871 3872 
1103 2207 2234 1998 2450 3873 3874 3875 3876 3877 
1104 1999 2236 2206 2451 3878 3879 3880 3881 3882 
1105 2198 2575 2020 2863 3062 3883 3884 3572 3885 
1106 2161 2457 2007 2469 3886 3791 3887 3888 3889 
1107 2291 2898 2138 2761 3890 3891 3892 3893 3894 
1108 352 2692 2736 351 3895 2971 3781 360 3896 
1109 2161 2499 2046 2573 3897 3898 3347 3899 3900 
1110 2073 2341 2203 2482 3901 3902 3903 3904 3905 
1111 2056 2408 2346 2542 3368 3906 3907 3908 3909 
1112 2429 2749 2029 2790 3143 2933 3058 3910 3911 
1113 2065 2454 2135 2736 3159 3912 3913 2970 3914 
1114 2001 2514 2380 2771 3915 3916 3917 3918 3919 
1115 2232 2127 2882 1976 3353 3618 3920 3921 3922 
1116 2028 2752 2430 2789 2937 3145 3923 3054 3924 
1117 1989 2382 2539 2294 3925 3926 3927 3928 3929 
1118 1979 2440 2123 2737 3930 3931 3932 3233 3933 
1119 2124 2441 1980 2738 3934 3935 3237 3936 3937 
1120 2258 1917 2262 2659 3047 3938 3939 3940 3941 
1121 2649 1967 2515 2277 3942 3943 3944 3945 3946 
1122 2489 2119 2392 2032 3947 3029 3270 3948 3949 
1123 2393 2118 2488 2031 3032 3950 3951 3273 3952 
1124 2890 2136 2447 2786 3953 3954 3531 3955 3956 
1125 2558 2271 2139 2810 3957 3958 3959 3415 3960 
1126 2187 2470 1937 2680 3961 3962 3963 3964 3965 
1127 2148 2378 2015 2563 3966 3967 3788 3968 3969 
1128 2307 2723 1897 2700 3212 3009 3970 3971 3972 
1129 2569 2145 2374 1904 3973 3974 3303 3852 3975 
1130 2377 2449 53 54 3976 3977 72 3978 3979 
1131 2092 2566 2398 2780 3980 3981 3982 3983 3984 
1132 2722 1982 2486 2176 3985 3986 3987 3988 3989 
1133 2462 2013 2470 2187 3291 3990 3961 2931 3991 
1134 2303 2594 1940 2513 3731 3863 3992 3112 3993 
1135 2756 1939 2287 2894 3148 3184 3994 3995 3996 
1136 2485 1981 2721 2177 3997 3998 3999 4000 4001 
1137 2058 2494 2369 2653 3038 4002 4003 4004 4005 
1138 2291 2855 1920 2740 4006 4007 3766 4008 4009 
1139 2245 2106 2612 1991 2960 4010 4011 3267 4012 
1140 2611 2105 2244 1990 4013 2963 3264 4014 4015 
1141 1921 2856 2292 2741 4016 4017 4018 3770 4019 
1142 2022 2306 2256 2730 3700 4020 4021 4022 4023 
1143 2429 1951 2616 2221 4024 4025 4026 4027 4028 
1144 34 2136 2757 33 4029 4030 4031 42 4032 
1145 2376 2144 2570 1905 4033 4034 3859 3309 4035 
1146 2443 2213 1993 2825 4036 4037 3070 4038 4039 
1147 2230 2472 1957 2535 4040 3042 4041 4042 4043 
1148 2213 2564 22 2478 4044 4045 4046 4047 4048 
1149 2597 2799 2290 1936 3073 4049 4050 3571 4051 
1150 2223 448 2537 1997 4052 3164 3838 3338 4053 
1151 1968 2843 2285 2826 4054 4055 3691 4056 4057 
1152 2286 2844 1969 2827 4058 4059 4060 3685 4061 
1153 2015 2378 2090 2424 3967 4062 4063 3464 4064 
1154 2348 1972 2443 2824 4065 4066 4067 3491 4068 
1155 2617 1952 2430 2222 4069 4070 4071 4072 4073 
1156 2372 2574 2074 2622 4074 4075 4076 4077 4078 
1157 1956 2471 2231 2534 3040 4079 4080 4081 4082 
1158 2175 2021 2407 2874 4083 2947 4084 4085 4086 
1159 2271 2454 2572 1985 4087 3158 4088 4089 4090 
1160 2718 2056 2543 1939 4091 4092 3182 4093 4094 
1161 2420 1942 2595 2163 4095 4096 4097 4098 4099 
1162 2596 1943 2419 2162 4100 4101 4102 4103 4104 
1163 18 2418 2297 2768 4105 4106 4107 4108 4109 
1164 2410 2554 1911 2227 3116 4110 3002 3810 4111 
1165 2347 2401 2045 2522 3293 2987 4112 4113 4114 
1166 2842 2525 2437 2068 3247 4115 4116 4117 4118 
1167 1910 2555 2409 2228 4119 3118 3806 4120 4121 
1168 2231 2617 1908 2805 4122 4123 3537 4124 4125 
1169 1906 2616 2230 2804 4126 4127 4128 3533 4129 
1170 2233 2598 1920 2855 3076 4130 4007 4131 4132 
1171 1921 2599 2235 2856 4133 3078 4134 4016 4135 
1172 2303 2131 1901 2785 3114 4136 3745 3732 4137 
1173 1895 2152 2302 2378 3162 4138 4139 4140 4141 
1174 2052 2765 2406 2871 4142 4143 4144 4145 4146 
1175 2297 2664 1974 2846 4147 3191 4148 4149 4150 
1176 1944 2425 2290 2799 4151 4152 4049 4153 4154 
1177 2526 2455 2129 2883 4155 4156 4157 4158 4159 
1178 2262 2776 2152 2659 3761 4160 3161 3939 4161 
1179 2044 2759 2279 2800 4162 4163 4164 4165 4166 
1180 66 67 2301 2814 85 4167 4168 3778 4169 
1181 2300 311 312 2815 4170 330 3775 4171 4172 
1182 2052 2551 2185 2765 3049 3592 4173 4142 4174 
1183 2031 2626 2308 2747 4175 4176 4177 3271 4178 
1184 2309 2625 2032 2748 4179 4180 3269 4181 4182 
1185 2305 2476 2059 2425 4183 3014 4184 4185 4186 
1186 1895 2423 2258 2659 4187 4188 3940 3160 4189 
1187 2570 2144 2734 2076 4034 3502 4190 4191 4192 
1188 2735 2145 2569 2077 3505 3973 4193 4194 4195 
1189 2034 2453 2124 2508 3450 4196 4197 4198 4199 
1190 2123 2452 2033 2507 4200 3447 4201 4202 4203 
1191 2147 2571 1919 2426 4204 4205 4206 4207 4208 
1192 2163 2595 2627 2895 4097 4209 4210 3227 4211 
1193 2628 2596 2162 2896 4212 4103 3231 4213 4214 
1194 2320 2037 2820 1965 3033 4215 3527 4216 4217 
1195 2543 1973 2839 2287 4218 4219 4220 3183 4221 
1196 2299 2414 2002 2644 4222 4223 4224 4225 4226 
1197 2188 2412 1910 2813 2929 4227 4228 3629 4229 
1198 2787 2046 2719 2169 3345 4230 3785 4231 4232 
1199 2521 2742 2103 2851 4233 4234 4235 4236 4237 
1200 2711 2071 2278 1904 4238 4239 2990 3302 4240 
1201 2301 2737 2085 2814 3234 4241 4242 4168 4243 
1202 2084 2738 2300 2815 4244 3236 4171 4245 4246 
1203 2211 2674 2108 2602 4247 3315 4248 3483 4249 
1204 2107 2673 2212 2603 3318 4250 3487 4251 4252 
1205 2661 2841 2120 2886 3552 3217 4253 4254 4255 
1206 2121 2840 2660 2885 3215 3548 4256 4257 4258 
1207 2040 2657 2101 2421 4259 4260 4261 3577 4262 
1208 2241 2682 2345 2019 3642 4263 4264 4265 4266 
1209 2282 1960 2182 2888 4267 3105 4268 3602 4269 
1210 2132 2459 2529 2837 4270 4271 4272 4273 4274 
1211 2839 1973 2523 2263 4219 3198 3862 4275 4276 
1212 2057 2824 2443 2825 4277 4067 4038 4278 4279 
1213 2516 2298 1925 2769 3194 3405 4280 3387 4281 
1214 2611 1935 2556 2105 4282 4283 3420 4013 4284 
1215 2159 5 2407 2869 4285 4286 2946 2948 4287 
1216 2370 2479 2247 1918 3004 4288 4289 3190 4290 
1217 2368 456 457 2733 4291 475 3221 4292 4293 
1218 1938 2306 2199 2584 4294 3699 3832 4295 4296 
1219 2402 2207 2450 1890 2921 3876 4297 3411 4298 
1220 2451 2206 2403 1891 3880 2925 3414 4299 4300 
1221 2622 2074 1945 2482 4076 2996 4301 4302 4303 
1222 2098 2314 1896 2354 3226 3547 3312 4304 4305 
1223 2297 2418 2009 2664 4106 4306 4307 4147 4308 
1224 2537 449 2511 2189 3163 4309 4310 3839 4311 
1225 2089 2423 2006 2411 4312 3855 3444 4313 4314 
1226 2305 2425 2109 2652 4185 4315 4316 4317 4318 
1227 2557 1934 2612 2106 4319 4320 4010 3424 4321 
1228 2054 2371 2370 2391 4322 4323 3189 4324 4325 
1229 2102 2658 2038 2422 4326 4327 3580 4328 4329 
1230 2173 2355 1947 2806 4330 2903 3052 4331 4332 
1231 2503 1965 2654 2164 4333 4334 4335 4336 4337 
1232 2084 2595 2436 2738 4338 4339 4340 4244 4341 
1233 2435 2596 2085 2737 4342 4343 4241 4344 4345 
1234 2067 2638 2269 2783 4346 3669 4347 4348 4349 
1235 2513 1994 2406 2131 3514 4350 4351 3113 4352 
1236 2368 2516 2022 2730 4353 3389 4022 4354 4355 
1237 2021 2332 2731 2869 4356 4357 4358 2945 4359 
1238 2168 2438 1970 2413 3375 4360 4361 4362 4363 
1239 2350 381 382 2459 4364 400 4365 4366 4367 
1240 2284 2319 1913 2538 4368 3332 4369 4370 4371 
1241 2797 2439 2031 2488 3370 4372 3951 3600 4373 
1242 2059 2689 2290 2425 3718 4374 4152 4184 4375 
1243 2345 2481 2037 2019 2952 4376 3035 4264 4377 
1244 452 453 2274 2877 471 4378 4379 3206 4380 
1245 1971 2439 2167 2412 4381 3372 4382 4383 4384 
1246 2032 2438 2798 2489 4385 3374 3596 3948 4386 
1247 1989 2416 2618 2746 4387 4388 4389 4390 4391 
1248 2597 2114 2339 2086 4392 4393 4394 3074 4395 
1249 2487 2018 2192 2457 2914 4396 3792 4397 4398 
1250 2746 2506 2382 1989 4399 4400 3925 4390 4401 
1251 136 137 2349 2455 155 4402 4403 4404 4405 
1252 2275 2691 2042 2641 4406 3824 3152 2979 4407 
1253 2043 2690 2276 2642 3829 4408 2983 3154 4409 
1254 2001 2351 2283 2514 4410 4411 4412 3915 4413 
1255 1980 2840 2496 2300 4414 3214 4415 3238 4416 
1256 2495 2841 1979 2301 3218 4417 3235 4418 4419 
1257 2495 2301 67 68 4418 4167 86 4420 4421 
1258 311 2300 2496 310 4170 4415 4422 329 4423 
1259 2180 2472 2078 2629 3043 4424 3140 4425 4426 
1260 2079 2471 2179 2630 4427 3039 4428 3136 4429 
1261 2546 2857 2079 2606 4430 4431 3138 4432 4433 
1262 2078 2858 2545 2605 4434 4435 4436 3141 4437 
1263 2248 2042 2410 1981 3153 3117 3809 4438 4439 
1264 1897 2593 2272 2700 4440 4441 4442 3970 4443 
1265 2394 2829 1933 2752 4444 3476 3146 4445 4446 
1266 2337 2428 1908 2657 4447 3538 4448 4449 4450 
1267 2490 2209 2571 2072 4451 4452 4453 4454 4455 
1268 2312 2446 2013 2655 4456 4457 3290 4458 4459 
1269 2333 2669 2122 2636 4460 4461 4462 3348 4463 
1270 1998 2855 2224 2844 4464 4465 4466 4467 4468 
1271 2225 2856 1999 2843 4469 4470 4471 4472 4473 
1272 2575 2685 1892 2783 3061 4474 3498 4475 4476 
1273 2216 2729 1996 2492 4477 4478 4479 4480 4481 
1274 1995 2728 2214 2491 4482 4483 4484 4485 4486 
1275 276 2313 2442 275 4487 4488 4489 294 4490 
1276 1906 2427 2338 2658 3535 4491 4492 4493 4494 
1277 1969 2726 2360 2827 3384 3174 4495 4060 4496 
1278 2322 1987 2590 2098 3469 4497 3224 3108 4498 
1279 230 231 2289 2592 249 4499 3540 3453 4500 
1280 2402 2504 2040 2781 3410 4501 3576 4502 4503 
1281 2013 2446 2160 2470 4457 4504 4505 3990 4506 
1282 2241 2019 2803 1961 4265 4507 4508 4509 4510 
1283 2409 2043 2249 1982 3120 3156 4511 3804 4512 
1284 1925 2666 2219 2396 3404 4513 4514 3511 4515 
1285 2718 2055 2254 2056 4516 3344 3369 4091 4517 
1286 2352 2304 2067 2783 3127 3205 4348 3497 4518 
1287 1986 2272 2140 2848 4519 4520 4521 4522 4523 
1288 1961 2803 2832 2831 4508 3653 3655 4524 4525 
1289 2038 2505 2403 2782 4526 3412 4527 3578 4528 
1290 2357 2327 1944 2799 4529 3096 4153 4530 4531 
1291 2758 2150 2342 1994 3593 4532 4533 3513 4534 
1292 2108 2179 1956 2602 4535 3041 4536 4248 4537 
1293 1957 2180 2107 2603 3044 4538 4251 4539 4540 
1294 2395 2467 2099 2688 4541 3006 4542 3524 4543 
1295 2550 2159 2158 2008 4544 2950 4545 4546 4547 
1296 2203 1914 2181 2755 4548 2966 4549 4550 4551 
1297 2496 2121 2639 310 3216 4552 3396 4422 4553 
1298 2640 2120 2495 68 4554 3219 4420 3395 4555 
1299 2269 2020 2575 2783 4556 3883 4475 4347 4557 
1300 10 193 2694 2017 201 4558 4559 4560 4561 
1301 1909 2097 2266 2836 4562 4563 4564 3066 4565 
1302 2359 2725 1968 2826 3172 3381 4056 4566 4567 
1303 2116 2355 2296 2808 2904 4568 3131 3687 4569 
1304 2295 2356 2117 2809 4570 2906 3693 3133 4571 
1305 2347 2522 2157 2784 4113 4572 4573 4574 4575 
1306 2552 2148 2563 1926 3857 3968 3091 3251 4576 
1307 2265 2096 1907 2835 4577 4578 3064 4579 4580 
1308 2045 2634 2523 2522 4581 3319 3197 4112 4582 
1309 2186 19 2372 2622 4583 2911 4077 4584 4585 
1310 2238 2237 1913 2847 4586 4587 3331 3280 4588 
1311 2887 1900 2381 2257 3333 4589 3705 4590 4591 
1312 2459 382 383 2529 4365 401 4592 4271 4593 
1313 2280 2103 2333 2048 4594 4595 3350 2901 4596 
1314 2320 1965 2503 2204 4216 4333 3100 4597 4598 
1315 1932 2823 2383 2749 3474 4599 4600 3142 4601 
1316 2209 2882 2846 2714 4602 3617 4603 4604 4605 
1317 1974 2238 2178 2273 3193 3282 4606 4607 4608 
1318 2631 1978 2374 2145 3085 4609 3974 4610 4611 
1319 2014 2442 2313 2656 4612 4488 4613 3286 4614 
1320 2163 2366 2026 2420 3229 4615 4616 4098 4617 
1321 2027 2367 2162 2419 4618 3232 4102 4619 4620 
1322 2484 228 229 2592 4621 247 3454 4622 4623 
1323 2232 384 18 2768 4624 403 4108 3351 4625 
1324 2155 2545 2858 2790 3556 4435 4626 3057 4627 
1325 2201 2802 2004 2810 4628 3015 3416 4629 4630 
1326 2281 2072 2713 1905 4631 4632 3307 2993 4633 
1327 2446 2312 102 103 4456 4634 121 4635 4636 
1328 2171 2867 2308 2626 4637 4638 4176 4639 4640 
1329 2857 2546 2156 2789 4430 3559 3055 4641 4642 
1330 2376 1977 2632 2144 4643 3089 4644 4033 4645 
1331 2328 2507 2033 2646 3240 4201 4646 3295 4647 
1332 2034 2508 2329 2645 4198 3242 3299 4648 4649 
1333 2549 273 274 2830 4650 292 4651 3632 4652 
1334 2348 1912 2739 2082 3493 4653 4654 4655 4656 
1335 2876 2375 1938 2684 4657 4658 4659 4660 4661 
1336 2275 1899 2704 2081 2981 3516 4662 4663 4664 
1337 2703 1898 2276 2080 3518 2984 4665 4666 4667 
1338 2102 2695 2221 2853 4668 4669 4670 4671 4672 
1339 2363 2582 2050 2557 4673 4674 3586 3423 4675 
1340 104 105 2553 2838 123 4676 4677 4678 4679 
1341 1893 2676 2520 2791 4680 4681 4682 4683 4684 
1342 2519 2677 1894 2792 4685 4686 4687 4688 4689 
1343 2758 2513 1940 2634 3512 3992 3320 3594 4690 
1344 1967 2512 2175 2515 2977 4691 4692 3943 4693 
1345 2803 2019 2320 2204 4507 3034 4597 3654 4694 
1346 2646 2033 2485 2177 4646 3446 4000 4695 4696 
1347 2486 2034 2645 2176 3448 4648 4697 3987 4698 
1348 2309 2868 2170 2625 4699 4700 4701 4179 4702 
1349 2819 2194 2696 2195 4703 4704 3753 4705 4706 
1350 2697 2196 2818 2197 4707 4708 4709 3749 4710 
1351 1948 2807 2390 2359 4711 3021 4712 4713 4714 
1352 2049 2583 2362 2556 4715 4716 3421 3583 4717 
1353 2258 2423 2089 2608 4188 4312 4718 3045 4719 
1354 2437 2821 2239 2068 4720 4721 4722 4116 4723 
1355 2473 2580 2111 2861 4724 4725 4726 4727 4728 
1356 2112 2579 2474 2862 4729 4730 4731 4732 4733 
1357 354 2492 2173 2501 3082 4734 4735 4736 4737 
1358 1918 2247 2229 2581 4289 4738 4739 4740 4741 
1359 2540 2614 1959 2707 3437 2915 3850 4742 4743 
1360 1958 2615 2541 2706 2919 3439 4744 3845 4745 
1361 2744 2735 1934 2557 3503 4746 4319 3585 4747 
1362 2003 2801 2202 2811 3019 4748 4749 4750 4751 
1363 2185 2621 2417 1997 3591 4752 3336 4753 4754 
1364 2471 2079 2857 1952 4427 4431 4755 4756 4757 
1365 2102 2422 2278 2695 4328 2988 4758 4668 4759 
1366 2222 2699 2101 2852 4760 4761 4762 4763 4764 
1367 2469 1900 2499 2161 4765 3335 3897 3888 4766 
1368 2029 2129 2455 2349 2935 4156 4403 4767 4768 
1369 1901 2255 2293 2893 4769 4770 3543 3746 4771 
1370 2878 2865 1983 2601 4772 4773 4774 3612 4775 
1371 1984 2866 2879 2600 4776 4777 3608 4778 4779 
1372 2319 2698 2178 2847 4780 4781 3281 3330 4782 
1373 2157 2542 2346 2784 4783 3907 4784 4573 4785 
1374 2012 2510 2449 2698 3180 4786 4787 4788 4789 
1375 281 2530 2393 280 4790 3030 4791 299 4792 
1376 2392 2531 97 98 3028 4793 116 4794 4795 
1377 2281 2421 2101 2699 2992 4261 4761 4796 4797 
1378 2216 2492 355 356 4480 3081 364 4798 4799 
1379 173 2491 2214 172 3084 4484 4800 181 4801 
1380 2676 1893 2405 2137 4680 4802 4803 4804 4805 
1381 2140 2272 2593 2811 4520 4441 4806 4807 4808 
1382 2045 2509 2150 2634 2986 4809 3595 4581 4810 
1383 2299 461 462 2414 4811 480 4812 4222 4813 
1384 1949 2663 2851 2880 4814 3325 4815 4816 4817 
1385 2151 2014 2464 2689 4818 4819 4820 3717 4821 
1386 1898 2453 2249 2642 4822 4823 3155 2982 4824 
1387 2248 2452 1899 2641 4825 4826 2980 3151 4827 
1388 2640 2197 2886 2120 3750 4828 4253 4554 4829 
1389 2885 2195 2639 2121 4830 3752 4552 4257 4831 
1390 2820 2125 2017 2694 4832 4833 4559 3528 4834 
1391 2147 1977 2376 2713 4835 4643 3308 4836 4837 
1392 2128 2585 2487 2786 4838 2912 4839 3530 4840 
1393 2200 2822 2334 2633 4841 4842 4843 4844 4845 
1394 2788 1992 2284 2538 4846 4847 4370 4848 4849 
1395 2091 2241 1961 2448 4850 4509 4851 3508 4852 
1396 2183 2793 2704 2440 4853 4854 3515 4855 4856 
1397 2703 2794 2184 2441 4857 4858 4859 3519 4860 
1398 2618 2416 2083 2796 4388 4861 4862 4863 4864 
1399 1902 2294 2154 2637 4865 4866 4867 4868 4869 
1400 1919 2273 2373 2426 3329 4870 4871 4206 4872 
1401 2436 2595 1942 2508 4339 4096 3243 4873 4874 
1402 1943 2596 2435 2507 4100 4342 4875 3239 4876 
1403 2456 2025 1924 2816 4877 4878 3760 4879 4880 
1404 2559 1966 2270 2125 3472 4881 4882 4883 4884 
1405 2122 2669 2330 2544 4461 3283 3743 4885 4886 
1406 2284 1992 2242 2012 4847 4887 3181 4888 4889 
1407 2134 2497 2518 2866 4890 4891 4892 4893 4894 
1408 2517 2498 2133 2865 4895 4896 4897 4898 4899 
1409 233 234 2316 2460 252 4900 3606 4901 4902 
1410 2672 374 2674 2211 4903 4904 4247 4905 4906 
1411 2673 144 2671 2212 4907 4908 4909 4250 4910 
1412 2170 2868 2312 2655 4700 4911 4458 4912 4913 
1413 2299 2644 2113 2710 4225 4914 4915 4916 4917 
1414 2253 239 240 2399 4918 258 4919 3565 4920 
1415 2283 459 460 2710 4921 478 4922 4923 4924 
1416 2332 2512 2174 2739 4925 2976 4926 4927 4928 
1417 2308 278 279 2747 4929 297 4930 4177 4931 
1418 99 100 2309 2748 118 4932 4181 4933 4934 
1419 2829 2072 2281 2699 4935 4631 4796 3477 4936 
1420 2153 2637 2154 2756 4937 4867 3734 4938 4939 
1421 2766 2165 2420 2026 3768 4940 4616 3715 4941 
1422 2419 2166 2767 2027 4942 3764 3709 4619 4943 
1423 2314 2590 1929 2845 3225 3261 4944 4945 4946 
1424 2200 2653 2369 2822 4947 4003 3357 4841 4948 
1425 2865 2878 2251 2517 4772 4949 4950 4898 4951 
1426 2252 2879 2866 2518 4952 4777 4892 4953 4954 
1427 2236 2235 1991 2612 4955 3080 4011 4956 4957 
1428 2219 2666 2070 2754 4513 4958 3275 3359 4959 
1429 2858 2078 2472 1951 4434 4424 4960 4961 4962 
1430 2459 2132 2028 2350 4270 2938 4963 4366 4964 
1431 2294 1902 2416 1989 4865 4965 4387 3928 4966 
1432 1969 2844 2224 2761 4059 4466 4967 3382 4968 
1433 2334 21 2525 2126 4969 3323 3249 3841 4970 
1434 2389 2572 2087 2806 4971 4972 4973 3051 4974 
1435 2225 2843 1968 2762 4472 4054 3380 4975 4976 
1436 1990 2233 2234 2611 3077 4977 4978 4014 4979 
1437 2677 2519 2095 2726 4685 4980 3175 4981 4982 
1438 2256 454 455 2730 2941 473 4983 4021 4984 
1439 2828 2343 2307 2066 4985 4986 4987 4988 4989 
1440 2302 2152 1915 2466 4138 4990 4991 4992 4993 
1441 216 2143 2662 215 4994 4995 4996 224 4997 
1442 2340 1953 2565 2143 4998 4999 5000 5001 5002 
1443 1962 2240 2092 2456 5003 5004 5005 5006 5007 
1444 2645 2023 2405 2176 3298 5008 5009 4697 5010 
1445 2404 2024 2646 2177 5011 3296 4695 5012 5013 
1446 2509 419 420 2587 5014 438 5015 5016 5017 
1447 2217 356 357 2701 5018 365 5019 5020 5021 
1448 2404 1894 2677 2138 5022 4686 5023 5024 5025 
1449 2298 2110 2001 2771 3196 5026 3918 5027 5028 
1450 171 172 2215 2702 180 5029 5030 5031 5032 
1451 2819 2011 2388 2194 5033 5034 5035 4703 5036 
1452 2387 2010 2818 2196 5037 5038 4708 5039 5040 
1453 2829 2394 2490 2072 4444 5041 4454 4935 5042 
1454 2374 1978 2146 2711 4609 2969 5043 3301 5044 
1455 2864 2743 2280 1927 5045 3562 2900 3495 5046 
1456 2313 2867 2171 2656 5047 4637 5048 4613 5049 
1457 2248 1981 2485 2452 4438 3997 3445 4825 5050 
1458 2486 1982 2249 2453 3986 4511 4823 3449 5051 
1459 2293 2255 2044 2800 4770 5052 4165 3726 5053 
1460 2222 2430 1933 2699 4071 3147 3478 4760 5054 
1461 2561 2191 1945 2724 5055 5056 2995 5057 5058 
1462 2609 2775 2011 2819 5059 3651 5033 5060 5061 
1463 2010 2774 2610 2818 3648 5062 5063 5038 5064 
1464 2158 2468 2479 2008 5065 5066 3003 4545 5067 
1465 2139 2849 2519 2792 5068 5069 4688 5070 5071 
1466 1986 2848 2390 2753 4522 5072 3023 3406 5073 
1467 2383 2823 2475 1975 4599 3566 5074 3364 5075 
1468 2223 428 2 448 5076 447 466 4052 5077 
1469 2117 1948 2359 2826 2908 4713 4566 3690 5078 
1470 2318 1931 2601 1983 5079 5080 4774 5081 5082 
1471 2600 1930 2317 1984 5083 5084 5085 4778 5086 
1472 1951 2472 2230 2616 4960 4040 4127 4025 5087 
1473 2016 2341 2323 2795 3306 5088 5089 5090 5091 
1474 2181 2688 2099 2755 5092 4542 5093 4549 5094 
1475 95 2252 2518 94 2957 4953 5095 113 5096 
1476 2517 2251 283 284 4950 2954 302 5097 5098 
1477 2270 1914 2717 2125 2964 5099 5100 4882 5101 
1478 2208 2709 2521 2851 2974 5102 4236 3324 5103 
1479 2812 2030 2240 1962 5104 5105 5003 5106 5107 
1480 2278 2071 2823 2695 4239 3567 3473 4758 5108 
1481 2372 2652 2109 2574 2910 4316 5109 4074 5110 
1482 2693 2088 175 176 3817 5111 184 5112 5113 
1483 2190 2873 2526 2883 5114 5115 4158 5116 5117 
1484 1902 2637 2304 2670 4868 3203 5118 5119 5120 
1485 2190 2536 2478 2873 5121 5122 5123 5114 5124 
1486 1914 2203 2341 2870 4548 3902 3305 5125 5126 
1487 2580 2473 316 317 4724 5127 335 5128 5129 
1488 317 318 2245 2580 336 5130 5131 5128 5132 
1489 2244 60 61 2579 5133 79 5134 5135 5136 
1490 62 2474 2579 61 5137 4730 5134 80 5138 
1491 2005 2375 2876 2708 5139 4657 5140 3728 5141 
1492 48 2444 2321 15 5142 5143 5144 50 5145 
1493 150 151 2548 2527 169 5146 5147 3479 5148 
1494 2547 367 368 2528 5149 386 3482 5150 5151 
1495 2379 1960 2069 2576 3786 5152 5153 5154 5155 
1496 2624 377 2630 2179 5156 5157 4428 5158 5159 
1497 2629 141 2623 2180 5160 5161 5162 4425 5163 
1498 2271 2558 1896 2454 3957 3310 5164 4087 5165 
1499 32 2169 2379 31 5166 3784 5167 40 5168 
1500 2351 2733 458 2872 5169 3220 3355 5170 5171 
1501 282 2251 2530 281 2955 5172 4790 300 5173 
1502 2531 2252 96 97 5174 2956 115 4793 5175 
1503 413 414 2254 2400 432 5176 3343 3222 5177 
1504 2330 411 412 2400 3285 430 3223 3742 5178 
1505 2020 2100 2384 2863 5179 3523 5180 3884 5181 
1506 1918 2581 2146 2391 4740 5182 5183 3188 5184 
1507 2416 1902 2670 2083 4965 5119 3109 4861 5185 
1508 2288 463 464 2480 5186 482 3366 5187 5188 
1509 2009 2237 2238 2664 3123 4586 3192 4307 5189 
1510 1988 2273 2178 2698 5190 4606 4781 5191 5192 
1511 2461 2681 2240 2030 5193 3638 5105 3340 5194 
1512 2466 1915 2503 2164 4991 3101 4336 3402 5195 
1513 2879 2252 2531 2119 4952 5174 3027 3609 5196 
1514 2530 2251 2878 2118 5172 4949 3611 3031 5197 
1515 2462 2413 1970 2655 2930 4361 5198 3289 5199 
1516 2283 2710 2113 2514 4923 4915 5200 4412 5201 
1517 2794 2703 2080 2567 4857 4666 5202 5203 5204 
1518 2081 2704 2793 2568 4662 4854 5205 5206 5207 
1519 415 416 2346 2408 434 5208 3906 5209 5210 
1520 2593 2339 2003 2811 5211 5212 4750 4806 5213 
1521 2246 2458 2052 2871 5214 3050 4145 3097 5215 
1522 2250 2174 1967 2649 5216 2978 3942 3124 5217 
1523 2360 1947 2116 2827 5218 2905 3686 4495 5219 
1524 2445 2647 212 213 3025 5220 221 5221 5222 
1525 1926 2218 2130 2477 3093 5223 5224 5225 5226 
1526 2111 2599 2335 2861 5227 5228 3713 4726 5229 
1527 2336 2598 2112 2862 5230 5231 4732 3707 5232 
1528 2332 2739 1912 2731 4927 4653 5233 4357 5234 
1529 2651 91 2387 2196 3392 5235 5039 5236 5237 
1530 2388 287 2650 2194 5238 3391 5239 5035 5240 
1531 2219 2469 2007 2396 3361 3887 2943 4514 5241 
1532 2086 2723 2357 2799 3010 5242 4530 3072 5243 
1533 2477 2130 2243 583 5224 5244 5245 5246 5247 
1534 1993 2213 2478 2536 4037 4047 5122 5248 5249 
1535 1954 2457 2161 2573 5250 3886 3899 5251 5252 
1536 2237 2663 1949 2665 3122 4814 5253 5254 5255 
1537 1927 2048 2382 2506 2902 5256 4400 3738 5257 
1538 2094 2520 2676 2725 3625 4681 5258 3171 5259 
1539 2226 20 264 2395 5260 267 5261 3526 5262 
1540 2395 264 265 2467 5261 268 3246 4541 5263 
1541 427 428 2223 2417 446 5076 3337 5264 5265 
1542 2586 2083 2585 2128 5266 3111 4838 5267 5268 
1543 2104 2876 2684 2863 5269 4660 3573 5270 5271 
1544 236 237 2619 2681 255 5272 3639 5273 5274 
1545 2231 2471 1952 2617 4079 4756 4069 4122 5275 
1546 2310 2134 2866 1984 5276 4893 4776 5277 5278 
1547 2865 2133 2311 1983 4897 5279 5280 4773 5281 
1548 2272 1986 2533 2700 4519 3408 5282 4442 5283 
1549 2259 321 322 2331 5284 340 5285 5286 5287 
1550 1971 2412 2463 2656 4383 2928 3287 5288 5289 
1551 2153 2638 2067 2637 5290 4346 3204 4937 5291 
1552 2520 2848 2140 2791 3624 4521 5292 4682 5293 
1553 2453 1898 2441 2124 4822 3520 3934 4196 5294 
1554 2440 1899 2452 2123 3517 4826 4200 3931 5295 
1555 2185 1997 2675 2765 4753 3837 5296 4173 5297 
1556 1995 2356 2295 2728 5298 4570 3169 4482 5299 
1557 2035 2307 2343 2561 3213 4986 5300 5301 5302 
1558 2268 2434 2614 1964 5303 5304 3436 3796 5305 
1559 2615 2431 2267 1963 5306 5307 3802 3440 5308 
1560 2004 2115 2354 2558 5309 5310 3311 3417 5311 
1561 1984 2317 2568 2310 5085 5312 5313 5277 5314 
1562 2567 2318 1983 2311 5315 5081 5280 5316 5317 
1563 2551 424 425 2621 5318 443 3386 3590 5319 
1564 2464 2188 2732 1936 5320 3631 3569 5321 5322 
1565 211 212 2647 2760 220 5220 5323 3489 5324 
1566 2264 2149 2477 583 3637 5325 5246 5326 5327 
1567 2036 2715 1953 2340 5328 5329 4998 5330 5331 
1568 2613 2082 2739 2174 5332 4654 4926 5333 5334 
1569 2060 2373 2377 2678 5335 5336 5337 5338 5339 
1570 284 285 2498 2517 303 5340 4895 5097 5341 
1571 2497 93 94 2518 5342 112 5095 4891 5343 
1572 285 286 2325 2498 304 5344 5345 5340 5346 
1573 2388 2325 286 287 5347 5344 305 5238 5348 
1574 2324 92 93 2497 5349 111 5342 5350 5351 
1575 92 2324 2387 91 5349 5352 5235 110 5353 
1576 198 2648 2465 197 3419 2997 5354 206 5355 
1577 1932 2429 2221 2695 3144 4027 4669 3475 5356 
1578 2016 2386 2315 2870 5357 5358 5359 3304 5360 
1579 56 57 2260 2326 75 5361 5362 5363 5364 
1580 2296 2355 1996 2729 4568 5365 4478 3165 5366 
1581 1923 2609 2885 2660 5367 5368 4256 5369 5370 
1582 2886 2610 1922 2661 5371 5372 5373 4254 5374 
1583 2139 2271 1985 2849 3958 4089 5375 5068 5376 
1584 2670 2304 2018 2585 5118 3129 2913 3110 5377 
1585 2075 2256 2306 2850 5378 4020 5379 5380 5381 
1586 2801 1982 2722 2202 3805 3985 5382 4748 5383 
1587 2274 2375 2005 2877 5384 5139 5385 4379 5386 
1588 2432 148 149 2527 5387 167 3480 5388 5389 
1589 2267 147 148 2432 5390 166 5387 3799 5391 
1590 369 370 2433 2528 388 5392 5393 3481 5394 
1591 370 371 2268 2433 389 5395 3795 5392 5396 
1592 2721 1981 2802 2201 3998 3808 4628 5397 5398 
1593 2632 2049 2745 2144 5399 3582 3500 4644 5400 
1594 1935 2734 2745 2556 5401 3501 3581 4283 5402 
1595 1949 2880 2743 2665 4816 3560 5403 5253 5404 
1596 2331 322 323 2679 5285 341 5405 5406 5407 
1597 1946 2514 2113 2644 5408 5200 4914 3459 5409 
1598 2464 2014 2463 2188 4819 3288 2927 5320 5410 
1599 1957 2603 2365 2535 4539 3844 5411 4041 5412 
1600 213 214 2411 2445 222 5413 3443 5221 5414 
1601 1894 2721 2201 2792 5415 5397 5416 4687 5417 
1602 2364 2602 1956 2534 3848 4536 4081 5418 5419 
1603 2470 2160 2712 1937 4505 3697 5420 3962 5421 
1604 2046 2499 2182 2719 3898 5422 3104 4230 5423 
1605 1928 2250 2358 2635 5424 3126 3813 3722 5425 
1606 2202 2722 1893 2791 5382 5426 4683 5427 5428 
1607 199 200 2720 2648 208 5429 5430 3418 5431 
1608 135 136 2455 2526 154 4404 4155 5432 5433 
1609 1948 2356 2172 2807 2907 5434 3377 4711 5435 
1610 2340 2143 216 217 5001 4994 225 5436 5437 
1611 314 315 2366 2895 333 5438 3228 5439 5440 
1612 2367 63 64 2896 5441 82 5442 3230 5443 
1613 2794 1923 2660 2184 5444 5369 3550 4858 5445 
1614 2661 1922 2793 2183 5373 5446 4853 3553 5447 
1615 2326 2260 1977 2683 5362 3090 5448 5449 5450 
1616 2572 2065 2692 2087 3157 2972 5451 4972 5452 
1617 2396 2344 2061 2770 2942 3279 3834 3509 5453 
1618 2156 2589 2350 2028 3558 5454 4963 3056 5455 
1619 2349 2588 2155 2029 5456 3554 3059 4767 5457 
1620 2354 2115 2560 2098 5310 5458 3106 4304 5459 
1621 1992 2788 2205 2321 4846 5460 5461 5462 5463 
1622 1978 2259 2331 2716 3087 5286 3254 2967 5464 
1623 2468 2731 1912 2824 5465 5233 3492 5466 5467 
1624 2727 1941 2675 2189 5468 5469 3836 5470 5471 
1625 2620 242 243 2682 5472 261 3452 3641 5473 
1626 2009 2418 2208 2663 4306 2975 3326 3121 5474 
1627 2130 2218 2648 2720 5223 2998 5430 5475 5476 
1628 2684 1938 2584 2198 4659 4295 3675 3574 5477 
1629 2313 276 277 2867 4487 295 5478 5047 5479 
1630 1975 2536 2190 2883 5480 5121 5116 3362 5481 
1631 127 128 2437 2525 131 5482 4115 3322 5483 
1632 451 2877 2279 2759 3207 5484 4163 3398 5485 
1633 2363 319 320 2582 5486 338 5487 4673 5488 
1634 2104 2893 2708 2876 5489 3542 5140 5269 5490 
1635 1972 2564 2213 2443 5491 4044 4036 4066 5492 
1636 101 102 2312 2868 120 4634 4911 5493 5494 
1637 2428 2266 2097 2805 5495 4563 5496 3536 5497 
1638 1917 2608 2565 2210 3046 5498 5499 3210 5500 
1639 2096 2265 2427 2804 4577 5501 3534 5502 5503 
1640 2360 2095 2389 1947 3176 5504 3053 5218 5505 
1641 2493 2164 194 195 3400 5506 203 5507 5508 
1642 2828 2693 176 177 5509 5112 185 5510 5511 
1643 2490 1976 2882 2209 5512 3920 4602 4451 5513 
1644 2884 2314 2845 2135 3545 4945 5514 5515 5516 
1645 2671 144 145 2750 4908 163 5517 3433 5518 
1646 373 374 2672 2751 392 4903 3431 5519 5520 
1647 2483 2289 231 232 5521 4499 250 5522 5523 
1648 2816 2353 1962 2456 5524 5525 5006 4879 5526 
1649 2861 2026 2366 2473 3712 4615 5527 4727 5528 
1650 2367 2027 2862 2474 4618 3708 4731 5529 5530 
1651 353 2087 2692 352 5531 5451 3895 361 5532 
1652 315 316 2473 2366 334 5127 5527 5438 5533 
1653 2474 62 63 2367 5137 81 5441 5529 5534 
1654 2172 2491 174 2502 5535 3083 5536 3378 5537 
1655 1996 2355 2173 2492 5365 4330 4734 4479 5538 
1656 2081 2568 2317 2833 5206 5312 5539 5540 5541 
1657 2318 2567 2080 2834 5315 5202 5542 5543 5544 
1658 58 59 2362 2583 77 5545 4716 5546 5547 
1659 244 20 2345 2682 263 2953 4263 3451 5548 
1660 2386 2385 189 10 5549 5550 192 5551 5552 
1661 2166 2328 2024 2740 5553 3297 5554 3765 5555 
1662 2023 2329 2165 2741 3300 5556 3771 5557 5558 
1663 1953 2500 2210 2565 5559 5560 5499 4999 5561 
1664 2327 2724 2074 2574 5562 2994 4075 3094 5563 
1665 2215 172 2214 2835 5029 4800 5564 3063 5565 
1666 2216 356 2217 2836 4798 5018 3067 5566 5567 
1667 1897 2086 2339 2593 3011 4394 5211 4440 5568 
1668 1987 2653 2200 2633 3468 4947 4844 5569 5570 
1669 2342 421 422 2246 5571 440 5572 3099 5573 
1670 106 107 2369 2494 125 3358 4002 5574 5575 
1671 417 418 2347 2784 436 3294 4574 5576 5577 
1672 2172 2356 1995 2491 5434 5298 4485 5535 5578 
1673 2744 2050 2631 2145 3584 5579 4610 3504 5580 
1674 2149 2220 1926 2477 5581 3252 5225 5325 5582 
1675 138 139 2545 2588 157 5583 3555 5584 5585 
1676 2546 379 380 2589 5586 398 5587 3557 5588 
1677 2129 2749 2383 2883 2934 4600 3363 4157 5589 
1678 2242 49 14 2510 5590 52 5591 3179 5592 
1679 2039 2427 2265 2728 5593 5501 5594 3168 5595 
1680 2264 8 210 2760 3660 218 3490 3635 5596 
1681 2090 2466 2493 2772 5597 3401 5598 5599 5600 
1682 238 239 2398 2566 257 5601 3981 5602 5603 
1683 2266 2428 2041 2729 5495 5604 3166 5605 5606 
1684 2662 2608 2089 2899 5607 4718 5608 5609 5610 
1685 2207 2076 2734 1935 2923 4190 5401 5611 5612 
1686 1955 2544 2361 2854 5613 3256 3736 5614 5615 
1687 2647 2220 2149 2760 3024 5581 3636 5323 5616 
1688 2581 2229 2475 2071 4739 5617 3568 5618 5619 
1689 2735 2077 2206 1934 4194 2926 5620 4746 5621 
1690 2305 271 272 2476 5622 290 5623 4183 5624 
1691 2255 1901 2131 2881 4769 4136 5625 5626 5627 
1692 2104 2863 2384 2893 5270 5180 3747 5489 5628 
1693 2554 2168 2413 1911 3826 4362 3820 4110 5629 
1694 2171 2626 1971 2656 4639 5630 5288 5048 5631 
1695 2567 2311 1923 2794 5316 5632 5444 5203 5633 
1696 1922 2310 2568 2793 5634 5313 5205 5446 5635 
1697 2287 2839 1903 2894 4220 5636 3627 3994 5637 
1698 2325 2388 2011 2860 5347 5034 3650 5638 5639 
1699 2010 2387 2324 2859 5037 5352 5640 3646 5641 
1700 2424 196 197 2465 5642 205 5354 3462 5643 
1701 2771 2070 2666 2298 5644 4958 3403 5027 5645 
1702 1970 2625 2170 2655 5646 4701 4912 5198 5647 
1703 2399 240 241 2562 4919 259 5648 3865 5649 
1704 1903 2839 2263 2892 5636 4275 3621 3587 5650 
1705 2775 2311 2133 2860 5651 5279 5652 3649 5653 
1706 2134 2310 2774 2859 5276 5654 3647 5655 5656 
1707 266 19 2186 2467 270 4583 3007 3245 5657 
1708 1954 2573 2890 2786 5251 5658 3955 5659 5660 
1709 2394 2752 2132 2837 4445 2936 4273 5661 5662 
1710 2358 2649 2000 2607 3125 5663 5664 3814 5665 
1711 2215 1907 2541 2702 3065 5666 5667 5030 5668 
1712 2540 1909 2217 2701 5669 3068 5020 5670 5671 
1713 55 56 2326 2678 74 5363 5672 5673 5674 
1714 2538 2764 2062 2788 5675 5676 5677 4848 5678 
1715 2489 1930 2600 2119 3598 5083 3610 3947 5679 
1716 2601 1931 2488 2118 5080 3601 3950 3613 5680 
1717 405 406 2521 2709 409 5681 5102 3465 5682 
1718 140 141 2629 2605 159 5160 3139 5683 5684 
1719 2630 377 378 2606 5157 396 5685 3137 5686 
1720 2000 2649 2277 2891 5663 3945 5687 5688 5689 
1721 2057 2479 2468 2824 5690 5066 5466 4277 5691 
1722 2279 2877 2005 2800 5484 5385 3727 4164 5692 
1723 2239 1972 2705 2068 5693 5694 5695 4722 5696 
1724 2715 2051 2500 1953 5697 5698 5559 5329 5699 
1725 2261 1915 2152 2776 5700 4990 4160 3756 5701 
1726 2229 2247 1993 2536 4738 3071 5248 5702 5703 
1727 2322 2712 2058 2653 5704 3696 4004 3467 5705 
1728 2690 2167 2797 1931 3828 3371 3599 5706 5707 
1729 2114 2597 2732 2813 4392 3570 3630 5708 5709 
1730 2051 2715 2483 2460 5697 5710 5711 3605 5712 
1731 2705 1972 2348 2082 5694 4065 4655 5713 5714 
1732 2051 2316 2030 2500 3607 3341 5715 5698 5716 
1733 2259 2631 2050 2582 3086 5579 4674 5717 5718 
1734 234 235 2461 2316 253 5719 3339 4900 5720 
1735 2604 2288 2480 2053 5721 5187 3185 3201 5722 
1736 2539 2382 2048 2636 3926 5256 3349 5723 5724 
1737 2049 2632 2260 2583 5399 3088 5725 4715 5726 
1738 2141 2750 2431 2615 3434 5727 5306 2918 5728 
1739 2434 2751 2142 2614 5729 3430 2916 5304 5730 
1740 2292 2856 2225 2762 4017 4469 4975 3870 5731 
1741 2777 2112 2598 1990 5732 5231 3075 3263 5733 
1742 2599 2111 2778 1991 5227 5734 3265 3079 5735 
1743 2798 2168 2691 1930 3373 3825 5736 3597 5737 
1744 2224 2855 2291 2761 4465 4006 3893 4967 5738 
1745 2157 2522 1973 2542 4572 3199 5739 4783 5740 
1746 2890 2573 2787 2136 5658 3346 5741 3953 5742 
1747 2088 2753 2807 2502 3816 3022 3376 5743 5744 
1748 2044 2189 2511 2759 5745 4310 5746 4162 5747 
1749 2165 2329 1942 2420 5556 3244 4095 4940 5748 
1750 1943 2328 2166 2419 3241 5553 4942 4101 5749 
1751 2038 2658 2338 2505 4327 4492 5750 4526 5751 
1752 2002 2414 2288 2604 4223 5752 5721 5753 5754 
1753 2337 2657 2040 2504 4449 4259 4501 5755 5756 
1754 2141 1958 2212 2671 2920 3488 4909 3435 5757 
1755 2211 1959 2142 2672 3485 2917 3432 4905 5758 
1756 2481 20 2226 2779 2951 5260 3683 5759 5760 
1757 2757 2169 32 33 5761 5166 41 4031 5762 
1758 2812 1962 2353 2210 5106 5525 3208 5763 5764 
1759 2122 2544 1955 2636 4885 5613 5765 4462 5766 
1760 1955 2854 2539 2636 5614 5767 5723 5765 5768 
1761 2564 1972 2239 2821 5491 5693 4721 5769 5770 
1762 2407 5 345 2874 4286 347 5771 4084 5772 
1763 2500 2030 2812 2210 5715 5104 5763 5560 5773 
1764 2109 2425 1944 2574 4315 4151 3095 5109 5774 
1765 2705 2082 2613 1928 5713 5332 5775 5776 5777 
1766 1966 2688 2181 2270 3682 5092 2965 4881 5778 
1767 2757 2136 2787 2169 4030 5741 4231 5761 5779 
1768 2246 422 423 2458 5572 441 5780 5214 5781 
1769 2137 2762 2725 2676 3871 3379 5258 4804 5782 
1770 2114 2667 2003 2339 5783 5784 5212 4393 5785 
1771 1954 2786 2487 2457 5659 4839 4397 5250 5786 
1772 2319 2284 2012 2698 4368 4888 4788 4780 5787 
1773 1945 2191 2073 2482 5056 5788 3904 4301 5789 
1774 2362 59 2578 2105 5545 5790 2961 3422 5791 
1775 2577 319 2363 2106 5792 5486 3425 2959 5793 
1776 134 135 2526 2873 153 5432 5115 5794 5795 
1777 2726 2761 2138 2677 3383 3892 5023 4981 5796 
1778 2550 2371 324 325 5797 5798 343 5799 5800 
1779 1934 2206 2236 2612 5620 3879 4956 4320 5801 
1780 2093 2036 2340 217 5802 5330 5436 5803 5804 
1781 2035 2327 2357 2723 5805 4529 5242 3211 5806 
1782 2322 2560 1937 2712 3107 5807 5420 5704 5808 
1783 103 104 2838 2446 122 4678 5809 4635 5810 
1784 2234 2207 1935 2611 3873 5611 4282 4978 5811 
1785 1916 2257 2524 2604 5812 3704 5813 3200 5814 
1786 376 377 2624 2687 395 5156 5815 3457 5816 
1787 2623 141 142 2686 5161 160 3456 5817 5818 
1788 2564 2821 129 22 5769 5819 133 4045 5820 
1789 2321 2205 2397 15 5461 3740 3658 5144 5821 
1790 188 189 2385 2795 191 5550 5822 5823 5824 
1791 384 2232 2529 383 4624 5825 4592 402 5826 
1792 2344 2192 1892 2685 3790 5827 4474 3277 5828 
1793 1975 2475 2229 2536 5074 5617 5702 5480 5829 
1794 2094 2359 2390 2848 3173 4712 5072 3623 5830 
1795 2674 374 375 2687 4904 393 3458 3313 5831 
1796 143 144 2673 2686 162 4907 3317 3455 5832 
1797 2057 2825 2247 2479 4278 3069 4288 5690 5833 
1798 2511 449 450 2759 4309 468 3399 5746 5834 
1799 2158 2869 2731 2468 2949 4358 5465 5065 5835 
1800 2571 2147 2713 2072 4204 4836 4632 4453 5836 
1801 2774 2310 1922 2610 5654 5634 5372 5062 5837 
1802 1923 2311 2775 2609 5632 5651 5059 5367 5838 
1803 147 2267 2431 146 5390 5307 5839 165 5840 
1804 2434 2268 371 372 5303 5395 390 5841 5842 
1805 1895 2378 2148 2423 4140 3966 3856 4187 5843 
1806 2711 2146 2581 2071 5043 5182 5618 4238 5844 
1807 2418 18 404 2709 4105 407 3466 2973 5845 
1808 2128 2447 35 2586 3532 5846 3178 5267 5847 
1809 2843 1999 2451 2285 4471 3881 5848 4055 5849 
1810 2770 2199 2769 1925 3833 3701 4280 3510 5850 
1811 37 38 2746 2618 46 5851 4389 5852 5853 
1812 2450 1998 2844 2286 3875 4467 4058 5854 5855 
1813 2449 2377 1988 2698 3976 5856 5191 4787 5857 
1814 235 236 2681 2461 254 5273 5193 5719 5858 
1815 426 427 2417 2621 445 5264 4752 3385 5859 
1816 2435 2737 2123 2507 4344 3932 4202 4875 5860 
1817 2124 2738 2436 2508 3936 4340 4873 4197 5861 
1818 105 106 2494 2553 124 5574 3037 4676 5862 
1819 2864 2205 2788 2062 3494 5460 5677 5863 5864 
1820 2060 2678 2326 2683 5338 5672 5449 5865 5866 
1821 465 1 2415 2480 484 3667 3186 3365 5867 
1822 2505 2039 2295 1891 5868 3170 3135 3413 5869 
1823 1929 2607 2193 2845 3680 5870 5871 4944 5872 
1824 2296 2041 2504 1890 3167 5873 3409 3132 5874 
1825 1893 2722 2176 2405 5426 3988 5009 4802 5875 
1826 2177 2721 1894 2404 3999 5415 5022 5012 5876 
1827 2476 272 273 2549 5623 291 4650 3012 5877 
1828 2197 2818 2610 2886 4709 5063 5371 4828 5878 
1829 2609 2819 2195 2885 5060 4705 4830 5368 5879 
1830 2182 2499 2887 2888 5422 3334 5880 4268 5881 
1831 2740 2024 2898 2291 5554 5882 3890 4008 5883 
1832 2613 2174 2250 1928 5333 5216 5424 5775 5884 
1833 2830 274 275 2442 4651 293 4489 5885 5886 
1834 2717 1914 2870 2315 5099 5125 5359 5887 5888 
1835 2373 2273 1988 2377 4870 5190 5856 5336 5889 
1836 2720 2889 2243 2130 5890 5891 5244 5475 5892 
1837 2897 2023 2741 2292 5893 5557 4018 3869 5894 
1838 2073 2191 2323 2341 5788 5895 5088 3901 5896 
1839 2090 2378 2302 2466 4062 4139 4992 5597 5897 
1840 2705 1928 2842 2068 5776 3721 4117 5695 5898 
1841 2624 2179 2108 2687 5158 4535 3314 5815 5899 
1842 2107 2180 2623 2686 4538 5162 5817 3316 5900 
1843 2501 2173 2806 2087 4735 4331 4973 5901 5902 
1844 2041 2428 2337 2504 5604 4447 5755 5873 5903 
1845 2338 2427 2039 2505 4491 5593 5868 5750 5904 
1846 2442 2014 2151 2830 4612 4818 3633 5885 5905 
1847 2796 2083 2586 36 4862 5266 3177 5906 5907 
1848 2892 2594 2100 2532 3620 3730 5908 3588 5909 
1849 2375 2274 2075 2850 5384 5910 5380 5911 5912 
1850 2192 2018 2352 1892 4396 3128 3499 5827 5913 
1851 2036 2093 2484 2592 5802 5914 4622 3539 5915 
1852 2401 418 419 2509 3292 437 5014 2985 5916 
1853 2792 2201 2810 2139 5416 4629 3959 5070 5917 
1854 2063 2548 171 2702 5918 5919 5031 5920 5921 
1855 357 2547 2064 2701 5922 5923 5924 5019 5925 
1856 2282 497 2069 1960 5926 5927 5152 4267 5928 
1857 2062 2665 2743 2864 5929 5403 5045 5863 5930 
1858 2054 2331 2679 2371 3255 5406 5931 4322 5932 
1859 177 178 2343 2828 186 5933 4985 5510 5934 
1860 2110 2516 2368 2733 3195 4353 4292 5935 5936 
1861 2654 1965 2694 193 4334 3529 4558 5937 5938 
1862 2875 2515 2175 2874 5939 4692 4085 5940 5941 
1863 2412 2167 2555 1910 4382 3830 4119 4227 5942 
1864 2832 2204 1915 2261 3652 3102 5700 3656 5943 
1865 2353 2816 2262 1917 5524 3759 3938 3209 5944 
1866 2209 2714 1919 2571 4604 3327 4205 4452 5945 
1867 1941 2881 2765 2675 5946 5947 5296 5469 5948 
1868 2451 1891 2809 2285 4299 3134 3692 5848 5949 
1869 2808 1890 2450 2286 3130 4297 5854 3688 5950 
1870 1936 2290 2689 2464 4050 4374 4820 5321 5951 
1871 1980 2441 2184 2840 3935 4859 3549 4414 5952 
1872 2183 2440 1979 2841 4855 3930 4417 3551 5953 
1873 461 2299 2710 460 4811 4916 4922 479 5954 
1874 237 238 2566 2619 256 5602 5955 5272 5956 
1875 2811 2202 2791 2140 4749 5427 5292 4807 5957 
1876 2562 241 242 2620 5648 260 5472 5958 5959 
1877 463 2288 2414 462 5186 5752 4812 481 5960 
1878 2763 2590 1987 2633 3259 4497 5569 5961 5962 
1879 2097 2707 2364 2534 5963 3849 5418 5964 5965 
1880 2365 2706 2096 2535 3846 5966 5967 5411 5968 
1881 2742 2521 406 17 4233 5681 410 5969 5970 
1882 456 2368 2730 455 4291 4354 4983 474 5971 
1883 2391 2146 2716 2054 5183 2968 3253 4324 5972 
1884 2693 2828 2066 2533 5509 4988 5973 3818 5974 
1885 4 2277 2515 2875 5975 3944 5939 3644 5976 
1886 2755 2099 2186 1950 5093 3008 5977 5978 5979 
1887 2458 423 424 2551 5780 442 5318 3048 5980 
1888 1946 2381 2380 2514 3703 5981 3916 5408 5982 
1889 2447 2136 34 35 3954 4029 43 5846 5983 
1890 2093 217 7 2591 5803 226 3664 5984 5985 
1891 194 2164 2654 193 5506 4335 5937 202 5986 
1892 2077 2569 2782 2403 4193 3853 4527 2924 5987 
1893 2781 2570 2076 2402 3860 4191 2922 4502 5988 
1894 2874 345 346 2875 5771 348 3645 5940 5989 
1895 2667 2114 2813 1910 5783 5708 4228 5990 5991 
1896 2426 2373 2060 2683 4871 5335 5865 5992 5993 
1897 2351 2001 2110 2733 4410 5026 5935 5169 5994 
1898 2361 2055 2718 1939 3258 4516 4093 3150 5995 
1899 2680 2115 2817 2187 5996 5997 3821 3964 5998 
1900 2143 2565 2608 2662 5000 5498 5607 4995 5999 
1901 2037 2481 2779 2559 4376 5759 3470 6000 6001 
1902 2380 2381 2070 2771 5981 3276 5644 3917 6002 
1903 2650 288 6 308 3390 307 326 6003 6004 
1904 2651 70 13 90 6005 89 108 3393 6006 
1905 2235 2236 1999 2856 4955 3878 4470 4134 6007 
1906 2665 2062 2764 2237 5929 5676 6008 5254 6009 
1907 1998 2234 2233 2855 3874 4977 4131 4464 6010 
1908 2002 2604 2524 2644 5753 5813 3460 4224 6011 
1909 2408 2254 414 415 3367 5176 433 5209 6012 
1910 2833 2317 1930 2691 5539 5084 5736 6013 6014 
1911 1931 2318 2834 2690 5079 5543 6015 5706 6016 
1912 2620 2241 2091 2562 3643 4850 3866 5958 6017 
1913 2588 2349 137 138 5456 4402 156 5584 6018 
1914 271 2305 2652 19 5622 4317 2909 289 6019 
1915 2153 2756 2894 2638 4938 3995 3626 5290 6020 
1916 38 2397 2506 2746 3659 3739 4399 5851 6021 
1917 2831 1924 2448 1961 3755 6022 4851 4524 6023 
1918 381 2350 2589 380 4364 5454 5587 399 6024 
1919 1994 2342 2871 2406 4533 3098 4144 4350 6025 
1920 2085 2596 2628 2814 4343 4212 3779 4242 6026 
1921 2627 2595 2084 2815 4209 4338 4245 3774 6027 
1922 2017 2125 2717 2315 4833 5100 5887 6028 6029 
1923 325 5 2159 2550 344 4285 4544 5799 6030 
1924 232 233 2460 2483 251 4901 5711 5522 6031 
1925 280 2393 2747 279 4791 3272 4930 298 6032 
1926 2748 2392 98 99 3268 4794 117 4933 6033 
1927 2591 228 2484 2093 3663 4621 5914 5984 6034 
1928 2066 2307 2700 2533 4987 3971 5282 5973 6035 
1929 2626 2031 2439 1971 4175 4372 4381 5630 6036 
1930 313 314 2895 2627 332 5439 4210 3773 6037 
1931 2896 64 65 2628 5442 83 3777 4213 6038 
1932 1916 2053 497 2282 3202 6039 5926 3604 6040 
1933 2438 2032 2625 1970 4385 4180 5646 4360 6041 
1934 2257 1916 2888 2887 5812 3603 5880 4590 6042 
1935 49 2242 2444 48 5590 6043 5142 51 6044 
1936 2859 2324 2497 2134 5640 5350 4890 5655 6045 
1937 2498 2325 2860 2133 5345 5638 5652 4896 6046 
1938 2092 2240 2619 2566 5004 3640 5955 3980 6047 
1939 278 2308 2867 277 4929 4638 5478 296 6048 
1940 2193 2736 2135 2845 3782 3913 5514 5871 6049 
1941 2669 2333 17 411 4460 6050 429 3284 6051 
1942 21 2334 2822 107 4969 4842 3356 126 6052 
1943 2868 2309 100 101 4699 4932 119 5493 6053 
1944 2817 2115 2668 1911 5997 6054 3000 3822 6055 
1945 2203 2755 1950 2482 4550 5978 6056 3903 6057 
1946 2232 1976 2837 2529 3921 6058 4272 5825 6059 
1947 2658 2102 2853 1906 4326 4671 6060 4493 6061 
1948 2784 2346 416 417 4784 5208 435 5576 6062 
1949 54 55 2678 2377 73 5673 5337 3978 6063 
1950 2448 1924 2025 2773 6022 4878 3671 3506 6064 
1951 2852 2101 2657 1908 4762 4260 4448 6065 6066 
1952 195 196 2772 2493 204 6067 5598 5507 6068 
1953 2754 2381 1900 2469 3274 4589 4765 3360 6069 
1954 2643 2256 2075 2274 2939 5378 5910 6070 6071 
1955 11 2323 2191 178 6072 5895 6073 187 6074 
1956 2289 2483 2715 2036 5521 5710 5328 3541 6075 
1957 2606 378 379 2546 5685 397 5586 4432 6076 
1958 139 140 2605 2545 158 5683 4436 5583 6077 
1959 1951 2429 2790 2858 4024 3910 4626 4961 6078 
1960 2561 2343 178 2191 5300 5933 6073 5055 6079 
1961 2899 214 215 2662 6080 223 4996 5609 6081 
1962 2789 2430 1952 2857 3923 4070 4755 4641 6082 
1963 1974 2273 2714 2846 4607 3328 4603 4148 6083 
1964 485 16 2576 2069 487 6084 5153 6085 6086 
1965 2534 2231 2805 2097 4080 4124 5496 5964 6087 
1966 4 350 2891 2277 358 3615 5687 5975 6088 
1967 2668 2115 2004 2227 6054 5309 3017 3001 6089 
1968 2804 2230 2535 2096 4128 4042 5967 5502 6090 
1969 2750 145 146 2431 5517 164 5839 5727 6091 
1970 372 373 2751 2434 391 5519 5729 5841 6092 
1971 2852 1908 2617 2222 6065 4123 4072 4763 6093 
1972 2729 2216 2836 2266 4477 5566 4564 5605 6094 
1973 2835 2214 2728 2265 5564 4483 5594 4579 6095 
1974 2683 1977 2147 2426 5448 4835 4207 5992 6096 
1975 321 2259 2582 320 5284 5717 5487 339 6097 
1976 2021 2175 2512 2332 4083 4691 4925 4356 6098 
1977 2643 2274 453 454 6070 4378 472 2940 6099 
1978 2616 1906 2853 2221 4126 6060 4670 4026 6100 
1979 2398 239 2253 2780 5601 4918 3673 3982 6101 
1980 2394 2837 1976 2490 5661 6058 5512 5041 6102 
1981 2583 2260 57 58 5725 5361 76 5546 6103 
1982 2008 2370 2371 2550 3005 4323 5797 4546 6104 
1983 2889 9 494 2243 6105 495 6106 5891 6107 
1984 2444 2242 1992 2321 6043 4887 5462 5143 6108 
1985 2017 2315 2386 10 6028 5358 5551 4560 6109 
1986 2228 2003 2667 1910 3020 5784 5990 4120 6110 
1987 2456 2092 2780 2025 5005 3983 3672 4877 6111 
1988 70 2651 2196 2697 6005 5236 4707 3428 6112 
1989 2194 2650 308 2696 5239 6003 3427 4704 6113 
1990 2821 2437 128 129 4720 5482 132 5819 6114 
1991 2680 1937 2560 2115 3963 5807 5458 5996 6115 
1992 2772 196 2424 2090 6067 5642 4063 5599 6116 
1993 2587 2342 2150 2509 6117 4532 4809 5016 6118 
1994 2193 2607 2000 2891 5870 5664 5688 3614 6119 
1995 2297 2846 2127 2768 4149 3619 3352 4107 6120 
1996 2679 323 324 2371 5405 342 5798 5931 6121 
1997 2016 2795 2385 2386 5090 5822 5549 5357 6122 
1998 25 583 2243 494 584 5245 6106 496 6123 
1999 2899 2089 2411 214 5608 4313 5413 6080 6124 
2000 2103 2280 2880 2851 4594 3561 4815 4235 6125 
2001 2069 497 26 485 5927 498 486 6085 6126 
2002 421 2342 2587 420 5571 6117 5015 439 6127 
2003 2897 2137 2405 2023 3868 4803 5008 5893 6128 
2004 1920 2598 2336 2767 4130 5230 3710 3763 6129 
2005 2335 2599 1921 2766 5228 4133 3769 3714 6130 
2006 2255 2881 1941 2727 5626 5946 5468 6131 6132 
2007 2404 2138 2898 2024 5024 3891 5882 5011 6133 
2008 2849 2389 2095 2519 6134 5504 4980 5069 6135 
2009 2264 583 24 491 5326 585 493 3661 6136 
2010 1964 2540 2701 2064 3438 5670 5924 3797 6137 
2011 2702 2541 1963 2063 5667 3441 3801 5920 6138 
2012 22 134 2873 2478 152 5794 5123 4046 6139 
2013 2820 2037 2559 2125 4215 6000 4883 4832 6140 
2014 2872 459 2283 2351 3354 4921 4411 5170 6141 
2015 1950 2186 2622 2482 5977 4584 4302 6056 6142 
2016 2580 2245 2778 2111 5131 3266 5734 4725 6143 
2017 2777 2244 2579 2112 3262 5135 4729 5732 6144 
2018 2577 2245 318 319 2958 5130 337 5792 6145 
2019 60 2244 2578 59 5133 2962 5790 78 6146 
2020 23 497 2053 2415 499 6039 3187 3666 6147 
2021 2047 2763 2633 2334 3678 5961 4843 3842 6148 
2022 2795 2323 11 188 5089 6072 190 5823 6149 
2023 2532 2100 2020 2269 5908 5179 4556 3668 6150 
2024 2742 17 2333 2103 5969 6050 4595 4234 6151 
2025 175 2088 2502 174 5111 5743 5536 183 6152 
2026 2854 2154 2294 2539 3735 4866 3927 5767 6153 
2027 2707 2097 1909 2540 5963 4562 5669 4742 6154 
2028 1907 2096 2706 2541 4578 5966 4744 5666 6155 
2029 2548 151 12 171 5146 170 179 5919 6156 
2030 3 367 2547 357 385 5149 5922 366 6157 
2031 2834 2080 2276 2690 5542 4665 4408 6015 6158 
2032 2275 2081 2833 2691 4663 5540 6013 4406 6159 
2033 2542 1973 2543 2056 5739 4218 4092 3908 6160 
2034 2884 2135 2454 1896 5515 3912 5164 3546 6161 
2035 2160 2446 2838 2553 4504 5809 4677 3695 6162 
2036 2501 2087 353 354 5901 5531 362 4736 6163 
2037 200 9 2889 2720 209 6105 5890 5429 6164 
2038 2406 2765 2881 2131 4143 5947 5625 4351 6165 
2039 1913 2237 2764 2538 4587 6008 5675 4369 6166 
2040 2527 2548 2063 2432 5147 5918 3800 5388 6167 
2041 2064 2547 2528 2433 5923 5150 5393 3794 6168 
2042 53 2449 2510 14 3977 4786 5591 71 6169 
2043 2035 2561 2724 2327 5301 5057 5562 5805 6170 
2044 2796 36 37 2618 5906 45 5852 4863 6171 
2045 2576 16 31 2379 6084 39 5167 5154 6172 
2046 1985 2572 2389 2849 4088 4971 6134 5375 6173 
2047 2044 2255 2727 2189 5052 6131 5470 5745 6174 
2048 2850 2306 1938 2375 5379 4294 4658 5911 6175 
$EndElements
