/*--------------------------------*- C++ -*----------------------------------*\
  =========                 |
  \\      /  F ield         | OpenFOAM: The Open Source CFD Toolbox
   \\    /   O peration     | Website:  https://openfoam.org
    \\  /    A nd           | Version:  11
     \\/     M anipulation  |
\*---------------------------------------------------------------------------*/
FoamFile
{
    format      ascii;
    class       faceList;
    location    "constant/polyMesh";
    object      faces;
}
// * * * * * * * * * * * * * * * * * * * * * * * * * * * * * * * * * * * * * //


12121
(
3(327 957 959)
3(957 68 959)
3(327 959 68)
3(327 68 957)
3(87 957 959)
3(87 959 327)
3(87 327 957)
3(957 307 959)
3(68 959 307)
3(68 307 957)
3(957 49 959)
3(307 49 957)
3(307 959 49)
3(347 957 959)
3(347 959 87)
3(347 87 957)
3(106 957 959)
3(347 957 106)
3(347 106 959)
3(957 367 959)
3(49 367 957)
3(49 959 367)
3(106 957 367)
3(106 367 959)
3(963 362 966)
3(301 963 966)
3(301 362 963)
3(301 966 362)
3(376 965 960)
3(316 960 965)
3(376 316 965)
3(376 960 316)
3(961 94 966)
3(75 961 966)
3(75 94 961)
3(75 966 94)
3(113 966 961)
3(113 94 966)
3(113 961 94)
3(56 961 966)
3(75 56 966)
3(75 961 56)
3(113 56 961)
3(113 966 56)
3(63 964 965)
3(82 965 964)
3(82 964 63)
3(82 63 965)
3(120 965 964)
3(101 964 965)
3(120 964 101)
3(120 101 965)
3(63 964 120)
3(63 120 965)
3(101 964 82)
3(101 82 965)
3(357 960 965)
3(960 337 965)
3(357 965 337)
3(357 337 960)
3(376 965 357)
3(376 357 960)
3(98 960 967)
3(960 117 967)
3(98 117 960)
3(98 967 117)
3(79 960 967)
3(98 79 967)
3(98 960 79)
3(960 60 967)
3(117 967 60)
3(117 60 960)
3(60 79 960)
3(60 967 79)
3(341 963 966)
3(963 322 966)
3(341 322 963)
3(341 966 322)
3(362 341 963)
3(362 966 341)
3(316 337 965)
3(316 960 337)
3(322 301 963)
3(322 966 301)
3(967 315 968)
3(375 967 968)
3(375 315 967)
3(375 968 315)
3(967 335 968)
3(315 335 967)
3(315 968 335)
3(355 968 967)
3(355 967 335)
3(355 335 968)
3(355 375 967)
3(355 968 375)
3(315 59 375)
3(315 967 59)
3(375 59 967)
3(362 54 301)
3(362 963 54)
3(301 54 963)
3(55 362 301)
3(55 966 362)
3(55 301 966)
3(375 58 315)
3(375 968 58)
3(315 58 968)
3(376 316 62)
3(62 316 965)
3(376 62 965)
3(61 316 376)
3(61 960 316)
3(61 376 960)
3(75 94 328)
3(328 94 961)
3(75 328 961)
3(75 56 306)
3(306 56 966)
3(75 306 966)
3(56 75 308)
3(56 308 961)
3(308 75 961)
3(113 56 368)
3(368 56 961)
3(113 368 961)
3(357 100 337)
3(357 965 100)
3(337 100 965)
3(119 357 376)
3(119 376 965)
3(119 965 357)
3(98 79 333)
3(333 79 967)
3(98 333 967)
3(372 120 63)
3(372 964 120)
3(372 63 964)
3(101 120 351)
3(101 351 964)
3(351 120 964)
3(82 101 331)
3(82 331 964)
3(331 101 964)
3(113 94 346)
3(113 346 966)
3(346 94 966)
3(366 56 113)
3(366 966 56)
3(366 113 966)
3(82 311 63)
3(63 311 964)
3(82 964 311)
3(326 94 75)
3(326 966 94)
3(326 75 966)
3(63 120 371)
3(371 120 965)
3(63 371 965)
3(120 101 352)
3(352 101 965)
3(120 352 965)
3(101 82 332)
3(332 82 965)
3(101 332 965)
3(79 317 60)
3(60 317 960)
3(79 960 317)
3(99 357 337)
3(99 960 357)
3(99 337 960)
3(376 357 118)
3(376 118 960)
3(118 357 960)
3(60 313 79)
3(60 967 313)
3(79 313 967)
3(117 356 98)
3(98 356 960)
3(117 960 356)
3(79 98 336)
3(79 336 960)
3(336 98 960)
3(82 63 312)
3(312 63 965)
3(82 312 965)
3(98 353 117)
3(98 967 353)
3(117 353 967)
3(94 113 348)
3(348 113 961)
3(94 348 961)
3(322 92 341)
3(322 963 92)
3(341 92 963)
3(362 341 111)
3(111 341 963)
3(362 111 963)
3(362 112 341)
3(341 112 966)
3(362 966 112)
3(93 322 341)
3(93 966 322)
3(93 341 966)
3(117 373 60)
3(60 373 967)
3(117 967 373)
3(315 335 78)
3(78 335 967)
3(315 78 967)
3(377 117 60)
3(377 960 117)
3(377 60 960)
3(355 97 335)
3(355 967 97)
3(335 97 967)
3(316 337 81)
3(81 337 965)
3(316 81 965)
3(316 80 337)
3(337 80 960)
3(316 960 80)
3(73 322 301)
3(73 301 963)
3(73 963 322)
3(322 74 301)
3(301 74 966)
3(322 966 74)
3(355 375 116)
3(355 116 967)
3(116 375 967)
3(77 335 315)
3(77 968 335)
3(77 315 968)
3(355 335 96)
3(355 96 968)
3(96 335 968)
3(958 122 969)
3(349 958 969)
3(349 969 122)
3(349 122 958)
3(958 369 969)
3(122 969 369)
3(122 369 958)
3(375 58 59)
3(59 58 315)
3(355 115 375)
3(375 115 968)
3(355 968 115)
3(362 54 55)
3(55 54 301)
3(103 958 969)
3(349 958 103)
3(349 103 969)
3(329 103 958)
3(329 958 969)
3(329 969 103)
3(65 969 958)
3(65 958 369)
3(65 369 969)
3(103 104 958)
3(349 958 104)
3(349 104 103)
3(329 104 958)
3(103 104 329)
3(310 969 958)
3(310 958 65)
3(310 65 969)
3(62 61 316)
3(376 61 62)
3(99 357 100)
3(99 100 337)
3(118 119 357)
3(118 376 119)
3(308 306 75)
3(308 56 306)
3(313 79 317)
3(313 317 60)
3(326 328 75)
3(326 94 328)
3(333 98 336)
3(333 336 79)
3(366 56 368)
3(366 368 113)
3(371 372 120)
3(371 63 372)
3(351 101 352)
3(351 352 120)
3(331 82 332)
3(331 332 101)
3(312 82 311)
3(312 311 63)
3(356 98 353)
3(356 353 117)
3(78 315 77)
3(78 77 335)
3(92 93 322)
3(341 93 92)
3(111 112 341)
3(362 112 111)
3(348 94 346)
3(348 346 113)
3(84 958 969)
3(84 329 958)
3(84 969 329)
3(377 373 60)
3(377 117 373)
3(96 355 97)
3(96 97 335)
3(81 316 80)
3(81 80 337)
3(310 84 958)
3(310 969 84)
3(49 957 48)
3(307 48 957)
3(49 48 307)
3(322 74 73)
3(73 74 301)
3(66 65 958)
3(369 66 958)
3(369 65 66)
3(367 957 48)
3(367 48 49)
3(66 310 958)
3(66 65 310)
3(116 115 375)
3(355 115 116)
3(105 957 106)
3(105 347 957)
3(105 106 347)
3(85 958 84)
3(85 329 958)
3(85 84 329)
3(367 105 957)
3(367 106 105)
3(85 958 310)
3(85 310 84)
3(224 319 957)
3(224 957 67)
3(224 67 319)
3(319 67 957)
3(339 957 224)
3(339 224 226)
3(339 226 957)
3(226 224 957)
3(380 958 123)
3(380 379 958)
3(380 123 379)
3(379 123 958)
3(359 380 958)
3(359 123 380)
3(359 958 123)
3(227 224 319)
3(227 957 224)
3(227 319 957)
3(91 971 963)
3(321 963 971)
3(91 321 971)
3(91 963 321)
3(90 962 971)
3(962 320 971)
3(90 971 320)
3(90 320 962)
3(57 961 968)
3(374 968 961)
3(374 57 968)
3(374 961 57)
3(314 961 968)
3(314 968 57)
3(314 57 961)
3(370 964 969)
3(964 121 969)
3(370 969 121)
3(370 121 964)
3(350 964 969)
3(102 969 964)
3(102 350 969)
3(102 964 350)
3(964 83 969)
3(330 964 969)
3(330 969 83)
3(330 83 964)
3(95 961 968)
3(961 334 968)
3(95 968 334)
3(95 334 961)
3(354 961 968)
3(354 968 95)
3(354 95 961)
3(225 358 957)
3(105 225 957)
3(105 358 225)
3(105 957 358)
3(381 338 958)
3(85 381 958)
3(85 338 381)
3(85 958 338)
3(309 964 969)
3(64 969 964)
3(64 309 969)
3(64 964 309)
3(359 383 958)
3(383 380 958)
3(359 380 383)
3(340 962 971)
3(340 971 90)
3(340 90 962)
3(962 342 970)
3(89 962 970)
3(89 970 342)
3(89 342 962)
3(963 343 971)
3(91 971 343)
3(91 343 963)
3(344 959 970)
3(959 88 970)
3(344 970 88)
3(344 88 959)
3(962 108 970)
3(342 970 108)
3(342 108 962)
3(339 67 224)
3(339 957 67)
3(107 959 970)
3(107 970 344)
3(107 344 959)
3(309 83 969)
3(309 964 83)
3(76 961 968)
3(314 76 968)
3(314 961 76)
3(961 114 968)
3(374 968 114)
3(374 114 961)
3(64 969 370)
3(64 370 964)
3(350 121 969)
3(350 964 121)
3(102 969 330)
3(102 330 964)
3(354 114 968)
3(354 961 114)
3(334 968 76)
3(334 76 961)
3(962 364 970)
3(108 970 364)
3(108 364 962)
3(72 963 971)
3(72 971 321)
3(72 321 963)
3(363 959 970)
3(363 970 107)
3(363 107 959)
3(962 71 971)
3(320 971 71)
3(320 71 962)
3(51 970 962)
3(51 364 970)
3(51 962 364)
3(50 959 970)
3(363 959 50)
3(363 50 970)
3(323 970 959)
3(323 88 970)
3(323 959 88)
3(303 963 971)
3(72 963 303)
3(72 303 971)
3(962 300 971)
3(71 971 300)
3(71 300 962)
3(324 962 970)
3(89 962 324)
3(89 324 970)
3(109 962 971)
3(109 340 962)
3(109 971 340)
3(963 110 971)
3(343 971 110)
3(343 110 963)
3(304 959 970)
3(304 50 959)
3(304 970 50)
3(962 302 970)
3(51 302 962)
3(51 970 302)
3(959 69 970)
3(323 69 959)
3(323 970 69)
3(70 962 970)
3(70 324 962)
3(70 970 324)
3(962 52 971)
3(300 52 962)
3(300 971 52)
3(53 963 971)
3(53 303 963)
3(53 971 303)
3(378 957 225)
3(378 225 227)
3(227 225 957)
3(378 227 957)
3(381 318 958)
3(381 382 318)
3(381 958 382)
3(318 382 958)
3(360 963 971)
3(360 53 963)
3(360 971 53)
3(361 971 962)
3(361 962 52)
3(361 52 971)
3(360 963 110)
3(360 110 971)
3(109 962 361)
3(109 361 971)
3(320 91 971)
3(90 971 91)
3(90 91 320)
3(321 971 320)
3(321 320 91)
3(69 304 959)
3(69 970 304)
3(225 226 957)
3(226 358 957)
3(225 358 226)
3(383 958 381)
3(383 338 958)
3(383 381 338)
3(224 0 319)
3(224 67 0)
3(0 67 319)
3(302 70 962)
3(302 970 70)
3(340 971 91)
3(340 91 90)
3(380 382 958)
3(382 379 958)
3(380 379 382)
3(339 16 226)
3(339 224 16)
3(342 344 970)
3(89 970 344)
3(89 344 342)
3(225 378 105)
3(105 378 957)
3(381 318 85)
3(85 318 958)
3(108 344 970)
3(108 342 344)
3(320 72 971)
3(321 72 320)
3(107 970 108)
3(107 108 344)
3(363 970 108)
3(363 108 107)
3(86 226 957)
3(339 226 86)
3(339 86 957)
3(340 971 343)
3(340 343 91)
3(88 89 970)
3(344 89 88)
3(363 364 970)
3(363 970 51)
3(363 51 364)
3(363 364 108)
3(58 57 968)
3(58 968 374)
3(58 374 57)
3(58 314 968)
3(58 57 314)
3(102 103 969)
3(350 969 103)
3(350 103 102)
3(84 969 83)
3(84 330 969)
3(84 83 330)
3(121 122 969)
3(122 370 969)
3(121 370 122)
3(95 968 96)
3(334 96 968)
3(95 96 334)
3(354 968 96)
3(354 96 95)
3(65 969 64)
3(65 309 969)
3(65 64 309)
3(71 72 971)
3(320 72 71)
3(84 969 309)
3(84 309 83)
3(300 72 971)
3(71 72 300)
3(77 76 968)
3(314 77 968)
3(314 76 77)
3(115 968 114)
3(115 374 968)
3(115 114 374)
3(370 65 969)
3(370 64 65)
3(350 122 969)
3(121 122 350)
3(330 103 969)
3(102 103 330)
3(354 115 968)
3(354 114 115)
3(77 334 968)
3(77 76 334)
3(305 50 959)
3(304 305 959)
3(304 50 305)
3(340 971 110)
3(340 110 343)
3(325 69 959)
3(323 325 959)
3(323 69 325)
3(323 89 970)
3(88 89 323)
3(68 69 959)
3(325 68 959)
3(325 69 68)
3(368 57 961)
3(57 56 961)
3(368 56 57)
3(321 92 963)
3(91 963 92)
3(91 92 321)
3(360 54 963)
3(54 53 963)
3(360 53 54)
3(321 322 963)
3(92 322 321)
3(360 362 963)
3(54 362 360)
3(372 121 964)
3(370 372 964)
3(370 121 372)
3(102 964 351)
3(350 351 964)
3(102 351 350)
3(83 331 964)
3(83 964 82)
3(83 82 331)
3(331 964 330)
3(331 330 83)
3(120 121 964)
3(372 121 120)
3(101 102 964)
3(351 102 101)
3(112 346 966)
3(112 966 113)
3(112 113 346)
3(366 966 55)
3(56 55 966)
3(366 55 56)
3(366 966 362)
3(366 362 55)
3(368 374 961)
3(368 57 374)
3(64 311 964)
3(64 964 63)
3(64 63 311)
3(93 326 966)
3(93 966 94)
3(93 94 326)
3(322 326 966)
3(322 93 326)
3(119 965 371)
3(119 120 965)
3(119 371 120)
3(332 81 965)
3(82 965 81)
3(82 81 332)
3(352 100 965)
3(100 101 965)
3(352 101 100)
3(52 364 962)
3(364 361 962)
3(52 361 364)
3(52 51 962)
3(52 364 51)
3(342 90 962)
3(342 962 340)
3(342 340 90)
3(89 90 962)
3(342 90 89)
3(313 59 967)
3(60 967 59)
3(60 59 313)
3(313 315 967)
3(313 59 315)
3(308 57 961)
3(314 308 961)
3(314 57 308)
3(356 960 99)
3(98 99 960)
3(356 99 98)
3(80 336 960)
3(80 960 79)
3(80 79 336)
3(57 56 308)
3(61 317 960)
3(61 960 60)
3(61 60 317)
3(348 114 961)
3(113 961 114)
3(113 114 348)
3(343 963 92)
3(343 92 91)
3(341 346 966)
3(112 346 341)
3(306 55 966)
3(56 55 306)
3(365 959 50)
3(365 363 959)
3(365 50 363)
3(324 962 71)
3(70 71 962)
3(324 71 70)
3(52 302 962)
3(52 51 302)
3(373 967 59)
3(373 59 60)
3(375 373 967)
3(375 59 373)
3(118 377 960)
3(118 960 117)
3(118 117 377)
3(312 965 62)
3(312 316 965)
3(312 62 316)
3(97 353 967)
3(355 967 353)
3(355 353 97)
3(309 311 964)
3(309 64 311)
3(352 357 965)
3(100 357 352)
3(332 337 965)
3(332 81 337)
3(376 965 371)
3(376 371 119)
3(317 960 316)
3(317 316 61)
3(356 960 357)
3(356 357 99)
3(336 960 337)
3(336 337 80)
3(95 328 961)
3(328 334 961)
3(95 334 328)
3(78 333 967)
3(333 335 967)
3(78 335 333)
3(54 303 963)
3(54 53 303)
3(94 961 95)
3(94 95 328)
3(306 301 966)
3(55 301 306)
3(300 302 962)
3(52 302 300)
3(79 967 78)
3(79 78 333)
3(301 303 963)
3(54 303 301)
3(63 965 62)
3(63 62 312)
3(97 98 967)
3(353 98 97)
3(377 960 376)
3(377 376 118)
3(50 959 49)
3(305 49 959)
3(50 49 305)
3(49 365 959)
3(50 365 49)
3(341 963 343)
3(111 343 963)
3(341 343 111)
3(354 348 961)
3(95 961 348)
3(95 348 354)
3(320 962 324)
3(90 324 962)
3(320 324 90)
3(344 345 959)
3(345 88 959)
3(344 88 345)
3(69 305 959)
3(304 305 69)
3(88 325 959)
3(323 325 88)
3(345 107 959)
3(106 959 107)
3(106 345 959)
3(106 107 345)
3(341 92 343)
3(114 354 348)
3(320 71 324)
3(68 305 959)
3(68 69 305)
3(344 345 107)
3(75 76 961)
3(76 328 961)
3(75 328 76)
3(303 73 963)
3(72 963 73)
3(72 73 303)
3(97 333 967)
3(97 98 333)
3(81 312 965)
3(82 312 81)
3(73 301 303)
3(353 967 116)
3(117 116 967)
3(353 116 117)
3(51 50 970)
3(51 363 50)
3(83 311 964)
3(309 311 83)
3(352 119 965)
3(357 119 352)
3(332 100 965)
3(332 337 100)
3(371 62 965)
3(376 62 371)
3(336 960 99)
3(336 99 337)
3(356 960 118)
3(356 118 357)
3(74 966 306)
3(74 306 301)
3(71 302 962)
3(71 300 302)
3(312 316 81)
3(355 116 353)
3(308 76 961)
3(75 76 308)
3(74 966 75)
3(74 75 306)
3(80 960 317)
3(80 317 79)
3(70 71 302)
3(314 308 76)
3(368 961 114)
3(368 114 113)
3(73 321 963)
3(72 321 73)
3(360 963 111)
3(110 111 963)
3(360 111 110)
3(111 360 362)
3(73 321 322)
3(121 351 964)
3(350 351 121)
3(121 351 120)
3(64 372 964)
3(370 372 64)
3(331 964 102)
3(331 102 330)
3(372 63 64)
3(101 102 331)
3(366 112 966)
3(366 113 112)
3(346 93 966)
3(346 94 93)
3(366 112 362)
3(368 374 114)
3(83 311 82)
3(326 74 966)
3(326 75 74)
3(322 326 74)
3(371 62 63)
3(352 119 120)
3(100 101 332)
3(342 962 109)
3(342 109 340)
3(108 962 109)
3(108 109 342)
3(109 962 364)
3(109 364 361)
3(108 364 109)
3(313 967 78)
3(313 78 79)
3(313 315 78)
3(377 960 61)
3(377 61 376)
3(98 99 336)
3(356 117 118)
3(317 80 316)
3(76 328 334)
3(97 333 335)
3(365 107 959)
3(365 363 107)
3(348 95 94)
3(110 111 343)
3(93 341 346)
3(89 90 324)
3(373 116 967)
3(117 116 373)
3(375 373 116)
3(377 60 61)
3(87 959 88)
3(87 325 959)
3(87 88 325)
3(345 87 959)
3(345 88 87)
3(370 969 369)
3(370 369 122)
3(349 350 969)
3(349 103 350)
3(330 969 329)
3(330 329 84)
3(374 375 968)
3(58 375 374)
3(315 314 968)
3(58 314 315)
3(310 309 969)
3(310 65 309)
3(365 106 959)
3(365 107 106)
3(355 354 968)
3(355 96 354)
3(334 968 335)
3(334 335 77)
3(300 303 971)
3(72 303 300)
3(51 304 970)
3(51 50 304)
3(380 123 11)
3(380 11 379)
3(11 123 379)
3(334 96 335)
3(324 970 323)
3(324 323 89)
3(323 70 970)
3(324 70 323)
3(53 971 300)
3(53 300 303)
3(109 971 110)
3(109 110 340)
3(310 309 84)
3(370 65 369)
3(122 349 350)
3(330 103 329)
3(77 315 314)
3(115 374 375)
3(355 354 115)
3(0 319 227)
3(104 383 958)
3(104 958 359)
3(104 359 383)
3(361 971 110)
3(361 110 109)
3(225 18 378)
3(378 18 227)
3(44 318 381)
3(44 382 318)
3(302 304 970)
3(302 51 304)
3(69 70 970)
3(323 70 69)
3(53 971 52)
3(53 52 300)
3(361 53 971)
3(361 52 53)
3(361 360 971)
3(53 360 361)
3(225 105 3)
3(225 3 358)
3(3 105 358)
3(381 85 9)
3(381 9 338)
3(9 85 338)
3(359 11 380)
3(123 11 359)
3(381 380 958)
3(225 224 957)
3(110 361 360)
3(70 304 970)
3(302 304 70)
3(69 70 304)
3(380 46 359)
3(359 46 383)
3(48 227 957)
3(48 378 227)
3(48 957 378)
3(382 958 66)
3(382 66 318)
3(318 66 958)
3(339 0 224)
3(339 67 0)
3(227 19 319)
3(19 0 319)
3(378 3 225)
3(378 105 3)
3(381 318 9)
3(85 9 318)
3(358 957 86)
3(358 86 226)
3(104 338 958)
3(104 383 338)
3(66 379 958)
3(66 382 379)
3(226 1 339)
3(226 86 1)
3(1 86 339)
3(379 382 11)
3(3 358 226)
3(9 338 383)
3(339 957 327)
3(67 327 957)
3(339 327 67)
3(359 958 349)
3(123 349 958)
3(359 349 123)
3(48 319 957)
3(227 319 48)
3(104 349 359)
3(327 86 957)
3(339 86 327)
3(359 11 46)
3(369 958 379)
3(369 123 958)
3(369 379 123)
3(378 227 2)
3(48 2 227)
3(378 2 48)
3(319 307 957)
3(307 67 957)
3(319 67 307)
3(16 1 339)
3(47 379 382)
3(11 379 47)
3(9 44 318)
3(378 3 18)
3(319 307 48)
3(226 17 358)
3(17 3 358)
3(383 45 338)
3(45 9 338)
3(359 383 10)
3(104 10 383)
3(359 10 104)
3(369 66 379)
3(347 358 957)
3(347 957 86)
3(347 86 358)
3(329 338 958)
3(329 104 338)
3(382 8 318)
3(382 66 8)
3(8 66 318)
3(347 358 105)
3(329 338 85)
3(2 378 18)
3(367 957 378)
3(367 378 48)
3(318 310 958)
3(66 310 318)
3(359 46 10)
3(339 0 16)
3(44 8 318)
3(85 318 310)
3(367 105 378)
3(226 358 1)
3(86 1 358)
3(383 338 10)
3(104 10 338)
3(379 8 382)
3(379 66 8)
3(379 8 47)
3(10 45 338)
3(1 17 358)
3(227 319 2)
3(48 2 319)
3(2 19 319)
3(327 325 959)
3(327 87 325)
3(325 68 327)
3(307 305 959)
3(307 68 305)
3(305 49 307)
3(959 345 347)
3(347 345 87)
3(345 347 106)
3(959 365 367)
3(367 365 106)
3(365 367 49)
3(957 67 68)
3(68 67 327)
3(67 68 307)
3(958 123 122)
3(122 123 349)
3(123 122 369)
3(957 86 87)
3(87 86 347)
3(86 87 327)
3(743 1242 1073)
3(743 1221 1242)
3(743 1073 1221)
3(1221 1073 1242)
3(618 1241 1072)
3(618 1222 1241)
3(618 1072 1222)
3(1222 1072 1241)
3(427 1040 1012)
3(1012 1040 1126)
3(427 1126 1040)
3(427 1012 1126)
3(781 1060 782)
3(991 782 1060)
3(781 782 991)
3(781 991 1060)
3(68 977 1092)
3(68 1092 1287)
3(68 1287 977)
3(1092 977 1287)
3(734 995 1000)
3(734 1084 995)
3(734 1000 1084)
3(1000 995 1084)
3(651 1304 973)
3(1165 973 1304)
3(651 1165 1304)
3(651 973 1165)
3(921 990 757)
3(921 1138 990)
3(757 990 1138)
3(921 757 1138)
3(913 989 632)
3(913 1139 989)
3(632 989 1139)
3(913 632 1139)
3(913 989 1172)
3(913 1172 632)
3(989 632 1172)
3(921 990 1173)
3(921 1173 757)
3(990 757 1173)
3(360 1155 1159)
3(361 1159 1155)
3(361 360 1159)
3(361 1155 360)
3(281 983 291)
3(281 1129 983)
3(291 983 1129)
3(281 291 1129)
3(991 979 1254)
3(323 1254 979)
3(323 979 991)
3(323 991 1254)
3(651 1055 973)
3(651 1304 1055)
3(973 1055 1304)
3(979 1123 815)
3(979 815 1057)
3(979 1057 1123)
3(1057 815 1123)
3(532 1080 1133)
3(996 1080 532)
3(996 1133 1080)
3(996 532 1133)
3(427 1121 1012)
3(427 1040 1121)
3(1040 1012 1121)
3(773 1061 1101)
3(1043 1101 1061)
3(1043 773 1101)
3(1043 1061 773)
3(689 1242 1047)
3(689 1073 1242)
3(1073 1047 1242)
3(689 1047 1073)
3(564 1241 1046)
3(564 1072 1241)
3(1072 1046 1241)
3(564 1046 1072)
3(71 1089 70)
3(71 70 981)
3(71 981 1089)
3(981 70 1089)
3(1017 375 1076)
3(115 375 1017)
3(115 1076 375)
3(115 1017 1076)
3(68 1029 1092)
3(977 1029 68)
3(977 1092 1029)
3(1017 1166 1076)
3(1017 375 1166)
3(375 1076 1166)
3(281 983 247)
3(291 247 983)
3(71 1089 979)
3(71 979 70)
3(70 979 1089)
3(709 973 1055)
3(709 1055 1284)
3(1055 973 1284)
3(709 1284 973)
3(734 995 1127)
3(734 1127 1000)
3(995 1000 1127)
3(522 1017 1074)
3(522 1074 1109)
3(522 1109 1017)
3(1074 1017 1109)
3(397 1070 1122)
3(1005 1070 397)
3(1005 397 1122)
3(1005 1122 1070)
3(522 1240 1074)
3(522 1017 1240)
3(1017 1074 1240)
3(997 1080 1133)
3(997 532 1080)
3(997 1133 532)
3(1049 1101 773)
3(1049 773 1061)
3(1049 1061 1101)
3(366 1317 1259)
3(366 1259 1052)
3(366 1052 1317)
3(1052 1259 1317)
3(398 1067 1121)
3(1011 1067 398)
3(1011 398 1121)
3(1011 1121 1067)
3(929 1028 881)
3(929 1145 1028)
3(881 1028 1145)
3(929 881 1145)
3(1009 397 1070)
3(1009 1122 397)
3(1009 1070 1122)
3(1015 1159 360)
3(1015 360 1155)
3(1015 1155 1159)
3(1012 398 1067)
3(1012 1121 398)
3(1012 1067 1121)
3(289 280 984)
3(984 280 1130)
3(289 984 1130)
3(289 1130 280)
3(979 787 1083)
3(979 1271 787)
3(1083 787 1271)
3(979 1083 1271)
3(1070 397 1206)
3(1005 1206 397)
3(1005 1070 1206)
3(246 280 984)
3(246 984 289)
3(71 1209 979)
3(71 1089 1209)
3(1089 979 1209)
3(782 767 1060)
3(781 1060 767)
3(1267 1049 1307)
3(1061 1307 1049)
3(1061 1049 1267)
3(1061 1267 1307)
3(514 1076 1024)
3(197 1024 1076)
3(514 1024 197)
3(514 197 1076)
3(709 651 1055)
3(709 973 651)
3(689 1242 1103)
3(689 1103 1047)
3(1047 1103 1242)
3(835 280 984)
3(246 835 984)
3(246 280 835)
3(280 1130 835)
3(984 835 1130)
3(929 1028 1125)
3(929 1125 881)
3(1028 881 1125)
3(1067 398 1220)
3(1011 1220 398)
3(1011 1067 1220)
3(564 1241 1104)
3(564 1104 1046)
3(1046 1104 1241)
3(455 983 281)
3(455 281 1129)
3(455 1129 983)
3(610 532 996)
3(610 1080 532)
3(610 996 1080)
3(247 455 983)
3(281 455 247)
3(68 1092 1169)
3(68 1169 1287)
3(1169 1092 1287)
3(398 1067 1203)
3(398 1203 1012)
3(1067 1012 1203)
3(389 1126 1069)
3(389 1069 1005)
3(389 1005 1126)
3(1005 1069 1126)
3(1040 79 1058)
3(317 1058 79)
3(317 1040 1058)
3(317 79 1040)
3(366 1022 1259)
3(366 1317 1022)
3(1259 1022 1317)
3(787 1123 979)
3(1083 979 1123)
3(787 1083 1123)
3(389 1012 1069)
3(389 1126 1012)
3(1069 1012 1126)
3(979 70 1209)
3(71 1209 70)
3(366 1048 1052)
3(366 1259 1048)
3(1052 1048 1259)
3(1089 70 1197)
3(979 1197 70)
3(979 1089 1197)
3(109 1201 982)
3(109 982 1031)
3(109 1031 1201)
3(1031 982 1201)
3(121 1242 1018)
3(120 1018 1242)
3(121 1018 120)
3(121 120 1242)
3(79 1040 1053)
3(313 79 1053)
3(313 1053 1040)
3(313 1040 79)
3(1025 766 1041)
3(1025 1272 766)
3(1041 766 1272)
3(1025 1041 1272)
3(397 1070 1154)
3(397 1154 1009)
3(1070 1009 1154)
3(64 1241 1020)
3(63 1020 1241)
3(64 1020 63)
3(64 63 1241)
3(514 1076 1017)
3(514 1108 1076)
3(1017 1076 1108)
3(514 1017 1108)
3(709 708 1055)
3(708 651 1055)
3(514 1076 1240)
3(514 1240 1017)
3(1076 1017 1240)
3(389 1069 1206)
3(389 1206 1005)
3(1069 1005 1206)
3(982 1316 646)
3(982 646 1055)
3(1055 646 1316)
3(982 1055 1316)
3(220 1019 1077)
3(220 1118 1019)
3(220 1077 1118)
3(1077 1019 1118)
3(514 1108 1024)
3(1076 1024 1108)
3(832 1084 998)
3(832 1060 1084)
3(1060 998 1084)
3(832 998 1060)
3(771 1102 1286)
3(771 1082 1102)
3(771 1286 1082)
3(1102 1082 1286)
3(782 1083 991)
3(782 1060 1083)
3(1060 991 1083)
3(1092 1254 68)
3(1092 1169 1254)
3(1169 68 1254)
3(1029 1254 68)
3(1029 1092 1254)
3(389 1203 1069)
3(389 1012 1203)
3(1012 1069 1203)
3(1091 979 1254)
3(991 1091 1254)
3(991 979 1091)
3(79 1090 1040)
3(1058 1040 1090)
3(79 1058 1090)
3(109 108 982)
3(982 108 1201)
3(109 1201 108)
3(265 264 987)
3(244 987 264)
3(244 265 987)
3(273 272 986)
3(245 986 272)
3(245 273 986)
3(311 312 1105)
3(312 1096 1105)
3(311 1105 1096)
3(311 1096 312)
3(815 787 979)
3(815 1271 787)
3(815 979 1271)
3(220 1019 702)
3(220 702 1077)
3(702 1019 1077)
3(766 823 1025)
3(1025 823 1041)
3(766 1041 823)
3(1040 1053 1090)
3(79 1090 1053)
3(283 1099 580)
3(245 580 1099)
3(283 245 1099)
3(283 580 245)
3(317 1058 80)
3(79 80 1058)
3(1020 1222 64)
3(64 1222 1252)
3(1020 1252 1222)
3(1020 64 1252)
3(1018 1221 121)
3(121 1221 1249)
3(1018 1249 1221)
3(1018 121 1249)
3(280 1130 874)
3(835 874 1130)
3(280 874 835)
3(979 1197 1254)
3(323 1197 979)
3(323 1254 1197)
3(1102 824 1286)
3(1026 1286 824)
3(1026 824 1102)
3(1026 1102 1286)
3(1170 1269 1329)
3(1170 1329 1093)
3(1269 1093 1329)
3(1170 1093 1269)
3(228 271 1164)
3(1164 271 1310)
3(228 1164 1310)
3(228 1310 271)
3(231 279 1165)
3(1165 279 1311)
3(231 1165 1311)
3(231 1311 279)
3(264 987 1164)
3(265 1164 987)
3(265 264 1164)
3(1064 51 1262)
3(52 1064 1262)
3(52 51 1064)
3(52 1262 51)
3(272 986 1165)
3(273 1165 986)
3(273 272 1165)
3(769 832 1084)
3(769 998 832)
3(769 1084 998)
3(787 1123 815)
3(476 1167 1042)
3(1043 1042 1167)
3(476 1042 1043)
3(476 1043 1167)
3(1262 1064 1295)
3(51 1295 1064)
3(51 1262 1295)
3(313 78 1053)
3(78 79 1053)
3(109 342 982)
3(342 108 982)
3(498 281 1129)
3(455 498 1129)
3(455 281 498)
3(71 302 981)
3(302 70 981)
3(372 1002 1018)
3(1018 1002 1249)
3(372 1249 1002)
3(372 1018 1249)
3(802 1102 1135)
3(1102 1026 1135)
3(802 1135 1026)
3(802 1026 1102)
3(1113 1132 1316)
3(1113 1316 658)
3(1113 658 1132)
3(1132 658 1316)
3(315 1035 1235)
3(1035 77 1235)
3(315 1235 77)
3(315 77 1035)
3(996 361 1159)
3(996 1155 361)
3(996 1159 1155)
3(311 1004 1020)
3(1020 1004 1252)
3(311 1252 1004)
3(311 1020 1252)
3(823 1025 1272)
3(766 823 1272)
3(1019 702 1118)
3(220 1118 702)
3(206 987 1068)
3(206 1164 987)
3(1068 987 1164)
3(206 1068 1164)
3(1111 1133 1301)
3(1111 1301 533)
3(1111 533 1133)
3(1133 533 1301)
3(393 1140 1290)
3(393 1290 992)
3(1140 992 1290)
3(393 992 1140)
3(861 1053 1027)
3(861 1090 1053)
3(861 1027 1090)
3(1027 1053 1090)
3(1057 1049 1307)
3(1057 1307 1267)
3(1057 1267 1049)
3(49 1329 1170)
3(49 1170 1269)
3(49 1269 1329)
3(689 743 1242)
3(689 1073 743)
3(618 1241 564)
3(618 564 1072)
3(758 646 982)
3(758 1316 646)
3(758 982 1316)
3(327 984 1250)
3(327 978 984)
3(984 978 1250)
3(327 1250 978)
3(734 735 995)
3(734 1084 735)
3(995 735 1084)
3(315 1035 1053)
3(315 1053 1235)
3(1053 1035 1235)
3(996 997 1080)
3(996 1133 997)
3(1040 1126 1183)
3(1040 1183 1012)
3(1126 1012 1183)
3(121 1242 1221)
3(1018 1221 1242)
3(366 1200 1052)
3(1048 1052 1200)
3(366 1048 1200)
3(64 1241 1222)
3(1020 1222 1241)
3(852 1307 1049)
3(852 1049 1061)
3(852 1061 1307)
3(913 989 914)
3(913 914 1172)
3(914 989 1172)
3(922 921 990)
3(922 1173 921)
3(922 990 1173)
3(771 824 1286)
3(771 1102 824)
3(984 1250 1254)
3(1250 327 1254)
3(984 1254 327)
3(361 999 1159)
3(360 1159 999)
3(360 999 361)
3(1010 1189 841)
3(1033 841 1189)
3(1010 1033 1189)
3(1010 841 1033)
3(655 987 1068)
3(655 206 987)
3(655 1068 206)
3(806 1088 1102)
3(1025 1102 1088)
3(1025 806 1102)
3(1025 1088 806)
3(1017 1166 1108)
3(1076 1108 1166)
3(990 922 1138)
3(921 1138 922)
3(989 914 1139)
3(913 1139 914)
3(342 1031 1276)
3(342 995 1031)
3(1031 995 1276)
3(342 1276 995)
3(283 1099 623)
3(580 623 1099)
3(283 623 580)
3(978 1144 327)
3(984 327 1144)
3(978 984 1144)
3(522 1212 1109)
3(1074 1109 1212)
3(522 1074 1212)
3(992 1136 1163)
3(304 992 1163)
3(304 1163 1136)
3(304 1136 992)
3(610 1133 996)
3(610 532 1133)
3(1058 317 1179)
3(1040 1179 317)
3(1040 1058 1179)
3(797 1030 1054)
3(797 1054 1255)
3(1054 1030 1255)
3(797 1255 1030)
3(98 1026 1016)
3(97 1016 1026)
3(98 97 1026)
3(98 1016 97)
3(335 1247 1054)
3(335 1054 1135)
3(335 1135 1247)
3(1135 1054 1247)
3(312 1105 1308)
3(311 1308 1105)
3(311 312 1308)
3(375 1038 1017)
3(1017 1038 1166)
3(375 1166 1038)
3(1033 806 1088)
3(1033 1102 806)
3(1033 1088 1102)
3(847 1057 979)
3(847 979 815)
3(847 815 1057)
3(512 192 1078)
3(192 193 1078)
3(512 1078 193)
3(375 374 1017)
3(1017 374 1038)
3(375 1038 374)
3(1027 1102 1135)
3(802 1102 1027)
3(802 1027 1135)
3(1043 75 1141)
3(1042 1043 1141)
3(1042 75 1043)
3(1042 1141 75)
3(342 1031 982)
3(982 1031 1276)
3(342 982 1276)
3(743 1103 1242)
3(743 1242 1003)
3(743 1003 1103)
3(1103 1003 1242)
3(532 582 1080)
3(610 1080 582)
3(313 1053 1183)
3(313 1183 1040)
3(1053 1040 1183)
3(655 987 1113)
3(655 1113 1068)
3(987 1068 1113)
3(1136 1170 1329)
3(1136 1329 1093)
3(1136 1093 1170)
3(618 1104 1241)
3(618 1241 1002)
3(1104 1002 1241)
3(618 1002 1104)
3(315 1183 1053)
3(315 1035 1183)
3(1035 1053 1183)
3(522 1074 195)
3(522 194 1074)
3(194 195 1074)
3(243 1093 261)
3(243 258 1093)
3(258 261 1093)
3(1043 1098 1141)
3(1043 75 1098)
3(1098 75 1141)
3(1060 1068 1283)
3(1060 767 1068)
3(1068 767 1283)
3(1060 1283 767)
3(771 1025 1102)
3(1025 1082 1102)
3(771 1082 1025)
3(1002 1018 1241)
3(372 1241 1018)
3(372 1002 1241)
3(646 1264 982)
3(1055 982 1264)
3(646 1055 1264)
3(977 1163 68)
3(977 1029 1163)
3(1029 68 1163)
3(764 1081 1135)
3(1006 764 1135)
3(1006 1081 764)
3(1006 1135 1081)
3(221 702 1077)
3(220 221 1077)
3(986 580 1099)
3(245 986 1099)
3(245 580 986)
3(986 973 1165)
3(986 1165 1311)
3(1165 973 1311)
3(986 1311 973)
3(316 1044 1251)
3(1044 1179 1251)
3(316 1251 1179)
3(316 1179 1044)
3(1030 1199 797)
3(1054 797 1199)
3(1030 1054 1199)
3(1297 337 1302)
3(332 1302 337)
3(332 1297 1302)
3(332 337 1297)
3(984 1151 1250)
3(978 1151 984)
3(978 1250 1151)
3(49 1136 1170)
3(49 1329 1136)
3(1064 1262 1268)
3(52 1268 1262)
3(52 1064 1268)
3(989 1086 570)
3(989 570 1002)
3(989 1002 1086)
3(1002 570 1086)
3(695 990 1085)
3(695 1003 990)
3(990 1003 1085)
3(695 1085 1003)
3(1233 1119 1336)
3(647 1119 1233)
3(647 1233 1336)
3(647 1336 1119)
3(366 1022 1048)
3(1048 1022 1259)
3(1119 1336 1168)
3(1233 1168 1336)
3(1119 1168 1233)
3(1065 1316 1113)
3(1065 1113 1132)
3(1065 1132 1316)
3(987 978 1164)
3(987 1164 1310)
3(1164 978 1310)
3(987 1310 978)
3(337 1302 1088)
3(1297 1088 1302)
3(337 1088 1297)
3(71 981 1032)
3(71 1032 1089)
3(1032 981 1089)
3(302 1032 1262)
3(302 994 1032)
3(1032 994 1262)
3(302 1262 994)
3(169 1140 1290)
3(169 1290 393)
3(169 393 1140)
3(930 929 1028)
3(930 1125 929)
3(930 1028 1125)
3(1268 1001 1285)
3(53 1285 1001)
3(53 1268 1285)
3(53 1001 1268)
3(1151 1250 1254)
3(984 1151 1254)
3(476 1280 1042)
3(476 1167 1280)
3(1167 1042 1280)
3(1028 930 1145)
3(929 1145 930)
3(904 1125 929)
3(904 930 1125)
3(823 1041 1088)
3(823 1088 1025)
3(1041 1025 1088)
3(1063 1163 992)
3(1063 1136 1163)
3(1063 992 1136)
3(81 1044 1251)
3(316 1044 81)
3(316 81 1251)
3(1002 1252 64)
3(1002 1222 1252)
3(1002 64 1222)
3(1003 1249 121)
3(1003 1221 1249)
3(1003 121 1221)
3(522 1240 195)
3(1074 195 1240)
3(1058 1179 1251)
3(1058 1251 1044)
3(1058 1044 1179)
3(1016 1213 1026)
3(1016 98 1213)
3(98 1026 1213)
3(1062 1225 1228)
3(1188 1062 1228)
3(1188 1228 1225)
3(1188 1225 1062)
3(337 1025 1088)
3(337 1302 1025)
3(1088 1025 1302)
3(342 1031 109)
3(852 1057 1049)
3(852 1307 1057)
3(512 1237 1078)
3(512 192 1237)
3(192 1078 1237)
3(366 362 1052)
3(1052 362 1200)
3(366 1200 362)
3(1080 1031 1201)
3(109 1031 1080)
3(109 1080 1201)
3(302 981 1032)
3(302 1032 71)
3(814 1010 1189)
3(814 1189 841)
3(814 841 1010)
3(689 743 1103)
3(1065 344 1201)
3(982 344 1065)
3(982 1065 1201)
3(982 1201 344)
3(1066 1301 1111)
3(1066 1111 1133)
3(1066 1133 1301)
3(340 995 1031)
3(342 340 1031)
3(342 995 340)
3(315 1053 78)
3(315 78 1235)
3(78 1053 1235)
3(1126 1040 1306)
3(427 1306 1040)
3(427 1126 1306)
3(74 1101 1061)
3(74 1061 1043)
3(74 1043 1101)
3(981 1032 1262)
3(302 981 1262)
3(618 1104 564)
3(992 1163 1262)
3(992 1262 304)
3(1163 304 1262)
3(1176 1038 1206)
3(1069 1176 1206)
3(1069 1206 1038)
3(1069 1038 1176)
3(712 1113 1316)
3(712 1316 658)
3(712 658 1113)
3(587 1111 1301)
3(587 1301 533)
3(587 533 1111)
3(773 1101 1255)
3(773 1255 1043)
3(1101 1043 1255)
3(1031 982 1080)
3(1080 982 1201)
3(300 994 1032)
3(302 300 1032)
3(302 994 300)
3(977 1322 68)
3(1163 68 1322)
3(977 1163 1322)
3(220 1077 1041)
3(1041 1077 1118)
3(220 1041 1118)
3(722 646 982)
3(722 982 758)
3(1222 1095 1252)
3(1020 1095 1222)
3(1020 1252 1095)
3(311 1105 1020)
3(311 1004 1105)
3(1004 1020 1105)
3(1221 1094 1249)
3(1018 1094 1221)
3(1018 1249 1094)
3(1109 1022 1212)
3(522 1022 1109)
3(522 1212 1022)
3(1064 1229 1262)
3(1262 1229 1295)
3(1064 1295 1229)
3(1059 1052 1232)
3(604 1059 1232)
3(604 1232 1052)
3(604 1052 1059)
3(782 783 991)
3(991 783 1083)
3(782 1083 783)
3(360 1285 1159)
3(1015 1159 1285)
3(360 1015 1285)
3(981 70 1197)
3(981 1197 1089)
3(1003 1221 1242)
3(743 1221 1003)
3(423 1005 1279)
3(423 1126 1005)
3(423 1279 1126)
3(1005 1126 1279)
3(1198 1228 1062)
3(1198 1225 1228)
3(1198 1062 1225)
3(649 1000 1084)
3(734 1000 649)
3(734 649 1084)
3(1002 1222 1241)
3(618 1222 1002)
3(713 1055 1284)
3(709 1055 713)
3(709 713 1284)
3(512 1237 1156)
3(1078 1156 1237)
3(512 1156 1078)
3(73 1101 1061)
3(73 1061 74)
3(73 74 1101)
3(1098 763 1167)
3(1098 1319 763)
3(1098 1167 1319)
3(1167 763 1319)
3(1024 1142 197)
3(1076 197 1142)
3(1024 1076 1142)
3(1026 1135 764)
3(1026 764 1081)
3(1026 1081 1135)
3(1000 732 1084)
3(1084 732 1097)
3(1000 1097 732)
3(1000 1084 1097)
3(344 1201 1323)
3(1201 1065 1323)
3(344 1323 1065)
3(1022 1074 1109)
3(1022 1212 1074)
3(393 1290 1181)
3(393 1181 992)
3(992 1181 1290)
3(580 1099 1111)
3(580 1111 986)
3(1099 986 1111)
3(337 1033 1088)
3(1033 1025 1088)
3(337 1025 1033)
3(1002 1252 1314)
3(1252 64 1314)
3(1002 1314 64)
3(1053 1027 1319)
3(861 1053 1319)
3(861 1319 1027)
3(541 999 1052)
3(541 1159 999)
3(1052 999 1159)
3(541 1052 1159)
3(1003 1249 1315)
3(121 1315 1249)
3(121 1003 1315)
3(197 593 1024)
3(514 1024 593)
3(1044 1105 312)
3(1044 312 1096)
3(1044 1096 1105)
3(1062 329 1207)
3(84 329 1062)
3(84 1062 1207)
3(84 1207 329)
3(991 323 1282)
3(979 1282 323)
3(979 991 1282)
3(564 1072 1222)
3(618 564 1222)
3(765 1090 1189)
3(765 1058 1090)
3(765 1189 1058)
3(1090 1058 1189)
3(689 1073 1221)
3(689 1221 743)
3(366 362 1317)
3(362 1052 1317)
3(329 1312 1062)
3(1207 1062 1312)
3(329 1207 1312)
3(1033 765 1090)
3(1033 1189 765)
3(1033 1090 1189)
3(1033 1088 1251)
3(337 1033 1251)
3(337 1251 1088)
3(913 902 1172)
3(902 914 1172)
3(921 903 1173)
3(922 1173 903)
3(334 1054 335)
3(334 1247 1054)
3(334 335 1247)
3(1093 1266 1290)
3(1093 526 1266)
3(1266 526 1290)
3(1093 1290 526)
3(994 1064 1262)
3(994 1262 1268)
3(994 1268 1064)
3(514 1076 196)
3(196 1076 1240)
3(514 196 1240)
3(763 1255 1098)
3(1167 1098 1255)
3(763 1167 1255)
3(1058 80 1179)
3(317 1179 80)
3(115 374 1017)
3(1188 1062 1198)
3(1188 1198 1228)
3(849 1199 1071)
3(849 1006 1199)
3(1006 1071 1199)
3(849 1071 1006)
3(1026 1027 1102)
3(1026 1135 1027)
3(1155 1080 1237)
3(1155 1237 1257)
3(1155 1257 1080)
3(1237 1080 1257)
3(71 1089 1057)
3(1057 1089 1209)
3(71 1057 1209)
3(1049 854 1101)
3(1049 1101 1134)
3(1101 854 1134)
3(1049 1134 854)
3(176 397 1070)
3(397 175 1070)
3(176 1070 175)
3(1056 1093 1266)
3(1056 1266 1290)
3(1056 1290 1093)
3(78 1183 1053)
3(78 315 1183)
3(1002 1095 1252)
3(1002 1222 1095)
3(1073 1018 1242)
3(120 1018 1073)
3(120 1073 1242)
3(1003 1094 1249)
3(1003 1221 1094)
3(73 1101 1267)
3(1101 1061 1267)
3(73 1267 1061)
3(1119 1023 1168)
3(1168 1023 1336)
3(1119 1336 1023)
3(197 1076 196)
3(1055 1284 1316)
3(713 1055 1316)
3(713 1316 1284)
3(1072 1020 1241)
3(63 1020 1072)
3(63 1072 1241)
3(96 1006 1007)
3(1006 95 1007)
3(96 95 1006)
3(96 1007 95)
3(649 1000 732)
3(649 732 1084)
3(74 1061 1143)
3(74 1143 1043)
3(1061 1043 1143)
3(904 1125 881)
3(904 881 929)
3(1210 1031 1276)
3(982 1031 1210)
3(982 1210 1276)
3(78 1183 313)
3(781 783 991)
3(655 652 987)
3(652 206 987)
3(996 361 999)
3(996 999 1159)
3(521 1140 1301)
3(1140 1056 1301)
3(521 1056 1140)
3(521 1301 1056)
3(1027 1135 335)
3(1027 335 1054)
3(1027 1054 1135)
3(209 832 1084)
3(769 209 1084)
3(121 1242 1003)
3(702 1258 1077)
3(702 1019 1258)
3(1019 1077 1258)
3(686 1085 1117)
3(686 1117 1003)
3(1085 1003 1117)
3(686 1003 1085)
3(561 1086 1116)
3(561 1116 1002)
3(1086 1002 1116)
3(561 1002 1086)
3(436 1087 1115)
3(436 1115 1004)
3(1087 1004 1115)
3(436 1004 1087)
3(64 1241 1002)
3(1062 84 1312)
3(329 1312 84)
3(1057 979 1089)
3(847 1089 979)
3(847 1057 1089)
3(1155 1080 1270)
3(109 1155 1270)
3(109 1080 1155)
3(109 1270 1080)
3(1256 1047 1332)
3(742 1332 1047)
3(742 1047 1256)
3(742 1256 1332)
3(1019 101 1041)
3(1019 1302 101)
3(1019 1041 1302)
3(1041 101 1302)
3(1051 1203 1219)
3(1051 1067 1203)
3(1203 1067 1219)
3(1051 1219 1067)
3(1044 1308 312)
3(1044 1105 1308)
3(77 76 1235)
3(334 77 1235)
3(334 1235 76)
3(1179 80 1251)
3(316 1251 80)
3(316 80 1179)
3(1095 1252 1314)
3(1095 1314 1002)
3(1094 1249 1315)
3(1094 1315 1003)
3(1018 1002 1116)
3(1116 1002 1249)
3(1018 1116 1249)
3(1031 995 1210)
3(1210 995 1276)
3(1140 633 1301)
3(980 1140 1301)
3(980 633 1140)
3(980 1301 633)
3(972 1093 1266)
3(972 1056 1093)
3(972 1266 1056)
3(210 1084 732)
3(210 1097 1084)
3(210 732 1097)
3(972 261 1174)
3(585 261 972)
3(585 972 1174)
3(585 1174 261)
3(516 1221 1073)
3(516 1073 1175)
3(516 1175 1221)
3(1175 1073 1221)
3(712 1113 1065)
3(712 1065 1316)
3(391 1072 1178)
3(391 1222 1072)
3(391 1178 1222)
3(1178 1072 1222)
3(391 1072 1220)
3(391 1220 1178)
3(1072 1178 1220)
3(259 247 983)
3(259 983 291)
3(1041 827 1077)
3(220 827 1041)
3(220 1077 827)
3(832 1083 782)
3(832 782 1060)
3(832 1060 1083)
3(1062 985 1207)
3(1062 1312 985)
3(1207 985 1312)
3(1020 1004 1115)
3(1115 1004 1252)
3(1020 1115 1252)
3(1027 1247 335)
3(1027 1135 1247)
3(802 1261 1027)
3(1102 1027 1261)
3(802 1102 1261)
3(1066 363 1295)
3(980 363 1066)
3(980 1066 1295)
3(980 1295 363)
3(1268 1152 1285)
3(1001 1285 1152)
3(1001 1152 1268)
3(176 397 1206)
3(176 1206 1070)
3(77 1235 1036)
3(77 1036 1035)
3(1035 1036 1235)
3(713 708 1055)
3(614 1203 1051)
3(614 1176 1203)
3(1176 1051 1203)
3(614 1051 1176)
3(244 987 1100)
3(244 1100 705)
3(987 705 1100)
3(244 705 987)
3(651 1304 708)
3(1055 708 1304)
3(734 1000 732)
3(608 1038 1206)
3(608 1206 1176)
3(608 1176 1038)
3(1140 1056 1290)
3(992 1290 1056)
3(992 1056 1140)
3(375 1076 116)
3(116 1076 1166)
3(375 116 1166)
3(311 1308 1020)
3(1105 1020 1308)
3(763 1054 1098)
3(763 1255 1054)
3(1098 1054 1255)
3(194 1074 1212)
3(522 194 1212)
3(335 1054 1235)
3(335 1235 1027)
3(1054 1027 1235)
3(397 175 1154)
3(175 1070 1154)
3(80 1251 1058)
3(782 860 1083)
3(832 1083 860)
3(912 1207 988)
3(912 1277 1207)
3(988 1207 1277)
3(912 988 1277)
3(1054 1319 763)
3(1054 1098 1319)
3(521 633 1301)
3(521 1140 633)
3(991 1060 1068)
3(991 1068 1283)
3(991 1283 1060)
3(83 1198 1004)
3(1062 1004 1198)
3(83 1004 1062)
3(83 1062 1198)
3(614 1203 1219)
3(1051 614 1219)
3(423 1005 1122)
3(1122 1005 1279)
3(423 1122 1279)
3(97 1226 1026)
3(1016 1026 1226)
3(97 1016 1226)
3(251 246 984)
3(251 984 289)
3(158 1053 1319)
3(158 159 1053)
3(158 1319 159)
3(1053 159 1319)
3(516 1073 201)
3(516 1332 1073)
3(201 1073 1332)
3(516 201 1332)
3(438 1115 436)
3(438 436 1087)
3(438 1087 1115)
3(563 1116 561)
3(563 561 1086)
3(563 1086 1116)
3(688 1117 686)
3(688 686 1085)
3(688 1085 1117)
3(1051 555 1112)
3(1051 1325 555)
3(1112 555 1325)
3(1051 1112 1325)
3(391 181 1072)
3(182 391 1072)
3(182 1072 181)
3(461 1063 1129)
3(461 977 1063)
3(461 1129 977)
3(1063 977 1129)
3(993 1113 658)
3(993 1132 1113)
3(993 658 1132)
3(972 1093 526)
3(972 526 1266)
3(1063 456 1129)
3(983 456 1063)
3(983 1063 1129)
3(983 1129 456)
3(988 1062 1207)
3(84 988 1207)
3(84 1062 988)
3(587 1066 1301)
3(587 1111 1066)
3(180 1067 398)
3(180 398 1220)
3(180 1220 1067)
3(1183 1040 1306)
3(1126 1183 1306)
3(997 1111 533)
3(997 1133 1111)
3(997 533 1133)
3(1050 346 1168)
3(1023 346 1050)
3(1023 1050 1168)
3(1023 1168 346)
3(842 1025 1102)
3(842 1102 771)
3(842 771 1025)
3(1036 1319 1098)
3(1036 1098 1167)
3(1036 1167 1319)
3(1063 1163 1262)
3(1063 1262 992)
3(245 1099 1311)
3(275 245 1311)
3(275 1099 245)
3(275 1311 1099)
3(740 990 1003)
3(740 1094 990)
3(1003 990 1094)
3(740 1003 1094)
3(615 989 1002)
3(615 1095 989)
3(1002 989 1095)
3(615 1002 1095)
3(305 1163 1136)
3(305 1136 304)
3(305 304 1163)
3(1058 1090 1217)
3(1058 1217 765)
3(1090 765 1217)
3(398 179 1067)
3(180 1067 179)
3(181 1072 1220)
3(391 181 1220)
3(1092 149 1157)
3(1029 1157 149)
3(1029 149 1092)
3(1029 1092 1157)
3(805 1033 806)
3(805 806 1088)
3(805 1088 1033)
3(986 973 1304)
3(986 1304 1165)
3(608 1162 1206)
3(1162 1038 1206)
3(608 1038 1162)
3(1141 1043 1167)
3(1098 1141 1167)
3(1098 1167 1043)
3(1001 54 1285)
3(53 54 1001)
3(53 1285 54)
3(1004 1096 1198)
3(83 1096 1004)
3(83 1198 1096)
3(714 1274 1019)
3(1118 1019 1274)
3(714 1019 1118)
3(714 1118 1274)
3(724 1007 1233)
3(724 1233 1119)
3(724 1119 1007)
3(1007 1119 1233)
3(470 1005 1206)
3(470 397 1005)
3(470 1206 397)
3(77 78 1235)
3(1154 1048 1162)
3(1154 1162 1232)
3(1162 1048 1232)
3(1154 1232 1048)
3(264 750 987)
3(244 987 750)
3(244 750 264)
3(272 625 986)
3(245 986 625)
3(245 625 272)
3(201 516 1221)
3(201 1221 1073)
3(348 1168 1050)
3(348 346 1168)
3(348 1050 346)
3(1154 1070 1162)
3(1048 1070 1154)
3(1048 1162 1070)
3(247 983 1170)
3(247 1170 259)
3(983 259 1170)
3(247 983 1093)
3(247 1093 1170)
3(1093 983 1170)
3(1063 497 1129)
3(456 497 1063)
3(456 1129 497)
3(1141 1042 1167)
3(595 1017 1240)
3(595 522 1017)
3(595 1240 522)
3(532 1080 1264)
3(532 1264 997)
3(1080 997 1264)
3(246 1169 984)
3(246 984 1092)
3(1092 984 1169)
3(246 1092 1169)
3(340 995 1334)
3(995 1031 1334)
3(340 1334 1031)
3(391 1222 182)
3(1072 182 1222)
3(516 1332 1175)
3(1073 1175 1332)
3(246 1169 251)
3(984 251 1169)
3(750 1164 264)
3(750 987 1164)
3(1044 1096 81)
3(1044 1251 1096)
3(81 1096 1251)
3(77 76 1036)
3(1036 76 1235)
3(625 1165 272)
3(625 986 1165)
3(984 880 1091)
3(984 1151 880)
3(984 1091 1151)
3(1091 880 1151)
3(702 1258 221)
3(1077 221 1258)
3(1002 1018 1104)
3(1104 1018 1241)
3(179 1067 1203)
3(179 1203 398)
3(825 1006 764)
3(825 764 1135)
3(825 1135 1006)
3(994 1331 300)
3(994 1032 1331)
3(1032 300 1331)
3(982 722 1264)
3(646 1264 722)
3(1256 1075 1332)
3(1047 1332 1075)
3(1047 1075 1256)
3(1032 1208 1262)
3(1032 994 1208)
3(1208 994 1262)
3(981 1032 1208)
3(981 1208 1262)
3(1008 322 1101)
3(1008 1101 1049)
3(1008 1049 322)
3(322 1049 1101)
3(101 1260 1019)
3(1041 1019 1260)
3(101 1041 1260)
3(616 570 989)
3(616 989 1086)
3(616 1086 570)
3(695 990 741)
3(741 990 1085)
3(695 741 1085)
3(854 1101 773)
3(854 773 1049)
3(1101 1008 1224)
3(322 1224 1008)
3(322 1101 1224)
3(1005 474 1122)
3(397 474 1005)
3(397 1122 474)
3(389 1069 177)
3(389 177 1206)
3(177 1069 1206)
3(85 912 988)
3(85 988 1150)
3(85 1150 912)
3(988 912 1150)
3(623 283 1174)
3(283 1099 1174)
3(623 1174 1099)
3(986 973 1055)
3(986 1055 1304)
3(461 1063 497)
3(461 497 1129)
3(582 1264 532)
3(582 1080 1264)
3(473 1009 397)
3(473 397 1154)
3(473 1154 1009)
3(626 261 1093)
3(626 972 261)
3(626 1093 972)
3(261 972 1093)
3(420 419 1042)
3(1042 419 1122)
3(420 1122 419)
3(420 1042 1122)
3(1096 1004 1105)
3(311 1004 1096)
3(982 722 1080)
3(982 1080 1264)
3(1080 722 1264)
3(461 1063 505)
3(497 505 1063)
3(720 1233 724)
3(720 1007 1233)
3(720 724 1007)
3(1006 845 1233)
3(849 1233 845)
3(849 845 1006)
3(849 1006 1233)
3(805 1102 806)
3(805 1033 1102)
3(734 663 995)
3(735 995 663)
3(632 902 1172)
3(913 902 632)
3(903 1173 757)
3(903 757 921)
3(85 1207 988)
3(85 912 1207)
3(77 1141 1035)
3(77 1036 1141)
3(1036 1035 1141)
3(583 1266 1290)
3(583 1056 1266)
3(583 1290 1056)
3(735 649 1084)
3(1040 1090 1217)
3(1040 1217 1058)
3(845 1006 1081)
3(845 764 1006)
3(845 1081 764)
3(652 987 1113)
3(655 652 1113)
3(1178 452 1222)
3(1020 1178 1222)
3(1020 1222 452)
3(1020 452 1178)
3(469 1012 1126)
3(427 1012 469)
3(427 469 1126)
3(1007 96 1247)
3(1006 1007 1247)
3(1006 1247 96)
3(155 1043 1061)
3(773 155 1061)
3(773 1043 155)
3(465 398 1011)
3(465 1011 1220)
3(465 1220 398)
3(75 1143 1042)
3(75 1043 1143)
3(1043 1042 1143)
3(209 1060 1084)
3(209 832 1060)
3(769 998 860)
3(832 860 998)
3(1175 577 1221)
3(1018 1175 1221)
3(1018 1221 577)
3(1018 577 1175)
3(554 1051 555)
3(554 555 1112)
3(554 1112 1051)
3(119 1047 1075)
3(1047 357 1075)
3(119 1075 357)
3(119 357 1047)
3(1053 1090 1217)
3(1040 1053 1217)
3(389 1069 178)
3(177 178 1069)
3(1027 801 1135)
3(799 1027 1135)
3(799 801 1027)
3(799 1135 801)
3(1060 208 1084)
3(1084 208 1245)
3(1060 1245 208)
3(1060 1084 1245)
3(648 1120 1013)
3(648 1082 1120)
3(648 1013 1082)
3(1082 1013 1120)
3(610 1257 1080)
3(610 996 1257)
3(996 1080 1257)
3(423 1005 474)
3(423 474 1122)
3(789 1110 1049)
3(789 1049 1123)
3(1049 1110 1123)
3(789 1123 1110)
3(1025 1102 1033)
3(722 982 1031)
3(722 1210 982)
3(722 1031 1210)
3(1065 1284 1316)
3(1065 1055 1284)
3(1065 1316 1055)
3(663 995 1127)
3(734 663 1127)
3(1007 1006 1168)
3(95 1168 1006)
3(95 1007 1168)
3(1031 722 1080)
3(461 1063 1157)
3(461 1157 505)
3(1063 505 1157)
3(765 161 1058)
3(765 1189 161)
3(1058 161 1189)
3(419 1042 1114)
3(420 1114 1042)
3(420 419 1114)
3(597 1064 980)
3(597 980 1140)
3(980 1064 1140)
3(597 1140 1064)
3(467 1011 398)
3(467 1121 1011)
3(467 398 1121)
3(1081 639 1124)
3(1007 639 1081)
3(1007 1124 639)
3(1007 1081 1124)
3(744 1221 689)
3(744 1073 1221)
3(744 689 1073)
3(1019 1302 1180)
3(1019 1180 101)
3(101 1180 1302)
3(389 470 1005)
3(389 1206 470)
3(619 1222 564)
3(619 1072 1222)
3(619 564 1072)
3(1061 155 1348)
3(1043 1061 1348)
3(1043 1348 155)
3(639 1124 1016)
3(639 1016 1081)
3(1081 1016 1124)
3(717 1013 648)
3(717 1120 1013)
3(717 648 1120)
3(785 1271 787)
3(785 815 1271)
3(553 554 1051)
3(555 553 1051)
3(994 1229 1262)
3(994 1064 1229)
3(65 1314 1252)
3(65 64 1314)
3(65 1252 64)
3(724 1233 647)
3(724 647 1119)
3(1053 1027 1235)
3(1235 1027 1319)
3(1053 1235 1319)
3(656 658 993)
3(656 993 1113)
3(656 1113 658)
3(456 1063 1181)
3(456 1181 983)
3(1063 983 1181)
3(424 423 1035)
3(1035 423 1126)
3(424 1126 423)
3(424 1035 1126)
3(999 1268 1285)
3(53 1268 999)
3(53 999 1285)
3(1249 122 1315)
3(121 1315 122)
3(121 122 1249)
3(470 474 1005)
3(449 1012 427)
3(449 1121 1012)
3(449 427 1121)
3(595 1017 514)
3(595 514 1240)
3(363 1295 1329)
3(1295 1066 1329)
3(363 1329 1066)
3(845 1233 1081)
3(1006 1081 1233)
3(169 1140 1056)
3(169 1056 1290)
3(451 397 1009)
3(451 1009 1122)
3(451 1122 397)
3(551 550 1038)
3(551 1038 1108)
3(1038 550 1108)
3(551 1108 550)
3(844 1026 1135)
3(844 764 1026)
3(844 1135 764)
3(542 1156 1159)
3(1156 1052 1159)
3(542 1052 1156)
3(542 1159 1052)
3(1016 1120 648)
3(1016 648 1082)
3(1016 1082 1120)
3(1002 1116 1104)
3(1018 1104 1116)
3(330 84 1312)
3(330 1312 1062)
3(330 1062 84)
3(529 1138 1196)
3(926 1196 1138)
3(926 529 1196)
3(926 1138 529)
3(404 1139 1194)
3(1139 918 1194)
3(404 1194 918)
3(404 918 1139)
3(540 1156 1159)
3(540 542 1156)
3(540 1159 542)
3(526 1290 583)
3(526 583 1266)
3(564 1219 1220)
3(1219 1046 1220)
3(564 1220 1046)
3(564 1046 1219)
3(370 1249 1002)
3(370 1002 372)
3(370 372 1249)
3(791 1110 1049)
3(791 789 1110)
3(791 1049 789)
3(290 1099 283)
3(290 245 1099)
3(428 427 1040)
3(428 1121 427)
3(428 1040 1121)
3(1012 468 1203)
3(398 468 1012)
3(398 1203 468)
3(461 977 1157)
3(977 1063 1157)
3(1114 419 1122)
3(1042 1114 1122)
3(206 205 987)
3(987 205 1164)
3(206 1164 205)
3(550 1038 549)
3(551 549 1038)
3(531 533 997)
3(531 1111 533)
3(531 997 1111)
3(1042 1348 476)
3(1042 1043 1348)
3(1043 476 1348)
3(469 1012 389)
3(469 389 1126)
3(1004 309 1252)
3(311 309 1004)
3(311 1252 309)
3(597 1185 980)
3(597 1064 1185)
3(1064 980 1185)
3(1004 1115 1105)
3(1020 1105 1115)
3(423 1035 1279)
3(1035 424 1279)
3(423 1279 424)
3(654 1145 1195)
3(934 1195 1145)
3(934 654 1195)
3(934 1145 654)
3(719 1016 639)
3(719 1124 1016)
3(719 639 1124)
3(1188 1189 1326)
3(163 1189 1188)
3(163 1326 1189)
3(163 1188 1326)
3(391 452 1222)
3(391 1178 452)
3(979 1209 1123)
3(979 1057 1209)
3(1057 1123 1209)
3(516 577 1221)
3(516 1175 577)
3(107 1201 1323)
3(107 1323 344)
3(107 344 1201)
3(1069 178 1203)
3(389 1203 178)
3(119 1073 1075)
3(119 1047 1073)
3(1073 1047 1075)
3(1079 1062 1207)
3(988 1079 1207)
3(988 1062 1079)
3(261 1174 258)
3(261 258 972)
3(972 258 1174)
3(465 467 1011)
3(231 274 1165)
3(279 1165 274)
3(581 1099 1111)
3(581 1111 580)
3(581 580 1099)
3(648 715 1013)
3(715 717 1013)
3(209 208 1084)
3(209 1060 208)
3(1017 595 1109)
3(522 1109 595)
3(389 1012 468)
3(389 468 1203)
3(334 1235 335)
3(334 1054 1235)
3(449 1012 469)
3(806 842 1025)
3(806 1102 842)
3(266 1164 228)
3(266 271 1164)
3(713 646 1316)
3(713 1055 646)
3(90 1282 998)
3(1160 998 1282)
3(90 998 1160)
3(90 1160 1282)
3(1103 686 1117)
3(1003 686 1103)
3(1003 1103 1117)
3(561 1116 1104)
3(561 1104 1002)
3(360 1285 999)
3(1159 999 1285)
3(1105 436 1115)
3(1004 436 1105)
3(334 1006 1054)
3(1054 1006 1247)
3(334 1247 1006)
3(770 1233 845)
3(770 849 1233)
3(647 720 1233)
3(840 1272 823)
3(840 1025 1272)
3(840 823 1025)
3(934 931 974)
3(934 1195 931)
3(934 974 1195)
3(974 931 1195)
3(783 1271 991)
3(1083 991 1271)
3(783 1083 1271)
3(978 1068 1164)
3(978 1164 1283)
3(978 1283 1068)
3(1164 1068 1283)
3(1073 1018 1221)
3(987 1310 244)
3(987 1100 1310)
3(1100 244 1310)
3(715 1013 1082)
3(715 1082 648)
3(246 984 876)
3(876 984 1092)
3(246 876 1092)
3(1025 1213 1102)
3(1025 1082 1213)
3(1082 1102 1213)
3(720 1007 639)
3(720 1081 1007)
3(720 639 1081)
3(1072 1020 1222)
3(1018 1116 525)
3(1018 525 1094)
3(1094 525 1116)
3(1018 1094 1116)
3(1020 1115 400)
3(1020 400 1095)
3(1095 400 1115)
3(1020 1095 1115)
3(1056 1301 980)
3(1056 980 1140)
3(408 1131 1181)
3(1131 1063 1181)
3(408 1181 1063)
3(408 1063 1131)
3(1226 1026 1247)
3(97 1247 1026)
3(97 1226 1247)
3(570 615 989)
3(570 1002 615)
3(695 740 990)
3(695 1003 740)
3(714 1103 1019)
3(1019 1103 1274)
3(714 1274 1103)
3(802 1027 801)
3(802 801 1135)
3(598 1022 1109)
3(522 1022 598)
3(522 598 1109)
3(1108 1038 1166)
3(1017 1038 1108)
3(450 1005 423)
3(450 1126 1005)
3(450 423 1126)
3(1019 1117 650)
3(1019 650 1258)
3(1019 1258 1117)
3(650 1117 1258)
3(765 161 1217)
3(161 1058 1217)
3(247 983 500)
3(500 983 1093)
3(247 500 1093)
3(757 990 653)
3(653 990 1138)
3(757 653 1138)
3(632 989 528)
3(528 989 1139)
3(632 528 1139)
3(814 1228 1010)
3(814 1088 1228)
3(1088 1010 1228)
3(814 1010 1088)
3(80 1058 1090)
3(79 80 1090)
3(766 840 1272)
3(1188 1004 1198)
3(1062 1004 1188)
3(1041 1346 823)
3(1088 823 1346)
3(1041 1088 1346)
3(587 1066 1227)
3(1227 1066 1301)
3(587 1227 1301)
3(449 398 1012)
3(449 1121 398)
3(986 1311 245)
3(986 1099 1311)
3(735 1245 995)
3(735 1084 1245)
3(1084 995 1245)
3(344 1065 1276)
3(982 344 1276)
3(982 1276 1065)
3(468 469 1012)
3(997 1133 1066)
3(997 1066 1111)
3(1126 1035 1279)
3(815 856 1057)
3(815 1123 856)
3(1057 856 1123)
3(705 987 1113)
3(704 705 1113)
3(704 987 705)
3(704 1113 987)
3(699 648 1016)
3(699 1016 1120)
3(699 1120 648)
3(593 1024 1142)
3(593 1142 197)
3(861 1217 1053)
3(861 1090 1217)
3(718 1016 639)
3(718 719 1016)
3(580 579 986)
3(986 579 1111)
3(580 1111 579)
3(718 1016 1081)
3(718 1081 639)
3(769 1097 998)
3(769 1084 1097)
3(1084 998 1097)
3(805 807 1088)
3(807 806 1088)
3(648 718 1016)
3(1016 718 1082)
3(648 1082 718)
3(632 1172 528)
3(989 528 1172)
3(757 1173 653)
3(990 653 1173)
3(250 1291 1092)
3(250 240 1291)
3(240 1092 1291)
3(250 1092 240)
3(595 1017 1108)
3(595 1108 514)
3(989 1252 1314)
3(989 1314 1095)
3(989 1095 1252)
3(990 1249 1315)
3(990 1315 1094)
3(990 1094 1249)
3(451 473 1009)
3(374 1161 1017)
3(374 1038 1161)
3(1038 1017 1161)
3(1019 1118 1302)
3(1019 1041 1118)
3(1118 1041 1302)
3(1025 1231 1302)
3(99 1231 1025)
3(99 1302 1231)
3(99 1025 1302)
3(880 834 984)
3(984 834 1091)
3(880 1091 834)
3(344 993 1065)
3(344 1065 1204)
3(344 1204 993)
3(1065 993 1204)
3(465 1178 1220)
3(1178 1011 1220)
3(465 1011 1178)
3(1007 1226 1247)
3(1007 96 1226)
3(1226 96 1247)
3(115 1076 116)
3(651 187 1304)
3(187 1165 1304)
3(651 1165 187)
3(974 934 1145)
3(931 974 1145)
3(931 1145 934)
3(424 425 1126)
3(424 1126 426)
3(425 426 1126)
3(551 1108 1176)
3(551 1339 1108)
3(551 1176 1339)
3(1176 1108 1339)
3(78 1090 1053)
3(78 79 1090)
3(666 1107 665)
3(666 1127 1107)
3(665 1107 1127)
3(666 665 1127)
3(551 1038 1176)
3(1038 1108 1176)
3(823 806 1025)
3(823 1088 806)
3(993 1276 344)
3(993 1065 1276)
3(401 1157 1092)
3(401 149 1157)
3(401 1092 149)
3(993 1132 1065)
3(993 1065 1113)
3(323 991 325)
3(325 991 1254)
3(323 325 1254)
3(628 1138 1196)
3(628 1196 529)
3(628 529 1138)
3(503 1139 1194)
3(503 1194 404)
3(503 404 1139)
3(518 1304 531)
3(518 531 1264)
3(1264 531 1304)
3(518 1264 1304)
3(363 997 1066)
3(363 1066 1193)
3(363 1193 997)
3(1066 997 1193)
3(791 1134 1110)
3(792 1110 1134)
3(791 1110 792)
3(791 792 1134)
3(1010 1188 1189)
3(1010 1326 1188)
3(1010 1189 1326)
3(765 1261 1033)
3(765 1090 1261)
3(1090 1033 1261)
3(1004 1096 1188)
3(1188 1096 1198)
3(1209 90 1282)
3(998 90 1209)
3(998 1209 1282)
3(362 1200 1285)
3(1052 1285 1200)
3(1052 362 1285)
3(598 1156 1212)
3(512 598 1212)
3(512 1156 598)
3(512 1212 1156)
3(450 1005 474)
3(912 1277 907)
3(1207 907 1277)
3(912 907 1207)
3(666 1107 667)
3(665 667 1107)
3(795 1030 1199)
3(795 1199 797)
3(795 797 1030)
3(333 1247 1027)
3(333 1027 1026)
3(333 1026 1247)
3(1026 1027 1247)
3(122 1249 990)
3(1215 990 1249)
3(122 1215 1249)
3(122 990 1215)
3(799 1319 1135)
3(1027 1135 1319)
3(799 1027 1319)
3(896 1125 1263)
3(1125 760 1263)
3(896 760 1125)
3(896 1263 760)
3(65 1252 989)
3(1216 989 1252)
3(65 1216 1252)
3(65 989 1216)
3(238 283 1174)
3(623 238 1174)
3(623 283 238)
3(998 1123 860)
3(1083 860 1123)
3(998 1083 1123)
3(998 860 1083)
3(799 1054 1135)
3(1135 1054 1319)
3(799 1319 1054)
3(753 1145 1195)
3(654 753 1195)
3(654 1145 753)
3(531 530 1304)
3(518 1304 530)
3(705 282 1100)
3(244 1100 282)
3(244 282 705)
3(934 1195 935)
3(931 935 1195)
3(927 926 1196)
3(923 927 1196)
3(923 1196 926)
3(919 918 1194)
3(915 919 1194)
3(915 1194 918)
3(363 1066 1270)
3(980 363 1270)
3(980 1270 1066)
3(373 1166 1190)
3(1166 1051 1190)
3(373 1190 1051)
3(373 1051 1166)
3(785 1083 787)
3(785 1271 1083)
3(449 468 1012)
3(450 389 1005)
3(450 1126 389)
3(805 807 1033)
3(1033 807 1088)
3(700 639 1007)
3(700 1007 1124)
3(700 1124 639)
3(1188 872 1189)
3(163 1189 872)
3(163 872 1188)
3(1051 1219 555)
3(555 1219 1325)
3(1051 1325 1219)
3(231 274 1184)
3(274 1165 1184)
3(231 1184 1165)
3(1024 1076 1166)
3(1024 1166 116)
3(1024 116 1076)
3(1014 1075 119)
3(1014 119 1073)
3(1014 1073 1075)
3(1024 1166 1190)
3(373 1024 1190)
3(373 1166 1024)
3(699 718 1016)
3(247 1170 257)
3(259 257 1170)
3(1024 593 1108)
3(514 1108 593)
3(1080 1031 1155)
3(1155 1031 1237)
3(1080 1237 1031)
3(246 1169 249)
3(251 249 1169)
3(266 1144 228)
3(266 1164 1144)
3(228 1144 1164)
3(73 1101 322)
3(322 1101 1267)
3(73 322 1267)
3(852 1049 773)
3(852 773 1061)
3(719 1016 1320)
3(699 1320 1016)
3(699 719 1320)
3(699 1016 719)
3(1023 701 1330)
3(730 1023 1330)
3(730 1330 701)
3(730 701 1023)
3(705 1100 1113)
3(1100 987 1113)
3(1152 999 1268)
3(1152 1285 999)
3(593 1112 1246)
3(593 1024 1112)
3(593 1246 1024)
3(1112 1024 1246)
3(472 1089 1208)
3(472 1208 981)
3(1089 981 1208)
3(472 981 1089)
3(346 1182 1023)
3(1050 1023 1182)
3(346 1050 1182)
3(649 210 1084)
3(1099 1227 581)
3(1111 581 1227)
3(1099 1111 1227)
3(607 1237 1156)
3(607 512 1237)
3(607 1156 512)
3(678 1120 1256)
3(678 1256 679)
3(678 679 1120)
3(1120 679 1256)
3(518 997 1264)
3(518 531 997)
3(997 531 1264)
3(73 1061 1143)
3(74 73 1143)
3(1156 1015 1237)
3(607 1015 1156)
3(607 1237 1015)
3(1091 979 1197)
3(1091 1197 1254)
3(576 1109 598)
3(576 598 1022)
3(576 1022 1109)
3(599 595 1109)
3(599 1017 595)
3(599 1109 1017)
3(906 1277 907)
3(906 912 1277)
3(973 1055 1323)
3(1055 986 1323)
3(973 1323 986)
3(83 1313 1062)
3(1004 1062 1313)
3(83 1004 1313)
3(696 1019 1117)
3(696 650 1019)
3(696 1117 650)
3(571 1018 1116)
3(571 525 1018)
3(571 1116 525)
3(446 1020 1115)
3(446 400 1020)
3(446 1115 400)
3(872 1010 1188)
3(872 1189 1010)
3(465 391 1220)
3(465 1178 391)
3(306 1042 1009)
3(306 1293 1042)
3(306 1009 1293)
3(1009 1042 1293)
3(836 880 984)
3(836 984 1151)
3(836 1151 880)
3(158 1053 1305)
3(158 1305 1319)
3(1305 1053 1319)
3(778 984 1318)
3(778 1092 984)
3(984 1092 1318)
3(778 1318 1092)
3(118 1075 119)
3(118 119 1014)
3(118 1014 1075)
3(1022 1212 598)
3(1022 1156 1212)
3(1022 598 1156)
3(330 329 1312)
3(1019 696 1103)
3(714 1103 696)
3(714 696 1019)
3(788 859 998)
3(860 788 998)
3(860 998 859)
3(450 470 1005)
3(799 1135 1199)
3(799 1199 798)
3(1135 798 1199)
3(799 798 1135)
3(700 720 1007)
3(845 825 1006)
3(595 575 1108)
3(595 1017 575)
3(575 1017 1108)
3(828 1008 1097)
3(1008 762 1097)
3(828 1097 762)
3(828 762 1008)
3(1013 1025 1231)
3(1013 1231 1302)
3(1013 1302 1025)
3(1037 1240 733)
3(1037 1238 1240)
3(1238 733 1240)
3(1037 733 1238)
3(522 1212 598)
3(159 1305 158)
3(159 1053 1305)
3(1024 1108 1166)
3(626 243 1093)
3(626 261 243)
3(733 1187 1240)
3(1187 1037 1240)
3(733 1037 1187)
3(742 1332 689)
3(742 689 1047)
3(1047 689 1332)
3(998 859 1097)
3(769 859 998)
3(769 1097 859)
3(998 788 1123)
3(859 998 1123)
3(859 1123 788)
3(1065 1055 1201)
3(1065 1323 1055)
3(1201 1055 1323)
3(839 823 1041)
3(839 1346 823)
3(839 1041 1346)
3(314 1141 1005)
3(314 1005 1035)
3(1035 1005 1141)
3(314 1035 1141)
3(1062 84 1313)
3(83 84 1062)
3(83 1313 84)
3(306 1143 1009)
3(306 1042 1143)
3(1042 1009 1143)
3(408 992 1181)
3(408 1131 992)
3(992 1131 1181)
3(593 1108 594)
3(593 594 1024)
3(1024 594 1108)
3(843 824 1286)
3(771 843 1286)
3(678 1120 1045)
3(678 1045 1256)
3(1045 1120 1256)
3(561 562 1116)
3(563 1116 562)
3(686 687 1117)
3(688 1117 687)
3(437 1115 436)
3(437 438 1115)
3(1052 1285 1015)
3(1052 1015 1159)
3(1052 1159 1285)
3(1055 1201 982)
3(1055 982 1065)
3(991 1254 1151)
3(991 1250 1254)
3(991 1151 1250)
3(869 1077 1258)
3(1077 1028 1258)
3(869 1028 1077)
3(869 1258 1028)
3(802 1261 801)
3(1027 801 1261)
3(603 1162 1232)
3(603 1154 1162)
3(603 1232 1154)
3(802 844 1026)
3(802 1135 844)
3(71 1032 1057)
3(1057 1032 1089)
3(987 978 1068)
3(408 406 992)
3(407 408 992)
3(407 992 406)
3(657 658 993)
3(656 657 993)
3(261 1174 262)
3(258 262 1174)
3(406 992 1181)
3(408 406 1181)
3(244 265 1310)
3(265 987 1310)
3(245 273 1311)
3(273 986 1311)
3(827 1077 1346)
3(827 1346 1041)
3(1077 1041 1346)
3(209 208 1245)
3(209 1245 1084)
3(1060 1324 208)
3(1245 208 1324)
3(1060 1245 1324)
3(853 1054 1255)
3(797 1054 853)
3(797 853 1255)
3(702 1019 650)
3(702 650 1258)
3(1081 215 1233)
3(845 215 1081)
3(845 1233 215)
3(361 1223 996)
3(361 999 1223)
3(999 996 1223)
3(720 1081 1233)
3(1081 1007 1233)
3(451 1114 1122)
3(451 1009 1114)
3(1114 1009 1122)
3(525 577 1018)
3(1018 577 1094)
3(525 1094 577)
3(452 1020 400)
3(452 1095 1020)
3(452 400 1095)
3(795 1134 1030)
3(1030 1134 1255)
3(795 1255 1134)
3(795 1030 1255)
3(992 1295 1262)
3(992 1229 1295)
3(992 1262 1229)
3(1213 1033 1296)
3(336 1213 1296)
3(336 1033 1213)
3(336 1296 1033)
3(1051 1190 1024)
3(1051 1024 1166)
3(843 1026 1286)
3(843 824 1026)
3(977 401 1092)
3(977 1291 401)
3(1092 401 1291)
3(977 1092 1291)
3(997 1270 363)
3(997 1066 1270)
3(636 191 1237)
3(190 1237 191)
3(190 636 1237)
3(696 1103 1117)
3(1103 1019 1117)
3(571 1104 1116)
3(571 1018 1104)
3(1163 1136 1322)
3(305 1163 1322)
3(305 1322 1136)
3(446 1105 1115)
3(446 1020 1105)
3(267 265 1310)
3(244 267 1310)
3(275 273 1311)
3(1119 701 1330)
3(1023 1119 1330)
3(1023 701 1119)
3(730 1023 1107)
3(1107 1023 1330)
3(730 1107 1330)
3(427 1306 428)
3(1040 428 1306)
3(1015 1285 1317)
3(360 1015 1317)
3(360 1317 1285)
3(704 1100 1113)
3(704 705 1100)
3(522 576 1109)
3(190 1257 524)
3(191 524 1257)
3(190 191 1257)
3(259 1170 291)
3(983 291 1170)
3(788 1123 860)
3(1008 1101 1134)
3(1008 1134 1049)
3(1031 1237 1034)
3(1236 1034 1237)
3(1031 1034 1236)
3(1031 1236 1237)
3(599 522 1109)
3(911 1207 933)
3(952 933 1207)
3(911 952 1207)
3(84 988 85)
3(84 85 1207)
3(824 802 1026)
3(824 1102 802)
3(691 1034 1031)
3(691 1237 1034)
3(691 1031 1237)
3(948 1125 1263)
3(896 948 1263)
3(896 1125 948)
3(186 1304 1165)
3(186 986 1304)
3(186 1165 986)
3(1072 1020 1178)
3(666 1034 1107)
3(666 1127 1034)
3(1107 1034 1127)
3(333 335 1027)
3(333 1247 335)
3(451 1114 419)
3(451 419 1122)
3(51 1223 1064)
3(1064 1223 1295)
3(51 1295 1223)
3(1145 974 1195)
3(429 428 1121)
3(429 1121 427)
3(1073 1018 1175)
3(1081 1026 1226)
3(1016 1026 1081)
3(1016 1081 1226)
3(1124 1016 1320)
3(719 1124 1320)
3(1000 1127 703)
3(1107 703 1127)
3(1000 703 1107)
3(1000 1107 1127)
3(1110 1049 1134)
3(791 1134 1049)
3(992 407 1131)
3(408 1131 407)
3(993 657 1132)
3(658 1132 657)
3(718 1016 1286)
3(1016 1081 1286)
3(718 1286 1081)
3(545 1259 1109)
3(545 546 1259)
3(546 1109 1259)
3(545 1109 546)
3(50 1329 363)
3(50 1295 1329)
3(50 363 1295)
3(1025 1213 1231)
3(99 1213 1025)
3(99 1231 1213)
3(823 842 1025)
3(353 1231 1186)
3(1016 1186 1231)
3(353 1016 1231)
3(353 1186 1016)
3(533 997 532)
3(531 532 997)
3(729 1034 1237)
3(1237 1034 1278)
3(729 1237 1278)
3(729 1278 1034)
3(876 835 984)
3(876 246 835)
3(984 1254 1092)
3(984 1169 1254)
3(610 1133 534)
3(996 534 1133)
3(610 534 996)
3(1186 1045 1231)
3(353 1231 1045)
3(353 1045 1186)
3(1163 1063 1322)
3(1136 1322 1063)
3(324 1282 1209)
3(324 1209 90)
3(324 90 1282)
3(1082 1016 1286)
3(718 1082 1286)
3(859 1110 1123)
3(859 998 1110)
3(1110 998 1123)
3(326 1030 1098)
3(1030 328 1098)
3(326 328 1030)
3(326 1098 328)
3(854 1101 1255)
3(854 1255 773)
3(708 187 1304)
3(1008 828 1110)
3(1110 828 1134)
3(1008 1134 828)
3(1008 1110 1134)
3(83 311 1096)
3(82 83 1096)
3(82 1096 311)
3(493 1096 1004)
3(493 1004 1105)
3(493 1105 1096)
3(377 1190 1051)
3(377 1051 373)
3(377 373 1190)
3(678 1256 680)
3(679 680 1256)
3(821 1346 1077)
3(1192 1077 1346)
3(821 1192 1346)
3(821 1077 1192)
3(1143 1009 1191)
3(306 1191 1009)
3(306 1143 1191)
3(1138 975 1196)
3(926 1196 975)
3(926 975 1138)
3(1139 976 1194)
3(918 1194 976)
3(918 976 1139)
3(393 1290 405)
3(393 405 1181)
3(1181 405 1290)
3(1141 1005 1293)
3(314 1293 1005)
3(314 1141 1293)
3(478 476 1280)
3(478 1042 476)
3(478 1280 1042)
3(523 593 1112)
3(523 1246 593)
3(523 1112 1246)
3(628 1138 975)
3(628 975 1196)
3(503 1139 976)
3(503 976 1194)
3(65 1314 989)
3(1101 1134 1224)
3(1008 1224 1134)
3(990 122 1315)
3(702 1019 696)
3(571 577 1018)
3(452 1020 446)
3(330 1021 1062)
3(1062 1021 1312)
3(330 1312 1021)
3(1049 322 1275)
3(1008 1275 322)
3(1008 1049 1275)
3(734 1127 703)
3(734 703 1000)
3(1052 1317 1015)
3(1052 1285 1317)
3(868 1010 1228)
3(868 1188 1010)
3(1010 1188 1228)
3(868 1228 1188)
3(1082 1025 1231)
3(1013 1025 1082)
3(1013 1082 1231)
3(732 1106 1000)
3(703 1000 1106)
3(732 1000 703)
3(732 703 1106)
3(827 1077 821)
3(827 821 1346)
3(817 1134 1101)
3(817 854 1134)
3(817 1101 854)
3(421 420 1122)
3(421 1122 419)
3(1215 975 1249)
3(990 1249 975)
3(990 975 1215)
3(699 1320 1120)
3(1016 1120 1320)
3(54 1059 1001)
3(1001 1059 1285)
3(54 1285 1059)
3(205 987 652)
3(425 1126 423)
3(534 532 1133)
3(274 293 1244)
3(274 1244 278)
3(293 278 1244)
3(1216 976 1252)
3(989 1252 976)
3(989 976 1216)
3(930 1146 936)
3(932 936 1146)
3(930 932 1146)
3(666 1107 1330)
3(666 1330 667)
3(1107 667 1330)
3(193 598 1212)
3(512 193 1212)
3(340 1031 109)
3(824 844 1026)
3(327 1250 86)
3(327 86 978)
3(978 86 1250)
3(730 1106 1107)
3(1106 1023 1107)
3(730 1023 1106)
3(251 1169 289)
3(984 289 1169)
3(974 753 1145)
3(974 1195 753)
3(1050 1212 728)
3(1050 1187 1212)
3(1187 728 1212)
3(1050 728 1187)
3(999 566 1052)
3(604 566 999)
3(604 1052 566)
3(604 999 1052)
3(1013 1082 1272)
3(715 1013 1272)
3(715 1272 1082)
3(456 462 1063)
3(497 1063 462)
3(500 455 983)
3(247 455 500)
3(537 534 996)
3(538 537 996)
3(538 996 534)
3(333 1027 1296)
3(1027 1026 1296)
3(333 1296 1026)
3(519 1176 1206)
3(519 1206 1069)
3(519 1069 1176)
3(574 1112 593)
3(574 593 1024)
3(574 1024 1112)
3(696 685 1103)
3(714 1103 685)
3(1097 732 1106)
3(1000 1097 1106)
3(585 626 972)
3(261 626 585)
3(799 1054 1199)
3(1054 1135 1199)
3(247 1093 257)
3(257 1093 1170)
3(1006 1247 1081)
3(1135 1081 1247)
3(1006 1135 1247)
3(1049 816 1057)
3(852 816 1049)
3(852 1057 816)
3(1118 1019 1180)
3(1180 1019 1274)
3(1118 1180 1274)
3(197 1238 1076)
3(1142 1076 1238)
3(197 1142 1238)
3(1180 1118 1302)
3(159 861 1217)
3(159 1217 1053)
3(159 1053 861)
3(1128 1208 1341)
3(1208 1032 1341)
3(1128 1032 1208)
3(1128 1341 1032)
3(302 1268 1262)
3(302 1262 52)
3(302 52 1268)
3(300 1032 71)
3(246 1092 249)
3(249 1092 1169)
3(587 1111 1227)
3(1111 1066 1227)
3(742 1047 716)
3(716 1047 1256)
3(742 716 1256)
3(769 1084 210)
3(769 210 1097)
3(828 1110 1097)
3(1008 1097 1110)
3(366 1022 1343)
3(366 1343 1048)
3(1022 1048 1343)
3(514 1108 594)
3(1142 593 1246)
3(1024 1142 1246)
3(691 1127 1031)
3(1034 1031 1127)
3(691 1034 1127)
3(1188 1096 1326)
3(1010 1096 1188)
3(1010 1326 1096)
3(356 1327 1075)
3(356 1075 117)
3(117 1075 1327)
3(356 117 1327)
3(767 1068 1324)
3(767 1324 1060)
3(1068 1060 1324)
3(869 1077 222)
3(222 1077 1258)
3(869 222 1258)
3(836 834 984)
3(462 1063 1181)
3(456 462 1181)
3(290 1174 283)
3(290 1099 1174)
3(1090 861 1261)
3(1027 1261 861)
3(1027 1090 1261)
3(326 1101 1098)
3(326 1030 1101)
3(1030 1098 1101)
3(817 1255 1101)
3(1134 1101 1255)
3(817 1134 1255)
3(533 1133 532)
3(707 208 1245)
3(209 707 1245)
3(816 1123 1049)
3(1057 1049 1123)
3(816 1057 1123)
3(401 1157 977)
3(1092 977 1157)
3(1124 674 1320)
3(1037 1320 674)
3(1037 674 1124)
3(1037 1124 1320)
3(1005 1300 314)
3(1035 314 1300)
3(1005 1035 1300)
3(481 1341 1128)
3(481 1128 1208)
3(481 1208 1341)
3(322 74 1101)
3(208 832 1060)
3(1068 987 1250)
3(978 1068 1250)
3(978 1250 987)
3(1155 996 1270)
3(1080 1270 996)
3(1080 996 1155)
3(788 1110 1123)
3(859 1110 788)
3(566 541 999)
3(566 1052 541)
3(545 1259 1048)
3(1109 1048 1259)
3(545 1048 1109)
3(1287 250 1291)
3(1092 1287 1291)
3(1092 250 1287)
3(354 1158 1226)
3(354 1226 1037)
3(1158 1037 1226)
3(354 1037 1158)
3(665 703 1127)
3(665 1107 703)
3(826 1199 1071)
3(826 1071 849)
3(826 849 1199)
3(702 714 1019)
3(702 1118 714)
3(995 1265 1000)
3(1084 1000 1265)
3(995 1084 1265)
3(1034 1330 666)
3(1034 1107 1330)
3(364 109 1270)
3(364 1270 108)
3(109 108 1270)
3(771 1272 1025)
3(1082 1025 1272)
3(771 1082 1272)
3(788 1083 860)
3(788 1123 1083)
3(731 1127 1210)
3(731 1031 1127)
3(731 1210 1031)
3(1127 1031 1210)
3(1290 1136 1329)
3(1093 1290 1329)
3(1093 1136 1290)
3(514 575 1108)
3(1122 1070 1293)
3(1005 1122 1293)
3(1005 1293 1070)
3(1035 1305 1235)
3(1035 1036 1305)
3(1036 1235 1305)
3(1290 1056 1329)
3(1136 1056 1290)
3(1136 1329 1056)
3(364 1155 1270)
3(364 109 1155)
3(674 1320 675)
3(674 675 1124)
3(1124 675 1320)
3(375 1069 1038)
3(375 1166 1069)
3(1038 1069 1166)
3(87 327 1250)
3(87 1250 86)
3(859 1097 1110)
3(1097 998 1110)
3(1115 1087 1194)
3(976 1194 1087)
3(976 1087 1115)
3(976 1115 1194)
3(1117 1085 1195)
3(974 1085 1117)
3(974 1195 1085)
3(974 1117 1195)
3(1116 1086 1196)
3(975 1196 1086)
3(975 1086 1116)
3(975 1116 1196)
3(203 990 1138)
3(203 653 990)
3(203 1138 653)
3(184 989 1139)
3(184 528 989)
3(184 1139 528)
3(368 1070 1048)
3(368 1161 1070)
3(1048 1070 1161)
3(368 1048 1161)
3(1081 1007 1247)
3(1006 1007 1081)
3(699 677 1320)
3(677 719 1320)
3(652 704 987)
3(652 987 705)
3(527 579 986)
3(580 527 986)
3(764 1286 1026)
3(1081 1026 1286)
3(764 1081 1286)
3(661 1316 1065)
3(661 1065 1284)
3(661 1284 1316)
3(172 1243 1064)
3(172 1064 171)
3(171 1064 1243)
3(172 171 1243)
3(432 1044 1105)
3(432 433 1044)
3(432 1105 433)
3(1044 433 1105)
3(557 1046 1104)
3(557 558 1046)
3(1046 558 1104)
3(557 1104 558)
3(1126 426 1306)
3(424 1126 1306)
3(424 1306 426)
3(701 669 1330)
3(730 1330 669)
3(884 847 979)
3(884 979 815)
3(109 1031 1155)
3(1064 52 1223)
3(51 1223 52)
3(1256 1120 1274)
3(681 1256 1274)
3(681 1274 1120)
3(681 1120 1256)
3(930 1146 1214)
3(1146 936 1214)
3(930 1214 936)
3(655 1113 1324)
3(1113 1068 1324)
3(655 1324 1068)
3(203 990 1094)
3(1094 990 1138)
3(203 1094 1138)
3(184 989 1095)
3(1095 989 1139)
3(184 1095 1139)
3(1081 1247 1026)
3(1135 1026 1247)
3(274 293 1184)
3(274 1184 1244)
3(1184 293 1244)
3(817 793 1134)
3(793 854 1134)
3(986 527 1111)
3(579 1111 527)
3(68 307 977)
3(68 1287 307)
3(977 307 1287)
3(633 980 597)
3(633 565 980)
3(565 597 980)
3(704 1113 652)
3(1045 1231 1016)
3(1045 1016 1186)
3(703 1107 1106)
3(1000 1106 1107)
3(1233 1071 1336)
3(1168 1336 1071)
3(1168 1071 1233)
3(676 674 1037)
3(676 1320 674)
3(676 1037 1320)
3(388 1280 476)
3(388 476 1167)
3(388 1167 1280)
3(1136 983 1170)
3(1093 983 1136)
3(998 1060 1160)
3(998 1282 1060)
3(1160 1060 1282)
3(312 81 1044)
3(312 1096 81)
3(1056 1066 1295)
3(1056 980 1066)
3(1056 1295 980)
3(777 978 1164)
3(777 1164 1283)
3(777 1283 978)
3(728 1278 1212)
3(728 1050 1278)
3(1050 1212 1278)
3(238 290 1174)
3(1050 348 1158)
3(1050 1158 1168)
3(1158 348 1168)
3(682 684 1103)
3(682 1103 1047)
3(684 1047 1103)
3(682 1047 684)
3(557 559 1104)
3(559 1046 1104)
3(557 1046 559)
3(1067 1121 1299)
3(1121 1012 1299)
3(1067 1299 1012)
3(1167 1141 1280)
3(1042 1280 1141)
3(762 1097 1106)
3(1097 1008 1106)
3(762 1106 1008)
3(83 311 1004)
3(365 363 1066)
3(365 1066 1193)
3(365 1193 363)
3(750 705 987)
3(750 244 705)
3(625 580 986)
3(245 580 625)
3(432 434 1105)
3(434 1044 1105)
3(432 1044 434)
3(616 615 989)
3(741 740 990)
3(614 611 1203)
3(614 1176 611)
3(611 1176 1203)
3(740 203 990)
3(740 1094 203)
3(184 989 615)
3(184 615 1095)
3(1044 1251 1326)
3(1044 1326 1096)
3(1251 1096 1326)
3(604 566 1152)
3(604 1152 999)
3(566 999 1152)
3(451 480 1114)
3(451 1009 480)
3(480 1009 1114)
3(1093 1056 1329)
3(979 1209 1083)
3(1123 1083 1209)
3(532 518 1264)
3(582 1264 518)
3(1019 1041 1077)
3(685 1117 686)
3(685 687 1117)
3(561 560 1116)
3(560 562 1116)
3(435 1115 436)
3(435 437 1115)
3(458 149 1029)
3(458 1157 149)
3(458 1029 1157)
3(368 1070 1200)
3(1070 1048 1200)
3(368 1200 1048)
3(792 828 1134)
3(792 1110 828)
3(1076 1238 1240)
3(1076 1240 1037)
3(1076 1037 1238)
3(356 1045 1075)
3(356 1327 1045)
3(1075 1045 1327)
3(948 985 933)
3(948 911 985)
3(911 933 985)
3(979 884 1253)
3(847 979 1253)
3(847 1253 884)
3(1058 1251 1326)
3(1044 1058 1326)
3(345 344 1065)
3(345 1204 344)
3(345 1065 1204)
3(256 247 1093)
3(257 256 1093)
3(528 989 615)
3(740 653 990)
3(534 1185 996)
3(534 1133 1185)
3(1133 996 1185)
3(1041 766 1118)
3(1118 766 1272)
3(1041 1118 1272)
3(99 1302 1013)
3(99 1013 1231)
3(72 1032 1057)
3(71 72 1057)
3(71 1032 72)
3(763 853 1054)
3(763 1255 853)
3(78 1027 1296)
3(333 1027 78)
3(333 78 1296)
3(766 1041 839)
3(291 260 1170)
3(259 1170 260)
3(357 1177 1047)
3(357 1075 1177)
3(1075 1047 1177)
3(54 1191 1001)
3(54 1059 1191)
3(1059 1001 1191)
3(841 1189 765)
3(841 765 1033)
3(248 246 1092)
3(249 248 1092)
3(472 508 981)
3(440 472 981)
3(440 981 508)
3(1035 1305 1053)
3(1235 1053 1305)
3(722 982 690)
3(758 690 982)
3(523 574 1112)
3(1069 1126 1300)
3(1005 1300 1126)
3(1005 1069 1300)
3(201 577 1221)
3(452 1222 182)
3(1087 1194 471)
3(1115 471 1194)
3(1087 471 1115)
3(1085 1195 721)
3(1117 721 1195)
3(1085 721 1117)
3(1086 1196 596)
3(1116 596 1196)
3(1086 596 1116)
3(828 1008 855)
3(855 1008 1134)
3(828 855 1134)
3(78 1027 1090)
3(1090 1027 1296)
3(78 1090 1296)
3(491 1087 1333)
3(491 988 1087)
3(491 1333 988)
3(1087 988 1333)
3(1062 330 1198)
3(1021 1062 1198)
3(1021 1198 330)
3(608 1206 519)
3(608 519 1176)
3(90 998 1265)
3(998 1160 1265)
3(90 1265 1160)
3(302 1268 994)
3(748 282 1100)
3(705 282 748)
3(705 748 1100)
3(320 998 90)
3(320 90 1209)
3(320 1209 998)
3(324 70 1209)
3(324 979 70)
3(324 1209 979)
3(834 1318 984)
3(834 1091 1318)
3(1091 984 1318)
3(1081 1226 1247)
3(1081 1007 1226)
3(1080 582 1257)
3(610 1257 582)
3(118 1075 357)
3(581 1111 579)
3(794 1030 826)
3(796 826 1030)
3(794 796 1030)
3(712 1284 1065)
3(712 1113 1284)
3(1113 1065 1284)
3(760 985 1263)
3(760 877 985)
3(985 877 1263)
3(760 1263 877)
3(459 977 1291)
3(401 977 459)
3(401 459 1291)
3(973 710 1165)
3(973 1244 710)
3(973 1165 1244)
3(1165 710 1244)
3(91 90 998)
3(91 998 1265)
3(91 1265 90)
3(1069 1038 1205)
3(375 1069 1205)
3(375 1205 1038)
3(1033 1058 1189)
3(1033 1090 1058)
3(324 71 1209)
3(847 856 1057)
3(101 102 1019)
3(1019 102 1260)
3(101 1260 102)
3(356 1045 1177)
3(356 1177 1075)
3(1045 1075 1177)
3(879 884 979)
3(879 979 815)
3(1051 377 1067)
3(1067 377 1153)
3(1051 1153 377)
3(1051 1067 1153)
3(428 1121 1298)
3(428 1298 429)
3(1121 429 1298)
3(857 828 1097)
3(857 1097 762)
3(1007 1158 1226)
3(354 1007 1226)
3(354 1158 1007)
3(583 521 1266)
3(583 1056 521)
3(521 1056 1266)
3(1016 1286 1026)
3(1016 1213 1286)
3(1213 1026 1286)
3(994 1229 409)
3(994 409 1131)
3(1131 409 1229)
3(994 1131 1229)
3(1125 985 1263)
3(760 985 1125)
3(320 998 91)
3(727 1034 1237)
3(729 1034 727)
3(729 727 1237)
3(98 333 1026)
3(333 97 1026)
3(172 1152 1064)
3(1064 1152 1243)
3(172 1243 1152)
3(103 974 1214)
3(103 349 974)
3(974 349 1214)
3(103 1214 349)
3(162 1189 163)
3(162 163 1326)
3(162 1326 1189)
3(1078 1022 1156)
3(1078 1212 1022)
3(1078 1156 1212)
3(356 1231 1045)
3(356 1045 353)
3(356 353 1231)
3(433 1044 1349)
3(1044 432 1349)
3(433 1349 432)
3(1141 1005 1279)
3(1279 1005 1293)
3(1141 1279 1293)
3(1021 1225 1228)
3(1021 1198 1225)
3(1021 1228 1198)
3(118 1075 117)
3(118 356 1075)
3(869 881 1028)
3(869 1145 881)
3(869 1028 1145)
3(1136 1170 1322)
3(1170 49 1322)
3(1136 1322 49)
3(1016 98 1231)
3(1016 1231 1213)
3(98 1213 1231)
3(198 1142 593)
3(198 593 1246)
3(198 1246 1142)
3(990 1315 1003)
3(989 1314 1002)
3(784 788 1083)
3(784 1083 860)
3(364 1155 996)
3(364 996 1270)
3(685 1103 1117)
3(696 685 1117)
3(560 1104 1116)
3(560 1116 571)
3(560 571 1104)
3(435 1105 1115)
3(446 435 1115)
3(446 1105 435)
3(826 1199 1292)
3(1199 1071 1292)
3(826 1292 1071)
3(558 1046 1325)
3(557 1325 1046)
3(557 558 1325)
3(1063 992 1131)
3(1063 1181 992)
3(1038 1205 1206)
3(1205 1069 1206)
3(720 1081 215)
3(720 215 1233)
3(824 842 1102)
3(1113 656 1324)
3(993 1324 656)
3(993 1113 1324)
3(550 1038 1328)
3(549 1328 1038)
3(549 550 1328)
3(1059 174 1273)
3(173 1059 1273)
3(173 174 1059)
3(173 1273 174)
3(78 1090 1235)
3(1090 1053 1235)
3(734 1127 665)
3(1051 1067 1202)
3(1051 1202 1203)
3(1202 1067 1203)
3(354 355 1037)
3(1037 355 1226)
3(354 1226 355)
3(485 409 994)
3(485 1229 409)
3(485 994 1229)
3(372 1303 1018)
3(1241 1018 1303)
3(372 1241 1303)
3(979 879 1253)
3(884 1253 879)
3(537 1185 996)
3(537 534 1185)
3(554 555 1325)
3(554 1325 1112)
3(481 414 1128)
3(481 1341 414)
3(1128 414 1341)
3(532 518 997)
3(368 1070 56)
3(368 56 1200)
3(56 1070 1200)
3(554 1051 1339)
3(1051 553 1339)
3(554 1339 553)
3(1102 1033 1213)
3(1025 1213 1033)
3(1054 334 1289)
3(1006 1289 334)
3(1006 1054 1289)
3(1030 826 1292)
3(794 1030 1292)
3(794 1292 826)
3(347 105 973)
3(347 1323 105)
3(347 973 1323)
3(973 105 1323)
3(558 1325 1104)
3(1175 1104 1325)
3(558 1104 1175)
3(558 1175 1325)
3(771 840 1025)
3(771 1272 840)
3(82 1198 1096)
3(82 83 1198)
3(222 775 1077)
3(869 1077 775)
3(426 1306 427)
3(426 427 1126)
3(978 1164 1337)
3(777 1337 1164)
3(777 978 1337)
3(842 840 1025)
3(1054 1006 1135)
3(908 1150 906)
3(908 912 1150)
3(912 906 1150)
3(920 914 1148)
3(916 920 1148)
3(916 1148 914)
3(928 922 1149)
3(928 1149 924)
3(922 924 1149)
3(712 1065 661)
3(712 661 1316)
3(633 1140 597)
3(651 973 710)
3(651 710 1165)
3(1077 1346 1021)
3(1192 1021 1346)
3(1077 1021 1192)
3(1027 1090 1235)
3(78 1027 1235)
3(682 1274 1103)
3(682 684 1274)
3(684 1103 1274)
3(603 1162 1048)
3(603 1048 1232)
3(515 1219 1203)
3(515 1203 1067)
3(515 1067 1219)
3(766 220 1041)
3(766 1118 220)
3(186 187 1165)
3(186 1304 187)
3(981 472 1234)
3(508 981 1234)
3(508 1234 472)
3(515 614 1203)
3(515 1219 614)
3(1040 1298 428)
3(1040 1121 1298)
3(881 1125 869)
3(1028 869 1125)
3(199 1332 1075)
3(199 1075 1246)
3(199 1246 1332)
3(1246 1075 1332)
3(375 1202 1069)
3(1166 1069 1202)
3(375 1166 1202)
3(527 986 1304)
3(527 186 986)
3(527 1304 186)
3(1062 985 1079)
3(1079 985 1207)
3(661 712 1284)
3(1225 1062 1312)
3(985 1062 1225)
3(985 1225 1312)
3(816 789 1049)
3(816 1123 789)
3(766 827 1041)
3(983 1322 1136)
3(983 1170 1322)
3(119 1047 352)
3(119 1242 1047)
3(119 352 1242)
3(352 1047 1242)
3(1104 1046 1325)
3(998 1265 1275)
3(91 998 1275)
3(91 1275 1265)
3(1050 348 1074)
3(1074 348 1158)
3(1050 1074 1158)
3(1032 1089 1208)
3(472 1032 1208)
3(472 1089 1032)
3(375 59 1069)
3(1069 59 1202)
3(375 1202 59)
3(433 434 1105)
3(578 1156 1159)
3(540 1156 578)
3(540 578 1159)
3(685 1103 686)
3(561 560 1104)
3(1035 1279 1005)
3(1035 1005 1126)
3(1062 865 1079)
3(1062 1079 1225)
3(1079 865 1225)
3(1062 1225 865)
3(682 1274 1047)
3(1103 1047 1274)
3(846 985 877)
3(846 1225 985)
3(846 877 1225)
3(877 985 1225)
3(1106 1224 1248)
3(1106 1023 1224)
3(1224 1023 1248)
3(1106 1248 1023)
3(310 1252 1216)
3(310 1216 976)
3(310 976 1252)
3(1215 369 1249)
3(975 369 1215)
3(975 1249 369)
3(408 462 1063)
3(408 1181 462)
3(435 1105 436)
3(1074 1212 1050)
3(1074 1187 1212)
3(1074 1050 1187)
3(377 1067 1202)
3(377 1202 1051)
3(558 559 1104)
3(1250 323 1282)
3(991 1250 1282)
3(991 323 1250)
3(826 1071 770)
3(849 770 1071)
3(1015 578 1156)
3(1015 1156 1159)
3(1015 1159 578)
3(656 1324 655)
3(656 655 1113)
3(291 1170 1129)
3(983 1129 1170)
3(980 1295 1064)
3(980 1223 1295)
3(980 1064 1223)
3(835 778 984)
3(835 984 1318)
3(835 1318 778)
3(103 1214 1147)
3(103 1028 1214)
3(1028 1147 1214)
3(103 1147 1028)
3(750 1164 205)
3(264 205 1164)
3(750 205 264)
3(1011 1072 1178)
3(1011 1220 1072)
3(58 375 1069)
3(58 1205 375)
3(58 1069 1205)
3(625 1165 186)
3(272 186 1165)
3(625 186 272)
3(1035 1279 1141)
3(551 549 1176)
3(549 1038 1176)
3(818 763 1054)
3(818 1319 763)
3(818 1054 1319)
3(310 65 1216)
3(310 1252 65)
3(122 1215 369)
3(122 369 1249)
3(368 1070 1205)
3(368 57 1070)
3(1070 57 1205)
3(368 1205 57)
3(764 215 1081)
3(1010 1251 1033)
3(1010 1033 1088)
3(1010 1088 1251)
3(1161 1070 1205)
3(368 1161 1205)
3(908 1277 906)
3(908 1150 1277)
3(1150 906 1277)
3(826 1199 1030)
3(1030 1199 1292)
3(430 428 1298)
3(430 1298 429)
3(581 623 1099)
3(760 846 985)
3(1030 796 1199)
3(826 1199 796)
3(1021 1077 1260)
3(1260 1077 1346)
3(1021 1260 1346)
3(424 1035 1306)
3(1035 1126 1306)
3(323 324 979)
3(323 979 70)
3(656 643 993)
3(657 993 643)
3(406 393 992)
3(393 407 992)
3(764 1026 843)
3(844 843 1026)
3(996 538 1185)
3(537 1185 538)
3(308 75 1042)
3(308 1042 1141)
3(308 1141 75)
3(75 306 1042)
3(75 1143 306)
3(1249 1002 1314)
3(370 1314 1002)
3(370 1249 1314)
3(607 1257 578)
3(607 578 1015)
3(607 1015 1257)
3(1015 578 1257)
3(288 1100 282)
3(288 244 1100)
3(713 758 1316)
3(827 221 1077)
3(764 1286 843)
3(1037 1226 1007)
3(1037 1007 1158)
3(440 1208 981)
3(440 472 1208)
3(414 1128 1208)
3(414 1208 481)
3(413 994 409)
3(409 994 1208)
3(413 1208 994)
3(413 409 1208)
3(349 1147 974)
3(974 1147 1315)
3(349 1315 1147)
3(349 974 1315)
3(413 994 1243)
3(413 485 994)
3(413 1243 485)
3(994 485 1243)
3(357 1047 352)
3(868 1010 814)
3(868 814 1228)
3(348 1074 1211)
3(348 1211 1050)
3(1074 1050 1211)
3(253 240 1291)
3(250 253 1291)
3(795 796 1199)
3(795 1030 796)
3(77 314 1035)
3(77 1141 314)
3(690 1210 982)
3(690 722 1210)
3(608 600 1206)
3(608 1162 600)
3(600 1162 1206)
3(413 1128 1243)
3(413 994 1128)
3(1128 994 1243)
3(1133 565 1301)
3(535 565 1133)
3(535 1301 565)
3(535 1133 1301)
3(876 984 778)
3(876 778 1092)
3(659 663 995)
3(659 995 1210)
3(995 663 1210)
3(659 1210 663)
3(211 1106 1097)
3(211 1097 732)
3(211 732 1106)
3(119 1242 1073)
3(1252 1004 1313)
3(309 1313 1004)
3(309 1252 1313)
3(744 1221 743)
3(618 619 1222)
3(328 1054 334)
3(328 1289 1054)
3(328 334 1289)
3(668 1330 666)
3(668 1034 1330)
3(668 666 1034)
3(316 1044 312)
3(565 633 1301)
3(629 565 1301)
3(629 1301 633)
3(1108 1038 1328)
3(550 1108 1328)
3(881 779 1125)
3(779 904 1125)
3(881 904 779)
3(799 858 1027)
3(858 801 1027)
3(565 980 1301)
3(678 1120 1320)
3(1120 1045 1320)
3(678 1320 1045)
3(1101 1049 1267)
3(607 192 1237)
3(252 1169 289)
3(252 251 1169)
3(1079 1207 1277)
3(1079 1277 988)
3(1282 1250 1335)
3(323 1335 1250)
3(323 1282 1335)
3(985 933 1146)
3(948 985 1146)
3(948 1146 933)
3(922 1149 1215)
3(928 1215 1149)
3(928 922 1215)
3(914 1148 1216)
3(920 1216 1148)
3(920 914 1216)
3(670 1119 1330)
3(1119 1050 1330)
3(670 1330 1050)
3(670 1050 1119)
3(659 735 995)
3(308 306 1042)
3(405 169 1290)
3(1049 1267 322)
3(1024 593 1339)
3(594 1339 593)
3(594 1024 1339)
3(103 974 1147)
3(1147 974 1214)
3(988 1313 1062)
3(988 84 1313)
3(317 313 1040)
3(1122 1009 1293)
3(1070 1293 1009)
3(333 1026 1213)
3(333 1213 98)
3(1087 445 1333)
3(1004 445 1087)
3(1004 1333 445)
3(1004 1087 1333)
3(307 1170 49)
3(307 1322 1170)
3(307 49 1322)
3(671 1119 1330)
3(671 1330 670)
3(671 670 1119)
3(1003 1221 740)
3(1094 740 1221)
3(615 1002 1222)
3(615 1222 1095)
3(564 617 1220)
3(564 1219 617)
3(617 1219 1220)
3(1042 1114 1143)
3(1114 1009 1143)
3(1042 1009 1114)
3(1058 1090 1251)
3(1090 80 1251)
3(1114 1348 1042)
3(1114 1143 1348)
3(1143 1042 1348)
3(433 1105 1349)
3(1105 1044 1349)
3(392 1004 1096)
3(392 1188 1004)
3(392 1096 1188)
3(1112 1051 1339)
3(554 1112 1339)
3(998 91 1230)
3(320 998 1230)
3(320 1230 91)
3(1025 1302 1272)
3(1025 1041 1302)
3(1041 1272 1302)
3(1130 289 1169)
3(984 1130 1169)
3(588 633 1301)
3(588 1301 521)
3(935 931 1342)
3(949 935 1342)
3(949 1342 931)
3(1175 1046 1325)
3(1104 1046 1175)
3(1097 998 1265)
3(1097 1265 1275)
3(1097 1275 998)
3(290 275 1099)
3(537 1133 1185)
3(537 534 1133)
3(581 623 1174)
3(581 1174 1099)
3(553 1051 1219)
3(555 553 1219)
3(262 295 1269)
3(262 1294 295)
3(1269 295 1294)
3(262 1269 1294)
3(1062 1021 1225)
3(1225 1021 1312)
3(1037 676 1238)
3(674 1238 676)
3(674 1037 1238)
3(791 790 1110)
3(790 789 1110)
3(915 1344 919)
3(950 919 1344)
3(915 950 1344)
3(927 923 1345)
3(927 1345 951)
3(923 951 1345)
3(258 295 1269)
3(262 258 1269)
3(664 731 1127)
3(664 1127 1210)
3(664 1210 731)
3(315 314 1035)
3(641 714 1118)
3(641 1274 714)
3(641 1118 1274)
3(1063 1262 981)
3(1063 981 1131)
3(1063 1131 1262)
3(1131 981 1262)
3(328 1054 1098)
3(328 1098 334)
3(1054 334 1098)
3(1009 1191 1114)
3(1143 1114 1191)
3(484 1338 482)
3(484 482 1001)
3(484 1001 1338)
3(1001 482 1338)
3(150 1029 458)
3(150 149 1029)
3(196 644 1076)
3(197 1076 644)
3(402 983 1093)
3(500 983 402)
3(500 402 1093)
3(526 972 626)
3(526 626 1093)
3(1042 308 1293)
3(306 1293 308)
3(980 565 1185)
3(597 1185 565)
3(1143 73 1281)
3(1061 1143 1281)
3(1061 1281 73)
3(750 987 205)
3(307 977 1322)
3(68 307 1322)
3(1054 1030 1098)
3(1098 1030 1255)
3(1295 1056 1329)
3(1066 1329 1056)
3(748 237 1100)
3(237 282 1100)
3(748 282 237)
3(625 986 186)
3(363 997 107)
3(107 997 1201)
3(363 1201 997)
3(363 107 1201)
3(1041 1077 1260)
3(1077 1019 1260)
3(907 1277 1079)
3(907 1079 1207)
3(645 1078 192)
3(645 193 1078)
3(302 1262 51)
3(119 1303 1014)
3(1073 1014 1303)
3(119 1073 1303)
3(1034 1078 1237)
3(1237 1078 1278)
3(1034 1278 1078)
3(610 538 996)
3(679 1120 1320)
3(679 1320 678)
3(1011 1299 1067)
3(1011 1121 1299)
3(999 1223 1268)
3(53 1268 1223)
3(53 1223 999)
3(304 1136 1295)
3(304 1295 992)
3(1136 992 1295)
3(1019 1103 1180)
3(1180 1103 1274)
3(195 1074 638)
3(194 638 1074)
3(1082 1213 1231)
3(620 975 1138)
3(975 1094 1138)
3(620 1138 1094)
3(620 1094 975)
3(495 976 1139)
3(976 1095 1139)
3(495 1139 1095)
3(495 1095 976)
3(690 758 1316)
3(754 690 1316)
3(754 1316 758)
3(195 595 1240)
3(92 1000 91)
3(91 1000 1275)
3(92 1275 1000)
3(92 91 1275)
3(1192 812 1346)
3(1021 812 1192)
3(1021 1346 812)
3(1058 1251 1033)
3(1189 1033 1251)
3(1058 1189 1251)
3(154 1061 155)
3(154 1348 1061)
3(154 155 1348)
3(1007 1006 1233)
3(1007 1233 1168)
3(1006 1168 1233)
3(1036 1319 1054)
3(1036 1054 1098)
3(814 807 1228)
3(807 1088 1228)
3(814 1088 807)
3(879 979 1271)
3(879 1271 815)
3(1154 513 1162)
3(1070 513 1154)
3(1070 1162 513)
3(1282 991 1335)
3(1250 1335 991)
3(393 1181 406)
3(68 67 1287)
3(68 1169 67)
3(67 1169 1287)
3(75 1043 1101)
3(74 1043 75)
3(74 75 1101)
3(674 1124 1309)
3(674 1309 1037)
3(1124 1037 1309)
3(690 982 1316)
3(872 1010 868)
3(872 868 1188)
3(1093 972 1329)
3(1056 1329 972)
3(985 1263 948)
3(985 948 1125)
3(545 1162 547)
3(545 1048 1162)
3(545 547 1048)
3(1048 547 1162)
3(266 1144 292)
3(228 292 1144)
3(211 762 1097)
3(211 1106 762)
3(847 1089 1253)
3(1089 979 1253)
3(324 979 1282)
3(324 1282 323)
3(973 347 1184)
3(105 1184 347)
3(105 973 1184)
3(1008 1106 1224)
3(1008 1224 1248)
3(1008 1248 1106)
3(348 1074 1239)
3(114 1074 348)
3(114 1239 1074)
3(114 348 1239)
3(1078 341 1182)
3(1034 341 1078)
3(1034 1182 341)
3(1034 1078 1182)
3(1122 420 1279)
3(1042 1279 420)
3(1042 1122 1279)
3(149 1318 1029)
3(1092 1029 1318)
3(149 1092 1318)
3(99 337 1025)
3(99 1213 337)
3(1025 337 1213)
3(846 985 1125)
3(846 1125 760)
3(1054 1098 1289)
3(1098 328 1289)
3(768 820 1188)
3(868 768 1188)
3(868 1188 820)
3(419 480 1114)
3(1034 343 1248)
3(1034 1248 1334)
3(1248 343 1334)
3(1034 1334 343)
3(107 1193 997)
3(107 363 1193)
3(975 990 1094)
3(975 1094 1249)
3(213 1233 1336)
3(647 1233 213)
3(647 213 1336)
3(676 1320 675)
3(325 1254 1250)
3(325 327 1254)
3(325 1250 327)
3(940 760 1125)
3(896 940 1125)
3(896 760 940)
3(528 989 616)
3(741 653 990)
3(976 989 1095)
3(976 1095 1252)
3(533 536 1301)
3(587 1301 536)
3(551 1339 550)
3(1108 550 1339)
3(983 1093 1290)
3(402 1290 1093)
3(402 983 1290)
3(981 1163 1262)
3(981 1063 1163)
3(672 670 1187)
3(670 1050 1187)
3(672 1050 670)
3(672 1187 1050)
3(977 1029 1157)
3(977 1157 1163)
3(1157 1029 1163)
3(879 1253 1271)
3(979 1271 1253)
3(80 81 1251)
3(303 54 1001)
3(303 1001 53)
3(1224 1106 1336)
3(1023 1224 1336)
3(1023 1336 1106)
3(343 92 1000)
3(91 343 1000)
3(1201 982 1264)
3(1055 1201 1264)
3(603 1154 513)
3(603 513 1162)
3(70 981 1163)
3(70 304 981)
3(981 304 1163)
3(70 1163 304)
3(323 1197 70)
3(81 82 1010)
3(81 1010 1096)
3(1010 82 1096)
3(81 1096 82)
3(1225 811 1228)
3(820 1228 811)
3(820 811 1225)
3(820 1225 1228)
3(291 1170 1137)
3(1129 1137 1170)
3(291 1137 1129)
3(72 1032 1267)
3(72 1267 1057)
3(1032 1057 1267)
3(792 790 1110)
3(349 1147 103)
3(440 1340 508)
3(440 981 1340)
3(981 508 1340)
3(593 1339 574)
3(1024 574 1339)
3(1071 1030 1199)
3(1071 1292 1030)
3(609 607 1257)
3(609 1257 578)
3(1048 1161 1328)
3(1048 1109 1161)
3(1161 1109 1328)
3(1048 1328 1109)
3(1054 1319 1027)
3(658 661 1316)
3(911 1263 948)
3(911 985 1263)
3(1201 1080 1264)
3(1025 1272 1013)
3(95 1289 1006)
3(1168 1006 1289)
3(95 1168 1289)
3(473 480 1009)
3(1009 480 1273)
3(473 1009 1273)
3(473 1273 480)
3(221 650 1258)
3(1012 1300 1069)
3(1012 1126 1300)
3(91 1230 1275)
3(1230 998 1275)
3(867 1189 814)
3(867 814 1010)
3(867 1010 1189)
3(1163 70 1197)
3(981 1163 1197)
3(605 576 1022)
3(605 1022 1259)
3(1022 576 1259)
3(605 1259 576)
3(578 542 1156)
3(1015 1078 1156)
3(1015 1237 1078)
3(829 831 1337)
3(831 1151 1337)
3(829 1151 831)
3(829 1337 1151)
3(575 599 1017)
3(683 684 1274)
3(682 683 1274)
3(1117 1147 1315)
3(1117 1315 974)
3(1117 974 1147)
3(698 717 1013)
3(715 698 1013)
3(573 592 1014)
3(590 1014 592)
3(590 573 1014)
3(846 1225 1192)
3(846 1192 985)
3(985 1192 1225)
3(780 1068 1283)
3(206 780 1283)
3(206 1068 780)
3(206 1283 1068)
3(797 1199 799)
3(797 799 1054)
3(377 1218 1067)
3(1153 1067 1218)
3(377 1153 1218)
3(421 420 1279)
3(421 1279 1122)
3(256 500 1093)
3(247 500 256)
3(1049 1123 1230)
3(1057 1049 1230)
3(1057 1230 1123)
3(248 876 1092)
3(246 876 248)
3(314 58 1005)
3(57 1005 58)
3(57 314 1005)
3(348 1074 113)
3(348 113 1211)
3(113 1074 1211)
3(1119 1050 1168)
3(1023 1050 1119)
3(92 93 1008)
3(322 92 1008)
3(322 1008 93)
3(448 467 1011)
3(448 1011 465)
3(872 162 1189)
3(334 95 1006)
3(96 334 1006)
3(354 96 1007)
3(354 1007 95)
3(797 796 1199)
3(825 844 1135)
3(332 81 1010)
3(1010 81 1251)
3(332 1251 81)
3(332 1010 1251)
3(461 459 977)
3(461 977 1291)
3(461 1291 459)
3(605 598 1022)
3(701 1023 723)
3(730 723 1023)
3(1151 1091 1254)
3(991 1091 1151)
3(930 1028 1214)
3(1028 1146 1214)
3(930 1146 1028)
3(546 547 1328)
3(546 1328 1109)
3(546 1109 547)
3(547 1109 1328)
3(974 1145 1214)
3(931 1214 1145)
3(931 974 1214)
3(837 783 991)
3(781 837 991)
3(1288 87 1310)
3(347 1310 87)
3(347 1288 1310)
3(347 87 1288)
3(1185 565 1301)
3(1133 1185 1301)
3(1133 565 1185)
3(393 992 1229)
3(393 1229 1140)
3(992 1140 1229)
3(48 1269 49)
3(48 49 1170)
3(48 1170 1269)
3(767 780 1068)
3(767 1283 780)
3(972 1329 1269)
3(972 1269 1093)
3(56 1009 306)
3(55 306 1009)
3(56 55 1009)
3(453 1338 482)
3(453 484 1338)
3(501 1092 1291)
3(240 501 1291)
3(240 1092 501)
3(1120 1274 1177)
3(1256 1177 1274)
3(1120 1177 1256)
3(599 1017 1328)
3(575 1328 1017)
3(575 599 1328)
3(88 1250 323)
3(88 323 1335)
3(88 1335 1250)
3(363 51 980)
3(980 51 1270)
3(363 1270 51)
3(855 762 1008)
3(459 977 1157)
3(461 459 1157)
3(980 1301 1185)
3(590 1014 1175)
3(590 1175 1332)
3(1175 1014 1332)
3(590 1332 1014)
3(526 584 972)
3(972 584 1266)
3(526 1266 584)
3(1154 1048 1200)
3(1070 1154 1200)
3(981 1089 1234)
3(1089 472 1234)
3(991 979 1271)
3(979 1091 1271)
3(991 1271 1091)
3(459 401 1157)
3(1055 1323 1284)
3(973 1284 1323)
3(158 1305 1036)
3(158 1036 1319)
3(1036 1305 1319)
3(1158 1074 1239)
3(348 1158 1239)
3(1002 1314 1116)
3(1249 1116 1314)
3(708 1055 646)
3(717 1274 1013)
3(717 1120 1274)
3(1120 1013 1274)
3(87 987 1288)
3(1288 987 1310)
3(87 1310 987)
3(644 1076 1240)
3(644 1240 196)
3(51 980 1295)
3(51 1295 363)
3(594 1339 574)
3(1178 1105 1349)
3(433 1105 1178)
3(433 1178 1349)
3(86 1144 327)
3(86 978 1144)
3(51 364 980)
3(980 364 1270)
3(51 1270 364)
3(527 1111 1304)
3(1111 986 1304)
3(511 1064 999)
3(511 1185 1064)
3(511 999 1185)
3(999 1064 1185)
3(93 1008 1248)
3(92 1248 1008)
3(92 93 1248)
3(566 541 1159)
3(566 1159 999)
3(59 313 1012)
3(313 60 1012)
3(59 1012 60)
3(659 1245 995)
3(659 735 1245)
3(332 82 1010)
3(61 316 1011)
3(61 1011 62)
3(316 62 1011)
3(637 703 1106)
3(732 637 1106)
3(981 70 1262)
3(304 981 1262)
3(304 1262 70)
3(361 996 364)
3(361 364 1155)
3(442 1042 1114)
3(442 1114 1348)
3(442 1348 1042)
3(401 458 1157)
3(377 61 1067)
3(1067 61 1218)
3(377 1218 61)
3(1078 112 1182)
3(341 112 1078)
3(341 1182 112)
3(1144 289 1169)
3(1130 1144 1169)
3(1130 289 1144)
3(231 293 1184)
3(1001 484 1243)
3(482 1001 1243)
3(482 1243 484)
3(100 1013 357)
3(100 99 1013)
3(99 357 1013)
3(118 376 1014)
3(376 119 1014)
3(592 1014 1325)
3(1014 573 1325)
3(592 1325 573)
3(1266 1227 1301)
3(622 1301 1227)
3(622 1227 1266)
3(622 1266 1301)
3(798 797 1199)
3(1074 1109 1343)
3(1109 1022 1343)
3(1074 1343 1022)
3(493 1096 392)
3(493 392 1004)
3(691 1237 727)
3(691 727 1034)
3(991 325 1250)
3(323 1250 325)
3(869 779 1125)
3(268 267 1310)
3(288 1310 267)
3(288 268 1310)
3(106 1347 1311)
3(106 986 1347)
3(986 1311 1347)
3(106 1311 986)
3(198 1142 197)
3(212 1336 762)
3(212 762 1106)
3(212 1106 1336)
3(1106 762 1336)
3(353 1016 97)
3(353 98 1016)
3(312 82 1096)
3(344 108 982)
3(982 108 1276)
3(344 1276 108)
3(621 632 1172)
3(621 1172 528)
3(757 1173 746)
3(653 746 1173)
3(75 1098 1101)
3(1098 1043 1101)
3(108 1201 344)
3(1137 260 1170)
3(291 260 1137)
3(341 1034 343)
3(341 1248 1034)
3(341 343 1248)
3(108 1276 342)
3(698 717 1274)
3(698 1274 1013)
3(363 1329 365)
3(1066 365 1329)
3(377 1067 60)
3(377 60 1202)
3(60 1067 1202)
3(302 70 1262)
3(1004 1313 1115)
3(1252 1115 1313)
3(643 993 1324)
3(643 1324 656)
3(1016 1213 1082)
3(1082 1213 1286)
3(56 1009 1293)
3(306 56 1293)
3(1213 1102 1296)
3(1033 1296 1102)
3(893 1171 385)
3(937 385 1171)
3(893 937 1171)
3(893 385 937)
3(635 895 1173)
3(939 635 1173)
3(939 1173 895)
3(939 895 635)
3(510 894 1172)
3(510 1172 938)
3(894 938 1172)
3(510 938 894)
3(342 995 1265)
3(342 1265 340)
3(995 340 1265)
3(106 367 1311)
3(1311 367 1347)
3(106 1347 367)
3(121 1018 372)
3(120 372 1018)
3(101 351 1019)
3(351 102 1019)
3(64 1020 311)
3(63 311 1020)
3(473 175 1154)
3(675 1124 1309)
3(675 1309 674)
3(341 1078 1236)
3(341 1236 1034)
3(1078 1034 1236)
3(467 1011 1349)
3(448 1349 1011)
3(448 467 1349)
3(1083 784 1123)
3(788 1123 784)
3(344 1335 993)
3(344 1204 1335)
3(1204 993 1335)
3(1033 1090 1251)
3(117 1075 1190)
3(117 1190 1327)
3(1190 1075 1327)
3(595 196 1240)
3(111 341 1078)
3(111 1236 341)
3(111 1078 1236)
3(846 1225 813)
3(846 812 1225)
3(812 813 1225)
3(508 504 1340)
3(440 1340 504)
3(849 825 1006)
3(700 724 1007)
3(801 803 1261)
3(802 1261 803)
3(428 426 1306)
3(577 1094 1221)
3(452 1095 1222)
3(458 1234 1029)
3(150 1029 1234)
3(458 150 1234)
3(94 346 1023)
3(94 1168 346)
3(94 1023 1168)
3(808 823 1346)
3(808 1088 823)
3(808 1346 1088)
3(366 112 1022)
3(1022 112 1317)
3(366 1317 112)
3(311 64 1252)
3(721 697 1117)
3(721 1117 753)
3(697 753 1117)
3(572 1116 596)
3(628 596 1116)
3(572 628 1116)
3(471 447 1115)
3(503 471 1115)
3(503 1115 447)
3(355 1076 1037)
3(355 1186 1076)
3(355 1037 1186)
3(1037 1076 1186)
3(407 992 1229)
3(393 407 1229)
3(303 1191 1001)
3(303 54 1191)
3(818 853 1054)
3(121 1249 372)
3(76 1036 1141)
3(76 1141 77)
3(355 1076 1239)
3(1076 1037 1239)
3(355 1239 1037)
3(1001 1059 1152)
3(1152 1059 1285)
3(1224 1008 1336)
3(1106 1336 1008)
3(1009 1191 55)
3(55 1191 1200)
3(1009 55 1200)
3(1009 1200 1191)
3(63 1308 1020)
3(63 311 1308)
3(55 1200 1285)
3(362 1200 55)
3(362 55 1285)
3(1018 120 1303)
3(372 1303 120)
3(794 795 1030)
3(1014 592 1246)
3(590 1014 1246)
3(590 1246 592)
3(302 1268 300)
3(994 300 1268)
3(583 588 1266)
3(588 521 1266)
3(603 601 1154)
3(603 1232 601)
3(1154 601 1232)
3(357 1180 1013)
3(100 1013 1180)
3(357 100 1180)
3(883 1189 765)
3(883 841 1189)
3(993 643 1245)
3(657 993 1245)
3(657 1245 643)
3(619 1072 181)
3(619 182 1072)
3(304 1136 50)
3(50 1136 1295)
3(304 50 1295)
3(910 882 1079)
3(897 1079 882)
3(897 910 1079)
3(897 882 910)
3(710 709 973)
3(817 1255 854)
3(669 1330 1119)
3(669 1119 701)
3(794 1134 1030)
3(794 795 1134)
3(795 1134 817)
3(795 793 1134)
3(110 360 1015)
3(111 1015 360)
3(111 110 1015)
3(990 1215 922)
3(990 1149 1215)
3(990 922 1149)
3(989 1216 914)
3(989 1148 1216)
3(989 914 1148)
3(578 1156 607)
3(1238 1037 1320)
3(676 1238 1320)
3(484 1128 1001)
3(484 1243 1128)
3(1001 1128 1243)
3(1176 1202 1203)
3(1051 1202 1176)
3(1046 1218 1220)
3(1046 1072 1218)
3(1218 1072 1220)
3(1046 1220 1072)
3(668 1330 667)
3(773 154 1061)
3(1010 1096 1251)
3(806 804 1102)
3(805 1102 804)
3(1284 1065 1323)
3(118 1075 1190)
3(118 1190 117)
3(1131 1063 1340)
3(981 1131 1340)
3(981 1340 1063)
3(360 1155 110)
3(1015 110 1155)
3(107 1193 1201)
3(1193 997 1201)
3(980 1301 1133)
3(980 1133 1185)
3(337 1302 99)
3(351 1019 1180)
3(101 351 1180)
3(1114 480 1273)
3(1009 1114 1273)
3(991 1271 837)
3(1151 837 1271)
3(991 837 1151)
3(991 1151 1271)
3(1162 1205 1206)
3(1038 1205 1162)
3(982 1065 1316)
3(122 990 123)
3(122 123 1215)
3(123 990 1215)
3(65 989 66)
3(65 66 1216)
3(66 989 1216)
3(306 1191 55)
3(1159 538 1185)
3(996 538 1159)
3(996 1159 1185)
3(644 1238 1076)
3(644 197 1238)
3(75 74 1143)
3(411 1063 1131)
3(411 408 1063)
3(411 1131 408)
3(733 725 1240)
3(733 1187 725)
3(725 1187 1240)
3(1022 605 1156)
3(598 1156 605)
3(114 374 1017)
3(114 1017 115)
3(102 1260 1147)
3(1019 1147 1260)
3(102 1147 1019)
3(442 420 1114)
3(442 1042 420)
3(513 176 1070)
3(513 1070 175)
3(1029 150 1318)
3(149 1318 150)
3(825 1006 1199)
3(825 1199 849)
3(1272 1013 1302)
3(553 1176 1339)
3(553 551 1176)
3(553 1339 551)
3(342 995 1160)
3(342 1160 1265)
3(1160 995 1265)
3(813 877 1225)
3(980 1066 1301)
3(1066 1056 1301)
3(364 980 1223)
3(980 51 1223)
3(364 1223 51)
3(857 1097 859)
3(857 769 1097)
3(366 113 1022)
3(113 112 1022)
3(93 1023 94)
3(93 346 1023)
3(933 985 1207)
3(911 1207 985)
3(1192 812 1225)
3(846 812 1192)
3(93 1023 1224)
3(94 1224 1023)
3(94 93 1224)
3(505 459 1157)
3(448 1011 1178)
3(448 1178 465)
3(526 585 972)
3(585 584 972)
3(364 1270 1223)
3(980 1223 1270)
3(573 1014 1175)
3(590 573 1175)
3(1064 1140 1295)
3(1140 980 1295)
3(865 1079 1333)
3(1079 1062 1333)
3(865 1333 1062)
3(757 204 1138)
3(204 653 1138)
3(632 185 1139)
3(185 528 1139)
3(1313 1062 1333)
3(988 1333 1062)
3(988 1313 1333)
3(979 1271 1282)
3(991 1282 1271)
3(1084 998 1160)
3(1084 1265 998)
3(1084 1160 1265)
3(455 983 402)
3(999 1268 1064)
3(999 1064 1152)
3(1152 1064 1268)
3(1265 1000 1275)
3(91 1000 1265)
3(479 1114 1348)
3(1114 418 1348)
3(479 1348 418)
3(479 418 1114)
3(491 445 1333)
3(491 1087 445)
3(742 1075 1332)
3(742 1256 1075)
3(854 852 1049)
3(645 1078 1237)
3(192 645 1237)
3(1048 1232 1200)
3(1052 1200 1232)
3(1048 1052 1232)
3(68 1163 1254)
3(1163 1029 1254)
3(1131 1208 1340)
3(410 1131 1340)
3(410 1208 1131)
3(410 1340 1208)
3(484 1128 1338)
3(1128 1001 1338)
3(373 117 1024)
3(116 373 1024)
3(116 1024 117)
3(702 1118 641)
3(491 988 1171)
3(491 1171 1087)
3(988 1087 1171)
3(989 1172 616)
3(1086 616 1172)
3(989 1086 1172)
3(741 990 1173)
3(741 1173 1085)
3(990 1085 1173)
3(1245 993 1324)
3(643 1245 1324)
3(335 1027 78)
3(587 531 1111)
3(344 1323 345)
3(1065 345 1323)
3(520 604 1152)
3(520 1059 604)
3(520 1152 1059)
3(604 1059 1152)
3(744 742 1332)
3(744 1332 689)
3(1287 294 1291)
3(250 1291 294)
3(250 294 1287)
3(984 1029 1092)
3(984 1254 1029)
3(1201 997 1270)
3(363 1201 1270)
3(783 1271 837)
3(656 1113 712)
3(1032 1267 1281)
3(72 1032 1281)
3(72 1281 1267)
3(1120 677 1320)
3(699 677 1120)
3(774 158 1319)
3(774 1319 159)
3(821 812 1346)
3(821 1192 812)
3(724 1007 1309)
3(1007 700 1309)
3(724 1309 700)
3(1238 644 1240)
3(733 1240 644)
3(733 644 1238)
3(604 1052 541)
3(102 1312 1147)
3(1260 1147 1312)
3(102 1260 1312)
3(1147 103 1312)
3(102 1312 103)
3(102 103 1147)
3(71 320 1057)
3(320 72 1057)
3(100 99 1302)
3(100 1302 1013)
3(535 1185 1133)
3(535 565 1185)
3(1200 1059 1285)
3(1052 1059 1200)
3(1052 1285 1059)
3(461 1129 1291)
3(1129 977 1291)
3(1084 1060 1160)
3(425 427 1126)
3(659 1132 995)
3(659 1245 1132)
3(995 1132 1245)
3(1075 1073 1332)
3(1047 1332 1073)
3(747 712 1284)
3(661 747 1284)
3(1014 592 1112)
3(1112 592 1246)
3(1014 1112 1246)
3(442 418 1114)
3(418 420 1114)
3(855 1008 1292)
3(1008 1134 1292)
3(855 1292 1134)
3(61 1179 1011)
3(316 1011 1179)
3(61 316 1179)
3(481 1208 1032)
3(481 1032 1341)
3(321 1049 322)
3(321 1275 1049)
3(321 322 1275)
3(409 1131 1208)
3(1131 994 1208)
3(1012 59 1183)
3(313 1012 1183)
3(313 1183 59)
3(638 1240 1074)
3(638 195 1240)
3(974 745 1145)
3(753 745 974)
3(753 1145 745)
3(684 1047 689)
3(684 689 1103)
3(564 559 1046)
3(564 1104 559)
3(1122 1293 1279)
3(1063 1129 1322)
3(1063 1322 983)
3(1129 983 1322)
3(792 855 1134)
3(671 1309 1119)
3(671 672 1309)
3(671 1119 672)
3(672 1119 1309)
3(58 59 1069)
3(659 1132 1210)
3(1132 995 1210)
3(1315 1117 1321)
3(1147 1315 1321)
3(1147 1321 1117)
3(57 1070 56)
3(710 1284 973)
3(710 709 1284)
3(1039 1114 1348)
3(479 1039 1348)
3(479 1114 1039)
3(977 1322 1063)
3(977 1129 1322)
3(484 1243 413)
3(484 413 1128)
3(115 1076 1239)
3(355 1076 115)
3(355 115 1239)
3(837 991 1283)
3(781 837 1283)
3(781 1283 991)
3(1059 1191 1200)
3(1059 1200 55)
3(1059 55 1191)
3(439 434 1044)
3(439 1105 434)
3(439 1044 1105)
3(716 689 1047)
3(112 1211 1078)
3(1182 1078 1211)
3(112 1182 1211)
3(1208 981 1340)
3(440 1208 1340)
3(812 1021 811)
3(810 811 1021)
3(812 810 1021)
3(710 1284 1244)
3(973 1244 1284)
3(1000 1248 1334)
3(1000 1034 1248)
3(1000 1334 1034)
3(1030 1098 1289)
3(1030 1289 1054)
3(205 777 1164)
3(206 1164 777)
3(1051 1153 1190)
3(1153 377 1190)
3(638 1074 1212)
3(638 1212 194)
3(1097 1248 1275)
3(1248 1000 1275)
3(1097 1000 1248)
3(1097 1275 1000)
3(69 68 1163)
3(69 1254 68)
3(69 1163 1254)
3(177 519 1069)
3(178 1069 519)
3(1051 1176 1339)
3(553 1176 1051)
3(515 180 1067)
3(515 1067 179)
3(455 983 454)
3(402 454 983)
3(881 223 1145)
3(869 1145 223)
3(1064 1140 1229)
3(1229 1140 1295)
3(816 791 1049)
3(252 1169 1144)
3(252 1144 289)
3(1062 1333 1004)
3(1313 1004 1333)
3(858 1027 1319)
3(858 1319 799)
3(1106 1097 1248)
3(1106 1248 1275)
3(1106 1275 1097)
3(992 1131 1262)
3(354 96 1226)
3(1097 1084 1265)
3(932 1125 904)
3(932 930 1125)
3(357 1177 1013)
3(357 1180 1177)
3(1013 1177 1180)
3(808 839 1346)
3(1027 1102 1296)
3(1102 1026 1296)
3(209 1084 210)
3(168 526 1290)
3(168 1290 583)
3(715 1118 1272)
3(1118 1013 1272)
3(715 1013 1118)
3(762 1292 855)
3(762 1008 1292)
3(628 1138 620)
3(628 620 975)
3(503 1139 495)
3(503 495 976)
3(303 1191 1331)
3(1191 1001 1331)
3(303 1331 1001)
3(118 1014 1190)
3(1014 1075 1190)
3(1010 332 1198)
3(82 1010 1198)
3(82 1198 332)
3(186 651 1165)
3(689 682 1047)
3(564 557 1046)
3(1009 56 1200)
3(55 1200 56)
3(92 1000 1248)
3(1000 343 1248)
3(92 1248 343)
3(935 1214 1342)
3(935 931 1214)
3(1214 931 1342)
3(92 1008 1275)
3(322 92 1275)
3(683 1103 1274)
3(683 684 1103)
3(266 1144 1337)
3(292 266 1337)
3(292 1337 1144)
3(590 1175 516)
3(590 516 1332)
3(93 1248 1224)
3(93 1023 1248)
3(538 996 1257)
3(538 1257 610)
3(336 1251 337)
3(336 337 1033)
3(336 1033 1251)
3(586 972 1266)
3(586 1227 972)
3(972 1227 1266)
3(586 1266 1227)
3(470 1206 176)
3(777 780 1283)
3(206 777 1283)
3(825 1135 1199)
3(1135 1006 1199)
3(811 1225 1021)
3(812 1021 1225)
3(811 812 1225)
3(336 99 1213)
3(336 1213 337)
3(58 1005 1300)
3(314 58 1300)
3(1127 663 1210)
3(995 1127 1210)
3(1091 879 1253)
3(1091 1253 1271)
3(1091 1271 879)
3(776 865 1079)
3(776 1333 865)
3(776 1079 1333)
3(832 767 1060)
3(691 1127 731)
3(691 731 1031)
3(439 432 1044)
3(1096 494 1326)
3(493 494 1096)
3(493 1326 494)
3(493 1096 1326)
3(1128 413 1208)
3(994 1128 1208)
3(1023 93 1182)
3(346 1182 93)
3(927 1215 1345)
3(927 923 1215)
3(1215 923 1345)
3(919 1216 1344)
3(915 1216 919)
3(915 1344 1216)
3(1064 999 1223)
3(1064 1223 1268)
3(1273 482 1338)
3(1001 482 1273)
3(1001 1273 1338)
3(458 1234 1157)
3(1029 1157 1234)
3(106 347 1323)
3(106 1323 105)
3(586 972 584)
3(586 584 1266)
3(349 350 1147)
3(1147 350 1315)
3(349 1315 350)
3(1005 58 1205)
3(57 1005 1205)
3(57 1205 58)
3(95 1289 334)
3(811 1228 1021)
3(1108 1166 1176)
3(1176 1166 1339)
3(1108 1339 1166)
3(997 1080 1270)
3(997 1270 996)
3(334 1247 96)
3(1009 1059 1191)
3(1009 1200 1059)
3(357 1013 1231)
3(99 357 1231)
3(353 1016 1226)
3(97 353 1226)
3(411 1063 1340)
3(411 1340 1131)
3(814 872 1010)
3(682 1256 1274)
3(681 1256 682)
3(681 682 1274)
3(611 1203 515)
3(1008 93 1224)
3(322 1224 93)
3(327 1169 1254)
3(327 984 1169)
3(95 1158 1007)
3(95 354 1158)
3(1156 1022 1259)
3(605 1156 1259)
3(744 201 1073)
3(744 1332 201)
3(744 1073 1332)
3(353 98 1231)
3(364 1223 996)
3(364 361 1223)
3(972 586 1174)
3(972 1174 1227)
3(1174 586 1227)
3(97 1247 333)
3(508 1340 1234)
3(981 1234 1340)
3(118 1153 1014)
3(376 1014 1153)
3(118 376 1153)
3(1192 1021 1225)
3(403 1171 988)
3(403 1277 1171)
3(403 988 1277)
3(988 1171 1277)
3(972 1269 367)
3(972 367 1294)
3(367 1269 1294)
3(972 1294 1269)
3(750 987 652)
3(625 986 527)
3(657 1132 1245)
3(993 1245 1132)
3(864 1033 765)
3(864 1261 1033)
3(864 765 1261)
3(1193 986 1323)
3(1055 1193 1323)
3(1055 986 1193)
3(473 1154 1273)
3(1154 1009 1273)
3(599 1109 1328)
3(1109 1017 1328)
3(1029 1318 984)
3(1005 57 1293)
3(314 1293 57)
3(327 1169 68)
3(327 68 1254)
3(1030 328 1289)
3(619 1220 181)
3(619 1072 1220)
3(313 1299 1012)
3(60 1012 1299)
3(313 60 1299)
3(59 1012 1202)
3(1012 60 1202)
3(59 1202 60)
3(456 454 983)
3(456 1181 454)
3(983 454 1181)
3(117 1024 1190)
3(117 1190 373)
3(1147 1312 1077)
3(1147 1077 1260)
3(1260 1077 1312)
3(594 1108 1339)
3(1108 1024 1339)
3(984 1144 1169)
3(984 1130 1144)
3(648 1082 1286)
3(648 1286 718)
3(200 201 1332)
3(516 200 1332)
3(1101 1030 1134)
3(1101 1255 1030)
3(326 75 1098)
3(326 1101 75)
3(745 1258 974)
3(1145 974 1258)
3(745 1145 1258)
3(521 1056 169)
3(521 169 1140)
3(902 916 1172)
3(916 914 1172)
3(924 1173 903)
3(924 922 1173)
3(1017 1343 1074)
3(1017 1109 1343)
3(61 1011 1218)
3(1011 62 1218)
3(61 1218 62)
3(997 1080 1201)
3(1201 1080 1270)
3(1192 1077 1260)
3(1021 1192 1260)
3(277 1165 1244)
3(1165 274 1244)
3(277 1244 274)
3(277 274 1165)
3(407 1131 1229)
3(992 1229 1131)
3(1048 1161 1162)
3(1162 1161 1328)
3(1048 1162 1328)
3(1119 1050 1158)
3(1119 1158 1168)
3(161 883 1189)
3(418 1348 442)
3(1253 150 1318)
3(1029 150 1253)
3(1029 1253 1318)
3(442 476 1042)
3(442 1348 476)
3(524 1080 1257)
3(190 1080 524)
3(190 1257 1080)
3(104 103 1028)
3(104 1214 103)
3(104 1028 1214)
3(985 1079 1225)
3(974 349 1342)
3(349 1214 1342)
3(974 1342 1214)
3(821 1077 775)
3(821 775 1192)
3(775 1077 1192)
3(1030 326 1289)
3(328 1289 326)
3(174 1273 1154)
3(174 1154 1059)
3(1059 1154 1273)
3(1134 1030 1292)
3(794 1134 1292)
3(93 1182 1248)
3(1023 1248 1182)
3(215 639 1081)
3(511 1064 1152)
3(511 1152 999)
3(1017 114 1161)
3(374 1161 114)
3(646 188 1055)
3(708 1055 188)
3(92 1275 1248)
3(171 1229 1064)
3(171 1064 1140)
3(171 1140 1229)
3(456 983 455)
3(456 455 1129)
3(76 1141 1098)
3(76 75 1141)
3(76 1098 75)
3(1020 1072 1308)
3(1072 63 1308)
3(409 1229 407)
3(409 407 1131)
3(1209 979 1282)
3(986 106 1193)
3(1193 106 1323)
3(986 1323 106)
3(985 1225 1263)
3(1225 877 1263)
3(1018 1073 1303)
3(1073 120 1303)
3(307 67 1287)
3(983 1137 1170)
3(983 1129 1137)
3(1011 316 1308)
3(62 1011 1308)
3(62 1308 316)
3(715 218 1082)
3(1082 218 1272)
3(715 1272 218)
3(1011 61 1299)
3(61 1179 1299)
3(1011 1299 1179)
3(369 1345 975)
3(369 1215 1345)
3(1215 975 1345)
3(976 310 1344)
3(310 1216 1344)
3(976 1344 1216)
3(337 100 1302)
3(332 1302 100)
3(1012 59 1300)
3(59 1183 1300)
3(1012 1300 1183)
3(751 1165 1244)
3(277 751 1244)
3(277 1165 751)
3(1000 343 1334)
3(113 1022 1343)
3(113 1343 366)
3(836 984 1130)
3(1130 984 1151)
3(836 1130 1151)
3(835 1130 836)
3(835 836 984)
3(1014 376 1303)
3(119 1303 376)
3(549 1162 1328)
3(549 547 1162)
3(549 1328 547)
3(1162 547 1328)
3(303 1191 1039)
3(1039 1191 1331)
3(303 1039 1331)
3(583 1056 169)
3(1038 1162 1328)
3(549 1162 1038)
3(478 388 1280)
3(1106 637 1107)
3(703 1107 637)
3(805 841 1033)
3(841 807 1033)
3(1038 1166 1176)
3(745 1258 753)
3(974 753 1258)
3(491 403 988)
3(988 403 1333)
3(491 1333 403)
3(901 908 1277)
3(901 1277 906)
3(274 1244 973)
3(274 973 1165)
3(1200 1154 1232)
3(668 1034 1278)
3(1278 1034 1330)
3(668 1278 1330)
3(1081 639 1286)
3(718 1286 639)
3(1036 1098 1141)
3(1036 1141 1167)
3(1106 1000 1248)
3(1021 810 1346)
3(811 1021 1346)
3(811 1346 810)
3(621 902 1172)
3(621 632 902)
3(746 903 1173)
3(757 903 746)
3(265 1164 1310)
3(851 773 1043)
3(851 1043 155)
3(81 337 1251)
3(332 1251 337)
3(80 1251 337)
3(80 336 1251)
3(867 1189 841)
3(714 698 1274)
3(641 1274 698)
3(335 1235 78)
3(87 1204 987)
3(987 1204 1250)
3(87 1250 1204)
3(87 987 1250)
3(465 1220 180)
3(974 1028 1147)
3(974 1214 1028)
3(115 1239 1017)
3(114 1017 1239)
3(115 114 1239)
3(648 217 1286)
3(217 1082 1286)
3(648 1082 217)
3(273 1165 1311)
3(116 373 1166)
3(795 1255 817)
3(643 1324 655)
3(112 1022 1211)
3(1022 113 1211)
3(112 1211 113)
3(681 1274 717)
3(681 717 1120)
3(118 1153 1190)
3(1014 1190 1153)
3(1085 1117 1315)
3(1085 1315 974)
3(1105 1044 1178)
3(1178 1044 1349)
3(501 1092 401)
3(501 401 1291)
3(1241 1104 1303)
3(1018 1303 1104)
3(812 810 1346)
3(857 1097 1110)
3(859 857 1110)
3(767 1068 207)
3(207 1068 1324)
3(767 207 1324)
3(1000 1097 1265)
3(872 1010 867)
3(274 1184 973)
3(973 1184 1244)
3(1019 351 1321)
3(102 1019 1321)
3(102 1321 351)
3(366 1048 368)
3(366 368 1200)
3(828 1110 857)
3(326 1101 1224)
3(326 1224 322)
3(326 322 1101)
3(1136 992 1290)
3(1056 992 1136)
3(724 1119 1309)
3(1119 1007 1309)
3(509 623 1174)
3(581 509 1174)
3(1254 1029 1318)
3(984 1254 1318)
3(470 177 1206)
3(1078 645 1212)
3(193 1212 645)
3(193 1078 1212)
3(592 1112 1325)
3(1112 1014 1325)
3(111 1015 1317)
3(111 1317 360)
3(313 1299 1040)
3(313 1183 1299)
3(1183 1040 1299)
3(1276 344 1335)
3(993 1276 1335)
3(367 1269 1329)
3(49 1269 367)
3(49 367 1329)
3(294 1291 1137)
3(1287 1137 1291)
3(294 1137 1287)
3(519 1206 177)
3(303 301 1039)
3(1039 301 1191)
3(303 1191 301)
3(850 1319 1167)
3(850 763 1319)
3(850 1167 763)
3(981 1131 1208)
3(1121 1011 1349)
3(467 1121 1349)
3(1028 1147 1312)
3(1028 1312 1077)
3(1028 1077 1147)
3(211 1097 210)
3(933 1146 1207)
3(1146 985 1207)
3(1040 317 1299)
3(313 1299 317)
3(371 1218 1241)
3(1218 62 1241)
3(371 62 1218)
3(371 1241 62)
3(50 1329 365)
3(1085 1195 1342)
3(1195 1149 1342)
3(1085 1149 1195)
3(1085 1342 1149)
3(1008 1248 1275)
3(1008 1275 1106)
3(332 1198 1297)
3(1198 1010 1297)
3(332 1297 1010)
3(839 1041 827)
3(839 827 1346)
3(1070 513 1206)
3(176 1206 513)
3(870 1079 910)
3(870 882 1079)
3(870 910 882)
3(370 1002 64)
3(372 64 1002)
3(361 109 1155)
3(361 1155 110)
3(453 1338 1273)
3(453 1273 482)
3(403 1171 491)
3(616 528 1172)
3(653 1173 741)
3(1174 1099 1227)
3(581 1174 1227)
3(1087 1194 1344)
3(1194 1150 1344)
3(1087 1150 1194)
3(1087 1344 1150)
3(1086 1196 1345)
3(1196 1148 1345)
3(1086 1148 1196)
3(1086 1345 1148)
3(348 94 1168)
3(787 784 1083)
3(785 1083 784)
3(664 691 1127)
3(585 972 586)
3(585 586 1174)
3(519 600 1206)
3(1031 1334 1034)
3(1031 1127 1334)
3(1127 1034 1334)
3(804 1102 842)
3(344 1204 88)
3(344 88 1335)
3(88 1204 1335)
3(800 801 1135)
3(802 800 1135)
3(509 623 238)
3(509 238 1174)
3(515 1220 1067)
3(515 180 1220)
3(972 1329 367)
3(83 309 1004)
3(460 459 1291)
3(401 460 1291)
3(619 617 1220)
3(564 619 1220)
3(718 217 1286)
3(316 1308 1044)
3(316 1179 1308)
3(1179 1044 1308)
3(1051 1153 1325)
3(1051 1112 1153)
3(1153 1112 1325)
3(901 1171 1277)
3(901 908 1171)
3(1171 908 1277)
3(1109 576 1259)
3(1022 1109 1259)
3(730 637 1107)
3(730 1106 637)
3(511 597 1064)
3(511 1185 597)
3(780 1068 207)
3(690 1210 1316)
3(1210 982 1316)
3(315 1300 1035)
3(315 314 1300)
3(668 729 1034)
3(729 666 1034)
3(1060 1335 991)
3(1068 991 1335)
3(1060 1068 1335)
3(312 316 1308)
3(207 655 1068)
3(207 1068 206)
3(113 114 1074)
3(974 1195 1342)
3(1085 974 1342)
3(729 1237 645)
3(645 1237 1278)
3(729 645 1278)
3(320 1057 1209)
3(320 1209 71)
3(648 218 1082)
3(376 1046 1303)
3(371 1046 376)
3(371 1303 1046)
3(371 376 1303)
3(787 1123 856)
3(116 1024 1327)
3(117 1327 1024)
3(117 116 1327)
3(835 984 834)
3(835 834 1318)
3(357 1177 1231)
3(1177 1013 1231)
3(976 1194 1344)
3(1087 976 1344)
3(975 1196 1345)
3(1086 975 1345)
3(374 375 1205)
3(374 1205 1038)
3(416 1338 1039)
3(416 1114 1338)
3(1114 1039 1338)
3(416 1039 1114)
3(376 1153 1303)
3(1153 1046 1303)
3(376 1046 1153)
3(639 1286 216)
3(1081 216 1286)
3(639 216 1081)
3(1023 1168 1224)
3(94 1224 1168)
3(481 1208 472)
3(481 472 1032)
3(1015 111 1236)
3(110 1015 1236)
3(110 1236 111)
3(1071 213 1233)
3(1071 1336 213)
3(742 1075 199)
3(742 199 1332)
3(1009 1293 1200)
3(56 1200 1293)
3(357 1180 1047)
3(1177 1047 1180)
3(811 1228 1346)
3(1228 1021 1346)
3(872 1189 867)
3(929 223 1145)
3(929 881 223)
3(988 85 1313)
3(84 1313 85)
3(188 1055 1264)
3(188 1264 646)
3(66 1314 989)
3(66 65 1314)
3(990 123 1315)
3(122 1315 123)
3(513 1154 175)
3(731 1210 722)
3(731 722 1031)
3(353 1186 1226)
3(1186 1016 1226)
3(1138 990 1215)
3(922 1138 1215)
3(1139 989 1216)
3(914 1139 1216)
3(60 61 1067)
3(598 194 1212)
3(1075 1142 1256)
3(1142 640 1256)
3(1075 1256 640)
3(1075 640 1142)
3(95 1158 1168)
3(1007 1168 1158)
3(1022 112 1078)
3(1022 1078 1317)
3(1078 112 1317)
3(1012 1202 1300)
3(59 1300 1202)
3(377 1202 373)
3(1051 373 1202)
3(1030 326 1224)
3(1030 1224 1289)
3(1224 326 1289)
3(640 199 1075)
3(640 1075 1246)
3(640 1246 199)
3(978 1130 984)
3(978 1151 1130)
3(1052 1015 1156)
3(515 1203 179)
3(1028 1312 104)
3(1146 104 1312)
3(1028 104 1146)
3(1028 1146 1312)
3(990 1138 975)
3(989 1139 976)
3(355 1327 1076)
3(1186 1076 1327)
3(355 1186 1327)
3(896 911 1263)
3(346 348 1211)
3(346 1211 1050)
3(1315 349 1342)
3(974 1315 1342)
3(976 310 1313)
3(1313 310 1344)
3(976 1313 1344)
3(86 347 1310)
3(87 86 1310)
3(105 367 1311)
3(106 105 1311)
3(468 179 1203)
3(1187 674 1309)
3(1037 1187 1309)
3(1037 674 1187)
3(116 1327 1076)
3(116 1076 355)
3(116 355 1327)
3(1112 1051 1190)
3(1024 1051 1112)
3(1024 1112 1190)
3(511 172 1064)
3(511 1064 171)
3(494 1188 1326)
3(494 163 1188)
3(494 1326 163)
3(304 1295 1262)
3(1059 1285 55)
3(649 1245 735)
3(649 1084 1245)
3(369 1314 975)
3(369 1345 1314)
3(975 1314 1345)
3(55 54 1059)
3(55 1191 54)
3(320 324 1209)
3(1048 368 1343)
3(366 1343 368)
3(371 1218 1046)
3(371 1046 1241)
3(1046 1218 1241)
3(607 1237 1257)
3(1237 1015 1257)
3(663 662 1210)
3(659 1210 662)
3(1047 682 1256)
3(1047 1256 1274)
3(1142 1045 1256)
3(739 1256 1045)
3(739 1142 1256)
3(739 1045 1142)
3(1016 1231 1082)
3(294 254 1291)
3(250 1291 254)
3(706 1113 1284)
3(706 1284 712)
3(706 712 1113)
3(1083 1271 1282)
3(1083 1282 979)
3(755 1284 713)
3(755 1316 1284)
3(755 713 1316)
3(911 1207 1263)
3(985 1263 1207)
3(977 1287 1291)
3(1002 1314 1086)
3(1116 1086 1314)
3(484 1243 485)
3(511 172 1152)
3(239 1129 498)
3(239 281 1129)
3(239 498 281)
3(485 1229 407)
3(361 53 999)
3(360 999 53)
3(413 412 1208)
3(412 409 1208)
3(1149 925 1195)
3(1195 925 1342)
3(1149 1342 925)
3(861 765 1090)
3(861 1261 765)
3(604 602 1152)
3(602 566 1152)
3(465 181 1220)
3(371 1218 376)
3(1046 376 1218)
3(191 1257 607)
3(191 607 1237)
3(191 1237 1257)
3(1150 909 1194)
3(1194 909 1344)
3(1150 1344 909)
3(1148 917 1196)
3(1196 917 1345)
3(1148 1345 917)
3(866 1079 865)
3(866 1225 1079)
3(866 865 1225)
3(114 1343 1017)
3(114 1161 1343)
3(1161 1017 1343)
3(706 1113 1100)
3(1100 1113 1284)
3(706 1100 1284)
3(52 1268 1223)
3(52 1223 53)
3(52 53 1268)
3(1017 1076 1239)
3(827 1077 775)
3(557 1325 1219)
3(1046 1219 1325)
3(557 1219 1046)
3(865 1188 768)
3(865 820 1188)
3(111 112 1078)
3(1069 519 1203)
3(178 1203 519)
3(1037 1239 1240)
3(1076 1240 1239)
3(542 543 1052)
3(543 541 1052)
3(542 1052 541)
3(363 1201 108)
3(363 108 1270)
3(108 1201 1270)
3(188 708 1304)
3(188 1304 1055)
3(1115 1087 1313)
3(1004 1313 1087)
3(351 1321 1180)
3(1019 1180 1321)
3(1188 1004 1333)
3(392 1188 1333)
3(392 1333 1004)
3(765 1217 861)
3(557 555 1219)
3(557 1325 555)
3(352 357 1180)
3(352 1180 1047)
3(1083 998 1282)
3(1060 1083 1282)
3(1060 998 1083)
3(328 75 1098)
3(718 1286 216)
3(995 1160 1276)
3(342 1276 1160)
3(494 1188 1096)
3(76 328 1098)
3(76 1098 334)
3(672 1187 674)
3(672 674 1309)
3(672 1309 1187)
3(874 236 1130)
3(236 280 1130)
3(874 280 236)
3(1043 156 1167)
3(1043 1255 156)
3(1043 1167 1255)
3(1167 156 1255)
3(727 1031 1237)
3(691 1031 727)
3(494 1096 392)
3(1219 1218 1220)
3(1046 1218 1219)
3(866 1079 776)
3(864 1033 841)
3(1068 993 1113)
3(1068 1324 993)
3(118 1075 1177)
3(118 1177 357)
3(1045 1177 1231)
3(1177 356 1231)
3(869 1125 1192)
3(1125 1028 1192)
3(869 1192 1028)
3(579 1304 527)
3(579 1111 1304)
3(237 1100 634)
3(748 634 1100)
3(237 634 748)
3(1260 1041 1346)
3(189 722 1264)
3(189 1080 722)
3(189 1264 1080)
3(1102 805 1261)
3(1033 1261 805)
3(1033 1102 1261)
3(897 1079 1277)
3(1079 882 1277)
3(897 1277 882)
3(367 48 1269)
3(540 609 1159)
3(578 1159 609)
3(583 1290 169)
3(1024 1112 1339)
3(1112 574 1339)
3(1077 1019 1147)
3(921 204 1138)
3(921 757 204)
3(913 185 1139)
3(913 632 185)
3(1078 1022 1211)
3(201 1221 744)
3(305 1163 68)
3(305 68 1322)
3(1138 975 1215)
3(1139 976 1216)
3(478 1042 442)
3(436 493 1004)
3(436 1105 493)
3(248 240 1092)
3(148 248 1092)
3(148 1092 240)
3(148 240 248)
3(709 755 1284)
3(1149 947 1195)
3(925 1195 947)
3(925 947 1149)
3(946 1196 1148)
3(946 917 1196)
3(946 1148 917)
3(1150 945 1194)
3(909 1194 945)
3(909 945 1150)
3(323 1254 69)
3(323 69 1197)
3(1197 69 1254)
3(1110 1230 1049)
3(1110 1123 1230)
3(370 1314 64)
3(350 121 1003)
3(350 1003 1315)
3(350 1315 121)
3(462 1063 411)
3(1061 154 1341)
3(1341 154 1348)
3(1061 1341 1348)
3(182 1222 619)
3(811 868 1228)
3(820 1228 868)
3(686 743 1003)
3(686 1103 743)
3(618 1002 561)
3(618 561 1104)
3(1232 545 1259)
3(1048 1232 1259)
3(1048 545 1232)
3(355 1239 354)
3(1037 354 1239)
3(178 468 1203)
3(1059 1200 1232)
3(799 1135 800)
3(356 1177 118)
3(1224 1292 1336)
3(1224 1008 1292)
3(1292 1008 1336)
3(936 1146 104)
3(936 892 1146)
3(936 104 892)
3(892 104 1146)
3(1011 1218 1299)
3(61 1299 1218)
3(168 1093 1290)
3(168 526 1093)
3(1057 320 1267)
3(72 1267 320)
3(307 1137 977)
3(977 1137 1287)
3(307 1287 1137)
3(1136 992 1181)
3(1136 1181 1290)
3(243 1093 256)
3(167 256 1093)
3(243 167 1093)
3(243 256 167)
3(171 1229 1243)
3(1229 1064 1243)
3(901 1277 507)
3(901 905 1277)
3(901 507 905)
3(905 507 1277)
3(874 1130 836)
3(330 83 1062)
3(330 1198 83)
3(309 1313 83)
3(1076 1024 1327)
3(103 1028 1312)
3(103 1312 104)
3(527 1304 187)
3(1037 1186 1226)
3(355 1226 1186)
3(1297 101 1302)
3(1041 1297 1302)
3(1041 101 1297)
3(655 1324 207)
3(538 1185 539)
3(1159 539 1185)
3(538 539 1159)
3(833 150 1318)
3(833 1318 1253)
3(833 1253 150)
3(728 726 1212)
3(728 1278 726)
3(1212 726 1278)
3(980 1270 1301)
3(1066 1301 1270)
3(320 1209 1230)
3(1209 998 1230)
3(237 288 1100)
3(638 1212 1187)
3(638 728 1212)
3(638 1187 728)
3(973 1165 1184)
3(1011 1179 1308)
3(333 1296 1213)
3(1026 1213 1296)
3(662 1127 663)
3(662 1210 1127)
3(513 601 1154)
3(636 727 1031)
3(636 1237 727)
3(636 1031 1237)
3(537 1185 539)
3(1150 85 1313)
3(988 1150 1313)
3(1008 1275 1097)
3(76 1036 1098)
3(1173 635 1195)
3(895 1173 1195)
3(895 1195 635)
3(510 1196 1172)
3(894 1172 1196)
3(510 894 1196)
3(1171 385 1194)
3(893 1171 1194)
3(893 1194 385)
3(871 836 1151)
3(871 1151 880)
3(342 90 1265)
3(342 1160 90)
3(349 104 1214)
3(66 1148 989)
3(66 1314 1148)
3(989 1148 1314)
3(990 123 1149)
3(1149 123 1315)
3(990 1149 1315)
3(976 1252 1313)
3(310 1313 1252)
3(202 1094 577)
3(202 525 1094)
3(452 183 1095)
3(183 400 1095)
3(53 1223 361)
3(975 1249 1314)
3(369 1314 1249)
3(1185 1064 1223)
3(980 1185 1223)
3(202 1094 1221)
3(202 1221 577)
3(183 1095 1222)
3(452 183 1222)
3(1017 1239 1343)
3(114 1343 1239)
3(369 123 1215)
3(310 66 1216)
3(1171 496 1277)
3(403 1277 496)
3(403 496 1171)
3(385 1171 488)
3(385 488 937)
3(937 488 1171)
3(613 510 1172)
3(938 510 613)
3(938 613 1172)
3(738 635 1173)
3(939 635 738)
3(939 738 1173)
3(103 350 1147)
3(1133 997 1270)
3(996 1133 1270)
3(714 683 1103)
3(714 1274 683)
3(851 1255 1043)
3(851 773 1255)
3(266 1164 978)
3(266 978 1144)
3(1144 978 1164)
3(1073 1332 1014)
3(1075 1014 1332)
3(761 1089 1057)
3(761 1307 1089)
3(761 1057 1307)
3(1057 1089 1307)
3(956 933 1207)
3(956 1207 952)
3(341 1236 343)
3(1034 343 1236)
3(1133 1270 1301)
3(1133 980 1270)
3(211 857 1097)
3(762 1336 848)
3(1292 848 1336)
3(762 848 1292)
3(762 1292 1336)
3(173 1059 1152)
3(173 1152 1273)
3(1152 1059 1273)
3(1050 1158 1309)
3(1158 1119 1309)
3(1050 1309 1119)
3(669 671 1119)
3(669 1330 671)
3(332 101 1302)
3(332 1297 101)
3(494 1188 392)
3(582 524 1080)
3(582 1257 524)
3(1266 1066 1301)
3(1227 1066 1266)
3(1017 1108 1328)
3(575 1328 1108)
3(1016 1045 1120)
3(1016 1120 1231)
3(1120 1045 1231)
3(542 1259 1052)
3(543 1052 1259)
3(542 543 1259)
3(825 1135 798)
3(825 798 1199)
3(1127 995 1265)
3(1000 1127 1265)
3(1009 1122 1042)
3(1030 1224 1101)
3(1030 1134 1224)
3(1086 989 1314)
3(1003 1085 1315)
3(1085 990 1315)
3(819 1027 1261)
3(819 1261 861)
3(819 861 1027)
3(1159 996 1257)
3(538 1159 1257)
3(597 171 1064)
3(597 1140 171)
3(1036 157 1167)
3(1036 1167 1280)
3(1036 1280 157)
3(1167 157 1280)
3(691 729 1034)
3(1065 1316 1276)
3(982 1276 1316)
3(1088 1302 1041)
3(1088 1041 1297)
3(412 1128 413)
3(412 1208 1128)
3(786 1271 1151)
3(786 837 1271)
3(786 1151 837)
3(1007 1037 1124)
3(1007 1124 1226)
3(1124 1037 1226)
3(682 716 1047)
3(682 1256 716)
3(1152 1243 1268)
3(1243 1064 1268)
3(351 1003 121)
3(351 1242 1003)
3(351 121 1242)
3(863 760 1125)
3(863 1125 940)
3(863 940 760)
3(1151 991 1283)
3(837 1151 1283)
3(64 1241 372)
3(456 498 1129)
3(934 1195 737)
3(934 737 944)
3(934 944 1195)
3(944 737 1195)
3(612 926 1196)
3(943 926 612)
3(943 1196 926)
3(943 612 1196)
3(487 918 1194)
3(942 918 487)
3(942 1194 918)
3(942 487 1194)
3(212 1336 848)
3(321 1049 1267)
3(321 1267 322)
3(984 1091 1254)
3(585 1174 284)
3(585 284 261)
3(261 284 1174)
3(1012 1183 1299)
3(816 1049 854)
3(1096 1010 1198)
3(1010 1188 1198)
3(1010 1198 1228)
3(166 1277 165)
3(166 776 1277)
3(776 165 1277)
3(1125 846 1192)
3(985 1125 1192)
3(733 674 1238)
3(733 1238 676)
3(543 1259 1232)
3(543 545 1259)
3(543 1232 545)
3(539 1185 999)
3(539 999 1159)
3(1159 999 1185)
3(981 1340 1163)
3(1063 1163 1340)
3(1066 1133 1270)
3(662 1127 664)
3(663 664 1127)
3(444 1217 1040)
3(444 1040 1306)
3(1040 1217 1306)
3(444 1306 1217)
3(1157 1163 1322)
3(1157 1322 977)
3(327 1144 1169)
3(520 174 1059)
3(520 1059 173)
3(62 1241 1072)
3(1218 1072 1241)
3(62 1072 1218)
3(535 1301 629)
3(983 1136 1290)
3(569 1176 611)
3(569 614 1176)
3(213 1233 770)
3(213 770 1071)
3(1071 770 1233)
3(1145 1028 1214)
3(930 1145 1214)
3(1032 1307 1267)
3(1032 1057 1307)
3(782 1083 784)
3(783 784 1083)
3(1236 1078 1237)
3(850 1036 1167)
3(850 1319 1036)
3(100 1302 1180)
3(1013 1180 1302)
3(170 1229 171)
3(170 1140 1229)
3(170 171 1140)
3(1007 1124 1309)
3(700 1309 1124)
3(677 679 1120)
3(677 1320 679)
3(1276 1132 1316)
3(1065 1132 1276)
3(1014 1153 1303)
3(1014 1175 1325)
3(1175 573 1325)
3(1051 1153 1219)
3(1219 1153 1325)
3(878 1125 1192)
3(878 1192 869)
3(878 869 1125)
3(1061 154 1307)
3(1307 154 1341)
3(1061 1307 1341)
3(940 1125 948)
3(171 457 1243)
3(171 1229 457)
3(457 1229 1243)
3(87 1204 1288)
3(1204 987 1288)
3(1007 1119 1168)
3(706 1284 747)
3(978 1130 1144)
3(1083 1209 1282)
3(1083 998 1209)
3(1132 1316 982)
3(1132 982 1276)
3(240 249 1092)
3(249 250 1092)
3(1125 985 1146)
3(948 1125 1146)
3(1057 320 1230)
3(1057 1230 1267)
3(1230 320 1267)
3(107 1201 1055)
3(107 1055 1323)
3(784 1123 787)
3(88 1250 325)
3(1039 1128 1338)
3(1128 416 1338)
3(1039 416 1128)
3(171 399 1243)
3(399 457 1243)
3(608 549 1176)
3(551 608 1176)
3(1050 1211 1212)
3(1211 1074 1212)
3(765 160 1217)
3(160 161 1217)
3(414 412 1128)
3(414 1128 413)
3(161 1326 1058)
3(1189 1058 1326)
3(161 1189 1326)
3(766 219 1118)
3(1118 219 1272)
3(766 1272 219)
3(566 539 1159)
3(539 541 1159)
3(241 186 1165)
3(272 241 1165)
3(272 186 241)
3(667 1107 703)
3(1122 1042 1293)
3(1011 1178 1349)
3(1178 448 1349)
3(993 1132 1276)
3(710 751 1165)
3(710 1244 751)
3(242 205 1164)
3(264 242 1164)
3(264 205 242)
3(257 258 1093)
3(257 1093 243)
3(301 1281 1143)
3(301 1143 73)
3(301 73 1281)
3(266 1337 978)
3(266 1164 1337)
3(149 1318 833)
3(666 1127 691)
3(666 691 1034)
3(831 1337 830)
3(829 830 1337)
3(859 828 1110)
3(780 781 1283)
3(767 1283 781)
3(978 1144 1337)
3(901 1277 496)
3(507 496 1277)
3(901 496 507)
3(638 1074 1187)
3(1229 485 1243)
3(994 1229 1243)
3(236 873 1337)
3(286 236 1337)
3(286 873 236)
3(286 1337 873)
3(660 1316 690)
3(660 1210 1316)
3(660 690 1210)
3(107 1323 345)
3(301 1039 1281)
3(1039 303 1281)
3(301 1281 303)
3(340 90 1265)
3(157 850 1036)
3(157 1167 850)
3(1137 254 1291)
3(294 254 1137)
3(473 174 1273)
3(473 1154 174)
3(991 1083 1282)
3(991 1282 1060)
3(208 767 1060)
3(482 1001 1152)
3(1152 1001 1243)
3(482 1152 1243)
3(1045 1075 1142)
3(1045 1256 1075)
3(1040 1299 1012)
3(1001 1331 1039)
3(1001 1039 1191)
3(1005 1300 1205)
3(58 1205 1300)
3(591 1219 617)
3(591 564 1219)
3(722 1080 636)
3(722 636 1031)
3(1031 636 1080)
3(1177 1013 1274)
3(1120 1013 1177)
3(761 847 1057)
3(761 1089 847)
3(603 545 1162)
3(603 1162 547)
3(912 889 1150)
3(85 889 912)
3(85 1150 889)
3(66 920 1148)
3(920 891 1148)
3(66 891 920)
3(66 1148 891)
3(123 928 1149)
3(928 890 1149)
3(123 890 928)
3(123 1149 890)
3(972 367 1347)
3(367 1294 1347)
3(972 1347 1294)
3(1039 1143 1348)
3(1039 1114 1143)
3(604 1052 543)
3(645 727 1237)
3(156 1043 155)
3(156 851 1043)
3(1223 996 1270)
3(754 660 1316)
3(253 501 1291)
3(240 501 253)
3(603 545 1048)
3(1118 1272 1302)
3(790 1123 1110)
3(790 789 1123)
3(107 1193 1055)
3(1055 1193 1201)
3(800 798 1135)
3(1193 986 1347)
3(106 1193 1347)
3(300 52 1268)
3(156 476 1043)
3(156 1167 476)
3(305 1136 50)
3(706 704 1100)
3(706 1113 704)
3(160 1217 861)
3(154 852 1061)
3(154 1307 852)
3(1267 1281 1307)
3(1281 1032 1307)
3(1015 1257 1155)
3(1015 1155 1237)
3(189 646 1264)
3(448 1178 391)
3(1143 1043 1348)
3(997 1055 1304)
3(1055 1193 1304)
3(997 1304 1193)
3(997 1193 1055)
3(1069 1202 1300)
3(1069 1012 1202)
3(572 525 1094)
3(620 1094 525)
3(620 572 1094)
3(447 400 1095)
3(495 1095 400)
3(495 447 1095)
3(1200 1070 1293)
3(1009 1070 1200)
3(152 1089 1307)
3(386 1307 1089)
3(386 1089 152)
3(386 152 1307)
3(1012 1299 1202)
3(60 1202 1299)
3(520 602 1152)
3(664 662 1210)
3(1113 1068 1204)
3(993 1113 1204)
3(993 1204 1068)
3(516 573 1175)
3(302 304 1262)
3(480 1273 1338)
3(480 1338 1114)
3(1273 1114 1338)
3(1151 1091 1271)
3(786 1271 1091)
3(786 1091 1151)
3(1045 353 1327)
3(356 1327 353)
3(1078 1278 645)
3(1066 1056 1266)
3(1266 1056 1301)
3(524 1257 607)
3(725 1240 644)
3(121 1003 1321)
3(1003 350 1321)
3(121 1321 350)
3(351 1003 1321)
3(351 1321 121)
3(1005 1205 1293)
3(57 1293 1205)
3(198 523 1246)
3(150 1253 1234)
3(1029 1234 1253)
3(1265 995 1334)
3(340 1265 1334)
3(544 546 1259)
3(545 544 1259)
3(816 856 1123)
3(816 1057 856)
3(1268 994 1331)
3(300 1268 1331)
3(1022 1343 1211)
3(113 1211 1343)
3(901 1171 496)
3(157 158 1036)
3(850 1036 158)
3(879 1253 838)
3(879 838 1091)
3(1091 838 1253)
3(1177 1274 1047)
3(1177 1047 1256)
3(608 549 1038)
3(1049 1008 1110)
3(1146 104 1214)
3(936 1214 104)
3(341 1248 1182)
3(1034 1182 1248)
3(155 476 1043)
3(366 56 1200)
3(366 1200 55)
3(654 1195 737)
3(654 737 934)
3(529 1196 612)
3(529 612 926)
3(404 1194 487)
3(404 487 918)
3(1000 1034 1107)
3(1107 1034 1248)
3(1000 1107 1248)
3(728 670 1187)
3(672 728 1187)
3(684 743 1103)
3(618 1104 559)
3(728 670 1050)
3(107 1193 1323)
3(493 1105 434)
3(493 439 1105)
3(994 1208 1331)
3(1032 1331 1208)
3(1028 1258 974)
3(1028 1147 1258)
3(1147 974 1258)
3(77 1235 335)
3(190 722 1080)
3(190 1080 636)
3(329 104 1312)
3(329 1312 1146)
3(329 1146 104)
3(172 399 1243)
3(995 1210 1334)
3(1031 1334 1210)
3(89 1335 1276)
3(89 344 1335)
3(89 1276 344)
3(733 674 1037)
3(1044 1308 1011)
3(1044 1011 1179)
3(481 1341 441)
3(414 441 1341)
3(761 152 1089)
3(761 1307 152)
3(1086 1249 1314)
3(1086 975 1249)
3(1086 1314 975)
3(414 412 1208)
3(1068 987 1204)
3(1068 1204 1250)
3(999 606 1185)
3(539 606 999)
3(539 1185 606)
3(1087 1252 1313)
3(1087 976 1252)
3(1087 1313 976)
3(685 683 1103)
3(157 475 1036)
3(158 1036 475)
3(360 1285 53)
3(1039 1143 1281)
3(1039 1061 1143)
3(1039 1281 1061)
3(502 1171 1194)
3(1171 1087 1194)
3(502 1194 1087)
3(502 1087 1171)
3(752 1173 1195)
3(1173 1085 1195)
3(752 1195 1085)
3(752 1085 1173)
3(627 1172 1196)
3(1172 1086 1196)
3(627 1196 1086)
3(627 1086 1172)
3(520 1059 1232)
3(520 1232 604)
3(321 1230 1049)
3(321 1275 1230)
3(1049 1230 1275)
3(651 751 1165)
3(392 163 1188)
3(809 807 1228)
3(814 809 1228)
3(1034 1127 1000)
3(301 1039 1143)
3(422 420 1279)
3(421 422 1279)
3(416 1114 417)
3(417 1114 1338)
3(416 417 1338)
3(1050 1330 1023)
3(374 58 1205)
3(729 1278 668)
3(879 1271 785)
3(351 1321 1242)
3(1180 1242 1321)
3(351 1242 1180)
3(790 788 1110)
3(790 1123 788)
3(1040 489 1217)
3(444 489 1040)
3(444 1217 489)
3(680 1256 682)
3(680 681 1256)
3(308 1293 1141)
3(1042 1141 1293)
3(1052 1156 1259)
3(542 1259 1156)
3(1127 1210 1334)
3(1127 1334 995)
3(897 907 1079)
3(910 1079 907)
3(340 1031 110)
3(109 110 1031)
3(1011 1308 1218)
3(62 1218 1308)
3(693 1187 725)
3(693 733 1187)
3(694 1142 1045)
3(694 1045 1238)
3(694 1238 1142)
3(1045 1142 1238)
3(642 1221 743)
3(642 744 1221)
3(618 517 1222)
3(517 619 1222)
3(406 405 1181)
3(655 704 1113)
3(1250 978 1283)
3(1068 1250 1283)
3(208 767 1324)
3(800 1135 844)
3(1132 1210 1316)
3(1132 1316 660)
3(1132 660 1210)
3(72 300 1032)
3(1116 1086 1249)
3(1113 987 1204)
3(1115 1087 1252)
3(1050 1158 1187)
3(1187 1158 1309)
3(1050 1187 1309)
3(403 1277 1333)
3(165 1277 403)
3(165 403 1333)
3(165 1333 1277)
3(1128 1208 1331)
3(1128 1331 994)
3(213 1233 214)
3(770 214 1233)
3(647 1233 214)
3(277 1244 278)
3(386 1032 1089)
3(1089 1032 1307)
3(386 1307 1032)
3(1045 1320 1016)
3(988 1277 1333)
3(806 808 1088)
3(893 945 1171)
3(945 937 1171)
3(894 946 1172)
3(946 938 1172)
3(895 947 1173)
3(939 1173 947)
3(1168 1233 1289)
3(1233 1006 1289)
3(1024 1190 1327)
3(1264 1055 1304)
3(997 1055 1264)
3(997 1264 1304)
3(572 525 1116)
3(572 1116 1094)
3(447 400 1115)
3(447 1115 1095)
3(478 1042 1279)
3(420 478 1279)
3(420 1042 478)
3(642 740 1003)
3(642 1003 1221)
3(642 1221 740)
3(615 1002 517)
3(517 1002 1222)
3(615 517 1222)
3(678 694 1045)
3(1045 694 1320)
3(678 1320 694)
3(159 160 1217)
3(1116 975 1249)
3(752 1173 635)
3(752 635 1195)
3(627 1172 510)
3(627 510 1196)
3(502 1171 385)
3(502 385 1194)
3(1067 1218 1299)
3(1067 1011 1218)
3(421 1122 451)
3(190 1080 582)
3(123 1149 1215)
3(66 1148 1216)
3(576 546 1259)
3(544 576 1259)
3(872 768 1188)
3(1115 976 1252)
3(760 941 1263)
3(896 941 760)
3(896 1263 941)
3(818 797 1054)
3(624 284 585)
3(624 1174 284)
3(624 585 1174)
3(330 1312 1260)
3(1021 1260 1312)
3(330 1260 1021)
3(55 54 1285)
3(363 1270 364)
3(1071 1023 1168)
3(1071 1224 1023)
3(1071 1168 1224)
3(770 1292 1071)
3(770 826 1292)
3(1110 1049 1275)
3(1008 1110 1275)
3(1074 1239 1343)
3(1074 1017 1239)
3(1245 707 1324)
3(208 1324 707)
3(108 107 1201)
3(744 1332 200)
3(203 1138 204)
3(185 184 1139)
3(403 1277 507)
3(1143 1061 1348)
3(1046 1303 1014)
3(1046 1014 1153)
3(1260 101 1297)
3(1041 1260 1297)
3(1152 482 1273)
3(1001 1152 1273)
3(811 1228 810)
3(810 1228 1346)
3(74 326 1101)
3(307 1137 1322)
3(1137 977 1322)
3(986 1193 1304)
3(457 170 1229)
3(972 1329 1347)
3(367 1347 1329)
3(1150 1171 1194)
3(1171 945 1194)
3(1150 945 1171)
3(1148 1172 1196)
3(1172 946 1196)
3(1148 946 1172)
3(1149 1173 1195)
3(1173 947 1195)
3(1149 947 1173)
3(1040 1298 1217)
3(1040 489 1298)
3(489 1217 1298)
3(956 1146 1207)
3(956 933 1146)
3(910 1263 1079)
3(870 1079 1263)
3(910 870 1263)
3(809 1088 1228)
3(809 807 1088)
3(371 1241 1303)
3(372 371 1303)
3(372 1241 371)
3(985 1021 1312)
3(985 1225 1021)
3(1023 1336 1071)
3(578 1156 512)
3(1031 1334 1236)
3(1034 1236 1334)
3(100 1302 101)
3(100 101 1180)
3(222 1145 223)
3(222 869 1145)
3(1176 519 1203)
3(1069 1176 1203)
3(102 1147 1321)
3(1147 1019 1321)
3(1070 1293 56)
3(865 165 1333)
3(776 1333 165)
3(462 406 1181)
3(576 546 1109)
3(784 1083 1271)
3(784 1271 783)
3(1069 1166 1176)
3(62 1218 376)
3(706 705 1100)
3(804 805 1261)
3(804 1261 1102)
3(614 1219 553)
3(614 553 1051)
3(1189 1010 1251)
3(59 1300 1069)
3(638 1240 1187)
3(1074 1187 1240)
3(1003 1321 1117)
3(1103 1117 1321)
3(1003 1103 1321)
3(929 900 1145)
3(223 900 929)
3(223 1145 900)
3(1188 1062 1333)
3(111 1236 343)
3(346 113 1211)
3(515 1220 1219)
3(1067 1219 1220)
3(1093 257 1269)
3(258 1269 257)
3(258 1093 1269)
3(1071 1224 1336)
3(1028 1145 974)
3(1028 1258 1145)
3(1187 1239 1240)
3(1187 1037 1239)
3(212 211 1106)
3(439 1326 494)
3(439 493 1326)
3(391 1178 464)
3(452 464 1178)
3(1311 1294 1347)
3(367 1294 1311)
3(218 1272 771)
3(218 771 1082)
3(589 516 1175)
3(589 1175 577)
3(1092 249 1287)
3(250 1287 249)
3(670 692 1050)
3(1050 692 1330)
3(670 1330 692)
3(354 115 1239)
3(848 213 1071)
3(848 1071 1336)
3(848 1336 213)
3(739 678 1045)
3(739 1256 678)
3(1130 1151 1337)
3(831 1151 1130)
3(831 1130 1337)
3(1019 1258 1147)
3(1117 1147 1258)
3(1019 1147 1117)
3(1027 1261 1296)
3(1261 1102 1296)
3(811 813 1225)
3(555 614 1219)
3(347 973 1288)
3(347 1288 1323)
3(1288 973 1323)
3(393 170 1140)
3(393 1229 170)
3(1212 1078 1278)
3(645 1212 1278)
3(1066 1193 1347)
3(365 1066 1347)
3(365 1347 1193)
3(1001 1243 1268)
3(1162 513 1206)
3(1070 1162 1206)
3(1015 1317 1236)
3(111 1236 1317)
3(671 1119 701)
3(921 899 1138)
3(921 204 899)
3(899 204 1138)
3(913 898 1139)
3(913 185 898)
3(898 185 1139)
3(123 928 1215)
3(66 920 1216)
3(424 1035 1305)
3(424 483 1035)
3(424 1305 483)
3(1035 483 1305)
3(790 1110 828)
3(344 1276 342)
3(1190 1142 1327)
3(1075 1327 1142)
3(1075 1142 1190)
3(600 568 1162)
3(608 1162 568)
3(739 1142 640)
3(739 640 1256)
3(60 1202 373)
3(443 424 1035)
3(443 1035 1305)
3(443 1305 424)
3(907 1207 911)
3(907 952 1207)
3(472 386 1032)
3(472 1089 386)
3(1070 1161 1162)
3(1159 1155 1257)
3(996 1257 1155)
3(1164 875 1337)
3(777 1337 875)
3(777 875 1164)
3(790 859 1110)
3(857 210 1097)
3(1100 634 1244)
3(237 1100 1244)
3(237 1244 634)
3(449 429 1121)
3(443 1279 1035)
3(443 424 1279)
3(1141 1280 1036)
3(699 679 1120)
3(1112 1153 1190)
3(985 1021 1192)
3(1192 1021 1312)
3(985 1192 1312)
3(1087 1150 1171)
3(1085 1149 1173)
3(1086 1148 1172)
3(1059 520 1154)
3(174 1154 520)
3(999 1285 1052)
3(852 761 1057)
3(852 1307 761)
3(739 1045 694)
3(739 694 1142)
3(560 1175 558)
3(560 558 1104)
3(560 1104 1175)
3(505 1340 1063)
3(505 1157 1340)
3(1157 1063 1340)
3(907 1277 897)
3(347 1184 1288)
3(1184 973 1288)
3(566 539 999)
3(1294 1099 1311)
3(1311 1099 1347)
3(1294 1347 1099)
3(219 1118 220)
3(1047 1013 1177)
3(1047 1180 1013)
3(640 742 1075)
3(277 710 1244)
3(277 751 710)
3(1022 1048 1109)
3(1109 1048 1343)
3(433 435 1178)
3(433 1105 435)
3(435 1105 1178)
3(418 1114 417)
3(418 416 1114)
3(770 1071 848)
3(350 1321 1315)
3(1003 1315 1321)
3(461 456 1129)
3(669 1330 670)
3(482 172 1243)
3(482 1152 172)
3(803 805 1261)
3(804 803 1261)
3(1159 1015 1257)
3(535 1185 537)
3(535 537 1133)
3(1060 1160 1245)
3(1160 1084 1245)
3(1014 1073 1175)
3(728 692 1278)
3(728 1050 692)
3(692 1050 1278)
3(926 1138 631)
3(926 631 529)
3(529 631 1138)
3(918 1139 506)
3(918 506 404)
3(404 506 1139)
3(1133 1185 1270)
3(1185 980 1270)
3(1140 1295 992)
3(558 589 1175)
3(560 1175 589)
3(610 1257 524)
3(935 1195 925)
3(935 925 1342)
3(935 1342 1195)
3(72 1331 1032)
3(72 300 1331)
3(742 1256 640)
3(1031 110 1334)
3(340 1334 110)
3(1147 1077 1258)
3(1044 432 1298)
3(1298 432 1349)
3(1044 1298 1349)
3(981 1197 1234)
3(1197 1089 1234)
3(166 1277 403)
3(1038 1328 1017)
3(107 365 1193)
3(330 1312 102)
3(330 102 1260)
3(418 419 1114)
3(917 927 1196)
3(917 1345 927)
3(1196 927 1345)
3(909 919 1194)
3(909 1344 919)
3(1194 919 1344)
3(450 425 1126)
3(1051 1339 1024)
3(433 464 1178)
3(464 435 1178)
3(1117 1321 1085)
3(1315 1085 1321)
3(103 1312 329)
3(330 1312 103)
3(1175 1303 1325)
3(1303 1046 1325)
3(1175 1046 1303)
3(1003 1321 1085)
3(1199 1071 1289)
3(1030 1199 1289)
3(1030 1289 1071)
3(1176 1069 1202)
3(1166 1176 1202)
3(1155 1015 1236)
3(110 1155 1236)
3(473 387 1273)
3(387 174 1273)
3(978 1337 1130)
3(978 1151 1337)
3(301 1143 1191)
3(301 1191 306)
3(301 306 1143)
3(1121 1040 1299)
3(876 1092 148)
3(876 148 248)
3(219 715 1118)
3(219 1272 715)
3(776 882 1277)
3(776 1079 882)
3(776 1277 1079)
3(605 512 1156)
3(451 1122 474)
3(114 1343 1074)
3(979 1253 1091)
3(1197 1091 1253)
3(979 1197 1253)
3(1179 317 1299)
3(1040 1179 1299)
3(640 1142 1246)
3(1142 1075 1246)
3(756 934 1145)
3(756 654 934)
3(756 1145 654)
3(167 500 1093)
3(167 256 500)
3(1079 907 1263)
3(910 1263 907)
3(770 1292 848)
3(1071 848 1292)
3(1111 997 1193)
3(1066 1111 1193)
3(482 399 1243)
3(90 89 1282)
3(89 1160 1282)
3(90 1160 89)
3(1046 1303 1241)
3(1046 1104 1303)
3(1246 590 1332)
3(1014 1246 1332)
3(1211 1278 1050)
3(1211 1212 1278)
3(110 1031 1155)
3(110 1155 109)
3(85 1313 310)
3(1150 310 1313)
3(85 310 1150)
3(63 62 1241)
3(63 1072 62)
3(1060 1335 1282)
3(1067 1153 1219)
3(119 1242 120)
3(119 120 1073)
3(808 1088 1228)
3(808 1228 809)
3(808 809 1088)
3(377 117 1190)
3(850 818 1319)
3(148 1092 501)
3(148 501 240)
3(466 1044 432)
3(466 1298 1044)
3(466 432 1298)
3(1276 1160 1335)
3(89 1335 1160)
3(89 1160 1276)
3(66 1314 369)
3(1148 369 1314)
3(66 369 1148)
3(349 123 1315)
3(349 1315 1149)
3(349 1149 123)
3(1199 1006 1289)
3(1071 1289 1006)
3(1079 1333 988)
3(1079 1277 1333)
3(502 471 1087)
3(502 1194 471)
3(721 1085 752)
3(721 752 1195)
3(627 596 1086)
3(627 1196 596)
3(1126 1035 1300)
3(1023 1182 1330)
3(1050 1330 1182)
3(1054 1199 1289)
3(677 1320 678)
3(1014 1303 1325)
3(1014 1175 1303)
3(1006 1199 1054)
3(440 481 1208)
3(327 1169 67)
3(307 1170 48)
3(543 1052 1232)
3(1232 1052 1259)
3(1014 1046 1325)
3(604 1232 543)
3(151 1089 1253)
3(847 151 1253)
3(847 1089 151)
3(304 1295 51)
3(304 51 1262)
3(1044 1178 1308)
3(1178 1105 1308)
3(1175 1104 1303)
3(315 1300 1183)
3(1035 1183 1300)
3(188 187 1304)
3(690 731 1210)
3(1056 1140 1295)
3(1056 1295 992)
3(61 1299 1067)
3(626 167 1093)
3(626 243 167)
3(511 999 606)
3(511 606 1185)
3(421 423 1122)
3(421 1279 423)
3(1063 1322 1157)
3(1063 1157 1163)
3(1136 1063 1181)
3(985 1312 1146)
3(1207 1146 1312)
3(784 785 1271)
3(1146 1125 1312)
3(985 1312 1125)
3(352 351 1180)
3(101 352 1180)
3(1161 368 1343)
3(1048 1161 1343)
3(926 1138 899)
3(631 899 1138)
3(926 899 631)
3(918 1139 898)
3(506 898 1139)
3(918 898 506)
3(221 222 1077)
3(221 1258 222)
3(169 170 1140)
3(996 1185 1270)
3(345 1204 88)
3(793 792 1134)
3(791 793 1134)
3(1032 1331 1128)
3(415 1128 1338)
3(484 1128 415)
3(484 415 1338)
3(789 856 1123)
3(570 1002 517)
3(695 1003 642)
3(839 821 1346)
3(1127 1000 1334)
3(946 1196 894)
3(895 947 1195)
3(893 945 1194)
3(1243 1128 1268)
3(994 1268 1128)
3(994 1243 1268)
3(637 1106 211)
3(1077 1312 1192)
3(1260 1192 1312)
3(287 710 1244)
3(277 710 287)
3(277 287 1244)
3(1003 1321 1242)
3(149 1092 778)
3(149 778 1318)
3(352 100 1180)
3(1162 1070 1205)
3(1161 1162 1205)
3(900 934 1145)
3(756 900 1145)
3(756 934 900)
3(1072 1178 1308)
3(1178 1011 1308)
3(1072 1308 1011)
3(1016 1186 1320)
3(1045 1320 1186)
3(350 1321 1147)
3(462 1181 454)
3(1073 1175 1303)
3(1039 1128 1331)
3(1039 1001 1128)
3(1128 1001 1331)
3(794 793 1134)
3(393 1229 457)
3(1057 1209 1230)
3(761 856 1057)
3(1065 1113 1204)
3(1071 1289 1168)
3(1071 1233 1289)
3(1032 1281 1331)
3(72 1331 1281)
3(325 1254 69)
3(387 1273 480)
3(1128 1331 1341)
3(1331 1039 1341)
3(1128 1341 1039)
3(1185 999 1223)
3(1185 1223 1270)
3(567 1048 545)
3(567 1232 1048)
3(567 545 1232)
3(1042 1279 1280)
3(1279 478 1280)
3(808 1346 1228)
3(1088 1228 1346)
3(475 1036 1280)
3(475 1280 157)
3(1225 1079 1263)
3(866 1225 1263)
3(866 1263 1079)
3(159 1305 394)
3(158 394 1305)
3(753 1195 737)
3(612 628 1196)
3(487 503 1194)
3(1157 396 1234)
3(458 396 1157)
3(458 1234 396)
3(1039 1143 1191)
3(1308 1044 1349)
3(1178 1308 1349)
3(1071 1292 1336)
3(1071 1224 1292)
3(1128 1268 1001)
3(221 775 1077)
3(1264 188 1304)
3(1113 1284 1288)
3(1113 1288 1100)
3(1284 1100 1288)
3(1011 1044 1349)
3(1011 1349 1308)
3(239 1129 384)
3(498 384 1129)
3(239 384 498)
3(659 1245 657)
3(659 657 1132)
3(1037 1309 1007)
3(851 1255 156)
3(309 64 1252)
3(1193 1111 1304)
3(997 1304 1111)
3(1032 1331 1341)
3(551 1339 552)
3(550 552 1339)
3(1049 1267 1230)
3(321 1230 1267)
3(1136 1181 1322)
3(1181 983 1322)
3(1136 983 1181)
3(638 726 1212)
3(1146 329 1207)
3(1191 1059 1273)
3(1001 1273 1059)
3(1001 1191 1273)
3(428 444 1040)
3(428 1306 444)
3(818 799 1054)
3(884 1253 838)
3(1253 1197 1254)
3(1091 1253 1254)
3(788 789 1123)
3(865 1333 1188)
3(865 1188 1062)
3(1081 1124 1226)
3(788 1123 787)
3(121 1249 370)
3(362 1317 112)
3(219 641 1118)
3(641 715 1118)
3(730 703 1107)
3(740 202 1094)
3(740 1221 202)
3(615 183 1095)
3(615 1222 183)
3(351 120 1242)
3(120 352 1242)
3(1053 1306 1040)
3(1053 1217 1306)
3(505 1063 411)
3(497 411 1063)
3(1016 1124 1226)
3(1079 1263 985)
3(1224 1168 1289)
3(94 1289 1168)
3(94 1224 1289)
3(372 63 1241)
3(63 371 1241)
3(1065 1288 345)
3(1065 1204 1288)
3(1204 345 1288)
3(759 236 1130)
3(759 1130 874)
3(759 874 236)
3(864 805 1033)
3(864 1261 805)
3(1015 1156 1317)
3(1156 1052 1317)
3(97 1247 335)
3(1192 1028 1312)
3(1077 1028 1192)
3(84 1313 310)
3(858 819 1319)
3(858 1027 819)
3(819 1027 1319)
3(1179 1058 1298)
3(1044 1298 1058)
3(1044 1179 1298)
3(439 466 1044)
3(369 65 1314)
3(65 370 1314)
3(349 122 1315)
3(350 1315 122)
3(63 312 1308)
3(386 1032 481)
3(1074 1158 1187)
3(1160 1245 1324)
3(1160 1324 1060)
3(900 1145 930)
3(308 56 1293)
3(520 1152 173)
3(76 1141 314)
3(394 1053 1305)
3(159 1053 394)
3(445 493 1004)
3(436 445 1004)
3(1058 1298 1040)
3(1179 1040 1298)
3(306 74 1143)
3(866 1225 877)
3(866 877 1263)
3(76 308 1141)
3(1018 1175 1303)
3(996 1185 1223)
3(469 450 1126)
3(885 912 1207)
3(85 912 885)
3(85 885 1207)
3(120 371 1303)
3(719 700 1124)
3(636 1031 731)
3(1020 1178 1308)
3(786 879 1091)
3(786 1271 879)
3(666 1127 664)
3(1120 1082 1231)
3(1013 1120 1231)
3(620 529 1138)
3(495 404 1139)
3(138 635 939)
3(138 895 635)
3(126 385 937)
3(126 893 385)
3(510 938 132)
3(510 132 894)
3(999 996 1185)
3(1065 1288 1113)
3(1065 1284 1288)
3(1063 1181 1322)
3(695 743 1003)
3(695 1003 686)
3(570 618 1002)
3(561 570 1002)
3(475 1305 1036)
3(475 158 1305)
3(301 1191 55)
3(1051 1166 1202)
3(373 1202 1166)
3(1001 1039 1338)
3(1039 1191 1338)
3(1001 1338 1191)
3(74 301 1143)
3(239 291 1129)
3(309 1313 84)
3(636 691 1031)
3(151 1234 1253)
3(151 1089 1234)
3(1234 1089 1253)
3(808 1346 809)
3(1228 809 1346)
3(1125 1312 1028)
3(1125 1028 1146)
3(847 772 1253)
3(772 151 1253)
3(485 1243 457)
3(485 457 1229)
3(399 485 1243)
3(467 449 1121)
3(783 1271 786)
3(707 1245 735)
3(707 649 1245)
3(846 1125 863)
3(169 168 1290)
3(217 1082 771)
3(217 771 1286)
3(940 144 760)
3(896 760 144)
3(537 565 1185)
3(546 548 1328)
3(548 547 1328)
3(1067 1218 1219)
3(1218 1153 1219)
3(1281 1039 1331)
3(303 1281 1331)
3(1038 1161 1205)
3(374 1205 1161)
3(778 834 1318)
3(993 1324 1160)
3(993 1160 1245)
3(808 807 1088)
3(1038 1328 1161)
3(1017 1161 1328)
3(1039 1061 1348)
3(1217 1058 1298)
3(997 1201 1055)
3(1191 1009 1273)
3(1059 1273 1009)
3(1120 1045 1177)
3(1120 1177 1231)
3(922 899 1138)
3(914 898 1139)
3(416 415 1128)
3(416 1338 415)
3(1253 1029 1254)
3(1197 1029 1253)
3(1197 1254 1029)
3(1053 1183 1306)
3(1035 1306 1183)
3(1035 1053 1306)
3(361 52 1223)
3(993 1060 1160)
3(993 1324 1060)
3(686 1103 684)
3(559 561 1104)
3(443 1280 1035)
3(1279 1035 1280)
3(443 1279 1280)
3(1011 1179 1349)
3(1044 1349 1179)
3(947 935 1195)
3(946 927 1196)
3(945 919 1194)
3(848 826 1292)
3(654 1145 745)
3(1046 1153 1218)
3(376 1218 1153)
3(726 692 1278)
3(1103 1321 1180)
3(1103 1180 1242)
3(1103 1242 1321)
3(508 1340 396)
3(1234 396 1340)
3(508 396 1234)
3(436 1105 434)
3(362 1285 1317)
3(1051 1339 1166)
3(1024 1166 1339)
3(1238 694 1320)
3(1045 1238 1320)
3(717 699 1120)
3(411 505 1340)
3(642 1003 743)
3(618 517 1002)
3(428 489 1040)
3(620 203 1094)
3(620 1138 203)
3(495 184 1095)
3(495 1139 184)
3(308 1293 314)
3(308 314 1141)
3(276 290 1174)
3(290 262 1174)
3(276 1174 262)
3(346 1211 1182)
3(1050 1182 1211)
3(431 430 1349)
3(430 429 1349)
3(431 1349 429)
3(1098 1101 1255)
3(1170 1137 1322)
3(307 1137 1170)
3(287 749 1244)
3(287 710 749)
3(749 710 1244)
3(150 1253 151)
3(150 151 1234)
3(236 873 1130)
3(1130 873 1337)
3(236 1130 1337)
3(301 54 1191)
3(1236 1155 1237)
3(1015 1236 1237)
3(390 1058 1217)
3(390 161 1058)
3(390 1217 161)
3(476 1348 155)
3(352 1180 1242)
3(1180 1047 1242)
3(460 461 1291)
3(603 567 1048)
3(696 687 1117)
3(562 1116 571)
3(446 437 1115)
3(871 1151 837)
3(871 786 1151)
3(292 270 1337)
3(270 266 1337)
3(1047 1013 1274)
3(351 1321 350)
3(1031 110 1236)
3(1236 110 1334)
3(569 551 1176)
3(553 569 1176)
3(236 289 1130)
3(209 1084 649)
3(697 745 1258)
3(697 1258 753)
3(878 1125 846)
3(878 846 1192)
3(1153 1046 1325)
3(1014 1153 1325)
3(1103 1321 1019)
3(1158 1037 1309)
3(1007 1158 1309)
3(1037 1158 1239)
3(1158 354 1239)
3(384 499 1129)
3(239 499 384)
3(239 1129 499)
3(1068 991 1250)
3(1068 1250 1335)
3(1053 486 1217)
3(159 486 1053)
3(159 1217 486)
3(1124 1037 1186)
3(1124 1186 1226)
3(1018 1175 1104)
3(1020 1178 1105)
3(581 587 1111)
3(581 1227 587)
3(502 1171 488)
3(613 627 1172)
3(752 1173 738)
3(1136 1056 1295)
3(940 779 904)
3(940 1125 779)
3(940 904 1125)
3(899 923 1138)
3(926 1138 923)
3(898 915 1139)
3(918 1139 915)
3(1111 1099 1347)
3(986 1347 1099)
3(986 1111 1347)
3(362 54 1285)
3(148 1092 149)
3(148 401 1092)
3(1141 1036 1305)
3(1035 1141 1305)
3(288 1244 1100)
3(1184 1100 1244)
3(288 1184 1244)
3(288 1100 1184)
3(190 189 1080)
3(764 1081 216)
3(764 216 1286)
3(254 239 1291)
3(254 1291 285)
3(239 285 1291)
3(850 1319 158)
3(1259 1156 1317)
3(1022 1317 1156)
3(1100 711 1244)
3(634 711 1100)
3(634 1244 711)
3(1142 1327 1024)
3(1142 1024 1190)
3(824 1102 804)
3(802 804 1102)
3(69 1163 70)
3(69 70 1197)
3(69 1197 1163)
3(1059 1009 1154)
3(1154 1009 1200)
3(1059 1154 1200)
3(402 168 1093)
3(402 1290 168)
3(166 897 905)
3(166 1277 897)
3(166 905 1277)
3(905 897 1277)
3(1142 1045 1327)
3(907 1263 1207)
3(1079 1207 1263)
3(69 305 1163)
3(353 1327 1186)
3(1045 1186 1327)
3(421 474 1122)
3(59 315 1183)
3(313 1183 315)
3(352 351 1242)
3(553 1339 552)
3(592 1246 523)
3(592 523 1112)
3(931 1145 900)
3(489 1298 428)
3(1078 1156 1317)
3(1078 1317 1015)
3(873 1130 759)
3(873 759 236)
3(982 1132 1210)
3(641 220 1118)
3(61 317 1179)
3(317 316 1179)
3(558 573 1325)
3(558 1175 573)
3(1013 1274 1180)
3(1047 1180 1274)
3(463 1234 1157)
3(463 1157 396)
3(463 396 1234)
3(941 1263 862)
3(941 862 760)
3(760 862 1263)
3(430 432 1349)
3(430 1298 432)
3(430 1349 1298)
3(1224 1071 1289)
3(1056 1329 1266)
3(972 1266 1329)
3(329 85 1207)
3(168 167 1093)
3(167 526 1093)
3(724 1309 671)
3(673 671 1309)
3(724 673 1309)
3(490 491 1333)
3(490 1333 403)
3(1111 1227 1347)
3(1227 1099 1347)
3(466 1326 1044)
3(1298 1044 1326)
3(466 1298 1326)
3(724 1119 671)
3(332 331 1198)
3(82 1198 331)
3(343 1236 1334)
3(1187 1074 1239)
3(1158 1187 1239)
3(166 882 1277)
3(597 1140 170)
3(463 1234 1340)
3(1234 1157 1340)
3(463 1340 1157)
3(445 392 1004)
3(1013 1118 1180)
3(1013 1274 1118)
3(698 681 1274)
3(1136 1295 1329)
3(1136 1329 50)
3(1058 492 1326)
3(161 492 1058)
3(161 1326 492)
3(490 445 1333)
3(1131 1229 1262)
3(1131 1262 994)
3(218 1272 840)
3(395 1341 154)
3(395 154 1348)
3(395 1348 1341)
3(479 1348 442)
3(1160 1335 993)
3(1160 993 1276)
3(825 1135 800)
3(458 463 1157)
3(993 1060 1335)
3(1060 1160 1335)
3(665 663 1127)
3(276 290 1099)
3(276 1099 1174)
3(315 1300 59)
3(821 810 1346)
3(590 1246 523)
3(801 819 1027)
3(801 1261 819)
3(907 1263 911)
3(304 69 1163)
3(724 701 1119)
3(701 647 1119)
3(355 96 1226)
3(317 1299 61)
3(1125 1192 1312)
3(1050 1278 1330)
3(1278 692 1330)
3(1071 1233 1006)
3(761 1057 816)
3(356 357 1231)
3(99 356 1231)
3(486 1306 1053)
3(486 1217 1306)
3(356 98 1231)
3(425 469 1126)
3(422 478 1279)
3(145 941 760)
3(896 145 760)
3(410 1131 411)
3(410 411 1340)
3(203 202 1094)
3(184 183 1095)
3(599 1328 546)
3(599 548 1328)
3(599 1109 546)
3(139 944 1195)
3(139 1195 895)
3(944 895 1195)
3(133 943 1196)
3(894 133 1196)
3(894 1196 943)
3(942 1194 127)
3(893 127 1194)
3(942 893 1194)
3(679 717 1120)
3(681 679 1120)
3(355 353 1226)
3(97 355 1226)
3(884 772 1253)
3(348 95 1158)
3(348 1168 95)
3(237 288 1244)
3(1091 1253 1029)
3(1091 1029 1254)
3(1070 1005 1205)
3(1070 1205 1293)
3(1268 1128 1331)
3(870 776 1079)
3(1265 1127 1334)
3(672 1187 693)
3(674 693 1187)
3(1280 1035 1305)
3(443 1280 1305)
3(1191 1114 1273)
3(477 154 1341)
3(477 1307 154)
3(477 1341 1307)
3(331 1198 1297)
3(332 331 1297)
3(480 1273 453)
3(480 453 1338)
3(275 276 1099)
3(1099 276 1311)
3(275 1311 276)
3(409 1131 412)
3(412 1131 1208)
3(755 661 1284)
3(755 1316 661)
3(235 276 1294)
3(235 1294 299)
3(276 299 1294)
3(554 556 1325)
3(556 555 1325)
3(1078 1182 1278)
3(1182 1034 1278)
3(697 650 1117)
3(697 1258 650)
3(697 1117 1258)
3(483 1035 1306)
3(483 1306 424)
3(173 482 1273)
3(173 1152 482)
3(662 659 1132)
3(662 1132 1210)
3(822 775 1192)
3(821 822 1192)
3(799 1319 818)
3(609 1257 538)
3(609 538 1159)
3(609 1159 1257)
3(415 413 1128)
3(540 1159 539)
3(540 541 1159)
3(520 1154 1232)
3(1154 1059 1232)
3(331 1198 83)
3(331 330 1198)
3(390 1058 1298)
3(390 1298 1217)
3(931 930 1145)
3(931 1214 930)
3(949 925 1342)
3(164 1188 1333)
3(392 164 1333)
3(392 1188 164)
3(1224 1030 1292)
3(1134 1224 1292)
3(358 1184 105)
3(358 231 1184)
3(358 105 231)
3(231 105 1184)
3(941 910 862)
3(862 910 1263)
3(941 1263 910)
3(594 550 1339)
3(594 1108 550)
3(950 909 1344)
3(951 917 1345)
3(1268 1001 1331)
3(1170 257 1269)
3(1141 1280 1305)
3(1280 1036 1305)
3(292 270 1144)
3(1144 270 1337)
3(1265 1000 1334)
3(822 1192 869)
3(822 878 1192)
3(657 735 1245)
3(1267 1061 1281)
3(73 1267 1281)
3(1137 1322 983)
3(1076 1142 1327)
3(817 1255 773)
3(341 1182 93)
3(341 346 1182)
3(778 148 1092)
3(1137 1291 977)
3(981 1163 1234)
3(1163 1197 1234)
3(940 779 143)
3(904 143 779)
3(1244 711 1284)
3(710 1284 711)
3(710 711 1244)
3(341 1248 93)
3(932 892 1146)
3(786 838 1091)
3(594 552 1339)
3(997 1201 1264)
3(775 1192 869)
3(737 140 934)
3(944 140 737)
3(128 918 487)
3(128 487 942)
3(134 926 612)
3(134 612 943)
3(356 357 1177)
3(923 922 1138)
3(923 1215 922)
3(923 1138 1215)
3(915 914 1139)
3(915 1216 914)
3(915 1139 1216)
3(57 1070 1293)
3(57 1293 56)
3(310 1344 1150)
3(1313 1150 1344)
3(834 838 1091)
3(880 1091 838)
3(847 152 1089)
3(472 1089 152)
3(1132 1245 1276)
3(1132 1276 995)
3(1245 995 1276)
3(60 1299 1067)
3(60 61 1299)
3(592 554 1325)
3(592 1112 554)
3(377 118 1153)
3(377 1190 118)
3(349 1342 1149)
3(1315 1149 1342)
3(584 583 1266)
3(1218 1072 1308)
3(1011 1072 1218)
3(369 1345 1148)
3(1314 1148 1345)
3(521 1140 597)
3(355 353 1186)
3(566 606 999)
3(1184 1288 1310)
3(347 1184 1310)
3(568 547 1162)
3(549 568 1162)
3(548 549 1328)
3(466 1326 439)
3(1044 439 1326)
3(173 1273 387)
3(402 167 1093)
3(993 1324 1335)
3(1060 1335 1324)
3(412 410 1131)
3(409 1131 410)
3(662 660 1132)
3(660 659 1132)
3(783 785 1271)
3(533 1301 535)
3(533 535 1133)
3(234 1170 260)
3(234 259 1170)
3(711 1284 1100)
3(1244 1100 1284)
3(751 241 1165)
3(277 1165 241)
3(277 241 751)
3(1089 1197 1253)
3(58 1300 1069)
3(58 59 1300)
3(410 1131 408)
3(104 1342 349)
3(104 1214 1342)
3(448 1349 433)
3(448 433 1178)
3(700 1309 675)
3(700 675 1124)
3(1235 1054 1319)
3(1024 1190 1246)
3(1190 1142 1246)
3(269 875 1164)
3(242 1164 875)
3(242 269 1164)
3(242 875 269)
3(377 376 1153)
3(673 672 1309)
3(1005 1069 1205)
3(1205 1069 1300)
3(166 897 12)
3(166 12 905)
3(1211 1182 1278)
3(1078 1211 1278)
3(1019 1117 1321)
3(405 1290 454)
3(405 454 1181)
3(1181 454 1290)
3(704 712 1113)
3(189 582 1080)
3(189 1264 582)
3(1076 1186 1238)
3(1037 1238 1186)
3(1100 1310 1288)
3(1100 1288 987)
3(1012 1067 1202)
3(1202 1067 1299)
3(369 123 1345)
3(123 1215 1345)
3(310 66 1344)
3(66 1216 1344)
3(592 556 1325)
3(870 1079 866)
3(870 866 1263)
3(535 534 1133)
3(234 260 1137)
3(298 234 1137)
3(298 1137 260)
3(215 1233 214)
3(720 214 1233)
3(214 845 1233)
3(940 863 779)
3(779 863 1125)
3(89 88 1335)
3(281 455 39)
3(247 39 455)
3(282 705 27)
3(244 27 705)
3(33 283 580)
3(33 580 245)
3(878 779 1125)
3(1107 1034 1182)
3(1107 1182 1248)
3(548 550 1328)
3(1205 1005 1206)
3(1205 1070 1206)
3(557 556 1325)
3(556 558 1325)
3(554 1339 552)
3(658 1316 660)
3(658 660 1132)
3(346 1182 112)
3(1100 1184 1288)
3(1100 1310 1184)
3(542 1259 605)
3(542 605 1156)
3(480 417 1114)
3(480 1338 417)
3(443 1305 483)
3(579 587 1111)
3(910 862 146)
3(941 146 862)
3(185 898 13)
3(185 13 913)
3(204 899 14)
3(204 14 921)
3(900 15 223)
3(223 15 929)
3(360 1317 362)
3(360 362 1285)
3(212 637 1336)
3(212 1106 637)
3(637 1106 1336)
3(1164 269 1337)
3(875 1337 269)
3(218 217 1082)
3(396 150 1234)
3(346 1211 112)
3(591 555 1219)
3(557 591 1219)
3(276 1294 1311)
3(235 276 1311)
3(235 1311 1294)
3(603 567 1232)
3(1054 1036 1235)
3(1235 1036 1319)
3(1155 1031 1236)
3(441 1039 479)
3(416 479 1039)
3(441 416 1039)
3(279 273 1165)
3(279 1311 273)
3(675 1309 673)
3(674 673 1309)
3(1072 62 1308)
3(63 1308 62)
3(935 944 1195)
3(943 1196 927)
3(919 942 1194)
3(463 1340 396)
3(463 508 1340)
3(993 1245 1276)
3(1250 1151 1283)
3(978 1283 1151)
3(280 835 21)
3(246 21 835)
3(854 791 1049)
3(120 1303 119)
3(1250 991 1283)
3(271 265 1164)
3(271 1310 265)
3(1260 1198 1297)
3(331 1260 1297)
3(331 1198 1260)
3(472 1234 151)
3(472 151 1089)
3(1071 1224 1030)
3(1123 998 1209)
3(1202 1012 1203)
3(48 1294 367)
3(48 1269 1294)
3(838 1253 1318)
3(838 1318 1091)
3(1253 1091 1318)
3(572 571 1116)
3(697 696 1117)
3(447 446 1115)
3(1021 1297 1260)
3(1021 1198 1297)
3(1021 1260 1198)
3(410 1208 412)
3(1132 1210 1276)
3(660 1210 662)
3(114 1161 368)
3(114 368 1343)
3(713 754 1316)
3(1202 1069 1203)
3(368 374 1161)
3(739 1256 680)
3(711 709 1284)
3(1064 1243 994)
3(423 422 1279)
3(858 774 1319)
3(774 819 1319)
3(431 432 1349)
3(150 1253 772)
3(544 1259 543)
3(324 89 1282)
3(629 1301 588)
3(875 830 1337)
3(777 1337 830)
3(457 407 1229)
3(491 1087 438)
3(445 438 1087)
3(616 1086 563)
3(570 563 1086)
3(688 741 1085)
3(695 688 1085)
3(1112 1190 1246)
3(132 613 938)
3(138 738 939)
3(126 488 937)
3(479 1039 1341)
3(1341 1039 1348)
3(479 1341 1348)
3(414 415 1128)
3(416 414 1128)
3(348 354 1158)
3(1236 1078 1317)
3(1015 1078 1236)
3(599 576 1109)
3(838 1253 833)
3(838 833 1318)
3(1169 249 1287)
3(906 1277 897)
3(215 1081 216)
3(643 707 1324)
3(643 1245 707)
3(796 849 1199)
3(998 1110 1275)
3(1110 1097 1275)
3(1011 1218 1220)
3(1218 1067 1220)
3(1074 113 1343)
3(114 1343 113)
3(838 1318 834)
3(711 1100 706)
3(634 706 1100)
3(908 889 1150)
3(916 891 1148)
3(924 890 1149)
3(387 482 1273)
3(907 1207 885)
3(91 1230 321)
3(91 321 1275)
3(809 810 1346)
3(808 1346 810)
3(566 511 999)
3(706 711 1284)
3(1045 1177 1256)
3(502 438 1087)
3(438 471 1087)
3(752 688 1085)
3(688 721 1085)
3(627 563 1086)
3(596 1086 563)
3(665 1127 664)
3(287 30 710)
3(710 30 277)
3(284 36 585)
3(585 36 261)
3(263 1269 1170)
3(263 257 1269)
3(263 1170 257)
3(656 704 1113)
3(865 164 1188)
3(865 1333 164)
3(1245 1160 1276)
3(995 1160 1245)
3(375 373 1166)
3(1114 1191 1039)
3(1110 1230 1275)
3(234 1170 1137)
3(284 1174 262)
3(223 756 900)
3(223 1145 756)
3(232 252 1144)
3(296 232 1144)
3(296 1144 252)
3(544 605 1259)
3(597 1185 606)
3(565 606 1185)
3(1053 1306 394)
3(1053 1305 1306)
3(1305 394 1306)
3(1035 1141 1280)
3(73 321 1267)
3(849 798 1199)
3(533 1133 534)
3(831 1151 836)
3(831 836 1130)
3(1078 111 1317)
3(112 1317 111)
3(409 408 1131)
3(658 1132 659)
3(143 940 863)
3(685 1103 684)
3(559 560 1104)
3(700 1309 673)
3(232 1169 252)
3(232 251 1169)
3(162 1189 867)
3(1107 1182 1330)
3(1107 1023 1182)
3(477 395 1341)
3(434 435 1105)
3(1058 492 1298)
3(1058 1298 1326)
3(1298 492 1326)
3(1022 1074 1211)
3(1211 1074 1343)
3(204 631 899)
3(204 1138 631)
3(898 185 506)
3(506 185 1139)
3(345 1323 1288)
3(1065 1288 1323)
3(492 390 1058)
3(492 1298 390)
3(1129 1137 1322)
3(1189 1251 1326)
3(594 575 1108)
3(237 278 1244)
3(278 288 1244)
3(592 574 1112)
3(1111 1347 1066)
3(1111 1193 1347)
3(320 1230 321)
3(864 861 1261)
3(254 1291 1129)
3(1137 1129 1291)
3(254 1129 1137)
3(810 809 1228)
3(811 1228 809)
3(198 1246 640)
3(198 640 1142)
3(399 1243 484)
3(993 1335 1068)
3(1204 1068 1335)
3(910 1263 911)
3(394 486 1053)
3(987 1113 1288)
3(1017 1239 1240)
3(1239 1074 1240)
3(475 1305 1280)
3(601 567 1232)
3(287 749 237)
3(237 749 1244)
3(287 237 1244)
3(424 422 1279)
3(431 433 1349)
3(609 1257 610)
3(956 1146 338)
3(338 1146 1207)
3(956 338 1207)
3(1066 1227 972)
3(1066 972 1347)
3(1066 1347 1227)
3(972 1227 1347)
3(309 1252 310)
3(309 310 1313)
3(305 1322 49)
3(305 49 1136)
3(556 573 1325)
3(212 723 1336)
3(723 637 1336)
3(333 1213 336)
3(98 336 1213)
3(575 1328 550)
3(575 550 1108)
3(1114 1338 1191)
3(1273 1191 1338)
3(974 1258 1117)
3(937 496 901)
3(937 1171 496)
3(937 901 1171)
3(902 938 621)
3(621 938 1172)
3(902 1172 938)
3(939 746 903)
3(939 1173 746)
3(939 903 1173)
3(751 186 1165)
3(241 186 751)
3(369 370 1249)
3(369 1314 370)
3(205 1164 875)
3(205 875 242)
3(1131 1208 1262)
3(295 276 1294)
3(262 1294 276)
3(394 486 1306)
3(472 396 1234)
3(273 241 1165)
3(386 1032 1341)
3(481 386 1341)
3(333 1296 336)
3(897 166 882)
3(1238 1076 1327)
3(1186 1238 1327)
3(153 1307 154)
3(153 477 1307)
3(402 405 1290)
3(402 1290 454)
3(554 574 1339)
3(554 1112 574)
3(1099 276 1294)
3(387 453 1273)
3(1094 1116 1249)
3(326 1224 93)
3(975 1094 1116)
3(621 131 938)
3(621 902 131)
3(137 939 746)
3(137 746 903)
3(125 937 496)
3(125 496 901)
3(1039 1341 1281)
3(1331 1281 1341)
3(1095 1115 1252)
3(976 1095 1115)
3(1061 1281 1307)
3(1234 1163 1340)
3(1157 1163 1234)
3(1157 1340 1163)
3(1102 1026 1213)
3(983 1181 1290)
3(230 1269 2)
3(263 2 1269)
3(230 263 1269)
3(269 266 1164)
3(269 1337 266)
3(265 242 1164)
3(542 1259 544)
3(228 1144 339)
3(86 339 1144)
3(228 339 86)
3(228 86 1144)
3(219 840 1272)
3(747 1284 755)
3(829 837 1151)
3(829 1283 837)
3(829 1151 1283)
3(1043 1255 1098)
3(1091 1318 1029)
3(1254 1091 1318)
3(30 749 287)
3(36 624 284)
3(1075 1246 1190)
3(307 67 1137)
3(1137 67 1287)
3(303 73 1281)
3(998 1110 1230)
3(96 335 1247)
3(538 1159 540)
3(906 905 1277)
3(1124 1186 1320)
3(1124 1016 1186)
3(977 1129 1137)
3(998 1230 1123)
3(1209 1123 1230)
3(723 213 1336)
3(723 1336 647)
3(521 170 1140)
3(234 2 1170)
3(263 1170 2)
3(263 234 1170)
3(274 273 1165)
3(1118 1302 1013)
3(863 940 144)
3(232 1169 1144)
3(254 239 1129)
3(1129 239 1291)
3(1160 1282 1335)
3(1282 89 1335)
3(1113 1204 1288)
3(233 268 1184)
3(233 1184 297)
3(268 297 1184)
3(623 34 238)
3(623 283 34)
3(40 239 498)
3(281 40 498)
3(145 941 862)
3(395 155 1348)
3(1022 1211 1212)
3(1211 1078 1212)
3(266 265 1164)
3(1109 1161 1343)
3(567 543 1232)
3(200 1332 590)
3(341 92 1248)
3(496 1171 491)
3(616 621 1172)
3(746 1173 741)
3(353 355 1327)
3(116 353 1327)
3(353 117 1327)
3(441 1341 479)
3(441 1039 1341)
3(874 22 236)
3(874 280 22)
3(748 28 237)
3(748 282 28)
3(153 1307 852)
3(928 123 11)
3(11 123 890)
3(920 66 8)
3(8 66 891)
3(104 10 936)
3(892 10 104)
3(912 85 9)
3(9 85 889)
3(937 488 496)
3(496 488 1171)
3(613 621 938)
3(613 1172 621)
3(939 738 746)
3(746 738 1173)
3(721 635 1195)
3(510 1196 596)
3(385 1194 471)
3(338 1146 892)
3(338 104 1146)
3(338 892 104)
3(101 1297 331)
3(101 331 1260)
3(643 208 1324)
3(1034 1182 1330)
3(491 502 1087)
3(491 1171 502)
3(627 1086 616)
3(627 616 1172)
3(741 752 1085)
3(741 1173 752)
3(873 831 1130)
3(873 1337 831)
3(1040 1121 1179)
3(1179 1121 1298)
3(241 274 1165)
3(1066 1266 972)
3(94 1289 95)
3(94 95 1168)
3(1121 1179 1299)
3(52 364 1223)
3(885 1207 952)
3(885 956 1207)
3(131 938 613)
3(738 137 939)
3(488 125 937)
3(535 536 1301)
3(453 415 1338)
3(39 281 498)
3(27 282 748)
3(623 33 283)
3(833 1253 772)
3(748 1100 706)
3(294 260 1137)
3(260 254 1137)
3(266 1164 242)
3(1234 1197 1253)
3(378 1294 1311)
3(367 1294 378)
3(367 378 1311)
3(89 1335 323)
3(89 323 1282)
3(419 417 1114)
3(1035 1126 1183)
3(235 275 1311)
3(1066 1329 1347)
3(972 1329 1066)
3(525 1094 203)
3(400 1095 184)
3(270 236 1337)
3(286 270 1337)
3(1075 1177 1256)
3(365 1329 1347)
3(1121 1349 1179)
3(1298 1179 1349)
3(1121 1298 1349)
3(1029 1163 1234)
3(292 252 1144)
3(270 1144 252)
3(654 140 934)
3(918 404 128)
3(134 926 529)
3(892 956 1146)
3(338 956 892)
3(501 460 1291)
3(51 50 1295)
3(431 448 1349)
3(1037 1186 1320)
3(1305 1035 1306)
3(483 1305 1306)
3(198 1246 199)
3(280 874 21)
3(1126 1183 1300)
3(1266 1066 1329)
3(217 843 1286)
3(632 130 902)
3(632 913 130)
3(507 124 901)
3(507 905 124)
3(136 903 757)
3(136 757 921)
3(359 890 1342)
3(953 359 1342)
3(953 890 359)
3(953 1342 890)
3(889 1344 318)
3(954 318 1344)
3(889 318 954)
3(889 954 1344)
3(891 379 955)
3(891 1345 379)
3(955 379 1345)
3(891 955 1345)
3(1068 1324 1335)
3(1107 1106 1248)
3(1023 1107 1248)
3(162 494 1326)
3(661 1316 660)
3(737 1195 139)
3(737 139 944)
3(133 612 1196)
3(133 943 612)
3(487 1194 127)
3(487 127 942)
3(897 12 882)
3(611 519 1203)
3(611 1176 519)
3(151 396 1234)
3(208 207 1324)
3(881 142 904)
3(881 929 142)
3(1014 1246 1190)
3(1014 1075 1246)
3(431 467 1349)
3(575 1328 548)
3(386 1307 1341)
3(1307 1032 1341)
3(444 486 1217)
3(444 1306 486)
3(880 1091 786)
3(819 803 1261)
3(235 1294 378)
3(299 378 1294)
3(235 378 299)
3(707 657 1245)
3(1007 1119 1158)
3(1010 1228 1297)
3(1088 1297 1228)
3(1088 1010 1297)
3(905 507 166)
3(166 507 1277)
3(1017 1109 1161)
3(552 574 1339)
3(309 1252 65)
3(855 794 1134)
3(855 1292 794)
3(284 624 238)
3(238 624 1174)
3(284 238 1174)
3(85 9 885)
3(370 1249 122)
3(49 50 1136)
3(49 1329 50)
3(697 1117 687)
3(721 687 1117)
3(572 1116 562)
3(596 562 1116)
3(437 447 1115)
3(437 1115 471)
3(1039 1341 1061)
3(1281 1061 1341)
3(499 239 41)
3(499 41 285)
3(499 285 239)
3(238 35 624)
3(624 35 284)
3(461 1129 499)
3(461 499 1291)
3(499 1129 1291)
3(255 1287 1169)
3(255 1169 249)
3(255 249 1287)
3(1032 1281 1341)
3(731 662 1210)
3(527 530 1304)
3(579 1304 530)
3(518 189 1264)
3(831 1151 871)
3(630 584 1266)
3(586 630 1266)
3(889 318 1150)
3(85 318 889)
3(85 1150 318)
3(891 379 1148)
3(891 66 379)
3(379 66 1148)
3(359 1149 890)
3(359 890 123)
3(359 123 1149)
3(481 412 1208)
3(147 882 910)
3(147 897 882)
3(232 0 1169)
3(255 1169 0)
3(255 232 1169)
3(48 263 1269)
3(48 1170 263)
3(843 216 1286)
3(307 305 1322)
3(892 933 1146)
3(23 873 236)
3(23 286 873)
3(233 268 1310)
3(233 1310 1184)
3(268 1184 1310)
3(812 822 1192)
3(749 237 29)
3(749 29 287)
3(986 1111 1193)
3(135 631 926)
3(135 899 631)
3(506 918 129)
3(506 129 898)
3(141 756 934)
3(900 756 141)
3(1011 1121 1179)
3(910 870 862)
3(862 870 1263)
3(384 1129 456)
3(506 898 13)
3(14 631 899)
3(756 900 15)
3(820 1225 866)
3(820 865 1225)
3(345 1288 87)
3(345 87 1204)
3(878 1125 863)
3(2 1170 48)
3(234 48 1170)
3(2 48 234)
3(201 202 1221)
3(182 183 1222)
3(995 1084 1160)
3(358 233 1184)
3(358 1184 297)
3(358 297 233)
3(579 531 1111)
3(2 48 1269)
3(230 48 2)
3(230 1269 48)
3(640 716 1256)
3(321 92 1275)
3(988 1087 1150)
3(988 1150 1171)
3(989 1086 1148)
3(989 1148 1172)
3(990 1085 1149)
3(990 1149 1173)
3(590 1332 199)
3(590 199 1246)
3(412 440 1208)
3(410 1208 440)
3(1297 1260 1346)
3(1021 1297 1346)
3(390 489 1217)
3(390 1298 489)
3(1100 973 1284)
3(1100 1288 973)
3(1284 973 1288)
3(233 267 1310)
3(139 1195 635)
3(139 635 895)
3(510 133 1196)
3(894 133 510)
3(385 127 1194)
3(385 893 127)
3(152 151 1089)
3(681 683 1274)
3(515 1220 617)
3(515 617 1219)
3(195 196 1240)
3(270 1337 1130)
3(1144 1130 1337)
3(270 1130 1144)
3(483 1306 426)
3(1087 1150 1313)
3(1087 1313 988)
3(836 759 1130)
3(690 1210 662)
3(739 736 1142)
3(736 694 1142)
3(1086 1148 1314)
3(1085 1149 1315)
3(831 837 1151)
3(298 319 1137)
3(319 234 1137)
3(298 234 319)
3(730 667 1107)
3(948 932 1146)
3(948 1125 932)
3(932 1125 1146)
3(237 749 634)
3(634 749 1244)
3(89 1160 342)
3(89 342 1276)
3(822 846 1192)
3(254 291 1129)
3(886 1214 10)
3(936 10 1214)
3(886 936 1214)
3(2 48 263)
3(763 157 1167)
3(296 339 1144)
3(339 232 1144)
3(296 232 339)
3(68 1254 325)
3(1166 1051 1176)
3(794 1134 792)
3(11 888 1215)
3(928 11 1215)
3(928 1215 888)
3(8 887 1216)
3(920 8 1216)
3(920 1216 887)
3(851 817 1255)
3(459 458 1157)
3(347 358 1184)
3(600 513 1206)
3(600 1162 513)
3(175 1154 174)
3(430 489 1298)
3(654 934 141)
3(918 129 404)
3(135 529 926)
3(789 787 1123)
3(350 102 1147)
3(350 1321 102)
3(191 192 1237)
3(67 1169 255)
3(67 255 1287)
3(972 1347 1099)
3(972 1099 1294)
3(198 1142 736)
3(197 736 1142)
3(911 1263 941)
3(867 1189 883)
3(1029 1197 1234)
3(1029 1163 1197)
3(831 1130 759)
3(207 643 1324)
3(1141 1279 1280)
3(1042 1279 1141)
3(193 194 1212)
3(328 95 1289)
3(340 91 1334)
3(340 1265 91)
3(91 1265 1334)
3(417 1338 415)
3(1161 1038 1162)
3(300 53 1331)
3(300 1268 53)
3(53 1268 1331)
3(54 360 1285)
3(62 1308 312)
3(1014 1190 1112)
3(1014 1112 1153)
3(343 110 1334)
3(343 1236 110)
3(1278 1182 1330)
3(347 345 1288)
3(490 164 1333)
3(392 490 1333)
3(747 711 1284)
3(57 308 1293)
3(146 910 870)
3(236 270 1130)
3(270 289 1130)
3(88 1204 1250)
3(1250 1204 1335)
3(119 1303 371)
3(176 177 1206)
3(630 588 1301)
3(630 1266 588)
3(588 1266 1301)
3(630 1301 1266)
3(945 908 1150)
3(945 1171 908)
3(1150 908 1171)
3(946 916 1148)
3(946 1172 916)
3(1148 916 1172)
3(924 1149 947)
3(924 947 1173)
3(924 1173 1149)
3(1041 1346 1297)
3(222 745 1145)
3(222 1258 745)
3(222 1145 1258)
3(258 1269 263)
3(1103 1047 1180)
3(235 1311 378)
3(384 461 1129)
3(298 229 1137)
3(319 1137 229)
3(319 229 298)
3(340 343 1334)
3(343 91 1334)
3(142 904 779)
3(300 303 1331)
3(303 53 1331)
3(622 581 1227)
3(622 1227 587)
3(24 286 1337)
3(24 1337 873)
3(24 873 286)
3(417 453 1338)
3(463 505 1157)
3(463 1340 505)
3(229 1287 319)
3(229 67 1287)
3(67 319 1287)
3(229 319 67)
3(229 1137 294)
3(298 294 1137)
3(228 1144 296)
3(228 296 339)
3(467 429 1121)
3(1238 1186 1320)
3(223 745 1145)
3(638 1240 725)
3(638 725 1187)
3(719 675 1124)
3(0 1169 67)
3(232 67 1169)
3(0 67 232)
3(1099 972 1227)
3(768 164 1188)
3(868 809 1228)
3(296 292 1144)
3(1198 1228 1297)
3(388 156 1167)
3(683 698 1274)
3(48 1294 378)
3(358 1184 1310)
3(358 1310 347)
3(72 303 1331)
3(520 1154 601)
3(520 601 1232)
3(362 111 1317)
3(486 1217 489)
3(524 1257 609)
3(605 1156 578)
3(178 179 1203)
3(640 736 1142)
3(781 829 1283)
3(862 1263 877)
3(87 325 1250)
3(905 507 12)
3(390 1217 160)
3(866 1225 813)
3(384 40 239)
3(238 509 34)
3(147 870 910)
3(486 160 1217)
3(107 1193 106)
3(107 106 1323)
3(72 303 1281)
3(99 98 1213)
3(99 1231 98)
3(772 838 1253)
3(204 620 1138)
3(185 495 1139)
3(285 1291 42)
3(499 42 1291)
3(285 42 499)
3(285 499 1291)
3(229 1287 1137)
3(319 1137 1287)
3(737 721 1195)
3(753 1195 721)
3(596 1196 612)
3(596 628 1196)
3(487 471 1194)
3(471 503 1194)
3(180 181 1220)
3(236 759 22)
3(1297 1088 1346)
3(972 1099 1174)
3(972 1174 1294)
3(1174 1099 1294)
3(895 935 1195)
3(927 1196 894)
3(893 919 1194)
3(86 233 1310)
3(358 1310 233)
3(358 86 1310)
3(358 233 86)
3(235 1311 105)
3(378 105 1311)
3(235 105 378)
3(237 634 28)
3(13 913 632)
3(14 921 757)
3(88 87 1250)
3(88 1204 87)
3(1153 1046 1219)
3(388 157 1280)
3(388 1167 157)
3(153 152 1307)
3(153 1307 386)
3(798 796 1199)
3(1021 1228 1297)
3(933 932 1146)
3(931 1214 936)
3(148 240 4)
3(148 4 248)
3(254 253 1291)
3(130 902 621)
3(903 746 136)
3(124 901 496)
3(317 60 1299)
3(173 1152 172)
3(929 881 15)
3(928 923 1215)
3(920 915 1216)
3(819 1261 864)
3(1 1310 233)
3(271 233 1310)
3(1 271 1310)
3(235 3 1311)
3(235 1311 279)
3(3 279 1311)
3(855 1292 826)
3(834 833 1318)
3(1 86 233)
3(1 1310 86)
3(235 3 105)
3(105 3 1311)
3(537 1185 606)
3(315 58 1300)
3(263 1170 259)
3(10 104 1214)
3(886 104 10)
3(886 1214 104)
3(255 1169 251)
3(1182 1278 1050)
3(167 243 7)
3(167 7 256)
3(186 241 5)
3(186 5 272)
3(205 242 6)
3(205 6 264)
3(24 269 1337)
3(286 1337 269)
3(123 1215 11)
3(123 11 888)
3(123 888 1215)
3(66 1216 8)
3(66 8 887)
3(66 887 1216)
3(238 262 1174)
3(106 365 1347)
3(106 1193 365)
3(1100 973 1244)
3(855 848 1292)
3(255 67 0)
3(694 1238 736)
3(1142 736 1238)
3(650 745 1258)
3(229 19 319)
3(319 19 298)
3(255 0 1287)
3(0 229 1287)
3(255 1287 229)
3(319 1137 1170)
3(319 307 1137)
3(319 1170 307)
3(345 1323 347)
3(589 1175 573)
3(464 1178 448)
3(339 1144 1169)
3(327 1144 339)
3(327 339 1169)
3(153 761 1307)
3(904 948 1125)
3(42 253 1291)
3(285 1291 253)
3(319 1170 234)
3(319 234 48)
3(319 48 1170)
3(232 339 1169)
3(339 67 1169)
3(232 67 339)
3(238 624 509)
3(509 624 1174)
3(338 1146 329)
3(338 329 1207)
3(1142 1327 1238)
3(231 297 1184)
3(297 293 1184)
3(164 163 1188)
3(460 253 1291)
3(42 460 1291)
3(42 253 460)
3(1228 1297 1346)
3(328 94 1289)
3(676 1320 694)
3(676 678 1320)
3(162 883 1189)
3(162 1189 161)
3(739 716 1256)
3(443 422 1279)
3(338 1207 885)
3(338 885 956)
3(41 384 239)
3(509 238 35)
3(200 1332 199)
3(97 1226 96)
3(97 96 1247)
3(1261 1090 1296)
3(1033 1261 1296)
3(1033 1296 1090)
3(973 1100 1184)
3(1037 1158 1187)
3(726 1212 645)
3(726 193 1212)
3(236 23 759)
3(278 287 1244)
3(219 1272 218)
3(873 1337 830)
3(237 29 634)
3(164 165 1333)
3(620 631 1138)
3(495 506 1139)
3(229 1287 294)
3(217 1286 216)
3(642 201 1221)
3(517 182 1222)
3(426 1306 444)
3(454 1181 406)
3(830 1337 24)
3(830 269 1337)
3(830 24 269)
3(222 650 1258)
3(745 756 1145)
3(365 1329 367)
3(365 367 1347)
3(405 168 1290)
3(676 1238 694)
3(617 180 1220)
3(67 0 1287)
3(909 908 1150)
3(917 916 1148)
3(925 924 1149)
3(479 1341 395)
3(479 395 1348)
3(726 1278 645)
3(67 0 229)
3(780 1283 829)
3(777 829 1283)
3(1281 1307 1341)
3(79 333 1296)
3(79 1296 336)
3(635 737 1195)
3(510 612 1196)
3(487 1194 385)
3(600 1206 177)
3(179 611 1203)
3(617 1220 181)
3(359 1342 349)
3(359 104 1342)
3(600 176 1206)
3(858 1319 818)
3(369 379 1345)
3(379 123 1345)
3(310 318 1344)
3(318 66 1344)
3(113 1343 368)
3(611 178 1203)
3(778 1318 833)
3(945 1171 901)
3(946 1172 902)
3(903 947 1173)
3(523 199 1246)
3(175 601 1154)
3(813 1225 820)
3(677 676 1320)
3(677 1320 675)
3(661 713 1316)
3(187 1304 530)
3(188 530 1304)
3(669 668 1330)
3(669 1330 667)
3(331 102 1260)
3(330 331 1260)
3(466 430 1298)
3(536 588 1301)
3(630 536 1301)
3(230 295 1269)
3(230 1269 258)
3(49 365 1329)
3(358 231 297)
3(338 85 885)
3(338 1207 85)
3(345 1323 106)
3(810 839 1346)
3(466 1298 492)
3(466 492 1326)
3(866 862 1263)
3(601 174 1154)
3(255 250 1287)
3(642 1221 202)
3(183 517 1222)
3(319 67 1137)
3(230 295 1294)
3(230 1294 1269)
3(504 411 1340)
3(410 504 1340)
3(390 486 1217)
3(692 668 1330)
3(670 1330 668)
3(59 1202 373)
3(57 1205 374)
3(319 234 2)
3(491 1171 488)
3(613 616 1172)
3(738 741 1173)
3(803 864 1261)
3(443 1279 478)
3(443 478 1280)
3(441 386 1341)
3(386 1307 477)
3(386 477 1341)
3(188 1264 189)
3(1045 1327 1238)
3(466 1298 390)
3(1045 1186 1238)
3(716 680 1256)
3(459 1157 463)
3(463 504 1340)
3(196 725 1240)
3(267 271 1310)
3(279 1311 275)
3(163 768 1188)
3(253 501 460)
3(725 195 1240)
3(192 727 1237)
3(750 244 27)
3(247 39 500)
3(33 625 245)
3(45 338 956)
3(892 338 45)
3(742 1332 200)
3(47 891 379)
3(955 47 379)
3(233 358 17)
3(17 358 297)
3(213 212 1336)
3(584 588 1266)
3(602 1152 173)
3(246 21 876)
3(16 339 228)
3(16 296 339)
3(479 1341 477)
3(692 668 1278)
3(394 444 1306)
3(875 830 269)
3(359 1149 1342)
3(1149 890 1342)
3(376 61 1218)
3(318 1150 1344)
3(889 1344 1150)
3(379 1148 1345)
3(891 1345 1148)
3(3 378 235)
3(1 358 233)
3(891 8 379)
3(338 892 10)
3(318 889 9)
3(11 359 890)
3(624 586 1174)
3(250 229 1287)
3(191 1237 727)
3(326 1224 94)
3(369 1148 379)
3(359 349 1149)
3(318 310 1150)
3(339 232 0)
3(460 1291 499)
3(602 172 1152)
3(511 602 1152)
3(230 1294 299)
3(230 299 378)
3(230 378 1294)
3(569 1176 519)
3(269 1337 270)
3(354 114 1239)
3(25 242 875)
3(25 875 269)
3(43 240 501)
3(43 501 253)
3(626 37 243)
3(626 261 37)
3(751 31 241)
3(751 277 31)
3(319 0 229)
3(228 339 1)
3(228 1 86)
3(909 889 1150)
3(917 891 1148)
3(890 1149 925)
3(749 1244 711)
3(411 463 1340)
3(45 338 885)
3(17 358 231)
3(888 379 955)
3(888 47 379)
3(622 586 1227)
3(581 1227 586)
3(230 378 2)
3(230 48 378)
3(501 4 240)
3(243 626 7)
3(241 751 5)
3(6 242 875)
3(388 475 1280)
3(72 73 1267)
3(72 1281 73)
3(853 1255 817)
3(853 795 1255)
3(931 1214 886)
3(888 923 1215)
3(887 915 1216)
3(876 248 20)
3(876 20 246)
3(786 785 1271)
3(26 750 264)
3(26 244 750)
3(32 625 272)
3(32 245 625)
3(500 256 38)
3(500 38 247)
3(299 295 1294)
3(441 477 1341)
3(466 1298 489)
3(886 953 359)
3(886 1342 953)
3(886 359 1342)
3(165 490 1333)
3(726 1212 194)
3(954 318 887)
3(954 887 1344)
3(887 318 1344)
3(955 888 1345)
3(888 379 1345)
3(875 24 269)
3(518 188 1264)
3(483 394 1306)
3(483 1305 394)
3(608 569 1176)
3(626 36 261)
3(42 253 501)
3(751 30 277)
3(156 157 1167)
3(763 156 1167)
3(638 693 1187)
3(319 19 234)
3(231 358 3)
3(231 3 105)
3(885 338 9)
3(318 8 887)
3(318 887 66)
3(886 359 10)
3(886 104 359)
3(888 379 11)
3(888 123 379)
3(268 293 1184)
3(235 378 18)
3(299 18 378)
3(889 318 44)
3(44 318 954)
3(694 1238 644)
3(736 644 1238)
3(629 1301 536)
3(661 754 1316)
3(755 1284 711)
3(733 1238 694)
3(515 591 1219)
3(46 890 359)
3(46 359 953)
3(568 1162 513)
3(728 693 1187)
3(483 444 1306)
3(567 604 1232)
3(5 625 272)
3(500 256 7)
3(264 6 750)
3(509 586 1174)
3(603 568 1162)
3(248 876 4)
3(520 567 1232)
3(72 321 1267)
3(395 476 1348)
3(230 18 378)
3(44 318 887)
3(886 46 359)
3(614 591 1219)
3(774 850 1319)
3(729 1278 692)
3(953 949 1342)
3(886 1342 949)
3(950 1344 954)
3(950 887 1344)
3(955 951 1345)
3(951 888 1345)
3(953 925 1342)
3(909 1344 954)
3(955 917 1345)
3(475 394 1305)
3(475 1305 443)
3(475 443 1280)
3(339 16 232)
3(492 1326 439)
3(442 395 1348)
3(645 692 1278)
3(475 1305 483)
3(494 492 1326)
3(443 388 1280)
3(853 851 1255)
3(763 1255 851)
3(162 492 1326)
3(850 858 1319)
3(1060 1283 781)
3(972 1093 258)
3(972 1269 258)
3(1088 1033 814)
3(814 1033 807)
3(1033 814 1010)
3(841 814 1033)
3(1237 1257 190)
3(1237 1080 190)
3(1083 998 832)
3(1311 1184 231)
3(1311 105 1184)
3(1311 231 105)
3(1184 1165 1311)
3(1184 1311 973)
3(973 1311 105)
3(1310 1144 228)
3(1310 86 1144)
3(1310 228 86)
3(1144 1164 1310)
3(1144 1310 978)
3(978 1310 86)
3(337 1033 1213)
3(1201 1270 109)
3(1212 1078 512)
3(1010 1251 1297)
3(1297 1251 332)
3(1251 1297 1088)
3(337 1297 1251)
3(1233 1071 849)
3(228 1 1310)
3(231 3 1311)
3(1228 1188 820)
3(1188 820 1225)
3(1283 1164 206)
3(1119 723 1336)
3(1119 647 723)
3(723 1023 1119)
3(723 1336 1023)
3(723 1119 701)
3(542 541 1159)
3(1098 1235 1036)
3(1098 76 1235)
3(1235 1054 1098)
3(1235 1098 334)
3(1087 445 436)
3(1086 570 561)
3(1085 695 686)
3(1119 672 670)
3(1119 672 1050)
3(689 1073 1332)
3(1304 531 997)
3(1304 1111 531)
3(1188 865 1225)
3(1255 795 797)
3(1072 1220 564)
3(1309 672 1050)
3(1109 547 545)
3(1109 547 1048)
3(1195 753 1117)
3(1117 753 974)
3(1196 628 1116)
3(1116 628 975)
3(1194 503 1115)
3(1115 503 976)
3(1304 579 531)
3(1077 1192 869)
3(1296 79 78)
3(1296 79 1090)
3(1342 1214 1195)
3(1195 1214 974)
3(1214 1195 935)
3(931 1195 1214)
3(1345 1215 1196)
3(1196 1215 975)
3(1215 1196 927)
3(923 1215 1196)
3(1344 1216 1194)
3(1194 1216 976)
3(1216 1194 919)
3(915 1216 1194)
3(80 79 1296)
3(80 1296 336)
3(1296 80 1090)
3(1294 1269 1174)
3(1174 1269 972)
3(1269 1174 262)
3(1294 262 1174)
3(258 1174 1269)
3(1304 188 518)
3(1245 649 209)
3(578 1159 1257)
3(1134 791 854)
3(1090 1296 1251)
3(1251 1296 80)
3(1296 1251 1033)
3(336 1251 1296)
3(1146 1125 930)
3(1328 547 1048)
3(1337 1283 978)
3(777 1283 1337)
3(1283 1151 1337)
3(1337 1283 829)
3(288 268 1244)
3(1244 268 1184)
3(288 1184 268)
3(268 1244 278)
3(293 1244 268)
3(1152 1052 1285)
3(1152 1059 1052)
3(1052 999 1152)
3(1052 1152 604)
3(159 861 1319)
3(1319 861 774)
3(1266 1301 521)
3(1117 1258 753)
3(1116 1094 628)
3(628 1094 572)
3(1094 628 975)
3(620 628 1094)
3(1115 1095 503)
3(503 1095 447)
3(1095 503 976)
3(495 503 1095)
3(914 1172 1148)
3(1149 1173 922)
3(1114 416 479)
3(1213 1102 1286)
3(1340 410 440)
3(1239 354 348)
3(829 777 1337)
3(1277 1171 1150)
3(1277 988 1150)
3(1258 1145 869)
3(978 1250 1310)
3(1310 1250 987)
3(1250 1310 86)
3(87 1310 1250)
3(973 1323 1311)
3(1311 1323 986)
3(1323 1311 105)
3(106 1311 1323)
3(1150 912 1277)
3(429 1349 1298)
3(1349 1121 429)
3(1274 1013 641)
3(641 1013 698)
3(1013 641 1118)
3(715 641 1013)
3(1256 681 679)
3(1333 1277 776)
3(1301 587 622)
3(1301 536 622)
3(1044 1105 1326)
3(1326 1105 439)
3(1105 1326 1096)
3(493 1326 1105)
3(454 983 1290)
3(861 819 1319)
3(1008 762 1336)
3(1115 471 438)
3(1116 596 563)
3(1117 721 688)
3(1341 1039 414)
3(414 1039 1128)
3(1039 414 441)
3(416 414 1039)
3(636 1237 1080)
3(1176 553 614)
3(1310 244 288)
3(1310 1100 288)
3(1187 674 733)
3(1202 373 375)
3(1254 1197 1163)
3(1219 557 564)
3(1205 374 368)
3(931 886 1342)
3(886 1342 1214)
3(1345 888 923)
3(1345 1215 888)
3(1344 887 915)
3(1344 1216 887)
3(1260 330 1198)
3(1342 1315 1085)
3(1344 1313 1087)
3(1345 1314 1086)
3(1238 736 197)
3(1279 1042 1293)
3(1326 1251 1010)
3(1291 499 239)
3(1266 586 622)
3(1266 622 630)
3(880 786 1151)
3(446 1178 1105)
3(1020 1178 446)
3(435 1178 446)
3(446 1178 464)
3(1218 376 377)
3(571 1175 1104)
3(1018 1175 571)
3(560 1175 571)
3(571 1175 589)
3(1162 549 608)
3(1336 1023 637)
3(637 1023 723)
3(1023 637 1106)
3(730 637 1023)
3(1184 1310 288)
3(1301 622 630)
3(1333 392 445)
3(1320 675 719)
3(1333 1087 1313)
3(326 94 1289)
3(1137 254 291)
3(1261 802 804)
3(1152 511 566)
3(1330 667 730)
3(1174 1294 276)
3(289 270 1144)
3(1331 1001 53)
3(429 467 1349)
3(581 586 1174)
3(1334 1000 91)
3(1235 1319 1305)
3(1284 1288 1323)
3(890 925 1342)
3(1344 909 889)
3(1345 917 891)
3(320 321 1267)
3(1326 162 161)
3(156 763 1255)
3(1294 230 48)
3(1342 886 104)
3(1345 888 123)
3(1344 887 66)
3(1196 926 1215)
3(1215 926 923)
3(926 1215 975)
3(1138 1215 926)
3(1194 918 1216)
3(1216 918 915)
3(918 1216 976)
3(1139 1216 918)
3(446 452 1178)
3(571 577 1175)
3(226 16 224)
3(0 227 224)
3(225 227 18)
3(225 226 224)
3(225 224 227)
3(227 0 19)
3(3 226 225)
3(226 1 16)
3(18 3 225)
3(226 3 17)
3(2 18 227)
3(16 0 224)
3(226 17 1)
3(2 227 19)
3(281 247 291)
3(246 289 280)
3(244 264 265)
3(245 272 273)
3(243 261 258)
3(259 291 247)
3(251 289 246)
3(290 283 245)
3(279 274 231)
3(266 228 271)
3(247 257 259)
3(246 249 251)
3(261 262 258)
3(244 265 267)
3(245 273 275)
3(274 278 293)
3(238 283 290)
3(257 247 256)
3(259 260 291)
3(249 246 248)
3(288 282 244)
3(250 240 253)
3(252 289 251)
3(290 245 275)
3(262 295 258)
3(266 292 228)
3(231 274 293)
3(288 267 268)
3(250 254 294)
3(282 288 237)
3(240 250 249)
3(257 243 258)
3(277 278 274)
3(249 248 240)
3(243 257 256)
3(239 281 291)
3(276 262 290)
3(292 266 270)
3(236 280 289)
3(254 285 239)
3(235 299 276)
3(234 260 259)
3(298 260 234)
3(281 39 247)
3(282 27 244)
3(33 245 283)
3(280 21 246)
3(290 275 276)
3(287 277 30)
3(284 261 36)
3(284 262 261)
3(296 252 232)
3(232 252 251)
3(237 288 278)
3(262 276 295)
3(273 272 241)
3(230 2 263)
3(265 264 242)
3(263 2 234)
3(279 273 274)
3(233 297 268)
3(238 34 283)
3(281 239 40)
3(271 265 266)
3(236 22 280)
3(28 282 237)
3(277 274 241)
3(294 254 260)
3(266 242 269)
3(235 276 275)
3(286 236 270)
3(270 252 292)
3(285 41 239)
3(238 284 35)
3(255 0 232)
3(23 236 286)
3(287 29 237)
3(233 268 267)
3(239 291 254)
3(236 289 270)
3(258 263 257)
3(229 294 298)
3(228 292 296)
3(248 4 240)
3(254 250 253)
3(1 233 271)
3(235 279 3)
3(263 259 257)
3(255 251 249)
3(7 243 256)
3(272 5 241)
3(264 6 242)
3(286 269 24)
3(238 290 262)
3(229 298 19)
3(255 229 0)
3(285 253 42)
3(231 293 297)
3(277 287 278)
3(230 258 295)
3(255 249 250)
3(267 265 271)
3(279 275 273)
3(233 17 297)
3(241 274 273)
3(16 228 296)
3(278 287 237)
3(242 266 265)
3(250 294 229)
3(260 298 294)
3(269 270 266)
3(263 234 259)
3(255 232 251)
3(25 269 242)
3(43 253 240)
3(243 37 261)
3(241 31 277)
3(1 17 233)
3(17 231 297)
3(19 0 229)
3(292 252 296)
3(4 43 240)
3(243 7 37)
3(241 5 31)
3(6 25 242)
3(258 230 263)
3(246 20 248)
3(26 264 244)
3(32 272 245)
3(247 38 256)
3(230 295 299)
3(298 234 19)
3(284 238 262)
3(297 293 268)
3(235 18 299)
3(35 34 238)
3(239 41 40)
3(237 29 28)
3(23 22 236)
3(5 272 32)
3(38 7 256)
3(264 26 6)
3(20 4 248)
3(235 3 18)
3(253 285 254)
3(1 228 16)
3(276 299 295)
3(299 18 230)
3(255 250 229)
3(271 233 267)
3(279 235 275)
3(2 19 234)
3(16 296 232)
3(246 21 20)
3(245 33 32)
3(247 39 38)
3(244 27 26)
3(3 231 17)
3(25 24 269)
3(31 30 277)
3(43 42 253)
3(37 36 261)
3(269 286 270)
3(230 18 2)
3(34 33 283)
3(281 40 39)
3(282 28 27)
3(22 21 280)
3(0 16 232)
3(24 23 286)
3(287 30 29)
3(285 42 41)
3(36 35 284)
3(1 271 228)
3(3 279 231)
3(288 268 278)
3(293 278 268)
3(288 244 267)
3(254 291 260)
3(289 252 270)
3(44 381 382)
3(383 380 381)
3(382 381 380)
3(380 383 46)
3(380 11 382)
3(9 383 381)
3(46 11 380)
3(11 47 382)
3(381 44 9)
3(383 9 45)
3(10 46 383)
3(44 382 8)
3(47 8 382)
3(383 45 10)
3(781 767 782)
3(709 651 708)
3(512 193 192)
3(610 582 532)
3(522 195 194)
3(220 702 221)
3(722 758 646)
3(514 593 197)
3(176 175 397)
3(197 196 514)
3(782 783 781)
3(655 206 652)
3(769 832 209)
3(709 708 713)
3(734 732 649)
3(832 860 782)
3(182 181 391)
3(180 179 398)
3(461 505 497)
3(735 663 734)
3(734 649 735)
3(769 860 832)
3(389 178 177)
3(785 787 815)
3(555 554 553)
3(397 474 470)
3(550 549 551)
3(465 398 467)
3(648 717 715)
3(449 469 427)
3(770 845 849)
3(647 724 720)
3(766 823 840)
3(468 389 469)
3(718 639 719)
3(805 806 807)
3(397 473 451)
3(424 426 425)
3(450 474 423)
3(666 667 665)
3(518 530 531)
3(398 468 449)
3(648 718 699)
3(649 732 210)
3(860 859 788)
3(389 470 450)
3(639 720 700)
3(845 764 825)
3(771 824 843)
3(563 562 561)
3(688 687 686)
3(437 436 438)
3(407 406 408)
3(656 658 657)
3(190 191 636)
3(522 598 576)
3(190 524 191)
3(599 595 522)
3(429 427 428)
3(823 806 842)
3(533 532 531)
3(651 187 708)
3(678 680 679)
3(702 696 650)
3(571 525 577)
3(452 446 400)
3(421 419 420)
3(205 652 206)
3(425 423 424)
3(610 532 534)
3(512 598 193)
3(824 802 844)
3(497 462 456)
3(538 534 537)
3(714 685 696)
3(514 594 593)
3(836 880 834)
3(209 208 707)
3(209 832 208)
3(595 575 514)
3(699 719 677)
3(652 705 704)
3(580 579 527)
3(730 669 701)
3(884 815 847)
3(817 854 793)
3(633 597 565)
3(570 615 616)
3(695 740 741)
3(582 518 532)
3(685 686 687)
3(561 562 560)
3(435 436 437)
3(528 615 184)
3(740 203 653)
3(766 839 823)
3(440 508 472)
3(722 690 758)
3(523 593 574)
3(201 516 577)
3(452 182 391)
3(581 579 580)
3(794 826 796)
3(847 815 856)
3(879 815 884)
3(857 762 828)
3(784 860 788)
3(824 771 842)
3(734 665 703)
3(869 775 222)
3(771 840 842)
3(220 827 766)
3(432 434 433)
3(557 559 558)
3(826 770 849)
3(845 215 764)
3(430 429 428)
3(581 580 623)
3(877 846 760)
3(657 643 656)
3(406 407 393)
3(764 843 844)
3(713 646 758)
3(220 221 827)
3(744 743 689)
3(618 564 619)
3(413 485 409)
3(629 633 565)
3(799 801 858)
3(607 512 192)
3(659 663 735)
3(393 169 405)
3(588 521 633)
3(769 859 860)
3(791 789 790)
3(150 458 149)
3(197 644 196)
3(532 518 531)
3(645 192 193)
3(534 538 610)
3(703 732 734)
3(195 638 194)
3(754 758 690)
3(195 522 595)
3(868 820 768)
3(451 480 419)
3(676 675 674)
3(528 616 615)
3(741 740 653)
3(587 536 533)
3(791 790 792)
3(609 578 607)
3(712 661 658)
3(702 650 221)
3(540 542 578)
3(595 599 575)
3(682 684 683)
3(715 717 698)
3(590 592 573)
3(448 465 467)
3(163 162 872)
3(795 796 797)
3(825 764 844)
3(576 598 605)
3(701 723 730)
3(781 783 837)
3(453 482 484)
3(828 762 855)
3(708 646 713)
3(594 574 593)
3(732 703 637)
3(699 718 719)
3(401 149 458)
3(469 449 468)
3(798 799 797)
3(881 779 869)
3(198 197 593)
3(621 528 632)
3(757 746 653)
3(473 397 175)
3(595 514 196)
3(846 813 812)
3(440 504 508)
3(450 470 474)
3(876 835 778)
3(845 825 849)
3(720 724 700)
3(802 803 801)
3(427 426 428)
3(480 451 473)
3(721 753 697)
3(572 596 628)
3(503 447 471)
3(763 853 818)
3(796 795 794)
3(583 521 588)
3(883 765 841)
3(619 181 182)
3(651 709 710)
3(795 817 793)
3(668 667 666)
3(773 155 154)
3(805 804 806)
3(696 702 714)
3(513 175 176)
3(846 877 813)
3(857 859 769)
3(461 459 505)
3(526 584 585)
3(757 653 204)
3(632 528 185)
3(455 402 500)
3(854 773 852)
3(702 641 714)
3(587 533 531)
3(744 689 742)
3(656 712 658)
3(774 159 158)
3(604 541 566)
3(842 840 823)
3(426 427 425)
3(661 712 747)
3(442 420 418)
3(828 855 792)
3(716 742 689)
3(812 811 810)
3(206 777 205)
3(178 519 177)
3(515 179 180)
3(455 454 402)
3(869 223 881)
3(844 843 824)
3(789 791 816)
3(808 823 839)
3(209 210 769)
3(168 583 526)
3(186 187 651)
3(684 682 689)
3(564 559 557)
3(470 176 397)
3(206 780 777)
3(782 767 832)
3(434 432 439)
3(814 868 872)
3(611 515 614)
3(585 626 526)
3(750 652 205)
3(625 527 186)
3(516 201 200)
3(765 883 161)
3(720 639 215)
3(708 188 646)
3(583 169 521)
3(478 476 388)
3(805 807 841)
3(851 155 773)
3(867 841 814)
3(641 698 714)
3(465 180 398)
3(643 655 656)
3(872 867 814)
3(581 623 509)
3(389 177 470)
3(211 210 732)
3(785 784 787)
3(664 731 691)
3(519 608 600)
3(804 842 806)
3(802 801 800)
3(401 459 460)
3(564 617 619)
3(648 217 718)
3(584 586 585)
3(780 207 767)
3(668 666 729)
3(207 206 655)
3(715 218 648)
3(787 856 815)
3(522 194 598)
3(398 179 468)
3(511 171 172)
3(659 662 663)
3(484 485 413)
3(485 407 409)
3(413 409 412)
3(604 566 602)
3(391 181 465)
3(827 775 821)
3(865 768 820)
3(542 541 543)
3(827 839 766)
3(718 216 639)
3(494 392 493)
3(866 776 865)
3(864 841 765)
3(578 609 540)
3(478 442 476)
3(709 713 755)
3(462 411 408)
3(820 868 811)
3(389 468 178)
3(799 800 801)
3(454 455 456)
3(874 836 835)
3(527 187 186)
3(513 603 601)
3(537 539 538)
3(871 880 836)
3(202 577 525)
3(452 400 183)
3(211 762 857)
3(750 705 652)
3(527 625 580)
3(691 727 729)
3(456 455 498)
3(212 848 762)
3(816 854 852)
3(166 165 776)
3(733 676 674)
3(836 834 835)
3(662 664 663)
3(520 173 174)
3(535 629 565)
3(569 611 614)
3(782 784 783)
3(782 860 784)
3(706 747 712)
3(171 457 399)
3(551 549 608)
3(765 161 160)
3(414 413 412)
3(566 541 539)
3(667 703 665)
3(149 833 150)
3(831 830 829)
3(859 857 828)
3(767 781 780)
3(832 767 208)
3(591 617 564)
3(603 547 545)
3(604 543 541)
3(729 727 645)
3(156 155 851)
3(754 690 660)
3(799 798 800)
3(160 861 765)
3(189 722 646)
3(448 391 465)
3(620 525 572)
3(495 400 447)
3(520 604 602)
3(590 573 516)
3(524 607 191)
3(725 644 733)
3(593 523 198)
3(545 546 544)
3(850 158 157)
3(155 156 476)
3(672 670 728)
3(684 689 743)
3(618 559 564)
3(493 434 439)
3(190 636 722)
3(172 171 399)
3(481 441 414)
3(685 714 683)
3(158 475 157)
3(651 710 751)
3(494 163 392)
3(814 807 809)
3(421 420 422)
3(879 785 815)
3(680 682 681)
3(693 725 733)
3(642 743 744)
3(618 619 517)
3(393 405 406)
3(655 652 704)
3(800 844 802)
3(213 214 770)
3(647 214 213)
3(823 808 806)
3(159 861 160)
3(421 451 419)
3(190 582 524)
3(544 546 576)
3(872 868 768)
3(818 853 797)
3(744 200 201)
3(203 204 653)
3(185 528 184)
3(403 507 496)
3(457 171 170)
3(578 512 607)
3(222 223 869)
3(776 165 865)
3(408 406 462)
3(704 705 706)
3(212 762 211)
3(439 494 493)
3(391 464 452)
3(589 577 516)
3(811 812 813)
3(555 553 614)
3(207 780 206)
3(671 701 669)
3(790 828 792)
3(608 568 600)
3(790 788 859)
3(769 210 857)
3(449 427 429)
3(699 677 679)
3(219 220 766)
3(199 742 640)
3(418 417 416)
3(770 848 213)
3(461 497 456)
3(669 670 671)
3(804 805 803)
3(560 589 558)
3(610 524 582)
3(166 403 165)
3(420 419 418)
3(450 423 425)
3(433 435 464)
3(473 174 387)
3(598 512 605)
3(451 474 397)
3(482 172 399)
3(850 763 818)
3(677 678 679)
3(440 472 481)
3(852 773 154)
3(188 708 187)
3(690 722 731)
3(169 393 170)
3(791 792 793)
3(816 856 789)
3(570 517 615)
3(695 642 740)
3(839 827 821)
3(637 211 732)
3(462 454 456)
3(794 795 793)
3(393 457 170)
3(761 847 856)
3(387 480 473)
3(159 394 158)
3(753 737 654)
3(529 628 612)
3(404 503 487)
3(221 222 775)
3(551 552 550)
3(638 728 726)
3(818 797 799)
3(884 838 879)
3(790 789 788)
3(788 787 784)
3(219 715 641)
3(730 637 703)
3(505 411 497)
3(682 716 689)
3(432 466 439)
3(386 481 472)
3(436 493 445)
3(469 389 450)
3(719 639 700)
3(636 731 722)
3(666 664 691)
3(628 529 620)
3(503 404 495)
3(695 686 743)
3(561 618 570)
3(636 727 691)
3(847 151 772)
3(399 457 485)
3(467 398 449)
3(783 786 837)
3(707 735 649)
3(846 863 760)
3(583 168 169)
3(535 565 537)
3(546 547 548)
3(835 834 778)
3(808 809 807)
3(694 739 678)
3(686 684 743)
3(618 561 559)
3(770 826 848)
3(654 745 753)
3(728 692 726)
3(436 434 493)
3(864 805 841)
3(717 648 699)
3(444 489 428)
3(431 429 430)
3(460 459 461)
3(603 545 567)
3(692 728 670)
3(696 685 687)
3(562 571 560)
3(446 435 437)
3(871 837 786)
3(553 551 569)
3(209 649 210)
3(697 753 745)
3(502 488 385)
3(613 510 627)
3(752 738 635)
3(411 462 497)
3(148 149 401)
3(190 722 189)
3(597 171 511)
3(824 804 802)
3(731 636 691)
3(423 474 421)
3(553 552 551)
3(641 702 220)
3(168 526 167)
3(724 671 673)
3(490 403 491)
3(776 882 166)
3(597 170 171)
3(445 493 392)
3(698 717 681)
3(491 445 490)
3(218 840 771)
3(479 442 418)
3(825 800 798)
3(458 396 463)
3(734 663 665)
3(743 642 695)
3(618 517 570)
3(812 810 821)
3(590 523 592)
3(724 647 701)
3(761 816 852)
3(427 469 425)
3(420 478 422)
3(740 202 203)
3(184 615 183)
3(599 546 548)
3(681 717 679)
3(847 772 884)
3(882 776 870)
3(672 693 674)
3(554 555 556)
3(842 804 824)
3(821 775 822)
3(484 413 415)
3(540 539 541)
3(775 827 221)
3(442 478 420)
3(822 869 878)
3(659 735 657)
3(817 773 854)
3(149 148 778)
3(786 879 838)
3(594 550 552)
3(775 869 822)
3(880 838 834)
3(761 152 847)
3(472 152 386)
3(526 583 584)
3(521 597 633)
3(566 539 606)
3(549 547 568)
3(548 547 549)
3(173 387 174)
3(402 168 167)
3(409 410 412)
3(662 659 660)
3(784 785 783)
3(808 807 806)
3(410 408 411)
3(671 672 673)
3(706 712 704)
3(856 816 761)
3(592 554 556)
3(537 534 535)
3(215 214 720)
3(215 845 214)
3(878 869 779)
3(549 550 548)
3(557 558 556)
3(554 552 553)
3(443 483 424)
3(581 587 579)
3(210 211 857)
3(691 729 666)
3(771 217 218)
3(458 150 396)
3(557 555 591)
3(441 479 416)
3(675 673 674)
3(463 396 508)
3(854 816 791)
3(148 401 501)
3(572 525 571)
3(697 650 696)
3(447 400 446)
3(556 555 557)
3(770 214 845)
3(647 720 214)
3(758 754 713)
3(739 680 678)
3(710 709 711)
3(421 422 423)
3(858 819 774)
3(430 432 431)
3(526 626 167)
3(150 772 151)
3(544 543 545)
3(629 588 633)
3(777 830 875)
3(393 407 457)
3(491 438 445)
3(616 563 570)
3(695 741 688)
3(132 510 613)
3(138 635 738)
3(126 385 488)
3(416 415 414)
3(522 576 599)
3(215 216 764)
3(826 849 796)
3(711 706 634)
3(173 482 387)
3(858 801 819)
3(808 810 809)
3(566 606 511)
3(502 471 438)
3(752 721 688)
3(596 563 627)
3(665 664 666)
3(656 655 704)
3(544 576 605)
3(597 606 565)
3(825 798 849)
3(533 534 532)
3(409 407 408)
3(658 659 657)
3(143 863 779)
3(685 684 686)
3(561 560 559)
3(700 673 675)
3(162 867 872)
3(477 154 395)
3(436 435 434)
3(582 190 189)
3(844 800 825)
3(514 575 594)
3(523 574 592)
3(864 765 861)
3(811 809 810)
3(161 492 390)
3(399 484 482)
3(394 159 486)
3(603 567 601)
3(423 422 424)
3(511 606 597)
3(431 432 433)
3(609 610 538)
3(558 573 556)
3(212 637 723)
3(508 396 472)
3(648 218 217)
3(153 154 477)
3(402 454 405)
3(387 482 453)
3(542 544 605)
3(766 840 219)
3(747 755 661)
3(542 543 544)
3(30 710 749)
3(585 624 36)
3(776 866 870)
3(724 673 700)
3(538 540 609)
3(723 647 213)
3(521 169 170)
3(863 144 760)
3(216 215 639)
3(480 387 453)
3(145 862 760)
3(154 155 395)
3(567 545 543)
3(200 590 516)
3(496 491 403)
3(616 528 621)
3(746 741 653)
3(672 674 673)
3(205 777 875)
3(433 434 435)
3(684 685 683)
3(559 560 558)
3(651 751 186)
3(153 852 154)
3(721 752 635)
3(510 596 627)
3(385 471 502)
3(643 707 208)
3(876 778 148)
3(500 402 167)
3(131 613 621)
3(738 746 137)
3(488 496 125)
3(533 536 535)
3(484 415 453)
3(39 498 455)
3(27 748 705)
3(623 580 33)
3(833 772 150)
3(859 828 790)
3(748 706 705)
3(480 417 419)
3(525 203 202)
3(400 184 183)
3(620 203 525)
3(495 184 400)
3(654 737 140)
3(128 404 487)
3(134 529 612)
3(501 401 460)
3(431 433 448)
3(198 199 640)
3(21 874 835)
3(217 771 843)
3(637 212 211)
3(592 556 573)
3(162 163 494)
3(661 660 658)
3(706 748 634)
3(12 166 882)
3(472 396 151)
3(208 767 207)
3(448 467 431)
3(575 548 550)
3(880 786 838)
3(801 803 819)
3(707 643 657)
3(554 574 552)
3(697 687 721)
3(572 562 596)
3(437 471 447)
3(664 662 731)
3(579 530 527)
3(518 582 189)
3(831 871 836)
3(586 584 630)
3(414 412 481)
3(764 216 843)
3(821 822 812)
3(384 456 498)
3(506 13 185)
3(14 204 631)
3(756 15 223)
3(820 866 865)
3(878 863 846)
3(201 577 202)
3(452 183 182)
3(438 491 502)
3(752 688 741)
3(616 627 563)
3(587 531 579)
3(656 704 712)
3(742 716 640)
3(410 440 412)
3(152 472 151)
3(152 151 847)
3(681 682 683)
3(195 595 196)
3(483 426 424)
3(836 874 759)
3(690 662 660)
3(739 694 736)
3(829 837 831)
3(703 667 730)
3(457 407 485)
3(474 451 421)
3(878 846 822)
3(763 850 157)
3(794 792 855)
3(851 773 817)
3(459 401 458)
3(575 599 548)
3(175 174 473)
3(430 428 489)
3(654 141 756)
3(404 129 506)
3(135 631 529)
3(856 787 789)
3(219 641 220)
3(191 607 192)
3(198 736 197)
3(867 883 841)
3(831 759 873)
3(655 643 207)
3(598 194 193)
3(417 415 416)
3(484 399 485)
3(392 164 490)
3(552 574 594)
3(706 711 747)
3(146 870 862)
3(470 177 176)
3(499 461 384)
3(663 664 665)
3(142 779 881)
3(622 587 581)
3(480 453 417)
3(831 836 759)
3(461 456 384)
3(538 539 540)
3(467 449 429)
3(415 413 414)
3(222 745 223)
3(719 700 675)
3(469 450 425)
3(699 679 717)
3(865 164 768)
3(868 814 809)
3(388 476 156)
3(714 698 683)
3(597 521 170)
3(486 489 444)
3(701 671 724)
3(524 609 607)
3(605 578 542)
3(468 179 178)
3(640 739 736)
3(781 837 829)
3(862 877 760)
3(12 507 166)
3(390 160 161)
3(866 813 877)
3(384 498 40)
3(34 509 623)
3(882 870 147)
3(159 160 486)
3(772 833 838)
3(204 203 620)
3(185 184 495)
3(846 812 822)
3(753 721 737)
3(596 612 628)
3(487 503 471)
3(465 181 180)
3(22 759 874)
3(396 150 151)
3(748 28 634)
3(13 632 185)
3(14 757 204)
3(419 417 418)
3(153 386 152)
3(798 797 796)
3(130 621 632)
3(746 757 136)
3(124 496 507)
3(173 172 482)
3(223 15 881)
3(819 864 861)
3(576 546 599)
3(855 826 794)
3(838 833 834)
3(537 606 539)
3(507 403 166)
3(884 772 838)
3(409 408 410)
3(658 660 659)
3(762 848 855)
3(533 535 534)
3(697 745 650)
3(589 573 558)
3(464 448 433)
3(152 761 153)
3(809 811 868)
3(464 391 448)
3(516 573 589)
3(392 163 164)
3(676 694 678)
3(162 161 883)
3(574 554 592)
3(739 640 716)
3(443 424 422)
3(550 594 575)
3(41 499 384)
3(509 35 624)
3(200 199 590)
3(726 645 193)
3(788 789 787)
3(759 23 873)
3(219 218 715)
3(873 830 831)
3(29 749 634)
3(605 512 578)
3(164 865 165)
3(620 529 631)
3(404 506 495)
3(217 216 718)
3(642 744 201)
3(517 619 182)
3(426 444 428)
3(454 406 405)
3(794 793 792)
3(221 650 222)
3(745 654 756)
3(169 168 405)
3(515 180 617)
3(406 454 462)
3(780 829 777)
3(635 139 737)
3(133 612 510)
3(487 385 127)
3(600 177 519)
3(515 611 179)
3(617 181 619)
3(600 513 176)
3(858 818 799)
3(611 519 178)
3(778 833 149)
3(523 590 199)
3(513 601 175)
3(813 820 811)
3(677 675 676)
3(755 713 661)
3(187 530 188)
3(669 667 668)
3(466 432 430)
3(630 588 536)
3(199 198 523)
3(707 657 735)
3(808 839 810)
3(877 862 866)
3(601 520 174)
3(870 866 862)
3(642 202 740)
3(615 517 183)
3(410 411 504)
3(390 489 486)
3(670 668 692)
3(491 488 502)
3(627 616 613)
3(738 752 741)
3(803 805 864)
3(481 386 441)
3(188 189 646)
3(466 390 492)
3(478 443 422)
3(682 680 716)
3(459 463 505)
3(508 504 463)
3(644 725 196)
3(153 477 386)
3(163 872 768)
3(638 195 725)
3(192 645 727)
3(750 27 705)
3(455 500 39)
3(33 580 625)
3(610 609 524)
3(742 200 744)
3(848 212 213)
3(583 588 584)
3(602 173 520)
3(835 876 21)
3(849 798 796)
3(830 873 24)
3(829 780 781)
3(479 477 395)
3(571 562 572)
3(696 687 697)
3(447 446 437)
3(394 486 444)
3(839 821 810)
3(585 586 624)
3(737 721 635)
3(612 596 510)
3(471 385 487)
3(677 676 678)
3(459 458 463)
3(191 727 636)
3(163 768 164)
3(460 499 42)
3(511 172 602)
3(867 162 883)
3(779 142 143)
3(569 519 611)
3(218 219 840)
3(749 711 634)
3(411 505 463)
3(581 586 622)
3(153 761 852)
3(831 837 871)
3(669 668 670)
3(643 208 207)
3(501 43 4)
3(37 7 626)
3(31 5 751)
3(140 141 654)
3(404 128 129)
3(529 134 135)
3(6 875 25)
3(779 863 878)
3(388 157 475)
3(681 683 698)
3(853 817 795)
3(501 4 148)
3(783 785 786)
3(198 640 736)
3(187 527 530)
3(440 481 412)
3(786 785 879)
3(626 7 167)
3(5 186 751)
3(875 6 205)
3(130 131 621)
3(125 496 124)
3(746 136 137)
3(386 477 441)
3(690 731 662)
3(466 489 390)
3(216 217 843)
3(403 490 165)
3(726 194 638)
3(875 830 24)
3(189 188 518)
3(855 848 826)
3(223 745 756)
3(453 415 417)
3(461 499 460)
3(742 199 200)
3(402 405 168)
3(608 519 569)
3(585 36 626)
3(42 501 460)
3(710 30 751)
3(763 157 156)
3(204 620 631)
3(506 185 495)
3(537 565 606)
3(491 496 488)
3(613 616 621)
3(741 746 738)
3(638 725 693)
3(551 608 569)
3(175 601 174)
3(694 644 736)
3(629 536 588)
3(713 754 661)
3(755 711 709)
3(733 694 676)
3(388 156 157)
3(515 617 591)
3(212 723 213)
3(146 147 870)
3(568 513 600)
3(638 693 728)
3(477 479 441)
3(35 509 34)
3(40 41 384)
3(483 394 444)
3(728 693 672)
3(567 543 604)
3(28 29 634)
3(759 22 23)
3(5 32 625)
3(500 7 38)
3(6 26 750)
3(509 624 586)
3(603 513 568)
3(4 876 148)
3(520 601 567)
3(177 600 176)
3(866 820 813)
3(625 186 5)
3(167 7 500)
3(6 750 205)
3(547 603 568)
3(876 4 20)
3(193 194 726)
3(834 833 778)
3(191 192 727)
3(395 155 476)
3(144 145 760)
3(567 604 520)
3(711 749 710)
3(202 642 201)
3(183 517 182)
3(127 385 126)
3(138 139 635)
3(510 132 133)
3(515 591 614)
3(463 504 411)
3(195 196 725)
3(602 172 173)
3(644 694 733)
3(774 158 850)
3(165 490 164)
3(729 692 668)
3(179 611 178)
3(631 135 14)
3(141 15 756)
3(13 506 129)
3(629 535 536)
3(882 147 12)
3(222 650 745)
3(181 617 180)
3(555 614 591)
3(588 630 584)
3(754 660 661)
3(475 158 394)
3(862 145 146)
3(613 131 132)
3(138 738 137)
3(488 125 126)
3(492 439 466)
3(442 479 395)
3(442 395 476)
3(20 21 876)
3(726 692 645)
3(140 737 139)
3(128 487 127)
3(612 133 134)
3(32 33 625)
3(38 39 500)
3(26 27 750)
3(144 863 143)
3(692 729 645)
3(711 755 747)
3(475 483 443)
3(439 492 494)
3(739 716 680)
3(875 24 25)
3(751 30 31)
3(501 42 43)
3(37 626 36)
3(443 478 388)
3(864 819 803)
3(475 394 483)
3(881 15 142)
3(507 12 124)
3(14 136 757)
3(13 130 632)
3(34 623 33)
3(39 40 498)
3(27 28 748)
3(443 388 475)
3(22 874 21)
3(486 160 390)
3(873 23 24)
3(29 30 749)
3(41 42 499)
3(36 624 35)
3(763 851 853)
3(489 466 430)
3(483 444 426)
3(162 494 492)
3(817 853 851)
3(818 858 850)
3(850 858 774)
3(841 807 814)
3(723 701 647)
3(542 540 541)
3(436 445 438)
3(561 570 563)
3(686 695 688)
3(670 672 671)
3(795 797 853)
3(545 547 546)
3(579 531 530)
3(518 188 530)
3(649 209 707)
3(854 791 793)
3(159 774 861)
3(620 572 628)
3(495 447 503)
3(416 479 418)
3(440 410 504)
3(829 830 777)
3(715 698 641)
3(681 679 680)
3(587 622 536)
3(861 774 819)
3(438 471 437)
3(563 596 562)
3(688 721 687)
3(416 414 441)
3(614 553 569)
3(733 674 693)
3(564 557 591)
3(197 736 644)
3(622 586 630)
3(880 871 786)
3(435 446 464)
3(560 571 589)
3(608 549 568)
3(730 723 637)
3(622 630 536)
3(445 392 490)
3(719 675 677)
3(802 804 803)
3(566 511 602)
3(730 667 669)
3(429 431 467)
3(581 509 586)
3(161 162 492)
3(156 851 763)
3(446 452 464)
3(571 577 589)
3(904 929 930)
3(913 914 902)
3(922 903 921)
3(934 935 931)
3(923 926 927)
3(915 918 919)
3(906 907 912)
3(911 933 952)
3(930 936 932)
3(948 933 911)
3(908 906 912)
3(916 914 920)
3(928 924 922)
3(949 931 935)
3(915 919 950)
3(927 951 923)
3(932 904 930)
3(902 914 916)
3(924 903 922)
3(901 906 908)
3(896 948 911)
3(956 952 933)
3(940 948 896)
3(910 907 897)
3(893 937 945)
3(894 938 946)
3(939 947 895)
3(907 911 952)
3(900 930 929)
3(138 939 895)
3(126 937 893)
3(894 132 938)
3(896 144 940)
3(922 921 899)
3(913 898 914)
3(925 935 947)
3(946 917 927)
3(909 919 945)
3(926 923 899)
3(918 915 898)
3(931 900 934)
3(896 941 145)
3(139 895 944)
3(894 943 133)
3(942 127 893)
3(935 925 949)
3(950 919 909)
3(951 927 917)
3(904 940 143)
3(936 892 932)
3(944 934 140)
3(128 942 918)
3(134 943 926)
3(905 12 897)
3(910 146 941)
3(913 13 898)
3(921 14 899)
3(900 929 15)
3(934 944 935)
3(943 927 926)
3(919 918 942)
3(906 897 907)
3(900 931 930)
3(912 889 908)
3(916 920 891)
3(928 890 924)
3(922 899 923)
3(914 898 915)
3(907 885 912)
3(910 911 907)
3(131 902 938)
3(137 903 939)
3(125 901 937)
3(906 901 905)
3(928 11 890)
3(920 8 891)
3(892 936 10)
3(912 9 889)
3(885 952 956)
3(130 913 902)
3(901 124 905)
3(136 921 903)
3(929 904 142)
3(912 885 9)
3(147 910 897)
3(892 956 933)
3(135 926 899)
3(129 918 898)
3(900 141 934)
3(886 10 936)
3(928 888 11)
3(920 887 8)
3(911 941 896)
3(895 947 935)
3(927 894 946)
3(893 945 919)
3(948 932 933)
3(931 936 930)
3(928 922 923)
3(920 914 915)
3(932 948 904)
3(885 907 952)
3(945 908 909)
3(917 946 916)
3(925 947 924)
3(945 901 908)
3(946 902 916)
3(924 947 903)
3(948 940 904)
3(892 933 932)
3(892 45 956)
3(955 891 47)
3(941 911 910)
3(142 904 143)
3(909 908 889)
3(917 916 891)
3(890 925 924)
3(45 885 956)
3(47 891 8)
3(10 45 892)
3(945 937 901)
3(938 902 946)
3(939 903 947)
3(888 955 47)
3(944 895 935)
3(927 943 894)
3(919 942 893)
3(140 934 141)
3(128 918 129)
3(926 135 134)
3(931 886 936)
3(928 923 888)
3(887 920 915)
3(130 902 131)
3(125 124 901)
3(903 137 136)
3(906 905 897)
3(889 44 954)
3(46 953 890)
3(146 910 147)
3(9 44 889)
3(11 46 890)
3(144 896 145)
3(44 887 954)
3(127 126 893)
3(138 895 139)
3(894 133 132)
3(886 953 46)
3(899 14 135)
3(141 900 15)
3(13 129 898)
3(886 949 953)
3(950 954 887)
3(955 888 951)
3(949 925 953)
3(909 954 950)
3(951 917 955)
3(897 12 147)
3(941 146 145)
3(132 131 938)
3(138 137 939)
3(126 125 937)
3(140 139 944)
3(128 127 942)
3(943 134 133)
3(144 143 940)
3(888 47 11)
3(9 885 45)
3(15 929 142)
3(124 12 905)
3(14 921 136)
3(913 130 13)
3(44 8 887)
3(886 46 10)
3(931 949 886)
3(888 923 951)
3(887 915 950)
3(890 953 925)
3(909 889 954)
3(917 891 955)
)


// ************************************************************************* //
