$MeshFormat
2.2 0 8
$EndMeshFormat
$PhysicalNames
7
2 105 "tube_inlet"
2 106 "tube_outlet"
2 108 "shell_wall"
2 109 "shell_outlet"
2 110 "shell_inlet"
3 111 "shell_fluid"
3 112 "tube_fluid"
$EndPhysicalNames
$Nodes
1350
1 1 0 0
2 0 1 0
3 0 -1 0
4 -1 0 0
5 4 0 0
6 -4 0 0
7 0 4 0
8 0 -4 0
9 0 -1 20
10 1 0 20
11 0 1 20
12 -1 0 20
13 4 0 20
14 0 -4 20
15 -4 0 20
16 0 4 20
17 0.7071067795767627 0.7071067827963323 0
18 -0.7071067827963323 0.7071067795767627 0
19 -0.7071067795767627 -0.7071067827963323 0
20 0.7071067827963323 -0.7071067795767627 0
21 3.899711648205452 0.8900837381115978 0
22 3.603875469391609 1.735534961076097 0
23 3.127325924955558 2.493959213600106 0
24 2.493959201464249 3.127325934633582 0
25 1.735534951465581 3.60387547401979 0
26 0.8900837329924179 3.899711649373871 0
27 -0.8900837381115978 3.899711648205452 0
28 -1.735534961076097 3.603875469391609 0
29 -2.493959213600106 3.127325924955558 0
30 -3.127325934633582 2.493959201464249 0
31 -3.60387547401979 1.735534951465581 0
32 -3.899711649373871 0.8900837329924179 0
33 -3.899711648205452 -0.8900837381115978 0
34 -3.603875469391609 -1.735534961076097 0
35 -3.127325924955558 -2.493959213600106 0
36 -2.493959201464249 -3.127325934633582 0
37 -1.735534951465581 -3.60387547401979 0
38 -0.8900837329924179 -3.899711649373871 0
39 0.8900837381115978 -3.899711648205452 0
40 1.735534961076097 -3.603875469391609 0
41 2.493959213600106 -3.127325924955558 0
42 3.127325934633582 -2.493959201464249 0
43 3.60387547401979 -1.735534951465581 0
44 3.899711649373871 -0.8900837329924179 0
45 0.7071067827963323 -0.7071067795767627 20
46 0.7071067795767627 0.7071067827963323 20
47 -0.7071067827963323 0.7071067795767627 20
48 -0.7071067795767627 -0.7071067827963323 20
49 0 -1 0.9999999999991025
50 0 -1 1.999999999998379
51 0 -1 2.99999999999657
52 0 -1 3.999999999993654
53 0 -1 4.999999999990736
54 0 -1 5.99999999998782
55 0 -1 6.999999999984902
56 0 -1 7.999999999982053
57 0 -1 8.999999999983299
58 0 -1 9.999999999984821
59 0 -1 10.99999999998634
60 0 -1 11.99999999998786
61 0 -1 12.99999999998939
62 0 -1 13.99999999999091
63 0 -1 14.99999999999243
64 0 -1 15.99999999999396
65 0 -1 16.99999999999547
66 0 -1 17.99999999999698
67 0 -1 18.99999999999849
68 1 0 0.9999999999991025
69 1 0 1.999999999998379
70 1 0 2.99999999999657
71 1 0 3.999999999993654
72 1 0 4.999999999990736
73 1 0 5.99999999998782
74 1 0 6.999999999984902
75 1 0 7.999999999982053
76 1 0 8.999999999983299
77 1 0 9.999999999984821
78 1 0 10.99999999998634
79 1 0 11.99999999998786
80 1 0 12.99999999998939
81 1 0 13.99999999999091
82 1 0 14.99999999999243
83 1 0 15.99999999999396
84 1 0 16.99999999999547
85 1 0 17.99999999999698
86 1 0 18.99999999999849
87 0 1 0.9999999999991025
88 0 1 1.999999999998379
89 0 1 2.99999999999657
90 0 1 3.999999999993654
91 0 1 4.999999999990736
92 0 1 5.99999999998782
93 0 1 6.999999999984902
94 0 1 7.999999999982053
95 0 1 8.999999999983299
96 0 1 9.999999999984821
97 0 1 10.99999999998634
98 0 1 11.99999999998786
99 0 1 12.99999999998939
100 0 1 13.99999999999091
101 0 1 14.99999999999243
102 0 1 15.99999999999396
103 0 1 16.99999999999547
104 0 1 17.99999999999698
105 0 1 18.99999999999849
106 -1 0 0.9999999999991025
107 -1 0 1.999999999998379
108 -1 0 2.99999999999657
109 -1 0 3.999999999993654
110 -1 0 4.999999999990736
111 -1 0 5.99999999998782
112 -1 0 6.999999999984902
113 -1 0 7.999999999982053
114 -1 0 8.999999999983299
115 -1 0 9.999999999984821
116 -1 0 10.99999999998634
117 -1 0 11.99999999998786
118 -1 0 12.99999999998939
119 -1 0 13.99999999999091
120 -1 0 14.99999999999243
121 -1 0 15.99999999999396
122 -1 0 16.99999999999547
123 -1 0 17.99999999999698
124 -1 0 18.99999999999849
125 3.899711648382004 -0.8900837373380761 20
126 3.603875468443254 -1.735534963045377 20
127 3.127325921898179 -2.493959217433939 20
128 2.493959196855834 -3.12732593830867 20
129 1.735534948681479 -3.603875475360542 20
130 0.890083731708031 -3.899711649667025 20
131 -0.8900837373380761 -3.899711648382004 20
132 -1.735534963045377 -3.603875468443254 20
133 -2.493959217433939 -3.127325921898179 20
134 -3.12732593830867 -2.493959196855834 20
135 -3.603875475360542 -1.735534948681479 20
136 -3.899711649667025 -0.890083731708031 20
137 -3.899711648382004 0.8900837373380761 20
138 -3.603875468443254 1.735534963045377 20
139 -3.127325921898179 2.493959217433939 20
140 -2.493959196855834 3.12732593830867 20
141 -1.735534948681479 3.603875475360542 20
142 -0.890083731708031 3.899711649667025 20
143 0.8900837373380761 3.899711648382004 20
144 1.735534963045377 3.603875468443254 20
145 2.493959217433939 3.127325921898179 20
146 3.12732593830867 2.493959196855834 20
147 3.603875475360542 1.735534948681479 20
148 3.899711649667025 0.890083731708031 20
149 4 0 0.9999999999991025
150 4 0 1.999999999998379
151 4 0 2.99999999999657
152 4 0 3.999999999993654
153 4 0 4.999999999990736
154 4 0 5.99999999998782
155 4 0 6.999999999984902
156 4 0 7.999999999982053
157 4 0 8.999999999983299
158 4 0 9.999999999984821
159 4 0 10.99999999998634
160 4 0 11.99999999998786
161 4 0 12.99999999998939
162 4 0 13.99999999999091
163 4 0 14.99999999999243
164 4 0 15.99999999999396
165 4 0 16.99999999999547
166 4 0 17.99999999999698
167 4 0 18.99999999999849
168 0 -4 0.9999999999991025
169 0 -4 1.999999999998379
170 0 -4 2.99999999999657
171 0 -4 3.999999999993654
172 0 -4 4.999999999990736
173 0 -4 5.99999999998782
174 0 -4 6.999999999984902
175 0 -4 7.999999999982053
176 0 -4 8.999999999983299
177 0 -4 9.999999999984821
178 0 -4 10.99999999998634
179 0 -4 11.99999999998786
180 0 -4 12.99999999998939
181 0 -4 13.99999999999091
182 0 -4 14.99999999999243
183 0 -4 15.99999999999396
184 0 -4 16.99999999999547
185 0 -4 17.99999999999698
186 0 -4 18.99999999999849
187 -4 0 0.9999999999991025
188 -4 0 1.999999999998379
189 -4 0 2.99999999999657
190 -4 0 3.999999999993654
191 -4 0 4.999999999990736
192 -4 0 5.99999999998782
193 -4 0 6.999999999984902
194 -4 0 7.999999999982053
195 -4 0 8.999999999983299
196 -4 0 9.999999999984821
197 -4 0 10.99999999998634
198 -4 0 11.99999999998786
199 -4 0 12.99999999998939
200 -4 0 13.99999999999091
201 -4 0 14.99999999999243
202 -4 0 15.99999999999396
203 -4 0 16.99999999999547
204 -4 0 17.99999999999698
205 -4 0 18.99999999999849
206 0 4 0.9999999999991025
207 0 4 1.999999999998379
208 0 4 2.99999999999657
209 0 4 3.999999999993654
210 0 4 4.999999999990736
211 0 4 5.99999999998782
212 0 4 6.999999999984902
213 0 4 7.999999999982053
214 0 4 8.999999999983299
215 0 4 9.999999999984821
216 0 4 10.99999999998634
217 0 4 11.99999999998786
218 0 4 12.99999999998939
219 0 4 13.99999999999091
220 0 4 14.99999999999243
221 0 4 15.99999999999396
222 0 4 16.99999999999547
223 0 4 17.99999999999698
224 0 4 18.99999999999849
225 0.268765817223823 0.1113264469548191 0
226 -0.3632776934576478 -0.1504745480222367 0
227 -0.1902402587220213 0.4476830150213186 0
228 0.1820395197735081 -0.4510798723262105 0
229 0.5900297926537799 1.478555355310569 0
230 1.478555355310569 -0.5900297926537799 0
231 -0.5900297926537799 -1.478555355310569 0
232 -1.478555355310569 0.5900297926537799 0
233 1.399030431283134 0.6982719220371874 0
234 -0.6982719220371871 1.399030431283133 0
235 0.6982719220371874 -1.399030431283134 0
236 -1.399030431283133 -0.6982719220371871 0
237 2.329730724022537 2.359931878477791 0
238 -2.35993187847779 2.329730724022537 0
239 -2.329730724022537 -2.35993187847779 0
240 2.35993187847779 -2.329730724022537 0
241 3.179020700420216 -0.358189607150341 0
242 -3.179020700420216 0.358189607150341 0
243 0.358189607150341 3.179020700420216 0
244 -0.358189607150341 -3.179020700420216 0
245 -1.070827296168919 2.95051381700838 0
246 -2.95051381700838 -1.070827296168919 0
247 2.95051381700838 1.070827296168919 0
248 1.070827296168919 -2.95051381700838 0
249 3.321862905887284 0.3619482260945583 0
250 2.5905874491796 0.2008208145393223 0
251 2.313747247711849 -0.6383261996626308 0
252 2.126831979408702 0.858026997941198 0
253 1.560592416977204 1.395459949557721 0
254 3.026750160166169 -1.156009001001839 0
255 2.238246163347153 -1.503907333119045 0
256 1.818125410482309 0.08812729036688283 0
257 0.3619482260945583 -3.321862905887284 0
258 0.2008208145393223 -2.5905874491796 0
259 -0.6383261996626307 -2.313747247711849 0
260 0.858026997941198 -2.126831979408702 0
261 1.413610082410551 -1.563632637572599 0
262 -1.156009001001839 -3.026750160166169 0
263 -1.503907333119045 -2.238246163347153 0
264 0.08812729036688283 -1.818125410482309 0
265 -0.3619482260945582 3.321862905887284 0
266 -0.2008208145393219 2.5905874491796 0
267 0.6383261996626308 2.313747247711849 0
268 -0.8580269979411979 2.126831979408702 0
269 -1.395459949557721 1.560592416977203 0
270 1.156009001001839 3.026750160166169 0
271 1.490424328934933 2.249670448086485 0
272 -0.08812729036688267 1.818125410482309 0
273 -3.321862905887284 -0.3619482260945582 0
274 -2.5905874491796 -0.2008208145393219 0
275 -2.313747247711849 0.6383261996626308 0
276 -2.126831979408702 -0.8580269979411979 0
277 -1.563632637572598 -1.41361008241055 0
278 -3.026750160166169 1.156009001001839 0
279 -2.249670448086485 1.490424328934933 0
280 -1.818125410482309 -0.08812729036688267 0
281 2.851786512949935 1.79189623525972 0
282 1.79189623525972 -2.851786512949935 0
283 -1.791896235259719 2.851786512949935 0
284 -2.851786512949935 -1.791896235259719 0
285 -1.841692186918522 -2.868582405902171 0
286 2.868582405902171 -1.841692186918522 0
287 1.841692186918522 2.868582405902172 0
288 -2.868582405902172 1.841692186918522 0
289 -1.620968800915305 2.218313296550281 0
290 2.218313296550282 1.620968800915306 0
291 -2.221067167346866 -1.622089775600888 0
292 1.622089775600888 -2.221067167346866 0
293 1.095813996301509 1.776477355528981 0
294 -1.776477355528981 1.095813996301509 0
295 1.776827514218772 -1.096674222497861 0
296 -1.096674222497861 -1.776827514218772 0
297 1.069441014292307 1.159078198003981 0
298 -1.159078198003981 1.069441014292307 0
299 1.160041353540352 -1.069644077952852 0
300 -1.069644077952852 -1.160041353540352 0
301 0.718909611120032 -0.6951035685703565 5.499999999985478
302 0.7189096111138108 -0.6951035685767908 7.499999998160365
303 0.7211703848711256 -0.6927577325334107 4.499703851044788
304 0.7190540654332693 -0.6949541358851586 6.499999999432213
305 0.7217421238123283 -0.6921620523510876 3.499943751159801
306 0.7223047881888475 -0.6915748643201719 2.499999999997474
307 0.7211703848717971 -0.6927577325327117 8.500296149314
308 0.7223047881888475 -0.6915748643201719 1.499999999998741
309 0.7217421238139576 -0.6921620523493887 9.500056248887665
310 0.7189096111320803 -0.6951035685578956 17.49999999999242
311 0.7223047881888467 -0.6915748643201727 18.49999999999773
312 0.7223047881888475 -0.6915748643201719 16.49999999999471
313 0.7189096111365019 -0.6951035685533227 15.50000000364913
314 0.7223047881888476 -0.6915748643201718 12.49999999998862
315 0.7223047881888475 -0.6915748643201719 10.49999999998558
316 0.722304788188848 -0.6915748643201712 11.4999999999871
317 0.7211703848762161 -0.6927577325281115 14.49970385297485
318 0.7217421238161147 -0.6921620523471395 13.49994375234148
319 0.6621631914409364 -0.7493596652481062 19.24432457462314
320 0.6621631934353689 -0.7493596634857486 0.7556754214044958
321 0.7223047926428284 0.6915748596682797 5.499999999989278
322 0.7223047926428281 0.6915748596682799 6.499999999986361
323 0.7223047926428275 0.6915748596682805 7.499999999983478
324 0.6951035685703423 0.7189096111200458 3.499999999994831
325 0.6915748643201719 0.7223047881888475 4.499999999992195
326 0.6927577325333747 0.7211703848711601 2.49970385138691
327 0.7223047926428281 0.6915748596682799 8.499999999982677
328 0.6915748643201719 0.7223047881888475 1.499999999998741
329 0.7189096145889584 0.6951035649826257 9.500000000096474
330 0.6915748643201719 0.7223047881888475 18.49999999999773
331 0.6915748643201719 0.7223047881888475 17.49999999999623
332 0.6915748643201719 0.7223047881888475 16.49999999999471
333 0.6915748643201719 0.7223047881888475 15.49999999999319
334 0.6951035685533227 0.7189096111365019 12.49999999633269
335 0.7223047926428281 0.6915748596682799 10.49999999998558
336 0.6915748643201719 0.7223047881888475 11.4999999999871
337 0.6915748643201719 0.7223047881888475 13.49999999999015
338 0.6951035685533227 0.7189096111365019 14.50000000364761
339 0.7493596652481055 0.6621631914409373 19.24432457462315
340 0.7493596634857486 0.6621631934353689 0.7556754214044958
341 -0.7223047881888475 0.6915748643201719 5.499999999989278
342 -0.6915748596682806 0.7223047926428274 7.499999999983478
343 -0.7223047881888475 0.6915748643201719 4.499999999992195
344 -0.7223047881888468 0.6915748643201726 6.499999999986361
345 -0.722304788188848 0.6915748643201712 3.499999999995112
346 -0.6915748596682801 0.7223047926428279 2.499999999997474
347 -0.6915748596682799 0.7223047926428281 8.499999999982677
348 -0.6915748596682799 0.7223047926428281 1.499999999998741
349 -0.6915748596682799 0.7223047926428281 9.499999999984061
350 -0.7223047881888475 0.6915748643201719 18.49999999999773
351 -0.7223047881888475 0.6915748643201719 17.49999999999623
352 -0.7223047881888475 0.6915748643201719 16.49999999999471
353 -0.7223047881888475 0.6915748643201719 15.49999999999319
354 -0.7189096111365019 0.6951035685533227 12.49999999633269
355 -0.7223047881888475 0.6915748643201719 10.49999999998558
356 -0.721170384877228 0.6927577325270581 11.49970385180723
357 -0.7223047881888475 0.6915748643201719 13.49999999999015
358 -0.7189096111365019 0.6951035685533227 14.50000000364761
359 -0.7493596634056884 0.6621631935259716 0.7556754222970253
360 -0.6621631914409373 0.7493596652481055 19.24432457462315
361 -0.7223047926428281 -0.6915748596682799 6.499999999986361
362 -0.7223047926428281 -0.6915748596682799 5.499999999989278
363 -0.722304792642828 -0.69157485966828 7.499999999983478
364 -0.7223047926428281 -0.6915748596682799 3.499999999995112
365 -0.722304792642828 -0.69157485966828 4.499999999992195
366 -0.7189096145754652 -0.695103564996581 2.499999999982874
367 -0.7223047926428272 -0.6915748596682808 8.499999999982677
368 -0.7223047926428281 -0.6915748596682799 1.499999999998741
369 -0.7223047926428281 -0.6915748596682799 9.499999999984061
370 -0.6915748643201719 -0.7223047881888475 18.49999999999773
371 -0.6915748643201727 -0.7223047881888467 17.49999999999623
372 -0.6915748643201719 -0.7223047881888475 15.49999999999319
373 -0.6915748643201719 -0.7223047881888475 16.49999999999471
374 -0.722304792642828 -0.69157485966828 12.49999999998862
375 -0.7223047926428277 -0.6915748596682804 10.49999999998558
376 -0.7223047926428281 -0.6915748596682799 11.4999999999871
377 -0.6951035685533364 -0.7189096111364885 14.50000000365141
378 -0.691574864320173 -0.7223047881888464 13.49999999999015
379 -0.6621631935259716 -0.7493596634056884 0.7556754222970253
380 -0.7493596652481055 -0.6621631914409373 19.24432457462315
381 -0.2687658179415272 0.1113264465352553 20
382 0.3632776930886966 -0.1504745469004856 20
383 -0.1820395185523889 -0.4510798721275172 20
384 0.1902402574066136 0.4476830148835537 20
385 2.828427130234168 -2.828427119258212 0.7753047950387948
386 2.823411873226195 -2.833433499153517 19.22105007124175
387 3.906250000000545 -0.8609360821197714 5.499999999989278
388 0.8620815350926387 -3.905997366467663 7.49598865313301
389 3.906250000003789 -0.8609360821050548 9.499999999984061
390 0.8609360821417633 -3.906249999995698 11.4999999999871
391 3.906250000003762 -0.8609360821051736 13.49999999999015
392 0.9047753694073369 -3.896329238002587 15.48682661302825
393 3.906249999999727 -0.8609360821234845 16.49999999999471
394 0.8628871558494121 -3.905819473077335 3.486450606626077
395 3.906249999999917 -0.8609360821226206 11.4999999999871
396 3.906250000000743 -0.8609360821188754 7.499999999983478
397 3.912344468278557 -0.8328029548039406 3.488453636759283
398 0.8609360821235494 -3.906249999999712 9.499999999984059
399 0.892728408596379 -3.899107075791197 13.48935039526049
400 0.8664968068679814 -3.905020266744796 5.487835706575003
401 0.9212603395077682 -3.892464436170231 17.48118428269379
402 3.899429986079859 -0.8913168817324361 1.606127334705018
403 0.8937000632907758 -3.89888448108867 1.611369886682405
404 3.922768500780487 -0.7822322476633217 18.50097266323147
405 1.321116241747736 -3.775533323358481 19.22469520795745
406 0.8667920410795502 -3.904954744618835 2.531746341040883
407 1.66959570401812 -3.634893421425756 2.990806135529561
408 1.679220298902705 -3.630457159608568 3.9728593229883
409 2.398874645747467 -3.200843706585807 3.466706124930943
410 2.413655259658137 -3.189712884810263 4.450349685099951
411 3.018344821476109 -2.624803714312435 3.96913922315408
412 3.046432779602665 -2.592151098867962 3.068453937103363
413 3.041328587541702 -2.598137875979948 4.931727886441474
414 2.424897362201046 -3.181174748860931 5.440570264776582
415 3.057320979626968 -2.579299987890667 5.925368139605729
416 2.435375976195372 -3.173159916324804 6.434135962258133
417 3.067151373554657 -2.567602471509518 6.918696458348963
418 2.445897765535452 -3.165056732595592 7.430139386074288
419 3.076815155849985 -2.556014181637463 7.916649894633939
420 2.456894450603185 -3.156528101980921 8.42802996726331
421 3.084731030721343 -2.546455275103971 8.91422592930774
422 2.465978295225077 -3.149436623823191 9.42620040690924
423 3.093470396467883 -2.535831403342273 9.913736860148251
424 2.476609461177596 -3.141083503634633 10.4262586004188
425 3.100828413261229 -2.526828674744659 10.91289789721095
426 2.485782343289582 -3.133829309613041 11.42507564643489
427 3.109757163464995 -2.515831946748063 11.91268624274377
428 2.496548120524134 -3.125259586323577 12.42614991529969
429 3.118037830835598 -2.505561830304341 12.91293124061131
430 2.507702531922829 -3.116316417084092 13.4246827483635
431 3.126613338405784 -2.494852507083944 13.9124369200064
432 2.519321844575025 -3.106930550148666 14.42455533094244
433 3.135388848735984 -2.483814962355699 14.91061632565463
434 2.530794462926726 -3.097592514586033 15.41953363112832
435 3.142013823477989 -2.475429080598599 15.9042855974794
436 2.543961092815805 -3.086788291775031 16.41221516075279
437 3.149769517245934 -2.465553079580384 16.89247815260187
438 2.556913466704407 -3.076067867226868 17.38668487525614
439 3.143698335277007 -2.473289464817366 17.79492992949739
440 3.597360782459818 -1.748998399318903 15.39751908321737
441 3.512122638128446 -1.91441755496174 4.452655028767044
442 3.539189734969862 -1.863903436308854 6.40670086475096
443 3.554739276467078 -1.834074337736155 8.401802551678641
444 3.568557767863392 -1.807040524565468 10.40043967771609
445 3.581796669810521 -1.780655108698555 12.39993853802076
446 3.601258271953382 -1.740959177777394 17.3477928957883
447 1.812798772153595 -3.565636073925439 16.94125146510208
448 1.779936005560129 -3.582154074870406 17.80808149958144
449 1.775349956522791 -3.584429177968861 14.94611558676811
450 1.763404319981023 -3.59032104473573 12.94324727564151
451 1.751821160273815 -3.595987016441648 10.93800934401163
452 1.718201266793809 -3.612171702284949 8.945254262158082
453 0.9224257985622252 -3.892188413495272 16.47636986294435
454 1.702780103293417 -3.619466800487063 6.94218425849877
455 1.669026008851111 -3.635155042330179 2.026093042343104
456 1.68457362325652 -3.627976255135692 1.080828043403693
457 2.426934909871444 -3.179620565924067 1.564753076219775
458 0.8652289902526502 -3.905301370499642 4.484940331666956
459 3.907268319575908 -0.8563026794530433 2.527286377028115
460 3.638750308362484 -1.661173137692734 1.999939230610292
461 3.629772101802974 -1.680700594684497 1.073043818691916
462 3.219500091885798 -2.373777402863912 1.518964540210084
463 2.396832835793647 -3.20237292601305 2.545255943890107
464 3.640056889187538 -1.658308126820328 2.977513869342517
465 1.760643728607655 -3.59167560630335 15.93435847526543
466 0.9054375800143468 -3.896175405278587 14.47904485415929
467 3.592719544525393 -1.758512517551482 14.40350037176358
468 1.743762215583224 -3.59990185081542 13.94093399525545
469 0.9143535614910998 -3.894092649718101 12.49497577999922
470 1.720505592922962 -3.611074702179506 11.94217039715755
471 0.8738297926270285 -3.903385901178284 10.48368423898657
472 2.531446378746544 -3.097059772030726 18.31142289997799
473 3.885085332816484 -0.9518991315965302 4.52834220487052
474 0.8632702292347819 -3.90573482347649 8.494602659137779
475 1.710999347401443 -3.615588642695935 9.938521059631247
476 3.906295888308507 -0.8607278507077918 10.50036715192197
477 3.904412925624805 -0.8692293749143238 8.525205892504069
478 3.903404890872576 -0.87374496159466 6.535753587086437
479 3.574343961848769 -1.79556822270702 9.378128523919271
480 3.571004895549652 -1.802199776928302 7.372710917829702
481 1.712156808030722 -3.615040672622377 7.944110574266933
482 3.562225268859899 -1.819491998854631 5.374985645325987
483 0.8627223720982606 -3.905855874028271 6.489330221309638
484 3.575041740295077 -1.794178518193758 11.40013471473531
485 1.694448738017726 -3.623374597558212 5.9535355783366
486 1.685200808528801 -3.62768496908619 4.965291009362244
487 3.906146867594536 -0.8614038824972822 12.52544870573531
488 2.147653163376914 -3.374549731421532 19.24124768269862
489 3.39506138458835 -2.115078768007716 19.23485483297535
490 3.581085198214706 -1.782085520710928 13.40001316808174
491 3.909999913205501 -0.8437420688415224 17.53030900158425
492 3.598871035823884 -1.745888675576975 18.33066526555051
493 3.910900386649018 -0.8395583158474217 14.49999999999167
494 3.596892345153541 -1.749961558828038 16.3527123675805
495 3.912026170690037 -0.8342968535456953 15.49999999999319
496 0.8446260765492145 -3.90980904787089 18.44749837143853
497 3.768881594117438 -1.339974451070914 19.22577404107733
498 2.933451647789993 -2.719349449790919 2.21700859332222
499 2.252293101728616 -3.30562789556019 0.6904087459648857
500 3.305765552180128 -2.252091053669726 0.690548970932673
501 1.005756473476915 -3.871492466227886 0.7530334123118689
502 3.873343806693381 -0.9986029016330918 0.7528784873450373
503 3.12980247870856 -2.490850546353545 18.57809242340375
504 1.735534948696333 -3.603875475353389 18.62826374621185
505 3.454010824217262 -2.017376818095715 3.684957603257357
506 3.342064254914221 -2.197864080425505 2.397584608420015
507 0.6409801997060721 -3.948309053707012 19.31853641237218
508 3.94948745113384 -0.6336788408463089 19.32527028076307
509 3.732371401606574 -1.438542220607159 3.871912040043111
510 -2.828427119258212 -2.828427130234168 0.7753047950387948
511 -2.833433499133671 -2.823411873246113 19.22105007164586
512 -0.8609360821197714 -3.906250000000545 5.499999999989278
513 -3.905997366458878 -0.8620815351324429 7.495988653153701
514 -0.8609360821050548 -3.906250000003789 9.499999999984061
515 -3.906249999995698 -0.8609360821417633 11.4999999999871
516 -0.8609360821051736 -3.906250000003762 13.49999999999015
517 -3.896329238092298 -0.9047753690210023 15.48682661294001
518 -0.8609360821234845 -3.906249999999727 16.49999999999471
519 -3.905819473077335 -0.8628871558494121 3.486450606626077
520 -0.8609360821241767 -3.906249999999574 11.4999999999871
521 -0.8609360821188754 -3.906250000000743 7.499999999983478
522 -0.8328029549454021 -3.912344468248445 3.488453636862535
523 -3.906249999999712 -0.8609360821235494 9.499999999984059
524 -3.899107075824078 -0.8927284084527682 13.48935039523796
525 -3.905020266824613 -0.8664968065082692 5.487835706627107
526 -3.892464436516073 -0.9212603380465331 17.4811842824824
527 -0.8913168817324361 -3.899429986079859 1.606127334705018
528 -3.89888448108867 -0.8937000632907758 1.611369886682405
529 -0.7822322493385232 -3.922768500446438 18.50097265843326
530 -3.775533323358481 -1.321116241747736 19.22469520795745
531 -3.904954744618835 -0.8667920410795502 2.531746341040883
532 -3.634893421687429 -1.669595703448428 2.990806135915891
533 -3.630457159820186 -1.679220298445188 3.972859320981457
534 -3.200843706562455 -2.398874645778625 3.466706124394108
535 -3.189712884810263 -2.413655259658137 4.450349685099951
536 -2.624803712999205 -3.018344822618116 3.96913922361738
537 -2.592151097671365 -3.046432780620826 3.068453937445422
538 -2.598137875979948 -3.041328587541702 4.931727886441474
539 -3.181174748775927 -2.424897362312561 5.440570265409153
540 -2.579299987502136 -3.057320979954751 5.925368139905346
541 -3.173159915712629 -2.435375976993003 6.434135965048013
542 -2.567602470724943 -3.067151374211448 6.918696459953825
543 -3.165056733415315 -2.445897764474709 7.430139385647797
544 -2.556014183322008 -3.076815154450577 7.916649893933258
545 -3.156528101400393 -2.456894451349026 8.428029966830634
546 -2.546455276206415 -3.084731029811272 8.914225926657796
547 -3.149436624374994 -2.46597829452034 9.426200406070826
548 -2.535831403993567 -3.093470395933992 9.913736859053998
549 -3.141083504345556 -2.476609460275931 10.4262586006908
550 -2.526828674744656 -3.100828413261231 10.91289789721095
551 -3.133829309786483 -2.485782343070925 11.42507564887175
552 -2.515831946326909 -3.109757163805714 11.91268624368069
553 -3.125259585647597 -2.496548121370347 12.42614991615035
554 -2.5055618306572 -3.118037830552051 12.91293124209823
555 -3.116316416596946 -2.507702532528205 13.42468274891405
556 -2.494852507802191 -3.126613337832665 13.91243691891404
557 -3.106930549287163 -2.519321845637466 14.42455532804673
558 -2.483814962329129 -3.135388848757032 14.910616323821
559 -3.097592514140812 -2.530794463471659 15.41953362933464
560 -2.475429081143643 -3.142013823048578 15.90428559468407
561 -3.086788291428572 -2.543961093236192 16.41221516276053
562 -2.465553079038153 -3.149769517670377 16.89247815278518
563 -3.076067866550645 -2.55691346751793 17.3866848808912
564 -2.473289461876908 -3.143698337590398 17.79492993142239
565 -1.748998399318907 -3.597360782459817 15.39751908321738
566 -1.914417554616643 -3.512122638316554 4.452655027278698
567 -1.863903436308855 -3.539189734969862 6.406700864750958
568 -1.834074337736151 -3.55473927646708 8.401802551678637
569 -1.807040524565464 -3.568557767863394 10.40043967771609
570 -1.780655108698553 -3.581796669810521 12.39993853802076
571 -1.740959177798066 -3.601258271943388 17.34779289636692
572 -3.565636074121985 -1.812798771767003 16.94125146097203
573 -3.582154074909845 -1.779936005480756 17.80808149440428
574 -3.584429178067724 -1.775349956323186 14.94611558802073
575 -3.590321044777016 -1.763404319896965 12.94324727376626
576 -3.595987016441646 -1.751821160273819 10.93800934401163
577 -3.612171702486575 -1.718201266369932 8.945254263851794
578 -3.892188413741561 -0.9224257975230055 16.47636986244715
579 -3.619466800487063 -1.702780103293417 6.942184258498774
580 -3.635155042673783 -1.66902600810274 2.02609304273568
581 -3.627976255232962 -1.684573623047035 1.080828042895675
582 -3.179620565895596 -2.426934909908745 1.564753075087654
583 -3.905301370619644 -0.8652289897110075 4.484940331358426
584 -0.8563026795092534 -3.907268319563589 2.527286376445692
585 -1.661173137692734 -3.638750308362484 1.999939230610292
586 -1.680700595284443 -3.629772101525179 1.073043818716362
587 -2.373777402863912 -3.219500091885798 1.518964540210084
588 -3.202372927043623 -2.396832834416714 2.545255943675985
589 -1.658308126820328 -3.640056889187538 2.977513869342517
590 -3.59167560630336 -1.760643728607634 15.93435847526541
591 -3.896175405288619 -0.9054375799711761 14.47904485196399
592 -1.758512517551479 -3.592719544525394 14.40350037176359
593 -3.599901850967782 -1.74376221526868 13.94093399549878
594 -3.894092649763239 -0.9143535612988644 12.49497578033761
595 -3.611074702236487 -1.720505592803367 11.94217039721736
596 -3.903385901016163 -0.8738297933512204 10.4836842385698
597 -3.097059771139494 -2.531446379836907 18.31142289736362
598 -0.9518991301661318 -3.885085333166951 4.52834220454249
599 -3.905734823430558 -0.8632702294425934 8.494602658809923
600 -3.615588643012967 -1.71099934673151 9.938521058429645
601 -0.8607278492253508 -3.906295888635153 10.50036715453579
602 -0.8692293746435351 -3.904412925685091 8.52520589269445
603 -0.8737449617395218 -3.90340489084015 6.53575358701191
604 -1.795568222171048 -3.574343962118014 9.37812852472997
605 -1.802199774769238 -3.571004896639279 7.372710920707881
606 -3.615040672649299 -1.712156807973879 7.944110574292331
607 -1.819491999651288 -3.562225268452987 5.374985643752184
608 -3.905855874063019 -0.8627223719409436 6.489330222054919
609 -1.794178515012001 -3.575041741891881 11.40013471468425
610 -3.623374597614982 -1.694448737896332 5.953535579343795
611 -3.627684969207215 -1.685200808268275 4.965291009421794
612 -0.8614038822017808 -3.906146867659702 12.52544870540635
613 -3.374549731452203 -2.147653163328721 19.24124768479103
614 -2.115078767489068 -3.39506138491146 19.2348548307579
615 -1.782085520710927 -3.581085198214707 13.40001316808175
616 -0.8437420676422213 -3.909999913464299 17.53030900369782
617 -1.745888674594303 -3.598871036300599 18.33066526738658
618 -0.8395583014062601 -3.910900389749122 14.49999999999167
619 -1.749961557708164 -3.596892345698383 16.35271236563814
620 -0.8342968413530703 -3.912026173290292 15.49999999999319
621 -3.909809047893416 -0.8446260764449407 18.44749837120897
622 -1.339974454139241 -3.768881593026536 19.22577403615405
623 -2.719349449656884 -2.933451647914245 2.217008592946527
624 -3.30562789556019 -2.252293101728616 0.6904087459648856
625 -2.252091055995629 -3.305765550595579 0.6905489693183917
626 -3.871492466227886 -1.005756473476915 0.7530334123118689
627 -0.9986029016330918 -3.873343806693381 0.7528784873450373
628 -2.490850545616105 -3.129802479295452 18.57809242638751
629 -3.603875475353389 -1.735534948696333 18.62826374621184
630 -2.017376817758073 -3.454010824414468 3.684957603270218
631 -2.197864080046963 -3.342064255163165 2.39758460881768
632 -3.948309053707828 -0.6409801997010455 19.31853641233692
633 -0.633678840846308 -3.94948745113384 19.32527028076307
634 -1.438542220401709 -3.732371401685759 3.871912039188177
635 -2.828427130234168 2.828427119258212 0.7753047950387948
636 -2.823411873226195 2.833433499153517 19.22105007124175
637 -3.906250000000545 0.8609360821197714 5.499999999989278
638 -0.8620815350926387 3.905997366467663 7.49598865313301
639 -3.906250000003789 0.8609360821050548 9.499999999984061
640 -0.8609360821417633 3.906249999995698 11.4999999999871
641 -3.906250000003762 0.8609360821051736 13.49999999999015
642 -0.9047753694073369 3.896329238002587 15.48682661302825
643 -3.906249999999727 0.8609360821234845 16.49999999999471
644 -0.8628871558494121 3.905819473077335 3.486450606626077
645 -3.906249999999917 0.8609360821226206 11.4999999999871
646 -3.906250000000743 0.8609360821188754 7.499999999983478
647 -3.912344468278557 0.8328029548039406 3.488453636759283
648 -0.8609360821235494 3.906249999999712 9.499999999984059
649 -0.892728408596379 3.899107075791197 13.48935039526049
650 -0.8664968068679814 3.905020266744796 5.487835706575003
651 -0.9212603395077682 3.892464436170231 17.48118428269379
652 -3.899429986079859 0.8913168817324361 1.606127334705018
653 -0.8937000632907758 3.89888448108867 1.611369886682405
654 -3.922768500780487 0.7822322476633217 18.50097266323147
655 -1.321116241747736 3.775533323358481 19.22469520795745
656 -0.8667920410795502 3.904954744618835 2.531746341040883
657 -1.66959570401812 3.634893421425756 2.990806135529561
658 -1.679220298902705 3.630457159608568 3.9728593229883
659 -2.398874645747467 3.200843706585807 3.466706124930943
660 -2.413655259658137 3.189712884810263 4.450349685099951
661 -3.018344821476109 2.624803714312435 3.96913922315408
662 -3.046432779602665 2.592151098867962 3.068453937103363
663 -3.041328587541702 2.598137875979948 4.931727886441474
664 -2.424897362201046 3.181174748860931 5.440570264776582
665 -3.057320979626968 2.579299987890667 5.925368139605729
666 -2.435375976195372 3.173159916324804 6.434135962258133
667 -3.067151373554657 2.567602471509518 6.918696458348963
668 -2.445897765535452 3.165056732595592 7.430139386074288
669 -3.076815155849985 2.556014181637463 7.916649894633939
670 -2.456894450603185 3.156528101980921 8.42802996726331
671 -3.084731030721343 2.546455275103971 8.91422592930774
672 -2.465978295225077 3.149436623823191 9.42620040690924
673 -3.093470396467883 2.535831403342273 9.913736860148251
674 -2.476609461177596 3.141083503634633 10.4262586004188
675 -3.100828413261229 2.526828674744659 10.91289789721095
676 -2.485782343289582 3.133829309613041 11.42507564643489
677 -3.109757163464995 2.515831946748063 11.91268624274377
678 -2.496548120524134 3.125259586323577 12.42614991529969
679 -3.118037830835598 2.505561830304341 12.91293124061131
680 -2.507702531922829 3.116316417084092 13.4246827483635
681 -3.126613338405784 2.494852507083944 13.9124369200064
682 -2.519321844575025 3.106930550148666 14.42455533094244
683 -3.135388848735984 2.483814962355699 14.91061632565463
684 -2.530794462926726 3.097592514586033 15.41953363112832
685 -3.142013823477989 2.475429080598599 15.9042855974794
686 -2.543961092815805 3.086788291775031 16.41221516075279
687 -3.149769517245934 2.465553079580384 16.89247815260187
688 -2.556913466704407 3.076067867226868 17.38668487525614
689 -3.143698335277007 2.473289464817366 17.79492992949739
690 -3.597360782459818 1.748998399318903 15.39751908321737
691 -3.512122638128446 1.91441755496174 4.452655028767044
692 -3.539189734969862 1.863903436308854 6.40670086475096
693 -3.554739276467078 1.834074337736155 8.401802551678641
694 -3.568557767863392 1.807040524565468 10.40043967771609
695 -3.581796669810521 1.780655108698555 12.39993853802076
696 -3.601258271953382 1.740959177777394 17.3477928957883
697 -1.812798772153595 3.565636073925439 16.94125146510208
698 -1.779936005560129 3.582154074870406 17.80808149958144
699 -1.775349956522791 3.584429177968861 14.94611558676811
700 -1.763404319981023 3.59032104473573 12.94324727564151
701 -1.751821160273815 3.595987016441648 10.93800934401163
702 -1.718201266793809 3.612171702284949 8.945254262158082
703 -0.9224257985622252 3.892188413495272 16.47636986294435
704 -1.702780103293417 3.619466800487063 6.94218425849877
705 -1.669026008851111 3.635155042330179 2.026093042343104
706 -1.68457362325652 3.627976255135692 1.080828043403693
707 -2.426934909871444 3.179620565924067 1.564753076219775
708 -0.8652289902526502 3.905301370499642 4.484940331666956
709 -3.907268319575908 0.8563026794530433 2.527286377028115
710 -3.638750308362484 1.661173137692734 1.999939230610292
711 -3.629772101802974 1.680700594684497 1.073043818691916
712 -3.219500091885798 2.373777402863912 1.518964540210084
713 -2.396832835793647 3.20237292601305 2.545255943890107
714 -3.640056889187538 1.658308126820328 2.977513869342517
715 -1.760643728607655 3.59167560630335 15.93435847526543
716 -0.9054375800143468 3.896175405278587 14.47904485415929
717 -3.592719544525393 1.758512517551482 14.40350037176358
718 -1.743762215583224 3.59990185081542 13.94093399525545
719 -0.9143535614910998 3.894092649718101 12.49497577999922
720 -1.720505592922962 3.611074702179506 11.94217039715755
721 -0.8738297926270285 3.903385901178284 10.48368423898657
722 -2.531446378746544 3.097059772030726 18.31142289997799
723 -3.885085332816484 0.9518991315965302 4.52834220487052
724 -0.8632702292347819 3.90573482347649 8.494602659137779
725 -1.710999347401443 3.615588642695935 9.938521059631247
726 -3.906295888308507 0.8607278507077918 10.50036715192197
727 -3.904412925624805 0.8692293749143238 8.525205892504069
728 -3.903404890872576 0.87374496159466 6.535753587086437
729 -3.574343961848769 1.79556822270702 9.378128523919271
730 -3.571004895549652 1.802199776928302 7.372710917829702
731 -1.712156808030722 3.615040672622377 7.944110574266933
732 -3.562225268859899 1.819491998854631 5.374985645325987
733 -0.8627223720982606 3.905855874028271 6.489330221309638
734 -3.575041740295077 1.794178518193758 11.40013471473531
735 -1.694448738017726 3.623374597558212 5.9535355783366
736 -1.685200808528801 3.62768496908619 4.965291009362244
737 -3.906146867594536 0.8614038824972822 12.52544870573531
738 -2.147653163376914 3.374549731421532 19.24124768269862
739 -3.39506138458835 2.115078768007716 19.23485483297535
740 -3.581085198214706 1.782085520710928 13.40001316808174
741 -3.909999913205501 0.8437420688415224 17.53030900158425
742 -3.598871035823884 1.745888675576975 18.33066526555051
743 -3.910900386649018 0.8395583158474217 14.49999999999167
744 -3.596892345153541 1.749961558828038 16.3527123675805
745 -3.912026170690037 0.8342968535456953 15.49999999999319
746 -0.8446260765492145 3.90980904787089 18.44749837143853
747 -3.768881594117438 1.339974451070914 19.22577404107733
748 -2.933451647789993 2.719349449790919 2.21700859332222
749 -2.252293101728616 3.30562789556019 0.6904087459648857
750 -3.305765552180128 2.252091053669726 0.690548970932673
751 -1.005756473476915 3.871492466227886 0.7530334123118689
752 -3.873343806693381 0.9986029016330918 0.7528784873450373
753 -3.12980247870856 2.490850546353545 18.57809242340375
754 -1.735534948696333 3.603875475353389 18.62826374621185
755 -3.454010824217262 2.017376818095715 3.684957603257357
756 -3.342064254914221 2.197864080425505 2.397584608420015
757 -0.6409801997060721 3.948309053707012 19.31853641237218
758 -3.94948745113384 0.6336788408463089 19.32527028076307
759 -3.732371401606574 1.438542220607159 3.871912040043111
760 2.828427119258212 2.828427130234168 0.7753047950387948
761 2.823565998104772 2.833279911047725 19.22097930922394
762 3.906250000000556 0.8609360821197203 5.499999999989278
763 0.8620815345572691 3.905997366585823 7.495988653832674
764 3.906249999995724 0.8609360821416469 9.499999999984059
765 0.8609360821051719 3.906250000003763 11.4999999999871
766 3.910300862743273 0.8423462250341079 13.47772711607116
767 0.9047753696960025 3.896329237935555 15.4868266117226
768 0.8628871550405907 3.905819473256023 3.486450606769914
769 3.908366713255763 0.8512752990157449 16.62674286242851
770 0.866496807041514 3.905020266706289 5.487835706583443
771 0.8609360821240613 3.906249999999599 9.499999999984059
772 0.8927284088470371 3.899107075733807 13.48935039424213
773 3.912311688884725 0.8329569310690376 3.490499897455466
774 3.906250000000512 0.8609360821199191 7.499999999983478
775 3.906249999999791 0.8609360821231931 11.4999999999871
776 0.9212603372659482 3.89246443670082 17.48118427944095
777 3.922861882372773 0.7817638082098349 18.50283405278387
778 0.8907778075110886 3.899553166408395 1.606310731407246
779 3.899429985873839 0.8913168826337545 1.606127333898226
780 1.321116251997156 3.775533319772054 19.22469520093649
781 0.8657262257421772 3.905191173561444 2.528612441075111
782 1.66808168218714 3.635588467023148 2.989588814918203
783 1.678779921655006 3.630660817901889 3.97254913826709
784 2.401973659097655 3.198518804228141 3.469435022937695
785 2.414123127415988 3.189358795381173 4.453180994752524
786 3.018232993934268 2.624932302808319 3.970544941982188
787 3.047912988807825 2.590410471847377 3.072634562133398
788 3.041328587832408 2.598137875639654 4.931727885528478
789 2.425033205076217 3.181071196040379 5.441376027404069
790 3.057350208554837 2.579265341574941 5.925466953605526
791 2.435415258577978 3.173129767010098 6.434378998200806
792 3.067168520039067 2.567581988891758 6.918754144447535
793 2.445909076502998 3.165047991655142 7.430216517971669
794 3.076822798276234 2.556004981999763 7.916675642000925
795 2.456897697029739 3.156525575111021 8.428055474840249
796 3.084734095031925 2.546451563047602 8.914236321925411
797 2.46597922072968 3.149435899161855 9.426209122632745
798 3.093471561321558 2.535829982332168 9.913740831132429
799 2.476609722204948 3.141083297825756 10.4262616323692
800 3.100828414909115 2.526828672722436 10.9128978962489
801 2.485770132834686 3.13383899501985 11.42514336001255
802 3.109757991593924 2.515830923118191 11.91269485551017
803 2.496563064158081 3.125247648856265 12.42623524866531
804 3.118041093620198 2.505557769937816 12.91294408582345
805 2.507706796320724 3.116312985514589 13.42470841371313
806 3.126591884748646 2.494879393121822 13.91195136942206
807 2.519336248169438 3.106918870627223 14.42449926628201
808 3.135544726078592 2.483618181355727 14.90999897297026
809 2.530833815565138 3.097560362283842 15.41943994918063
810 3.142059407689005 2.475371220353225 15.90408304124065
811 2.543983457237039 3.086769860113365 16.41215927298781
812 3.149776342105967 2.46554436072636 16.8924426957747
813 2.556921733638891 3.076060995501404 17.38666223072687
814 3.14373869437593 2.473238165135643 17.79498033064206
815 3.597453666758997 1.74880734088185 15.37945340093893
816 3.51171784180656 1.915159993195731 4.456871320324062
817 3.539189735425949 1.863903435442836 6.406700863511242
818 3.554739277247203 1.834074336224143 8.401802550421912
819 3.5685577689582 1.807040522403432 10.40043967644652
820 3.581796671210556 1.780655105882377 12.39993853673995
821 3.603732400021544 1.735832016364189 17.31340612434045
822 1.812803008832984 3.565633919959546 16.94124148220184
823 1.779939099430164 3.582152537556118 17.80807477880566
824 1.775352654869374 3.584427841489945 14.94610161815395
825 1.763409350792402 3.59031857382293 12.94330699312171
826 1.751821162627684 3.595987015294937 10.9380093436703
827 1.718201141366201 3.612171761947082 8.945256526024835
828 0.9224257959951304 3.892188414103658 16.47636858447965
829 1.702780104361784 3.61946679998445 6.942184258181538
830 1.667043779146226 3.636064498659212 2.023943509069208
831 1.681780287811309 3.629271974312384 1.080667463670689
832 2.428840913656458 3.17816485037332 1.567444911153139
833 0.8652035036389377 3.905307017033476 4.484892690559755
834 3.907039538911826 0.8573459286540436 2.529298014457471
835 3.63875030814094 1.661173138178021 1.999939230612618
836 3.629772100334998 1.680700597854852 1.073043822127163
837 3.219500090754212 2.373777404398656 1.518964539799597
838 2.399682020989986 3.200238459574132 2.544747532990719
839 3.637230456006853 1.664498305765488 2.989339529014901
840 1.760643732567966 3.591675604362 15.93435847424646
841 0.9054372934518686 3.896175471873226 14.47904310892384
842 3.641065065501949 1.656093351469441 14.32777296287927
843 1.743762589927848 3.599901669486005 13.94093650423591
844 0.9143474348861906 3.89409408827227 12.49500537614023
845 1.720545372345367 3.611055748905151 11.94255779980061
846 0.8738297928682011 3.903385901124294 10.4836842362182
847 2.531478925856516 3.0970331686865 18.31136200072927
848 3.885092955722282 0.9518680188960578 4.529645255192013
849 0.8632702527345426 3.905734818282424 8.494602757659536
850 1.710999342954681 3.615588644800269 9.938521051063027
851 3.906295889640587 0.8607278446623287 10.49963283739071
852 3.904378385140549 0.8693845096660516 8.525471500409061
853 3.903374930579241 0.8738787967020988 6.53597859415237
854 3.574341150240168 1.795573819618618 9.378138418555093
855 3.571002076251395 1.802205363272517 7.372725883460925
856 1.712156648352079 3.615040748249427 7.944114215608272
857 3.565574602410854 1.812919676831458 5.386606545902154
858 0.8627223715712582 3.905855874144675 6.489330221545091
859 3.575041745694234 1.794178507435512 11.40013471332738
860 1.694445487542555 3.623376117621061 5.953632807527813
861 1.685047822797981 3.627756032988407 4.965718034516938
862 3.908045533962885 0.8527485587632229 12.49999999998863
863 3.395485734432587 2.114397461988827 19.23505968904269
864 2.147680422103029 3.374532383088856 19.24122900680665
865 3.589200517300569 1.765683903367001 13.36229908864963
866 3.90999991256717 0.8437420717996231 17.53030899637108
867 3.598871040609867 1.745888665711433 18.33066527410199
868 3.886125119796353 0.9476452676438478 14.92527639534052
869 3.600155121490641 1.743239255295931 16.3504424995118
870 0.8446261992277188 3.909809021368964 18.44749816435788
871 3.768992775255234 1.339661696128486 19.22721666624675
872 2.937518789098867 2.714955499394259 2.219069748742323
873 3.918918493014655 0.8012976008373848 15.71549882434989
874 2.251073823763414 3.306458322732522 0.691254885641337
875 3.305765550522471 2.252091056102942 0.6905489781471165
876 0.9981660326722088 3.873456411426289 0.7528667432606483
877 3.873343806684629 0.9986029016670392 0.7528784871859782
878 3.129933823310419 2.490685500358772 18.57813713494263
879 1.735534963196863 3.603875468370302 18.6282637589057
880 3.452338985665885 2.02023650299945 3.690884115330481
881 3.344732286839852 2.193801706939588 2.405527681557714
882 0.6409802195993477 3.948309050477479 19.31853640097878
883 3.949805342046586 0.631694356425836 19.33303923854466
884 3.934897506858744 0.7187361202255269 14.26274049523871
885 3.732264611876151 1.43881926138656 3.876429928705281
886 1.478555355188822 0.5900297948443216 20
887 -0.5900297948443215 1.478555355188822 20
888 0.5900297948443215 -1.478555355188822 20
889 -1.478555355188822 -0.5900297948443215 20
890 1.39903043249437 -0.6982719193342725 20
891 -1.39903043249437 0.6982719193342725 20
892 -0.6982719193342725 -1.39903043249437 20
893 0.6982719193342725 1.39903043249437 20
894 2.329730722277187 -2.359931881910347 20
895 -2.359931881910347 -2.329730722277187 20
896 -2.329730722277187 2.359931881910347 20
897 2.359931881910347 2.329730722277187 20
898 3.179020701764043 0.3581896067715952 20
899 0.3581896067715952 -3.179020701764043 20
900 -3.179020701764043 -0.3581896067715952 20
901 -0.3581896067715952 3.179020701764043 20
902 2.950513817072505 -1.070827295945275 20
903 -1.070827295945275 -2.950513817072505 20
904 -2.950513817072505 1.070827295945275 20
905 1.070827295945275 2.950513817072505 20
906 3.321862905952786 -0.3619482259372471 20
907 2.590587449888889 -0.2008208129407862 20
908 2.31374724965474 0.6383262007997565 20
909 2.126831980435697 -0.8580269956872111 20
910 1.5605924185266 -1.395459949575607 20
911 3.026750163071591 1.156008999476244 20
912 2.238246167252663 1.503907333047375 20
913 1.818125411277086 -0.0881272887196986 20
914 -0.3619482259372471 -3.321862905952786 20
915 -0.2008208129407862 -2.590587449888889 20
916 0.6383262007997564 -2.31374724965474 20
917 -0.8580269956872111 -2.126831980435697 20
918 -1.395459949575607 -1.5605924185266 20
919 1.156008999476244 -3.026750163071591 20
920 1.490424328831169 -2.249670452742295 20
921 -0.08812728871969863 -1.818125411277086 20
922 -3.321862905952786 0.3619482259372471 20
923 -2.590587449888889 0.2008208129407862 20
924 -2.31374724965474 -0.6383262007997564 20
925 -2.126831980435697 0.8580269956872111 20
926 -1.5605924185266 1.395459949575607 20
927 -3.026750163071591 -1.156008999476244 20
928 -2.249670452742295 -1.490424328831169 20
929 -1.818125411277086 0.08812728871969863 20
930 0.3619482259372471 3.321862905952786 20
931 0.2008208129407862 2.590587449888889 20
932 -0.6383262007997564 2.31374724965474 20
933 0.8580269956872111 2.126831980435696 20
934 1.413610079664578 1.563632638434897 20
935 -1.156008999476244 3.026750163071591 20
936 -1.490424328831169 2.249670452742295 20
937 0.08812728871969862 1.818125411277086 20
938 2.851786510509597 -1.791896236636302 20
939 -1.791896236636302 -2.851786510509597 20
940 -2.851786510509597 1.791896236636302 20
941 1.791896236636302 2.851786510509597 20
942 2.868582411560988 1.841692183618241 20
943 1.841692183618241 -2.868582411560988 20
944 -2.868582411560988 -1.841692183618241 20
945 -1.841692183618241 2.868582411560988 20
946 2.218313296275459 -1.62096880208284 20
947 -1.62096880208284 -2.218313296275459 20
948 -2.218313296275459 1.62096880208284 20
949 1.62208977618273 2.221067166962876 20
950 -1.095813998430683 1.776477357094058 20
951 1.095813998430683 -1.776477357094058 20
952 -1.776477357094058 -1.095813998430683 20
953 1.776827515600896 1.096674224592934 20
954 -1.069441016086788 1.159078195666682 20
955 1.069441016086788 -1.159078195666682 20
956 -1.159078195666682 -1.069441016086788 20
957 1.160041351049637 1.069644079709787 20
958 -0.04429986539907377 -0.026710641357499 0.8985059231259461
959 0.04429986496918975 -0.02671064077848156 19.1014940764307
960 -0.002471436668161187 -2.442490654175344e-15 2.746429738918783
961 2.159847398708337e-07 -9.937428737449849e-06 13.74998551105556
962 0 0 9.750028124436243
963 0 0 4.749999999991465
964 0 0 6.749999999985632
965 1.110223024625157e-16 0 16.74999999999509
966 0 0 15.24999999999281
967 0 0 8.249999999982364
968 0 0 12.24999999816028
969 0 0 10.77502306223776
970 0 0 17.77499999999543
971 0.0298823636012443 -0.01071599725114725 3.748176484792388
972 -0.01334379300038144 -0.03125000000273404 5.749999999988548
973 -1.065755298714328 -2.214530233789751 1.498270557039492
974 -2.20842611013184 1.05886448667517 1.4920550502718
975 -0.984798347767835 2.221015824254217 18.47944526168862
976 -2.208426111225014 -1.058864487251242 18.50794495210064
977 1.058864487251242 -2.208426111225014 18.50794495210064
978 2.214530233789752 -1.065755298714328 1.474736042471464
979 1.05886448667517 2.20842611013184 1.468504419119533
980 2.166400515647215 1.113296263691959 4.003864748755388
981 -1.113121188083178 -2.165861515333807 3.999999999993653
982 2.175213224186067 -1.117748175887947 4.000401773426403
983 -2.175463156056431 1.117738601225136 3.999999999993654
984 1.133186579722766 -2.220268369888284 1.557094842022777
985 2.216430523893917 1.13536004390836 1.553619303084145
986 1.838369261397687 1.705546609546547 18.55621935640927
987 -2.368917414108414 -0.5366269374079524 1.499999999998741
988 -0.5366269374079526 2.368917414108414 1.499999999998741
989 2.368917414805846 -0.5366269353634801 18.49999999999773
990 -0.5366269353634794 -2.368917414805846 18.49999999999774
991 -2.368917414805846 0.5366269353634796 18.49999999999774
992 1.37294537962206 2.075136851727406 3.019831748236851
993 0.9204402650792562 -2.293321343494881 3.483171668188748
994 -0.9203546448981791 2.293066968206144 3.483171358209791
995 1.366243604444165 -2.064471632447038 4.998098300575181
996 -1.372414964815636 2.062854824630204 5.004973632693218
997 -2.067163968138525 -1.378372287952562 4.999999999990736
998 -2.305617250532158 -0.9261108448872757 3.483171637689888
999 0.8818531059228033 2.293984282487699 5.391111398850466
1000 -1.097047436711634 -2.163904734148005 5.99999999998782
1001 -0.811908438803346 2.297867711021292 6.4945496152427
1002 0.8102800482554853 -2.299514008086342 6.487644149580702
1003 -1.062160614156928 -2.195081357888028 16.99999999999547
1004 -2.195081357888029 1.062160614156928 16.99999999999547
1005 2.190688449656637 -1.063062009395642 17.00368654373885
1006 0.8077919314539275 -2.297063040560107 10.49999999998558
1007 0.8077919401458732 2.297063037935271 10.49999999998558
1008 -0.8077919314539272 2.297063040560108 10.49999999998558
1009 0.8082309769325735 2.298091223814501 7.499999999983477
1010 0.8059680151286329 -2.298642779961794 8.499999999982677
1011 2.297983579733915 0.808185002944277 15.49999999999319
1012 0.8044353435347704 -2.295045236633568 14.49999999999167
1013 0.8062958354486024 -2.293559314101969 12.49999999998863
1014 -0.800056731638968 2.296414131539426 14.49999999999167
1015 -2.296414131556964 -0.8000567316463768 14.49999999999167
1016 -2.315608084452058 -0.7490631851757402 6.49999999998636
1017 -0.7997262500391296 2.295634895136756 12.49999999998863
1018 -2.314832335744591 -0.7487516907709417 10.49999999998558
1019 -2.292988856260857 -0.8060522491676892 16.49999999999471
1020 -0.8060522491306964 2.292988856174226 16.49999999999471
1021 0.8060522491306957 -2.292988856174225 16.49999999999471
1022 1.72814123135194 1.799317140894423 16.98986887644131
1023 -2.315555067619393 -0.749041896776988 8.499999999982675
1024 -0.7490418967828554 2.315555067634008 8.499999999982677
1025 -2.312087859697886 -0.7476496729138385 12.49999999998863
1026 0.8820781937049099 2.300990955881259 14.31730148607246
1027 0.8786749710957495 2.301119796462825 12.32210509949156
1028 2.077500128997378 1.313736074269927 11.99712948122204
1029 0.4623909658077544 2.373178834862981 18.50812996649177
1030 2.5 -0.003582490408739126 2.578393837448024
1031 1.666634412651827 1.855508773590492 8.999110976951153
1032 -2.273633141541141 0.7322085618592116 5.499999999989278
1033 2.268205101789198 -0.737401845276674 5.499999999989278
1034 2.093078127335289 1.288203203585044 13.99698782613722
1035 -2.001251420930346 1.427642759021771 7.017626953446745
1036 1.999988087809764 -1.428562336469582 10.99999999998634
1037 2.5 -0.01428088241931414 10.49999999998558
1038 -1.999910063774728 1.428566491001493 11.00043099610265
1039 -1.474105151512348 -1.95858814049816 10.99999999998634
1040 2.001119350398856 -1.430834937091821 7.000075255614371
1041 1.998801749264752 -1.427842947482424 13.00025813451573
1042 0.7618294708340299 2.374289580270336 15.88641734207584
1043 2.000014170715168 -1.430502808310097 8.999884765374585
1044 2.5 -0.01615127648494644 8.499999999982675
1045 1.99554078877953 -1.429748023816626 15.00100909740614
1046 -1.994521692223978 1.432999307221255 12.99828487460934
1047 -1.433250210173948 -1.992992709566303 14.99829095478684
1048 -1.992992709502263 1.433250210172081 14.99829095478516
1049 -1.47423244152207 -1.959528104870514 8.99999999998337
1050 2.003630518314286 1.428597939354189 6.999999999984921
1051 -1.959528104702386 1.474232441531393 8.99999999998337
1052 -1.473421892302277 -1.960665953418694 12.98502702452762
1053 -1.733580530769307 -1.858988127886988 7.407421452805015
1054 2.5 -0.3619772233441232 12.00337825489472
1055 2.04300716264894 1.426271700869899 10.40187996317017
1056 -2.524824028955277 0.3602359714880978 2.767494066556377
1057 -0.3620350681762539 -2.526797957241843 2.769455657469202
1058 2.296819869206935 0.8442381244465431 5.558344196656864
1059 2.5 -0.3657084690909362 14.00246541142522
1060 -0.3221567477590664 -2.3881236765381 7.499999999983477
1061 0.4196724631732879 2.580017650512893 4.022404207398935
1062 2.5 -0.01613412465525706 6.999913230087939
1063 2.273153544945211 0.5346179297609834 17.49999999999622
1064 1.940304481284708 -1.812534221972367 2.637883706997837
1065 -0.05683676845874563 -2.481955856649471 4.991885585770326
1066 -1.831121745970284 1.563075431157808 2.730139743990308
1067 -1.548086698313643 -1.811277905363748 2.73308008755713
1068 -0.2001205142184577 -2.311238526653027 13.49999999999015
1069 0.1683242354917152 2.664377014952147 2.659323091511132
1070 -0.1965471086558932 -2.310476785548532 11.4999999999871
1071 -0.1966095167978538 -2.310206135161101 9.499999999984059
1072 0.4704453307165203 2.591236023945559 9.159297848205807
1073 -0.167001145487155 -2.29066597056821 15.49999999999319
1074 -2.288376570164194 0.1685873011435249 15.49999999999319
1075 -2.279252830621248 0.2167559773379695 9.499999999984059
1076 -2.304106171729308 0.5057044411884658 13.9986415189765
1077 -2.259034939046795 0.1828224781233912 11.4999999999871
1078 0.3411606774959798 2.673105333313651 17.16645402913242
1079 -2.257009433356574 0.1772807117144239 7.499999999983478
1080 2.648776502843992 0.7079725859421264 18.74658204728771
1081 -2.69443631685848 -0.2202065084858669 4.599351206369338
1082 -0.05889799176998984 2.765456790718123 11.49733107092094
1083 -0.05896197533460401 2.76785373234565 13.49993859852433
1084 1.601395561348343 2.209774110193485 4.33826515987304
1085 -0.3110273086440307 2.766206648003688 5.23003899992866
1086 -2.188724235809244 1.746124914314713 18.1861924125339
1087 -1.746124914648558 -2.188724236249638 18.18619241490233
1088 2.188724235809244 -1.746124914314714 18.1861924125339
1089 1.824721219592551 2.003509984936493 15.19431452962727
1090 2.745811208757804 -0.0007004609364433811 4.48261550278383
1091 2.234532706713009 0.4426952397295927 13.0044272161509
1092 2.419407587902314 1.414931599097597 2.768099896284995
1093 2.763159998782355 0.04420178402167868 1.238708090363254
1094 0.04001907331421606 -2.762439453262395 1.238883660891269
1095 -2.756546743636887 -0.3126675203224749 17.60331079085174
1096 0.3126675203506685 -2.756546743917034 17.60331079084908
1097 2.219230421878131 -0.4530857275759431 15.84480358262031
1098 0.3517417454020394 2.761792752015944 6.427427360889569
1099 2.005369018168006 0.5567972073474093 9.499999999984059
1100 -1.894068303001153 -1.512431003859463 1.102907316972812
1101 -1.743073895304152 2.18830594961003 1.240774889459497
1102 1.868975624050716 0.9853226298333482 8.145505602483949
1103 1.630917135846775 2.231252150892424 13.31841858212097
1104 -2.004597889727286 1.973815173562891 16.14278594023641
1105 -1.973815173706511 -2.004597889991931 16.14278594023816
1106 2.005147228168909 -1.973329010232278 16.14401790984524
1107 -0.3000619867793878 2.818255930383964 7.477703250793827
1108 -1.462574671404755 2.445997096317525 7.517428704933172
1109 -2.500957735041958 -1.436015236652843 11.50063628333521
1110 -2.50974360171777 -1.425975163397385 9.500168549795841
1111 1.508790345560789 2.383848342360479 6.43057640774375
1112 -2.564188165583534 -1.302723397402248 2.386617970458834
1113 -2.503205526338224 -1.450107404463232 13.48383893275759
1114 -1.2966419117658 2.567924639746682 2.390714973041348
1115 1.876867799487642 -2.21023692704059 7.927291865095241
1116 1.547984170974263 -2.427529098016872 17.43392078732879
1117 -2.427529096373892 -1.547984171880683 17.43392078716495
1118 -1.547984170974263 2.427529098016871 17.43392078732879
1119 -0.3175635346245224 2.817466930245827 15.50235069253738
1120 -1.453811074990414 2.472942430265169 9.481700979251979
1121 -1.494186564904896 2.432375364200929 13.49983214934347
1122 1.498883095251735 -2.427031726288768 13.50054652900507
1123 1.492738788784442 -2.419599274442222 9.499470689203172
1124 2.080440468486992 2.024563256194468 5.430322786410497
1125 -1.495250964593569 2.421959634908309 11.50287837171443
1126 1.392999020798982 2.620962389842709 19.01442303636426
1127 1.496405077268555 -2.422011920678924 11.50073763762462
1128 -1.92261842910596 2.153520512578178 6.066485540109952
1129 1.918269489244022 -2.161968132037753 6.055826118363372
1130 2.083608772224168 -2.061522443003771 1.029082086976678
1131 2.058247688300892 2.087370430666852 1.028915428967664
1132 1.937296709538985 -2.240824924207219 4.01357363443929
1133 -1.937266491663411 2.240791669459064 4.01357470149476
1134 -2.237338632140067 -1.939964651762902 4.014725572423352
1135 1.895281615118301 2.262144812499486 7.927585054669372
1136 1.642140109199763 2.263187438211729 11.38005364012898
1137 0.5431951424774515 -1.886732289965678 2.480750695283812
1138 1.462146296177122 -1.226644742943779 0.8753114840155455
1139 -2.958390650606368 -0.3587085266918443 18.91752802244316
1140 0.3587085267147187 -2.958390650619236 18.91752802244553
1141 -0.1634856314212662 -2.844377304339569 3.881220642375675
1142 1.755290436603319 -0.8858844666487751 9.999560639498933
1143 -2.741778913454715 0.4162113721108754 12.80236914411325
1144 1.75254886220469 -0.8872902482023906 7.998267951506082
1145 1.22628185033606 1.461641400629447 0.8743978841558351
1146 -0.3706269746225463 2.958756556529159 18.92288694722365
1147 1.002474116058018 1.713691131261241 19.10942396076073
1148 -0.4720492392974236 1.950690760082715 17.54930580281618
1149 -0.9921425892564484 -1.715958938821827 19.10098478881994
1150 -1.715958938821827 0.9921425892564484 19.10098478881994
1151 1.715958938821827 -0.9921425892564484 19.10098478881994
1152 1.948732091274132 2.257029222956328 2.10570232077921
1153 -0.1492566808953817 -2.959050980023399 6.499999999986361
1154 -1.462467034970166 -1.416444662951671 13.99964846862049
1155 -0.1524238504271296 -2.959683984566028 8.499999999982677
1156 -1.945087409924064 -0.3705902414004622 5.499999999989278
1157 -2.678779458173877 -1.200438544154965 7.500014432427801
1158 2.780194843813518 -1.086592283258109 2.448348184361543
1159 -1.399854090123652 1.460517564666024 10.00186418393226
1160 -2.225879929962377 -1.840394412377159 6.070133263048679
1161 -0.3919134421997953 1.943353442992393 4.46873068269498
1162 -1.477401043558123 -1.39605175646543 9.999999999984823
1163 -1.246918307133827 -2.56433062985547 10.00027000392251
1164 1.809222062186962 -0.7678176093055494 3.006407632221134
1165 0.2940001714724239 2.680254515408548 0.9231353571043258
1166 -2.680254515408548 0.2940001714724239 0.9279947312292528
1167 -1.476739380668616 -1.38565817256221 11.99999999998786
1168 3.000076884825343 -0.01521607937892648 9.499999999984059
1169 -0.3849508923774332 1.936889783853609 9.499999999984059
1170 1.816135216510583 0.5357661649795272 0.8763687761144521
1171 0.5357661649795272 -1.816135216510583 0.8763687761144521
1172 2.667320099367736 -1.399346224986483 19.05952211977889
1173 -1.399346224942861 -2.667320099049137 19.05952212022022
1174 -2.667320099367736 1.399346224986483 19.05952211977889
1175 -1.897051455271257 -2.43324219077821 0.8483267017224948
1176 -2.62402172177299 -1.290902096569434 15.49910155677846
1177 -1.23444025325087 -2.529470270400125 11.9918346562902
1178 -1.447751380504271 1.4114843845357 13.99993466316097
1179 1.292240852941199 -2.623405020361542 15.49994495935677
1180 1.454719627665891 -1.405144978704501 13.99981850422964
1181 -1.030506464918575 1.791541944967299 15.49845642384348
1182 1.253472159841432 -2.726861609795334 2.527340151931371
1183 -1.429626162016401 1.421488773098187 7.999999999983078
1184 1.457861211013276 -1.400678290515572 11.99999999998786
1185 -1.461641400629447 1.226281850336059 0.8472400310978452
1186 -1.613614628694378 -2.441015576573462 5.004357160318541
1187 -1.454159277351062 1.401578849905492 11.99985157512261
1188 -2.549892078815791 1.246821614170088 9.984035512496241
1189 2.914757705140071 0.2005767039482777 16.5552575861991
1190 2.93272603765919 0.4260190540514188 14.66270870893238
1191 -1.870260719339501 -0.499456873184832 13.49999999999015
1192 0.9192903240456712 -1.804005554498178 7.493845943002468
1193 1.396214153127903 2.49651280421777 17.84482603418328
1194 -1.857453438368841 -0.469858495243231 2.499999999997474
1195 1.893634643800868 -2.429963845575272 19.11869216940435
1196 -1.893634643800868 2.429963845575272 19.11869216940435
1197 -2.429963845575272 -1.893634643800868 19.11869216904434
1198 1.946227268770874 0.1909405715313623 3.485701072021015
1199 1.811106389697357 0.7889160238014474 16.51018360063723
1200 1.7481708187828 2.462814053200044 9.928222244654329
1201 -0.4715710141927894 -1.885305242427953 8.499999999982677
1202 -2.027952642486618 0.09591343488187624 3.687655689539082
1203 -0.4675210715912539 -1.885526749054042 12.49999999998863
1204 -0.1144012191914499 -2.975488784681176 12.49999999998863
1205 -0.5074525658706185 1.824543012005347 2.499999999997474
1206 -0.4731874229386522 -1.885062684151151 10.49999999998558
1207 -0.1169550488223139 -2.974867283678254 10.49999999998558
1208 1.713311810458398 0.7929455061710307 19.05973671122259
1209 2.388100733101543 -1.739593898739402 4.858940744162589
1210 1.54340349205534 1.272452682564421 4.871540291881915
1211 -2.391274286929865 1.740046523955981 4.854952741463175
1212 -1.869178792709613 0.4836593185616528 8.499999999982677
1213 -2.957667926994945 0.1806448468794978 8.592462345596267
1214 0.581425731792963 1.879184245630446 13.33878925931121
1215 -0.381765876746181 1.90959093255088 19.14720715788186
1216 -1.90959093255088 -0.381765876746181 19.14720715788186
1217 0.3817658767461809 -1.90959093255088 19.14720715788186
1218 2.965736613020321 -0.3829592576800712 13.00288615286022
1219 -0.4440140150068598 -1.889114383306551 14.49999999999167
1220 -1.257439072117118 -2.593664409512634 13.98018207537888
1221 -0.1084590080668892 -2.979889801002045 14.49999999999167
1222 -2.921934533350187 0.1994000107232515 16.54547860300555
1223 -0.1994000107001062 -2.921934533363385 16.54547860296323
1224 -0.8433675529111452 -1.679780212691282 4.932163955194834
1225 0.6250652984040721 1.778928796669097 8.444357405983769
1226 2.520271967521737 1.578801512383403 17.71078390460721
1227 -0.5631747770974165 1.794121403728952 11.4999999999871
1228 -2.046646357995995 -2.216930502451953 1.860268467418039
1229 2.370194737241754 1.721569181766811 16.10357714615065
1230 0.8168582429015351 -2.817591339189554 4.433193914954756
1231 1.401805029384572 1.385585282129387 5.99999999998782
1232 -0.5561869025843736 1.795652810223535 13.49999999999015
1233 -1.246265137432798 -2.592626516876096 8.102328321132092
1234 5.343115838662982e-09 2.910803266272073 10.09285535303315
1235 2.885615529834711 -0.4550968891521573 3.497277649003065
1236 1.965766558040678 0.3921541970370367 11.3858951145481
1237 -1.874782619744355 0.4576954661611284 6.499999999986361
1238 -2.985597805121935 0.1795775957938283 6.499999999986361
1239 -2.58349907964333 1.185426442646587 11.96162719505498
1240 -1.877766652990736 0.43297538952562 10.49999999998558
1241 -2.988745130296687 0.1721858298180097 10.49999999998558
1242 -0.9319769734381531 -1.674621026067014 15.99999999999395
1243 -1.673366950275007 0.9332311006778751 15.99999999999395
1244 0.8138480624126178 -2.823788992818373 5.539176018689376
1245 -2.517221584878148 1.739891964275386 0.8885609251307464
1246 -0.9746343543299568 2.845932224481571 4.396140000390987
1247 -2.952006562593303 -0.3548422347736514 13.71846496040039
1248 0.5941155664029556 1.789065737007179 11.42187919309978
1249 -0.5985607228985558 1.788692026351607 7.415523310413296
1250 -1.762096196876186 -0.7192714878362946 17.59150385614104
1251 0.6325642537976566 1.776250096548908 2.33086465105683
1252 1.878697823197467 0.3483787496660097 14.49999999999167
1253 0.7198732442281003 -1.764013110944136 17.59216895493571
1254 2.877416956330517 0.6716894297618882 3.361050180685936
1255 1.740883360104581 0.7028432017105019 2.389043192214518
1256 2.802490045032323 1.051539363996154 8.824354100943648
1257 -2.533088188589868 1.579819997504581 14.05182407849563
1258 -2.858563671342394 -1.026784482328732 5.624000804299253
1259 -0.4412915548906885 2.992157062063597 17.84314943445055
1260 -2.313817402016169 -1.804298018458597 8.307874126821101
1261 0.6988889716415775 1.753588445206246 16.7427418620286
1262 2.485784792258094 1.590476921490838 12.99763521012494
1263 1.216025787722308 -1.50042676148443 4.080543896016215
1264 2.600058485805622 1.585757584809905 19.11987502203142
1265 -3.052715304918832 -0.164143666235225 3.534110704129405
1266 -0.54317885527822 1.809059013434663 5.601768063247204
1267 -1.373866356847496 -2.751769922824372 2.397607756541162
1268 1.755696576534473 0.5242361254306529 6.499999999986361
1269 0.5387015467038214 -1.809367758403516 5.5965495742241
1270 -0.4237977822256597 -1.907160364676421 0.8476656649987969
1271 -1.505491393588122 -1.212356988441206 4.071470016569233
1272 2.268197500445675 2.042585556137033 3.570939530971858
1273 0.11437274246153 3.030855437116055 14.53432682157218
1274 0.6521958493379348 -2.848601054873006 7.406184585553068
1275 -1.724733923001656 2.483146197072664 15.03446832399505
1276 0.6246089877943035 1.757908842013385 6.610951840050294
1277 -1.210372234456705 1.478941679341779 4.046288182900882
1278 2.991550136127458 -0.1210624833398473 19.11892238248251
1279 -2.662240311233046 1.185974109817131 7.970259101192252
1280 2.254689971578033 -1.852326167807766 10.03050618879028
1281 2.837010640688324 -0.9382277638482645 10.04435642098253
1282 1.744407295986051 -0.5253355857384006 6.499999999986361
1283 0.8236060497065273 1.627425241711842 3.980075820357374
1284 1.136667957887678 2.827186516522646 2.364150861079838
1285 -2.482454116461444 1.8500109836371 2.032573585000764
1286 -0.8199324038992331 -1.664420123227167 6.907784189790678
1287 0.1572515510734783 3.068600582321923 12.49828034027793
1288 1.909590932001925 -0.3817658744726782 0.7927346088813704
1289 -1.263645175323249 1.50910075055627 1.862509378726124
1290 0.8363462318276047 1.72750787544894 9.622779205674396
1291 0.3264693603513066 -3.038471405682705 2.192857503179809
1292 2.747559535121619 -1.452691616198334 0.8281883317453013
1293 1.117283140097475 2.840532796464529 8.357007464104338
1294 0.6883783958070857 -1.742865590497108 9.60815775352318
1295 -1.128552972627054 -1.466445087069934 0.7739451191175596
1296 -0.02273866152880728 -1.893835373084452 3.499999999995112
1297 1.485820853704257 1.225613154142269 13.00108184683764
1298 1.281141101881563 1.470517405286004 15.92492477957706
1299 2.58058413095566 -1.506047847370517 13.96682629483413
1300 0.6563840105028544 -1.726934684002586 13.36573697734399
1301 0.6589682569235632 -1.725837166191373 11.36263126979359
1302 -1.781807294340914 -2.5415509556718 3.366681970374897
1303 0.209329353921517 2.023241355898579 15.06959774062596
1304 -1.740398611273325 -0.7257073854170887 15.3926808728717
1305 -3.028765718757023 -0.3909133260615665 2.276371074600401
1306 2.86987244252369 -0.8144195134156237 11.10684274511908
1307 2.578027874154534 -1.482279412247421 11.96220828871304
1308 2.900739604667068 0.02572962811082004 5.976565887493923
1309 0.7255428385692482 -1.742511723034756 15.39279526577916
1310 -1.852970532866222 2.299814259692796 10.4342881358363
1311 -0.535766164979527 1.816135216510583 0.7850614586573134
1312 -1.816135216510583 -0.535766164979527 0.7850614586573138
1313 0.9869934635105668 1.568339311973012 17.99999999999698
1314 1.576962912421138 -0.9472727471974132 17.99798857705278
1315 -0.94780203753785 -1.577012719182451 17.99999999999698
1316 -1.577012719105367 0.9478020367186808 17.99999999999698
1317 -2.543258275788244 1.790153975180298 3.376375282503696
1318 -1.756923847017787 -0.7292341624595473 7.379666771717547
1319 2.960073488940612 0.8024274211288139 2.162354886567208
1320 2.883581941373768 0.9370299194357461 10.99213356237944
1321 -2.186012782197421 2.137987128611798 12.2425183951711
1322 -1.225441625102048 1.466548447320299 16.99999999999547
1323 1.365295034914625 -1.322069104527454 1.963585063520918
1324 -1.701310376832594 0.6720171998855716 2.274260133440255
1325 -0.27542802752069 3.077508208500215 3.474042845178096
1326 -2.312077551903644 -1.842059880711662 14.43272520477428
1327 2.928500620435724 -0.6417890666920762 14.99931004102157
1328 -1.749055738693986 0.5274649337452202 12.49999999998863
1329 -2.354919475613969 -1.791171450202817 10.46561628808152
1330 -0.6621869627918233 -1.708136779552476 2.267988165567321
1331 -2.161701801621599 2.169673569687405 8.245014886788972
1332 1.338734345958087 -1.327909391051294 6.000005046824301
1333 -2.979510400166083 -0.02375482243026007 14.72269814850969
1334 3.000102612715463 -0.2600613893464764 17.65745654397487
1335 -1.341397753596099 1.323009685967139 5.99999999998782
1336 0.0160656072534554 1.943909333666489 3.352903337579171
1337 -0.1105532931641753 3.114604360409497 8.499999999982677
1338 1.438957333098391 2.688019162710866 0.7814869476983463
1339 1.682509197124646 -2.581343253130985 6.976607279133686
1340 -2.36315074252312 -1.787758477776886 12.47147776723152
1341 2.655480847560202 -1.597771446094626 3.283722676009456
1342 2.731052055352914 -0.8929869938266407 6.46352747558401
1343 -1.065088769492047 1.46852696564131 19.24193445167533
1344 -1.732250800962537 -0.634170010059727 9.334923419293613
1345 1.065088769492047 -1.46852696564131 19.24193445167533
1346 -1.46852696564131 -1.065088769492047 19.24193445167533
1347 1.717119178156638 2.502154223047508 16.24111300483582
1348 -1.460674661064797 -1.201035774652909 1.947205110535795
1349 2.828271421874974 -0.766539492540953 7.749948035079645
1350 1.844847340409246 -2.315786171076748 14.47594347062686
$EndNodes
$Elements
7259
1 2 2 105 1 1 17 225
2 2 2 105 1 20 1 228
3 2 2 105 1 1 225 228
4 2 2 105 1 17 2 227
5 2 2 105 1 2 18 227
6 2 2 105 1 19 3 228
7 2 2 105 1 3 20 228
8 2 2 105 1 18 4 227
9 2 2 105 1 4 19 226
10 2 2 105 1 4 226 227
11 2 2 105 1 225 17 227
12 2 2 105 1 226 19 228
13 2 2 105 1 226 225 227
14 2 2 105 1 225 226 228
15 2 2 109 2 17 233 1
16 2 2 109 2 1 230 20
17 2 2 109 2 1 256 230
18 2 2 109 2 233 256 1
19 2 2 109 2 2 229 17
20 2 2 109 2 18 234 2
21 2 2 109 2 2 272 229
22 2 2 109 2 234 272 2
23 2 2 109 2 3 231 19
24 2 2 109 2 20 235 3
25 2 2 109 2 3 264 231
26 2 2 109 2 235 264 3
27 2 2 109 2 4 232 18
28 2 2 109 2 19 236 4
29 2 2 109 2 4 280 232
30 2 2 109 2 236 280 4
31 2 2 109 2 5 249 21
32 2 2 109 2 44 241 5
33 2 2 109 2 241 249 5
34 2 2 109 2 32 242 6
35 2 2 109 2 6 273 33
36 2 2 109 2 242 273 6
37 2 2 109 2 26 243 7
38 2 2 109 2 7 265 27
39 2 2 109 2 243 265 7
40 2 2 109 2 38 244 8
41 2 2 109 2 8 257 39
42 2 2 109 2 244 257 8
43 2 2 109 2 229 297 17
44 2 2 109 2 17 297 233
45 2 2 109 2 232 298 18
46 2 2 109 2 18 298 234
47 2 2 109 2 231 300 19
48 2 2 109 2 19 300 236
49 2 2 109 2 230 299 20
50 2 2 109 2 20 299 235
51 2 2 109 2 21 247 22
52 2 2 109 2 21 249 247
53 2 2 109 2 22 281 23
54 2 2 109 2 247 281 22
55 2 2 109 2 23 237 24
56 2 2 109 2 23 281 237
57 2 2 109 2 24 287 25
58 2 2 109 2 237 287 24
59 2 2 109 2 25 270 26
60 2 2 109 2 25 287 270
61 2 2 109 2 26 270 243
62 2 2 109 2 27 245 28
63 2 2 109 2 27 265 245
64 2 2 109 2 28 283 29
65 2 2 109 2 245 283 28
66 2 2 109 2 29 238 30
67 2 2 109 2 29 283 238
68 2 2 109 2 30 288 31
69 2 2 109 2 238 288 30
70 2 2 109 2 31 278 32
71 2 2 109 2 31 288 278
72 2 2 109 2 32 278 242
73 2 2 109 2 33 246 34
74 2 2 109 2 33 273 246
75 2 2 109 2 34 284 35
76 2 2 109 2 246 284 34
77 2 2 109 2 35 239 36
78 2 2 109 2 35 284 239
79 2 2 109 2 36 285 37
80 2 2 109 2 239 285 36
81 2 2 109 2 37 262 38
82 2 2 109 2 37 285 262
83 2 2 109 2 38 262 244
84 2 2 109 2 39 248 40
85 2 2 109 2 39 257 248
86 2 2 109 2 40 282 41
87 2 2 109 2 248 282 40
88 2 2 109 2 41 240 42
89 2 2 109 2 41 282 240
90 2 2 109 2 42 286 43
91 2 2 109 2 240 286 42
92 2 2 109 2 43 254 44
93 2 2 109 2 43 286 254
94 2 2 109 2 44 254 241
95 2 2 109 2 229 272 267
96 2 2 109 2 267 293 229
97 2 2 109 2 293 297 229
98 2 2 109 2 230 256 251
99 2 2 109 2 251 295 230
100 2 2 109 2 295 299 230
101 2 2 109 2 231 264 259
102 2 2 109 2 259 296 231
103 2 2 109 2 296 300 231
104 2 2 109 2 232 280 275
105 2 2 109 2 275 294 232
106 2 2 109 2 294 298 232
107 2 2 109 2 233 253 252
108 2 2 109 2 252 256 233
109 2 2 109 2 233 297 253
110 2 2 109 2 234 269 268
111 2 2 109 2 268 272 234
112 2 2 109 2 234 298 269
113 2 2 109 2 235 261 260
114 2 2 109 2 260 264 235
115 2 2 109 2 235 299 261
116 2 2 109 2 236 277 276
117 2 2 109 2 276 280 236
118 2 2 109 2 236 300 277
119 2 2 109 2 271 287 237
120 2 2 109 2 237 290 271
121 2 2 109 2 281 290 237
122 2 2 109 2 279 288 238
123 2 2 109 2 238 289 279
124 2 2 109 2 283 289 238
125 2 2 109 2 263 285 239
126 2 2 109 2 239 291 263
127 2 2 109 2 284 291 239
128 2 2 109 2 255 286 240
129 2 2 109 2 240 292 255
130 2 2 109 2 282 292 240
131 2 2 109 2 241 250 249
132 2 2 109 2 241 251 250
133 2 2 109 2 241 254 251
134 2 2 109 2 242 274 273
135 2 2 109 2 242 275 274
136 2 2 109 2 242 278 275
137 2 2 109 2 243 266 265
138 2 2 109 2 243 267 266
139 2 2 109 2 243 270 267
140 2 2 109 2 244 258 257
141 2 2 109 2 244 259 258
142 2 2 109 2 244 262 259
143 2 2 109 2 265 266 245
144 2 2 109 2 266 268 245
145 2 2 109 2 268 289 245
146 2 2 109 2 245 289 283
147 2 2 109 2 273 274 246
148 2 2 109 2 274 276 246
149 2 2 109 2 276 291 246
150 2 2 109 2 246 291 284
151 2 2 109 2 249 250 247
152 2 2 109 2 250 252 247
153 2 2 109 2 252 290 247
154 2 2 109 2 247 290 281
155 2 2 109 2 257 258 248
156 2 2 109 2 258 260 248
157 2 2 109 2 260 292 248
158 2 2 109 2 248 292 282
159 2 2 109 2 251 256 250
160 2 2 109 2 250 256 252
161 2 2 109 2 254 255 251
162 2 2 109 2 255 295 251
163 2 2 109 2 253 290 252
164 2 2 109 2 271 290 253
165 2 2 109 2 253 293 271
166 2 2 109 2 253 297 293
167 2 2 109 2 254 286 255
168 2 2 109 2 255 292 261
169 2 2 109 2 261 295 255
170 2 2 109 2 259 264 258
171 2 2 109 2 258 264 260
172 2 2 109 2 262 263 259
173 2 2 109 2 263 296 259
174 2 2 109 2 261 292 260
175 2 2 109 2 261 299 295
176 2 2 109 2 262 285 263
177 2 2 109 2 263 291 277
178 2 2 109 2 277 296 263
179 2 2 109 2 267 272 266
180 2 2 109 2 266 272 268
181 2 2 109 2 270 271 267
182 2 2 109 2 271 293 267
183 2 2 109 2 269 289 268
184 2 2 109 2 279 289 269
185 2 2 109 2 269 294 279
186 2 2 109 2 269 298 294
187 2 2 109 2 270 287 271
188 2 2 109 2 275 280 274
189 2 2 109 2 274 280 276
190 2 2 109 2 278 279 275
191 2 2 109 2 279 294 275
192 2 2 109 2 277 291 276
193 2 2 109 2 277 300 296
194 2 2 109 2 278 288 279
195 2 2 106 30 9 45 383
196 2 2 106 30 48 9 383
197 2 2 106 30 45 10 382
198 2 2 106 30 10 46 384
199 2 2 106 30 382 10 384
200 2 2 106 30 46 11 384
201 2 2 106 30 11 47 384
202 2 2 106 30 47 12 381
203 2 2 106 30 12 48 383
204 2 2 106 30 381 12 383
205 2 2 106 30 45 382 383
206 2 2 106 30 47 381 384
207 2 2 106 30 382 381 383
208 2 2 106 30 381 382 384
209 2 2 108 59 44 502 5
210 2 2 108 59 5 502 149
211 2 2 108 59 8 501 39
212 2 2 108 59 168 501 8
213 2 2 108 59 13 508 125
214 2 2 108 59 167 508 13
215 2 2 108 59 130 507 14
216 2 2 108 59 14 507 186
217 2 2 108 59 39 501 40
218 2 2 108 59 40 499 41
219 2 2 108 59 456 499 40
220 2 2 108 59 40 501 456
221 2 2 108 59 41 385 42
222 2 2 108 59 41 499 385
223 2 2 108 59 42 500 43
224 2 2 108 59 385 500 42
225 2 2 108 59 43 502 44
226 2 2 108 59 43 500 461
227 2 2 108 59 461 502 43
228 2 2 108 59 125 497 126
229 2 2 108 59 125 508 497
230 2 2 108 59 126 489 127
231 2 2 108 59 126 497 489
232 2 2 108 59 127 386 128
233 2 2 108 59 127 489 386
234 2 2 108 59 128 488 129
235 2 2 108 59 386 488 128
236 2 2 108 59 129 405 130
237 2 2 108 59 129 488 405
238 2 2 108 59 405 507 130
239 2 2 108 59 149 402 150
240 2 2 108 59 149 502 402
241 2 2 108 59 150 459 151
242 2 2 108 59 402 459 150
243 2 2 108 59 151 397 152
244 2 2 108 59 151 459 397
245 2 2 108 59 152 473 153
246 2 2 108 59 397 473 152
247 2 2 108 59 153 387 154
248 2 2 108 59 153 473 387
249 2 2 108 59 154 478 155
250 2 2 108 59 387 478 154
251 2 2 108 59 155 396 156
252 2 2 108 59 155 478 396
253 2 2 108 59 156 477 157
254 2 2 108 59 396 477 156
255 2 2 108 59 157 389 158
256 2 2 108 59 157 477 389
257 2 2 108 59 158 476 159
258 2 2 108 59 389 476 158
259 2 2 108 59 159 395 160
260 2 2 108 59 159 476 395
261 2 2 108 59 160 487 161
262 2 2 108 59 395 487 160
263 2 2 108 59 161 391 162
264 2 2 108 59 161 487 391
265 2 2 108 59 162 493 163
266 2 2 108 59 391 493 162
267 2 2 108 59 163 495 164
268 2 2 108 59 493 495 163
269 2 2 108 59 164 393 165
270 2 2 108 59 164 495 393
271 2 2 108 59 165 491 166
272 2 2 108 59 393 491 165
273 2 2 108 59 166 404 167
274 2 2 108 59 166 491 404
275 2 2 108 59 404 508 167
276 2 2 108 59 169 403 168
277 2 2 108 59 403 501 168
278 2 2 108 59 170 406 169
279 2 2 108 59 169 406 403
280 2 2 108 59 171 394 170
281 2 2 108 59 394 406 170
282 2 2 108 59 172 458 171
283 2 2 108 59 171 458 394
284 2 2 108 59 173 400 172
285 2 2 108 59 400 458 172
286 2 2 108 59 174 483 173
287 2 2 108 59 173 483 400
288 2 2 108 59 175 388 174
289 2 2 108 59 388 483 174
290 2 2 108 59 176 474 175
291 2 2 108 59 175 474 388
292 2 2 108 59 177 398 176
293 2 2 108 59 398 474 176
294 2 2 108 59 178 471 177
295 2 2 108 59 177 471 398
296 2 2 108 59 179 390 178
297 2 2 108 59 390 471 178
298 2 2 108 59 180 469 179
299 2 2 108 59 179 469 390
300 2 2 108 59 181 399 180
301 2 2 108 59 399 469 180
302 2 2 108 59 182 466 181
303 2 2 108 59 181 466 399
304 2 2 108 59 183 392 182
305 2 2 108 59 392 466 182
306 2 2 108 59 184 453 183
307 2 2 108 59 183 453 392
308 2 2 108 59 185 401 184
309 2 2 108 59 401 453 184
310 2 2 108 59 186 496 185
311 2 2 108 59 185 496 401
312 2 2 108 59 186 507 496
313 2 2 108 59 457 462 385
314 2 2 108 59 385 499 457
315 2 2 108 59 462 500 385
316 2 2 108 59 472 488 386
317 2 2 108 59 386 503 472
318 2 2 108 59 489 503 386
319 2 2 108 59 442 478 387
320 2 2 108 59 387 482 442
321 2 2 108 59 473 482 387
322 2 2 108 59 388 481 454
323 2 2 108 59 454 483 388
324 2 2 108 59 474 481 388
325 2 2 108 59 444 476 389
326 2 2 108 59 389 479 444
327 2 2 108 59 477 479 389
328 2 2 108 59 390 470 451
329 2 2 108 59 451 471 390
330 2 2 108 59 469 470 390
331 2 2 108 59 391 490 467
332 2 2 108 59 467 493 391
333 2 2 108 59 487 490 391
334 2 2 108 59 392 465 449
335 2 2 108 59 449 466 392
336 2 2 108 59 453 465 392
337 2 2 108 59 446 491 393
338 2 2 108 59 393 494 446
339 2 2 108 59 393 495 494
340 2 2 108 59 394 407 406
341 2 2 108 59 394 408 407
342 2 2 108 59 394 458 408
343 2 2 108 59 395 484 445
344 2 2 108 59 445 487 395
345 2 2 108 59 476 484 395
346 2 2 108 59 443 477 396
347 2 2 108 59 396 480 443
348 2 2 108 59 478 480 396
349 2 2 108 59 459 464 397
350 2 2 108 59 464 509 397
351 2 2 108 59 397 509 473
352 2 2 108 59 452 474 398
353 2 2 108 59 398 475 452
354 2 2 108 59 471 475 398
355 2 2 108 59 399 468 450
356 2 2 108 59 450 469 399
357 2 2 108 59 466 468 399
358 2 2 108 59 400 486 458
359 2 2 108 59 483 485 400
360 2 2 108 59 485 486 400
361 2 2 108 59 401 448 447
362 2 2 108 59 447 453 401
363 2 2 108 59 401 496 448
364 2 2 108 59 402 460 459
365 2 2 108 59 402 461 460
366 2 2 108 59 402 502 461
367 2 2 108 59 406 455 403
368 2 2 108 59 455 456 403
369 2 2 108 59 456 501 403
370 2 2 108 59 491 492 404
371 2 2 108 59 492 497 404
372 2 2 108 59 497 508 404
373 2 2 108 59 488 504 405
374 2 2 108 59 405 504 496
375 2 2 108 59 496 507 405
376 2 2 108 59 407 455 406
377 2 2 108 59 408 409 407
378 2 2 108 59 409 463 407
379 2 2 108 59 407 463 455
380 2 2 108 59 408 410 409
381 2 2 108 59 408 486 410
382 2 2 108 59 458 486 408
383 2 2 108 59 410 411 409
384 2 2 108 59 411 412 409
385 2 2 108 59 412 463 409
386 2 2 108 59 410 413 411
387 2 2 108 59 410 414 413
388 2 2 108 59 410 486 414
389 2 2 108 59 411 505 412
390 2 2 108 59 413 441 411
391 2 2 108 59 441 505 411
392 2 2 108 59 412 498 463
393 2 2 108 59 412 505 464
394 2 2 108 59 464 506 412
395 2 2 108 59 412 506 498
396 2 2 108 59 414 415 413
397 2 2 108 59 415 482 413
398 2 2 108 59 413 482 441
399 2 2 108 59 414 416 415
400 2 2 108 59 414 485 416
401 2 2 108 59 414 486 485
402 2 2 108 59 416 417 415
403 2 2 108 59 417 442 415
404 2 2 108 59 442 482 415
405 2 2 108 59 416 418 417
406 2 2 108 59 416 454 418
407 2 2 108 59 416 485 454
408 2 2 108 59 418 419 417
409 2 2 108 59 419 480 417
410 2 2 108 59 417 480 442
411 2 2 108 59 418 420 419
412 2 2 108 59 418 481 420
413 2 2 108 59 454 481 418
414 2 2 108 59 420 421 419
415 2 2 108 59 421 443 419
416 2 2 108 59 443 480 419
417 2 2 108 59 420 422 421
418 2 2 108 59 420 452 422
419 2 2 108 59 420 481 452
420 2 2 108 59 422 423 421
421 2 2 108 59 423 479 421
422 2 2 108 59 421 479 443
423 2 2 108 59 422 424 423
424 2 2 108 59 422 475 424
425 2 2 108 59 452 475 422
426 2 2 108 59 424 425 423
427 2 2 108 59 425 444 423
428 2 2 108 59 444 479 423
429 2 2 108 59 424 426 425
430 2 2 108 59 424 451 426
431 2 2 108 59 424 475 451
432 2 2 108 59 426 427 425
433 2 2 108 59 427 484 425
434 2 2 108 59 425 484 444
435 2 2 108 59 426 428 427
436 2 2 108 59 426 470 428
437 2 2 108 59 451 470 426
438 2 2 108 59 428 429 427
439 2 2 108 59 429 445 427
440 2 2 108 59 445 484 427
441 2 2 108 59 428 430 429
442 2 2 108 59 428 450 430
443 2 2 108 59 428 470 450
444 2 2 108 59 430 431 429
445 2 2 108 59 431 490 429
446 2 2 108 59 429 490 445
447 2 2 108 59 430 432 431
448 2 2 108 59 430 468 432
449 2 2 108 59 450 468 430
450 2 2 108 59 432 433 431
451 2 2 108 59 433 467 431
452 2 2 108 59 467 490 431
453 2 2 108 59 432 434 433
454 2 2 108 59 432 449 434
455 2 2 108 59 432 468 449
456 2 2 108 59 434 435 433
457 2 2 108 59 435 440 433
458 2 2 108 59 440 467 433
459 2 2 108 59 434 436 435
460 2 2 108 59 434 465 436
461 2 2 108 59 449 465 434
462 2 2 108 59 436 437 435
463 2 2 108 59 437 494 435
464 2 2 108 59 435 494 440
465 2 2 108 59 436 438 437
466 2 2 108 59 436 447 438
467 2 2 108 59 436 465 447
468 2 2 108 59 438 439 437
469 2 2 108 59 439 446 437
470 2 2 108 59 446 494 437
471 2 2 108 59 438 472 439
472 2 2 108 59 447 448 438
473 2 2 108 59 448 472 438
474 2 2 108 59 439 492 446
475 2 2 108 59 472 503 439
476 2 2 108 59 439 503 492
477 2 2 108 59 440 493 467
478 2 2 108 59 440 495 493
479 2 2 108 59 494 495 440
480 2 2 108 59 441 482 473
481 2 2 108 59 473 509 441
482 2 2 108 59 441 509 505
483 2 2 108 59 442 480 478
484 2 2 108 59 443 479 477
485 2 2 108 59 444 484 476
486 2 2 108 59 445 490 487
487 2 2 108 59 446 492 491
488 2 2 108 59 447 465 453
489 2 2 108 59 448 504 472
490 2 2 108 59 496 504 448
491 2 2 108 59 449 468 466
492 2 2 108 59 450 470 469
493 2 2 108 59 451 475 471
494 2 2 108 59 452 481 474
495 2 2 108 59 454 485 483
496 2 2 108 59 455 457 456
497 2 2 108 59 455 463 457
498 2 2 108 59 457 499 456
499 2 2 108 59 457 498 462
500 2 2 108 59 463 498 457
501 2 2 108 59 460 464 459
502 2 2 108 59 461 462 460
503 2 2 108 59 462 506 460
504 2 2 108 59 460 506 464
505 2 2 108 59 461 500 462
506 2 2 108 59 498 506 462
507 2 2 108 59 505 509 464
508 2 2 108 59 472 504 488
509 2 2 108 59 489 497 492
510 2 2 108 59 492 503 489
511 2 2 108 63 6 626 33
512 2 2 108 63 187 626 6
513 2 2 108 63 38 627 8
514 2 2 108 63 8 627 168
515 2 2 108 63 14 633 131
516 2 2 108 63 186 633 14
517 2 2 108 63 136 632 15
518 2 2 108 63 15 632 205
519 2 2 108 63 33 626 34
520 2 2 108 63 34 624 35
521 2 2 108 63 581 624 34
522 2 2 108 63 34 626 581
523 2 2 108 63 35 510 36
524 2 2 108 63 35 624 510
525 2 2 108 63 36 625 37
526 2 2 108 63 510 625 36
527 2 2 108 63 37 627 38
528 2 2 108 63 37 625 586
529 2 2 108 63 586 627 37
530 2 2 108 63 131 622 132
531 2 2 108 63 131 633 622
532 2 2 108 63 132 614 133
533 2 2 108 63 132 622 614
534 2 2 108 63 133 511 134
535 2 2 108 63 133 614 511
536 2 2 108 63 134 613 135
537 2 2 108 63 511 613 134
538 2 2 108 63 135 530 136
539 2 2 108 63 135 613 530
540 2 2 108 63 530 632 136
541 2 2 108 63 168 527 169
542 2 2 108 63 168 627 527
543 2 2 108 63 169 584 170
544 2 2 108 63 527 584 169
545 2 2 108 63 170 522 171
546 2 2 108 63 170 584 522
547 2 2 108 63 171 598 172
548 2 2 108 63 522 598 171
549 2 2 108 63 172 512 173
550 2 2 108 63 172 598 512
551 2 2 108 63 173 603 174
552 2 2 108 63 512 603 173
553 2 2 108 63 174 521 175
554 2 2 108 63 174 603 521
555 2 2 108 63 175 602 176
556 2 2 108 63 521 602 175
557 2 2 108 63 176 514 177
558 2 2 108 63 176 602 514
559 2 2 108 63 177 601 178
560 2 2 108 63 514 601 177
561 2 2 108 63 178 520 179
562 2 2 108 63 178 601 520
563 2 2 108 63 179 612 180
564 2 2 108 63 520 612 179
565 2 2 108 63 180 516 181
566 2 2 108 63 180 612 516
567 2 2 108 63 181 618 182
568 2 2 108 63 516 618 181
569 2 2 108 63 182 620 183
570 2 2 108 63 618 620 182
571 2 2 108 63 183 518 184
572 2 2 108 63 183 620 518
573 2 2 108 63 184 616 185
574 2 2 108 63 518 616 184
575 2 2 108 63 185 529 186
576 2 2 108 63 185 616 529
577 2 2 108 63 529 633 186
578 2 2 108 63 188 528 187
579 2 2 108 63 528 626 187
580 2 2 108 63 189 531 188
581 2 2 108 63 188 531 528
582 2 2 108 63 190 519 189
583 2 2 108 63 519 531 189
584 2 2 108 63 191 583 190
585 2 2 108 63 190 583 519
586 2 2 108 63 192 525 191
587 2 2 108 63 525 583 191
588 2 2 108 63 193 608 192
589 2 2 108 63 192 608 525
590 2 2 108 63 194 513 193
591 2 2 108 63 513 608 193
592 2 2 108 63 195 599 194
593 2 2 108 63 194 599 513
594 2 2 108 63 196 523 195
595 2 2 108 63 523 599 195
596 2 2 108 63 197 596 196
597 2 2 108 63 196 596 523
598 2 2 108 63 198 515 197
599 2 2 108 63 515 596 197
600 2 2 108 63 199 594 198
601 2 2 108 63 198 594 515
602 2 2 108 63 200 524 199
603 2 2 108 63 524 594 199
604 2 2 108 63 201 591 200
605 2 2 108 63 200 591 524
606 2 2 108 63 202 517 201
607 2 2 108 63 517 591 201
608 2 2 108 63 203 578 202
609 2 2 108 63 202 578 517
610 2 2 108 63 204 526 203
611 2 2 108 63 526 578 203
612 2 2 108 63 205 621 204
613 2 2 108 63 204 621 526
614 2 2 108 63 205 632 621
615 2 2 108 63 582 587 510
616 2 2 108 63 510 624 582
617 2 2 108 63 587 625 510
618 2 2 108 63 597 613 511
619 2 2 108 63 511 628 597
620 2 2 108 63 614 628 511
621 2 2 108 63 567 603 512
622 2 2 108 63 512 607 567
623 2 2 108 63 598 607 512
624 2 2 108 63 513 606 579
625 2 2 108 63 579 608 513
626 2 2 108 63 599 606 513
627 2 2 108 63 569 601 514
628 2 2 108 63 514 604 569
629 2 2 108 63 602 604 514
630 2 2 108 63 515 595 576
631 2 2 108 63 576 596 515
632 2 2 108 63 594 595 515
633 2 2 108 63 516 615 592
634 2 2 108 63 592 618 516
635 2 2 108 63 612 615 516
636 2 2 108 63 517 590 574
637 2 2 108 63 574 591 517
638 2 2 108 63 578 590 517
639 2 2 108 63 571 616 518
640 2 2 108 63 518 619 571
641 2 2 108 63 518 620 619
642 2 2 108 63 519 532 531
643 2 2 108 63 519 533 532
644 2 2 108 63 519 583 533
645 2 2 108 63 520 609 570
646 2 2 108 63 570 612 520
647 2 2 108 63 601 609 520
648 2 2 108 63 568 602 521
649 2 2 108 63 521 605 568
650 2 2 108 63 603 605 521
651 2 2 108 63 584 589 522
652 2 2 108 63 589 634 522
653 2 2 108 63 522 634 598
654 2 2 108 63 577 599 523
655 2 2 108 63 523 600 577
656 2 2 108 63 596 600 523
657 2 2 108 63 524 593 575
658 2 2 108 63 575 594 524
659 2 2 108 63 591 593 524
660 2 2 108 63 525 611 583
661 2 2 108 63 608 610 525
662 2 2 108 63 610 611 525
663 2 2 108 63 526 573 572
664 2 2 108 63 572 578 526
665 2 2 108 63 526 621 573
666 2 2 108 63 527 585 584
667 2 2 108 63 527 586 585
668 2 2 108 63 527 627 586
669 2 2 108 63 531 580 528
670 2 2 108 63 580 581 528
671 2 2 108 63 581 626 528
672 2 2 108 63 616 617 529
673 2 2 108 63 617 622 529
674 2 2 108 63 622 633 529
675 2 2 108 63 613 629 530
676 2 2 108 63 530 629 621
677 2 2 108 63 621 632 530
678 2 2 108 63 532 580 531
679 2 2 108 63 533 534 532
680 2 2 108 63 534 588 532
681 2 2 108 63 532 588 580
682 2 2 108 63 533 535 534
683 2 2 108 63 533 611 535
684 2 2 108 63 583 611 533
685 2 2 108 63 535 536 534
686 2 2 108 63 536 537 534
687 2 2 108 63 537 588 534
688 2 2 108 63 535 538 536
689 2 2 108 63 535 539 538
690 2 2 108 63 535 611 539
691 2 2 108 63 536 630 537
692 2 2 108 63 538 566 536
693 2 2 108 63 566 630 536
694 2 2 108 63 537 623 588
695 2 2 108 63 537 630 589
696 2 2 108 63 589 631 537
697 2 2 108 63 537 631 623
698 2 2 108 63 539 540 538
699 2 2 108 63 540 607 538
700 2 2 108 63 538 607 566
701 2 2 108 63 539 541 540
702 2 2 108 63 539 610 541
703 2 2 108 63 539 611 610
704 2 2 108 63 541 542 540
705 2 2 108 63 542 567 540
706 2 2 108 63 567 607 540
707 2 2 108 63 541 543 542
708 2 2 108 63 541 579 543
709 2 2 108 63 541 610 579
710 2 2 108 63 543 544 542
711 2 2 108 63 544 605 542
712 2 2 108 63 542 605 567
713 2 2 108 63 543 545 544
714 2 2 108 63 543 606 545
715 2 2 108 63 579 606 543
716 2 2 108 63 545 546 544
717 2 2 108 63 546 568 544
718 2 2 108 63 568 605 544
719 2 2 108 63 545 547 546
720 2 2 108 63 545 577 547
721 2 2 108 63 545 606 577
722 2 2 108 63 547 548 546
723 2 2 108 63 548 604 546
724 2 2 108 63 546 604 568
725 2 2 108 63 547 549 548
726 2 2 108 63 547 600 549
727 2 2 108 63 577 600 547
728 2 2 108 63 549 550 548
729 2 2 108 63 550 569 548
730 2 2 108 63 569 604 548
731 2 2 108 63 549 551 550
732 2 2 108 63 549 576 551
733 2 2 108 63 549 600 576
734 2 2 108 63 551 552 550
735 2 2 108 63 552 609 550
736 2 2 108 63 550 609 569
737 2 2 108 63 551 553 552
738 2 2 108 63 551 595 553
739 2 2 108 63 576 595 551
740 2 2 108 63 553 554 552
741 2 2 108 63 554 570 552
742 2 2 108 63 570 609 552
743 2 2 108 63 553 555 554
744 2 2 108 63 553 575 555
745 2 2 108 63 553 595 575
746 2 2 108 63 555 556 554
747 2 2 108 63 556 615 554
748 2 2 108 63 554 615 570
749 2 2 108 63 555 557 556
750 2 2 108 63 555 593 557
751 2 2 108 63 575 593 555
752 2 2 108 63 557 558 556
753 2 2 108 63 558 592 556
754 2 2 108 63 592 615 556
755 2 2 108 63 557 559 558
756 2 2 108 63 557 574 559
757 2 2 108 63 557 593 574
758 2 2 108 63 559 560 558
759 2 2 108 63 560 565 558
760 2 2 108 63 565 592 558
761 2 2 108 63 559 561 560
762 2 2 108 63 559 590 561
763 2 2 108 63 574 590 559
764 2 2 108 63 561 562 560
765 2 2 108 63 562 619 560
766 2 2 108 63 560 619 565
767 2 2 108 63 561 563 562
768 2 2 108 63 561 572 563
769 2 2 108 63 561 590 572
770 2 2 108 63 563 564 562
771 2 2 108 63 564 571 562
772 2 2 108 63 571 619 562
773 2 2 108 63 563 597 564
774 2 2 108 63 572 573 563
775 2 2 108 63 573 597 563
776 2 2 108 63 564 617 571
777 2 2 108 63 597 628 564
778 2 2 108 63 564 628 617
779 2 2 108 63 565 618 592
780 2 2 108 63 565 620 618
781 2 2 108 63 619 620 565
782 2 2 108 63 566 607 598
783 2 2 108 63 598 634 566
784 2 2 108 63 566 634 630
785 2 2 108 63 567 605 603
786 2 2 108 63 568 604 602
787 2 2 108 63 569 609 601
788 2 2 108 63 570 615 612
789 2 2 108 63 571 617 616
790 2 2 108 63 572 590 578
791 2 2 108 63 573 629 597
792 2 2 108 63 621 629 573
793 2 2 108 63 574 593 591
794 2 2 108 63 575 595 594
795 2 2 108 63 576 600 596
796 2 2 108 63 577 606 599
797 2 2 108 63 579 610 608
798 2 2 108 63 580 582 581
799 2 2 108 63 580 588 582
800 2 2 108 63 582 624 581
801 2 2 108 63 582 623 587
802 2 2 108 63 588 623 582
803 2 2 108 63 585 589 584
804 2 2 108 63 586 587 585
805 2 2 108 63 587 631 585
806 2 2 108 63 585 631 589
807 2 2 108 63 586 625 587
808 2 2 108 63 623 631 587
809 2 2 108 63 630 634 589
810 2 2 108 63 597 629 613
811 2 2 108 63 614 622 617
812 2 2 108 63 617 628 614
813 2 2 108 67 32 752 6
814 2 2 108 67 6 752 187
815 2 2 108 67 7 751 27
816 2 2 108 67 206 751 7
817 2 2 108 67 15 758 137
818 2 2 108 67 205 758 15
819 2 2 108 67 142 757 16
820 2 2 108 67 16 757 224
821 2 2 108 67 27 751 28
822 2 2 108 67 28 749 29
823 2 2 108 67 706 749 28
824 2 2 108 67 28 751 706
825 2 2 108 67 29 635 30
826 2 2 108 67 29 749 635
827 2 2 108 67 30 750 31
828 2 2 108 67 635 750 30
829 2 2 108 67 31 752 32
830 2 2 108 67 31 750 711
831 2 2 108 67 711 752 31
832 2 2 108 67 137 747 138
833 2 2 108 67 137 758 747
834 2 2 108 67 138 739 139
835 2 2 108 67 138 747 739
836 2 2 108 67 139 636 140
837 2 2 108 67 139 739 636
838 2 2 108 67 140 738 141
839 2 2 108 67 636 738 140
840 2 2 108 67 141 655 142
841 2 2 108 67 141 738 655
842 2 2 108 67 655 757 142
843 2 2 108 67 187 652 188
844 2 2 108 67 187 752 652
845 2 2 108 67 188 709 189
846 2 2 108 67 652 709 188
847 2 2 108 67 189 647 190
848 2 2 108 67 189 709 647
849 2 2 108 67 190 723 191
850 2 2 108 67 647 723 190
851 2 2 108 67 191 637 192
852 2 2 108 67 191 723 637
853 2 2 108 67 192 728 193
854 2 2 108 67 637 728 192
855 2 2 108 67 193 646 194
856 2 2 108 67 193 728 646
857 2 2 108 67 194 727 195
858 2 2 108 67 646 727 194
859 2 2 108 67 195 639 196
860 2 2 108 67 195 727 639
861 2 2 108 67 196 726 197
862 2 2 108 67 639 726 196
863 2 2 108 67 197 645 198
864 2 2 108 67 197 726 645
865 2 2 108 67 198 737 199
866 2 2 108 67 645 737 198
867 2 2 108 67 199 641 200
868 2 2 108 67 199 737 641
869 2 2 108 67 200 743 201
870 2 2 108 67 641 743 200
871 2 2 108 67 201 745 202
872 2 2 108 67 743 745 201
873 2 2 108 67 202 643 203
874 2 2 108 67 202 745 643
875 2 2 108 67 203 741 204
876 2 2 108 67 643 741 203
877 2 2 108 67 204 654 205
878 2 2 108 67 204 741 654
879 2 2 108 67 654 758 205
880 2 2 108 67 207 653 206
881 2 2 108 67 653 751 206
882 2 2 108 67 208 656 207
883 2 2 108 67 207 656 653
884 2 2 108 67 209 644 208
885 2 2 108 67 644 656 208
886 2 2 108 67 210 708 209
887 2 2 108 67 209 708 644
888 2 2 108 67 211 650 210
889 2 2 108 67 650 708 210
890 2 2 108 67 212 733 211
891 2 2 108 67 211 733 650
892 2 2 108 67 213 638 212
893 2 2 108 67 638 733 212
894 2 2 108 67 214 724 213
895 2 2 108 67 213 724 638
896 2 2 108 67 215 648 214
897 2 2 108 67 648 724 214
898 2 2 108 67 216 721 215
899 2 2 108 67 215 721 648
900 2 2 108 67 217 640 216
901 2 2 108 67 640 721 216
902 2 2 108 67 218 719 217
903 2 2 108 67 217 719 640
904 2 2 108 67 219 649 218
905 2 2 108 67 649 719 218
906 2 2 108 67 220 716 219
907 2 2 108 67 219 716 649
908 2 2 108 67 221 642 220
909 2 2 108 67 642 716 220
910 2 2 108 67 222 703 221
911 2 2 108 67 221 703 642
912 2 2 108 67 223 651 222
913 2 2 108 67 651 703 222
914 2 2 108 67 224 746 223
915 2 2 108 67 223 746 651
916 2 2 108 67 224 757 746
917 2 2 108 67 707 712 635
918 2 2 108 67 635 749 707
919 2 2 108 67 712 750 635
920 2 2 108 67 722 738 636
921 2 2 108 67 636 753 722
922 2 2 108 67 739 753 636
923 2 2 108 67 692 728 637
924 2 2 108 67 637 732 692
925 2 2 108 67 723 732 637
926 2 2 108 67 638 731 704
927 2 2 108 67 704 733 638
928 2 2 108 67 724 731 638
929 2 2 108 67 694 726 639
930 2 2 108 67 639 729 694
931 2 2 108 67 727 729 639
932 2 2 108 67 640 720 701
933 2 2 108 67 701 721 640
934 2 2 108 67 719 720 640
935 2 2 108 67 641 740 717
936 2 2 108 67 717 743 641
937 2 2 108 67 737 740 641
938 2 2 108 67 642 715 699
939 2 2 108 67 699 716 642
940 2 2 108 67 703 715 642
941 2 2 108 67 696 741 643
942 2 2 108 67 643 744 696
943 2 2 108 67 643 745 744
944 2 2 108 67 644 657 656
945 2 2 108 67 644 658 657
946 2 2 108 67 644 708 658
947 2 2 108 67 645 734 695
948 2 2 108 67 695 737 645
949 2 2 108 67 726 734 645
950 2 2 108 67 693 727 646
951 2 2 108 67 646 730 693
952 2 2 108 67 728 730 646
953 2 2 108 67 709 714 647
954 2 2 108 67 714 759 647
955 2 2 108 67 647 759 723
956 2 2 108 67 702 724 648
957 2 2 108 67 648 725 702
958 2 2 108 67 721 725 648
959 2 2 108 67 649 718 700
960 2 2 108 67 700 719 649
961 2 2 108 67 716 718 649
962 2 2 108 67 650 736 708
963 2 2 108 67 733 735 650
964 2 2 108 67 735 736 650
965 2 2 108 67 651 698 697
966 2 2 108 67 697 703 651
967 2 2 108 67 651 746 698
968 2 2 108 67 652 710 709
969 2 2 108 67 652 711 710
970 2 2 108 67 652 752 711
971 2 2 108 67 656 705 653
972 2 2 108 67 705 706 653
973 2 2 108 67 706 751 653
974 2 2 108 67 741 742 654
975 2 2 108 67 742 747 654
976 2 2 108 67 747 758 654
977 2 2 108 67 738 754 655
978 2 2 108 67 655 754 746
979 2 2 108 67 746 757 655
980 2 2 108 67 657 705 656
981 2 2 108 67 658 659 657
982 2 2 108 67 659 713 657
983 2 2 108 67 657 713 705
984 2 2 108 67 658 660 659
985 2 2 108 67 658 736 660
986 2 2 108 67 708 736 658
987 2 2 108 67 660 661 659
988 2 2 108 67 661 662 659
989 2 2 108 67 662 713 659
990 2 2 108 67 660 663 661
991 2 2 108 67 660 664 663
992 2 2 108 67 660 736 664
993 2 2 108 67 661 755 662
994 2 2 108 67 663 691 661
995 2 2 108 67 691 755 661
996 2 2 108 67 662 748 713
997 2 2 108 67 662 755 714
998 2 2 108 67 714 756 662
999 2 2 108 67 662 756 748
1000 2 2 108 67 664 665 663
1001 2 2 108 67 665 732 663
1002 2 2 108 67 663 732 691
1003 2 2 108 67 664 666 665
1004 2 2 108 67 664 735 666
1005 2 2 108 67 664 736 735
1006 2 2 108 67 666 667 665
1007 2 2 108 67 667 692 665
1008 2 2 108 67 692 732 665
1009 2 2 108 67 666 668 667
1010 2 2 108 67 666 704 668
1011 2 2 108 67 666 735 704
1012 2 2 108 67 668 669 667
1013 2 2 108 67 669 730 667
1014 2 2 108 67 667 730 692
1015 2 2 108 67 668 670 669
1016 2 2 108 67 668 731 670
1017 2 2 108 67 704 731 668
1018 2 2 108 67 670 671 669
1019 2 2 108 67 671 693 669
1020 2 2 108 67 693 730 669
1021 2 2 108 67 670 672 671
1022 2 2 108 67 670 702 672
1023 2 2 108 67 670 731 702
1024 2 2 108 67 672 673 671
1025 2 2 108 67 673 729 671
1026 2 2 108 67 671 729 693
1027 2 2 108 67 672 674 673
1028 2 2 108 67 672 725 674
1029 2 2 108 67 702 725 672
1030 2 2 108 67 674 675 673
1031 2 2 108 67 675 694 673
1032 2 2 108 67 694 729 673
1033 2 2 108 67 674 676 675
1034 2 2 108 67 674 701 676
1035 2 2 108 67 674 725 701
1036 2 2 108 67 676 677 675
1037 2 2 108 67 677 734 675
1038 2 2 108 67 675 734 694
1039 2 2 108 67 676 678 677
1040 2 2 108 67 676 720 678
1041 2 2 108 67 701 720 676
1042 2 2 108 67 678 679 677
1043 2 2 108 67 679 695 677
1044 2 2 108 67 695 734 677
1045 2 2 108 67 678 680 679
1046 2 2 108 67 678 700 680
1047 2 2 108 67 678 720 700
1048 2 2 108 67 680 681 679
1049 2 2 108 67 681 740 679
1050 2 2 108 67 679 740 695
1051 2 2 108 67 680 682 681
1052 2 2 108 67 680 718 682
1053 2 2 108 67 700 718 680
1054 2 2 108 67 682 683 681
1055 2 2 108 67 683 717 681
1056 2 2 108 67 717 740 681
1057 2 2 108 67 682 684 683
1058 2 2 108 67 682 699 684
1059 2 2 108 67 682 718 699
1060 2 2 108 67 684 685 683
1061 2 2 108 67 685 690 683
1062 2 2 108 67 690 717 683
1063 2 2 108 67 684 686 685
1064 2 2 108 67 684 715 686
1065 2 2 108 67 699 715 684
1066 2 2 108 67 686 687 685
1067 2 2 108 67 687 744 685
1068 2 2 108 67 685 744 690
1069 2 2 108 67 686 688 687
1070 2 2 108 67 686 697 688
1071 2 2 108 67 686 715 697
1072 2 2 108 67 688 689 687
1073 2 2 108 67 689 696 687
1074 2 2 108 67 696 744 687
1075 2 2 108 67 688 722 689
1076 2 2 108 67 697 698 688
1077 2 2 108 67 698 722 688
1078 2 2 108 67 689 742 696
1079 2 2 108 67 722 753 689
1080 2 2 108 67 689 753 742
1081 2 2 108 67 690 743 717
1082 2 2 108 67 690 745 743
1083 2 2 108 67 744 745 690
1084 2 2 108 67 691 732 723
1085 2 2 108 67 723 759 691
1086 2 2 108 67 691 759 755
1087 2 2 108 67 692 730 728
1088 2 2 108 67 693 729 727
1089 2 2 108 67 694 734 726
1090 2 2 108 67 695 740 737
1091 2 2 108 67 696 742 741
1092 2 2 108 67 697 715 703
1093 2 2 108 67 698 754 722
1094 2 2 108 67 746 754 698
1095 2 2 108 67 699 718 716
1096 2 2 108 67 700 720 719
1097 2 2 108 67 701 725 721
1098 2 2 108 67 702 731 724
1099 2 2 108 67 704 735 733
1100 2 2 108 67 705 707 706
1101 2 2 108 67 705 713 707
1102 2 2 108 67 707 749 706
1103 2 2 108 67 707 748 712
1104 2 2 108 67 713 748 707
1105 2 2 108 67 710 714 709
1106 2 2 108 67 711 712 710
1107 2 2 108 67 712 756 710
1108 2 2 108 67 710 756 714
1109 2 2 108 67 711 750 712
1110 2 2 108 67 748 756 712
1111 2 2 108 67 755 759 714
1112 2 2 108 67 722 754 738
1113 2 2 108 67 739 747 742
1114 2 2 108 67 742 753 739
1115 2 2 108 71 5 877 21
1116 2 2 108 71 149 877 5
1117 2 2 108 71 26 876 7
1118 2 2 108 71 7 876 206
1119 2 2 108 71 148 883 13
1120 2 2 108 71 13 883 167
1121 2 2 108 71 16 882 143
1122 2 2 108 71 224 882 16
1123 2 2 108 71 21 877 22
1124 2 2 108 71 22 875 23
1125 2 2 108 71 836 875 22
1126 2 2 108 71 22 877 836
1127 2 2 108 71 23 760 24
1128 2 2 108 71 23 875 760
1129 2 2 108 71 24 874 25
1130 2 2 108 71 760 874 24
1131 2 2 108 71 25 876 26
1132 2 2 108 71 25 874 831
1133 2 2 108 71 831 876 25
1134 2 2 108 71 143 780 144
1135 2 2 108 71 143 882 780
1136 2 2 108 71 144 864 145
1137 2 2 108 71 780 864 144
1138 2 2 108 71 145 761 146
1139 2 2 108 71 145 864 761
1140 2 2 108 71 146 863 147
1141 2 2 108 71 761 863 146
1142 2 2 108 71 147 871 148
1143 2 2 108 71 863 871 147
1144 2 2 108 71 871 883 148
1145 2 2 108 71 150 779 149
1146 2 2 108 71 779 877 149
1147 2 2 108 71 151 834 150
1148 2 2 108 71 150 834 779
1149 2 2 108 71 152 773 151
1150 2 2 108 71 773 834 151
1151 2 2 108 71 153 848 152
1152 2 2 108 71 152 848 773
1153 2 2 108 71 154 762 153
1154 2 2 108 71 762 848 153
1155 2 2 108 71 155 853 154
1156 2 2 108 71 154 853 762
1157 2 2 108 71 156 774 155
1158 2 2 108 71 774 853 155
1159 2 2 108 71 157 852 156
1160 2 2 108 71 156 852 774
1161 2 2 108 71 158 764 157
1162 2 2 108 71 764 852 157
1163 2 2 108 71 159 851 158
1164 2 2 108 71 158 851 764
1165 2 2 108 71 160 775 159
1166 2 2 108 71 775 851 159
1167 2 2 108 71 161 862 160
1168 2 2 108 71 160 862 775
1169 2 2 108 71 162 766 161
1170 2 2 108 71 766 862 161
1171 2 2 108 71 163 884 162
1172 2 2 108 71 162 884 766
1173 2 2 108 71 164 873 163
1174 2 2 108 71 163 873 868
1175 2 2 108 71 868 884 163
1176 2 2 108 71 165 769 164
1177 2 2 108 71 769 873 164
1178 2 2 108 71 166 866 165
1179 2 2 108 71 165 866 769
1180 2 2 108 71 167 777 166
1181 2 2 108 71 777 866 166
1182 2 2 108 71 167 883 777
1183 2 2 108 71 206 778 207
1184 2 2 108 71 206 876 778
1185 2 2 108 71 207 781 208
1186 2 2 108 71 778 781 207
1187 2 2 108 71 208 768 209
1188 2 2 108 71 208 781 768
1189 2 2 108 71 209 833 210
1190 2 2 108 71 768 833 209
1191 2 2 108 71 210 770 211
1192 2 2 108 71 210 833 770
1193 2 2 108 71 211 858 212
1194 2 2 108 71 770 858 211
1195 2 2 108 71 212 763 213
1196 2 2 108 71 212 858 763
1197 2 2 108 71 213 849 214
1198 2 2 108 71 763 849 213
1199 2 2 108 71 214 771 215
1200 2 2 108 71 214 849 771
1201 2 2 108 71 215 846 216
1202 2 2 108 71 771 846 215
1203 2 2 108 71 216 765 217
1204 2 2 108 71 216 846 765
1205 2 2 108 71 217 844 218
1206 2 2 108 71 765 844 217
1207 2 2 108 71 218 772 219
1208 2 2 108 71 218 844 772
1209 2 2 108 71 219 841 220
1210 2 2 108 71 772 841 219
1211 2 2 108 71 220 767 221
1212 2 2 108 71 220 841 767
1213 2 2 108 71 221 828 222
1214 2 2 108 71 767 828 221
1215 2 2 108 71 222 776 223
1216 2 2 108 71 222 828 776
1217 2 2 108 71 223 870 224
1218 2 2 108 71 776 870 223
1219 2 2 108 71 870 882 224
1220 2 2 108 71 760 837 832
1221 2 2 108 71 832 874 760
1222 2 2 108 71 760 875 837
1223 2 2 108 71 761 864 847
1224 2 2 108 71 847 878 761
1225 2 2 108 71 761 878 863
1226 2 2 108 71 762 853 817
1227 2 2 108 71 817 857 762
1228 2 2 108 71 762 857 848
1229 2 2 108 71 829 856 763
1230 2 2 108 71 763 858 829
1231 2 2 108 71 763 856 849
1232 2 2 108 71 764 851 819
1233 2 2 108 71 819 854 764
1234 2 2 108 71 764 854 852
1235 2 2 108 71 826 845 765
1236 2 2 108 71 765 846 826
1237 2 2 108 71 765 845 844
1238 2 2 108 71 842 865 766
1239 2 2 108 71 766 884 842
1240 2 2 108 71 766 865 862
1241 2 2 108 71 824 840 767
1242 2 2 108 71 767 841 824
1243 2 2 108 71 767 840 828
1244 2 2 108 71 781 782 768
1245 2 2 108 71 782 783 768
1246 2 2 108 71 783 833 768
1247 2 2 108 71 769 866 821
1248 2 2 108 71 821 869 769
1249 2 2 108 71 869 873 769
1250 2 2 108 71 833 861 770
1251 2 2 108 71 770 860 858
1252 2 2 108 71 770 861 860
1253 2 2 108 71 771 849 827
1254 2 2 108 71 827 850 771
1255 2 2 108 71 771 850 846
1256 2 2 108 71 825 843 772
1257 2 2 108 71 772 844 825
1258 2 2 108 71 772 843 841
1259 2 2 108 71 773 839 834
1260 2 2 108 71 773 885 839
1261 2 2 108 71 848 885 773
1262 2 2 108 71 774 852 818
1263 2 2 108 71 818 855 774
1264 2 2 108 71 774 855 853
1265 2 2 108 71 820 859 775
1266 2 2 108 71 775 862 820
1267 2 2 108 71 775 859 851
1268 2 2 108 71 822 823 776
1269 2 2 108 71 776 828 822
1270 2 2 108 71 823 870 776
1271 2 2 108 71 777 867 866
1272 2 2 108 71 777 871 867
1273 2 2 108 71 777 883 871
1274 2 2 108 71 778 830 781
1275 2 2 108 71 778 831 830
1276 2 2 108 71 778 876 831
1277 2 2 108 71 834 835 779
1278 2 2 108 71 835 836 779
1279 2 2 108 71 836 877 779
1280 2 2 108 71 780 879 864
1281 2 2 108 71 870 879 780
1282 2 2 108 71 780 882 870
1283 2 2 108 71 781 830 782
1284 2 2 108 71 782 784 783
1285 2 2 108 71 782 838 784
1286 2 2 108 71 830 838 782
1287 2 2 108 71 784 785 783
1288 2 2 108 71 785 861 783
1289 2 2 108 71 783 861 833
1290 2 2 108 71 784 786 785
1291 2 2 108 71 784 787 786
1292 2 2 108 71 784 838 787
1293 2 2 108 71 786 788 785
1294 2 2 108 71 788 789 785
1295 2 2 108 71 789 861 785
1296 2 2 108 71 787 880 786
1297 2 2 108 71 786 816 788
1298 2 2 108 71 786 880 816
1299 2 2 108 71 838 872 787
1300 2 2 108 71 839 880 787
1301 2 2 108 71 787 881 839
1302 2 2 108 71 872 881 787
1303 2 2 108 71 788 790 789
1304 2 2 108 71 788 857 790
1305 2 2 108 71 816 857 788
1306 2 2 108 71 790 791 789
1307 2 2 108 71 791 860 789
1308 2 2 108 71 860 861 789
1309 2 2 108 71 790 792 791
1310 2 2 108 71 790 817 792
1311 2 2 108 71 790 857 817
1312 2 2 108 71 792 793 791
1313 2 2 108 71 793 829 791
1314 2 2 108 71 829 860 791
1315 2 2 108 71 792 794 793
1316 2 2 108 71 792 855 794
1317 2 2 108 71 817 855 792
1318 2 2 108 71 794 795 793
1319 2 2 108 71 795 856 793
1320 2 2 108 71 793 856 829
1321 2 2 108 71 794 796 795
1322 2 2 108 71 794 818 796
1323 2 2 108 71 794 855 818
1324 2 2 108 71 796 797 795
1325 2 2 108 71 797 827 795
1326 2 2 108 71 827 856 795
1327 2 2 108 71 796 798 797
1328 2 2 108 71 796 854 798
1329 2 2 108 71 818 854 796
1330 2 2 108 71 798 799 797
1331 2 2 108 71 799 850 797
1332 2 2 108 71 797 850 827
1333 2 2 108 71 798 800 799
1334 2 2 108 71 798 819 800
1335 2 2 108 71 798 854 819
1336 2 2 108 71 800 801 799
1337 2 2 108 71 801 826 799
1338 2 2 108 71 826 850 799
1339 2 2 108 71 800 802 801
1340 2 2 108 71 800 859 802
1341 2 2 108 71 819 859 800
1342 2 2 108 71 802 803 801
1343 2 2 108 71 803 845 801
1344 2 2 108 71 801 845 826
1345 2 2 108 71 802 804 803
1346 2 2 108 71 802 820 804
1347 2 2 108 71 802 859 820
1348 2 2 108 71 804 805 803
1349 2 2 108 71 805 825 803
1350 2 2 108 71 825 845 803
1351 2 2 108 71 804 806 805
1352 2 2 108 71 804 865 806
1353 2 2 108 71 820 865 804
1354 2 2 108 71 806 807 805
1355 2 2 108 71 807 843 805
1356 2 2 108 71 805 843 825
1357 2 2 108 71 806 808 807
1358 2 2 108 71 806 842 808
1359 2 2 108 71 806 865 842
1360 2 2 108 71 808 809 807
1361 2 2 108 71 809 824 807
1362 2 2 108 71 824 843 807
1363 2 2 108 71 808 810 809
1364 2 2 108 71 808 815 810
1365 2 2 108 71 808 842 815
1366 2 2 108 71 810 811 809
1367 2 2 108 71 811 840 809
1368 2 2 108 71 809 840 824
1369 2 2 108 71 810 812 811
1370 2 2 108 71 810 869 812
1371 2 2 108 71 815 869 810
1372 2 2 108 71 812 813 811
1373 2 2 108 71 813 822 811
1374 2 2 108 71 822 840 811
1375 2 2 108 71 812 814 813
1376 2 2 108 71 812 821 814
1377 2 2 108 71 812 869 821
1378 2 2 108 71 814 847 813
1379 2 2 108 71 813 823 822
1380 2 2 108 71 813 847 823
1381 2 2 108 71 821 867 814
1382 2 2 108 71 814 878 847
1383 2 2 108 71 867 878 814
1384 2 2 108 71 842 868 815
1385 2 2 108 71 868 873 815
1386 2 2 108 71 815 873 869
1387 2 2 108 71 848 857 816
1388 2 2 108 71 816 885 848
1389 2 2 108 71 880 885 816
1390 2 2 108 71 853 855 817
1391 2 2 108 71 852 854 818
1392 2 2 108 71 851 859 819
1393 2 2 108 71 862 865 820
1394 2 2 108 71 866 867 821
1395 2 2 108 71 828 840 822
1396 2 2 108 71 847 879 823
1397 2 2 108 71 823 879 870
1398 2 2 108 71 841 843 824
1399 2 2 108 71 844 845 825
1400 2 2 108 71 846 850 826
1401 2 2 108 71 849 856 827
1402 2 2 108 71 858 860 829
1403 2 2 108 71 831 832 830
1404 2 2 108 71 832 838 830
1405 2 2 108 71 831 874 832
1406 2 2 108 71 837 872 832
1407 2 2 108 71 832 872 838
1408 2 2 108 71 834 839 835
1409 2 2 108 71 835 837 836
1410 2 2 108 71 835 881 837
1411 2 2 108 71 839 881 835
1412 2 2 108 71 837 875 836
1413 2 2 108 71 837 881 872
1414 2 2 108 71 839 885 880
1415 2 2 108 71 842 884 868
1416 2 2 108 71 864 879 847
1417 2 2 108 71 867 871 863
1418 2 2 108 71 863 878 867
1419 2 2 110 72 45 888 9
1420 2 2 110 72 9 892 48
1421 2 2 110 72 888 921 9
1422 2 2 110 72 9 921 892
1423 2 2 110 72 10 890 45
1424 2 2 110 72 46 886 10
1425 2 2 110 72 886 913 10
1426 2 2 110 72 10 913 890
1427 2 2 110 72 11 893 46
1428 2 2 110 72 47 887 11
1429 2 2 110 72 887 937 11
1430 2 2 110 72 11 937 893
1431 2 2 110 72 12 891 47
1432 2 2 110 72 48 889 12
1433 2 2 110 72 889 929 12
1434 2 2 110 72 12 929 891
1435 2 2 110 72 125 906 13
1436 2 2 110 72 13 898 148
1437 2 2 110 72 13 906 898
1438 2 2 110 72 14 899 130
1439 2 2 110 72 131 914 14
1440 2 2 110 72 14 914 899
1441 2 2 110 72 15 900 136
1442 2 2 110 72 137 922 15
1443 2 2 110 72 15 922 900
1444 2 2 110 72 16 901 142
1445 2 2 110 72 143 930 16
1446 2 2 110 72 16 930 901
1447 2 2 110 72 45 955 888
1448 2 2 110 72 890 955 45
1449 2 2 110 72 46 957 886
1450 2 2 110 72 893 957 46
1451 2 2 110 72 47 954 887
1452 2 2 110 72 891 954 47
1453 2 2 110 72 48 956 889
1454 2 2 110 72 892 956 48
1455 2 2 110 72 126 902 125
1456 2 2 110 72 902 906 125
1457 2 2 110 72 127 938 126
1458 2 2 110 72 126 938 902
1459 2 2 110 72 128 894 127
1460 2 2 110 72 894 938 127
1461 2 2 110 72 129 943 128
1462 2 2 110 72 128 943 894
1463 2 2 110 72 130 919 129
1464 2 2 110 72 919 943 129
1465 2 2 110 72 899 919 130
1466 2 2 110 72 132 903 131
1467 2 2 110 72 903 914 131
1468 2 2 110 72 133 939 132
1469 2 2 110 72 132 939 903
1470 2 2 110 72 134 895 133
1471 2 2 110 72 895 939 133
1472 2 2 110 72 135 944 134
1473 2 2 110 72 134 944 895
1474 2 2 110 72 136 927 135
1475 2 2 110 72 927 944 135
1476 2 2 110 72 900 927 136
1477 2 2 110 72 138 904 137
1478 2 2 110 72 904 922 137
1479 2 2 110 72 139 940 138
1480 2 2 110 72 138 940 904
1481 2 2 110 72 140 896 139
1482 2 2 110 72 896 940 139
1483 2 2 110 72 141 945 140
1484 2 2 110 72 140 945 896
1485 2 2 110 72 142 935 141
1486 2 2 110 72 935 945 141
1487 2 2 110 72 901 935 142
1488 2 2 110 72 144 905 143
1489 2 2 110 72 905 930 143
1490 2 2 110 72 145 941 144
1491 2 2 110 72 144 941 905
1492 2 2 110 72 146 897 145
1493 2 2 110 72 897 941 145
1494 2 2 110 72 147 942 146
1495 2 2 110 72 146 942 897
1496 2 2 110 72 148 911 147
1497 2 2 110 72 911 942 147
1498 2 2 110 72 898 911 148
1499 2 2 110 72 908 913 886
1500 2 2 110 72 886 953 908
1501 2 2 110 72 886 957 953
1502 2 2 110 72 932 937 887
1503 2 2 110 72 887 950 932
1504 2 2 110 72 887 954 950
1505 2 2 110 72 916 921 888
1506 2 2 110 72 888 951 916
1507 2 2 110 72 888 955 951
1508 2 2 110 72 924 929 889
1509 2 2 110 72 889 952 924
1510 2 2 110 72 889 956 952
1511 2 2 110 72 909 910 890
1512 2 2 110 72 890 913 909
1513 2 2 110 72 910 955 890
1514 2 2 110 72 925 926 891
1515 2 2 110 72 891 929 925
1516 2 2 110 72 926 954 891
1517 2 2 110 72 917 918 892
1518 2 2 110 72 892 921 917
1519 2 2 110 72 918 956 892
1520 2 2 110 72 933 934 893
1521 2 2 110 72 893 937 933
1522 2 2 110 72 934 957 893
1523 2 2 110 72 894 943 920
1524 2 2 110 72 920 946 894
1525 2 2 110 72 894 946 938
1526 2 2 110 72 895 944 928
1527 2 2 110 72 928 947 895
1528 2 2 110 72 895 947 939
1529 2 2 110 72 896 945 936
1530 2 2 110 72 936 948 896
1531 2 2 110 72 896 948 940
1532 2 2 110 72 897 942 912
1533 2 2 110 72 912 949 897
1534 2 2 110 72 897 949 941
1535 2 2 110 72 906 907 898
1536 2 2 110 72 907 908 898
1537 2 2 110 72 908 911 898
1538 2 2 110 72 914 915 899
1539 2 2 110 72 915 916 899
1540 2 2 110 72 916 919 899
1541 2 2 110 72 922 923 900
1542 2 2 110 72 923 924 900
1543 2 2 110 72 924 927 900
1544 2 2 110 72 930 931 901
1545 2 2 110 72 931 932 901
1546 2 2 110 72 932 935 901
1547 2 2 110 72 902 907 906
1548 2 2 110 72 902 909 907
1549 2 2 110 72 902 946 909
1550 2 2 110 72 938 946 902
1551 2 2 110 72 903 915 914
1552 2 2 110 72 903 917 915
1553 2 2 110 72 903 947 917
1554 2 2 110 72 939 947 903
1555 2 2 110 72 904 923 922
1556 2 2 110 72 904 925 923
1557 2 2 110 72 904 948 925
1558 2 2 110 72 940 948 904
1559 2 2 110 72 905 931 930
1560 2 2 110 72 905 933 931
1561 2 2 110 72 905 949 933
1562 2 2 110 72 941 949 905
1563 2 2 110 72 907 913 908
1564 2 2 110 72 909 913 907
1565 2 2 110 72 908 912 911
1566 2 2 110 72 908 953 912
1567 2 2 110 72 909 946 910
1568 2 2 110 72 910 946 920
1569 2 2 110 72 920 951 910
1570 2 2 110 72 951 955 910
1571 2 2 110 72 912 942 911
1572 2 2 110 72 934 949 912
1573 2 2 110 72 912 953 934
1574 2 2 110 72 915 921 916
1575 2 2 110 72 917 921 915
1576 2 2 110 72 916 920 919
1577 2 2 110 72 916 951 920
1578 2 2 110 72 917 947 918
1579 2 2 110 72 918 947 928
1580 2 2 110 72 928 952 918
1581 2 2 110 72 952 956 918
1582 2 2 110 72 920 943 919
1583 2 2 110 72 923 929 924
1584 2 2 110 72 925 929 923
1585 2 2 110 72 924 928 927
1586 2 2 110 72 924 952 928
1587 2 2 110 72 925 948 926
1588 2 2 110 72 926 948 936
1589 2 2 110 72 936 950 926
1590 2 2 110 72 950 954 926
1591 2 2 110 72 928 944 927
1592 2 2 110 72 931 937 932
1593 2 2 110 72 933 937 931
1594 2 2 110 72 932 936 935
1595 2 2 110 72 932 950 936
1596 2 2 110 72 933 949 934
1597 2 2 110 72 953 957 934
1598 2 2 110 72 936 945 935
1599 4 2 112 1 328 958 69 960
1600 4 2 112 1 88 958 328 960
1601 4 2 112 1 69 958 308 960
1602 4 2 112 1 308 958 50 960
1603 4 2 112 1 348 958 88 960
1604 4 2 112 1 348 107 958 960
1605 4 2 112 1 50 958 368 960
1606 4 2 112 1 107 368 958 960
1607 4 2 112 1 302 964 363 967
1608 4 2 112 1 377 317 961 966
1609 4 2 112 1 76 962 95 967
1610 4 2 112 1 114 95 962 967
1611 4 2 112 1 76 57 962 967
1612 4 2 112 1 114 962 57 967
1613 4 2 112 1 83 64 965 966
1614 4 2 112 1 121 102 965 966
1615 4 2 112 1 64 121 965 966
1616 4 2 112 1 102 83 965 966
1617 4 2 112 1 358 961 338 966
1618 4 2 112 1 377 961 358 966
1619 4 2 112 1 99 961 118 968
1620 4 2 112 1 99 80 961 968
1621 4 2 112 1 118 961 61 968
1622 4 2 112 1 61 961 80 968
1623 4 2 112 1 342 964 323 967
1624 4 2 112 1 363 964 342 967
1625 4 2 112 1 317 338 961 966
1626 4 2 112 1 323 964 302 967
1627 4 2 112 1 376 968 316 969
1628 4 2 112 1 316 968 336 969
1629 4 2 112 1 356 336 968 969
1630 4 2 112 1 356 968 376 969
1631 4 2 112 1 316 376 60 968
1632 4 2 112 1 363 302 55 964
1633 4 2 112 1 56 302 363 967
1634 4 2 112 1 376 316 59 969
1635 4 2 112 1 377 63 317 966
1636 4 2 112 1 62 377 317 961
1637 4 2 112 1 76 329 95 962
1638 4 2 112 1 76 307 57 967
1639 4 2 112 1 57 309 76 962
1640 4 2 112 1 114 369 57 962
1641 4 2 112 1 358 338 101 966
1642 4 2 112 1 120 377 358 966
1643 4 2 112 1 99 334 80 968
1644 4 2 112 1 373 64 121 965
1645 4 2 112 1 102 352 121 965
1646 4 2 112 1 83 332 102 965
1647 4 2 112 1 114 347 95 967
1648 4 2 112 1 367 114 57 967
1649 4 2 112 1 83 64 312 965
1650 4 2 112 1 327 76 95 967
1651 4 2 112 1 64 372 121 966
1652 4 2 112 1 121 353 102 966
1653 4 2 112 1 102 333 83 966
1654 4 2 112 1 80 61 318 961
1655 4 2 112 1 100 338 358 961
1656 4 2 112 1 377 119 358 961
1657 4 2 112 1 61 80 314 968
1658 4 2 112 1 118 99 357 961
1659 4 2 112 1 80 337 99 961
1660 4 2 112 1 83 313 64 966
1661 4 2 112 1 99 118 354 968
1662 4 2 112 1 95 349 114 962
1663 4 2 112 1 323 342 93 964
1664 4 2 112 1 363 112 342 964
1665 4 2 112 1 363 342 113 967
1666 4 2 112 1 94 342 323 967
1667 4 2 112 1 118 61 374 968
1668 4 2 112 1 316 79 336 968
1669 4 2 112 1 378 61 118 961
1670 4 2 112 1 356 336 98 968
1671 4 2 112 1 317 82 338 966
1672 4 2 112 1 317 338 81 961
1673 4 2 112 1 74 302 323 964
1674 4 2 112 1 323 302 75 967
1675 4 2 112 1 356 117 376 968
1676 4 2 112 1 78 316 336 969
1677 4 2 112 1 356 97 336 969
1678 4 2 112 1 350 959 123 970
1679 4 2 112 1 123 959 370 970
1680 4 2 112 1 376 60 59 316
1681 4 2 112 1 356 376 116 969
1682 4 2 112 1 363 56 55 302
1683 4 2 112 1 350 104 959 970
1684 4 2 112 1 330 959 104 970
1685 4 2 112 1 66 370 959 970
1686 4 2 112 1 350 104 105 959
1687 4 2 112 1 104 330 105 959
1688 4 2 112 1 311 66 959 970
1689 4 2 112 1 377 63 62 317
1690 4 2 112 1 100 101 358 338
1691 4 2 112 1 119 358 120 377
1692 4 2 112 1 309 57 76 307
1693 4 2 112 1 314 80 61 318
1694 4 2 112 1 327 95 76 329
1695 4 2 112 1 334 99 80 337
1696 4 2 112 1 367 57 114 369
1697 4 2 112 1 372 373 64 121
1698 4 2 112 1 352 353 102 121
1699 4 2 112 1 332 83 102 333
1700 4 2 112 1 313 83 64 312
1701 4 2 112 1 357 99 118 354
1702 4 2 112 1 79 78 316 336
1703 4 2 112 1 342 93 94 323
1704 4 2 112 1 363 112 113 342
1705 4 2 112 1 349 95 114 347
1706 4 2 112 1 85 959 330 970
1707 4 2 112 1 378 118 61 374
1708 4 2 112 1 97 98 356 336
1709 4 2 112 1 82 81 317 338
1710 4 2 112 1 311 959 85 970
1711 4 2 112 1 50 308 49 958
1712 4 2 112 1 323 74 75 302
1713 4 2 112 1 370 67 66 959
1714 4 2 112 1 368 50 49 958
1715 4 2 112 1 67 311 66 959
1716 4 2 112 1 356 117 116 376
1717 4 2 112 1 106 348 107 958
1718 4 2 112 1 86 330 85 959
1719 4 2 112 1 368 106 107 958
1720 4 2 112 1 86 85 311 959
1721 4 2 112 1 225 320 68 958
1722 4 2 112 1 340 227 225 958
1723 4 2 112 1 381 380 124 959
1724 4 2 112 1 360 381 124 959
1725 4 2 112 1 228 320 225 958
1726 4 2 112 1 92 322 964 972
1727 4 2 112 1 91 963 321 972
1728 4 2 112 1 375 58 962 969
1729 4 2 112 1 315 962 58 969
1730 4 2 112 1 371 965 122 970
1731 4 2 112 1 103 351 965 970
1732 4 2 112 1 331 965 84 970
1733 4 2 112 1 96 962 335 969
1734 4 2 112 1 355 962 96 969
1735 4 2 112 1 106 226 359 958
1736 4 2 112 1 86 382 339 959
1737 4 2 112 1 65 310 965 970
1738 4 2 112 1 360 384 381 959
1739 4 2 112 1 341 963 91 972
1740 4 2 112 1 90 963 343 971
1741 4 2 112 1 92 964 344 972
1742 4 2 112 1 345 960 89 971
1743 4 2 112 1 343 963 109 971
1744 4 2 112 1 340 225 68 958
1745 4 2 112 1 108 960 345 971
1746 4 2 112 1 310 84 965 970
1747 4 2 112 1 315 77 962 969
1748 4 2 112 1 375 962 115 969
1749 4 2 112 1 65 965 371 970
1750 4 2 112 1 351 122 965 970
1751 4 2 112 1 103 965 331 970
1752 4 2 112 1 355 115 962 969
1753 4 2 112 1 335 962 77 969
1754 4 2 112 1 109 963 365 971
1755 4 2 112 1 73 964 322 972
1756 4 2 112 1 364 960 108 971
1757 4 2 112 1 321 963 72 972
1758 4 2 112 1 52 365 963 971
1759 4 2 112 1 364 51 960 971
1760 4 2 112 1 324 89 960 971
1761 4 2 112 1 73 304 964 972
1762 4 2 112 1 72 963 301 972
1763 4 2 112 1 90 325 963 971
1764 4 2 112 1 110 963 341 972
1765 4 2 112 1 344 964 111 972
1766 4 2 112 1 305 960 51 971
1767 4 2 112 1 52 963 303 971
1768 4 2 112 1 324 960 70 971
1769 4 2 112 1 71 963 325 971
1770 4 2 112 1 301 963 53 972
1771 4 2 112 1 54 964 304 972
1772 4 2 112 1 379 228 226 958
1773 4 2 112 1 382 319 383 959
1774 4 2 112 1 361 964 54 972
1775 4 2 112 1 362 53 963 972
1776 4 2 112 1 361 111 964 972
1777 4 2 112 1 110 362 963 972
1778 4 2 112 1 91 321 92 972
1779 4 2 112 1 322 92 321 972
1780 4 2 112 1 70 960 305 971
1781 4 2 112 1 226 227 359 958
1782 4 2 112 1 384 339 382 959
1783 4 2 112 1 225 1 68 320
1784 4 2 112 1 303 963 71 971
1785 4 2 112 1 341 91 92 972
1786 4 2 112 1 381 383 380 959
1787 4 2 112 1 340 227 17 225
1788 4 2 112 1 90 343 345 971
1789 4 2 112 1 226 106 379 958
1790 4 2 112 1 382 86 319 959
1791 4 2 112 1 109 345 343 971
1792 4 2 112 1 322 321 73 972
1793 4 2 112 1 108 345 109 971
1794 4 2 112 1 364 108 109 971
1795 4 2 112 1 340 87 227 958
1796 4 2 112 1 341 92 344 972
1797 4 2 112 1 345 89 90 971
1798 4 2 112 1 364 365 52 971
1799 4 2 112 1 364 109 365 971
1800 4 2 112 1 59 58 375 969
1801 4 2 112 1 59 315 58 969
1802 4 2 112 1 351 103 104 970
1803 4 2 112 1 85 331 84 970
1804 4 2 112 1 122 123 371 970
1805 4 2 112 1 96 335 97 969
1806 4 2 112 1 355 96 97 969
1807 4 2 112 1 66 310 65 970
1808 4 2 112 1 321 72 73 972
1809 4 2 112 1 85 84 310 970
1810 4 2 112 1 72 301 73 972
1811 4 2 112 1 315 78 77 969
1812 4 2 112 1 116 375 115 969
1813 4 2 112 1 371 66 65 970
1814 4 2 112 1 122 351 123 970
1815 4 2 112 1 103 331 104 970
1816 4 2 112 1 355 116 115 969
1817 4 2 112 1 78 335 77 969
1818 4 2 112 1 305 306 51 960
1819 4 2 112 1 341 344 111 972
1820 4 2 112 1 324 326 70 960
1821 4 2 112 1 89 324 90 971
1822 4 2 112 1 326 69 70 960
1823 4 2 112 1 369 58 57 962
1824 4 2 112 1 92 322 93 964
1825 4 2 112 1 361 55 54 964
1826 4 2 112 1 93 322 323 964
1827 4 2 112 1 55 361 363 964
1828 4 2 112 1 371 373 122 965
1829 4 2 112 1 103 351 352 965
1830 4 2 112 1 84 332 83 965
1831 4 2 112 1 332 84 331 965
1832 4 2 112 1 373 121 122 965
1833 4 2 112 1 352 102 103 965
1834 4 2 112 1 113 347 114 967
1835 4 2 112 1 367 57 56 967
1836 4 2 112 1 367 56 363 967
1837 4 2 112 1 369 375 58 962
1838 4 2 112 1 65 312 64 965
1839 4 2 112 1 94 327 95 967
1840 4 2 112 1 323 327 94 967
1841 4 2 112 1 120 121 372 966
1842 4 2 112 1 83 333 82 966
1843 4 2 112 1 353 101 102 966
1844 4 2 112 1 53 365 362 963
1845 4 2 112 1 53 52 365 963
1846 4 2 112 1 343 91 341 963
1847 4 2 112 1 343 90 91 963
1848 4 2 112 1 61 314 60 968
1849 4 2 112 1 314 316 60 968
1850 4 2 112 1 315 309 58 962
1851 4 2 112 1 357 99 100 961
1852 4 2 112 1 81 337 80 961
1853 4 2 112 1 58 309 57 962
1854 4 2 112 1 62 318 61 961
1855 4 2 112 1 114 349 115 962
1856 4 2 112 1 344 92 93 964
1857 4 2 112 1 113 342 347 967
1858 4 2 112 1 57 307 56 967
1859 4 2 112 1 366 364 51 960
1860 4 2 112 1 325 71 72 963
1861 4 2 112 1 53 303 52 963
1862 4 2 112 1 374 61 60 968
1863 4 2 112 1 376 374 60 968
1864 4 2 112 1 119 378 118 961
1865 4 2 112 1 313 317 63 966
1866 4 2 112 1 356 98 354 968
1867 4 2 112 1 310 312 65 965
1868 4 2 112 1 101 353 358 966
1869 4 2 112 1 333 338 82 966
1870 4 2 112 1 377 120 372 966
1871 4 2 112 1 318 62 317 961
1872 4 2 112 1 357 100 358 961
1873 4 2 112 1 337 81 338 961
1874 4 2 112 1 96 329 335 962
1875 4 2 112 1 79 334 336 968
1876 4 2 112 1 55 304 54 964
1877 4 2 112 1 95 329 96 962
1878 4 2 112 1 56 307 302 967
1879 4 2 112 1 53 301 303 963
1880 4 2 112 1 80 334 79 968
1881 4 2 112 1 55 302 304 964
1882 4 2 112 1 64 313 63 966
1883 4 2 112 1 354 98 99 968
1884 4 2 112 1 378 119 377 961
1885 4 2 112 1 51 306 50 960
1886 4 2 112 1 51 50 366 960
1887 4 2 112 1 342 112 344 964
1888 4 2 112 1 96 355 349 962
1889 4 2 112 1 321 91 325 963
1890 4 2 112 1 345 346 89 960
1891 4 2 112 1 305 70 306 960
1892 4 2 112 1 324 89 326 960
1893 4 2 112 1 107 346 108 960
1894 4 2 112 1 342 344 93 964
1895 4 2 112 1 115 349 355 962
1896 4 2 112 1 321 325 72 963
1897 4 2 112 1 69 306 70 960
1898 4 2 112 1 345 108 346 960
1899 4 2 112 1 76 77 329 962
1900 4 2 112 1 73 304 74 964
1901 4 2 112 1 98 334 99 968
1902 4 2 112 1 83 82 313 966
1903 4 2 112 1 74 304 302 964
1904 4 2 112 1 354 118 117 968
1905 4 2 112 1 52 51 364 971
1906 4 2 112 1 310 84 312 965
1907 4 2 112 1 358 353 120 966
1908 4 2 112 1 333 101 338 966
1909 4 2 112 1 377 372 63 966
1910 4 2 112 1 337 338 100 961
1911 4 2 112 1 357 358 119 961
1912 4 2 112 1 75 302 307 967
1913 4 2 112 1 72 303 301 963
1914 4 2 112 1 313 82 317 966
1915 4 2 112 1 356 354 117 968
1916 4 2 112 1 76 309 77 962
1917 4 2 112 1 75 307 76 967
1918 4 2 112 1 81 80 318 961
1919 4 2 112 1 71 303 72 963
1920 4 2 112 1 315 77 309 962
1921 4 2 112 1 369 114 115 962
1922 4 2 112 1 73 74 322 964
1923 4 2 112 1 361 111 112 964
1924 4 2 112 1 112 363 361 964
1925 4 2 112 1 74 323 322 964
1926 4 2 112 1 351 122 352 965
1927 4 2 112 1 122 121 352 965
1928 4 2 112 1 371 65 373 965
1929 4 2 112 1 332 331 103 965
1930 4 2 112 1 373 65 64 965
1931 4 2 112 1 102 332 103 965
1932 4 2 112 1 367 113 114 967
1933 4 2 112 1 347 94 95 967
1934 4 2 112 1 367 363 113 967
1935 4 2 112 1 369 115 375 962
1936 4 2 112 1 84 83 312 965
1937 4 2 112 1 327 75 76 967
1938 4 2 112 1 323 75 327 967
1939 4 2 112 1 372 64 63 966
1940 4 2 112 1 353 121 120 966
1941 4 2 112 1 101 333 102 966
1942 4 2 112 1 343 341 110 963
1943 4 2 112 1 109 343 110 963
1944 4 2 112 1 110 362 365 963
1945 4 2 112 1 109 110 365 963
1946 4 2 112 1 314 80 79 968
1947 4 2 112 1 314 79 316 968
1948 4 2 112 1 378 377 62 961
1949 4 2 112 1 99 337 100 961
1950 4 2 112 1 357 119 118 961
1951 4 2 112 1 318 317 81 961
1952 4 2 112 1 77 335 329 962
1953 4 2 112 1 98 336 334 968
1954 4 2 112 1 366 108 364 960
1955 4 2 112 1 349 95 96 962
1956 4 2 112 1 111 344 112 964
1957 4 2 112 1 94 347 342 967
1958 4 2 112 1 90 325 91 963
1959 4 2 112 1 118 374 117 968
1960 4 2 112 1 376 117 374 968
1961 4 2 112 1 378 62 61 961
1962 4 2 112 1 88 326 89 960
1963 4 2 112 1 346 88 89 960
1964 4 2 112 1 371 123 370 970
1965 4 2 112 1 350 351 104 970
1966 4 2 112 1 331 85 330 970
1967 4 2 112 1 59 375 376 969
1968 4 2 112 1 59 316 315 969
1969 4 2 112 1 311 310 66 970
1970 4 2 112 1 366 107 108 960
1971 4 2 112 1 356 355 97 969
1972 4 2 112 1 335 78 336 969
1973 4 2 112 1 73 301 304 972
1974 4 2 112 1 52 305 51 971
1975 4 2 112 1 381 12 124 380
1976 4 2 112 1 335 336 97 969
1977 4 2 112 1 325 90 324 971
1978 4 2 112 1 325 324 71 971
1979 4 2 112 1 54 304 301 972
1980 4 2 112 1 110 341 111 972
1981 4 2 112 1 311 85 310 970
1982 4 2 112 1 371 370 66 970
1983 4 2 112 1 123 351 350 970
1984 4 2 112 1 331 330 104 970
1985 4 2 112 1 78 315 316 969
1986 4 2 112 1 116 376 375 969
1987 4 2 112 1 356 116 355 969
1988 4 2 112 1 1 225 228 320
1989 4 2 112 1 105 384 360 959
1990 4 2 112 1 362 110 111 972
1991 4 2 112 1 226 379 19 228
1992 4 2 112 1 45 383 382 319
1993 4 2 112 1 303 305 52 971
1994 4 2 112 1 324 70 71 971
1995 4 2 112 1 54 301 53 972
1996 4 2 112 1 362 54 53 972
1997 4 2 112 1 54 362 361 972
1998 4 2 112 1 226 4 106 359
1999 4 2 112 1 382 10 86 339
2000 4 2 112 1 124 360 12 381
2001 4 2 112 1 384 382 381 959
2002 4 2 112 1 226 225 227 958
2003 4 2 112 1 111 361 362 972
2004 4 2 112 1 303 71 305 971
2005 4 2 112 1 70 305 71 971
2006 4 2 112 1 383 381 382 959
2007 4 2 112 1 226 228 225 958
2008 4 2 112 1 381 360 47 384
2009 4 2 112 1 49 228 379 958
2010 4 2 112 1 383 319 67 959
2011 4 2 112 1 340 1 68 225
2012 4 2 112 1 228 20 1 320
2013 4 2 112 1 379 4 106 226
2014 4 2 112 1 382 86 10 319
2015 4 2 112 1 359 227 87 958
2016 4 2 112 1 105 339 384 959
2017 4 2 112 1 67 380 383 959
2018 4 2 112 1 227 2 87 340
2019 4 2 112 1 380 381 12 383
2020 4 2 112 1 4 226 227 359
2021 4 2 112 1 10 382 384 339
2022 4 2 112 1 340 68 328 958
2023 4 2 112 1 360 124 350 959
2024 4 2 112 1 228 49 320 958
2025 4 2 112 1 105 360 350 959
2026 4 2 112 1 340 328 87 958
2027 4 2 112 1 360 47 12 381
2028 4 2 112 1 370 124 380 959
2029 4 2 112 1 379 49 3 228
2030 4 2 112 1 320 308 68 958
2031 4 2 112 1 227 17 2 340
2032 4 2 112 1 12 48 380 383
2033 4 2 112 1 382 10 45 319
2034 4 2 112 1 379 19 4 226
2035 4 2 112 1 320 49 308 958
2036 4 2 112 1 227 18 4 359
2037 4 2 112 1 384 46 10 339
2038 4 2 112 1 360 105 11 384
2039 4 2 112 1 370 380 67 959
2040 4 2 112 1 348 359 87 958
2041 4 2 112 1 330 339 105 959
2042 4 2 112 1 383 9 67 319
2043 4 2 112 1 348 106 359 958
2044 4 2 112 1 330 86 339 959
2045 4 2 112 1 3 19 379 228
2046 4 2 112 1 368 49 379 958
2047 4 2 112 1 67 319 311 959
2048 4 2 112 1 360 11 47 384
2049 4 2 112 1 340 17 1 225
2050 4 2 112 1 45 9 383 319
2051 4 2 112 1 86 311 319 959
2052 4 2 112 1 368 379 106 958
2053 4 2 112 1 227 87 2 359
2054 4 2 112 1 384 105 11 339
2055 4 2 112 1 380 9 67 383
2056 4 2 112 1 380 48 9 383
2057 4 2 112 1 384 11 46 339
2058 4 2 112 1 227 2 18 359
2059 4 2 112 1 228 49 3 320
2060 4 2 112 1 3 20 228 320
2061 4 2 112 1 328 960 326 88
2062 4 2 112 1 326 960 328 69
2063 4 2 112 1 308 960 306 69
2064 4 2 112 1 306 960 308 50
2065 4 2 112 1 960 348 346 88
2066 4 2 112 1 960 346 348 107
2067 4 2 112 1 960 368 366 107
2068 4 2 112 1 960 366 368 50
2069 4 2 112 1 958 69 68 328
2070 4 2 112 1 958 68 69 308
2071 4 2 112 1 959 123 124 350
2072 4 2 112 1 959 124 123 370
2073 4 2 112 1 958 88 87 348
2074 4 2 112 1 958 87 88 328
2075 4 2 111 2 744 1222 1074 1243
2076 4 2 111 2 619 1223 1073 1242
2077 4 2 111 2 428 1013 1041 1127
2078 4 2 111 2 782 992 783 1061
2079 4 2 111 2 69 1093 978 1288
2080 4 2 111 2 735 1001 996 1085
2081 4 2 111 2 652 1166 974 1305
2082 4 2 111 2 922 758 991 1139
2083 4 2 111 2 914 633 990 1140
2084 4 2 111 2 914 990 633 1173
2085 4 2 111 2 922 991 758 1174
2086 4 2 111 2 362 361 1156 1160
2087 4 2 111 2 282 292 984 1130
2088 4 2 111 2 324 992 980 1255
2089 4 2 111 2 652 974 1056 1305
2090 4 2 111 2 980 1058 816 1124
2091 4 2 111 2 997 533 1081 1134
2092 4 2 111 2 428 1041 1013 1122
2093 4 2 111 2 1044 774 1062 1102
2094 4 2 111 2 690 1074 1048 1243
2095 4 2 111 2 565 1073 1047 1242
2096 4 2 111 2 72 982 71 1090
2097 4 2 111 2 116 1018 376 1077
2098 4 2 111 2 978 69 1030 1093
2099 4 2 111 2 1018 376 1077 1167
2100 4 2 111 2 282 292 248 984
2101 4 2 111 2 72 71 980 1090
2102 4 2 111 2 710 1056 974 1285
2103 4 2 111 2 735 996 1001 1128
2104 4 2 111 2 523 1075 1018 1110
2105 4 2 111 2 1006 398 1071 1123
2106 4 2 111 2 523 1018 1075 1241
2107 4 2 111 2 998 1081 533 1134
2108 4 2 111 2 1050 1062 774 1102
2109 4 2 111 2 367 1053 1260 1318
2110 4 2 111 2 1012 399 1068 1122
2111 4 2 111 2 930 882 1029 1146
2112 4 2 111 2 1010 1071 398 1123
2113 4 2 111 2 1016 1156 361 1160
2114 4 2 111 2 1013 1068 399 1122
2115 4 2 111 2 290 985 281 1131
2116 4 2 111 2 980 1084 788 1272
2117 4 2 111 2 1006 1071 398 1207
2118 4 2 111 2 247 281 290 985
2119 4 2 111 2 72 1090 980 1210
2120 4 2 111 2 782 783 768 1061
2121 4 2 111 2 1062 1268 1050 1308
2122 4 2 111 2 515 198 1025 1077
2123 4 2 111 2 710 652 974 1056
2124 4 2 111 2 690 1048 1104 1243
2125 4 2 111 2 247 836 281 985
2126 4 2 111 2 281 985 836 1131
2127 4 2 111 2 930 1029 882 1126
2128 4 2 111 2 1012 1068 399 1221
2129 4 2 111 2 565 1047 1105 1242
2130 4 2 111 2 456 282 984 1130
2131 4 2 111 2 611 997 533 1081
2132 4 2 111 2 282 248 456 984
2133 4 2 111 2 69 1170 1093 1288
2134 4 2 111 2 399 1068 1013 1204
2135 4 2 111 2 390 1006 1070 1127
2136 4 2 111 2 318 1041 80 1059
2137 4 2 111 2 367 1260 1023 1318
2138 4 2 111 2 788 1084 980 1124
2139 4 2 111 2 390 1070 1013 1127
2140 4 2 111 2 72 980 71 1210
2141 4 2 111 2 367 1053 1049 1260
2142 4 2 111 2 980 1090 71 1198
2143 4 2 111 2 110 1032 983 1202
2144 4 2 111 2 122 121 1019 1243
2145 4 2 111 2 314 80 1041 1054
2146 4 2 111 2 1026 1042 767 1273
2147 4 2 111 2 398 1071 1010 1155
2148 4 2 111 2 65 64 1021 1242
2149 4 2 111 2 515 1018 1077 1109
2150 4 2 111 2 710 709 652 1056
2151 4 2 111 2 515 1077 1018 1241
2152 4 2 111 2 390 1070 1006 1207
2153 4 2 111 2 983 1056 647 1317
2154 4 2 111 2 221 1078 1020 1119
2155 4 2 111 2 515 1077 1025 1109
2156 4 2 111 2 833 1061 999 1085
2157 4 2 111 2 772 1103 1083 1287
2158 4 2 111 2 783 1061 992 1084
2159 4 2 111 2 1093 1170 69 1255
2160 4 2 111 2 1030 1093 69 1255
2161 4 2 111 2 390 1013 1070 1204
2162 4 2 111 2 992 1092 980 1255
2163 4 2 111 2 80 1059 1041 1091
2164 4 2 111 2 110 983 109 1202
2165 4 2 111 2 245 266 265 988
2166 4 2 111 2 246 274 273 987
2167 4 2 111 2 312 313 1097 1106
2168 4 2 111 2 816 980 788 1272
2169 4 2 111 2 221 703 1020 1078
2170 4 2 111 2 767 1026 824 1042
2171 4 2 111 2 80 1041 1054 1091
2172 4 2 111 2 284 246 581 1100
2173 4 2 111 2 318 80 81 1059
2174 4 2 111 2 1021 65 1223 1253
2175 4 2 111 2 1019 122 1222 1250
2176 4 2 111 2 281 836 875 1131
2177 4 2 111 2 324 980 1198 1255
2178 4 2 111 2 1027 1103 825 1287
2179 4 2 111 2 1171 1270 1094 1330
2180 4 2 111 2 229 1165 272 1311
2181 4 2 111 2 232 1166 280 1312
2182 4 2 111 2 266 265 988 1165
2183 4 2 111 2 53 1065 52 1263
2184 4 2 111 2 274 273 987 1166
2185 4 2 111 2 770 833 999 1085
2186 4 2 111 2 788 980 816 1124
2187 4 2 111 2 477 1044 1043 1168
2188 4 2 111 2 52 1263 1065 1296
2189 4 2 111 2 314 79 80 1054
2190 4 2 111 2 110 343 109 983
2191 4 2 111 2 456 499 282 1130
2192 4 2 111 2 72 303 71 982
2193 4 2 111 2 373 1019 1003 1250
2194 4 2 111 2 803 1103 1027 1136
2195 4 2 111 2 1114 1133 659 1317
2196 4 2 111 2 316 1036 78 1236
2197 4 2 111 2 997 362 1156 1160
2198 4 2 111 2 312 1021 1005 1253
2199 4 2 111 2 767 824 1026 1273
2200 4 2 111 2 221 1020 703 1119
2201 4 2 111 2 207 1069 988 1165
2202 4 2 111 2 1112 1134 534 1302
2203 4 2 111 2 394 1141 993 1291
2204 4 2 111 2 862 1028 1054 1091
2205 4 2 111 2 1058 1050 1268 1308
2206 4 2 111 2 50 1270 1171 1330
2207 4 2 111 2 690 744 1074 1243
2208 4 2 111 2 619 1073 565 1242
2209 4 2 111 2 759 983 647 1317
2210 4 2 111 2 328 985 979 1251
2211 4 2 111 2 735 996 736 1085
2212 4 2 111 2 316 1054 1036 1236
2213 4 2 111 2 997 1081 998 1134
2214 4 2 111 2 1041 1127 1013 1184
2215 4 2 111 2 122 1019 1222 1243
2216 4 2 111 2 367 1049 1053 1201
2217 4 2 111 2 65 1021 1223 1242
2218 4 2 111 2 853 1062 1050 1308
2219 4 2 111 2 914 915 990 1173
2220 4 2 111 2 923 991 922 1174
2221 4 2 111 2 772 825 1103 1287
2222 4 2 111 2 985 1251 328 1255
2223 4 2 111 2 361 362 1000 1160
2224 4 2 111 2 1011 1034 842 1190
2225 4 2 111 2 656 988 207 1069
2226 4 2 111 2 1026 807 1089 1103
2227 4 2 111 2 1018 1077 1109 1167
2228 4 2 111 2 922 991 923 1139
2229 4 2 111 2 914 990 915 1140
2230 4 2 111 2 343 1032 996 1277
2231 4 2 111 2 284 581 624 1100
2232 4 2 111 2 979 985 328 1145
2233 4 2 111 2 523 1075 1110 1213
2234 4 2 111 2 305 993 1137 1164
2235 4 2 111 2 611 533 997 1134
2236 4 2 111 2 1041 1059 318 1180
2237 4 2 111 2 798 1055 1031 1256
2238 4 2 111 2 99 98 1017 1027
2239 4 2 111 2 336 1136 1055 1248
2240 4 2 111 2 312 313 1106 1309
2241 4 2 111 2 376 1018 1039 1167
2242 4 2 111 2 1034 1089 807 1103
2243 4 2 111 2 848 816 980 1058
2244 4 2 111 2 513 193 194 1079
2245 4 2 111 2 376 1018 375 1039
2246 4 2 111 2 803 1028 1103 1136
2247 4 2 111 2 1043 1044 76 1142
2248 4 2 111 2 343 983 1032 1277
2249 4 2 111 2 744 1104 1004 1243
2250 4 2 111 2 611 533 583 1081
2251 4 2 111 2 314 1054 1041 1184
2252 4 2 111 2 656 988 1069 1114
2253 4 2 111 2 1137 1171 1094 1330
2254 4 2 111 2 619 1105 1003 1242
2255 4 2 111 2 316 1036 1054 1184
2256 4 2 111 2 523 195 196 1075
2257 4 2 111 2 244 259 262 1094
2258 4 2 111 2 1044 1099 76 1142
2259 4 2 111 2 1061 1069 768 1284
2260 4 2 111 2 772 1026 1083 1103
2261 4 2 111 2 373 1003 1019 1242
2262 4 2 111 2 647 1056 983 1265
2263 4 2 111 2 978 1030 69 1164
2264 4 2 111 2 1007 765 1082 1136
2265 4 2 111 2 221 222 703 1078
2266 4 2 111 2 246 987 581 1100
2267 4 2 111 2 987 1166 974 1312
2268 4 2 111 2 317 1045 1180 1252
2269 4 2 111 2 1031 1055 798 1200
2270 4 2 111 2 333 1298 338 1303
2271 4 2 111 2 979 985 1152 1251
2272 4 2 111 2 50 1171 1137 1330
2273 4 2 111 2 53 1065 1263 1269
2274 4 2 111 2 990 1003 571 1087
2275 4 2 111 2 696 991 1004 1086
2276 4 2 111 2 648 1234 1120 1337
2277 4 2 111 2 367 1049 1023 1260
2278 4 2 111 2 1120 1234 1169 1337
2279 4 2 111 2 1066 1133 1114 1317
2280 4 2 111 2 988 1165 979 1311
2281 4 2 111 2 338 1298 1089 1303
2282 4 2 111 2 72 1033 982 1090
2283 4 2 111 2 303 1033 995 1263
2284 4 2 111 2 170 1141 394 1291
2285 4 2 111 2 931 1029 930 1126
2286 4 2 111 2 54 1269 1002 1286
2287 4 2 111 2 985 1152 1251 1255
2288 4 2 111 2 477 1168 1043 1281
2289 4 2 111 2 930 1029 931 1146
2290 4 2 111 2 905 931 930 1126
2291 4 2 111 2 824 1042 1026 1089
2292 4 2 111 2 1064 1137 993 1164
2293 4 2 111 2 317 82 1045 1252
2294 4 2 111 2 1003 1223 65 1253
2295 4 2 111 2 1004 1222 122 1250
2296 4 2 111 2 523 1075 196 1241
2297 4 2 111 2 1059 1180 1045 1252
2298 4 2 111 2 1017 99 1027 1214
2299 4 2 111 2 1189 1063 1226 1229
2300 4 2 111 2 338 1089 1026 1303
2301 4 2 111 2 343 983 110 1032
2302 4 2 111 2 853 1050 1058 1308
2303 4 2 111 2 513 193 1079 1238
2304 4 2 111 2 367 1053 363 1201
2305 4 2 111 2 110 1081 1032 1202
2306 4 2 111 2 303 982 72 1033
2307 4 2 111 2 815 1011 842 1190
2308 4 2 111 2 690 1104 744 1243
2309 4 2 111 2 983 1066 345 1202
2310 4 2 111 2 1067 1134 1112 1302
2311 4 2 111 2 343 341 996 1032
2312 4 2 111 2 316 79 1054 1236
2313 4 2 111 2 428 1127 1041 1307
2314 4 2 111 2 75 1044 1062 1102
2315 4 2 111 2 303 982 1033 1263
2316 4 2 111 2 619 565 1105 1242
2317 4 2 111 2 993 1164 305 1263
2318 4 2 111 2 1070 1177 1039 1207
2319 4 2 111 2 713 1114 659 1317
2320 4 2 111 2 588 1112 534 1302
2321 4 2 111 2 774 1102 1044 1256
2322 4 2 111 2 1032 1081 983 1202
2323 4 2 111 2 303 301 995 1033
2324 4 2 111 2 978 1164 69 1323
2325 4 2 111 2 221 1042 1078 1119
2326 4 2 111 2 723 647 759 983
2327 4 2 111 2 1021 1223 1096 1253
2328 4 2 111 2 312 1005 1021 1106
2329 4 2 111 2 1019 1222 1095 1250
2330 4 2 111 2 523 1110 1023 1213
2331 4 2 111 2 1065 1263 1230 1296
2332 4 2 111 2 605 1060 1053 1233
2333 4 2 111 2 783 992 784 1084
2334 4 2 111 2 361 1016 1160 1286
2335 4 2 111 2 982 71 1090 1198
2336 4 2 111 2 744 1004 1222 1243
2337 4 2 111 2 424 1006 1127 1280
2338 4 2 111 2 1199 1226 1063 1229
2339 4 2 111 2 735 650 1001 1085
2340 4 2 111 2 619 1003 1223 1242
2341 4 2 111 2 710 714 1056 1285
2342 4 2 111 2 513 1079 1157 1238
2343 4 2 111 2 74 75 1062 1102
2344 4 2 111 2 1099 1168 764 1320
2345 4 2 111 2 1025 1077 198 1143
2346 4 2 111 2 1027 1082 765 1136
2347 4 2 111 2 1001 1085 733 1098
2348 4 2 111 2 345 1202 1066 1324
2349 4 2 111 2 1023 1110 1075 1213
2350 4 2 111 2 394 993 1182 1291
2351 4 2 111 2 581 1100 987 1112
2352 4 2 111 2 338 1034 1026 1089
2353 4 2 111 2 1003 1253 65 1315
2354 4 2 111 2 862 1054 1028 1320
2355 4 2 111 2 542 1053 1000 1160
2356 4 2 111 2 122 1004 1250 1316
2357 4 2 111 2 515 198 594 1025
2358 4 2 111 2 1045 1097 313 1106
2359 4 2 111 2 85 1063 330 1208
2360 4 2 111 2 980 992 324 1283
2361 4 2 111 2 619 565 1073 1223
2362 4 2 111 2 766 1091 1059 1190
2363 4 2 111 2 690 1074 744 1222
2364 4 2 111 2 367 363 1053 1318
2365 4 2 111 2 330 1208 1063 1313
2366 4 2 111 2 1034 1091 766 1190
2367 4 2 111 2 338 1034 1089 1252
2368 4 2 111 2 914 903 915 1173
2369 4 2 111 2 923 922 904 1174
2370 4 2 111 2 335 336 1055 1248
2371 4 2 111 2 1094 1267 527 1291
2372 4 2 111 2 995 1263 1065 1269
2373 4 2 111 2 515 197 1077 1241
2374 4 2 111 2 764 1168 1099 1256
2375 4 2 111 2 318 1059 81 1180
2376 4 2 111 2 376 116 375 1018
2377 4 2 111 2 1189 1199 1063 1229
2378 4 2 111 2 850 1007 1072 1200
2379 4 2 111 2 1027 1103 1028 1136
2380 4 2 111 2 1156 1238 1081 1258
2381 4 2 111 2 72 1058 1090 1210
2382 4 2 111 2 1050 1102 855 1135
2383 4 2 111 2 177 398 176 1071
2384 4 2 111 2 1057 1267 1094 1291
2385 4 2 111 2 79 316 1054 1184
2386 4 2 111 2 1003 1096 1223 1253
2387 4 2 111 2 121 1074 1019 1243
2388 4 2 111 2 1004 1095 1222 1250
2389 4 2 111 2 74 1102 1062 1268
2390 4 2 111 2 1120 1169 1024 1337
2391 4 2 111 2 198 515 197 1077
2392 4 2 111 2 714 1056 1285 1317
2393 4 2 111 2 64 1073 1021 1242
2394 4 2 111 2 97 1007 96 1008
2395 4 2 111 2 650 733 1001 1085
2396 4 2 111 2 75 1062 1044 1144
2397 4 2 111 2 905 930 882 1126
2398 4 2 111 2 983 1211 1032 1277
2399 4 2 111 2 79 1054 314 1184
2400 4 2 111 2 783 782 784 992
2401 4 2 111 2 656 653 207 988
2402 4 2 111 2 997 1000 362 1160
2403 4 2 111 2 522 1141 1057 1302
2404 4 2 111 2 1028 1055 336 1136
2405 4 2 111 2 770 210 833 1085
2406 4 2 111 2 122 1222 1004 1243
2407 4 2 111 2 703 1020 1078 1259
2408 4 2 111 2 687 1086 1004 1118
2409 4 2 111 2 562 1087 1003 1117
2410 4 2 111 2 437 1088 1005 1116
2411 4 2 111 2 65 1223 1003 1242
2412 4 2 111 2 330 1063 85 1313
2413 4 2 111 2 848 1058 980 1090
2414 4 2 111 2 110 1156 1081 1271
2415 4 2 111 2 743 1257 1048 1333
2416 4 2 111 2 1020 1042 102 1303
2417 4 2 111 2 1052 1204 1068 1220
2418 4 2 111 2 1045 1106 313 1309
2419 4 2 111 2 335 78 77 1236
2420 4 2 111 2 317 1180 81 1252
2421 4 2 111 2 1096 1253 1003 1315
2422 4 2 111 2 1095 1250 1004 1316
2423 4 2 111 2 1019 1117 1003 1250
2424 4 2 111 2 1032 1211 996 1277
2425 4 2 111 2 981 1141 634 1302
2426 4 2 111 2 973 1094 1057 1267
2427 4 2 111 2 211 733 1085 1098
2428 4 2 111 2 586 973 262 1175
2429 4 2 111 2 517 1176 1074 1222
2430 4 2 111 2 713 1066 1114 1317
2431 4 2 111 2 392 1179 1073 1223
2432 4 2 111 2 392 1073 1179 1221
2433 4 2 111 2 260 248 292 984
2434 4 2 111 2 221 1042 828 1078
2435 4 2 111 2 833 1061 783 1084
2436 4 2 111 2 1063 1208 986 1313
2437 4 2 111 2 1021 1116 1005 1253
2438 4 2 111 2 1028 1136 336 1248
2439 4 2 111 2 803 1103 1028 1262
2440 4 2 111 2 981 1067 364 1296
2441 4 2 111 2 1002 1269 1153 1286
2442 4 2 111 2 177 398 1071 1207
2443 4 2 111 2 78 1036 1037 1236
2444 4 2 111 2 710 714 709 1056
2445 4 2 111 2 615 1177 1052 1204
2446 4 2 111 2 245 988 706 1101
2447 4 2 111 2 652 1056 709 1305
2448 4 2 111 2 735 650 733 1001
2449 4 2 111 2 609 1039 1177 1207
2450 4 2 111 2 993 1141 1057 1291
2451 4 2 111 2 376 117 1077 1167
2452 4 2 111 2 312 1106 1021 1309
2453 4 2 111 2 764 1099 1055 1256
2454 4 2 111 2 523 195 1075 1213
2455 4 2 111 2 336 1055 1028 1236
2456 4 2 111 2 398 176 1071 1155
2457 4 2 111 2 81 1180 1059 1252
2458 4 2 111 2 833 783 861 1084
2459 4 2 111 2 913 989 1208 1278
2460 4 2 111 2 1055 1099 764 1320
2461 4 2 111 2 522 634 1141 1302
2462 4 2 111 2 992 1069 1061 1284
2463 4 2 111 2 84 1063 1005 1199
2464 4 2 111 2 1052 615 1204 1220
2465 4 2 111 2 424 1123 1006 1280
2466 4 2 111 2 98 1017 1027 1227
2467 4 2 111 2 252 247 290 985
2468 4 2 111 2 159 1054 160 1320
2469 4 2 111 2 517 202 1074 1333
2470 4 2 111 2 439 1088 437 1116
2471 4 2 111 2 564 1087 562 1117
2472 4 2 111 2 689 1086 687 1118
2473 4 2 111 2 1052 1113 556 1326
2474 4 2 111 2 183 392 182 1073
2475 4 2 111 2 462 1064 978 1130
2476 4 2 111 2 994 659 1114 1133
2477 4 2 111 2 973 527 1094 1267
2478 4 2 111 2 984 1064 457 1130
2479 4 2 111 2 85 989 1063 1208
2480 4 2 111 2 588 1067 1112 1302
2481 4 2 111 2 181 399 1068 1221
2482 4 2 111 2 1127 1184 1041 1307
2483 4 2 111 2 998 534 1112 1134
2484 4 2 111 2 1024 1051 347 1169
2485 4 2 111 2 843 1026 772 1103
2486 4 2 111 2 1037 1168 1099 1320
2487 4 2 111 2 1064 1164 993 1263
2488 4 2 111 2 276 246 1100 1312
2489 4 2 111 2 741 1004 991 1095
2490 4 2 111 2 616 1003 990 1096
2491 4 2 111 2 306 305 1137 1164
2492 4 2 111 2 1059 1091 766 1218
2493 4 2 111 2 181 399 180 1068
2494 4 2 111 2 392 182 1073 1221
2495 4 2 111 2 1030 1093 150 1158
2496 4 2 111 2 806 807 1034 1089
2497 4 2 111 2 987 974 1166 1305
2498 4 2 111 2 609 1163 1039 1207
2499 4 2 111 2 1099 1142 1044 1168
2500 4 2 111 2 54 1002 55 1286
2501 4 2 111 2 84 1005 1097 1199
2502 4 2 111 2 715 1119 1020 1275
2503 4 2 111 2 725 1008 1120 1234
2504 4 2 111 2 471 1006 398 1207
2505 4 2 111 2 316 78 79 1236
2506 4 2 111 2 1155 1163 1049 1233
2507 4 2 111 2 245 265 751 988
2508 4 2 111 2 246 273 626 987
2509 4 2 111 2 202 517 1074 1222
2510 4 2 111 2 349 347 1051 1169
2511 4 2 111 2 1049 1155 1071 1163
2512 4 2 111 2 248 984 260 1171
2513 4 2 111 2 248 1094 984 1171
2514 4 2 111 2 457 1064 498 1130
2515 4 2 111 2 1044 1142 1043 1168
2516 4 2 111 2 596 1018 523 1241
2517 4 2 111 2 533 1081 998 1265
2518 4 2 111 2 247 1093 985 1170
2519 4 2 111 2 341 996 1032 1335
2520 4 2 111 2 392 1073 183 1223
2521 4 2 111 2 517 1074 1176 1333
2522 4 2 111 2 247 985 252 1170
2523 4 2 111 2 751 988 265 1165
2524 4 2 111 2 1045 82 1097 1252
2525 4 2 111 2 78 1037 77 1236
2526 4 2 111 2 626 987 273 1166
2527 4 2 111 2 985 1092 881 1152
2528 4 2 111 2 703 1078 222 1259
2529 4 2 111 2 1003 1105 1019 1242
2530 4 2 111 2 180 1068 399 1204
2531 4 2 111 2 826 765 1007 1136
2532 4 2 111 2 995 1033 301 1332
2533 4 2 111 2 647 983 723 1265
2534 4 2 111 2 1048 1257 1076 1333
2535 4 2 111 2 1033 1209 995 1263
2536 4 2 111 2 982 1209 1033 1263
2537 4 2 111 2 1009 323 1050 1102
2538 4 2 111 2 102 1042 1020 1261
2539 4 2 111 2 617 990 571 1087
2540 4 2 111 2 696 742 991 1086
2541 4 2 111 2 855 1050 774 1102
2542 4 2 111 2 323 1102 1009 1225
2543 4 2 111 2 398 1006 475 1123
2544 4 2 111 2 390 178 1070 1207
2545 4 2 111 2 86 989 913 1151
2546 4 2 111 2 624 284 1100 1175
2547 4 2 111 2 987 1056 974 1305
2548 4 2 111 2 462 498 1064 1130
2549 4 2 111 2 583 1081 533 1265
2550 4 2 111 2 474 398 1010 1155
2551 4 2 111 2 627 262 973 1094
2552 4 2 111 2 421 1043 420 1123
2553 4 2 111 2 312 1097 1005 1106
2554 4 2 111 2 983 1081 723 1265
2555 4 2 111 2 462 498 506 1064
2556 4 2 111 2 721 1008 725 1234
2557 4 2 111 2 850 1007 846 1234
2558 4 2 111 2 806 1034 807 1103
2559 4 2 111 2 736 735 664 996
2560 4 2 111 2 914 633 903 1173
2561 4 2 111 2 904 922 758 1174
2562 4 2 111 2 86 913 989 1208
2563 4 2 111 2 78 1037 1036 1142
2564 4 2 111 2 584 1267 1057 1291
2565 4 2 111 2 735 736 650 1085
2566 4 2 111 2 1041 1091 1059 1218
2567 4 2 111 2 846 1007 765 1082
2568 4 2 111 2 656 653 988 1114
2569 4 2 111 2 1021 1179 453 1223
2570 4 2 111 2 428 470 1013 1127
2571 4 2 111 2 1007 1008 97 1248
2572 4 2 111 2 774 156 1044 1062
2573 4 2 111 2 466 1012 399 1221
2574 4 2 111 2 76 1044 1043 1144
2575 4 2 111 2 210 1061 833 1085
2576 4 2 111 2 770 833 861 999
2577 4 2 111 2 1019 1176 578 1222
2578 4 2 111 2 555 556 1052 1113
2579 4 2 111 2 120 1048 358 1076
2580 4 2 111 2 1041 1054 1091 1218
2581 4 2 111 2 390 178 179 1070
2582 4 2 111 2 800 1028 802 1136
2583 4 2 111 2 1061 1085 209 1246
2584 4 2 111 2 649 1083 1014 1121
2585 4 2 111 2 611 997 1081 1258
2586 4 2 111 2 424 475 1006 1123
2587 4 2 111 2 790 1050 1111 1124
2588 4 2 111 2 1026 1089 1034 1103
2589 4 2 111 2 723 1032 983 1211
2590 4 2 111 2 1066 1285 1056 1317
2591 4 2 111 2 735 664 996 1128
2592 4 2 111 2 96 1008 1007 1169
2593 4 2 111 2 983 1032 723 1081
2594 4 2 111 2 462 1064 506 1158
2595 4 2 111 2 766 1059 162 1190
2596 4 2 111 2 421 420 1043 1115
2597 4 2 111 2 598 981 1065 1141
2598 4 2 111 2 468 399 1012 1122
2599 4 2 111 2 1008 1082 640 1125
2600 4 2 111 2 745 1074 690 1222
2601 4 2 111 2 1020 102 1181 1303
2602 4 2 111 2 390 1006 471 1207
2603 4 2 111 2 620 1073 565 1223
2604 4 2 111 2 1044 1062 156 1349
2605 4 2 111 2 640 1082 1017 1125
2606 4 2 111 2 718 649 1014 1121
2607 4 2 111 2 786 816 788 1272
2608 4 2 111 2 556 554 555 1052
2609 4 2 111 2 995 1230 1065 1263
2610 4 2 111 2 66 65 1253 1315
2611 4 2 111 2 725 1120 648 1234
2612 4 2 111 2 1054 1236 1028 1320
2613 4 2 111 2 657 994 659 1114
2614 4 2 111 2 457 1064 984 1182
2615 4 2 111 2 425 1036 424 1127
2616 4 2 111 2 54 1000 1269 1286
2617 4 2 111 2 122 1250 123 1316
2618 4 2 111 2 398 471 475 1006
2619 4 2 111 2 450 428 1013 1122
2620 4 2 111 2 596 515 1018 1241
2621 4 2 111 2 364 1296 1067 1330
2622 4 2 111 2 846 1007 1082 1234
2623 4 2 111 2 170 1057 1141 1291
2624 4 2 111 2 452 1010 398 1123
2625 4 2 111 2 552 1039 551 1109
2626 4 2 111 2 845 1027 765 1136
2627 4 2 111 2 543 1157 1053 1160
2628 4 2 111 2 1017 1083 649 1121
2629 4 2 111 2 1003 1019 1105 1117
2630 4 2 111 2 331 85 1063 1313
2631 4 2 111 2 927 530 1139 1197
2632 4 2 111 2 405 1140 919 1195
2633 4 2 111 2 541 1157 543 1160
2634 4 2 111 2 527 1267 584 1291
2635 4 2 111 2 565 1220 1047 1221
2636 4 2 111 2 371 373 1003 1250
2637 4 2 111 2 792 790 1050 1111
2638 4 2 111 2 291 246 284 1100
2639 4 2 111 2 429 1041 428 1122
2640 4 2 111 2 399 1013 469 1204
2641 4 2 111 2 462 978 1064 1158
2642 4 2 111 2 1043 1115 420 1123
2643 4 2 111 2 207 988 206 1165
2644 4 2 111 2 551 552 550 1039
2645 4 2 111 2 532 998 534 1112
2646 4 2 111 2 1043 1044 477 1349
2647 4 2 111 2 470 390 1013 1127
2648 4 2 111 2 312 1005 310 1253
2649 4 2 111 2 598 1065 981 1186
2650 4 2 111 2 1005 1021 1106 1116
2651 4 2 111 2 424 1036 425 1280
2652 4 2 111 2 935 655 1146 1196
2653 4 2 111 2 720 640 1017 1125
2654 4 2 111 2 164 1189 1190 1327
2655 4 2 111 2 392 453 1179 1223
2656 4 2 111 2 980 1058 1124 1210
2657 4 2 111 2 517 578 1176 1222
2658 4 2 111 2 108 1202 345 1324
2659 4 2 111 2 390 1070 179 1204
2660 4 2 111 2 120 1074 1048 1076
2661 4 2 111 2 989 1080 1063 1208
2662 4 2 111 2 262 973 259 1175
2663 4 2 111 2 466 468 399 1012
2664 4 2 111 2 280 232 275 1166
2665 4 2 111 2 582 1100 581 1112
2666 4 2 111 2 649 716 718 1014
2667 4 2 111 2 210 209 1061 1085
2668 4 2 111 2 523 1018 596 1110
2669 4 2 111 2 390 469 1013 1204
2670 4 2 111 2 335 1055 336 1236
2671 4 2 111 2 450 428 470 1013
2672 4 2 111 2 807 1026 843 1103
2673 4 2 111 2 267 272 229 1165
2674 4 2 111 2 714 647 1056 1317
2675 4 2 111 2 91 1161 999 1283
2676 4 2 111 2 1004 1104 687 1118
2677 4 2 111 2 562 1003 1105 1117
2678 4 2 111 2 361 1160 1000 1286
2679 4 2 111 2 1005 1106 437 1116
2680 4 2 111 2 335 1055 1007 1248
2681 4 2 111 2 771 850 846 1234
2682 4 2 111 2 648 721 725 1234
2683 4 2 111 2 841 1026 824 1273
2684 4 2 111 2 935 975 932 1196
2685 4 2 111 2 784 1084 992 1272
2686 4 2 111 2 979 1165 1069 1284
2687 4 2 111 2 1074 1222 1019 1243
2688 4 2 111 2 988 1101 245 1311
2689 4 2 111 2 716 1014 649 1083
2690 4 2 111 2 247 877 985 1093
2691 4 2 111 2 1026 1083 1103 1214
2692 4 2 111 2 721 640 1008 1082
2693 4 2 111 2 1073 1223 1021 1242
2694 4 2 111 2 1019 1095 526 1117
2695 4 2 111 2 1021 1096 401 1116
2696 4 2 111 2 1057 1141 981 1302
2697 4 2 111 2 409 1132 1064 1182
2698 4 2 111 2 98 1227 1027 1248
2699 4 2 111 2 571 990 616 1003
2700 4 2 111 2 696 991 741 1004
2701 4 2 111 2 715 1020 1104 1275
2702 4 2 111 2 803 802 1028 1136
2703 4 2 111 2 523 599 1023 1110
2704 4 2 111 2 1018 1109 1039 1167
2705 4 2 111 2 451 424 1006 1127
2706 4 2 111 2 1020 651 1118 1259
2707 4 2 111 2 766 162 1059 1218
2708 4 2 111 2 248 501 984 1094
2709 4 2 111 2 758 654 991 1139
2710 4 2 111 2 633 529 990 1140
2711 4 2 111 2 815 1089 1011 1229
2712 4 2 111 2 80 81 1059 1091
2713 4 2 111 2 767 841 824 1273
2714 4 2 111 2 1063 1189 1005 1199
2715 4 2 111 2 1042 1089 824 1347
2716 4 2 111 2 588 1228 1067 1302
2717 4 2 111 2 450 1013 399 1122
2718 4 2 111 2 987 1100 246 1312
2719 4 2 111 2 736 1085 996 1246
2720 4 2 111 2 983 345 1066 1277
2721 4 2 111 2 469 470 390 1013
2722 4 2 111 2 998 1112 1067 1134
2723 4 2 111 2 424 1127 1036 1280
2724 4 2 111 2 816 1058 857 1124
2725 4 2 111 2 705 706 988 1114
2726 4 2 111 2 700 1017 649 1121
2727 4 2 111 2 594 1025 198 1143
2728 4 2 111 2 862 1091 1054 1218
2729 4 2 111 2 719 720 640 1017
2730 4 2 111 2 581 987 580 1112
2731 4 2 111 2 719 1017 640 1082
2732 4 2 111 2 770 1085 999 1098
2733 4 2 111 2 806 808 807 1089
2734 4 2 111 2 649 1017 719 1083
2735 4 2 111 2 633 990 529 1173
2736 4 2 111 2 758 991 654 1174
2737 4 2 111 2 251 241 1093 1292
2738 4 2 111 2 596 1018 515 1109
2739 4 2 111 2 990 1253 1096 1315
2740 4 2 111 2 991 1250 1095 1316
2741 4 2 111 2 398 452 474 1010
2742 4 2 111 2 375 1039 1018 1162
2743 4 2 111 2 1020 1119 1042 1303
2744 4 2 111 2 100 1026 1232 1303
2745 4 2 111 2 881 985 835 1092
2746 4 2 111 2 345 1066 994 1205
2747 4 2 111 2 466 1179 1012 1221
2748 4 2 111 2 1008 1227 97 1248
2749 4 2 111 2 116 376 117 1077
2750 4 2 111 2 652 188 1166 1305
2751 4 2 111 2 932 975 935 1146
2752 4 2 111 2 425 426 427 1127
2753 4 2 111 2 552 1177 1109 1340
2754 4 2 111 2 79 80 1054 1091
2755 4 2 111 2 667 666 1108 1128
2756 4 2 111 2 552 1039 1109 1177
2757 4 2 111 2 824 1026 807 1089
2758 4 2 111 2 994 1066 345 1277
2759 4 2 111 2 402 150 1093 1158
2760 4 2 111 2 994 1114 1066 1133
2761 4 2 111 2 324 326 992 1255
2762 4 2 111 2 629 1139 530 1197
2763 4 2 111 2 504 1140 405 1195
2764 4 2 111 2 519 1265 532 1305
2765 4 2 111 2 364 1067 998 1194
2766 4 2 111 2 792 793 1111 1135
2767 4 2 111 2 1011 1190 1189 1327
2768 4 2 111 2 766 1091 1034 1262
2769 4 2 111 2 1005 1189 1097 1199
2770 4 2 111 2 999 1210 91 1283
2771 4 2 111 2 1053 363 1201 1286
2772 4 2 111 2 513 599 1157 1213
2773 4 2 111 2 451 424 475 1006
2774 4 2 111 2 913 1208 908 1278
2775 4 2 111 2 667 666 668 1108
2776 4 2 111 2 796 1031 798 1200
2777 4 2 111 2 334 1027 1028 1248
2778 4 2 111 2 123 1216 991 1250
2779 4 2 111 2 800 1028 1136 1320
2780 4 2 111 2 897 1126 761 1264
2781 4 2 111 2 66 1217 990 1253
2782 4 2 111 2 624 239 284 1175
2783 4 2 111 2 999 1084 861 1124
2784 4 2 111 2 800 1136 1055 1320
2785 4 2 111 2 655 754 1146 1196
2786 4 2 111 2 519 532 531 1305
2787 4 2 111 2 245 706 283 1101
2788 4 2 111 2 935 932 936 1196
2789 4 2 111 2 924 928 927 1197
2790 4 2 111 2 916 920 919 1195
2791 4 2 111 2 981 364 1067 1271
2792 4 2 111 2 374 1167 1052 1191
2793 4 2 111 2 786 788 1084 1272
2794 4 2 111 2 399 450 469 1013
2795 4 2 111 2 451 1006 390 1127
2796 4 2 111 2 806 1034 808 1089
2797 4 2 111 2 701 1008 640 1125
2798 4 2 111 2 164 1189 873 1190
2799 4 2 111 2 1052 556 1220 1326
2800 4 2 111 2 232 275 1166 1185
2801 4 2 111 2 1025 1077 117 1167
2802 4 2 111 2 1015 1074 120 1076
2803 4 2 111 2 374 1025 1167 1191
2804 4 2 111 2 649 700 719 1017
2805 4 2 111 2 248 260 258 1171
2806 4 2 111 2 515 1025 594 1109
2807 4 2 111 2 1081 1156 1032 1238
2808 4 2 111 2 247 252 250 1170
2809 4 2 111 2 267 229 1145 1165
2810 4 2 111 2 74 323 1102 1268
2811 4 2 111 2 853 774 1050 1062
2812 4 2 111 2 700 720 1017 1321
2813 4 2 111 2 731 1024 702 1331
2814 4 2 111 2 706 1101 988 1114
2815 4 2 111 2 1153 1269 1000 1286
2816 4 2 111 2 594 1113 1025 1247
2817 4 2 111 2 473 1090 982 1209
2818 4 2 111 2 347 1051 1024 1183
2819 4 2 111 2 650 211 733 1085
2820 4 2 111 2 1100 1112 582 1228
2821 4 2 111 2 608 513 1157 1238
2822 4 2 111 2 679 1121 680 1257
2823 4 2 111 2 519 998 532 1265
2824 4 2 111 2 75 74 1062 1144
2825 4 2 111 2 608 1157 1016 1238
2826 4 2 111 2 1092 1198 980 1255
2827 4 2 111 2 577 1023 599 1110
2828 4 2 111 2 600 596 1018 1110
2829 4 2 111 2 907 913 908 1278
2830 4 2 111 2 974 1056 987 1324
2831 4 2 111 2 84 1005 1063 1314
2832 4 2 111 2 697 1020 651 1118
2833 4 2 111 2 572 1019 526 1117
2834 4 2 111 2 447 1021 401 1116
2835 4 2 111 2 873 1189 1011 1190
2836 4 2 111 2 466 392 1179 1221
2837 4 2 111 2 307 1010 1043 1294
2838 4 2 111 2 837 985 881 1152
2839 4 2 111 2 159 1306 1054 1320
2840 4 2 111 2 779 985 1093 1319
2841 4 2 111 2 119 1015 120 1076
2842 4 2 111 2 1023 1157 599 1213
2843 4 2 111 2 331 330 85 1313
2844 4 2 111 2 715 1020 697 1104
2845 4 2 111 2 861 789 860 999
2846 4 2 111 2 390 451 471 1006
2847 4 2 111 2 800 1136 799 1200
2848 4 2 111 2 640 701 721 1008
2849 4 2 111 2 846 826 765 1007
2850 4 2 111 2 596 576 1018 1109
2851 4 2 111 2 829 1009 763 1098
2852 4 2 111 2 1014 1232 1026 1303
2853 4 2 111 2 1038 1239 734 1241
2854 4 2 111 2 523 1023 599 1213
2855 4 2 111 2 160 1054 159 1306
2856 4 2 111 2 1025 1109 1077 1167
2857 4 2 111 2 627 244 262 1094
2858 4 2 111 2 734 1188 1038 1241
2859 4 2 111 2 743 1048 690 1333
2860 4 2 111 2 770 999 860 1098
2861 4 2 111 2 860 999 789 1124
2862 4 2 111 2 1066 1202 1056 1324
2863 4 2 111 2 840 1042 824 1347
2864 4 2 111 2 315 1036 1006 1142
2865 4 2 111 2 84 1063 85 1314
2866 4 2 111 2 307 1043 1010 1144
2867 4 2 111 2 409 993 1132 1182
2868 4 2 111 2 594 1025 595 1109
2869 4 2 111 2 772 844 825 1287
2870 4 2 111 2 679 1046 1121 1257
2871 4 2 111 2 564 562 563 1117
2872 4 2 111 2 689 687 688 1118
2873 4 2 111 2 438 439 437 1116
2874 4 2 111 2 1053 1160 1016 1286
2875 4 2 111 2 1056 1066 983 1202
2876 4 2 111 2 992 1251 1152 1255
2877 4 2 111 2 870 1078 1029 1259
2878 4 2 111 2 803 1028 802 1262
2879 4 2 111 2 604 1163 1155 1233
2880 4 2 111 2 803 1027 845 1136
2881 4 2 111 2 72 1058 1033 1090
2882 4 2 111 2 988 1069 979 1165
2883 4 2 111 2 408 409 407 993
2884 4 2 111 2 657 658 659 994
2885 4 2 111 2 262 259 263 1175
2886 4 2 111 2 409 407 993 1182
2887 4 2 111 2 245 266 988 1311
2888 4 2 111 2 246 274 987 1312
2889 4 2 111 2 828 1078 1042 1347
2890 4 2 111 2 210 209 1085 1246
2891 4 2 111 2 1061 1246 209 1325
2892 4 2 111 2 798 854 1055 1256
2893 4 2 111 2 703 651 1020 1259
2894 4 2 111 2 846 1082 216 1234
2895 4 2 111 2 362 1000 997 1224
2896 4 2 111 2 721 1082 1008 1234
2897 4 2 111 2 452 1115 1010 1123
2898 4 2 111 2 526 1019 578 1095
2899 4 2 111 2 453 401 1021 1096
2900 4 2 111 2 796 1031 1135 1256
2901 4 2 111 2 993 1230 1263 1296
2902 4 2 111 2 337 1214 1034 1297
2903 4 2 111 2 1052 1167 1025 1191
2904 4 2 111 2 844 1027 825 1287
2905 4 2 111 2 978 1093 402 1292
2906 4 2 111 2 998 1067 364 1271
2907 4 2 111 2 191 637 192 1238
2908 4 2 111 2 697 1104 1020 1118
2909 4 2 111 2 572 1105 1019 1117
2910 4 2 111 2 306 1164 1137 1323
2911 4 2 111 2 447 1106 1021 1116
2912 4 2 111 2 245 268 266 1311
2913 4 2 111 2 246 276 274 1312
2914 4 2 111 2 1024 1120 702 1331
2915 4 2 111 2 731 1108 1024 1331
2916 4 2 111 2 428 1041 429 1307
2917 4 2 111 2 361 1016 1286 1318
2918 4 2 111 2 705 1101 706 1114
2919 4 2 111 2 523 577 599 1110
2920 4 2 111 2 191 192 525 1258
2921 4 2 111 2 260 984 292 1171
2922 4 2 111 2 789 999 861 1124
2923 4 2 111 2 1009 1102 1050 1135
2924 4 2 111 2 1032 1237 1035 1238
2925 4 2 111 2 600 523 596 1110
2926 4 2 111 2 912 953 934 1208
2927 4 2 111 2 85 86 989 1208
2928 4 2 111 2 825 1027 803 1103
2929 4 2 111 2 692 1032 1035 1238
2930 4 2 111 2 897 949 1126 1264
2931 4 2 111 2 187 987 1166 1305
2932 4 2 111 2 1073 1179 1021 1223
2933 4 2 111 2 667 1108 1035 1128
2934 4 2 111 2 334 1028 336 1248
2935 4 2 111 2 452 420 1115 1123
2936 4 2 111 2 52 1065 1224 1296
2937 4 2 111 2 935 1146 975 1196
2938 4 2 111 2 430 429 428 1122
2939 4 2 111 2 1074 1176 1019 1222
2940 4 2 111 2 1017 1082 1027 1227
2941 4 2 111 2 720 1125 1017 1321
2942 4 2 111 2 1001 1108 704 1128
2943 4 2 111 2 792 1111 1050 1135
2944 4 2 111 2 409 993 408 1132
2945 4 2 111 2 659 994 658 1133
2946 4 2 111 2 719 1017 1082 1287
2947 4 2 111 2 546 547 1110 1260
2948 4 2 111 2 51 1296 364 1330
2949 4 2 111 2 100 1026 1214 1232
2950 4 2 111 2 824 843 807 1026
2951 4 2 111 2 354 1017 1187 1232
2952 4 2 111 2 534 532 533 998
2953 4 2 111 2 730 1238 1035 1279
2954 4 2 111 2 877 836 247 985
2955 4 2 111 2 985 1170 1093 1255
2956 4 2 111 2 611 997 535 1134
2957 4 2 111 2 354 1187 1046 1232
2958 4 2 111 2 1137 1164 1064 1323
2959 4 2 111 2 325 91 1210 1283
2960 4 2 111 2 719 1083 1017 1287
2961 4 2 111 2 860 1111 999 1124
2962 4 2 111 2 327 1031 329 1099
2963 4 2 111 2 855 1102 774 1256
2964 4 2 111 2 652 709 188 1305
2965 4 2 111 2 1009 1111 829 1135
2966 4 2 111 2 83 84 312 1097
2967 4 2 111 2 494 1005 1097 1106
2968 4 2 111 2 378 374 1052 1191
2969 4 2 111 2 679 680 681 1257
2970 4 2 111 2 822 1193 1078 1347
2971 4 2 111 2 307 1144 1010 1192
2972 4 2 111 2 927 1139 976 1197
2973 4 2 111 2 919 1140 977 1195
2974 4 2 111 2 394 1182 406 1291
2975 4 2 111 2 315 1142 1006 1294
2976 4 2 111 2 479 477 1043 1281
2977 4 2 111 2 524 1113 594 1247
2978 4 2 111 2 629 976 1139 1197
2979 4 2 111 2 504 977 1140 1195
2980 4 2 111 2 66 1253 990 1315
2981 4 2 111 2 1009 1102 1135 1225
2982 4 2 111 2 991 123 1250 1316
2983 4 2 111 2 703 651 697 1020
2984 4 2 111 2 572 578 526 1019
2985 4 2 111 2 453 401 447 1021
2986 4 2 111 2 331 1063 1022 1313
2987 4 2 111 2 1009 1050 323 1276
2988 4 2 111 2 735 1001 704 1128
2989 4 2 111 2 1053 1286 1016 1318
2990 4 2 111 2 869 1011 1189 1229
2991 4 2 111 2 1014 1083 1026 1232
2992 4 2 111 2 733 704 1001 1107
2993 4 2 111 2 828 822 1078 1347
2994 4 2 111 2 818 855 1102 1135
2995 4 2 111 2 422 421 420 1123
2996 4 2 111 2 991 1216 976 1250
2997 4 2 111 2 700 1017 1121 1321
2998 4 2 111 2 55 1002 1060 1286
2999 4 2 111 2 206 207 653 988
3000 4 2 111 2 426 425 424 1127
3001 4 2 111 2 611 535 533 1134
3002 4 2 111 2 275 294 279 1245
3003 4 2 111 2 990 1217 977 1253
3004 4 2 111 2 931 933 937 1147
3005 4 2 111 2 667 1108 668 1331
3006 4 2 111 2 513 194 599 1213
3007 4 2 111 2 341 343 110 1032
3008 4 2 111 2 825 845 803 1027
3009 4 2 111 2 328 979 87 1251
3010 4 2 111 2 731 1107 1024 1108
3011 4 2 111 2 252 985 290 1170
3012 4 2 111 2 975 1146 754 1196
3013 4 2 111 2 1051 1188 729 1213
3014 4 2 111 2 605 1000 567 1053
3015 4 2 111 2 716 1014 1083 1273
3016 4 2 111 2 498 457 463 1064
3017 4 2 111 2 248 501 456 984
3018 4 2 111 2 539 538 535 997
3019 4 2 111 2 334 1028 1027 1297
3020 4 2 111 2 520 1177 1070 1207
3021 4 2 111 2 575 1025 594 1113
3022 4 2 111 2 715 697 686 1104
3023 4 2 111 2 1001 1098 733 1107
3024 4 2 111 2 262 586 627 973
3025 4 2 111 2 800 1055 1136 1200
3026 4 2 111 2 248 258 1094 1171
3027 4 2 111 2 1007 1136 1082 1248
3028 4 2 111 2 853 1050 817 1058
3029 4 2 111 2 1119 1181 1020 1275
3030 4 2 111 2 198 1143 1077 1239
3031 4 2 111 2 1020 1181 1119 1303
3032 4 2 111 2 160 862 1054 1218
3033 4 2 111 2 1129 1209 1033 1342
3034 4 2 111 2 303 53 1263 1269
3035 4 2 111 2 301 303 72 1033
3036 4 2 111 2 247 250 1093 1170
3037 4 2 111 2 588 1112 1067 1228
3038 4 2 111 2 743 717 1048 1257
3039 4 2 111 2 770 211 1085 1098
3040 4 2 111 2 829 1009 1098 1111
3041 4 2 111 2 367 1023 1049 1344
3042 4 2 111 2 515 594 595 1109
3043 4 2 111 2 1025 1143 594 1247
3044 4 2 111 2 692 1035 1032 1128
3045 4 2 111 2 1011 1189 1097 1327
3046 4 2 111 2 357 118 1076 1328
3047 4 2 111 2 768 1069 1061 1325
3048 4 2 111 2 870 223 1078 1259
3049 4 2 111 2 837 835 881 985
3050 4 2 111 2 457 463 1064 1182
3051 4 2 111 2 291 1100 284 1175
3052 4 2 111 2 1028 1091 862 1262
3053 4 2 111 2 327 1031 1099 1102
3054 4 2 111 2 818 1135 1102 1256
3055 4 2 111 2 534 998 533 1134
3056 4 2 111 2 210 708 209 1246
3057 4 2 111 2 817 1058 1050 1124
3058 4 2 111 2 402 1093 978 1158
3059 4 2 111 2 1038 1125 675 1321
3060 4 2 111 2 1006 1036 315 1301
3061 4 2 111 2 482 1209 1129 1342
3062 4 2 111 2 74 323 75 1102
3063 4 2 111 2 210 209 833 1061
3064 4 2 111 2 979 1069 988 1251
3065 4 2 111 2 1081 1156 997 1271
3066 4 2 111 2 860 789 1111 1124
3067 4 2 111 2 567 1000 542 1053
3068 4 2 111 2 546 1110 1049 1260
3069 4 2 111 2 1093 1288 251 1292
3070 4 2 111 2 355 1159 1038 1227
3071 4 2 111 2 666 704 1108 1128
3072 4 2 111 2 827 850 1072 1200
3073 4 2 111 2 703 1020 715 1119
3074 4 2 111 2 996 1085 1001 1266
3075 4 2 111 2 1035 1108 667 1331
3076 4 2 111 2 365 110 109 1271
3077 4 2 111 2 772 1083 1026 1273
3078 4 2 111 2 789 861 1084 1124
3079 4 2 111 2 732 1128 1032 1211
3080 4 2 111 2 1094 1291 1137 1330
3081 4 2 111 2 596 515 576 1109
3082 4 2 111 2 1006 1123 1071 1294
3083 4 2 111 2 1036 1037 1236 1306
3084 4 2 111 2 1137 1291 1057 1330
3085 4 2 111 2 365 1156 110 1271
3086 4 2 111 2 675 1125 676 1321
3087 4 2 111 2 376 1039 1070 1167
3088 4 2 111 2 88 328 87 1251
3089 4 2 111 2 860 1098 999 1111
3090 4 2 111 2 977 1116 1088 1195
3091 4 2 111 2 975 1118 1086 1196
3092 4 2 111 2 976 1117 1087 1197
3093 4 2 111 2 204 991 654 1139
3094 4 2 111 2 185 990 529 1140
3095 4 2 111 2 369 1049 1071 1162
3096 4 2 111 2 1007 1082 1008 1248
3097 4 2 111 2 700 678 720 1321
3098 4 2 111 2 653 705 706 988
3099 4 2 111 2 581 528 580 987
3100 4 2 111 2 765 1082 1027 1287
3101 4 2 111 2 662 1285 1066 1317
3102 4 2 111 2 173 172 1065 1244
3103 4 2 111 2 433 1045 434 1106
3104 4 2 111 2 558 1047 559 1105
3105 4 2 111 2 425 1127 427 1307
3106 4 2 111 2 731 702 670 1331
3107 4 2 111 2 885 848 816 980
3108 4 2 111 2 110 1032 1081 1156
3109 4 2 111 2 52 1065 53 1224
3110 4 2 111 2 682 1257 1121 1275
3111 4 2 111 2 931 1147 937 1215
3112 4 2 111 2 656 1114 1069 1325
3113 4 2 111 2 204 1095 991 1139
3114 4 2 111 2 185 1096 990 1140
3115 4 2 111 2 1082 1136 1027 1248
3116 4 2 111 2 275 1185 294 1245
3117 4 2 111 2 818 794 855 1135
3118 4 2 111 2 580 987 528 1112
3119 4 2 111 2 69 978 308 1288
3120 4 2 111 2 634 566 598 981
3121 4 2 111 2 705 988 653 1114
3122 4 2 111 2 1046 1187 1017 1232
3123 4 2 111 2 704 1001 1107 1108
3124 4 2 111 2 1169 1234 1072 1337
3125 4 2 111 2 677 1038 675 1321
3126 4 2 111 2 389 1168 477 1281
3127 4 2 111 2 1094 1137 984 1171
3128 4 2 111 2 999 1161 1061 1283
3129 4 2 111 2 313 1045 82 1097
3130 4 2 111 2 1057 1067 981 1296
3131 4 2 111 2 778 1165 979 1284
3132 4 2 111 2 729 1051 1213 1279
3133 4 2 111 2 239 291 284 1175
3134 4 2 111 2 1051 1159 349 1169
3135 4 2 111 2 683 685 1048 1104
3136 4 2 111 2 558 560 1047 1105
3137 4 2 111 2 1068 1122 1013 1300
3138 4 2 111 2 1043 1168 1142 1281
3139 4 2 111 2 763 1098 1009 1107
3140 4 2 111 2 84 1005 312 1097
3141 4 2 111 2 366 1067 364 1194
3142 4 2 111 2 751 706 245 988
3143 4 2 111 2 246 626 581 987
3144 4 2 111 2 433 435 1045 1106
3145 4 2 111 2 571 617 616 990
3146 4 2 111 2 696 742 741 991
3147 4 2 111 2 615 612 1177 1204
3148 4 2 111 2 741 991 204 1095
3149 4 2 111 2 185 616 990 1096
3150 4 2 111 2 1045 1252 1097 1327
3151 4 2 111 2 605 567 1000 1153
3152 4 2 111 2 452 481 1010 1115
3153 4 2 111 2 1094 1057 1291 1330
3154 4 2 111 2 980 1124 1084 1210
3155 4 2 111 2 583 533 519 1265
3156 4 2 111 2 1020 1078 1042 1119
3157 4 2 111 2 686 688 687 1118
3158 4 2 111 2 562 561 563 1117
3159 4 2 111 2 436 438 437 1116
3160 4 2 111 2 459 1030 150 1158
3161 4 2 111 2 369 1071 1049 1201
3162 4 2 111 2 793 829 1111 1135
3163 4 2 111 2 1077 1239 1038 1241
3164 4 2 111 2 357 1076 1046 1328
3165 4 2 111 2 949 912 934 986
3166 4 2 111 2 848 980 885 1254
3167 4 2 111 2 1045 1059 1252 1327
3168 4 2 111 2 346 1066 345 1205
3169 4 2 111 2 258 257 248 1094
3170 4 2 111 2 529 185 616 990
3171 4 2 111 2 741 654 204 991
3172 4 2 111 2 535 1134 997 1186
3173 4 2 111 2 1042 1119 767 1273
3174 4 2 111 2 100 1232 1014 1303
3175 4 2 111 2 72 73 1033 1058
3176 4 2 111 2 764 1055 854 1256
3177 4 2 111 2 334 79 1028 1297
3178 4 2 111 2 767 824 840 1042
3179 4 2 111 2 260 292 261 1171
3180 4 2 111 2 358 1076 1048 1178
3181 4 2 111 2 55 1060 1002 1192
3182 4 2 111 2 842 1034 766 1190
3183 4 2 111 2 250 249 247 1093
3184 4 2 111 2 441 473 509 982
3185 4 2 111 2 1036 1236 1054 1306
3186 4 2 111 2 723 759 691 983
3187 4 2 111 2 524 575 594 1113
3188 4 2 111 2 1006 1070 1127 1301
3189 4 2 111 2 202 578 517 1222
3190 4 2 111 2 453 392 183 1223
3191 4 2 111 2 1088 1116 472 1195
3192 4 2 111 2 1086 1118 722 1196
3193 4 2 111 2 1087 1117 597 1197
3194 4 2 111 2 829 856 1009 1135
3195 4 2 111 2 79 1091 1028 1297
3196 4 2 111 2 492 1088 989 1334
3197 4 2 111 2 1022 1063 331 1199
3198 4 2 111 2 609 1177 520 1207
3199 4 2 111 2 91 999 1161 1266
3200 4 2 111 2 303 1263 995 1269
3201 4 2 111 2 706 749 283 1101
3202 4 2 111 2 321 91 999 1210
3203 4 2 111 2 325 71 980 1210
3204 4 2 111 2 835 1092 985 1319
3205 4 2 111 2 1082 1227 1008 1248
3206 4 2 111 2 611 1081 583 1258
3207 4 2 111 2 119 120 358 1076
3208 4 2 111 2 582 581 580 1112
3209 4 2 111 2 795 797 827 1031
3210 4 2 111 2 713 1114 1066 1285
3211 4 2 111 2 761 986 878 1264
3212 4 2 111 2 402 460 978 1292
3213 4 2 111 2 974 1166 711 1245
3214 4 2 111 2 92 999 91 1266
3215 4 2 111 2 376 1070 1039 1206
3216 4 2 111 2 1034 1059 1091 1190
3217 4 2 111 2 325 72 71 1210
3218 4 2 111 2 848 857 816 1058
3219 4 2 111 2 102 1020 103 1261
3220 4 2 111 2 357 1046 1076 1178
3221 4 2 111 2 880 885 816 980
3222 4 2 111 2 1052 1068 378 1154
3223 4 2 111 2 429 1122 430 1299
3224 4 2 111 2 858 829 763 1098
3225 4 2 111 2 355 1008 1159 1227
3226 4 2 111 2 980 1090 1058 1210
3227 4 2 111 2 584 522 1057 1267
3228 4 2 111 2 1017 1214 1027 1287
3229 4 2 111 2 995 1132 410 1230
3230 4 2 111 2 761 1126 986 1264
3231 4 2 111 2 321 91 92 999
3232 4 2 111 2 730 728 1035 1238
3233 4 2 111 2 99 334 98 1027
3234 4 2 111 2 173 1065 1153 1244
3235 4 2 111 2 1027 1227 1082 1248
3236 4 2 111 2 104 975 350 1215
3237 4 2 111 2 163 164 1190 1327
3238 4 2 111 2 1079 1157 1023 1213
3239 4 2 111 2 357 354 1046 1232
3240 4 2 111 2 434 1045 433 1350
3241 4 2 111 2 1142 1280 1006 1294
3242 4 2 111 2 1022 1226 1199 1229
3243 4 2 111 2 119 357 118 1076
3244 4 2 111 2 870 1029 882 1146
3245 4 2 111 2 1137 1171 50 1323
3246 4 2 111 2 1017 99 1214 1232
3247 4 2 111 2 199 594 1143 1247
3248 4 2 111 2 991 1095 1004 1316
3249 4 2 111 2 990 1096 1003 1315
3250 4 2 111 2 785 789 861 1084
3251 4 2 111 2 365 997 1156 1271
3252 4 2 111 2 697 686 1104 1118
3253 4 2 111 2 561 1105 572 1117
3254 4 2 111 2 447 436 1106 1116
3255 4 2 111 2 827 1200 1072 1293
3256 4 2 111 2 558 559 1047 1326
3257 4 2 111 2 1064 1132 993 1182
3258 4 2 111 2 1039 1206 1070 1207
3259 4 2 111 2 721 216 1082 1234
3260 4 2 111 2 825 843 772 1103
3261 4 2 111 2 994 1114 657 1325
3262 4 2 111 2 550 551 1039 1329
3263 4 2 111 2 174 1060 175 1274
3264 4 2 111 2 79 1091 1054 1236
3265 4 2 111 2 735 704 666 1128
3266 4 2 111 2 1052 1203 1068 1204
3267 4 2 111 2 355 1038 356 1227
3268 4 2 111 2 486 995 410 1230
3269 4 2 111 2 373 1242 1019 1304
3270 4 2 111 2 885 980 880 1254
3271 4 2 111 2 538 535 997 1186
3272 4 2 111 2 555 556 1113 1326
3273 4 2 111 2 482 1129 415 1342
3274 4 2 111 2 533 998 519 1265
3275 4 2 111 2 369 57 1071 1201
3276 4 2 111 2 555 1052 554 1340
3277 4 2 111 2 1026 1103 1034 1214
3278 4 2 111 2 1007 1055 335 1290
3279 4 2 111 2 795 1031 827 1293
3280 4 2 111 2 348 974 106 1324
3281 4 2 111 2 559 1176 1105 1326
3282 4 2 111 2 772 1026 841 1273
3283 4 2 111 2 83 84 1097 1199
3284 4 2 111 2 870 223 776 1078
3285 4 2 111 2 427 1127 428 1307
3286 4 2 111 2 778 979 1165 1338
3287 4 2 111 2 772 843 841 1026
3288 4 2 111 2 1055 1136 1007 1248
3289 4 2 111 2 909 913 907 1151
3290 4 2 111 2 917 921 915 1149
3291 4 2 111 2 929 923 925 1150
3292 4 2 111 2 713 662 1066 1317
3293 4 2 111 2 634 981 598 1141
3294 4 2 111 2 652 711 974 1166
3295 4 2 111 2 1078 1193 1022 1347
3296 4 2 111 2 79 1028 1091 1236
3297 4 2 111 2 683 685 1104 1275
3298 4 2 111 2 604 1049 1163 1233
3299 4 2 111 2 516 1068 1204 1220
3300 4 2 111 2 767 1042 221 1119
3301 4 2 111 2 187 1166 188 1305
3302 4 2 111 2 509 982 473 1235
3303 4 2 111 2 516 1204 615 1220
3304 4 2 111 2 1041 1122 429 1299
3305 4 2 111 2 882 1029 870 1126
3306 4 2 111 2 200 1247 1076 1333
3307 4 2 111 2 376 1167 1070 1203
3308 4 2 111 2 528 987 187 1305
3309 4 2 111 2 1063 1080 986 1208
3310 4 2 111 2 662 713 1066 1285
3311 4 2 111 2 986 1226 1063 1313
3312 4 2 111 2 817 1050 790 1124
3313 4 2 111 2 221 767 828 1042
3314 4 2 111 2 984 1171 1137 1323
3315 4 2 111 2 120 353 1048 1243
3316 4 2 111 2 559 1105 1047 1326
3317 4 2 111 2 92 999 1266 1276
3318 4 2 111 2 1051 1075 349 1159
3319 4 2 111 2 473 1033 1090 1209
3320 4 2 111 2 376 1070 60 1203
3321 4 2 111 2 433 434 435 1106
3322 4 2 111 2 541 579 1157 1160
3323 4 2 111 2 686 687 1104 1118
3324 4 2 111 2 562 1105 561 1117
3325 4 2 111 2 1036 1127 1006 1280
3326 4 2 111 2 1063 1080 866 1226
3327 4 2 111 2 683 1104 1048 1275
3328 4 2 111 2 847 878 986 1226
3329 4 2 111 2 1107 1225 1024 1249
3330 4 2 111 2 311 977 1217 1253
3331 4 2 111 2 976 1216 370 1250
3332 4 2 111 2 409 1064 463 1182
3333 4 2 111 2 436 437 1106 1116
3334 4 2 111 2 1075 1188 1051 1213
3335 4 2 111 2 378 1068 1052 1203
3336 4 2 111 2 558 559 560 1105
3337 4 2 111 2 992 1251 324 1283
3338 4 2 111 2 827 850 771 1072
3339 4 2 111 2 1016 1157 579 1160
3340 4 2 111 2 657 1114 656 1325
3341 4 2 111 2 292 984 1130 1171
3342 4 2 111 2 981 1224 1065 1296
3343 4 2 111 2 836 985 779 1319
3344 4 2 111 2 104 1029 1148 1215
3345 4 2 111 2 751 265 206 1165
3346 4 2 111 2 1012 1179 1073 1221
3347 4 2 111 2 59 1070 376 1206
3348 4 2 111 2 626 273 187 1166
3349 4 2 111 2 1036 1006 1142 1280
3350 4 2 111 2 552 550 1039 1177
3351 4 2 111 2 819 1055 764 1320
3352 4 2 111 2 311 1217 66 1253
3353 4 2 111 2 123 370 1216 1250
3354 4 2 111 2 369 1071 58 1206
3355 4 2 111 2 846 765 216 1082
3356 4 2 111 2 1011 1089 1034 1252
3357 4 2 111 2 369 1162 1071 1206
3358 4 2 111 2 909 1151 907 1278
3359 4 2 111 2 827 1031 1200 1293
3360 4 2 111 2 431 429 430 1299
3361 4 2 111 2 582 624 581 1100
3362 4 2 111 2 878 761 847 986
3363 4 2 111 2 827 1031 797 1200
3364 4 2 111 2 1022 1261 1078 1347
3365 4 2 111 2 425 1036 1127 1307
3366 4 2 111 2 324 325 71 980
3367 4 2 111 2 658 657 644 994
3368 4 2 111 2 407 394 408 993
3369 4 2 111 2 765 845 844 1027
3370 4 2 111 2 538 997 539 1186
3371 4 2 111 2 309 1043 76 1142
3372 4 2 111 2 76 1043 307 1144
3373 4 2 111 2 371 1250 1003 1315
3374 4 2 111 2 608 1016 579 1258
3375 4 2 111 2 289 245 283 1101
3376 4 2 111 2 714 759 647 1317
3377 4 2 111 2 221 828 222 1078
3378 4 2 111 2 765 1027 844 1287
3379 4 2 111 2 1038 1159 1008 1227
3380 4 2 111 2 441 473 982 1209
3381 4 2 111 2 415 1129 482 1209
3382 4 2 111 2 414 410 995 1209
3383 4 2 111 2 350 975 1148 1316
3384 4 2 111 2 414 995 486 1244
3385 4 2 111 2 358 120 353 1048
3386 4 2 111 2 869 815 1011 1229
3387 4 2 111 2 349 1075 1051 1212
3388 4 2 111 2 251 254 241 1292
3389 4 2 111 2 796 797 1031 1200
3390 4 2 111 2 78 1036 315 1142
3391 4 2 111 2 691 723 983 1211
3392 4 2 111 2 609 601 1163 1207
3393 4 2 111 2 414 1129 995 1244
3394 4 2 111 2 536 1134 566 1302
3395 4 2 111 2 982 1090 1033 1209
3396 4 2 111 2 877 779 985 1093
3397 4 2 111 2 660 996 664 1211
3398 4 2 111 2 212 733 1098 1107
3399 4 2 111 2 120 1048 1074 1243
3400 4 2 111 2 310 1253 1005 1314
3401 4 2 111 2 745 690 744 1222
3402 4 2 111 2 619 620 565 1223
3403 4 2 111 2 414 410 486 995
3404 4 2 111 2 329 335 1055 1290
3405 4 2 111 2 669 1035 667 1331
3406 4 2 111 2 317 82 313 1045
3407 4 2 111 2 630 566 634 1302
3408 4 2 111 2 551 1109 1039 1329
3409 4 2 111 2 882 780 905 1126
3410 4 2 111 2 800 859 802 1028
3411 4 2 111 2 566 981 634 1302
3412 4 2 111 2 679 1121 1046 1321
3413 4 2 111 2 1062 1102 1050 1268
3414 4 2 111 2 608 193 513 1238
3415 4 2 111 2 253 252 290 1170
3416 4 2 111 2 1080 1208 989 1278
3417 4 2 111 2 324 1283 1251 1336
3418 4 2 111 2 949 986 934 1147
3419 4 2 111 2 929 923 1150 1216
3420 4 2 111 2 921 915 1149 1217
3421 4 2 111 2 671 1120 1051 1331
3422 4 2 111 2 660 736 664 996
3423 4 2 111 2 309 307 76 1043
3424 4 2 111 2 394 406 170 1291
3425 4 2 111 2 1050 1102 323 1268
3426 4 2 111 2 595 1025 594 1340
3427 4 2 111 2 104 1148 975 1215
3428 4 2 111 2 989 85 1063 1314
3429 4 2 111 2 318 314 80 1041
3430 4 2 111 2 1071 1123 1010 1294
3431 4 2 111 2 334 1027 99 1214
3432 4 2 111 2 1005 1088 446 1334
3433 4 2 111 2 308 50 1171 1323
3434 4 2 111 2 672 1120 671 1331
3435 4 2 111 2 1004 1095 741 1222
3436 4 2 111 2 616 1003 1096 1223
3437 4 2 111 2 565 618 1220 1221
3438 4 2 111 2 1043 1115 1010 1144
3439 4 2 111 2 1059 1091 81 1252
3440 4 2 111 2 1115 1144 1043 1349
3441 4 2 111 2 434 1106 1045 1350
3442 4 2 111 2 393 1097 1005 1189
3443 4 2 111 2 555 1113 1052 1340
3444 4 2 111 2 321 999 92 1231
3445 4 2 111 2 1026 1042 1273 1303
3446 4 2 111 2 985 1131 290 1170
3447 4 2 111 2 589 634 522 1302
3448 4 2 111 2 950 936 932 1343
3449 4 2 111 2 1105 1176 1047 1326
3450 4 2 111 2 1098 1266 999 1276
3451 4 2 111 2 291 276 246 1100
3452 4 2 111 2 538 1134 535 1186
3453 4 2 111 2 582 624 1100 1175
3454 4 2 111 2 770 861 860 999
3455 4 2 111 2 556 554 1052 1220
3456 4 2 111 2 263 1270 296 1295
3457 4 2 111 2 1063 1226 1022 1313
3458 4 2 111 2 675 1038 677 1239
3459 4 2 111 2 792 791 790 1111
3460 4 2 111 2 916 951 920 1345
3461 4 2 111 2 928 924 952 1346
3462 4 2 111 2 263 259 296 1270
3463 4 2 111 2 665 1128 732 1211
3464 4 2 111 2 316 315 78 1036
3465 4 2 111 2 642 1119 715 1275
3466 4 2 111 2 1064 1132 982 1263
3467 4 2 111 2 329 1055 335 1099
3468 4 2 111 2 1010 1144 1115 1192
3469 4 2 111 2 485 1002 483 1339
3470 4 2 111 2 151 150 459 1030
3471 4 2 111 2 198 197 645 1077
3472 4 2 111 2 501 403 984 1094
3473 4 2 111 2 527 627 973 1094
3474 4 2 111 2 307 1043 309 1294
3475 4 2 111 2 598 981 566 1186
3476 4 2 111 2 1062 1144 74 1282
3477 4 2 111 2 751 206 988 1165
3478 4 2 111 2 533 532 519 998
3479 4 2 111 2 69 308 978 1323
3480 4 2 111 2 1055 1099 1031 1256
3481 4 2 111 2 1067 1296 1057 1330
3482 4 2 111 2 749 238 283 1101
3483 4 2 111 2 626 187 987 1166
3484 4 2 111 2 364 108 998 1202
3485 4 2 111 2 1042 1078 1020 1261
3486 4 2 111 2 908 1208 1080 1278
3487 4 2 111 2 646 194 193 1079
3488 4 2 111 2 303 53 52 1263
3489 4 2 111 2 120 1074 1015 1304
3490 4 2 111 2 1035 1238 1079 1279
3491 4 2 111 2 535 611 539 997
3492 4 2 111 2 680 1121 679 1321
3493 4 2 111 2 1012 1122 1068 1300
3494 4 2 111 2 54 1000 1224 1269
3495 4 2 111 2 305 1137 993 1296
3496 4 2 111 2 704 735 733 1001
3497 4 2 111 2 1020 1181 1104 1275
3498 4 2 111 2 196 195 639 1075
3499 4 2 111 2 1083 1214 1026 1232
3500 4 2 111 2 621 976 1095 1139
3501 4 2 111 2 496 977 1096 1140
3502 4 2 111 2 755 691 759 1317
3503 4 2 111 2 196 596 523 1241
3504 4 2 111 2 93 92 1001 1276
3505 4 2 111 2 1022 1193 813 1347
3506 4 2 111 2 1059 1190 1034 1252
3507 4 2 111 2 155 156 1062 1349
3508 4 2 111 2 1008 1007 1169 1234
3509 4 2 111 2 1037 1099 1055 1320
3510 4 2 111 2 815 808 1089 1229
3511 4 2 111 2 880 980 816 1272
3512 4 2 111 2 1071 1155 514 1163
3513 4 2 111 2 1251 1283 992 1336
3514 4 2 111 2 394 993 407 1182
3515 4 2 111 2 69 68 1170 1288
3516 4 2 111 2 75 76 1044 1102
3517 4 2 111 2 675 1125 1038 1310
3518 4 2 111 2 691 983 759 1317
3519 4 2 111 2 873 869 1011 1189
3520 4 2 111 2 1057 1094 973 1330
3521 4 2 111 2 986 1126 949 1264
3522 4 2 111 2 546 1049 548 1163
3523 4 2 111 2 267 229 293 1145
3524 4 2 111 2 212 1098 763 1107
3525 4 2 111 2 848 1090 980 1254
3526 4 2 111 2 325 980 324 1283
3527 4 2 111 2 106 974 348 1185
3528 4 2 111 2 1009 1225 1107 1249
3529 4 2 111 2 115 349 1075 1240
3530 4 2 111 2 1035 1079 342 1183
3531 4 2 111 2 1043 1123 421 1280
3532 4 2 111 2 150 1093 1030 1319
3533 4 2 111 2 100 1026 338 1214
3534 4 2 111 2 847 986 761 1126
3535 4 2 111 2 1055 1099 329 1290
3536 4 2 111 2 869 769 821 1189
3537 4 2 111 2 452 420 481 1115
3538 4 2 111 2 1035 1249 344 1335
3539 4 2 111 2 108 364 998 1194
3540 4 2 111 2 976 1095 991 1250
3541 4 2 111 2 648 214 1234 1337
3542 4 2 111 2 677 675 676 1321
3543 4 2 111 2 326 328 1251 1255
3544 4 2 111 2 897 941 761 1126
3545 4 2 111 2 529 616 617 990
3546 4 2 111 2 742 654 741 991
3547 4 2 111 2 977 1096 990 1253
3548 4 2 111 2 588 534 537 1302
3549 4 2 111 2 552 1109 551 1340
3550 4 2 111 2 403 984 1094 1291
3551 4 2 111 2 982 1164 1064 1263
3552 4 2 111 2 673 671 1051 1188
3553 4 2 111 2 978 1158 1030 1164
3554 4 2 111 2 980 880 1254 1272
3555 4 2 111 2 317 81 82 1252
3556 4 2 111 2 304 55 54 1002
3557 4 2 111 2 1024 1225 1107 1337
3558 4 2 111 2 92 344 93 1001
3559 4 2 111 2 1056 1202 983 1265
3560 4 2 111 2 604 514 1155 1163
3561 4 2 111 2 71 982 305 1164
3562 4 2 111 2 324 980 71 1198
3563 4 2 111 2 82 1011 83 1097
3564 4 2 111 2 821 1226 812 1229
3565 4 2 111 2 292 1130 1138 1171
3566 4 2 111 2 73 1033 1058 1268
3567 4 2 111 2 792 793 791 1111
3568 4 2 111 2 350 975 104 1148
3569 4 2 111 2 441 982 509 1341
3570 4 2 111 2 594 1025 575 1340
3571 4 2 111 2 1072 1200 1031 1293
3572 4 2 111 2 610 608 579 1258
3573 4 2 111 2 1049 1162 1110 1329
3574 4 2 111 2 1055 1136 1028 1320
3575 4 2 111 2 713 659 662 1317
3576 4 2 111 2 912 986 949 1264
3577 4 2 111 2 983 1202 1081 1265
3578 4 2 111 2 1026 1083 1014 1273
3579 4 2 111 2 96 1169 1007 1290
3580 4 2 111 2 474 1010 481 1274
3581 4 2 111 2 703 222 651 1259
3582 4 2 111 2 1013 1127 1070 1301
3583 4 2 111 2 92 1231 999 1276
3584 4 2 111 2 868 1011 815 1190
3585 4 2 111 2 982 1164 71 1198
3586 4 2 111 2 606 1023 577 1260
3587 4 2 111 2 541 579 543 1157
3588 4 2 111 2 1016 1157 1079 1238
3589 4 2 111 2 830 832 1152 1338
3590 4 2 111 2 596 576 600 1018
3591 4 2 111 2 683 684 685 1275
3592 4 2 111 2 1118 1148 975 1316
3593 4 2 111 2 716 699 718 1014
3594 4 2 111 2 591 574 593 1015
3595 4 2 111 2 847 986 1193 1226
3596 4 2 111 2 207 781 1069 1284
3597 4 2 111 2 798 1055 800 1200
3598 4 2 111 2 378 1154 1068 1219
3599 4 2 111 2 422 421 1123 1280
3600 4 2 111 2 248 257 501 1094
3601 4 2 111 2 1058 1050 1124 1231
3602 4 2 111 2 247 249 877 1093
3603 4 2 111 2 58 315 59 1006
3604 4 2 111 2 349 114 1075 1212
3605 4 2 111 2 1024 1120 1051 1169
3606 4 2 111 2 323 93 94 1009
3607 4 2 111 2 449 468 466 1012
3608 4 2 111 2 164 873 163 1190
3609 4 2 111 2 97 335 96 1007
3610 4 2 111 2 355 97 96 1008
3611 4 2 111 2 796 798 797 1200
3612 4 2 111 2 826 845 765 1136
3613 4 2 111 2 333 1011 82 1252
3614 4 2 111 2 462 978 460 1292
3615 4 2 111 2 577 606 599 1023
3616 4 2 111 2 702 731 724 1024
3617 4 2 111 2 992 1152 1092 1255
3618 4 2 111 2 931 1029 1147 1215
3619 4 2 111 2 547 548 1110 1329
3620 4 2 111 2 932 975 1146 1215
3621 4 2 111 2 782 838 784 992
3622 4 2 111 2 348 1289 88 1311
3623 4 2 111 2 1134 1186 566 1302
3624 4 2 111 2 394 993 1141 1230
3625 4 2 111 2 49 1171 50 1270
3626 4 2 111 2 768 1069 781 1284
3627 4 2 111 2 973 1094 1270 1330
3628 4 2 111 2 57 56 307 1010
3629 4 2 111 2 454 485 483 1339
3630 4 2 111 2 241 502 1093 1292
3631 4 2 111 2 1121 1257 1178 1275
3632 4 2 111 2 576 600 1018 1329
3633 4 2 111 2 89 324 1251 1336
3634 4 2 111 2 364 981 52 1271
3635 4 2 111 2 829 856 763 1009
3636 4 2 111 2 462 460 978 1158
3637 4 2 111 2 981 566 1186 1302
3638 4 2 111 2 591 1176 1015 1333
3639 4 2 111 2 527 973 585 1267
3640 4 2 111 2 1071 1155 1049 1201
3641 4 2 111 2 982 1090 473 1235
3642 4 2 111 2 992 980 1092 1272
3643 4 2 111 2 460 402 978 1158
3644 4 2 111 2 1056 974 1285 1324
3645 4 2 111 2 159 1037 1306 1320
3646 4 2 111 2 349 1159 1075 1240
3647 4 2 111 2 1003 1250 1117 1315
3648 4 2 111 2 709 714 647 1056
3649 4 2 111 2 718 1121 1014 1275
3650 4 2 111 2 88 1289 988 1311
3651 4 2 111 2 645 1077 197 1241
3652 4 2 111 2 52 981 364 1296
3653 4 2 111 2 595 594 575 1340
3654 4 2 111 2 434 1179 1106 1350
3655 4 2 111 2 87 979 328 1145
3656 4 2 111 2 52 981 365 1271
3657 4 2 111 2 528 1112 987 1305
3658 4 2 111 2 512 1000 1065 1186
3659 4 2 111 2 93 94 1009 1249
3660 4 2 111 2 567 542 1000 1160
3661 4 2 111 2 60 314 61 1013
3662 4 2 111 2 660 736 996 1246
3663 4 2 111 2 82 333 83 1011
3664 4 2 111 2 62 317 63 1012
3665 4 2 111 2 733 638 704 1107
3666 4 2 111 2 700 720 719 1017
3667 4 2 111 2 305 982 71 1263
3668 4 2 111 2 362 365 997 1156
3669 4 2 111 2 443 1115 1043 1349
3670 4 2 111 2 402 459 150 1158
3671 4 2 111 2 378 1068 62 1219
3672 4 2 111 2 342 1079 113 1183
3673 4 2 111 2 1131 1145 290 1170
3674 4 2 111 2 1027 1082 1017 1287
3675 4 2 111 2 232 294 275 1185
3676 4 2 111 2 483 1002 485 1244
3677 4 2 111 2 101 100 358 1014
3678 4 2 111 2 119 377 120 1015
3679 4 2 111 2 470 469 450 1013
3680 4 2 111 2 593 1015 574 1326
3681 4 2 111 2 623 1267 1228 1302
3682 4 2 111 2 799 798 800 1200
3683 4 2 111 2 1075 1110 1023 1344
3684 4 2 111 2 494 1005 393 1097
3685 4 2 111 2 692 1035 728 1238
3686 4 2 111 2 324 992 326 1251
3687 4 2 111 2 882 870 780 1126
3688 4 2 111 2 289 269 268 1311
3689 4 2 111 2 107 987 1312 1348
3690 4 2 111 2 199 594 198 1143
3691 4 2 111 2 213 1107 763 1337
3692 4 2 111 2 354 99 98 1017
3693 4 2 111 2 312 313 83 1097
3694 4 2 111 2 345 983 109 1277
3695 4 2 111 2 622 633 529 1173
3696 4 2 111 2 758 654 747 1174
3697 4 2 111 2 76 1099 1044 1102
3698 4 2 111 2 109 983 345 1202
3699 4 2 111 2 292 1138 261 1171
3700 4 2 111 2 342 344 1035 1249
3701 4 2 111 2 109 983 343 1277
3702 4 2 111 2 699 718 1014 1275
3703 4 2 111 2 364 1067 366 1330
3704 4 2 111 2 378 61 1068 1203
3705 4 2 111 2 303 71 982 1263
3706 4 2 111 2 1005 1253 1116 1314
3707 4 2 111 2 644 994 657 1325
3708 4 2 111 2 1017 1083 1214 1287
3709 4 2 111 2 307 57 1010 1294
3710 4 2 111 2 1034 1214 1103 1297
3711 4 2 111 2 894 938 386 1172
3712 4 2 111 2 940 636 896 1174
3713 4 2 111 2 511 895 939 1173
3714 4 2 111 2 343 996 341 1266
3715 4 2 111 2 107 1312 368 1348
3716 4 2 111 2 122 121 373 1019
3717 4 2 111 2 102 352 103 1020
3718 4 2 111 2 65 64 312 1021
3719 4 2 111 2 474 176 398 1155
3720 4 2 111 2 676 1125 675 1310
3721 4 2 111 2 342 1079 1035 1237
3722 4 2 111 2 449 468 1012 1350
3723 4 2 111 2 789 1084 785 1124
3724 4 2 111 2 345 1205 994 1336
3725 4 2 111 2 1034 1091 1059 1252
3726 4 2 111 2 118 1191 1076 1328
3727 4 2 111 2 596 197 515 1241
3728 4 2 111 2 112 1079 342 1237
3729 4 2 111 2 847 813 814 1226
3730 4 2 111 2 441 509 505 1341
3731 4 2 111 2 451 475 471 1006
3732 4 2 111 2 877 779 836 985
3733 4 2 111 2 846 850 826 1007
3734 4 2 111 2 721 701 725 1008
3735 4 2 111 2 803 802 804 1262
3736 4 2 111 2 428 429 427 1307
3737 4 2 111 2 578 1095 1019 1222
3738 4 2 111 2 453 1096 1021 1223
3739 4 2 111 2 459 151 1030 1235
3740 4 2 111 2 95 1024 347 1169
3741 4 2 111 2 809 824 1089 1347
3742 4 2 111 2 367 1023 113 1318
3743 4 2 111 2 481 474 452 1010
3744 4 2 111 2 312 65 1021 1253
3745 4 2 111 2 722 698 754 1118
3746 4 2 111 2 573 629 597 1117
3747 4 2 111 2 504 472 448 1116
3748 4 2 111 2 356 1038 1077 1187
3749 4 2 111 2 394 408 993 1230
3750 4 2 111 2 304 55 1002 1192
3751 4 2 111 2 764 819 854 1055
3752 4 2 111 2 122 1019 373 1250
3753 4 2 111 2 77 1037 78 1142
3754 4 2 111 2 356 1077 1038 1240
3755 4 2 111 2 1002 1153 1060 1286
3756 4 2 111 2 1107 1225 1009 1337
3757 4 2 111 2 1010 56 1192 1201
3758 4 2 111 2 64 312 1021 1309
3759 4 2 111 2 363 56 1201 1286
3760 4 2 111 2 373 1019 121 1304
3761 4 2 111 2 797 795 796 1031
3762 4 2 111 2 591 1015 593 1247
3763 4 2 111 2 303 995 301 1269
3764 4 2 111 2 584 589 522 1267
3765 4 2 111 2 604 1155 602 1233
3766 4 2 111 2 358 101 1014 1181
3767 4 2 111 2 884 842 766 1190
3768 4 2 111 2 658 994 644 1246
3769 4 2 111 2 620 183 182 1073
3770 4 2 111 2 305 51 1137 1296
3771 4 2 111 2 898 911 883 1080
3772 4 2 111 2 652 711 710 974
3773 4 2 111 2 818 1102 855 1256
3774 4 2 111 2 670 702 1120 1331
3775 4 2 111 2 795 796 1031 1135
3776 4 2 111 2 796 794 818 1135
3777 4 2 111 2 112 111 361 1016
3778 4 2 111 2 991 1150 923 1216
3779 4 2 111 2 990 1149 915 1217
3780 4 2 111 2 579 1016 608 1157
3781 4 2 111 2 677 1239 1038 1321
3782 4 2 111 2 485 1002 1129 1244
3783 4 2 111 2 1052 1177 1203 1204
3784 4 2 111 2 1047 1219 1073 1221
3785 4 2 111 2 669 667 668 1331
3786 4 2 111 2 774 155 156 1062
3787 4 2 111 2 1011 1097 82 1252
3788 4 2 111 2 806 807 805 1103
3789 4 2 111 2 1056 1285 1066 1324
3790 4 2 111 2 119 1076 118 1191
3791 4 2 111 2 982 1132 1064 1341
3792 4 2 111 2 361 1016 111 1156
3793 4 2 111 2 108 1194 998 1202
3794 4 2 111 2 981 1186 1134 1302
3795 4 2 111 2 338 1026 100 1303
3796 4 2 111 2 102 352 1020 1181
3797 4 2 111 2 1010 1115 481 1274
3798 4 2 111 2 992 1152 838 1272
3799 4 2 111 2 1039 1163 1206 1207
3800 4 2 111 2 983 1066 1056 1317
3801 4 2 111 2 697 715 703 1020
3802 4 2 111 2 123 124 991 1216
3803 4 2 111 2 66 67 990 1217
3804 4 2 111 2 307 1010 56 1192
3805 4 2 111 2 997 1160 539 1186
3806 4 2 111 2 645 198 1077 1239
3807 4 2 111 2 992 326 1251 1255
3808 4 2 111 2 76 75 1044 1144
3809 4 2 111 2 412 1064 409 1132
3810 4 2 111 2 734 726 1188 1241
3811 4 2 111 2 599 1023 606 1157
3812 4 2 111 2 115 375 116 1018
3813 4 2 111 2 103 1020 1148 1261
3814 4 2 111 2 443 421 1043 1115
3815 4 2 111 2 514 177 176 1071
3816 4 2 111 2 150 1030 151 1319
3817 4 2 111 2 826 1007 850 1200
3818 4 2 111 2 1026 1273 1014 1303
3819 4 2 111 2 554 1177 552 1340
3820 4 2 111 2 343 1161 996 1266
3821 4 2 111 2 847 814 878 1226
3822 4 2 111 2 981 1067 1057 1302
3823 4 2 111 2 365 981 52 1224
3824 4 2 111 2 858 770 860 1098
3825 4 2 111 2 367 114 113 1023
3826 4 2 111 2 94 347 95 1024
3827 4 2 111 2 912 934 986 1208
3828 4 2 111 2 847 1193 813 1226
3829 4 2 111 2 95 94 1024 1225
3830 4 2 111 2 462 506 460 1158
3831 4 2 111 2 449 1012 466 1179
3832 4 2 111 2 527 586 585 973
3833 4 2 111 2 365 981 1224 1271
3834 4 2 111 2 591 574 1015 1176
3835 4 2 111 2 1065 1141 981 1296
3836 4 2 111 2 866 1080 1063 1334
3837 4 2 111 2 758 205 654 1139
3838 4 2 111 2 633 186 529 1140
3839 4 2 111 2 52 1224 981 1296
3840 4 2 111 2 989 1314 1063 1334
3841 4 2 111 2 992 980 1272 1283
3842 4 2 111 2 1085 1161 999 1266
3843 4 2 111 2 456 501 403 984
3844 4 2 111 2 1000 1153 1065 1269
3845 4 2 111 2 92 1266 1001 1276
3846 4 2 111 2 480 1115 419 1349
3847 4 2 111 2 492 446 1088 1334
3848 4 2 111 2 743 1076 1257 1333
3849 4 2 111 2 855 853 774 1050
3850 4 2 111 2 193 646 1079 1238
3851 4 2 111 2 1049 1053 1201 1233
3852 4 2 111 2 69 1164 1030 1255
3853 4 2 111 2 411 1132 1209 1341
3854 4 2 111 2 485 1129 1002 1339
3855 4 2 111 2 117 374 118 1025
3856 4 2 111 2 703 715 642 1119
3857 4 2 111 2 492 989 1088 1172
3858 4 2 111 2 990 1087 617 1173
3859 4 2 111 2 742 991 1086 1174
3860 4 2 111 2 644 1246 994 1325
3861 4 2 111 2 336 334 79 1028
3862 4 2 111 2 588 532 534 1112
3863 4 2 111 2 345 1066 346 1324
3864 4 2 111 2 521 605 1060 1153
3865 4 2 111 2 745 743 690 1333
3866 4 2 111 2 251 1288 295 1292
3867 4 2 111 2 985 1093 1030 1255
3868 4 2 111 2 364 1202 998 1271
3869 4 2 111 2 784 992 838 1272
3870 4 2 111 2 978 1093 1030 1158
3871 4 2 111 2 657 659 713 1114
3872 4 2 111 2 73 1033 1268 1282
3873 4 2 111 2 700 1121 678 1321
3874 4 2 111 2 775 159 160 1320
3875 4 2 111 2 822 813 1193 1347
3876 4 2 111 2 725 1008 701 1310
3877 4 2 111 2 734 1239 645 1241
3878 4 2 111 2 605 567 542 1053
3879 4 2 111 2 103 1261 1148 1313
3880 4 2 111 2 103 1148 104 1313
3881 4 2 111 2 72 321 73 1058
3882 4 2 111 2 101 100 1014 1303
3883 4 2 111 2 536 566 1134 1186
3884 4 2 111 2 1053 1201 1060 1286
3885 4 2 111 2 462 1130 978 1292
3886 4 2 111 2 843 824 841 1026
3887 4 2 111 2 999 1085 1061 1161
3888 4 2 111 2 427 426 428 1127
3889 4 2 111 2 660 996 1133 1246
3890 4 2 111 2 1048 1076 1074 1333
3891 4 2 111 2 662 748 713 1285
3892 4 2 111 2 1015 1113 593 1247
3893 4 2 111 2 443 419 421 1115
3894 4 2 111 2 856 1009 1135 1293
3895 4 2 111 2 62 317 1012 1180
3896 4 2 111 2 482 1033 1209 1342
3897 4 2 111 2 322 323 1050 1276
3898 4 2 111 2 410 1132 995 1209
3899 4 2 111 2 314 1013 60 1184
3900 4 2 111 2 639 196 1075 1241
3901 4 2 111 2 754 975 746 1146
3902 4 2 111 2 685 690 1048 1104
3903 4 2 111 2 565 1047 560 1105
3904 4 2 111 2 1123 1006 1280 1294
3905 4 2 111 2 1064 1130 984 1323
3906 4 2 111 2 829 793 856 1135
3907 4 2 111 2 672 673 1120 1310
3908 4 2 111 2 59 60 376 1070
3909 4 2 111 2 660 1133 996 1211
3910 4 2 111 2 1148 1316 1118 1322
3911 4 2 111 2 58 369 57 1071
3912 4 2 111 2 711 710 974 1285
3913 4 2 111 2 480 1040 1115 1349
3914 4 2 111 2 978 1130 1064 1323
3915 4 2 111 2 485 1129 414 1244
3916 4 2 111 2 356 116 1077 1240
3917 4 2 111 2 782 838 992 1284
3918 4 2 111 2 1060 1192 56 1201
3919 4 2 111 2 440 1045 435 1106
3920 4 2 111 2 717 690 743 1048
3921 4 2 111 2 113 1183 1079 1212
3922 4 2 111 2 441 1209 982 1341
3923 4 2 111 2 813 811 812 1022
3924 4 2 111 2 711 974 1245 1285
3925 4 2 111 2 1001 1249 1035 1335
3926 4 2 111 2 1031 1099 1055 1290
3927 4 2 111 2 207 206 778 1165
3928 4 2 111 2 1052 1154 378 1191
3929 4 2 111 2 639 1075 195 1213
3930 4 2 111 2 1098 1249 1001 1276
3931 4 2 111 2 70 1164 69 1255
3932 4 2 111 2 179 178 520 1070
3933 4 2 111 2 554 1052 1177 1340
3934 4 2 111 2 516 181 180 1068
3935 4 2 111 2 456 403 455 984
3936 4 2 111 2 870 882 224 1146
3937 4 2 111 2 845 825 844 1027
3938 4 2 111 2 1065 1230 1141 1296
3939 4 2 111 2 790 817 792 1050
3940 4 2 111 2 253 290 1145 1170
3941 4 2 111 2 1063 1314 1005 1334
3942 4 2 111 2 859 1028 800 1320
3943 4 2 111 2 1107 1249 1098 1276
3944 4 2 111 2 993 1132 1064 1263
3945 4 2 111 2 355 97 1008 1227
3946 4 2 111 2 999 1098 1085 1266
3947 4 2 111 2 933 931 905 1126
3948 4 2 111 2 358 1014 1178 1181
3949 4 2 111 2 809 840 824 1347
3950 4 2 111 2 1028 1103 1027 1297
3951 4 2 111 2 210 770 211 1085
3952 4 2 111 2 169 527 584 1291
3953 4 2 111 2 716 1119 1014 1273
3954 4 2 111 2 763 1009 856 1293
3955 4 2 111 2 629 976 621 1139
3956 4 2 111 2 504 977 496 1140
3957 4 2 111 2 304 1192 1002 1332
3958 4 2 111 2 119 1015 1076 1191
3959 4 2 111 2 83 1011 333 1199
3960 4 2 111 2 187 652 188 1166
3961 4 2 111 2 685 690 683 1048
3962 4 2 111 2 565 558 560 1047
3963 4 2 111 2 56 1010 57 1201
3964 4 2 111 2 93 1001 344 1249
3965 4 2 111 2 936 1215 932 1343
3966 4 2 111 2 323 93 1009 1276
3967 4 2 111 2 684 1104 685 1275
3968 4 2 111 2 293 267 1145 1338
3969 4 2 111 2 591 517 1176 1333
3970 4 2 111 2 94 1024 1225 1249
3971 4 2 111 2 539 997 611 1258
3972 4 2 111 2 337 1034 338 1252
3973 4 2 111 2 587 973 1228 1267
3974 4 2 111 2 471 398 177 1207
3975 4 2 111 2 207 778 781 1284
3976 4 2 111 2 826 1136 1007 1200
3977 4 2 111 2 812 813 1022 1226
3978 4 2 111 2 337 100 338 1214
3979 4 2 111 2 315 59 1006 1301
3980 4 2 111 2 996 1128 664 1211
3981 4 2 111 2 1092 1254 880 1272
3982 4 2 111 2 777 1080 866 1334
3983 4 2 111 2 783 833 768 1061
3984 4 2 111 2 692 1032 732 1128
3985 4 2 111 2 435 440 433 1045
3986 4 2 111 2 494 1097 495 1327
3987 4 2 111 2 995 1129 414 1209
3988 4 2 111 2 347 1024 94 1183
3989 4 2 111 2 928 1216 924 1346
3990 4 2 111 2 916 920 1217 1345
3991 4 2 111 2 1065 1224 1000 1269
3992 4 2 111 2 1002 1274 483 1339
3993 4 2 111 2 459 1030 1158 1235
3994 4 2 111 2 107 348 106 1324
3995 4 2 111 2 1054 1091 1028 1236
3996 4 2 111 2 587 585 973 1267
3997 4 2 111 2 350 1148 351 1316
3998 4 2 111 2 58 1006 59 1206
3999 4 2 111 2 96 1007 335 1290
4000 4 2 111 2 812 1226 1022 1229
4001 4 2 111 2 1109 1177 1167 1340
4002 4 2 111 2 998 1081 997 1271
4003 4 2 111 2 335 1007 97 1248
4004 4 2 111 2 1010 1192 1060 1201
4005 4 2 111 2 100 358 1014 1232
4006 4 2 111 2 98 354 1017 1227
4007 4 2 111 2 412 1064 1132 1341
4008 4 2 111 2 815 873 869 1011
4009 4 2 111 2 682 683 1257 1275
4010 4 2 111 2 612 615 516 1204
4011 4 2 111 2 323 1009 94 1225
4012 4 2 111 2 328 1170 985 1255
4013 4 2 111 2 96 355 1008 1159
4014 4 2 111 2 606 1157 1023 1260
4015 4 2 111 2 745 1074 202 1333
4016 4 2 111 2 354 99 1017 1232
4017 4 2 111 2 365 362 997 1224
4018 4 2 111 2 973 1175 587 1228
4019 4 2 111 2 586 527 627 973
4020 4 2 111 2 98 1027 334 1248
4021 4 2 111 2 509 982 1235 1341
4022 4 2 111 2 119 377 1015 1154
4023 4 2 111 2 813 1193 1022 1226
4024 4 2 111 2 404 989 1172 1278
4025 4 2 111 2 973 368 1270 1295
4026 4 2 111 2 94 1225 1009 1249
4027 4 2 111 2 751 206 653 988
4028 4 2 111 2 626 187 528 987
4029 4 2 111 2 1008 1082 1007 1234
4030 4 2 111 2 994 658 1133 1246
4031 4 2 111 2 865 766 1034 1262
4032 4 2 111 2 1056 1194 987 1324
4033 4 2 111 2 474 1155 1010 1274
4034 4 2 111 2 600 1110 1018 1329
4035 4 2 111 2 1030 1093 985 1319
4036 4 2 111 2 315 1006 58 1294
4037 4 2 111 2 328 69 1170 1255
4038 4 2 111 2 1031 329 1099 1290
4039 4 2 111 2 620 1073 182 1221
4040 4 2 111 2 314 61 1013 1300
4041 4 2 111 2 60 1013 61 1203
4042 4 2 111 2 457 984 455 1182
4043 4 2 111 2 118 1025 374 1191
4044 4 2 111 2 1148 1261 1078 1313
4045 4 2 111 2 595 1109 1025 1340
4046 4 2 111 2 985 1145 1131 1170
4047 4 2 111 2 649 1083 719 1287
4048 4 2 111 2 517 201 202 1333
4049 4 2 111 2 1102 1135 1031 1256
4050 4 2 111 2 327 1099 76 1102
4051 4 2 111 2 746 1146 975 1259
4052 4 2 111 2 522 170 1057 1141
4053 4 2 111 2 903 917 915 1173
4054 4 2 111 2 925 923 904 1174
4055 4 2 111 2 1018 1110 1075 1344
4056 4 2 111 2 62 1012 63 1219
4057 4 2 111 2 998 1202 1081 1271
4058 4 2 111 2 1022 1193 1078 1261
4059 4 2 111 2 278 1166 275 1245
4060 4 2 111 2 993 408 1132 1230
4061 4 2 111 2 1049 1163 1162 1329
4062 4 2 111 2 1120 1159 1051 1169
4063 4 2 111 2 766 162 884 1190
4064 4 2 111 2 419 1115 443 1349
4065 4 2 111 2 1030 1254 151 1319
4066 4 2 111 2 443 1043 477 1349
4067 4 2 111 2 191 525 1081 1258
4068 4 2 111 2 105 1029 104 1215
4069 4 2 111 2 986 1080 1063 1226
4070 4 2 111 2 975 350 1215 1343
4071 4 2 111 2 822 776 1078 1193
4072 4 2 111 2 329 1031 327 1290
4073 4 2 111 2 175 1060 1155 1274
4074 4 2 111 2 795 1135 1031 1293
4075 4 2 111 2 1024 94 1183 1249
4076 4 2 111 2 721 216 640 1082
4077 4 2 111 2 512 1065 1000 1153
4078 4 2 111 2 375 1018 115 1162
4079 4 2 111 2 709 647 189 1056
4080 4 2 111 2 93 1001 1249 1276
4081 4 2 111 2 172 1141 1065 1230
4082 4 2 111 2 457 456 984 1130
4083 4 2 111 2 77 76 1099 1142
4084 4 2 111 2 1021 1073 64 1309
4085 4 2 111 2 410 1132 408 1230
4086 4 2 111 2 325 1210 980 1283
4087 4 2 111 2 987 1194 107 1324
4088 4 2 111 2 986 1226 878 1264
4089 4 2 111 2 1019 1074 121 1304
4090 4 2 111 2 69 308 68 1288
4091 4 2 111 2 984 1138 1130 1171
4092 4 2 111 2 63 1012 317 1309
4093 4 2 111 2 716 1083 219 1273
4094 4 2 111 2 1012 62 1180 1300
4095 4 2 111 2 370 1216 976 1346
4096 4 2 111 2 977 311 1217 1345
4097 4 2 111 2 333 338 101 1303
4098 4 2 111 2 1013 60 1184 1301
4099 4 2 111 2 278 752 1166 1245
4100 4 2 111 2 1001 344 1249 1335
4101 4 2 111 2 114 1023 367 1344
4102 4 2 111 2 837 1131 985 1152
4103 4 2 111 2 836 985 837 1131
4104 4 2 111 2 120 1015 377 1304
4105 4 2 111 2 550 1163 548 1329
4106 4 2 111 2 304 1040 1192 1332
4107 4 2 111 2 584 522 170 1057
4108 4 2 111 2 550 1039 1163 1329
4109 4 2 111 2 479 389 477 1281
4110 4 2 111 2 704 1107 638 1108
4111 4 2 111 2 806 842 808 1034
4112 4 2 111 2 1039 1167 1109 1177
4113 4 2 111 2 746 975 754 1259
4114 4 2 111 2 492 989 404 1334
4115 4 2 111 2 902 909 907 1278
4116 4 2 111 2 275 1166 974 1245
4117 4 2 111 2 1049 1201 1155 1233
4118 4 2 111 2 669 1279 1035 1331
4119 4 2 111 2 719 1082 640 1287
4120 4 2 111 2 1037 1142 1099 1168
4121 4 2 111 2 1098 1107 1001 1249
4122 4 2 111 2 812 1022 811 1347
4123 4 2 111 2 622 903 633 1173
4124 4 2 111 2 758 747 904 1174
4125 4 2 111 2 266 1165 988 1311
4126 4 2 111 2 852 774 156 1044
4127 4 2 111 2 333 82 338 1252
4128 4 2 111 2 81 337 338 1252
4129 4 2 111 2 868 815 842 1190
4130 4 2 111 2 642 715 699 1275
4131 4 2 111 2 336 1028 79 1236
4132 4 2 111 2 88 988 1205 1251
4133 4 2 111 2 466 399 181 1221
4134 4 2 111 2 975 1148 1029 1215
4135 4 2 111 2 116 115 1018 1240
4136 4 2 111 2 649 218 1083 1287
4137 4 2 111 2 274 1166 987 1312
4138 4 2 111 2 117 374 1025 1167
4139 4 2 111 2 796 1135 818 1256
4140 4 2 111 2 644 657 656 1325
4141 4 2 111 2 113 1023 114 1212
4142 4 2 111 2 682 1121 718 1275
4143 4 2 111 2 1015 119 1154 1191
4144 4 2 111 2 1086 1118 975 1316
4145 4 2 111 2 1106 1179 1045 1350
4146 4 2 111 2 502 402 1093 1292
4147 4 2 111 2 1019 1242 1105 1304
4148 4 2 111 2 813 811 1022 1347
4149 4 2 111 2 860 858 1098 1111
4150 4 2 111 2 768 208 1069 1325
4151 4 2 111 2 1001 1266 1098 1276
4152 4 2 111 2 873 815 868 1011
4153 4 2 111 2 275 974 1185 1245
4154 4 2 111 2 103 1020 352 1322
4155 4 2 111 2 367 369 1049 1201
4156 4 2 111 2 829 1098 858 1111
4157 4 2 111 2 327 1102 323 1225
4158 4 2 111 2 1057 1137 993 1291
4159 4 2 111 2 725 1120 1008 1310
4160 4 2 111 2 582 510 624 1175
4161 4 2 111 2 985 1255 1030 1319
4162 4 2 111 2 390 471 178 1207
4163 4 2 111 2 194 1079 646 1213
4164 4 2 111 2 593 1113 1015 1326
4165 4 2 111 2 112 1016 361 1318
4166 4 2 111 2 314 1184 1041 1300
4167 4 2 111 2 994 1277 345 1336
4168 4 2 111 2 50 368 1270 1330
4169 4 2 111 2 295 1288 1138 1292
4170 4 2 111 2 520 1070 178 1207
4171 4 2 111 2 304 1040 302 1192
4172 4 2 111 2 851 764 1168 1320
4173 4 2 111 2 982 1209 1132 1341
4174 4 2 111 2 468 1122 1012 1350
4175 4 2 111 2 1029 1148 1078 1313
4176 4 2 111 2 212 733 211 1098
4177 4 2 111 2 934 1147 986 1208
4178 4 2 111 2 314 1041 318 1300
4179 4 2 111 2 372 1219 63 1242
4180 4 2 111 2 51 364 366 1330
4181 4 2 111 2 645 1239 1077 1241
4182 4 2 111 2 1086 1196 1150 1343
4183 4 2 111 2 1009 1249 1107 1276
4184 4 2 111 2 333 1199 1011 1298
4185 4 2 111 2 840 828 1042 1347
4186 4 2 111 2 177 1071 514 1207
4187 4 2 111 2 871 883 911 1080
4188 4 2 111 2 371 373 65 1003
4189 4 2 111 2 362 110 365 1156
4190 4 2 111 2 362 361 111 1156
4191 4 2 111 2 454 483 1274 1339
4192 4 2 111 2 404 989 492 1172
4193 4 2 111 2 617 529 990 1173
4194 4 2 111 2 654 991 742 1174
4195 4 2 111 2 582 1175 1100 1228
4196 4 2 111 2 1088 1195 1151 1345
4197 4 2 111 2 1087 1197 1149 1346
4198 4 2 111 2 349 95 347 1169
4199 4 2 111 2 786 788 785 1084
4200 4 2 111 2 665 692 732 1128
4201 4 2 111 2 586 587 973 1175
4202 4 2 111 2 520 601 609 1207
4203 4 2 111 2 1032 1128 1035 1335
4204 4 2 111 2 805 807 843 1103
4205 4 2 111 2 345 89 1205 1336
4206 4 2 111 2 803 801 802 1136
4207 4 2 111 2 510 239 624 1175
4208 4 2 111 2 516 181 1068 1221
4209 4 2 111 2 973 1270 368 1330
4210 4 2 111 2 312 84 310 1005
4211 4 2 111 2 402 461 460 1292
4212 4 2 111 2 565 620 618 1221
4213 4 2 111 2 649 719 218 1287
4214 4 2 111 2 317 1180 1045 1309
4215 4 2 111 2 1052 1154 1113 1326
4216 4 2 111 2 902 1172 909 1278
4217 4 2 111 2 1023 1110 577 1260
4218 4 2 111 2 731 638 1107 1108
4219 4 2 111 2 512 1065 598 1186
4220 4 2 111 2 585 586 587 973
4221 4 2 111 2 781 768 208 1069
4222 4 2 111 2 691 1211 983 1317
4223 4 2 111 2 316 315 1036 1301
4224 4 2 111 2 669 730 667 1035
4225 4 2 111 2 1061 1069 992 1336
4226 4 2 111 2 313 317 1045 1309
4227 4 2 111 2 208 656 207 1069
4228 4 2 111 2 349 114 115 1075
4229 4 2 111 2 1086 975 1196 1343
4230 4 2 111 2 730 646 1238 1279
4231 4 2 111 2 93 1249 1009 1276
4232 4 2 111 2 321 1058 72 1210
4233 4 2 111 2 716 649 219 1083
4234 4 2 111 2 372 377 1047 1304
4235 4 2 111 2 788 816 857 1124
4236 4 2 111 2 118 117 1025 1328
4237 4 2 111 2 836 835 985 1319
4238 4 2 111 2 358 1178 1014 1232
4239 4 2 111 2 1088 977 1195 1345
4240 4 2 111 2 1087 976 1197 1346
4241 4 2 111 2 375 376 1039 1206
4242 4 2 111 2 417 1115 1040 1339
4243 4 2 111 2 377 1154 1047 1304
4244 4 2 111 2 640 1082 217 1287
4245 4 2 111 2 95 1024 1169 1225
4246 4 2 111 2 482 1033 473 1209
4247 4 2 111 2 111 1016 112 1237
4248 4 2 111 2 1072 1234 214 1337
4249 4 2 111 2 743 200 1076 1333
4250 4 2 111 2 1010 57 1201 1294
4251 4 2 111 2 358 1178 1048 1181
4252 4 2 111 2 812 1229 1022 1347
4253 4 2 111 2 873 1011 868 1190
4254 4 2 111 2 930 224 882 1146
4255 4 2 111 2 85 989 86 1314
4256 4 2 111 2 189 1056 647 1265
4257 4 2 111 2 67 66 990 1315
4258 4 2 111 2 123 991 124 1316
4259 4 2 111 2 514 1071 176 1155
4260 4 2 111 2 732 1032 723 1211
4261 4 2 111 2 354 1187 1017 1227
4262 4 2 111 2 923 1139 991 1216
4263 4 2 111 2 915 1140 990 1217
4264 4 2 111 2 378 61 62 1068
4265 4 2 111 2 523 599 195 1213
4266 4 2 111 2 1076 1143 641 1257
4267 4 2 111 2 1008 96 1159 1169
4268 4 2 111 2 1023 1079 113 1318
4269 4 2 111 2 60 1013 1203 1301
4270 4 2 111 2 378 1052 374 1203
4271 4 2 111 2 1031 1225 327 1290
4272 4 2 111 2 641 1076 200 1247
4273 4 2 111 2 979 985 1131 1152
4274 4 2 111 2 1053 1157 1016 1160
4275 4 2 111 2 516 1068 180 1204
4276 4 2 111 2 1029 1147 105 1313
4277 4 2 111 2 991 1095 976 1139
4278 4 2 111 2 990 1096 977 1140
4279 4 2 111 2 356 1187 1077 1328
4280 4 2 111 2 897 912 949 1264
4281 4 2 111 2 347 349 1051 1212
4282 4 2 111 2 975 1316 350 1343
4283 4 2 111 2 977 1314 311 1345
4284 4 2 111 2 88 87 348 1311
4285 4 2 111 2 107 106 368 1312
4286 4 2 111 2 399 469 180 1204
4287 4 2 111 2 1038 1188 675 1310
4288 4 2 111 2 117 356 1077 1328
4289 4 2 111 2 1025 1113 1052 1191
4290 4 2 111 2 512 173 172 1065
4291 4 2 111 2 495 1189 164 1327
4292 4 2 111 2 305 993 1263 1296
4293 4 2 111 2 1060 1201 56 1286
4294 4 2 111 2 650 1085 736 1246
4295 4 2 111 2 370 976 1315 1346
4296 4 2 111 2 56 1060 55 1192
4297 4 2 111 2 321 325 91 1210
4298 4 2 111 2 367 1049 369 1344
4299 4 2 111 2 372 1047 1219 1242
4300 4 2 111 2 608 1238 1016 1258
4301 4 2 111 2 660 664 663 1211
4302 4 2 111 2 1048 1257 683 1275
4303 4 2 111 2 740 1143 1046 1257
4304 4 2 111 2 1017 1214 1083 1232
4305 4 2 111 2 251 295 255 1292
4306 4 2 111 2 707 1114 713 1285
4307 4 2 111 2 1084 1272 980 1283
4308 4 2 111 2 756 714 1285 1317
4309 4 2 111 2 986 912 1208 1264
4310 4 2 111 2 978 1288 1093 1292
4311 4 2 111 2 1003 1117 1087 1315
4312 4 2 111 2 485 414 486 1244
4313 4 2 111 2 512 173 1065 1153
4314 4 2 111 2 240 282 499 1130
4315 4 2 111 2 486 410 408 1230
4316 4 2 111 2 361 362 54 1000
4317 4 2 111 2 414 413 410 1209
4318 4 2 111 2 1150 1196 926 1343
4319 4 2 111 2 862 1091 766 1262
4320 4 2 111 2 605 603 567 1153
4321 4 2 111 2 392 466 182 1221
4322 4 2 111 2 372 1047 377 1219
4323 4 2 111 2 192 1238 608 1258
4324 4 2 111 2 1151 1195 910 1345
4325 4 2 111 2 1149 1197 918 1346
4326 4 2 111 2 867 866 1080 1226
4327 4 2 111 2 115 1162 1018 1344
4328 4 2 111 2 707 1101 1114 1285
4329 4 2 111 2 53 54 1224 1269
4330 4 2 111 2 116 1018 1077 1240
4331 4 2 111 2 828 822 776 1078
4332 4 2 111 2 558 1047 1220 1326
4333 4 2 111 2 866 821 769 1189
4334 4 2 111 2 112 113 342 1079
4335 4 2 111 2 1027 1136 1028 1248
4336 4 2 111 2 179 1070 520 1204
4337 4 2 111 2 1077 1038 1240 1241
4338 4 2 111 2 543 544 542 1053
4339 4 2 111 2 364 109 1202 1271
4340 4 2 111 2 189 709 1056 1305
4341 4 2 111 2 1005 1116 1088 1314
4342 4 2 111 2 352 1020 1181 1322
4343 4 2 111 2 828 767 840 1042
4344 4 2 111 2 393 1189 1005 1334
4345 4 2 111 2 766 1091 862 1218
4346 4 2 111 2 558 1220 556 1326
4347 4 2 111 2 353 358 1048 1181
4348 4 2 111 2 1061 1084 999 1283
4349 4 2 111 2 327 329 76 1099
4350 4 2 111 2 719 640 217 1287
4351 4 2 111 2 343 996 1161 1277
4352 4 2 111 2 495 1097 1189 1327
4353 4 2 111 2 77 329 335 1099
4354 4 2 111 2 673 675 1188 1310
4355 4 2 111 2 875 237 281 1131
4356 4 2 111 2 1044 1168 157 1256
4357 4 2 111 2 692 728 1032 1238
4358 4 2 111 2 495 494 393 1097
4359 4 2 111 2 1047 1220 1219 1221
4360 4 2 111 2 867 866 777 1080
4361 4 2 111 2 865 766 842 1034
4362 4 2 111 2 1069 1114 994 1325
4363 4 2 111 2 119 1076 358 1178
4364 4 2 111 2 1046 1178 357 1232
4365 4 2 111 2 870 1126 1029 1193
4366 4 2 111 2 580 1112 528 1305
4367 4 2 111 2 238 749 635 1101
4368 4 2 111 2 1078 1261 1042 1347
4369 4 2 111 2 190 723 1081 1265
4370 4 2 111 2 1034 1103 806 1262
4371 4 2 111 2 898 1080 883 1278
4372 4 2 111 2 50 368 49 1270
4373 4 2 111 2 579 541 610 1160
4374 4 2 111 2 584 1057 170 1291
4375 4 2 111 2 1025 1113 575 1340
4376 4 2 111 2 1078 1148 1020 1261
4377 4 2 111 2 922 205 758 1139
4378 4 2 111 2 914 186 633 1140
4379 4 2 111 2 113 1079 1023 1212
4380 4 2 111 2 202 1074 745 1222
4381 4 2 111 2 306 69 1164 1323
4382 4 2 111 2 991 1139 976 1216
4383 4 2 111 2 990 1140 977 1217
4384 4 2 111 2 479 477 443 1043
4385 4 2 111 2 437 1005 494 1106
4386 4 2 111 2 149 249 241 1093
4387 4 2 111 2 710 756 714 1285
4388 4 2 111 2 926 1150 948 1196
4389 4 2 111 2 947 918 1149 1197
4390 4 2 111 2 910 1151 946 1195
4391 4 2 111 2 324 1198 70 1255
4392 4 2 111 2 1111 1124 1050 1231
4393 4 2 111 2 371 1003 65 1315
4394 4 2 111 2 351 1004 122 1316
4395 4 2 111 2 463 409 412 1064
4396 4 2 111 2 1062 1342 155 1349
4397 4 2 111 2 183 1073 620 1223
4398 4 2 111 2 821 812 869 1229
4399 4 2 111 2 687 1004 744 1104
4400 4 2 111 2 619 562 1003 1105
4401 4 2 111 2 1049 1233 546 1260
4402 4 2 111 2 356 1038 355 1240
4403 4 2 111 2 390 179 469 1204
4404 4 2 111 2 1060 1201 1053 1233
4405 4 2 111 2 800 802 801 1136
4406 4 2 111 2 357 1076 119 1178
4407 4 2 111 2 1225 1293 1009 1337
4408 4 2 111 2 937 893 105 1147
4409 4 2 111 2 62 1012 1219 1300
4410 4 2 111 2 169 1094 527 1291
4411 4 2 111 2 73 1058 321 1268
4412 4 2 111 2 308 978 1138 1288
4413 4 2 111 2 455 457 456 984
4414 4 2 111 2 1137 1182 993 1291
4415 4 2 111 2 244 168 257 1094
4416 4 2 111 2 172 1230 1065 1244
4417 4 2 111 2 902 906 508 1278
4418 4 2 111 2 875 836 837 1131
4419 4 2 111 2 331 1063 84 1199
4420 4 2 111 2 310 1005 84 1314
4421 4 2 111 2 117 1077 1025 1328
4422 4 2 111 2 104 1029 105 1313
4423 4 2 111 2 528 187 188 1305
4424 4 2 111 2 356 1038 1187 1227
4425 4 2 111 2 1042 1298 102 1303
4426 4 2 111 2 656 1069 208 1325
4427 4 2 111 2 539 1160 540 1186
4428 4 2 111 2 834 151 1254 1319
4429 4 2 111 2 729 1213 727 1279
4430 4 2 111 2 1067 981 1271 1302
4431 4 2 111 2 321 1210 999 1231
4432 4 2 111 2 283 238 289 1101
4433 4 2 111 2 639 729 1188 1213
4434 4 2 111 2 974 1166 275 1185
4435 4 2 111 2 982 305 1164 1263
4436 4 2 111 2 317 1012 1180 1309
4437 4 2 111 2 334 1027 1214 1297
4438 4 2 111 2 663 664 1128 1211
4439 4 2 111 2 514 602 604 1155
4440 4 2 111 2 637 1032 728 1238
4441 4 2 111 2 538 539 540 1186
4442 4 2 111 2 989 1151 86 1314
4443 4 2 111 2 1009 1107 1098 1276
4444 4 2 111 2 77 1099 1037 1142
4445 4 2 111 2 896 1174 636 1196
4446 4 2 111 2 511 895 1173 1197
4447 4 2 111 2 894 1172 386 1195
4448 4 2 111 2 872 837 881 1152
4449 4 2 111 2 343 91 1161 1266
4450 4 2 111 2 104 350 105 1215
4451 4 2 111 2 67 990 1149 1315
4452 4 2 111 2 991 1150 124 1316
4453 4 2 111 2 311 977 1253 1314
4454 4 2 111 2 203 526 578 1095
4455 4 2 111 2 453 184 401 1096
4456 4 2 111 2 54 1000 362 1224
4457 4 2 111 2 370 976 1250 1315
4458 4 2 111 2 981 1186 1065 1224
4459 4 2 111 2 203 1095 578 1222
4460 4 2 111 2 453 184 1096 1223
4461 4 2 111 2 115 1018 1240 1344
4462 4 2 111 2 123 370 124 1216
4463 4 2 111 2 311 67 66 1217
4464 4 2 111 2 404 1172 497 1278
4465 4 2 111 2 386 938 489 1172
4466 4 2 111 2 939 614 511 1173
4467 4 2 111 2 940 739 636 1174
4468 4 2 111 2 350 104 351 1148
4469 4 2 111 2 997 1134 998 1271
4470 4 2 111 2 715 1104 684 1275
4471 4 2 111 2 852 774 1044 1256
4472 4 2 111 2 267 1145 979 1165
4473 4 2 111 2 1074 1076 1015 1333
4474 4 2 111 2 762 1058 1090 1308
4475 4 2 111 2 957 934 953 1208
4476 4 2 111 2 342 1035 344 1237
4477 4 2 111 2 1134 1271 981 1302
4478 4 2 111 2 212 858 763 1098
4479 4 2 111 2 763 1293 849 1337
4480 4 2 111 2 174 1153 1060 1274
4481 4 2 111 2 1051 1159 1120 1310
4482 4 2 111 2 670 1120 672 1331
4483 4 2 111 2 333 102 1298 1303
4484 4 2 111 2 495 1097 393 1189
4485 4 2 111 2 583 1081 525 1258
4486 4 2 111 2 1228 1267 1067 1302
4487 4 2 111 2 576 1018 1109 1329
4488 4 2 111 2 1017 1121 1046 1232
4489 4 2 111 2 543 544 1053 1260
4490 4 2 111 2 826 799 1136 1200
4491 4 2 111 2 1001 1128 996 1266
4492 4 2 111 2 1010 1115 1043 1123
4493 4 2 111 2 1031 1135 1102 1225
4494 4 2 111 2 1003 1087 990 1315
4495 4 2 111 2 1004 1086 991 1316
4496 4 2 111 2 820 1028 862 1262
4497 4 2 111 2 539 1160 997 1258
4498 4 2 111 2 101 338 100 1303
4499 4 2 111 2 598 1065 172 1141
4500 4 2 111 2 751 653 706 988
4501 4 2 111 2 528 581 626 987
4502 4 2 111 2 1037 1168 158 1281
4503 4 2 111 2 692 730 728 1035
4504 4 2 111 2 1066 983 1277 1317
4505 4 2 111 2 1089 1298 1042 1303
4506 4 2 111 2 413 414 1129 1209
4507 4 2 111 2 787 838 1152 1272
4508 4 2 111 2 1008 1125 1038 1227
4509 4 2 111 2 683 1048 717 1257
4510 4 2 111 2 1153 1244 1065 1269
4511 4 2 111 2 352 122 1004 1243
4512 4 2 111 2 864 761 941 1126
4513 4 2 111 2 838 1152 992 1284
4514 4 2 111 2 65 1003 373 1242
4515 4 2 111 2 457 499 456 1130
4516 4 2 111 2 935 945 738 1196
4517 4 2 111 2 944 613 927 1197
4518 4 2 111 2 943 488 919 1195
4519 4 2 111 2 213 763 849 1337
4520 4 2 111 2 322 1050 323 1268
4521 4 2 111 2 985 1092 1152 1255
4522 4 2 111 2 586 262 285 1175
4523 4 2 111 2 314 1013 1184 1300
4524 4 2 111 2 817 853 855 1050
4525 4 2 111 2 83 1097 1011 1199
4526 4 2 111 2 1011 1199 1189 1229
4527 4 2 111 2 167 777 166 1278
4528 4 2 111 2 986 1126 847 1193
4529 4 2 111 2 734 675 677 1239
4530 4 2 111 2 544 546 1233 1260
4531 4 2 111 2 540 1160 1000 1186
4532 4 2 111 2 837 836 835 985
4533 4 2 111 2 982 1064 1164 1341
4534 4 2 111 2 1067 1271 1134 1302
4535 4 2 111 2 104 1148 1029 1313
4536 4 2 111 2 663 664 665 1128
4537 4 2 111 2 445 1041 1218 1307
4538 4 2 111 2 1158 1164 978 1323
4539 4 2 111 2 328 1145 985 1170
4540 4 2 111 2 521 175 174 1060
4541 4 2 111 2 63 1219 1073 1242
4542 4 2 111 2 536 566 630 1302
4543 4 2 111 2 984 1137 1094 1291
4544 4 2 111 2 570 615 612 1177
4545 4 2 111 2 1026 1089 1042 1303
4546 4 2 111 2 214 1072 771 1234
4547 4 2 111 2 931 1146 1029 1215
4548 4 2 111 2 1033 1058 1268 1308
4549 4 2 111 2 783 784 785 1084
4550 4 2 111 2 1035 1237 1079 1238
4551 4 2 111 2 851 1168 1037 1320
4552 4 2 111 2 101 1014 1181 1303
4553 4 2 111 2 171 1141 172 1230
4554 4 2 111 2 701 1008 1125 1310
4555 4 2 111 2 678 1121 680 1321
4556 4 2 111 2 1066 1277 1133 1317
4557 4 2 111 2 783 785 861 1084
4558 4 2 111 2 377 1015 1154 1304
4559 4 2 111 2 1015 1176 574 1326
4560 4 2 111 2 1052 1220 1154 1326
4561 4 2 111 2 879 1126 870 1193
4562 4 2 111 2 1062 1308 155 1342
4563 4 2 111 2 941 897 949 1126
4564 4 2 111 2 172 458 1230 1244
4565 4 2 111 2 88 1205 988 1289
4566 4 2 111 2 1008 1169 1120 1234
4567 4 2 111 2 707 713 748 1285
4568 4 2 111 2 979 1131 985 1145
4569 4 2 111 2 1084 1210 999 1283
4570 4 2 111 2 1133 1277 983 1317
4571 4 2 111 2 241 250 251 1093
4572 4 2 111 2 949 1126 986 1147
4573 4 2 111 2 1058 1231 321 1268
4574 4 2 111 2 108 1056 1202 1324
4575 4 2 111 2 785 1084 788 1124
4576 4 2 111 2 89 324 326 1251
4577 4 2 111 2 84 331 85 1063
4578 4 2 111 2 1040 1129 417 1339
4579 4 2 111 2 172 400 458 1244
4580 4 2 111 2 552 609 550 1177
4581 4 2 111 2 1051 1212 1075 1213
4582 4 2 111 2 766 161 162 1218
4583 4 2 111 2 415 413 414 1129
4584 4 2 111 2 162 1190 1059 1327
4585 4 2 111 2 767 1119 220 1273
4586 4 2 111 2 567 540 542 1160
4587 4 2 111 2 273 242 187 1166
4588 4 2 111 2 668 666 704 1108
4589 4 2 111 2 1010 1123 1043 1294
4590 4 2 111 2 1012 1179 449 1350
4591 4 2 111 2 994 1133 1066 1277
4592 4 2 111 2 711 1166 752 1245
4593 4 2 111 2 265 243 206 1165
4594 4 2 111 2 258 259 244 1094
4595 4 2 111 2 302 74 1144 1282
4596 4 2 111 2 267 1165 979 1338
4597 4 2 111 2 150 151 834 1319
4598 4 2 111 2 667 1035 692 1128
4599 4 2 111 2 832 830 831 1338
4600 4 2 111 2 860 829 858 1111
4601 4 2 111 2 768 781 782 1284
4602 4 2 111 2 979 1145 267 1338
4603 4 2 111 2 998 1134 1067 1271
4604 4 2 111 2 902 508 497 1278
4605 4 2 111 2 639 1188 1075 1213
4606 4 2 111 2 995 1230 486 1244
4607 4 2 111 2 287 237 874 1338
4608 4 2 111 2 661 1211 691 1317
4609 4 2 111 2 108 345 346 1324
4610 4 2 111 2 302 1040 304 1282
4611 4 2 111 2 343 341 91 1266
4612 4 2 111 2 158 1037 851 1168
4613 4 2 111 2 295 1138 255 1292
4614 4 2 111 2 474 175 1155 1274
4615 4 2 111 2 992 1084 1061 1283
4616 4 2 111 2 833 209 768 1061
4617 4 2 111 2 483 1153 1002 1244
4618 4 2 111 2 1046 1143 1076 1257
4619 4 2 111 2 1041 1184 1013 1300
4620 4 2 111 2 1002 1192 1040 1332
4621 4 2 111 2 1006 59 1206 1301
4622 4 2 111 2 592 565 618 1220
4623 4 2 111 2 723 1032 637 1081
4624 4 2 111 2 1121 1178 1014 1275
4625 4 2 111 2 762 1058 848 1090
4626 4 2 111 2 327 1031 1102 1225
4627 4 2 111 2 604 546 548 1163
4628 4 2 111 2 117 356 116 1077
4629 4 2 111 2 86 913 890 1151
4630 4 2 111 2 67 921 892 1149
4631 4 2 111 2 124 929 891 1150
4632 4 2 111 2 973 368 1295 1348
4633 4 2 111 2 1040 1144 1115 1349
4634 4 2 111 2 605 542 544 1053
4635 4 2 111 2 730 646 728 1238
4636 4 2 111 2 157 852 156 1044
4637 4 2 111 2 365 1224 997 1271
4638 4 2 111 2 755 661 691 1317
4639 4 2 111 2 241 254 502 1292
4640 4 2 111 2 604 1049 546 1163
4641 4 2 111 2 1119 1273 1042 1303
4642 4 2 111 2 791 790 1111 1124
4643 4 2 111 2 108 1056 1194 1202
4644 4 2 111 2 800 801 799 1136
4645 4 2 111 2 107 1194 987 1348
4646 4 2 111 2 303 301 53 1269
4647 4 2 111 2 157 1044 477 1168
4648 4 2 111 2 306 305 51 1137
4649 4 2 111 2 707 1101 705 1114
4650 4 2 111 2 161 766 862 1218
4651 4 2 111 2 155 1062 853 1308
4652 4 2 111 2 1268 1282 1033 1308
4653 4 2 111 2 1016 1238 1156 1258
4654 4 2 111 2 190 647 723 1265
4655 4 2 111 2 313 82 83 1097
4656 4 2 111 2 449 466 392 1179
4657 4 2 111 2 1043 1144 1044 1349
4658 4 2 111 2 998 1056 1194 1305
4659 4 2 111 2 1070 1203 1013 1301
4660 4 2 111 2 621 573 526 1095
4661 4 2 111 2 496 448 401 1096
4662 4 2 111 2 1010 1201 1071 1294
4663 4 2 111 2 387 153 1090 1308
4664 4 2 111 2 1013 61 1203 1300
4665 4 2 111 2 521 603 605 1153
4666 4 2 111 2 665 663 1128 1211
4667 4 2 111 2 994 1114 1069 1205
4668 4 2 111 2 591 517 574 1176
4669 4 2 111 2 303 305 71 1263
4670 4 2 111 2 481 1274 1115 1339
4671 4 2 111 2 787 1152 1092 1272
4672 4 2 111 2 357 1046 354 1328
4673 4 2 111 2 1079 1238 646 1279
4674 4 2 111 2 1067 1267 1057 1302
4675 4 2 111 2 525 192 608 1258
4676 4 2 111 2 726 734 645 1241
4677 4 2 111 2 122 1004 351 1322
4678 4 2 111 2 352 1004 122 1322
4679 4 2 111 2 58 1006 1206 1294
4680 4 2 111 2 594 199 524 1247
4681 4 2 111 2 151 1030 1235 1254
4682 4 2 111 2 341 1266 996 1335
4683 4 2 111 2 546 545 547 1260
4684 4 2 111 2 817 857 1058 1124
4685 4 2 111 2 301 1269 995 1332
4686 4 2 111 2 1023 114 1212 1344
4687 4 2 111 2 902 497 1172 1278
4688 4 2 111 2 851 158 159 1037
4689 4 2 111 2 880 1092 839 1254
4690 4 2 111 2 1085 1098 1001 1266
4691 4 2 111 2 1178 1257 1048 1275
4692 4 2 111 2 609 1039 550 1177
4693 4 2 111 2 1050 1111 1009 1135
4694 4 2 111 2 992 1272 1084 1283
4695 4 2 111 2 937 1147 105 1215
4696 4 2 111 2 342 1035 1183 1249
4697 4 2 111 2 156 477 157 1044
4698 4 2 111 2 367 57 369 1201
4699 4 2 111 2 367 363 56 1201
4700 4 2 111 2 655 935 738 1196
4701 4 2 111 2 530 927 613 1197
4702 4 2 111 2 405 919 488 1195
4703 4 2 111 2 1001 1108 1035 1249
4704 4 2 111 2 673 729 671 1188
4705 4 2 111 2 685 744 690 1104
4706 4 2 111 2 619 565 560 1105
4707 4 2 111 2 729 1051 671 1188
4708 4 2 111 2 108 1194 1056 1324
4709 4 2 111 2 494 440 435 1106
4710 4 2 111 2 1033 995 1209 1332
4711 4 2 111 2 1029 1148 975 1259
4712 4 2 111 2 78 335 336 1236
4713 4 2 111 2 191 723 637 1081
4714 4 2 111 2 330 105 1147 1313
4715 4 2 111 2 173 400 172 1244
4716 4 2 111 2 1032 996 1211 1335
4717 4 2 111 2 90 345 1277 1336
4718 4 2 111 2 734 1038 675 1239
4719 4 2 111 2 1045 1180 1012 1309
4720 4 2 111 2 482 415 442 1342
4721 4 2 111 2 762 1090 153 1308
4722 4 2 111 2 1087 1250 976 1315
4723 4 2 111 2 415 413 1129 1209
4724 4 2 111 2 1069 1205 988 1251
4725 4 2 111 2 540 1000 607 1186
4726 4 2 111 2 1088 1253 977 1314
4727 4 2 111 2 686 684 715 1104
4728 4 2 111 2 159 158 476 1037
4729 4 2 111 2 361 1000 54 1286
4730 4 2 111 2 1040 1144 1062 1282
4731 4 2 111 2 503 1172 1088 1195
4732 4 2 111 2 753 1174 1086 1196
4733 4 2 111 2 628 1173 1087 1197
4734 4 2 111 2 521 1060 605 1233
4735 4 2 111 2 322 1050 1231 1276
4736 4 2 111 2 652 752 711 1166
4737 4 2 111 2 495 393 164 1189
4738 4 2 111 2 815 810 808 1229
4739 4 2 111 2 1035 1108 1001 1128
4740 4 2 111 2 302 1144 1040 1282
4741 4 2 111 2 422 423 421 1280
4742 4 2 111 2 417 418 1115 1339
4743 4 2 111 2 1051 1120 1024 1331
4744 4 2 111 2 375 59 376 1206
4745 4 2 111 2 730 1035 669 1279
4746 4 2 111 2 880 816 786 1272
4747 4 2 111 2 352 1181 1243 1322
4748 4 2 111 2 791 1111 789 1124
4749 4 2 111 2 445 1041 490 1218
4750 4 2 111 2 681 682 683 1257
4751 4 2 111 2 309 1043 1142 1294
4752 4 2 111 2 543 1053 1157 1260
4753 4 2 111 2 1128 1211 996 1335
4754 4 2 111 2 911 898 908 1080
4755 4 2 111 2 341 110 111 1032
4756 4 2 111 2 1012 63 1219 1309
4757 4 2 111 2 694 734 726 1188
4758 4 2 111 2 695 1046 1143 1239
4759 4 2 111 2 643 745 744 1222
4760 4 2 111 2 619 518 620 1223
4761 4 2 111 2 394 407 406 1182
4762 4 2 111 2 656 705 653 1114
4763 4 2 111 2 1069 1251 979 1284
4764 4 2 111 2 209 768 1061 1325
4765 4 2 111 2 801 803 845 1136
4766 4 2 111 2 1133 1211 661 1317
4767 4 2 111 2 73 301 72 1033
4768 4 2 111 2 1117 1250 1087 1315
4769 4 2 111 2 1069 1114 988 1205
4770 4 2 111 2 1116 1253 1088 1314
4771 4 2 111 2 1051 1188 1159 1310
4772 4 2 111 2 166 404 1278 1334
4773 4 2 111 2 1129 1209 995 1332
4774 4 2 111 2 214 771 215 1234
4775 4 2 111 2 648 214 215 1234
4776 4 2 111 2 278 275 279 1245
4777 4 2 111 2 387 1090 1033 1308
4778 4 2 111 2 1046 1121 1017 1321
4779 4 2 111 2 989 1278 404 1334
4780 4 2 111 2 824 807 809 1089
4781 4 2 111 2 894 946 938 1172
4782 4 2 111 2 895 947 939 1173
4783 4 2 111 2 940 896 948 1174
4784 4 2 111 2 1169 1234 1007 1290
4785 4 2 111 2 118 1025 1191 1328
4786 4 2 111 2 105 1147 1029 1215
4787 4 2 111 2 998 1265 1056 1305
4788 4 2 111 2 573 526 1095 1117
4789 4 2 111 2 448 401 1096 1116
4790 4 2 111 2 421 479 1043 1280
4791 4 2 111 2 643 1004 741 1222
4792 4 2 111 2 616 518 1003 1223
4793 4 2 111 2 679 1046 695 1321
4794 4 2 111 2 160 161 862 1218
4795 4 2 111 2 1087 1117 976 1250
4796 4 2 111 2 753 636 1174 1196
4797 4 2 111 2 628 511 1173 1197
4798 4 2 111 2 503 386 1172 1195
4799 4 2 111 2 1068 1219 1012 1300
4800 4 2 111 2 422 420 452 1123
4801 4 2 111 2 191 525 583 1081
4802 4 2 111 2 124 1150 991 1216
4803 4 2 111 2 67 1149 990 1217
4804 4 2 111 2 545 577 547 1260
4805 4 2 111 2 873 769 869 1189
4806 4 2 111 2 1088 1116 977 1253
4807 4 2 111 2 897 761 942 1264
4808 4 2 111 2 819 798 854 1055
4809 4 2 111 2 625 586 285 1175
4810 4 2 111 2 331 1022 1261 1313
4811 4 2 111 2 56 55 1060 1286
4812 4 2 111 2 364 52 365 1271
4813 4 2 111 2 1072 1169 1024 1225
4814 4 2 111 2 771 827 1072 1293
4815 4 2 111 2 1009 1111 1050 1276
4816 4 2 111 2 1075 1240 1018 1344
4817 4 2 111 2 209 1246 708 1325
4818 4 2 111 2 364 109 108 1202
4819 4 2 111 2 745 202 201 1333
4820 4 2 111 2 204 654 205 1139
4821 4 2 111 2 186 185 529 1140
4822 4 2 111 2 404 497 508 1278
4823 4 2 111 2 1044 1144 1062 1349
4824 4 2 111 2 1047 1154 1015 1304
4825 4 2 111 2 1042 1261 102 1298
4826 4 2 111 2 1002 1153 483 1274
4827 4 2 111 2 1063 1199 1022 1226
4828 4 2 111 2 812 811 1229 1347
4829 4 2 111 2 75 327 76 1102
4830 4 2 111 2 308 1138 978 1323
4831 4 2 111 2 1056 987 1194 1305
4832 4 2 111 2 458 171 172 1230
4833 4 2 111 2 368 973 1330 1348
4834 4 2 111 2 1151 1172 946 1195
4835 4 2 111 2 1149 1173 947 1197
4836 4 2 111 2 1150 1174 948 1196
4837 4 2 111 2 1041 490 1218 1299
4838 4 2 111 2 957 1147 934 1208
4839 4 2 111 2 911 871 1080 1264
4840 4 2 111 2 810 1089 808 1229
4841 4 2 111 2 373 372 1242 1304
4842 4 2 111 2 986 1022 1226 1313
4843 4 2 111 2 1024 1169 1072 1337
4844 4 2 111 2 579 608 513 1157
4845 4 2 111 2 1032 1035 1237 1335
4846 4 2 111 2 101 1181 102 1303
4847 4 2 111 2 223 870 224 1146
4848 4 2 111 2 1070 1177 520 1204
4849 4 2 111 2 103 1148 1020 1322
4850 4 2 111 2 1071 1201 57 1294
4851 4 2 111 2 777 866 166 1334
4852 4 2 111 2 409 463 407 1182
4853 4 2 111 2 577 1110 547 1260
4854 4 2 111 2 785 1084 784 1272
4855 4 2 111 2 1070 1167 1039 1177
4856 4 2 111 2 63 372 377 1219
4857 4 2 111 2 705 707 706 1101
4858 4 2 111 2 805 806 1103 1262
4859 4 2 111 2 615 1052 554 1220
4860 4 2 111 2 1034 1190 1011 1252
4861 4 2 111 2 60 1203 1070 1301
4862 4 2 111 2 639 1075 1188 1241
4863 4 2 111 2 1004 1104 1118 1322
4864 4 2 111 2 224 930 901 1146
4865 4 2 111 2 1005 1189 1063 1334
4866 4 2 111 2 112 342 344 1237
4867 4 2 111 2 347 114 349 1212
4868 4 2 111 2 250 241 249 1093
4869 4 2 111 2 516 1068 1220 1221
4870 4 2 111 2 259 1094 258 1270
4871 4 2 111 2 244 257 258 1094
4872 4 2 111 2 1024 1072 1225 1337
4873 4 2 111 2 1029 975 1146 1259
4874 4 2 111 2 1188 1240 1038 1241
4875 4 2 111 2 213 212 763 1107
4876 4 2 111 2 440 494 495 1327
4877 4 2 111 2 392 453 465 1179
4878 4 2 111 2 368 1312 1295 1348
4879 4 2 111 2 219 1083 772 1273
4880 4 2 111 2 590 517 578 1176
4881 4 2 111 2 251 1093 250 1288
4882 4 2 111 2 671 1051 693 1331
4883 4 2 111 2 356 355 116 1240
4884 4 2 111 2 849 1072 214 1337
4885 4 2 111 2 740 1046 679 1257
4886 4 2 111 2 832 1131 1152 1338
4887 4 2 111 2 1020 1118 1148 1259
4888 4 2 111 2 1028 1262 1103 1297
4889 4 2 111 2 812 814 813 1226
4890 4 2 111 2 556 615 554 1220
4891 4 2 111 2 348 1289 974 1324
4892 4 2 111 2 394 1141 171 1230
4893 4 2 111 2 208 207 781 1069
4894 4 2 111 2 646 1213 1079 1279
4895 4 2 111 2 366 1067 1194 1348
4896 4 2 111 2 1002 1244 1153 1269
4897 4 2 111 2 1071 1163 514 1207
4898 4 2 111 2 1016 112 1237 1318
4899 4 2 111 2 672 670 702 1120
4900 4 2 111 2 922 900 205 1139
4901 4 2 111 2 914 899 186 1140
4902 4 2 111 2 124 929 1150 1216
4903 4 2 111 2 67 921 1149 1217
4904 4 2 111 2 425 1036 484 1306
4905 4 2 111 2 791 793 829 1111
4906 4 2 111 2 345 109 343 1277
4907 4 2 111 2 1076 1191 1143 1328
4908 4 2 111 2 609 601 569 1163
4909 4 2 111 2 740 641 1143 1257
4910 4 2 111 2 61 378 374 1203
4911 4 2 111 2 444 1036 425 1306
4912 4 2 111 2 908 953 912 1208
4913 4 2 111 2 473 1033 387 1090
4914 4 2 111 2 1071 1162 1049 1163
4915 4 2 111 2 997 1160 1156 1258
4916 4 2 111 2 778 1165 876 1338
4917 4 2 111 2 791 860 789 1111
4918 4 2 111 2 770 858 211 1098
4919 4 2 111 2 238 1101 635 1245
4920 4 2 111 2 450 430 428 1122
4921 4 2 111 2 444 425 1036 1280
4922 4 2 111 2 1142 1168 1037 1281
4923 4 2 111 2 700 680 678 1121
4924 4 2 111 2 1113 1154 1052 1191
4925 4 2 111 2 986 1193 1022 1313
4926 4 2 111 2 1088 1172 1151 1195
4927 4 2 111 2 1086 1174 1150 1196
4928 4 2 111 2 1087 1173 1149 1197
4929 4 2 111 2 175 1060 521 1155
4930 4 2 111 2 1000 1160 1053 1286
4931 4 2 111 2 853 1058 762 1308
4932 4 2 111 2 740 695 1046 1143
4933 4 2 111 2 561 1105 559 1176
4934 4 2 111 2 506 1158 1064 1341
4935 4 2 111 2 908 1080 898 1278
4936 4 2 111 2 348 1185 974 1289
4937 4 2 111 2 567 1000 540 1160
4938 4 2 111 2 1295 1312 1100 1348
4939 4 2 111 2 220 767 221 1119
4940 4 2 111 2 1048 1178 1014 1181
4941 4 2 111 2 200 641 743 1076
4942 4 2 111 2 278 711 752 1245
4943 4 2 111 2 1023 1110 1049 1344
4944 4 2 111 2 434 436 1106 1179
4945 4 2 111 2 419 417 418 1115
4946 4 2 111 2 771 214 849 1072
4947 4 2 111 2 351 1004 1316 1322
4948 4 2 111 2 462 457 498 1130
4949 4 2 111 2 670 672 671 1331
4950 4 2 111 2 483 173 1153 1244
4951 4 2 111 2 805 804 806 1262
4952 4 2 111 2 1156 1160 1016 1258
4953 4 2 111 2 536 1134 538 1186
4954 4 2 111 2 1022 1193 986 1226
4955 4 2 111 2 1061 1161 1085 1246
4956 4 2 111 2 1015 1176 1074 1333
4957 4 2 111 2 729 693 1051 1279
4958 4 2 111 2 927 530 632 1139
4959 4 2 111 2 919 405 507 1140
4960 4 2 111 2 1134 1186 981 1271
4961 4 2 111 2 1141 1230 993 1296
4962 4 2 111 2 561 559 590 1176
4963 4 2 111 2 611 583 525 1258
4964 4 2 111 2 936 926 1196 1343
4965 4 2 111 2 73 301 1033 1332
4966 4 2 111 2 743 1076 641 1257
4967 4 2 111 2 341 1032 111 1335
4968 4 2 111 2 1020 1148 1078 1259
4969 4 2 111 2 1045 1299 433 1350
4970 4 2 111 2 982 1198 1090 1235
4971 4 2 111 2 167 166 404 1278
4972 4 2 111 2 1039 1109 1018 1329
4973 4 2 111 2 108 366 364 1194
4974 4 2 111 2 331 1261 103 1313
4975 4 2 111 2 421 419 420 1115
4976 4 2 111 2 918 1197 928 1346
4977 4 2 111 2 910 1195 920 1345
4978 4 2 111 2 451 426 424 1127
4979 4 2 111 2 1029 1146 975 1215
4980 4 2 111 2 1052 1113 1025 1340
4981 4 2 111 2 434 465 436 1179
4982 4 2 111 2 1118 1316 1086 1322
4983 4 2 111 2 104 105 330 1313
4984 4 2 111 2 331 103 104 1313
4985 4 2 111 2 1176 1304 1047 1326
4986 4 2 111 2 1004 1118 1086 1322
4987 4 2 111 2 1031 1200 1072 1290
4988 4 2 111 2 1167 1177 1070 1203
4989 4 2 111 2 111 1156 1016 1237
4990 4 2 111 2 474 388 175 1274
4991 4 2 111 2 979 1152 1131 1338
4992 4 2 111 2 302 1144 307 1192
4993 4 2 111 2 1013 1122 1041 1300
4994 4 2 111 2 877 249 149 1093
4995 4 2 111 2 220 1119 716 1273
4996 4 2 111 2 777 883 1080 1278
4997 4 2 111 2 599 606 513 1157
4998 4 2 111 2 452 398 475 1123
4999 4 2 111 2 115 1240 1075 1344
5000 4 2 111 2 980 1198 1092 1254
5001 4 2 111 2 1041 1180 318 1300
5002 4 2 111 2 641 1143 1076 1247
5003 4 2 111 2 757 935 655 1146
5004 4 2 111 2 168 501 257 1094
5005 4 2 111 2 911 1080 908 1264
5006 4 2 111 2 771 1072 849 1293
5007 4 2 111 2 1067 1112 998 1194
5008 4 2 111 2 483 400 173 1244
5009 4 2 111 2 91 90 1161 1283
5010 4 2 111 2 1047 1105 1242 1304
5011 4 2 111 2 1015 1247 591 1333
5012 4 2 111 2 1212 1213 1051 1279
5013 4 2 111 2 111 1032 110 1156
5014 4 2 111 2 86 1151 311 1314
5015 4 2 111 2 64 63 1073 1242
5016 4 2 111 2 1061 992 1283 1336
5017 4 2 111 2 1068 1154 1052 1220
5018 4 2 111 2 120 1074 121 1243
5019 4 2 111 2 809 1089 810 1229
5020 4 2 111 2 378 118 374 1191
5021 4 2 111 2 851 819 764 1320
5022 4 2 111 2 149 241 502 1093
5023 4 2 111 2 467 433 1045 1299
5024 4 2 111 2 90 1277 1161 1336
5025 4 2 111 2 67 1149 370 1315
5026 4 2 111 2 350 124 1150 1316
5027 4 2 111 2 1072 1200 1007 1290
5028 4 2 111 2 1080 1278 989 1334
5029 4 2 111 2 503 1088 472 1195
5030 4 2 111 2 722 753 1086 1196
5031 4 2 111 2 628 1087 597 1197
5032 4 2 111 2 1006 1127 1036 1301
5033 4 2 111 2 1051 1024 1183 1331
5034 4 2 111 2 1055 1200 1031 1290
5035 4 2 111 2 678 680 679 1321
5036 4 2 111 2 1015 1304 1176 1326
5037 4 2 111 2 1007 1136 1055 1200
5038 4 2 111 2 441 482 473 1209
5039 4 2 111 2 328 69 68 1170
5040 4 2 111 2 308 50 49 1171
5041 4 2 111 2 544 1233 1053 1260
5042 4 2 111 2 1015 1047 1304 1326
5043 4 2 111 2 605 1053 544 1233
5044 4 2 111 2 1047 1242 372 1304
5045 4 2 111 2 848 152 1090 1254
5046 4 2 111 2 853 155 774 1062
5047 4 2 111 2 305 1263 52 1296
5048 4 2 111 2 1045 1179 1106 1309
5049 4 2 111 2 1047 1176 1105 1304
5050 4 2 111 2 316 1036 1184 1301
5051 4 2 111 2 1032 1211 1128 1335
5052 4 2 111 2 189 188 709 1305
5053 4 2 111 2 1049 1110 1023 1260
5054 4 2 111 2 691 732 723 1211
5055 4 2 111 2 1057 1141 993 1296
5056 4 2 111 2 62 1219 1068 1300
5057 4 2 111 2 627 168 244 1094
5058 4 2 111 2 512 607 1000 1186
5059 4 2 111 2 422 1123 424 1280
5060 4 2 111 2 1064 1164 1158 1323
5061 4 2 111 2 993 1137 1064 1182
5062 4 2 111 2 986 1208 1147 1313
5063 4 2 111 2 785 786 1084 1272
5064 4 2 111 2 986 1147 1126 1313
5065 4 2 111 2 102 353 352 1181
5066 4 2 111 2 1049 1162 369 1344
5067 4 2 111 2 1053 1233 1049 1260
5068 4 2 111 2 1007 1200 1055 1290
5069 4 2 111 2 927 632 900 1139
5070 4 2 111 2 919 507 899 1140
5071 4 2 111 2 222 1078 223 1259
5072 4 2 111 2 170 171 394 1141
5073 4 2 111 2 997 1186 1134 1271
5074 4 2 111 2 346 345 89 1205
5075 4 2 111 2 792 794 793 1135
5076 4 2 111 2 1033 1209 1129 1332
5077 4 2 111 2 485 416 1129 1339
5078 4 2 111 2 817 790 857 1124
5079 4 2 111 2 571 616 518 1003
5080 4 2 111 2 696 741 643 1004
5081 4 2 111 2 840 822 828 1347
5082 4 2 111 2 1035 1128 1001 1335
5083 4 2 111 2 947 1173 895 1197
5084 4 2 111 2 896 948 1174 1196
5085 4 2 111 2 894 946 1172 1195
5086 4 2 111 2 995 1244 1129 1269
5087 4 2 111 2 638 733 212 1107
5088 4 2 111 2 1078 1261 1193 1313
5089 4 2 111 2 278 288 711 1245
5090 4 2 111 2 1004 352 1243 1322
5091 4 2 111 2 150 779 1093 1319
5092 4 2 111 2 358 353 101 1181
5093 4 2 111 2 1162 1163 1071 1206
5094 4 2 111 2 757 901 935 1146
5095 4 2 111 2 1073 1179 1012 1309
5096 4 2 111 2 1046 1017 1187 1321
5097 4 2 111 2 351 1316 1148 1322
5098 4 2 111 2 463 457 455 1182
5099 4 2 111 2 1074 1176 1015 1304
5100 4 2 111 2 1040 1129 1002 1332
5101 4 2 111 2 795 794 796 1135
5102 4 2 111 2 394 171 458 1230
5103 4 2 111 2 321 1058 1210 1231
5104 4 2 111 2 762 857 848 1058
5105 4 2 111 2 1066 1114 994 1205
5106 4 2 111 2 1072 1234 1169 1290
5107 4 2 111 2 980 1254 1092 1272
5108 4 2 111 2 73 1033 1282 1332
5109 4 2 111 2 1092 1152 992 1272
5110 4 2 111 2 326 324 70 1255
5111 4 2 111 2 388 474 481 1274
5112 4 2 111 2 1129 1332 1040 1342
5113 4 2 111 2 1065 1186 1000 1224
5114 4 2 111 2 1186 1224 981 1271
5115 4 2 111 2 568 546 1049 1233
5116 4 2 111 2 1043 1280 479 1281
5117 4 2 111 2 809 1089 1229 1347
5118 4 2 111 2 476 1037 158 1281
5119 4 2 111 2 867 1226 1080 1264
5120 4 2 111 2 160 159 395 1306
5121 4 2 111 2 754 655 738 1196
5122 4 2 111 2 530 613 629 1197
5123 4 2 111 2 405 488 504 1195
5124 4 2 111 2 459 1158 397 1235
5125 4 2 111 2 302 1040 1144 1192
5126 4 2 111 2 1179 1309 1045 1350
5127 4 2 111 2 1072 1293 1225 1337
5128 4 2 111 2 1129 1244 1002 1269
5129 4 2 111 2 222 776 223 1078
5130 4 2 111 2 1056 1265 189 1305
5131 4 2 111 2 1114 1285 1101 1289
5132 4 2 111 2 1012 1045 1309 1350
5133 4 2 111 2 240 499 385 1130
5134 4 2 111 2 660 1133 658 1246
5135 4 2 111 2 1038 1125 1008 1310
5136 4 2 111 2 852 1044 157 1256
5137 4 2 111 2 312 310 65 1253
5138 4 2 111 2 998 1194 1112 1305
5139 4 2 111 2 1033 1332 1129 1342
5140 4 2 111 2 552 551 553 1340
5141 4 2 111 2 1033 1090 1058 1308
5142 4 2 111 2 1050 322 1231 1268
5143 4 2 111 2 1137 1182 984 1323
5144 4 2 111 2 639 727 729 1213
5145 4 2 111 2 1147 1208 330 1313
5146 4 2 111 2 1002 1192 1060 1274
5147 4 2 111 2 429 1041 445 1307
5148 4 2 111 2 819 800 798 1055
5149 4 2 111 2 885 880 839 1254
5150 4 2 111 2 1092 1254 1198 1255
5151 4 2 111 2 1063 1080 989 1334
5152 4 2 111 2 791 789 790 1124
5153 4 2 111 2 866 1063 1189 1334
5154 4 2 111 2 1082 1125 1008 1227
5155 4 2 111 2 789 785 788 1124
5156 4 2 111 2 122 373 371 1250
5157 4 2 111 2 363 367 113 1318
5158 4 2 111 2 220 642 716 1119
5159 4 2 111 2 731 704 638 1108
5160 4 2 111 2 741 1095 203 1222
5161 4 2 111 2 616 1096 184 1223
5162 4 2 111 2 352 121 122 1243
5163 4 2 111 2 120 121 353 1243
5164 4 2 111 2 1054 1218 1041 1307
5165 4 2 111 2 506 498 412 1064
5166 4 2 111 2 1017 1125 1082 1227
5167 4 2 111 2 683 690 717 1048
5168 4 2 111 2 1080 1226 986 1264
5169 4 2 111 2 95 1225 1169 1290
5170 4 2 111 2 65 373 64 1242
5171 4 2 111 2 64 372 63 1242
5172 4 2 111 2 1066 1205 346 1289
5173 4 2 111 2 760 237 875 1131
5174 4 2 111 2 865 1034 806 1262
5175 4 2 111 2 1016 1157 1053 1318
5176 4 2 111 2 98 334 336 1248
5177 4 2 111 2 1078 1193 1029 1313
5178 4 2 111 2 85 86 311 1314
5179 4 2 111 2 859 820 1028 1320
5180 4 2 111 2 1045 1180 1059 1299
5181 4 2 111 2 433 440 467 1045
5182 4 2 111 2 67 370 66 1315
5183 4 2 111 2 66 371 65 1315
5184 4 2 111 2 350 123 124 1316
5185 4 2 111 2 351 122 123 1316
5186 4 2 111 2 64 313 312 1309
5187 4 2 111 2 387 473 482 1033
5188 4 2 111 2 1075 1159 1051 1188
5189 4 2 111 2 1161 1246 1061 1325
5190 4 2 111 2 901 930 931 1146
5191 4 2 111 2 307 309 57 1294
5192 4 2 111 2 521 1060 174 1153
5193 4 2 111 2 77 78 315 1142
5194 4 2 111 2 160 395 1054 1306
5195 4 2 111 2 437 446 494 1005
5196 4 2 111 2 1059 1180 1041 1299
5197 4 2 111 2 76 307 75 1144
5198 4 2 111 2 867 878 1226 1264
5199 4 2 111 2 77 309 76 1142
5200 4 2 111 2 1019 1176 1074 1304
5201 4 2 111 2 997 1224 1186 1271
5202 4 2 111 2 470 451 390 1127
5203 4 2 111 2 86 886 913 1208
5204 4 2 111 2 373 121 372 1304
5205 4 2 111 2 720 701 640 1125
5206 4 2 111 2 637 723 732 1032
5207 4 2 111 2 1021 1179 1073 1309
5208 4 2 111 2 981 1141 1057 1296
5209 4 2 111 2 787 1092 880 1272
5210 4 2 111 2 667 692 665 1128
5211 4 2 111 2 1014 1121 1083 1232
5212 4 2 111 2 1083 1121 1017 1232
5213 4 2 111 2 629 621 530 1139
5214 4 2 111 2 504 496 405 1140
5215 4 2 111 2 139 636 896 940
5216 4 2 111 2 127 386 894 938
5217 4 2 111 2 511 895 133 939
5218 4 2 111 2 1000 1186 997 1224
5219 4 2 111 2 1066 1285 1114 1289
5220 4 2 111 2 1064 1182 1137 1323
5221 4 2 111 2 696 744 687 1004
5222 4 2 111 2 562 571 619 1003
5223 4 2 111 2 476 159 1037 1306
5224 4 2 111 2 302 307 56 1192
5225 4 2 111 2 374 1052 1167 1203
5226 4 2 111 2 1002 1040 1192 1339
5227 4 2 111 2 75 302 74 1144
5228 4 2 111 2 240 292 282 1130
5229 4 2 111 2 310 84 85 1314
5230 4 2 111 2 637 692 728 1032
5231 4 2 111 2 152 1235 1090 1254
5232 4 2 111 2 809 1229 810 1347
5233 4 2 111 2 1126 1147 1029 1313
5234 4 2 111 2 848 773 152 1254
5235 4 2 111 2 486 1230 458 1244
5236 4 2 111 2 400 486 458 1244
5237 4 2 111 2 468 450 399 1122
5238 4 2 111 2 784 838 787 1272
5239 4 2 111 2 708 650 736 1246
5240 4 2 111 2 847 761 864 1126
5241 4 2 111 2 1040 1002 1129 1339
5242 4 2 111 2 584 170 169 1291
5243 4 2 111 2 218 772 1083 1287
5244 4 2 111 2 897 941 145 761
5245 4 2 111 2 536 538 566 1186
5246 4 2 111 2 547 549 548 1329
5247 4 2 111 2 1064 984 1182 1323
5248 4 2 111 2 1068 1219 1154 1220
5249 4 2 111 2 304 1282 1040 1332
5250 4 2 111 2 53 1224 1065 1269
5251 4 2 111 2 375 1039 1162 1206
5252 4 2 111 2 836 779 835 1319
5253 4 2 111 2 994 1246 1161 1325
5254 4 2 111 2 809 808 810 1089
5255 4 2 111 2 1039 1018 1162 1329
5256 4 2 111 2 1040 1062 1144 1349
5257 4 2 111 2 1041 1218 1059 1299
5258 4 2 111 2 998 1194 1056 1202
5259 4 2 111 2 1060 1192 1010 1274
5260 4 2 111 2 1121 1178 1046 1232
5261 4 2 111 2 923 900 922 1139
5262 4 2 111 2 914 915 899 1140
5263 4 2 111 2 417 1129 416 1339
5264 4 2 111 2 1198 1254 1030 1255
5265 4 2 111 2 695 679 740 1046
5266 4 2 111 2 1036 1054 1184 1307
5267 4 2 111 2 54 362 53 1224
5268 4 2 111 2 994 1161 1061 1325
5269 4 2 111 2 687 744 685 1104
5270 4 2 111 2 619 560 562 1105
5271 4 2 111 2 444 1280 1036 1281
5272 4 2 111 2 1045 1012 1180 1350
5273 4 2 111 2 926 948 936 1196
5274 4 2 111 2 947 928 918 1197
5275 4 2 111 2 910 946 920 1195
5276 4 2 111 2 771 849 827 1293
5277 4 2 111 2 655 754 746 1146
5278 4 2 111 2 1041 1184 1054 1307
5279 4 2 111 2 377 1047 1154 1219
5280 4 2 111 2 729 727 693 1279
5281 4 2 111 2 1104 1243 1181 1322
5282 4 2 111 2 509 1235 397 1341
5283 4 2 111 2 437 494 435 1106
5284 4 2 111 2 363 1286 1053 1318
5285 4 2 111 2 1052 1025 1167 1340
5286 4 2 111 2 333 101 102 1303
5287 4 2 111 2 1012 1309 1179 1350
5288 4 2 111 2 1046 1239 695 1321
5289 4 2 111 2 865 842 806 1034
5290 4 2 111 2 1073 1219 1047 1242
5291 4 2 111 2 718 700 649 1121
5292 4 2 111 2 412 506 1064 1341
5293 4 2 111 2 643 744 1004 1222
5294 4 2 111 2 619 1003 518 1223
5295 4 2 111 2 445 429 490 1041
5296 4 2 111 2 621 1095 204 1139
5297 4 2 111 2 496 1096 185 1140
5298 4 2 111 2 1058 1050 1231 1268
5299 4 2 111 2 309 1142 315 1294
5300 4 2 111 2 277 291 263 1175
5301 4 2 111 2 347 1051 1183 1212
5302 4 2 111 2 432 431 430 1350
5303 4 2 111 2 1099 1102 1031 1256
5304 4 2 111 2 308 1171 1138 1323
5305 4 2 111 2 288 750 711 1245
5306 4 2 111 2 151 1235 152 1254
5307 4 2 111 2 237 1131 874 1338
5308 4 2 111 2 304 302 55 1192
5309 4 2 111 2 1016 1237 1156 1238
5310 4 2 111 2 391 1059 162 1218
5311 4 2 111 2 477 1044 156 1349
5312 4 2 111 2 353 1181 1048 1243
5313 4 2 111 2 461 462 460 1292
5314 4 2 111 2 604 568 546 1049
5315 4 2 111 2 693 671 729 1051
5316 4 2 111 2 697 688 686 1118
5317 4 2 111 2 563 561 572 1117
5318 4 2 111 2 447 438 436 1116
5319 4 2 111 2 872 787 838 1152
5320 4 2 111 2 293 271 267 1338
5321 4 2 111 2 1048 1014 1178 1275
5322 4 2 111 2 352 122 351 1322
5323 4 2 111 2 1032 1237 111 1335
5324 4 2 111 2 980 1210 1084 1283
5325 4 2 111 2 554 570 552 1177
5326 4 2 111 2 237 290 281 1131
5327 4 2 111 2 210 211 650 1085
5328 4 2 111 2 698 746 754 1259
5329 4 2 111 2 879 847 1126 1193
5330 4 2 111 2 1015 1154 1047 1326
5331 4 2 111 2 1104 1181 1020 1322
5332 4 2 111 2 1008 1159 1038 1310
5333 4 2 111 2 1038 1159 355 1240
5334 4 2 111 2 240 385 500 1130
5335 4 2 111 2 1069 1251 992 1336
5336 4 2 111 2 160 1054 487 1218
5337 4 2 111 2 1125 1187 1038 1227
5338 4 2 111 2 1019 1105 1176 1304
5339 4 2 111 2 1021 1106 1179 1309
5340 4 2 111 2 582 1112 588 1228
5341 4 2 111 2 503 386 489 1172
5342 4 2 111 2 614 628 511 1173
5343 4 2 111 2 753 636 739 1174
5344 4 2 111 2 993 1137 1057 1296
5345 4 2 111 2 941 905 780 1126
5346 4 2 111 2 412 498 463 1064
5347 4 2 111 2 927 900 924 1139
5348 4 2 111 2 919 899 916 1140
5349 4 2 111 2 987 1112 1100 1348
5350 4 2 111 2 56 363 55 1286
5351 4 2 111 2 149 402 150 1093
5352 4 2 111 2 1004 1086 1316 1322
5353 4 2 111 2 1036 1142 1037 1306
5354 4 2 111 2 289 1185 1101 1245
5355 4 2 111 2 191 190 723 1081
5356 4 2 111 2 765 217 1082 1287
5357 4 2 111 2 255 240 286 1292
5358 4 2 111 2 851 1037 159 1320
5359 4 2 111 2 1023 1260 1157 1318
5360 4 2 111 2 598 512 172 1065
5361 4 2 111 2 635 1101 712 1245
5362 4 2 111 2 1029 1078 1148 1259
5363 4 2 111 2 1064 1158 978 1323
5364 4 2 111 2 1143 1191 1025 1328
5365 4 2 111 2 825 803 805 1103
5366 4 2 111 2 70 71 1164 1198
5367 4 2 111 2 1060 1155 1010 1201
5368 4 2 111 2 403 1094 169 1291
5369 4 2 111 2 167 906 898 1278
5370 4 2 111 2 1076 1143 1046 1328
5371 4 2 111 2 908 1080 1208 1264
5372 4 2 111 2 70 306 69 1164
5373 4 2 111 2 732 692 637 1032
5374 4 2 111 2 354 1046 1187 1328
5375 4 2 111 2 424 422 475 1123
5376 4 2 111 2 314 60 316 1184
5377 4 2 111 2 353 352 1181 1243
5378 4 2 111 2 554 552 553 1340
5379 4 2 111 2 593 1113 524 1247
5380 4 2 111 2 932 935 901 1146
5381 4 2 111 2 490 1041 429 1299
5382 4 2 111 2 1079 1157 1016 1318
5383 4 2 111 2 874 237 760 1131
5384 4 2 111 2 1000 1160 997 1186
5385 4 2 111 2 983 1211 1133 1317
5386 4 2 111 2 642 221 703 1119
5387 4 2 111 2 62 318 317 1180
5388 4 2 111 2 559 574 1176 1326
5389 4 2 111 2 1014 1048 1181 1275
5390 4 2 111 2 464 397 1158 1235
5391 4 2 111 2 942 761 863 1264
5392 4 2 111 2 431 433 1299 1350
5393 4 2 111 2 1169 1225 1072 1290
5394 4 2 111 2 1057 973 1267 1330
5395 4 2 111 2 85 330 86 1208
5396 4 2 111 2 169 168 527 1094
5397 4 2 111 2 725 674 672 1310
5398 4 2 111 2 491 492 404 1334
5399 4 2 111 2 1112 1228 1100 1348
5400 4 2 111 2 467 1299 1045 1327
5401 4 2 111 2 725 672 1120 1310
5402 4 2 111 2 83 333 332 1199
5403 4 2 111 2 1035 344 1237 1335
5404 4 2 111 2 1159 1188 1075 1240
5405 4 2 111 2 777 167 883 1278
5406 4 2 111 2 598 172 171 1141
5407 4 2 111 2 464 1235 1158 1341
5408 4 2 111 2 446 393 494 1005
5409 4 2 111 2 1014 1181 1119 1275
5410 4 2 111 2 699 682 718 1275
5411 4 2 111 2 1137 1296 51 1330
5412 4 2 111 2 162 1059 493 1327
5413 4 2 111 2 492 491 446 1334
5414 4 2 111 2 1132 1230 995 1263
5415 4 2 111 2 219 772 841 1273
5416 4 2 111 2 396 155 1342 1349
5417 4 2 111 2 480 419 443 1349
5418 4 2 111 2 1161 1277 994 1336
5419 4 2 111 2 826 799 801 1136
5420 4 2 111 2 459 464 397 1158
5421 4 2 111 2 994 1061 1161 1336
5422 4 2 111 2 735 666 664 1128
5423 4 2 111 2 277 1100 291 1175
5424 4 2 111 2 1193 1261 1022 1313
5425 4 2 111 2 316 1184 60 1301
5426 4 2 111 2 744 696 643 1004
5427 4 2 111 2 619 571 518 1003
5428 4 2 111 2 813 822 811 1347
5429 4 2 111 2 591 593 524 1247
5430 4 2 111 2 802 1028 820 1262
5431 4 2 111 2 908 1208 912 1264
5432 4 2 111 2 1157 1260 1053 1318
5433 4 2 111 2 71 305 70 1164
5434 4 2 111 2 725 702 648 1120
5435 4 2 111 2 355 356 97 1227
5436 4 2 111 2 318 1180 62 1300
5437 4 2 111 2 986 1126 1193 1313
5438 4 2 111 2 1051 1279 693 1331
5439 4 2 111 2 1072 1007 1234 1290
5440 4 2 111 2 762 853 817 1058
5441 4 2 111 2 100 357 358 1232
5442 4 2 111 2 1097 1189 1011 1199
5443 4 2 111 2 487 1218 1054 1307
5444 4 2 111 2 354 357 99 1232
5445 4 2 111 2 993 1230 1132 1263
5446 4 2 111 2 428 426 470 1127
5447 4 2 111 2 421 423 479 1280
5448 4 2 111 2 897 146 942 761
5449 4 2 111 2 411 412 1132 1341
5450 4 2 111 2 741 204 203 1095
5451 4 2 111 2 185 184 616 1096
5452 4 2 111 2 600 549 547 1329
5453 4 2 111 2 600 547 1110 1329
5454 4 2 111 2 140 945 896 1196
5455 4 2 111 2 895 134 944 1197
5456 4 2 111 2 943 894 128 1195
5457 4 2 111 2 682 680 718 1121
5458 4 2 111 2 98 356 354 1227
5459 4 2 111 2 848 885 773 1254
5460 4 2 111 2 1023 1157 1079 1318
5461 4 2 111 2 349 1159 96 1169
5462 4 2 111 2 238 289 1101 1245
5463 4 2 111 2 1092 1030 1254 1255
5464 4 2 111 2 1071 1206 1006 1294
5465 4 2 111 2 995 1269 1129 1332
5466 4 2 111 2 883 871 777 1080
5467 4 2 111 2 996 1266 1128 1335
5468 4 2 111 2 673 675 694 1188
5469 4 2 111 2 444 1281 1036 1306
5470 4 2 111 2 1010 1192 1115 1274
5471 4 2 111 2 478 155 1308 1342
5472 4 2 111 2 333 332 1199 1298
5473 4 2 111 2 481 454 1274 1339
5474 4 2 111 2 276 1100 277 1312
5475 4 2 111 2 410 413 1132 1209
5476 4 2 111 2 756 1285 662 1317
5477 4 2 111 2 236 277 300 1295
5478 4 2 111 2 555 557 556 1326
5479 4 2 111 2 843 825 805 1103
5480 4 2 111 2 1079 1183 1035 1279
5481 4 2 111 2 1010 1155 1060 1274
5482 4 2 111 2 698 1118 651 1259
5483 4 2 111 2 484 1036 425 1307
5484 4 2 111 2 174 483 1153 1274
5485 4 2 111 2 663 1133 660 1211
5486 4 2 111 2 822 823 776 1193
5487 4 2 111 2 800 1055 819 1320
5488 4 2 111 2 610 1160 539 1258
5489 4 2 111 2 485 416 414 1129
5490 4 2 111 2 541 542 540 1160
5491 4 2 111 2 776 222 828 1078
5492 4 2 111 2 443 421 479 1043
5493 4 2 111 2 521 1155 1060 1233
5494 4 2 111 2 332 331 84 1199
5495 4 2 111 2 391 1059 1218 1299
5496 4 2 111 2 932 1146 931 1215
5497 4 2 111 2 936 950 926 1343
5498 4 2 111 2 393 165 1189 1334
5499 4 2 111 2 1135 1225 1031 1293
5500 4 2 111 2 359 232 106 1185
5501 4 2 111 2 942 863 911 1264
5502 4 2 111 2 595 551 1109 1340
5503 4 2 111 2 951 910 920 1345
5504 4 2 111 2 952 918 928 1346
5505 4 2 111 2 1129 1269 1002 1332
5506 4 2 111 2 1094 1171 258 1270
5507 4 2 111 2 1142 1281 1037 1306
5508 4 2 111 2 293 1145 271 1338
5509 4 2 111 2 849 1293 1072 1337
5510 4 2 111 2 1128 1266 1001 1335
5511 4 2 111 2 823 879 870 1193
5512 4 2 111 2 660 658 736 1246
5513 4 2 111 2 74 1268 1062 1282
5514 4 2 111 2 1138 1171 984 1323
5515 4 2 111 2 1077 1143 1025 1328
5516 4 2 111 2 818 855 774 1256
5517 4 2 111 2 342 347 94 1183
5518 4 2 111 2 150 779 149 1093
5519 4 2 111 2 1138 1288 978 1292
5520 4 2 111 2 982 1164 1198 1235
5521 4 2 111 2 905 941 780 144
5522 4 2 111 2 711 1245 712 1285
5523 4 2 111 2 342 1183 94 1249
5524 4 2 111 2 937 933 893 1147
5525 4 2 111 2 101 353 102 1181
5526 4 2 111 2 787 839 880 1092
5527 4 2 111 2 595 553 551 1340
5528 4 2 111 2 998 1202 1056 1265
5529 4 2 111 2 1057 1296 1137 1330
5530 4 2 111 2 776 823 870 1193
5531 4 2 111 2 945 738 141 935
5532 4 2 111 2 129 919 943 488
5533 4 2 111 2 135 927 944 613
5534 4 2 111 2 357 1178 358 1232
5535 4 2 111 2 924 1139 923 1216
5536 4 2 111 2 916 1140 915 1217
5537 4 2 111 2 58 1071 57 1294
5538 4 2 111 2 311 1314 1151 1345
5539 4 2 111 2 881 835 839 1092
5540 4 2 111 2 762 848 153 1090
5541 4 2 111 2 473 387 153 1090
5542 4 2 111 2 1133 1246 996 1277
5543 4 2 111 2 61 62 1068 1300
5544 4 2 111 2 593 555 1113 1326
5545 4 2 111 2 378 1154 119 1191
5546 4 2 111 2 350 1316 1150 1343
5547 4 2 111 2 527 585 584 1267
5548 4 2 111 2 1012 1219 1073 1309
5549 4 2 111 2 370 1315 1149 1346
5550 4 2 111 2 522 634 598 1141
5551 4 2 111 2 356 1187 354 1227
5552 4 2 111 2 567 607 540 1000
5553 4 2 111 2 348 1185 1289 1311
5554 4 2 111 2 550 569 548 1163
5555 4 2 111 2 549 550 548 1329
5556 4 2 111 2 467 1045 440 1327
5557 4 2 111 2 174 175 388 1274
5558 4 2 111 2 403 168 169 1094
5559 4 2 111 2 1061 994 1325 1336
5560 4 2 111 2 410 413 411 1132
5561 4 2 111 2 663 661 660 1133
5562 4 2 111 2 785 784 786 1272
5563 4 2 111 2 534 1134 536 1302
5564 4 2 111 2 235 260 261 1171
5565 4 2 111 2 712 1245 1101 1285
5566 4 2 111 2 278 752 242 1166
5567 4 2 111 2 809 807 808 1089
5568 4 2 111 2 980 1090 1198 1254
5569 4 2 111 2 59 60 1070 1301
5570 4 2 111 2 411 412 409 1132
5571 4 2 111 2 105 1215 350 1343
5572 4 2 111 2 449 1179 434 1350
5573 4 2 111 2 701 1125 676 1310
5574 4 2 111 2 1028 1236 1055 1320
5575 4 2 111 2 1025 1191 1143 1247
5576 4 2 111 2 243 270 876 1165
5577 4 2 111 2 119 378 377 1154
5578 4 2 111 2 672 674 673 1310
5579 4 2 111 2 1006 1206 1070 1301
5580 4 2 111 2 167 906 13 898
5581 4 2 111 2 1079 1212 1183 1279
5582 4 2 111 2 1020 1118 1104 1322
5583 4 2 111 2 406 1182 455 1291
5584 4 2 111 2 707 705 713 1114
5585 4 2 111 2 190 1081 583 1265
5586 4 2 111 2 1038 1077 1187 1239
5587 4 2 111 2 1101 988 1289 1311
5588 4 2 111 2 1013 1203 1068 1300
5589 4 2 111 2 370 124 1216 1346
5590 4 2 111 2 311 67 1217 1345
5591 4 2 111 2 857 762 817 1058
5592 4 2 111 2 593 557 555 1326
5593 4 2 111 2 871 867 1080 1264
5594 4 2 111 2 538 536 535 1134
5595 4 2 111 2 299 235 261 1138
5596 4 2 111 2 1126 1029 1193 1313
5597 4 2 111 2 216 721 215 1234
5598 4 2 111 2 216 215 846 1234
5599 4 2 111 2 941 780 864 1126
5600 4 2 111 2 90 89 345 1336
5601 4 2 111 2 282 248 40 456
5602 4 2 111 2 283 245 28 706
5603 4 2 111 2 34 581 284 246
5604 4 2 111 2 879 780 870 1126
5605 4 2 111 2 1108 1183 1035 1249
5606 4 2 111 2 550 549 551 1329
5607 4 2 111 2 1070 1206 1006 1207
5608 4 2 111 2 1006 1206 1071 1207
5609 4 2 111 2 558 557 559 1326
5610 4 2 111 2 555 554 553 1340
5611 4 2 111 2 659 1133 661 1317
5612 4 2 111 2 347 342 113 1183
5613 4 2 111 2 1101 1289 1185 1311
5614 4 2 111 2 543 1157 606 1260
5615 4 2 111 2 481 1115 418 1339
5616 4 2 111 2 444 425 484 1306
5617 4 2 111 2 582 580 588 1112
5618 4 2 111 2 911 942 147 863
5619 4 2 111 2 186 914 14 899
5620 4 2 111 2 205 922 15 900
5621 4 2 111 2 901 224 16 930
5622 4 2 111 2 211 858 212 1098
5623 4 2 111 2 361 1286 363 1318
5624 4 2 111 2 692 667 730 1035
5625 4 2 111 2 213 638 1107 1337
5626 4 2 111 2 357 119 358 1178
5627 4 2 111 2 876 1165 270 1338
5628 4 2 111 2 772 219 218 1083
5629 4 2 111 2 459 397 151 1235
5630 4 2 111 2 347 1183 113 1212
5631 4 2 111 2 558 592 556 1220
5632 4 2 111 2 236 277 1295 1312
5633 4 2 111 2 604 568 1049 1233
5634 4 2 111 2 1055 1236 1037 1320
5635 4 2 111 2 1156 1237 1032 1238
5636 4 2 111 2 442 417 480 1040
5637 4 2 111 2 280 1166 274 1312
5638 4 2 111 2 676 675 674 1310
5639 4 2 111 2 64 1073 63 1309
5640 4 2 111 2 935 936 945 1196
5641 4 2 111 2 944 927 928 1197
5642 4 2 111 2 920 943 919 1195
5643 4 2 111 2 464 509 397 1341
5644 4 2 111 2 994 1246 1133 1277
5645 4 2 111 2 979 1251 1152 1284
5646 4 2 111 2 281 247 22 836
5647 4 2 111 2 855 792 817 1050
5648 4 2 111 2 121 1074 120 1304
5649 4 2 111 2 1152 1251 992 1284
5650 4 2 111 2 272 1165 266 1311
5651 4 2 111 2 1010 1155 1071 1201
5652 4 2 111 2 149 502 402 1093
5653 4 2 111 2 332 1261 1199 1298
5654 4 2 111 2 473 1090 152 1235
5655 4 2 111 2 1072 1031 1225 1293
5656 4 2 111 2 1084 1124 999 1210
5657 4 2 111 2 1068 1203 1013 1204
5658 4 2 111 2 49 1270 368 1295
5659 4 2 111 2 839 1254 1092 1319
5660 4 2 111 2 573 572 526 1117
5661 4 2 111 2 698 697 651 1118
5662 4 2 111 2 448 447 401 1116
5663 4 2 111 2 557 558 556 1326
5664 4 2 111 2 317 318 81 1180
5665 4 2 111 2 1022 1199 1261 1298
5666 4 2 111 2 411 1132 413 1209
5667 4 2 111 2 1133 1211 983 1277
5668 4 2 111 2 661 1133 663 1211
5669 4 2 111 2 115 369 1162 1344
5670 4 2 111 2 771 846 215 1234
5671 4 2 111 2 648 215 721 1234
5672 4 2 111 2 759 714 755 1317
5673 4 2 111 2 1013 1203 1070 1204
5674 4 2 111 2 369 375 115 1162
5675 4 2 111 2 740 679 681 1257
5676 4 2 111 2 711 712 710 1285
5677 4 2 111 2 1065 1230 995 1244
5678 4 2 111 2 422 424 423 1280
5679 4 2 111 2 859 775 820 1320
5680 4 2 111 2 996 1211 1133 1277
5681 4 2 111 2 109 345 108 1202
5682 4 2 111 2 431 432 433 1350
5683 4 2 111 2 995 1065 1244 1269
5684 4 2 111 2 527 168 627 1094
5685 4 2 111 2 151 152 773 1254
5686 4 2 111 2 545 546 544 1260
5687 4 2 111 2 464 397 1235 1341
5688 4 2 111 2 91 325 90 1283
5689 4 2 111 2 630 634 589 1302
5690 4 2 111 2 778 876 831 1338
5691 4 2 111 2 394 458 408 1230
5692 4 2 111 2 492 446 439 1088
5693 4 2 111 2 617 571 564 1087
5694 4 2 111 2 696 689 742 1086
5695 4 2 111 2 1025 1113 1191 1247
5696 4 2 111 2 133 614 511 939
5697 4 2 111 2 139 739 636 940
5698 4 2 111 2 127 489 386 938
5699 4 2 111 2 480 1342 1040 1349
5700 4 2 111 2 79 314 316 1184
5701 4 2 111 2 417 415 416 1129
5702 4 2 111 2 96 349 355 1159
5703 4 2 111 2 1016 1237 1079 1318
5704 4 2 111 2 523 600 577 1110
5705 4 2 111 2 839 834 1254 1319
5706 4 2 111 2 1093 1170 250 1288
5707 4 2 111 2 907 908 898 1278
5708 4 2 111 2 216 765 217 1082
5709 4 2 111 2 644 708 1246 1325
5710 4 2 111 2 827 797 850 1200
5711 4 2 111 2 291 277 276 1100
5712 4 2 111 2 999 1111 1098 1276
5713 4 2 111 2 1012 1219 1068 1221
5714 4 2 111 2 115 1075 114 1344
5715 4 2 111 2 901 931 932 1146
5716 4 2 111 2 839 1092 835 1319
5717 4 2 111 2 712 635 707 1101
5718 4 2 111 2 913 909 890 1151
5719 4 2 111 2 917 892 921 1149
5720 4 2 111 2 929 925 891 1150
5721 4 2 111 2 174 388 483 1274
5722 4 2 111 2 923 924 900 1139
5723 4 2 111 2 915 916 899 1140
5724 4 2 111 2 859 820 802 1028
5725 4 2 111 2 908 913 886 1208
5726 4 2 111 2 92 322 1231 1276
5727 4 2 111 2 809 810 811 1347
5728 4 2 111 2 567 512 607 1000
5729 4 2 111 2 707 712 1101 1285
5730 4 2 111 2 1046 1178 1121 1257
5731 4 2 111 2 503 439 472 1088
5732 4 2 111 2 753 689 722 1086
5733 4 2 111 2 597 628 564 1087
5734 4 2 111 2 666 667 665 1128
5735 4 2 111 2 288 711 31 278
5736 4 2 111 2 285 586 37 262
5737 4 2 111 2 1073 1219 63 1309
5738 4 2 111 2 264 258 1171 1270
5739 4 2 111 2 657 705 656 1114
5740 4 2 111 2 866 1189 165 1334
5741 4 2 111 2 996 1246 1161 1277
5742 4 2 111 2 117 376 374 1167
5743 4 2 111 2 1115 1144 1040 1192
5744 4 2 111 2 1111 1231 1050 1276
5745 4 2 111 2 235 261 1138 1171
5746 4 2 111 2 285 262 263 1175
5747 4 2 111 2 224 901 757 1146
5748 4 2 111 2 297 233 253 1145
5749 4 2 111 2 545 606 577 1260
5750 4 2 111 2 598 566 607 1186
5751 4 2 111 2 1054 1306 395 1307
5752 4 2 111 2 1036 1281 1142 1306
5753 4 2 111 2 74 322 323 1268
5754 4 2 111 2 826 850 799 1200
5755 4 2 111 2 534 533 535 1134
5756 4 2 111 2 832 1131 837 1152
5757 4 2 111 2 113 1079 112 1318
5758 4 2 111 2 1073 1219 1012 1221
5759 4 2 111 2 410 409 408 1132
5760 4 2 111 2 659 658 660 1133
5761 4 2 111 2 144 941 780 864
5762 4 2 111 2 686 687 685 1104
5763 4 2 111 2 562 560 561 1105
5764 4 2 111 2 701 676 674 1310
5765 4 2 111 2 233 252 253 1170
5766 4 2 111 2 163 873 868 1190
5767 4 2 111 2 1108 1183 1024 1331
5768 4 2 111 2 478 396 155 1342
5769 4 2 111 2 437 435 436 1106
5770 4 2 111 2 583 190 191 1081
5771 4 2 111 2 1059 1299 493 1327
5772 4 2 111 2 58 1206 1071 1294
5773 4 2 111 2 1009 1225 1135 1293
5774 4 2 111 2 1023 1212 1075 1344
5775 4 2 111 2 845 826 801 1136
5776 4 2 111 2 205 900 632 1139
5777 4 2 111 2 899 507 186 1140
5778 4 2 111 2 346 1066 1289 1324
5779 4 2 111 2 493 1059 391 1299
5780 4 2 111 2 1130 1138 984 1323
5781 4 2 111 2 1190 1252 1059 1327
5782 4 2 111 2 515 595 576 1109
5783 4 2 111 2 238 279 289 1245
5784 4 2 111 2 524 593 575 1113
5785 4 2 111 2 1112 1194 1067 1348
5786 4 2 111 2 321 92 322 1231
5787 4 2 111 2 865 862 766 1262
5788 4 2 111 2 255 1138 1130 1292
5789 4 2 111 2 812 811 810 1229
5790 4 2 111 2 162 391 493 1059
5791 4 2 111 2 199 1143 641 1247
5792 4 2 111 2 400 483 485 1244
5793 4 2 111 2 994 1205 1069 1336
5794 4 2 111 2 911 908 912 1264
5795 4 2 111 2 395 487 160 1054
5796 4 2 111 2 988 1114 1101 1289
5797 4 2 111 2 1018 1240 1075 1241
5798 4 2 111 2 476 1037 1281 1306
5799 4 2 111 2 604 602 568 1233
5800 4 2 111 2 288 238 750 1245
5801 4 2 111 2 424 425 423 1280
5802 4 2 111 2 512 598 607 1186
5803 4 2 111 2 432 434 433 1350
5804 4 2 111 2 610 539 611 1258
5805 4 2 111 2 957 339 1147 1208
5806 4 2 111 2 1067 973 1228 1348
5807 4 2 111 2 310 311 1253 1314
5808 4 2 111 2 306 1137 50 1323
5809 4 2 111 2 559 557 574 1326
5810 4 2 111 2 213 724 638 1337
5811 4 2 111 2 334 99 337 1214
5812 4 2 111 2 576 1109 551 1329
5813 4 2 111 2 1115 1274 1192 1339
5814 4 2 111 2 975 1148 1118 1259
5815 4 2 111 2 938 902 497 1172
5816 4 2 111 2 903 622 939 1173
5817 4 2 111 2 940 904 747 1174
5818 4 2 111 2 1079 1237 112 1318
5819 4 2 111 2 242 752 187 1166
5820 4 2 111 2 370 1250 371 1315
5821 4 2 111 2 206 243 876 1165
5822 4 2 111 2 1132 1209 982 1263
5823 4 2 111 2 111 1032 1156 1237
5824 4 2 111 2 263 296 277 1295
5825 4 2 111 2 1161 1246 994 1277
5826 4 2 111 2 395 487 1054 1307
5827 4 2 111 2 509 473 397 1235
5828 4 2 111 2 997 1156 1081 1258
5829 4 2 111 2 274 242 273 1166
5830 4 2 111 2 482 387 1033 1342
5831 4 2 111 2 334 1214 337 1297
5832 4 2 111 2 649 218 219 1083
5833 4 2 111 2 898 883 167 1278
5834 4 2 111 2 1187 1239 1077 1328
5835 4 2 111 2 154 478 155 1308
5836 4 2 111 2 403 406 455 1291
5837 4 2 111 2 555 575 1113 1340
5838 4 2 111 2 1100 1295 277 1312
5839 4 2 111 2 388 454 483 1274
5840 4 2 111 2 1095 1117 1019 1250
5841 4 2 111 2 327 323 94 1225
5842 4 2 111 2 976 1117 1095 1250
5843 4 2 111 2 622 132 903 939
5844 4 2 111 2 138 940 904 747
5845 4 2 111 2 126 497 938 902
5846 4 2 111 2 1077 1240 1018 1241
5847 4 2 111 2 1040 1332 1282 1342
5848 4 2 111 2 1096 1116 1021 1253
5849 4 2 111 2 977 1116 1096 1253
5850 4 2 111 2 1062 1282 1268 1308
5851 4 2 111 2 1158 1235 1164 1341
5852 4 2 111 2 1060 1153 1002 1274
5853 4 2 111 2 1103 1214 1027 1297
5854 4 2 111 2 984 1182 1137 1291
5855 4 2 111 2 231 264 3 1270
5856 4 2 111 2 270 1165 267 1338
5857 4 2 111 2 266 243 265 1165
5858 4 2 111 2 543 606 545 1260
5859 4 2 111 2 229 87 340 1145
5860 4 2 111 2 767 220 841 1273
5861 4 2 111 2 748 662 756 1285
5862 4 2 111 2 543 545 544 1260
5863 4 2 111 2 830 1152 838 1284
5864 4 2 111 2 1044 1102 1099 1256
5865 4 2 111 2 1092 1254 1030 1319
5866 4 2 111 2 1030 1255 1092 1319
5867 4 2 111 2 1100 1312 987 1348
5868 4 2 111 2 995 1209 1132 1263
5869 4 2 111 2 31 711 288 750
5870 4 2 111 2 586 37 625 285
5871 4 2 111 2 1076 1143 1191 1247
5872 4 2 111 2 777 871 867 1080
5873 4 2 111 2 308 1138 68 1288
5874 4 2 111 2 725 701 674 1310
5875 4 2 111 2 302 304 74 1282
5876 4 2 111 2 999 1231 1111 1276
5877 4 2 111 2 335 97 336 1248
5878 4 2 111 2 539 610 541 1160
5879 4 2 111 2 907 906 902 1278
5880 4 2 111 2 1125 1187 1017 1321
5881 4 2 111 2 978 1138 1130 1323
5882 4 2 111 2 999 1210 1124 1231
5883 4 2 111 2 724 214 648 1337
5884 4 2 111 2 522 171 170 1141
5885 4 2 111 2 264 235 3 1171
5886 4 2 111 2 280 275 274 1166
5887 4 2 111 2 1119 1181 1014 1303
5888 4 2 111 2 864 145 941 761
5889 4 2 111 2 1045 1299 1059 1327
5890 4 2 111 2 1072 1225 1031 1290
5891 4 2 111 2 233 253 1145 1170
5892 4 2 111 2 217 640 216 1082
5893 4 2 111 2 255 1130 240 1292
5894 4 2 111 2 481 454 388 1274
5895 4 2 111 2 1161 1283 90 1336
5896 4 2 111 2 1114 1205 1066 1289
5897 4 2 111 2 234 269 298 1185
5898 4 2 111 2 624 239 35 284
5899 4 2 111 2 282 41 240 499
5900 4 2 111 2 146 863 942 761
5901 4 2 111 2 155 396 156 1349
5902 4 2 111 2 810 1229 811 1347
5903 4 2 111 2 1023 1212 1079 1213
5904 4 2 111 2 1068 1203 61 1300
5905 4 2 111 2 272 267 266 1165
5906 4 2 111 2 1110 1162 1049 1344
5907 4 2 111 2 568 544 546 1233
5908 4 2 111 2 1079 1237 1016 1238
5909 4 2 111 2 201 517 591 1333
5910 4 2 111 2 342 93 344 1249
5911 4 2 111 2 497 404 492 1172
5912 4 2 111 2 617 622 529 1173
5913 4 2 111 2 747 654 742 1174
5914 4 2 111 2 1070 1206 59 1301
5915 4 2 111 2 673 674 675 1310
5916 4 2 111 2 117 354 356 1328
5917 4 2 111 2 206 876 778 1165
5918 4 2 111 2 357 354 118 1328
5919 4 2 111 2 434 436 435 1106
5920 4 2 111 2 685 684 686 1104
5921 4 2 111 2 560 559 561 1105
5922 4 2 111 2 442 1040 480 1342
5923 4 2 111 2 875 237 23 281
5924 4 2 111 2 652 187 752 1166
5925 4 2 111 2 749 29 283 238
5926 4 2 111 2 154 155 853 1308
5927 4 2 111 2 982 1164 1235 1341
5928 4 2 111 2 929 12 124 891
5929 4 2 111 2 921 9 67 892
5930 4 2 111 2 893 105 11 937
5931 4 2 111 2 913 10 86 890
5932 4 2 111 2 938 497 489 1172
5933 4 2 111 2 614 939 622 1173
5934 4 2 111 2 940 747 739 1174
5935 4 2 111 2 722 636 753 1196
5936 4 2 111 2 511 628 597 1197
5937 4 2 111 2 386 503 472 1195
5938 4 2 111 2 339 105 893 1147
5939 4 2 111 2 102 1261 332 1298
5940 4 2 111 2 644 209 708 1325
5941 4 2 111 2 1035 1183 1108 1331
5942 4 2 111 2 492 1088 503 1172
5943 4 2 111 2 628 617 1087 1173
5944 4 2 111 2 742 1086 753 1174
5945 4 2 111 2 323 327 75 1102
5946 4 2 111 2 874 1131 832 1338
5947 4 2 111 2 1041 1180 1122 1299
5948 4 2 111 2 278 242 275 1166
5949 4 2 111 2 1067 1228 973 1267
5950 4 2 111 2 95 1169 96 1290
5951 4 2 111 2 877 149 779 1093
5952 4 2 111 2 501 168 403 1094
5953 4 2 111 2 1122 1180 1041 1300
5954 4 2 111 2 53 365 52 1224
5955 4 2 111 2 886 957 953 1208
5956 4 2 111 2 132 622 614 939
5957 4 2 111 2 739 940 138 747
5958 4 2 111 2 489 126 497 938
5959 4 2 111 2 534 536 537 1302
5960 4 2 111 2 485 454 416 1339
5961 4 2 111 2 40 282 456 499
5962 4 2 111 2 28 283 706 749
5963 4 2 111 2 624 34 581 284
5964 4 2 111 2 834 151 773 1254
5965 4 2 111 2 860 791 829 1111
5966 4 2 111 2 749 706 707 1101
5967 4 2 111 2 295 261 255 1138
5968 4 2 111 2 1061 1283 1161 1336
5969 4 2 111 2 267 270 243 1165
5970 4 2 111 2 1098 1111 1009 1276
5971 4 2 111 2 1090 1235 1198 1254
5972 4 2 111 2 368 379 1295 1312
5973 4 2 111 2 302 56 55 1192
5974 4 2 111 2 354 1187 356 1328
5975 4 2 111 2 90 1283 324 1336
5976 4 2 111 2 481 420 418 1115
5977 4 2 111 2 1036 1184 1127 1307
5978 4 2 111 2 236 276 277 1312
5979 4 2 111 2 973 1067 1330 1348
5980 4 2 111 2 526 203 204 1095
5981 4 2 111 2 401 184 185 1096
5982 4 2 111 2 287 271 237 1338
5983 4 2 111 2 1046 1076 1178 1257
5984 4 2 111 2 992 1251 1069 1284
5985 4 2 111 2 366 1330 1067 1348
5986 4 2 111 2 621 526 204 1095
5987 4 2 111 2 496 401 185 1096
5988 4 2 111 2 1122 1299 1180 1350
5989 4 2 111 2 1030 1164 1158 1235
5990 4 2 111 2 271 293 253 1145
5991 4 2 111 2 655 141 738 935
5992 4 2 111 2 919 129 405 488
5993 4 2 111 2 135 530 927 613
5994 4 2 111 2 1075 1212 1023 1213
5995 4 2 111 2 339 893 957 1147
5996 4 2 111 2 90 324 89 1336
5997 4 2 111 2 502 461 402 1292
5998 4 2 111 2 305 52 51 1296
5999 4 2 111 2 432 449 434 1350
6000 4 2 111 2 1038 1187 1125 1321
6001 4 2 111 2 484 1306 1036 1307
6002 4 2 111 2 199 641 200 1247
6003 4 2 111 2 281 22 875 836
6004 4 2 111 2 1127 1184 1036 1301
6005 4 2 111 2 1057 1267 1067 1330
6006 4 2 111 2 218 844 772 1287
6007 4 2 111 2 633 131 914 903
6008 4 2 111 2 508 902 125 906
6009 4 2 111 2 137 758 904 922
6010 4 2 111 2 999 1124 1111 1231
6011 4 2 111 2 638 212 213 1107
6012 4 2 111 2 954 360 891 1343
6013 4 2 111 2 593 574 557 1326
6014 4 2 111 2 1067 1267 973 1330
6015 4 2 111 2 890 955 319 1345
6016 4 2 111 2 892 956 380 1346
6017 4 2 111 2 1069 1325 994 1336
6018 4 2 111 2 1024 1108 1107 1249
6019 4 2 111 2 163 495 164 1327
6020 4 2 111 2 662 659 661 1317
6021 4 2 111 2 707 635 749 1101
6022 4 2 111 2 738 945 140 1196
6023 4 2 111 2 134 613 944 1197
6024 4 2 111 2 488 943 128 1195
6025 4 2 111 2 898 13 167 883
6026 4 2 111 2 1067 1228 1112 1348
6027 4 2 111 2 612 520 1177 1204
6028 4 2 111 2 473 152 397 1235
6029 4 2 111 2 1075 1212 114 1344
6030 4 2 111 2 209 208 768 1325
6031 4 2 111 2 1036 1306 1054 1307
6032 4 2 111 2 882 930 905 143
6033 4 2 111 2 1015 1076 1191 1247
6034 4 2 111 2 449 432 468 1350
6035 4 2 111 2 576 551 549 1329
6036 4 2 111 2 387 1308 1033 1342
6037 4 2 111 2 445 1218 487 1307
6038 4 2 111 2 1048 1178 1076 1257
6039 4 2 111 2 881 839 787 1092
6040 4 2 111 2 802 820 804 1262
6041 4 2 111 2 236 300 379 1295
6042 4 2 111 2 708 658 644 1246
6043 4 2 111 2 1008 1159 1120 1169
6044 4 2 111 2 1089 1011 1229 1298
6045 4 2 111 2 906 167 508 1278
6046 4 2 111 2 1018 1162 1110 1344
6047 4 2 111 2 555 553 575 1340
6048 4 2 111 2 310 311 66 1253
6049 4 2 111 2 856 1135 795 1293
6050 4 2 111 2 285 239 625 1175
6051 4 2 111 2 913 86 10 886
6052 4 2 111 2 371 370 123 1250
6053 4 2 111 2 50 1137 51 1330
6054 4 2 111 2 698 722 688 1118
6055 4 2 111 2 573 597 563 1117
6056 4 2 111 2 438 448 472 1116
6057 4 2 111 2 1040 1282 1062 1342
6058 4 2 111 2 500 286 42 240
6059 4 2 111 2 239 625 36 285
6060 4 2 111 2 462 500 1130 1292
6061 4 2 111 2 256 250 1170 1288
6062 4 2 111 2 1033 1282 1332 1342
6063 4 2 111 2 665 732 663 1211
6064 4 2 111 2 580 528 531 1305
6065 4 2 111 2 519 190 583 1265
6066 4 2 111 2 832 837 872 1152
6067 4 2 111 2 587 631 585 1267
6068 4 2 111 2 86 890 319 1151
6069 4 2 111 2 892 380 67 1149
6070 4 2 111 2 360 124 891 1150
6071 4 2 111 2 415 482 413 1209
6072 4 2 111 2 148 883 898 911
6073 4 2 111 2 256 233 1 1170
6074 4 2 111 2 49 264 1171 1270
6075 4 2 111 2 765 844 217 1287
6076 4 2 111 2 308 306 50 1323
6077 4 2 111 2 893 934 957 1147
6078 4 2 111 2 24 237 874 287
6079 4 2 111 2 234 269 1185 1311
6080 4 2 111 2 998 1081 1202 1265
6081 4 2 111 2 822 813 823 1193
6082 4 2 111 2 750 288 30 238
6083 4 2 111 2 987 1194 1112 1348
6084 4 2 111 2 136 632 900 927
6085 4 2 111 2 507 130 919 899
6086 4 2 111 2 901 142 757 935
6087 4 2 111 2 1012 1180 1122 1300
6088 4 2 111 2 911 863 871 1264
6089 4 2 111 2 385 499 457 1130
6090 4 2 111 2 507 186 14 899
6091 4 2 111 2 15 205 900 632
6092 4 2 111 2 757 224 16 901
6093 4 2 111 2 821 866 867 1226
6094 4 2 111 2 346 1205 88 1289
6095 4 2 111 2 1013 1184 1127 1301
6096 4 2 111 2 879 847 864 1126
6097 4 2 111 2 3 235 49 1171
6098 4 2 111 2 202 203 578 1222
6099 4 2 111 2 453 183 184 1223
6100 4 2 111 2 996 1161 1085 1266
6101 4 2 111 2 321 72 325 1210
6102 4 2 111 2 1001 1107 1108 1249
6103 4 2 111 2 359 234 298 1185
6104 4 2 111 2 1040 1342 1062 1349
6105 4 2 111 2 1024 1183 1108 1249
6106 4 2 111 2 439 503 492 1088
6107 4 2 111 2 753 742 689 1086
6108 4 2 111 2 617 564 628 1087
6109 4 2 111 2 588 580 532 1112
6110 4 2 111 2 657 713 705 1114
6111 4 2 111 2 231 3 49 1270
6112 4 2 111 2 743 641 717 1257
6113 4 2 111 2 323 322 93 1276
6114 4 2 111 2 989 1151 1088 1172
6115 4 2 111 2 990 1149 1087 1173
6116 4 2 111 2 991 1150 1086 1174
6117 4 2 111 2 591 1247 200 1333
6118 4 2 111 2 411 413 441 1209
6119 4 2 111 2 1022 1298 1261 1347
6120 4 2 111 2 391 1218 490 1299
6121 4 2 111 2 1101 1285 974 1289
6122 4 2 111 2 1061 1325 1069 1336
6123 4 2 111 2 996 1085 1161 1246
6124 4 2 111 2 234 268 269 1311
6125 4 2 111 2 140 896 636 1196
6126 4 2 111 2 895 511 134 1197
6127 4 2 111 2 386 128 894 1195
6128 4 2 111 2 153 152 473 1090
6129 4 2 111 2 153 848 152 1090
6130 4 2 111 2 988 1205 1114 1289
6131 4 2 111 2 682 684 683 1275
6132 4 2 111 2 516 1220 618 1221
6133 4 2 111 2 196 197 596 1241
6134 4 2 111 2 271 1145 1131 1338
6135 4 2 111 2 484 425 427 1307
6136 4 2 111 2 52 364 51 1296
6137 4 2 111 2 1088 1151 989 1314
6138 4 2 111 2 837 760 875 1131
6139 4 2 111 2 691 661 663 1211
6140 4 2 111 2 740 737 695 1143
6141 4 2 111 2 1087 1149 990 1315
6142 4 2 111 2 1086 1150 991 1316
6143 4 2 111 2 830 832 838 1152
6144 4 2 111 2 299 320 235 1138
6145 4 2 111 2 704 731 668 1108
6146 4 2 111 2 458 486 408 1230
6147 4 2 111 2 949 933 1126 1147
6148 4 2 111 2 238 635 750 1245
6149 4 2 111 2 475 422 452 1123
6150 4 2 111 2 90 343 1161 1277
6151 4 2 111 2 879 823 847 1193
6152 4 2 111 2 240 255 292 1130
6153 4 2 111 2 887 937 11 1215
6154 4 2 111 2 3 264 49 1270
6155 4 2 111 2 764 158 851 1168
6156 4 2 111 2 76 329 77 1099
6157 4 2 111 2 297 340 233 1145
6158 4 2 111 2 69 328 326 1255
6159 4 2 111 2 1167 1177 1052 1340
6160 4 2 111 2 795 856 793 1135
6161 4 2 111 2 929 12 889 1216
6162 4 2 111 2 921 9 888 1217
6163 4 2 111 2 852 818 774 1256
6164 4 2 111 2 460 459 402 1158
6165 4 2 111 2 106 348 359 1185
6166 4 2 111 2 576 549 600 1329
6167 4 2 111 2 1115 1192 1040 1339
6168 4 2 111 2 601 514 1163 1207
6169 4 2 111 2 176 474 175 1155
6170 4 2 111 2 431 490 429 1299
6171 4 2 111 2 655 757 142 935
6172 4 2 111 2 919 405 130 507
6173 4 2 111 2 136 632 927 530
6174 4 2 111 2 857 790 788 1124
6175 4 2 111 2 220 221 642 1119
6176 4 2 111 2 351 1148 103 1322
6177 4 2 111 2 192 193 608 1238
6178 4 2 111 2 68 256 1170 1288
6179 4 2 111 2 973 1295 1100 1348
6180 4 2 111 2 199 198 737 1143
6181 4 2 111 2 912 897 942 1264
6182 4 2 111 2 868 842 884 1190
6183 4 2 111 2 1030 1198 1164 1235
6184 4 2 111 2 832 874 760 1131
6185 4 2 111 2 656 208 644 1325
6186 4 2 111 2 1043 1142 1280 1281
6187 4 2 111 2 599 194 195 1213
6188 4 2 111 2 329 96 335 1290
6189 4 2 111 2 341 92 1266 1335
6190 4 2 111 2 418 417 416 1339
6191 4 2 111 2 1162 1163 1039 1329
6192 4 2 111 2 1014 1178 1121 1232
6193 4 2 111 2 485 486 400 1244
6194 4 2 111 2 301 54 1269 1332
6195 4 2 111 2 55 361 54 1286
6196 4 2 111 2 1017 1187 1125 1227
6197 4 2 111 2 63 317 313 1309
6198 4 2 111 2 1015 1154 1113 1191
6199 4 2 111 2 344 111 1237 1335
6200 4 2 111 2 1035 1279 1183 1331
6201 4 2 111 2 348 346 88 1289
6202 4 2 111 2 393 491 165 1334
6203 4 2 111 2 553 595 575 1340
6204 4 2 111 2 707 748 712 1285
6205 4 2 111 2 315 58 309 1294
6206 4 2 111 2 147 871 911 863
6207 4 2 111 2 237 271 290 1131
6208 4 2 111 2 89 1251 1205 1336
6209 4 2 111 2 120 377 372 1304
6210 4 2 111 2 324 71 70 1198
6211 4 2 111 2 471 177 178 1207
6212 4 2 111 2 631 589 1267 1302
6213 4 2 111 2 946 1151 909 1172
6214 4 2 111 2 947 1149 917 1173
6215 4 2 111 2 925 948 1150 1174
6216 4 2 111 2 1042 1261 1298 1347
6217 4 2 111 2 223 1146 746 1259
6218 4 2 111 2 259 258 264 1270
6219 4 2 111 2 264 3 49 1171
6220 4 2 111 2 271 1131 237 1338
6221 4 2 111 2 1104 1181 1048 1275
6222 4 2 111 2 236 1295 379 1312
6223 4 2 111 2 500 385 462 1130
6224 4 2 111 2 664 666 665 1128
6225 4 2 111 2 986 1208 1080 1264
6226 4 2 111 2 320 299 230 1138
6227 4 2 111 2 341 344 92 1335
6228 4 2 111 2 143 905 882 780
6229 4 2 111 2 301 304 54 1332
6230 4 2 111 2 623 582 588 1228
6231 4 2 111 2 25 287 874 1338
6232 4 2 111 2 481 418 454 1339
6233 4 2 111 2 1015 1191 1113 1247
6234 4 2 111 2 832 760 837 1131
6235 4 2 111 2 464 1158 506 1341
6236 4 2 111 2 1048 1181 1104 1243
6237 4 2 111 2 230 68 320 1288
6238 4 2 111 2 69 306 308 1323
6239 4 2 111 2 462 385 457 1130
6240 4 2 111 2 230 299 295 1138
6241 4 2 111 2 229 340 297 1145
6242 4 2 111 2 539 541 540 1160
6243 4 2 111 2 468 430 450 1122
6244 4 2 111 2 1219 1220 1068 1221
6245 4 2 111 2 1099 1168 1044 1256
6246 4 2 111 2 416 415 414 1129
6247 4 2 111 2 1038 1239 1187 1321
6248 4 2 111 2 223 224 746 1146
6249 4 2 111 2 639 1188 726 1241
6250 4 2 111 2 720 676 701 1125
6251 4 2 111 2 1130 1138 978 1292
6252 4 2 111 2 1076 1247 1015 1333
6253 4 2 111 2 1 233 68 1170
6254 4 2 111 2 470 426 451 1127
6255 4 2 111 2 700 718 680 1121
6256 4 2 111 2 1100 1228 973 1348
6257 4 2 111 2 866 769 165 1189
6258 4 2 111 2 869 810 815 1229
6259 4 2 111 2 229 297 293 1145
6260 4 2 111 2 1199 1229 1011 1298
6261 4 2 111 2 389 157 477 1168
6262 4 2 111 2 715 684 699 1275
6263 4 2 111 2 49 368 379 1295
6264 4 2 111 2 359 1185 348 1311
6265 4 2 111 2 1014 1273 1119 1303
6266 4 2 111 2 985 1092 1255 1319
6267 4 2 111 2 73 304 301 1332
6268 4 2 111 2 598 171 522 1141
6269 4 2 111 2 521 602 1155 1233
6270 4 2 111 2 363 112 361 1318
6271 4 2 111 2 487 445 490 1218
6272 4 2 111 2 702 725 672 1120
6273 4 2 111 2 525 608 610 1258
6274 4 2 111 2 606 543 579 1157
6275 4 2 111 2 469 179 180 1204
6276 4 2 111 2 641 737 740 1143
6277 4 2 111 2 333 102 332 1298
6278 4 2 111 2 782 830 838 1284
6279 4 2 111 2 863 761 878 1264
6280 4 2 111 2 328 88 326 1251
6281 4 2 111 2 906 13 508 167
6282 4 2 111 2 391 162 161 1218
6283 4 2 111 2 867 878 814 1226
6284 4 2 111 2 385 240 41 499
6285 4 2 111 2 239 35 510 624
6286 4 2 111 2 883 148 871 911
6287 4 2 111 2 160 487 161 1218
6288 4 2 111 2 108 107 1194 1324
6289 4 2 111 2 73 1282 304 1332
6290 4 2 111 2 100 1214 99 1232
6291 4 2 111 2 773 839 834 1254
6292 4 2 111 2 205 621 204 1139
6293 4 2 111 2 186 496 185 1140
6294 4 2 111 2 1071 1206 1163 1207
6295 4 2 111 2 847 823 813 1193
6296 4 2 111 2 286 500 43 1292
6297 4 2 111 2 230 320 1138 1288
6298 4 2 111 2 103 351 104 1148
6299 4 2 111 2 336 79 78 1236
6300 4 2 111 2 344 341 111 1335
6301 4 2 111 2 754 738 722 1196
6302 4 2 111 2 597 629 613 1197
6303 4 2 111 2 488 472 504 1195
6304 4 2 111 2 466 181 182 1221
6305 4 2 111 2 237 23 760 875
6306 4 2 111 2 1042 1298 1089 1347
6307 4 2 111 2 973 1175 1100 1295
6308 4 2 111 2 397 152 151 1235
6309 4 2 111 2 896 936 948 1196
6310 4 2 111 2 928 947 895 1197
6311 4 2 111 2 894 920 946 1195
6312 4 2 111 2 359 87 234 1311
6313 4 2 111 2 236 379 106 1312
6314 4 2 111 2 238 749 29 635
6315 4 2 111 2 1158 1164 1064 1341
6316 4 2 111 2 14 914 186 633
6317 4 2 111 2 15 758 922 205
6318 4 2 111 2 89 88 1205 1251
6319 4 2 111 2 1112 1194 987 1305
6320 4 2 111 2 1075 1240 1188 1241
6321 4 2 111 2 1154 1220 1047 1326
6322 4 2 111 2 1070 1203 1177 1204
6323 4 2 111 2 389 158 1168 1281
6324 4 2 111 2 420 419 418 1115
6325 4 2 111 2 154 153 387 1308
6326 4 2 111 2 799 797 798 1200
6327 4 2 111 2 1022 1229 1199 1298
6328 4 2 111 2 949 934 933 1147
6329 4 2 111 2 932 931 937 1215
6330 4 2 111 2 149 249 5 241
6331 4 2 111 2 255 254 251 1292
6332 4 2 111 2 131 633 622 903
6333 4 2 111 2 904 747 758 137
6334 4 2 111 2 125 497 902 508
6335 4 2 111 2 314 318 61 1300
6336 4 2 111 2 343 91 90 1161
6337 4 2 111 2 174 483 173 1153
6338 4 2 111 2 930 224 16 882
6339 4 2 111 2 929 924 923 1216
6340 4 2 111 2 921 916 915 1217
6341 4 2 111 2 820 862 865 1262
6342 4 2 111 2 577 600 547 1110
6343 4 2 111 2 2 272 234 1311
6344 4 2 111 2 236 4 280 1312
6345 4 2 111 2 856 795 827 1293
6346 4 2 111 2 839 835 834 1319
6347 4 2 111 2 2 234 87 1311
6348 4 2 111 2 236 106 4 1312
6349 4 2 111 2 538 540 607 1186
6350 4 2 111 2 315 316 59 1301
6351 4 2 111 2 264 258 260 1171
6352 4 2 111 2 887 11 105 1215
6353 4 2 111 2 256 250 252 1170
6354 4 2 111 2 83 332 84 1199
6355 4 2 111 2 1183 1212 1051 1279
6356 4 2 111 2 168 8 244 257
6357 4 2 111 2 187 273 6 242
6358 4 2 111 2 206 265 7 243
6359 4 2 111 2 287 25 270 1338
6360 4 2 111 2 124 889 12 1216
6361 4 2 111 2 67 888 9 1217
6362 4 2 111 2 508 167 404 1278
6363 4 2 111 2 1154 1219 1047 1220
6364 4 2 111 2 239 263 291 1175
6365 4 2 111 2 1122 1180 1012 1350
6366 4 2 111 2 885 839 773 1254
6367 4 2 111 2 410 411 409 1132
6368 4 2 111 2 659 660 661 1133
6369 4 2 111 2 107 366 1194 1348
6370 4 2 111 2 1101 1245 974 1285
6371 4 2 111 2 1030 1198 1235 1254
6372 4 2 111 2 763 856 849 1293
6373 4 2 111 2 1020 1148 1118 1322
6374 4 2 111 2 256 1 68 1170
6375 4 2 111 2 534 535 536 1134
6376 4 2 111 2 305 303 52 1263
6377 4 2 111 2 695 1143 737 1239
6378 4 2 111 2 698 651 746 1259
6379 4 2 111 2 230 320 20 299
6380 4 2 111 2 256 1 230 1288
6381 4 2 111 2 320 1138 308 1171
6382 4 2 111 2 359 234 1185 1311
6383 4 2 111 2 1004 1243 1104 1322
6384 4 2 111 2 11 937 105 1215
6385 4 2 111 2 346 1289 348 1324
6386 4 2 111 2 1110 1162 1018 1329
6387 4 2 111 2 590 559 574 1176
6388 4 2 111 2 1036 1280 1142 1281
6389 4 2 111 2 465 434 449 1179
6390 4 2 111 2 328 340 1145 1170
6391 4 2 111 2 153 154 762 1308
6392 4 2 111 2 929 124 12 1216
6393 4 2 111 2 921 67 9 1217
6394 4 2 111 2 810 869 812 1229
6395 4 2 111 2 1205 1251 1069 1336
6396 4 2 111 2 933 905 949 1126
6397 4 2 111 2 886 953 908 1208
6398 4 2 111 2 286 43 254 1292
6399 4 2 111 2 465 449 392 1179
6400 4 2 111 2 320 49 235 1171
6401 4 2 111 2 233 340 68 1170
6402 4 2 111 2 239 510 625 1175
6403 4 2 111 2 339 330 1147 1208
6404 4 2 111 2 517 590 574 1176
6405 4 2 111 2 1143 1077 1239 1328
6406 4 2 111 2 232 298 294 1185
6407 4 2 111 2 393 165 164 1189
6408 4 2 111 2 43 461 254 1292
6409 4 2 111 2 1229 1298 1022 1347
6410 4 2 111 2 329 95 96 1290
6411 4 2 111 2 677 679 695 1321
6412 4 2 111 2 163 884 162 1190
6413 4 2 111 2 1109 1167 1025 1340
6414 4 2 111 2 575 593 555 1113
6415 4 2 111 2 740 717 641 1257
6416 4 2 111 2 444 423 425 1280
6417 4 2 111 2 551 576 595 1109
6418 4 2 111 2 339 957 886 1208
6419 4 2 111 2 42 500 240 385
6420 4 2 111 2 510 625 36 239
6421 4 2 111 2 201 591 200 1333
6422 4 2 111 2 98 97 1227 1248
6423 4 2 111 2 1034 1262 1091 1297
6424 4 2 111 2 974 1185 1101 1289
6425 4 2 111 2 1039 1163 1162 1206
6426 4 2 111 2 1113 1154 1015 1326
6427 4 2 111 2 365 109 364 1271
6428 4 2 111 2 1038 1188 1159 1240
6429 4 2 111 2 727 194 646 1213
6430 4 2 111 2 1192 1274 1002 1339
6431 4 2 111 2 1052 1177 1167 1203
6432 4 2 111 2 789 788 790 1124
6433 4 2 111 2 237 760 24 874
6434 4 2 111 2 1159 1188 1038 1310
6435 4 2 111 2 278 279 288 1245
6436 4 2 111 2 220 716 219 1273
6437 4 2 111 2 874 832 831 1338
6438 4 2 111 2 238 30 750 635
6439 4 2 111 2 606 579 513 1157
6440 4 2 111 2 165 166 866 1334
6441 4 2 111 2 621 632 530 1139
6442 4 2 111 2 405 496 507 1140
6443 4 2 111 2 320 235 1138 1171
6444 4 2 111 2 230 1138 295 1288
6445 4 2 111 2 90 345 343 1277
6446 4 2 111 2 218 719 217 1287
6447 4 2 111 2 643 202 745 1222
6448 4 2 111 2 518 183 620 1223
6449 4 2 111 2 427 429 445 1307
6450 4 2 111 2 455 406 407 1182
6451 4 2 111 2 306 51 50 1137
6452 4 2 111 2 1079 1213 1212 1279
6453 4 2 111 2 1124 1210 1058 1231
6454 4 2 111 2 831 270 25 1338
6455 4 2 111 2 795 793 794 1135
6456 4 2 111 2 1008 1120 1159 1310
6457 4 2 111 2 233 1145 340 1170
6458 4 2 111 2 70 305 306 1164
6459 4 2 111 2 222 223 651 1259
6460 4 2 111 2 746 757 655 1146
6461 4 2 111 2 1091 1262 1028 1297
6462 4 2 111 2 366 368 1330 1348
6463 4 2 111 2 170 406 169 1291
6464 4 2 111 2 677 695 1239 1321
6465 4 2 111 2 516 618 181 1221
6466 4 2 111 2 256 68 1 1288
6467 4 2 111 2 407 463 455 1182
6468 4 2 111 2 946 910 909 1151
6469 4 2 111 2 918 917 947 1149
6470 4 2 111 2 926 925 948 1150
6471 4 2 111 2 480 396 1342 1349
6472 4 2 111 2 1183 1279 1051 1331
6473 4 2 111 2 1100 1175 973 1228
6474 4 2 111 2 727 1213 646 1279
6475 4 2 111 2 68 230 1 1288
6476 4 2 111 2 781 778 830 1284
6477 4 2 111 2 1101 1185 974 1245
6478 4 2 111 2 1282 1308 1062 1342
6479 4 2 111 2 80 334 337 1297
6480 4 2 111 2 100 337 99 1214
6481 4 2 111 2 636 738 140 1196
6482 4 2 111 2 134 511 613 1197
6483 4 2 111 2 488 128 386 1195
6484 4 2 111 2 601 520 178 1207
6485 4 2 111 2 1089 1298 1229 1347
6486 4 2 111 2 516 180 612 1204
6487 4 2 111 2 618 620 182 1221
6488 4 2 111 2 360 105 350 1343
6489 4 2 111 2 601 177 514 1207
6490 4 2 111 2 859 800 819 1320
6491 4 2 111 2 370 380 124 1346
6492 4 2 111 2 311 319 67 1345
6493 4 2 111 2 114 367 369 1344
6494 4 2 111 2 612 179 520 1204
6495 4 2 111 2 779 150 834 1319
6496 4 2 111 2 946 909 902 1172
6497 4 2 111 2 947 917 903 1173
6498 4 2 111 2 925 904 948 1174
6499 4 2 111 2 524 200 591 1247
6500 4 2 111 2 514 176 602 1155
6501 4 2 111 2 814 812 821 1226
6502 4 2 111 2 95 349 96 1169
6503 4 2 111 2 678 677 676 1321
6504 4 2 111 2 756 662 714 1317
6505 4 2 111 2 188 189 531 1305
6506 4 2 111 2 670 669 668 1331
6507 4 2 111 2 331 332 103 1261
6508 4 2 111 2 467 431 433 1299
6509 4 2 111 2 631 537 589 1302
6510 4 2 111 2 359 348 87 1311
6511 4 2 111 2 368 106 379 1312
6512 4 2 111 2 200 524 199 1247
6513 4 2 111 2 231 296 259 1270
6514 4 2 111 2 1131 1145 979 1338
6515 4 2 111 2 368 50 366 1330
6516 4 2 111 2 351 103 352 1322
6517 4 2 111 2 708 736 658 1246
6518 4 2 111 2 362 111 110 1156
6519 4 2 111 2 359 298 232 1185
6520 4 2 111 2 339 886 86 1208
6521 4 2 111 2 346 348 107 1324
6522 4 2 111 2 809 811 840 1347
6523 4 2 111 2 467 493 1299 1327
6524 4 2 111 2 102 103 332 1261
6525 4 2 111 2 878 867 863 1264
6526 4 2 111 2 602 175 521 1155
6527 4 2 111 2 871 863 867 1264
6528 4 2 111 2 256 251 250 1288
6529 4 2 111 2 1155 1201 1060 1233
6530 4 2 111 2 643 741 203 1222
6531 4 2 111 2 616 184 518 1223
6532 4 2 111 2 308 320 68 1138
6533 4 2 111 2 107 368 366 1348
6534 4 2 111 2 57 367 56 1201
6535 4 2 111 2 340 87 328 1145
6536 4 2 111 2 231 296 1270 1295
6537 4 2 111 2 411 505 412 1341
6538 4 2 111 2 1034 1103 1262 1297
6539 4 2 111 2 118 378 119 1191
6540 4 2 111 2 391 487 490 1218
6541 4 2 111 2 671 693 669 1331
6542 4 2 111 2 310 66 65 1253
6543 4 2 111 2 122 371 123 1250
6544 4 2 111 2 60 61 374 1203
6545 4 2 111 2 58 59 375 1206
6546 4 2 111 2 320 49 3 235
6547 4 2 111 2 492 503 489 1172
6548 4 2 111 2 628 614 617 1173
6549 4 2 111 2 739 742 753 1174
6550 4 2 111 2 949 905 941 1126
6551 4 2 111 2 315 309 77 1142
6552 4 2 111 2 804 865 806 1262
6553 4 2 111 2 307 302 75 1144
6554 4 2 111 2 444 479 1280 1281
6555 4 2 111 2 68 1138 320 1288
6556 4 2 111 2 482 442 387 1342
6557 4 2 111 2 387 478 1308 1342
6558 4 2 111 2 189 647 190 1265
6559 4 2 111 2 339 330 105 1147
6560 4 2 111 2 1046 1143 1239 1328
6561 4 2 111 2 467 493 391 1299
6562 4 2 111 2 893 933 934 1147
6563 4 2 111 2 1180 1299 1045 1350
6564 4 2 111 2 363 113 112 1318
6565 4 2 111 2 479 423 444 1280
6566 4 2 111 2 1046 1239 1187 1328
6567 4 2 111 2 683 717 681 1257
6568 4 2 111 2 338 82 81 1252
6569 4 2 111 2 460 506 464 1158
6570 4 2 111 2 509 464 505 1341
6571 4 2 111 2 347 113 114 1212
6572 4 2 111 2 645 197 726 1241
6573 4 2 111 2 154 387 478 1308
6574 4 2 111 2 268 272 266 1311
6575 4 2 111 2 280 274 276 1312
6576 4 2 111 2 164 769 873 1189
6577 4 2 111 2 254 461 502 1292
6578 4 2 111 2 639 726 196 1241
6579 4 2 111 2 70 69 326 1255
6580 4 2 111 2 372 121 120 1304
6581 4 2 111 2 313 64 63 1309
6582 4 2 111 2 193 728 646 1238
6583 4 2 111 2 751 28 245 706
6584 4 2 111 2 456 248 40 501
6585 4 2 111 2 34 581 246 626
6586 4 2 111 2 611 525 610 1258
6587 4 2 111 2 893 46 339 957
6588 4 2 111 2 743 745 201 1333
6589 4 2 111 2 956 48 892 380
6590 4 2 111 2 234 18 359 298
6591 4 2 111 2 849 214 213 1337
6592 4 2 111 2 584 585 589 1267
6593 4 2 111 2 1033 1308 1282 1342
6594 4 2 111 2 242 274 275 1166
6595 4 2 111 2 603 521 174 1153
6596 4 2 111 2 836 247 22 877
6597 4 2 111 2 850 797 799 1200
6598 4 2 111 2 17 297 229 340
6599 4 2 111 2 831 25 874 1338
6600 4 2 111 2 830 782 781 1284
6601 4 2 111 2 480 396 478 1342
6602 4 2 111 2 279 238 288 1245
6603 4 2 111 2 693 1279 669 1331
6604 4 2 111 2 572 573 563 1117
6605 4 2 111 2 697 698 688 1118
6606 4 2 111 2 448 438 447 1116
6607 4 2 111 2 89 326 88 1251
6608 4 2 111 2 243 266 267 1165
6609 4 2 111 2 395 445 487 1307
6610 4 2 111 2 876 270 831 1338
6611 4 2 111 2 360 1150 891 1343
6612 4 2 111 2 328 68 340 1170
6613 4 2 111 2 49 320 308 1171
6614 4 2 111 2 840 811 822 1347
6615 4 2 111 2 377 62 63 1219
6616 4 2 111 2 890 319 1151 1345
6617 4 2 111 2 892 380 1149 1346
6618 4 2 111 2 1187 1239 1046 1321
6619 4 2 111 2 91 341 92 1266
6620 4 2 111 2 4 106 236 379
6621 4 2 111 2 87 2 359 234
6622 4 2 111 2 892 9 67 380
6623 4 2 111 2 339 105 11 893
6624 4 2 111 2 319 86 10 890
6625 4 2 111 2 12 360 124 891
6626 4 2 111 2 942 911 912 1264
6627 4 2 111 2 586 625 587 1175
6628 4 2 111 2 738 636 722 1196
6629 4 2 111 2 613 511 597 1197
6630 4 2 111 2 472 488 386 1195
6631 4 2 111 2 51 366 50 1330
6632 4 2 111 2 108 107 366 1194
6633 4 2 111 2 251 230 295 1288
6634 4 2 111 2 108 346 107 1324
6635 4 2 111 2 261 295 299 1138
6636 4 2 111 2 301 54 53 1269
6637 4 2 111 2 678 679 677 1321
6638 4 2 111 2 309 58 57 1294
6639 4 2 111 2 460 464 459 1158
6640 4 2 111 2 192 637 728 1238
6641 4 2 111 2 164 165 769 1189
6642 4 2 111 2 327 94 95 1225
6643 4 2 111 2 370 67 380 1149
6644 4 2 111 2 360 350 124 1150
6645 4 2 111 2 86 319 311 1151
6646 4 2 111 2 340 68 1 233
6647 4 2 111 2 461 43 500 1292
6648 4 2 111 2 512 603 173 1153
6649 4 2 111 2 868 884 163 1190
6650 4 2 111 2 231 379 300 1295
6651 4 2 111 2 780 143 905 144
6652 4 2 111 2 570 612 520 1177
6653 4 2 111 2 219 841 220 1273
6654 4 2 111 2 270 267 271 1338
6655 4 2 111 2 365 53 362 1224
6656 4 2 111 2 116 355 115 1240
6657 4 2 111 2 92 93 322 1276
6658 4 2 111 2 264 260 235 1171
6659 4 2 111 2 256 252 233 1170
6660 4 2 111 2 26 876 243 270
6661 4 2 111 2 44 502 241 254
6662 4 2 111 2 627 244 38 262
6663 4 2 111 2 752 242 32 278
6664 4 2 111 2 320 1 68 230
6665 4 2 111 2 229 87 2 340
6666 4 2 111 2 910 890 909 1151
6667 4 2 111 2 918 892 917 1149
6668 4 2 111 2 891 925 926 1150
6669 4 2 111 2 750 635 712 1245
6670 4 2 111 2 412 464 506 1341
6671 4 2 111 2 46 886 339 957
6672 4 2 111 2 48 9 892 380
6673 4 2 111 2 11 46 339 893
6674 4 2 111 2 359 2 18 234
6675 4 2 111 2 946 902 938 1172
6676 4 2 111 2 939 947 903 1173
6677 4 2 111 2 940 948 904 1174
6678 4 2 111 2 18 232 359 298
6679 4 2 111 2 889 48 956 380
6680 4 2 111 2 582 623 587 1228
6681 4 2 111 2 154 853 762 1308
6682 4 2 111 2 356 98 97 1227
6683 4 2 111 2 20 1 320 230
6684 4 2 111 2 357 100 99 1232
6685 4 2 111 2 373 372 64 1242
6686 4 2 111 2 293 297 253 1145
6687 4 2 111 2 353 121 352 1243
6688 4 2 111 2 832 872 838 1152
6689 4 2 111 2 670 671 669 1331
6690 4 2 111 2 231 49 3 379
6691 4 2 111 2 93 342 94 1249
6692 4 2 111 2 644 208 209 1325
6693 4 2 111 2 346 89 88 1205
6694 4 2 111 2 111 112 344 1237
6695 4 2 111 2 98 336 97 1248
6696 4 2 111 2 502 5 44 241
6697 4 2 111 2 59 316 60 1301
6698 4 2 111 2 945 936 896 1196
6699 4 2 111 2 928 895 944 1197
6700 4 2 111 2 920 894 943 1195
6701 4 2 111 2 61 318 62 1300
6702 4 2 111 2 244 38 8 627
6703 4 2 111 2 242 32 6 752
6704 4 2 111 2 141 655 142 935
6705 4 2 111 2 405 129 919 130
6706 4 2 111 2 530 927 136 135
6707 4 2 111 2 7 26 876 243
6708 4 2 111 2 780 879 864 1126
6709 4 2 111 2 259 264 231 1270
6710 4 2 111 2 389 476 158 1281
6711 4 2 111 2 73 1268 74 1282
6712 4 2 111 2 682 699 684 1275
6713 4 2 111 2 854 796 818 1256
6714 4 2 111 2 932 937 887 1215
6715 4 2 111 2 929 889 924 1216
6716 4 2 111 2 888 916 921 1217
6717 4 2 111 2 361 55 363 1286
6718 4 2 111 2 502 149 5 241
6719 4 2 111 2 877 247 21 249
6720 4 2 111 2 784 787 786 1272
6721 4 2 111 2 199 737 641 1143
6722 4 2 111 2 188 531 528 1305
6723 4 2 111 2 27 245 265 751
6724 4 2 111 2 33 246 273 626
6725 4 2 111 2 501 248 39 257
6726 4 2 111 2 441 413 482 1209
6727 4 2 111 2 787 880 786 1272
6728 4 2 111 2 115 114 369 1344
6729 4 2 111 2 627 8 244 168
6730 4 2 111 2 6 187 242 752
6731 4 2 111 2 876 206 7 243
6732 4 2 111 2 131 622 132 903
6733 4 2 111 2 126 497 902 125
6734 4 2 111 2 747 904 138 137
6735 4 2 111 2 231 300 296 1295
6736 4 2 111 2 387 442 478 1342
6737 4 2 111 2 691 663 732 1211
6738 4 2 111 2 467 391 490 1299
6739 4 2 111 2 217 844 218 1287
6740 4 2 111 2 887 360 954 1343
6741 4 2 111 2 404 166 491 1334
6742 4 2 111 2 727 639 195 1213
6743 4 2 111 2 955 888 319 1345
6744 4 2 111 2 956 889 380 1346
6745 4 2 111 2 876 25 831 270
6746 4 2 111 2 190 519 189 1265
6747 4 2 111 2 856 827 849 1293
6748 4 2 111 2 224 757 746 1146
6749 4 2 111 2 454 418 416 1339
6750 4 2 111 2 484 395 1306 1307
6751 4 2 111 2 462 461 500 1292
6752 4 2 111 2 743 201 200 1333
6753 4 2 111 2 403 169 406 1291
6754 4 2 111 2 609 570 520 1177
6755 4 2 111 2 586 627 37 262
6756 4 2 111 2 43 502 254 461
6757 4 2 111 2 711 752 31 278
6758 4 2 111 2 764 157 158 1168
6759 4 2 111 2 205 632 621 1139
6760 4 2 111 2 507 496 186 1140
6761 4 2 111 2 538 607 566 1186
6762 4 2 111 2 492 489 497 1172
6763 4 2 111 2 614 622 617 1173
6764 4 2 111 2 742 739 747 1174
6765 4 2 111 2 639 694 726 1188
6766 4 2 111 2 299 320 20 235
6767 4 2 111 2 360 350 1150 1343
6768 4 2 111 2 285 263 239 1175
6769 4 2 111 2 370 1149 380 1346
6770 4 2 111 2 319 311 1151 1345
6771 4 2 111 2 232 106 4 359
6772 4 2 111 2 886 86 10 339
6773 4 2 111 2 319 9 67 888
6774 4 2 111 2 887 105 11 360
6775 4 2 111 2 889 124 12 380
6776 4 2 111 2 552 570 609 1177
6777 4 2 111 2 298 269 294 1185
6778 4 2 111 2 907 898 906 1278
6779 4 2 111 2 236 300 19 379
6780 4 2 111 2 890 45 319 955
6781 4 2 111 2 176 175 602 1155
6782 4 2 111 2 695 737 645 1239
6783 4 2 111 2 630 589 537 1302
6784 4 2 111 2 714 662 755 1317
6785 4 2 111 2 756 710 712 1285
6786 4 2 111 2 734 677 695 1239
6787 4 2 111 2 389 158 157 1168
6788 4 2 111 2 516 592 618 1220
6789 4 2 111 2 213 214 724 1337
6790 4 2 111 2 47 954 360 891
6791 4 2 111 2 147 871 148 911
6792 4 2 111 2 569 601 514 1163
6793 4 2 111 2 639 729 694 1188
6794 4 2 111 2 478 442 480 1342
6795 4 2 111 2 36 35 510 239
6796 4 2 111 2 240 41 42 385
6797 4 2 111 2 330 331 104 1313
6798 4 2 111 2 484 445 395 1307
6799 4 2 111 2 729 673 694 1188
6800 4 2 111 2 85 311 310 1314
6801 4 2 111 2 568 605 544 1233
6802 4 2 111 2 371 66 370 1315
6803 4 2 111 2 351 123 350 1316
6804 4 2 111 2 238 29 30 635
6805 4 2 111 2 760 24 23 237
6806 4 2 111 2 6 33 273 626
6807 4 2 111 2 501 39 8 257
6808 4 2 111 2 265 7 27 751
6809 4 2 111 2 510 587 625 1175
6810 4 2 111 2 604 569 514 1163
6811 4 2 111 2 249 5 877 149
6812 4 2 111 2 521 568 602 1233
6813 4 2 111 2 178 177 601 1207
6814 4 2 111 2 867 814 821 1226
6815 4 2 111 2 626 273 6 187
6816 4 2 111 2 168 501 8 257
6817 4 2 111 2 265 7 751 206
6818 4 2 111 2 548 569 604 1163
6819 4 2 111 2 73 322 74 1268
6820 4 2 111 2 877 21 5 249
6821 4 2 111 2 90 325 324 1283
6822 4 2 111 2 194 727 195 1213
6823 4 2 111 2 319 10 45 890
6824 4 2 111 2 236 19 4 379
6825 4 2 111 2 835 779 834 1319
6826 4 2 111 2 254 255 286 1292
6827 4 2 111 2 192 728 193 1238
6828 4 2 111 2 396 477 156 1349
6829 4 2 111 2 360 12 47 891
6830 4 2 111 2 2 17 229 340
6831 4 2 111 2 145 146 897 761
6832 4 2 111 2 568 521 605 1233
6833 4 2 111 2 712 711 750 1245
6834 4 2 111 2 203 202 643 1222
6835 4 2 111 2 184 183 518 1223
6836 4 2 111 2 277 296 300 1295
6837 4 2 111 2 300 231 19 379
6838 4 2 111 2 45 319 955 888
6839 4 2 111 2 128 386 894 127
6840 4 2 111 2 139 896 636 140
6841 4 2 111 2 511 895 134 133
6842 4 2 111 2 887 47 954 360
6843 4 2 111 2 516 615 592 1220
6844 4 2 111 2 464 412 505 1341
6845 4 2 111 2 196 726 197 1241
6846 4 2 111 2 603 174 173 1153
6847 4 2 111 2 256 230 251 1288
6848 4 2 111 2 645 734 695 1239
6849 4 2 111 2 775 851 159 1320
6850 4 2 111 2 166 165 491 1334
6851 4 2 111 2 74 304 73 1282
6852 4 2 111 2 730 669 693 1279
6853 4 2 111 2 180 179 612 1204
6854 4 2 111 2 272 268 234 1311
6855 4 2 111 2 280 276 236 1312
6856 4 2 111 2 632 900 15 136
6857 4 2 111 2 142 757 16 901
6858 4 2 111 2 14 130 507 899
6859 4 2 111 2 630 537 536 1302
6860 4 2 111 2 118 354 117 1328
6861 4 2 111 2 887 954 950 1343
6862 4 2 111 2 951 888 955 1345
6863 4 2 111 2 956 952 889 1346
6864 4 2 111 2 950 954 926 1343
6865 4 2 111 2 910 951 955 1345
6866 4 2 111 2 952 956 918 1346
6867 4 2 111 2 883 898 13 148
6868 4 2 111 2 223 746 651 1259
6869 4 2 111 2 182 181 618 1221
6870 4 2 111 2 556 592 615 1220
6871 4 2 111 2 86 330 339 1208
6872 4 2 111 2 589 585 631 1267
6873 4 2 111 2 755 662 661 1317
6874 4 2 111 2 476 395 159 1306
6875 4 2 111 2 476 1281 444 1306
6876 4 2 111 2 320 3 20 235
6877 4 2 111 2 863 942 147 146
6878 4 2 111 2 614 133 132 939
6879 4 2 111 2 139 739 940 138
6880 4 2 111 2 489 127 126 938
6881 4 2 111 2 340 17 297 233
6882 4 2 111 2 493 467 440 1327
6883 4 2 111 2 443 396 480 1349
6884 4 2 111 2 443 477 396 1349
6885 4 2 111 2 247 21 22 877
6886 4 2 111 2 727 646 693 1279
6887 4 2 111 2 141 140 738 945
6888 4 2 111 2 129 943 128 488
6889 4 2 111 2 613 944 135 134
6890 4 2 111 2 246 33 34 626
6891 4 2 111 2 248 39 40 501
6892 4 2 111 2 245 27 28 751
6893 4 2 111 2 145 941 144 864
6894 4 2 111 2 4 18 232 359
6895 4 2 111 2 889 12 48 380
6896 4 2 111 2 10 46 886 339
6897 4 2 111 2 693 646 730 1279
6898 4 2 111 2 712 748 756 1285
6899 4 2 111 2 476 444 484 1306
6900 4 2 111 2 440 495 493 1327
6901 4 2 111 2 740 681 717 1257
6902 4 2 111 2 876 26 25 270
6903 4 2 111 2 752 32 31 278
6904 4 2 111 2 502 44 43 254
6905 4 2 111 2 38 37 627 262
6906 4 2 111 2 444 389 479 1281
6907 4 2 111 2 270 271 287 1338
6908 4 2 111 2 231 3 19 379
6909 4 2 111 2 865 804 820 1262
6910 4 2 111 2 476 484 395 1306
6911 4 2 111 2 882 16 930 143
6912 4 2 111 2 508 125 13 906
6913 4 2 111 2 15 758 137 922
6914 4 2 111 2 914 14 131 633
6915 4 2 111 2 35 34 624 284
6916 4 2 111 2 282 40 41 499
6917 4 2 111 2 283 28 29 749
6918 4 2 111 2 444 476 389 1281
6919 4 2 111 2 23 22 875 281
6920 4 2 111 2 487 391 161 1218
6921 4 2 111 2 319 45 9 888
6922 4 2 111 2 887 11 47 360
6923 4 2 111 2 1 17 340 233
6924 4 2 111 2 874 25 24 287
6925 4 2 111 2 288 30 31 750
6926 4 2 111 2 286 42 43 500
6927 4 2 111 2 37 36 625 285
6928 4 2 111 2 764 854 852 1256
6929 4 2 111 2 490 431 467 1299
6930 4 2 111 2 484 427 445 1307
6931 4 2 111 2 163 493 495 1327
6932 4 2 111 2 818 852 854 1256
6933 4 2 111 2 819 851 859 1320
6934 4 2 111 2 851 775 859 1320
6935 4 2 111 2 1061 782 1284 768
6936 4 2 111 2 1061 1284 782 992
6937 4 2 111 2 973 259 1094 262
6938 4 2 111 2 973 1094 259 1270
6939 4 2 111 2 1089 815 1034 808
6940 4 2 111 2 1089 1034 815 1011
6941 4 2 111 2 842 1034 815 808
6942 4 2 111 2 842 815 1034 1011
6943 4 2 111 2 1238 191 1258 192
6944 4 2 111 2 1238 1258 191 1081
6945 4 2 111 2 1084 833 999 861
6946 4 2 111 2 1084 999 833 1061
6947 4 2 111 2 1312 232 1185 106
6948 4 2 111 2 1185 232 1312 1166
6949 4 2 111 2 1185 974 1312 106
6950 4 2 111 2 1312 974 1185 1166
6951 4 2 111 2 1311 229 1145 87
6952 4 2 111 2 1145 229 1311 1165
6953 4 2 111 2 1145 979 1311 87
6954 4 2 111 2 1311 979 1145 1165
6955 4 2 111 2 338 1214 1034 337
6956 4 2 111 2 1034 1214 338 1026
6957 4 2 111 2 1202 110 1271 109
6958 4 2 111 2 1202 1271 110 1081
6959 4 2 111 2 1213 513 1079 1157
6960 4 2 111 2 1213 1079 513 194
6961 4 2 111 2 1011 1298 1252 333
6962 4 2 111 2 1011 1252 1298 1089
6963 4 2 111 2 338 1252 1298 333
6964 4 2 111 2 338 1298 1252 1089
6965 4 2 111 2 1234 850 1072 771
6966 4 2 111 2 1234 1072 850 1007
6967 4 2 111 2 229 1311 2 87
6968 4 2 111 2 2 1311 229 272
6969 4 2 111 2 232 1312 4 106
6970 4 2 111 2 4 1312 232 280
6971 4 2 111 2 1229 821 1189 869
6972 4 2 111 2 1229 1189 821 1226
6973 4 2 111 2 1284 207 1165 1069
6974 4 2 111 2 1284 1165 207 778
6975 4 2 111 2 1120 1337 724 648
6976 4 2 111 2 724 1337 1120 1024
6977 4 2 111 2 724 702 1120 648
6978 4 2 111 2 1120 702 724 1024
6979 4 2 111 2 543 1160 542 541
6980 4 2 111 2 542 1160 543 1053
6981 4 2 111 2 1099 1037 1236 77
6982 4 2 111 2 1236 1037 1099 1055
6983 4 2 111 2 1236 335 1099 77
6984 4 2 111 2 1099 335 1236 1055
6985 4 2 111 2 1088 437 446 439
6986 4 2 111 2 1088 446 437 1005
6987 4 2 111 2 1087 562 571 564
6988 4 2 111 2 1087 571 562 1003
6989 4 2 111 2 1086 687 696 689
6990 4 2 111 2 1086 696 687 1004
6991 4 2 111 2 1120 671 673 672
6992 4 2 111 2 1120 673 671 1051
6993 4 2 111 2 690 1333 1074 745
6994 4 2 111 2 1074 1333 690 1048
6995 4 2 111 2 1305 998 532 1112
6996 4 2 111 2 1305 532 998 1265
6997 4 2 111 2 1189 1226 866 821
6998 4 2 111 2 866 1226 1189 1063
6999 4 2 111 2 1256 798 796 1031
7000 4 2 111 2 1256 796 798 854
7001 4 2 111 2 1073 565 1221 620
7002 4 2 111 2 1073 1221 565 1047
7003 4 2 111 2 1310 1051 673 1120
7004 4 2 111 2 1310 673 1051 1188
7005 4 2 111 2 1110 546 548 547
7006 4 2 111 2 1110 548 546 1049
7007 4 2 111 2 1196 1118 754 975
7008 4 2 111 2 1196 754 1118 722
7009 4 2 111 2 1197 1117 629 976
7010 4 2 111 2 1197 629 1117 597
7011 4 2 111 2 1195 1116 504 977
7012 4 2 111 2 1195 504 1116 472
7013 4 2 111 2 1305 532 580 1112
7014 4 2 111 2 1305 580 532 531
7015 4 2 111 2 1078 870 1193 776
7016 4 2 111 2 1078 1193 870 1029
7017 4 2 111 2 1297 79 80 334
7018 4 2 111 2 1297 80 79 1091
7019 4 2 111 2 1343 1196 1215 975
7020 4 2 111 2 1343 1215 1196 936
7021 4 2 111 2 932 1215 1196 975
7022 4 2 111 2 932 1196 1215 936
7023 4 2 111 2 1346 1197 1216 976
7024 4 2 111 2 1346 1216 1197 928
7025 4 2 111 2 924 1197 1216 928
7026 4 2 111 2 1345 1195 1217 977
7027 4 2 111 2 1345 1217 1195 920
7028 4 2 111 2 916 1195 1217 920
7029 4 2 111 2 81 1297 80 337
7030 4 2 111 2 80 1297 81 1091
7031 4 2 111 2 1295 1175 1270 973
7032 4 2 111 2 1295 1270 1175 263
7033 4 2 111 2 259 1270 1175 973
7034 4 2 111 2 259 1175 1270 263
7035 4 2 111 2 1305 519 189 531
7036 4 2 111 2 1305 189 519 1265
7037 4 2 111 2 1246 210 650 1085
7038 4 2 111 2 1246 650 210 708
7039 4 2 111 2 579 1258 1160 610
7040 4 2 111 2 1160 1258 579 1016
7041 4 2 111 2 1135 855 792 794
7042 4 2 111 2 1135 792 855 1050
7043 4 2 111 2 1091 1252 1297 81
7044 4 2 111 2 1091 1297 1252 1034
7045 4 2 111 2 337 1297 1252 81
7046 4 2 111 2 337 1252 1297 1034
7047 4 2 111 2 1147 931 1126 1029
7048 4 2 111 2 1147 1126 931 933
7049 4 2 111 2 1329 1049 548 1110
7050 4 2 111 2 1329 548 1049 1163
7051 4 2 111 2 778 1338 1284 979
7052 4 2 111 2 1284 1338 1152 979
7053 4 2 111 2 1152 1338 1284 830
7054 4 2 111 2 289 1245 269 1185
7055 4 2 111 2 289 269 1245 279
7056 4 2 111 2 294 269 1245 1185
7057 4 2 111 2 294 1245 269 279
7058 4 2 111 2 1153 1286 1053 1060
7059 4 2 111 2 1053 1286 1153 1000
7060 4 2 111 2 1053 605 1153 1060
7061 4 2 111 2 1153 605 1053 1000
7062 4 2 111 2 160 1320 862 775
7063 4 2 111 2 862 1320 160 1054
7064 4 2 111 2 1267 522 1302 589
7065 4 2 111 2 1267 1302 522 1057
7066 4 2 111 2 1118 754 1259 698
7067 4 2 111 2 1118 1259 754 975
7068 4 2 111 2 1117 629 1095 573
7069 4 2 111 2 1117 1095 629 976
7070 4 2 111 2 621 1095 629 573
7071 4 2 111 2 621 629 1095 976
7072 4 2 111 2 1116 504 1096 448
7073 4 2 111 2 1116 1096 504 977
7074 4 2 111 2 496 1096 504 448
7075 4 2 111 2 496 504 1096 977
7076 4 2 111 2 915 1149 1173 917
7077 4 2 111 2 1173 1149 915 990
7078 4 2 111 2 1150 923 1174 991
7079 4 2 111 2 1150 1174 923 925
7080 4 2 111 2 1115 480 417 1040
7081 4 2 111 2 1115 417 480 419
7082 4 2 111 2 1214 1287 1103 1027
7083 4 2 111 2 1103 1287 1214 1083
7084 4 2 111 2 1341 441 411 505
7085 4 2 111 2 1341 411 441 1209
7086 4 2 111 2 1240 349 355 115
7087 4 2 111 2 1240 355 349 1159
7088 4 2 111 2 830 1338 778 831
7089 4 2 111 2 778 1338 830 1284
7090 4 2 111 2 1278 1151 1172 909
7091 4 2 111 2 1278 1172 1151 989
7092 4 2 111 2 1259 870 1146 1029
7093 4 2 111 2 1259 1146 870 223
7094 4 2 111 2 979 1311 1251 988
7095 4 2 111 2 979 1251 1311 87
7096 4 2 111 2 88 1251 1311 988
7097 4 2 111 2 88 1311 1251 87
7098 4 2 111 2 974 1312 1324 987
7099 4 2 111 2 974 1324 1312 106
7100 4 2 111 2 107 1324 1312 987
7101 4 2 111 2 107 1312 1324 106
7102 4 2 111 2 1151 1278 913 907
7103 4 2 111 2 913 1278 1151 989
7104 4 2 111 2 430 1299 1350 431
7105 4 2 111 2 1350 1299 430 1122
7106 4 2 111 2 1275 642 1014 699
7107 4 2 111 2 1275 1014 642 1119
7108 4 2 111 2 716 1014 642 699
7109 4 2 111 2 716 642 1014 1119
7110 4 2 111 2 1257 680 682 1121
7111 4 2 111 2 1257 682 680 681
7112 4 2 111 2 1334 777 1278 166
7113 4 2 111 2 1334 1278 777 1080
7114 4 2 111 2 1302 623 588 1228
7115 4 2 111 2 1302 588 623 537
7116 4 2 111 2 1045 1327 1106 440
7117 4 2 111 2 1045 1106 1327 1097
7118 4 2 111 2 494 1106 1327 440
7119 4 2 111 2 494 1327 1106 1097
7120 4 2 111 2 455 1291 984 403
7121 4 2 111 2 984 1291 455 1182
7122 4 2 111 2 862 1320 820 775
7123 4 2 111 2 820 1320 862 1028
7124 4 2 111 2 1009 1337 763 1107
7125 4 2 111 2 763 1337 1009 1293
7126 4 2 111 2 1116 439 472 438
7127 4 2 111 2 1116 472 439 1088
7128 4 2 111 2 1117 564 597 563
7129 4 2 111 2 1117 597 564 1087
7130 4 2 111 2 1118 689 722 688
7131 4 2 111 2 1118 722 689 1086
7132 4 2 111 2 1342 415 1040 1129
7133 4 2 111 2 1342 1040 415 442
7134 4 2 111 2 417 1040 415 1129
7135 4 2 111 2 417 415 1040 442
7136 4 2 111 2 637 1081 1238 191
7137 4 2 111 2 1238 1081 637 1032
7138 4 2 111 2 1177 615 554 570
7139 4 2 111 2 1177 554 615 1052
7140 4 2 111 2 1311 289 245 268
7141 4 2 111 2 1311 245 289 1101
7142 4 2 111 2 1188 734 675 694
7143 4 2 111 2 1188 675 734 1038
7144 4 2 111 2 1203 376 374 60
7145 4 2 111 2 1203 374 376 1167
7146 4 2 111 2 1255 1164 1198 70
7147 4 2 111 2 1255 1198 1164 1030
7148 4 2 111 2 1220 565 558 592
7149 4 2 111 2 1220 558 565 1047
7150 4 2 111 2 1206 369 375 58
7151 4 2 111 2 1206 375 369 1162
7152 4 2 111 2 932 1343 887 950
7153 4 2 111 2 887 1343 932 1215
7154 4 2 111 2 1346 924 889 1216
7155 4 2 111 2 1346 889 924 952
7156 4 2 111 2 1345 916 888 1217
7157 4 2 111 2 1345 888 916 951
7158 4 2 111 2 1261 1199 331 332
7159 4 2 111 2 1261 331 1199 1022
7160 4 2 111 2 1343 1086 1316 1150
7161 4 2 111 2 1343 1316 1086 975
7162 4 2 111 2 1345 1088 1314 1151
7163 4 2 111 2 1345 1314 1088 977
7164 4 2 111 2 1346 1087 1315 1149
7165 4 2 111 2 1346 1315 1087 976
7166 4 2 111 2 1239 198 737 645
7167 4 2 111 2 1239 737 198 1143
7168 4 2 111 2 1280 1294 1043 1123
7169 4 2 111 2 1043 1294 1280 1142
7170 4 2 111 2 1327 1011 1252 1097
7171 4 2 111 2 1327 1252 1011 1190
7172 4 2 111 2 1292 240 500 1130
7173 4 2 111 2 1292 500 240 286
7174 4 2 111 2 1267 623 587 631
7175 4 2 111 2 1267 587 623 1228
7176 4 2 111 2 881 1152 787 872
7177 4 2 111 2 787 1152 881 1092
7178 4 2 111 2 1021 447 1179 1106
7179 4 2 111 2 436 447 1179 465
7180 4 2 111 2 436 1179 447 1106
7181 4 2 111 2 1219 378 377 62
7182 4 2 111 2 1219 377 378 1154
7183 4 2 111 2 1019 572 1176 1105
7184 4 2 111 2 561 572 1176 590
7185 4 2 111 2 561 1176 572 1105
7186 4 2 111 2 1163 609 550 569
7187 4 2 111 2 1163 550 609 1039
7188 4 2 111 2 1337 638 1024 724
7189 4 2 111 2 1337 1024 638 1107
7190 4 2 111 2 731 1024 638 724
7191 4 2 111 2 731 638 1024 1107
7192 4 2 111 2 1185 289 1311 269
7193 4 2 111 2 1185 1311 289 1101
7194 4 2 111 2 1302 631 623 1267
7195 4 2 111 2 1302 623 631 537
7196 4 2 111 2 1334 446 393 491
7197 4 2 111 2 1334 393 446 1005
7198 4 2 111 2 1321 720 676 678
7199 4 2 111 2 1321 676 720 1125
7200 4 2 111 2 1334 1314 1088 989
7201 4 2 111 2 1334 1088 1314 1005
7202 4 2 111 2 327 1290 95 329
7203 4 2 111 2 95 1290 327 1225
7204 4 2 111 2 1138 292 255 1130
7205 4 2 111 2 1138 255 292 261
7206 4 2 111 2 1262 805 803 1103
7207 4 2 111 2 1262 803 805 804
7208 4 2 111 2 1153 567 512 603
7209 4 2 111 2 1153 512 567 1000
7210 4 2 111 2 1331 731 668 670
7211 4 2 111 2 1331 668 731 1108
7212 4 2 111 2 1175 277 1295 263
7213 4 2 111 2 1175 1295 277 1100
7214 4 2 111 2 290 1145 271 253
7215 4 2 111 2 271 1145 290 1131
7216 4 2 111 2 1332 54 1002 304
7217 4 2 111 2 1332 1002 54 1269
7218 4 2 111 2 430 1350 468 432
7219 4 2 111 2 468 1350 430 1122
7220 4 2 111 2 582 1175 587 510
7221 4 2 111 2 587 1175 582 1228
7222 4 2 111 2 1335 92 1001 344
7223 4 2 111 2 1335 1001 92 1266
7224 4 2 111 2 1236 1306 1320 1054
7225 4 2 111 2 1320 1306 1236 1037
7226 4 2 111 2 1285 1324 1289 1066
7227 4 2 111 2 1289 1324 1285 974
7228 4 2 111 2 891 1343 926 954
7229 4 2 111 2 926 1343 891 1150
7230 4 2 111 2 1345 890 910 1151
7231 4 2 111 2 1345 910 890 955
7232 4 2 111 2 1346 892 918 1149
7233 4 2 111 2 1346 918 892 956
7234 4 2 111 2 321 1268 322 73
7235 4 2 111 2 322 1268 321 1231
7236 4 2 111 2 1327 162 163 493
7237 4 2 111 2 1327 163 162 1190
7238 4 2 111 2 157 1256 764 852
7239 4 2 111 2 764 1256 157 1168
7240 4 2 111 2 1295 49 231 379
7241 4 2 111 2 1295 231 49 1270
7242 4 2 111 2 1343 105 887 360
7243 4 2 111 2 1343 887 105 1215
7244 4 2 111 2 1346 124 889 380
7245 4 2 111 2 1346 889 124 1216
7246 4 2 111 2 1345 67 888 319
7247 4 2 111 2 1345 888 67 1217
7248 4 2 111 2 1197 1216 927 924
7249 4 2 111 2 1197 927 1216 976
7250 4 2 111 2 1139 927 1216 924
7251 4 2 111 2 1139 1216 927 976
7252 4 2 111 2 1195 1217 919 916
7253 4 2 111 2 1195 919 1217 977
7254 4 2 111 2 1140 919 1217 916
7255 4 2 111 2 1140 1217 919 977
7256 4 2 111 2 447 1179 453 1021
7257 4 2 111 2 447 453 1179 465
7258 4 2 111 2 572 1176 578 1019
7259 4 2 111 2 572 578 1176 590
$EndElements
