$MeshFormat
2.2 0 8
$EndMeshFormat
$PhysicalNames
8
2 105 "tube_inlet"
2 106 "tube_outlet"
2 107 "tube_wall"
2 108 "shell_wall"
2 109 "shell_outlet"
2 110 "shell_inlet"
3 111 "shell_fluid"
3 112 "tube_fluid"
$EndPhysicalNames
$Nodes
541
1 1 0 0
2 0 1 0
3 0 -1 0
4 -1 0 0
5 4 0 0
6 -4 0 0
7 0 4 0
8 0 -4 0
9 1 0 5
10 0 1 5
11 0 -1 5
12 -1 0 5
13 0 4 5
14 -4 0 5
15 4 0 5
16 0 -4 5
17 0.7071067795767627 0.7071067827963323 0
18 -0.7071067827963323 0.7071067795767627 0
19 -0.7071067795767627 -0.7071067827963323 0
20 0.7071067827963323 -0.7071067795767627 0
21 3.899711648205452 0.8900837381115978 0
22 3.603875469391609 1.735534961076097 0
23 3.127325924955558 2.493959213600106 0
24 2.493959201464249 3.127325934633582 0
25 1.735534951465581 3.60387547401979 0
26 0.8900837329924179 3.899711649373871 0
27 -0.8900837381115978 3.899711648205452 0
28 -1.735534961076097 3.603875469391609 0
29 -2.493959213600106 3.127325924955558 0
30 -3.127325934633582 2.493959201464249 0
31 -3.60387547401979 1.735534951465581 0
32 -3.899711649373871 0.8900837329924179 0
33 -3.899711648205452 -0.8900837381115978 0
34 -3.603875469391609 -1.735534961076097 0
35 -3.127325924955558 -2.493959213600106 0
36 -2.493959201464249 -3.127325934633582 0
37 -1.735534951465581 -3.60387547401979 0
38 -0.8900837329924179 -3.899711649373871 0
39 0.8900837381115978 -3.899711648205452 0
40 1.735534961076097 -3.603875469391609 0
41 2.493959213600106 -3.127325924955558 0
42 3.127325934633582 -2.493959201464249 0
43 3.60387547401979 -1.735534951465581 0
44 3.899711649373871 -0.8900837329924179 0
45 0.7071067795767627 0.7071067827963323 5
46 1 0 0.9999999999984134
47 1 0 1.999999999995513
48 1 0 2.999999999996966
49 1 0 3.999999999998489
50 0 1 0.9999999999984134
51 0 1 1.999999999995513
52 0 1 2.999999999996966
53 0 1 3.999999999998489
54 0.7071067827963323 -0.7071067795767627 5
55 0 -1 0.9999999999984134
56 0 -1 1.999999999995513
57 0 -1 2.999999999996966
58 0 -1 3.999999999998489
59 -0.7071067795767627 -0.7071067827963323 5
60 -1 0 0.9999999999984134
61 -1 0 1.999999999995513
62 -1 0 2.999999999996966
63 -1 0 3.999999999998489
64 -0.7071067827963323 0.7071067795767627 5
65 -0.8900837381115978 3.899711648205452 5
66 -1.735534961076097 3.603875469391609 5
67 -2.493959213600106 3.127325924955558 5
68 -3.127325934633582 2.493959201464249 5
69 -3.60387547401979 1.735534951465581 5
70 -3.899711649373871 0.8900837329924179 5
71 0 4 0.9999999999984134
72 0 4 1.999999999995513
73 0 4 2.999999999996966
74 0 4 3.999999999998489
75 -4 0 0.9999999999984134
76 -4 0 1.999999999995513
77 -4 0 2.999999999996966
78 -4 0 3.999999999998489
79 3.899711648205452 0.8900837381115978 5
80 3.603875469391609 1.735534961076097 5
81 3.127325924955558 2.493959213600106 5
82 2.493959201464249 3.127325934633582 5
83 1.735534951465581 3.60387547401979 5
84 0.8900837329924179 3.899711649373871 5
85 4 0 0.9999999999984134
86 4 0 1.999999999995513
87 4 0 2.999999999996966
88 4 0 3.999999999998489
89 0.8900837381115978 -3.899711648205452 5
90 1.735534961076097 -3.603875469391609 5
91 2.493959213600106 -3.127325924955558 5
92 3.127325934633582 -2.493959201464249 5
93 3.60387547401979 -1.735534951465581 5
94 3.899711649373871 -0.8900837329924179 5
95 0 -4 0.9999999999984134
96 0 -4 1.999999999995513
97 0 -4 2.999999999996966
98 0 -4 3.999999999998489
99 -3.899711648205452 -0.8900837381115978 5
100 -3.603875469391609 -1.735534961076097 5
101 -3.127325924955558 -2.493959213600106 5
102 -2.493959201464249 -3.127325934633582 5
103 -1.735534951465581 -3.60387547401979 5
104 -0.8900837329924179 -3.899711649373871 5
105 0.268765817223823 0.1113264469548191 0
106 -0.3632776934576478 -0.1504745480222367 0
107 -0.1902402587220213 0.4476830150213186 0
108 0.1820395197735081 -0.4510798723262105 0
109 0.5900297926537799 1.478555355310569 0
110 1.478555355310569 -0.5900297926537799 0
111 -0.5900297926537799 -1.478555355310569 0
112 -1.478555355310569 0.5900297926537799 0
113 1.399030431283134 0.6982719220371874 0
114 -0.6982719220371871 1.399030431283133 0
115 0.6982719220371874 -1.399030431283134 0
116 -1.399030431283133 -0.6982719220371871 0
117 2.329730724022537 2.359931878477791 0
118 -2.35993187847779 2.329730724022537 0
119 -2.329730724022537 -2.35993187847779 0
120 2.35993187847779 -2.329730724022537 0
121 3.179020700420216 -0.358189607150341 0
122 -3.179020700420216 0.358189607150341 0
123 0.358189607150341 3.179020700420216 0
124 -0.358189607150341 -3.179020700420216 0
125 -1.070827296168919 2.95051381700838 0
126 -2.95051381700838 -1.070827296168919 0
127 2.95051381700838 1.070827296168919 0
128 1.070827296168919 -2.95051381700838 0
129 3.321862905887284 0.3619482260945583 0
130 2.5905874491796 0.2008208145393223 0
131 2.313747247711849 -0.6383261996626308 0
132 2.126831979408702 0.858026997941198 0
133 1.560592416977204 1.395459949557721 0
134 3.026750160166169 -1.156009001001839 0
135 2.238246163347153 -1.503907333119045 0
136 1.818125410482309 0.08812729036688283 0
137 0.3619482260945583 -3.321862905887284 0
138 0.2008208145393223 -2.5905874491796 0
139 -0.6383261996626307 -2.313747247711849 0
140 0.858026997941198 -2.126831979408702 0
141 1.413610082410551 -1.563632637572599 0
142 -1.156009001001839 -3.026750160166169 0
143 -1.503907333119045 -2.238246163347153 0
144 0.08812729036688283 -1.818125410482309 0
145 -0.3619482260945582 3.321862905887284 0
146 -0.2008208145393219 2.5905874491796 0
147 0.6383261996626308 2.313747247711849 0
148 -0.8580269979411979 2.126831979408702 0
149 -1.395459949557721 1.560592416977203 0
150 1.156009001001839 3.026750160166169 0
151 1.490424328934933 2.249670448086485 0
152 -0.08812729036688267 1.818125410482309 0
153 -3.321862905887284 -0.3619482260945582 0
154 -2.5905874491796 -0.2008208145393219 0
155 -2.313747247711849 0.6383261996626308 0
156 -2.126831979408702 -0.8580269979411979 0
157 -1.563632637572598 -1.41361008241055 0
158 -3.026750160166169 1.156009001001839 0
159 -2.249670448086485 1.490424328934933 0
160 -1.818125410482309 -0.08812729036688267 0
161 2.851786512949935 1.79189623525972 0
162 1.79189623525972 -2.851786512949935 0
163 -1.791896235259719 2.851786512949935 0
164 -2.851786512949935 -1.791896235259719 0
165 -1.841692186918522 -2.868582405902171 0
166 2.868582405902171 -1.841692186918522 0
167 1.841692186918522 2.868582405902172 0
168 -2.868582405902172 1.841692186918522 0
169 -1.620968800915305 2.218313296550281 0
170 2.218313296550282 1.620968800915306 0
171 -2.221067167346866 -1.622089775600888 0
172 1.622089775600888 -2.221067167346866 0
173 1.095813996301509 1.776477355528981 0
174 -1.776477355528981 1.095813996301509 0
175 1.776827514218772 -1.096674222497861 0
176 -1.096674222497861 -1.776827514218772 0
177 1.069441014292307 1.159078198003981 0
178 -1.159078198003981 1.069441014292307 0
179 1.160041353540352 -1.069644077952852 0
180 -1.069644077952852 -1.160041353540352 0
181 0.6996028626267493 0.7145318989411584 1.521899395471157
182 0.7021450447523313 0.712033943102256 2.505286340595859
183 0.6980352567610879 0.7160633912709699 3.477979412119395
184 0.7493596601182234 0.6621631972463441 4.244324586174053
185 0.7493596633260764 0.6621631936160672 0.7556754210426544
186 0.6972278251299446 -0.7168496075639348 1.522493814130084
187 0.7070519946022533 -0.7071615635263099 2.504137144016875
188 0.7156857645115708 -0.6984224269562715 3.477973912046201
189 0.7493596632460167 -0.6621631937066697 0.7556754219351846
190 0.6621631972463441 -0.7493596601182234 4.244324586174053
191 -0.7223047926428281 -0.6915748596682799 2.499999999996239
192 -0.7168496075639348 -0.6972278251299446 1.522493814130084
193 -0.7168496077652736 -0.6972278249229397 3.477506187464277
194 -0.6621631973369465 -0.7493596600381636 4.244324585281523
195 -0.6621631937066697 -0.7493596632460167 0.7556754219351846
196 -0.7145318989366507 0.6996028626313532 1.521899395339349
197 -0.7120339431009644 0.702145044753641 2.505286340552236
198 -0.7160633912708727 0.6980352567611876 3.477979412116001
199 -0.6621631972463441 0.7493596601182234 4.244324586174053
200 -0.6621631936160672 0.7493596633260764 0.7556754210426546
201 0.268765817223823 0.1113264469548191 5
202 -0.3632776934576478 -0.1504745480222367 5
203 -0.1902402587220213 0.4476830150213186 5
204 0.1820395197735081 -0.4510798723262105 5
205 -2.865556197398985 2.790804127764661 4.243861994060175
206 -3.386896800422297 2.12812830047655 0.7753047940087581
207 -2.131963413092556 3.384484008713106 0.745210356929341
208 -3.907398146350757 0.8557100711658494 2.48181058655305
209 -0.7905348730465683 3.921103749519674 2.510168676710046
210 -3.76550601592009 1.349431155735486 4.259115686983241
211 -1.309908565245399 3.779436406489298 4.257637661245041
212 -3.895904494672397 0.9066025415756429 1.464782282622046
213 -3.635757755231487 1.667712668679499 2.041642390116439
214 -3.636700395317375 1.665656097367776 2.914323952713942
215 -3.237588558207772 2.349046684883491 2.476531875626639
216 -3.189461270757862 2.413987738646501 3.432973532088572
217 -2.713682838803658 2.938694514641242 2.918045212065504
218 -2.793968039080811 2.862471414109655 2.153528445367208
219 -2.146418747561833 3.375335029314141 2.359431644207912
220 -2.097457383858139 3.405976001515421 3.326075557742711
221 -0.8681784459591066 3.904646742788908 1.523293349060668
222 -2.847924622401194 2.808794286721799 0.7502537887167937
223 -3.386896800422297 2.12812830047655 4.23447004694234
224 -3.895462516715219 0.9084997418088407 3.515785289817291
225 -0.8308207685993926 3.912765882398781 3.507495022468535
226 -3.761919015972617 1.359398880852717 0.7084865638702443
227 -2.115076793902515 3.395062614429233 4.147693571338711
228 -1.352352320610431 3.764457889383222 0.7485987759135042
229 -1.765575451315567 3.589253867548496 1.483943278415469
230 -3.186036977948348 2.41850540109915 1.549597566283786
231 -1.491615658060468 3.711479856961215 2.9142559347037
232 -2.508093205652432 3.116002001244561 1.452837634385717
233 -3.611809251833841 1.718963038685669 3.668560115461492
234 -0.6370511622429994 3.948944899170517 0.6687961254439743
235 -0.6331251593352303 3.94957624722156 4.331742802135953
236 -3.948734169260691 0.6383560609198312 4.350378653525347
237 -3.948386022138914 0.6405059095574693 0.6390461452354858
238 -2.610855293166856 3.030418228255403 3.602629758236764
239 -3.608974412033436 1.724906865105451 1.309550068275371
240 -1.496604128928392 3.709471132287525 2.209897512855405
241 -1.582565512207483 3.673620339606621 3.627400184807347
242 2.790804127730105 2.865556197432639 4.243861994147411
243 2.12812830047655 3.386896800422297 0.7753047940087581
244 3.384484008713106 2.131963413092556 0.745210356929341
245 0.8557100711658494 3.907398146350757 2.48181058655305
246 3.921103749519674 0.7905348730465683 2.510168676710046
247 1.349431155735486 3.76550601592009 4.259115686983241
248 3.779436406489298 1.309908565245399 4.257637661245041
249 0.9066025415756429 3.895904494672397 1.464782282622046
250 1.667712668679499 3.635757755231487 2.041642390116439
251 1.665656097367776 3.636700395317375 2.914323952713942
252 2.349046684883491 3.237588558207772 2.476531875626639
253 2.413987738171234 3.189461271117574 3.432973531983615
254 2.938694514641242 2.713682838803658 2.918045212065504
255 2.862471414109655 2.793968039080811 2.153528445367208
256 3.375335029314141 2.146418747561833 2.359431644207912
257 3.40597600163596 2.0974573836624 3.326075557618418
258 3.904646742788908 0.8681784459591066 1.523293349060668
259 2.808794286721799 2.847924622401194 0.7502537887167937
260 2.12812830047655 3.386896800422297 4.23447004694234
261 0.9084997418088407 3.895462516715219 3.515785289817291
262 3.912765882398781 0.8308207685993926 3.507495022468535
263 1.359398880852717 3.761919015972617 0.7084865638702443
264 3.395062614522533 2.115076793752753 4.147693572428025
265 3.764457889383222 1.352352320610431 0.7485987759135042
266 3.589253867548496 1.765575451315567 1.483943278415469
267 2.41850540109915 3.186036977948348 1.549597566283786
268 3.711479857088393 1.491615657744019 2.914255934499602
269 3.116002001244561 2.508093205652432 1.452837634385717
270 1.718963038513232 3.611809251915909 3.668560115473214
271 3.948944899170517 0.6370511622429994 0.6687961254439743
272 3.94957624722156 0.6331251593352303 4.331742802135953
273 0.6383560609198312 3.948734169260691 4.350378653525346
274 0.6405059095574693 3.948386022138914 0.6390461452354858
275 3.030418227931963 2.610855293542271 3.602629757934039
276 1.724906865105451 3.608974412033436 1.309550068275371
277 3.709471132287525 1.496604128928392 2.209897512855405
278 3.673620340356436 1.582565510466933 3.627400183654198
279 2.865556197398985 -2.790804127764661 4.243861994060175
280 3.386896800422297 -2.12812830047655 0.7753047940087581
281 2.131963413092556 -3.384484008713106 0.745210356929341
282 3.907398146350757 -0.8557100711658494 2.48181058655305
283 0.7905348730465683 -3.921103749519674 2.510168676710046
284 3.76550601592009 -1.349431155735486 4.259115686983241
285 1.309908565245399 -3.779436406489298 4.257637661245041
286 3.895904494672397 -0.9066025415756429 1.464782282622046
287 3.635757755231487 -1.667712668679499 2.041642390116439
288 3.636700395317375 -1.665656097367776 2.914323952713942
289 3.237588558207772 -2.349046684883491 2.476531875626639
290 3.189461270757862 -2.413987738646501 3.432973532088572
291 2.713682838803658 -2.938694514641242 2.918045212065504
292 2.793968039080811 -2.862471414109655 2.153528445367208
293 2.146418747561833 -3.375335029314141 2.359431644207912
294 2.097457383858139 -3.405976001515421 3.326075557742711
295 0.8681784459591066 -3.904646742788908 1.523293349060668
296 2.847924622401194 -2.808794286721799 0.7502537887167937
297 3.386896800422297 -2.12812830047655 4.23447004694234
298 3.895462516715219 -0.9084997418088407 3.515785289817291
299 0.8308207685993926 -3.912765882398781 3.507495022468535
300 3.761919015972617 -1.359398880852717 0.7084865638702443
301 2.115076793902515 -3.395062614429233 4.147693571338711
302 1.352352320610431 -3.764457889383222 0.7485987759135042
303 1.765575451315567 -3.589253867548496 1.483943278415469
304 3.186036977948348 -2.41850540109915 1.549597566283786
305 1.491615658060468 -3.711479856961215 2.9142559347037
306 2.508093205652432 -3.116002001244561 1.452837634385717
307 3.611809251833841 -1.718963038685669 3.668560115461492
308 0.6370511622429994 -3.948944899170517 0.6687961254439743
309 0.6331251593352303 -3.94957624722156 4.331742802135953
310 3.948734169260691 -0.6383560609198312 4.350378653525346
311 3.948386022138914 -0.6405059095574693 0.6390461452354858
312 2.610855293166856 -3.030418228255403 3.602629758236764
313 3.608974412033436 -1.724906865105451 1.309550068275371
314 1.496604128928392 -3.709471132287525 2.209897512855405
315 1.582565512207483 -3.673620339606621 3.627400184807347
316 -2.790804127730105 -2.865556197432639 4.243861994147411
317 -2.12812830047655 -3.386896800422297 0.7753047940087581
318 -3.384484008713106 -2.131963413092556 0.745210356929341
319 -0.8557100711658494 -3.907398146350757 2.48181058655305
320 -3.921103749519674 -0.7905348730465683 2.510168676710046
321 -1.349431155735486 -3.76550601592009 4.259115686983241
322 -3.779436406489298 -1.309908565245399 4.257637661245041
323 -0.9066025415756429 -3.895904494672397 1.464782282622046
324 -1.667712668679499 -3.635757755231487 2.041642390116439
325 -1.665656097367776 -3.636700395317375 2.914323952713942
326 -2.349046684883491 -3.237588558207772 2.476531875626639
327 -2.413987738171234 -3.189461271117574 3.432973531983615
328 -2.938694514641242 -2.713682838803658 2.918045212065504
329 -2.862471414109655 -2.793968039080811 2.153528445367208
330 -3.375335029314141 -2.146418747561833 2.359431644207912
331 -3.40597600163596 -2.0974573836624 3.326075557618418
332 -3.904646742788908 -0.8681784459591066 1.523293349060668
333 -2.808794286721799 -2.847924622401194 0.7502537887167937
334 -2.12812830047655 -3.386896800422297 4.23447004694234
335 -0.9084997418088407 -3.895462516715219 3.515785289817291
336 -3.912765882398781 -0.8308207685993926 3.507495022468535
337 -1.359398880852717 -3.761919015972617 0.7084865638702443
338 -3.395062614522533 -2.115076793752753 4.147693572428025
339 -3.764457889383222 -1.352352320610431 0.7485987759135042
340 -3.589253867548496 -1.765575451315567 1.483943278415469
341 -2.41850540109915 -3.186036977948348 1.549597566283786
342 -3.711479857088393 -1.491615657744019 2.914255934499602
343 -3.116002001244561 -2.508093205652432 1.452837634385717
344 -1.718963038513232 -3.611809251915909 3.668560115473214
345 -3.948944899170517 -0.6370511622429994 0.6687961254439743
346 -3.94957624722156 -0.6331251593352303 4.331742802135953
347 -0.6383560609198312 -3.948734169260691 4.350378653525346
348 -0.6405059095574693 -3.948386022138914 0.6390461452354858
349 -3.030418227931963 -2.610855293542271 3.602629757934039
350 -1.724906865105451 -3.608974412033436 1.309550068275371
351 -3.709471132287525 -1.496604128928392 2.209897512855405
352 -3.673620340356436 -1.582565510466933 3.627400183654198
353 1.478555355310569 -0.5900297926537799 5
354 -0.5900297926537799 -1.478555355310569 5
355 0.5900297926537799 1.478555355310569 5
356 -1.478555355310569 0.5900297926537799 5
357 1.399030431283134 0.6982719220371874 5
358 -0.6982719220371871 1.399030431283133 5
359 0.6982719220371874 -1.399030431283134 5
360 -1.399030431283133 -0.6982719220371871 5
361 -2.35993187847779 2.329730724022537 5
362 2.329730724022537 2.359931878477791 5
363 2.35993187847779 -2.329730724022537 5
364 -2.329730724022537 -2.35993187847779 5
365 0.358189607150341 3.179020700420216 5
366 -3.179020700420216 0.358189607150341 5
367 3.179020700420216 -0.358189607150341 5
368 -0.358189607150341 -3.179020700420216 5
369 -1.070827296168919 2.95051381700838 5
370 -2.95051381700838 -1.070827296168919 5
371 2.95051381700838 1.070827296168919 5
372 1.070827296168919 -2.95051381700838 5
373 3.321862905887284 0.3619482260945583 5
374 2.5905874491796 0.2008208145393223 5
375 2.313747247711849 -0.6383261996626308 5
376 2.126831979408702 0.858026997941198 5
377 1.560592416977204 1.395459949557721 5
378 3.026750160166169 -1.156009001001839 5
379 2.238246163347153 -1.503907333119045 5
380 1.818125410482309 0.08812729036688283 5
381 0.3619482260945583 -3.321862905887284 5
382 0.2008208145393223 -2.5905874491796 5
383 -0.6383261996626307 -2.313747247711849 5
384 0.858026997941198 -2.126831979408702 5
385 1.413610082410551 -1.563632637572599 5
386 -1.156009001001839 -3.026750160166169 5
387 -1.503907333119045 -2.238246163347153 5
388 0.08812729036688283 -1.818125410482309 5
389 -0.3619482260945582 3.321862905887284 5
390 -0.2008208145393219 2.5905874491796 5
391 0.6383261996626308 2.313747247711849 5
392 -0.8580269979411979 2.126831979408702 5
393 -1.395459949557721 1.560592416977203 5
394 1.156009001001839 3.026750160166169 5
395 1.490424328934933 2.249670448086485 5
396 -0.08812729036688267 1.818125410482309 5
397 -3.321862905887284 -0.3619482260945582 5
398 -2.5905874491796 -0.2008208145393219 5
399 -2.313747247711849 0.6383261996626308 5
400 -2.126831979408702 -0.8580269979411979 5
401 -1.563632637572598 -1.41361008241055 5
402 -3.026750160166169 1.156009001001839 5
403 -2.249670448086485 1.490424328934933 5
404 -1.818125410482309 -0.08812729036688267 5
405 2.851786512949935 1.79189623525972 5
406 1.79189623525972 -2.851786512949935 5
407 -1.791896235259719 2.851786512949935 5
408 -2.851786512949935 -1.791896235259719 5
409 2.868582405902171 -1.841692186918522 5
410 -1.841692186918522 -2.868582405902171 5
411 -2.868582405902172 1.841692186918522 5
412 1.841692186918522 2.868582405902172 5
413 -1.620968800915305 2.218313296550281 5
414 2.218313296550282 1.620968800915306 5
415 -2.221067167346866 -1.622089775600888 5
416 1.622089775600888 -2.221067167346866 5
417 1.095813996301509 1.776477355528981 5
418 -1.776477355528981 1.095813996301509 5
419 1.776827514218772 -1.096674222497861 5
420 -1.096674222497861 -1.776827514218772 5
421 1.069441014292307 1.159078198003981 5
422 -1.159078198003981 1.069441014292307 5
423 1.160041353540352 -1.069644077952852 5
424 -1.069644077952852 -1.160041353540352 5
425 -0.04429986487170484 -0.02671064263068039 4.101494076346441
426 -0.04429986537384811 -0.02671064141839881 0.8985059231511017
427 0.0007288000171866704 0.0009384523143580736 2.253808451576044
428 -1.065755298714328 -2.214530233789754 3.51316549572311
429 -1.065755298714328 -2.214530233789751 1.489571563156709
430 2.214530233789752 -1.065755298714328 1.489571563156709
431 2.281812104860248 0.8429902082310501 3.417642545246885
432 -0.8429902083739121 2.281812104988653 3.41764254511325
433 0.8423120491792475 -2.282196003615371 3.417717189937495
434 -2.300856961610454 -0.8093473560887358 3.421345606145109
435 2.214530233789752 -1.065755298714328 3.519903180614615
436 1.05886448667517 2.20842611013184 3.526318917564493
437 -2.20842611013184 1.05886448667517 3.526318917564314
438 1.058864486675171 2.208426110131841 1.474808919424037
439 -2.20842611013184 1.05886448667517 1.474808919423296
440 -2.308115145564947 -0.8174872724769218 1.586235904760523
441 0.8174872724769229 -2.308115145564946 1.586235904760523
442 2.288763480237904 0.8462920646969607 1.587690511785304
443 -0.8462920646991462 2.288763480236435 1.587690511785413
444 -1.95787434315564 -1.814443795255845 2.531127324114257
445 1.827176539934482 -1.930003629945601 2.504737371885662
446 1.942518883787045 1.844000246415697 2.535762129364264
447 -1.844000246546754 1.942518883757327 2.53576212938099
448 2.65955920039452 -0.1775316666610459 2.504737371885662
449 -2.622524089665208 0.1976469259578915 2.500563918493805
450 0.1792190554331168 2.656351693580615 2.502228683729971
451 -0.1740288710204347 -2.673017788985526 2.520931786630732
452 -2.140243551474126 -1.888006729400699 3.858455613459271
453 1.908677428397177 -2.136716458550444 3.871039120340529
454 2.134780554259999 1.909935974113488 3.870872411962069
455 -1.909935974134362 2.13478055422665 3.870872411996588
456 -0.1115185370872367 -2.822961561818158 3.876848864863901
457 2.823265971579335 -0.1097872685330625 3.87693022904066
458 0.1070942670186386 2.824284147910238 3.8778244487827
459 -0.1346790442993731 -2.831609270255094 1.106311834406116
460 2.831609270255094 -0.1346790442993731 1.106311834406116
461 -2.097750553362287 -2.017173479010812 1.057850892834757
462 2.017173479010812 -2.097750553362287 1.057850892834757
463 -2.833152236966837 0.1297230798941441 3.894867581434554
464 0.1322085423298945 2.833956242226566 1.103500110870927
465 -2.833956242226645 0.1322085423298112 1.103500110870832
466 2.097983937232808 2.016992544351079 1.057819555562266
467 -2.016992544351055 2.097983937232959 1.057819555562185
468 -0.8492345245431414 -1.793275062092973 2.510357140209792
469 1.790867570675141 -0.8388407273373653 2.470463624603489
470 1.462146296177122 -1.226644742943779 4.124688516692138
471 1.14029430094238 -2.747171640062855 2.504166245363669
472 1.22628185033606 1.461641400629447 4.125602116560081
473 -1.461641400629446 1.226281850336059 4.125602116560081
474 1.22628185033606 1.461641400629447 0.8743978841222831
475 -1.461641400629447 1.226281850336059 0.8743978841222825
476 0.8506059755048629 1.79449349822852 2.536362724881039
477 -2.759952275064759 -1.111398162629303 2.506913945748761
478 2.746683351028387 1.142962837768396 2.504957489746928
479 -1.142962837985505 2.74668335098268 2.5049574896245
480 1.817895271096867 0.5034082682117702 2.500275360475769
481 0.7900888050571252 -1.755536192016555 2.508921536567214
482 -1.713691130265194 -1.002474118662966 4.15033301979018
483 -1.795774056133682 -0.5407403807937825 2.500569208156485
484 -0.5046325163134855 1.81709041457136 2.500274512047596
485 -1.77725119612742 0.8658513081371164 2.556306201429097
486 1.462146296177122 -1.226644742943779 0.8481372454694539
487 -1.226644742943778 -1.462146296177122 0.8481372454694531
488 2.692963481263108 -1.358634825158613 2.372153577525709
489 -0.3817658744726782 -1.909590932001925 4.145049157100296
490 -1.389627492035103 -2.68036759813134 2.370786636110597
491 1.816135216510583 0.5357661649795273 4.173792191860014
492 -0.5357661649795271 1.816135216510583 4.173792191730628
493 1.932843434217433 -0.103849676521196 3.401909297402172
494 -2.689667954471951 1.346173969474247 2.361870843277222
495 1.301236495088213 -2.854776661543851 4.026153955603594
496 0.09981597558838728 1.938168809253751 3.406827839288828
497 2.853832356812028 1.302834337036438 4.027003769763192
498 -1.302834336712161 2.853832356474755 4.027003770613472
499 -2.859976690499705 -1.289735210142299 4.020305124738144
500 1.357038566445164 2.688752052484451 2.352507256796974
501 0.5492772980545404 -1.813169473863419 4.173420964698214
502 -0.5357661649795271 1.816135216510583 0.8314531165702836
503 1.816135216510583 0.5357661649795273 0.8314531165702408
504 0.5357661649795273 -1.816135216510583 0.8312669155017486
505 -1.816135216510583 -0.5357661649795271 0.8312669155017487
506 -1.461544884559421 -1.315618920018062 3.23773776256351
507 -1.629027098792392 -2.611304860914994 4.134414796557548
508 -1.453348770572951 -2.750408407240487 0.8362947832177062
509 2.750408407240487 -1.453348770572952 0.8362947832177058
510 2.754173104377694 -1.454217179925705 4.165737925377237
511 1.453995355467973 2.753211458929798 4.165003828414226
512 -2.753211458929739 1.45399535546796 4.165003828414181
513 -1.909590932001925 0.3817658744726783 4.17127421385204
514 1.453768302007031 2.752227144894382 0.8349239070570317
515 -2.752227144894625 1.453768302007087 0.8349239070568492
516 -1.425442130263217 -1.339978924543282 1.825235190091309
517 1.930132179990284 -0.1009745962994316 1.611229042212025
518 -0.1100392679479509 -1.916328133511209 1.59730993143332
519 0.09749970943781698 1.92785012433679 1.611228409650982
520 -0.07180616381704916 -1.965763526994132 3.206328539114881
521 -1.968599369570502 0.09779475861496301 3.230135793779648
522 -1.914070247635814 0.1063738449176773 1.597413521777251
523 1.43852117049353 1.292845837659288 3.17838773796198
524 -1.301628780929319 1.447928067176487 3.184737939152853
525 -2.789041187304963 -1.416012030721605 0.8569735300724515
526 1.416012030721605 -2.789041187304963 0.8569735300724508
527 1.37700329354153 -1.419832455197039 1.817926884232232
528 -1.330255403574583 1.420683038599269 1.849898432971332
529 2.789220032443582 1.416036517837084 0.8568345121149535
530 -1.416036517837096 2.78922003244367 0.8568345121148861
531 1.418257013003174 1.332436954560385 1.850442247489047
532 3.114935922397465 0.4554470638057909 3.090587271051304
533 -1.056566151793028 -1.469599850092404 4.249143371265818
534 -0.4524154881614257 3.114967314411635 3.089606870637276
535 1.389493639796724 -1.377551322189889 3.150786458743604
536 0.4677227974520998 -3.115080473846383 3.09574772515423
537 -3.119610426957642 -0.4091186083935427 3.077856005028374
538 3.116738255948814 0.4555230038213274 1.921644634946906
539 -2.616041691815504 -1.779942763257921 1.831641153070797
540 1.909590932001925 -0.3817658744726782 4.248319743748762
541 1.909590932001925 -0.3817658744726782 0.7590972851030808
$EndNodes
$Elements
2874
1 2 2 105 1 1 17 105
2 2 2 105 1 20 1 108
3 2 2 105 1 1 105 108
4 2 2 105 1 17 2 107
5 2 2 105 1 2 18 107
6 2 2 105 1 19 3 108
7 2 2 105 1 3 20 108
8 2 2 105 1 18 4 107
9 2 2 105 1 4 19 106
10 2 2 105 1 4 106 107
11 2 2 105 1 105 17 107
12 2 2 105 1 106 19 108
13 2 2 105 1 106 105 107
14 2 2 105 1 105 106 108
15 2 2 110 2 17 113 1
16 2 2 110 2 1 110 20
17 2 2 110 2 1 136 110
18 2 2 110 2 113 136 1
19 2 2 110 2 2 109 17
20 2 2 110 2 18 114 2
21 2 2 110 2 2 152 109
22 2 2 110 2 114 152 2
23 2 2 110 2 3 111 19
24 2 2 110 2 20 115 3
25 2 2 110 2 3 144 111
26 2 2 110 2 115 144 3
27 2 2 110 2 4 112 18
28 2 2 110 2 19 116 4
29 2 2 110 2 4 160 112
30 2 2 110 2 116 160 4
31 2 2 110 2 5 129 21
32 2 2 110 2 44 121 5
33 2 2 110 2 121 129 5
34 2 2 110 2 32 122 6
35 2 2 110 2 6 153 33
36 2 2 110 2 122 153 6
37 2 2 110 2 26 123 7
38 2 2 110 2 7 145 27
39 2 2 110 2 123 145 7
40 2 2 110 2 38 124 8
41 2 2 110 2 8 137 39
42 2 2 110 2 124 137 8
43 2 2 110 2 109 177 17
44 2 2 110 2 17 177 113
45 2 2 110 2 112 178 18
46 2 2 110 2 18 178 114
47 2 2 110 2 111 180 19
48 2 2 110 2 19 180 116
49 2 2 110 2 110 179 20
50 2 2 110 2 20 179 115
51 2 2 110 2 21 127 22
52 2 2 110 2 21 129 127
53 2 2 110 2 22 161 23
54 2 2 110 2 127 161 22
55 2 2 110 2 23 117 24
56 2 2 110 2 23 161 117
57 2 2 110 2 24 167 25
58 2 2 110 2 117 167 24
59 2 2 110 2 25 150 26
60 2 2 110 2 25 167 150
61 2 2 110 2 26 150 123
62 2 2 110 2 27 125 28
63 2 2 110 2 27 145 125
64 2 2 110 2 28 163 29
65 2 2 110 2 125 163 28
66 2 2 110 2 29 118 30
67 2 2 110 2 29 163 118
68 2 2 110 2 30 168 31
69 2 2 110 2 118 168 30
70 2 2 110 2 31 158 32
71 2 2 110 2 31 168 158
72 2 2 110 2 32 158 122
73 2 2 110 2 33 126 34
74 2 2 110 2 33 153 126
75 2 2 110 2 34 164 35
76 2 2 110 2 126 164 34
77 2 2 110 2 35 119 36
78 2 2 110 2 35 164 119
79 2 2 110 2 36 165 37
80 2 2 110 2 119 165 36
81 2 2 110 2 37 142 38
82 2 2 110 2 37 165 142
83 2 2 110 2 38 142 124
84 2 2 110 2 39 128 40
85 2 2 110 2 39 137 128
86 2 2 110 2 40 162 41
87 2 2 110 2 128 162 40
88 2 2 110 2 41 120 42
89 2 2 110 2 41 162 120
90 2 2 110 2 42 166 43
91 2 2 110 2 120 166 42
92 2 2 110 2 43 134 44
93 2 2 110 2 43 166 134
94 2 2 110 2 44 134 121
95 2 2 110 2 109 152 147
96 2 2 110 2 147 173 109
97 2 2 110 2 173 177 109
98 2 2 110 2 110 136 131
99 2 2 110 2 131 175 110
100 2 2 110 2 175 179 110
101 2 2 110 2 111 144 139
102 2 2 110 2 139 176 111
103 2 2 110 2 176 180 111
104 2 2 110 2 112 160 155
105 2 2 110 2 155 174 112
106 2 2 110 2 174 178 112
107 2 2 110 2 113 133 132
108 2 2 110 2 132 136 113
109 2 2 110 2 113 177 133
110 2 2 110 2 114 149 148
111 2 2 110 2 148 152 114
112 2 2 110 2 114 178 149
113 2 2 110 2 115 141 140
114 2 2 110 2 140 144 115
115 2 2 110 2 115 179 141
116 2 2 110 2 116 157 156
117 2 2 110 2 156 160 116
118 2 2 110 2 116 180 157
119 2 2 110 2 151 167 117
120 2 2 110 2 117 170 151
121 2 2 110 2 161 170 117
122 2 2 110 2 159 168 118
123 2 2 110 2 118 169 159
124 2 2 110 2 163 169 118
125 2 2 110 2 143 165 119
126 2 2 110 2 119 171 143
127 2 2 110 2 164 171 119
128 2 2 110 2 135 166 120
129 2 2 110 2 120 172 135
130 2 2 110 2 162 172 120
131 2 2 110 2 121 130 129
132 2 2 110 2 121 131 130
133 2 2 110 2 121 134 131
134 2 2 110 2 122 154 153
135 2 2 110 2 122 155 154
136 2 2 110 2 122 158 155
137 2 2 110 2 123 146 145
138 2 2 110 2 123 147 146
139 2 2 110 2 123 150 147
140 2 2 110 2 124 138 137
141 2 2 110 2 124 139 138
142 2 2 110 2 124 142 139
143 2 2 110 2 145 146 125
144 2 2 110 2 146 148 125
145 2 2 110 2 148 169 125
146 2 2 110 2 125 169 163
147 2 2 110 2 153 154 126
148 2 2 110 2 154 156 126
149 2 2 110 2 156 171 126
150 2 2 110 2 126 171 164
151 2 2 110 2 129 130 127
152 2 2 110 2 130 132 127
153 2 2 110 2 132 170 127
154 2 2 110 2 127 170 161
155 2 2 110 2 137 138 128
156 2 2 110 2 138 140 128
157 2 2 110 2 140 172 128
158 2 2 110 2 128 172 162
159 2 2 110 2 131 136 130
160 2 2 110 2 130 136 132
161 2 2 110 2 134 135 131
162 2 2 110 2 135 175 131
163 2 2 110 2 133 170 132
164 2 2 110 2 151 170 133
165 2 2 110 2 133 173 151
166 2 2 110 2 133 177 173
167 2 2 110 2 134 166 135
168 2 2 110 2 135 172 141
169 2 2 110 2 141 175 135
170 2 2 110 2 139 144 138
171 2 2 110 2 138 144 140
172 2 2 110 2 142 143 139
173 2 2 110 2 143 176 139
174 2 2 110 2 141 172 140
175 2 2 110 2 141 179 175
176 2 2 110 2 142 165 143
177 2 2 110 2 143 171 157
178 2 2 110 2 157 176 143
179 2 2 110 2 147 152 146
180 2 2 110 2 146 152 148
181 2 2 110 2 150 151 147
182 2 2 110 2 151 173 147
183 2 2 110 2 149 169 148
184 2 2 110 2 159 169 149
185 2 2 110 2 149 174 159
186 2 2 110 2 149 178 174
187 2 2 110 2 150 167 151
188 2 2 110 2 155 160 154
189 2 2 110 2 154 160 156
190 2 2 110 2 158 159 155
191 2 2 110 2 159 174 155
192 2 2 110 2 157 171 156
193 2 2 110 2 157 180 176
194 2 2 110 2 158 168 159
195 2 2 107 12 17 185 1
196 2 2 107 12 1 185 46
197 2 2 107 12 2 185 17
198 2 2 107 12 50 185 2
199 2 2 107 12 9 184 45
200 2 2 107 12 49 184 9
201 2 2 107 12 45 184 10
202 2 2 107 12 10 184 53
203 2 2 107 12 46 181 47
204 2 2 107 12 46 185 181
205 2 2 107 12 47 182 48
206 2 2 107 12 181 182 47
207 2 2 107 12 48 183 49
208 2 2 107 12 182 183 48
209 2 2 107 12 183 184 49
210 2 2 107 12 51 181 50
211 2 2 107 12 181 185 50
212 2 2 107 12 52 182 51
213 2 2 107 12 51 182 181
214 2 2 107 12 53 183 52
215 2 2 107 12 52 183 182
216 2 2 107 12 53 184 183
217 2 2 107 16 1 189 20
218 2 2 107 16 46 189 1
219 2 2 107 16 20 189 3
220 2 2 107 16 3 189 55
221 2 2 107 16 9 190 49
222 2 2 107 16 54 190 9
223 2 2 107 16 11 190 54
224 2 2 107 16 58 190 11
225 2 2 107 16 47 186 46
226 2 2 107 16 186 189 46
227 2 2 107 16 48 187 47
228 2 2 107 16 47 187 186
229 2 2 107 16 49 188 48
230 2 2 107 16 48 188 187
231 2 2 107 16 49 190 188
232 2 2 107 16 55 186 56
233 2 2 107 16 55 189 186
234 2 2 107 16 56 187 57
235 2 2 107 16 186 187 56
236 2 2 107 16 57 188 58
237 2 2 107 16 187 188 57
238 2 2 107 16 188 190 58
239 2 2 107 20 3 195 19
240 2 2 107 20 55 195 3
241 2 2 107 20 19 195 4
242 2 2 107 20 4 195 60
243 2 2 107 20 11 194 58
244 2 2 107 20 59 194 11
245 2 2 107 20 12 194 59
246 2 2 107 20 63 194 12
247 2 2 107 20 56 192 55
248 2 2 107 20 192 195 55
249 2 2 107 20 57 191 56
250 2 2 107 20 191 192 56
251 2 2 107 20 58 193 57
252 2 2 107 20 57 193 191
253 2 2 107 20 58 194 193
254 2 2 107 20 60 192 61
255 2 2 107 20 60 195 192
256 2 2 107 20 61 191 62
257 2 2 107 20 61 192 191
258 2 2 107 20 62 193 63
259 2 2 107 20 191 193 62
260 2 2 107 20 193 194 63
261 2 2 107 24 18 200 2
262 2 2 107 24 2 200 50
263 2 2 107 24 4 200 18
264 2 2 107 24 60 200 4
265 2 2 107 24 53 199 10
266 2 2 107 24 10 199 64
267 2 2 107 24 12 199 63
268 2 2 107 24 64 199 12
269 2 2 107 24 50 196 51
270 2 2 107 24 50 200 196
271 2 2 107 24 51 197 52
272 2 2 107 24 196 197 51
273 2 2 107 24 52 198 53
274 2 2 107 24 197 198 52
275 2 2 107 24 198 199 53
276 2 2 107 24 61 196 60
277 2 2 107 24 196 200 60
278 2 2 107 24 62 197 61
279 2 2 107 24 61 197 196
280 2 2 107 24 63 198 62
281 2 2 107 24 62 198 197
282 2 2 107 24 63 199 198
283 2 2 106 46 9 45 201
284 2 2 106 46 54 9 204
285 2 2 106 46 9 201 204
286 2 2 106 46 45 10 203
287 2 2 106 46 10 64 203
288 2 2 106 46 11 54 204
289 2 2 106 46 59 11 204
290 2 2 106 46 12 59 202
291 2 2 106 46 64 12 203
292 2 2 106 46 12 202 203
293 2 2 106 46 201 45 203
294 2 2 106 46 202 59 204
295 2 2 106 46 202 201 203
296 2 2 106 46 201 202 204
297 2 2 108 50 6 237 32
298 2 2 108 50 75 237 6
299 2 2 108 50 27 234 7
300 2 2 108 50 7 234 71
301 2 2 108 50 13 235 65
302 2 2 108 50 74 235 13
303 2 2 108 50 70 236 14
304 2 2 108 50 14 236 78
305 2 2 108 50 28 228 27
306 2 2 108 50 228 234 27
307 2 2 108 50 29 207 28
308 2 2 108 50 207 228 28
309 2 2 108 50 30 222 29
310 2 2 108 50 29 222 207
311 2 2 108 50 31 206 30
312 2 2 108 50 206 222 30
313 2 2 108 50 32 226 31
314 2 2 108 50 31 226 206
315 2 2 108 50 32 237 226
316 2 2 108 50 65 211 66
317 2 2 108 50 65 235 211
318 2 2 108 50 66 227 67
319 2 2 108 50 211 227 66
320 2 2 108 50 67 205 68
321 2 2 108 50 67 227 205
322 2 2 108 50 68 223 69
323 2 2 108 50 205 223 68
324 2 2 108 50 69 210 70
325 2 2 108 50 69 223 210
326 2 2 108 50 210 236 70
327 2 2 108 50 71 221 72
328 2 2 108 50 71 234 221
329 2 2 108 50 72 209 73
330 2 2 108 50 72 221 209
331 2 2 108 50 73 225 74
332 2 2 108 50 209 225 73
333 2 2 108 50 225 235 74
334 2 2 108 50 76 212 75
335 2 2 108 50 212 237 75
336 2 2 108 50 77 208 76
337 2 2 108 50 208 212 76
338 2 2 108 50 78 224 77
339 2 2 108 50 77 224 208
340 2 2 108 50 78 236 224
341 2 2 108 50 216 223 205
342 2 2 108 50 205 238 216
343 2 2 108 50 227 238 205
344 2 2 108 50 206 230 222
345 2 2 108 50 226 239 206
346 2 2 108 50 206 239 230
347 2 2 108 50 222 232 207
348 2 2 108 50 207 229 228
349 2 2 108 50 207 232 229
350 2 2 108 50 208 213 212
351 2 2 108 50 208 214 213
352 2 2 108 50 208 224 214
353 2 2 108 50 221 240 209
354 2 2 108 50 209 231 225
355 2 2 108 50 209 240 231
356 2 2 108 50 223 233 210
357 2 2 108 50 210 233 224
358 2 2 108 50 224 236 210
359 2 2 108 50 211 235 225
360 2 2 108 50 225 241 211
361 2 2 108 50 211 241 227
362 2 2 108 50 213 239 212
363 2 2 108 50 226 237 212
364 2 2 108 50 212 239 226
365 2 2 108 50 214 215 213
366 2 2 108 50 215 230 213
367 2 2 108 50 230 239 213
368 2 2 108 50 214 216 215
369 2 2 108 50 214 233 216
370 2 2 108 50 224 233 214
371 2 2 108 50 216 217 215
372 2 2 108 50 217 218 215
373 2 2 108 50 218 230 215
374 2 2 108 50 216 238 217
375 2 2 108 50 216 233 223
376 2 2 108 50 217 219 218
377 2 2 108 50 217 220 219
378 2 2 108 50 217 238 220
379 2 2 108 50 219 232 218
380 2 2 108 50 218 232 230
381 2 2 108 50 220 231 219
382 2 2 108 50 229 232 219
383 2 2 108 50 219 240 229
384 2 2 108 50 231 240 219
385 2 2 108 50 220 238 227
386 2 2 108 50 227 241 220
387 2 2 108 50 220 241 231
388 2 2 108 50 228 229 221
389 2 2 108 50 221 234 228
390 2 2 108 50 229 240 221
391 2 2 108 50 230 232 222
392 2 2 108 50 231 241 225
393 2 2 108 54 21 271 5
394 2 2 108 54 5 271 85
395 2 2 108 54 7 274 26
396 2 2 108 54 71 274 7
397 2 2 108 54 13 273 74
398 2 2 108 54 84 273 13
399 2 2 108 54 15 272 79
400 2 2 108 54 88 272 15
401 2 2 108 54 22 265 21
402 2 2 108 54 265 271 21
403 2 2 108 54 23 244 22
404 2 2 108 54 244 265 22
405 2 2 108 54 24 259 23
406 2 2 108 54 23 259 244
407 2 2 108 54 25 243 24
408 2 2 108 54 243 259 24
409 2 2 108 54 26 263 25
410 2 2 108 54 25 263 243
411 2 2 108 54 26 274 263
412 2 2 108 54 72 249 71
413 2 2 108 54 249 274 71
414 2 2 108 54 73 245 72
415 2 2 108 54 245 249 72
416 2 2 108 54 74 261 73
417 2 2 108 54 73 261 245
418 2 2 108 54 74 273 261
419 2 2 108 54 79 248 80
420 2 2 108 54 79 272 248
421 2 2 108 54 80 264 81
422 2 2 108 54 248 264 80
423 2 2 108 54 81 242 82
424 2 2 108 54 81 264 242
425 2 2 108 54 82 260 83
426 2 2 108 54 242 260 82
427 2 2 108 54 83 247 84
428 2 2 108 54 83 260 247
429 2 2 108 54 247 273 84
430 2 2 108 54 85 258 86
431 2 2 108 54 85 271 258
432 2 2 108 54 86 246 87
433 2 2 108 54 86 258 246
434 2 2 108 54 87 262 88
435 2 2 108 54 246 262 87
436 2 2 108 54 262 272 88
437 2 2 108 54 253 260 242
438 2 2 108 54 242 275 253
439 2 2 108 54 264 275 242
440 2 2 108 54 243 267 259
441 2 2 108 54 263 276 243
442 2 2 108 54 243 276 267
443 2 2 108 54 259 269 244
444 2 2 108 54 244 266 265
445 2 2 108 54 244 269 266
446 2 2 108 54 245 250 249
447 2 2 108 54 245 251 250
448 2 2 108 54 245 261 251
449 2 2 108 54 258 277 246
450 2 2 108 54 246 268 262
451 2 2 108 54 246 277 268
452 2 2 108 54 260 270 247
453 2 2 108 54 247 270 261
454 2 2 108 54 261 273 247
455 2 2 108 54 248 272 262
456 2 2 108 54 262 278 248
457 2 2 108 54 248 278 264
458 2 2 108 54 250 276 249
459 2 2 108 54 263 274 249
460 2 2 108 54 249 276 263
461 2 2 108 54 251 252 250
462 2 2 108 54 252 267 250
463 2 2 108 54 267 276 250
464 2 2 108 54 251 253 252
465 2 2 108 54 251 270 253
466 2 2 108 54 261 270 251
467 2 2 108 54 253 254 252
468 2 2 108 54 254 255 252
469 2 2 108 54 255 267 252
470 2 2 108 54 253 275 254
471 2 2 108 54 253 270 260
472 2 2 108 54 254 256 255
473 2 2 108 54 254 257 256
474 2 2 108 54 254 275 257
475 2 2 108 54 256 269 255
476 2 2 108 54 255 269 267
477 2 2 108 54 257 268 256
478 2 2 108 54 266 269 256
479 2 2 108 54 256 277 266
480 2 2 108 54 268 277 256
481 2 2 108 54 257 275 264
482 2 2 108 54 264 278 257
483 2 2 108 54 257 278 268
484 2 2 108 54 265 266 258
485 2 2 108 54 258 271 265
486 2 2 108 54 266 277 258
487 2 2 108 54 267 269 259
488 2 2 108 54 268 278 262
489 2 2 108 58 5 311 44
490 2 2 108 58 85 311 5
491 2 2 108 58 39 308 8
492 2 2 108 58 8 308 95
493 2 2 108 58 15 310 88
494 2 2 108 58 94 310 15
495 2 2 108 58 16 309 89
496 2 2 108 58 98 309 16
497 2 2 108 58 40 302 39
498 2 2 108 58 302 308 39
499 2 2 108 58 41 281 40
500 2 2 108 58 281 302 40
501 2 2 108 58 42 296 41
502 2 2 108 58 41 296 281
503 2 2 108 58 43 280 42
504 2 2 108 58 280 296 42
505 2 2 108 58 44 300 43
506 2 2 108 58 43 300 280
507 2 2 108 58 44 311 300
508 2 2 108 58 86 286 85
509 2 2 108 58 286 311 85
510 2 2 108 58 87 282 86
511 2 2 108 58 282 286 86
512 2 2 108 58 88 298 87
513 2 2 108 58 87 298 282
514 2 2 108 58 88 310 298
515 2 2 108 58 89 285 90
516 2 2 108 58 89 309 285
517 2 2 108 58 90 301 91
518 2 2 108 58 285 301 90
519 2 2 108 58 91 279 92
520 2 2 108 58 91 301 279
521 2 2 108 58 92 297 93
522 2 2 108 58 279 297 92
523 2 2 108 58 93 284 94
524 2 2 108 58 93 297 284
525 2 2 108 58 284 310 94
526 2 2 108 58 95 295 96
527 2 2 108 58 95 308 295
528 2 2 108 58 96 283 97
529 2 2 108 58 96 295 283
530 2 2 108 58 97 299 98
531 2 2 108 58 283 299 97
532 2 2 108 58 299 309 98
533 2 2 108 58 290 297 279
534 2 2 108 58 279 312 290
535 2 2 108 58 301 312 279
536 2 2 108 58 280 304 296
537 2 2 108 58 300 313 280
538 2 2 108 58 280 313 304
539 2 2 108 58 296 306 281
540 2 2 108 58 281 303 302
541 2 2 108 58 281 306 303
542 2 2 108 58 282 287 286
543 2 2 108 58 282 288 287
544 2 2 108 58 282 298 288
545 2 2 108 58 295 314 283
546 2 2 108 58 283 305 299
547 2 2 108 58 283 314 305
548 2 2 108 58 297 307 284
549 2 2 108 58 284 307 298
550 2 2 108 58 298 310 284
551 2 2 108 58 285 309 299
552 2 2 108 58 299 315 285
553 2 2 108 58 285 315 301
554 2 2 108 58 287 313 286
555 2 2 108 58 300 311 286
556 2 2 108 58 286 313 300
557 2 2 108 58 288 289 287
558 2 2 108 58 289 304 287
559 2 2 108 58 304 313 287
560 2 2 108 58 288 290 289
561 2 2 108 58 288 307 290
562 2 2 108 58 298 307 288
563 2 2 108 58 290 291 289
564 2 2 108 58 291 292 289
565 2 2 108 58 292 304 289
566 2 2 108 58 290 312 291
567 2 2 108 58 290 307 297
568 2 2 108 58 291 293 292
569 2 2 108 58 291 294 293
570 2 2 108 58 291 312 294
571 2 2 108 58 293 306 292
572 2 2 108 58 292 306 304
573 2 2 108 58 294 305 293
574 2 2 108 58 303 306 293
575 2 2 108 58 293 314 303
576 2 2 108 58 305 314 293
577 2 2 108 58 294 312 301
578 2 2 108 58 301 315 294
579 2 2 108 58 294 315 305
580 2 2 108 58 302 303 295
581 2 2 108 58 295 308 302
582 2 2 108 58 303 314 295
583 2 2 108 58 304 306 296
584 2 2 108 58 305 315 299
585 2 2 108 62 33 345 6
586 2 2 108 62 6 345 75
587 2 2 108 62 8 348 38
588 2 2 108 62 95 348 8
589 2 2 108 62 78 346 14
590 2 2 108 62 14 346 99
591 2 2 108 62 16 347 98
592 2 2 108 62 104 347 16
593 2 2 108 62 34 339 33
594 2 2 108 62 339 345 33
595 2 2 108 62 35 318 34
596 2 2 108 62 318 339 34
597 2 2 108 62 36 333 35
598 2 2 108 62 35 333 318
599 2 2 108 62 37 317 36
600 2 2 108 62 317 333 36
601 2 2 108 62 38 337 37
602 2 2 108 62 37 337 317
603 2 2 108 62 38 348 337
604 2 2 108 62 75 332 76
605 2 2 108 62 75 345 332
606 2 2 108 62 76 320 77
607 2 2 108 62 76 332 320
608 2 2 108 62 77 336 78
609 2 2 108 62 320 336 77
610 2 2 108 62 336 346 78
611 2 2 108 62 96 323 95
612 2 2 108 62 323 348 95
613 2 2 108 62 97 319 96
614 2 2 108 62 319 323 96
615 2 2 108 62 98 335 97
616 2 2 108 62 97 335 319
617 2 2 108 62 98 347 335
618 2 2 108 62 99 322 100
619 2 2 108 62 99 346 322
620 2 2 108 62 100 338 101
621 2 2 108 62 322 338 100
622 2 2 108 62 101 316 102
623 2 2 108 62 101 338 316
624 2 2 108 62 102 334 103
625 2 2 108 62 316 334 102
626 2 2 108 62 103 321 104
627 2 2 108 62 103 334 321
628 2 2 108 62 321 347 104
629 2 2 108 62 327 334 316
630 2 2 108 62 316 349 327
631 2 2 108 62 338 349 316
632 2 2 108 62 317 341 333
633 2 2 108 62 337 350 317
634 2 2 108 62 317 350 341
635 2 2 108 62 333 343 318
636 2 2 108 62 318 340 339
637 2 2 108 62 318 343 340
638 2 2 108 62 319 324 323
639 2 2 108 62 319 325 324
640 2 2 108 62 319 335 325
641 2 2 108 62 332 351 320
642 2 2 108 62 320 342 336
643 2 2 108 62 320 351 342
644 2 2 108 62 334 344 321
645 2 2 108 62 321 344 335
646 2 2 108 62 335 347 321
647 2 2 108 62 322 346 336
648 2 2 108 62 336 352 322
649 2 2 108 62 322 352 338
650 2 2 108 62 324 350 323
651 2 2 108 62 337 348 323
652 2 2 108 62 323 350 337
653 2 2 108 62 325 326 324
654 2 2 108 62 326 341 324
655 2 2 108 62 341 350 324
656 2 2 108 62 325 327 326
657 2 2 108 62 325 344 327
658 2 2 108 62 335 344 325
659 2 2 108 62 327 328 326
660 2 2 108 62 328 329 326
661 2 2 108 62 329 341 326
662 2 2 108 62 327 349 328
663 2 2 108 62 327 344 334
664 2 2 108 62 328 330 329
665 2 2 108 62 328 331 330
666 2 2 108 62 328 349 331
667 2 2 108 62 330 343 329
668 2 2 108 62 329 343 341
669 2 2 108 62 331 342 330
670 2 2 108 62 340 343 330
671 2 2 108 62 330 351 340
672 2 2 108 62 342 351 330
673 2 2 108 62 331 349 338
674 2 2 108 62 338 352 331
675 2 2 108 62 331 352 342
676 2 2 108 62 339 340 332
677 2 2 108 62 332 345 339
678 2 2 108 62 340 351 332
679 2 2 108 62 341 343 333
680 2 2 108 62 342 352 336
681 2 2 109 104 45 357 9
682 2 2 109 104 9 353 54
683 2 2 109 104 9 380 353
684 2 2 109 104 357 380 9
685 2 2 109 104 10 355 45
686 2 2 109 104 64 358 10
687 2 2 109 104 10 396 355
688 2 2 109 104 358 396 10
689 2 2 109 104 54 359 11
690 2 2 109 104 11 354 59
691 2 2 109 104 11 388 354
692 2 2 109 104 359 388 11
693 2 2 109 104 59 360 12
694 2 2 109 104 12 356 64
695 2 2 109 104 12 404 356
696 2 2 109 104 360 404 12
697 2 2 109 104 13 389 65
698 2 2 109 104 84 365 13
699 2 2 109 104 365 389 13
700 2 2 109 104 70 366 14
701 2 2 109 104 14 397 99
702 2 2 109 104 366 397 14
703 2 2 109 104 15 373 79
704 2 2 109 104 94 367 15
705 2 2 109 104 367 373 15
706 2 2 109 104 16 381 89
707 2 2 109 104 104 368 16
708 2 2 109 104 368 381 16
709 2 2 109 104 355 421 45
710 2 2 109 104 45 421 357
711 2 2 109 104 353 423 54
712 2 2 109 104 54 423 359
713 2 2 109 104 354 424 59
714 2 2 109 104 59 424 360
715 2 2 109 104 356 422 64
716 2 2 109 104 64 422 358
717 2 2 109 104 65 369 66
718 2 2 109 104 65 389 369
719 2 2 109 104 66 407 67
720 2 2 109 104 369 407 66
721 2 2 109 104 67 361 68
722 2 2 109 104 67 407 361
723 2 2 109 104 68 411 69
724 2 2 109 104 361 411 68
725 2 2 109 104 69 402 70
726 2 2 109 104 69 411 402
727 2 2 109 104 70 402 366
728 2 2 109 104 79 371 80
729 2 2 109 104 79 373 371
730 2 2 109 104 80 405 81
731 2 2 109 104 371 405 80
732 2 2 109 104 81 362 82
733 2 2 109 104 81 405 362
734 2 2 109 104 82 412 83
735 2 2 109 104 362 412 82
736 2 2 109 104 83 394 84
737 2 2 109 104 83 412 394
738 2 2 109 104 84 394 365
739 2 2 109 104 89 372 90
740 2 2 109 104 89 381 372
741 2 2 109 104 90 406 91
742 2 2 109 104 372 406 90
743 2 2 109 104 91 363 92
744 2 2 109 104 91 406 363
745 2 2 109 104 92 409 93
746 2 2 109 104 363 409 92
747 2 2 109 104 93 378 94
748 2 2 109 104 93 409 378
749 2 2 109 104 94 378 367
750 2 2 109 104 99 370 100
751 2 2 109 104 99 397 370
752 2 2 109 104 100 408 101
753 2 2 109 104 370 408 100
754 2 2 109 104 101 364 102
755 2 2 109 104 101 408 364
756 2 2 109 104 102 410 103
757 2 2 109 104 364 410 102
758 2 2 109 104 103 386 104
759 2 2 109 104 103 410 386
760 2 2 109 104 104 386 368
761 2 2 109 104 353 380 375
762 2 2 109 104 375 419 353
763 2 2 109 104 419 423 353
764 2 2 109 104 354 388 383
765 2 2 109 104 383 420 354
766 2 2 109 104 420 424 354
767 2 2 109 104 355 396 391
768 2 2 109 104 391 417 355
769 2 2 109 104 417 421 355
770 2 2 109 104 356 404 399
771 2 2 109 104 399 418 356
772 2 2 109 104 418 422 356
773 2 2 109 104 357 377 376
774 2 2 109 104 376 380 357
775 2 2 109 104 357 421 377
776 2 2 109 104 358 393 392
777 2 2 109 104 392 396 358
778 2 2 109 104 358 422 393
779 2 2 109 104 359 385 384
780 2 2 109 104 384 388 359
781 2 2 109 104 359 423 385
782 2 2 109 104 360 401 400
783 2 2 109 104 400 404 360
784 2 2 109 104 360 424 401
785 2 2 109 104 403 411 361
786 2 2 109 104 361 413 403
787 2 2 109 104 407 413 361
788 2 2 109 104 395 412 362
789 2 2 109 104 362 414 395
790 2 2 109 104 405 414 362
791 2 2 109 104 379 409 363
792 2 2 109 104 363 416 379
793 2 2 109 104 406 416 363
794 2 2 109 104 387 410 364
795 2 2 109 104 364 415 387
796 2 2 109 104 408 415 364
797 2 2 109 104 365 390 389
798 2 2 109 104 365 391 390
799 2 2 109 104 365 394 391
800 2 2 109 104 366 398 397
801 2 2 109 104 366 399 398
802 2 2 109 104 366 402 399
803 2 2 109 104 367 374 373
804 2 2 109 104 367 375 374
805 2 2 109 104 367 378 375
806 2 2 109 104 368 382 381
807 2 2 109 104 368 383 382
808 2 2 109 104 368 386 383
809 2 2 109 104 389 390 369
810 2 2 109 104 390 392 369
811 2 2 109 104 392 413 369
812 2 2 109 104 369 413 407
813 2 2 109 104 397 398 370
814 2 2 109 104 398 400 370
815 2 2 109 104 400 415 370
816 2 2 109 104 370 415 408
817 2 2 109 104 373 374 371
818 2 2 109 104 374 376 371
819 2 2 109 104 376 414 371
820 2 2 109 104 371 414 405
821 2 2 109 104 381 382 372
822 2 2 109 104 382 384 372
823 2 2 109 104 384 416 372
824 2 2 109 104 372 416 406
825 2 2 109 104 375 380 374
826 2 2 109 104 374 380 376
827 2 2 109 104 378 379 375
828 2 2 109 104 379 419 375
829 2 2 109 104 377 414 376
830 2 2 109 104 395 414 377
831 2 2 109 104 377 417 395
832 2 2 109 104 377 421 417
833 2 2 109 104 378 409 379
834 2 2 109 104 379 416 385
835 2 2 109 104 385 419 379
836 2 2 109 104 383 388 382
837 2 2 109 104 382 388 384
838 2 2 109 104 386 387 383
839 2 2 109 104 387 420 383
840 2 2 109 104 385 416 384
841 2 2 109 104 385 423 419
842 2 2 109 104 386 410 387
843 2 2 109 104 387 415 401
844 2 2 109 104 401 420 387
845 2 2 109 104 391 396 390
846 2 2 109 104 390 396 392
847 2 2 109 104 394 395 391
848 2 2 109 104 395 417 391
849 2 2 109 104 393 413 392
850 2 2 109 104 403 413 393
851 2 2 109 104 393 418 403
852 2 2 109 104 393 422 418
853 2 2 109 104 394 412 395
854 2 2 109 104 399 404 398
855 2 2 109 104 398 404 400
856 2 2 109 104 402 403 399
857 2 2 109 104 403 418 399
858 2 2 109 104 401 415 400
859 2 2 109 104 401 424 420
860 2 2 109 104 402 411 403
861 4 2 112 1 48 425 183 427
862 4 2 112 1 52 183 425 427
863 4 2 112 1 48 188 425 427
864 4 2 112 1 57 425 188 427
865 4 2 112 1 52 425 198 427
866 4 2 112 1 198 425 62 427
867 4 2 112 1 193 425 57 427
868 4 2 112 1 62 425 193 427
869 4 2 112 1 47 181 426 427
870 4 2 112 1 47 426 186 427
871 4 2 112 1 51 426 181 427
872 4 2 112 1 51 196 426 427
873 4 2 112 1 56 186 426 427
874 4 2 112 1 192 56 426 427
875 4 2 112 1 46 186 47 426
876 4 2 112 1 181 46 47 426
877 4 2 112 1 192 426 61 427
878 4 2 112 1 61 426 196 427
879 4 2 112 1 52 183 53 425
880 4 2 112 1 52 53 198 425
881 4 2 112 1 50 181 51 426
882 4 2 112 1 196 50 51 426
883 4 2 112 1 58 188 57 425
884 4 2 112 1 55 192 56 426
885 4 2 112 1 193 58 57 425
886 4 2 112 1 55 56 186 426
887 4 2 112 1 63 62 198 425
888 4 2 112 1 60 61 192 426
889 4 2 112 1 63 193 62 425
890 4 2 112 1 60 196 61 426
891 4 2 112 1 190 201 49 425
892 4 2 112 1 105 185 107 426
893 4 2 112 1 203 184 201 425
894 4 2 112 1 202 63 199 425
895 4 2 112 1 200 60 106 426
896 4 2 112 1 46 105 189 426
897 4 2 112 1 107 200 106 426
898 4 2 112 1 202 199 203 425
899 4 2 112 1 190 204 201 425
900 4 2 112 1 184 49 201 425
901 4 2 112 1 46 185 105 426
902 4 2 112 1 202 204 194 425
903 4 2 112 1 106 195 108 426
904 4 2 112 1 9 49 190 201
905 4 2 112 1 105 108 189 426
906 4 2 112 1 17 107 105 185
907 4 2 112 1 45 203 184 201
908 4 2 112 1 202 194 63 425
909 4 2 112 1 60 195 106 426
910 4 2 112 1 63 199 12 202
911 4 2 112 1 60 106 4 200
912 4 2 112 1 105 1 46 189
913 4 2 112 1 203 53 184 425
914 4 2 112 1 107 185 50 426
915 4 2 112 1 191 57 56 427
916 4 2 112 1 192 191 56 427
917 4 2 112 1 56 57 187 427
918 4 2 112 1 48 182 47 427
919 4 2 112 1 197 51 52 427
920 4 2 112 1 61 62 191 427
921 4 2 112 1 48 47 187 427
922 4 2 112 1 197 62 61 427
923 4 2 112 1 187 47 186 427
924 4 2 112 1 51 182 52 427
925 4 2 112 1 192 61 191 427
926 4 2 112 1 196 51 197 427
927 4 2 112 1 47 182 181 427
928 4 2 112 1 187 186 56 427
929 4 2 112 1 196 197 61 427
930 4 2 112 1 51 181 182 427
931 4 2 112 1 190 204 9 201
932 4 2 112 1 46 1 105 185
933 4 2 112 1 19 106 195 108
934 4 2 112 1 194 202 59 204
935 4 2 112 1 200 106 4 107
936 4 2 112 1 199 203 12 202
937 4 2 112 1 202 203 201 425
938 4 2 112 1 107 106 105 426
939 4 2 112 1 202 201 204 425
940 4 2 112 1 105 106 108 426
941 4 2 112 1 194 204 58 425
942 4 2 112 1 55 108 195 426
943 4 2 112 1 49 9 184 201
944 4 2 112 1 189 105 1 108
945 4 2 112 1 54 204 9 190
946 4 2 112 1 194 63 12 202
947 4 2 112 1 195 106 4 60
948 4 2 112 1 200 4 18 107
949 4 2 112 1 12 64 203 199
950 4 2 112 1 49 184 183 425
951 4 2 112 1 53 203 199 425
952 4 2 112 1 107 50 200 426
953 4 2 112 1 181 185 46 426
954 4 2 112 1 53 183 184 425
955 4 2 112 1 55 189 108 426
956 4 2 112 1 181 50 185 426
957 4 2 112 1 203 53 10 184
958 4 2 112 1 2 50 107 185
959 4 2 112 1 190 58 204 425
960 4 2 112 1 1 20 189 108
961 4 2 112 1 186 46 189 426
962 4 2 112 1 190 49 188 425
963 4 2 112 1 199 198 53 425
964 4 2 112 1 11 58 194 204
965 4 2 112 1 190 188 58 425
966 4 2 112 1 200 50 196 426
967 4 2 112 1 186 189 55 426
968 4 2 112 1 107 17 2 185
969 4 2 112 1 10 45 203 184
970 4 2 112 1 106 4 19 195
971 4 2 112 1 12 194 202 59
972 4 2 112 1 199 63 198 425
973 4 2 112 1 200 196 60 426
974 4 2 112 1 195 55 3 108
975 4 2 112 1 105 1 17 185
976 4 2 112 1 58 193 194 425
977 4 2 112 1 55 195 192 426
978 4 2 112 1 59 11 194 204
979 4 2 112 1 63 194 193 425
980 4 2 112 1 195 60 192 426
981 4 2 112 1 184 9 45 201
982 4 2 112 1 195 3 19 108
983 4 2 112 1 189 3 55 108
984 4 2 112 1 189 20 3 108
985 4 2 112 1 204 11 58 190
986 4 2 112 1 203 10 53 199
987 4 2 112 1 200 2 50 107
988 4 2 112 1 11 204 54 190
989 4 2 112 1 203 64 10 199
990 4 2 112 1 200 18 2 107
991 4 2 112 1 198 427 197 52
992 4 2 112 1 197 427 198 62
993 4 2 112 1 427 188 187 48
994 4 2 112 1 427 187 188 57
995 4 2 112 1 427 183 182 52
996 4 2 112 1 427 182 183 48
997 4 2 112 1 193 427 191 62
998 4 2 112 1 191 427 193 57
999 4 2 112 1 425 48 49 188
1000 4 2 112 1 425 49 48 183
1001 4 2 111 2 445 462 306 471
1002 4 2 111 2 152 109 147 519
1003 4 2 111 2 396 391 355 496
1004 4 2 111 2 443 450 221 479
1005 4 2 111 2 441 451 295 471
1006 4 2 111 2 139 144 111 518
1007 4 2 111 2 112 155 160 522
1008 4 2 111 2 221 450 443 464
1009 4 2 111 2 446 466 269 478
1010 4 2 111 2 447 467 232 479
1011 4 2 111 2 306 471 462 526
1012 4 2 111 2 396 355 492 496
1013 4 2 111 2 76 440 449 477
1014 4 2 111 2 435 445 290 453
1015 4 2 111 2 466 478 442 529
1016 4 2 111 2 467 479 443 530
1017 4 2 111 2 306 303 471 526
1018 4 2 111 2 269 478 466 529
1019 4 2 111 2 232 479 467 530
1020 4 2 111 2 435 448 298 488
1021 4 2 111 2 428 444 327 452
1022 4 2 111 2 266 478 269 529
1023 4 2 111 2 229 479 232 530
1024 4 2 111 2 462 471 441 526
1025 4 2 111 2 335 428 451 490
1026 4 2 111 2 391 472 355 496
1027 4 2 111 2 76 332 440 477
1028 4 2 111 2 261 436 450 500
1029 4 2 111 2 295 451 96 471
1030 4 2 111 2 306 293 445 471
1031 4 2 111 2 437 449 224 494
1032 4 2 111 2 298 448 435 457
1033 4 2 111 2 290 445 435 488
1034 4 2 111 2 109 474 147 519
1035 4 2 111 2 429 459 451 490
1036 4 2 111 2 76 449 440 465
1037 4 2 111 2 441 462 445 471
1038 4 2 111 2 72 221 450 479
1039 4 2 111 2 72 450 221 464
1040 4 2 111 2 436 446 253 454
1041 4 2 111 2 216 437 447 455
1042 4 2 111 2 294 453 445 471
1043 4 2 111 2 139 111 487 518
1044 4 2 111 2 269 256 446 478
1045 4 2 111 2 219 447 232 479
1046 4 2 111 2 224 449 437 463
1047 4 2 111 2 335 451 428 456
1048 4 2 111 2 261 450 436 458
1049 4 2 111 2 327 444 428 490
1050 4 2 111 2 112 475 155 522
1051 4 2 111 2 442 466 446 478
1052 4 2 111 2 443 467 447 479
1053 4 2 111 2 430 460 448 488
1054 4 2 111 2 292 445 304 462
1055 4 2 111 2 332 76 440 465
1056 4 2 111 2 433 471 453 495
1057 4 2 111 2 291 445 294 453
1058 4 2 111 2 253 446 436 500
1059 4 2 111 2 431 478 454 497
1060 4 2 111 2 432 479 455 498
1061 4 2 111 2 321 386 456 507
1062 4 2 111 2 429 323 459 490
1063 4 2 111 2 216 447 437 494
1064 4 2 111 2 327 428 452 507
1065 4 2 111 2 331 452 444 477
1066 4 2 111 2 451 459 323 490
1067 4 2 111 2 434 477 452 499
1068 4 2 111 2 448 460 286 488
1069 4 2 111 2 255 446 267 466
1070 4 2 111 2 218 447 230 467
1071 4 2 111 2 257 454 446 478
1072 4 2 111 2 220 455 447 479
1073 4 2 111 2 53 492 355 496
1074 4 2 111 2 290 445 291 453
1075 4 2 111 2 292 306 293 445
1076 4 2 111 2 331 452 477 499
1077 4 2 111 2 344 428 327 507
1078 4 2 111 2 292 306 445 462
1079 4 2 111 2 294 453 471 495
1080 4 2 111 2 283 96 451 471
1081 4 2 111 2 72 450 209 479
1082 4 2 111 2 304 445 292 488
1083 4 2 111 2 335 325 428 490
1084 4 2 111 2 257 454 478 497
1085 4 2 111 2 220 455 479 498
1086 4 2 111 2 255 269 256 446
1087 4 2 111 2 219 218 232 447
1088 4 2 111 2 137 459 308 526
1089 4 2 111 2 430 286 460 488
1090 4 2 111 2 398 434 482 499
1091 4 2 111 2 129 460 271 529
1092 4 2 111 2 269 446 255 466
1093 4 2 111 2 218 232 447 467
1094 4 2 111 2 72 209 221 479
1095 4 2 111 2 283 295 96 471
1096 4 2 111 2 153 465 345 525
1097 4 2 111 2 398 482 400 499
1098 4 2 111 2 255 267 446 500
1099 4 2 111 2 436 472 391 496
1100 4 2 111 2 145 464 234 530
1101 4 2 111 2 261 251 436 500
1102 4 2 111 2 212 449 465 494
1103 4 2 111 2 450 464 249 500
1104 4 2 111 2 335 321 456 507
1105 4 2 111 2 230 447 218 494
1106 4 2 111 2 306 303 293 471
1107 4 2 111 2 304 462 445 488
1108 4 2 111 2 256 269 266 478
1109 4 2 111 2 229 219 232 479
1110 4 2 111 2 327 444 328 452
1111 4 2 111 2 254 446 257 454
1112 4 2 111 2 220 217 447 455
1113 4 2 111 2 328 444 331 452
1114 4 2 111 2 429 139 487 518
1115 4 2 111 2 298 448 282 488
1116 4 2 111 2 445 453 433 471
1117 4 2 111 2 147 474 438 519
1118 4 2 111 2 438 464 450 500
1119 4 2 111 2 214 437 224 494
1120 4 2 111 2 288 435 298 488
1121 4 2 111 2 335 456 428 507
1122 4 2 111 2 253 270 436 511
1123 4 2 111 2 233 437 216 512
1124 4 2 111 2 439 465 449 494
1125 4 2 111 2 335 428 344 507
1126 4 2 111 2 398 463 434 499
1127 4 2 111 2 335 451 319 490
1128 4 2 111 2 398 434 463 482
1129 4 2 111 2 391 458 436 496
1130 4 2 111 2 429 459 139 518
1131 4 2 111 2 261 450 245 500
1132 4 2 111 2 438 249 464 500
1133 4 2 111 2 212 465 439 494
1134 4 2 111 2 155 475 439 522
1135 4 2 111 2 230 467 447 494
1136 4 2 111 2 294 445 291 471
1137 4 2 111 2 208 224 449 494
1138 4 2 111 2 438 464 147 519
1139 4 2 111 2 53 355 472 496
1140 4 2 111 2 267 466 446 500
1141 4 2 111 2 307 435 290 510
1142 4 2 111 2 76 320 332 477
1143 4 2 111 2 444 452 434 477
1144 4 2 111 2 446 454 431 478
1145 4 2 111 2 447 455 432 479
1146 4 2 111 2 254 253 446 454
1147 4 2 111 2 216 447 217 455
1148 4 2 111 2 76 449 320 477
1149 4 2 111 2 50 474 109 519
1150 4 2 111 2 321 386 347 456
1151 4 2 111 2 155 439 465 522
1152 4 2 111 2 270 251 253 436
1153 4 2 111 2 214 216 233 437
1154 4 2 111 2 448 457 87 532
1155 4 2 111 2 386 383 456 507
1156 4 2 111 2 444 490 329 539
1157 4 2 111 2 290 289 291 445
1158 4 2 111 2 309 456 381 495
1159 4 2 111 2 325 327 344 428
1160 4 2 111 2 341 329 490 539
1161 4 2 111 2 335 344 321 507
1162 4 2 111 2 128 459 137 526
1163 4 2 111 2 111 55 487 518
1164 4 2 111 2 272 457 373 497
1165 4 2 111 2 290 289 445 488
1166 4 2 111 2 128 138 137 459
1167 4 2 111 2 449 463 224 537
1168 4 2 111 2 127 460 129 529
1169 4 2 111 2 130 129 127 460
1170 4 2 111 2 288 290 307 435
1171 4 2 111 2 389 235 458 498
1172 4 2 111 2 270 261 436 511
1173 4 2 111 2 233 224 437 512
1174 4 2 111 2 397 346 463 499
1175 4 2 111 2 270 261 251 436
1176 4 2 111 2 214 233 224 437
1177 4 2 111 2 271 529 460 538
1178 4 2 111 2 344 335 325 428
1179 4 2 111 2 126 465 153 525
1180 4 2 111 2 112 60 475 522
1181 4 2 111 2 125 464 145 530
1182 4 2 111 2 86 460 448 538
1183 4 2 111 2 125 146 145 464
1184 4 2 111 2 154 153 126 465
1185 4 2 111 2 320 477 449 537
1186 4 2 111 2 298 435 307 510
1187 4 2 111 2 298 288 307 435
1188 4 2 111 2 450 458 261 534
1189 4 2 111 2 436 454 253 511
1190 4 2 111 2 437 455 216 512
1191 4 2 111 2 327 326 328 444
1192 4 2 111 2 282 448 286 488
1193 4 2 111 2 319 451 323 490
1194 4 2 111 2 251 253 436 500
1195 4 2 111 2 254 257 446 478
1196 4 2 111 2 220 447 217 479
1197 4 2 111 2 308 459 295 526
1198 4 2 111 2 216 437 214 494
1199 4 2 111 2 435 453 290 510
1200 4 2 111 2 383 489 456 507
1201 4 2 111 2 341 490 461 539
1202 4 2 111 2 345 465 332 525
1203 4 2 111 2 335 319 325 490
1204 4 2 111 2 234 464 221 530
1205 4 2 111 2 382 381 456 495
1206 4 2 111 2 290 435 288 488
1207 4 2 111 2 327 428 325 490
1208 4 2 111 2 373 457 374 497
1209 4 2 111 2 327 326 444 490
1210 4 2 111 2 271 258 529 538
1211 4 2 111 2 390 389 458 498
1212 4 2 111 2 347 386 368 456
1213 4 2 111 2 397 463 398 499
1214 4 2 111 2 208 449 212 494
1215 4 2 111 2 87 448 298 457
1216 4 2 111 2 398 482 463 513
1217 4 2 111 2 86 286 448 460
1218 4 2 111 2 215 447 216 494
1219 4 2 111 2 252 446 253 500
1220 4 2 111 2 261 245 251 500
1221 4 2 111 2 249 245 450 500
1222 4 2 111 2 212 449 76 465
1223 4 2 111 2 445 462 430 488
1224 4 2 111 2 221 464 443 530
1225 4 2 111 2 295 459 441 526
1226 4 2 111 2 124 142 348 508
1227 4 2 111 2 311 121 134 509
1228 4 2 111 2 461 490 444 539
1229 4 2 111 2 96 323 451 459
1230 4 2 111 2 291 294 312 453
1231 4 2 111 2 291 445 293 471
1232 4 2 111 2 97 451 456 536
1233 4 2 111 2 254 257 275 454
1234 4 2 111 2 220 238 217 455
1235 4 2 111 2 332 465 440 525
1236 4 2 111 2 253 252 254 446
1237 4 2 111 2 215 217 216 447
1238 4 2 111 2 341 461 429 508
1239 4 2 111 2 304 430 462 488
1240 4 2 111 2 123 150 274 514
1241 4 2 111 2 158 237 122 515
1242 4 2 111 2 304 462 430 509
1243 4 2 111 2 378 367 310 510
1244 4 2 111 2 273 394 365 511
1245 4 2 111 2 402 366 236 512
1246 4 2 111 2 209 479 450 534
1247 4 2 111 2 278 257 268 497
1248 4 2 111 2 241 220 231 498
1249 4 2 111 2 433 501 188 520
1250 4 2 111 2 367 457 310 510
1251 4 2 111 2 273 365 458 511
1252 4 2 111 2 315 294 305 495
1253 4 2 111 2 261 458 436 511
1254 4 2 111 2 330 331 328 444
1255 4 2 111 2 298 457 435 510
1256 4 2 111 2 73 450 261 534
1257 4 2 111 2 72 249 450 464
1258 4 2 111 2 328 331 349 452
1259 4 2 111 2 267 466 438 514
1260 4 2 111 2 230 467 439 515
1261 4 2 111 2 138 504 459 526
1262 4 2 111 2 288 298 282 488
1263 4 2 111 2 130 503 460 529
1264 4 2 111 2 224 463 437 512
1265 4 2 111 2 208 214 224 494
1266 4 2 111 2 434 482 506 521
1267 4 2 111 2 331 342 352 499
1268 4 2 111 2 154 505 465 525
1269 4 2 111 2 97 451 335 456
1270 4 2 111 2 382 495 456 501
1271 4 2 111 2 77 449 224 537
1272 4 2 111 2 430 488 304 509
1273 4 2 111 2 429 459 323 508
1274 4 2 111 2 146 502 464 530
1275 4 2 111 2 430 460 286 509
1276 4 2 111 2 283 471 451 536
1277 4 2 111 2 341 429 461 490
1278 4 2 111 2 350 324 323 490
1279 4 2 111 2 456 489 428 507
1280 4 2 111 2 330 331 444 477
1281 4 2 111 2 429 490 341 508
1282 4 2 111 2 254 446 256 478
1283 4 2 111 2 219 217 447 479
1284 4 2 111 2 438 500 267 514
1285 4 2 111 2 230 439 467 494
1286 4 2 111 2 124 348 459 508
1287 4 2 111 2 439 494 230 515
1288 4 2 111 2 311 460 121 509
1289 4 2 111 2 366 463 236 512
1290 4 2 111 2 398 404 482 513
1291 4 2 111 2 463 482 434 513
1292 4 2 111 2 398 404 400 482
1293 4 2 111 2 371 373 374 497
1294 4 2 111 2 390 369 389 498
1295 4 2 111 2 313 304 488 509
1296 4 2 111 2 382 372 381 495
1297 4 2 111 2 128 138 459 526
1298 4 2 111 2 457 491 374 497
1299 4 2 111 2 130 460 127 529
1300 4 2 111 2 294 291 293 471
1301 4 2 111 2 438 464 249 514
1302 4 2 111 2 439 465 212 515
1303 4 2 111 2 447 467 439 494
1304 4 2 111 2 267 438 466 500
1305 4 2 111 2 390 458 492 498
1306 4 2 111 2 440 477 332 539
1307 4 2 111 2 123 274 464 514
1308 4 2 111 2 237 465 122 515
1309 4 2 111 2 229 221 240 479
1310 4 2 111 2 126 153 345 525
1311 4 2 111 2 128 137 308 526
1312 4 2 111 2 332 477 351 539
1313 4 2 111 2 314 303 295 471
1314 4 2 111 2 391 417 472 511
1315 4 2 111 2 127 129 271 529
1316 4 2 111 2 125 145 234 530
1317 4 2 111 2 154 465 126 525
1318 4 2 111 2 254 256 257 478
1319 4 2 111 2 219 220 217 479
1320 4 2 111 2 278 497 268 532
1321 4 2 111 2 382 384 495 501
1322 4 2 111 2 125 146 464 530
1323 4 2 111 2 313 287 286 488
1324 4 2 111 2 397 398 370 499
1325 4 2 111 2 350 341 490 508
1326 4 2 111 2 384 416 495 501
1327 4 2 111 2 239 230 494 515
1328 4 2 111 2 433 188 501 535
1329 4 2 111 2 241 498 231 534
1330 4 2 111 2 414 376 491 497
1331 4 2 111 2 413 392 492 498
1332 4 2 111 2 188 433 520 535
1333 4 2 111 2 416 384 385 501
1334 4 2 111 2 305 315 495 536
1335 4 2 111 2 374 491 376 497
1336 4 2 111 2 392 390 492 498
1337 4 2 111 2 147 474 173 514
1338 4 2 111 2 155 475 174 515
1339 4 2 111 2 140 172 141 504
1340 4 2 111 2 171 157 156 505
1341 4 2 111 2 352 499 342 537
1342 4 2 111 2 139 487 176 508
1343 4 2 111 2 331 477 342 499
1344 4 2 111 2 294 471 305 495
1345 4 2 111 2 156 505 154 525
1346 4 2 111 2 140 504 138 526
1347 4 2 111 2 276 267 500 514
1348 4 2 111 2 220 479 231 498
1349 4 2 111 2 257 478 268 497
1350 4 2 111 2 130 132 503 529
1351 4 2 111 2 148 502 146 530
1352 4 2 111 2 316 408 364 452
1353 4 2 111 2 76 212 208 449
1354 4 2 111 2 193 506 482 521
1355 4 2 111 2 284 378 310 510
1356 4 2 111 2 273 247 394 511
1357 4 2 111 2 402 236 210 512
1358 4 2 111 2 337 348 142 508
1359 4 2 111 2 286 282 86 448
1360 4 2 111 2 134 300 311 509
1361 4 2 111 2 340 332 351 539
1362 4 2 111 2 299 456 309 495
1363 4 2 111 2 224 77 208 449
1364 4 2 111 2 414 376 377 491
1365 4 2 111 2 413 392 393 492
1366 4 2 111 2 336 463 346 499
1367 4 2 111 2 262 457 272 497
1368 4 2 111 2 416 385 470 501
1369 4 2 111 2 239 213 212 494
1370 4 2 111 2 453 495 416 501
1371 4 2 111 2 320 449 76 537
1372 4 2 111 2 193 428 489 533
1373 4 2 111 2 274 150 263 514
1374 4 2 111 2 226 237 158 515
1375 4 2 111 2 340 440 332 539
1376 4 2 111 2 235 225 458 498
1377 4 2 111 2 445 462 441 527
1378 4 2 111 2 139 459 429 508
1379 4 2 111 2 417 355 391 472
1380 4 2 111 2 319 96 323 451
1381 4 2 111 2 406 363 279 453
1382 4 2 111 2 87 282 298 448
1383 4 2 111 2 276 250 249 500
1384 4 2 111 2 289 292 445 488
1385 4 2 111 2 436 458 391 511
1386 4 2 111 2 268 497 478 532
1387 4 2 111 2 245 72 249 450
1388 4 2 111 2 414 491 454 497
1389 4 2 111 2 413 492 455 498
1390 4 2 111 2 419 375 510 540
1391 4 2 111 2 481 520 433 535
1392 4 2 111 2 399 512 418 513
1393 4 2 111 2 405 362 242 454
1394 4 2 111 2 205 407 361 455
1395 4 2 111 2 173 147 109 474
1396 4 2 111 2 112 174 155 475
1397 4 2 111 2 132 170 133 503
1398 4 2 111 2 148 169 149 502
1399 4 2 111 2 305 495 471 536
1400 4 2 111 2 231 498 479 534
1401 4 2 111 2 342 499 477 537
1402 4 2 111 2 218 447 215 494
1403 4 2 111 2 261 73 245 450
1404 4 2 111 2 131 175 509 541
1405 4 2 111 2 193 489 428 520
1406 4 2 111 2 230 218 215 494
1407 4 2 111 2 289 304 292 488
1408 4 2 111 2 198 492 496 524
1409 4 2 111 2 386 383 368 456
1410 4 2 111 2 335 321 347 456
1411 4 2 111 2 459 504 441 526
1412 4 2 111 2 332 440 340 525
1413 4 2 111 2 414 377 472 491
1414 4 2 111 2 413 393 473 492
1415 4 2 111 2 139 111 176 487
1416 4 2 111 2 456 495 299 536
1417 4 2 111 2 447 467 443 528
1418 4 2 111 2 446 466 442 531
1419 4 2 111 2 457 497 262 532
1420 4 2 111 2 419 510 470 540
1421 4 2 111 2 349 327 328 452
1422 4 2 111 2 193 506 428 533
1423 4 2 111 2 171 487 157 505
1424 4 2 111 2 491 493 183 523
1425 4 2 111 2 172 486 141 504
1426 4 2 111 2 465 505 440 525
1427 4 2 111 2 460 503 442 529
1428 4 2 111 2 432 496 492 524
1429 4 2 111 2 147 464 438 514
1430 4 2 111 2 155 465 439 515
1431 4 2 111 2 340 525 440 539
1432 4 2 111 2 428 506 193 520
1433 4 2 111 2 255 446 252 500
1434 4 2 111 2 97 319 335 451
1435 4 2 111 2 464 502 443 530
1436 4 2 111 2 171 461 505 525
1437 4 2 111 2 63 193 482 521
1438 4 2 111 2 312 290 291 453
1439 4 2 111 2 462 504 172 526
1440 4 2 111 2 456 495 433 501
1441 4 2 111 2 255 252 267 500
1442 4 2 111 2 458 498 225 534
1443 4 2 111 2 478 497 431 532
1444 4 2 111 2 463 499 336 537
1445 4 2 111 2 416 470 453 501
1446 4 2 111 2 431 493 491 523
1447 4 2 111 2 418 512 473 513
1448 4 2 111 2 254 275 253 454
1449 4 2 111 2 216 217 238 455
1450 4 2 111 2 171 505 156 525
1451 4 2 111 2 140 172 504 526
1452 4 2 111 2 188 520 57 535
1453 4 2 111 2 481 518 451 520
1454 4 2 111 2 479 498 432 534
1455 4 2 111 2 477 499 434 537
1456 4 2 111 2 471 495 433 536
1457 4 2 111 2 396 390 391 458
1458 4 2 111 2 181 517 503 531
1459 4 2 111 2 139 429 487 508
1460 4 2 111 2 57 520 481 535
1461 4 2 111 2 486 509 175 541
1462 4 2 111 2 431 491 457 497
1463 4 2 111 2 156 154 126 525
1464 4 2 111 2 128 140 138 526
1465 4 2 111 2 414 472 454 491
1466 4 2 111 2 413 473 455 492
1467 4 2 111 2 460 529 442 538
1468 4 2 111 2 170 474 133 503
1469 4 2 111 2 169 475 149 502
1470 4 2 111 2 390 458 396 492
1471 4 2 111 2 130 127 132 529
1472 4 2 111 2 148 146 125 530
1473 4 2 111 2 132 170 503 529
1474 4 2 111 2 148 169 502 530
1475 4 2 111 2 466 503 170 529
1476 4 2 111 2 467 502 169 530
1477 4 2 111 2 432 492 458 498
1478 4 2 111 2 292 291 289 445
1479 4 2 111 2 171 461 487 505
1480 4 2 111 2 196 519 502 528
1481 4 2 111 2 462 486 172 504
1482 4 2 111 2 468 451 518 520
1483 4 2 111 2 489 507 383 533
1484 4 2 111 2 192 505 516 522
1485 4 2 111 2 329 444 326 490
1486 4 2 111 2 333 165 119 508
1487 4 2 111 2 166 120 296 509
1488 4 2 111 2 144 139 138 459
1489 4 2 111 2 198 513 437 521
1490 4 2 111 2 316 338 408 452
1491 4 2 111 2 481 518 56 527
1492 4 2 111 2 339 345 332 525
1493 4 2 111 2 308 295 302 526
1494 4 2 111 2 152 147 146 464
1495 4 2 111 2 155 154 160 465
1496 4 2 111 2 430 462 445 527
1497 4 2 111 2 375 457 510 540
1498 4 2 111 2 271 258 265 529
1499 4 2 111 2 234 221 228 530
1500 4 2 111 2 391 472 436 511
1501 4 2 111 2 433 453 445 535
1502 4 2 111 2 292 293 291 445
1503 4 2 111 2 503 517 442 531
1504 4 2 111 2 341 329 326 490
1505 4 2 111 2 441 518 481 527
1506 4 2 111 2 186 56 518 527
1507 4 2 111 2 439 467 447 528
1508 4 2 111 2 259 167 117 514
1509 4 2 111 2 222 168 118 515
1510 4 2 111 2 329 328 326 444
1511 4 2 111 2 301 406 279 453
1512 4 2 111 2 333 119 164 461
1513 4 2 111 2 162 296 120 462
1514 4 2 111 2 193 506 468 520
1515 4 2 111 2 374 376 371 497
1516 4 2 111 2 392 369 390 498
1517 4 2 111 2 372 382 384 495
1518 4 2 111 2 405 242 264 454
1519 4 2 111 2 227 407 205 455
1520 4 2 111 2 466 474 170 503
1521 4 2 111 2 467 475 169 502
1522 4 2 111 2 198 473 437 513
1523 4 2 111 2 391 395 417 511
1524 4 2 111 2 399 403 418 512
1525 4 2 111 2 445 453 435 535
1526 4 2 111 2 147 438 474 514
1527 4 2 111 2 439 475 155 515
1528 4 2 111 2 502 519 443 528
1529 4 2 111 2 419 375 379 510
1530 4 2 111 2 440 516 505 522
1531 4 2 111 2 437 198 521 524
1532 4 2 111 2 370 398 400 499
1533 4 2 111 2 147 173 151 514
1534 4 2 111 2 159 155 174 515
1535 4 2 111 2 138 144 459 504
1536 4 2 111 2 139 176 143 508
1537 4 2 111 2 279 363 409 510
1538 4 2 111 2 131 175 135 509
1539 4 2 111 2 434 452 444 506
1540 4 2 111 2 371 272 373 497
1541 4 2 111 2 389 369 235 498
1542 4 2 111 2 434 513 482 521
1543 4 2 111 2 154 160 465 505
1544 4 2 111 2 152 464 146 502
1545 4 2 111 2 372 309 381 495
1546 4 2 111 2 117 161 259 466
1547 4 2 111 2 222 118 163 467
1548 4 2 111 2 361 411 205 512
1549 4 2 111 2 242 362 412 511
1550 4 2 111 2 266 277 478 538
1551 4 2 111 2 193 62 506 521
1552 4 2 111 2 198 496 52 524
1553 4 2 111 2 209 450 72 534
1554 4 2 111 2 397 370 346 499
1555 4 2 111 2 252 255 254 446
1556 4 2 111 2 218 217 215 447
1557 4 2 111 2 131 509 460 541
1558 4 2 111 2 463 512 399 513
1559 4 2 111 2 436 183 496 523
1560 4 2 111 2 432 455 447 524
1561 4 2 111 2 330 328 329 444
1562 4 2 111 2 279 453 363 510
1563 4 2 111 2 47 517 181 531
1564 4 2 111 2 256 254 255 446
1565 4 2 111 2 219 217 218 447
1566 4 2 111 2 444 452 428 506
1567 4 2 111 2 292 304 306 462
1568 4 2 111 2 451 459 429 518
1569 4 2 111 2 48 183 493 523
1570 4 2 111 2 435 457 448 493
1571 4 2 111 2 387 452 401 533
1572 4 2 111 2 431 454 446 523
1573 4 2 111 2 454 491 431 497
1574 4 2 111 2 455 492 432 498
1575 4 2 111 2 448 460 430 517
1576 4 2 111 2 419 379 470 510
1577 4 2 111 2 269 255 267 466
1578 4 2 111 2 218 230 232 467
1579 4 2 111 2 433 495 453 501
1580 4 2 111 2 61 192 516 522
1581 4 2 111 2 242 454 362 511
1582 4 2 111 2 361 205 455 512
1583 4 2 111 2 196 51 519 528
1584 4 2 111 2 408 452 338 499
1585 4 2 111 2 476 496 183 523
1586 4 2 111 2 313 304 287 488
1587 4 2 111 2 428 468 506 520
1588 4 2 111 2 183 472 436 496
1589 4 2 111 2 63 482 513 521
1590 4 2 111 2 317 165 333 508
1591 4 2 111 2 280 166 296 509
1592 4 2 111 2 395 472 417 511
1593 4 2 111 2 403 473 418 512
1594 4 2 111 2 61 516 483 522
1595 4 2 111 2 430 517 486 527
1596 4 2 111 2 333 164 318 461
1597 4 2 111 2 251 252 253 500
1598 4 2 111 2 162 281 296 462
1599 4 2 111 2 436 458 450 496
1600 4 2 111 2 63 360 404 482
1601 4 2 111 2 243 167 259 514
1602 4 2 111 2 222 206 168 515
1603 4 2 111 2 484 496 432 524
1604 4 2 111 2 437 463 449 521
1605 4 2 111 2 215 216 214 494
1606 4 2 111 2 406 453 301 495
1607 4 2 111 2 324 319 323 490
1608 4 2 111 2 485 521 198 524
1609 4 2 111 2 96 283 451 536
1610 4 2 111 2 56 481 57 520
1611 4 2 111 2 405 454 264 497
1612 4 2 111 2 407 455 227 498
1613 4 2 111 2 480 517 47 531
1614 4 2 111 2 176 487 143 508
1615 4 2 111 2 239 230 213 494
1616 4 2 111 2 175 486 135 509
1617 4 2 111 2 57 193 468 520
1618 4 2 111 2 433 471 451 481
1619 4 2 111 2 259 161 244 466
1620 4 2 111 2 222 163 207 467
1621 4 2 111 2 487 516 429 518
1622 4 2 111 2 186 517 469 527
1623 4 2 111 2 428 456 451 520
1624 4 2 111 2 198 437 473 524
1625 4 2 111 2 486 517 186 527
1626 4 2 111 2 56 57 468 520
1627 4 2 111 2 181 438 519 531
1628 4 2 111 2 173 474 151 514
1629 4 2 111 2 159 174 475 515
1630 4 2 111 2 434 506 483 521
1631 4 2 111 2 447 455 437 524
1632 4 2 111 2 221 209 240 479
1633 4 2 111 2 440 505 461 525
1634 4 2 111 2 183 436 472 523
1635 4 2 111 2 441 504 462 526
1636 4 2 111 2 183 491 49 493
1637 4 2 111 2 198 492 53 496
1638 4 2 111 2 295 283 314 471
1639 4 2 111 2 431 480 493 523
1640 4 2 111 2 324 350 341 490
1641 4 2 111 2 52 496 484 524
1642 4 2 111 2 483 506 62 521
1643 4 2 111 2 484 519 51 528
1644 4 2 111 2 330 444 329 539
1645 4 2 111 2 446 454 436 523
1646 4 2 111 2 443 464 450 519
1647 4 2 111 2 56 468 516 518
1648 4 2 111 2 188 493 470 535
1649 4 2 111 2 192 516 487 518
1650 4 2 111 2 387 507 452 533
1651 4 2 111 2 428 507 489 533
1652 4 2 111 2 290 288 289 488
1653 4 2 111 2 450 464 438 519
1654 4 2 111 2 279 409 297 510
1655 4 2 111 2 441 459 451 518
1656 4 2 111 2 205 411 223 512
1657 4 2 111 2 242 412 260 511
1658 4 2 111 2 483 516 440 522
1659 4 2 111 2 276 267 250 500
1660 4 2 111 2 442 517 480 531
1661 4 2 111 2 51 519 476 531
1662 4 2 111 2 442 503 466 529
1663 4 2 111 2 443 502 467 530
1664 4 2 111 2 61 522 485 528
1665 4 2 111 2 470 493 435 535
1666 4 2 111 2 440 487 461 505
1667 4 2 111 2 441 486 462 504
1668 4 2 111 2 188 470 493 540
1669 4 2 111 2 48 493 480 523
1670 4 2 111 2 444 516 461 539
1671 4 2 111 2 453 470 433 501
1672 4 2 111 2 181 438 474 519
1673 4 2 111 2 56 516 192 518
1674 4 2 111 2 186 517 486 541
1675 4 2 111 2 451 471 433 536
1676 4 2 111 2 181 474 438 531
1677 4 2 111 2 266 529 258 538
1678 4 2 111 2 449 465 439 522
1679 4 2 111 2 439 522 475 528
1680 4 2 111 2 186 47 469 517
1681 4 2 111 2 164 318 461 525
1682 4 2 111 2 162 281 462 526
1683 4 2 111 2 454 472 431 491
1684 4 2 111 2 455 473 432 492
1685 4 2 111 2 287 282 286 488
1686 4 2 111 2 63 482 404 513
1687 4 2 111 2 51 181 519 531
1688 4 2 111 2 435 510 457 540
1689 4 2 111 2 469 493 48 535
1690 4 2 111 2 368 381 98 456
1691 4 2 111 2 443 519 484 528
1692 4 2 111 2 336 499 352 537
1693 4 2 111 2 339 126 345 525
1694 4 2 111 2 308 302 128 526
1695 4 2 111 2 437 521 485 524
1696 4 2 111 2 446 478 431 480
1697 4 2 111 2 61 196 522 528
1698 4 2 111 2 367 373 88 457
1699 4 2 111 2 52 183 476 496
1700 4 2 111 2 314 293 303 471
1701 4 2 111 2 271 265 127 529
1702 4 2 111 2 125 234 228 530
1703 4 2 111 2 332 320 351 477
1704 4 2 111 2 447 479 432 484
1705 4 2 111 2 440 465 449 522
1706 4 2 111 2 308 95 295 459
1707 4 2 111 2 161 244 466 529
1708 4 2 111 2 207 467 163 530
1709 4 2 111 2 365 389 74 458
1710 4 2 111 2 277 256 266 478
1711 4 2 111 2 229 240 219 479
1712 4 2 111 2 435 469 448 488
1713 4 2 111 2 447 484 432 524
1714 4 2 111 2 475 522 196 528
1715 4 2 111 2 408 415 364 452
1716 4 2 111 2 309 98 381 456
1717 4 2 111 2 327 325 326 490
1718 4 2 111 2 279 290 453 510
1719 4 2 111 2 58 489 193 520
1720 4 2 111 2 451 471 441 481
1721 4 2 111 2 446 480 431 523
1722 4 2 111 2 442 474 466 503
1723 4 2 111 2 443 475 467 502
1724 4 2 111 2 436 496 476 523
1725 4 2 111 2 234 71 221 464
1726 4 2 111 2 345 75 332 465
1727 4 2 111 2 434 499 463 537
1728 4 2 111 2 272 88 373 457
1729 4 2 111 2 253 454 242 511
1730 4 2 111 2 205 216 455 512
1731 4 2 111 2 249 250 245 500
1732 4 2 111 2 137 124 95 459
1733 4 2 111 2 333 119 461 508
1734 4 2 111 2 121 85 129 460
1735 4 2 111 2 120 462 296 509
1736 4 2 111 2 235 74 389 458
1737 4 2 111 2 62 193 63 521
1738 4 2 111 2 478 480 446 531
1739 4 2 111 2 213 208 212 494
1740 4 2 111 2 366 397 78 463
1741 4 2 111 2 95 308 137 459
1742 4 2 111 2 129 85 271 460
1743 4 2 111 2 479 484 447 528
1744 4 2 111 2 428 468 451 490
1745 4 2 111 2 145 123 71 464
1746 4 2 111 2 401 452 482 533
1747 4 2 111 2 122 75 153 465
1748 4 2 111 2 188 48 493 535
1749 4 2 111 2 431 497 457 532
1750 4 2 111 2 46 503 181 517
1751 4 2 111 2 363 453 379 510
1752 4 2 111 2 397 346 78 463
1753 4 2 111 2 444 477 434 483
1754 4 2 111 2 442 478 446 531
1755 4 2 111 2 46 517 186 541
1756 4 2 111 2 433 481 451 520
1757 4 2 111 2 330 477 444 539
1758 4 2 111 2 188 493 49 540
1759 4 2 111 2 387 415 401 452
1760 4 2 111 2 145 71 234 464
1761 4 2 111 2 345 153 75 465
1762 4 2 111 2 448 532 87 538
1763 4 2 111 2 346 336 78 463
1764 4 2 111 2 416 363 406 453
1765 4 2 111 2 460 509 430 541
1766 4 2 111 2 443 479 447 528
1767 4 2 111 2 433 495 456 536
1768 4 2 111 2 183 53 472 496
1769 4 2 111 2 463 513 434 521
1770 4 2 111 2 451 481 441 518
1771 4 2 111 2 50 502 196 519
1772 4 2 111 2 432 498 458 534
1773 4 2 111 2 444 483 434 506
1774 4 2 111 2 309 299 98 456
1775 4 2 111 2 96 295 95 459
1776 4 2 111 2 259 117 466 514
1777 4 2 111 2 222 118 467 515
1778 4 2 111 2 336 352 342 537
1779 4 2 111 2 436 476 450 500
1780 4 2 111 2 272 262 88 457
1781 4 2 111 2 72 221 71 464
1782 4 2 111 2 332 75 76 465
1783 4 2 111 2 362 454 395 511
1784 4 2 111 2 361 455 403 512
1785 4 2 111 2 62 198 485 521
1786 4 2 111 2 225 74 235 458
1787 4 2 111 2 442 480 478 531
1788 4 2 111 2 198 63 513 521
1789 4 2 111 2 55 192 487 518
1790 4 2 111 2 349 452 331 499
1791 4 2 111 2 445 469 435 488
1792 4 2 111 2 437 512 463 513
1793 4 2 111 2 443 484 479 528
1794 4 2 111 2 248 272 371 497
1795 4 2 111 2 235 369 211 498
1796 4 2 111 2 285 309 372 495
1797 4 2 111 2 316 452 364 507
1798 4 2 111 2 362 405 414 454
1799 4 2 111 2 407 413 361 455
1800 4 2 111 2 440 477 444 483
1801 4 2 111 2 278 262 497 532
1802 4 2 111 2 294 312 453 495
1803 4 2 111 2 364 452 387 507
1804 4 2 111 2 462 486 441 527
1805 4 2 111 2 470 501 188 535
1806 4 2 111 2 275 454 257 497
1807 4 2 111 2 238 455 220 498
1808 4 2 111 2 349 338 452 499
1809 4 2 111 2 461 487 440 516
1810 4 2 111 2 241 225 498 534
1811 4 2 111 2 322 346 370 499
1812 4 2 111 2 279 297 290 510
1813 4 2 111 2 260 253 242 511
1814 4 2 111 2 205 223 216 512
1815 4 2 111 2 284 298 307 510
1816 4 2 111 2 448 469 435 493
1817 4 2 111 2 270 247 261 511
1818 4 2 111 2 233 210 224 512
1819 4 2 111 2 55 504 186 518
1820 4 2 111 2 450 479 443 484
1821 4 2 111 2 181 474 50 519
1822 4 2 111 2 191 506 483 516
1823 4 2 111 2 77 76 449 537
1824 4 2 111 2 470 510 435 540
1825 4 2 111 2 76 208 77 449
1826 4 2 111 2 119 35 333 164
1827 4 2 111 2 41 162 296 120
1828 4 2 111 2 440 483 444 516
1829 4 2 111 2 60 505 192 522
1830 4 2 111 2 433 501 470 535
1831 4 2 111 2 430 486 517 541
1832 4 2 111 2 198 53 52 496
1833 4 2 111 2 48 183 49 493
1834 4 2 111 2 433 470 453 535
1835 4 2 111 2 437 485 449 494
1836 4 2 111 2 415 452 408 499
1837 4 2 111 2 191 468 506 516
1838 4 2 111 2 316 364 410 507
1839 4 2 111 2 453 470 379 510
1840 4 2 111 2 431 480 448 493
1841 4 2 111 2 301 453 312 495
1842 4 2 111 2 163 29 118 222
1843 4 2 111 2 23 259 117 161
1844 4 2 111 2 428 444 468 490
1845 4 2 111 2 429 468 451 518
1846 4 2 111 2 449 477 440 483
1847 4 2 111 2 299 495 315 536
1848 4 2 111 2 432 473 455 524
1849 4 2 111 2 429 451 468 490
1850 4 2 111 2 275 264 454 497
1851 4 2 111 2 227 455 238 498
1852 4 2 111 2 46 186 486 541
1853 4 2 111 2 434 483 477 537
1854 4 2 111 2 86 448 87 538
1855 4 2 111 2 448 431 493 532
1856 4 2 111 2 327 452 316 507
1857 4 2 111 2 415 400 482 499
1858 4 2 111 2 431 472 454 523
1859 4 2 111 2 60 196 475 522
1860 4 2 111 2 435 469 445 535
1861 4 2 111 2 429 516 468 518
1862 4 2 111 2 473 512 437 513
1863 4 2 111 2 430 509 486 541
1864 4 2 111 2 430 448 469 488
1865 4 2 111 2 483 485 61 522
1866 4 2 111 2 188 49 470 540
1867 4 2 111 2 476 519 438 531
1868 4 2 111 2 364 101 408 316
1869 4 2 111 2 91 279 406 363
1870 4 2 111 2 72 450 73 534
1871 4 2 111 2 416 453 406 495
1872 4 2 111 2 485 522 439 528
1873 4 2 111 2 96 451 97 536
1874 4 2 111 2 445 471 433 481
1875 4 2 111 2 103 321 334 410
1876 4 2 111 2 454 472 395 511
1877 4 2 111 2 455 473 403 512
1878 4 2 111 2 87 86 282 448
1879 4 2 111 2 430 469 448 517
1880 4 2 111 2 350 323 337 508
1881 4 2 111 2 286 300 313 509
1882 4 2 111 2 431 448 480 532
1883 4 2 111 2 61 485 197 528
1884 4 2 111 2 330 342 331 477
1885 4 2 111 2 415 387 364 452
1886 4 2 111 2 432 484 450 496
1887 4 2 111 2 349 331 338 499
1888 4 2 111 2 362 81 405 242
1889 4 2 111 2 67 361 205 407
1890 4 2 111 2 248 262 272 497
1891 4 2 111 2 235 211 225 498
1892 4 2 111 2 452 507 428 533
1893 4 2 111 2 435 493 470 540
1894 4 2 111 2 446 476 436 500
1895 4 2 111 2 263 276 249 514
1896 4 2 111 2 212 226 239 515
1897 4 2 111 2 343 329 341 539
1898 4 2 111 2 285 299 309 495
1899 4 2 111 2 469 517 430 527
1900 4 2 111 2 51 476 182 531
1901 4 2 111 2 432 492 473 524
1902 4 2 111 2 47 46 181 517
1903 4 2 111 2 414 454 405 497
1904 4 2 111 2 413 455 407 498
1905 4 2 111 2 483 506 444 516
1906 4 2 111 2 434 449 483 537
1907 4 2 111 2 456 489 382 501
1908 4 2 111 2 431 480 478 532
1909 4 2 111 2 165 143 119 508
1910 4 2 111 2 135 120 166 509
1911 4 2 111 2 447 485 437 494
1912 4 2 111 2 449 485 483 522
1913 4 2 111 2 431 491 472 523
1914 4 2 111 2 191 468 193 506
1915 4 2 111 2 73 72 245 450
1916 4 2 111 2 363 379 409 510
1917 4 2 111 2 62 61 483 485
1918 4 2 111 2 327 349 316 452
1919 4 2 111 2 441 471 445 481
1920 4 2 111 2 321 103 386 410
1921 4 2 111 2 401 452 415 482
1922 4 2 111 2 61 197 196 528
1923 4 2 111 2 450 432 496 534
1924 4 2 111 2 432 484 479 534
1925 4 2 111 2 294 301 312 495
1926 4 2 111 2 50 196 51 519
1927 4 2 111 2 368 98 347 456
1928 4 2 111 2 439 447 494 528
1929 4 2 111 2 299 98 456 536
1930 4 2 111 2 51 182 181 531
1931 4 2 111 2 445 469 430 527
1932 4 2 111 2 78 463 336 537
1933 4 2 111 2 227 238 220 498
1934 4 2 111 2 275 257 264 497
1935 4 2 111 2 438 476 450 519
1936 4 2 111 2 88 457 262 532
1937 4 2 111 2 486 504 441 527
1938 4 2 111 2 450 476 436 496
1939 4 2 111 2 367 88 310 457
1940 4 2 111 2 487 505 440 516
1941 4 2 111 2 48 469 480 493
1942 4 2 111 2 278 268 262 532
1943 4 2 111 2 198 473 492 524
1944 4 2 111 2 415 482 452 499
1945 4 2 111 2 74 273 365 458
1946 4 2 111 2 448 480 469 493
1947 4 2 111 2 466 474 442 531
1948 4 2 111 2 467 475 443 528
1949 4 2 111 2 468 490 444 516
1950 4 2 111 2 433 445 481 535
1951 4 2 111 2 241 231 225 534
1952 4 2 111 2 430 469 445 488
1953 4 2 111 2 305 294 293 471
1954 4 2 111 2 432 450 484 534
1955 4 2 111 2 428 468 444 506
1956 4 2 111 2 374 491 457 540
1957 4 2 111 2 333 35 318 164
1958 4 2 111 2 163 29 222 207
1959 4 2 111 2 41 162 281 296
1960 4 2 111 2 259 23 244 161
1961 4 2 111 2 438 450 476 500
1962 4 2 111 2 96 319 97 451
1963 4 2 111 2 322 336 346 499
1964 4 2 111 2 363 416 379 453
1965 4 2 111 2 485 494 447 528
1966 4 2 111 2 193 489 58 533
1967 4 2 111 2 429 490 468 516
1968 4 2 111 2 472 491 183 523
1969 4 2 111 2 478 480 448 532
1970 4 2 111 2 187 469 48 535
1971 4 2 111 2 362 395 412 511
1972 4 2 111 2 361 403 411 512
1973 4 2 111 2 191 57 193 468
1974 4 2 111 2 268 257 256 478
1975 4 2 111 2 219 231 220 479
1976 4 2 111 2 439 485 449 522
1977 4 2 111 2 58 193 57 520
1978 4 2 111 2 477 483 449 537
1979 4 2 111 2 316 410 334 507
1980 4 2 111 2 343 341 461 539
1981 4 2 111 2 74 458 225 534
1982 4 2 111 2 167 151 117 514
1983 4 2 111 2 168 159 118 515
1984 4 2 111 2 435 493 469 535
1985 4 2 111 2 119 171 164 461
1986 4 2 111 2 348 95 124 459
1987 4 2 111 2 311 85 121 460
1988 4 2 111 2 162 120 172 462
1989 4 2 111 2 186 504 486 527
1990 4 2 111 2 187 186 469 527
1991 4 2 111 2 387 401 420 533
1992 4 2 111 2 98 97 335 456
1993 4 2 111 2 62 485 483 521
1994 4 2 111 2 451 468 428 520
1995 4 2 111 2 476 500 446 531
1996 4 2 111 2 441 481 445 527
1997 4 2 111 2 439 494 485 528
1998 4 2 111 2 88 87 298 457
1999 4 2 111 2 279 290 312 453
2000 4 2 111 2 366 78 236 463
2001 4 2 111 2 266 258 277 538
2002 4 2 111 2 71 123 274 464
2003 4 2 111 2 237 75 122 465
2004 4 2 111 2 448 480 442 517
2005 4 2 111 2 52 476 484 496
2006 4 2 111 2 253 275 242 454
2007 4 2 111 2 216 238 205 455
2008 4 2 111 2 434 483 449 521
2009 4 2 111 2 197 524 484 528
2010 4 2 111 2 414 395 362 454
2011 4 2 111 2 413 403 361 455
2012 4 2 111 2 51 484 476 519
2013 4 2 111 2 440 444 477 539
2014 4 2 111 2 181 503 474 531
2015 4 2 111 2 448 480 478 538
2016 4 2 111 2 196 502 475 528
2017 4 2 111 2 51 52 476 484
2018 4 2 111 2 439 449 485 494
2019 4 2 111 2 47 48 469 480
2020 4 2 111 2 192 505 487 516
2021 4 2 111 2 448 493 457 532
2022 4 2 111 2 187 186 47 469
2023 4 2 111 2 438 500 476 531
2024 4 2 111 2 387 383 386 507
2025 4 2 111 2 451 433 520 536
2026 4 2 111 2 468 444 506 516
2027 4 2 111 2 305 299 315 536
2028 4 2 111 2 96 95 323 459
2029 4 2 111 2 86 85 286 460
2030 4 2 111 2 452 428 506 533
2031 4 2 111 2 460 517 448 538
2032 4 2 111 2 447 484 524 528
2033 4 2 111 2 479 484 450 534
2034 4 2 111 2 72 71 249 464
2035 4 2 111 2 212 76 75 465
2036 4 2 111 2 182 523 480 531
2037 4 2 111 2 460 503 130 541
2038 4 2 111 2 55 195 111 487
2039 4 2 111 2 480 523 446 531
2040 4 2 111 2 117 170 161 466
2041 4 2 111 2 118 169 163 467
2042 4 2 111 2 450 484 476 496
2043 4 2 111 2 56 55 186 518
2044 4 2 111 2 469 480 448 517
2045 4 2 111 2 433 456 501 520
2046 4 2 111 2 448 442 480 538
2047 4 2 111 2 188 187 48 535
2048 4 2 111 2 182 476 183 523
2049 4 2 111 2 316 101 408 338
2050 4 2 111 2 242 81 405 264
2051 4 2 111 2 205 227 67 407
2052 4 2 111 2 301 279 406 91
2053 4 2 111 2 191 62 483 506
2054 4 2 111 2 47 480 469 517
2055 4 2 111 2 385 359 423 470
2056 4 2 111 2 442 448 517 538
2057 4 2 111 2 316 349 338 452
2058 4 2 111 2 383 382 368 456
2059 4 2 111 2 367 375 374 457
2060 4 2 111 2 450 484 443 519
2061 4 2 111 2 365 391 390 458
2062 4 2 111 2 444 440 516 539
2063 4 2 111 2 368 382 381 456
2064 4 2 111 2 476 484 450 519
2065 4 2 111 2 61 60 192 522
2066 4 2 111 2 446 436 476 523
2067 4 2 111 2 246 87 532 538
2068 4 2 111 2 367 374 373 457
2069 4 2 111 2 182 52 183 476
2070 4 2 111 2 478 480 442 538
2071 4 2 111 2 447 437 485 524
2072 4 2 111 2 450 496 458 534
2073 4 2 111 2 365 390 389 458
2074 4 2 111 2 88 87 457 532
2075 4 2 111 2 449 483 440 522
2076 4 2 111 2 383 382 456 489
2077 4 2 111 2 97 456 98 536
2078 4 2 111 2 191 193 62 506
2079 4 2 111 2 279 312 301 453
2080 4 2 111 2 483 485 449 521
2081 4 2 111 2 191 483 61 516
2082 4 2 111 2 264 242 275 454
2083 4 2 111 2 238 227 205 455
2084 4 2 111 2 374 457 375 540
2085 4 2 111 2 143 461 119 508
2086 4 2 111 2 449 434 521 537
2087 4 2 111 2 135 462 120 509
2088 4 2 111 2 474 503 442 531
2089 4 2 111 2 475 502 443 528
2090 4 2 111 2 449 485 437 521
2091 4 2 111 2 461 516 440 539
2092 4 2 111 2 96 97 283 536
2093 4 2 111 2 197 485 524 528
2094 4 2 111 2 85 460 86 538
2095 4 2 111 2 143 487 461 508
2096 4 2 111 2 135 486 462 509
2097 4 2 111 2 385 359 470 501
2098 4 2 111 2 47 182 480 531
2099 4 2 111 2 6 153 122 75
2100 4 2 111 2 5 129 121 85
2101 4 2 111 2 137 124 8 95
2102 4 2 111 2 71 145 7 123
2103 4 2 111 2 197 485 198 524
2104 4 2 111 2 198 62 63 521
2105 4 2 111 2 435 470 453 510
2106 4 2 111 2 377 357 421 472
2107 4 2 111 2 358 422 393 473
2108 4 2 111 2 399 398 366 463
2109 4 2 111 2 366 398 397 463
2110 4 2 111 2 51 197 484 528
2111 4 2 111 2 197 52 484 524
2112 4 2 111 2 333 36 119 165
2113 4 2 111 2 296 166 42 120
2114 4 2 111 2 137 138 124 459
2115 4 2 111 2 121 129 130 460
2116 4 2 111 2 339 332 340 525
2117 4 2 111 2 295 303 302 526
2118 4 2 111 2 365 389 13 74
2119 4 2 111 2 373 15 367 88
2120 4 2 111 2 381 16 368 98
2121 4 2 111 2 14 366 397 78
2122 4 2 111 2 449 521 463 537
2123 4 2 111 2 266 265 258 529
2124 4 2 111 2 228 221 229 530
2125 4 2 111 2 198 63 473 513
2126 4 2 111 2 191 61 192 516
2127 4 2 111 2 182 476 523 531
2128 4 2 111 2 124 138 139 459
2129 4 2 111 2 131 121 130 460
2130 4 2 111 2 197 62 198 485
2131 4 2 111 2 117 259 24 167
2132 4 2 111 2 30 168 118 222
2133 4 2 111 2 100 408 338 499
2134 4 2 111 2 151 474 466 514
2135 4 2 111 2 159 475 467 515
2136 4 2 111 2 385 384 359 501
2137 4 2 111 2 382 489 388 501
2138 4 2 111 2 408 100 370 499
2139 4 2 111 2 209 72 73 534
2140 4 2 111 2 146 123 145 464
2141 4 2 111 2 122 153 154 465
2142 4 2 111 2 400 404 360 482
2143 4 2 111 2 177 113 133 474
2144 4 2 111 2 178 114 149 475
2145 4 2 111 2 398 463 399 513
2146 4 2 111 2 123 146 147 464
2147 4 2 111 2 122 154 155 465
2148 4 2 111 2 436 472 454 511
2149 4 2 111 2 437 473 455 512
2150 4 2 111 2 347 98 335 456
2151 4 2 111 2 151 466 117 514
2152 4 2 111 2 159 467 118 515
2153 4 2 111 2 116 157 180 487
2154 4 2 111 2 310 88 298 457
2155 4 2 111 2 179 115 141 486
2156 4 2 111 2 74 261 273 458
2157 4 2 111 2 489 501 456 520
2158 4 2 111 2 115 140 141 504
2159 4 2 111 2 116 156 157 505
2160 4 2 111 2 215 213 230 494
2161 4 2 111 2 48 480 182 523
2162 4 2 111 2 287 304 289 488
2163 4 2 111 2 406 301 90 495
2164 4 2 111 2 90 372 406 495
2165 4 2 111 2 130 131 460 541
2166 4 2 111 2 80 405 264 497
2167 4 2 111 2 66 407 227 498
2168 4 2 111 2 457 493 431 532
2169 4 2 111 2 405 80 371 497
2170 4 2 111 2 66 369 407 498
2171 4 2 111 2 171 164 461 525
2172 4 2 111 2 162 462 172 526
2173 4 2 111 2 357 472 377 491
2174 4 2 111 2 358 473 393 492
2175 4 2 111 2 355 184 53 472
2176 4 2 111 2 30 168 222 206
2177 4 2 111 2 259 243 24 167
2178 4 2 111 2 36 333 317 165
2179 4 2 111 2 296 42 166 280
2180 4 2 111 2 415 370 400 499
2181 4 2 111 2 452 506 482 533
2182 4 2 111 2 457 491 431 493
2183 4 2 111 2 246 86 87 538
2184 4 2 111 2 116 157 487 505
2185 4 2 111 2 115 141 486 504
2186 4 2 111 2 92 279 363 409
2187 4 2 111 2 316 364 102 410
2188 4 2 111 2 451 520 456 536
2189 4 2 111 2 252 250 267 500
2190 4 2 111 2 109 50 185 474
2191 4 2 111 2 112 60 200 475
2192 4 2 111 2 458 496 432 534
2193 4 2 111 2 458 492 432 496
2194 4 2 111 2 236 78 224 463
2195 4 2 111 2 197 198 52 524
2196 4 2 111 2 47 181 182 531
2197 4 2 111 2 37 165 317 508
2198 4 2 111 2 166 280 43 509
2199 4 2 111 2 51 196 197 528
2200 4 2 111 2 205 361 68 411
2201 4 2 111 2 362 412 82 242
2202 4 2 111 2 357 377 376 491
2203 4 2 111 2 358 393 392 492
2204 4 2 111 2 384 416 372 495
2205 4 2 111 2 161 466 170 529
2206 4 2 111 2 169 163 467 530
2207 4 2 111 2 412 83 260 511
2208 4 2 111 2 411 69 223 512
2209 4 2 111 2 297 409 93 510
2210 4 2 111 2 323 95 348 459
2211 4 2 111 2 311 286 85 460
2212 4 2 111 2 11 359 388 501
2213 4 2 111 2 25 167 243 514
2214 4 2 111 2 31 168 206 515
2215 4 2 111 2 324 341 326 490
2216 4 2 111 2 419 379 385 470
2217 4 2 111 2 249 71 274 464
2218 4 2 111 2 237 212 75 465
2219 4 2 111 2 414 371 376 497
2220 4 2 111 2 392 413 369 498
2221 4 2 111 2 133 474 113 503
2222 4 2 111 2 114 149 475 502
2223 4 2 111 2 165 37 142 508
2224 4 2 111 2 166 43 134 509
2225 4 2 111 2 11 388 354 489
2226 4 2 111 2 77 320 76 537
2227 4 2 111 2 377 417 395 472
2228 4 2 111 2 418 403 393 473
2229 4 2 111 2 388 489 58 501
2230 4 2 111 2 114 148 149 502
2231 4 2 111 2 133 113 132 503
2232 4 2 111 2 404 63 12 360
2233 4 2 111 2 68 223 205 411
2234 4 2 111 2 297 279 92 409
2235 4 2 111 2 412 82 242 260
2236 4 2 111 2 102 334 316 410
2237 4 2 111 2 183 48 182 523
2238 4 2 111 2 63 194 360 482
2239 4 2 111 2 456 520 433 536
2240 4 2 111 2 394 83 412 511
2241 4 2 111 2 402 69 411 512
2242 4 2 111 2 374 380 491 540
2243 4 2 111 2 93 409 378 510
2244 4 2 111 2 167 25 150 514
2245 4 2 111 2 168 31 158 515
2246 4 2 111 2 445 469 527 535
2247 4 2 111 2 49 491 380 540
2248 4 2 111 2 173 133 151 474
2249 4 2 111 2 159 174 149 475
2250 4 2 111 2 343 461 318 525
2251 4 2 111 2 306 462 281 526
2252 4 2 111 2 445 527 481 535
2253 4 2 111 2 58 501 489 520
2254 4 2 111 2 461 487 429 508
2255 4 2 111 2 343 333 318 461
2256 4 2 111 2 306 296 281 462
2257 4 2 111 2 462 486 430 509
2258 4 2 111 2 447 524 485 528
2259 4 2 111 2 463 521 434 537
2260 4 2 111 2 262 248 278 497
2261 4 2 111 2 211 241 225 498
2262 4 2 111 2 315 299 285 495
2263 4 2 111 2 244 269 466 529
2264 4 2 111 2 207 232 467 530
2265 4 2 111 2 452 482 434 499
2266 4 2 111 2 272 373 79 371
2267 4 2 111 2 346 397 99 370
2268 4 2 111 2 89 381 372 309
2269 4 2 111 2 389 65 235 369
2270 4 2 111 2 442 517 460 538
2271 4 2 111 2 476 446 523 531
2272 4 2 111 2 259 244 269 466
2273 4 2 111 2 207 232 222 467
2274 4 2 111 2 1 136 113 503
2275 4 2 111 2 119 143 171 461
2276 4 2 111 2 58 359 11 501
2277 4 2 111 2 172 120 135 462
2278 4 2 111 2 271 127 21 129
2279 4 2 111 2 137 39 128 308
2280 4 2 111 2 27 125 145 234
2281 4 2 111 2 126 33 345 153
2282 4 2 111 2 100 338 322 499
2283 4 2 111 2 322 370 100 499
2284 4 2 111 2 47 186 46 517
2285 4 2 111 2 124 348 8 95
2286 4 2 111 2 75 122 6 237
2287 4 2 111 2 274 71 7 123
2288 4 2 111 2 85 121 5 311
2289 4 2 111 2 190 188 470 501
2290 4 2 111 2 136 130 503 541
2291 4 2 111 2 442 503 460 517
2292 4 2 111 2 184 183 472 491
2293 4 2 111 2 198 473 199 492
2294 4 2 111 2 434 482 452 506
2295 4 2 111 2 152 50 2 109
2296 4 2 111 2 55 111 3 144
2297 4 2 111 2 160 4 112 60
2298 4 2 111 2 424 360 194 482
2299 4 2 111 2 143 176 157 487
2300 4 2 111 2 193 482 506 533
2301 4 2 111 2 175 141 135 486
2302 4 2 111 2 46 136 503 541
2303 4 2 111 2 90 285 372 495
2304 4 2 111 2 116 180 195 487
2305 4 2 111 2 443 502 464 519
2306 4 2 111 2 327 316 334 507
2307 4 2 111 2 307 290 297 510
2308 4 2 111 2 179 189 115 486
2309 4 2 111 2 336 322 352 499
2310 4 2 111 2 248 371 80 497
2311 4 2 111 2 211 369 66 498
2312 4 2 111 2 90 301 285 495
2313 4 2 111 2 253 260 270 511
2314 4 2 111 2 223 233 216 512
2315 4 2 111 2 366 14 236 78
2316 4 2 111 2 16 347 368 98
2317 4 2 111 2 15 310 367 88
2318 4 2 111 2 273 365 13 74
2319 4 2 111 2 56 57 191 468
2320 4 2 111 2 53 183 52 496
2321 4 2 111 2 80 264 248 497
2322 4 2 111 2 211 66 227 498
2323 4 2 111 2 423 359 190 470
2324 4 2 111 2 55 192 195 487
2325 4 2 111 2 151 170 117 466
2326 4 2 111 2 159 169 118 467
2327 4 2 111 2 46 186 189 486
2328 4 2 111 2 197 61 62 485
2329 4 2 111 2 478 532 448 538
2330 4 2 111 2 182 51 52 476
2331 4 2 111 2 441 504 459 518
2332 4 2 111 2 341 333 343 461
2333 4 2 111 2 47 48 187 469
2334 4 2 111 2 304 296 306 462
2335 4 2 111 2 466 474 438 514
2336 4 2 111 2 467 475 439 515
2337 4 2 111 2 48 49 188 493
2338 4 2 111 2 184 421 357 472
2339 4 2 111 2 358 199 422 473
2340 4 2 111 2 461 440 525 539
2341 4 2 111 2 317 341 350 508
2342 4 2 111 2 304 313 280 509
2343 4 2 111 2 347 321 104 386
2344 4 2 111 2 310 378 284 94
2345 4 2 111 2 210 236 402 70
2346 4 2 111 2 273 84 394 247
2347 4 2 111 2 104 368 347 386
2348 4 2 111 2 94 310 378 367
2349 4 2 111 2 366 402 236 70
2350 4 2 111 2 394 365 84 273
2351 4 2 111 2 269 267 259 466
2352 4 2 111 2 222 232 230 467
2353 4 2 111 2 55 56 192 518
2354 4 2 111 2 247 260 83 511
2355 4 2 111 2 210 223 69 512
2356 4 2 111 2 297 93 284 510
2357 4 2 111 2 440 505 465 522
2358 4 2 111 2 243 267 276 514
2359 4 2 111 2 230 239 206 515
2360 4 2 111 2 357 380 9 491
2361 4 2 111 2 396 10 358 492
2362 4 2 111 2 491 493 457 540
2363 4 2 111 2 1 113 46 503
2364 4 2 111 2 454 472 436 523
2365 4 2 111 2 321 344 334 507
2366 4 2 111 2 177 185 113 474
2367 4 2 111 2 178 200 114 475
2368 4 2 111 2 58 11 388 501
2369 4 2 111 2 11 354 58 489
2370 4 2 111 2 38 348 124 142
2371 4 2 111 2 237 122 32 158
2372 4 2 111 2 134 44 121 311
2373 4 2 111 2 123 26 274 150
2374 4 2 111 2 461 525 343 539
2375 4 2 111 2 455 473 437 524
2376 4 2 111 2 63 356 199 513
2377 4 2 111 2 337 37 317 508
2378 4 2 111 2 300 43 280 509
2379 4 2 111 2 353 190 49 540
2380 4 2 111 2 428 489 456 520
2381 4 2 111 2 32 226 237 158
2382 4 2 111 2 26 263 274 150
2383 4 2 111 2 348 38 337 142
2384 4 2 111 2 44 134 300 311
2385 4 2 111 2 353 470 190 540
2386 4 2 111 2 353 423 190 470
2387 4 2 111 2 356 473 199 513
2388 4 2 111 2 247 83 394 511
2389 4 2 111 2 402 210 69 512
2390 4 2 111 2 93 378 284 510
2391 4 2 111 2 419 423 353 470
2392 4 2 111 2 50 51 181 519
2393 4 2 111 2 429 487 461 516
2394 4 2 111 2 415 408 370 499
2395 4 2 111 2 268 478 246 532
2396 4 2 111 2 320 342 477 537
2397 4 2 111 2 115 3 144 504
2398 4 2 111 2 116 4 160 505
2399 4 2 111 2 152 114 2 502
2400 4 2 111 2 185 474 181 503
2401 4 2 111 2 200 475 196 502
2402 4 2 111 2 11 58 388 489
2403 4 2 111 2 263 25 243 514
2404 4 2 111 2 31 206 226 515
2405 4 2 111 2 211 235 65 369
2406 4 2 111 2 309 372 89 285
2407 4 2 111 2 370 99 346 322
2408 4 2 111 2 79 248 272 371
2409 4 2 111 2 421 184 355 472
2410 4 2 111 2 422 199 356 473
2411 4 2 111 2 231 479 209 534
2412 4 2 111 2 337 142 37 508
2413 4 2 111 2 453 470 435 535
2414 4 2 111 2 43 300 134 509
2415 4 2 111 2 421 355 417 472
2416 4 2 111 2 422 356 418 473
2417 4 2 111 2 46 486 189 541
2418 4 2 111 2 356 12 404 513
2419 4 2 111 2 192 195 487 505
2420 4 2 111 2 305 471 283 536
2421 4 2 111 2 439 475 467 528
2422 4 2 111 2 438 474 466 531
2423 4 2 111 2 189 486 186 504
2424 4 2 111 2 318 164 34 525
2425 4 2 111 2 40 281 162 526
2426 4 2 111 2 109 185 177 474
2427 4 2 111 2 200 178 112 475
2428 4 2 111 2 416 406 372 495
2429 4 2 111 2 234 27 125 228
2430 4 2 111 2 271 21 127 265
2431 4 2 111 2 302 128 39 308
2432 4 2 111 2 33 345 339 126
2433 4 2 111 2 364 387 410 507
2434 4 2 111 2 460 517 503 541
2435 4 2 111 2 161 22 244 529
2436 4 2 111 2 28 207 163 530
2437 4 2 111 2 263 150 25 514
2438 4 2 111 2 226 158 31 515
2439 4 2 111 2 357 9 49 491
2440 4 2 111 2 53 358 10 492
2441 4 2 111 2 164 126 34 525
2442 4 2 111 2 162 128 40 526
2443 4 2 111 2 344 327 334 507
2444 4 2 111 2 109 177 173 474
2445 4 2 111 2 112 178 174 475
2446 4 2 111 2 161 127 22 529
2447 4 2 111 2 163 125 28 530
2448 4 2 111 2 424 401 360 482
2449 4 2 111 2 457 493 435 540
2450 4 2 111 2 1 46 136 503
2451 4 2 111 2 142 139 143 508
2452 4 2 111 2 135 134 131 509
2453 4 2 111 2 136 1 110 541
2454 4 2 111 2 379 375 378 510
2455 4 2 111 2 424 482 194 533
2456 4 2 111 2 414 405 371 497
2457 4 2 111 2 369 413 407 498
2458 4 2 111 2 60 61 196 522
2459 4 2 111 2 430 486 462 527
2460 4 2 111 2 246 532 478 538
2461 4 2 111 2 383 388 382 489
2462 4 2 111 2 359 58 190 501
2463 4 2 111 2 136 46 1 541
2464 4 2 111 2 115 189 55 504
2465 4 2 111 2 195 60 116 505
2466 4 2 111 2 418 473 356 513
2467 4 2 111 2 115 55 3 504
2468 4 2 111 2 116 60 4 505
2469 4 2 111 2 2 114 50 502
2470 4 2 111 2 437 513 463 521
2471 4 2 111 2 391 394 395 511
2472 4 2 111 2 399 402 403 512
2473 4 2 111 2 46 110 1 541
2474 4 2 111 2 357 49 184 491
2475 4 2 111 2 358 53 199 492
2476 4 2 111 2 195 116 487 505
2477 4 2 111 2 150 147 151 514
2478 4 2 111 2 155 159 158 515
2479 4 2 111 2 115 486 189 504
2480 4 2 111 2 324 325 319 490
2481 4 2 111 2 430 517 460 541
2482 4 2 111 2 277 246 478 538
2483 4 2 111 2 359 190 470 501
2484 4 2 111 2 8 137 95 308
2485 4 2 111 2 234 145 7 71
2486 4 2 111 2 153 6 345 75
2487 4 2 111 2 129 5 271 85
2488 4 2 111 2 340 343 525 539
2489 4 2 111 2 389 235 13 74
2490 4 2 111 2 14 397 346 78
2491 4 2 111 2 309 16 381 98
2492 4 2 111 2 88 373 15 272
2493 4 2 111 2 9 380 49 491
2494 4 2 111 2 353 419 470 540
2495 4 2 111 2 357 184 472 491
2496 4 2 111 2 358 199 473 492
2497 4 2 111 2 340 343 318 525
2498 4 2 111 2 306 281 303 526
2499 4 2 111 2 244 266 269 529
2500 4 2 111 2 207 229 232 530
2501 4 2 111 2 111 180 176 487
2502 4 2 111 2 110 179 175 486
2503 4 2 111 2 57 56 187 481
2504 4 2 111 2 356 63 12 513
2505 4 2 111 2 384 382 388 501
2506 4 2 111 2 113 185 46 503
2507 4 2 111 2 114 200 50 502
2508 4 2 111 2 245 250 251 500
2509 4 2 111 2 54 190 353 423
2510 4 2 111 2 200 18 112 178
2511 4 2 111 2 199 64 422 356
2512 4 2 111 2 193 58 194 533
2513 4 2 111 2 288 282 287 488
2514 4 2 111 2 63 404 12 513
2515 4 2 111 2 398 399 404 513
2516 4 2 111 2 214 208 213 494
2517 4 2 111 2 401 482 424 533
2518 4 2 111 2 4 60 160 505
2519 4 2 111 2 55 144 3 504
2520 4 2 111 2 88 262 87 532
2521 4 2 111 2 152 2 50 502
2522 4 2 111 2 58 188 190 501
2523 4 2 111 2 184 49 183 491
2524 4 2 111 2 198 199 53 492
2525 4 2 111 2 299 97 98 536
2526 4 2 111 2 353 9 380 540
2527 4 2 111 2 49 380 9 540
2528 4 2 111 2 73 74 225 534
2529 4 2 111 2 258 85 86 538
2530 4 2 111 2 374 380 376 491
2531 4 2 111 2 390 396 392 492
2532 4 2 111 2 113 474 185 503
2533 4 2 111 2 114 475 200 502
2534 4 2 111 2 331 352 338 499
2535 4 2 111 2 63 193 194 482
2536 4 2 111 2 353 49 9 540
2537 4 2 111 2 190 188 49 470
2538 4 2 111 2 34 126 339 525
2539 4 2 111 2 128 302 40 526
2540 4 2 111 2 110 486 175 541
2541 4 2 111 2 184 183 53 472
2542 4 2 111 2 199 198 63 473
2543 4 2 111 2 127 265 22 529
2544 4 2 111 2 125 228 28 530
2545 4 2 111 2 330 351 342 477
2546 4 2 111 2 190 470 49 540
2547 4 2 111 2 294 315 301 495
2548 4 2 111 2 257 278 264 497
2549 4 2 111 2 227 220 241 498
2550 4 2 111 2 78 336 77 537
2551 4 2 111 2 400 401 415 482
2552 4 2 111 2 339 318 34 525
2553 4 2 111 2 40 302 281 526
2554 4 2 111 2 154 156 160 505
2555 4 2 111 2 138 140 144 504
2556 4 2 111 2 152 146 148 502
2557 4 2 111 2 136 130 132 503
2558 4 2 111 2 351 477 330 539
2559 4 2 111 2 171 156 126 525
2560 4 2 111 2 140 128 172 526
2561 4 2 111 2 46 189 110 541
2562 4 2 111 2 22 265 244 529
2563 4 2 111 2 228 207 28 530
2564 4 2 111 2 305 314 283 471
2565 4 2 111 2 209 231 240 479
2566 4 2 111 2 268 277 246 478
2567 4 2 111 2 181 185 50 474
2568 4 2 111 2 60 196 200 475
2569 4 2 111 2 305 293 314 471
2570 4 2 111 2 185 181 46 503
2571 4 2 111 2 200 196 50 502
2572 4 2 111 2 418 356 399 513
2573 4 2 111 2 127 170 132 529
2574 4 2 111 2 148 125 169 530
2575 4 2 111 2 268 256 277 478
2576 4 2 111 2 240 231 219 479
2577 4 2 111 2 192 60 195 505
2578 4 2 111 2 111 195 180 487
2579 4 2 111 2 189 179 110 486
2580 4 2 111 2 49 493 491 540
2581 4 2 111 2 189 186 55 504
2582 4 2 111 2 63 199 473 513
2583 4 2 111 2 342 351 320 477
2584 4 2 111 2 193 194 482 533
2585 4 2 111 2 320 336 342 537
2586 4 2 111 2 189 486 110 541
2587 4 2 111 2 11 58 190 359
2588 4 2 111 2 46 1 185 113
2589 4 2 111 2 130 136 131 541
2590 4 2 111 2 374 375 380 540
2591 4 2 111 2 410 387 386 507
2592 4 2 111 2 46 503 517 541
2593 4 2 111 2 419 385 423 470
2594 4 2 111 2 268 246 262 532
2595 4 2 111 2 179 189 20 115
2596 4 2 111 2 225 231 209 534
2597 4 2 111 2 17 177 109 185
2598 4 2 111 2 355 45 184 421
2599 4 2 111 2 48 47 182 480
2600 4 2 111 2 51 197 52 484
2601 4 2 111 2 360 63 12 194
2602 4 2 111 2 189 55 3 115
2603 4 2 111 2 4 116 195 60
2604 4 2 111 2 305 283 299 536
2605 4 2 111 2 277 258 246 538
2606 4 2 111 2 358 53 10 199
2607 4 2 111 2 357 49 9 184
2608 4 2 111 2 200 50 2 114
2609 4 2 111 2 214 213 215 494
2610 4 2 111 2 421 417 377 472
2611 4 2 111 2 393 422 418 473
2612 4 2 111 2 251 250 252 500
2613 4 2 111 2 288 287 289 488
2614 4 2 111 2 62 61 191 483
2615 4 2 111 2 110 175 131 541
2616 4 2 111 2 360 401 400 482
2617 4 2 111 2 173 177 133 474
2618 4 2 111 2 178 149 174 475
2619 4 2 111 2 184 53 10 355
2620 4 2 111 2 190 49 9 353
2621 4 2 111 2 12 199 63 356
2622 4 2 111 2 109 50 2 185
2623 4 2 111 2 4 112 60 200
2624 4 2 111 2 110 189 20 179
2625 4 2 111 2 353 375 419 540
2626 4 2 111 2 189 3 20 115
2627 4 2 111 2 112 4 18 200
2628 4 2 111 2 190 9 54 353
2629 4 2 111 2 199 12 64 356
2630 4 2 111 2 354 388 383 489
2631 4 2 111 2 58 354 11 194
2632 4 2 111 2 189 1 46 110
2633 4 2 111 2 326 325 324 490
2634 4 2 111 2 260 247 270 511
2635 4 2 111 2 223 210 233 512
2636 4 2 111 2 284 307 297 510
2637 4 2 111 2 359 384 388 501
2638 4 2 111 2 34 33 339 126
2639 4 2 111 2 27 28 125 228
2640 4 2 111 2 128 39 40 302
2641 4 2 111 2 21 22 127 265
2642 4 2 111 2 354 424 194 533
2643 4 2 111 2 157 176 180 487
2644 4 2 111 2 141 175 179 486
2645 4 2 111 2 370 99 322 100
2646 4 2 111 2 79 80 248 371
2647 4 2 111 2 372 90 89 285
2648 4 2 111 2 66 211 65 369
2649 4 2 111 2 357 376 380 491
2650 4 2 111 2 392 396 358 492
2651 4 2 111 2 247 84 394 83
2652 4 2 111 2 93 284 378 94
2653 4 2 111 2 69 210 402 70
2654 4 2 111 2 103 104 321 386
2655 4 2 111 2 337 317 350 508
2656 4 2 111 2 300 280 313 509
2657 4 2 111 2 351 330 340 539
2658 4 2 111 2 356 404 399 513
2659 4 2 111 2 263 243 276 514
2660 4 2 111 2 206 239 226 515
2661 4 2 111 2 116 160 156 505
2662 4 2 111 2 144 140 115 504
2663 4 2 111 2 152 148 114 502
2664 4 2 111 2 136 132 113 503
2665 4 2 111 2 54 190 423 359
2666 4 2 111 2 18 200 114 178
2667 4 2 111 2 422 358 64 199
2668 4 2 111 2 55 3 111 195
2669 4 2 111 2 338 352 322 499
2670 4 2 111 2 25 24 243 167
2671 4 2 111 2 166 42 43 280
2672 4 2 111 2 168 30 31 206
2673 4 2 111 2 37 36 317 165
2674 4 2 111 2 171 126 164 525
2675 4 2 111 2 162 172 128 526
2676 4 2 111 2 116 180 19 195
2677 4 2 111 2 194 360 424 59
2678 4 2 111 2 285 301 315 495
2679 4 2 111 2 264 278 248 497
2680 4 2 111 2 211 227 241 498
2681 4 2 111 2 143 165 142 508
2682 4 2 111 2 134 135 166 509
2683 4 2 111 2 411 68 223 69
2684 4 2 111 2 103 334 102 410
2685 4 2 111 2 93 297 92 409
2686 4 2 111 2 82 412 83 260
2687 4 2 111 2 343 330 329 539
2688 4 2 111 2 409 379 378 510
2689 4 2 111 2 161 170 127 529
2690 4 2 111 2 169 125 163 530
2691 4 2 111 2 81 80 405 264
2692 4 2 111 2 101 100 408 338
2693 4 2 111 2 406 90 301 91
2694 4 2 111 2 66 67 227 407
2695 4 2 111 2 26 25 263 150
2696 4 2 111 2 134 43 44 300
2697 4 2 111 2 337 38 37 142
2698 4 2 111 2 226 32 31 158
2699 4 2 111 2 339 340 318 525
2700 4 2 111 2 303 281 302 526
2701 4 2 111 2 244 265 266 529
2702 4 2 111 2 207 228 229 530
2703 4 2 111 2 401 424 420 533
2704 4 2 111 2 116 19 4 195
2705 4 2 111 2 194 12 360 59
2706 4 2 111 2 395 394 412 511
2707 4 2 111 2 402 411 403 512
2708 4 2 111 2 150 151 167 514
2709 4 2 111 2 168 158 159 515
2710 4 2 111 2 2 17 109 185
2711 4 2 111 2 184 10 45 355
2712 4 2 111 2 180 111 19 195
2713 4 2 111 2 194 424 354 59
2714 4 2 111 2 119 35 36 333
2715 4 2 111 2 296 42 41 120
2716 4 2 111 2 262 246 87 532
2717 4 2 111 2 343 340 330 539
2718 4 2 111 2 283 97 299 536
2719 4 2 111 2 73 225 209 534
2720 4 2 111 2 77 336 320 537
2721 4 2 111 2 29 30 118 222
2722 4 2 111 2 259 24 23 117
2723 4 2 111 2 354 420 424 533
2724 4 2 111 2 318 35 34 164
2725 4 2 111 2 162 40 41 281
2726 4 2 111 2 28 29 163 207
2727 4 2 111 2 244 23 22 161
2728 4 2 111 2 86 246 258 538
2729 4 2 111 2 136 110 131 541
2730 4 2 111 2 353 380 375 540
2731 4 2 111 2 368 347 16 104
2732 4 2 111 2 236 14 366 70
2733 4 2 111 2 94 15 310 367
2734 4 2 111 2 84 365 13 273
2735 4 2 111 2 190 54 11 359
2736 4 2 111 2 189 20 1 110
2737 4 2 111 2 348 8 38 124
2738 4 2 111 2 32 6 122 237
2739 4 2 111 2 44 5 121 311
2740 4 2 111 2 274 7 26 123
2741 4 2 111 2 101 364 102 316
2742 4 2 111 2 363 91 279 92
2743 4 2 111 2 82 81 362 242
2744 4 2 111 2 68 361 205 67
2745 4 2 111 2 17 177 185 113
2746 4 2 111 2 45 357 184 421
2747 4 2 111 2 64 358 10 199
2748 4 2 111 2 200 2 18 114
2749 4 2 111 2 194 354 11 59
2750 4 2 111 2 185 1 17 113
2751 4 2 111 2 137 8 39 308
2752 4 2 111 2 33 6 345 153
2753 4 2 111 2 7 27 145 234
2754 4 2 111 2 271 21 5 129
2755 4 2 111 2 397 99 14 346
2756 4 2 111 2 65 235 13 389
2757 4 2 111 2 79 15 373 272
2758 4 2 111 2 89 16 381 309
2759 4 2 111 2 3 19 111 195
2760 4 2 111 2 9 45 357 184
2761 4 2 111 2 519 152 50 502
2762 4 2 111 2 519 50 152 109
2763 4 2 111 2 518 144 55 504
2764 4 2 111 2 518 55 144 111
2765 4 2 111 2 160 522 60 112
2766 4 2 111 2 60 522 160 505
2767 4 2 111 2 496 396 458 492
2768 4 2 111 2 496 458 396 391
2769 4 2 111 2 451 295 459 441
2770 4 2 111 2 451 459 295 96
2771 4 2 111 2 519 152 464 147
2772 4 2 111 2 519 464 152 502
2773 4 2 111 2 518 144 459 139
2774 4 2 111 2 518 459 144 504
2775 4 2 111 2 522 160 465 155
2776 4 2 111 2 522 465 160 505
2777 4 2 111 2 529 478 538 266
2778 4 2 111 2 529 538 478 442
2779 4 2 111 2 530 479 221 229
2780 4 2 111 2 530 221 479 443
2781 4 2 111 2 492 355 10 53
2782 4 2 111 2 492 10 355 396
2783 4 2 111 2 526 471 295 303
2784 4 2 111 2 526 295 471 441
2785 4 2 111 2 261 534 74 73
2786 4 2 111 2 74 534 261 458
2787 4 2 111 2 511 273 261 458
2788 4 2 111 2 511 261 273 247
2789 4 2 111 2 310 510 298 284
2790 4 2 111 2 298 510 310 457
2791 4 2 111 2 500 514 249 276
2792 4 2 111 2 249 514 500 438
2793 4 2 111 2 494 515 212 239
2794 4 2 111 2 212 515 494 439
2795 4 2 111 2 488 509 286 313
2796 4 2 111 2 286 509 488 430
2797 4 2 111 2 538 271 85 460
2798 4 2 111 2 538 85 271 258
2799 4 2 111 2 490 508 323 350
2800 4 2 111 2 323 508 490 429
2801 4 2 111 2 508 348 323 337
2802 4 2 111 2 508 323 348 459
2803 4 2 111 2 509 311 286 300
2804 4 2 111 2 509 286 311 460
2805 4 2 111 2 512 236 224 463
2806 4 2 111 2 512 224 236 210
2807 4 2 111 2 514 274 249 263
2808 4 2 111 2 514 249 274 464
2809 4 2 111 2 515 237 212 226
2810 4 2 111 2 515 212 237 465
2811 4 2 111 2 518 520 56 468
2812 4 2 111 2 56 520 518 481
2813 4 2 111 2 508 124 139 459
2814 4 2 111 2 508 139 124 142
2815 4 2 111 2 509 121 131 460
2816 4 2 111 2 509 131 121 134
2817 4 2 111 2 533 387 383 420
2818 4 2 111 2 533 383 387 507
2819 4 2 111 2 511 365 391 394
2820 4 2 111 2 511 391 365 458
2821 4 2 111 2 510 367 375 378
2822 4 2 111 2 510 375 367 457
2823 4 2 111 2 512 366 399 402
2824 4 2 111 2 512 399 366 463
2825 4 2 111 2 514 123 147 464
2826 4 2 111 2 514 147 123 150
2827 4 2 111 2 122 515 155 158
2828 4 2 111 2 155 515 122 465
2829 4 2 111 2 470 416 379 385
2830 4 2 111 2 470 379 416 453
2831 4 2 111 2 518 527 504 186
2832 4 2 111 2 504 527 518 441
2833 4 2 111 2 188 520 58 57
2834 4 2 111 2 58 520 188 501
2835 4 2 111 2 224 537 78 77
2836 4 2 111 2 78 537 224 463
2837 4 2 111 2 472 414 395 377
2838 4 2 111 2 472 395 414 454
2839 4 2 111 2 473 413 403 393
2840 4 2 111 2 473 403 413 455
2841 4 2 111 2 533 383 354 420
2842 4 2 111 2 533 354 383 489
2843 4 2 111 2 410 321 507 386
2844 4 2 111 2 410 507 321 334
2845 4 2 111 2 516 56 191 468
2846 4 2 111 2 516 191 56 192
2847 4 2 111 2 487 171 143 461
2848 4 2 111 2 487 143 171 157
2849 4 2 111 2 486 172 135 462
2850 4 2 111 2 486 135 172 141
2851 4 2 111 2 516 490 461 429
2852 4 2 111 2 516 461 490 444
2853 4 2 111 2 57 535 187 188
2854 4 2 111 2 187 535 57 481
2855 4 2 111 2 527 56 187 186
2856 4 2 111 2 527 187 56 481
2857 4 2 111 2 474 170 151 466
2858 4 2 111 2 474 151 170 133
2859 4 2 111 2 475 169 159 467
2860 4 2 111 2 475 159 169 149
2861 4 2 111 2 333 508 341 317
2862 4 2 111 2 341 508 333 461
2863 4 2 111 2 296 509 304 280
2864 4 2 111 2 304 509 296 462
2865 4 2 111 2 531 500 466 438
2866 4 2 111 2 531 466 500 446
2867 4 2 111 2 259 514 267 243
2868 4 2 111 2 267 514 259 466
2869 4 2 111 2 515 222 230 467
2870 4 2 111 2 515 230 222 206
2871 4 2 111 2 527 535 187 481
2872 4 2 111 2 187 535 527 469
2873 4 2 111 2 533 58 354 489
2874 4 2 111 2 533 354 58 194
$EndElements
