/*--------------------------------*- C++ -*----------------------------------*\
  =========                 |
  \\      /  F ield         | OpenFOAM: The Open Source CFD Toolbox
   \\    /   O peration     | Website:  https://openfoam.org
    \\  /    A nd           | Version:  11
     \\/     M anipulation  |
\*---------------------------------------------------------------------------*/
FoamFile
{
    format      ascii;
    class       faceList;
    location    "constant/shell_fluid/polyMesh";
    object      faces;
}
// * * * * * * * * * * * * * * * * * * * * * * * * * * * * * * * * * * * * * //


11319
(
3(735 1219 1050)
3(735 1198 1219)
3(735 1050 1198)
3(1198 1050 1219)
3(610 1218 1049)
3(610 1199 1218)
3(610 1049 1199)
3(1199 1049 1218)
3(419 1017 989)
3(989 1017 1103)
3(419 1103 1017)
3(419 989 1103)
3(773 1037 774)
3(968 774 1037)
3(773 774 968)
3(773 968 1037)
3(68 954 1069)
3(68 1069 1264)
3(68 1264 954)
3(1069 954 1264)
3(726 972 977)
3(726 1061 972)
3(726 977 1061)
3(977 972 1061)
3(643 1281 950)
3(1142 950 1281)
3(643 1142 1281)
3(643 950 1142)
3(913 967 749)
3(913 1115 967)
3(749 967 1115)
3(913 749 1115)
3(905 966 624)
3(905 1116 966)
3(624 966 1116)
3(905 624 1116)
3(905 966 1149)
3(905 1149 624)
3(966 624 1149)
3(913 967 1150)
3(913 1150 749)
3(967 749 1150)
3(356 1132 1136)
3(357 1136 1132)
3(357 356 1136)
3(357 1132 356)
3(277 960 287)
3(277 1106 960)
3(287 960 1106)
3(277 287 1106)
3(968 956 1231)
3(319 1231 956)
3(319 956 968)
3(319 968 1231)
3(643 1032 950)
3(643 1281 1032)
3(950 1032 1281)
3(956 1100 807)
3(956 807 1034)
3(956 1034 1100)
3(1034 807 1100)
3(524 1057 1110)
3(973 1057 524)
3(973 1110 1057)
3(973 524 1110)
3(419 1098 989)
3(419 1017 1098)
3(1017 989 1098)
3(765 1038 1078)
3(1020 1078 1038)
3(1020 765 1078)
3(1020 1038 765)
3(681 1219 1024)
3(681 1050 1219)
3(1050 1024 1219)
3(681 1024 1050)
3(556 1218 1023)
3(556 1049 1218)
3(1049 1023 1218)
3(556 1023 1049)
3(71 1066 70)
3(71 70 958)
3(71 958 1066)
3(958 70 1066)
3(994 371 1053)
3(115 371 994)
3(115 1053 371)
3(115 994 1053)
3(68 1006 1069)
3(954 1006 68)
3(954 1069 1006)
3(994 1143 1053)
3(994 371 1143)
3(371 1053 1143)
3(277 960 243)
3(287 243 960)
3(71 1066 956)
3(71 956 70)
3(70 956 1066)
3(701 950 1032)
3(701 1032 1261)
3(1032 950 1261)
3(701 1261 950)
3(726 972 1104)
3(726 1104 977)
3(972 977 1104)
3(514 994 1051)
3(514 1051 1086)
3(514 1086 994)
3(1051 994 1086)
3(389 1047 1099)
3(982 1047 389)
3(982 389 1099)
3(982 1099 1047)
3(514 1217 1051)
3(514 994 1217)
3(994 1051 1217)
3(974 1057 1110)
3(974 524 1057)
3(974 1110 524)
3(1026 1078 765)
3(1026 765 1038)
3(1026 1038 1078)
3(362 1294 1236)
3(362 1236 1029)
3(362 1029 1294)
3(1029 1236 1294)
3(390 1044 1098)
3(988 1044 390)
3(988 390 1098)
3(988 1098 1044)
3(921 1005 873)
3(921 1122 1005)
3(873 1005 1122)
3(921 873 1122)
3(986 389 1047)
3(986 1099 389)
3(986 1047 1099)
3(992 1136 356)
3(992 356 1132)
3(992 1132 1136)
3(989 390 1044)
3(989 1098 390)
3(989 1044 1098)
3(285 276 961)
3(961 276 1107)
3(285 961 1107)
3(285 1107 276)
3(956 779 1060)
3(956 1248 779)
3(1060 779 1248)
3(956 1060 1248)
3(1047 389 1183)
3(982 1183 389)
3(982 1047 1183)
3(242 276 961)
3(242 961 285)
3(71 1186 956)
3(71 1066 1186)
3(1066 956 1186)
3(774 759 1037)
3(773 1037 759)
3(1244 1026 1284)
3(1038 1284 1026)
3(1038 1026 1244)
3(1038 1244 1284)
3(506 1053 1001)
3(197 1001 1053)
3(506 1001 197)
3(506 197 1053)
3(701 643 1032)
3(701 950 643)
3(681 1219 1080)
3(681 1080 1024)
3(1024 1080 1219)
3(827 276 961)
3(242 827 961)
3(242 276 827)
3(276 1107 827)
3(961 827 1107)
3(921 1005 1102)
3(921 1102 873)
3(1005 873 1102)
3(1044 390 1197)
3(988 1197 390)
3(988 1044 1197)
3(556 1218 1081)
3(556 1081 1023)
3(1023 1081 1218)
3(447 960 277)
3(447 277 1106)
3(447 1106 960)
3(602 524 973)
3(602 1057 524)
3(602 973 1057)
3(243 447 960)
3(277 447 243)
3(68 1069 1146)
3(68 1146 1264)
3(1146 1069 1264)
3(390 1044 1180)
3(390 1180 989)
3(1044 989 1180)
3(381 1103 1046)
3(381 1046 982)
3(381 982 1103)
3(982 1046 1103)
3(1017 79 1035)
3(313 1035 79)
3(313 1017 1035)
3(313 79 1017)
3(362 999 1236)
3(362 1294 999)
3(1236 999 1294)
3(779 1100 956)
3(1060 956 1100)
3(779 1060 1100)
3(381 989 1046)
3(381 1103 989)
3(1046 989 1103)
3(956 70 1186)
3(71 1186 70)
3(362 1025 1029)
3(362 1236 1025)
3(1029 1025 1236)
3(1066 70 1174)
3(956 1174 70)
3(956 1066 1174)
3(109 1178 959)
3(109 959 1008)
3(109 1008 1178)
3(1008 959 1178)
3(121 1219 995)
3(120 995 1219)
3(121 995 120)
3(121 120 1219)
3(79 1017 1030)
3(309 79 1030)
3(309 1030 1017)
3(309 1017 79)
3(1002 758 1018)
3(1002 1249 758)
3(1018 758 1249)
3(1002 1018 1249)
3(389 1047 1131)
3(389 1131 986)
3(1047 986 1131)
3(64 1218 997)
3(63 997 1218)
3(64 997 63)
3(64 63 1218)
3(506 1053 994)
3(506 1085 1053)
3(994 1053 1085)
3(506 994 1085)
3(701 700 1032)
3(700 643 1032)
3(506 1053 1217)
3(506 1217 994)
3(1053 994 1217)
3(381 1046 1183)
3(381 1183 982)
3(1046 982 1183)
3(959 1293 638)
3(959 638 1032)
3(1032 638 1293)
3(959 1032 1293)
3(220 996 1054)
3(220 1095 996)
3(220 1054 1095)
3(1054 996 1095)
3(506 1085 1001)
3(1053 1001 1085)
3(824 1061 975)
3(824 1037 1061)
3(1037 975 1061)
3(824 975 1037)
3(763 1079 1263)
3(763 1059 1079)
3(763 1263 1059)
3(1079 1059 1263)
3(774 1060 968)
3(774 1037 1060)
3(1037 968 1060)
3(1069 1231 68)
3(1069 1146 1231)
3(1146 68 1231)
3(1006 1231 68)
3(1006 1069 1231)
3(381 1180 1046)
3(381 989 1180)
3(989 1046 1180)
3(1068 956 1231)
3(968 1068 1231)
3(968 956 1068)
3(79 1067 1017)
3(1035 1017 1067)
3(79 1035 1067)
3(109 108 959)
3(959 108 1178)
3(109 1178 108)
3(261 260 964)
3(240 964 260)
3(240 261 964)
3(269 268 963)
3(241 963 268)
3(241 269 963)
3(307 308 1082)
3(308 1073 1082)
3(307 1082 1073)
3(307 1073 308)
3(807 779 956)
3(807 1248 779)
3(807 956 1248)
3(220 996 694)
3(220 694 1054)
3(694 996 1054)
3(758 815 1002)
3(1002 815 1018)
3(758 1018 815)
3(1017 1030 1067)
3(79 1067 1030)
3(279 1076 572)
3(241 572 1076)
3(279 241 1076)
3(279 572 241)
3(313 1035 80)
3(79 80 1035)
3(997 1199 64)
3(64 1199 1229)
3(997 1229 1199)
3(997 64 1229)
3(995 1198 121)
3(121 1198 1226)
3(995 1226 1198)
3(995 121 1226)
3(276 1107 866)
3(827 866 1107)
3(276 866 827)
3(956 1174 1231)
3(319 1174 956)
3(319 1231 1174)
3(1079 816 1263)
3(1003 1263 816)
3(1003 816 1079)
3(1003 1079 1263)
3(1147 1246 1306)
3(1147 1306 1070)
3(1246 1070 1306)
3(1147 1070 1246)
3(224 267 1141)
3(1141 267 1287)
3(224 1141 1287)
3(224 1287 267)
3(227 275 1142)
3(1142 275 1288)
3(227 1142 1288)
3(227 1288 275)
3(260 964 1141)
3(261 1141 964)
3(261 260 1141)
3(1041 51 1239)
3(52 1041 1239)
3(52 51 1041)
3(52 1239 51)
3(268 963 1142)
3(269 1142 963)
3(269 268 1142)
3(761 824 1061)
3(761 975 824)
3(761 1061 975)
3(779 1100 807)
3(468 1144 1019)
3(1020 1019 1144)
3(468 1019 1020)
3(468 1020 1144)
3(1239 1041 1272)
3(51 1272 1041)
3(51 1239 1272)
3(309 78 1030)
3(78 79 1030)
3(109 338 959)
3(338 108 959)
3(490 277 1106)
3(447 490 1106)
3(447 277 490)
3(71 298 958)
3(298 70 958)
3(368 979 995)
3(995 979 1226)
3(368 1226 979)
3(368 995 1226)
3(794 1079 1112)
3(1079 1003 1112)
3(794 1112 1003)
3(794 1003 1079)
3(1090 1109 1293)
3(1090 1293 650)
3(1090 650 1109)
3(1109 650 1293)
3(311 1012 1212)
3(1012 77 1212)
3(311 1212 77)
3(311 77 1012)
3(973 357 1136)
3(973 1132 357)
3(973 1136 1132)
3(307 981 997)
3(997 981 1229)
3(307 1229 981)
3(307 997 1229)
3(815 1002 1249)
3(758 815 1249)
3(996 694 1095)
3(220 1095 694)
3(206 964 1045)
3(206 1141 964)
3(1045 964 1141)
3(206 1045 1141)
3(1088 1110 1278)
3(1088 1278 525)
3(1088 525 1110)
3(1110 525 1278)
3(385 1117 1267)
3(385 1267 969)
3(1117 969 1267)
3(385 969 1117)
3(853 1030 1004)
3(853 1067 1030)
3(853 1004 1067)
3(1004 1030 1067)
3(1034 1026 1284)
3(1034 1284 1244)
3(1034 1244 1026)
3(49 1306 1147)
3(49 1147 1246)
3(49 1246 1306)
3(681 735 1219)
3(681 1050 735)
3(610 1218 556)
3(610 556 1049)
3(750 638 959)
3(750 1293 638)
3(750 959 1293)
3(323 961 1227)
3(323 955 961)
3(961 955 1227)
3(323 1227 955)
3(726 727 972)
3(726 1061 727)
3(972 727 1061)
3(311 1012 1030)
3(311 1030 1212)
3(1030 1012 1212)
3(973 974 1057)
3(973 1110 974)
3(1017 1103 1160)
3(1017 1160 989)
3(1103 989 1160)
3(121 1219 1198)
3(995 1198 1219)
3(362 1177 1029)
3(1025 1029 1177)
3(362 1025 1177)
3(64 1218 1199)
3(997 1199 1218)
3(844 1284 1026)
3(844 1026 1038)
3(844 1038 1284)
3(905 966 906)
3(905 906 1149)
3(906 966 1149)
3(914 913 967)
3(914 1150 913)
3(914 967 1150)
3(763 816 1263)
3(763 1079 816)
3(961 1227 1231)
3(1227 323 1231)
3(961 1231 323)
3(357 976 1136)
3(356 1136 976)
3(356 976 357)
3(987 1166 833)
3(1010 833 1166)
3(987 1010 1166)
3(987 833 1010)
3(647 964 1045)
3(647 206 964)
3(647 1045 206)
3(798 1065 1079)
3(1002 1079 1065)
3(1002 798 1079)
3(1002 1065 798)
3(994 1143 1085)
3(1053 1085 1143)
3(967 914 1115)
3(913 1115 914)
3(966 906 1116)
3(905 1116 906)
3(338 1008 1253)
3(338 972 1008)
3(1008 972 1253)
3(338 1253 972)
3(279 1076 615)
3(572 615 1076)
3(279 615 572)
3(955 1121 323)
3(961 323 1121)
3(955 961 1121)
3(514 1189 1086)
3(1051 1086 1189)
3(514 1051 1189)
3(969 1113 1140)
3(300 969 1140)
3(300 1140 1113)
3(300 1113 969)
3(602 1110 973)
3(602 524 1110)
3(1035 313 1156)
3(1017 1156 313)
3(1017 1035 1156)
3(789 1007 1031)
3(789 1031 1232)
3(1031 1007 1232)
3(789 1232 1007)
3(98 1003 993)
3(97 993 1003)
3(98 97 1003)
3(98 993 97)
3(331 1224 1031)
3(331 1031 1112)
3(331 1112 1224)
3(1112 1031 1224)
3(308 1082 1285)
3(307 1285 1082)
3(307 308 1285)
3(371 1015 994)
3(994 1015 1143)
3(371 1143 1015)
3(1010 798 1065)
3(1010 1079 798)
3(1010 1065 1079)
3(839 1034 956)
3(839 956 807)
3(839 807 1034)
3(504 192 1055)
3(192 193 1055)
3(504 1055 193)
3(371 370 994)
3(994 370 1015)
3(371 1015 370)
3(1004 1079 1112)
3(794 1079 1004)
3(794 1004 1112)
3(1020 75 1118)
3(1019 1020 1118)
3(1019 75 1020)
3(1019 1118 75)
3(338 1008 959)
3(959 1008 1253)
3(338 959 1253)
3(735 1080 1219)
3(735 1219 980)
3(735 980 1080)
3(1080 980 1219)
3(524 574 1057)
3(602 1057 574)
3(309 1030 1160)
3(309 1160 1017)
3(1030 1017 1160)
3(647 964 1090)
3(647 1090 1045)
3(964 1045 1090)
3(1113 1147 1306)
3(1113 1306 1070)
3(1113 1070 1147)
3(610 1081 1218)
3(610 1218 979)
3(1081 979 1218)
3(610 979 1081)
3(311 1160 1030)
3(311 1012 1160)
3(1012 1030 1160)
3(514 1051 195)
3(514 194 1051)
3(194 195 1051)
3(239 1070 257)
3(239 254 1070)
3(254 257 1070)
3(1020 1075 1118)
3(1020 75 1075)
3(1075 75 1118)
3(1037 1045 1260)
3(1037 759 1045)
3(1045 759 1260)
3(1037 1260 759)
3(763 1002 1079)
3(1002 1059 1079)
3(763 1059 1002)
3(979 995 1218)
3(368 1218 995)
3(368 979 1218)
3(638 1241 959)
3(1032 959 1241)
3(638 1032 1241)
3(954 1140 68)
3(954 1006 1140)
3(1006 68 1140)
3(756 1058 1112)
3(983 756 1112)
3(983 1058 756)
3(983 1112 1058)
3(221 694 1054)
3(220 221 1054)
3(963 572 1076)
3(241 963 1076)
3(241 572 963)
3(963 950 1142)
3(963 1142 1288)
3(1142 950 1288)
3(963 1288 950)
3(312 1021 1228)
3(1021 1156 1228)
3(312 1228 1156)
3(312 1156 1021)
3(1007 1176 789)
3(1031 789 1176)
3(1007 1031 1176)
3(1274 333 1279)
3(328 1279 333)
3(328 1274 1279)
3(328 333 1274)
3(961 1128 1227)
3(955 1128 961)
3(955 1227 1128)
3(49 1113 1147)
3(49 1306 1113)
3(1041 1239 1245)
3(52 1245 1239)
3(52 1041 1245)
3(966 1063 562)
3(966 562 979)
3(966 979 1063)
3(979 562 1063)
3(687 967 1062)
3(687 980 967)
3(967 980 1062)
3(687 1062 980)
3(1210 1096 1313)
3(639 1096 1210)
3(639 1210 1313)
3(639 1313 1096)
3(362 999 1025)
3(1025 999 1236)
3(1096 1313 1145)
3(1210 1145 1313)
3(1096 1145 1210)
3(1042 1293 1090)
3(1042 1090 1109)
3(1042 1109 1293)
3(964 955 1141)
3(964 1141 1287)
3(1141 955 1287)
3(964 1287 955)
3(333 1279 1065)
3(1274 1065 1279)
3(333 1065 1274)
3(71 958 1009)
3(71 1009 1066)
3(1009 958 1066)
3(298 1009 1239)
3(298 971 1009)
3(1009 971 1239)
3(298 1239 971)
3(169 1117 1267)
3(169 1267 385)
3(169 385 1117)
3(922 921 1005)
3(922 1102 921)
3(922 1005 1102)
3(1245 978 1262)
3(53 1262 978)
3(53 1245 1262)
3(53 978 1245)
3(1128 1227 1231)
3(961 1128 1231)
3(468 1257 1019)
3(468 1144 1257)
3(1144 1019 1257)
3(1005 922 1122)
3(921 1122 922)
3(896 1102 921)
3(896 922 1102)
3(815 1018 1065)
3(815 1065 1002)
3(1018 1002 1065)
3(1040 1140 969)
3(1040 1113 1140)
3(1040 969 1113)
3(81 1021 1228)
3(312 1021 81)
3(312 81 1228)
3(979 1229 64)
3(979 1199 1229)
3(979 64 1199)
3(980 1226 121)
3(980 1198 1226)
3(980 121 1198)
3(514 1217 195)
3(1051 195 1217)
3(1035 1156 1228)
3(1035 1228 1021)
3(1035 1021 1156)
3(993 1190 1003)
3(993 98 1190)
3(98 1003 1190)
3(1039 1202 1205)
3(1165 1039 1205)
3(1165 1205 1202)
3(1165 1202 1039)
3(333 1002 1065)
3(333 1279 1002)
3(1065 1002 1279)
3(338 1008 109)
3(844 1034 1026)
3(844 1284 1034)
3(504 1214 1055)
3(504 192 1214)
3(192 1055 1214)
3(362 358 1029)
3(1029 358 1177)
3(362 1177 358)
3(1057 1008 1178)
3(109 1008 1057)
3(109 1057 1178)
3(298 958 1009)
3(298 1009 71)
3(806 987 1166)
3(806 1166 833)
3(806 833 987)
3(681 735 1080)
3(1042 340 1178)
3(959 340 1042)
3(959 1042 1178)
3(959 1178 340)
3(1043 1278 1088)
3(1043 1088 1110)
3(1043 1110 1278)
3(336 972 1008)
3(338 336 1008)
3(338 972 336)
3(311 1030 78)
3(311 78 1212)
3(78 1030 1212)
3(1103 1017 1283)
3(419 1283 1017)
3(419 1103 1283)
3(74 1078 1038)
3(74 1038 1020)
3(74 1020 1078)
3(958 1009 1239)
3(298 958 1239)
3(610 1081 556)
3(969 1140 1239)
3(969 1239 300)
3(1140 300 1239)
3(1153 1015 1183)
3(1046 1153 1183)
3(1046 1183 1015)
3(1046 1015 1153)
3(704 1090 1293)
3(704 1293 650)
3(704 650 1090)
3(579 1088 1278)
3(579 1278 525)
3(579 525 1088)
3(765 1078 1232)
3(765 1232 1020)
3(1078 1020 1232)
3(1008 959 1057)
3(1057 959 1178)
3(296 971 1009)
3(298 296 1009)
3(298 971 296)
3(954 1299 68)
3(1140 68 1299)
3(954 1140 1299)
3(220 1054 1018)
3(1018 1054 1095)
3(220 1018 1095)
3(714 638 959)
3(714 959 750)
3(1199 1072 1229)
3(997 1072 1199)
3(997 1229 1072)
3(307 1082 997)
3(307 981 1082)
3(981 997 1082)
3(1198 1071 1226)
3(995 1071 1198)
3(995 1226 1071)
3(1086 999 1189)
3(514 999 1086)
3(514 1189 999)
3(1041 1206 1239)
3(1239 1206 1272)
3(1041 1272 1206)
3(1036 1029 1209)
3(596 1036 1209)
3(596 1209 1029)
3(596 1029 1036)
3(774 775 968)
3(968 775 1060)
3(774 1060 775)
3(356 1262 1136)
3(992 1136 1262)
3(356 992 1262)
3(958 70 1174)
3(958 1174 1066)
3(980 1198 1219)
3(735 1198 980)
3(415 982 1256)
3(415 1103 982)
3(415 1256 1103)
3(982 1103 1256)
3(1175 1205 1039)
3(1175 1202 1205)
3(1175 1039 1202)
3(641 977 1061)
3(726 977 641)
3(726 641 1061)
3(979 1199 1218)
3(610 1199 979)
3(705 1032 1261)
3(701 1032 705)
3(701 705 1261)
3(504 1214 1133)
3(1055 1133 1214)
3(504 1133 1055)
3(73 1078 1038)
3(73 1038 74)
3(73 74 1078)
3(1075 755 1144)
3(1075 1296 755)
3(1075 1144 1296)
3(1144 755 1296)
3(1001 1119 197)
3(1053 197 1119)
3(1001 1053 1119)
3(1003 1112 756)
3(1003 756 1058)
3(1003 1058 1112)
3(977 724 1061)
3(1061 724 1074)
3(977 1074 724)
3(977 1061 1074)
3(340 1178 1300)
3(1178 1042 1300)
3(340 1300 1042)
3(999 1051 1086)
3(999 1189 1051)
3(385 1267 1158)
3(385 1158 969)
3(969 1158 1267)
3(572 1076 1088)
3(572 1088 963)
3(1076 963 1088)
3(333 1010 1065)
3(1010 1002 1065)
3(333 1002 1010)
3(979 1229 1291)
3(1229 64 1291)
3(979 1291 64)
3(1030 1004 1296)
3(853 1030 1296)
3(853 1296 1004)
3(533 976 1029)
3(533 1136 976)
3(1029 976 1136)
3(533 1029 1136)
3(980 1226 1292)
3(121 1292 1226)
3(121 980 1292)
3(197 585 1001)
3(506 1001 585)
3(1021 1082 308)
3(1021 308 1073)
3(1021 1073 1082)
3(1039 325 1184)
3(84 325 1039)
3(84 1039 1184)
3(84 1184 325)
3(968 319 1259)
3(956 1259 319)
3(956 968 1259)
3(556 1049 1199)
3(610 556 1199)
3(757 1067 1166)
3(757 1035 1067)
3(757 1166 1035)
3(1067 1035 1166)
3(681 1050 1198)
3(681 1198 735)
3(362 358 1294)
3(358 1029 1294)
3(325 1289 1039)
3(1184 1039 1289)
3(325 1184 1289)
3(1010 757 1067)
3(1010 1166 757)
3(1010 1067 1166)
3(1010 1065 1228)
3(333 1010 1228)
3(333 1228 1065)
3(905 894 1149)
3(894 906 1149)
3(913 895 1150)
3(914 1150 895)
3(330 1031 331)
3(330 1224 1031)
3(330 331 1224)
3(1070 1243 1267)
3(1070 518 1243)
3(1243 518 1267)
3(1070 1267 518)
3(971 1041 1239)
3(971 1239 1245)
3(971 1245 1041)
3(506 1053 196)
3(196 1053 1217)
3(506 196 1217)
3(755 1232 1075)
3(1144 1075 1232)
3(755 1144 1232)
3(1035 80 1156)
3(313 1156 80)
3(115 370 994)
3(1165 1039 1175)
3(1165 1175 1205)
3(841 1176 1048)
3(841 983 1176)
3(983 1048 1176)
3(841 1048 983)
3(1003 1004 1079)
3(1003 1112 1004)
3(1132 1057 1214)
3(1132 1214 1234)
3(1132 1234 1057)
3(1214 1057 1234)
3(71 1066 1034)
3(1034 1066 1186)
3(71 1034 1186)
3(1026 846 1078)
3(1026 1078 1111)
3(1078 846 1111)
3(1026 1111 846)
3(176 389 1047)
3(389 175 1047)
3(176 1047 175)
3(1033 1070 1243)
3(1033 1243 1267)
3(1033 1267 1070)
3(78 1160 1030)
3(78 311 1160)
3(979 1072 1229)
3(979 1199 1072)
3(1050 995 1219)
3(120 995 1050)
3(120 1050 1219)
3(980 1071 1226)
3(980 1198 1071)
3(73 1078 1244)
3(1078 1038 1244)
3(73 1244 1038)
3(1096 1000 1145)
3(1145 1000 1313)
3(1096 1313 1000)
3(197 1053 196)
3(1032 1261 1293)
3(705 1032 1293)
3(705 1293 1261)
3(1049 997 1218)
3(63 997 1049)
3(63 1049 1218)
3(96 983 984)
3(983 95 984)
3(96 95 983)
3(96 984 95)
3(641 977 724)
3(641 724 1061)
3(74 1038 1120)
3(74 1120 1020)
3(1038 1020 1120)
3(896 1102 873)
3(896 873 921)
3(1187 1008 1253)
3(959 1008 1187)
3(959 1187 1253)
3(78 1160 309)
3(773 775 968)
3(647 644 964)
3(644 206 964)
3(973 357 976)
3(973 976 1136)
3(513 1117 1278)
3(1117 1033 1278)
3(513 1033 1117)
3(513 1278 1033)
3(1004 1112 331)
3(1004 331 1031)
3(1004 1031 1112)
3(209 824 1061)
3(761 209 1061)
3(121 1219 980)
3(694 1235 1054)
3(694 996 1235)
3(996 1054 1235)
3(678 1062 1094)
3(678 1094 980)
3(1062 980 1094)
3(678 980 1062)
3(553 1063 1093)
3(553 1093 979)
3(1063 979 1093)
3(553 979 1063)
3(428 1064 1092)
3(428 1092 981)
3(1064 981 1092)
3(428 981 1064)
3(64 1218 979)
3(1039 84 1289)
3(325 1289 84)
3(1034 956 1066)
3(839 1066 956)
3(839 1034 1066)
3(1132 1057 1247)
3(109 1132 1247)
3(109 1057 1132)
3(109 1247 1057)
3(1233 1024 1309)
3(734 1309 1024)
3(734 1024 1233)
3(734 1233 1309)
3(996 101 1018)
3(996 1279 101)
3(996 1018 1279)
3(1018 101 1279)
3(1028 1180 1196)
3(1028 1044 1180)
3(1180 1044 1196)
3(1028 1196 1044)
3(1021 1285 308)
3(1021 1082 1285)
3(77 76 1212)
3(330 77 1212)
3(330 1212 76)
3(1156 80 1228)
3(312 1228 80)
3(312 80 1156)
3(1072 1229 1291)
3(1072 1291 979)
3(1071 1226 1292)
3(1071 1292 980)
3(995 979 1093)
3(1093 979 1226)
3(995 1093 1226)
3(1008 972 1187)
3(1187 972 1253)
3(1117 625 1278)
3(957 1117 1278)
3(957 625 1117)
3(957 1278 625)
3(949 1070 1243)
3(949 1033 1070)
3(949 1243 1033)
3(210 1061 724)
3(210 1074 1061)
3(210 724 1074)
3(949 257 1151)
3(577 257 949)
3(577 949 1151)
3(577 1151 257)
3(508 1198 1050)
3(508 1050 1152)
3(508 1152 1198)
3(1152 1050 1198)
3(704 1090 1042)
3(704 1042 1293)
3(383 1049 1155)
3(383 1199 1049)
3(383 1155 1199)
3(1155 1049 1199)
3(383 1049 1197)
3(383 1197 1155)
3(1049 1155 1197)
3(255 243 960)
3(255 960 287)
3(1018 819 1054)
3(220 819 1018)
3(220 1054 819)
3(824 1060 774)
3(824 774 1037)
3(824 1037 1060)
3(1039 962 1184)
3(1039 1289 962)
3(1184 962 1289)
3(997 981 1092)
3(1092 981 1229)
3(997 1092 1229)
3(1004 1224 331)
3(1004 1112 1224)
3(794 1238 1004)
3(1079 1004 1238)
3(794 1079 1238)
3(1043 359 1272)
3(957 359 1043)
3(957 1043 1272)
3(957 1272 359)
3(1245 1129 1262)
3(978 1262 1129)
3(978 1129 1245)
3(176 389 1183)
3(176 1183 1047)
3(77 1212 1013)
3(77 1013 1012)
3(1012 1013 1212)
3(705 700 1032)
3(606 1180 1028)
3(606 1153 1180)
3(1153 1028 1180)
3(606 1028 1153)
3(240 964 1077)
3(240 1077 697)
3(964 697 1077)
3(240 697 964)
3(643 1281 700)
3(1032 700 1281)
3(726 977 724)
3(600 1015 1183)
3(600 1183 1153)
3(600 1153 1015)
3(1117 1033 1267)
3(969 1267 1033)
3(969 1033 1117)
3(371 1053 116)
3(116 1053 1143)
3(371 116 1143)
3(307 1285 997)
3(1082 997 1285)
3(755 1031 1075)
3(755 1232 1031)
3(1075 1031 1232)
3(194 1051 1189)
3(514 194 1189)
3(331 1031 1212)
3(331 1212 1004)
3(1031 1004 1212)
3(389 175 1131)
3(175 1047 1131)
3(80 1228 1035)
3(774 852 1060)
3(824 1060 852)
3(904 1184 965)
3(904 1254 1184)
3(965 1184 1254)
3(904 965 1254)
3(1031 1296 755)
3(1031 1075 1296)
3(513 625 1278)
3(513 1117 625)
3(968 1037 1045)
3(968 1045 1260)
3(968 1260 1037)
3(83 1175 981)
3(1039 981 1175)
3(83 981 1039)
3(83 1039 1175)
3(606 1180 1196)
3(1028 606 1196)
3(415 982 1099)
3(1099 982 1256)
3(415 1099 1256)
3(97 1203 1003)
3(993 1003 1203)
3(97 993 1203)
3(247 242 961)
3(247 961 285)
3(158 1030 1296)
3(158 159 1030)
3(158 1296 159)
3(1030 159 1296)
3(508 1050 201)
3(508 1309 1050)
3(201 1050 1309)
3(508 201 1309)
3(430 1092 428)
3(430 428 1064)
3(430 1064 1092)
3(555 1093 553)
3(555 553 1063)
3(555 1063 1093)
3(680 1094 678)
3(680 678 1062)
3(680 1062 1094)
3(1028 547 1089)
3(1028 1302 547)
3(1089 547 1302)
3(1028 1089 1302)
3(383 181 1049)
3(182 383 1049)
3(182 1049 181)
3(453 1040 1106)
3(453 954 1040)
3(453 1106 954)
3(1040 954 1106)
3(970 1090 650)
3(970 1109 1090)
3(970 650 1109)
3(949 1070 518)
3(949 518 1243)
3(1040 448 1106)
3(960 448 1040)
3(960 1040 1106)
3(960 1106 448)
3(965 1039 1184)
3(84 965 1184)
3(84 1039 965)
3(579 1043 1278)
3(579 1088 1043)
3(180 1044 390)
3(180 390 1197)
3(180 1197 1044)
3(1160 1017 1283)
3(1103 1160 1283)
3(974 1088 525)
3(974 1110 1088)
3(974 525 1110)
3(1027 342 1145)
3(1000 342 1027)
3(1000 1027 1145)
3(1000 1145 342)
3(834 1002 1079)
3(834 1079 763)
3(834 763 1002)
3(1013 1296 1075)
3(1013 1075 1144)
3(1013 1144 1296)
3(1040 1140 1239)
3(1040 1239 969)
3(241 1076 1288)
3(271 241 1288)
3(271 1076 241)
3(271 1288 1076)
3(732 967 980)
3(732 1071 967)
3(980 967 1071)
3(732 980 1071)
3(607 966 979)
3(607 1072 966)
3(979 966 1072)
3(607 979 1072)
3(301 1140 1113)
3(301 1113 300)
3(301 300 1140)
3(1035 1067 1194)
3(1035 1194 757)
3(1067 757 1194)
3(390 179 1044)
3(180 1044 179)
3(181 1049 1197)
3(383 181 1197)
3(1069 149 1134)
3(1006 1134 149)
3(1006 149 1069)
3(1006 1069 1134)
3(797 1010 798)
3(797 798 1065)
3(797 1065 1010)
3(963 950 1281)
3(963 1281 1142)
3(600 1139 1183)
3(1139 1015 1183)
3(600 1015 1139)
3(1118 1020 1144)
3(1075 1118 1144)
3(1075 1144 1020)
3(978 54 1262)
3(53 54 978)
3(53 1262 54)
3(981 1073 1175)
3(83 1073 981)
3(83 1175 1073)
3(706 1251 996)
3(1095 996 1251)
3(706 996 1095)
3(706 1095 1251)
3(716 984 1210)
3(716 1210 1096)
3(716 1096 984)
3(984 1096 1210)
3(462 982 1183)
3(462 389 982)
3(462 1183 389)
3(77 78 1212)
3(1131 1025 1139)
3(1131 1139 1209)
3(1139 1025 1209)
3(1131 1209 1025)
3(260 742 964)
3(240 964 742)
3(240 742 260)
3(268 617 963)
3(241 963 617)
3(241 617 268)
3(201 508 1198)
3(201 1198 1050)
3(344 1145 1027)
3(344 342 1145)
3(344 1027 342)
3(1131 1047 1139)
3(1025 1047 1131)
3(1025 1139 1047)
3(243 960 1147)
3(243 1147 255)
3(960 255 1147)
3(243 960 1070)
3(243 1070 1147)
3(1070 960 1147)
3(1040 489 1106)
3(448 489 1040)
3(448 1106 489)
3(1118 1019 1144)
3(587 994 1217)
3(587 514 994)
3(587 1217 514)
3(524 1057 1241)
3(524 1241 974)
3(1057 974 1241)
3(242 1146 961)
3(242 961 1069)
3(1069 961 1146)
3(242 1069 1146)
3(336 972 1311)
3(972 1008 1311)
3(336 1311 1008)
3(383 1199 182)
3(1049 182 1199)
3(508 1309 1152)
3(1050 1152 1309)
3(242 1146 247)
3(961 247 1146)
3(742 1141 260)
3(742 964 1141)
3(1021 1073 81)
3(1021 1228 1073)
3(81 1073 1228)
3(77 76 1013)
3(1013 76 1212)
3(617 1142 268)
3(617 963 1142)
3(961 872 1068)
3(961 1128 872)
3(961 1068 1128)
3(1068 872 1128)
3(694 1235 221)
3(1054 221 1235)
3(979 995 1081)
3(1081 995 1218)
3(179 1044 1180)
3(179 1180 390)
3(817 983 756)
3(817 756 1112)
3(817 1112 983)
3(971 1308 296)
3(971 1009 1308)
3(1009 296 1308)
3(959 714 1241)
3(638 1241 714)
3(1233 1052 1309)
3(1024 1309 1052)
3(1024 1052 1233)
3(1009 1185 1239)
3(1009 971 1185)
3(1185 971 1239)
3(958 1009 1185)
3(958 1185 1239)
3(985 318 1078)
3(985 1078 1026)
3(985 1026 318)
3(318 1026 1078)
3(101 1237 996)
3(1018 996 1237)
3(101 1018 1237)
3(608 562 966)
3(608 966 1063)
3(608 1063 562)
3(687 967 733)
3(733 967 1062)
3(687 733 1062)
3(846 1078 765)
3(846 765 1026)
3(1078 985 1201)
3(318 1201 985)
3(318 1078 1201)
3(982 466 1099)
3(389 466 982)
3(389 1099 466)
3(381 1046 177)
3(381 177 1183)
3(177 1046 1183)
3(85 904 965)
3(85 965 1127)
3(85 1127 904)
3(965 904 1127)
3(615 279 1151)
3(279 1076 1151)
3(615 1151 1076)
3(963 950 1032)
3(963 1032 1281)
3(453 1040 489)
3(453 489 1106)
3(574 1241 524)
3(574 1057 1241)
3(465 986 389)
3(465 389 1131)
3(465 1131 986)
3(618 257 1070)
3(618 949 257)
3(618 1070 949)
3(257 949 1070)
3(412 411 1019)
3(1019 411 1099)
3(412 1099 411)
3(412 1019 1099)
3(1073 981 1082)
3(307 981 1073)
3(959 714 1057)
3(959 1057 1241)
3(1057 714 1241)
3(453 1040 497)
3(489 497 1040)
3(712 1210 716)
3(712 984 1210)
3(712 716 984)
3(983 837 1210)
3(841 1210 837)
3(841 837 983)
3(841 983 1210)
3(797 1079 798)
3(797 1010 1079)
3(726 655 972)
3(727 972 655)
3(624 894 1149)
3(905 894 624)
3(895 1150 749)
3(895 749 913)
3(85 1184 965)
3(85 904 1184)
3(77 1118 1012)
3(77 1013 1118)
3(1013 1012 1118)
3(575 1243 1267)
3(575 1033 1243)
3(575 1267 1033)
3(727 641 1061)
3(1017 1067 1194)
3(1017 1194 1035)
3(837 983 1058)
3(837 756 983)
3(837 1058 756)
3(644 964 1090)
3(647 644 1090)
3(1155 444 1199)
3(997 1155 1199)
3(997 1199 444)
3(997 444 1155)
3(461 989 1103)
3(419 989 461)
3(419 461 1103)
3(984 96 1224)
3(983 984 1224)
3(983 1224 96)
3(155 1020 1038)
3(765 155 1038)
3(765 1020 155)
3(457 390 988)
3(457 988 1197)
3(457 1197 390)
3(75 1120 1019)
3(75 1020 1120)
3(1020 1019 1120)
3(209 1037 1061)
3(209 824 1037)
3(761 975 852)
3(824 852 975)
3(1152 569 1198)
3(995 1152 1198)
3(995 1198 569)
3(995 569 1152)
3(546 1028 547)
3(546 547 1089)
3(546 1089 1028)
3(119 1024 1052)
3(1024 353 1052)
3(119 1052 353)
3(119 353 1024)
3(1030 1067 1194)
3(1017 1030 1194)
3(381 1046 178)
3(177 178 1046)
3(1004 793 1112)
3(791 1004 1112)
3(791 793 1004)
3(791 1112 793)
3(1037 208 1061)
3(1061 208 1222)
3(1037 1222 208)
3(1037 1061 1222)
3(640 1097 990)
3(640 1059 1097)
3(640 990 1059)
3(1059 990 1097)
3(602 1234 1057)
3(602 973 1234)
3(973 1057 1234)
3(415 982 466)
3(415 466 1099)
3(781 1087 1026)
3(781 1026 1100)
3(1026 1087 1100)
3(781 1100 1087)
3(1002 1079 1010)
3(714 959 1008)
3(714 1187 959)
3(714 1008 1187)
3(1042 1261 1293)
3(1042 1032 1261)
3(1042 1293 1032)
3(655 972 1104)
3(726 655 1104)
3(984 983 1145)
3(95 1145 983)
3(95 984 1145)
3(1008 714 1057)
3(453 1040 1134)
3(453 1134 497)
3(1040 497 1134)
3(757 161 1035)
3(757 1166 161)
3(1035 161 1166)
3(411 1019 1091)
3(412 1091 1019)
3(412 411 1091)
3(589 1041 957)
3(589 957 1117)
3(957 1041 1117)
3(589 1117 1041)
3(459 988 390)
3(459 1098 988)
3(459 390 1098)
3(1058 631 1101)
3(984 631 1058)
3(984 1101 631)
3(984 1058 1101)
3(736 1198 681)
3(736 1050 1198)
3(736 681 1050)
3(996 1279 1157)
3(996 1157 101)
3(101 1157 1279)
3(381 462 982)
3(381 1183 462)
3(611 1199 556)
3(611 1049 1199)
3(611 556 1049)
3(1038 155 1325)
3(1020 1038 1325)
3(1020 1325 155)
3(631 1101 993)
3(631 993 1058)
3(1058 993 1101)
3(709 990 640)
3(709 1097 990)
3(709 640 1097)
3(777 1248 779)
3(777 807 1248)
3(545 546 1028)
3(547 545 1028)
3(971 1206 1239)
3(971 1041 1206)
3(65 1291 1229)
3(65 64 1291)
3(65 1229 64)
3(716 1210 639)
3(716 639 1096)
3(1030 1004 1212)
3(1212 1004 1296)
3(1030 1212 1296)
3(648 650 970)
3(648 970 1090)
3(648 1090 650)
3(448 1040 1158)
3(448 1158 960)
3(1040 960 1158)
3(416 415 1012)
3(1012 415 1103)
3(416 1103 415)
3(416 1012 1103)
3(976 1245 1262)
3(53 1245 976)
3(53 976 1262)
3(1226 122 1292)
3(121 1292 122)
3(121 122 1226)
3(462 466 982)
3(441 989 419)
3(441 1098 989)
3(441 419 1098)
3(587 994 506)
3(587 506 1217)
3(359 1272 1306)
3(1272 1043 1306)
3(359 1306 1043)
3(837 1210 1058)
3(983 1058 1210)
3(169 1117 1033)
3(169 1033 1267)
3(443 389 986)
3(443 986 1099)
3(443 1099 389)
3(543 542 1015)
3(543 1015 1085)
3(1015 542 1085)
3(543 1085 542)
3(836 1003 1112)
3(836 756 1003)
3(836 1112 756)
3(534 1133 1136)
3(1133 1029 1136)
3(534 1029 1133)
3(534 1136 1029)
3(993 1097 640)
3(993 640 1059)
3(993 1059 1097)
3(979 1093 1081)
3(995 1081 1093)
3(326 84 1289)
3(326 1289 1039)
3(326 1039 84)
3(521 1115 1173)
3(918 1173 1115)
3(918 521 1173)
3(918 1115 521)
3(396 1116 1171)
3(1116 910 1171)
3(396 1171 910)
3(396 910 1116)
3(532 1133 1136)
3(532 534 1133)
3(532 1136 534)
3(518 1267 575)
3(518 575 1243)
3(556 1196 1197)
3(1196 1023 1197)
3(556 1197 1023)
3(556 1023 1196)
3(366 1226 979)
3(366 979 368)
3(366 368 1226)
3(783 1087 1026)
3(783 781 1087)
3(783 1026 781)
3(286 1076 279)
3(286 241 1076)
3(420 419 1017)
3(420 1098 419)
3(420 1017 1098)
3(989 460 1180)
3(390 460 989)
3(390 1180 460)
3(453 954 1134)
3(954 1040 1134)
3(1091 411 1099)
3(1019 1091 1099)
3(206 205 964)
3(964 205 1141)
3(206 1141 205)
3(542 1015 541)
3(543 541 1015)
3(523 525 974)
3(523 1088 525)
3(523 974 1088)
3(1019 1325 468)
3(1019 1020 1325)
3(1020 468 1325)
3(461 989 381)
3(461 381 1103)
3(981 305 1229)
3(307 305 981)
3(307 1229 305)
3(589 1162 957)
3(589 1041 1162)
3(1041 957 1162)
3(981 1092 1082)
3(997 1082 1092)
3(415 1012 1256)
3(1012 416 1256)
3(415 1256 416)
3(646 1122 1172)
3(926 1172 1122)
3(926 646 1172)
3(926 1122 646)
3(711 993 631)
3(711 1101 993)
3(711 631 1101)
3(1165 1166 1303)
3(163 1166 1165)
3(163 1303 1166)
3(163 1165 1303)
3(383 444 1199)
3(383 1155 444)
3(956 1186 1100)
3(956 1034 1186)
3(1034 1100 1186)
3(508 569 1198)
3(508 1152 569)
3(107 1178 1300)
3(107 1300 340)
3(107 340 1178)
3(1046 178 1180)
3(381 1180 178)
3(119 1050 1052)
3(119 1024 1050)
3(1050 1024 1052)
3(1056 1039 1184)
3(965 1056 1184)
3(965 1039 1056)
3(257 1151 254)
3(257 254 949)
3(949 254 1151)
3(457 459 988)
3(227 270 1142)
3(275 1142 270)
3(573 1076 1088)
3(573 1088 572)
3(573 572 1076)
3(640 707 990)
3(707 709 990)
3(209 208 1061)
3(209 1037 208)
3(994 587 1086)
3(514 1086 587)
3(381 989 460)
3(381 460 1180)
3(330 1212 331)
3(330 1031 1212)
3(441 989 461)
3(798 834 1002)
3(798 1079 834)
3(262 1141 224)
3(262 267 1141)
3(705 638 1293)
3(705 1032 638)
3(90 1259 975)
3(1137 975 1259)
3(90 975 1137)
3(90 1137 1259)
3(1080 678 1094)
3(980 678 1080)
3(980 1080 1094)
3(553 1093 1081)
3(553 1081 979)
3(356 1262 976)
3(1136 976 1262)
3(1082 428 1092)
3(981 428 1082)
3(330 983 1031)
3(1031 983 1224)
3(330 1224 983)
3(762 1210 837)
3(762 841 1210)
3(639 712 1210)
3(832 1249 815)
3(832 1002 1249)
3(832 815 1002)
3(926 923 951)
3(926 1172 923)
3(926 951 1172)
3(951 923 1172)
3(775 1248 968)
3(1060 968 1248)
3(775 1060 1248)
3(955 1045 1141)
3(955 1141 1260)
3(955 1260 1045)
3(1141 1045 1260)
3(1050 995 1198)
3(964 1287 240)
3(964 1077 1287)
3(1077 240 1287)
3(707 990 1059)
3(707 1059 640)
3(242 961 868)
3(868 961 1069)
3(242 868 1069)
3(1002 1190 1079)
3(1002 1059 1190)
3(1059 1079 1190)
3(712 984 631)
3(712 1058 984)
3(712 631 1058)
3(1049 997 1199)
3(995 1093 517)
3(995 517 1071)
3(1071 517 1093)
3(995 1071 1093)
3(997 1092 392)
3(997 392 1072)
3(1072 392 1092)
3(997 1072 1092)
3(1033 1278 957)
3(1033 957 1117)
3(400 1108 1158)
3(1108 1040 1158)
3(400 1158 1040)
3(400 1040 1108)
3(1203 1003 1224)
3(97 1224 1003)
3(97 1203 1224)
3(562 607 966)
3(562 979 607)
3(687 732 967)
3(687 980 732)
3(706 1080 996)
3(996 1080 1251)
3(706 1251 1080)
3(794 1004 793)
3(794 793 1112)
3(590 999 1086)
3(514 999 590)
3(514 590 1086)
3(1085 1015 1143)
3(994 1015 1085)
3(442 982 415)
3(442 1103 982)
3(442 415 1103)
3(996 1094 642)
3(996 642 1235)
3(996 1235 1094)
3(642 1094 1235)
3(757 161 1194)
3(161 1035 1194)
3(243 960 492)
3(492 960 1070)
3(243 492 1070)
3(749 967 645)
3(645 967 1115)
3(749 645 1115)
3(624 966 520)
3(520 966 1116)
3(624 520 1116)
3(806 1205 987)
3(806 1065 1205)
3(1065 987 1205)
3(806 987 1065)
3(80 1035 1067)
3(79 80 1067)
3(758 832 1249)
3(1165 981 1175)
3(1039 981 1165)
3(1018 1323 815)
3(1065 815 1323)
3(1018 1065 1323)
3(579 1043 1204)
3(1204 1043 1278)
3(579 1204 1278)
3(441 390 989)
3(441 1098 390)
3(963 1288 241)
3(963 1076 1288)
3(727 1222 972)
3(727 1061 1222)
3(1061 972 1222)
3(340 1042 1253)
3(959 340 1253)
3(959 1253 1042)
3(460 461 989)
3(974 1110 1043)
3(974 1043 1088)
3(1103 1012 1256)
3(807 848 1034)
3(807 1100 848)
3(1034 848 1100)
3(697 964 1090)
3(696 697 1090)
3(696 964 697)
3(696 1090 964)
3(691 640 993)
3(691 993 1097)
3(691 1097 640)
3(585 1001 1119)
3(585 1119 197)
3(853 1194 1030)
3(853 1067 1194)
3(710 993 631)
3(710 711 993)
3(572 571 963)
3(963 571 1088)
3(572 1088 571)
3(710 993 1058)
3(710 1058 631)
3(761 1074 975)
3(761 1061 1074)
3(1061 975 1074)
3(797 799 1065)
3(799 798 1065)
3(640 710 993)
3(993 710 1059)
3(640 1059 710)
3(624 1149 520)
3(966 520 1149)
3(749 1150 645)
3(967 645 1150)
3(246 1268 1069)
3(246 236 1268)
3(236 1069 1268)
3(246 1069 236)
3(587 994 1085)
3(587 1085 506)
3(966 1229 1291)
3(966 1291 1072)
3(966 1072 1229)
3(967 1226 1292)
3(967 1292 1071)
3(967 1071 1226)
3(443 465 986)
3(370 1138 994)
3(370 1015 1138)
3(1015 994 1138)
3(996 1095 1279)
3(996 1018 1095)
3(1095 1018 1279)
3(1002 1208 1279)
3(99 1208 1002)
3(99 1279 1208)
3(99 1002 1279)
3(872 826 961)
3(961 826 1068)
3(872 1068 826)
3(340 970 1042)
3(340 1042 1181)
3(340 1181 970)
3(1042 970 1181)
3(457 1155 1197)
3(1155 988 1197)
3(457 988 1155)
3(984 1203 1224)
3(984 96 1203)
3(1203 96 1224)
3(115 1053 116)
3(643 187 1281)
3(187 1142 1281)
3(643 1142 187)
3(951 926 1122)
3(923 951 1122)
3(923 1122 926)
3(416 417 1103)
3(416 1103 418)
3(417 418 1103)
3(543 1085 1153)
3(543 1316 1085)
3(543 1153 1316)
3(1153 1085 1316)
3(78 1067 1030)
3(78 79 1067)
3(658 1084 657)
3(658 1104 1084)
3(657 1084 1104)
3(658 657 1104)
3(543 1015 1153)
3(1015 1085 1153)
3(815 798 1002)
3(815 1065 798)
3(970 1253 340)
3(970 1042 1253)
3(393 1134 1069)
3(393 149 1134)
3(393 1069 149)
3(970 1109 1042)
3(970 1042 1090)
3(319 968 321)
3(321 968 1231)
3(319 321 1231)
3(620 1115 1173)
3(620 1173 521)
3(620 521 1115)
3(495 1116 1171)
3(495 1171 396)
3(495 396 1116)
3(510 1281 523)
3(510 523 1241)
3(1241 523 1281)
3(510 1241 1281)
3(359 974 1043)
3(359 1043 1170)
3(359 1170 974)
3(1043 974 1170)
3(783 1111 1087)
3(784 1087 1111)
3(783 1087 784)
3(783 784 1111)
3(987 1165 1166)
3(987 1303 1165)
3(987 1166 1303)
3(757 1238 1010)
3(757 1067 1238)
3(1067 1010 1238)
3(981 1073 1165)
3(1165 1073 1175)
3(1186 90 1259)
3(975 90 1186)
3(975 1186 1259)
3(358 1177 1262)
3(1029 1262 1177)
3(1029 358 1262)
3(590 1133 1189)
3(504 590 1189)
3(504 1133 590)
3(504 1189 1133)
3(442 982 466)
3(904 1254 899)
3(1184 899 1254)
3(904 899 1184)
3(658 1084 659)
3(657 659 1084)
3(787 1007 1176)
3(787 1176 789)
3(787 789 1007)
3(329 1224 1004)
3(329 1004 1003)
3(329 1003 1224)
3(1003 1004 1224)
3(122 1226 967)
3(1192 967 1226)
3(122 1192 1226)
3(122 967 1192)
3(791 1296 1112)
3(1004 1112 1296)
3(791 1004 1296)
3(888 1102 1240)
3(1102 752 1240)
3(888 752 1102)
3(888 1240 752)
3(65 1229 966)
3(1193 966 1229)
3(65 1193 1229)
3(65 966 1193)
3(234 279 1151)
3(615 234 1151)
3(615 279 234)
3(975 1100 852)
3(1060 852 1100)
3(975 1060 1100)
3(975 852 1060)
3(791 1031 1112)
3(1112 1031 1296)
3(791 1296 1031)
3(745 1122 1172)
3(646 745 1172)
3(646 1122 745)
3(523 522 1281)
3(510 1281 522)
3(697 278 1077)
3(240 1077 278)
3(240 278 697)
3(926 1172 927)
3(923 927 1172)
3(919 918 1173)
3(915 919 1173)
3(915 1173 918)
3(911 910 1171)
3(907 911 1171)
3(907 1171 910)
3(359 1043 1247)
3(957 359 1247)
3(957 1247 1043)
3(369 1143 1167)
3(1143 1028 1167)
3(369 1167 1028)
3(369 1028 1143)
3(777 1060 779)
3(777 1248 1060)
3(441 460 989)
3(442 381 982)
3(442 1103 381)
3(797 799 1010)
3(1010 799 1065)
3(692 631 984)
3(692 984 1101)
3(692 1101 631)
3(1165 864 1166)
3(163 1166 864)
3(163 864 1165)
3(1028 1196 547)
3(547 1196 1302)
3(1028 1302 1196)
3(227 270 1161)
3(270 1142 1161)
3(227 1161 1142)
3(1001 1053 1143)
3(1001 1143 116)
3(1001 116 1053)
3(991 1052 119)
3(991 119 1050)
3(991 1050 1052)
3(1001 1143 1167)
3(369 1001 1167)
3(369 1143 1001)
3(691 710 993)
3(243 1147 253)
3(255 253 1147)
3(1001 585 1085)
3(506 1085 585)
3(1057 1008 1132)
3(1132 1008 1214)
3(1057 1214 1008)
3(242 1146 245)
3(247 245 1146)
3(262 1121 224)
3(262 1141 1121)
3(224 1121 1141)
3(73 1078 318)
3(318 1078 1244)
3(73 318 1244)
3(844 1026 765)
3(844 765 1038)
3(711 993 1297)
3(691 1297 993)
3(691 711 1297)
3(691 993 711)
3(1000 693 1307)
3(722 1000 1307)
3(722 1307 693)
3(722 693 1000)
3(697 1077 1090)
3(1077 964 1090)
3(1129 976 1245)
3(1129 1262 976)
3(585 1089 1223)
3(585 1001 1089)
3(585 1223 1001)
3(1089 1001 1223)
3(464 1066 1185)
3(464 1185 958)
3(1066 958 1185)
3(464 958 1066)
3(342 1159 1000)
3(1027 1000 1159)
3(342 1027 1159)
3(641 210 1061)
3(1076 1204 573)
3(1088 573 1204)
3(1076 1088 1204)
3(599 1214 1133)
3(599 504 1214)
3(599 1133 504)
3(670 1097 1233)
3(670 1233 671)
3(670 671 1097)
3(1097 671 1233)
3(510 974 1241)
3(510 523 974)
3(974 523 1241)
3(73 1038 1120)
3(74 73 1120)
3(1133 992 1214)
3(599 992 1133)
3(599 1214 992)
3(1068 956 1174)
3(1068 1174 1231)
3(568 1086 590)
3(568 590 999)
3(568 999 1086)
3(591 587 1086)
3(591 994 587)
3(591 1086 994)
3(898 1254 899)
3(898 904 1254)
3(950 1032 1300)
3(1032 963 1300)
3(950 1300 963)
3(83 1290 1039)
3(981 1039 1290)
3(83 981 1290)
3(688 996 1094)
3(688 642 996)
3(688 1094 642)
3(563 995 1093)
3(563 517 995)
3(563 1093 517)
3(438 997 1092)
3(438 392 997)
3(438 1092 392)
3(864 987 1165)
3(864 1166 987)
3(457 383 1197)
3(457 1155 383)
3(302 1019 986)
3(302 1270 1019)
3(302 986 1270)
3(986 1019 1270)
3(828 872 961)
3(828 961 1128)
3(828 1128 872)
3(158 1030 1282)
3(158 1282 1296)
3(1282 1030 1296)
3(770 961 1295)
3(770 1069 961)
3(961 1069 1295)
3(770 1295 1069)
3(118 1052 119)
3(118 119 991)
3(118 991 1052)
3(999 1189 590)
3(999 1133 1189)
3(999 590 1133)
3(326 325 1289)
3(996 688 1080)
3(706 1080 688)
3(706 688 996)
3(780 851 975)
3(852 780 975)
3(852 975 851)
3(442 462 982)
3(791 1112 1176)
3(791 1176 790)
3(1112 790 1176)
3(791 790 1112)
3(692 712 984)
3(837 817 983)
3(587 567 1085)
3(587 994 567)
3(567 994 1085)
3(820 985 1074)
3(985 754 1074)
3(820 1074 754)
3(820 754 985)
3(990 1002 1208)
3(990 1208 1279)
3(990 1279 1002)
3(1014 1217 725)
3(1014 1215 1217)
3(1215 725 1217)
3(1014 725 1215)
3(514 1189 590)
3(159 1282 158)
3(159 1030 1282)
3(1001 1085 1143)
3(618 239 1070)
3(618 257 239)
3(725 1164 1217)
3(1164 1014 1217)
3(725 1014 1164)
3(734 1309 681)
3(734 681 1024)
3(1024 681 1309)
3(975 851 1074)
3(761 851 975)
3(761 1074 851)
3(975 780 1100)
3(851 975 1100)
3(851 1100 780)
3(1042 1032 1178)
3(1042 1300 1032)
3(1178 1032 1300)
3(831 815 1018)
3(831 1323 815)
3(831 1018 1323)
3(310 1118 982)
3(310 982 1012)
3(1012 982 1118)
3(310 1012 1118)
3(1039 84 1290)
3(83 84 1039)
3(83 1290 84)
3(302 1120 986)
3(302 1019 1120)
3(1019 986 1120)
3(400 969 1158)
3(400 1108 969)
3(969 1108 1158)
3(585 1085 586)
3(585 586 1001)
3(1001 586 1085)
3(835 816 1263)
3(763 835 1263)
3(670 1097 1022)
3(670 1022 1233)
3(1022 1097 1233)
3(553 554 1093)
3(555 1093 554)
3(678 679 1094)
3(680 1094 679)
3(429 1092 428)
3(429 430 1092)
3(1029 1262 992)
3(1029 992 1136)
3(1029 1136 1262)
3(1032 1178 959)
3(1032 959 1042)
3(968 1231 1128)
3(968 1227 1231)
3(968 1128 1227)
3(861 1054 1235)
3(1054 1005 1235)
3(861 1005 1054)
3(861 1235 1005)
3(794 1238 793)
3(1004 793 1238)
3(595 1139 1209)
3(595 1131 1139)
3(595 1209 1131)
3(794 836 1003)
3(794 1112 836)
3(71 1009 1034)
3(1034 1009 1066)
3(964 955 1045)
3(400 398 969)
3(399 400 969)
3(399 969 398)
3(649 650 970)
3(648 649 970)
3(257 1151 258)
3(254 258 1151)
3(398 969 1158)
3(400 398 1158)
3(240 261 1287)
3(261 964 1287)
3(241 269 1288)
3(269 963 1288)
3(819 1054 1323)
3(819 1323 1018)
3(1054 1018 1323)
3(209 208 1222)
3(209 1222 1061)
3(1037 1301 208)
3(1222 208 1301)
3(1037 1222 1301)
3(845 1031 1232)
3(789 1031 845)
3(789 845 1232)
3(694 996 642)
3(694 642 1235)
3(1058 215 1210)
3(837 215 1058)
3(837 1210 215)
3(357 1200 973)
3(357 976 1200)
3(976 973 1200)
3(712 1058 1210)
3(1058 984 1210)
3(443 1091 1099)
3(443 986 1091)
3(1091 986 1099)
3(517 569 995)
3(995 569 1071)
3(517 1071 569)
3(444 997 392)
3(444 1072 997)
3(444 392 1072)
3(787 1111 1007)
3(1007 1111 1232)
3(787 1232 1111)
3(787 1007 1232)
3(969 1272 1239)
3(969 1206 1272)
3(969 1239 1206)
3(1190 1010 1273)
3(332 1190 1273)
3(332 1010 1190)
3(332 1273 1010)
3(1028 1167 1001)
3(1028 1001 1143)
3(835 1003 1263)
3(835 816 1003)
3(954 393 1069)
3(954 1268 393)
3(1069 393 1268)
3(954 1069 1268)
3(974 1247 359)
3(974 1043 1247)
3(628 191 1214)
3(190 1214 191)
3(190 628 1214)
3(688 1080 1094)
3(1080 996 1094)
3(563 1081 1093)
3(563 995 1081)
3(1140 1113 1299)
3(301 1140 1299)
3(301 1299 1113)
3(438 1082 1092)
3(438 997 1082)
3(263 261 1287)
3(240 263 1287)
3(271 269 1288)
3(1096 693 1307)
3(1000 1096 1307)
3(1000 693 1096)
3(722 1000 1084)
3(1084 1000 1307)
3(722 1084 1307)
3(419 1283 420)
3(1017 420 1283)
3(992 1262 1294)
3(356 992 1294)
3(356 1294 1262)
3(696 1077 1090)
3(696 697 1077)
3(514 568 1086)
3(190 1234 516)
3(191 516 1234)
3(190 191 1234)
3(255 1147 287)
3(960 287 1147)
3(780 1100 852)
3(985 1078 1111)
3(985 1111 1026)
3(1008 1214 1011)
3(1213 1011 1214)
3(1008 1011 1213)
3(1008 1213 1214)
3(591 514 1086)
3(903 1184 925)
3(944 925 1184)
3(903 944 1184)
3(84 965 85)
3(84 85 1184)
3(816 794 1003)
3(816 1079 794)
3(683 1011 1008)
3(683 1214 1011)
3(683 1008 1214)
3(940 1102 1240)
3(888 940 1240)
3(888 1102 940)
3(186 1281 1142)
3(186 963 1281)
3(186 1142 963)
3(1049 997 1155)
3(658 1011 1084)
3(658 1104 1011)
3(1084 1011 1104)
3(329 331 1004)
3(329 1224 331)
3(443 1091 411)
3(443 411 1099)
3(51 1200 1041)
3(1041 1200 1272)
3(51 1272 1200)
3(1122 951 1172)
3(421 420 1098)
3(421 1098 419)
3(1050 995 1152)
3(1058 1003 1203)
3(993 1003 1058)
3(993 1058 1203)
3(1101 993 1297)
3(711 1101 1297)
3(977 1104 695)
3(1084 695 1104)
3(977 695 1084)
3(977 1084 1104)
3(1087 1026 1111)
3(783 1111 1026)
3(969 399 1108)
3(400 1108 399)
3(970 649 1109)
3(650 1109 649)
3(710 993 1263)
3(993 1058 1263)
3(710 1263 1058)
3(537 1236 1086)
3(537 538 1236)
3(538 1086 1236)
3(537 1086 538)
3(50 1306 359)
3(50 1272 1306)
3(50 359 1272)
3(1002 1190 1208)
3(99 1190 1002)
3(99 1208 1190)
3(815 834 1002)
3(349 1208 1163)
3(993 1163 1208)
3(349 993 1208)
3(349 1163 993)
3(525 974 524)
3(523 524 974)
3(721 1011 1214)
3(1214 1011 1255)
3(721 1214 1255)
3(721 1255 1011)
3(868 827 961)
3(868 242 827)
3(961 1231 1069)
3(961 1146 1231)
3(602 1110 526)
3(973 526 1110)
3(602 526 973)
3(1163 1022 1208)
3(349 1208 1022)
3(349 1022 1163)
3(1140 1040 1299)
3(1113 1299 1040)
3(320 1259 1186)
3(320 1186 90)
3(320 90 1259)
3(1059 993 1263)
3(710 1059 1263)
3(851 1087 1100)
3(851 975 1087)
3(1087 975 1100)
3(322 1007 1075)
3(1007 324 1075)
3(322 324 1007)
3(322 1075 324)
3(846 1078 1232)
3(846 1232 765)
3(700 187 1281)
3(985 820 1087)
3(1087 820 1111)
3(985 1111 820)
3(985 1087 1111)
3(83 307 1073)
3(82 83 1073)
3(82 1073 307)
3(485 1073 981)
3(485 981 1082)
3(485 1082 1073)
3(373 1167 1028)
3(373 1028 369)
3(373 369 1167)
3(670 1233 672)
3(671 672 1233)
3(813 1323 1054)
3(1169 1054 1323)
3(813 1169 1323)
3(813 1054 1169)
3(1120 986 1168)
3(302 1168 986)
3(302 1120 1168)
3(1115 952 1173)
3(918 1173 952)
3(918 952 1115)
3(1116 953 1171)
3(910 1171 953)
3(910 953 1116)
3(385 1267 397)
3(385 397 1158)
3(1158 397 1267)
3(1118 982 1270)
3(310 1270 982)
3(310 1118 1270)
3(470 468 1257)
3(470 1019 468)
3(470 1257 1019)
3(515 585 1089)
3(515 1223 585)
3(515 1089 1223)
3(620 1115 952)
3(620 952 1173)
3(495 1116 953)
3(495 953 1171)
3(65 1291 966)
3(1078 1111 1201)
3(985 1201 1111)
3(967 122 1292)
3(694 996 688)
3(563 569 995)
3(444 997 438)
3(326 998 1039)
3(1039 998 1289)
3(326 1289 998)
3(1026 318 1252)
3(985 1252 318)
3(985 1026 1252)
3(726 1104 695)
3(726 695 977)
3(1029 1294 992)
3(1029 1262 1294)
3(860 987 1205)
3(860 1165 987)
3(987 1165 1205)
3(860 1205 1165)
3(1059 1002 1208)
3(990 1002 1059)
3(990 1059 1208)
3(724 1083 977)
3(695 977 1083)
3(724 977 695)
3(724 695 1083)
3(819 1054 813)
3(819 813 1323)
3(809 1111 1078)
3(809 846 1111)
3(809 1078 846)
3(413 412 1099)
3(413 1099 411)
3(1192 952 1226)
3(967 1226 952)
3(967 952 1192)
3(691 1297 1097)
3(993 1097 1297)
3(54 1036 978)
3(978 1036 1262)
3(54 1262 1036)
3(205 964 644)
3(417 1103 415)
3(526 524 1110)
3(270 289 1221)
3(270 1221 274)
3(289 274 1221)
3(1193 953 1229)
3(966 1229 953)
3(966 953 1193)
3(922 1123 928)
3(924 928 1123)
3(922 924 1123)
3(658 1084 1307)
3(658 1307 659)
3(1084 659 1307)
3(193 590 1189)
3(504 193 1189)
3(336 1008 109)
3(816 836 1003)
3(323 1227 86)
3(323 86 955)
3(955 86 1227)
3(722 1083 1084)
3(1083 1000 1084)
3(722 1000 1083)
3(247 1146 285)
3(961 285 1146)
3(951 745 1122)
3(951 1172 745)
3(1027 1189 720)
3(1027 1164 1189)
3(1164 720 1189)
3(1027 720 1164)
3(976 558 1029)
3(596 558 976)
3(596 1029 558)
3(596 976 1029)
3(990 1059 1249)
3(707 990 1249)
3(707 1249 1059)
3(448 454 1040)
3(489 1040 454)
3(492 447 960)
3(243 447 492)
3(529 526 973)
3(530 529 973)
3(530 973 526)
3(329 1004 1273)
3(1004 1003 1273)
3(329 1273 1003)
3(511 1153 1183)
3(511 1183 1046)
3(511 1046 1153)
3(566 1089 585)
3(566 585 1001)
3(566 1001 1089)
3(688 677 1080)
3(706 1080 677)
3(1074 724 1083)
3(977 1074 1083)
3(577 618 949)
3(257 618 577)
3(791 1031 1176)
3(1031 1112 1176)
3(243 1070 253)
3(253 1070 1147)
3(983 1224 1058)
3(1112 1058 1224)
3(983 1112 1224)
3(1026 808 1034)
3(844 808 1026)
3(844 1034 808)
3(1095 996 1157)
3(1157 996 1251)
3(1095 1157 1251)
3(197 1215 1053)
3(1119 1053 1215)
3(197 1119 1215)
3(1157 1095 1279)
3(159 853 1194)
3(159 1194 1030)
3(159 1030 853)
3(1105 1185 1318)
3(1185 1009 1318)
3(1105 1009 1185)
3(1105 1318 1009)
3(298 1245 1239)
3(298 1239 52)
3(298 52 1245)
3(296 1009 71)
3(242 1069 245)
3(245 1069 1146)
3(579 1088 1204)
3(1088 1043 1204)
3(734 1024 708)
3(708 1024 1233)
3(734 708 1233)
3(761 1061 210)
3(761 210 1074)
3(820 1087 1074)
3(985 1074 1087)
3(362 999 1320)
3(362 1320 1025)
3(999 1025 1320)
3(506 1085 586)
3(1119 585 1223)
3(1001 1119 1223)
3(683 1104 1008)
3(1011 1008 1104)
3(683 1011 1104)
3(1165 1073 1303)
3(987 1073 1165)
3(987 1303 1073)
3(352 1304 1052)
3(352 1052 117)
3(117 1052 1304)
3(352 117 1304)
3(759 1045 1301)
3(759 1301 1037)
3(1045 1037 1301)
3(861 1054 222)
3(222 1054 1235)
3(861 222 1235)
3(828 826 961)
3(454 1040 1158)
3(448 454 1158)
3(286 1151 279)
3(286 1076 1151)
3(1067 853 1238)
3(1004 1238 853)
3(1004 1067 1238)
3(322 1078 1075)
3(322 1007 1078)
3(1007 1075 1078)
3(809 1232 1078)
3(1111 1078 1232)
3(809 1111 1232)
3(525 1110 524)
3(699 208 1222)
3(209 699 1222)
3(808 1100 1026)
3(1034 1026 1100)
3(808 1034 1100)
3(393 1134 954)
3(1069 954 1134)
3(1101 666 1297)
3(1014 1297 666)
3(1014 666 1101)
3(1014 1101 1297)
3(982 1277 310)
3(1012 310 1277)
3(982 1012 1277)
3(473 1318 1105)
3(473 1105 1185)
3(473 1185 1318)
3(318 74 1078)
3(208 824 1037)
3(1045 964 1227)
3(955 1045 1227)
3(955 1227 964)
3(1132 973 1247)
3(1057 1247 973)
3(1057 973 1132)
3(780 1087 1100)
3(851 1087 780)
3(558 533 976)
3(558 1029 533)
3(537 1236 1025)
3(1086 1025 1236)
3(537 1025 1086)
3(1264 246 1268)
3(1069 1264 1268)
3(1069 246 1264)
3(350 1135 1203)
3(350 1203 1014)
3(1135 1014 1203)
3(350 1014 1135)
3(657 695 1104)
3(657 1084 695)
3(818 1176 1048)
3(818 1048 841)
3(818 841 1176)
3(694 706 996)
3(694 1095 706)
3(972 1242 977)
3(1061 977 1242)
3(972 1061 1242)
3(1011 1307 658)
3(1011 1084 1307)
3(360 109 1247)
3(360 1247 108)
3(109 108 1247)
3(763 1249 1002)
3(1059 1002 1249)
3(763 1059 1249)
3(780 1060 852)
3(780 1100 1060)
3(723 1104 1187)
3(723 1008 1104)
3(723 1187 1008)
3(1104 1008 1187)
3(1267 1113 1306)
3(1070 1267 1306)
3(1070 1113 1267)
3(506 567 1085)
3(1099 1047 1270)
3(982 1099 1270)
3(982 1270 1047)
3(1012 1282 1212)
3(1012 1013 1282)
3(1013 1212 1282)
3(1267 1033 1306)
3(1113 1033 1267)
3(1113 1306 1033)
3(360 1132 1247)
3(360 109 1132)
3(666 1297 667)
3(666 667 1101)
3(1101 667 1297)
3(371 1046 1015)
3(371 1143 1046)
3(1015 1046 1143)
3(87 323 1227)
3(87 1227 86)
3(851 1074 1087)
3(1074 975 1087)
3(1092 1064 1171)
3(953 1171 1064)
3(953 1064 1092)
3(953 1092 1171)
3(1094 1062 1172)
3(951 1062 1094)
3(951 1172 1062)
3(951 1094 1172)
3(1093 1063 1173)
3(952 1173 1063)
3(952 1063 1093)
3(952 1093 1173)
3(203 967 1115)
3(203 645 967)
3(203 1115 645)
3(184 966 1116)
3(184 520 966)
3(184 1116 520)
3(364 1047 1025)
3(364 1138 1047)
3(1025 1047 1138)
3(364 1025 1138)
3(1058 984 1224)
3(983 984 1058)
3(691 669 1297)
3(669 711 1297)
3(644 696 964)
3(644 964 697)
3(519 571 963)
3(572 519 963)
3(756 1263 1003)
3(1058 1003 1263)
3(756 1058 1263)
3(653 1293 1042)
3(653 1042 1261)
3(653 1261 1293)
3(172 1220 1041)
3(172 1041 171)
3(171 1041 1220)
3(172 171 1220)
3(424 1021 1082)
3(424 425 1021)
3(424 1082 425)
3(1021 425 1082)
3(549 1023 1081)
3(549 550 1023)
3(1023 550 1081)
3(549 1081 550)
3(1103 418 1283)
3(416 1103 1283)
3(416 1283 418)
3(693 661 1307)
3(722 1307 661)
3(876 839 956)
3(876 956 807)
3(109 1008 1132)
3(1041 52 1200)
3(51 1200 52)
3(1233 1097 1251)
3(673 1233 1251)
3(673 1251 1097)
3(673 1097 1233)
3(922 1123 1191)
3(1123 928 1191)
3(922 1191 928)
3(647 1090 1301)
3(1090 1045 1301)
3(647 1301 1045)
3(203 967 1071)
3(1071 967 1115)
3(203 1071 1115)
3(184 966 1072)
3(1072 966 1116)
3(184 1072 1116)
3(1058 1224 1003)
3(1112 1003 1224)
3(270 289 1161)
3(270 1161 1221)
3(1161 289 1221)
3(809 785 1111)
3(785 846 1111)
3(963 519 1088)
3(571 1088 519)
3(68 303 954)
3(68 1264 303)
3(954 303 1264)
3(625 957 589)
3(625 557 957)
3(557 589 957)
3(696 1090 644)
3(1022 1208 993)
3(1022 993 1163)
3(695 1084 1083)
3(977 1083 1084)
3(1210 1048 1313)
3(1145 1313 1048)
3(1145 1048 1210)
3(668 666 1014)
3(668 1297 666)
3(668 1014 1297)
3(380 1257 468)
3(380 468 1144)
3(380 1144 1257)
3(1113 960 1147)
3(1070 960 1113)
3(975 1037 1137)
3(975 1259 1037)
3(1137 1037 1259)
3(308 81 1021)
3(308 1073 81)
3(1033 1043 1272)
3(1033 957 1043)
3(1033 1272 957)
3(769 955 1141)
3(769 1141 1260)
3(769 1260 955)
3(720 1255 1189)
3(720 1027 1255)
3(1027 1189 1255)
3(234 286 1151)
3(1027 344 1135)
3(1027 1135 1145)
3(1135 344 1145)
3(674 676 1080)
3(674 1080 1024)
3(676 1024 1080)
3(674 1024 676)
3(549 551 1081)
3(551 1023 1081)
3(549 1023 551)
3(1044 1098 1276)
3(1098 989 1276)
3(1044 1276 989)
3(1144 1118 1257)
3(1019 1257 1118)
3(754 1074 1083)
3(1074 985 1083)
3(754 1083 985)
3(83 307 981)
3(361 359 1043)
3(361 1043 1170)
3(361 1170 359)
3(742 697 964)
3(742 240 697)
3(617 572 963)
3(241 572 617)
3(424 426 1082)
3(426 1021 1082)
3(424 1021 426)
3(608 607 966)
3(733 732 967)
3(606 603 1180)
3(606 1153 603)
3(603 1153 1180)
3(732 203 967)
3(732 1071 203)
3(184 966 607)
3(184 607 1072)
3(1021 1228 1303)
3(1021 1303 1073)
3(1228 1073 1303)
3(596 558 1129)
3(596 1129 976)
3(558 976 1129)
3(443 472 1091)
3(443 986 472)
3(472 986 1091)
3(1070 1033 1306)
3(956 1186 1060)
3(1100 1060 1186)
3(524 510 1241)
3(574 1241 510)
3(996 1018 1054)
3(677 1094 678)
3(677 679 1094)
3(553 552 1093)
3(552 554 1093)
3(427 1092 428)
3(427 429 1092)
3(450 149 1006)
3(450 1134 149)
3(450 1006 1134)
3(364 1047 1177)
3(1047 1025 1177)
3(364 1177 1025)
3(784 820 1111)
3(784 1087 820)
3(1053 1215 1217)
3(1053 1217 1014)
3(1053 1014 1215)
3(352 1022 1052)
3(352 1304 1022)
3(1052 1022 1304)
3(940 962 925)
3(940 903 962)
3(903 925 962)
3(956 876 1230)
3(839 956 1230)
3(839 1230 876)
3(1035 1228 1303)
3(1021 1035 1303)
3(341 340 1042)
3(341 1181 340)
3(341 1042 1181)
3(252 243 1070)
3(253 252 1070)
3(520 966 607)
3(732 645 967)
3(526 1162 973)
3(526 1110 1162)
3(1110 973 1162)
3(1018 758 1095)
3(1095 758 1249)
3(1018 1095 1249)
3(99 1279 990)
3(99 990 1208)
3(72 1009 1034)
3(71 72 1034)
3(71 1009 72)
3(755 845 1031)
3(755 1232 845)
3(78 1004 1273)
3(329 1004 78)
3(329 78 1273)
3(758 1018 831)
3(287 256 1147)
3(255 1147 256)
3(353 1154 1024)
3(353 1052 1154)
3(1052 1024 1154)
3(54 1168 978)
3(54 1036 1168)
3(1036 978 1168)
3(833 1166 757)
3(833 757 1010)
3(244 242 1069)
3(245 244 1069)
3(464 500 958)
3(432 464 958)
3(432 958 500)
3(1012 1282 1030)
3(1212 1030 1282)
3(714 959 682)
3(750 682 959)
3(515 566 1089)
3(1046 1103 1277)
3(982 1277 1103)
3(982 1046 1277)
3(201 569 1198)
3(444 1199 182)
3(1064 1171 463)
3(1092 463 1171)
3(1064 463 1092)
3(1062 1172 713)
3(1094 713 1172)
3(1062 713 1094)
3(1063 1173 588)
3(1093 588 1173)
3(1063 588 1093)
3(820 985 847)
3(847 985 1111)
3(820 847 1111)
3(78 1004 1067)
3(1067 1004 1273)
3(78 1067 1273)
3(483 1064 1310)
3(483 965 1064)
3(483 1310 965)
3(1064 965 1310)
3(1039 326 1175)
3(998 1039 1175)
3(998 1175 326)
3(600 1183 511)
3(600 511 1153)
3(90 975 1242)
3(975 1137 1242)
3(90 1242 1137)
3(298 1245 971)
3(740 278 1077)
3(697 278 740)
3(697 740 1077)
3(316 975 90)
3(316 90 1186)
3(316 1186 975)
3(320 70 1186)
3(320 956 70)
3(320 1186 956)
3(826 1295 961)
3(826 1068 1295)
3(1068 961 1295)
3(1058 1203 1224)
3(1058 984 1203)
3(1057 574 1234)
3(602 1234 574)
3(118 1052 353)
3(573 1088 571)
3(786 1007 818)
3(788 818 1007)
3(786 788 1007)
3(704 1261 1042)
3(704 1090 1261)
3(1090 1042 1261)
3(752 962 1240)
3(752 869 962)
3(962 869 1240)
3(752 1240 869)
3(451 954 1268)
3(393 954 451)
3(393 451 1268)
3(950 702 1142)
3(950 1221 702)
3(950 1142 1221)
3(1142 702 1221)
3(91 90 975)
3(91 975 1242)
3(91 1242 90)
3(1046 1015 1182)
3(371 1046 1182)
3(371 1182 1015)
3(1010 1035 1166)
3(1010 1067 1035)
3(320 71 1186)
3(839 848 1034)
3(101 102 996)
3(996 102 1237)
3(101 1237 102)
3(352 1022 1154)
3(352 1154 1052)
3(1022 1052 1154)
3(871 876 956)
3(871 956 807)
3(1028 373 1044)
3(1044 373 1130)
3(1028 1130 373)
3(1028 1044 1130)
3(420 1098 1275)
3(420 1275 421)
3(1098 421 1275)
3(849 820 1074)
3(849 1074 754)
3(984 1135 1203)
3(350 984 1203)
3(350 1135 984)
3(575 513 1243)
3(575 1033 513)
3(513 1033 1243)
3(993 1263 1003)
3(993 1190 1263)
3(1190 1003 1263)
3(971 1206 401)
3(971 401 1108)
3(1108 401 1206)
3(971 1108 1206)
3(1102 962 1240)
3(752 962 1102)
3(316 975 91)
3(719 1011 1214)
3(721 1011 719)
3(721 719 1214)
3(98 329 1003)
3(329 97 1003)
3(172 1129 1041)
3(1041 1129 1220)
3(172 1220 1129)
3(103 951 1191)
3(103 345 951)
3(951 345 1191)
3(103 1191 345)
3(162 1166 163)
3(162 163 1303)
3(162 1303 1166)
3(1055 999 1133)
3(1055 1189 999)
3(1055 1133 1189)
3(352 1208 1022)
3(352 1022 349)
3(352 349 1208)
3(425 1021 1326)
3(1021 424 1326)
3(425 1326 424)
3(1118 982 1256)
3(1256 982 1270)
3(1118 1256 1270)
3(998 1202 1205)
3(998 1175 1202)
3(998 1205 1175)
3(118 1052 117)
3(118 352 1052)
3(861 873 1005)
3(861 1122 873)
3(861 1005 1122)
3(1113 1147 1299)
3(1147 49 1299)
3(1113 1299 49)
3(993 98 1208)
3(993 1208 1190)
3(98 1190 1208)
3(198 1119 585)
3(198 585 1223)
3(198 1223 1119)
3(967 1292 980)
3(966 1291 979)
3(776 780 1060)
3(776 1060 852)
3(360 1132 973)
3(360 973 1247)
3(677 1080 1094)
3(688 677 1094)
3(552 1081 1093)
3(552 1093 563)
3(552 563 1081)
3(427 1082 1092)
3(438 427 1092)
3(438 1082 427)
3(818 1176 1269)
3(1176 1048 1269)
3(818 1269 1048)
3(550 1023 1302)
3(549 1302 1023)
3(549 550 1302)
3(1040 969 1108)
3(1040 1158 969)
3(1015 1182 1183)
3(1182 1046 1183)
3(712 1058 215)
3(712 215 1210)
3(816 834 1079)
3(1090 648 1301)
3(970 1301 648)
3(970 1090 1301)
3(542 1015 1305)
3(541 1305 1015)
3(541 542 1305)
3(1036 174 1250)
3(173 1036 1250)
3(173 174 1036)
3(173 1250 174)
3(78 1067 1212)
3(1067 1030 1212)
3(726 1104 657)
3(1028 1044 1179)
3(1028 1179 1180)
3(1179 1044 1180)
3(350 351 1014)
3(1014 351 1203)
3(350 1203 351)
3(477 401 971)
3(477 1206 401)
3(477 971 1206)
3(368 1280 995)
3(1218 995 1280)
3(368 1218 1280)
3(956 871 1230)
3(876 1230 871)
3(529 1162 973)
3(529 526 1162)
3(546 547 1302)
3(546 1302 1089)
3(473 406 1105)
3(473 1318 406)
3(1105 406 1318)
3(524 510 974)
3(364 1047 56)
3(364 56 1177)
3(56 1047 1177)
3(546 1028 1316)
3(1028 545 1316)
3(546 1316 545)
3(1079 1010 1190)
3(1002 1190 1010)
3(1031 330 1266)
3(983 1266 330)
3(983 1031 1266)
3(1007 818 1269)
3(786 1007 1269)
3(786 1269 818)
3(343 105 950)
3(343 1300 105)
3(343 950 1300)
3(950 105 1300)
3(550 1302 1081)
3(1152 1081 1302)
3(550 1081 1152)
3(550 1152 1302)
3(763 832 1002)
3(763 1249 832)
3(82 1175 1073)
3(82 83 1175)
3(222 767 1054)
3(861 1054 767)
3(418 1283 419)
3(418 419 1103)
3(955 1141 1314)
3(769 1314 1141)
3(769 955 1314)
3(834 832 1002)
3(1031 983 1112)
3(900 1127 898)
3(900 904 1127)
3(904 898 1127)
3(912 906 1125)
3(908 912 1125)
3(908 1125 906)
3(920 914 1126)
3(920 1126 916)
3(914 916 1126)
3(704 1042 653)
3(704 653 1293)
3(625 1117 589)
3(643 950 702)
3(643 702 1142)
3(1054 1323 998)
3(1169 998 1323)
3(1054 998 1169)
3(1004 1067 1212)
3(78 1004 1212)
3(674 1251 1080)
3(674 676 1251)
3(676 1080 1251)
3(595 1139 1025)
3(595 1025 1209)
3(507 1196 1180)
3(507 1180 1044)
3(507 1044 1196)
3(758 220 1018)
3(758 1095 220)
3(186 187 1142)
3(186 1281 187)
3(958 464 1211)
3(500 958 1211)
3(500 1211 464)
3(507 606 1180)
3(507 1196 606)
3(1017 1275 420)
3(1017 1098 1275)
3(873 1102 861)
3(1005 861 1102)
3(199 1309 1052)
3(199 1052 1223)
3(199 1223 1309)
3(1223 1052 1309)
3(371 1179 1046)
3(1143 1046 1179)
3(371 1143 1179)
3(519 963 1281)
3(519 186 963)
3(519 1281 186)
3(1039 962 1056)
3(1056 962 1184)
3(653 704 1261)
3(1202 1039 1289)
3(962 1039 1202)
3(962 1202 1289)
3(808 781 1026)
3(808 1100 781)
3(758 819 1018)
3(960 1299 1113)
3(960 1147 1299)
3(119 1024 348)
3(119 1219 1024)
3(119 348 1219)
3(348 1024 1219)
3(1081 1023 1302)
3(975 1242 1252)
3(91 975 1252)
3(91 1252 1242)
3(1027 344 1051)
3(1051 344 1135)
3(1027 1051 1135)
3(1009 1066 1185)
3(464 1009 1185)
3(464 1066 1009)
3(371 59 1046)
3(1046 59 1179)
3(371 1179 59)
3(425 426 1082)
3(570 1133 1136)
3(532 1133 570)
3(532 570 1136)
3(677 1080 678)
3(553 552 1081)
3(1012 1256 982)
3(1012 982 1103)
3(1039 857 1056)
3(1039 1056 1202)
3(1056 857 1202)
3(1039 1202 857)
3(674 1251 1024)
3(1080 1024 1251)
3(838 962 869)
3(838 1202 962)
3(838 869 1202)
3(869 962 1202)
3(1083 1201 1225)
3(1083 1000 1201)
3(1201 1000 1225)
3(1083 1225 1000)
3(306 1229 1193)
3(306 1193 953)
3(306 953 1229)
3(1192 365 1226)
3(952 365 1192)
3(952 1226 365)
3(400 454 1040)
3(400 1158 454)
3(427 1082 428)
3(1051 1189 1027)
3(1051 1164 1189)
3(1051 1027 1164)
3(373 1044 1179)
3(373 1179 1028)
3(550 551 1081)
3(1227 319 1259)
3(968 1227 1259)
3(968 319 1227)
3(818 1048 762)
3(841 762 1048)
3(992 570 1133)
3(992 1133 1136)
3(992 1136 570)
3(648 1301 647)
3(648 647 1090)
3(287 1147 1106)
3(960 1106 1147)
3(957 1272 1041)
3(957 1200 1272)
3(957 1041 1200)
3(827 770 961)
3(827 961 1295)
3(827 1295 770)
3(103 1191 1124)
3(103 1005 1191)
3(1005 1124 1191)
3(103 1124 1005)
3(742 1141 205)
3(260 205 1141)
3(742 205 260)
3(988 1049 1155)
3(988 1197 1049)
3(58 371 1046)
3(58 1182 371)
3(58 1046 1182)
3(617 1142 186)
3(268 186 1142)
3(617 186 268)
3(1012 1256 1118)
3(543 541 1153)
3(541 1015 1153)
3(810 755 1031)
3(810 1296 755)
3(810 1031 1296)
3(306 65 1193)
3(306 1229 65)
3(122 1192 365)
3(122 365 1226)
3(364 1047 1182)
3(364 57 1047)
3(1047 57 1182)
3(364 1182 57)
3(756 215 1058)
3(987 1228 1010)
3(987 1010 1065)
3(987 1065 1228)
3(1138 1047 1182)
3(364 1138 1182)
3(900 1254 898)
3(900 1127 1254)
3(1127 898 1254)
3(818 1176 1007)
3(1007 1176 1269)
3(422 420 1275)
3(422 1275 421)
3(573 615 1076)
3(752 838 962)
3(1007 788 1176)
3(818 1176 788)
3(998 1054 1237)
3(1237 1054 1323)
3(998 1237 1323)
3(416 1012 1283)
3(1012 1103 1283)
3(319 320 956)
3(319 956 70)
3(648 635 970)
3(649 970 635)
3(398 385 969)
3(385 399 969)
3(756 1003 835)
3(836 835 1003)
3(973 530 1162)
3(529 1162 530)
3(304 75 1019)
3(304 1019 1118)
3(304 1118 75)
3(75 302 1019)
3(75 1120 302)
3(1226 979 1291)
3(366 1291 979)
3(366 1226 1291)
3(599 1234 570)
3(599 570 992)
3(599 992 1234)
3(992 570 1234)
3(284 1077 278)
3(284 240 1077)
3(705 750 1293)
3(819 221 1054)
3(756 1263 835)
3(1014 1203 984)
3(1014 984 1135)
3(432 1185 958)
3(432 464 1185)
3(406 1105 1185)
3(406 1185 473)
3(405 971 401)
3(401 971 1185)
3(405 1185 971)
3(405 401 1185)
3(345 1124 951)
3(951 1124 1292)
3(345 1292 1124)
3(345 951 1292)
3(405 971 1220)
3(405 477 971)
3(405 1220 477)
3(971 477 1220)
3(353 1024 348)
3(860 987 806)
3(860 806 1205)
3(344 1051 1188)
3(344 1188 1027)
3(1051 1027 1188)
3(249 236 1268)
3(246 249 1268)
3(787 788 1176)
3(787 1007 788)
3(77 310 1012)
3(77 1118 310)
3(682 1187 959)
3(682 714 1187)
3(600 592 1183)
3(600 1139 592)
3(592 1139 1183)
3(405 1105 1220)
3(405 971 1105)
3(1105 971 1220)
3(1110 557 1278)
3(527 557 1110)
3(527 1278 557)
3(527 1110 1278)
3(868 961 770)
3(868 770 1069)
3(651 655 972)
3(651 972 1187)
3(972 655 1187)
3(651 1187 655)
3(211 1083 1074)
3(211 1074 724)
3(211 724 1083)
3(119 1219 1050)
3(1229 981 1290)
3(305 1290 981)
3(305 1229 1290)
3(736 1198 735)
3(610 611 1199)
3(324 1031 330)
3(324 1266 1031)
3(324 330 1266)
3(660 1307 658)
3(660 1011 1307)
3(660 658 1011)
3(312 1021 308)
3(557 625 1278)
3(621 557 1278)
3(621 1278 625)
3(1085 1015 1305)
3(542 1085 1305)
3(873 771 1102)
3(771 896 1102)
3(873 896 771)
3(791 850 1004)
3(850 793 1004)
3(557 957 1278)
3(670 1097 1297)
3(1097 1022 1297)
3(670 1297 1022)
3(1078 1026 1244)
3(599 192 1214)
3(248 1146 285)
3(248 247 1146)
3(1056 1184 1254)
3(1056 1254 965)
3(1259 1227 1312)
3(319 1312 1227)
3(319 1259 1312)
3(962 925 1123)
3(940 962 1123)
3(940 1123 925)
3(914 1126 1192)
3(920 1192 1126)
3(920 914 1192)
3(906 1125 1193)
3(912 1193 1125)
3(912 906 1193)
3(662 1096 1307)
3(1096 1027 1307)
3(662 1307 1027)
3(662 1027 1096)
3(651 727 972)
3(304 302 1019)
3(397 169 1267)
3(1026 1244 318)
3(1001 585 1316)
3(586 1316 585)
3(586 1001 1316)
3(103 951 1124)
3(1124 951 1191)
3(965 1290 1039)
3(965 84 1290)
3(313 309 1017)
3(1099 986 1270)
3(1047 1270 986)
3(329 1003 1190)
3(329 1190 98)
3(1064 437 1310)
3(981 437 1064)
3(981 1310 437)
3(981 1064 1310)
3(303 1147 49)
3(303 1299 1147)
3(303 49 1299)
3(663 1096 1307)
3(663 1307 662)
3(663 662 1096)
3(980 1198 732)
3(1071 732 1198)
3(607 979 1199)
3(607 1199 1072)
3(556 609 1197)
3(556 1196 609)
3(609 1196 1197)
3(1019 1091 1120)
3(1091 986 1120)
3(1019 986 1091)
3(1035 1067 1228)
3(1067 80 1228)
3(1091 1325 1019)
3(1091 1120 1325)
3(1120 1019 1325)
3(425 1082 1326)
3(1082 1021 1326)
3(384 981 1073)
3(384 1165 981)
3(384 1073 1165)
3(1089 1028 1316)
3(546 1089 1316)
3(975 91 1207)
3(316 975 1207)
3(316 1207 91)
3(1002 1279 1249)
3(1002 1018 1279)
3(1018 1249 1279)
3(1107 285 1146)
3(961 1107 1146)
3(580 625 1278)
3(580 1278 513)
3(927 923 1319)
3(941 927 1319)
3(941 1319 923)
3(1152 1023 1302)
3(1081 1023 1152)
3(1074 975 1242)
3(1074 1242 1252)
3(1074 1252 975)
3(286 271 1076)
3(529 1110 1162)
3(529 526 1110)
3(573 615 1151)
3(573 1151 1076)
3(545 1028 1196)
3(547 545 1196)
3(258 291 1246)
3(258 1271 291)
3(1246 291 1271)
3(258 1246 1271)
3(1039 998 1202)
3(1202 998 1289)
3(1014 668 1215)
3(666 1215 668)
3(666 1014 1215)
3(783 782 1087)
3(782 781 1087)
3(907 1321 911)
3(942 911 1321)
3(907 942 1321)
3(919 915 1322)
3(919 1322 943)
3(915 943 1322)
3(254 291 1246)
3(258 254 1246)
3(656 723 1104)
3(656 1104 1187)
3(656 1187 723)
3(311 310 1012)
3(633 706 1095)
3(633 1251 706)
3(633 1095 1251)
3(1040 1239 958)
3(1040 958 1108)
3(1040 1108 1239)
3(1108 958 1239)
3(324 1031 1075)
3(324 1075 330)
3(1031 330 1075)
3(986 1168 1091)
3(1120 1091 1168)
3(476 1315 474)
3(476 474 978)
3(476 978 1315)
3(978 474 1315)
3(150 1006 450)
3(150 149 1006)
3(196 636 1053)
3(197 1053 636)
3(394 960 1070)
3(492 960 394)
3(492 394 1070)
3(518 949 618)
3(518 618 1070)
3(1019 304 1270)
3(302 1270 304)
3(957 557 1162)
3(589 1162 557)
3(1120 73 1258)
3(1038 1120 1258)
3(1038 1258 73)
3(742 964 205)
3(303 954 1299)
3(68 303 1299)
3(1031 1007 1075)
3(1075 1007 1232)
3(1272 1033 1306)
3(1043 1306 1033)
3(740 233 1077)
3(233 278 1077)
3(740 278 233)
3(617 963 186)
3(359 974 107)
3(107 974 1178)
3(359 1178 974)
3(359 107 1178)
3(1018 1054 1237)
3(1054 996 1237)
3(899 1254 1056)
3(899 1056 1184)
3(637 1055 192)
3(637 193 1055)
3(298 1239 51)
3(119 1280 991)
3(1050 991 1280)
3(119 1050 1280)
3(1011 1055 1214)
3(1214 1055 1255)
3(1011 1255 1055)
3(602 530 973)
3(671 1097 1297)
3(671 1297 670)
3(988 1276 1044)
3(988 1098 1276)
3(976 1200 1245)
3(53 1245 1200)
3(53 1200 976)
3(300 1113 1272)
3(300 1272 969)
3(1113 969 1272)
3(996 1080 1157)
3(1157 1080 1251)
3(195 1051 630)
3(194 630 1051)
3(1059 1190 1208)
3(612 952 1115)
3(952 1071 1115)
3(612 1115 1071)
3(612 1071 952)
3(487 953 1116)
3(953 1072 1116)
3(487 1116 1072)
3(487 1072 953)
3(682 750 1293)
3(746 682 1293)
3(746 1293 750)
3(195 587 1217)
3(92 977 91)
3(91 977 1252)
3(92 1252 977)
3(92 91 1252)
3(1169 804 1323)
3(998 804 1169)
3(998 1323 804)
3(1035 1228 1010)
3(1166 1010 1228)
3(1035 1166 1228)
3(154 1038 155)
3(154 1325 1038)
3(154 155 1325)
3(984 983 1210)
3(984 1210 1145)
3(983 1145 1210)
3(1013 1296 1031)
3(1013 1031 1075)
3(806 799 1205)
3(799 1065 1205)
3(806 1065 799)
3(871 956 1248)
3(871 1248 807)
3(1131 505 1139)
3(1047 505 1131)
3(1047 1139 505)
3(1259 968 1312)
3(1227 1312 968)
3(385 1158 398)
3(68 67 1264)
3(68 1146 67)
3(67 1146 1264)
3(75 1020 1078)
3(74 1020 75)
3(74 75 1078)
3(666 1101 1286)
3(666 1286 1014)
3(1101 1014 1286)
3(682 959 1293)
3(864 987 860)
3(864 860 1165)
3(1070 949 1306)
3(1033 1306 949)
3(962 1240 940)
3(962 940 1102)
3(537 1139 539)
3(537 1025 1139)
3(537 539 1025)
3(1025 539 1139)
3(262 1121 288)
3(224 288 1121)
3(211 754 1074)
3(211 1083 754)
3(839 1066 1230)
3(1066 956 1230)
3(320 956 1259)
3(320 1259 319)
3(950 343 1161)
3(105 1161 343)
3(105 950 1161)
3(985 1083 1201)
3(985 1201 1225)
3(985 1225 1083)
3(344 1051 1216)
3(114 1051 344)
3(114 1216 1051)
3(114 344 1216)
3(1055 337 1159)
3(1011 337 1055)
3(1011 1159 337)
3(1011 1055 1159)
3(1099 412 1256)
3(1019 1256 412)
3(1019 1099 1256)
3(149 1295 1006)
3(1069 1006 1295)
3(149 1069 1295)
3(99 333 1002)
3(99 1190 333)
3(1002 333 1190)
3(838 962 1102)
3(838 1102 752)
3(1031 1075 1266)
3(1075 324 1266)
3(760 812 1165)
3(860 760 1165)
3(860 1165 812)
3(411 472 1091)
3(1011 339 1225)
3(1011 1225 1311)
3(1225 339 1311)
3(1011 1311 339)
3(107 1170 974)
3(107 359 1170)
3(952 967 1071)
3(952 1071 1226)
3(213 1210 1313)
3(639 1210 213)
3(639 213 1313)
3(668 1297 667)
3(321 1231 1227)
3(321 323 1231)
3(321 1227 323)
3(932 752 1102)
3(888 932 1102)
3(888 752 932)
3(520 966 608)
3(733 645 967)
3(953 966 1072)
3(953 1072 1229)
3(525 528 1278)
3(579 1278 528)
3(543 1316 542)
3(1085 542 1316)
3(960 1070 1267)
3(394 1267 1070)
3(394 960 1267)
3(958 1140 1239)
3(958 1040 1140)
3(664 662 1164)
3(662 1027 1164)
3(664 1027 662)
3(664 1164 1027)
3(954 1006 1134)
3(954 1134 1140)
3(1134 1006 1140)
3(871 1230 1248)
3(956 1248 1230)
3(80 81 1228)
3(299 54 978)
3(299 978 53)
3(1201 1083 1313)
3(1000 1201 1313)
3(1000 1313 1083)
3(339 92 977)
3(91 339 977)
3(1178 959 1241)
3(1032 1178 1241)
3(595 1131 505)
3(595 505 1139)
3(70 958 1140)
3(70 300 958)
3(958 300 1140)
3(70 1140 300)
3(319 1174 70)
3(81 82 987)
3(81 987 1073)
3(987 82 1073)
3(81 1073 82)
3(1202 803 1205)
3(812 1205 803)
3(812 803 1202)
3(812 1202 1205)
3(287 1147 1114)
3(1106 1114 1147)
3(287 1114 1106)
3(72 1009 1244)
3(72 1244 1034)
3(1009 1034 1244)
3(784 782 1087)
3(345 1124 103)
3(432 1317 500)
3(432 958 1317)
3(958 500 1317)
3(585 1316 566)
3(1001 566 1316)
3(1048 1007 1176)
3(1048 1269 1007)
3(601 599 1234)
3(601 1234 570)
3(1025 1138 1305)
3(1025 1086 1138)
3(1138 1086 1305)
3(1025 1305 1086)
3(1031 1296 1004)
3(650 653 1293)
3(903 1240 940)
3(903 962 1240)
3(1178 1057 1241)
3(1002 1249 990)
3(95 1266 983)
3(1145 983 1266)
3(95 1145 1266)
3(465 472 986)
3(986 472 1250)
3(465 986 1250)
3(465 1250 472)
3(221 642 1235)
3(989 1277 1046)
3(989 1103 1277)
3(91 1207 1252)
3(1207 975 1252)
3(859 1166 806)
3(859 806 987)
3(859 987 1166)
3(1140 70 1174)
3(958 1140 1174)
3(597 568 999)
3(597 999 1236)
3(999 568 1236)
3(597 1236 568)
3(570 534 1133)
3(992 1055 1133)
3(992 1214 1055)
3(821 823 1314)
3(823 1128 1314)
3(821 1128 823)
3(821 1314 1128)
3(567 591 994)
3(675 676 1251)
3(674 675 1251)
3(1094 1124 1292)
3(1094 1292 951)
3(1094 951 1124)
3(690 709 990)
3(707 690 990)
3(565 584 991)
3(582 991 584)
3(582 565 991)
3(838 1202 1169)
3(838 1169 962)
3(962 1169 1202)
3(772 1045 1260)
3(206 772 1260)
3(206 1045 772)
3(206 1260 1045)
3(789 1176 791)
3(789 791 1031)
3(373 1195 1044)
3(1130 1044 1195)
3(373 1130 1195)
3(413 412 1256)
3(413 1256 1099)
3(252 492 1070)
3(243 492 252)
3(1026 1100 1207)
3(1034 1026 1207)
3(1034 1207 1100)
3(244 868 1069)
3(242 868 244)
3(310 58 982)
3(57 982 58)
3(57 310 982)
3(344 1051 113)
3(344 113 1188)
3(113 1051 1188)
3(1096 1027 1145)
3(1000 1027 1096)
3(92 93 985)
3(318 92 985)
3(318 985 93)
3(440 459 988)
3(440 988 457)
3(864 162 1166)
3(330 95 983)
3(96 330 983)
3(350 96 984)
3(350 984 95)
3(789 788 1176)
3(817 836 1112)
3(328 81 987)
3(987 81 1228)
3(328 1228 81)
3(328 987 1228)
3(453 451 954)
3(453 954 1268)
3(453 1268 451)
3(597 590 999)
3(693 1000 715)
3(722 715 1000)
3(1128 1068 1231)
3(968 1068 1128)
3(922 1005 1191)
3(1005 1123 1191)
3(922 1123 1005)
3(538 539 1305)
3(538 1305 1086)
3(538 1086 539)
3(539 1086 1305)
3(951 1122 1191)
3(923 1191 1122)
3(923 951 1191)
3(829 775 968)
3(773 829 968)
3(1265 87 1287)
3(343 1287 87)
3(343 1265 1287)
3(343 87 1265)
3(1162 557 1278)
3(1110 1162 1278)
3(1110 557 1162)
3(385 969 1206)
3(385 1206 1117)
3(969 1117 1206)
3(48 1246 49)
3(48 49 1147)
3(48 1147 1246)
3(759 772 1045)
3(759 1260 772)
3(949 1306 1246)
3(949 1246 1070)
3(56 986 302)
3(55 302 986)
3(56 55 986)
3(445 1315 474)
3(445 476 1315)
3(493 1069 1268)
3(236 493 1268)
3(236 1069 493)
3(1097 1251 1154)
3(1233 1154 1251)
3(1097 1154 1233)
3(591 994 1305)
3(567 1305 994)
3(567 591 1305)
3(88 1227 319)
3(88 319 1312)
3(88 1312 1227)
3(359 51 957)
3(957 51 1247)
3(359 1247 51)
3(847 754 985)
3(451 954 1134)
3(453 451 1134)
3(957 1278 1162)
3(582 991 1152)
3(582 1152 1309)
3(1152 991 1309)
3(582 1309 991)
3(518 576 949)
3(949 576 1243)
3(518 1243 576)
3(1131 1025 1177)
3(1047 1131 1177)
3(958 1066 1211)
3(1066 464 1211)
3(968 956 1248)
3(956 1068 1248)
3(968 1248 1068)
3(451 393 1134)
3(1032 1300 1261)
3(950 1261 1300)
3(158 1282 1013)
3(158 1013 1296)
3(1013 1282 1296)
3(1135 1051 1216)
3(344 1135 1216)
3(979 1291 1093)
3(1226 1093 1291)
3(700 1032 638)
3(709 1251 990)
3(709 1097 1251)
3(1097 990 1251)
3(87 964 1265)
3(1265 964 1287)
3(87 1287 964)
3(636 1053 1217)
3(636 1217 196)
3(51 957 1272)
3(51 1272 359)
3(586 1316 566)
3(1155 1082 1326)
3(425 1082 1155)
3(425 1155 1326)
3(86 1121 323)
3(86 955 1121)
3(51 360 957)
3(957 360 1247)
3(51 1247 360)
3(519 1088 1281)
3(1088 963 1281)
3(503 1041 976)
3(503 1162 1041)
3(503 976 1162)
3(976 1041 1162)
3(93 985 1225)
3(92 1225 985)
3(92 93 1225)
3(558 533 1136)
3(558 1136 976)
3(59 309 989)
3(309 60 989)
3(59 989 60)
3(651 1222 972)
3(651 727 1222)
3(328 82 987)
3(61 312 988)
3(61 988 62)
3(312 62 988)
3(629 695 1083)
3(724 629 1083)
3(958 70 1239)
3(300 958 1239)
3(300 1239 70)
3(357 973 360)
3(357 360 1132)
3(434 1019 1091)
3(434 1091 1325)
3(434 1325 1019)
3(393 450 1134)
3(373 61 1044)
3(1044 61 1195)
3(373 1195 61)
3(1055 112 1159)
3(337 112 1055)
3(337 1159 112)
3(1121 285 1146)
3(1107 1121 1146)
3(1107 285 1121)
3(227 289 1161)
3(978 476 1220)
3(474 978 1220)
3(474 1220 476)
3(100 990 353)
3(100 99 990)
3(99 353 990)
3(118 372 991)
3(372 119 991)
3(584 991 1302)
3(991 565 1302)
3(584 1302 565)
3(1243 1204 1278)
3(614 1278 1204)
3(614 1204 1243)
3(614 1243 1278)
3(790 789 1176)
3(1051 1086 1320)
3(1086 999 1320)
3(1051 1320 999)
3(485 1073 384)
3(485 384 981)
3(683 1214 719)
3(683 719 1011)
3(968 321 1227)
3(319 1227 321)
3(861 771 1102)
3(264 263 1287)
3(284 1287 263)
3(284 264 1287)
3(106 1324 1288)
3(106 963 1324)
3(963 1288 1324)
3(106 1288 963)
3(198 1119 197)
3(212 1313 754)
3(212 754 1083)
3(212 1083 1313)
3(1083 754 1313)
3(349 993 97)
3(349 98 993)
3(308 82 1073)
3(340 108 959)
3(959 108 1253)
3(340 1253 108)
3(613 624 1149)
3(613 1149 520)
3(749 1150 738)
3(645 738 1150)
3(75 1075 1078)
3(1075 1020 1078)
3(108 1178 340)
3(1114 256 1147)
3(287 256 1114)
3(337 1011 339)
3(337 1225 1011)
3(337 339 1225)
3(108 1253 338)
3(690 709 1251)
3(690 1251 990)
3(359 1306 361)
3(1043 361 1306)
3(373 1044 60)
3(373 60 1179)
3(60 1044 1179)
3(298 70 1239)
3(981 1290 1092)
3(1229 1092 1290)
3(635 970 1301)
3(635 1301 648)
3(993 1190 1059)
3(1059 1190 1263)
3(56 986 1270)
3(302 56 1270)
3(1190 1079 1273)
3(1010 1273 1079)
3(885 1148 377)
3(929 377 1148)
3(885 929 1148)
3(885 377 929)
3(627 887 1150)
3(931 627 1150)
3(931 1150 887)
3(931 887 627)
3(502 886 1149)
3(502 1149 930)
3(886 930 1149)
3(502 930 886)
3(338 972 1242)
3(338 1242 336)
3(972 336 1242)
3(106 363 1288)
3(1288 363 1324)
3(106 1324 363)
3(121 995 368)
3(120 368 995)
3(101 347 996)
3(347 102 996)
3(64 997 307)
3(63 307 997)
3(465 175 1131)
3(667 1101 1286)
3(667 1286 666)
3(337 1055 1213)
3(337 1213 1011)
3(1055 1011 1213)
3(459 988 1326)
3(440 1326 988)
3(440 459 1326)
3(1060 776 1100)
3(780 1100 776)
3(340 1312 970)
3(340 1181 1312)
3(1181 970 1312)
3(1010 1067 1228)
3(117 1052 1167)
3(117 1167 1304)
3(1167 1052 1304)
3(587 196 1217)
3(111 337 1055)
3(111 1213 337)
3(111 1055 1213)
3(838 1202 805)
3(838 804 1202)
3(804 805 1202)
3(500 496 1317)
3(432 1317 496)
3(841 817 983)
3(692 716 984)
3(793 795 1238)
3(794 1238 795)
3(420 418 1283)
3(569 1071 1198)
3(444 1072 1199)
3(450 1211 1006)
3(150 1006 1211)
3(450 150 1211)
3(94 342 1000)
3(94 1145 342)
3(94 1000 1145)
3(800 815 1323)
3(800 1065 815)
3(800 1323 1065)
3(362 112 999)
3(999 112 1294)
3(362 1294 112)
3(307 64 1229)
3(713 689 1094)
3(713 1094 745)
3(689 745 1094)
3(564 1093 588)
3(620 588 1093)
3(564 620 1093)
3(463 439 1092)
3(495 463 1092)
3(495 1092 439)
3(351 1053 1014)
3(351 1163 1053)
3(351 1014 1163)
3(1014 1053 1163)
3(399 969 1206)
3(385 399 1206)
3(299 1168 978)
3(299 54 1168)
3(810 845 1031)
3(121 1226 368)
3(76 1013 1118)
3(76 1118 77)
3(351 1053 1216)
3(1053 1014 1216)
3(351 1216 1014)
3(978 1036 1129)
3(1129 1036 1262)
3(1201 985 1313)
3(1083 1313 985)
3(986 1168 55)
3(55 1168 1177)
3(986 55 1177)
3(986 1177 1168)
3(63 1285 997)
3(63 307 1285)
3(55 1177 1262)
3(358 1177 55)
3(358 55 1262)
3(995 120 1280)
3(368 1280 120)
3(786 787 1007)
3(991 584 1223)
3(582 991 1223)
3(582 1223 584)
3(298 1245 296)
3(971 296 1245)
3(575 580 1243)
3(580 513 1243)
3(595 593 1131)
3(595 1209 593)
3(1131 593 1209)
3(353 1157 990)
3(100 990 1157)
3(353 100 1157)
3(875 1166 757)
3(875 833 1166)
3(970 635 1222)
3(649 970 1222)
3(649 1222 635)
3(611 1049 181)
3(611 182 1049)
3(300 1113 50)
3(50 1113 1272)
3(300 50 1272)
3(902 874 1056)
3(889 1056 874)
3(889 902 1056)
3(889 874 902)
3(702 701 950)
3(809 1232 846)
3(661 1307 1096)
3(661 1096 693)
3(786 1111 1007)
3(786 787 1111)
3(787 1111 809)
3(787 785 1111)
3(110 356 992)
3(111 992 356)
3(111 110 992)
3(967 1192 914)
3(967 1126 1192)
3(967 914 1126)
3(966 1193 906)
3(966 1125 1193)
3(966 906 1125)
3(570 1133 599)
3(1215 1014 1297)
3(668 1215 1297)
3(476 1105 978)
3(476 1220 1105)
3(978 1105 1220)
3(1153 1179 1180)
3(1028 1179 1153)
3(1023 1195 1197)
3(1023 1049 1195)
3(1195 1049 1197)
3(1023 1197 1049)
3(660 1307 659)
3(765 154 1038)
3(987 1073 1228)
3(798 796 1079)
3(797 1079 796)
3(1261 1042 1300)
3(118 1052 1167)
3(118 1167 117)
3(1108 1040 1317)
3(958 1108 1317)
3(958 1317 1040)
3(356 1132 110)
3(992 110 1132)
3(107 1170 1178)
3(1170 974 1178)
3(957 1278 1110)
3(957 1110 1162)
3(333 1279 99)
3(347 996 1157)
3(101 347 1157)
3(1091 472 1250)
3(986 1091 1250)
3(968 1248 829)
3(1128 829 1248)
3(968 829 1128)
3(968 1128 1248)
3(1139 1182 1183)
3(1015 1182 1139)
3(959 1042 1293)
3(122 967 123)
3(122 123 1192)
3(123 967 1192)
3(65 966 66)
3(65 66 1193)
3(66 966 1193)
3(302 1168 55)
3(1136 530 1162)
3(973 530 1136)
3(973 1136 1162)
3(636 1215 1053)
3(636 197 1215)
3(75 74 1120)
3(403 1040 1108)
3(403 400 1040)
3(403 1108 400)
3(725 717 1217)
3(725 1164 717)
3(717 1164 1217)
3(999 597 1133)
3(590 1133 597)
3(114 370 994)
3(114 994 115)
3(102 1237 1124)
3(996 1124 1237)
3(102 1124 996)
3(434 412 1091)
3(434 1019 412)
3(505 176 1047)
3(505 1047 175)
3(1006 150 1295)
3(149 1295 150)
3(817 983 1176)
3(817 1176 841)
3(1249 990 1279)
3(545 1153 1316)
3(545 543 1153)
3(545 1316 543)
3(338 972 1137)
3(338 1137 1242)
3(1137 972 1242)
3(805 869 1202)
3(957 1043 1278)
3(1043 1033 1278)
3(360 957 1200)
3(957 51 1200)
3(360 1200 51)
3(849 1074 851)
3(849 761 1074)
3(362 113 999)
3(113 112 999)
3(93 1000 94)
3(93 342 1000)
3(925 962 1184)
3(903 1184 962)
3(1169 804 1202)
3(838 804 1169)
3(93 1000 1201)
3(94 1201 1000)
3(94 93 1201)
3(497 451 1134)
3(440 988 1155)
3(440 1155 457)
3(518 577 949)
3(577 576 949)
3(360 1247 1200)
3(957 1200 1247)
3(565 991 1152)
3(582 565 1152)
3(1041 1117 1272)
3(1117 957 1272)
3(857 1056 1310)
3(1056 1039 1310)
3(857 1310 1039)
3(749 204 1115)
3(204 645 1115)
3(624 185 1116)
3(185 520 1116)
3(1290 1039 1310)
3(965 1310 1039)
3(965 1290 1310)
3(956 1248 1259)
3(968 1259 1248)
3(1061 975 1137)
3(1061 1242 975)
3(1061 1137 1242)
3(447 960 394)
3(976 1245 1041)
3(976 1041 1129)
3(1129 1041 1245)
3(1242 977 1252)
3(91 977 1242)
3(471 1091 1325)
3(1091 410 1325)
3(471 1325 410)
3(471 410 1091)
3(483 437 1310)
3(483 1064 437)
3(734 1052 1309)
3(734 1233 1052)
3(846 844 1026)
3(637 1055 1214)
3(192 637 1214)
3(1025 1209 1177)
3(1029 1177 1209)
3(1025 1029 1209)
3(68 1140 1231)
3(1140 1006 1231)
3(1108 1185 1317)
3(402 1108 1317)
3(402 1185 1108)
3(402 1317 1185)
3(476 1105 1315)
3(1105 978 1315)
3(369 117 1001)
3(116 369 1001)
3(116 1001 117)
3(694 1095 633)
3(483 965 1148)
3(483 1148 1064)
3(965 1064 1148)
3(966 1149 608)
3(1063 608 1149)
3(966 1063 1149)
3(733 967 1150)
3(733 1150 1062)
3(967 1062 1150)
3(1222 970 1301)
3(635 1222 1301)
3(331 1004 78)
3(579 523 1088)
3(340 1300 341)
3(1042 341 1300)
3(512 596 1129)
3(512 1036 596)
3(512 1129 1036)
3(596 1036 1129)
3(736 734 1309)
3(736 1309 681)
3(1264 290 1268)
3(246 1268 290)
3(246 290 1264)
3(961 1006 1069)
3(961 1231 1006)
3(1178 974 1247)
3(359 1178 1247)
3(775 1248 829)
3(648 1090 704)
3(1009 1244 1258)
3(72 1009 1258)
3(72 1258 1244)
3(1097 669 1297)
3(691 669 1097)
3(766 158 1296)
3(766 1296 159)
3(813 804 1323)
3(813 1169 804)
3(716 984 1286)
3(984 692 1286)
3(716 1286 692)
3(1215 636 1217)
3(725 1217 636)
3(725 636 1215)
3(596 1029 533)
3(102 1289 1124)
3(1237 1124 1289)
3(102 1237 1289)
3(1124 103 1289)
3(102 1289 103)
3(102 103 1124)
3(71 316 1034)
3(316 72 1034)
3(100 99 1279)
3(100 1279 990)
3(527 1162 1110)
3(527 557 1162)
3(1177 1036 1262)
3(1029 1036 1177)
3(1029 1262 1036)
3(453 1106 1268)
3(1106 954 1268)
3(1061 1037 1137)
3(417 419 1103)
3(651 1109 972)
3(651 1222 1109)
3(972 1109 1222)
3(1052 1050 1309)
3(1024 1309 1050)
3(739 704 1261)
3(653 739 1261)
3(991 584 1089)
3(1089 584 1223)
3(991 1089 1223)
3(434 410 1091)
3(410 412 1091)
3(847 985 1269)
3(985 1111 1269)
3(847 1269 1111)
3(61 1156 988)
3(312 988 1156)
3(61 312 1156)
3(473 1185 1009)
3(473 1009 1318)
3(317 1026 318)
3(317 1252 1026)
3(317 318 1252)
3(401 1108 1185)
3(1108 971 1185)
3(989 59 1160)
3(309 989 1160)
3(309 1160 59)
3(630 1217 1051)
3(630 195 1217)
3(951 737 1122)
3(745 737 951)
3(745 1122 737)
3(676 1024 681)
3(676 681 1080)
3(556 551 1023)
3(556 1081 551)
3(1099 1270 1256)
3(1040 1106 1299)
3(1040 1299 960)
3(1106 960 1299)
3(784 847 1111)
3(663 1286 1096)
3(663 664 1286)
3(663 1096 664)
3(664 1096 1286)
3(58 59 1046)
3(651 1109 1187)
3(1109 972 1187)
3(1292 1094 1298)
3(1124 1292 1298)
3(1124 1298 1094)
3(57 1047 56)
3(702 1261 950)
3(702 701 1261)
3(1016 1091 1325)
3(471 1016 1325)
3(471 1091 1016)
3(954 1299 1040)
3(954 1106 1299)
3(476 1220 405)
3(476 405 1105)
3(115 1053 1216)
3(351 1053 115)
3(351 115 1216)
3(829 968 1260)
3(773 829 1260)
3(773 1260 968)
3(1036 1168 1177)
3(1036 1177 55)
3(1036 55 1168)
3(431 426 1021)
3(431 1082 426)
3(431 1021 1082)
3(708 681 1024)
3(112 1188 1055)
3(1159 1055 1188)
3(112 1159 1188)
3(1185 958 1317)
3(432 1185 1317)
3(804 998 803)
3(802 803 998)
3(804 802 998)
3(702 1261 1221)
3(950 1221 1261)
3(977 1225 1311)
3(977 1011 1225)
3(977 1311 1011)
3(1007 1075 1266)
3(1007 1266 1031)
3(205 769 1141)
3(206 1141 769)
3(1028 1130 1167)
3(1130 373 1167)
3(630 1051 1189)
3(630 1189 194)
3(1074 1225 1252)
3(1225 977 1252)
3(1074 977 1225)
3(1074 1252 977)
3(69 68 1140)
3(69 1231 68)
3(69 1140 1231)
3(177 511 1046)
3(178 1046 511)
3(1028 1153 1316)
3(545 1153 1028)
3(507 180 1044)
3(507 1044 179)
3(447 960 446)
3(394 446 960)
3(873 223 1122)
3(861 1122 223)
3(1041 1117 1206)
3(1206 1117 1272)
3(808 783 1026)
3(248 1146 1121)
3(248 1121 285)
3(1039 1310 981)
3(1290 981 1310)
3(850 1004 1296)
3(850 1296 791)
3(1083 1074 1225)
3(1083 1225 1252)
3(1083 1252 1074)
3(969 1108 1239)
3(350 96 1203)
3(1074 1061 1242)
3(924 1102 896)
3(924 922 1102)
3(353 1154 990)
3(353 1157 1154)
3(990 1154 1157)
3(800 831 1323)
3(1004 1079 1273)
3(1079 1003 1273)
3(209 1061 210)
3(168 518 1267)
3(168 1267 575)
3(707 1095 1249)
3(1095 990 1249)
3(707 990 1095)
3(754 1269 847)
3(754 985 1269)
3(620 1115 612)
3(620 612 952)
3(495 1116 487)
3(495 487 953)
3(299 1168 1308)
3(1168 978 1308)
3(299 1308 978)
3(118 991 1167)
3(991 1052 1167)
3(987 328 1175)
3(82 987 1175)
3(82 1175 328)
3(186 643 1142)
3(681 674 1024)
3(556 549 1023)
3(986 56 1177)
3(55 1177 56)
3(92 977 1225)
3(977 339 1225)
3(92 1225 339)
3(927 1191 1319)
3(927 923 1191)
3(1191 923 1319)
3(92 985 1252)
3(318 92 1252)
3(675 1080 1251)
3(675 676 1080)
3(262 1121 1314)
3(288 262 1314)
3(288 1314 1121)
3(582 1152 508)
3(582 508 1309)
3(93 1225 1201)
3(93 1000 1225)
3(530 973 1234)
3(530 1234 602)
3(332 1228 333)
3(332 333 1010)
3(332 1010 1228)
3(578 949 1243)
3(578 1204 949)
3(949 1204 1243)
3(578 1243 1204)
3(462 1183 176)
3(769 772 1260)
3(206 769 1260)
3(817 1112 1176)
3(1112 983 1176)
3(803 1202 998)
3(804 998 1202)
3(803 804 1202)
3(332 99 1190)
3(332 1190 333)
3(58 982 1277)
3(310 58 1277)
3(1104 655 1187)
3(972 1104 1187)
3(1068 871 1230)
3(1068 1230 1248)
3(1068 1248 871)
3(768 857 1056)
3(768 1310 857)
3(768 1056 1310)
3(824 759 1037)
3(683 1104 723)
3(683 723 1008)
3(431 424 1021)
3(1073 486 1303)
3(485 486 1073)
3(485 1303 486)
3(485 1073 1303)
3(1105 405 1185)
3(971 1105 1185)
3(1000 93 1159)
3(342 1159 93)
3(919 1192 1322)
3(919 915 1192)
3(1192 915 1322)
3(911 1193 1321)
3(907 1193 911)
3(907 1321 1193)
3(1041 976 1200)
3(1041 1200 1245)
3(1250 474 1315)
3(978 474 1250)
3(978 1250 1315)
3(450 1211 1134)
3(1006 1134 1211)
3(106 343 1300)
3(106 1300 105)
3(578 949 576)
3(578 576 1243)
3(345 346 1124)
3(1124 346 1292)
3(345 1292 346)
3(982 58 1182)
3(57 982 1182)
3(57 1182 58)
3(95 1266 330)
3(803 1205 998)
3(1085 1143 1153)
3(1153 1143 1316)
3(1085 1316 1143)
3(974 1057 1247)
3(974 1247 973)
3(330 1224 96)
3(986 1036 1168)
3(986 1177 1036)
3(353 990 1208)
3(99 353 1208)
3(349 993 1203)
3(97 349 1203)
3(403 1040 1317)
3(403 1317 1108)
3(806 864 987)
3(674 1233 1251)
3(673 1233 674)
3(673 674 1251)
3(603 1180 507)
3(985 93 1201)
3(318 1201 93)
3(323 1146 1231)
3(323 961 1146)
3(95 1135 984)
3(95 350 1135)
3(1133 999 1236)
3(597 1133 1236)
3(736 201 1050)
3(736 1309 201)
3(736 1050 1309)
3(349 98 1208)
3(360 1200 973)
3(360 357 1200)
3(949 578 1151)
3(949 1151 1204)
3(1151 578 1204)
3(97 1224 329)
3(500 1317 1211)
3(958 1211 1317)
3(118 1130 991)
3(372 991 1130)
3(118 372 1130)
3(1169 998 1202)
3(395 1148 965)
3(395 1254 1148)
3(395 965 1254)
3(965 1148 1254)
3(949 1246 363)
3(949 363 1271)
3(363 1246 1271)
3(949 1271 1246)
3(742 964 644)
3(617 963 519)
3(649 1109 1222)
3(970 1222 1109)
3(856 1010 757)
3(856 1238 1010)
3(856 757 1238)
3(1170 963 1300)
3(1032 1170 1300)
3(1032 963 1170)
3(465 1131 1250)
3(1131 986 1250)
3(591 1086 1305)
3(1086 994 1305)
3(1006 1295 961)
3(982 57 1270)
3(310 1270 57)
3(323 1146 68)
3(323 68 1231)
3(1007 324 1266)
3(611 1197 181)
3(611 1049 1197)
3(309 1276 989)
3(60 989 1276)
3(309 60 1276)
3(59 989 1179)
3(989 60 1179)
3(59 1179 60)
3(448 446 960)
3(448 1158 446)
3(960 446 1158)
3(117 1001 1167)
3(117 1167 369)
3(1124 1289 1054)
3(1124 1054 1237)
3(1237 1054 1289)
3(586 1085 1316)
3(1085 1001 1316)
3(961 1121 1146)
3(961 1107 1121)
3(640 1059 1263)
3(640 1263 710)
3(200 201 1309)
3(508 200 1309)
3(1078 1007 1111)
3(1078 1232 1007)
3(322 75 1075)
3(322 1078 75)
3(737 1235 951)
3(1122 951 1235)
3(737 1122 1235)
3(513 1033 169)
3(513 169 1117)
3(894 908 1149)
3(908 906 1149)
3(916 1150 895)
3(916 914 1150)
3(994 1320 1051)
3(994 1086 1320)
3(61 988 1195)
3(988 62 1195)
3(61 1195 62)
3(974 1057 1178)
3(1178 1057 1247)
3(1169 1054 1237)
3(998 1169 1237)
3(273 1142 1221)
3(1142 270 1221)
3(273 1221 270)
3(273 270 1142)
3(399 1108 1206)
3(969 1206 1108)
3(1025 1138 1139)
3(1139 1138 1305)
3(1025 1139 1305)
3(1096 1027 1135)
3(1096 1135 1145)
3(161 875 1166)
3(410 1325 434)
3(1230 150 1295)
3(1006 150 1230)
3(1006 1230 1295)
3(434 468 1019)
3(434 1325 468)
3(516 1057 1234)
3(190 1057 516)
3(190 1234 1057)
3(104 103 1005)
3(104 1191 103)
3(104 1005 1191)
3(962 1056 1202)
3(951 345 1319)
3(345 1191 1319)
3(951 1319 1191)
3(813 1054 767)
3(813 767 1169)
3(767 1054 1169)
3(1007 322 1266)
3(324 1266 322)
3(174 1250 1131)
3(174 1131 1036)
3(1036 1131 1250)
3(1111 1007 1269)
3(786 1111 1269)
3(93 1159 1225)
3(1000 1225 1159)
3(215 631 1058)
3(503 1041 1129)
3(503 1129 976)
3(994 114 1138)
3(370 1138 114)
3(638 188 1032)
3(700 1032 188)
3(92 1252 1225)
3(171 1206 1041)
3(171 1041 1117)
3(171 1117 1206)
3(448 960 447)
3(448 447 1106)
3(76 1118 1075)
3(76 75 1118)
3(76 1075 75)
3(997 1049 1285)
3(1049 63 1285)
3(401 1206 399)
3(401 399 1108)
3(1186 956 1259)
3(963 106 1170)
3(1170 106 1300)
3(963 1300 106)
3(962 1202 1240)
3(1202 869 1240)
3(995 1050 1280)
3(1050 120 1280)
3(303 67 1264)
3(960 1114 1147)
3(960 1106 1114)
3(988 312 1285)
3(62 988 1285)
3(62 1285 312)
3(707 218 1059)
3(1059 218 1249)
3(707 1249 218)
3(988 61 1276)
3(61 1156 1276)
3(988 1276 1156)
3(365 1322 952)
3(365 1192 1322)
3(1192 952 1322)
3(953 306 1321)
3(306 1193 1321)
3(953 1321 1193)
3(333 100 1279)
3(328 1279 100)
3(989 59 1277)
3(59 1160 1277)
3(989 1277 1160)
3(743 1142 1221)
3(273 743 1221)
3(273 1142 743)
3(977 339 1311)
3(113 999 1320)
3(113 1320 362)
3(828 961 1107)
3(1107 961 1128)
3(828 1107 1128)
3(827 1107 828)
3(827 828 961)
3(991 372 1280)
3(119 1280 372)
3(541 1139 1305)
3(541 539 1139)
3(541 1305 539)
3(1139 539 1305)
3(299 1168 1016)
3(1016 1168 1308)
3(299 1016 1308)
3(575 1033 169)
3(1015 1139 1305)
3(541 1139 1015)
3(470 380 1257)
3(1083 629 1084)
3(695 1084 629)
3(797 833 1010)
3(833 799 1010)
3(1015 1143 1153)
3(737 1235 745)
3(951 745 1235)
3(483 395 965)
3(965 395 1310)
3(483 1310 395)
3(893 900 1254)
3(893 1254 898)
3(270 1221 950)
3(270 950 1142)
3(1177 1131 1209)
3(660 1011 1255)
3(1255 1011 1307)
3(660 1255 1307)
3(1058 631 1263)
3(710 1263 631)
3(1013 1075 1118)
3(1013 1118 1144)
3(1083 977 1225)
3(998 802 1323)
3(803 998 1323)
3(803 1323 802)
3(613 894 1149)
3(613 624 894)
3(738 895 1150)
3(749 895 738)
3(261 1141 1287)
3(843 765 1020)
3(843 1020 155)
3(81 333 1228)
3(328 1228 333)
3(80 1228 333)
3(80 332 1228)
3(859 1166 833)
3(706 690 1251)
3(633 1251 690)
3(331 1212 78)
3(87 1181 964)
3(964 1181 1227)
3(87 1227 1181)
3(87 964 1227)
3(457 1197 180)
3(951 1005 1124)
3(951 1191 1005)
3(115 1216 994)
3(114 994 1216)
3(115 114 1216)
3(640 217 1263)
3(217 1059 1263)
3(640 1059 217)
3(269 1142 1288)
3(116 369 1143)
3(787 1232 809)
3(635 1301 647)
3(112 999 1188)
3(999 113 1188)
3(112 1188 113)
3(673 1251 709)
3(673 709 1097)
3(118 1130 1167)
3(991 1167 1130)
3(1062 1094 1292)
3(1062 1292 951)
3(1082 1021 1155)
3(1155 1021 1326)
3(493 1069 393)
3(493 393 1268)
3(1218 1081 1280)
3(995 1280 1081)
3(804 802 1323)
3(849 1074 1087)
3(851 849 1087)
3(759 1045 207)
3(207 1045 1301)
3(759 207 1301)
3(977 1074 1242)
3(864 987 859)
3(270 1161 950)
3(950 1161 1221)
3(996 347 1298)
3(102 996 1298)
3(102 1298 347)
3(362 1025 364)
3(362 364 1177)
3(820 1087 849)
3(322 1078 1201)
3(322 1201 318)
3(322 318 1078)
3(1113 969 1267)
3(1033 969 1113)
3(716 1096 1286)
3(1096 984 1286)
3(501 615 1151)
3(573 501 1151)
3(1231 1006 1295)
3(961 1231 1295)
3(462 177 1183)
3(1055 637 1189)
3(193 1189 637)
3(193 1055 1189)
3(584 1089 1302)
3(1089 991 1302)
3(111 992 1294)
3(111 1294 356)
3(309 1276 1017)
3(309 1160 1276)
3(1160 1017 1276)
3(1253 340 1312)
3(970 1253 1312)
3(363 1246 1306)
3(49 1246 363)
3(49 363 1306)
3(290 1268 1114)
3(1264 1114 1268)
3(290 1114 1264)
3(511 1183 177)
3(299 297 1016)
3(1016 297 1168)
3(299 1168 297)
3(842 1296 1144)
3(842 755 1296)
3(842 1144 755)
3(958 1108 1185)
3(1098 988 1326)
3(459 1098 1326)
3(1005 1124 1289)
3(1005 1289 1054)
3(1005 1054 1124)
3(211 1074 210)
3(925 1123 1184)
3(1123 962 1184)
3(1017 313 1276)
3(309 1276 313)
3(367 1195 1218)
3(1195 62 1218)
3(367 62 1195)
3(367 1218 62)
3(50 1306 361)
3(1062 1172 1319)
3(1172 1126 1319)
3(1062 1126 1172)
3(1062 1319 1126)
3(985 1225 1252)
3(985 1252 1083)
3(328 1175 1274)
3(1175 987 1274)
3(328 1274 987)
3(831 1018 819)
3(831 819 1323)
3(1047 505 1183)
3(176 1183 505)
3(862 1056 902)
3(862 874 1056)
3(862 902 874)
3(366 979 64)
3(368 64 979)
3(357 109 1132)
3(357 1132 110)
3(445 1315 1250)
3(445 1250 474)
3(395 1148 483)
3(608 520 1149)
3(645 1150 733)
3(1151 1076 1204)
3(573 1151 1204)
3(1064 1171 1321)
3(1171 1127 1321)
3(1064 1127 1171)
3(1064 1321 1127)
3(1063 1173 1322)
3(1173 1125 1322)
3(1063 1125 1173)
3(1063 1322 1125)
3(344 94 1145)
3(779 776 1060)
3(777 1060 776)
3(656 683 1104)
3(577 949 578)
3(577 578 1151)
3(511 592 1183)
3(1008 1311 1011)
3(1008 1104 1311)
3(1104 1011 1311)
3(796 1079 834)
3(340 1181 88)
3(340 88 1312)
3(88 1181 1312)
3(792 793 1112)
3(794 792 1112)
3(501 615 234)
3(501 234 1151)
3(507 1197 1044)
3(507 180 1197)
3(949 1306 363)
3(83 305 981)
3(452 451 1268)
3(393 452 1268)
3(611 609 1197)
3(556 611 1197)
3(710 217 1263)
3(312 1285 1021)
3(312 1156 1285)
3(1156 1021 1285)
3(1028 1130 1302)
3(1028 1089 1130)
3(1130 1089 1302)
3(893 1148 1254)
3(893 900 1148)
3(1148 900 1254)
3(1086 568 1236)
3(999 1086 1236)
3(722 629 1084)
3(722 1083 629)
3(503 589 1041)
3(503 1162 589)
3(772 1045 207)
3(682 1187 1293)
3(1187 959 1293)
3(311 1277 1012)
3(311 310 1277)
3(660 721 1011)
3(721 658 1011)
3(1037 1312 968)
3(1045 968 1312)
3(1037 1045 1312)
3(308 312 1285)
3(207 647 1045)
3(207 1045 206)
3(113 114 1051)
3(951 1172 1319)
3(1062 951 1319)
3(721 1214 637)
3(637 1214 1255)
3(721 637 1255)
3(316 1034 1186)
3(316 1186 71)
3(640 218 1059)
3(372 1023 1280)
3(367 1023 372)
3(367 1280 1023)
3(367 372 1280)
3(779 1100 848)
3(116 1001 1304)
3(117 1304 1001)
3(117 116 1304)
3(827 961 826)
3(827 826 1295)
3(353 1154 1208)
3(1154 990 1208)
3(953 1171 1321)
3(1064 953 1321)
3(952 1173 1322)
3(1063 952 1322)
3(370 371 1182)
3(370 1182 1015)
3(408 1315 1016)
3(408 1091 1315)
3(1091 1016 1315)
3(408 1016 1091)
3(372 1130 1280)
3(1130 1023 1280)
3(372 1023 1130)
3(631 1263 216)
3(1058 216 1263)
3(631 216 1058)
3(1000 1145 1201)
3(94 1201 1145)
3(473 1185 464)
3(473 464 1009)
3(992 111 1213)
3(110 992 1213)
3(110 1213 111)
3(1048 213 1210)
3(1048 1313 213)
3(734 1052 199)
3(734 199 1309)
3(986 1270 1177)
3(56 1177 1270)
3(353 1157 1024)
3(1154 1024 1157)
3(803 1205 1323)
3(1205 998 1323)
3(864 1166 859)
3(921 223 1122)
3(921 873 223)
3(965 85 1290)
3(84 1290 85)
3(188 1032 1241)
3(188 1241 638)
3(66 1291 966)
3(66 65 1291)
3(967 123 1292)
3(122 1292 123)
3(505 1131 175)
3(723 1187 714)
3(723 714 1008)
3(349 1163 1203)
3(1163 993 1203)
3(1115 967 1192)
3(914 1115 1192)
3(1116 966 1193)
3(906 1116 1193)
3(60 61 1044)
3(590 194 1189)
3(1052 1119 1233)
3(1119 632 1233)
3(1052 1233 632)
3(1052 632 1119)
3(95 1135 1145)
3(984 1145 1135)
3(999 112 1055)
3(999 1055 1294)
3(1055 112 1294)
3(989 1179 1277)
3(59 1277 1179)
3(373 1179 369)
3(1028 369 1179)
3(1007 322 1201)
3(1007 1201 1266)
3(1201 322 1266)
3(632 199 1052)
3(632 1052 1223)
3(632 1223 199)
3(955 1107 961)
3(955 1128 1107)
3(1029 992 1133)
3(507 1180 179)
3(1005 1289 104)
3(1123 104 1289)
3(1005 104 1123)
3(1005 1123 1289)
3(967 1115 952)
3(966 1116 953)
3(351 1304 1053)
3(1163 1053 1304)
3(351 1163 1304)
3(888 903 1240)
3(342 344 1188)
3(342 1188 1027)
3(1292 345 1319)
3(951 1292 1319)
3(953 306 1290)
3(1290 306 1321)
3(953 1290 1321)
3(86 343 1287)
3(87 86 1287)
3(105 363 1288)
3(106 105 1288)
3(460 179 1180)
3(1164 666 1286)
3(1014 1164 1286)
3(1014 666 1164)
3(116 1304 1053)
3(116 1053 351)
3(116 351 1304)
3(1089 1028 1167)
3(1001 1028 1089)
3(1001 1089 1167)
3(503 172 1041)
3(503 1041 171)
3(486 1165 1303)
3(486 163 1165)
3(486 1303 163)
3(300 1272 1239)
3(1036 1262 55)
3(641 1222 727)
3(641 1061 1222)
3(365 1291 952)
3(365 1322 1291)
3(952 1291 1322)
3(55 54 1036)
3(55 1168 54)
3(316 320 1186)
3(1025 364 1320)
3(362 1320 364)
3(367 1195 1023)
3(367 1023 1218)
3(1023 1195 1218)
3(599 1214 1234)
3(1214 992 1234)
3(655 654 1187)
3(651 1187 654)
3(1024 674 1233)
3(1024 1233 1251)
3(1119 1022 1233)
3(731 1233 1022)
3(731 1119 1233)
3(731 1022 1119)
3(993 1208 1059)
3(290 250 1268)
3(246 1268 250)
3(698 1090 1261)
3(698 1261 704)
3(698 704 1090)
3(1060 1248 1259)
3(1060 1259 956)
3(747 1261 705)
3(747 1293 1261)
3(747 705 1293)
3(903 1184 1240)
3(962 1240 1184)
3(954 1264 1268)
3(979 1291 1063)
3(1093 1063 1291)
3(476 1220 477)
3(503 172 1129)
3(235 1106 490)
3(235 277 1106)
3(235 490 277)
3(477 1206 399)
3(357 53 976)
3(356 976 53)
3(405 404 1185)
3(404 401 1185)
3(1126 917 1172)
3(1172 917 1319)
3(1126 1319 917)
3(853 757 1067)
3(853 1238 757)
3(596 594 1129)
3(594 558 1129)
3(457 181 1197)
3(367 1195 372)
3(1023 372 1195)
3(191 1234 599)
3(191 599 1214)
3(191 1214 1234)
3(1127 901 1171)
3(1171 901 1321)
3(1127 1321 901)
3(1125 909 1173)
3(1173 909 1322)
3(1125 1322 909)
3(858 1056 857)
3(858 1202 1056)
3(858 857 1202)
3(114 1320 994)
3(114 1138 1320)
3(1138 994 1320)
3(698 1090 1077)
3(1077 1090 1261)
3(698 1077 1261)
3(52 1245 1200)
3(52 1200 53)
3(52 53 1245)
3(994 1053 1216)
3(819 1054 767)
3(549 1302 1196)
3(1023 1196 1302)
3(549 1196 1023)
3(857 1165 760)
3(857 812 1165)
3(111 112 1055)
3(1046 511 1180)
3(178 1180 511)
3(1014 1216 1217)
3(1053 1217 1216)
3(534 535 1029)
3(535 533 1029)
3(534 1029 533)
3(359 1178 108)
3(359 108 1247)
3(108 1178 1247)
3(188 700 1281)
3(188 1281 1032)
3(1092 1064 1290)
3(981 1290 1064)
3(347 1298 1157)
3(996 1157 1298)
3(1165 981 1310)
3(384 1165 1310)
3(384 1310 981)
3(757 1194 853)
3(549 547 1196)
3(549 1302 547)
3(348 353 1157)
3(348 1157 1024)
3(1060 975 1259)
3(1037 1060 1259)
3(1037 975 1060)
3(324 75 1075)
3(710 1263 216)
3(972 1137 1253)
3(338 1253 1137)
3(486 1165 1073)
3(76 324 1075)
3(76 1075 330)
3(664 1164 666)
3(664 666 1286)
3(664 1286 1164)
3(866 232 1107)
3(232 276 1107)
3(866 276 232)
3(1020 156 1144)
3(1020 1232 156)
3(1020 1144 1232)
3(1144 156 1232)
3(719 1008 1214)
3(683 1008 719)
3(486 1073 384)
3(1196 1195 1197)
3(1023 1195 1196)
3(858 1056 768)
3(856 1010 833)
3(1045 970 1090)
3(1045 1301 970)
3(118 1052 1154)
3(118 1154 353)
3(1022 1154 1208)
3(1154 352 1208)
3(861 1102 1169)
3(1102 1005 1169)
3(861 1169 1005)
3(571 1281 519)
3(571 1088 1281)
3(233 1077 626)
3(740 626 1077)
3(233 626 740)
3(1237 1018 1323)
3(189 714 1241)
3(189 1057 714)
3(189 1241 1057)
3(1079 797 1238)
3(1010 1238 797)
3(1010 1079 1238)
3(889 1056 1254)
3(1056 874 1254)
3(889 1254 874)
3(363 48 1246)
3(532 601 1136)
3(570 1136 601)
3(575 1267 169)
3(1001 1089 1316)
3(1089 566 1316)
3(1054 996 1124)
3(913 204 1115)
3(913 749 204)
3(905 185 1116)
3(905 624 185)
3(1055 999 1188)
3(201 1198 736)
3(301 1140 68)
3(301 68 1299)
3(1115 952 1192)
3(1116 953 1193)
3(470 1019 434)
3(428 485 981)
3(428 1082 485)
3(244 236 1069)
3(148 244 1069)
3(148 1069 236)
3(148 236 244)
3(701 747 1261)
3(1126 939 1172)
3(917 1172 939)
3(917 939 1126)
3(938 1173 1125)
3(938 909 1173)
3(938 1125 909)
3(1127 937 1171)
3(901 1171 937)
3(901 937 1127)
3(319 1231 69)
3(319 69 1174)
3(1174 69 1231)
3(1087 1207 1026)
3(1087 1100 1207)
3(366 1291 64)
3(346 121 980)
3(346 980 1292)
3(346 1292 121)
3(454 1040 403)
3(1038 154 1318)
3(1318 154 1325)
3(1038 1318 1325)
3(182 1199 611)
3(803 860 1205)
3(812 1205 860)
3(678 735 980)
3(678 1080 735)
3(610 979 553)
3(610 553 1081)
3(1209 537 1236)
3(1025 1209 1236)
3(1025 537 1209)
3(351 1216 350)
3(1014 350 1216)
3(178 460 1180)
3(1036 1177 1209)
3(791 1112 792)
3(352 1154 118)
3(1201 1269 1313)
3(1201 985 1269)
3(1269 985 1313)
3(928 1123 104)
3(928 884 1123)
3(928 104 884)
3(884 104 1123)
3(988 1195 1276)
3(61 1276 1195)
3(168 1070 1267)
3(168 518 1070)
3(1034 316 1244)
3(72 1244 316)
3(303 1114 954)
3(954 1114 1264)
3(303 1264 1114)
3(1113 969 1158)
3(1113 1158 1267)
3(239 1070 252)
3(167 252 1070)
3(239 167 1070)
3(239 252 167)
3(171 1206 1220)
3(1206 1041 1220)
3(893 1254 499)
3(893 897 1254)
3(893 499 897)
3(897 499 1254)
3(866 1107 828)
3(326 83 1039)
3(326 1175 83)
3(305 1290 83)
3(1053 1001 1304)
3(103 1005 1289)
3(103 1289 104)
3(519 1281 187)
3(1014 1163 1203)
3(351 1203 1163)
3(1274 101 1279)
3(1018 1274 1279)
3(1018 101 1274)
3(647 1301 207)
3(530 1162 531)
3(1136 531 1162)
3(530 531 1136)
3(825 150 1295)
3(825 1295 1230)
3(825 1230 150)
3(720 718 1189)
3(720 1255 718)
3(1189 718 1255)
3(957 1247 1278)
3(1043 1278 1247)
3(316 1186 1207)
3(1186 975 1207)
3(233 284 1077)
3(630 1189 1164)
3(630 720 1189)
3(630 1164 720)
3(950 1142 1161)
3(988 1156 1285)
3(329 1273 1190)
3(1003 1190 1273)
3(654 1104 655)
3(654 1187 1104)
3(505 593 1131)
3(628 719 1008)
3(628 1214 719)
3(628 1008 1214)
3(529 1162 531)
3(1127 85 1290)
3(965 1127 1290)
3(985 1252 1074)
3(76 1013 1075)
3(1150 627 1172)
3(887 1150 1172)
3(887 1172 627)
3(502 1173 1149)
3(886 1149 1173)
3(502 886 1173)
3(1148 377 1171)
3(885 1148 1171)
3(885 1171 377)
3(863 828 1128)
3(863 1128 872)
3(338 90 1242)
3(338 1137 90)
3(345 104 1191)
3(66 1125 966)
3(66 1291 1125)
3(966 1125 1291)
3(967 123 1126)
3(1126 123 1292)
3(967 1126 1292)
3(953 1229 1290)
3(306 1290 1229)
3(202 1071 569)
3(202 517 1071)
3(444 183 1072)
3(183 392 1072)
3(53 1200 357)
3(952 1226 1291)
3(365 1291 1226)
3(1162 1041 1200)
3(957 1162 1200)
3(202 1071 1198)
3(202 1198 569)
3(183 1072 1199)
3(444 183 1199)
3(994 1216 1320)
3(114 1320 1216)
3(365 123 1192)
3(306 66 1193)
3(1148 488 1254)
3(395 1254 488)
3(395 488 1148)
3(377 1148 480)
3(377 480 929)
3(929 480 1148)
3(605 502 1149)
3(930 502 605)
3(930 605 1149)
3(730 627 1150)
3(931 627 730)
3(931 730 1150)
3(103 346 1124)
3(1110 974 1247)
3(973 1110 1247)
3(706 675 1080)
3(706 1251 675)
3(843 1232 1020)
3(843 765 1232)
3(262 1141 955)
3(262 955 1121)
3(1121 955 1141)
3(1050 1309 991)
3(1052 991 1309)
3(753 1066 1034)
3(753 1284 1066)
3(753 1034 1284)
3(1034 1066 1284)
3(948 925 1184)
3(948 1184 944)
3(337 1213 339)
3(1011 339 1213)
3(1110 1247 1278)
3(1110 957 1247)
3(211 849 1074)
3(754 1313 840)
3(1269 840 1313)
3(754 840 1269)
3(754 1269 1313)
3(173 1036 1129)
3(173 1129 1250)
3(1129 1036 1250)
3(1027 1135 1286)
3(1135 1096 1286)
3(1027 1286 1096)
3(661 663 1096)
3(661 1307 663)
3(328 101 1279)
3(328 1274 101)
3(486 1165 384)
3(574 516 1057)
3(574 1234 516)
3(1243 1043 1278)
3(1204 1043 1243)
3(994 1085 1305)
3(567 1305 1085)
3(993 1022 1097)
3(993 1097 1208)
3(1097 1022 1208)
3(534 1236 1029)
3(535 1029 1236)
3(534 535 1236)
3(817 1112 790)
3(817 790 1176)
3(1104 972 1242)
3(977 1104 1242)
3(986 1099 1019)
3(1007 1201 1078)
3(1007 1111 1201)
3(1063 966 1291)
3(980 1062 1292)
3(1062 967 1292)
3(811 1004 1238)
3(811 1238 853)
3(811 853 1004)
3(1136 973 1234)
3(530 1136 1234)
3(589 171 1041)
3(589 1117 171)
3(1013 157 1144)
3(1013 1144 1257)
3(1013 1257 157)
3(1144 157 1257)
3(683 721 1011)
3(1042 1293 1253)
3(959 1253 1293)
3(1065 1279 1018)
3(1065 1018 1274)
3(404 1105 405)
3(404 1185 1105)
3(778 1248 1128)
3(778 829 1248)
3(778 1128 829)
3(984 1014 1101)
3(984 1101 1203)
3(1101 1014 1203)
3(674 708 1024)
3(674 1233 708)
3(1129 1220 1245)
3(1220 1041 1245)
3(347 980 121)
3(347 1219 980)
3(347 121 1219)
3(855 752 1102)
3(855 1102 932)
3(855 932 752)
3(1128 968 1260)
3(829 1128 1260)
3(64 1218 368)
3(448 490 1106)
3(926 1172 729)
3(926 729 936)
3(926 936 1172)
3(936 729 1172)
3(604 918 1173)
3(935 918 604)
3(935 1173 918)
3(935 604 1173)
3(479 910 1171)
3(934 910 479)
3(934 1171 910)
3(934 479 1171)
3(212 1313 840)
3(317 1026 1244)
3(317 1244 318)
3(961 1068 1231)
3(577 1151 280)
3(577 280 257)
3(257 280 1151)
3(989 1160 1276)
3(808 1026 846)
3(1073 987 1175)
3(987 1165 1175)
3(987 1175 1205)
3(166 1254 165)
3(166 768 1254)
3(768 165 1254)
3(1102 838 1169)
3(962 1102 1169)
3(725 666 1215)
3(725 1215 668)
3(535 1236 1209)
3(535 537 1236)
3(535 1209 537)
3(531 1162 976)
3(531 976 1136)
3(1136 976 1162)
3(958 1317 1140)
3(1040 1140 1317)
3(1043 1110 1247)
3(654 1104 656)
3(655 656 1104)
3(436 1194 1017)
3(436 1017 1283)
3(1017 1194 1283)
3(436 1283 1194)
3(1134 1140 1299)
3(1134 1299 954)
3(323 1121 1146)
3(512 174 1036)
3(512 1036 173)
3(62 1218 1049)
3(1195 1049 1218)
3(62 1049 1195)
3(527 1278 621)
3(960 1113 1267)
3(561 1153 603)
3(561 606 1153)
3(213 1210 762)
3(213 762 1048)
3(1048 762 1210)
3(1122 1005 1191)
3(922 1122 1191)
3(1009 1284 1244)
3(1009 1034 1284)
3(774 1060 776)
3(775 776 1060)
3(1213 1055 1214)
3(842 1013 1144)
3(842 1296 1013)
3(100 1279 1157)
3(990 1157 1279)
3(170 1206 171)
3(170 1117 1206)
3(170 171 1117)
3(984 1101 1286)
3(692 1286 1101)
3(669 671 1097)
3(669 1297 671)
3(1253 1109 1293)
3(1042 1109 1253)
3(991 1130 1280)
3(991 1152 1302)
3(1152 565 1302)
3(1028 1130 1196)
3(1196 1130 1302)
3(870 1102 1169)
3(870 1169 861)
3(870 861 1102)
3(1038 154 1284)
3(1284 154 1318)
3(1038 1284 1318)
3(932 1102 940)
3(171 449 1220)
3(171 1206 449)
3(449 1206 1220)
3(87 1181 1265)
3(1181 964 1265)
3(984 1096 1145)
3(698 1261 739)
3(955 1107 1121)
3(1060 1186 1259)
3(1060 975 1186)
3(1109 1293 959)
3(1109 959 1253)
3(236 245 1069)
3(245 246 1069)
3(1102 962 1123)
3(940 1102 1123)
3(1034 316 1207)
3(1034 1207 1244)
3(1207 316 1244)
3(107 1178 1032)
3(107 1032 1300)
3(776 1100 779)
3(88 1227 321)
3(1016 1105 1315)
3(1105 408 1315)
3(1016 408 1105)
3(171 391 1220)
3(391 449 1220)
3(600 541 1153)
3(543 600 1153)
3(1027 1188 1189)
3(1188 1051 1189)
3(757 160 1194)
3(160 161 1194)
3(406 404 1105)
3(406 1105 405)
3(161 1303 1035)
3(1166 1035 1303)
3(161 1166 1303)
3(758 219 1095)
3(1095 219 1249)
3(758 1249 219)
3(558 531 1136)
3(531 533 1136)
3(237 186 1142)
3(268 237 1142)
3(268 186 237)
3(659 1084 695)
3(1099 1019 1270)
3(988 1155 1326)
3(1155 440 1326)
3(970 1109 1253)
3(702 743 1142)
3(702 1221 743)
3(238 205 1141)
3(260 238 1141)
3(260 205 238)
3(253 254 1070)
3(253 1070 239)
3(297 1258 1120)
3(297 1120 73)
3(297 73 1258)
3(262 1314 955)
3(262 1141 1314)
3(149 1295 825)
3(658 1104 683)
3(658 683 1011)
3(823 1314 822)
3(821 822 1314)
3(851 820 1087)
3(772 773 1260)
3(759 1260 773)
3(955 1121 1314)
3(893 1254 488)
3(499 488 1254)
3(893 488 499)
3(630 1051 1164)
3(1206 477 1220)
3(971 1206 1220)
3(232 865 1314)
3(282 232 1314)
3(282 865 232)
3(282 1314 865)
3(652 1293 682)
3(652 1187 1293)
3(652 682 1187)
3(107 1300 341)
3(297 1016 1258)
3(1016 299 1258)
3(297 1258 299)
3(336 90 1242)
3(157 842 1013)
3(157 1144 842)
3(1114 250 1268)
3(290 250 1114)
3(465 174 1250)
3(465 1131 174)
3(968 1060 1259)
3(968 1259 1037)
3(208 759 1037)
3(474 978 1129)
3(1129 978 1220)
3(474 1129 1220)
3(1022 1052 1119)
3(1022 1233 1052)
3(1017 1276 989)
3(978 1308 1016)
3(978 1016 1168)
3(982 1277 1182)
3(58 1182 1277)
3(583 1196 609)
3(583 556 1196)
3(714 1057 628)
3(714 628 1008)
3(1008 628 1057)
3(1154 990 1251)
3(1097 990 1154)
3(753 839 1034)
3(753 1066 839)
3(595 537 1139)
3(595 1139 539)
3(904 881 1127)
3(85 881 904)
3(85 1127 881)
3(66 912 1125)
3(912 883 1125)
3(66 883 912)
3(66 1125 883)
3(123 920 1126)
3(920 882 1126)
3(123 882 920)
3(123 1126 882)
3(949 363 1324)
3(363 1271 1324)
3(949 1324 1271)
3(1016 1120 1325)
3(1016 1091 1120)
3(596 1029 535)
3(637 719 1214)
3(156 1020 155)
3(156 843 1020)
3(1200 973 1247)
3(746 652 1293)
3(249 493 1268)
3(236 493 249)
3(595 537 1025)
3(1095 1249 1279)
3(782 1100 1087)
3(782 781 1100)
3(107 1170 1032)
3(1032 1170 1178)
3(792 790 1112)
3(1170 963 1324)
3(106 1170 1324)
3(296 52 1245)
3(156 468 1020)
3(156 1144 468)
3(301 1113 50)
3(698 696 1077)
3(698 1090 696)
3(160 1194 853)
3(154 844 1038)
3(154 1284 844)
3(1244 1258 1284)
3(1258 1009 1284)
3(992 1234 1132)
3(992 1132 1214)
3(189 638 1241)
3(440 1155 383)
3(1120 1020 1325)
3(974 1032 1281)
3(1032 1170 1281)
3(974 1281 1170)
3(974 1170 1032)
3(1046 1179 1277)
3(1046 989 1179)
3(564 517 1071)
3(612 1071 517)
3(612 564 1071)
3(439 392 1072)
3(487 1072 392)
3(487 439 1072)
3(1177 1047 1270)
3(986 1047 1177)
3(152 1066 1284)
3(378 1284 1066)
3(378 1066 152)
3(378 152 1284)
3(989 1276 1179)
3(60 1179 1276)
3(512 594 1129)
3(656 654 1187)
3(1090 1045 1181)
3(970 1090 1181)
3(970 1181 1045)
3(508 565 1152)
3(298 300 1239)
3(472 1250 1315)
3(472 1315 1091)
3(1250 1091 1315)
3(1128 1068 1248)
3(778 1248 1068)
3(778 1068 1128)
3(1022 349 1304)
3(352 1304 349)
3(1055 1255 637)
3(1043 1033 1243)
3(1243 1033 1278)
3(516 1234 599)
3(717 1217 636)
3(121 980 1298)
3(980 346 1298)
3(121 1298 346)
3(347 980 1298)
3(347 1298 121)
3(982 1182 1270)
3(57 1270 1182)
3(198 515 1223)
3(150 1230 1211)
3(1006 1211 1230)
3(1242 972 1311)
3(336 1242 1311)
3(536 538 1236)
3(537 536 1236)
3(808 848 1100)
3(808 1034 848)
3(1245 971 1308)
3(296 1245 1308)
3(999 1320 1188)
3(113 1188 1320)
3(893 1148 488)
3(157 158 1013)
3(842 1013 158)
3(871 1230 830)
3(871 830 1068)
3(1068 830 1230)
3(1154 1251 1024)
3(1154 1024 1233)
3(600 541 1015)
3(1026 985 1087)
3(1123 104 1191)
3(928 1191 104)
3(337 1225 1159)
3(1011 1159 1225)
3(155 468 1020)
3(362 56 1177)
3(362 1177 55)
3(646 1172 729)
3(646 729 926)
3(521 1173 604)
3(521 604 918)
3(396 1171 479)
3(396 479 910)
3(977 1011 1084)
3(1084 1011 1225)
3(977 1084 1225)
3(720 662 1164)
3(664 720 1164)
3(676 735 1080)
3(610 1081 551)
3(720 662 1027)
3(107 1170 1300)
3(485 1082 426)
3(485 431 1082)
3(971 1185 1308)
3(1009 1308 1185)
3(1005 1235 951)
3(1005 1124 1235)
3(1124 951 1235)
3(77 1212 331)
3(190 714 1057)
3(190 1057 628)
3(325 104 1289)
3(325 1289 1123)
3(325 1123 104)
3(172 391 1220)
3(972 1187 1311)
3(1008 1311 1187)
3(89 1312 1253)
3(89 340 1312)
3(89 1253 340)
3(725 666 1014)
3(1021 1285 988)
3(1021 988 1156)
3(473 1318 433)
3(406 433 1318)
3(753 152 1066)
3(753 1284 152)
3(1063 1226 1291)
3(1063 952 1226)
3(1063 1291 952)
3(406 404 1185)
3(1045 964 1181)
3(1045 1181 1227)
3(976 598 1162)
3(531 598 976)
3(531 1162 598)
3(1064 1229 1290)
3(1064 953 1229)
3(1064 1290 953)
3(677 675 1080)
3(157 467 1013)
3(158 1013 467)
3(356 1262 53)
3(1016 1120 1258)
3(1016 1038 1120)
3(1016 1258 1038)
3(494 1148 1171)
3(1148 1064 1171)
3(494 1171 1064)
3(494 1064 1148)
3(744 1150 1172)
3(1150 1062 1172)
3(744 1172 1062)
3(744 1062 1150)
3(619 1149 1173)
3(1149 1063 1173)
3(619 1173 1063)
3(619 1063 1149)
3(512 1036 1209)
3(512 1209 596)
3(317 1207 1026)
3(317 1252 1207)
3(1026 1207 1252)
3(643 743 1142)
3(384 163 1165)
3(801 799 1205)
3(806 801 1205)
3(1011 1104 977)
3(297 1016 1120)
3(414 412 1256)
3(413 414 1256)
3(408 1091 409)
3(409 1091 1315)
3(408 409 1315)
3(1027 1307 1000)
3(370 58 1182)
3(721 1255 660)
3(871 1248 777)
3(347 1298 1219)
3(1157 1219 1298)
3(347 1219 1157)
3(782 780 1087)
3(782 1100 780)
3(1017 481 1194)
3(436 481 1017)
3(436 1194 481)
3(672 1233 674)
3(672 673 1233)
3(304 1270 1118)
3(1019 1118 1270)
3(1029 1133 1236)
3(534 1236 1133)
3(1104 1187 1311)
3(1104 1311 972)
3(889 899 1056)
3(902 1056 899)
3(336 1008 110)
3(109 110 1008)
3(988 1285 1195)
3(62 1195 1285)
3(685 1164 717)
3(685 725 1164)
3(686 1119 1022)
3(686 1022 1215)
3(686 1215 1119)
3(1022 1119 1215)
3(634 1198 735)
3(634 736 1198)
3(610 509 1199)
3(509 611 1199)
3(398 397 1158)
3(647 696 1090)
3(1227 955 1260)
3(1045 1227 1260)
3(208 759 1301)
3(792 1112 836)
3(1109 1187 1293)
3(1109 1293 652)
3(1109 652 1187)
3(72 296 1009)
3(1093 1063 1226)
3(1090 964 1181)
3(1092 1064 1229)
3(1027 1135 1164)
3(1164 1135 1286)
3(1027 1164 1286)
3(395 1254 1310)
3(165 1254 395)
3(165 395 1310)
3(165 1310 1254)
3(1105 1185 1308)
3(1105 1308 971)
3(213 1210 214)
3(762 214 1210)
3(639 1210 214)
3(273 1221 274)
3(378 1009 1066)
3(1066 1009 1284)
3(378 1284 1009)
3(1022 1297 993)
3(965 1254 1310)
3(798 800 1065)
3(885 937 1148)
3(937 929 1148)
3(886 938 1149)
3(938 930 1149)
3(887 939 1150)
3(931 1150 939)
3(1145 1210 1266)
3(1210 983 1266)
3(1001 1167 1304)
3(1241 1032 1281)
3(974 1032 1241)
3(974 1241 1281)
3(564 517 1093)
3(564 1093 1071)
3(439 392 1092)
3(439 1092 1072)
3(470 1019 1256)
3(412 470 1256)
3(412 1019 470)
3(634 732 980)
3(634 980 1198)
3(634 1198 732)
3(607 979 509)
3(509 979 1199)
3(607 509 1199)
3(670 686 1022)
3(1022 686 1297)
3(670 1297 686)
3(159 160 1194)
3(1093 952 1226)
3(744 1150 627)
3(744 627 1172)
3(619 1149 502)
3(619 502 1173)
3(494 1148 377)
3(494 377 1171)
3(1044 1195 1276)
3(1044 988 1195)
3(413 1099 443)
3(190 1057 574)
3(123 1126 1192)
3(66 1125 1193)
3(568 538 1236)
3(536 568 1236)
3(864 760 1165)
3(1092 953 1229)
3(752 933 1240)
3(888 933 752)
3(888 1240 933)
3(810 789 1031)
3(616 280 577)
3(616 1151 280)
3(616 577 1151)
3(326 1289 1237)
3(998 1237 1289)
3(326 1237 998)
3(55 54 1262)
3(359 1247 360)
3(1048 1000 1145)
3(1048 1201 1000)
3(1048 1145 1201)
3(762 1269 1048)
3(762 818 1269)
3(1087 1026 1252)
3(985 1087 1252)
3(1051 1216 1320)
3(1051 994 1216)
3(1222 699 1301)
3(208 1301 699)
3(108 107 1178)
3(736 1309 200)
3(203 1115 204)
3(185 184 1116)
3(395 1254 499)
3(1120 1038 1325)
3(1023 1280 991)
3(1023 991 1130)
3(1237 101 1274)
3(1018 1237 1274)
3(1129 474 1250)
3(978 1129 1250)
3(803 1205 802)
3(802 1205 1323)
3(74 322 1078)
3(303 1114 1299)
3(1114 954 1299)
3(963 1170 1281)
3(449 170 1206)
3(949 1306 1324)
3(363 1324 1306)
3(1127 1148 1171)
3(1148 937 1171)
3(1127 937 1148)
3(1125 1149 1173)
3(1149 938 1173)
3(1125 938 1149)
3(1126 1150 1172)
3(1150 939 1172)
3(1126 939 1150)
3(1017 1275 1194)
3(1017 481 1275)
3(481 1194 1275)
3(948 1123 1184)
3(948 925 1123)
3(902 1240 1056)
3(862 1056 1240)
3(902 862 1240)
3(801 1065 1205)
3(801 799 1065)
3(367 1218 1280)
3(368 367 1280)
3(368 1218 367)
3(962 998 1289)
3(962 1202 998)
3(1000 1313 1048)
3(570 1133 504)
3(1008 1311 1213)
3(1011 1213 1311)
3(100 1279 101)
3(100 101 1157)
3(222 1122 223)
3(222 861 1122)
3(1153 511 1180)
3(1046 1153 1180)
3(102 1124 1298)
3(1124 996 1298)
3(1047 1270 56)
3(857 165 1310)
3(768 1310 165)
3(454 398 1158)
3(568 538 1086)
3(776 1060 1248)
3(776 1248 775)
3(1046 1143 1153)
3(62 1195 372)
3(698 697 1077)
3(796 797 1238)
3(796 1238 1079)
3(606 1196 545)
3(606 545 1028)
3(1166 987 1228)
3(59 1277 1046)
3(630 1217 1164)
3(1051 1164 1217)
3(980 1298 1094)
3(1080 1094 1298)
3(980 1080 1298)
3(921 892 1122)
3(223 892 921)
3(223 1122 892)
3(1165 1039 1310)
3(111 1213 339)
3(342 113 1188)
3(507 1197 1196)
3(1044 1196 1197)
3(1070 253 1246)
3(254 1246 253)
3(254 1070 1246)
3(1048 1201 1313)
3(1005 1122 951)
3(1005 1235 1122)
3(1164 1216 1217)
3(1164 1014 1216)
3(212 211 1083)
3(431 1303 486)
3(431 485 1303)
3(383 1155 456)
3(444 456 1155)
3(1288 1271 1324)
3(363 1271 1288)
3(218 1249 763)
3(218 763 1059)
3(581 508 1152)
3(581 1152 569)
3(1069 245 1264)
3(246 1264 245)
3(662 684 1027)
3(1027 684 1307)
3(662 1307 684)
3(350 115 1216)
3(840 213 1048)
3(840 1048 1313)
3(840 1313 213)
3(731 670 1022)
3(731 1233 670)
3(1107 1128 1314)
3(823 1128 1107)
3(823 1107 1314)
3(996 1235 1124)
3(1094 1124 1235)
3(996 1124 1094)
3(1004 1238 1273)
3(1238 1079 1273)
3(803 805 1202)
3(547 606 1196)
3(343 950 1265)
3(343 1265 1300)
3(1265 950 1300)
3(385 170 1117)
3(385 1206 170)
3(1189 1055 1255)
3(637 1189 1255)
3(1043 1170 1324)
3(361 1043 1324)
3(361 1324 1170)
3(978 1220 1245)
3(1139 505 1183)
3(1047 1139 1183)
3(992 1294 1213)
3(111 1213 1294)
3(663 1096 693)
3(913 891 1115)
3(913 204 891)
3(891 204 1115)
3(905 890 1116)
3(905 185 890)
3(890 185 1116)
3(123 920 1192)
3(66 912 1193)
3(416 1012 1282)
3(416 475 1012)
3(416 1282 475)
3(1012 475 1282)
3(782 1087 820)
3(340 1253 338)
3(1167 1119 1304)
3(1052 1304 1119)
3(1052 1119 1167)
3(592 560 1139)
3(600 1139 560)
3(731 1119 632)
3(731 632 1233)
3(60 1179 369)
3(435 416 1012)
3(435 1012 1282)
3(435 1282 416)
3(899 1184 903)
3(899 944 1184)
3(464 378 1009)
3(464 1066 378)
3(1047 1138 1139)
3(1136 1132 1234)
3(973 1234 1132)
3(1141 867 1314)
3(769 1314 867)
3(769 867 1141)
3(782 851 1087)
3(849 210 1074)
3(1077 626 1221)
3(233 1077 1221)
3(233 1221 626)
3(441 421 1098)
3(435 1256 1012)
3(435 416 1256)
3(1118 1257 1013)
3(691 671 1097)
3(1089 1130 1167)
3(962 998 1169)
3(1169 998 1289)
3(962 1169 1289)
3(1064 1127 1148)
3(1062 1126 1150)
3(1063 1125 1149)
3(1036 512 1131)
3(174 1131 512)
3(976 1262 1029)
3(844 753 1034)
3(844 1284 753)
3(731 1022 686)
3(731 686 1119)
3(552 1152 550)
3(552 550 1081)
3(552 1081 1152)
3(497 1317 1040)
3(497 1134 1317)
3(1134 1040 1317)
3(899 1254 889)
3(343 1161 1265)
3(1161 950 1265)
3(558 531 976)
3(1271 1076 1288)
3(1288 1076 1324)
3(1271 1324 1076)
3(219 1095 220)
3(1024 990 1154)
3(1024 1157 990)
3(632 734 1052)
3(273 702 1221)
3(273 743 702)
3(999 1025 1086)
3(1086 1025 1320)
3(425 427 1155)
3(425 1082 427)
3(427 1082 1155)
3(410 1091 409)
3(410 408 1091)
3(762 1048 840)
3(346 1298 1292)
3(980 1292 1298)
3(453 448 1106)
3(661 1307 662)
3(474 172 1220)
3(474 1129 172)
3(795 797 1238)
3(796 795 1238)
3(1136 992 1234)
3(527 1162 529)
3(527 529 1110)
3(1037 1137 1222)
3(1137 1061 1222)
3(991 1050 1152)
3(720 684 1255)
3(720 1027 684)
3(684 1027 1255)
3(918 1115 623)
3(918 623 521)
3(521 623 1115)
3(910 1116 498)
3(910 498 396)
3(396 498 1116)
3(1110 1162 1247)
3(1162 957 1247)
3(1117 1272 969)
3(550 581 1152)
3(552 1152 581)
3(602 1234 516)
3(927 1172 917)
3(927 917 1319)
3(927 1319 1172)
3(72 1308 1009)
3(72 296 1308)
3(734 1233 632)
3(1008 110 1311)
3(336 1311 110)
3(1124 1054 1235)
3(1021 424 1275)
3(1275 424 1326)
3(1021 1275 1326)
3(958 1174 1211)
3(1174 1066 1211)
3(166 1254 395)
3(1015 1305 994)
3(107 361 1170)
3(326 1289 102)
3(326 102 1237)
3(410 411 1091)
3(909 919 1173)
3(909 1322 919)
3(1173 919 1322)
3(901 911 1171)
3(901 1321 911)
3(1171 911 1321)
3(442 417 1103)
3(1028 1316 1001)
3(425 456 1155)
3(456 427 1155)
3(1094 1298 1062)
3(1292 1062 1298)
3(103 1289 325)
3(326 1289 103)
3(1152 1280 1302)
3(1280 1023 1302)
3(1152 1023 1280)
3(980 1298 1062)
3(1176 1048 1266)
3(1007 1176 1266)
3(1007 1266 1048)
3(1153 1046 1179)
3(1143 1153 1179)
3(1132 992 1213)
3(110 1132 1213)
3(465 379 1250)
3(379 174 1250)
3(955 1314 1107)
3(955 1128 1314)
3(297 1120 1168)
3(297 1168 302)
3(297 302 1120)
3(1098 1017 1276)
3(868 1069 148)
3(868 148 244)
3(219 707 1095)
3(219 1249 707)
3(768 874 1254)
3(768 1056 874)
3(768 1254 1056)
3(597 504 1133)
3(443 1099 466)
3(114 1320 1051)
3(956 1230 1068)
3(1174 1068 1230)
3(956 1174 1230)
3(1156 313 1276)
3(1017 1156 1276)
3(632 1119 1223)
3(1119 1052 1223)
3(748 926 1122)
3(748 646 926)
3(748 1122 646)
3(167 492 1070)
3(167 252 492)
3(1056 899 1240)
3(902 1240 899)
3(762 1269 840)
3(1048 840 1269)
3(1088 974 1170)
3(1043 1088 1170)
3(474 391 1220)
3(90 89 1259)
3(89 1137 1259)
3(90 1137 89)
3(1023 1280 1218)
3(1023 1081 1280)
3(1223 582 1309)
3(991 1223 1309)
3(1188 1255 1027)
3(1188 1189 1255)
3(110 1008 1132)
3(110 1132 109)
3(85 1290 306)
3(1127 306 1290)
3(85 306 1127)
3(63 62 1218)
3(63 1049 62)
3(1037 1312 1259)
3(1044 1130 1196)
3(119 1219 120)
3(119 120 1050)
3(800 1065 1205)
3(800 1205 801)
3(800 801 1065)
3(373 117 1167)
3(842 810 1296)
3(148 1069 493)
3(148 493 236)
3(458 1021 424)
3(458 1275 1021)
3(458 424 1275)
3(1253 1137 1312)
3(89 1312 1137)
3(89 1137 1253)
3(66 1291 365)
3(1125 365 1291)
3(66 365 1125)
3(345 123 1292)
3(345 1292 1126)
3(345 1126 123)
3(1176 983 1266)
3(1048 1266 983)
3(1056 1310 965)
3(1056 1254 1310)
3(494 463 1064)
3(494 1171 463)
3(713 1062 744)
3(713 744 1172)
3(619 588 1063)
3(619 1173 588)
3(1103 1012 1277)
3(1000 1159 1307)
3(1027 1307 1159)
3(1031 1176 1266)
3(669 1297 670)
3(991 1280 1302)
3(991 1152 1280)
3(983 1176 1031)
3(432 473 1185)
3(323 1146 67)
3(303 1147 48)
3(535 1029 1209)
3(1209 1029 1236)
3(991 1023 1302)
3(596 1209 535)
3(151 1066 1230)
3(839 151 1230)
3(839 1066 151)
3(300 1272 51)
3(300 51 1239)
3(1021 1155 1285)
3(1155 1082 1285)
3(1152 1081 1280)
3(311 1277 1160)
3(1012 1160 1277)
3(188 187 1281)
3(682 723 1187)
3(1033 1117 1272)
3(1033 1272 969)
3(61 1276 1044)
3(618 167 1070)
3(618 239 167)
3(503 976 598)
3(503 598 1162)
3(413 415 1099)
3(413 1256 415)
3(1040 1299 1134)
3(1040 1134 1140)
3(1113 1040 1158)
3(962 1289 1123)
3(1184 1123 1289)
3(776 777 1248)
3(1123 1102 1289)
3(962 1289 1102)
3(348 347 1157)
3(101 348 1157)
3(1138 364 1320)
3(1025 1138 1320)
3(918 1115 891)
3(623 891 1115)
3(918 891 623)
3(910 1116 890)
3(498 890 1116)
3(910 890 498)
3(221 222 1054)
3(221 1235 222)
3(169 170 1117)
3(973 1162 1247)
3(341 1181 88)
3(785 784 1111)
3(783 785 1111)
3(1009 1308 1105)
3(407 1105 1315)
3(476 1105 407)
3(476 407 1315)
3(781 848 1100)
3(562 979 509)
3(687 980 634)
3(831 813 1323)
3(1104 977 1311)
3(938 1173 886)
3(887 939 1172)
3(885 937 1171)
3(1220 1105 1245)
3(971 1245 1105)
3(971 1220 1245)
3(629 1083 211)
3(1054 1289 1169)
3(1237 1169 1289)
3(283 702 1221)
3(273 702 283)
3(273 283 1221)
3(980 1298 1219)
3(149 1069 770)
3(149 770 1295)
3(348 100 1157)
3(1139 1047 1182)
3(1138 1139 1182)
3(892 926 1122)
3(748 892 1122)
3(748 926 892)
3(1049 1155 1285)
3(1155 988 1285)
3(1049 1285 988)
3(993 1163 1297)
3(1022 1297 1163)
3(346 1298 1124)
3(454 1158 446)
3(1050 1152 1280)
3(1016 1105 1308)
3(1016 978 1105)
3(1105 978 1308)
3(786 785 1111)
3(385 1206 449)
3(1034 1186 1207)
3(753 848 1034)
3(1042 1090 1181)
3(1048 1266 1145)
3(1048 1210 1266)
3(1009 1258 1308)
3(72 1308 1258)
3(321 1231 69)
3(379 1250 472)
3(1105 1308 1318)
3(1308 1016 1318)
3(1105 1318 1016)
3(1162 976 1200)
3(1162 1200 1247)
3(559 1025 537)
3(559 1209 1025)
3(559 537 1209)
3(1019 1256 1257)
3(1256 470 1257)
3(800 1323 1205)
3(1065 1205 1323)
3(467 1013 1257)
3(467 1257 157)
3(1202 1056 1240)
3(858 1202 1240)
3(858 1240 1056)
3(159 1282 386)
3(158 386 1282)
3(745 1172 729)
3(604 620 1173)
3(479 495 1171)
3(1134 388 1211)
3(450 388 1134)
3(450 1211 388)
3(1016 1120 1168)
3(1285 1021 1326)
3(1155 1285 1326)
3(1048 1269 1313)
3(1048 1201 1269)
3(1105 1245 978)
3(221 767 1054)
3(1241 188 1281)
3(1090 1261 1265)
3(1090 1265 1077)
3(1261 1077 1265)
3(988 1021 1326)
3(988 1326 1285)
3(235 1106 376)
3(490 376 1106)
3(235 376 490)
3(651 1222 649)
3(651 649 1109)
3(1014 1286 984)
3(843 1232 156)
3(305 64 1229)
3(1170 1088 1281)
3(974 1281 1088)
3(1009 1308 1318)
3(543 1316 544)
3(542 544 1316)
3(1026 1244 1207)
3(317 1207 1244)
3(1113 1158 1299)
3(1158 960 1299)
3(1113 960 1158)
3(630 718 1189)
3(1123 325 1184)
3(1168 1036 1250)
3(978 1250 1036)
3(978 1168 1250)
3(420 436 1017)
3(420 1283 436)
3(810 791 1031)
3(876 1230 830)
3(1230 1174 1231)
3(1068 1230 1231)
3(780 781 1100)
3(857 1310 1165)
3(857 1165 1039)
3(1058 1101 1203)
3(780 1100 779)
3(121 1226 366)
3(358 1294 112)
3(219 633 1095)
3(633 707 1095)
3(722 695 1084)
3(732 202 1071)
3(732 1198 202)
3(607 183 1072)
3(607 1199 183)
3(347 120 1219)
3(120 348 1219)
3(1030 1283 1017)
3(1030 1194 1283)
3(497 1040 403)
3(489 403 1040)
3(993 1101 1203)
3(1056 1240 962)
3(1201 1145 1266)
3(94 1266 1145)
3(94 1201 1266)
3(368 63 1218)
3(63 367 1218)
3(1042 1265 341)
3(1042 1181 1265)
3(1181 341 1265)
3(751 232 1107)
3(751 1107 866)
3(751 866 232)
3(856 797 1010)
3(856 1238 797)
3(992 1133 1294)
3(1133 1029 1294)
3(97 1224 331)
3(1169 1005 1289)
3(1054 1005 1169)
3(84 1290 306)
3(850 811 1296)
3(850 1004 811)
3(811 1004 1296)
3(1156 1035 1275)
3(1021 1275 1035)
3(1021 1156 1275)
3(431 458 1021)
3(365 65 1291)
3(65 366 1291)
3(345 122 1292)
3(346 1292 122)
3(63 308 1285)
3(378 1009 473)
3(1051 1135 1164)
3(1137 1222 1301)
3(1137 1301 1037)
3(892 1122 922)
3(304 56 1270)
3(512 1129 173)
3(76 1118 310)
3(386 1030 1282)
3(159 1030 386)
3(437 485 981)
3(428 437 981)
3(1035 1275 1017)
3(1156 1017 1275)
3(302 74 1120)
3(858 1202 869)
3(858 869 1240)
3(76 304 1118)
3(995 1152 1280)
3(973 1162 1200)
3(461 442 1103)
3(877 904 1184)
3(85 904 877)
3(85 877 1184)
3(120 367 1280)
3(711 692 1101)
3(628 1008 723)
3(997 1155 1285)
3(778 871 1068)
3(778 1248 871)
3(658 1104 656)
3(1097 1059 1208)
3(990 1097 1208)
3(612 521 1115)
3(487 396 1116)
3(138 627 931)
3(138 887 627)
3(126 377 929)
3(126 885 377)
3(502 930 132)
3(502 132 886)
3(976 973 1162)
3(1042 1265 1090)
3(1042 1261 1265)
3(1040 1158 1299)
3(687 735 980)
3(687 980 678)
3(562 610 979)
3(553 562 979)
3(467 1282 1013)
3(467 158 1282)
3(297 1168 55)
3(1028 1143 1179)
3(369 1179 1143)
3(978 1016 1315)
3(1016 1168 1315)
3(978 1315 1168)
3(74 297 1120)
3(235 287 1106)
3(305 1290 84)
3(628 683 1008)
3(151 1211 1230)
3(151 1066 1211)
3(1211 1066 1230)
3(800 1323 801)
3(1205 801 1323)
3(1102 1289 1005)
3(1102 1005 1123)
3(839 764 1230)
3(764 151 1230)
3(477 1220 449)
3(477 449 1206)
3(391 477 1220)
3(459 441 1098)
3(775 1248 778)
3(699 1222 727)
3(699 641 1222)
3(838 1102 855)
3(169 168 1267)
3(217 1059 763)
3(217 763 1263)
3(932 144 752)
3(888 752 144)
3(529 557 1162)
3(538 540 1305)
3(540 539 1305)
3(1044 1195 1196)
3(1195 1130 1196)
3(1258 1016 1308)
3(299 1258 1308)
3(1015 1138 1182)
3(370 1182 1138)
3(770 826 1295)
3(970 1301 1137)
3(970 1137 1222)
3(800 799 1065)
3(1015 1305 1138)
3(994 1138 1305)
3(1016 1038 1325)
3(1194 1035 1275)
3(974 1178 1032)
3(1168 986 1250)
3(1036 1250 986)
3(1097 1022 1154)
3(1097 1154 1208)
3(914 891 1115)
3(906 890 1116)
3(408 407 1105)
3(408 1315 407)
3(1230 1006 1231)
3(1174 1006 1230)
3(1174 1231 1006)
3(1030 1160 1283)
3(1012 1283 1160)
3(1012 1030 1283)
3(357 52 1200)
3(970 1037 1137)
3(970 1301 1037)
3(678 1080 676)
3(551 553 1081)
3(435 1257 1012)
3(1256 1012 1257)
3(435 1256 1257)
3(988 1156 1326)
3(1021 1326 1156)
3(939 927 1172)
3(938 919 1173)
3(937 911 1171)
3(840 818 1269)
3(646 1122 737)
3(1023 1130 1195)
3(372 1195 1130)
3(718 684 1255)
3(1080 1298 1157)
3(1080 1157 1219)
3(1080 1219 1298)
3(500 1317 388)
3(1211 388 1317)
3(500 388 1211)
3(428 1082 426)
3(358 1262 1294)
3(1028 1316 1143)
3(1001 1143 1316)
3(1215 686 1297)
3(1022 1215 1297)
3(709 691 1097)
3(403 497 1317)
3(634 980 735)
3(610 509 979)
3(420 481 1017)
3(612 203 1071)
3(612 1115 203)
3(487 184 1072)
3(487 1116 184)
3(304 1270 310)
3(304 310 1118)
3(272 286 1151)
3(286 258 1151)
3(272 1151 258)
3(342 1188 1159)
3(1027 1159 1188)
3(423 422 1326)
3(422 421 1326)
3(423 1326 421)
3(1075 1078 1232)
3(1147 1114 1299)
3(303 1114 1147)
3(283 741 1221)
3(283 702 741)
3(741 702 1221)
3(150 1230 151)
3(150 151 1211)
3(232 865 1107)
3(1107 865 1314)
3(232 1107 1314)
3(297 54 1168)
3(1213 1132 1214)
3(992 1213 1214)
3(382 1035 1194)
3(382 161 1035)
3(382 1194 161)
3(468 1325 155)
3(348 1157 1219)
3(1157 1024 1219)
3(452 453 1268)
3(595 559 1025)
3(688 679 1094)
3(554 1093 563)
3(438 429 1092)
3(863 1128 829)
3(863 778 1128)
3(288 266 1314)
3(266 262 1314)
3(1024 990 1251)
3(347 1298 346)
3(1008 110 1213)
3(1213 110 1311)
3(561 543 1153)
3(545 561 1153)
3(232 285 1107)
3(209 1061 641)
3(689 737 1235)
3(689 1235 745)
3(870 1102 838)
3(870 838 1169)
3(1130 1023 1302)
3(991 1130 1302)
3(1080 1298 996)
3(1135 1014 1286)
3(984 1135 1286)
3(1014 1135 1216)
3(1135 350 1216)
3(376 491 1106)
3(235 491 376)
3(235 1106 491)
3(1045 968 1227)
3(1045 1227 1312)
3(1030 478 1194)
3(159 478 1030)
3(159 1194 478)
3(1101 1014 1163)
3(1101 1163 1203)
3(995 1152 1081)
3(997 1155 1082)
3(573 579 1088)
3(573 1204 579)
3(494 1148 480)
3(605 619 1149)
3(744 1150 730)
3(1113 1033 1272)
3(932 771 896)
3(932 1102 771)
3(932 896 1102)
3(891 915 1115)
3(918 1115 915)
3(890 907 1116)
3(910 1116 907)
3(1088 1076 1324)
3(963 1324 1076)
3(963 1088 1324)
3(358 54 1262)
3(148 1069 149)
3(148 393 1069)
3(1118 1013 1282)
3(1012 1118 1282)
3(284 1221 1077)
3(1161 1077 1221)
3(284 1161 1221)
3(284 1077 1161)
3(190 189 1057)
3(756 1058 216)
3(756 216 1263)
3(250 235 1268)
3(250 1268 281)
3(235 281 1268)
3(842 1296 158)
3(1236 1133 1294)
3(999 1294 1133)
3(1077 703 1221)
3(626 703 1077)
3(626 1221 703)
3(1119 1304 1001)
3(1119 1001 1167)
3(816 1079 796)
3(794 796 1079)
3(69 1140 70)
3(69 70 1174)
3(69 1174 1140)
3(1036 986 1131)
3(1131 986 1177)
3(1036 1131 1177)
3(394 168 1070)
3(394 1267 168)
3(166 889 897)
3(166 1254 889)
3(166 897 1254)
3(897 889 1254)
3(1119 1022 1304)
3(899 1240 1184)
3(1056 1184 1240)
3(69 301 1140)
3(349 1304 1163)
3(1022 1163 1304)
3(413 466 1099)
3(59 311 1160)
3(309 1160 311)
3(348 347 1219)
3(545 1316 544)
3(584 1223 515)
3(584 515 1089)
3(923 1122 892)
3(481 1275 420)
3(1055 1133 1294)
3(1055 1294 992)
3(865 1107 751)
3(865 751 232)
3(959 1109 1187)
3(633 220 1095)
3(61 313 1156)
3(313 312 1156)
3(550 565 1302)
3(550 1152 565)
3(990 1251 1157)
3(1024 1157 1251)
3(455 1211 1134)
3(455 1134 388)
3(455 388 1211)
3(933 1240 854)
3(933 854 752)
3(752 854 1240)
3(422 424 1326)
3(422 1275 424)
3(422 1326 1275)
3(1201 1048 1266)
3(1033 1306 1243)
3(949 1243 1306)
3(325 85 1184)
3(168 167 1070)
3(167 518 1070)
3(716 1286 663)
3(665 663 1286)
3(716 665 1286)
3(482 483 1310)
3(482 1310 395)
3(1088 1204 1324)
3(1204 1076 1324)
3(458 1303 1021)
3(1275 1021 1303)
3(458 1275 1303)
3(716 1096 663)
3(328 327 1175)
3(82 1175 327)
3(339 1213 1311)
3(1164 1051 1216)
3(1135 1164 1216)
3(166 874 1254)
3(589 1117 170)
3(455 1211 1317)
3(1211 1134 1317)
3(455 1317 1134)
3(437 384 981)
3(990 1095 1157)
3(990 1251 1095)
3(690 673 1251)
3(1113 1272 1306)
3(1113 1306 50)
3(1035 484 1303)
3(161 484 1035)
3(161 1303 484)
3(482 437 1310)
3(1108 1206 1239)
3(1108 1239 971)
3(218 1249 832)
3(387 1318 154)
3(387 154 1325)
3(387 1325 1318)
3(471 1325 434)
3(1137 1312 970)
3(1137 970 1253)
3(817 1112 792)
3(450 455 1134)
3(970 1037 1312)
3(1037 1137 1312)
3(657 655 1104)
3(272 286 1076)
3(272 1076 1151)
3(311 1277 59)
3(813 802 1323)
3(582 1223 515)
3(793 811 1004)
3(793 1238 811)
3(899 1240 903)
3(300 69 1140)
3(716 693 1096)
3(693 639 1096)
3(351 96 1203)
3(313 1276 61)
3(1102 1169 1289)
3(1027 1255 1307)
3(1255 684 1307)
3(1048 1210 983)
3(753 1034 808)
3(352 353 1208)
3(99 352 1208)
3(478 1283 1030)
3(478 1194 1283)
3(352 98 1208)
3(417 461 1103)
3(414 470 1256)
3(145 933 752)
3(888 145 752)
3(402 1108 403)
3(402 403 1317)
3(203 202 1071)
3(184 183 1072)
3(591 1305 538)
3(591 540 1305)
3(591 1086 538)
3(139 936 1172)
3(139 1172 887)
3(936 887 1172)
3(133 935 1173)
3(886 133 1173)
3(886 1173 935)
3(934 1171 127)
3(885 127 1171)
3(934 885 1171)
3(671 709 1097)
3(673 671 1097)
3(351 349 1203)
3(97 351 1203)
3(876 764 1230)
3(344 95 1135)
3(344 1145 95)
3(233 284 1221)
3(1068 1230 1006)
3(1068 1006 1231)
3(1047 982 1182)
3(1047 1182 1270)
3(1245 1105 1308)
3(862 768 1056)
3(1242 1104 1311)
3(664 1164 685)
3(666 685 1164)
3(1257 1012 1282)
3(435 1257 1282)
3(1168 1091 1250)
3(469 154 1318)
3(469 1284 154)
3(469 1318 1284)
3(327 1175 1274)
3(328 327 1274)
3(472 1250 445)
3(472 445 1315)
3(271 272 1076)
3(1076 272 1288)
3(271 1288 272)
3(401 1108 404)
3(404 1108 1185)
3(747 653 1261)
3(747 1293 653)
3(231 272 1271)
3(231 1271 295)
3(272 295 1271)
3(546 548 1302)
3(548 547 1302)
3(1055 1159 1255)
3(1159 1011 1255)
3(689 642 1094)
3(689 1235 642)
3(689 1094 1235)
3(475 1012 1283)
3(475 1283 416)
3(173 474 1250)
3(173 1129 474)
3(654 651 1109)
3(654 1109 1187)
3(814 767 1169)
3(813 814 1169)
3(791 1296 810)
3(601 1234 530)
3(601 530 1136)
3(601 1136 1234)
3(407 405 1105)
3(532 1136 531)
3(532 533 1136)
3(512 1131 1209)
3(1131 1036 1209)
3(327 1175 83)
3(327 326 1175)
3(382 1035 1275)
3(382 1275 1194)
3(923 922 1122)
3(923 1191 922)
3(941 917 1319)
3(164 1165 1310)
3(384 164 1310)
3(384 1165 164)
3(1201 1007 1269)
3(1111 1201 1269)
3(354 1161 105)
3(354 227 1161)
3(354 105 227)
3(227 105 1161)
3(933 902 854)
3(854 902 1240)
3(933 1240 902)
3(586 542 1316)
3(586 1085 542)
3(942 901 1321)
3(943 909 1322)
3(1245 978 1308)
3(1147 253 1246)
3(1118 1257 1282)
3(1257 1013 1282)
3(288 266 1121)
3(1121 266 1314)
3(1242 977 1311)
3(814 1169 861)
3(814 870 1169)
3(649 727 1222)
3(1244 1038 1258)
3(73 1244 1258)
3(1114 1299 960)
3(1053 1119 1304)
3(809 1232 765)
3(337 1159 93)
3(337 342 1159)
3(770 148 1069)
3(1114 1268 954)
3(958 1140 1211)
3(1140 1174 1211)
3(932 771 143)
3(896 143 771)
3(1221 703 1261)
3(702 1261 703)
3(702 703 1221)
3(337 1225 93)
3(924 884 1123)
3(778 830 1068)
3(586 544 1316)
3(974 1178 1241)
3(767 1169 861)
3(729 140 926)
3(936 140 729)
3(128 910 479)
3(128 479 934)
3(134 918 604)
3(134 604 935)
3(352 353 1154)
3(915 914 1115)
3(915 1192 914)
3(915 1115 1192)
3(907 906 1116)
3(907 1193 906)
3(907 1116 1193)
3(57 1047 1270)
3(57 1270 56)
3(306 1321 1127)
3(1290 1127 1321)
3(826 830 1068)
3(872 1068 830)
3(839 152 1066)
3(464 1066 152)
3(1109 1222 1253)
3(1109 1253 972)
3(1222 972 1253)
3(60 1276 1044)
3(60 61 1276)
3(584 546 1302)
3(584 1089 546)
3(373 118 1130)
3(373 1167 118)
3(345 1319 1126)
3(1292 1126 1319)
3(576 575 1243)
3(1195 1049 1285)
3(988 1049 1195)
3(365 1322 1125)
3(1291 1125 1322)
3(513 1117 589)
3(351 349 1163)
3(558 598 976)
3(1161 1265 1287)
3(343 1161 1287)
3(560 539 1139)
3(541 560 1139)
3(540 541 1305)
3(458 1303 431)
3(1021 431 1303)
3(173 1250 379)
3(394 167 1070)
3(970 1301 1312)
3(1037 1312 1301)
3(404 402 1108)
3(401 1108 402)
3(654 652 1109)
3(652 651 1109)
3(775 777 1248)
3(525 1278 527)
3(525 527 1110)
3(230 1147 256)
3(230 255 1147)
3(703 1261 1077)
3(1221 1077 1261)
3(743 237 1142)
3(273 1142 237)
3(273 237 743)
3(1066 1174 1230)
3(58 1277 1046)
3(58 59 1277)
3(402 1108 400)
3(104 1319 345)
3(104 1191 1319)
3(440 1326 425)
3(440 425 1155)
3(692 1286 667)
3(692 667 1101)
3(1212 1031 1296)
3(1001 1167 1223)
3(1167 1119 1223)
3(265 867 1141)
3(238 1141 867)
3(238 265 1141)
3(238 867 265)
3(373 372 1130)
3(665 664 1286)
3(982 1046 1182)
3(1182 1046 1277)
3(166 889 12)
3(166 12 897)
3(1188 1159 1255)
3(1055 1188 1255)
3(996 1094 1298)
3(397 1267 446)
3(397 446 1158)
3(1158 446 1267)
3(696 704 1090)
3(189 574 1057)
3(189 1241 574)
3(1053 1163 1215)
3(1014 1215 1163)
3(1077 1287 1265)
3(1077 1265 964)
3(989 1044 1179)
3(1179 1044 1276)
3(365 123 1322)
3(123 1192 1322)
3(306 66 1321)
3(66 1193 1321)
3(584 548 1302)
3(862 1056 858)
3(862 858 1240)
3(527 526 1110)
3(230 256 1114)
3(294 230 1114)
3(294 1114 256)
3(215 1210 214)
3(712 214 1210)
3(214 837 1210)
3(932 855 771)
3(771 855 1102)
3(89 88 1312)
3(277 447 39)
3(243 39 447)
3(278 697 27)
3(240 27 697)
3(33 279 572)
3(33 572 241)
3(870 771 1102)
3(1084 1011 1159)
3(1084 1159 1225)
3(540 542 1305)
3(1182 982 1183)
3(1182 1047 1183)
3(549 548 1302)
3(548 550 1302)
3(546 1316 544)
3(650 1293 652)
3(650 652 1109)
3(342 1159 112)
3(1077 1161 1265)
3(1077 1287 1161)
3(534 1236 597)
3(534 597 1133)
3(472 409 1091)
3(472 1315 409)
3(435 1282 475)
3(571 579 1088)
3(902 854 146)
3(933 146 854)
3(185 890 13)
3(185 13 905)
3(204 891 14)
3(204 14 913)
3(892 15 223)
3(223 15 921)
3(356 1294 358)
3(356 358 1262)
3(212 629 1313)
3(212 1083 629)
3(629 1083 1313)
3(1141 265 1314)
3(867 1314 265)
3(218 217 1059)
3(388 150 1211)
3(342 1188 112)
3(583 547 1196)
3(549 583 1196)
3(272 1271 1288)
3(231 272 1288)
3(231 1288 1271)
3(595 559 1209)
3(1031 1013 1212)
3(1212 1013 1296)
3(1132 1008 1213)
3(433 1016 471)
3(408 471 1016)
3(433 408 1016)
3(275 269 1142)
3(275 1288 269)
3(667 1286 665)
3(666 665 1286)
3(1049 62 1285)
3(63 1285 62)
3(927 936 1172)
3(935 1173 919)
3(911 934 1171)
3(455 1317 388)
3(455 500 1317)
3(970 1222 1253)
3(1227 1128 1260)
3(955 1260 1128)
3(276 827 21)
3(242 21 827)
3(846 783 1026)
3(120 1280 119)
3(1227 968 1260)
3(267 261 1141)
3(267 1287 261)
3(1237 1175 1274)
3(327 1237 1274)
3(327 1175 1237)
3(464 1211 151)
3(464 151 1066)
3(1048 1201 1007)
3(1100 975 1186)
3(1179 989 1180)
3(48 1271 363)
3(48 1246 1271)
3(830 1230 1295)
3(830 1295 1068)
3(1230 1068 1295)
3(564 563 1093)
3(689 688 1094)
3(439 438 1092)
3(998 1274 1237)
3(998 1175 1274)
3(998 1237 1175)
3(402 1185 404)
3(1109 1187 1253)
3(652 1187 654)
3(114 1138 364)
3(114 364 1320)
3(705 746 1293)
3(1179 1046 1180)
3(364 370 1138)
3(731 1233 672)
3(703 701 1261)
3(1041 1220 971)
3(415 414 1256)
3(850 766 1296)
3(766 811 1296)
3(423 424 1326)
3(150 1230 764)
3(536 1236 535)
3(320 89 1259)
3(621 1278 580)
3(867 822 1314)
3(769 1314 822)
3(449 399 1206)
3(483 1064 430)
3(437 430 1064)
3(608 1063 555)
3(562 555 1063)
3(680 733 1062)
3(687 680 1062)
3(1089 1167 1223)
3(132 605 930)
3(138 730 931)
3(126 480 929)
3(471 1016 1318)
3(1318 1016 1325)
3(471 1318 1325)
3(406 407 1105)
3(408 406 1105)
3(344 350 1135)
3(1213 1055 1294)
3(992 1055 1213)
3(591 568 1086)
3(830 1230 825)
3(830 825 1295)
3(1146 245 1264)
3(898 1254 889)
3(215 1058 216)
3(635 699 1301)
3(635 1222 699)
3(788 841 1176)
3(975 1087 1252)
3(1087 1074 1252)
3(988 1195 1197)
3(1195 1044 1197)
3(1051 113 1320)
3(114 1320 113)
3(830 1295 826)
3(703 1077 698)
3(626 698 1077)
3(900 881 1127)
3(908 883 1125)
3(916 882 1126)
3(379 474 1250)
3(899 1184 877)
3(91 1207 317)
3(91 317 1252)
3(801 802 1323)
3(800 1323 802)
3(558 503 976)
3(698 703 1261)
3(1022 1154 1233)
3(494 430 1064)
3(430 463 1064)
3(744 680 1062)
3(680 713 1062)
3(619 555 1063)
3(588 1063 555)
3(657 1104 656)
3(283 30 702)
3(702 30 273)
3(280 36 577)
3(577 36 257)
3(259 1246 1147)
3(259 253 1246)
3(259 1147 253)
3(648 696 1090)
3(857 164 1165)
3(857 1310 164)
3(1222 1137 1253)
3(972 1137 1222)
3(371 369 1143)
3(1091 1168 1016)
3(1087 1207 1252)
3(230 1147 1114)
3(280 1151 258)
3(223 748 892)
3(223 1122 748)
3(228 248 1121)
3(292 228 1121)
3(292 1121 248)
3(536 597 1236)
3(589 1162 598)
3(557 598 1162)
3(1030 1283 386)
3(1030 1282 1283)
3(1282 386 1283)
3(1012 1118 1257)
3(73 317 1244)
3(841 790 1176)
3(525 1110 526)
3(823 1128 828)
3(823 828 1107)
3(1055 111 1294)
3(112 1294 111)
3(401 400 1108)
3(650 1109 651)
3(143 932 855)
3(677 1080 676)
3(551 552 1081)
3(692 1286 665)
3(228 1146 248)
3(228 247 1146)
3(162 1166 859)
3(1084 1159 1307)
3(1084 1000 1159)
3(469 387 1318)
3(426 427 1082)
3(1035 484 1275)
3(1035 1275 1303)
3(1275 484 1303)
3(999 1051 1188)
3(1188 1051 1320)
3(204 623 891)
3(204 1115 623)
3(890 185 498)
3(498 185 1116)
3(341 1300 1265)
3(1042 1265 1300)
3(484 382 1035)
3(484 1275 382)
3(1106 1114 1299)
3(1166 1228 1303)
3(586 567 1085)
3(233 274 1221)
3(274 284 1221)
3(584 566 1089)
3(1088 1324 1043)
3(1088 1170 1324)
3(316 1207 317)
3(856 853 1238)
3(250 1268 1106)
3(1114 1106 1268)
3(250 1106 1114)
3(802 801 1205)
3(803 1205 801)
3(198 1223 632)
3(198 632 1119)
3(391 1220 476)
3(970 1312 1045)
3(1181 1045 1312)
3(902 1240 903)
3(386 478 1030)
3(964 1090 1265)
3(994 1216 1217)
3(1216 1051 1217)
3(467 1282 1257)
3(593 559 1209)
3(283 741 233)
3(233 741 1221)
3(283 233 1221)
3(416 414 1256)
3(423 425 1326)
3(601 1234 602)
3(948 1123 334)
3(334 1123 1184)
3(948 334 1184)
3(1043 1204 949)
3(1043 949 1324)
3(1043 1324 1204)
3(949 1204 1324)
3(305 1229 306)
3(305 306 1290)
3(301 1299 49)
3(301 49 1113)
3(548 565 1302)
3(212 715 1313)
3(715 629 1313)
3(329 1190 332)
3(98 332 1190)
3(567 1305 542)
3(567 542 1085)
3(1091 1315 1168)
3(1250 1168 1315)
3(951 1235 1094)
3(929 488 893)
3(929 1148 488)
3(929 893 1148)
3(894 930 613)
3(613 930 1149)
3(894 1149 930)
3(931 738 895)
3(931 1150 738)
3(931 895 1150)
3(743 186 1142)
3(237 186 743)
3(365 366 1226)
3(365 1291 366)
3(205 1141 867)
3(205 867 238)
3(1108 1185 1239)
3(291 272 1271)
3(258 1271 272)
3(386 478 1283)
3(464 388 1211)
3(269 237 1142)
3(378 1009 1318)
3(473 378 1318)
3(329 1273 332)
3(889 166 874)
3(1215 1053 1304)
3(1163 1215 1304)
3(153 1284 154)
3(153 469 1284)
3(394 397 1267)
3(394 1267 446)
3(546 566 1316)
3(546 1089 566)
3(1076 272 1271)
3(379 445 1250)
3(1071 1093 1226)
3(322 1201 93)
3(952 1071 1093)
3(613 131 930)
3(613 894 131)
3(137 931 738)
3(137 738 895)
3(125 929 488)
3(125 488 893)
3(1016 1318 1258)
3(1308 1258 1318)
3(1072 1092 1229)
3(953 1072 1092)
3(1038 1258 1284)
3(1211 1140 1317)
3(1134 1140 1211)
3(1134 1317 1140)
3(1079 1003 1190)
3(960 1158 1267)
3(226 1246 2)
3(259 2 1246)
3(226 259 1246)
3(265 262 1141)
3(265 1314 262)
3(261 238 1141)
3(534 1236 536)
3(224 1121 335)
3(86 335 1121)
3(224 335 86)
3(224 86 1121)
3(219 832 1249)
3(739 1261 747)
3(821 829 1128)
3(821 1260 829)
3(821 1128 1260)
3(1020 1232 1075)
3(1068 1295 1006)
3(1231 1068 1295)
3(30 741 283)
3(36 616 280)
3(1052 1223 1167)
3(303 67 1114)
3(1114 67 1264)
3(299 73 1258)
3(975 1087 1207)
3(96 331 1224)
3(530 1136 532)
3(898 897 1254)
3(1101 1163 1297)
3(1101 993 1163)
3(954 1106 1114)
3(975 1207 1100)
3(1186 1100 1207)
3(715 213 1313)
3(715 1313 639)
3(513 170 1117)
3(230 2 1147)
3(259 1147 2)
3(259 230 1147)
3(270 269 1142)
3(1095 1279 990)
3(855 932 144)
3(228 1146 1121)
3(250 235 1106)
3(1106 235 1268)
3(1137 1259 1312)
3(1259 89 1312)
3(1090 1181 1265)
3(229 264 1161)
3(229 1161 293)
3(264 293 1161)
3(615 34 234)
3(615 279 34)
3(40 235 490)
3(277 40 490)
3(145 933 854)
3(387 155 1325)
3(999 1188 1189)
3(1188 1055 1189)
3(262 261 1141)
3(1086 1138 1320)
3(559 535 1209)
3(200 1309 582)
3(337 92 1225)
3(488 1148 483)
3(608 613 1149)
3(738 1150 733)
3(349 351 1304)
3(116 349 1304)
3(349 117 1304)
3(433 1318 471)
3(433 1016 1318)
3(866 22 232)
3(866 276 22)
3(740 28 233)
3(740 278 28)
3(153 1284 844)
3(920 123 11)
3(11 123 882)
3(912 66 8)
3(8 66 883)
3(104 10 928)
3(884 10 104)
3(904 85 9)
3(9 85 881)
3(929 480 488)
3(488 480 1148)
3(605 613 930)
3(605 1149 613)
3(931 730 738)
3(738 730 1150)
3(713 627 1172)
3(502 1173 588)
3(377 1171 463)
3(334 1123 884)
3(334 104 1123)
3(334 884 104)
3(101 1274 327)
3(101 327 1237)
3(635 208 1301)
3(1011 1159 1307)
3(483 494 1064)
3(483 1148 494)
3(619 1063 608)
3(619 608 1149)
3(733 744 1062)
3(733 1150 744)
3(865 823 1107)
3(865 1314 823)
3(1017 1098 1156)
3(1156 1098 1275)
3(237 270 1142)
3(1043 1243 949)
3(94 1266 95)
3(94 95 1145)
3(1098 1156 1276)
3(52 360 1200)
3(877 1184 944)
3(877 948 1184)
3(131 930 605)
3(730 137 931)
3(480 125 929)
3(527 528 1278)
3(445 407 1315)
3(39 277 490)
3(27 278 740)
3(615 33 279)
3(825 1230 764)
3(740 1077 698)
3(290 256 1114)
3(256 250 1114)
3(262 1141 238)
3(1211 1174 1230)
3(374 1271 1288)
3(363 1271 374)
3(363 374 1288)
3(89 1312 319)
3(89 319 1259)
3(411 409 1091)
3(1012 1103 1160)
3(231 271 1288)
3(1043 1306 1324)
3(949 1306 1043)
3(517 1071 203)
3(392 1072 184)
3(266 232 1314)
3(282 266 1314)
3(1052 1154 1233)
3(361 1306 1324)
3(1098 1326 1156)
3(1275 1156 1326)
3(1098 1275 1326)
3(1006 1140 1211)
3(288 248 1121)
3(266 1121 248)
3(646 140 926)
3(910 396 128)
3(134 918 521)
3(884 948 1123)
3(334 948 884)
3(493 452 1268)
3(51 50 1272)
3(423 440 1326)
3(1014 1163 1297)
3(1282 1012 1283)
3(475 1282 1283)
3(198 1223 199)
3(276 866 21)
3(1103 1160 1277)
3(1243 1043 1306)
3(217 835 1263)
3(624 130 894)
3(624 905 130)
3(499 124 893)
3(499 897 124)
3(136 895 749)
3(136 749 913)
3(355 882 1319)
3(945 355 1319)
3(945 882 355)
3(945 1319 882)
3(881 1321 314)
3(946 314 1321)
3(881 314 946)
3(881 946 1321)
3(883 375 947)
3(883 1322 375)
3(947 375 1322)
3(883 947 1322)
3(1045 1301 1312)
3(1084 1083 1225)
3(1000 1084 1225)
3(162 486 1303)
3(653 1293 652)
3(729 1172 139)
3(729 139 936)
3(133 604 1173)
3(133 935 604)
3(479 1171 127)
3(479 127 934)
3(889 12 874)
3(603 511 1180)
3(603 1153 511)
3(151 388 1211)
3(208 207 1301)
3(873 142 896)
3(873 921 142)
3(991 1223 1167)
3(991 1052 1223)
3(423 459 1326)
3(567 1305 540)
3(378 1284 1318)
3(1284 1009 1318)
3(436 478 1194)
3(436 1283 478)
3(872 1068 778)
3(811 795 1238)
3(231 1271 374)
3(295 374 1271)
3(231 374 295)
3(699 649 1222)
3(984 1096 1135)
3(987 1205 1274)
3(1065 1274 1205)
3(1065 987 1274)
3(897 499 166)
3(166 499 1254)
3(994 1086 1138)
3(544 566 1316)
3(305 1229 65)
3(847 786 1111)
3(847 1269 786)
3(280 616 234)
3(234 616 1151)
3(280 234 1151)
3(85 9 877)
3(366 1226 122)
3(49 50 1113)
3(49 1306 50)
3(689 1094 679)
3(713 679 1094)
3(564 1093 554)
3(588 554 1093)
3(429 439 1092)
3(429 1092 463)
3(1016 1318 1038)
3(1258 1038 1318)
3(491 235 41)
3(491 41 281)
3(491 281 235)
3(234 35 616)
3(616 35 280)
3(453 1106 491)
3(453 491 1268)
3(491 1106 1268)
3(251 1264 1146)
3(251 1146 245)
3(251 245 1264)
3(1009 1258 1318)
3(723 654 1187)
3(519 522 1281)
3(571 1281 522)
3(510 189 1241)
3(823 1128 863)
3(622 576 1243)
3(578 622 1243)
3(881 314 1127)
3(85 314 881)
3(85 1127 314)
3(883 375 1125)
3(883 66 375)
3(375 66 1125)
3(355 1126 882)
3(355 882 123)
3(355 123 1126)
3(473 404 1185)
3(147 874 902)
3(147 889 874)
3(228 0 1146)
3(251 1146 0)
3(251 228 1146)
3(48 259 1246)
3(48 1147 259)
3(835 216 1263)
3(303 301 1299)
3(884 925 1123)
3(23 865 232)
3(23 282 865)
3(229 264 1287)
3(229 1287 1161)
3(264 1161 1287)
3(804 814 1169)
3(741 233 29)
3(741 29 283)
3(963 1088 1170)
3(135 623 918)
3(135 891 623)
3(498 910 129)
3(498 129 890)
3(141 748 926)
3(892 748 141)
3(988 1098 1156)
3(902 862 854)
3(854 862 1240)
3(376 1106 448)
3(498 890 13)
3(14 623 891)
3(748 892 15)
3(812 1202 858)
3(812 857 1202)
3(341 1265 87)
3(341 87 1181)
3(870 1102 855)
3(2 1147 48)
3(230 48 1147)
3(2 48 230)
3(201 202 1198)
3(182 183 1199)
3(972 1061 1137)
3(354 229 1161)
3(354 1161 293)
3(354 293 229)
3(571 523 1088)
3(2 48 1246)
3(226 48 2)
3(226 1246 48)
3(632 708 1233)
3(317 92 1252)
3(965 1064 1127)
3(965 1127 1148)
3(966 1063 1125)
3(966 1125 1149)
3(967 1062 1126)
3(967 1126 1150)
3(582 1309 199)
3(582 199 1223)
3(404 432 1185)
3(402 1185 432)
3(1274 1237 1323)
3(998 1274 1323)
3(382 481 1194)
3(382 1275 481)
3(1077 950 1261)
3(1077 1265 950)
3(1261 950 1265)
3(229 263 1287)
3(139 1172 627)
3(139 627 887)
3(502 133 1173)
3(886 133 502)
3(377 127 1171)
3(377 885 127)
3(152 151 1066)
3(673 675 1251)
3(507 1197 609)
3(507 609 1196)
3(195 196 1217)
3(266 1314 1107)
3(1121 1107 1314)
3(266 1107 1121)
3(475 1283 418)
3(1064 1127 1290)
3(1064 1290 965)
3(828 751 1107)
3(682 1187 654)
3(731 728 1119)
3(728 686 1119)
3(1063 1125 1291)
3(1062 1126 1292)
3(823 829 1128)
3(294 315 1114)
3(315 230 1114)
3(294 230 315)
3(722 659 1084)
3(940 924 1123)
3(940 1102 924)
3(924 1102 1123)
3(233 741 626)
3(626 741 1221)
3(89 1137 338)
3(89 338 1253)
3(814 838 1169)
3(250 287 1106)
3(878 1191 10)
3(928 10 1191)
3(878 928 1191)
3(2 48 259)
3(755 157 1144)
3(292 335 1121)
3(335 228 1121)
3(292 228 335)
3(68 1231 321)
3(1143 1028 1153)
3(786 1111 784)
3(11 880 1192)
3(920 11 1192)
3(920 1192 880)
3(8 879 1193)
3(912 8 1193)
3(912 1193 879)
3(843 809 1232)
3(451 450 1134)
3(343 354 1161)
3(592 505 1183)
3(592 1139 505)
3(175 1131 174)
3(422 481 1275)
3(646 926 141)
3(910 129 396)
3(135 521 918)
3(781 779 1100)
3(346 102 1124)
3(346 1298 102)
3(191 192 1214)
3(67 1146 251)
3(67 251 1264)
3(949 1324 1076)
3(949 1076 1271)
3(198 1119 728)
3(197 728 1119)
3(903 1240 933)
3(859 1166 875)
3(1006 1174 1211)
3(1006 1140 1174)
3(823 1107 751)
3(207 635 1301)
3(1118 1256 1257)
3(1019 1256 1118)
3(193 194 1189)
3(324 95 1266)
3(336 91 1311)
3(336 1242 91)
3(91 1242 1311)
3(409 1315 407)
3(1138 1015 1139)
3(296 53 1308)
3(296 1245 53)
3(53 1245 1308)
3(54 356 1262)
3(62 1285 308)
3(991 1167 1089)
3(991 1089 1130)
3(339 110 1311)
3(339 1213 110)
3(1255 1159 1307)
3(343 341 1265)
3(482 164 1310)
3(384 482 1310)
3(739 703 1261)
3(57 304 1270)
3(146 902 862)
3(232 266 1107)
3(266 285 1107)
3(88 1181 1227)
3(1227 1181 1312)
3(119 1280 367)
3(176 177 1183)
3(622 580 1278)
3(622 1243 580)
3(580 1243 1278)
3(622 1278 1243)
3(937 900 1127)
3(937 1148 900)
3(1127 900 1148)
3(938 908 1125)
3(938 1149 908)
3(1125 908 1149)
3(916 1126 939)
3(916 939 1150)
3(916 1150 1126)
3(1018 1323 1274)
3(222 737 1122)
3(222 1235 737)
3(222 1122 1235)
3(254 1246 259)
3(1080 1024 1157)
3(231 1288 374)
3(376 453 1106)
3(294 225 1114)
3(315 1114 225)
3(315 225 294)
3(336 339 1311)
3(339 91 1311)
3(142 896 771)
3(296 299 1308)
3(299 53 1308)
3(614 573 1204)
3(614 1204 579)
3(24 282 1314)
3(24 1314 865)
3(24 865 282)
3(409 445 1315)
3(455 497 1134)
3(455 1317 497)
3(225 1264 315)
3(225 67 1264)
3(67 315 1264)
3(225 315 67)
3(225 1114 290)
3(294 290 1114)
3(224 1121 292)
3(224 292 335)
3(459 421 1098)
3(1215 1163 1297)
3(223 737 1122)
3(630 1217 717)
3(630 717 1164)
3(711 667 1101)
3(0 1146 67)
3(228 67 1146)
3(0 67 228)
3(1076 949 1204)
3(760 164 1165)
3(860 801 1205)
3(292 288 1121)
3(1175 1205 1274)
3(380 156 1144)
3(675 690 1251)
3(48 1271 374)
3(354 1161 1287)
3(354 1287 343)
3(72 299 1308)
3(512 1131 593)
3(512 593 1209)
3(358 111 1294)
3(478 1194 481)
3(516 1234 601)
3(597 1133 570)
3(178 179 1180)
3(632 728 1119)
3(773 821 1260)
3(854 1240 869)
3(87 321 1227)
3(897 499 12)
3(382 1194 160)
3(858 1202 805)
3(376 40 235)
3(234 501 34)
3(147 862 902)
3(478 160 1194)
3(107 1170 106)
3(107 106 1300)
3(72 299 1258)
3(99 98 1190)
3(99 1208 98)
3(764 830 1230)
3(204 612 1115)
3(185 487 1116)
3(281 1268 42)
3(491 42 1268)
3(281 42 491)
3(281 491 1268)
3(225 1264 1114)
3(315 1114 1264)
3(729 713 1172)
3(745 1172 713)
3(588 1173 604)
3(588 620 1173)
3(479 463 1171)
3(463 495 1171)
3(180 181 1197)
3(232 751 22)
3(1274 1065 1323)
3(949 1076 1151)
3(949 1151 1271)
3(1151 1076 1271)
3(887 927 1172)
3(919 1173 886)
3(885 911 1171)
3(86 229 1287)
3(354 1287 229)
3(354 86 1287)
3(354 229 86)
3(231 1288 105)
3(374 105 1288)
3(231 105 374)
3(233 626 28)
3(13 905 624)
3(14 913 749)
3(88 87 1227)
3(88 1181 87)
3(1130 1023 1196)
3(380 157 1257)
3(380 1144 157)
3(153 152 1284)
3(153 1284 378)
3(790 788 1176)
3(998 1205 1274)
3(925 924 1123)
3(923 1191 928)
3(148 236 4)
3(148 4 244)
3(250 249 1268)
3(130 894 613)
3(895 738 136)
3(124 893 488)
3(313 60 1276)
3(173 1129 172)
3(921 873 15)
3(920 915 1192)
3(912 907 1193)
3(811 1238 856)
3(1 1287 229)
3(267 229 1287)
3(1 267 1287)
3(231 3 1288)
3(231 1288 275)
3(3 275 1288)
3(847 1269 818)
3(826 825 1295)
3(1 86 229)
3(1 1287 86)
3(231 3 105)
3(105 3 1288)
3(529 1162 598)
3(311 58 1277)
3(259 1147 255)
3(10 104 1191)
3(878 104 10)
3(878 1191 104)
3(251 1146 247)
3(1159 1255 1027)
3(167 239 7)
3(167 7 252)
3(186 237 5)
3(186 5 268)
3(205 238 6)
3(205 6 260)
3(24 265 1314)
3(282 1314 265)
3(123 1192 11)
3(123 11 880)
3(123 880 1192)
3(66 1193 8)
3(66 8 879)
3(66 879 1193)
3(234 258 1151)
3(106 361 1324)
3(106 1170 361)
3(1077 950 1221)
3(847 840 1269)
3(251 67 0)
3(686 1215 728)
3(1119 728 1215)
3(642 737 1235)
3(225 19 315)
3(315 19 294)
3(251 0 1264)
3(0 225 1264)
3(251 1264 225)
3(315 1114 1147)
3(315 303 1114)
3(315 1147 303)
3(341 1300 343)
3(581 1152 565)
3(456 1155 440)
3(335 1121 1146)
3(323 1121 335)
3(323 335 1146)
3(153 753 1284)
3(896 940 1102)
3(42 249 1268)
3(281 1268 249)
3(315 1147 230)
3(315 230 48)
3(315 48 1147)
3(228 335 1146)
3(335 67 1146)
3(228 67 335)
3(234 616 501)
3(501 616 1151)
3(334 1123 325)
3(334 325 1184)
3(1119 1304 1215)
3(227 293 1161)
3(293 289 1161)
3(164 163 1165)
3(452 249 1268)
3(42 452 1268)
3(42 249 452)
3(1205 1274 1323)
3(324 94 1266)
3(668 1297 686)
3(668 670 1297)
3(162 875 1166)
3(162 1166 161)
3(731 708 1233)
3(435 414 1256)
3(334 1184 877)
3(334 877 948)
3(41 376 235)
3(501 234 35)
3(200 1309 199)
3(97 1203 96)
3(97 96 1224)
3(1238 1067 1273)
3(1010 1238 1273)
3(1010 1273 1067)
3(950 1077 1161)
3(1014 1135 1164)
3(718 1189 637)
3(718 193 1189)
3(232 23 751)
3(274 283 1221)
3(219 1249 218)
3(865 1314 822)
3(233 29 626)
3(164 165 1310)
3(612 623 1115)
3(487 498 1116)
3(225 1264 290)
3(217 1263 216)
3(634 201 1198)
3(509 182 1199)
3(418 1283 436)
3(446 1158 398)
3(822 1314 24)
3(822 265 1314)
3(822 24 265)
3(222 642 1235)
3(737 748 1122)
3(361 1306 363)
3(361 363 1324)
3(397 168 1267)
3(668 1215 686)
3(609 180 1197)
3(67 0 1264)
3(901 900 1127)
3(909 908 1125)
3(917 916 1126)
3(471 1318 387)
3(471 387 1325)
3(718 1255 637)
3(67 0 225)
3(772 1260 821)
3(769 821 1260)
3(1258 1284 1318)
3(79 329 1273)
3(79 1273 332)
3(627 729 1172)
3(502 604 1173)
3(479 1171 377)
3(592 1183 177)
3(179 603 1180)
3(609 1197 181)
3(355 1319 345)
3(355 104 1319)
3(592 176 1183)
3(850 1296 810)
3(365 375 1322)
3(375 123 1322)
3(306 314 1321)
3(314 66 1321)
3(113 1320 364)
3(603 178 1180)
3(770 1295 825)
3(937 1148 893)
3(938 1149 894)
3(895 939 1150)
3(515 199 1223)
3(175 593 1131)
3(805 1202 812)
3(669 668 1297)
3(669 1297 667)
3(653 705 1293)
3(187 1281 522)
3(188 522 1281)
3(661 660 1307)
3(661 1307 659)
3(327 102 1237)
3(326 327 1237)
3(458 422 1275)
3(528 580 1278)
3(622 528 1278)
3(226 291 1246)
3(226 1246 254)
3(49 361 1306)
3(354 227 293)
3(334 85 877)
3(334 1184 85)
3(341 1300 106)
3(802 831 1323)
3(458 1275 484)
3(458 484 1303)
3(858 854 1240)
3(593 174 1131)
3(251 246 1264)
3(634 1198 202)
3(183 509 1199)
3(315 67 1114)
3(226 291 1271)
3(226 1271 1246)
3(496 403 1317)
3(402 496 1317)
3(382 478 1194)
3(684 660 1307)
3(662 1307 660)
3(59 1179 369)
3(57 1182 370)
3(315 230 2)
3(483 1148 480)
3(605 608 1149)
3(730 733 1150)
3(795 856 1238)
3(435 1256 470)
3(435 470 1257)
3(433 378 1318)
3(378 1284 469)
3(378 469 1318)
3(188 1241 189)
3(1022 1304 1215)
3(458 1275 382)
3(1022 1163 1215)
3(708 672 1233)
3(451 1134 455)
3(455 496 1317)
3(196 717 1217)
3(263 267 1287)
3(275 1288 271)
3(163 760 1165)
3(249 493 452)
3(717 195 1217)
3(192 719 1214)
3(742 240 27)
3(243 39 492)
3(33 617 241)
3(45 334 948)
3(884 334 45)
3(734 1309 200)
3(47 883 375)
3(947 47 375)
3(229 354 17)
3(17 354 293)
3(213 212 1313)
3(576 580 1243)
3(594 1129 173)
3(242 21 868)
3(16 335 224)
3(16 292 335)
3(471 1318 469)
3(684 660 1255)
3(386 436 1283)
3(867 822 265)
3(355 1126 1319)
3(1126 882 1319)
3(372 61 1195)
3(314 1127 1321)
3(881 1321 1127)
3(375 1125 1322)
3(883 1322 1125)
3(3 374 231)
3(1 354 229)
3(883 8 375)
3(334 884 10)
3(314 881 9)
3(11 355 882)
3(616 578 1151)
3(246 225 1264)
3(191 1214 719)
3(322 1201 94)
3(365 1125 375)
3(355 345 1126)
3(314 306 1127)
3(335 228 0)
3(452 1268 491)
3(594 172 1129)
3(503 594 1129)
3(226 1271 295)
3(226 295 374)
3(226 374 1271)
3(561 1153 511)
3(265 1314 266)
3(350 114 1216)
3(25 238 867)
3(25 867 265)
3(43 236 493)
3(43 493 249)
3(618 37 239)
3(618 257 37)
3(743 31 237)
3(743 273 31)
3(315 0 225)
3(224 335 1)
3(224 1 86)
3(901 881 1127)
3(909 883 1125)
3(882 1126 917)
3(741 1221 703)
3(403 455 1317)
3(45 334 877)
3(17 354 227)
3(880 375 947)
3(880 47 375)
3(614 578 1204)
3(573 1204 578)
3(226 374 2)
3(226 48 374)
3(493 4 236)
3(239 618 7)
3(237 743 5)
3(6 238 867)
3(380 467 1257)
3(72 73 1244)
3(72 1258 73)
3(845 1232 809)
3(845 787 1232)
3(923 1191 878)
3(880 915 1192)
3(879 907 1193)
3(868 244 20)
3(868 20 242)
3(778 777 1248)
3(26 742 260)
3(26 240 742)
3(32 617 268)
3(32 241 617)
3(492 252 38)
3(492 38 243)
3(295 291 1271)
3(433 469 1318)
3(458 1275 481)
3(878 945 355)
3(878 1319 945)
3(878 355 1319)
3(165 482 1310)
3(718 1189 194)
3(946 314 879)
3(946 879 1321)
3(879 314 1321)
3(947 880 1322)
3(880 375 1322)
3(867 24 265)
3(510 188 1241)
3(475 386 1283)
3(475 1282 386)
3(600 561 1153)
3(618 36 257)
3(42 249 493)
3(743 30 273)
3(156 157 1144)
3(755 156 1144)
3(630 685 1164)
3(315 19 230)
3(227 354 3)
3(227 3 105)
3(877 334 9)
3(314 8 879)
3(314 879 66)
3(878 355 10)
3(878 104 355)
3(880 375 11)
3(880 123 375)
3(264 289 1161)
3(231 374 18)
3(295 18 374)
3(881 314 44)
3(44 314 946)
3(686 1215 636)
3(728 636 1215)
3(621 1278 528)
3(653 746 1293)
3(747 1261 703)
3(725 1215 686)
3(507 583 1196)
3(46 882 355)
3(46 355 945)
3(560 1139 505)
3(720 685 1164)
3(475 436 1283)
3(559 596 1209)
3(5 617 268)
3(492 252 7)
3(260 6 742)
3(501 578 1151)
3(595 560 1139)
3(244 868 4)
3(512 559 1209)
3(72 317 1244)
3(387 468 1325)
3(226 18 374)
3(44 314 879)
3(878 46 355)
3(606 583 1196)
3(766 842 1296)
3(721 1255 684)
3(945 941 1319)
3(878 1319 941)
3(942 1321 946)
3(942 879 1321)
3(947 943 1322)
3(943 880 1322)
3(945 917 1319)
3(901 1321 946)
3(947 909 1322)
3(467 386 1282)
3(467 1282 435)
3(467 435 1257)
3(335 16 228)
3(484 1303 431)
3(434 387 1325)
3(637 684 1255)
3(467 1282 475)
3(486 484 1303)
3(435 380 1257)
3(845 843 1232)
3(755 1232 843)
3(162 484 1303)
3(842 850 1296)
3(1037 1260 773)
3(949 1070 254)
3(949 1246 254)
3(1065 1010 806)
3(806 1010 799)
3(1010 806 987)
3(833 806 1010)
3(1214 1234 190)
3(1214 1057 190)
3(1060 975 824)
3(1288 1161 227)
3(1288 105 1161)
3(1288 227 105)
3(1161 1142 1288)
3(1161 1288 950)
3(950 1288 105)
3(1287 1121 224)
3(1287 86 1121)
3(1287 224 86)
3(1121 1141 1287)
3(1121 1287 955)
3(955 1287 86)
3(333 1010 1190)
3(1178 1247 109)
3(1189 1055 504)
3(987 1228 1274)
3(1274 1228 328)
3(1228 1274 1065)
3(333 1274 1228)
3(1210 1048 841)
3(224 1 1287)
3(227 3 1288)
3(1205 1165 812)
3(1165 812 1202)
3(1260 1141 206)
3(1096 715 1313)
3(1096 639 715)
3(715 1000 1096)
3(715 1313 1000)
3(715 1096 693)
3(534 533 1136)
3(1075 1212 1013)
3(1075 76 1212)
3(1212 1031 1075)
3(1212 1075 330)
3(1064 437 428)
3(1063 562 553)
3(1062 687 678)
3(1096 664 662)
3(1096 664 1027)
3(681 1050 1309)
3(1281 523 974)
3(1281 1088 523)
3(1165 857 1202)
3(1232 787 789)
3(1049 1197 556)
3(1286 664 1027)
3(1086 539 537)
3(1086 539 1025)
3(1172 745 1094)
3(1094 745 951)
3(1173 620 1093)
3(1093 620 952)
3(1171 495 1092)
3(1092 495 953)
3(1281 571 523)
3(1054 1169 861)
3(1273 79 78)
3(1273 79 1067)
3(1319 1191 1172)
3(1172 1191 951)
3(1191 1172 927)
3(923 1172 1191)
3(1322 1192 1173)
3(1173 1192 952)
3(1192 1173 919)
3(915 1192 1173)
3(1321 1193 1171)
3(1171 1193 953)
3(1193 1171 911)
3(907 1193 1171)
3(80 79 1273)
3(80 1273 332)
3(1273 80 1067)
3(1271 1246 1151)
3(1151 1246 949)
3(1246 1151 258)
3(1271 258 1151)
3(254 1151 1246)
3(1281 188 510)
3(1222 641 209)
3(570 1136 1234)
3(1111 783 846)
3(1067 1273 1228)
3(1228 1273 80)
3(1273 1228 1010)
3(332 1228 1273)
3(1123 1102 922)
3(1305 539 1025)
3(1314 1260 955)
3(769 1260 1314)
3(1260 1128 1314)
3(1314 1260 821)
3(284 264 1221)
3(1221 264 1161)
3(284 1161 264)
3(264 1221 274)
3(289 1221 264)
3(1129 1029 1262)
3(1129 1036 1029)
3(1029 976 1129)
3(1029 1129 596)
3(159 853 1296)
3(1296 853 766)
3(1243 1278 513)
3(1094 1235 745)
3(1093 1071 620)
3(620 1071 564)
3(1071 620 952)
3(612 620 1071)
3(1092 1072 495)
3(495 1072 439)
3(1072 495 953)
3(487 495 1072)
3(906 1149 1125)
3(1126 1150 914)
3(1091 408 471)
3(1190 1079 1263)
3(1317 402 432)
3(1216 350 344)
3(821 769 1314)
3(1254 1148 1127)
3(1254 965 1127)
3(1235 1122 861)
3(955 1227 1287)
3(1287 1227 964)
3(1227 1287 86)
3(87 1287 1227)
3(950 1300 1288)
3(1288 1300 963)
3(1300 1288 105)
3(106 1288 1300)
3(1127 904 1254)
3(421 1326 1275)
3(1326 1098 421)
3(1251 990 633)
3(633 990 690)
3(990 633 1095)
3(707 633 990)
3(1233 673 671)
3(1310 1254 768)
3(1278 579 614)
3(1278 528 614)
3(1021 1082 1303)
3(1303 1082 431)
3(1082 1303 1073)
3(485 1303 1082)
3(446 960 1267)
3(853 811 1296)
3(985 754 1313)
3(1092 463 430)
3(1093 588 555)
3(1094 713 680)
3(1318 1016 406)
3(406 1016 1105)
3(1016 406 433)
3(408 406 1016)
3(628 1214 1057)
3(1153 545 606)
3(1287 240 284)
3(1287 1077 284)
3(1164 666 725)
3(1179 369 371)
3(1231 1174 1140)
3(1196 549 556)
3(1182 370 364)
3(923 878 1319)
3(878 1319 1191)
3(1322 880 915)
3(1322 1192 880)
3(1321 879 907)
3(1321 1193 879)
3(1237 326 1175)
3(1319 1292 1062)
3(1321 1290 1064)
3(1322 1291 1063)
3(1215 728 197)
3(1256 1019 1270)
3(1303 1228 987)
3(1268 491 235)
3(1243 578 614)
3(1243 614 622)
3(872 778 1128)
3(438 1155 1082)
3(997 1155 438)
3(427 1155 438)
3(438 1155 456)
3(1195 372 373)
3(563 1152 1081)
3(995 1152 563)
3(552 1152 563)
3(563 1152 581)
3(1139 541 600)
3(1313 1000 629)
3(629 1000 715)
3(1000 629 1083)
3(722 629 1000)
3(1161 1287 284)
3(1278 614 622)
3(1310 384 437)
3(1297 667 711)
3(1310 1064 1290)
3(322 94 1266)
3(1114 250 287)
3(1238 794 796)
3(1129 503 558)
3(1307 659 722)
3(1151 1271 272)
3(285 266 1121)
3(1308 978 53)
3(421 459 1326)
3(573 578 1151)
3(1311 977 91)
3(1212 1296 1282)
3(1261 1265 1300)
3(882 917 1319)
3(1321 901 881)
3(1322 909 883)
3(316 317 1244)
3(1303 162 161)
3(156 755 1232)
3(1271 226 48)
3(1319 878 104)
3(1322 880 123)
3(1321 879 66)
3(1173 918 1192)
3(1192 918 915)
3(918 1192 952)
3(1115 1192 918)
3(1171 910 1193)
3(1193 910 907)
3(910 1193 953)
3(1116 1193 910)
3(438 444 1155)
3(563 569 1152)
3(277 243 287)
3(242 285 276)
3(240 260 261)
3(241 268 269)
3(239 257 254)
3(255 287 243)
3(247 285 242)
3(286 279 241)
3(275 270 227)
3(262 224 267)
3(243 253 255)
3(242 245 247)
3(257 258 254)
3(240 261 263)
3(241 269 271)
3(270 274 289)
3(234 279 286)
3(253 243 252)
3(255 256 287)
3(245 242 244)
3(284 278 240)
3(246 236 249)
3(248 285 247)
3(286 241 271)
3(258 291 254)
3(262 288 224)
3(227 270 289)
3(284 263 264)
3(246 250 290)
3(278 284 233)
3(236 246 245)
3(253 239 254)
3(273 274 270)
3(245 244 236)
3(239 253 252)
3(235 277 287)
3(272 258 286)
3(288 262 266)
3(232 276 285)
3(250 281 235)
3(231 295 272)
3(230 256 255)
3(294 256 230)
3(277 39 243)
3(278 27 240)
3(33 241 279)
3(276 21 242)
3(286 271 272)
3(283 273 30)
3(280 257 36)
3(280 258 257)
3(292 248 228)
3(228 248 247)
3(233 284 274)
3(258 272 291)
3(269 268 237)
3(226 2 259)
3(261 260 238)
3(259 2 230)
3(275 269 270)
3(229 293 264)
3(234 34 279)
3(277 235 40)
3(267 261 262)
3(232 22 276)
3(28 278 233)
3(273 270 237)
3(290 250 256)
3(262 238 265)
3(231 272 271)
3(282 232 266)
3(266 248 288)
3(281 41 235)
3(234 280 35)
3(251 0 228)
3(23 232 282)
3(283 29 233)
3(229 264 263)
3(235 287 250)
3(232 285 266)
3(254 259 253)
3(225 290 294)
3(224 288 292)
3(244 4 236)
3(250 246 249)
3(1 229 267)
3(231 275 3)
3(259 255 253)
3(251 247 245)
3(7 239 252)
3(268 5 237)
3(260 6 238)
3(282 265 24)
3(234 286 258)
3(225 294 19)
3(251 225 0)
3(281 249 42)
3(227 289 293)
3(273 283 274)
3(226 254 291)
3(251 245 246)
3(263 261 267)
3(275 271 269)
3(229 17 293)
3(237 270 269)
3(16 224 292)
3(274 283 233)
3(238 262 261)
3(246 290 225)
3(256 294 290)
3(265 266 262)
3(259 230 255)
3(251 228 247)
3(25 265 238)
3(43 249 236)
3(239 37 257)
3(237 31 273)
3(1 17 229)
3(17 227 293)
3(19 0 225)
3(288 248 292)
3(4 43 236)
3(239 7 37)
3(237 5 31)
3(6 25 238)
3(254 226 259)
3(242 20 244)
3(26 260 240)
3(32 268 241)
3(243 38 252)
3(226 291 295)
3(294 230 19)
3(280 234 258)
3(293 289 264)
3(231 18 295)
3(35 34 234)
3(235 41 40)
3(233 29 28)
3(23 22 232)
3(5 268 32)
3(38 7 252)
3(260 26 6)
3(20 4 244)
3(231 3 18)
3(249 281 250)
3(1 224 16)
3(272 295 291)
3(295 18 226)
3(251 246 225)
3(267 229 263)
3(275 231 271)
3(2 19 230)
3(16 292 228)
3(242 21 20)
3(241 33 32)
3(243 39 38)
3(240 27 26)
3(3 227 17)
3(25 24 265)
3(31 30 273)
3(43 42 249)
3(37 36 257)
3(265 282 266)
3(226 18 2)
3(34 33 279)
3(277 40 39)
3(278 28 27)
3(22 21 276)
3(0 16 228)
3(24 23 282)
3(283 30 29)
3(281 42 41)
3(36 35 280)
3(1 267 224)
3(3 275 227)
3(284 264 274)
3(289 274 264)
3(284 240 263)
3(250 287 256)
3(285 248 266)
3(773 759 774)
3(701 643 700)
3(504 193 192)
3(602 574 524)
3(514 195 194)
3(220 694 221)
3(714 750 638)
3(506 585 197)
3(176 175 389)
3(197 196 506)
3(774 775 773)
3(647 206 644)
3(761 824 209)
3(701 700 705)
3(726 724 641)
3(824 852 774)
3(182 181 383)
3(180 179 390)
3(453 497 489)
3(727 655 726)
3(726 641 727)
3(761 852 824)
3(381 178 177)
3(777 779 807)
3(547 546 545)
3(389 466 462)
3(542 541 543)
3(457 390 459)
3(640 709 707)
3(441 461 419)
3(762 837 841)
3(639 716 712)
3(758 815 832)
3(460 381 461)
3(710 631 711)
3(797 798 799)
3(389 465 443)
3(416 418 417)
3(442 466 415)
3(658 659 657)
3(510 522 523)
3(390 460 441)
3(640 710 691)
3(641 724 210)
3(852 851 780)
3(381 462 442)
3(631 712 692)
3(837 756 817)
3(763 816 835)
3(555 554 553)
3(680 679 678)
3(429 428 430)
3(399 398 400)
3(648 650 649)
3(190 191 628)
3(514 590 568)
3(190 516 191)
3(591 587 514)
3(421 419 420)
3(815 798 834)
3(525 524 523)
3(643 187 700)
3(670 672 671)
3(694 688 642)
3(563 517 569)
3(444 438 392)
3(413 411 412)
3(205 644 206)
3(417 415 416)
3(602 524 526)
3(504 590 193)
3(816 794 836)
3(489 454 448)
3(530 526 529)
3(706 677 688)
3(506 586 585)
3(828 872 826)
3(209 208 699)
3(209 824 208)
3(587 567 506)
3(691 711 669)
3(644 697 696)
3(572 571 519)
3(722 661 693)
3(876 807 839)
3(809 846 785)
3(625 589 557)
3(562 607 608)
3(687 732 733)
3(574 510 524)
3(677 678 679)
3(553 554 552)
3(427 428 429)
3(520 607 184)
3(732 203 645)
3(758 831 815)
3(432 500 464)
3(714 682 750)
3(515 585 566)
3(201 508 569)
3(444 182 383)
3(573 571 572)
3(786 818 788)
3(839 807 848)
3(871 807 876)
3(849 754 820)
3(776 852 780)
3(816 763 834)
3(726 657 695)
3(861 767 222)
3(763 832 834)
3(220 819 758)
3(424 426 425)
3(549 551 550)
3(818 762 841)
3(837 215 756)
3(422 421 420)
3(573 572 615)
3(869 838 752)
3(649 635 648)
3(398 399 385)
3(756 835 836)
3(705 638 750)
3(220 221 819)
3(736 735 681)
3(610 556 611)
3(405 477 401)
3(621 625 557)
3(791 793 850)
3(599 504 192)
3(651 655 727)
3(385 169 397)
3(580 513 625)
3(761 851 852)
3(783 781 782)
3(150 450 149)
3(197 636 196)
3(524 510 523)
3(637 192 193)
3(526 530 602)
3(695 724 726)
3(195 630 194)
3(746 750 682)
3(195 514 587)
3(860 812 760)
3(443 472 411)
3(668 667 666)
3(520 608 607)
3(733 732 645)
3(579 528 525)
3(783 782 784)
3(601 570 599)
3(704 653 650)
3(694 642 221)
3(532 534 570)
3(587 591 567)
3(674 676 675)
3(707 709 690)
3(582 584 565)
3(440 457 459)
3(163 162 864)
3(787 788 789)
3(817 756 836)
3(568 590 597)
3(693 715 722)
3(773 775 829)
3(445 474 476)
3(820 754 847)
3(700 638 705)
3(586 566 585)
3(724 695 629)
3(691 710 711)
3(393 149 450)
3(461 441 460)
3(790 791 789)
3(873 771 861)
3(198 197 585)
3(613 520 624)
3(749 738 645)
3(465 389 175)
3(587 506 196)
3(838 805 804)
3(432 496 500)
3(442 462 466)
3(868 827 770)
3(837 817 841)
3(712 716 692)
3(794 795 793)
3(419 418 420)
3(472 443 465)
3(713 745 689)
3(564 588 620)
3(495 439 463)
3(755 845 810)
3(788 787 786)
3(575 513 580)
3(875 757 833)
3(611 181 182)
3(643 701 702)
3(787 809 785)
3(660 659 658)
3(765 155 154)
3(797 796 798)
3(688 694 706)
3(505 175 176)
3(838 869 805)
3(849 851 761)
3(453 451 497)
3(518 576 577)
3(749 645 204)
3(624 520 185)
3(447 394 492)
3(846 765 844)
3(694 633 706)
3(579 525 523)
3(736 681 734)
3(648 704 650)
3(766 159 158)
3(596 533 558)
3(834 832 815)
3(418 419 417)
3(653 704 739)
3(434 412 410)
3(820 847 784)
3(708 734 681)
3(804 803 802)
3(206 769 205)
3(178 511 177)
3(507 179 180)
3(447 446 394)
3(861 223 873)
3(836 835 816)
3(781 783 808)
3(800 815 831)
3(209 210 761)
3(168 575 518)
3(186 187 643)
3(676 674 681)
3(556 551 549)
3(462 176 389)
3(206 772 769)
3(774 759 824)
3(426 424 431)
3(806 860 864)
3(603 507 606)
3(577 618 518)
3(742 644 205)
3(617 519 186)
3(508 201 200)
3(757 875 161)
3(712 631 215)
3(700 188 638)
3(575 169 513)
3(470 468 380)
3(797 799 833)
3(843 155 765)
3(859 833 806)
3(633 690 706)
3(457 180 390)
3(635 647 648)
3(864 859 806)
3(573 615 501)
3(381 177 462)
3(211 210 724)
3(777 776 779)
3(656 723 683)
3(511 600 592)
3(796 834 798)
3(794 793 792)
3(393 451 452)
3(556 609 611)
3(640 217 710)
3(576 578 577)
3(772 207 759)
3(660 658 721)
3(207 206 647)
3(707 218 640)
3(779 848 807)
3(514 194 590)
3(390 179 460)
3(503 171 172)
3(651 654 655)
3(476 477 405)
3(477 399 401)
3(405 401 404)
3(596 558 594)
3(383 181 457)
3(819 767 813)
3(857 760 812)
3(534 533 535)
3(819 831 758)
3(710 216 631)
3(486 384 485)
3(858 768 857)
3(856 833 757)
3(570 601 532)
3(470 434 468)
3(701 705 747)
3(454 403 400)
3(812 860 803)
3(381 460 178)
3(791 792 793)
3(446 447 448)
3(866 828 827)
3(519 187 186)
3(505 595 593)
3(529 531 530)
3(863 872 828)
3(202 569 517)
3(444 392 183)
3(211 754 849)
3(742 697 644)
3(519 617 572)
3(683 719 721)
3(448 447 490)
3(212 840 754)
3(808 846 844)
3(166 165 768)
3(725 668 666)
3(828 826 827)
3(654 656 655)
3(512 173 174)
3(527 621 557)
3(561 603 606)
3(774 776 775)
3(774 852 776)
3(698 739 704)
3(171 449 391)
3(543 541 600)
3(757 161 160)
3(406 405 404)
3(558 533 531)
3(659 695 657)
3(149 825 150)
3(823 822 821)
3(851 849 820)
3(759 773 772)
3(824 759 208)
3(583 609 556)
3(595 539 537)
3(596 535 533)
3(721 719 637)
3(156 155 843)
3(746 682 652)
3(791 790 792)
3(160 853 757)
3(189 714 638)
3(440 383 457)
3(612 517 564)
3(487 392 439)
3(512 596 594)
3(582 565 508)
3(516 599 191)
3(717 636 725)
3(585 515 198)
3(537 538 536)
3(842 158 157)
3(155 156 468)
3(664 662 720)
3(676 681 735)
3(610 551 556)
3(485 426 431)
3(190 628 714)
3(172 171 391)
3(473 433 406)
3(677 706 675)
3(158 467 157)
3(643 702 743)
3(486 163 384)
3(806 799 801)
3(413 412 414)
3(871 777 807)
3(672 674 673)
3(685 717 725)
3(634 735 736)
3(610 611 509)
3(385 397 398)
3(647 644 696)
3(792 836 794)
3(213 214 762)
3(639 214 213)
3(815 800 798)
3(159 853 160)
3(413 443 411)
3(190 574 516)
3(536 538 568)
3(864 860 760)
3(810 845 789)
3(736 200 201)
3(203 204 645)
3(185 520 184)
3(395 499 488)
3(449 171 170)
3(570 504 599)
3(222 223 861)
3(768 165 857)
3(400 398 454)
3(696 697 698)
3(212 754 211)
3(431 486 485)
3(383 456 444)
3(581 569 508)
3(803 804 805)
3(547 545 606)
3(207 772 206)
3(663 693 661)
3(782 820 784)
3(600 560 592)
3(782 780 851)
3(761 210 849)
3(441 419 421)
3(691 669 671)
3(219 220 758)
3(199 734 632)
3(410 409 408)
3(762 840 213)
3(453 489 448)
3(661 662 663)
3(796 797 795)
3(552 581 550)
3(602 516 574)
3(166 395 165)
3(412 411 410)
3(442 415 417)
3(425 427 456)
3(465 174 379)
3(590 504 597)
3(443 466 389)
3(474 172 391)
3(842 755 810)
3(669 670 671)
3(432 464 473)
3(844 765 154)
3(188 700 187)
3(682 714 723)
3(169 385 170)
3(783 784 785)
3(808 848 781)
3(562 509 607)
3(687 634 732)
3(831 819 813)
3(629 211 724)
3(454 446 448)
3(786 787 785)
3(385 449 170)
3(753 839 848)
3(379 472 465)
3(159 386 158)
3(745 729 646)
3(521 620 604)
3(396 495 479)
3(221 222 767)
3(543 544 542)
3(630 720 718)
3(810 789 791)
3(876 830 871)
3(782 781 780)
3(780 779 776)
3(219 707 633)
3(722 629 695)
3(497 403 489)
3(674 708 681)
3(424 458 431)
3(378 473 464)
3(428 485 437)
3(461 381 442)
3(711 631 692)
3(628 723 714)
3(658 656 683)
3(620 521 612)
3(495 396 487)
3(687 678 735)
3(553 610 562)
3(628 719 683)
3(839 151 764)
3(391 449 477)
3(459 390 441)
3(775 778 829)
3(699 727 641)
3(838 855 752)
3(575 168 169)
3(527 557 529)
3(538 539 540)
3(827 826 770)
3(800 801 799)
3(686 731 670)
3(678 676 735)
3(610 553 551)
3(762 818 840)
3(646 737 745)
3(720 684 718)
3(428 426 485)
3(856 797 833)
3(709 640 691)
3(436 481 420)
3(423 421 422)
3(452 451 453)
3(595 537 559)
3(684 720 662)
3(688 677 679)
3(554 563 552)
3(438 427 429)
3(863 829 778)
3(545 543 561)
3(209 641 210)
3(689 745 737)
3(494 480 377)
3(605 502 619)
3(744 730 627)
3(403 454 489)
3(148 149 393)
3(190 714 189)
3(589 171 503)
3(816 796 794)
3(723 628 683)
3(415 466 413)
3(545 544 543)
3(633 694 220)
3(168 518 167)
3(716 663 665)
3(482 395 483)
3(768 874 166)
3(589 170 171)
3(437 485 384)
3(690 709 673)
3(483 437 482)
3(218 832 763)
3(471 434 410)
3(817 792 790)
3(450 388 455)
3(726 655 657)
3(735 634 687)
3(610 509 562)
3(804 802 813)
3(582 515 584)
3(716 639 693)
3(753 808 844)
3(419 461 417)
3(412 470 414)
3(732 202 203)
3(184 607 183)
3(591 538 540)
3(673 709 671)
3(839 764 876)
3(874 768 862)
3(664 685 666)
3(546 547 548)
3(834 796 816)
3(813 767 814)
3(476 405 407)
3(532 531 533)
3(767 819 221)
3(434 470 412)
3(814 861 870)
3(651 727 649)
3(809 765 846)
3(149 148 770)
3(778 871 830)
3(586 542 544)
3(767 861 814)
3(872 830 826)
3(753 152 839)
3(464 152 378)
3(518 575 576)
3(513 589 625)
3(558 531 598)
3(541 539 560)
3(540 539 541)
3(173 379 174)
3(394 168 167)
3(401 402 404)
3(654 651 652)
3(776 777 775)
3(800 799 798)
3(402 400 403)
3(663 664 665)
3(698 704 696)
3(848 808 753)
3(584 546 548)
3(529 526 527)
3(215 214 712)
3(215 837 214)
3(870 861 771)
3(541 542 540)
3(549 550 548)
3(546 544 545)
3(435 475 416)
3(573 579 571)
3(210 211 849)
3(683 721 658)
3(763 217 218)
3(450 150 388)
3(549 547 583)
3(433 471 408)
3(667 665 666)
3(455 388 500)
3(846 808 783)
3(148 393 493)
3(564 517 563)
3(689 642 688)
3(439 392 438)
3(548 547 549)
3(762 214 837)
3(639 712 214)
3(750 746 705)
3(731 672 670)
3(702 701 703)
3(413 414 415)
3(850 811 766)
3(422 424 423)
3(518 618 167)
3(150 764 151)
3(536 535 537)
3(621 580 625)
3(769 822 867)
3(385 399 449)
3(483 430 437)
3(608 555 562)
3(687 733 680)
3(132 502 605)
3(138 627 730)
3(126 377 480)
3(408 407 406)
3(514 568 591)
3(215 216 756)
3(818 841 788)
3(703 698 626)
3(173 474 379)
3(850 793 811)
3(800 802 801)
3(558 598 503)
3(494 463 430)
3(744 713 680)
3(588 555 619)
3(657 656 658)
3(648 647 696)
3(536 568 597)
3(589 598 557)
3(817 790 841)
3(525 526 524)
3(401 399 400)
3(650 651 649)
3(143 855 771)
3(677 676 678)
3(553 552 551)
3(692 665 667)
3(162 859 864)
3(469 154 387)
3(428 427 426)
3(574 190 189)
3(836 792 817)
3(506 567 586)
3(515 566 584)
3(856 757 853)
3(803 801 802)
3(161 484 382)
3(391 476 474)
3(386 159 478)
3(595 559 593)
3(415 414 416)
3(503 598 589)
3(423 424 425)
3(601 602 530)
3(550 565 548)
3(212 629 715)
3(500 388 464)
3(640 218 217)
3(153 154 469)
3(394 446 397)
3(379 474 445)
3(534 536 597)
3(758 832 219)
3(739 747 653)
3(534 535 536)
3(30 702 741)
3(577 616 36)
3(768 858 862)
3(716 665 692)
3(530 532 601)
3(715 639 213)
3(513 169 170)
3(855 144 752)
3(216 215 631)
3(472 379 445)
3(145 854 752)
3(154 155 387)
3(559 537 535)
3(200 582 508)
3(488 483 395)
3(608 520 613)
3(738 733 645)
3(664 666 665)
3(205 769 867)
3(425 426 427)
3(676 677 675)
3(551 552 550)
3(643 743 186)
3(153 844 154)
3(713 744 627)
3(502 588 619)
3(377 463 494)
3(635 699 208)
3(868 770 148)
3(492 394 167)
3(131 605 613)
3(730 738 137)
3(480 488 125)
3(525 528 527)
3(476 407 445)
3(39 490 447)
3(27 740 697)
3(615 572 33)
3(825 764 150)
3(851 820 782)
3(740 698 697)
3(472 409 411)
3(517 203 202)
3(392 184 183)
3(612 203 517)
3(487 184 392)
3(646 729 140)
3(128 396 479)
3(134 521 604)
3(493 393 452)
3(423 425 440)
3(198 199 632)
3(21 866 827)
3(217 763 835)
3(629 212 211)
3(584 548 565)
3(162 163 486)
3(653 652 650)
3(698 740 626)
3(12 166 874)
3(464 388 151)
3(208 759 207)
3(440 459 423)
3(567 540 542)
3(872 778 830)
3(793 795 811)
3(699 635 649)
3(546 566 544)
3(689 679 713)
3(564 554 588)
3(429 463 439)
3(656 654 723)
3(571 522 519)
3(510 574 189)
3(823 863 828)
3(578 576 622)
3(406 404 473)
3(756 216 835)
3(813 814 804)
3(376 448 490)
3(498 13 185)
3(14 204 623)
3(748 15 223)
3(812 858 857)
3(870 855 838)
3(201 569 202)
3(444 183 182)
3(430 483 494)
3(744 680 733)
3(608 619 555)
3(579 523 571)
3(648 696 704)
3(734 708 632)
3(402 432 404)
3(152 464 151)
3(152 151 839)
3(673 674 675)
3(195 587 196)
3(475 418 416)
3(828 866 751)
3(682 654 652)
3(731 686 728)
3(821 829 823)
3(695 659 722)
3(449 399 477)
3(466 443 413)
3(870 838 814)
3(755 842 157)
3(786 784 847)
3(843 765 809)
3(451 393 450)
3(567 591 540)
3(175 174 465)
3(422 420 481)
3(646 141 748)
3(396 129 498)
3(135 623 521)
3(848 779 781)
3(219 633 220)
3(191 599 192)
3(198 728 197)
3(859 875 833)
3(823 751 865)
3(647 635 207)
3(590 194 193)
3(409 407 408)
3(476 391 477)
3(384 164 482)
3(544 566 586)
3(698 703 739)
3(146 862 854)
3(462 177 176)
3(491 453 376)
3(655 656 657)
3(142 771 873)
3(614 579 573)
3(472 445 409)
3(823 828 751)
3(453 448 376)
3(530 531 532)
3(459 441 421)
3(407 405 406)
3(222 737 223)
3(711 692 667)
3(461 442 417)
3(691 671 709)
3(857 164 760)
3(860 806 801)
3(380 468 156)
3(706 690 675)
3(589 513 170)
3(478 481 436)
3(693 663 716)
3(516 601 599)
3(597 570 534)
3(460 179 178)
3(632 731 728)
3(773 829 821)
3(854 869 752)
3(12 499 166)
3(382 160 161)
3(858 805 869)
3(376 490 40)
3(34 501 615)
3(874 862 147)
3(159 160 478)
3(764 825 830)
3(204 203 612)
3(185 184 487)
3(838 804 814)
3(745 713 729)
3(588 604 620)
3(479 495 463)
3(457 181 180)
3(22 751 866)
3(388 150 151)
3(740 28 626)
3(13 624 185)
3(14 749 204)
3(411 409 410)
3(153 378 152)
3(790 789 788)
3(130 613 624)
3(738 749 136)
3(124 488 499)
3(173 172 474)
3(223 15 873)
3(811 856 853)
3(568 538 591)
3(847 818 786)
3(830 825 826)
3(529 598 531)
3(499 395 166)
3(876 764 830)
3(401 400 402)
3(650 652 651)
3(754 840 847)
3(525 527 526)
3(689 737 642)
3(581 565 550)
3(456 440 425)
3(152 753 153)
3(801 803 860)
3(456 383 440)
3(508 565 581)
3(384 163 164)
3(668 686 670)
3(162 161 875)
3(566 546 584)
3(731 632 708)
3(435 416 414)
3(542 586 567)
3(41 491 376)
3(501 35 616)
3(200 199 582)
3(718 637 193)
3(780 781 779)
3(751 23 865)
3(219 218 707)
3(865 822 823)
3(29 741 626)
3(597 504 570)
3(164 857 165)
3(612 521 623)
3(396 498 487)
3(217 216 710)
3(634 736 201)
3(509 611 182)
3(418 436 420)
3(446 398 397)
3(786 785 784)
3(221 642 222)
3(737 646 748)
3(169 168 397)
3(507 180 609)
3(398 446 454)
3(772 821 769)
3(627 139 729)
3(133 604 502)
3(479 377 127)
3(592 177 511)
3(507 603 179)
3(609 181 611)
3(592 505 176)
3(850 810 791)
3(603 511 178)
3(770 825 149)
3(515 582 199)
3(505 593 175)
3(805 812 803)
3(669 667 668)
3(747 705 653)
3(187 522 188)
3(661 659 660)
3(458 424 422)
3(622 580 528)
3(199 198 515)
3(699 649 727)
3(800 831 802)
3(869 854 858)
3(593 512 174)
3(862 858 854)
3(634 202 732)
3(607 509 183)
3(402 403 496)
3(382 481 478)
3(662 660 684)
3(483 480 494)
3(619 608 605)
3(730 744 733)
3(795 797 856)
3(473 378 433)
3(188 189 638)
3(458 382 484)
3(470 435 414)
3(674 672 708)
3(451 455 497)
3(500 496 455)
3(636 717 196)
3(153 469 378)
3(163 864 760)
3(630 195 717)
3(192 637 719)
3(742 27 697)
3(447 492 39)
3(33 572 617)
3(602 601 516)
3(734 200 736)
3(840 212 213)
3(575 580 576)
3(594 173 512)
3(827 868 21)
3(841 790 788)
3(822 865 24)
3(821 772 773)
3(471 469 387)
3(563 554 564)
3(688 679 689)
3(439 438 429)
3(386 478 436)
3(831 813 802)
3(577 578 616)
3(729 713 627)
3(604 588 502)
3(463 377 479)
3(669 668 670)
3(451 450 455)
3(191 719 628)
3(163 760 164)
3(452 491 42)
3(503 172 594)
3(859 162 875)
3(771 142 143)
3(561 511 603)
3(218 219 832)
3(741 703 626)
3(403 497 455)
3(573 578 614)
3(153 753 844)
3(823 829 863)
3(661 660 662)
3(635 208 207)
3(493 43 4)
3(37 7 618)
3(31 5 743)
3(140 141 646)
3(396 128 129)
3(521 134 135)
3(6 867 25)
3(771 855 870)
3(380 157 467)
3(673 675 690)
3(845 809 787)
3(493 4 148)
3(775 777 778)
3(198 632 728)
3(187 519 522)
3(432 473 404)
3(778 777 871)
3(618 7 167)
3(5 186 743)
3(867 6 205)
3(130 131 613)
3(125 488 124)
3(738 136 137)
3(378 469 433)
3(682 723 654)
3(458 481 382)
3(216 217 835)
3(395 482 165)
3(718 194 630)
3(867 822 24)
3(189 188 510)
3(847 840 818)
3(223 737 748)
3(445 407 409)
3(453 491 452)
3(734 199 200)
3(394 397 168)
3(600 511 561)
3(577 36 618)
3(42 493 452)
3(702 30 743)
3(755 157 156)
3(204 612 623)
3(498 185 487)
3(529 557 598)
3(483 488 480)
3(605 608 613)
3(733 738 730)
3(630 717 685)
3(543 600 561)
3(175 593 174)
3(686 636 728)
3(621 528 580)
3(705 746 653)
3(747 703 701)
3(725 686 668)
3(380 156 157)
3(507 609 583)
3(212 715 213)
3(146 147 862)
3(560 505 592)
3(630 685 720)
3(469 471 433)
3(35 501 34)
3(40 41 376)
3(475 386 436)
3(720 685 664)
3(559 535 596)
3(28 29 626)
3(751 22 23)
3(5 32 617)
3(492 7 38)
3(6 26 742)
3(501 616 578)
3(595 505 560)
3(4 868 148)
3(512 593 559)
3(177 592 176)
3(858 812 805)
3(617 186 5)
3(167 7 492)
3(6 742 205)
3(539 595 560)
3(868 4 20)
3(193 194 718)
3(826 825 770)
3(191 192 719)
3(387 155 468)
3(144 145 752)
3(559 596 512)
3(703 741 702)
3(202 634 201)
3(183 509 182)
3(127 377 126)
3(138 139 627)
3(502 132 133)
3(507 583 606)
3(455 496 403)
3(195 196 717)
3(594 172 173)
3(636 686 725)
3(766 158 842)
3(165 482 164)
3(721 684 660)
3(179 603 178)
3(623 135 14)
3(141 15 748)
3(13 498 129)
3(621 527 528)
3(874 147 12)
3(222 642 737)
3(181 609 180)
3(547 606 583)
3(580 622 576)
3(746 652 653)
3(467 158 386)
3(854 145 146)
3(605 131 132)
3(138 730 137)
3(480 125 126)
3(484 431 458)
3(434 471 387)
3(434 387 468)
3(20 21 868)
3(718 684 637)
3(140 729 139)
3(128 479 127)
3(604 133 134)
3(32 33 617)
3(38 39 492)
3(26 27 742)
3(144 855 143)
3(684 721 637)
3(703 747 739)
3(467 475 435)
3(431 484 486)
3(731 708 672)
3(867 24 25)
3(743 30 31)
3(493 42 43)
3(37 618 36)
3(435 470 380)
3(856 811 795)
3(467 386 475)
3(873 15 142)
3(499 12 124)
3(14 136 749)
3(13 130 624)
3(34 615 33)
3(39 40 490)
3(27 28 740)
3(435 380 467)
3(22 866 21)
3(478 160 382)
3(865 23 24)
3(29 30 741)
3(41 42 491)
3(36 616 35)
3(755 843 845)
3(481 458 422)
3(475 436 418)
3(162 486 484)
3(809 845 843)
3(810 850 842)
3(842 850 766)
3(833 799 806)
3(715 693 639)
3(534 532 533)
3(428 437 430)
3(553 562 555)
3(678 687 680)
3(662 664 663)
3(787 789 845)
3(537 539 538)
3(571 523 522)
3(510 188 522)
3(641 209 699)
3(846 783 785)
3(159 766 853)
3(612 564 620)
3(487 439 495)
3(408 471 410)
3(432 402 496)
3(821 822 769)
3(707 690 633)
3(673 671 672)
3(579 614 528)
3(853 766 811)
3(430 463 429)
3(555 588 554)
3(680 713 679)
3(408 406 433)
3(606 545 561)
3(725 666 685)
3(556 549 583)
3(197 728 636)
3(614 578 622)
3(872 863 778)
3(427 438 456)
3(552 563 581)
3(600 541 560)
3(722 715 629)
3(614 622 528)
3(437 384 482)
3(711 667 669)
3(794 796 795)
3(558 503 594)
3(722 659 661)
3(421 423 459)
3(573 501 578)
3(161 162 484)
3(156 843 755)
3(438 444 456)
3(563 569 581)
3(896 921 922)
3(905 906 894)
3(914 895 913)
3(926 927 923)
3(915 918 919)
3(907 910 911)
3(898 899 904)
3(903 925 944)
3(922 928 924)
3(940 925 903)
3(900 898 904)
3(908 906 912)
3(920 916 914)
3(941 923 927)
3(907 911 942)
3(919 943 915)
3(924 896 922)
3(894 906 908)
3(916 895 914)
3(893 898 900)
3(888 940 903)
3(948 944 925)
3(932 940 888)
3(902 899 889)
3(885 929 937)
3(886 930 938)
3(931 939 887)
3(899 903 944)
3(892 922 921)
3(138 931 887)
3(126 929 885)
3(886 132 930)
3(888 144 932)
3(914 913 891)
3(905 890 906)
3(917 927 939)
3(938 909 919)
3(901 911 937)
3(918 915 891)
3(910 907 890)
3(923 892 926)
3(888 933 145)
3(139 887 936)
3(886 935 133)
3(934 127 885)
3(927 917 941)
3(942 911 901)
3(943 919 909)
3(896 932 143)
3(928 884 924)
3(936 926 140)
3(128 934 910)
3(134 935 918)
3(897 12 889)
3(902 146 933)
3(905 13 890)
3(913 14 891)
3(892 921 15)
3(926 936 927)
3(935 919 918)
3(911 910 934)
3(898 889 899)
3(892 923 922)
3(904 881 900)
3(908 912 883)
3(920 882 916)
3(914 891 915)
3(906 890 907)
3(899 877 904)
3(902 903 899)
3(131 894 930)
3(137 895 931)
3(125 893 929)
3(898 893 897)
3(920 11 882)
3(912 8 883)
3(884 928 10)
3(904 9 881)
3(877 944 948)
3(130 905 894)
3(893 124 897)
3(136 913 895)
3(921 896 142)
3(904 877 9)
3(147 902 889)
3(884 948 925)
3(135 918 891)
3(129 910 890)
3(892 141 926)
3(878 10 928)
3(920 880 11)
3(912 879 8)
3(903 933 888)
3(887 939 927)
3(919 886 938)
3(885 937 911)
3(940 924 925)
3(923 928 922)
3(920 914 915)
3(912 906 907)
3(924 940 896)
3(877 899 944)
3(937 900 901)
3(909 938 908)
3(917 939 916)
3(937 893 900)
3(938 894 908)
3(916 939 895)
3(940 932 896)
3(884 925 924)
3(884 45 948)
3(947 883 47)
3(933 903 902)
3(142 896 143)
3(901 900 881)
3(909 908 883)
3(882 917 916)
3(45 877 948)
3(47 883 8)
3(10 45 884)
3(937 929 893)
3(930 894 938)
3(931 895 939)
3(880 947 47)
3(936 887 927)
3(919 935 886)
3(911 934 885)
3(140 926 141)
3(128 910 129)
3(918 135 134)
3(923 878 928)
3(920 915 880)
3(879 912 907)
3(130 894 131)
3(125 124 893)
3(895 137 136)
3(898 897 889)
3(881 44 946)
3(46 945 882)
3(146 902 147)
3(9 44 881)
3(11 46 882)
3(144 888 145)
3(44 879 946)
3(127 126 885)
3(138 887 139)
3(886 133 132)
3(878 945 46)
3(891 14 135)
3(141 892 15)
3(13 129 890)
3(878 941 945)
3(942 946 879)
3(947 880 943)
3(941 917 945)
3(901 946 942)
3(943 909 947)
3(889 12 147)
3(933 146 145)
3(132 131 930)
3(138 137 931)
3(126 125 929)
3(140 139 936)
3(128 127 934)
3(935 134 133)
3(144 143 932)
3(880 47 11)
3(9 877 45)
3(15 921 142)
3(124 12 897)
3(14 913 136)
3(905 130 13)
3(44 8 879)
3(878 46 10)
3(923 941 878)
3(880 915 943)
3(879 907 942)
3(882 945 917)
3(901 881 946)
3(909 883 947)
3(371 59 58)
3(59 311 58)
3(358 55 54)
3(55 297 54)
3(345 103 104)
3(103 325 104)
3(62 312 61)
3(372 62 61)
3(99 100 353)
3(99 333 100)
3(118 353 119)
3(118 119 372)
3(304 75 302)
3(304 302 56)
3(309 313 79)
3(309 60 313)
3(322 75 324)
3(322 324 94)
3(329 332 98)
3(329 79 332)
3(362 364 56)
3(362 113 364)
3(367 120 368)
3(367 368 63)
3(347 348 101)
3(347 120 348)
3(327 328 82)
3(327 101 328)
3(308 307 82)
3(308 63 307)
3(352 349 98)
3(352 117 349)
3(78 77 311)
3(78 331 77)
3(92 318 93)
3(337 92 93)
3(111 337 112)
3(358 111 112)
3(344 342 94)
3(344 113 342)
3(373 60 369)
3(373 369 117)
3(96 97 351)
3(96 331 97)
3(81 80 312)
3(81 333 80)
3(49 303 48)
3(318 73 74)
3(73 297 74)
3(365 66 65)
3(363 49 48)
3(66 306 65)
3(116 371 115)
3(351 116 115)
3(105 343 106)
3(85 325 84)
3(363 105 106)
3(85 84 306)
3(90 316 91)
3(317 91 316)
3(0 315 67)
3(336 90 91)
3(89 338 340)
3(108 340 338)
3(317 316 72)
3(107 340 108)
3(359 107 108)
3(336 91 339)
3(340 88 89)
3(359 360 51)
3(359 108 360)
3(58 57 370)
3(58 310 57)
3(346 102 103)
3(84 326 83)
3(121 122 366)
3(95 330 96)
3(350 95 96)
3(65 305 64)
3(316 71 72)
3(84 83 305)
3(71 296 72)
3(310 77 76)
3(115 370 114)
3(366 65 64)
3(121 346 122)
3(102 326 103)
3(350 115 114)
3(77 330 76)
3(300 301 50)
3(336 339 110)
3(319 321 69)
3(88 319 89)
3(321 68 69)
3(364 57 56)
3(91 317 92)
3(356 54 53)
3(92 317 318)
3(54 356 358)
3(366 368 121)
3(102 346 347)
3(83 327 82)
3(327 83 326)
3(368 120 121)
3(347 101 102)
3(112 342 113)
3(362 56 55)
3(362 55 358)
3(364 370 57)
3(64 307 63)
3(93 322 94)
3(318 322 93)
3(119 120 367)
3(82 328 81)
3(348 100 101)
3(52 360 357)
3(52 51 360)
3(338 90 336)
3(338 89 90)
3(60 309 59)
3(309 311 59)
3(310 304 57)
3(352 98 99)
3(80 332 79)
3(57 304 56)
3(61 313 60)
3(113 344 114)
3(339 91 92)
3(112 337 342)
3(56 302 55)
3(361 359 50)
3(320 70 71)
3(52 298 51)
3(369 60 59)
3(371 369 59)
3(118 373 117)
3(308 312 62)
3(351 97 349)
3(305 307 64)
3(100 348 353)
3(328 333 81)
3(372 119 367)
3(313 61 312)
3(352 99 353)
3(332 80 333)
3(95 324 330)
3(78 329 331)
3(54 299 53)
3(94 324 95)
3(55 302 297)
3(52 296 298)
3(79 329 78)
3(54 297 299)
3(63 308 62)
3(349 97 98)
3(373 118 372)
3(50 301 49)
3(50 49 361)
3(337 111 339)
3(95 350 344)
3(316 90 320)
3(340 341 88)
3(300 69 301)
3(319 88 321)
3(106 341 107)
3(337 339 92)
3(114 344 350)
3(316 320 71)
3(68 301 69)
3(340 107 341)
3(75 76 324)
3(72 299 73)
3(97 329 98)
3(82 81 308)
3(73 299 297)
3(349 117 116)
3(51 50 359)
3(305 83 307)
3(353 348 119)
3(328 100 333)
3(372 367 62)
3(332 333 99)
3(352 353 118)
3(74 297 302)
3(71 298 296)
3(308 81 312)
3(351 349 116)
3(75 304 76)
3(74 302 75)
3(80 79 313)
3(70 298 71)
3(310 76 304)
3(364 113 114)
3(72 73 317)
3(356 110 111)
3(111 358 356)
3(73 318 317)
3(346 121 347)
3(121 120 347)
3(366 64 368)
3(327 326 102)
3(368 64 63)
3(101 327 102)
3(362 112 113)
3(342 93 94)
3(362 358 112)
3(364 114 370)
3(83 82 307)
3(322 74 75)
3(318 74 322)
3(367 63 62)
3(348 120 119)
3(100 328 101)
3(338 336 109)
3(108 338 109)
3(109 357 360)
3(108 109 360)
3(309 79 78)
3(309 78 311)
3(373 372 61)
3(98 332 99)
3(352 118 117)
3(313 312 80)
3(76 330 324)
3(97 331 329)
3(361 107 359)
3(344 94 95)
3(110 339 111)
3(93 342 337)
3(89 320 90)
3(117 369 116)
3(371 116 369)
3(373 61 60)
3(87 321 88)
3(341 87 88)
3(366 122 365)
3(345 346 103)
3(326 84 325)
3(58 370 371)
3(58 311 310)
3(306 305 65)
3(361 106 107)
3(351 350 96)
3(330 77 331)
3(72 296 299)
3(51 300 50)
3(11 375 123)
3(330 331 96)
3(320 89 319)
3(320 319 70)
3(53 299 296)
3(109 336 110)
3(306 84 305)
3(366 365 65)
3(122 346 345)
3(326 325 103)
3(77 310 311)
3(115 371 370)
3(351 115 350)
3(357 109 110)
3(298 300 51)
3(319 69 70)
3(53 296 52)
3(357 53 52)
3(53 357 356)
3(3 354 105)
3(9 334 85)
3(123 355 11)
3(110 356 357)
3(298 70 300)
3(69 300 70)
3(335 0 67)
3(19 315 0)
3(374 3 105)
3(85 314 9)
3(1 335 86)
3(335 67 323)
3(355 123 345)
3(104 355 345)
3(335 323 86)
3(355 46 11)
3(365 123 375)
3(374 48 2)
3(315 303 67)
3(16 335 1)
3(11 47 375)
3(9 314 44)
3(374 18 3)
3(315 48 303)
3(17 354 3)
3(45 334 9)
3(355 104 10)
3(365 375 66)
3(343 354 86)
3(325 334 104)
3(8 314 66)
3(343 105 354)
3(325 85 334)
3(2 18 374)
3(363 48 374)
3(66 314 306)
3(355 10 46)
3(335 16 0)
3(44 314 8)
3(85 306 314)
3(363 374 105)
3(86 354 1)
3(104 334 10)
3(375 8 66)
3(375 47 8)
3(10 334 45)
3(1 354 17)
3(48 315 2)
3(2 315 19)
3(323 321 87)
3(321 323 68)
3(303 301 68)
3(301 303 49)
3(343 87 341)
3(341 106 343)
3(363 106 361)
3(361 49 363)
3(68 323 67)
3(67 303 68)
3(122 345 123)
3(123 365 122)
3(87 343 86)
3(86 323 87)
)


// ************************************************************************* //
