Block Name,Row ID,N,Time,avg(Area),avg(T),avg(U (0)),avg(U (1)),avg(U (2)),avg(U (Magnitude)),avg(vtkOriginalCellIds),max(Area),max(T),max(U (0)),max(U (1)),max(U (2)),max(U (Magnitude)),max(vtkOriginalCellIds),med(Area),med(T),med(U (0)),med(U (1)),med(U (2)),med(U (Magnitude)),med(vtkOriginalCellIds),min(Area),min(T),min(U (0)),min(U (1)),min(U (2)),min(U (Magnitude)),min(vtkOriginalCellIds),q1(Area),q1(T),q1(U (0)),q1(U (1)),q1(U (2)),q1(U (Magnitude)),q1(vtkOriginalCellIds),q3(Area),q3(T),q3(U (0)),q3(U (1)),q3(U (2)),q3(U (Magnitude)),q3(vtkOriginalCellIds),std(Area),std(T),std(U (0)),std(U (1)),std(U (2)),std(U (Magnitude)),std(vtkOriginalCellIds),vtkValidPointMask
stats,0,1,0.5,0.00500595,302.8,-0.0999789,1.03298e-05,0.000814881,0.0999822,0,0.00500595,302.8,-0.0999789,1.03298e-05,0.000814881,0.0999822,0,0.00500595,302.8,-0.0999789,1.03298e-05,0.000814881,0.0999822,0,0.00500595,302.8,-0.0999789,1.03298e-05,0.000814881,0.0999822,0,0.00500595,302.8,-0.0999789,1.03298e-05,0.000814881,0.0999822,0,0.00500595,302.8,-0.0999789,1.03298e-05,0.000814881,0.0999822,0,0,0,0,0,0,0,0,1
stats,1,1,1,0.00500595,302.8,-0.09996,-0.000108723,0.00163075,0.0999734,0,0.00500595,302.8,-0.09996,-0.000108723,0.00163075,0.0999734,0,0.00500595,302.8,-0.09996,-0.000108723,0.00163075,0.0999734,0,0.00500595,302.8,-0.09996,-0.000108723,0.00163075,0.0999734,0,0.00500595,302.8,-0.09996,-0.000108723,0.00163075,0.0999734,0,0.00500595,302.8,-0.09996,-0.000108723,0.00163075,0.0999734,0,0,0,0,0,0,0,0,1
stats,2,1,1.5,0.00500595,302.8,-0.0999393,4.60462e-05,-0.000462377,0.0999403,0,0.00500595,302.8,-0.0999393,4.60462e-05,-0.000462377,0.0999403,0,0.00500595,302.8,-0.0999393,4.60462e-05,-0.000462377,0.0999403,0,0.00500595,302.8,-0.0999393,4.60462e-05,-0.000462377,0.0999403,0,0.00500595,302.8,-0.0999393,4.60462e-05,-0.000462377,0.0999403,0,0.00500595,302.8,-0.0999393,4.60462e-05,-0.000462377,0.0999403,0,0,0,0,0,0,0,0,1
stats,3,1,2,0.00500595,302.8,-0.0999286,0.000157654,-0.00191456,0.0999471,0,0.00500595,302.8,-0.0999286,0.000157654,-0.00191456,0.0999471,0,0.00500595,302.8,-0.0999286,0.000157654,-0.00191456,0.0999471,0,0.00500595,302.8,-0.0999286,0.000157654,-0.00191456,0.0999471,0,0.00500595,302.8,-0.0999286,0.000157654,-0.00191456,0.0999471,0,0.00500595,302.8,-0.0999286,0.000157654,-0.00191456,0.0999471,0,0,0,0,0,0,0,0,1
stats,4,1,2.5,0.00500595,302.8,-0.0999233,0.000119033,-0.00265814,0.0999587,0,0.00500595,302.8,-0.0999233,0.000119033,-0.00265814,0.0999587,0,0.00500595,302.8,-0.0999233,0.000119033,-0.00265814,0.0999587,0,0.00500595,302.8,-0.0999233,0.000119033,-0.00265814,0.0999587,0,0.00500595,302.8,-0.0999233,0.000119033,-0.00265814,0.0999587,0,0.00500595,302.8,-0.0999233,0.000119033,-0.00265814,0.0999587,0,0,0,0,0,0,0,0,1
stats,5,1,3,0.00500595,302.8,-0.0999179,0.000113498,-0.0031955,0.099969,0,0.00500595,302.8,-0.0999179,0.000113498,-0.0031955,0.099969,0,0.00500595,302.8,-0.0999179,0.000113498,-0.0031955,0.099969,0,0.00500595,302.8,-0.0999179,0.000113498,-0.0031955,0.099969,0,0.00500595,302.8,-0.0999179,0.000113498,-0.0031955,0.099969,0,0.00500595,302.8,-0.0999179,0.000113498,-0.0031955,0.099969,0,0,0,0,0,0,0,0,1
stats,6,1,3.5,0.00500595,302.8,-0.0999137,0.000116236,-0.00361759,0.0999792,0,0.00500595,302.8,-0.0999137,0.000116236,-0.00361759,0.0999792,0,0.00500595,302.8,-0.0999137,0.000116236,-0.00361759,0.0999792,0,0.00500595,302.8,-0.0999137,0.000116236,-0.00361759,0.0999792,0,0.00500595,302.8,-0.0999137,0.000116236,-0.00361759,0.0999792,0,0.00500595,302.8,-0.0999137,0.000116236,-0.00361759,0.0999792,0,0,0,0,0,0,0,0,1
stats,7,1,4,0.00500595,302.8,-0.0999107,8.96557e-05,-0.00396529,0.0999894,0,0.00500595,302.8,-0.0999107,8.96557e-05,-0.00396529,0.0999894,0,0.00500595,302.8,-0.0999107,8.96557e-05,-0.00396529,0.0999894,0,0.00500595,302.8,-0.0999107,8.96557e-05,-0.00396529,0.0999894,0,0.00500595,302.8,-0.0999107,8.96557e-05,-0.00396529,0.0999894,0,0.00500595,302.8,-0.0999107,8.96557e-05,-0.00396529,0.0999894,0,0,0,0,0,0,0,0,1
stats,8,1,4.5,0.00500595,302.8,-0.0999069,5.25444e-05,-0.00426492,0.0999979,0,0.00500595,302.8,-0.0999069,5.25444e-05,-0.00426492,0.0999979,0,0.00500595,302.8,-0.0999069,5.25444e-05,-0.00426492,0.0999979,0,0.00500595,302.8,-0.0999069,5.25444e-05,-0.00426492,0.0999979,0,0.00500595,302.8,-0.0999069,5.25444e-05,-0.00426492,0.0999979,0,0.00500595,302.8,-0.0999069,5.25444e-05,-0.00426492,0.0999979,0,0,0,0,0,0,0,0,1
stats,9,1,5,0.00500595,302.8,-0.0999004,5.96472e-05,-0.00443631,0.0999989,0,0.00500595,302.8,-0.0999004,5.96472e-05,-0.00443631,0.0999989,0,0.00500595,302.8,-0.0999004,5.96472e-05,-0.00443631,0.0999989,0,0.00500595,302.8,-0.0999004,5.96472e-05,-0.00443631,0.0999989,0,0.00500595,302.8,-0.0999004,5.96472e-05,-0.00443631,0.0999989,0,0.00500595,302.8,-0.0999004,5.96472e-05,-0.00443631,0.0999989,0,0,0,0,0,0,0,0,1
stats,10,1,5.5,0.00500595,302.8,-0.0999009,4.54631e-05,-0.00442544,0.0999988,0,0.00500595,302.8,-0.0999009,4.54631e-05,-0.00442544,0.0999988,0,0.00500595,302.8,-0.0999009,4.54631e-05,-0.00442544,0.0999988,0,0.00500595,302.8,-0.0999009,4.54631e-05,-0.00442544,0.0999988,0,0.00500595,302.8,-0.0999009,4.54631e-05,-0.00442544,0.0999988,0,0.00500595,302.8,-0.0999009,4.54631e-05,-0.00442544,0.0999988,0,0,0,0,0,0,0,0,1
stats,11,1,6,0.00500595,302.8,-0.0999065,3.39477e-05,-0.00425956,0.0999973,0,0.00500595,302.8,-0.0999065,3.39477e-05,-0.00425956,0.0999973,0,0.00500595,302.8,-0.0999065,3.39477e-05,-0.00425956,0.0999973,0,0.00500595,302.8,-0.0999065,3.39477e-05,-0.00425956,0.0999973,0,0.00500595,302.8,-0.0999065,3.39477e-05,-0.00425956,0.0999973,0,0.00500595,302.8,-0.0999065,3.39477e-05,-0.00425956,0.0999973,0,0,0,0,0,0,0,0,1
stats,12,1,6.5,0.00500595,302.8,-0.0999114,3.83629e-06,-0.0038909,0.0999872,0,0.00500595,302.8,-0.0999114,3.83629e-06,-0.0038909,0.0999872,0,0.00500595,302.8,-0.0999114,3.83629e-06,-0.0038909,0.0999872,0,0.00500595,302.8,-0.0999114,3.83629e-06,-0.0038909,0.0999872,0,0.00500595,302.8,-0.0999114,3.83629e-06,-0.0038909,0.0999872,0,0.00500595,302.8,-0.0999114,3.83629e-06,-0.0038909,0.0999872,0,0,0,0,0,0,0,0,1
stats,13,1,7,0.00500595,302.8,-0.0999083,-3.49844e-05,-0.00306313,0.0999552,0,0.00500595,302.8,-0.0999083,-3.49844e-05,-0.00306313,0.0999552,0,0.00500595,302.8,-0.0999083,-3.49844e-05,-0.00306313,0.0999552,0,0.00500595,302.8,-0.0999083,-3.49844e-05,-0.00306313,0.0999552,0,0.00500595,302.8,-0.0999083,-3.49844e-05,-0.00306313,0.0999552,0,0.00500595,302.8,-0.0999083,-3.49844e-05,-0.00306313,0.0999552,0,0,0,0,0,0,0,0,1
stats,14,1,7.5,0.00500595,302.8,-0.0999333,-5.22713e-05,-0.00220336,0.0999576,0,0.00500595,302.8,-0.0999333,-5.22713e-05,-0.00220336,0.0999576,0,0.00500595,302.8,-0.0999333,-5.22713e-05,-0.00220336,0.0999576,0,0.00500595,302.8,-0.0999333,-5.22713e-05,-0.00220336,0.0999576,0,0.00500595,302.8,-0.0999333,-5.22713e-05,-0.00220336,0.0999576,0,0.00500595,302.8,-0.0999333,-5.22713e-05,-0.00220336,0.0999576,0,0,0,0,0,0,0,0,1
stats,15,1,8,0.00500595,302.8,-0.0999417,-0.000186519,-0.00188802,0.0999597,0,0.00500595,302.8,-0.0999417,-0.000186519,-0.00188802,0.0999597,0,0.00500595,302.8,-0.0999417,-0.000186519,-0.00188802,0.0999597,0,0.00500595,302.8,-0.0999417,-0.000186519,-0.00188802,0.0999597,0,0.00500595,302.8,-0.0999417,-0.000186519,-0.00188802,0.0999597,0,0.00500595,302.8,-0.0999417,-0.000186519,-0.00188802,0.0999597,0,0,0,0,0,0,0,0,1
stats,16,1,8.5,0.00500595,302.8,-0.0999479,-0.000315154,-0.000654406,0.0999506,0,0.00500595,302.8,-0.0999479,-0.000315154,-0.000654406,0.0999506,0,0.00500595,302.8,-0.0999479,-0.000315154,-0.000654406,0.0999506,0,0.00500595,302.8,-0.0999479,-0.000315154,-0.000654406,0.0999506,0,0.00500595,302.8,-0.0999479,-0.000315154,-0.000654406,0.0999506,0,0.00500595,302.8,-0.0999479,-0.000315154,-0.000654406,0.0999506,0,0,0,0,0,0,0,0,1
stats,17,1,9,0.00500595,302.8,-0.0999467,-0.000437755,0.000924092,0.0999519,0,0.00500595,302.8,-0.0999467,-0.000437755,0.000924092,0.0999519,0,0.00500595,302.8,-0.0999467,-0.000437755,0.000924092,0.0999519,0,0.00500595,302.8,-0.0999467,-0.000437755,0.000924092,0.0999519,0,0.00500595,302.8,-0.0999467,-0.000437755,0.000924092,0.0999519,0,0.00500595,302.8,-0.0999467,-0.000437755,0.000924092,0.0999519,0,0,0,0,0,0,0,0,1
stats,18,1,9.5,0.00500595,302.8,-0.0999365,-0.000385595,0.00193005,0.0999559,0,0.00500595,302.8,-0.0999365,-0.000385595,0.00193005,0.0999559,0,0.00500595,302.8,-0.0999365,-0.000385595,0.00193005,0.0999559,0,0.00500595,302.8,-0.0999365,-0.000385595,0.00193005,0.0999559,0,0.00500595,302.8,-0.0999365,-0.000385595,0.00193005,0.0999559,0,0.00500595,302.8,-0.0999365,-0.000385595,0.00193005,0.0999559,0,0,0,0,0,0,0,0,1
stats,19,1,10,0.00500595,302.8,-0.0999287,-0.000274561,0.00242988,0.0999586,0,0.00500595,302.8,-0.0999287,-0.000274561,0.00242988,0.0999586,0,0.00500595,302.8,-0.0999287,-0.000274561,0.00242988,0.0999586,0,0.00500595,302.8,-0.0999287,-0.000274561,0.00242988,0.0999586,0,0.00500595,302.8,-0.0999287,-0.000274561,0.00242988,0.0999586,0,0.00500595,302.8,-0.0999287,-0.000274561,0.00242988,0.0999586,0,0,0,0,0,0,0,0,1
stats,20,1,10.5,0.00500595,302.8,-0.0999277,-0.000119109,0.00275843,0.0999658,0,0.00500595,302.8,-0.0999277,-0.000119109,0.00275843,0.0999658,0,0.00500595,302.8,-0.0999277,-0.000119109,0.00275843,0.0999658,0,0.00500595,302.8,-0.0999277,-0.000119109,0.00275843,0.0999658,0,0.00500595,302.8,-0.0999277,-0.000119109,0.00275843,0.0999658,0,0.00500595,302.8,-0.0999277,-0.000119109,0.00275843,0.0999658,0,0,0,0,0,0,0,0,1
stats,21,1,11,0.00500595,302.8,-0.0999263,6.35534e-05,0.00312185,0.0999751,0,0.00500595,302.8,-0.0999263,6.35534e-05,0.00312185,0.0999751,0,0.00500595,302.8,-0.0999263,6.35534e-05,0.00312185,0.0999751,0,0.00500595,302.8,-0.0999263,6.35534e-05,0.00312185,0.0999751,0,0.00500595,302.8,-0.0999263,6.35534e-05,0.00312185,0.0999751,0,0.00500595,302.8,-0.0999263,6.35534e-05,0.00312185,0.0999751,0,0,0,0,0,0,0,0,1
stats,22,1,11.5,0.00500595,302.8,-0.0999251,0.000314935,0.00359341,0.0999902,0,0.00500595,302.8,-0.0999251,0.000314935,0.00359341,0.0999902,0,0.00500595,302.8,-0.0999251,0.000314935,0.00359341,0.0999902,0,0.00500595,302.8,-0.0999251,0.000314935,0.00359341,0.0999902,0,0.00500595,302.8,-0.0999251,0.000314935,0.00359341,0.0999902,0,0.00500595,302.8,-0.0999251,0.000314935,0.00359341,0.0999902,0,0,0,0,0,0,0,0,1
stats,23,1,12,0.00500595,302.8,-0.0999203,0.00062509,0.00394996,0.1,0,0.00500595,302.8,-0.0999203,0.00062509,0.00394996,0.1,0,0.00500595,302.8,-0.0999203,0.00062509,0.00394996,0.1,0,0.00500595,302.8,-0.0999203,0.00062509,0.00394996,0.1,0,0.00500595,302.8,-0.0999203,0.00062509,0.00394996,0.1,0,0.00500595,302.8,-0.0999203,0.00062509,0.00394996,0.1,0,0,0,0,0,0,0,0,1
stats,24,1,12.5,0.00500595,302.8,-0.0999113,0.00090347,0.0043009,0.100008,0,0.00500595,302.8,-0.0999113,0.00090347,0.0043009,0.100008,0,0.00500595,302.8,-0.0999113,0.00090347,0.0043009,0.100008,0,0.00500595,302.8,-0.0999113,0.00090347,0.0043009,0.100008,0,0.00500595,302.8,-0.0999113,0.00090347,0.0043009,0.100008,0,0.00500595,302.8,-0.0999113,0.00090347,0.0043009,0.100008,0,0,0,0,0,0,0,0,1
stats,25,1,13,0.00500595,302.8,-0.0998912,0.00122443,0.00441531,0.0999962,0,0.00500595,302.8,-0.0998912,0.00122443,0.00441531,0.0999962,0,0.00500595,302.8,-0.0998912,0.00122443,0.00441531,0.0999962,0,0.00500595,302.8,-0.0998912,0.00122443,0.00441531,0.0999962,0,0.00500595,302.8,-0.0998912,0.00122443,0.00441531,0.0999962,0,0.00500595,302.8,-0.0998912,0.00122443,0.00441531,0.0999962,0,0,0,0,0,0,0,0,1
stats,26,1,13.5,0.00500595,302.8,-0.0998852,0.00168581,0.00443848,0.099998,0,0.00500595,302.8,-0.0998852,0.00168581,0.00443848,0.099998,0,0.00500595,302.8,-0.0998852,0.00168581,0.00443848,0.099998,0,0.00500595,302.8,-0.0998852,0.00168581,0.00443848,0.099998,0,0.00500595,302.8,-0.0998852,0.00168581,0.00443848,0.099998,0,0.00500595,302.8,-0.0998852,0.00168581,0.00443848,0.099998,0,0,0,0,0,0,0,0,1
stats,27,1,14,0.00500595,302.8,-0.0998966,0.00208365,0.00460967,0.100025,0,0.00500595,302.8,-0.0998966,0.00208365,0.00460967,0.100025,0,0.00500595,302.8,-0.0998966,0.00208365,0.00460967,0.100025,0,0.00500595,302.8,-0.0998966,0.00208365,0.00460967,0.100025,0,0.00500595,302.8,-0.0998966,0.00208365,0.00460967,0.100025,0,0.00500595,302.8,-0.0998966,0.00208365,0.00460967,0.100025,0,0,0,0,0,0,0,0,1
stats,28,1,14.5,0.00500595,302.8,-0.0999003,0.00235501,0.00487818,0.100047,0,0.00500595,302.8,-0.0999003,0.00235501,0.00487818,0.100047,0,0.00500595,302.8,-0.0999003,0.00235501,0.00487818,0.100047,0,0.00500595,302.8,-0.0999003,0.00235501,0.00487818,0.100047,0,0.00500595,302.8,-0.0999003,0.00235501,0.00487818,0.100047,0,0.00500595,302.8,-0.0999003,0.00235501,0.00487818,0.100047,0,0,0,0,0,0,0,0,1
stats,29,1,15,0.00500595,302.8,-0.099883,0.00229239,0.00499873,0.100034,0,0.00500595,302.8,-0.099883,0.00229239,0.00499873,0.100034,0,0.00500595,302.8,-0.099883,0.00229239,0.00499873,0.100034,0,0.00500595,302.8,-0.099883,0.00229239,0.00499873,0.100034,0,0.00500595,302.8,-0.099883,0.00229239,0.00499873,0.100034,0,0.00500595,302.8,-0.099883,0.00229239,0.00499873,0.100034,0,0,0,0,0,0,0,0,1
stats,30,1,15.5,0.00500595,302.801,-0.0998999,0.00216098,0.00471637,0.100035,0,0.00500595,302.801,-0.0998999,0.00216098,0.00471637,0.100035,0,0.00500595,302.801,-0.0998999,0.00216098,0.00471637,0.100035,0,0.00500595,302.801,-0.0998999,0.00216098,0.00471637,0.100035,0,0.00500595,302.801,-0.0998999,0.00216098,0.00471637,0.100035,0,0.00500595,302.801,-0.0998999,0.00216098,0.00471637,0.100035,0,0,0,0,0,0,0,0,1
stats,31,1,16,0.00500595,302.802,-0.099895,0.00242588,0.00506596,0.100053,0,0.00500595,302.802,-0.099895,0.00242588,0.00506596,0.100053,0,0.00500595,302.802,-0.099895,0.00242588,0.00506596,0.100053,0,0.00500595,302.802,-0.099895,0.00242588,0.00506596,0.100053,0,0.00500595,302.802,-0.099895,0.00242588,0.00506596,0.100053,0,0.00500595,302.802,-0.099895,0.00242588,0.00506596,0.100053,0,0,0,0,0,0,0,0,1
stats,32,1,16.5,0.00500595,302.804,-0.099875,0.00273824,0.00559622,0.100069,0,0.00500595,302.804,-0.099875,0.00273824,0.00559622,0.100069,0,0.00500595,302.804,-0.099875,0.00273824,0.00559622,0.100069,0,0.00500595,302.804,-0.099875,0.00273824,0.00559622,0.100069,0,0.00500595,302.804,-0.099875,0.00273824,0.00559622,0.100069,0,0.00500595,302.804,-0.099875,0.00273824,0.00559622,0.100069,0,0,0,0,0,0,0,0,1
stats,33,1,17,0.00500595,302.807,-0.0998525,0.00293947,0.00597174,0.100074,0,0.00500595,302.807,-0.0998525,0.00293947,0.00597174,0.100074,0,0.00500595,302.807,-0.0998525,0.00293947,0.00597174,0.100074,0,0.00500595,302.807,-0.0998525,0.00293947,0.00597174,0.100074,0,0.00500595,302.807,-0.0998525,0.00293947,0.00597174,0.100074,0,0.00500595,302.807,-0.0998525,0.00293947,0.00597174,0.100074,0,0,0,0,0,0,0,0,1
stats,34,1,17.5,0.00500595,302.813,-0.0998724,0.00313778,0.00638837,0.100126,0,0.00500595,302.813,-0.0998724,0.00313778,0.00638837,0.100126,0,0.00500595,302.813,-0.0998724,0.00313778,0.00638837,0.100126,0,0.00500595,302.813,-0.0998724,0.00313778,0.00638837,0.100126,0,0.00500595,302.813,-0.0998724,0.00313778,0.00638837,0.100126,0,0.00500595,302.813,-0.0998724,0.00313778,0.00638837,0.100126,0,0,0,0,0,0,0,0,1
stats,35,1,18,0.00500595,302.821,-0.0998879,0.00328326,0.00679315,0.100172,0,0.00500595,302.821,-0.0998879,0.00328326,0.00679315,0.100172,0,0.00500595,302.821,-0.0998879,0.00328326,0.00679315,0.100172,0,0.00500595,302.821,-0.0998879,0.00328326,0.00679315,0.100172,0,0.00500595,302.821,-0.0998879,0.00328326,0.00679315,0.100172,0,0.00500595,302.821,-0.0998879,0.00328326,0.00679315,0.100172,0,0,0,0,0,0,0,0,1
stats,36,1,18.5,0.00500595,302.832,-0.099897,0.00309458,0.0071828,0.100203,0,0.00500595,302.832,-0.099897,0.00309458,0.0071828,0.100203,0,0.00500595,302.832,-0.099897,0.00309458,0.0071828,0.100203,0,0.00500595,302.832,-0.099897,0.00309458,0.0071828,0.100203,0,0.00500595,302.832,-0.099897,0.00309458,0.0071828,0.100203,0,0.00500595,302.832,-0.099897,0.00309458,0.0071828,0.100203,0,0,0,0,0,0,0,0,1
stats,37,1,19,0.00500595,302.846,-0.0999027,0.00268255,0.0074841,0.100219,0,0.00500595,302.846,-0.0999027,0.00268255,0.0074841,0.100219,0,0.00500595,302.846,-0.0999027,0.00268255,0.0074841,0.100219,0,0.00500595,302.846,-0.0999027,0.00268255,0.0074841,0.100219,0,0.00500595,302.846,-0.0999027,0.00268255,0.0074841,0.100219,0,0.00500595,302.846,-0.0999027,0.00268255,0.0074841,0.100219,0,0,0,0,0,0,0,0,1
stats,38,1,19.5,0.00500595,302.864,-0.0998983,0.00212601,0.00732383,0.100189,0,0.00500595,302.864,-0.0998983,0.00212601,0.00732383,0.100189,0,0.00500595,302.864,-0.0998983,0.00212601,0.00732383,0.100189,0,0.00500595,302.864,-0.0998983,0.00212601,0.00732383,0.100189,0,0.00500595,302.864,-0.0998983,0.00212601,0.00732383,0.100189,0,0.00500595,302.864,-0.0998983,0.00212601,0.00732383,0.100189,0,0,0,0,0,0,0,0,1
stats,39,1,20,0.00500595,302.885,-0.0998752,0.00177353,0.00635443,0.100093,0,0.00500595,302.885,-0.0998752,0.00177353,0.00635443,0.100093,0,0.00500595,302.885,-0.0998752,0.00177353,0.00635443,0.100093,0,0.00500595,302.885,-0.0998752,0.00177353,0.00635443,0.100093,0,0.00500595,302.885,-0.0998752,0.00177353,0.00635443,0.100093,0,0.00500595,302.885,-0.0998752,0.00177353,0.00635443,0.100093,0,0,0,0,0,0,0,0,1
stats,40,1,20.5,0.00500595,302.91,-0.0999078,0.00184673,0.00482838,0.100041,0,0.00500595,302.91,-0.0999078,0.00184673,0.00482838,0.100041,0,0.00500595,302.91,-0.0999078,0.00184673,0.00482838,0.100041,0,0.00500595,302.91,-0.0999078,0.00184673,0.00482838,0.100041,0,0.00500595,302.91,-0.0999078,0.00184673,0.00482838,0.100041,0,0.00500595,302.91,-0.0999078,0.00184673,0.00482838,0.100041,0,0,0,0,0,0,0,0,1
stats,41,1,21,0.00500595,302.935,-0.0999121,0.00166421,0.00473491,0.100038,0,0.00500595,302.935,-0.0999121,0.00166421,0.00473491,0.100038,0,0.00500595,302.935,-0.0999121,0.00166421,0.00473491,0.100038,0,0.00500595,302.935,-0.0999121,0.00166421,0.00473491,0.100038,0,0.00500595,302.935,-0.0999121,0.00166421,0.00473491,0.100038,0,0.00500595,302.935,-0.0999121,0.00166421,0.00473491,0.100038,0,0,0,0,0,0,0,0,1
stats,42,1,21.5,0.00500595,302.961,-0.0999141,0.0015061,0.00502893,0.100052,0,0.00500595,302.961,-0.0999141,0.0015061,0.00502893,0.100052,0,0.00500595,302.961,-0.0999141,0.0015061,0.00502893,0.100052,0,0.00500595,302.961,-0.0999141,0.0015061,0.00502893,0.100052,0,0.00500595,302.961,-0.0999141,0.0015061,0.00502893,0.100052,0,0.00500595,302.961,-0.0999141,0.0015061,0.00502893,0.100052,0,0,0,0,0,0,0,0,1
stats,43,1,22,0.00500595,302.988,-0.0999111,0.00153638,0.00528362,0.100062,0,0.00500595,302.988,-0.0999111,0.00153638,0.00528362,0.100062,0,0.00500595,302.988,-0.0999111,0.00153638,0.00528362,0.100062,0,0.00500595,302.988,-0.0999111,0.00153638,0.00528362,0.100062,0,0.00500595,302.988,-0.0999111,0.00153638,0.00528362,0.100062,0,0.00500595,302.988,-0.0999111,0.00153638,0.00528362,0.100062,0,0,0,0,0,0,0,0,1
stats,44,1,22.5,0.00500595,303.015,-0.0999067,0.00168206,0.00541402,0.100067,0,0.00500595,303.015,-0.0999067,0.00168206,0.00541402,0.100067,0,0.00500595,303.015,-0.0999067,0.00168206,0.00541402,0.100067,0,0.00500595,303.015,-0.0999067,0.00168206,0.00541402,0.100067,0,0.00500595,303.015,-0.0999067,0.00168206,0.00541402,0.100067,0,0.00500595,303.015,-0.0999067,0.00168206,0.00541402,0.100067,0,0,0,0,0,0,0,0,1
stats,45,1,23,0.00500595,303.044,-0.099903,0.00193532,0.00544648,0.10007,0,0.00500595,303.044,-0.099903,0.00193532,0.00544648,0.10007,0,0.00500595,303.044,-0.099903,0.00193532,0.00544648,0.10007,0,0.00500595,303.044,-0.099903,0.00193532,0.00544648,0.10007,0,0.00500595,303.044,-0.099903,0.00193532,0.00544648,0.10007,0,0.00500595,303.044,-0.099903,0.00193532,0.00544648,0.10007,0,0,0,0,0,0,0,0,1
stats,46,1,23.5,0.00500595,303.073,-0.0999003,0.00219109,0.00541097,0.100071,0,0.00500595,303.073,-0.0999003,0.00219109,0.00541097,0.100071,0,0.00500595,303.073,-0.0999003,0.00219109,0.00541097,0.100071,0,0.00500595,303.073,-0.0999003,0.00219109,0.00541097,0.100071,0,0.00500595,303.073,-0.0999003,0.00219109,0.00541097,0.100071,0,0.00500595,303.073,-0.0999003,0.00219109,0.00541097,0.100071,0,0,0,0,0,0,0,0,1
stats,47,1,24,0.00500595,303.103,-0.0998992,0.00237032,0.00532899,0.100069,0,0.00500595,303.103,-0.0998992,0.00237032,0.00532899,0.100069,0,0.00500595,303.103,-0.0998992,0.00237032,0.00532899,0.100069,0,0.00500595,303.103,-0.0998992,0.00237032,0.00532899,0.100069,0,0.00500595,303.103,-0.0998992,0.00237032,0.00532899,0.100069,0,0.00500595,303.103,-0.0998992,0.00237032,0.00532899,0.100069,0,0,0,0,0,0,0,0,1
stats,48,1,24.5,0.00500595,303.134,-0.0998988,0.00245964,0.00529717,0.100069,0,0.00500595,303.134,-0.0998988,0.00245964,0.00529717,0.100069,0,0.00500595,303.134,-0.0998988,0.00245964,0.00529717,0.100069,0,0.00500595,303.134,-0.0998988,0.00245964,0.00529717,0.100069,0,0.00500595,303.134,-0.0998988,0.00245964,0.00529717,0.100069,0,0.00500595,303.134,-0.0998988,0.00245964,0.00529717,0.100069,0,0,0,0,0,0,0,0,1
stats,49,1,25,0.00500595,303.165,-0.0998954,0.00248656,0.00534468,0.100069,0,0.00500595,303.165,-0.0998954,0.00248656,0.00534468,0.100069,0,0.00500595,303.165,-0.0998954,0.00248656,0.00534468,0.100069,0,0.00500595,303.165,-0.0998954,0.00248656,0.00534468,0.100069,0,0.00500595,303.165,-0.0998954,0.00248656,0.00534468,0.100069,0,0.00500595,303.165,-0.0998954,0.00248656,0.00534468,0.100069,0,0,0,0,0,0,0,0,1
stats,50,1,25.5,0.00500595,303.196,-0.0998957,0.00248688,0.00539091,0.100072,0,0.00500595,303.196,-0.0998957,0.00248688,0.00539091,0.100072,0,0.00500595,303.196,-0.0998957,0.00248688,0.00539091,0.100072,0,0.00500595,303.196,-0.0998957,0.00248688,0.00539091,0.100072,0,0.00500595,303.196,-0.0998957,0.00248688,0.00539091,0.100072,0,0.00500595,303.196,-0.0998957,0.00248688,0.00539091,0.100072,0,0,0,0,0,0,0,0,1
stats,51,1,26,0.00500595,303.227,-0.0998976,0.00251211,0.00546743,0.100079,0,0.00500595,303.227,-0.0998976,0.00251211,0.00546743,0.100079,0,0.00500595,303.227,-0.0998976,0.00251211,0.00546743,0.100079,0,0.00500595,303.227,-0.0998976,0.00251211,0.00546743,0.100079,0,0.00500595,303.227,-0.0998976,0.00251211,0.00546743,0.100079,0,0.00500595,303.227,-0.0998976,0.00251211,0.00546743,0.100079,0,0,0,0,0,0,0,0,1
stats,52,1,26.5,0.00500595,303.257,-0.0998958,0.00257034,0.005584,0.100085,0,0.00500595,303.257,-0.0998958,0.00257034,0.005584,0.100085,0,0.00500595,303.257,-0.0998958,0.00257034,0.005584,0.100085,0,0.00500595,303.257,-0.0998958,0.00257034,0.005584,0.100085,0,0.00500595,303.257,-0.0998958,0.00257034,0.005584,0.100085,0,0.00500595,303.257,-0.0998958,0.00257034,0.005584,0.100085,0,0,0,0,0,0,0,0,1
stats,53,1,27,0.00500595,303.286,-0.0998959,0.00267057,0.00572742,0.100096,0,0.00500595,303.286,-0.0998959,0.00267057,0.00572742,0.100096,0,0.00500595,303.286,-0.0998959,0.00267057,0.00572742,0.100096,0,0.00500595,303.286,-0.0998959,0.00267057,0.00572742,0.100096,0,0.00500595,303.286,-0.0998959,0.00267057,0.00572742,0.100096,0,0.00500595,303.286,-0.0998959,0.00267057,0.00572742,0.100096,0,0,0,0,0,0,0,0,1
stats,54,1,27.5,0.00500595,303.314,-0.0998938,0.00280358,0.00589525,0.100107,0,0.00500595,303.314,-0.0998938,0.00280358,0.00589525,0.100107,0,0.00500595,303.314,-0.0998938,0.00280358,0.00589525,0.100107,0,0.00500595,303.314,-0.0998938,0.00280358,0.00589525,0.100107,0,0.00500595,303.314,-0.0998938,0.00280358,0.00589525,0.100107,0,0.00500595,303.314,-0.0998938,0.00280358,0.00589525,0.100107,0,0,0,0,0,0,0,0,1
stats,55,1,28,0.00500595,303.342,-0.0998882,0.0029095,0.00603593,0.100113,0,0.00500595,303.342,-0.0998882,0.0029095,0.00603593,0.100113,0,0.00500595,303.342,-0.0998882,0.0029095,0.00603593,0.100113,0,0.00500595,303.342,-0.0998882,0.0029095,0.00603593,0.100113,0,0.00500595,303.342,-0.0998882,0.0029095,0.00603593,0.100113,0,0.00500595,303.342,-0.0998882,0.0029095,0.00603593,0.100113,0,0,0,0,0,0,0,0,1
stats,56,1,28.5,0.00500595,303.369,-0.0998798,0.00294982,0.00613673,0.100112,0,0.00500595,303.369,-0.0998798,0.00294982,0.00613673,0.100112,0,0.00500595,303.369,-0.0998798,0.00294982,0.00613673,0.100112,0,0.00500595,303.369,-0.0998798,0.00294982,0.00613673,0.100112,0,0.00500595,303.369,-0.0998798,0.00294982,0.00613673,0.100112,0,0.00500595,303.369,-0.0998798,0.00294982,0.00613673,0.100112,0,0,0,0,0,0,0,0,1
stats,57,1,29,0.00500595,303.397,-0.0998703,0.00288994,0.0062321,0.100106,0,0.00500595,303.397,-0.0998703,0.00288994,0.0062321,0.100106,0,0.00500595,303.397,-0.0998703,0.00288994,0.0062321,0.100106,0,0.00500595,303.397,-0.0998703,0.00288994,0.0062321,0.100106,0,0.00500595,303.397,-0.0998703,0.00288994,0.0062321,0.100106,0,0.00500595,303.397,-0.0998703,0.00288994,0.0062321,0.100106,0,0,0,0,0,0,0,0,1
stats,58,1,29.5,0.00500595,303.424,-0.0998573,0.00271036,0.00634729,0.100096,0,0.00500595,303.424,-0.0998573,0.00271036,0.00634729,0.100096,0,0.00500595,303.424,-0.0998573,0.00271036,0.00634729,0.100096,0,0.00500595,303.424,-0.0998573,0.00271036,0.00634729,0.100096,0,0.00500595,303.424,-0.0998573,0.00271036,0.00634729,0.100096,0,0.00500595,303.424,-0.0998573,0.00271036,0.00634729,0.100096,0,0,0,0,0,0,0,0,1
stats,59,1,30,0.00500595,303.45,-0.0998359,0.00233247,0.00649376,0.100074,0,0.00500595,303.45,-0.0998359,0.00233247,0.00649376,0.100074,0,0.00500595,303.45,-0.0998359,0.00233247,0.00649376,0.100074,0,0.00500595,303.45,-0.0998359,0.00233247,0.00649376,0.100074,0,0.00500595,303.45,-0.0998359,0.00233247,0.00649376,0.100074,0,0.00500595,303.45,-0.0998359,0.00233247,0.00649376,0.100074,0,0,0,0,0,0,0,0,1
stats,60,1,30.5,0.00500595,303.474,-0.0998539,0.00201138,0.00670858,0.100099,0,0.00500595,303.474,-0.0998539,0.00201138,0.00670858,0.100099,0,0.00500595,303.474,-0.0998539,0.00201138,0.00670858,0.100099,0,0.00500595,303.474,-0.0998539,0.00201138,0.00670858,0.100099,0,0.00500595,303.474,-0.0998539,0.00201138,0.00670858,0.100099,0,0.00500595,303.474,-0.0998539,0.00201138,0.00670858,0.100099,0,0,0,0,0,0,0,0,1
stats,61,1,31,0.00500595,303.497,-0.099881,0.00160713,0.00693679,0.100134,0,0.00500595,303.497,-0.099881,0.00160713,0.00693679,0.100134,0,0.00500595,303.497,-0.099881,0.00160713,0.00693679,0.100134,0,0.00500595,303.497,-0.099881,0.00160713,0.00693679,0.100134,0,0.00500595,303.497,-0.099881,0.00160713,0.00693679,0.100134,0,0.00500595,303.497,-0.099881,0.00160713,0.00693679,0.100134,0,0,0,0,0,0,0,0,1
stats,62,1,31.5,0.00500595,303.519,-0.0998939,0.00129138,0.00710674,0.100155,0,0.00500595,303.519,-0.0998939,0.00129138,0.00710674,0.100155,0,0.00500595,303.519,-0.0998939,0.00129138,0.00710674,0.100155,0,0.00500595,303.519,-0.0998939,0.00129138,0.00710674,0.100155,0,0.00500595,303.519,-0.0998939,0.00129138,0.00710674,0.100155,0,0.00500595,303.519,-0.0998939,0.00129138,0.00710674,0.100155,0,0,0,0,0,0,0,0,1
stats,63,1,32,0.00500595,303.544,-0.0998937,0.000964773,0.00708905,0.10015,0,0.00500595,303.544,-0.0998937,0.000964773,0.00708905,0.10015,0,0.00500595,303.544,-0.0998937,0.000964773,0.00708905,0.10015,0,0.00500595,303.544,-0.0998937,0.000964773,0.00708905,0.10015,0,0.00500595,303.544,-0.0998937,0.000964773,0.00708905,0.10015,0,0.00500595,303.544,-0.0998937,0.000964773,0.00708905,0.10015,0,0,0,0,0,0,0,0,1
stats,64,1,32.5,0.00500595,303.573,-0.0998893,0.000659713,0.00668828,0.100115,0,0.00500595,303.573,-0.0998893,0.000659713,0.00668828,0.100115,0,0.00500595,303.573,-0.0998893,0.000659713,0.00668828,0.100115,0,0.00500595,303.573,-0.0998893,0.000659713,0.00668828,0.100115,0,0.00500595,303.573,-0.0998893,0.000659713,0.00668828,0.100115,0,0.00500595,303.573,-0.0998893,0.000659713,0.00668828,0.100115,0,0,0,0,0,0,0,0,1
stats,65,1,33,0.00500595,303.607,-0.0998819,0.000433502,0.00592495,0.100058,0,0.00500595,303.607,-0.0998819,0.000433502,0.00592495,0.100058,0,0.00500595,303.607,-0.0998819,0.000433502,0.00592495,0.100058,0,0.00500595,303.607,-0.0998819,0.000433502,0.00592495,0.100058,0,0.00500595,303.607,-0.0998819,0.000433502,0.00592495,0.100058,0,0.00500595,303.607,-0.0998819,0.000433502,0.00592495,0.100058,0,0,0,0,0,0,0,0,1
stats,66,1,33.5,0.00500595,303.643,-0.0998948,0.000334592,0.0051508,0.100028,0,0.00500595,303.643,-0.0998948,0.000334592,0.0051508,0.100028,0,0.00500595,303.643,-0.0998948,0.000334592,0.0051508,0.100028,0,0.00500595,303.643,-0.0998948,0.000334592,0.0051508,0.100028,0,0.00500595,303.643,-0.0998948,0.000334592,0.0051508,0.100028,0,0.00500595,303.643,-0.0998948,0.000334592,0.0051508,0.100028,0,0,0,0,0,0,0,0,1
stats,67,1,34,0.00500595,303.662,-0.0998875,0.000290227,0.00532081,0.10003,0,0.00500595,303.662,-0.0998875,0.000290227,0.00532081,0.10003,0,0.00500595,303.662,-0.0998875,0.000290227,0.00532081,0.10003,0,0.00500595,303.662,-0.0998875,0.000290227,0.00532081,0.10003,0,0.00500595,303.662,-0.0998875,0.000290227,0.00532081,0.10003,0,0.00500595,303.662,-0.0998875,0.000290227,0.00532081,0.10003,0,0,0,0,0,0,0,0,1
stats,68,1,34.5,0.00500595,303.675,-0.0998511,0.0001042,0.00601361,0.100032,0,0.00500595,303.675,-0.0998511,0.0001042,0.00601361,0.100032,0,0.00500595,303.675,-0.0998511,0.0001042,0.00601361,0.100032,0,0.00500595,303.675,-0.0998511,0.0001042,0.00601361,0.100032,0,0.00500595,303.675,-0.0998511,0.0001042,0.00601361,0.100032,0,0.00500595,303.675,-0.0998511,0.0001042,0.00601361,0.100032,0,0,0,0,0,0,0,0,1
stats,69,1,35,0.00500595,303.683,-0.099893,5.97913e-07,0.00700643,0.100138,0,0.00500595,303.683,-0.099893,5.97913e-07,0.00700643,0.100138,0,0.00500595,303.683,-0.099893,5.97913e-07,0.00700643,0.100138,0,0.00500595,303.683,-0.099893,5.97913e-07,0.00700643,0.100138,0,0.00500595,303.683,-0.099893,5.97913e-07,0.00700643,0.100138,0,0.00500595,303.683,-0.099893,5.97913e-07,0.00700643,0.100138,0,0,0,0,0,0,0,0,1
stats,70,1,35.5,0.00500595,303.691,-0.099913,-2.78875e-05,0.00813203,0.100243,0,0.00500595,303.691,-0.099913,-2.78875e-05,0.00813203,0.100243,0,0.00500595,303.691,-0.099913,-2.78875e-05,0.00813203,0.100243,0,0.00500595,303.691,-0.099913,-2.78875e-05,0.00813203,0.100243,0,0.00500595,303.691,-0.099913,-2.78875e-05,0.00813203,0.100243,0,0.00500595,303.691,-0.099913,-2.78875e-05,0.00813203,0.100243,0,0,0,0,0,0,0,0,1
stats,71,1,36,0.00500595,303.696,-0.0999119,-2.88345e-05,0.00947893,0.100361,0,0.00500595,303.696,-0.0999119,-2.88345e-05,0.00947893,0.100361,0,0.00500595,303.696,-0.0999119,-2.88345e-05,0.00947893,0.100361,0,0.00500595,303.696,-0.0999119,-2.88345e-05,0.00947893,0.100361,0,0.00500595,303.696,-0.0999119,-2.88345e-05,0.00947893,0.100361,0,0.00500595,303.696,-0.0999119,-2.88345e-05,0.00947893,0.100361,0,0,0,0,0,0,0,0,1
stats,72,1,36.5,0.00500595,303.698,-0.0998958,-3.4765e-05,0.011033,0.100503,0,0.00500595,303.698,-0.0998958,-3.4765e-05,0.011033,0.100503,0,0.00500595,303.698,-0.0998958,-3.4765e-05,0.011033,0.100503,0,0.00500595,303.698,-0.0998958,-3.4765e-05,0.011033,0.100503,0,0.00500595,303.698,-0.0998958,-3.4765e-05,0.011033,0.100503,0,0.00500595,303.698,-0.0998958,-3.4765e-05,0.011033,0.100503,0,0,0,0,0,0,0,0,1
stats,73,1,37,0.00500595,303.701,-0.0998729,5.54459e-07,0.012406,0.10064,0,0.00500595,303.701,-0.0998729,5.54459e-07,0.012406,0.10064,0,0.00500595,303.701,-0.0998729,5.54459e-07,0.012406,0.10064,0,0.00500595,303.701,-0.0998729,5.54459e-07,0.012406,0.10064,0,0.00500595,303.701,-0.0998729,5.54459e-07,0.012406,0.10064,0,0.00500595,303.701,-0.0998729,5.54459e-07,0.012406,0.10064,0,0,0,0,0,0,0,0,1
stats,74,1,37.5,0.00500595,303.715,-0.0998592,-0.000105883,0.0129121,0.100691,0,0.00500595,303.715,-0.0998592,-0.000105883,0.0129121,0.100691,0,0.00500595,303.715,-0.0998592,-0.000105883,0.0129121,0.100691,0,0.00500595,303.715,-0.0998592,-0.000105883,0.0129121,0.100691,0,0.00500595,303.715,-0.0998592,-0.000105883,0.0129121,0.100691,0,0.00500595,303.715,-0.0998592,-0.000105883,0.0129121,0.100691,0,0,0,0,0,0,0,0,1
stats,75,1,38,0.00500595,303.748,-0.0998621,-0.000389771,0.010884,0.100454,0,0.00500595,303.748,-0.0998621,-0.000389771,0.010884,0.100454,0,0.00500595,303.748,-0.0998621,-0.000389771,0.010884,0.100454,0,0.00500595,303.748,-0.0998621,-0.000389771,0.010884,0.100454,0,0.00500595,303.748,-0.0998621,-0.000389771,0.010884,0.100454,0,0.00500595,303.748,-0.0998621,-0.000389771,0.010884,0.100454,0,0,0,0,0,0,0,0,1
stats,76,1,38.5,0.00500595,303.814,-0.0998789,-0.000790612,0.00660452,0.1001,0,0.00500595,303.814,-0.0998789,-0.000790612,0.00660452,0.1001,0,0.00500595,303.814,-0.0998789,-0.000790612,0.00660452,0.1001,0,0.00500595,303.814,-0.0998789,-0.000790612,0.00660452,0.1001,0,0.00500595,303.814,-0.0998789,-0.000790612,0.00660452,0.1001,0,0.00500595,303.814,-0.0998789,-0.000790612,0.00660452,0.1001,0,0,0,0,0,0,0,0,1
stats,77,1,39,0.00500595,303.859,-0.099904,-0.00108382,0.00418928,0.0999977,0,0.00500595,303.859,-0.099904,-0.00108382,0.00418928,0.0999977,0,0.00500595,303.859,-0.099904,-0.00108382,0.00418928,0.0999977,0,0.00500595,303.859,-0.099904,-0.00108382,0.00418928,0.0999977,0,0.00500595,303.859,-0.099904,-0.00108382,0.00418928,0.0999977,0,0.00500595,303.859,-0.099904,-0.00108382,0.00418928,0.0999977,0,0,0,0,0,0,0,0,1
stats,78,1,39.5,0.00500595,303.885,-0.0999015,-0.00147577,0.00350741,0.099974,0,0.00500595,303.885,-0.0999015,-0.00147577,0.00350741,0.099974,0,0.00500595,303.885,-0.0999015,-0.00147577,0.00350741,0.099974,0,0.00500595,303.885,-0.0999015,-0.00147577,0.00350741,0.099974,0,0.00500595,303.885,-0.0999015,-0.00147577,0.00350741,0.099974,0,0.00500595,303.885,-0.0999015,-0.00147577,0.00350741,0.099974,0,0,0,0,0,0,0,0,1
stats,79,1,40,0.00500595,303.905,-0.0998972,-0.00163346,0.00350358,0.099972,0,0.00500595,303.905,-0.0998972,-0.00163346,0.00350358,0.099972,0,0.00500595,303.905,-0.0998972,-0.00163346,0.00350358,0.099972,0,0.00500595,303.905,-0.0998972,-0.00163346,0.00350358,0.099972,0,0.00500595,303.905,-0.0998972,-0.00163346,0.00350358,0.099972,0,0.00500595,303.905,-0.0998972,-0.00163346,0.00350358,0.099972,0,0,0,0,0,0,0,0,1
stats,80,1,40.5,0.00500595,303.921,-0.0998996,-0.00176527,0.00373235,0.0999849,0,0.00500595,303.921,-0.0998996,-0.00176527,0.00373235,0.0999849,0,0.00500595,303.921,-0.0998996,-0.00176527,0.00373235,0.0999849,0,0.00500595,303.921,-0.0998996,-0.00176527,0.00373235,0.0999849,0,0.00500595,303.921,-0.0998996,-0.00176527,0.00373235,0.0999849,0,0.00500595,303.921,-0.0998996,-0.00176527,0.00373235,0.0999849,0,0,0,0,0,0,0,0,1
stats,81,1,41,0.00500595,303.933,-0.0999008,-0.00206405,0.00414987,0.100008,0,0.00500595,303.933,-0.0999008,-0.00206405,0.00414987,0.100008,0,0.00500595,303.933,-0.0999008,-0.00206405,0.00414987,0.100008,0,0.00500595,303.933,-0.0999008,-0.00206405,0.00414987,0.100008,0,0.00500595,303.933,-0.0999008,-0.00206405,0.00414987,0.100008,0,0.00500595,303.933,-0.0999008,-0.00206405,0.00414987,0.100008,0,0,0,0,0,0,0,0,1
stats,82,1,41.5,0.00500595,303.943,-0.0998999,-0.00236334,0.0046119,0.100034,0,0.00500595,303.943,-0.0998999,-0.00236334,0.0046119,0.100034,0,0.00500595,303.943,-0.0998999,-0.00236334,0.0046119,0.100034,0,0.00500595,303.943,-0.0998999,-0.00236334,0.0046119,0.100034,0,0.00500595,303.943,-0.0998999,-0.00236334,0.0046119,0.100034,0,0.00500595,303.943,-0.0998999,-0.00236334,0.0046119,0.100034,0,0,0,0,0,0,0,0,1
stats,83,1,42,0.00500595,303.953,-0.0998995,-0.00260793,0.0052434,0.100071,0,0.00500595,303.953,-0.0998995,-0.00260793,0.0052434,0.100071,0,0.00500595,303.953,-0.0998995,-0.00260793,0.0052434,0.100071,0,0.00500595,303.953,-0.0998995,-0.00260793,0.0052434,0.100071,0,0.00500595,303.953,-0.0998995,-0.00260793,0.0052434,0.100071,0,0.00500595,303.953,-0.0998995,-0.00260793,0.0052434,0.100071,0,0,0,0,0,0,0,0,1
stats,84,1,42.5,0.00500595,303.962,-0.0998983,-0.00289979,0.00574439,0.100105,0,0.00500595,303.962,-0.0998983,-0.00289979,0.00574439,0.100105,0,0.00500595,303.962,-0.0998983,-0.00289979,0.00574439,0.100105,0,0.00500595,303.962,-0.0998983,-0.00289979,0.00574439,0.100105,0,0.00500595,303.962,-0.0998983,-0.00289979,0.00574439,0.100105,0,0.00500595,303.962,-0.0998983,-0.00289979,0.00574439,0.100105,0,0,0,0,0,0,0,0,1
stats,85,1,43,0.00500595,303.97,-0.0998847,-0.00343781,0.00624472,0.100139,0,0.00500595,303.97,-0.0998847,-0.00343781,0.00624472,0.100139,0,0.00500595,303.97,-0.0998847,-0.00343781,0.00624472,0.100139,0,0.00500595,303.97,-0.0998847,-0.00343781,0.00624472,0.100139,0,0.00500595,303.97,-0.0998847,-0.00343781,0.00624472,0.100139,0,0.00500595,303.97,-0.0998847,-0.00343781,0.00624472,0.100139,0,0,0,0,0,0,0,0,1
stats,86,1,43.5,0.00500595,303.977,-0.0998809,-0.00413502,0.00683019,0.1002,0,0.00500595,303.977,-0.0998809,-0.00413502,0.00683019,0.1002,0,0.00500595,303.977,-0.0998809,-0.00413502,0.00683019,0.1002,0,0.00500595,303.977,-0.0998809,-0.00413502,0.00683019,0.1002,0,0.00500595,303.977,-0.0998809,-0.00413502,0.00683019,0.1002,0,0.00500595,303.977,-0.0998809,-0.00413502,0.00683019,0.1002,0,0,0,0,0,0,0,0,1
stats,87,1,44,0.00500595,303.981,-0.0998679,-0.00475526,0.00758933,0.100269,0,0.00500595,303.981,-0.0998679,-0.00475526,0.00758933,0.100269,0,0.00500595,303.981,-0.0998679,-0.00475526,0.00758933,0.100269,0,0.00500595,303.981,-0.0998679,-0.00475526,0.00758933,0.100269,0,0.00500595,303.981,-0.0998679,-0.00475526,0.00758933,0.100269,0,0.00500595,303.981,-0.0998679,-0.00475526,0.00758933,0.100269,0,0,0,0,0,0,0,0,1
stats,88,1,44.5,0.00500595,303.983,-0.0998623,-0.00537027,0.00856537,0.100373,0,0.00500595,303.983,-0.0998623,-0.00537027,0.00856537,0.100373,0,0.00500595,303.983,-0.0998623,-0.00537027,0.00856537,0.100373,0,0.00500595,303.983,-0.0998623,-0.00537027,0.00856537,0.100373,0,0.00500595,303.983,-0.0998623,-0.00537027,0.00856537,0.100373,0,0.00500595,303.983,-0.0998623,-0.00537027,0.00856537,0.100373,0,0,0,0,0,0,0,0,1
stats,89,1,45,0.00500595,303.984,-0.0998492,-0.00592279,0.0100662,0.10053,0,0.00500595,303.984,-0.0998492,-0.00592279,0.0100662,0.10053,0,0.00500595,303.984,-0.0998492,-0.00592279,0.0100662,0.10053,0,0.00500595,303.984,-0.0998492,-0.00592279,0.0100662,0.10053,0,0.00500595,303.984,-0.0998492,-0.00592279,0.0100662,0.10053,0,0.00500595,303.984,-0.0998492,-0.00592279,0.0100662,0.10053,0,0,0,0,0,0,0,0,1
stats,90,1,45.5,0.00500595,303.985,-0.0998373,-0.0068675,0.0119279,0.100782,0,0.00500595,303.985,-0.0998373,-0.0068675,0.0119279,0.100782,0,0.00500595,303.985,-0.0998373,-0.0068675,0.0119279,0.100782,0,0.00500595,303.985,-0.0998373,-0.0068675,0.0119279,0.100782,0,0.00500595,303.985,-0.0998373,-0.0068675,0.0119279,0.100782,0,0.00500595,303.985,-0.0998373,-0.0068675,0.0119279,0.100782,0,0,0,0,0,0,0,0,1
stats,91,1,46,0.00500595,303.989,-0.0998247,-0.00785368,0.0133013,0.101013,0,0.00500595,303.989,-0.0998247,-0.00785368,0.0133013,0.101013,0,0.00500595,303.989,-0.0998247,-0.00785368,0.0133013,0.101013,0,0.00500595,303.989,-0.0998247,-0.00785368,0.0133013,0.101013,0,0.00500595,303.989,-0.0998247,-0.00785368,0.0133013,0.101013,0,0.00500595,303.989,-0.0998247,-0.00785368,0.0133013,0.101013,0,0,0,0,0,0,0,0,1
stats,92,1,46.5,0.00500595,304.008,-0.0998309,-0.00820223,0.0123354,0.100924,0,0.00500595,304.008,-0.0998309,-0.00820223,0.0123354,0.100924,0,0.00500595,304.008,-0.0998309,-0.00820223,0.0123354,0.100924,0,0.00500595,304.008,-0.0998309,-0.00820223,0.0123354,0.100924,0,0.00500595,304.008,-0.0998309,-0.00820223,0.0123354,0.100924,0,0.00500595,304.008,-0.0998309,-0.00820223,0.0123354,0.100924,0,0,0,0,0,0,0,0,1
stats,93,1,47,0.00500595,304.04,-0.0998312,-0.00674668,0.00883455,0.100448,0,0.00500595,304.04,-0.0998312,-0.00674668,0.00883455,0.100448,0,0.00500595,304.04,-0.0998312,-0.00674668,0.00883455,0.100448,0,0.00500595,304.04,-0.0998312,-0.00674668,0.00883455,0.100448,0,0.00500595,304.04,-0.0998312,-0.00674668,0.00883455,0.100448,0,0.00500595,304.04,-0.0998312,-0.00674668,0.00883455,0.100448,0,0,0,0,0,0,0,0,1
stats,94,1,47.5,0.00500595,304.084,-0.0999188,-0.00437608,0.00505491,0.100142,0,0.00500595,304.084,-0.0999188,-0.00437608,0.00505491,0.100142,0,0.00500595,304.084,-0.0999188,-0.00437608,0.00505491,0.100142,0,0.00500595,304.084,-0.0999188,-0.00437608,0.00505491,0.100142,0,0.00500595,304.084,-0.0999188,-0.00437608,0.00505491,0.100142,0,0.00500595,304.084,-0.0999188,-0.00437608,0.00505491,0.100142,0,0,0,0,0,0,0,0,1
stats,95,1,48,0.00500595,304.098,-0.0998915,-0.00399039,0.00416844,0.100058,0,0.00500595,304.098,-0.0998915,-0.00399039,0.00416844,0.100058,0,0.00500595,304.098,-0.0998915,-0.00399039,0.00416844,0.100058,0,0.00500595,304.098,-0.0998915,-0.00399039,0.00416844,0.100058,0,0.00500595,304.098,-0.0998915,-0.00399039,0.00416844,0.100058,0,0.00500595,304.098,-0.0998915,-0.00399039,0.00416844,0.100058,0,0,0,0,0,0,0,0,1
stats,96,1,48.5,0.00500595,304.118,-0.0999091,-0.0036965,0.00392552,0.100055,0,0.00500595,304.118,-0.0999091,-0.0036965,0.00392552,0.100055,0,0.00500595,304.118,-0.0999091,-0.0036965,0.00392552,0.100055,0,0.00500595,304.118,-0.0999091,-0.0036965,0.00392552,0.100055,0,0.00500595,304.118,-0.0999091,-0.0036965,0.00392552,0.100055,0,0.00500595,304.118,-0.0999091,-0.0036965,0.00392552,0.100055,0,0,0,0,0,0,0,0,1
stats,97,1,49,0.00500595,304.131,-0.0999097,-0.00363612,0.00393698,0.100053,0,0.00500595,304.131,-0.0999097,-0.00363612,0.00393698,0.100053,0,0.00500595,304.131,-0.0999097,-0.00363612,0.00393698,0.100053,0,0.00500595,304.131,-0.0999097,-0.00363612,0.00393698,0.100053,0,0.00500595,304.131,-0.0999097,-0.00363612,0.00393698,0.100053,0,0.00500595,304.131,-0.0999097,-0.00363612,0.00393698,0.100053,0,0,0,0,0,0,0,0,1
stats,98,1,49.5,0.00500595,304.14,-0.0999123,-0.00373611,0.00416464,0.100069,0,0.00500595,304.14,-0.0999123,-0.00373611,0.00416464,0.100069,0,0.00500595,304.14,-0.0999123,-0.00373611,0.00416464,0.100069,0,0.00500595,304.14,-0.0999123,-0.00373611,0.00416464,0.100069,0,0.00500595,304.14,-0.0999123,-0.00373611,0.00416464,0.100069,0,0.00500595,304.14,-0.0999123,-0.00373611,0.00416464,0.100069,0,0,0,0,0,0,0,0,1
stats,99,1,50,0.00500595,304.145,-0.0999072,-0.00402989,0.00459736,0.100094,0,0.00500595,304.145,-0.0999072,-0.00402989,0.00459736,0.100094,0,0.00500595,304.145,-0.0999072,-0.00402989,0.00459736,0.100094,0,0.00500595,304.145,-0.0999072,-0.00402989,0.00459736,0.100094,0,0.00500595,304.145,-0.0999072,-0.00402989,0.00459736,0.100094,0,0.00500595,304.145,-0.0999072,-0.00402989,0.00459736,0.100094,0,0,0,0,0,0,0,0,1
stats,100,1,50.5,0.00500595,304.15,-0.0999052,-0.00446447,0.00515479,0.100138,0,0.00500595,304.15,-0.0999052,-0.00446447,0.00515479,0.100138,0,0.00500595,304.15,-0.0999052,-0.00446447,0.00515479,0.100138,0,0.00500595,304.15,-0.0999052,-0.00446447,0.00515479,0.100138,0,0.00500595,304.15,-0.0999052,-0.00446447,0.00515479,0.100138,0,0.00500595,304.15,-0.0999052,-0.00446447,0.00515479,0.100138,0,0,0,0,0,0,0,0,1
stats,101,1,51,0.00500595,304.152,-0.0999015,-0.0051263,0.00573561,0.100197,0,0.00500595,304.152,-0.0999015,-0.0051263,0.00573561,0.100197,0,0.00500595,304.152,-0.0999015,-0.0051263,0.00573561,0.100197,0,0.00500595,304.152,-0.0999015,-0.0051263,0.00573561,0.100197,0,0.00500595,304.152,-0.0999015,-0.0051263,0.00573561,0.100197,0,0.00500595,304.152,-0.0999015,-0.0051263,0.00573561,0.100197,0,0,0,0,0,0,0,0,1
stats,102,1,51.5,0.00500595,304.154,-0.0998947,-0.00591145,0.00630126,0.100268,0,0.00500595,304.154,-0.0998947,-0.00591145,0.00630126,0.100268,0,0.00500595,304.154,-0.0998947,-0.00591145,0.00630126,0.100268,0,0.00500595,304.154,-0.0998947,-0.00591145,0.00630126,0.100268,0,0.00500595,304.154,-0.0998947,-0.00591145,0.00630126,0.100268,0,0.00500595,304.154,-0.0998947,-0.00591145,0.00630126,0.100268,0,0,0,0,0,0,0,0,1
stats,103,1,52,0.00500595,304.154,-0.0998849,-0.00671105,0.00696782,0.100352,0,0.00500595,304.154,-0.0998849,-0.00671105,0.00696782,0.100352,0,0.00500595,304.154,-0.0998849,-0.00671105,0.00696782,0.100352,0,0.00500595,304.154,-0.0998849,-0.00671105,0.00696782,0.100352,0,0.00500595,304.154,-0.0998849,-0.00671105,0.00696782,0.100352,0,0.00500595,304.154,-0.0998849,-0.00671105,0.00696782,0.100352,0,0,0,0,0,0,0,0,1
stats,104,1,52.5,0.00500595,304.155,-0.0998757,-0.00733601,0.00742466,0.10042,0,0.00500595,304.155,-0.0998757,-0.00733601,0.00742466,0.10042,0,0.00500595,304.155,-0.0998757,-0.00733601,0.00742466,0.10042,0,0.00500595,304.155,-0.0998757,-0.00733601,0.00742466,0.10042,0,0.00500595,304.155,-0.0998757,-0.00733601,0.00742466,0.10042,0,0.00500595,304.155,-0.0998757,-0.00733601,0.00742466,0.10042,0,0,0,0,0,0,0,0,1
stats,105,1,53,0.00500595,304.158,-0.0998704,-0.00765694,0.00769351,0.100459,0,0.00500595,304.158,-0.0998704,-0.00765694,0.00769351,0.100459,0,0.00500595,304.158,-0.0998704,-0.00765694,0.00769351,0.100459,0,0.00500595,304.158,-0.0998704,-0.00765694,0.00769351,0.100459,0,0.00500595,304.158,-0.0998704,-0.00765694,0.00769351,0.100459,0,0.00500595,304.158,-0.0998704,-0.00765694,0.00769351,0.100459,0,0,0,0,0,0,0,0,1
stats,106,1,53.5,0.00500595,304.166,-0.0998661,-0.00772553,0.00774567,0.100463,0,0.00500595,304.166,-0.0998661,-0.00772553,0.00774567,0.100463,0,0.00500595,304.166,-0.0998661,-0.00772553,0.00774567,0.100463,0,0.00500595,304.166,-0.0998661,-0.00772553,0.00774567,0.100463,0,0.00500595,304.166,-0.0998661,-0.00772553,0.00774567,0.100463,0,0.00500595,304.166,-0.0998661,-0.00772553,0.00774567,0.100463,0,0,0,0,0,0,0,0,1
stats,107,1,54,0.00500595,304.181,-0.0998676,-0.00733115,0.00729914,0.100402,0,0.00500595,304.181,-0.0998676,-0.00733115,0.00729914,0.100402,0,0.00500595,304.181,-0.0998676,-0.00733115,0.00729914,0.100402,0,0.00500595,304.181,-0.0998676,-0.00733115,0.00729914,0.100402,0,0.00500595,304.181,-0.0998676,-0.00733115,0.00729914,0.100402,0,0.00500595,304.181,-0.0998676,-0.00733115,0.00729914,0.100402,0,0,0,0,0,0,0,0,1
stats,108,1,54.5,0.00500595,304.203,-0.0998756,-0.00660241,0.00642156,0.100299,0,0.00500595,304.203,-0.0998756,-0.00660241,0.00642156,0.100299,0,0.00500595,304.203,-0.0998756,-0.00660241,0.00642156,0.100299,0,0.00500595,304.203,-0.0998756,-0.00660241,0.00642156,0.100299,0,0.00500595,304.203,-0.0998756,-0.00660241,0.00642156,0.100299,0,0.00500595,304.203,-0.0998756,-0.00660241,0.00642156,0.100299,0,0,0,0,0,0,0,0,1
stats,109,1,55,0.00500595,304.225,-0.0998898,-0.00596962,0.00570799,0.100231,0,0.00500595,304.225,-0.0998898,-0.00596962,0.00570799,0.100231,0,0.00500595,304.225,-0.0998898,-0.00596962,0.00570799,0.100231,0,0.00500595,304.225,-0.0998898,-0.00596962,0.00570799,0.100231,0,0.00500595,304.225,-0.0998898,-0.00596962,0.00570799,0.100231,0,0.00500595,304.225,-0.0998898,-0.00596962,0.00570799,0.100231,0,0,0,0,0,0,0,0,1
stats,110,1,55.5,0.00500595,304.246,-0.0998975,-0.00530582,0.00515361,0.100171,0,0.00500595,304.246,-0.0998975,-0.00530582,0.00515361,0.100171,0,0.00500595,304.246,-0.0998975,-0.00530582,0.00515361,0.100171,0,0.00500595,304.246,-0.0998975,-0.00530582,0.00515361,0.100171,0,0.00500595,304.246,-0.0998975,-0.00530582,0.00515361,0.100171,0,0.00500595,304.246,-0.0998975,-0.00530582,0.00515361,0.100171,0,0,0,0,0,0,0,0,1
stats,111,1,56,0.00500595,304.269,-0.0999032,-0.00458259,0.00449899,0.100109,0,0.00500595,304.269,-0.0999032,-0.00458259,0.00449899,0.100109,0,0.00500595,304.269,-0.0999032,-0.00458259,0.00449899,0.100109,0,0.00500595,304.269,-0.0999032,-0.00458259,0.00449899,0.100109,0,0.00500595,304.269,-0.0999032,-0.00458259,0.00449899,0.100109,0,0.00500595,304.269,-0.0999032,-0.00458259,0.00449899,0.100109,0,0,0,0,0,0,0,0,1
stats,112,1,56.5,0.00500595,304.286,-0.0999119,-0.00383836,0.00390066,0.100062,0,0.00500595,304.286,-0.0999119,-0.00383836,0.00390066,0.100062,0,0.00500595,304.286,-0.0999119,-0.00383836,0.00390066,0.100062,0,0.00500595,304.286,-0.0999119,-0.00383836,0.00390066,0.100062,0,0.00500595,304.286,-0.0999119,-0.00383836,0.00390066,0.100062,0,0.00500595,304.286,-0.0999119,-0.00383836,0.00390066,0.100062,0,0,0,0,0,0,0,0,1
stats,113,1,57,0.00500595,304.31,-0.0998993,-0.00279808,0.00320031,0.0999897,0,0.00500595,304.31,-0.0998993,-0.00279808,0.00320031,0.0999897,0,0.00500595,304.31,-0.0998993,-0.00279808,0.00320031,0.0999897,0,0.00500595,304.31,-0.0998993,-0.00279808,0.00320031,0.0999897,0,0.00500595,304.31,-0.0998993,-0.00279808,0.00320031,0.0999897,0,0.00500595,304.31,-0.0998993,-0.00279808,0.00320031,0.0999897,0,0,0,0,0,0,0,0,1
stats,114,1,57.5,0.00500595,304.332,-0.0999194,-0.00250431,0.00312793,0.0999997,0,0.00500595,304.332,-0.0999194,-0.00250431,0.00312793,0.0999997,0,0.00500595,304.332,-0.0999194,-0.00250431,0.00312793,0.0999997,0,0.00500595,304.332,-0.0999194,-0.00250431,0.00312793,0.0999997,0,0.00500595,304.332,-0.0999194,-0.00250431,0.00312793,0.0999997,0,0.00500595,304.332,-0.0999194,-0.00250431,0.00312793,0.0999997,0,0,0,0,0,0,0,0,1
stats,115,1,58,0.00500595,304.342,-0.0999185,-0.00241702,0.00348526,0.100008,0,0.00500595,304.342,-0.0999185,-0.00241702,0.00348526,0.100008,0,0.00500595,304.342,-0.0999185,-0.00241702,0.00348526,0.100008,0,0.00500595,304.342,-0.0999185,-0.00241702,0.00348526,0.100008,0,0.00500595,304.342,-0.0999185,-0.00241702,0.00348526,0.100008,0,0.00500595,304.342,-0.0999185,-0.00241702,0.00348526,0.100008,0,0,0,0,0,0,0,0,1
stats,116,1,58.5,0.00500595,304.351,-0.0999157,-0.00229548,0.0038523,0.100016,0,0.00500595,304.351,-0.0999157,-0.00229548,0.0038523,0.100016,0,0.00500595,304.351,-0.0999157,-0.00229548,0.0038523,0.100016,0,0.00500595,304.351,-0.0999157,-0.00229548,0.0038523,0.100016,0,0.00500595,304.351,-0.0999157,-0.00229548,0.0038523,0.100016,0,0.00500595,304.351,-0.0999157,-0.00229548,0.0038523,0.100016,0,0,0,0,0,0,0,0,1
stats,117,1,59,0.00500595,304.359,-0.0999135,-0.00220703,0.00410023,0.100022,0,0.00500595,304.359,-0.0999135,-0.00220703,0.00410023,0.100022,0,0.00500595,304.359,-0.0999135,-0.00220703,0.00410023,0.100022,0,0.00500595,304.359,-0.0999135,-0.00220703,0.00410023,0.100022,0,0.00500595,304.359,-0.0999135,-0.00220703,0.00410023,0.100022,0,0.00500595,304.359,-0.0999135,-0.00220703,0.00410023,0.100022,0,0,0,0,0,0,0,0,1
stats,118,1,59.5,0.00500595,304.367,-0.0999102,-0.00214857,0.00420002,0.100021,0,0.00500595,304.367,-0.0999102,-0.00214857,0.00420002,0.100021,0,0.00500595,304.367,-0.0999102,-0.00214857,0.00420002,0.100021,0,0.00500595,304.367,-0.0999102,-0.00214857,0.00420002,0.100021,0,0.00500595,304.367,-0.0999102,-0.00214857,0.00420002,0.100021,0,0.00500595,304.367,-0.0999102,-0.00214857,0.00420002,0.100021,0,0,0,0,0,0,0,0,1
stats,119,1,60,0.00500595,304.375,-0.0999057,-0.00207479,0.00419503,0.100015,0,0.00500595,304.375,-0.0999057,-0.00207479,0.00419503,0.100015,0,0.00500595,304.375,-0.0999057,-0.00207479,0.00419503,0.100015,0,0.00500595,304.375,-0.0999057,-0.00207479,0.00419503,0.100015,0,0.00500595,304.375,-0.0999057,-0.00207479,0.00419503,0.100015,0,0.00500595,304.375,-0.0999057,-0.00207479,0.00419503,0.100015,0,0,0,0,0,0,0,0,1
stats,120,1,60.5,0.00500595,304.385,-0.0999041,-0.00197165,0.00418906,0.100011,0,0.00500595,304.385,-0.0999041,-0.00197165,0.00418906,0.100011,0,0.00500595,304.385,-0.0999041,-0.00197165,0.00418906,0.100011,0,0.00500595,304.385,-0.0999041,-0.00197165,0.00418906,0.100011,0,0.00500595,304.385,-0.0999041,-0.00197165,0.00418906,0.100011,0,0.00500595,304.385,-0.0999041,-0.00197165,0.00418906,0.100011,0,0,0,0,0,0,0,0,1
stats,121,1,61,0.00500595,304.397,-0.0999038,-0.00183886,0.00417681,0.100008,0,0.00500595,304.397,-0.0999038,-0.00183886,0.00417681,0.100008,0,0.00500595,304.397,-0.0999038,-0.00183886,0.00417681,0.100008,0,0.00500595,304.397,-0.0999038,-0.00183886,0.00417681,0.100008,0,0.00500595,304.397,-0.0999038,-0.00183886,0.00417681,0.100008,0,0.00500595,304.397,-0.0999038,-0.00183886,0.00417681,0.100008,0,0,0,0,0,0,0,0,1
stats,122,1,61.5,0.00500595,304.407,-0.0999059,-0.00164096,0.00418655,0.100007,0,0.00500595,304.407,-0.0999059,-0.00164096,0.00418655,0.100007,0,0.00500595,304.407,-0.0999059,-0.00164096,0.00418655,0.100007,0,0.00500595,304.407,-0.0999059,-0.00164096,0.00418655,0.100007,0,0.00500595,304.407,-0.0999059,-0.00164096,0.00418655,0.100007,0,0.00500595,304.407,-0.0999059,-0.00164096,0.00418655,0.100007,0,0,0,0,0,0,0,0,1
stats,123,1,62,0.00500595,304.416,-0.0999012,-0.00136075,0.00428618,0.100002,0,0.00500595,304.416,-0.0999012,-0.00136075,0.00428618,0.100002,0,0.00500595,304.416,-0.0999012,-0.00136075,0.00428618,0.100002,0,0.00500595,304.416,-0.0999012,-0.00136075,0.00428618,0.100002,0,0.00500595,304.416,-0.0999012,-0.00136075,0.00428618,0.100002,0,0.00500595,304.416,-0.0999012,-0.00136075,0.00428618,0.100002,0,0,0,0,0,0,0,0,1
stats,124,1,62.5,0.00500595,304.425,-0.099906,-0.00102623,0.00443719,0.10001,0,0.00500595,304.425,-0.099906,-0.00102623,0.00443719,0.10001,0,0.00500595,304.425,-0.099906,-0.00102623,0.00443719,0.10001,0,0.00500595,304.425,-0.099906,-0.00102623,0.00443719,0.10001,0,0.00500595,304.425,-0.099906,-0.00102623,0.00443719,0.10001,0,0.00500595,304.425,-0.099906,-0.00102623,0.00443719,0.10001,0,0,0,0,0,0,0,0,1
stats,125,1,63,0.00500595,304.432,-0.099905,-0.000734932,0.0046989,0.100018,0,0.00500595,304.432,-0.099905,-0.000734932,0.0046989,0.100018,0,0.00500595,304.432,-0.099905,-0.000734932,0.0046989,0.100018,0,0.00500595,304.432,-0.099905,-0.000734932,0.0046989,0.100018,0,0.00500595,304.432,-0.099905,-0.000734932,0.0046989,0.100018,0,0.00500595,304.432,-0.099905,-0.000734932,0.0046989,0.100018,0,0,0,0,0,0,0,0,1
stats,126,1,63.5,0.00500595,304.438,-0.0999024,-0.000456079,0.00498775,0.100028,0,0.00500595,304.438,-0.0999024,-0.000456079,0.00498775,0.100028,0,0.00500595,304.438,-0.0999024,-0.000456079,0.00498775,0.100028,0,0.00500595,304.438,-0.0999024,-0.000456079,0.00498775,0.100028,0,0.00500595,304.438,-0.0999024,-0.000456079,0.00498775,0.100028,0,0.00500595,304.438,-0.0999024,-0.000456079,0.00498775,0.100028,0,0,0,0,0,0,0,0,1
stats,127,1,64,0.00500595,304.444,-0.0998968,-7.15724e-05,0.00530775,0.100038,0,0.00500595,304.444,-0.0998968,-7.15724e-05,0.00530775,0.100038,0,0.00500595,304.444,-0.0998968,-7.15724e-05,0.00530775,0.100038,0,0.00500595,304.444,-0.0998968,-7.15724e-05,0.00530775,0.100038,0,0.00500595,304.444,-0.0998968,-7.15724e-05,0.00530775,0.100038,0,0.00500595,304.444,-0.0998968,-7.15724e-05,0.00530775,0.100038,0,0,0,0,0,0,0,0,1
stats,128,1,64.5,0.00500595,304.45,-0.0998888,0.000403678,0.00559101,0.100046,0,0.00500595,304.45,-0.0998888,0.000403678,0.00559101,0.100046,0,0.00500595,304.45,-0.0998888,0.000403678,0.00559101,0.100046,0,0.00500595,304.45,-0.0998888,0.000403678,0.00559101,0.100046,0,0.00500595,304.45,-0.0998888,0.000403678,0.00559101,0.100046,0,0.00500595,304.45,-0.0998888,0.000403678,0.00559101,0.100046,0,0,0,0,0,0,0,0,1
stats,129,1,65,0.00500595,304.456,-0.0998864,0.000971299,0.00585198,0.100062,0,0.00500595,304.456,-0.0998864,0.000971299,0.00585198,0.100062,0,0.00500595,304.456,-0.0998864,0.000971299,0.00585198,0.100062,0,0.00500595,304.456,-0.0998864,0.000971299,0.00585198,0.100062,0,0.00500595,304.456,-0.0998864,0.000971299,0.00585198,0.100062,0,0.00500595,304.456,-0.0998864,0.000971299,0.00585198,0.100062,0,0,0,0,0,0,0,0,1
stats,130,1,65.5,0.00500595,304.463,-0.0998855,0.00157374,0.00608859,0.100083,0,0.00500595,304.463,-0.0998855,0.00157374,0.00608859,0.100083,0,0.00500595,304.463,-0.0998855,0.00157374,0.00608859,0.100083,0,0.00500595,304.463,-0.0998855,0.00157374,0.00608859,0.100083,0,0.00500595,304.463,-0.0998855,0.00157374,0.00608859,0.100083,0,0.00500595,304.463,-0.0998855,0.00157374,0.00608859,0.100083,0,0,0,0,0,0,0,0,1
stats,131,1,66,0.00500595,304.471,-0.0998906,0.00223942,0.00620051,0.100108,0,0.00500595,304.471,-0.0998906,0.00223942,0.00620051,0.100108,0,0.00500595,304.471,-0.0998906,0.00223942,0.00620051,0.100108,0,0.00500595,304.471,-0.0998906,0.00223942,0.00620051,0.100108,0,0.00500595,304.471,-0.0998906,0.00223942,0.00620051,0.100108,0,0.00500595,304.471,-0.0998906,0.00223942,0.00620051,0.100108,0,0,0,0,0,0,0,0,1
stats,132,1,66.5,0.00500595,304.478,-0.0998928,0.00267471,0.00634373,0.10013,0,0.00500595,304.478,-0.0998928,0.00267471,0.00634373,0.10013,0,0.00500595,304.478,-0.0998928,0.00267471,0.00634373,0.10013,0,0.00500595,304.478,-0.0998928,0.00267471,0.00634373,0.10013,0,0.00500595,304.478,-0.0998928,0.00267471,0.00634373,0.10013,0,0.00500595,304.478,-0.0998928,0.00267471,0.00634373,0.10013,0,0,0,0,0,0,0,0,1
stats,133,1,67,0.00500595,304.483,-0.0998907,0.00269744,0.00658727,0.100144,0,0.00500595,304.483,-0.0998907,0.00269744,0.00658727,0.100144,0,0.00500595,304.483,-0.0998907,0.00269744,0.00658727,0.100144,0,0.00500595,304.483,-0.0998907,0.00269744,0.00658727,0.100144,0,0.00500595,304.483,-0.0998907,0.00269744,0.00658727,0.100144,0,0.00500595,304.483,-0.0998907,0.00269744,0.00658727,0.100144,0,0,0,0,0,0,0,0,1
stats,134,1,67.5,0.00500595,304.488,-0.0998841,0.00258407,0.00683894,0.100151,0,0.00500595,304.488,-0.0998841,0.00258407,0.00683894,0.100151,0,0.00500595,304.488,-0.0998841,0.00258407,0.00683894,0.100151,0,0.00500595,304.488,-0.0998841,0.00258407,0.00683894,0.100151,0,0.00500595,304.488,-0.0998841,0.00258407,0.00683894,0.100151,0,0.00500595,304.488,-0.0998841,0.00258407,0.00683894,0.100151,0,0,0,0,0,0,0,0,1
stats,135,1,68,0.00500595,304.494,-0.0998854,0.00270135,0.00682445,0.100155,0,0.00500595,304.494,-0.0998854,0.00270135,0.00682445,0.100155,0,0.00500595,304.494,-0.0998854,0.00270135,0.00682445,0.100155,0,0.00500595,304.494,-0.0998854,0.00270135,0.00682445,0.100155,0,0.00500595,304.494,-0.0998854,0.00270135,0.00682445,0.100155,0,0.00500595,304.494,-0.0998854,0.00270135,0.00682445,0.100155,0,0,0,0,0,0,0,0,1
stats,136,1,68.5,0.00500595,304.5,-0.099889,0.00297042,0.00674061,0.10016,0,0.00500595,304.5,-0.099889,0.00297042,0.00674061,0.10016,0,0.00500595,304.5,-0.099889,0.00297042,0.00674061,0.10016,0,0.00500595,304.5,-0.099889,0.00297042,0.00674061,0.10016,0,0.00500595,304.5,-0.099889,0.00297042,0.00674061,0.10016,0,0.00500595,304.5,-0.099889,0.00297042,0.00674061,0.10016,0,0,0,0,0,0,0,0,1
stats,137,1,69,0.00500595,304.511,-0.099885,0.00370974,0.00631434,0.100153,0,0.00500595,304.511,-0.099885,0.00370974,0.00631434,0.100153,0,0.00500595,304.511,-0.099885,0.00370974,0.00631434,0.100153,0,0.00500595,304.511,-0.099885,0.00370974,0.00631434,0.100153,0,0.00500595,304.511,-0.099885,0.00370974,0.00631434,0.100153,0,0.00500595,304.511,-0.099885,0.00370974,0.00631434,0.100153,0,0,0,0,0,0,0,0,1
stats,138,1,69.5,0.00500595,304.536,-0.099896,0.00525217,0.0056797,0.100195,0,0.00500595,304.536,-0.099896,0.00525217,0.0056797,0.100195,0,0.00500595,304.536,-0.099896,0.00525217,0.0056797,0.100195,0,0.00500595,304.536,-0.099896,0.00525217,0.0056797,0.100195,0,0.00500595,304.536,-0.099896,0.00525217,0.0056797,0.100195,0,0.00500595,304.536,-0.099896,0.00525217,0.0056797,0.100195,0,0,0,0,0,0,0,0,1
stats,139,1,70,0.00500595,304.55,-0.0998943,0.00633474,0.00554772,0.100249,0,0.00500595,304.55,-0.0998943,0.00633474,0.00554772,0.100249,0,0.00500595,304.55,-0.0998943,0.00633474,0.00554772,0.100249,0,0.00500595,304.55,-0.0998943,0.00633474,0.00554772,0.100249,0,0.00500595,304.55,-0.0998943,0.00633474,0.00554772,0.100249,0,0.00500595,304.55,-0.0998943,0.00633474,0.00554772,0.100249,0,0,0,0,0,0,0,0,1
stats,140,1,70.5,0.00500595,304.557,-0.0998843,0.00690463,0.00578865,0.10029,0,0.00500595,304.557,-0.0998843,0.00690463,0.00578865,0.10029,0,0.00500595,304.557,-0.0998843,0.00690463,0.00578865,0.10029,0,0.00500595,304.557,-0.0998843,0.00690463,0.00578865,0.10029,0,0.00500595,304.557,-0.0998843,0.00690463,0.00578865,0.10029,0,0.00500595,304.557,-0.0998843,0.00690463,0.00578865,0.10029,0,0,0,0,0,0,0,0,1
stats,141,1,71,0.00500595,304.564,-0.0998761,0.00719207,0.00605514,0.100318,0,0.00500595,304.564,-0.0998761,0.00719207,0.00605514,0.100318,0,0.00500595,304.564,-0.0998761,0.00719207,0.00605514,0.100318,0,0.00500595,304.564,-0.0998761,0.00719207,0.00605514,0.100318,0,0.00500595,304.564,-0.0998761,0.00719207,0.00605514,0.100318,0,0.00500595,304.564,-0.0998761,0.00719207,0.00605514,0.100318,0,0,0,0,0,0,0,0,1
stats,142,1,71.5,0.00500595,304.57,-0.0998709,0.00724258,0.00616943,0.100323,0,0.00500595,304.57,-0.0998709,0.00724258,0.00616943,0.100323,0,0.00500595,304.57,-0.0998709,0.00724258,0.00616943,0.100323,0,0.00500595,304.57,-0.0998709,0.00724258,0.00616943,0.100323,0,0.00500595,304.57,-0.0998709,0.00724258,0.00616943,0.100323,0,0.00500595,304.57,-0.0998709,0.00724258,0.00616943,0.100323,0,0,0,0,0,0,0,0,1
stats,143,1,72,0.00500595,304.576,-0.0998706,0.00706305,0.00617797,0.10031,0,0.00500595,304.576,-0.0998706,0.00706305,0.00617797,0.10031,0,0.00500595,304.576,-0.0998706,0.00706305,0.00617797,0.10031,0,0.00500595,304.576,-0.0998706,0.00706305,0.00617797,0.10031,0,0.00500595,304.576,-0.0998706,0.00706305,0.00617797,0.10031,0,0.00500595,304.576,-0.0998706,0.00706305,0.00617797,0.10031,0,0,0,0,0,0,0,0,1
stats,144,1,72.5,0.00500595,304.582,-0.0998736,0.00687217,0.0061346,0.100298,0,0.00500595,304.582,-0.0998736,0.00687217,0.0061346,0.100298,0,0.00500595,304.582,-0.0998736,0.00687217,0.0061346,0.100298,0,0.00500595,304.582,-0.0998736,0.00687217,0.0061346,0.100298,0,0.00500595,304.582,-0.0998736,0.00687217,0.0061346,0.100298,0,0.00500595,304.582,-0.0998736,0.00687217,0.0061346,0.100298,0,0,0,0,0,0,0,0,1
stats,145,1,73,0.00500595,304.588,-0.0998803,0.00656634,0.00605788,0.100279,0,0.00500595,304.588,-0.0998803,0.00656634,0.00605788,0.100279,0,0.00500595,304.588,-0.0998803,0.00656634,0.00605788,0.100279,0,0.00500595,304.588,-0.0998803,0.00656634,0.00605788,0.100279,0,0.00500595,304.588,-0.0998803,0.00656634,0.00605788,0.100279,0,0.00500595,304.588,-0.0998803,0.00656634,0.00605788,0.100279,0,0,0,0,0,0,0,0,1
stats,146,1,73.5,0.00500595,304.595,-0.0998567,0.0058651,0.0057718,0.100195,0,0.00500595,304.595,-0.0998567,0.0058651,0.0057718,0.100195,0,0.00500595,304.595,-0.0998567,0.0058651,0.0057718,0.100195,0,0.00500595,304.595,-0.0998567,0.0058651,0.0057718,0.100195,0,0.00500595,304.595,-0.0998567,0.0058651,0.0057718,0.100195,0,0.00500595,304.595,-0.0998567,0.0058651,0.0057718,0.100195,0,0,0,0,0,0,0,0,1
stats,147,1,74,0.00500595,304.604,-0.099884,0.00476569,0.00540678,0.100144,0,0.00500595,304.604,-0.099884,0.00476569,0.00540678,0.100144,0,0.00500595,304.604,-0.099884,0.00476569,0.00540678,0.100144,0,0.00500595,304.604,-0.099884,0.00476569,0.00540678,0.100144,0,0.00500595,304.604,-0.099884,0.00476569,0.00540678,0.100144,0,0.00500595,304.604,-0.099884,0.00476569,0.00540678,0.100144,0,0,0,0,0,0,0,0,1
stats,148,1,74.5,0.00500595,304.611,-0.0998803,0.00437754,0.00522855,0.100113,0,0.00500595,304.611,-0.0998803,0.00437754,0.00522855,0.100113,0,0.00500595,304.611,-0.0998803,0.00437754,0.00522855,0.100113,0,0.00500595,304.611,-0.0998803,0.00437754,0.00522855,0.100113,0,0.00500595,304.611,-0.0998803,0.00437754,0.00522855,0.100113,0,0.00500595,304.611,-0.0998803,0.00437754,0.00522855,0.100113,0,0,0,0,0,0,0,0,1
stats,149,1,75,0.00500595,304.617,-0.0998905,0.00427254,0.00514206,0.100114,0,0.00500595,304.617,-0.0998905,0.00427254,0.00514206,0.100114,0,0.00500595,304.617,-0.0998905,0.00427254,0.00514206,0.100114,0,0.00500595,304.617,-0.0998905,0.00427254,0.00514206,0.100114,0,0.00500595,304.617,-0.0998905,0.00427254,0.00514206,0.100114,0,0.00500595,304.617,-0.0998905,0.00427254,0.00514206,0.100114,0,0,0,0,0,0,0,0,1
stats,150,1,75.5,0.00500595,304.622,-0.0998874,0.00441794,0.00530187,0.100126,0,0.00500595,304.622,-0.0998874,0.00441794,0.00530187,0.100126,0,0.00500595,304.622,-0.0998874,0.00441794,0.00530187,0.100126,0,0.00500595,304.622,-0.0998874,0.00441794,0.00530187,0.100126,0,0.00500595,304.622,-0.0998874,0.00441794,0.00530187,0.100126,0,0.00500595,304.622,-0.0998874,0.00441794,0.00530187,0.100126,0,0,0,0,0,0,0,0,1
stats,151,1,76,0.00500595,304.627,-0.0998805,0.00454353,0.00554983,0.100138,0,0.00500595,304.627,-0.0998805,0.00454353,0.00554983,0.100138,0,0.00500595,304.627,-0.0998805,0.00454353,0.00554983,0.100138,0,0.00500595,304.627,-0.0998805,0.00454353,0.00554983,0.100138,0,0.00500595,304.627,-0.0998805,0.00454353,0.00554983,0.100138,0,0.00500595,304.627,-0.0998805,0.00454353,0.00554983,0.100138,0,0,0,0,0,0,0,0,1
stats,152,1,76.5,0.00500595,304.632,-0.0998767,0.00465636,0.00567963,0.100146,0,0.00500595,304.632,-0.0998767,0.00465636,0.00567963,0.100146,0,0.00500595,304.632,-0.0998767,0.00465636,0.00567963,0.100146,0,0.00500595,304.632,-0.0998767,0.00465636,0.00567963,0.100146,0,0.00500595,304.632,-0.0998767,0.00465636,0.00567963,0.100146,0,0.00500595,304.632,-0.0998767,0.00465636,0.00567963,0.100146,0,0,0,0,0,0,0,0,1
stats,153,1,77,0.00500595,304.637,-0.099874,0.00481075,0.00579191,0.100157,0,0.00500595,304.637,-0.099874,0.00481075,0.00579191,0.100157,0,0.00500595,304.637,-0.099874,0.00481075,0.00579191,0.100157,0,0.00500595,304.637,-0.099874,0.00481075,0.00579191,0.100157,0,0.00500595,304.637,-0.099874,0.00481075,0.00579191,0.100157,0,0.00500595,304.637,-0.099874,0.00481075,0.00579191,0.100157,0,0,0,0,0,0,0,0,1
stats,154,1,77.5,0.00500595,304.641,-0.0998711,0.0050334,0.00590478,0.100172,0,0.00500595,304.641,-0.0998711,0.0050334,0.00590478,0.100172,0,0.00500595,304.641,-0.0998711,0.0050334,0.00590478,0.100172,0,0.00500595,304.641,-0.0998711,0.0050334,0.00590478,0.100172,0,0.00500595,304.641,-0.0998711,0.0050334,0.00590478,0.100172,0,0.00500595,304.641,-0.0998711,0.0050334,0.00590478,0.100172,0,0,0,0,0,0,0,0,1
stats,155,1,78,0.00500595,304.646,-0.0998688,0.00515617,0.00592606,0.100177,0,0.00500595,304.646,-0.0998688,0.00515617,0.00592606,0.100177,0,0.00500595,304.646,-0.0998688,0.00515617,0.00592606,0.100177,0,0.00500595,304.646,-0.0998688,0.00515617,0.00592606,0.100177,0,0.00500595,304.646,-0.0998688,0.00515617,0.00592606,0.100177,0,0.00500595,304.646,-0.0998688,0.00515617,0.00592606,0.100177,0,0,0,0,0,0,0,0,1
stats,156,1,78.5,0.00500595,304.65,-0.0998689,0.00512394,0.00581872,0.100169,0,0.00500595,304.65,-0.0998689,0.00512394,0.00581872,0.100169,0,0.00500595,304.65,-0.0998689,0.00512394,0.00581872,0.100169,0,0.00500595,304.65,-0.0998689,0.00512394,0.00581872,0.100169,0,0.00500595,304.65,-0.0998689,0.00512394,0.00581872,0.100169,0,0.00500595,304.65,-0.0998689,0.00512394,0.00581872,0.100169,0,0,0,0,0,0,0,0,1
stats,157,1,79,0.00500595,304.655,-0.0998716,0.00504146,0.00563902,0.100158,0,0.00500595,304.655,-0.0998716,0.00504146,0.00563902,0.100158,0,0.00500595,304.655,-0.0998716,0.00504146,0.00563902,0.100158,0,0.00500595,304.655,-0.0998716,0.00504146,0.00563902,0.100158,0,0.00500595,304.655,-0.0998716,0.00504146,0.00563902,0.100158,0,0.00500595,304.655,-0.0998716,0.00504146,0.00563902,0.100158,0,0,0,0,0,0,0,0,1
stats,158,1,79.5,0.00500595,304.66,-0.0998743,0.00490867,0.00551641,0.100147,0,0.00500595,304.66,-0.0998743,0.00490867,0.00551641,0.100147,0,0.00500595,304.66,-0.0998743,0.00490867,0.00551641,0.100147,0,0.00500595,304.66,-0.0998743,0.00490867,0.00551641,0.100147,0,0.00500595,304.66,-0.0998743,0.00490867,0.00551641,0.100147,0,0.00500595,304.66,-0.0998743,0.00490867,0.00551641,0.100147,0,0,0,0,0,0,0,0,1
stats,159,1,80,0.00500595,304.664,-0.0998775,0.00476675,0.005387,0.100136,0,0.00500595,304.664,-0.0998775,0.00476675,0.005387,0.100136,0,0.00500595,304.664,-0.0998775,0.00476675,0.005387,0.100136,0,0.00500595,304.664,-0.0998775,0.00476675,0.005387,0.100136,0,0.00500595,304.664,-0.0998775,0.00476675,0.005387,0.100136,0,0.00500595,304.664,-0.0998775,0.00476675,0.005387,0.100136,0,0,0,0,0,0,0,0,1
stats,160,1,80.5,0.00500595,304.669,-0.0998806,0.00465562,0.00529946,0.100129,0,0.00500595,304.669,-0.0998806,0.00465562,0.00529946,0.100129,0,0.00500595,304.669,-0.0998806,0.00465562,0.00529946,0.100129,0,0.00500595,304.669,-0.0998806,0.00465562,0.00529946,0.100129,0,0.00500595,304.669,-0.0998806,0.00465562,0.00529946,0.100129,0,0.00500595,304.669,-0.0998806,0.00465562,0.00529946,0.100129,0,0,0,0,0,0,0,0,1
stats,161,1,81,0.00500595,304.673,-0.0998827,0.00457703,0.00524982,0.100125,0,0.00500595,304.673,-0.0998827,0.00457703,0.00524982,0.100125,0,0.00500595,304.673,-0.0998827,0.00457703,0.00524982,0.100125,0,0.00500595,304.673,-0.0998827,0.00457703,0.00524982,0.100125,0,0.00500595,304.673,-0.0998827,0.00457703,0.00524982,0.100125,0,0.00500595,304.673,-0.0998827,0.00457703,0.00524982,0.100125,0,0,0,0,0,0,0,0,1
stats,162,1,81.5,0.00500595,304.677,-0.0998837,0.00453922,0.00524343,0.100124,0,0.00500595,304.677,-0.0998837,0.00453922,0.00524343,0.100124,0,0.00500595,304.677,-0.0998837,0.00453922,0.00524343,0.100124,0,0.00500595,304.677,-0.0998837,0.00453922,0.00524343,0.100124,0,0.00500595,304.677,-0.0998837,0.00453922,0.00524343,0.100124,0,0.00500595,304.677,-0.0998837,0.00453922,0.00524343,0.100124,0,0,0,0,0,0,0,0,1
stats,163,1,82,0.00500595,304.681,-0.0998832,0.00454013,0.00525789,0.100125,0,0.00500595,304.681,-0.0998832,0.00454013,0.00525789,0.100125,0,0.00500595,304.681,-0.0998832,0.00454013,0.00525789,0.100125,0,0.00500595,304.681,-0.0998832,0.00454013,0.00525789,0.100125,0,0.00500595,304.681,-0.0998832,0.00454013,0.00525789,0.100125,0,0.00500595,304.681,-0.0998832,0.00454013,0.00525789,0.100125,0,0,0,0,0,0,0,0,1
stats,164,1,82.5,0.00500595,304.685,-0.0998817,0.00458966,0.00532372,0.100129,0,0.00500595,304.685,-0.0998817,0.00458966,0.00532372,0.100129,0,0.00500595,304.685,-0.0998817,0.00458966,0.00532372,0.100129,0,0.00500595,304.685,-0.0998817,0.00458966,0.00532372,0.100129,0,0.00500595,304.685,-0.0998817,0.00458966,0.00532372,0.100129,0,0.00500595,304.685,-0.0998817,0.00458966,0.00532372,0.100129,0,0,0,0,0,0,0,0,1
stats,165,1,83,0.00500595,304.689,-0.0998799,0.00467031,0.00539865,0.100135,0,0.00500595,304.689,-0.0998799,0.00467031,0.00539865,0.100135,0,0.00500595,304.689,-0.0998799,0.00467031,0.00539865,0.100135,0,0.00500595,304.689,-0.0998799,0.00467031,0.00539865,0.100135,0,0.00500595,304.689,-0.0998799,0.00467031,0.00539865,0.100135,0,0.00500595,304.689,-0.0998799,0.00467031,0.00539865,0.100135,0,0,0,0,0,0,0,0,1
stats,166,1,83.5,0.00500595,304.692,-0.0998777,0.00475576,0.00545344,0.100139,0,0.00500595,304.692,-0.0998777,0.00475576,0.00545344,0.100139,0,0.00500595,304.692,-0.0998777,0.00475576,0.00545344,0.100139,0,0.00500595,304.692,-0.0998777,0.00475576,0.00545344,0.100139,0,0.00500595,304.692,-0.0998777,0.00475576,0.00545344,0.100139,0,0.00500595,304.692,-0.0998777,0.00475576,0.00545344,0.100139,0,0,0,0,0,0,0,0,1
stats,167,1,84,0.00500595,304.696,-0.0998762,0.00485472,0.00552548,0.100147,0,0.00500595,304.696,-0.0998762,0.00485472,0.00552548,0.100147,0,0.00500595,304.696,-0.0998762,0.00485472,0.00552548,0.100147,0,0.00500595,304.696,-0.0998762,0.00485472,0.00552548,0.100147,0,0.00500595,304.696,-0.0998762,0.00485472,0.00552548,0.100147,0,0.00500595,304.696,-0.0998762,0.00485472,0.00552548,0.100147,0,0,0,0,0,0,0,0,1
stats,168,1,84.5,0.00500595,304.699,-0.0998746,0.00494775,0.00559378,0.100153,0,0.00500595,304.699,-0.0998746,0.00494775,0.00559378,0.100153,0,0.00500595,304.699,-0.0998746,0.00494775,0.00559378,0.100153,0,0.00500595,304.699,-0.0998746,0.00494775,0.00559378,0.100153,0,0.00500595,304.699,-0.0998746,0.00494775,0.00559378,0.100153,0,0.00500595,304.699,-0.0998746,0.00494775,0.00559378,0.100153,0,0,0,0,0,0,0,0,1
stats,169,1,85,0.00500595,304.703,-0.0998725,0.0050124,0.00564379,0.100157,0,0.00500595,304.703,-0.0998725,0.0050124,0.00564379,0.100157,0,0.00500595,304.703,-0.0998725,0.0050124,0.00564379,0.100157,0,0.00500595,304.703,-0.0998725,0.0050124,0.00564379,0.100157,0,0.00500595,304.703,-0.0998725,0.0050124,0.00564379,0.100157,0,0.00500595,304.703,-0.0998725,0.0050124,0.00564379,0.100157,0,0,0,0,0,0,0,0,1
stats,170,1,85.5,0.00500595,304.707,-0.0998704,0.00502368,0.00565117,0.100156,0,0.00500595,304.707,-0.0998704,0.00502368,0.00565117,0.100156,0,0.00500595,304.707,-0.0998704,0.00502368,0.00565117,0.100156,0,0.00500595,304.707,-0.0998704,0.00502368,0.00565117,0.100156,0,0.00500595,304.707,-0.0998704,0.00502368,0.00565117,0.100156,0,0.00500595,304.707,-0.0998704,0.00502368,0.00565117,0.100156,0,0,0,0,0,0,0,0,1
stats,171,1,86,0.00500595,304.711,-0.0998691,0.00497247,0.00562703,0.100151,0,0.00500595,304.711,-0.0998691,0.00497247,0.00562703,0.100151,0,0.00500595,304.711,-0.0998691,0.00497247,0.00562703,0.100151,0,0.00500595,304.711,-0.0998691,0.00497247,0.00562703,0.100151,0,0.00500595,304.711,-0.0998691,0.00497247,0.00562703,0.100151,0,0.00500595,304.711,-0.0998691,0.00497247,0.00562703,0.100151,0,0,0,0,0,0,0,0,1
stats,172,1,86.5,0.00500595,304.715,-0.0998704,0.00488776,0.00559907,0.100147,0,0.00500595,304.715,-0.0998704,0.00488776,0.00559907,0.100147,0,0.00500595,304.715,-0.0998704,0.00488776,0.00559907,0.100147,0,0.00500595,304.715,-0.0998704,0.00488776,0.00559907,0.100147,0,0.00500595,304.715,-0.0998704,0.00488776,0.00559907,0.100147,0,0.00500595,304.715,-0.0998704,0.00488776,0.00559907,0.100147,0,0,0,0,0,0,0,0,1
stats,173,1,87,0.00500595,304.719,-0.0998728,0.00479886,0.00554758,0.100142,0,0.00500595,304.719,-0.0998728,0.00479886,0.00554758,0.100142,0,0.00500595,304.719,-0.0998728,0.00479886,0.00554758,0.100142,0,0.00500595,304.719,-0.0998728,0.00479886,0.00554758,0.100142,0,0.00500595,304.719,-0.0998728,0.00479886,0.00554758,0.100142,0,0.00500595,304.719,-0.0998728,0.00479886,0.00554758,0.100142,0,0,0,0,0,0,0,0,1
stats,174,1,87.5,0.00500595,304.722,-0.0998747,0.00472356,0.00550706,0.100138,0,0.00500595,304.722,-0.0998747,0.00472356,0.00550706,0.100138,0,0.00500595,304.722,-0.0998747,0.00472356,0.00550706,0.100138,0,0.00500595,304.722,-0.0998747,0.00472356,0.00550706,0.100138,0,0.00500595,304.722,-0.0998747,0.00472356,0.00550706,0.100138,0,0.00500595,304.722,-0.0998747,0.00472356,0.00550706,0.100138,0,0,0,0,0,0,0,0,1
stats,175,1,88,0.00500595,304.726,-0.0998762,0.0046634,0.00548849,0.100136,0,0.00500595,304.726,-0.0998762,0.0046634,0.00548849,0.100136,0,0.00500595,304.726,-0.0998762,0.0046634,0.00548849,0.100136,0,0.00500595,304.726,-0.0998762,0.0046634,0.00548849,0.100136,0,0.00500595,304.726,-0.0998762,0.0046634,0.00548849,0.100136,0,0.00500595,304.726,-0.0998762,0.0046634,0.00548849,0.100136,0,0,0,0,0,0,0,0,1
stats,176,1,88.5,0.00500595,304.73,-0.0998774,0.00460197,0.00544846,0.100132,0,0.00500595,304.73,-0.0998774,0.00460197,0.00544846,0.100132,0,0.00500595,304.73,-0.0998774,0.00460197,0.00544846,0.100132,0,0.00500595,304.73,-0.0998774,0.00460197,0.00544846,0.100132,0,0.00500595,304.73,-0.0998774,0.00460197,0.00544846,0.100132,0,0.00500595,304.73,-0.0998774,0.00460197,0.00544846,0.100132,0,0,0,0,0,0,0,0,1
stats,177,1,89,0.00500595,304.733,-0.099879,0.00454685,0.0054055,0.100128,0,0.00500595,304.733,-0.099879,0.00454685,0.0054055,0.100128,0,0.00500595,304.733,-0.099879,0.00454685,0.0054055,0.100128,0,0.00500595,304.733,-0.099879,0.00454685,0.0054055,0.100128,0,0.00500595,304.733,-0.099879,0.00454685,0.0054055,0.100128,0,0.00500595,304.733,-0.099879,0.00454685,0.0054055,0.100128,0,0,0,0,0,0,0,0,1
stats,178,1,89.5,0.00500595,304.737,-0.0998804,0.00449526,0.00536544,0.100125,0,0.00500595,304.737,-0.0998804,0.00449526,0.00536544,0.100125,0,0.00500595,304.737,-0.0998804,0.00449526,0.00536544,0.100125,0,0.00500595,304.737,-0.0998804,0.00449526,0.00536544,0.100125,0,0.00500595,304.737,-0.0998804,0.00449526,0.00536544,0.100125,0,0.00500595,304.737,-0.0998804,0.00449526,0.00536544,0.100125,0,0,0,0,0,0,0,0,1
stats,179,1,90,0.00500595,304.74,-0.0998817,0.00444937,0.00533131,0.100123,0,0.00500595,304.74,-0.0998817,0.00444937,0.00533131,0.100123,0,0.00500595,304.74,-0.0998817,0.00444937,0.00533131,0.100123,0,0.00500595,304.74,-0.0998817,0.00444937,0.00533131,0.100123,0,0.00500595,304.74,-0.0998817,0.00444937,0.00533131,0.100123,0,0.00500595,304.74,-0.0998817,0.00444937,0.00533131,0.100123,0,0,0,0,0,0,0,0,1
stats,180,1,90.5,0.00500595,304.744,-0.0998829,0.00441994,0.00530986,0.100122,0,0.00500595,304.744,-0.0998829,0.00441994,0.00530986,0.100122,0,0.00500595,304.744,-0.0998829,0.00441994,0.00530986,0.100122,0,0.00500595,304.744,-0.0998829,0.00441994,0.00530986,0.100122,0,0.00500595,304.744,-0.0998829,0.00441994,0.00530986,0.100122,0,0.00500595,304.744,-0.0998829,0.00441994,0.00530986,0.100122,0,0,0,0,0,0,0,0,1
stats,181,1,91,0.00500595,304.747,-0.0998837,0.00441633,0.00530375,0.100122,0,0.00500595,304.747,-0.0998837,0.00441633,0.00530375,0.100122,0,0.00500595,304.747,-0.0998837,0.00441633,0.00530375,0.100122,0,0.00500595,304.747,-0.0998837,0.00441633,0.00530375,0.100122,0,0.00500595,304.747,-0.0998837,0.00441633,0.00530375,0.100122,0,0.00500595,304.747,-0.0998837,0.00441633,0.00530375,0.100122,0,0,0,0,0,0,0,0,1
stats,182,1,91.5,0.00500595,304.75,-0.0998838,0.00443412,0.00531476,0.100123,0,0.00500595,304.75,-0.0998838,0.00443412,0.00531476,0.100123,0,0.00500595,304.75,-0.0998838,0.00443412,0.00531476,0.100123,0,0.00500595,304.75,-0.0998838,0.00443412,0.00531476,0.100123,0,0.00500595,304.75,-0.0998838,0.00443412,0.00531476,0.100123,0,0.00500595,304.75,-0.0998838,0.00443412,0.00531476,0.100123,0,0,0,0,0,0,0,0,1
stats,183,1,92,0.00500595,304.753,-0.0998833,0.00448346,0.00533221,0.100126,0,0.00500595,304.753,-0.0998833,0.00448346,0.00533221,0.100126,0,0.00500595,304.753,-0.0998833,0.00448346,0.00533221,0.100126,0,0.00500595,304.753,-0.0998833,0.00448346,0.00533221,0.100126,0,0.00500595,304.753,-0.0998833,0.00448346,0.00533221,0.100126,0,0.00500595,304.753,-0.0998833,0.00448346,0.00533221,0.100126,0,0,0,0,0,0,0,0,1
stats,184,1,92.5,0.00500595,304.756,-0.0998822,0.00455415,0.00537674,0.10013,0,0.00500595,304.756,-0.0998822,0.00455415,0.00537674,0.10013,0,0.00500595,304.756,-0.0998822,0.00455415,0.00537674,0.10013,0,0.00500595,304.756,-0.0998822,0.00455415,0.00537674,0.10013,0,0.00500595,304.756,-0.0998822,0.00455415,0.00537674,0.10013,0,0.00500595,304.756,-0.0998822,0.00455415,0.00537674,0.10013,0,0,0,0,0,0,0,0,1
stats,185,1,93,0.00500595,304.759,-0.0998804,0.00463671,0.00543195,0.100135,0,0.00500595,304.759,-0.0998804,0.00463671,0.00543195,0.100135,0,0.00500595,304.759,-0.0998804,0.00463671,0.00543195,0.100135,0,0.00500595,304.759,-0.0998804,0.00463671,0.00543195,0.100135,0,0.00500595,304.759,-0.0998804,0.00463671,0.00543195,0.100135,0,0.00500595,304.759,-0.0998804,0.00463671,0.00543195,0.100135,0,0,0,0,0,0,0,0,1
stats,186,1,93.5,0.00500595,304.762,-0.0998781,0.0047185,0.00543271,0.100137,0,0.00500595,304.762,-0.0998781,0.0047185,0.00543271,0.100137,0,0.00500595,304.762,-0.0998781,0.0047185,0.00543271,0.100137,0,0.00500595,304.762,-0.0998781,0.0047185,0.00543271,0.100137,0,0.00500595,304.762,-0.0998781,0.0047185,0.00543271,0.100137,0,0.00500595,304.762,-0.0998781,0.0047185,0.00543271,0.100137,0,0,0,0,0,0,0,0,1
stats,187,1,94,0.00500595,304.765,-0.0998765,0.00480639,0.00548504,0.100142,0,0.00500595,304.765,-0.0998765,0.00480639,0.00548504,0.100142,0,0.00500595,304.765,-0.0998765,0.00480639,0.00548504,0.100142,0,0.00500595,304.765,-0.0998765,0.00480639,0.00548504,0.100142,0,0.00500595,304.765,-0.0998765,0.00480639,0.00548504,0.100142,0,0.00500595,304.765,-0.0998765,0.00480639,0.00548504,0.100142,0,0,0,0,0,0,0,0,1
stats,188,1,94.5,0.00500595,304.768,-0.0998746,0.00488698,0.00553576,0.100147,0,0.00500595,304.768,-0.0998746,0.00488698,0.00553576,0.100147,0,0.00500595,304.768,-0.0998746,0.00488698,0.00553576,0.100147,0,0.00500595,304.768,-0.0998746,0.00488698,0.00553576,0.100147,0,0.00500595,304.768,-0.0998746,0.00488698,0.00553576,0.100147,0,0.00500595,304.768,-0.0998746,0.00488698,0.00553576,0.100147,0,0,0,0,0,0,0,0,1
stats,189,1,95,0.00500595,304.77,-0.0998723,0.00494078,0.00557357,0.10015,0,0.00500595,304.77,-0.0998723,0.00494078,0.00557357,0.10015,0,0.00500595,304.77,-0.0998723,0.00494078,0.00557357,0.10015,0,0.00500595,304.77,-0.0998723,0.00494078,0.00557357,0.10015,0,0.00500595,304.77,-0.0998723,0.00494078,0.00557357,0.10015,0,0.00500595,304.77,-0.0998723,0.00494078,0.00557357,0.10015,0,0,0,0,0,0,0,0,1
stats,190,1,95.5,0.00500595,304.773,-0.0998703,0.00495521,0.00560601,0.10015,0,0.00500595,304.773,-0.0998703,0.00495521,0.00560601,0.10015,0,0.00500595,304.773,-0.0998703,0.00495521,0.00560601,0.10015,0,0.00500595,304.773,-0.0998703,0.00495521,0.00560601,0.10015,0,0.00500595,304.773,-0.0998703,0.00495521,0.00560601,0.10015,0,0.00500595,304.773,-0.0998703,0.00495521,0.00560601,0.10015,0,0,0,0,0,0,0,0,1
stats,191,1,96,0.00500595,304.776,-0.0998696,0.00494355,0.00564757,0.100151,0,0.00500595,304.776,-0.0998696,0.00494355,0.00564757,0.100151,0,0.00500595,304.776,-0.0998696,0.00494355,0.00564757,0.100151,0,0.00500595,304.776,-0.0998696,0.00494355,0.00564757,0.100151,0,0.00500595,304.776,-0.0998696,0.00494355,0.00564757,0.100151,0,0.00500595,304.776,-0.0998696,0.00494355,0.00564757,0.100151,0,0,0,0,0,0,0,0,1
stats,192,1,96.5,0.00500595,304.779,-0.09987,0.00491559,0.00566784,0.100151,0,0.00500595,304.779,-0.09987,0.00491559,0.00566784,0.100151,0,0.00500595,304.779,-0.09987,0.00491559,0.00566784,0.100151,0,0.00500595,304.779,-0.09987,0.00491559,0.00566784,0.100151,0,0.00500595,304.779,-0.09987,0.00491559,0.00566784,0.100151,0,0.00500595,304.779,-0.09987,0.00491559,0.00566784,0.100151,0,0,0,0,0,0,0,0,1
stats,193,1,97,0.00500595,304.782,-0.0998707,0.00484625,0.00568229,0.10015,0,0.00500595,304.782,-0.0998707,0.00484625,0.00568229,0.10015,0,0.00500595,304.782,-0.0998707,0.00484625,0.00568229,0.10015,0,0.00500595,304.782,-0.0998707,0.00484625,0.00568229,0.10015,0,0.00500595,304.782,-0.0998707,0.00484625,0.00568229,0.10015,0,0.00500595,304.782,-0.0998707,0.00484625,0.00568229,0.10015,0,0,0,0,0,0,0,0,1
stats,194,1,97.5,0.00500595,304.785,-0.0998713,0.00481088,0.0056669,0.100148,0,0.00500595,304.785,-0.0998713,0.00481088,0.0056669,0.100148,0,0.00500595,304.785,-0.0998713,0.00481088,0.0056669,0.100148,0,0.00500595,304.785,-0.0998713,0.00481088,0.0056669,0.100148,0,0.00500595,304.785,-0.0998713,0.00481088,0.0056669,0.100148,0,0.00500595,304.785,-0.0998713,0.00481088,0.0056669,0.100148,0,0,0,0,0,0,0,0,1
stats,195,1,98,0.00500595,304.788,-0.099873,0.00476345,0.00562825,0.100145,0,0.00500595,304.788,-0.099873,0.00476345,0.00562825,0.100145,0,0.00500595,304.788,-0.099873,0.00476345,0.00562825,0.100145,0,0.00500595,304.788,-0.099873,0.00476345,0.00562825,0.100145,0,0.00500595,304.788,-0.099873,0.00476345,0.00562825,0.100145,0,0.00500595,304.788,-0.099873,0.00476345,0.00562825,0.100145,0,0,0,0,0,0,0,0,1
stats,196,1,98.5,0.00500595,304.791,-0.0998743,0.00473061,0.00555242,0.10014,0,0.00500595,304.791,-0.0998743,0.00473061,0.00555242,0.10014,0,0.00500595,304.791,-0.0998743,0.00473061,0.00555242,0.10014,0,0.00500595,304.791,-0.0998743,0.00473061,0.00555242,0.10014,0,0.00500595,304.791,-0.0998743,0.00473061,0.00555242,0.10014,0,0.00500595,304.791,-0.0998743,0.00473061,0.00555242,0.10014,0,0,0,0,0,0,0,0,1
stats,197,1,99,0.00500595,304.794,-0.0998764,0.00463697,0.00546203,0.100133,0,0.00500595,304.794,-0.0998764,0.00463697,0.00546203,0.100133,0,0.00500595,304.794,-0.0998764,0.00463697,0.00546203,0.100133,0,0.00500595,304.794,-0.0998764,0.00463697,0.00546203,0.100133,0,0.00500595,304.794,-0.0998764,0.00463697,0.00546203,0.100133,0,0.00500595,304.794,-0.0998764,0.00463697,0.00546203,0.100133,0,0,0,0,0,0,0,0,1
stats,198,1,99.5,0.00500595,304.797,-0.0998794,0.00453813,0.00536857,0.100126,0,0.00500595,304.797,-0.0998794,0.00453813,0.00536857,0.100126,0,0.00500595,304.797,-0.0998794,0.00453813,0.00536857,0.100126,0,0.00500595,304.797,-0.0998794,0.00453813,0.00536857,0.100126,0,0.00500595,304.797,-0.0998794,0.00453813,0.00536857,0.100126,0,0.00500595,304.797,-0.0998794,0.00453813,0.00536857,0.100126,0,0,0,0,0,0,0,0,1
stats,199,1,100,0.00500595,304.8,-0.0998816,0.00447298,0.0053222,0.100123,0,0.00500595,304.8,-0.0998816,0.00447298,0.0053222,0.100123,0,0.00500595,304.8,-0.0998816,0.00447298,0.0053222,0.100123,0,0.00500595,304.8,-0.0998816,0.00447298,0.0053222,0.100123,0,0.00500595,304.8,-0.0998816,0.00447298,0.0053222,0.100123,0,0.00500595,304.8,-0.0998816,0.00447298,0.0053222,0.100123,0,0,0,0,0,0,0,0,1
stats,200,1,100.5,0.00500595,304.803,-0.0998832,0.00444275,0.00530489,0.100123,0,0.00500595,304.803,-0.0998832,0.00444275,0.00530489,0.100123,0,0.00500595,304.803,-0.0998832,0.00444275,0.00530489,0.100123,0,0.00500595,304.803,-0.0998832,0.00444275,0.00530489,0.100123,0,0.00500595,304.803,-0.0998832,0.00444275,0.00530489,0.100123,0,0.00500595,304.803,-0.0998832,0.00444275,0.00530489,0.100123,0,0,0,0,0,0,0,0,1
stats,201,1,101,0.00500595,304.805,-0.0998842,0.00443286,0.00529845,0.100123,0,0.00500595,304.805,-0.0998842,0.00443286,0.00529845,0.100123,0,0.00500595,304.805,-0.0998842,0.00443286,0.00529845,0.100123,0,0.00500595,304.805,-0.0998842,0.00443286,0.00529845,0.100123,0,0.00500595,304.805,-0.0998842,0.00443286,0.00529845,0.100123,0,0.00500595,304.805,-0.0998842,0.00443286,0.00529845,0.100123,0,0,0,0,0,0,0,0,1
stats,202,1,101.5,0.00500595,304.808,-0.0998847,0.00445066,0.00530905,0.100125,0,0.00500595,304.808,-0.0998847,0.00445066,0.00530905,0.100125,0,0.00500595,304.808,-0.0998847,0.00445066,0.00530905,0.100125,0,0.00500595,304.808,-0.0998847,0.00445066,0.00530905,0.100125,0,0.00500595,304.808,-0.0998847,0.00445066,0.00530905,0.100125,0,0.00500595,304.808,-0.0998847,0.00445066,0.00530905,0.100125,0,0,0,0,0,0,0,0,1
stats,203,1,102,0.00500595,304.81,-0.0998839,0.00449611,0.00534,0.100128,0,0.00500595,304.81,-0.0998839,0.00449611,0.00534,0.100128,0,0.00500595,304.81,-0.0998839,0.00449611,0.00534,0.100128,0,0.00500595,304.81,-0.0998839,0.00449611,0.00534,0.100128,0,0.00500595,304.81,-0.0998839,0.00449611,0.00534,0.100128,0,0.00500595,304.81,-0.0998839,0.00449611,0.00534,0.100128,0,0,0,0,0,0,0,0,1
stats,204,1,102.5,0.00500595,304.812,-0.0998823,0.00455433,0.00536981,0.10013,0,0.00500595,304.812,-0.0998823,0.00455433,0.00536981,0.10013,0,0.00500595,304.812,-0.0998823,0.00455433,0.00536981,0.10013,0,0.00500595,304.812,-0.0998823,0.00455433,0.00536981,0.10013,0,0.00500595,304.812,-0.0998823,0.00455433,0.00536981,0.10013,0,0.00500595,304.812,-0.0998823,0.00455433,0.00536981,0.10013,0,0,0,0,0,0,0,0,1
stats,205,1,103,0.00500595,304.814,-0.0998804,0.00463488,0.00542383,0.100135,0,0.00500595,304.814,-0.0998804,0.00463488,0.00542383,0.100135,0,0.00500595,304.814,-0.0998804,0.00463488,0.00542383,0.100135,0,0.00500595,304.814,-0.0998804,0.00463488,0.00542383,0.100135,0,0.00500595,304.814,-0.0998804,0.00463488,0.00542383,0.100135,0,0.00500595,304.814,-0.0998804,0.00463488,0.00542383,0.100135,0,0,0,0,0,0,0,0,1
stats,206,1,103.5,0.00500595,304.817,-0.0998781,0.00471884,0.00546813,0.100139,0,0.00500595,304.817,-0.0998781,0.00471884,0.00546813,0.100139,0,0.00500595,304.817,-0.0998781,0.00471884,0.00546813,0.100139,0,0.00500595,304.817,-0.0998781,0.00471884,0.00546813,0.100139,0,0.00500595,304.817,-0.0998781,0.00471884,0.00546813,0.100139,0,0.00500595,304.817,-0.0998781,0.00471884,0.00546813,0.100139,0,0,0,0,0,0,0,0,1
stats,207,1,104,0.00500595,304.819,-0.0998758,0.00480966,0.00553104,0.100144,0,0.00500595,304.819,-0.0998758,0.00480966,0.00553104,0.100144,0,0.00500595,304.819,-0.0998758,0.00480966,0.00553104,0.100144,0,0.00500595,304.819,-0.0998758,0.00480966,0.00553104,0.100144,0,0.00500595,304.819,-0.0998758,0.00480966,0.00553104,0.100144,0,0.00500595,304.819,-0.0998758,0.00480966,0.00553104,0.100144,0,0,0,0,0,0,0,0,1
stats,208,1,104.5,0.00500595,304.821,-0.0998734,0.00488649,0.0055539,0.100147,0,0.00500595,304.821,-0.0998734,0.00488649,0.0055539,0.100147,0,0.00500595,304.821,-0.0998734,0.00488649,0.0055539,0.100147,0,0.00500595,304.821,-0.0998734,0.00488649,0.0055539,0.100147,0,0.00500595,304.821,-0.0998734,0.00488649,0.0055539,0.100147,0,0.00500595,304.821,-0.0998734,0.00488649,0.0055539,0.100147,0,0,0,0,0,0,0,0,1
stats,209,1,105,0.00500595,304.823,-0.0998711,0.00493043,0.00560689,0.10015,0,0.00500595,304.823,-0.0998711,0.00493043,0.00560689,0.10015,0,0.00500595,304.823,-0.0998711,0.00493043,0.00560689,0.10015,0,0.00500595,304.823,-0.0998711,0.00493043,0.00560689,0.10015,0,0.00500595,304.823,-0.0998711,0.00493043,0.00560689,0.10015,0,0.00500595,304.823,-0.0998711,0.00493043,0.00560689,0.10015,0,0,0,0,0,0,0,0,1
stats,210,1,105.5,0.00500595,304.825,-0.0998695,0.00494235,0.0056666,0.100152,0,0.00500595,304.825,-0.0998695,0.00494235,0.0056666,0.100152,0,0.00500595,304.825,-0.0998695,0.00494235,0.0056666,0.100152,0,0.00500595,304.825,-0.0998695,0.00494235,0.0056666,0.100152,0,0.00500595,304.825,-0.0998695,0.00494235,0.0056666,0.100152,0,0.00500595,304.825,-0.0998695,0.00494235,0.0056666,0.100152,0,0,0,0,0,0,0,0,1
stats,211,1,106,0.00500595,304.827,-0.0998694,0.00493128,0.00568027,0.100152,0,0.00500595,304.827,-0.0998694,0.00493128,0.00568027,0.100152,0,0.00500595,304.827,-0.0998694,0.00493128,0.00568027,0.100152,0,0.00500595,304.827,-0.0998694,0.00493128,0.00568027,0.100152,0,0.00500595,304.827,-0.0998694,0.00493128,0.00568027,0.100152,0,0.00500595,304.827,-0.0998694,0.00493128,0.00568027,0.100152,0,0,0,0,0,0,0,0,1
stats,212,1,106.5,0.00500595,304.83,-0.09987,0.0048685,0.00568571,0.10015,0,0.00500595,304.83,-0.09987,0.0048685,0.00568571,0.10015,0,0.00500595,304.83,-0.09987,0.0048685,0.00568571,0.10015,0,0.00500595,304.83,-0.09987,0.0048685,0.00568571,0.10015,0,0.00500595,304.83,-0.09987,0.0048685,0.00568571,0.10015,0,0.00500595,304.83,-0.09987,0.0048685,0.00568571,0.10015,0,0,0,0,0,0,0,0,1
stats,213,1,107,0.00500595,304.832,-0.0998707,0.00484275,0.00568286,0.100149,0,0.00500595,304.832,-0.0998707,0.00484275,0.00568286,0.100149,0,0.00500595,304.832,-0.0998707,0.00484275,0.00568286,0.100149,0,0.00500595,304.832,-0.0998707,0.00484275,0.00568286,0.100149,0,0.00500595,304.832,-0.0998707,0.00484275,0.00568286,0.100149,0,0.00500595,304.832,-0.0998707,0.00484275,0.00568286,0.100149,0,0,0,0,0,0,0,0,1
stats,214,1,107.5,0.00500595,304.834,-0.0998724,0.00481056,0.00562477,0.100146,0,0.00500595,304.834,-0.0998724,0.00481056,0.00562477,0.100146,0,0.00500595,304.834,-0.0998724,0.00481056,0.00562477,0.100146,0,0.00500595,304.834,-0.0998724,0.00481056,0.00562477,0.100146,0,0.00500595,304.834,-0.0998724,0.00481056,0.00562477,0.100146,0,0.00500595,304.834,-0.0998724,0.00481056,0.00562477,0.100146,0,0,0,0,0,0,0,0,1
stats,215,1,108,0.00500595,304.837,-0.0998745,0.00471578,0.00552541,0.100138,0,0.00500595,304.837,-0.0998745,0.00471578,0.00552541,0.100138,0,0.00500595,304.837,-0.0998745,0.00471578,0.00552541,0.100138,0,0.00500595,304.837,-0.0998745,0.00471578,0.00552541,0.100138,0,0.00500595,304.837,-0.0998745,0.00471578,0.00552541,0.100138,0,0.00500595,304.837,-0.0998745,0.00471578,0.00552541,0.100138,0,0,0,0,0,0,0,0,1
stats,216,1,108.5,0.00500595,304.839,-0.0998763,0.00463169,0.00545003,0.100132,0,0.00500595,304.839,-0.0998763,0.00463169,0.00545003,0.100132,0,0.00500595,304.839,-0.0998763,0.00463169,0.00545003,0.100132,0,0.00500595,304.839,-0.0998763,0.00463169,0.00545003,0.100132,0,0.00500595,304.839,-0.0998763,0.00463169,0.00545003,0.100132,0,0.00500595,304.839,-0.0998763,0.00463169,0.00545003,0.100132,0,0,0,0,0,0,0,0,1
stats,217,1,109,0.00500595,304.841,-0.0998793,0.00452768,0.00535764,0.100125,0,0.00500595,304.841,-0.0998793,0.00452768,0.00535764,0.100125,0,0.00500595,304.841,-0.0998793,0.00452768,0.00535764,0.100125,0,0.00500595,304.841,-0.0998793,0.00452768,0.00535764,0.100125,0,0.00500595,304.841,-0.0998793,0.00452768,0.00535764,0.100125,0,0.00500595,304.841,-0.0998793,0.00452768,0.00535764,0.100125,0,0,0,0,0,0,0,0,1
stats,218,1,109.5,0.00500595,304.843,-0.0998818,0.00445581,0.0053061,0.100122,0,0.00500595,304.843,-0.0998818,0.00445581,0.0053061,0.100122,0,0.00500595,304.843,-0.0998818,0.00445581,0.0053061,0.100122,0,0.00500595,304.843,-0.0998818,0.00445581,0.0053061,0.100122,0,0.00500595,304.843,-0.0998818,0.00445581,0.0053061,0.100122,0,0.00500595,304.843,-0.0998818,0.00445581,0.0053061,0.100122,0,0,0,0,0,0,0,0,1
stats,219,1,110,0.00500595,304.846,-0.0998835,0.00442316,0.00528837,0.100121,0,0.00500595,304.846,-0.0998835,0.00442316,0.00528837,0.100121,0,0.00500595,304.846,-0.0998835,0.00442316,0.00528837,0.100121,0,0.00500595,304.846,-0.0998835,0.00442316,0.00528837,0.100121,0,0.00500595,304.846,-0.0998835,0.00442316,0.00528837,0.100121,0,0.00500595,304.846,-0.0998835,0.00442316,0.00528837,0.100121,0,0,0,0,0,0,0,0,1
stats,220,1,110.5,0.00500595,304.847,-0.0998846,0.0044083,0.00528105,0.100121,0,0.00500595,304.847,-0.0998846,0.0044083,0.00528105,0.100121,0,0.00500595,304.847,-0.0998846,0.0044083,0.00528105,0.100121,0,0.00500595,304.847,-0.0998846,0.0044083,0.00528105,0.100121,0,0.00500595,304.847,-0.0998846,0.0044083,0.00528105,0.100121,0,0.00500595,304.847,-0.0998846,0.0044083,0.00528105,0.100121,0,0,0,0,0,0,0,0,1
stats,221,1,111,0.00500595,304.849,-0.0998851,0.00442228,0.0052916,0.100123,0,0.00500595,304.849,-0.0998851,0.00442228,0.0052916,0.100123,0,0.00500595,304.849,-0.0998851,0.00442228,0.0052916,0.100123,0,0.00500595,304.849,-0.0998851,0.00442228,0.0052916,0.100123,0,0.00500595,304.849,-0.0998851,0.00442228,0.0052916,0.100123,0,0.00500595,304.849,-0.0998851,0.00442228,0.0052916,0.100123,0,0,0,0,0,0,0,0,1
stats,222,1,111.5,0.00500595,304.851,-0.0998845,0.00446817,0.00532473,0.100126,0,0.00500595,304.851,-0.0998845,0.00446817,0.00532473,0.100126,0,0.00500595,304.851,-0.0998845,0.00446817,0.00532473,0.100126,0,0.00500595,304.851,-0.0998845,0.00446817,0.00532473,0.100126,0,0.00500595,304.851,-0.0998845,0.00446817,0.00532473,0.100126,0,0.00500595,304.851,-0.0998845,0.00446817,0.00532473,0.100126,0,0,0,0,0,0,0,0,1
stats,223,1,112,0.00500595,304.853,-0.0998828,0.00453072,0.0053601,0.100129,0,0.00500595,304.853,-0.0998828,0.00453072,0.0053601,0.100129,0,0.00500595,304.853,-0.0998828,0.00453072,0.0053601,0.100129,0,0.00500595,304.853,-0.0998828,0.00453072,0.0053601,0.100129,0,0.00500595,304.853,-0.0998828,0.00453072,0.0053601,0.100129,0,0.00500595,304.853,-0.0998828,0.00453072,0.0053601,0.100129,0,0,0,0,0,0,0,0,1
stats,224,1,112.5,0.00500595,304.854,-0.0998807,0.004619,0.00542184,0.100134,0,0.00500595,304.854,-0.0998807,0.004619,0.00542184,0.100134,0,0.00500595,304.854,-0.0998807,0.004619,0.00542184,0.100134,0,0.00500595,304.854,-0.0998807,0.004619,0.00542184,0.100134,0,0.00500595,304.854,-0.0998807,0.004619,0.00542184,0.100134,0,0.00500595,304.854,-0.0998807,0.004619,0.00542184,0.100134,0,0,0,0,0,0,0,0,1
stats,225,1,113,0.00500595,304.856,-0.0998782,0.0047129,0.00547386,0.100139,0,0.00500595,304.856,-0.0998782,0.0047129,0.00547386,0.100139,0,0.00500595,304.856,-0.0998782,0.0047129,0.00547386,0.100139,0,0.00500595,304.856,-0.0998782,0.0047129,0.00547386,0.100139,0,0.00500595,304.856,-0.0998782,0.0047129,0.00547386,0.100139,0,0.00500595,304.856,-0.0998782,0.0047129,0.00547386,0.100139,0,0,0,0,0,0,0,0,1
stats,226,1,113.5,0.00500595,304.857,-0.0998759,0.0048142,0.00554365,0.100145,0,0.00500595,304.857,-0.0998759,0.0048142,0.00554365,0.100145,0,0.00500595,304.857,-0.0998759,0.0048142,0.00554365,0.100145,0,0.00500595,304.857,-0.0998759,0.0048142,0.00554365,0.100145,0,0.00500595,304.857,-0.0998759,0.0048142,0.00554365,0.100145,0,0.00500595,304.857,-0.0998759,0.0048142,0.00554365,0.100145,0,0,0,0,0,0,0,0,1
stats,227,1,114,0.00500595,304.859,-0.0998734,0.00490083,0.00557089,0.100149,0,0.00500595,304.859,-0.0998734,0.00490083,0.00557089,0.100149,0,0.00500595,304.859,-0.0998734,0.00490083,0.00557089,0.100149,0,0.00500595,304.859,-0.0998734,0.00490083,0.00557089,0.100149,0,0.00500595,304.859,-0.0998734,0.00490083,0.00557089,0.100149,0,0.00500595,304.859,-0.0998734,0.00490083,0.00557089,0.100149,0,0,0,0,0,0,0,0,1
stats,228,1,114.5,0.00500595,304.861,-0.099871,0.00495157,0.00562596,0.100152,0,0.00500595,304.861,-0.099871,0.00495157,0.00562596,0.100152,0,0.00500595,304.861,-0.099871,0.00495157,0.00562596,0.100152,0,0.00500595,304.861,-0.099871,0.00495157,0.00562596,0.100152,0,0.00500595,304.861,-0.099871,0.00495157,0.00562596,0.100152,0,0.00500595,304.861,-0.099871,0.00495157,0.00562596,0.100152,0,0,0,0,0,0,0,0,1
stats,229,1,115,0.00500595,304.862,-0.0998692,0.00496571,0.00568455,0.100154,0,0.00500595,304.862,-0.0998692,0.00496571,0.00568455,0.100154,0,0.00500595,304.862,-0.0998692,0.00496571,0.00568455,0.100154,0,0.00500595,304.862,-0.0998692,0.00496571,0.00568455,0.100154,0,0.00500595,304.862,-0.0998692,0.00496571,0.00568455,0.100154,0,0.00500595,304.862,-0.0998692,0.00496571,0.00568455,0.100154,0,0,0,0,0,0,0,0,1
stats,230,1,115.5,0.00500595,304.864,-0.099869,0.00495346,0.00569378,0.100154,0,0.00500595,304.864,-0.099869,0.00495346,0.00569378,0.100154,0,0.00500595,304.864,-0.099869,0.00495346,0.00569378,0.100154,0,0.00500595,304.864,-0.099869,0.00495346,0.00569378,0.100154,0,0.00500595,304.864,-0.099869,0.00495346,0.00569378,0.100154,0,0.00500595,304.864,-0.099869,0.00495346,0.00569378,0.100154,0,0,0,0,0,0,0,0,1
stats,231,1,116,0.00500595,304.866,-0.0998697,0.00489453,0.00569997,0.100152,0,0.00500595,304.866,-0.0998697,0.00489453,0.00569997,0.100152,0,0.00500595,304.866,-0.0998697,0.00489453,0.00569997,0.100152,0,0.00500595,304.866,-0.0998697,0.00489453,0.00569997,0.100152,0,0.00500595,304.866,-0.0998697,0.00489453,0.00569997,0.100152,0,0.00500595,304.866,-0.0998697,0.00489453,0.00569997,0.100152,0,0,0,0,0,0,0,0,1
stats,232,1,116.5,0.00500595,304.868,-0.0998704,0.00485443,0.00568199,0.10015,0,0.00500595,304.868,-0.0998704,0.00485443,0.00568199,0.10015,0,0.00500595,304.868,-0.0998704,0.00485443,0.00568199,0.10015,0,0.00500595,304.868,-0.0998704,0.00485443,0.00568199,0.10015,0,0.00500595,304.868,-0.0998704,0.00485443,0.00568199,0.10015,0,0.00500595,304.868,-0.0998704,0.00485443,0.00568199,0.10015,0,0,0,0,0,0,0,0,1
stats,233,1,117,0.00500595,304.869,-0.0998725,0.00480112,0.00560368,0.100145,0,0.00500595,304.869,-0.0998725,0.00480112,0.00560368,0.100145,0,0.00500595,304.869,-0.0998725,0.00480112,0.00560368,0.100145,0,0.00500595,304.869,-0.0998725,0.00480112,0.00560368,0.100145,0,0.00500595,304.869,-0.0998725,0.00480112,0.00560368,0.100145,0,0.00500595,304.869,-0.0998725,0.00480112,0.00560368,0.100145,0,0,0,0,0,0,0,0,1
stats,234,1,117.5,0.00500595,304.871,-0.0998747,0.00471048,0.00551342,0.100138,0,0.00500595,304.871,-0.0998747,0.00471048,0.00551342,0.100138,0,0.00500595,304.871,-0.0998747,0.00471048,0.00551342,0.100138,0,0.00500595,304.871,-0.0998747,0.00471048,0.00551342,0.100138,0,0.00500595,304.871,-0.0998747,0.00471048,0.00551342,0.100138,0,0.00500595,304.871,-0.0998747,0.00471048,0.00551342,0.100138,0,0,0,0,0,0,0,0,1
stats,235,1,118,0.00500595,304.873,-0.0998762,0.00462929,0.00544796,0.100132,0,0.00500595,304.873,-0.0998762,0.00462929,0.00544796,0.100132,0,0.00500595,304.873,-0.0998762,0.00462929,0.00544796,0.100132,0,0.00500595,304.873,-0.0998762,0.00462929,0.00544796,0.100132,0,0.00500595,304.873,-0.0998762,0.00462929,0.00544796,0.100132,0,0.00500595,304.873,-0.0998762,0.00462929,0.00544796,0.100132,0,0,0,0,0,0,0,0,1
stats,236,1,118.5,0.00500595,304.875,-0.0998793,0.00452511,0.00535776,0.100125,0,0.00500595,304.875,-0.0998793,0.00452511,0.00535776,0.100125,0,0.00500595,304.875,-0.0998793,0.00452511,0.00535776,0.100125,0,0.00500595,304.875,-0.0998793,0.00452511,0.00535776,0.100125,0,0.00500595,304.875,-0.0998793,0.00452511,0.00535776,0.100125,0,0.00500595,304.875,-0.0998793,0.00452511,0.00535776,0.100125,0,0,0,0,0,0,0,0,1
stats,237,1,119,0.00500595,304.877,-0.0998817,0.00445561,0.00530751,0.100122,0,0.00500595,304.877,-0.0998817,0.00445561,0.00530751,0.100122,0,0.00500595,304.877,-0.0998817,0.00445561,0.00530751,0.100122,0,0.00500595,304.877,-0.0998817,0.00445561,0.00530751,0.100122,0,0.00500595,304.877,-0.0998817,0.00445561,0.00530751,0.100122,0,0.00500595,304.877,-0.0998817,0.00445561,0.00530751,0.100122,0,0,0,0,0,0,0,0,1
stats,238,1,119.5,0.00500595,304.878,-0.0998834,0.00442328,0.0052895,0.100121,0,0.00500595,304.878,-0.0998834,0.00442328,0.0052895,0.100121,0,0.00500595,304.878,-0.0998834,0.00442328,0.0052895,0.100121,0,0.00500595,304.878,-0.0998834,0.00442328,0.0052895,0.100121,0,0.00500595,304.878,-0.0998834,0.00442328,0.0052895,0.100121,0,0.00500595,304.878,-0.0998834,0.00442328,0.0052895,0.100121,0,0,0,0,0,0,0,0,1
stats,239,1,120,0.00500595,304.88,-0.0998846,0.00440823,0.00528225,0.100121,0,0.00500595,304.88,-0.0998846,0.00440823,0.00528225,0.100121,0,0.00500595,304.88,-0.0998846,0.00440823,0.00528225,0.100121,0,0.00500595,304.88,-0.0998846,0.00440823,0.00528225,0.100121,0,0.00500595,304.88,-0.0998846,0.00440823,0.00528225,0.100121,0,0.00500595,304.88,-0.0998846,0.00440823,0.00528225,0.100121,0,0,0,0,0,0,0,0,1
stats,240,1,120.5,0.00500595,304.881,-0.0998851,0.00442175,0.00529298,0.100123,0,0.00500595,304.881,-0.0998851,0.00442175,0.00529298,0.100123,0,0.00500595,304.881,-0.0998851,0.00442175,0.00529298,0.100123,0,0.00500595,304.881,-0.0998851,0.00442175,0.00529298,0.100123,0,0.00500595,304.881,-0.0998851,0.00442175,0.00529298,0.100123,0,0.00500595,304.881,-0.0998851,0.00442175,0.00529298,0.100123,0,0,0,0,0,0,0,0,1
stats,241,1,121,0.00500595,304.882,-0.0998845,0.00446728,0.00532612,0.100126,0,0.00500595,304.882,-0.0998845,0.00446728,0.00532612,0.100126,0,0.00500595,304.882,-0.0998845,0.00446728,0.00532612,0.100126,0,0.00500595,304.882,-0.0998845,0.00446728,0.00532612,0.100126,0,0.00500595,304.882,-0.0998845,0.00446728,0.00532612,0.100126,0,0.00500595,304.882,-0.0998845,0.00446728,0.00532612,0.100126,0,0,0,0,0,0,0,0,1
stats,242,1,121.5,0.00500595,304.884,-0.0998829,0.00453018,0.00536149,0.100129,0,0.00500595,304.884,-0.0998829,0.00453018,0.00536149,0.100129,0,0.00500595,304.884,-0.0998829,0.00453018,0.00536149,0.100129,0,0.00500595,304.884,-0.0998829,0.00453018,0.00536149,0.100129,0,0.00500595,304.884,-0.0998829,0.00453018,0.00536149,0.100129,0,0.00500595,304.884,-0.0998829,0.00453018,0.00536149,0.100129,0,0,0,0,0,0,0,0,1
stats,243,1,122,0.00500595,304.885,-0.0998807,0.0046183,0.00542308,0.100134,0,0.00500595,304.885,-0.0998807,0.0046183,0.00542308,0.100134,0,0.00500595,304.885,-0.0998807,0.0046183,0.00542308,0.100134,0,0.00500595,304.885,-0.0998807,0.0046183,0.00542308,0.100134,0,0.00500595,304.885,-0.0998807,0.0046183,0.00542308,0.100134,0,0.00500595,304.885,-0.0998807,0.0046183,0.00542308,0.100134,0,0,0,0,0,0,0,0,1
stats,244,1,122.5,0.00500595,304.886,-0.0998783,0.00471206,0.00547487,0.100139,0,0.00500595,304.886,-0.0998783,0.00471206,0.00547487,0.100139,0,0.00500595,304.886,-0.0998783,0.00471206,0.00547487,0.100139,0,0.00500595,304.886,-0.0998783,0.00471206,0.00547487,0.100139,0,0.00500595,304.886,-0.0998783,0.00471206,0.00547487,0.100139,0,0.00500595,304.886,-0.0998783,0.00471206,0.00547487,0.100139,0,0,0,0,0,0,0,0,1
stats,245,1,123,0.00500595,304.887,-0.0998759,0.00481286,0.00554422,0.100145,0,0.00500595,304.887,-0.0998759,0.00481286,0.00554422,0.100145,0,0.00500595,304.887,-0.0998759,0.00481286,0.00554422,0.100145,0,0.00500595,304.887,-0.0998759,0.00481286,0.00554422,0.100145,0,0.00500595,304.887,-0.0998759,0.00481286,0.00554422,0.100145,0,0.00500595,304.887,-0.0998759,0.00481286,0.00554422,0.100145,0,0,0,0,0,0,0,0,1
stats,246,1,123.5,0.00500595,304.888,-0.0998735,0.00490021,0.00557132,0.100149,0,0.00500595,304.888,-0.0998735,0.00490021,0.00557132,0.100149,0,0.00500595,304.888,-0.0998735,0.00490021,0.00557132,0.100149,0,0.00500595,304.888,-0.0998735,0.00490021,0.00557132,0.100149,0,0.00500595,304.888,-0.0998735,0.00490021,0.00557132,0.100149,0,0.00500595,304.888,-0.0998735,0.00490021,0.00557132,0.100149,0,0,0,0,0,0,0,0,1
stats,247,1,124,0.00500595,304.89,-0.0998711,0.00495141,0.00562649,0.100152,0,0.00500595,304.89,-0.0998711,0.00495141,0.00562649,0.100152,0,0.00500595,304.89,-0.0998711,0.00495141,0.00562649,0.100152,0,0.00500595,304.89,-0.0998711,0.00495141,0.00562649,0.100152,0,0.00500595,304.89,-0.0998711,0.00495141,0.00562649,0.100152,0,0.00500595,304.89,-0.0998711,0.00495141,0.00562649,0.100152,0,0,0,0,0,0,0,0,1
stats,248,1,124.5,0.00500595,304.891,-0.0998694,0.0049663,0.00568582,0.100154,0,0.00500595,304.891,-0.0998694,0.0049663,0.00568582,0.100154,0,0.00500595,304.891,-0.0998694,0.0049663,0.00568582,0.100154,0,0.00500595,304.891,-0.0998694,0.0049663,0.00568582,0.100154,0,0.00500595,304.891,-0.0998694,0.0049663,0.00568582,0.100154,0,0.00500595,304.891,-0.0998694,0.0049663,0.00568582,0.100154,0,0,0,0,0,0,0,0,1
stats,249,1,125,0.00500595,304.892,-0.099869,0.00495569,0.00569549,0.100154,0,0.00500595,304.892,-0.099869,0.00495569,0.00569549,0.100154,0,0.00500595,304.892,-0.099869,0.00495569,0.00569549,0.100154,0,0.00500595,304.892,-0.099869,0.00495569,0.00569549,0.100154,0,0.00500595,304.892,-0.099869,0.00495569,0.00569549,0.100154,0,0.00500595,304.892,-0.099869,0.00495569,0.00569549,0.100154,0,0,0,0,0,0,0,0,1
stats,250,1,125.5,0.00500595,304.894,-0.0998696,0.00493942,0.00570346,0.100154,0,0.00500595,304.894,-0.0998696,0.00493942,0.00570346,0.100154,0,0.00500595,304.894,-0.0998696,0.00493942,0.00570346,0.100154,0,0.00500595,304.894,-0.0998696,0.00493942,0.00570346,0.100154,0,0.00500595,304.894,-0.0998696,0.00493942,0.00570346,0.100154,0,0.00500595,304.894,-0.0998696,0.00493942,0.00570346,0.100154,0,0,0,0,0,0,0,0,1
stats,251,1,126,0.00500595,304.895,-0.0998704,0.00489263,0.0056803,0.100151,0,0.00500595,304.895,-0.0998704,0.00489263,0.0056803,0.100151,0,0.00500595,304.895,-0.0998704,0.00489263,0.0056803,0.100151,0,0.00500595,304.895,-0.0998704,0.00489263,0.0056803,0.100151,0,0.00500595,304.895,-0.0998704,0.00489263,0.0056803,0.100151,0,0.00500595,304.895,-0.0998704,0.00489263,0.0056803,0.100151,0,0,0,0,0,0,0,0,1
stats,252,1,126.5,0.00500595,304.897,-0.0998726,0.00479923,0.00559888,0.100144,0,0.00500595,304.897,-0.0998726,0.00479923,0.00559888,0.100144,0,0.00500595,304.897,-0.0998726,0.00479923,0.00559888,0.100144,0,0.00500595,304.897,-0.0998726,0.00479923,0.00559888,0.100144,0,0.00500595,304.897,-0.0998726,0.00479923,0.00559888,0.100144,0,0.00500595,304.897,-0.0998726,0.00479923,0.00559888,0.100144,0,0,0,0,0,0,0,0,1
stats,253,1,127,0.00500595,304.898,-0.0998747,0.00470996,0.00551116,0.100137,0,0.00500595,304.898,-0.0998747,0.00470996,0.00551116,0.100137,0,0.00500595,304.898,-0.0998747,0.00470996,0.00551116,0.100137,0,0.00500595,304.898,-0.0998747,0.00470996,0.00551116,0.100137,0,0.00500595,304.898,-0.0998747,0.00470996,0.00551116,0.100137,0,0.00500595,304.898,-0.0998747,0.00470996,0.00551116,0.100137,0,0,0,0,0,0,0,0,1
stats,254,1,127.5,0.00500595,304.899,-0.0998762,0.00462963,0.00544814,0.100132,0,0.00500595,304.899,-0.0998762,0.00462963,0.00544814,0.100132,0,0.00500595,304.899,-0.0998762,0.00462963,0.00544814,0.100132,0,0.00500595,304.899,-0.0998762,0.00462963,0.00544814,0.100132,0,0.00500595,304.899,-0.0998762,0.00462963,0.00544814,0.100132,0,0.00500595,304.899,-0.0998762,0.00462963,0.00544814,0.100132,0,0,0,0,0,0,0,0,1
stats,255,1,128,0.00500595,304.901,-0.0998792,0.00452566,0.00535847,0.100125,0,0.00500595,304.901,-0.0998792,0.00452566,0.00535847,0.100125,0,0.00500595,304.901,-0.0998792,0.00452566,0.00535847,0.100125,0,0.00500595,304.901,-0.0998792,0.00452566,0.00535847,0.100125,0,0.00500595,304.901,-0.0998792,0.00452566,0.00535847,0.100125,0,0.00500595,304.901,-0.0998792,0.00452566,0.00535847,0.100125,0,0,0,0,0,0,0,0,1
stats,256,1,128.5,0.00500595,304.902,-0.0998817,0.00445582,0.00530743,0.100122,0,0.00500595,304.902,-0.0998817,0.00445582,0.00530743,0.100122,0,0.00500595,304.902,-0.0998817,0.00445582,0.00530743,0.100122,0,0.00500595,304.902,-0.0998817,0.00445582,0.00530743,0.100122,0,0.00500595,304.902,-0.0998817,0.00445582,0.00530743,0.100122,0,0.00500595,304.902,-0.0998817,0.00445582,0.00530743,0.100122,0,0,0,0,0,0,0,0,1
stats,257,1,129,0.00500595,304.903,-0.0998834,0.00442334,0.00528908,0.100121,0,0.00500595,304.903,-0.0998834,0.00442334,0.00528908,0.100121,0,0.00500595,304.903,-0.0998834,0.00442334,0.00528908,0.100121,0,0.00500595,304.903,-0.0998834,0.00442334,0.00528908,0.100121,0,0.00500595,304.903,-0.0998834,0.00442334,0.00528908,0.100121,0,0.00500595,304.903,-0.0998834,0.00442334,0.00528908,0.100121,0,0,0,0,0,0,0,0,1
stats,258,1,129.5,0.00500595,304.904,-0.0998846,0.00440819,0.00528197,0.100121,0,0.00500595,304.904,-0.0998846,0.00440819,0.00528197,0.100121,0,0.00500595,304.904,-0.0998846,0.00440819,0.00528197,0.100121,0,0.00500595,304.904,-0.0998846,0.00440819,0.00528197,0.100121,0,0.00500595,304.904,-0.0998846,0.00440819,0.00528197,0.100121,0,0.00500595,304.904,-0.0998846,0.00440819,0.00528197,0.100121,0,0,0,0,0,0,0,0,1
stats,259,1,130,0.00500595,304.905,-0.0998851,0.00442155,0.00529287,0.100123,0,0.00500595,304.905,-0.0998851,0.00442155,0.00529287,0.100123,0,0.00500595,304.905,-0.0998851,0.00442155,0.00529287,0.100123,0,0.00500595,304.905,-0.0998851,0.00442155,0.00529287,0.100123,0,0.00500595,304.905,-0.0998851,0.00442155,0.00529287,0.100123,0,0.00500595,304.905,-0.0998851,0.00442155,0.00529287,0.100123,0,0,0,0,0,0,0,0,1
stats,260,1,130.5,0.00500595,304.906,-0.0998845,0.00446693,0.0053261,0.100126,0,0.00500595,304.906,-0.0998845,0.00446693,0.0053261,0.100126,0,0.00500595,304.906,-0.0998845,0.00446693,0.0053261,0.100126,0,0.00500595,304.906,-0.0998845,0.00446693,0.0053261,0.100126,0,0.00500595,304.906,-0.0998845,0.00446693,0.0053261,0.100126,0,0.00500595,304.906,-0.0998845,0.00446693,0.0053261,0.100126,0,0,0,0,0,0,0,0,1
stats,261,1,131,0.00500595,304.907,-0.0998828,0.00452998,0.00536163,0.100129,0,0.00500595,304.907,-0.0998828,0.00452998,0.00536163,0.100129,0,0.00500595,304.907,-0.0998828,0.00452998,0.00536163,0.100129,0,0.00500595,304.907,-0.0998828,0.00452998,0.00536163,0.100129,0,0.00500595,304.907,-0.0998828,0.00452998,0.00536163,0.100129,0,0.00500595,304.907,-0.0998828,0.00452998,0.00536163,0.100129,0,0,0,0,0,0,0,0,1
stats,262,1,131.5,0.00500595,304.908,-0.0998807,0.00461823,0.00542345,0.100134,0,0.00500595,304.908,-0.0998807,0.00461823,0.00542345,0.100134,0,0.00500595,304.908,-0.0998807,0.00461823,0.00542345,0.100134,0,0.00500595,304.908,-0.0998807,0.00461823,0.00542345,0.100134,0,0.00500595,304.908,-0.0998807,0.00461823,0.00542345,0.100134,0,0.00500595,304.908,-0.0998807,0.00461823,0.00542345,0.100134,0,0,0,0,0,0,0,0,1
stats,263,1,132,0.00500595,304.909,-0.0998783,0.00471213,0.00547546,0.100139,0,0.00500595,304.909,-0.0998783,0.00471213,0.00547546,0.100139,0,0.00500595,304.909,-0.0998783,0.00471213,0.00547546,0.100139,0,0.00500595,304.909,-0.0998783,0.00471213,0.00547546,0.100139,0,0.00500595,304.909,-0.0998783,0.00471213,0.00547546,0.100139,0,0.00500595,304.909,-0.0998783,0.00471213,0.00547546,0.100139,0,0,0,0,0,0,0,0,1
stats,264,1,132.5,0.00500595,304.91,-0.0998759,0.00481296,0.00554493,0.100145,0,0.00500595,304.91,-0.0998759,0.00481296,0.00554493,0.100145,0,0.00500595,304.91,-0.0998759,0.00481296,0.00554493,0.100145,0,0.00500595,304.91,-0.0998759,0.00481296,0.00554493,0.100145,0,0.00500595,304.91,-0.0998759,0.00481296,0.00554493,0.100145,0,0.00500595,304.91,-0.0998759,0.00481296,0.00554493,0.100145,0,0,0,0,0,0,0,0,1
stats,265,1,133,0.00500595,304.911,-0.0998734,0.00490077,0.00557229,0.100149,0,0.00500595,304.911,-0.0998734,0.00490077,0.00557229,0.100149,0,0.00500595,304.911,-0.0998734,0.00490077,0.00557229,0.100149,0,0.00500595,304.911,-0.0998734,0.00490077,0.00557229,0.100149,0,0.00500595,304.911,-0.0998734,0.00490077,0.00557229,0.100149,0,0.00500595,304.911,-0.0998734,0.00490077,0.00557229,0.100149,0,0,0,0,0,0,0,0,1
stats,266,1,133.5,0.00500595,304.912,-0.0998711,0.00495213,0.0056277,0.100152,0,0.00500595,304.912,-0.0998711,0.00495213,0.0056277,0.100152,0,0.00500595,304.912,-0.0998711,0.00495213,0.0056277,0.100152,0,0.00500595,304.912,-0.0998711,0.00495213,0.0056277,0.100152,0,0.00500595,304.912,-0.0998711,0.00495213,0.0056277,0.100152,0,0.00500595,304.912,-0.0998711,0.00495213,0.0056277,0.100152,0,0,0,0,0,0,0,0,1
stats,267,1,134,0.00500595,304.913,-0.0998694,0.00496709,0.00568725,0.100154,0,0.00500595,304.913,-0.0998694,0.00496709,0.00568725,0.100154,0,0.00500595,304.913,-0.0998694,0.00496709,0.00568725,0.100154,0,0.00500595,304.913,-0.0998694,0.00496709,0.00568725,0.100154,0,0.00500595,304.913,-0.0998694,0.00496709,0.00568725,0.100154,0,0.00500595,304.913,-0.0998694,0.00496709,0.00568725,0.100154,0,0,0,0,0,0,0,0,1
stats,268,1,134.5,0.00500595,304.914,-0.0998689,0.004957,0.00569704,0.100154,0,0.00500595,304.914,-0.0998689,0.004957,0.00569704,0.100154,0,0.00500595,304.914,-0.0998689,0.004957,0.00569704,0.100154,0,0.00500595,304.914,-0.0998689,0.004957,0.00569704,0.100154,0,0.00500595,304.914,-0.0998689,0.004957,0.00569704,0.100154,0,0.00500595,304.914,-0.0998689,0.004957,0.00569704,0.100154,0,0,0,0,0,0,0,0,1
stats,269,1,135,0.00500595,304.915,-0.0998695,0.00494221,0.00570563,0.100154,0,0.00500595,304.915,-0.0998695,0.00494221,0.00570563,0.100154,0,0.00500595,304.915,-0.0998695,0.00494221,0.00570563,0.100154,0,0.00500595,304.915,-0.0998695,0.00494221,0.00570563,0.100154,0,0.00500595,304.915,-0.0998695,0.00494221,0.00570563,0.100154,0,0.00500595,304.915,-0.0998695,0.00494221,0.00570563,0.100154,0,0,0,0,0,0,0,0,1
stats,270,1,135.5,0.00500595,304.916,-0.0998703,0.00489244,0.00567894,0.100151,0,0.00500595,304.916,-0.0998703,0.00489244,0.00567894,0.100151,0,0.00500595,304.916,-0.0998703,0.00489244,0.00567894,0.100151,0,0.00500595,304.916,-0.0998703,0.00489244,0.00567894,0.100151,0,0.00500595,304.916,-0.0998703,0.00489244,0.00567894,0.100151,0,0.00500595,304.916,-0.0998703,0.00489244,0.00567894,0.100151,0,0,0,0,0,0,0,0,1
stats,271,1,136,0.00500595,304.917,-0.0998727,0.0047974,0.00559587,0.100144,0,0.00500595,304.917,-0.0998727,0.0047974,0.00559587,0.100144,0,0.00500595,304.917,-0.0998727,0.0047974,0.00559587,0.100144,0,0.00500595,304.917,-0.0998727,0.0047974,0.00559587,0.100144,0,0.00500595,304.917,-0.0998727,0.0047974,0.00559587,0.100144,0,0.00500595,304.917,-0.0998727,0.0047974,0.00559587,0.100144,0,0,0,0,0,0,0,0,1
stats,272,1,136.5,0.00500595,304.918,-0.0998748,0.00470893,0.00550946,0.100137,0,0.00500595,304.918,-0.0998748,0.00470893,0.00550946,0.100137,0,0.00500595,304.918,-0.0998748,0.00470893,0.00550946,0.100137,0,0.00500595,304.918,-0.0998748,0.00470893,0.00550946,0.100137,0,0.00500595,304.918,-0.0998748,0.00470893,0.00550946,0.100137,0,0.00500595,304.918,-0.0998748,0.00470893,0.00550946,0.100137,0,0,0,0,0,0,0,0,1
stats,273,1,137,0.00500595,304.919,-0.0998762,0.00462857,0.00544717,0.100132,0,0.00500595,304.919,-0.0998762,0.00462857,0.00544717,0.100132,0,0.00500595,304.919,-0.0998762,0.00462857,0.00544717,0.100132,0,0.00500595,304.919,-0.0998762,0.00462857,0.00544717,0.100132,0,0.00500595,304.919,-0.0998762,0.00462857,0.00544717,0.100132,0,0.00500595,304.919,-0.0998762,0.00462857,0.00544717,0.100132,0,0,0,0,0,0,0,0,1
stats,274,1,137.5,0.00500595,304.92,-0.0998792,0.00452493,0.00535803,0.100125,0,0.00500595,304.92,-0.0998792,0.00452493,0.00535803,0.100125,0,0.00500595,304.92,-0.0998792,0.00452493,0.00535803,0.100125,0,0.00500595,304.92,-0.0998792,0.00452493,0.00535803,0.100125,0,0.00500595,304.92,-0.0998792,0.00452493,0.00535803,0.100125,0,0.00500595,304.92,-0.0998792,0.00452493,0.00535803,0.100125,0,0,0,0,0,0,0,0,1
stats,275,1,138,0.00500595,304.921,-0.0998817,0.00446094,0.00530944,0.100122,0,0.00500595,304.921,-0.0998817,0.00446094,0.00530944,0.100122,0,0.00500595,304.921,-0.0998817,0.00446094,0.00530944,0.100122,0,0.00500595,304.921,-0.0998817,0.00446094,0.00530944,0.100122,0,0.00500595,304.921,-0.0998817,0.00446094,0.00530944,0.100122,0,0.00500595,304.921,-0.0998817,0.00446094,0.00530944,0.100122,0,0,0,0,0,0,0,0,1
stats,276,1,138.5,0.00500595,304.922,-0.0998834,0.00442322,0.00528901,0.100121,0,0.00500595,304.922,-0.0998834,0.00442322,0.00528901,0.100121,0,0.00500595,304.922,-0.0998834,0.00442322,0.00528901,0.100121,0,0.00500595,304.922,-0.0998834,0.00442322,0.00528901,0.100121,0,0.00500595,304.922,-0.0998834,0.00442322,0.00528901,0.100121,0,0.00500595,304.922,-0.0998834,0.00442322,0.00528901,0.100121,0,0,0,0,0,0,0,0,1
stats,277,1,139,0.00500595,304.923,-0.0998846,0.00440821,0.00528202,0.100121,0,0.00500595,304.923,-0.0998846,0.00440821,0.00528202,0.100121,0,0.00500595,304.923,-0.0998846,0.00440821,0.00528202,0.100121,0,0.00500595,304.923,-0.0998846,0.00440821,0.00528202,0.100121,0,0.00500595,304.923,-0.0998846,0.00440821,0.00528202,0.100121,0,0.00500595,304.923,-0.0998846,0.00440821,0.00528202,0.100121,0,0,0,0,0,0,0,0,1
stats,278,1,139.5,0.00500595,304.924,-0.0998851,0.00442173,0.00529308,0.100123,0,0.00500595,304.924,-0.0998851,0.00442173,0.00529308,0.100123,0,0.00500595,304.924,-0.0998851,0.00442173,0.00529308,0.100123,0,0.00500595,304.924,-0.0998851,0.00442173,0.00529308,0.100123,0,0.00500595,304.924,-0.0998851,0.00442173,0.00529308,0.100123,0,0.00500595,304.924,-0.0998851,0.00442173,0.00529308,0.100123,0,0,0,0,0,0,0,0,1
stats,279,1,140,0.00500595,304.925,-0.0998845,0.00446718,0.00532644,0.100126,0,0.00500595,304.925,-0.0998845,0.00446718,0.00532644,0.100126,0,0.00500595,304.925,-0.0998845,0.00446718,0.00532644,0.100126,0,0.00500595,304.925,-0.0998845,0.00446718,0.00532644,0.100126,0,0.00500595,304.925,-0.0998845,0.00446718,0.00532644,0.100126,0,0.00500595,304.925,-0.0998845,0.00446718,0.00532644,0.100126,0,0,0,0,0,0,0,0,1
stats,280,1,140.5,0.00500595,304.925,-0.0998828,0.0045271,0.00537586,0.10013,0,0.00500595,304.925,-0.0998828,0.0045271,0.00537586,0.10013,0,0.00500595,304.925,-0.0998828,0.0045271,0.00537586,0.10013,0,0.00500595,304.925,-0.0998828,0.0045271,0.00537586,0.10013,0,0.00500595,304.925,-0.0998828,0.0045271,0.00537586,0.10013,0,0.00500595,304.925,-0.0998828,0.0045271,0.00537586,0.10013,0,0,0,0,0,0,0,0,1
stats,281,1,141,0.00500595,304.926,-0.0998807,0.00461858,0.00542392,0.100134,0,0.00500595,304.926,-0.0998807,0.00461858,0.00542392,0.100134,0,0.00500595,304.926,-0.0998807,0.00461858,0.00542392,0.100134,0,0.00500595,304.926,-0.0998807,0.00461858,0.00542392,0.100134,0,0.00500595,304.926,-0.0998807,0.00461858,0.00542392,0.100134,0,0.00500595,304.926,-0.0998807,0.00461858,0.00542392,0.100134,0,0,0,0,0,0,0,0,1
stats,282,1,141.5,0.00500595,304.927,-0.0998782,0.00471243,0.00547595,0.100139,0,0.00500595,304.927,-0.0998782,0.00471243,0.00547595,0.100139,0,0.00500595,304.927,-0.0998782,0.00471243,0.00547595,0.100139,0,0.00500595,304.927,-0.0998782,0.00471243,0.00547595,0.100139,0,0.00500595,304.927,-0.0998782,0.00471243,0.00547595,0.100139,0,0.00500595,304.927,-0.0998782,0.00471243,0.00547595,0.100139,0,0,0,0,0,0,0,0,1
stats,283,1,142,0.00500595,304.927,-0.0998759,0.00481305,0.0055453,0.100145,0,0.00500595,304.927,-0.0998759,0.00481305,0.0055453,0.100145,0,0.00500595,304.927,-0.0998759,0.00481305,0.0055453,0.100145,0,0.00500595,304.927,-0.0998759,0.00481305,0.0055453,0.100145,0,0.00500595,304.927,-0.0998759,0.00481305,0.0055453,0.100145,0,0.00500595,304.927,-0.0998759,0.00481305,0.0055453,0.100145,0,0,0,0,0,0,0,0,1
stats,284,1,142.5,0.00500595,304.928,-0.0998734,0.00490077,0.00557256,0.100149,0,0.00500595,304.928,-0.0998734,0.00490077,0.00557256,0.100149,0,0.00500595,304.928,-0.0998734,0.00490077,0.00557256,0.100149,0,0.00500595,304.928,-0.0998734,0.00490077,0.00557256,0.100149,0,0.00500595,304.928,-0.0998734,0.00490077,0.00557256,0.100149,0,0.00500595,304.928,-0.0998734,0.00490077,0.00557256,0.100149,0,0,0,0,0,0,0,0,1
stats,285,1,143,0.00500595,304.929,-0.0998711,0.0049473,0.00565865,0.100154,0,0.00500595,304.929,-0.0998711,0.0049473,0.00565865,0.100154,0,0.00500595,304.929,-0.0998711,0.0049473,0.00565865,0.100154,0,0.00500595,304.929,-0.0998711,0.0049473,0.00565865,0.100154,0,0.00500595,304.929,-0.0998711,0.0049473,0.00565865,0.100154,0,0.00500595,304.929,-0.0998711,0.0049473,0.00565865,0.100154,0,0,0,0,0,0,0,0,1
stats,286,1,143.5,0.00500595,304.93,-0.0998694,0.00496656,0.00568727,0.100154,0,0.00500595,304.93,-0.0998694,0.00496656,0.00568727,0.100154,0,0.00500595,304.93,-0.0998694,0.00496656,0.00568727,0.100154,0,0.00500595,304.93,-0.0998694,0.00496656,0.00568727,0.100154,0,0.00500595,304.93,-0.0998694,0.00496656,0.00568727,0.100154,0,0.00500595,304.93,-0.0998694,0.00496656,0.00568727,0.100154,0,0,0,0,0,0,0,0,1
stats,287,1,144,0.00500595,304.931,-0.099869,0.00495649,0.00569694,0.100154,0,0.00500595,304.931,-0.099869,0.00495649,0.00569694,0.100154,0,0.00500595,304.931,-0.099869,0.00495649,0.00569694,0.100154,0,0.00500595,304.931,-0.099869,0.00495649,0.00569694,0.100154,0,0.00500595,304.931,-0.099869,0.00495649,0.00569694,0.100154,0,0.00500595,304.931,-0.099869,0.00495649,0.00569694,0.100154,0,0,0,0,0,0,0,0,1
stats,288,1,144.5,0.00500595,304.931,-0.0998695,0.00494214,0.00570567,0.100154,0,0.00500595,304.931,-0.0998695,0.00494214,0.00570567,0.100154,0,0.00500595,304.931,-0.0998695,0.00494214,0.00570567,0.100154,0,0.00500595,304.931,-0.0998695,0.00494214,0.00570567,0.100154,0,0.00500595,304.931,-0.0998695,0.00494214,0.00570567,0.100154,0,0.00500595,304.931,-0.0998695,0.00494214,0.00570567,0.100154,0,0,0,0,0,0,0,0,1
stats,289,1,145,0.00500595,304.932,-0.0998702,0.00489131,0.00567767,0.100151,0,0.00500595,304.932,-0.0998702,0.00489131,0.00567767,0.100151,0,0.00500595,304.932,-0.0998702,0.00489131,0.00567767,0.100151,0,0.00500595,304.932,-0.0998702,0.00489131,0.00567767,0.100151,0,0.00500595,304.932,-0.0998702,0.00489131,0.00567767,0.100151,0,0.00500595,304.932,-0.0998702,0.00489131,0.00567767,0.100151,0,0,0,0,0,0,0,0,1
stats,290,1,145.5,0.00500595,304.933,-0.0998727,0.00479566,0.00559384,0.100144,0,0.00500595,304.933,-0.0998727,0.00479566,0.00559384,0.100144,0,0.00500595,304.933,-0.0998727,0.00479566,0.00559384,0.100144,0,0.00500595,304.933,-0.0998727,0.00479566,0.00559384,0.100144,0,0.00500595,304.933,-0.0998727,0.00479566,0.00559384,0.100144,0,0.00500595,304.933,-0.0998727,0.00479566,0.00559384,0.100144,0,0,0,0,0,0,0,0,1
stats,291,1,146,0.00500595,304.934,-0.0998748,0.00470746,0.00550774,0.100137,0,0.00500595,304.934,-0.0998748,0.00470746,0.00550774,0.100137,0,0.00500595,304.934,-0.0998748,0.00470746,0.00550774,0.100137,0,0.00500595,304.934,-0.0998748,0.00470746,0.00550774,0.100137,0,0.00500595,304.934,-0.0998748,0.00470746,0.00550774,0.100137,0,0.00500595,304.934,-0.0998748,0.00470746,0.00550774,0.100137,0,0,0,0,0,0,0,0,1
stats,292,1,146.5,0.00500595,304.935,-0.0998763,0.00462692,0.00544559,0.100132,0,0.00500595,304.935,-0.0998763,0.00462692,0.00544559,0.100132,0,0.00500595,304.935,-0.0998763,0.00462692,0.00544559,0.100132,0,0.00500595,304.935,-0.0998763,0.00462692,0.00544559,0.100132,0,0.00500595,304.935,-0.0998763,0.00462692,0.00544559,0.100132,0,0.00500595,304.935,-0.0998763,0.00462692,0.00544559,0.100132,0,0,0,0,0,0,0,0,1
stats,293,1,147,0.00500595,304.936,-0.0998793,0.00452346,0.00535674,0.100125,0,0.00500595,304.936,-0.0998793,0.00452346,0.00535674,0.100125,0,0.00500595,304.936,-0.0998793,0.00452346,0.00535674,0.100125,0,0.00500595,304.936,-0.0998793,0.00452346,0.00535674,0.100125,0,0.00500595,304.936,-0.0998793,0.00452346,0.00535674,0.100125,0,0.00500595,304.936,-0.0998793,0.00452346,0.00535674,0.100125,0,0,0,0,0,0,0,0,1
stats,294,1,147.5,0.00500595,304.936,-0.0998818,0.00445995,0.00530853,0.100122,0,0.00500595,304.936,-0.0998818,0.00445995,0.00530853,0.100122,0,0.00500595,304.936,-0.0998818,0.00445995,0.00530853,0.100122,0,0.00500595,304.936,-0.0998818,0.00445995,0.00530853,0.100122,0,0.00500595,304.936,-0.0998818,0.00445995,0.00530853,0.100122,0,0.00500595,304.936,-0.0998818,0.00445995,0.00530853,0.100122,0,0,0,0,0,0,0,0,1
stats,295,1,148,0.00500595,304.937,-0.0998834,0.00442257,0.0052884,0.100121,0,0.00500595,304.937,-0.0998834,0.00442257,0.0052884,0.100121,0,0.00500595,304.937,-0.0998834,0.00442257,0.0052884,0.100121,0,0.00500595,304.937,-0.0998834,0.00442257,0.0052884,0.100121,0,0.00500595,304.937,-0.0998834,0.00442257,0.0052884,0.100121,0,0.00500595,304.937,-0.0998834,0.00442257,0.0052884,0.100121,0,0,0,0,0,0,0,0,1
stats,296,1,148.5,0.00500595,304.937,-0.0998846,0.00440807,0.00528184,0.100121,0,0.00500595,304.937,-0.0998846,0.00440807,0.00528184,0.100121,0,0.00500595,304.937,-0.0998846,0.00440807,0.00528184,0.100121,0,0.00500595,304.937,-0.0998846,0.00440807,0.00528184,0.100121,0,0.00500595,304.937,-0.0998846,0.00440807,0.00528184,0.100121,0,0.00500595,304.937,-0.0998846,0.00440807,0.00528184,0.100121,0,0,0,0,0,0,0,0,1
stats,297,1,149,0.00500595,304.938,-0.0998851,0.00442226,0.0052935,0.100123,0,0.00500595,304.938,-0.0998851,0.00442226,0.0052935,0.100123,0,0.00500595,304.938,-0.0998851,0.00442226,0.0052935,0.100123,0,0.00500595,304.938,-0.0998851,0.00442226,0.0052935,0.100123,0,0.00500595,304.938,-0.0998851,0.00442226,0.0052935,0.100123,0,0.00500595,304.938,-0.0998851,0.00442226,0.0052935,0.100123,0,0,0,0,0,0,0,0,1
stats,298,1,149.5,0.00500595,304.939,-0.0998844,0.00446829,0.00532736,0.100126,0,0.00500595,304.939,-0.0998844,0.00446829,0.00532736,0.100126,0,0.00500595,304.939,-0.0998844,0.00446829,0.00532736,0.100126,0,0.00500595,304.939,-0.0998844,0.00446829,0.00532736,0.100126,0,0.00500595,304.939,-0.0998844,0.00446829,0.00532736,0.100126,0,0.00500595,304.939,-0.0998844,0.00446829,0.00532736,0.100126,0,0,0,0,0,0,0,0,1
stats,299,1,150,0.00500595,304.939,-0.0998828,0.00452874,0.00537714,0.10013,0,0.00500595,304.939,-0.0998828,0.00452874,0.00537714,0.10013,0,0.00500595,304.939,-0.0998828,0.00452874,0.00537714,0.10013,0,0.00500595,304.939,-0.0998828,0.00452874,0.00537714,0.10013,0,0.00500595,304.939,-0.0998828,0.00452874,0.00537714,0.10013,0,0.00500595,304.939,-0.0998828,0.00452874,0.00537714,0.10013,0,0,0,0,0,0,0,0,1
stats,300,1,150.5,0.00500595,304.94,-0.0998806,0.00462075,0.00542556,0.100135,0,0.00500595,304.94,-0.0998806,0.00462075,0.00542556,0.100135,0,0.00500595,304.94,-0.0998806,0.00462075,0.00542556,0.100135,0,0.00500595,304.94,-0.0998806,0.00462075,0.00542556,0.100135,0,0.00500595,304.94,-0.0998806,0.00462075,0.00542556,0.100135,0,0.00500595,304.94,-0.0998806,0.00462075,0.00542556,0.100135,0,0,0,0,0,0,0,0,1
stats,301,1,151,0.00500595,304.94,-0.0998782,0.00471479,0.00547779,0.100139,0,0.00500595,304.94,-0.0998782,0.00471479,0.00547779,0.100139,0,0.00500595,304.94,-0.0998782,0.00471479,0.00547779,0.100139,0,0.00500595,304.94,-0.0998782,0.00471479,0.00547779,0.100139,0,0.00500595,304.94,-0.0998782,0.00471479,0.00547779,0.100139,0,0.00500595,304.94,-0.0998782,0.00471479,0.00547779,0.100139,0,0,0,0,0,0,0,0,1
stats,302,1,151.5,0.00500595,304.941,-0.0998758,0.00481517,0.00554695,0.100146,0,0.00500595,304.941,-0.0998758,0.00481517,0.00554695,0.100146,0,0.00500595,304.941,-0.0998758,0.00481517,0.00554695,0.100146,0,0.00500595,304.941,-0.0998758,0.00481517,0.00554695,0.100146,0,0.00500595,304.941,-0.0998758,0.00481517,0.00554695,0.100146,0,0.00500595,304.941,-0.0998758,0.00481517,0.00554695,0.100146,0,0,0,0,0,0,0,0,1
stats,303,1,152,0.00500595,304.941,-0.0998733,0.00490262,0.00557407,0.100149,0,0.00500595,304.941,-0.0998733,0.00490262,0.00557407,0.100149,0,0.00500595,304.941,-0.0998733,0.00490262,0.00557407,0.100149,0,0.00500595,304.941,-0.0998733,0.00490262,0.00557407,0.100149,0,0.00500595,304.941,-0.0998733,0.00490262,0.00557407,0.100149,0,0.00500595,304.941,-0.0998733,0.00490262,0.00557407,0.100149,0,0,0,0,0,0,0,0,1
stats,304,1,152.5,0.00500595,304.942,-0.0998711,0.00494831,0.00566008,0.100154,0,0.00500595,304.942,-0.0998711,0.00494831,0.00566008,0.100154,0,0.00500595,304.942,-0.0998711,0.00494831,0.00566008,0.100154,0,0.00500595,304.942,-0.0998711,0.00494831,0.00566008,0.100154,0,0.00500595,304.942,-0.0998711,0.00494831,0.00566008,0.100154,0,0.00500595,304.942,-0.0998711,0.00494831,0.00566008,0.100154,0,0,0,0,0,0,0,0,1
stats,305,1,153,0.00500595,304.943,-0.0998694,0.00496695,0.00568824,0.100154,0,0.00500595,304.943,-0.0998694,0.00496695,0.00568824,0.100154,0,0.00500595,304.943,-0.0998694,0.00496695,0.00568824,0.100154,0,0.00500595,304.943,-0.0998694,0.00496695,0.00568824,0.100154,0,0.00500595,304.943,-0.0998694,0.00496695,0.00568824,0.100154,0,0.00500595,304.943,-0.0998694,0.00496695,0.00568824,0.100154,0,0,0,0,0,0,0,0,1
stats,306,1,153.5,0.00500595,304.943,-0.099869,0.00495673,0.00569784,0.100154,0,0.00500595,304.943,-0.099869,0.00495673,0.00569784,0.100154,0,0.00500595,304.943,-0.099869,0.00495673,0.00569784,0.100154,0,0.00500595,304.943,-0.099869,0.00495673,0.00569784,0.100154,0,0.00500595,304.943,-0.099869,0.00495673,0.00569784,0.100154,0,0.00500595,304.943,-0.099869,0.00495673,0.00569784,0.100154,0,0,0,0,0,0,0,0,1
stats,307,1,154,0.00500595,304.944,-0.0998695,0.00494286,0.00570669,0.100154,0,0.00500595,304.944,-0.0998695,0.00494286,0.00570669,0.100154,0,0.00500595,304.944,-0.0998695,0.00494286,0.00570669,0.100154,0,0.00500595,304.944,-0.0998695,0.00494286,0.00570669,0.100154,0,0.00500595,304.944,-0.0998695,0.00494286,0.00570669,0.100154,0,0.00500595,304.944,-0.0998695,0.00494286,0.00570669,0.100154,0,0,0,0,0,0,0,0,1
stats,308,1,154.5,0.00500595,304.945,-0.0998702,0.00488942,0.00567593,0.100151,0,0.00500595,304.945,-0.0998702,0.00488942,0.00567593,0.100151,0,0.00500595,304.945,-0.0998702,0.00488942,0.00567593,0.100151,0,0.00500595,304.945,-0.0998702,0.00488942,0.00567593,0.100151,0,0.00500595,304.945,-0.0998702,0.00488942,0.00567593,0.100151,0,0.00500595,304.945,-0.0998702,0.00488942,0.00567593,0.100151,0,0,0,0,0,0,0,0,1
stats,309,1,155,0.00500595,304.945,-0.0998728,0.00479305,0.00559087,0.100144,0,0.00500595,304.945,-0.0998728,0.00479305,0.00559087,0.100144,0,0.00500595,304.945,-0.0998728,0.00479305,0.00559087,0.100144,0,0.00500595,304.945,-0.0998728,0.00479305,0.00559087,0.100144,0,0.00500595,304.945,-0.0998728,0.00479305,0.00559087,0.100144,0,0.00500595,304.945,-0.0998728,0.00479305,0.00559087,0.100144,0,0,0,0,0,0,0,0,1
stats,310,1,155.5,0.00500595,304.946,-0.0998748,0.00470558,0.00550565,0.100137,0,0.00500595,304.946,-0.0998748,0.00470558,0.00550565,0.100137,0,0.00500595,304.946,-0.0998748,0.00470558,0.00550565,0.100137,0,0.00500595,304.946,-0.0998748,0.00470558,0.00550565,0.100137,0,0.00500595,304.946,-0.0998748,0.00470558,0.00550565,0.100137,0,0.00500595,304.946,-0.0998748,0.00470558,0.00550565,0.100137,0,0,0,0,0,0,0,0,1
stats,311,1,156,0.00500595,304.946,-0.0998763,0.00462459,0.00544353,0.100131,0,0.00500595,304.946,-0.0998763,0.00462459,0.00544353,0.100131,0,0.00500595,304.946,-0.0998763,0.00462459,0.00544353,0.100131,0,0.00500595,304.946,-0.0998763,0.00462459,0.00544353,0.100131,0,0.00500595,304.946,-0.0998763,0.00462459,0.00544353,0.100131,0,0.00500595,304.946,-0.0998763,0.00462459,0.00544353,0.100131,0,0,0,0,0,0,0,0,1
stats,312,1,156.5,0.00500595,304.947,-0.0998794,0.00452166,0.00535529,0.100125,0,0.00500595,304.947,-0.0998794,0.00452166,0.00535529,0.100125,0,0.00500595,304.947,-0.0998794,0.00452166,0.00535529,0.100125,0,0.00500595,304.947,-0.0998794,0.00452166,0.00535529,0.100125,0,0.00500595,304.947,-0.0998794,0.00452166,0.00535529,0.100125,0,0.00500595,304.947,-0.0998794,0.00452166,0.00535529,0.100125,0,0,0,0,0,0,0,0,1
stats,313,1,157,0.00500595,304.947,-0.0998818,0.00445924,0.00530817,0.100122,0,0.00500595,304.947,-0.0998818,0.00445924,0.00530817,0.100122,0,0.00500595,304.947,-0.0998818,0.00445924,0.00530817,0.100122,0,0.00500595,304.947,-0.0998818,0.00445924,0.00530817,0.100122,0,0.00500595,304.947,-0.0998818,0.00445924,0.00530817,0.100122,0,0.00500595,304.947,-0.0998818,0.00445924,0.00530817,0.100122,0,0,0,0,0,0,0,0,1
stats,314,1,157.5,0.00500595,304.948,-0.0998834,0.00442242,0.00528841,0.100121,0,0.00500595,304.948,-0.0998834,0.00442242,0.00528841,0.100121,0,0.00500595,304.948,-0.0998834,0.00442242,0.00528841,0.100121,0,0.00500595,304.948,-0.0998834,0.00442242,0.00528841,0.100121,0,0.00500595,304.948,-0.0998834,0.00442242,0.00528841,0.100121,0,0.00500595,304.948,-0.0998834,0.00442242,0.00528841,0.100121,0,0,0,0,0,0,0,0,1
stats,315,1,158,0.00500595,304.948,-0.0998846,0.0044085,0.00528213,0.100121,0,0.00500595,304.948,-0.0998846,0.0044085,0.00528213,0.100121,0,0.00500595,304.948,-0.0998846,0.0044085,0.00528213,0.100121,0,0.00500595,304.948,-0.0998846,0.0044085,0.00528213,0.100121,0,0.00500595,304.948,-0.0998846,0.0044085,0.00528213,0.100121,0,0.00500595,304.948,-0.0998846,0.0044085,0.00528213,0.100121,0,0,0,0,0,0,0,0,1
stats,316,1,158.5,0.00500595,304.949,-0.0998851,0.00442341,0.0052942,0.100123,0,0.00500595,304.949,-0.0998851,0.00442341,0.0052942,0.100123,0,0.00500595,304.949,-0.0998851,0.00442341,0.0052942,0.100123,0,0.00500595,304.949,-0.0998851,0.00442341,0.0052942,0.100123,0,0.00500595,304.949,-0.0998851,0.00442341,0.0052942,0.100123,0,0.00500595,304.949,-0.0998851,0.00442341,0.0052942,0.100123,0,0,0,0,0,0,0,0,1
stats,317,1,159,0.00500595,304.949,-0.0998844,0.00447003,0.00532845,0.100126,0,0.00500595,304.949,-0.0998844,0.00447003,0.00532845,0.100126,0,0.00500595,304.949,-0.0998844,0.00447003,0.00532845,0.100126,0,0.00500595,304.949,-0.0998844,0.00447003,0.00532845,0.100126,0,0.00500595,304.949,-0.0998844,0.00447003,0.00532845,0.100126,0,0.00500595,304.949,-0.0998844,0.00447003,0.00532845,0.100126,0,0,0,0,0,0,0,0,1
stats,318,1,159.5,0.00500595,304.95,-0.0998827,0.00453403,0.00536471,0.100129,0,0.00500595,304.95,-0.0998827,0.00453403,0.00536471,0.100129,0,0.00500595,304.95,-0.0998827,0.00453403,0.00536471,0.100129,0,0.00500595,304.95,-0.0998827,0.00453403,0.00536471,0.100129,0,0.00500595,304.95,-0.0998827,0.00453403,0.00536471,0.100129,0,0.00500595,304.95,-0.0998827,0.00453403,0.00536471,0.100129,0,0,0,0,0,0,0,0,1
stats,319,1,160,0.00500595,304.95,-0.0998806,0.00462315,0.00542711,0.100135,0,0.00500595,304.95,-0.0998806,0.00462315,0.00542711,0.100135,0,0.00500595,304.95,-0.0998806,0.00462315,0.00542711,0.100135,0,0.00500595,304.95,-0.0998806,0.00462315,0.00542711,0.100135,0,0.00500595,304.95,-0.0998806,0.00462315,0.00542711,0.100135,0,0.00500595,304.95,-0.0998806,0.00462315,0.00542711,0.100135,0,0,0,0,0,0,0,0,1
stats,320,1,160.5,0.00500595,304.95,-0.0998781,0.00471721,0.00547938,0.100139,0,0.00500595,304.95,-0.0998781,0.00471721,0.00547938,0.100139,0,0.00500595,304.95,-0.0998781,0.00471721,0.00547938,0.100139,0,0.00500595,304.95,-0.0998781,0.00471721,0.00547938,0.100139,0,0.00500595,304.95,-0.0998781,0.00471721,0.00547938,0.100139,0,0.00500595,304.95,-0.0998781,0.00471721,0.00547938,0.100139,0,0,0,0,0,0,0,0,1
stats,321,1,161,0.00500595,304.951,-0.0998758,0.00481726,0.00554829,0.100146,0,0.00500595,304.951,-0.0998758,0.00481726,0.00554829,0.100146,0,0.00500595,304.951,-0.0998758,0.00481726,0.00554829,0.100146,0,0.00500595,304.951,-0.0998758,0.00481726,0.00554829,0.100146,0,0.00500595,304.951,-0.0998758,0.00481726,0.00554829,0.100146,0,0.00500595,304.951,-0.0998758,0.00481726,0.00554829,0.100146,0,0,0,0,0,0,0,0,1
stats,322,1,161.5,0.00500595,304.951,-0.0998733,0.00490416,0.00557515,0.100149,0,0.00500595,304.951,-0.0998733,0.00490416,0.00557515,0.100149,0,0.00500595,304.951,-0.0998733,0.00490416,0.00557515,0.100149,0,0.00500595,304.951,-0.0998733,0.00490416,0.00557515,0.100149,0,0.00500595,304.951,-0.0998733,0.00490416,0.00557515,0.100149,0,0.00500595,304.951,-0.0998733,0.00490416,0.00557515,0.100149,0,0,0,0,0,0,0,0,1
stats,323,1,162,0.00500595,304.952,-0.099871,0.00494898,0.00566083,0.100154,0,0.00500595,304.952,-0.099871,0.00494898,0.00566083,0.100154,0,0.00500595,304.952,-0.099871,0.00494898,0.00566083,0.100154,0,0.00500595,304.952,-0.099871,0.00494898,0.00566083,0.100154,0,0.00500595,304.952,-0.099871,0.00494898,0.00566083,0.100154,0,0.00500595,304.952,-0.099871,0.00494898,0.00566083,0.100154,0,0,0,0,0,0,0,0,1
stats,324,1,162.5,0.00500595,304.952,-0.0998693,0.00496682,0.00568846,0.100154,0,0.00500595,304.952,-0.0998693,0.00496682,0.00568846,0.100154,0,0.00500595,304.952,-0.0998693,0.00496682,0.00568846,0.100154,0,0.00500595,304.952,-0.0998693,0.00496682,0.00568846,0.100154,0,0.00500595,304.952,-0.0998693,0.00496682,0.00568846,0.100154,0,0.00500595,304.952,-0.0998693,0.00496682,0.00568846,0.100154,0,0,0,0,0,0,0,0,1
stats,325,1,163,0.00500595,304.953,-0.099869,0.00495606,0.00569771,0.100154,0,0.00500595,304.953,-0.099869,0.00495606,0.00569771,0.100154,0,0.00500595,304.953,-0.099869,0.00495606,0.00569771,0.100154,0,0.00500595,304.953,-0.099869,0.00495606,0.00569771,0.100154,0,0.00500595,304.953,-0.099869,0.00495606,0.00569771,0.100154,0,0.00500595,304.953,-0.099869,0.00495606,0.00569771,0.100154,0,0,0,0,0,0,0,0,1
stats,326,1,163.5,0.00500595,304.954,-0.0998695,0.00494199,0.00570636,0.100154,0,0.00500595,304.954,-0.0998695,0.00494199,0.00570636,0.100154,0,0.00500595,304.954,-0.0998695,0.00494199,0.00570636,0.100154,0,0.00500595,304.954,-0.0998695,0.00494199,0.00570636,0.100154,0,0.00500595,304.954,-0.0998695,0.00494199,0.00570636,0.100154,0,0.00500595,304.954,-0.0998695,0.00494199,0.00570636,0.100154,0,0,0,0,0,0,0,0,1
stats,327,1,164,0.00500595,304.954,-0.0998702,0.00488745,0.00567447,0.100151,0,0.00500595,304.954,-0.0998702,0.00488745,0.00567447,0.100151,0,0.00500595,304.954,-0.0998702,0.00488745,0.00567447,0.100151,0,0.00500595,304.954,-0.0998702,0.00488745,0.00567447,0.100151,0,0.00500595,304.954,-0.0998702,0.00488745,0.00567447,0.100151,0,0.00500595,304.954,-0.0998702,0.00488745,0.00567447,0.100151,0,0,0,0,0,0,0,0,1
stats,328,1,164.5,0.00500595,304.955,-0.0998729,0.0047909,0.00558884,0.100144,0,0.00500595,304.955,-0.0998729,0.0047909,0.00558884,0.100144,0,0.00500595,304.955,-0.0998729,0.0047909,0.00558884,0.100144,0,0.00500595,304.955,-0.0998729,0.0047909,0.00558884,0.100144,0,0.00500595,304.955,-0.0998729,0.0047909,0.00558884,0.100144,0,0.00500595,304.955,-0.0998729,0.0047909,0.00558884,0.100144,0,0,0,0,0,0,0,0,1
stats,329,1,165,0.00500595,304.955,-0.0998749,0.00470377,0.0055039,0.100137,0,0.00500595,304.955,-0.0998749,0.00470377,0.0055039,0.100137,0,0.00500595,304.955,-0.0998749,0.00470377,0.0055039,0.100137,0,0.00500595,304.955,-0.0998749,0.00470377,0.0055039,0.100137,0,0.00500595,304.955,-0.0998749,0.00470377,0.0055039,0.100137,0,0.00500595,304.955,-0.0998749,0.00470377,0.0055039,0.100137,0,0,0,0,0,0,0,0,1
stats,330,1,165.5,0.00500595,304.955,-0.0998764,0.00462212,0.00544133,0.100131,0,0.00500595,304.955,-0.0998764,0.00462212,0.00544133,0.100131,0,0.00500595,304.955,-0.0998764,0.00462212,0.00544133,0.100131,0,0.00500595,304.955,-0.0998764,0.00462212,0.00544133,0.100131,0,0.00500595,304.955,-0.0998764,0.00462212,0.00544133,0.100131,0,0.00500595,304.955,-0.0998764,0.00462212,0.00544133,0.100131,0,0,0,0,0,0,0,0,1
stats,331,1,166,0.00500595,304.956,-0.0998794,0.00451942,0.00535342,0.100125,0,0.00500595,304.956,-0.0998794,0.00451942,0.00535342,0.100125,0,0.00500595,304.956,-0.0998794,0.00451942,0.00535342,0.100125,0,0.00500595,304.956,-0.0998794,0.00451942,0.00535342,0.100125,0,0.00500595,304.956,-0.0998794,0.00451942,0.00535342,0.100125,0,0.00500595,304.956,-0.0998794,0.00451942,0.00535342,0.100125,0,0,0,0,0,0,0,0,1
stats,332,1,166.5,0.00500595,304.956,-0.0998818,0.00445781,0.0053072,0.100122,0,0.00500595,304.956,-0.0998818,0.00445781,0.0053072,0.100122,0,0.00500595,304.956,-0.0998818,0.00445781,0.0053072,0.100122,0,0.00500595,304.956,-0.0998818,0.00445781,0.0053072,0.100122,0,0.00500595,304.956,-0.0998818,0.00445781,0.0053072,0.100122,0,0.00500595,304.956,-0.0998818,0.00445781,0.0053072,0.100122,0,0,0,0,0,0,0,0,1
stats,333,1,167,0.00500595,304.956,-0.0998835,0.00442145,0.00528782,0.100121,0,0.00500595,304.956,-0.0998835,0.00442145,0.00528782,0.100121,0,0.00500595,304.956,-0.0998835,0.00442145,0.00528782,0.100121,0,0.00500595,304.956,-0.0998835,0.00442145,0.00528782,0.100121,0,0.00500595,304.956,-0.0998835,0.00442145,0.00528782,0.100121,0,0.00500595,304.956,-0.0998835,0.00442145,0.00528782,0.100121,0,0,0,0,0,0,0,0,1
stats,334,1,167.5,0.00500595,304.957,-0.0998847,0.00440808,0.0052819,0.100121,0,0.00500595,304.957,-0.0998847,0.00440808,0.0052819,0.100121,0,0.00500595,304.957,-0.0998847,0.00440808,0.0052819,0.100121,0,0.00500595,304.957,-0.0998847,0.00440808,0.0052819,0.100121,0,0.00500595,304.957,-0.0998847,0.00440808,0.0052819,0.100121,0,0.00500595,304.957,-0.0998847,0.00440808,0.0052819,0.100121,0,0,0,0,0,0,0,0,1
stats,335,1,168,0.00500595,304.957,-0.0998851,0.00442371,0.00529455,0.100123,0,0.00500595,304.957,-0.0998851,0.00442371,0.00529455,0.100123,0,0.00500595,304.957,-0.0998851,0.00442371,0.00529455,0.100123,0,0.00500595,304.957,-0.0998851,0.00442371,0.00529455,0.100123,0,0.00500595,304.957,-0.0998851,0.00442371,0.00529455,0.100123,0,0.00500595,304.957,-0.0998851,0.00442371,0.00529455,0.100123,0,0,0,0,0,0,0,0,1
stats,336,1,168.5,0.00500595,304.957,-0.0998844,0.00447092,0.00532926,0.100126,0,0.00500595,304.957,-0.0998844,0.00447092,0.00532926,0.100126,0,0.00500595,304.957,-0.0998844,0.00447092,0.00532926,0.100126,0,0.00500595,304.957,-0.0998844,0.00447092,0.00532926,0.100126,0,0.00500595,304.957,-0.0998844,0.00447092,0.00532926,0.100126,0,0.00500595,304.957,-0.0998844,0.00447092,0.00532926,0.100126,0,0,0,0,0,0,0,0,1
stats,337,1,169,0.00500595,304.958,-0.0998827,0.00453544,0.00536585,0.100129,0,0.00500595,304.958,-0.0998827,0.00453544,0.00536585,0.100129,0,0.00500595,304.958,-0.0998827,0.00453544,0.00536585,0.100129,0,0.00500595,304.958,-0.0998827,0.00453544,0.00536585,0.100129,0,0.00500595,304.958,-0.0998827,0.00453544,0.00536585,0.100129,0,0.00500595,304.958,-0.0998827,0.00453544,0.00536585,0.100129,0,0,0,0,0,0,0,0,1
stats,338,1,169.5,0.00500595,304.958,-0.0998805,0.00462509,0.00542857,0.100135,0,0.00500595,304.958,-0.0998805,0.00462509,0.00542857,0.100135,0,0.00500595,304.958,-0.0998805,0.00462509,0.00542857,0.100135,0,0.00500595,304.958,-0.0998805,0.00462509,0.00542857,0.100135,0,0.00500595,304.958,-0.0998805,0.00462509,0.00542857,0.100135,0,0.00500595,304.958,-0.0998805,0.00462509,0.00542857,0.100135,0,0,0,0,0,0,0,0,1
stats,339,1,170,0.00500595,304.958,-0.0998781,0.00471938,0.00548105,0.10014,0,0.00500595,304.958,-0.0998781,0.00471938,0.00548105,0.10014,0,0.00500595,304.958,-0.0998781,0.00471938,0.00548105,0.10014,0,0.00500595,304.958,-0.0998781,0.00471938,0.00548105,0.10014,0,0.00500595,304.958,-0.0998781,0.00471938,0.00548105,0.10014,0,0.00500595,304.958,-0.0998781,0.00471938,0.00548105,0.10014,0,0,0,0,0,0,0,0,1
stats,340,1,170.5,0.00500595,304.959,-0.0998757,0.00481923,0.00554976,0.100146,0,0.00500595,304.959,-0.0998757,0.00481923,0.00554976,0.100146,0,0.00500595,304.959,-0.0998757,0.00481923,0.00554976,0.100146,0,0.00500595,304.959,-0.0998757,0.00481923,0.00554976,0.100146,0,0.00500595,304.959,-0.0998757,0.00481923,0.00554976,0.100146,0,0.00500595,304.959,-0.0998757,0.00481923,0.00554976,0.100146,0,0,0,0,0,0,0,0,1
stats,341,1,171,0.00500595,304.959,-0.0998732,0.00490577,0.0055764,0.100149,0,0.00500595,304.959,-0.0998732,0.00490577,0.0055764,0.100149,0,0.00500595,304.959,-0.0998732,0.00490577,0.0055764,0.100149,0,0.00500595,304.959,-0.0998732,0.00490577,0.0055764,0.100149,0,0.00500595,304.959,-0.0998732,0.00490577,0.0055764,0.100149,0,0.00500595,304.959,-0.0998732,0.00490577,0.0055764,0.100149,0,0,0,0,0,0,0,0,1
stats,342,1,171.5,0.00500595,304.96,-0.099871,0.00494976,0.00566184,0.100154,0,0.00500595,304.96,-0.099871,0.00494976,0.00566184,0.100154,0,0.00500595,304.96,-0.099871,0.00494976,0.00566184,0.100154,0,0.00500595,304.96,-0.099871,0.00494976,0.00566184,0.100154,0,0.00500595,304.96,-0.099871,0.00494976,0.00566184,0.100154,0,0.00500595,304.96,-0.099871,0.00494976,0.00566184,0.100154,0,0,0,0,0,0,0,0,1
stats,343,1,172,0.00500595,304.96,-0.0998693,0.0049669,0.00568895,0.100154,0,0.00500595,304.96,-0.0998693,0.0049669,0.00568895,0.100154,0,0.00500595,304.96,-0.0998693,0.0049669,0.00568895,0.100154,0,0.00500595,304.96,-0.0998693,0.0049669,0.00568895,0.100154,0,0.00500595,304.96,-0.0998693,0.0049669,0.00568895,0.100154,0,0.00500595,304.96,-0.0998693,0.0049669,0.00568895,0.100154,0,0,0,0,0,0,0,0,1
stats,344,1,172.5,0.00500595,304.96,-0.099869,0.00495585,0.00569805,0.100154,0,0.00500595,304.96,-0.099869,0.00495585,0.00569805,0.100154,0,0.00500595,304.96,-0.099869,0.00495585,0.00569805,0.100154,0,0.00500595,304.96,-0.099869,0.00495585,0.00569805,0.100154,0,0.00500595,304.96,-0.099869,0.00495585,0.00569805,0.100154,0,0.00500595,304.96,-0.099869,0.00495585,0.00569805,0.100154,0,0,0,0,0,0,0,0,1
stats,345,1,173,0.00500595,304.961,-0.0998695,0.00494183,0.0057066,0.100154,0,0.00500595,304.961,-0.0998695,0.00494183,0.0057066,0.100154,0,0.00500595,304.961,-0.0998695,0.00494183,0.0057066,0.100154,0,0.00500595,304.961,-0.0998695,0.00494183,0.0057066,0.100154,0,0.00500595,304.961,-0.0998695,0.00494183,0.0057066,0.100154,0,0.00500595,304.961,-0.0998695,0.00494183,0.0057066,0.100154,0,0,0,0,0,0,0,0,1
stats,346,1,173.5,0.00500595,304.961,-0.0998702,0.00488536,0.00567272,0.10015,0,0.00500595,304.961,-0.0998702,0.00488536,0.00567272,0.10015,0,0.00500595,304.961,-0.0998702,0.00488536,0.00567272,0.10015,0,0.00500595,304.961,-0.0998702,0.00488536,0.00567272,0.10015,0,0.00500595,304.961,-0.0998702,0.00488536,0.00567272,0.10015,0,0.00500595,304.961,-0.0998702,0.00488536,0.00567272,0.10015,0,0,0,0,0,0,0,0,1
stats,347,1,174,0.00500595,304.962,-0.0998729,0.00478839,0.00558622,0.100144,0,0.00500595,304.962,-0.0998729,0.00478839,0.00558622,0.100144,0,0.00500595,304.962,-0.0998729,0.00478839,0.00558622,0.100144,0,0.00500595,304.962,-0.0998729,0.00478839,0.00558622,0.100144,0,0.00500595,304.962,-0.0998729,0.00478839,0.00558622,0.100144,0,0.00500595,304.962,-0.0998729,0.00478839,0.00558622,0.100144,0,0,0,0,0,0,0,0,1
stats,348,1,174.5,0.00500595,304.962,-0.0998749,0.00470179,0.00550185,0.100137,0,0.00500595,304.962,-0.0998749,0.00470179,0.00550185,0.100137,0,0.00500595,304.962,-0.0998749,0.00470179,0.00550185,0.100137,0,0.00500595,304.962,-0.0998749,0.00470179,0.00550185,0.100137,0,0.00500595,304.962,-0.0998749,0.00470179,0.00550185,0.100137,0,0.00500595,304.962,-0.0998749,0.00470179,0.00550185,0.100137,0,0,0,0,0,0,0,0,1
stats,349,1,175,0.00500595,304.962,-0.0998764,0.00461959,0.00543909,0.100131,0,0.00500595,304.962,-0.0998764,0.00461959,0.00543909,0.100131,0,0.00500595,304.962,-0.0998764,0.00461959,0.00543909,0.100131,0,0.00500595,304.962,-0.0998764,0.00461959,0.00543909,0.100131,0,0.00500595,304.962,-0.0998764,0.00461959,0.00543909,0.100131,0,0.00500595,304.962,-0.0998764,0.00461959,0.00543909,0.100131,0,0,0,0,0,0,0,0,1
stats,350,1,175.5,0.00500595,304.962,-0.0998795,0.00451742,0.00535176,0.100125,0,0.00500595,304.962,-0.0998795,0.00451742,0.00535176,0.100125,0,0.00500595,304.962,-0.0998795,0.00451742,0.00535176,0.100125,0,0.00500595,304.962,-0.0998795,0.00451742,0.00535176,0.100125,0,0.00500595,304.962,-0.0998795,0.00451742,0.00535176,0.100125,0,0.00500595,304.962,-0.0998795,0.00451742,0.00535176,0.100125,0,0,0,0,0,0,0,0,1
stats,351,1,176,0.00500595,304.963,-0.0998819,0.00445686,0.00530661,0.100122,0,0.00500595,304.963,-0.0998819,0.00445686,0.00530661,0.100122,0,0.00500595,304.963,-0.0998819,0.00445686,0.00530661,0.100122,0,0.00500595,304.963,-0.0998819,0.00445686,0.00530661,0.100122,0,0.00500595,304.963,-0.0998819,0.00445686,0.00530661,0.100122,0,0.00500595,304.963,-0.0998819,0.00445686,0.00530661,0.100122,0,0,0,0,0,0,0,0,1
stats,352,1,176.5,0.00500595,304.963,-0.0998835,0.00442115,0.00528769,0.100121,0,0.00500595,304.963,-0.0998835,0.00442115,0.00528769,0.100121,0,0.00500595,304.963,-0.0998835,0.00442115,0.00528769,0.100121,0,0.00500595,304.963,-0.0998835,0.00442115,0.00528769,0.100121,0,0.00500595,304.963,-0.0998835,0.00442115,0.00528769,0.100121,0,0.00500595,304.963,-0.0998835,0.00442115,0.00528769,0.100121,0,0,0,0,0,0,0,0,1
stats,353,1,177,0.00500595,304.963,-0.0998847,0.00440853,0.00528222,0.100121,0,0.00500595,304.963,-0.0998847,0.00440853,0.00528222,0.100121,0,0.00500595,304.963,-0.0998847,0.00440853,0.00528222,0.100121,0,0.00500595,304.963,-0.0998847,0.00440853,0.00528222,0.100121,0,0.00500595,304.963,-0.0998847,0.00440853,0.00528222,0.100121,0,0.00500595,304.963,-0.0998847,0.00440853,0.00528222,0.100121,0,0,0,0,0,0,0,0,1
stats,354,1,177.5,0.00500595,304.963,-0.0998851,0.0044251,0.00529548,0.100123,0,0.00500595,304.963,-0.0998851,0.0044251,0.00529548,0.100123,0,0.00500595,304.963,-0.0998851,0.0044251,0.00529548,0.100123,0,0.00500595,304.963,-0.0998851,0.0044251,0.00529548,0.100123,0,0.00500595,304.963,-0.0998851,0.0044251,0.00529548,0.100123,0,0.00500595,304.963,-0.0998851,0.0044251,0.00529548,0.100123,0,0,0,0,0,0,0,0,1
stats,355,1,178,0.00500595,304.963,-0.0998843,0.00447309,0.00533072,0.100126,0,0.00500595,304.963,-0.0998843,0.00447309,0.00533072,0.100126,0,0.00500595,304.963,-0.0998843,0.00447309,0.00533072,0.100126,0,0.00500595,304.963,-0.0998843,0.00447309,0.00533072,0.100126,0,0.00500595,304.963,-0.0998843,0.00447309,0.00533072,0.100126,0,0.00500595,304.963,-0.0998843,0.00447309,0.00533072,0.100126,0,0,0,0,0,0,0,0,1
stats,356,1,178.5,0.00500595,304.964,-0.0998826,0.00453815,0.0053677,0.10013,0,0.00500595,304.964,-0.0998826,0.00453815,0.0053677,0.10013,0,0.00500595,304.964,-0.0998826,0.00453815,0.0053677,0.10013,0,0.00500595,304.964,-0.0998826,0.00453815,0.0053677,0.10013,0,0.00500595,304.964,-0.0998826,0.00453815,0.0053677,0.10013,0,0.00500595,304.964,-0.0998826,0.00453815,0.0053677,0.10013,0,0,0,0,0,0,0,0,1
stats,357,1,179,0.00500595,304.964,-0.0998804,0.00462828,0.0054307,0.100135,0,0.00500595,304.964,-0.0998804,0.00462828,0.0054307,0.100135,0,0.00500595,304.964,-0.0998804,0.00462828,0.0054307,0.100135,0,0.00500595,304.964,-0.0998804,0.00462828,0.0054307,0.100135,0,0.00500595,304.964,-0.0998804,0.00462828,0.0054307,0.100135,0,0.00500595,304.964,-0.0998804,0.00462828,0.0054307,0.100135,0,0,0,0,0,0,0,0,1
stats,358,1,179.5,0.00500595,304.964,-0.099878,0.00472262,0.00548323,0.10014,0,0.00500595,304.964,-0.099878,0.00472262,0.00548323,0.10014,0,0.00500595,304.964,-0.099878,0.00472262,0.00548323,0.10014,0,0.00500595,304.964,-0.099878,0.00472262,0.00548323,0.10014,0,0.00500595,304.964,-0.099878,0.00472262,0.00548323,0.10014,0,0.00500595,304.964,-0.099878,0.00472262,0.00548323,0.10014,0,0,0,0,0,0,0,0,1
stats,359,1,180,0.00500595,304.965,-0.0998756,0.00482205,0.00555161,0.100146,0,0.00500595,304.965,-0.0998756,0.00482205,0.00555161,0.100146,0,0.00500595,304.965,-0.0998756,0.00482205,0.00555161,0.100146,0,0.00500595,304.965,-0.0998756,0.00482205,0.00555161,0.100146,0,0.00500595,304.965,-0.0998756,0.00482205,0.00555161,0.100146,0,0.00500595,304.965,-0.0998756,0.00482205,0.00555161,0.100146,0,0,0,0,0,0,0,0,1
stats,360,1,180.5,0.00500595,304.965,-0.0998732,0.00490795,0.00557795,0.100149,0,0.00500595,304.965,-0.0998732,0.00490795,0.00557795,0.100149,0,0.00500595,304.965,-0.0998732,0.00490795,0.00557795,0.100149,0,0.00500595,304.965,-0.0998732,0.00490795,0.00557795,0.100149,0,0.00500595,304.965,-0.0998732,0.00490795,0.00557795,0.100149,0,0.00500595,304.965,-0.0998732,0.00490795,0.00557795,0.100149,0,0,0,0,0,0,0,0,1
stats,361,1,181,0.00500595,304.965,-0.0998709,0.00495083,0.00566299,0.100154,0,0.00500595,304.965,-0.0998709,0.00495083,0.00566299,0.100154,0,0.00500595,304.965,-0.0998709,0.00495083,0.00566299,0.100154,0,0.00500595,304.965,-0.0998709,0.00495083,0.00566299,0.100154,0,0.00500595,304.965,-0.0998709,0.00495083,0.00566299,0.100154,0,0.00500595,304.965,-0.0998709,0.00495083,0.00566299,0.100154,0,0,0,0,0,0,0,0,1
stats,362,1,181.5,0.00500595,304.966,-0.0998693,0.004967,0.00568954,0.100154,0,0.00500595,304.966,-0.0998693,0.004967,0.00568954,0.100154,0,0.00500595,304.966,-0.0998693,0.004967,0.00568954,0.100154,0,0.00500595,304.966,-0.0998693,0.004967,0.00568954,0.100154,0,0.00500595,304.966,-0.0998693,0.004967,0.00568954,0.100154,0,0.00500595,304.966,-0.0998693,0.004967,0.00568954,0.100154,0,0,0,0,0,0,0,0,1
stats,363,1,182,0.00500595,304.966,-0.099869,0.00495549,0.00569842,0.100154,0,0.00500595,304.966,-0.099869,0.00495549,0.00569842,0.100154,0,0.00500595,304.966,-0.099869,0.00495549,0.00569842,0.100154,0,0.00500595,304.966,-0.099869,0.00495549,0.00569842,0.100154,0,0.00500595,304.966,-0.099869,0.00495549,0.00569842,0.100154,0,0.00500595,304.966,-0.099869,0.00495549,0.00569842,0.100154,0,0,0,0,0,0,0,0,1
stats,364,1,182.5,0.00500595,304.966,-0.0998696,0.00494125,0.00570668,0.100154,0,0.00500595,304.966,-0.0998696,0.00494125,0.00570668,0.100154,0,0.00500595,304.966,-0.0998696,0.00494125,0.00570668,0.100154,0,0.00500595,304.966,-0.0998696,0.00494125,0.00570668,0.100154,0,0.00500595,304.966,-0.0998696,0.00494125,0.00570668,0.100154,0,0.00500595,304.966,-0.0998696,0.00494125,0.00570668,0.100154,0,0,0,0,0,0,0,0,1
stats,365,1,183,0.00500595,304.967,-0.0998702,0.00488298,0.00567096,0.10015,0,0.00500595,304.967,-0.0998702,0.00488298,0.00567096,0.10015,0,0.00500595,304.967,-0.0998702,0.00488298,0.00567096,0.10015,0,0.00500595,304.967,-0.0998702,0.00488298,0.00567096,0.10015,0,0.00500595,304.967,-0.0998702,0.00488298,0.00567096,0.10015,0,0.00500595,304.967,-0.0998702,0.00488298,0.00567096,0.10015,0,0,0,0,0,0,0,0,1
stats,366,1,183.5,0.00500595,304.967,-0.099873,0.0047859,0.0055838,0.100143,0,0.00500595,304.967,-0.099873,0.0047859,0.0055838,0.100143,0,0.00500595,304.967,-0.099873,0.0047859,0.0055838,0.100143,0,0.00500595,304.967,-0.099873,0.0047859,0.0055838,0.100143,0,0.00500595,304.967,-0.099873,0.0047859,0.0055838,0.100143,0,0.00500595,304.967,-0.099873,0.0047859,0.0055838,0.100143,0,0,0,0,0,0,0,0,1
stats,367,1,184,0.00500595,304.967,-0.0998749,0.00469984,0.00549997,0.100137,0,0.00500595,304.967,-0.0998749,0.00469984,0.00549997,0.100137,0,0.00500595,304.967,-0.0998749,0.00469984,0.00549997,0.100137,0,0.00500595,304.967,-0.0998749,0.00469984,0.00549997,0.100137,0,0.00500595,304.967,-0.0998749,0.00469984,0.00549997,0.100137,0,0.00500595,304.967,-0.0998749,0.00469984,0.00549997,0.100137,0,0,0,0,0,0,0,0,1
stats,368,1,184.5,0.00500595,304.967,-0.0998765,0.00461686,0.00543671,0.100131,0,0.00500595,304.967,-0.0998765,0.00461686,0.00543671,0.100131,0,0.00500595,304.967,-0.0998765,0.00461686,0.00543671,0.100131,0,0.00500595,304.967,-0.0998765,0.00461686,0.00543671,0.100131,0,0.00500595,304.967,-0.0998765,0.00461686,0.00543671,0.100131,0,0.00500595,304.967,-0.0998765,0.00461686,0.00543671,0.100131,0,0,0,0,0,0,0,0,1
stats,369,1,185,0.00500595,304.967,-0.0998796,0.0045152,0.00534995,0.100125,0,0.00500595,304.967,-0.0998796,0.0045152,0.00534995,0.100125,0,0.00500595,304.967,-0.0998796,0.0045152,0.00534995,0.100125,0,0.00500595,304.967,-0.0998796,0.0045152,0.00534995,0.100125,0,0.00500595,304.967,-0.0998796,0.0045152,0.00534995,0.100125,0,0.00500595,304.967,-0.0998796,0.0045152,0.00534995,0.100125,0,0,0,0,0,0,0,0,1
stats,370,1,185.5,0.00500595,304.968,-0.0998819,0.00445569,0.00530594,0.100122,0,0.00500595,304.968,-0.0998819,0.00445569,0.00530594,0.100122,0,0.00500595,304.968,-0.0998819,0.00445569,0.00530594,0.100122,0,0.00500595,304.968,-0.0998819,0.00445569,0.00530594,0.100122,0,0.00500595,304.968,-0.0998819,0.00445569,0.00530594,0.100122,0,0.00500595,304.968,-0.0998819,0.00445569,0.00530594,0.100122,0,0,0,0,0,0,0,0,1
stats,371,1,186,0.00500595,304.968,-0.0998836,0.00442048,0.00528737,0.100121,0,0.00500595,304.968,-0.0998836,0.00442048,0.00528737,0.100121,0,0.00500595,304.968,-0.0998836,0.00442048,0.00528737,0.100121,0,0.00500595,304.968,-0.0998836,0.00442048,0.00528737,0.100121,0,0.00500595,304.968,-0.0998836,0.00442048,0.00528737,0.100121,0,0.00500595,304.968,-0.0998836,0.00442048,0.00528737,0.100121,0,0,0,0,0,0,0,0,1
stats,372,1,186.5,0.00500595,304.968,-0.0998847,0.00440841,0.00528217,0.100121,0,0.00500595,304.968,-0.0998847,0.00440841,0.00528217,0.100121,0,0.00500595,304.968,-0.0998847,0.00440841,0.00528217,0.100121,0,0.00500595,304.968,-0.0998847,0.00440841,0.00528217,0.100121,0,0.00500595,304.968,-0.0998847,0.00440841,0.00528217,0.100121,0,0.00500595,304.968,-0.0998847,0.00440841,0.00528217,0.100121,0,0,0,0,0,0,0,0,1
stats,373,1,187,0.00500595,304.968,-0.0998851,0.0044257,0.0052959,0.100123,0,0.00500595,304.968,-0.0998851,0.0044257,0.0052959,0.100123,0,0.00500595,304.968,-0.0998851,0.0044257,0.0052959,0.100123,0,0.00500595,304.968,-0.0998851,0.0044257,0.0052959,0.100123,0,0.00500595,304.968,-0.0998851,0.0044257,0.0052959,0.100123,0,0.00500595,304.968,-0.0998851,0.0044257,0.0052959,0.100123,0,0,0,0,0,0,0,0,1
stats,374,1,187.5,0.00500595,304.968,-0.0998843,0.00447426,0.00533154,0.100127,0,0.00500595,304.968,-0.0998843,0.00447426,0.00533154,0.100127,0,0.00500595,304.968,-0.0998843,0.00447426,0.00533154,0.100127,0,0.00500595,304.968,-0.0998843,0.00447426,0.00533154,0.100127,0,0.00500595,304.968,-0.0998843,0.00447426,0.00533154,0.100127,0,0.00500595,304.968,-0.0998843,0.00447426,0.00533154,0.100127,0,0,0,0,0,0,0,0,1
stats,375,1,188,0.00500595,304.968,-0.0998826,0.00453976,0.00536882,0.10013,0,0.00500595,304.968,-0.0998826,0.00453976,0.00536882,0.10013,0,0.00500595,304.968,-0.0998826,0.00453976,0.00536882,0.10013,0,0.00500595,304.968,-0.0998826,0.00453976,0.00536882,0.10013,0,0.00500595,304.968,-0.0998826,0.00453976,0.00536882,0.10013,0,0.00500595,304.968,-0.0998826,0.00453976,0.00536882,0.10013,0,0,0,0,0,0,0,0,1
stats,376,1,188.5,0.00500595,304.969,-0.0998804,0.00463033,0.00543209,0.100135,0,0.00500595,304.969,-0.0998804,0.00463033,0.00543209,0.100135,0,0.00500595,304.969,-0.0998804,0.00463033,0.00543209,0.100135,0,0.00500595,304.969,-0.0998804,0.00463033,0.00543209,0.100135,0,0.00500595,304.969,-0.0998804,0.00463033,0.00543209,0.100135,0,0.00500595,304.969,-0.0998804,0.00463033,0.00543209,0.100135,0,0,0,0,0,0,0,0,1
stats,377,1,189,0.00500595,304.969,-0.0998779,0.00472481,0.00548475,0.10014,0,0.00500595,304.969,-0.0998779,0.00472481,0.00548475,0.10014,0,0.00500595,304.969,-0.0998779,0.00472481,0.00548475,0.10014,0,0.00500595,304.969,-0.0998779,0.00472481,0.00548475,0.10014,0,0.00500595,304.969,-0.0998779,0.00472481,0.00548475,0.10014,0,0.00500595,304.969,-0.0998779,0.00472481,0.00548475,0.10014,0,0,0,0,0,0,0,0,1
stats,378,1,189.5,0.00500595,304.969,-0.0998756,0.004824,0.00555293,0.100146,0,0.00500595,304.969,-0.0998756,0.004824,0.00555293,0.100146,0,0.00500595,304.969,-0.0998756,0.004824,0.00555293,0.100146,0,0.00500595,304.969,-0.0998756,0.004824,0.00555293,0.100146,0,0.00500595,304.969,-0.0998756,0.004824,0.00555293,0.100146,0,0.00500595,304.969,-0.0998756,0.004824,0.00555293,0.100146,0,0,0,0,0,0,0,0,1
stats,379,1,190,0.00500595,304.969,-0.0998731,0.00490941,0.00557898,0.100149,0,0.00500595,304.969,-0.0998731,0.00490941,0.00557898,0.100149,0,0.00500595,304.969,-0.0998731,0.00490941,0.00557898,0.100149,0,0.00500595,304.969,-0.0998731,0.00490941,0.00557898,0.100149,0,0.00500595,304.969,-0.0998731,0.00490941,0.00557898,0.100149,0,0.00500595,304.969,-0.0998731,0.00490941,0.00557898,0.100149,0,0,0,0,0,0,0,0,1
stats,380,1,190.5,0.00500595,304.97,-0.0998709,0.00495146,0.00566363,0.100154,0,0.00500595,304.97,-0.0998709,0.00495146,0.00566363,0.100154,0,0.00500595,304.97,-0.0998709,0.00495146,0.00566363,0.100154,0,0.00500595,304.97,-0.0998709,0.00495146,0.00566363,0.100154,0,0.00500595,304.97,-0.0998709,0.00495146,0.00566363,0.100154,0,0.00500595,304.97,-0.0998709,0.00495146,0.00566363,0.100154,0,0,0,0,0,0,0,0,1
stats,381,1,191,0.00500595,304.97,-0.0998693,0.00496683,0.00568964,0.100154,0,0.00500595,304.97,-0.0998693,0.00496683,0.00568964,0.100154,0,0.00500595,304.97,-0.0998693,0.00496683,0.00568964,0.100154,0,0.00500595,304.97,-0.0998693,0.00496683,0.00568964,0.100154,0,0.00500595,304.97,-0.0998693,0.00496683,0.00568964,0.100154,0,0.00500595,304.97,-0.0998693,0.00496683,0.00568964,0.100154,0,0,0,0,0,0,0,0,1
stats,382,1,191.5,0.00500595,304.97,-0.099869,0.00495482,0.0056982,0.100154,0,0.00500595,304.97,-0.099869,0.00495482,0.0056982,0.100154,0,0.00500595,304.97,-0.099869,0.00495482,0.0056982,0.100154,0,0.00500595,304.97,-0.099869,0.00495482,0.0056982,0.100154,0,0.00500595,304.97,-0.099869,0.00495482,0.0056982,0.100154,0,0.00500595,304.97,-0.099869,0.00495482,0.0056982,0.100154,0,0,0,0,0,0,0,0,1
stats,383,1,192,0.00500595,304.971,-0.0998696,0.00494025,0.00570617,0.100154,0,0.00500595,304.971,-0.0998696,0.00494025,0.00570617,0.100154,0,0.00500595,304.971,-0.0998696,0.00494025,0.00570617,0.100154,0,0.00500595,304.971,-0.0998696,0.00494025,0.00570617,0.100154,0,0.00500595,304.971,-0.0998696,0.00494025,0.00570617,0.100154,0,0.00500595,304.971,-0.0998696,0.00494025,0.00570617,0.100154,0,0,0,0,0,0,0,0,1
stats,384,1,192.5,0.00500595,304.971,-0.0998702,0.00488085,0.0056693,0.10015,0,0.00500595,304.971,-0.0998702,0.00488085,0.0056693,0.10015,0,0.00500595,304.971,-0.0998702,0.00488085,0.0056693,0.10015,0,0.00500595,304.971,-0.0998702,0.00488085,0.0056693,0.10015,0,0.00500595,304.971,-0.0998702,0.00488085,0.0056693,0.10015,0,0.00500595,304.971,-0.0998702,0.00488085,0.0056693,0.10015,0,0,0,0,0,0,0,0,1
stats,385,1,193,0.00500595,304.971,-0.0998731,0.00478363,0.00558164,0.100143,0,0.00500595,304.971,-0.0998731,0.00478363,0.00558164,0.100143,0,0.00500595,304.971,-0.0998731,0.00478363,0.00558164,0.100143,0,0.00500595,304.971,-0.0998731,0.00478363,0.00558164,0.100143,0,0.00500595,304.971,-0.0998731,0.00478363,0.00558164,0.100143,0,0.00500595,304.971,-0.0998731,0.00478363,0.00558164,0.100143,0,0,0,0,0,0,0,0,1
stats,386,1,193.5,0.00500595,304.971,-0.099875,0.00469788,0.00549808,0.100136,0,0.00500595,304.971,-0.099875,0.00469788,0.00549808,0.100136,0,0.00500595,304.971,-0.099875,0.00469788,0.00549808,0.100136,0,0.00500595,304.971,-0.099875,0.00469788,0.00549808,0.100136,0,0.00500595,304.971,-0.099875,0.00469788,0.00549808,0.100136,0,0.00500595,304.971,-0.099875,0.00469788,0.00549808,0.100136,0,0,0,0,0,0,0,0,1
stats,387,1,194,0.00500595,304.971,-0.0998765,0.0046142,0.00543436,0.100131,0,0.00500595,304.971,-0.0998765,0.0046142,0.00543436,0.100131,0,0.00500595,304.971,-0.0998765,0.0046142,0.00543436,0.100131,0,0.00500595,304.971,-0.0998765,0.0046142,0.00543436,0.100131,0,0.00500595,304.971,-0.0998765,0.0046142,0.00543436,0.100131,0,0.00500595,304.971,-0.0998765,0.0046142,0.00543436,0.100131,0,0,0,0,0,0,0,0,1
stats,388,1,194.5,0.00500595,304.971,-0.0998797,0.00451293,0.00534809,0.100125,0,0.00500595,304.971,-0.0998797,0.00451293,0.00534809,0.100125,0,0.00500595,304.971,-0.0998797,0.00451293,0.00534809,0.100125,0,0.00500595,304.971,-0.0998797,0.00451293,0.00534809,0.100125,0,0.00500595,304.971,-0.0998797,0.00451293,0.00534809,0.100125,0,0.00500595,304.971,-0.0998797,0.00451293,0.00534809,0.100125,0,0,0,0,0,0,0,0,1
stats,389,1,195,0.00500595,304.971,-0.099882,0.0044543,0.00530502,0.100122,0,0.00500595,304.971,-0.099882,0.0044543,0.00530502,0.100122,0,0.00500595,304.971,-0.099882,0.0044543,0.00530502,0.100122,0,0.00500595,304.971,-0.099882,0.0044543,0.00530502,0.100122,0,0.00500595,304.971,-0.099882,0.0044543,0.00530502,0.100122,0,0.00500595,304.971,-0.099882,0.0044543,0.00530502,0.100122,0,0,0,0,0,0,0,0,1
stats,390,1,195.5,0.00500595,304.971,-0.0998836,0.00441963,0.00528688,0.100121,0,0.00500595,304.971,-0.0998836,0.00441963,0.00528688,0.100121,0,0.00500595,304.971,-0.0998836,0.00441963,0.00528688,0.100121,0,0.00500595,304.971,-0.0998836,0.00441963,0.00528688,0.100121,0,0.00500595,304.971,-0.0998836,0.00441963,0.00528688,0.100121,0,0.00500595,304.971,-0.0998836,0.00441963,0.00528688,0.100121,0,0,0,0,0,0,0,0,1
stats,391,1,196,0.00500595,304.972,-0.0998847,0.00440823,0.00528214,0.100121,0,0.00500595,304.972,-0.0998847,0.00440823,0.00528214,0.100121,0,0.00500595,304.972,-0.0998847,0.00440823,0.00528214,0.100121,0,0.00500595,304.972,-0.0998847,0.00440823,0.00528214,0.100121,0,0.00500595,304.972,-0.0998847,0.00440823,0.00528214,0.100121,0,0.00500595,304.972,-0.0998847,0.00440823,0.00528214,0.100121,0,0,0,0,0,0,0,0,1
stats,392,1,196.5,0.00500595,304.972,-0.0998851,0.00442639,0.00529654,0.100123,0,0.00500595,304.972,-0.0998851,0.00442639,0.00529654,0.100123,0,0.00500595,304.972,-0.0998851,0.00442639,0.00529654,0.100123,0,0.00500595,304.972,-0.0998851,0.00442639,0.00529654,0.100123,0,0.00500595,304.972,-0.0998851,0.00442639,0.00529654,0.100123,0,0.00500595,304.972,-0.0998851,0.00442639,0.00529654,0.100123,0,0,0,0,0,0,0,0,1
stats,393,1,197,0.00500595,304.972,-0.0998843,0.00447562,0.00533268,0.100127,0,0.00500595,304.972,-0.0998843,0.00447562,0.00533268,0.100127,0,0.00500595,304.972,-0.0998843,0.00447562,0.00533268,0.100127,0,0.00500595,304.972,-0.0998843,0.00447562,0.00533268,0.100127,0,0.00500595,304.972,-0.0998843,0.00447562,0.00533268,0.100127,0,0.00500595,304.972,-0.0998843,0.00447562,0.00533268,0.100127,0,0,0,0,0,0,0,0,1
stats,394,1,197.5,0.00500595,304.972,-0.0998825,0.00454171,0.00537034,0.10013,0,0.00500595,304.972,-0.0998825,0.00454171,0.00537034,0.10013,0,0.00500595,304.972,-0.0998825,0.00454171,0.00537034,0.10013,0,0.00500595,304.972,-0.0998825,0.00454171,0.00537034,0.10013,0,0.00500595,304.972,-0.0998825,0.00454171,0.00537034,0.10013,0,0.00500595,304.972,-0.0998825,0.00454171,0.00537034,0.10013,0,0,0,0,0,0,0,0,1
stats,395,1,198,0.00500595,304.972,-0.0998803,0.00463285,0.00543397,0.100135,0,0.00500595,304.972,-0.0998803,0.00463285,0.00543397,0.100135,0,0.00500595,304.972,-0.0998803,0.00463285,0.00543397,0.100135,0,0.00500595,304.972,-0.0998803,0.00463285,0.00543397,0.100135,0,0.00500595,304.972,-0.0998803,0.00463285,0.00543397,0.100135,0,0.00500595,304.972,-0.0998803,0.00463285,0.00543397,0.100135,0,0,0,0,0,0,0,0,1
stats,396,1,198.5,0.00500595,304.972,-0.0998779,0.00472746,0.00548675,0.10014,0,0.00500595,304.972,-0.0998779,0.00472746,0.00548675,0.10014,0,0.00500595,304.972,-0.0998779,0.00472746,0.00548675,0.10014,0,0.00500595,304.972,-0.0998779,0.00472746,0.00548675,0.10014,0,0.00500595,304.972,-0.0998779,0.00472746,0.00548675,0.10014,0,0.00500595,304.972,-0.0998779,0.00472746,0.00548675,0.10014,0,0,0,0,0,0,0,0,1
stats,397,1,199,0.00500595,304.973,-0.0998755,0.0048263,0.00555464,0.100146,0,0.00500595,304.973,-0.0998755,0.0048263,0.00555464,0.100146,0,0.00500595,304.973,-0.0998755,0.0048263,0.00555464,0.100146,0,0.00500595,304.973,-0.0998755,0.0048263,0.00555464,0.100146,0,0.00500595,304.973,-0.0998755,0.0048263,0.00555464,0.100146,0,0.00500595,304.973,-0.0998755,0.0048263,0.00555464,0.100146,0,0,0,0,0,0,0,0,1
stats,398,1,199.5,0.00500595,304.973,-0.099873,0.00491121,0.00558039,0.100149,0,0.00500595,304.973,-0.099873,0.00491121,0.00558039,0.100149,0,0.00500595,304.973,-0.099873,0.00491121,0.00558039,0.100149,0,0.00500595,304.973,-0.099873,0.00491121,0.00558039,0.100149,0,0.00500595,304.973,-0.099873,0.00491121,0.00558039,0.100149,0,0.00500595,304.973,-0.099873,0.00491121,0.00558039,0.100149,0,0,0,0,0,0,0,0,1
stats,399,1,200,0.00500595,304.973,-0.0998708,0.00495221,0.00566477,0.100154,0,0.00500595,304.973,-0.0998708,0.00495221,0.00566477,0.100154,0,0.00500595,304.973,-0.0998708,0.00495221,0.00566477,0.100154,0,0.00500595,304.973,-0.0998708,0.00495221,0.00566477,0.100154,0,0.00500595,304.973,-0.0998708,0.00495221,0.00566477,0.100154,0,0.00500595,304.973,-0.0998708,0.00495221,0.00566477,0.100154,0,0,0,0,0,0,0,0,1
stats,400,1,200.5,0.00500595,304.973,-0.0998692,0.00496676,0.00569016,0.100154,0,0.00500595,304.973,-0.0998692,0.00496676,0.00569016,0.100154,0,0.00500595,304.973,-0.0998692,0.00496676,0.00569016,0.100154,0,0.00500595,304.973,-0.0998692,0.00496676,0.00569016,0.100154,0,0.00500595,304.973,-0.0998692,0.00496676,0.00569016,0.100154,0,0.00500595,304.973,-0.0998692,0.00496676,0.00569016,0.100154,0,0,0,0,0,0,0,0,1
stats,401,1,201,0.00500595,304.974,-0.099869,0.00495449,0.0056986,0.100154,0,0.00500595,304.974,-0.099869,0.00495449,0.0056986,0.100154,0,0.00500595,304.974,-0.099869,0.00495449,0.0056986,0.100154,0,0.00500595,304.974,-0.099869,0.00495449,0.0056986,0.100154,0,0.00500595,304.974,-0.099869,0.00495449,0.0056986,0.100154,0,0.00500595,304.974,-0.099869,0.00495449,0.0056986,0.100154,0,0,0,0,0,0,0,0,1
stats,402,1,201.5,0.00500595,304.974,-0.0998696,0.00493973,0.00570623,0.100154,0,0.00500595,304.974,-0.0998696,0.00493973,0.00570623,0.100154,0,0.00500595,304.974,-0.0998696,0.00493973,0.00570623,0.100154,0,0.00500595,304.974,-0.0998696,0.00493973,0.00570623,0.100154,0,0.00500595,304.974,-0.0998696,0.00493973,0.00570623,0.100154,0,0.00500595,304.974,-0.0998696,0.00493973,0.00570623,0.100154,0,0,0,0,0,0,0,0,1
stats,403,1,202,0.00500595,304.974,-0.0998703,0.0048783,0.00566719,0.10015,0,0.00500595,304.974,-0.0998703,0.0048783,0.00566719,0.10015,0,0.00500595,304.974,-0.0998703,0.0048783,0.00566719,0.10015,0,0.00500595,304.974,-0.0998703,0.0048783,0.00566719,0.10015,0,0.00500595,304.974,-0.0998703,0.0048783,0.00566719,0.10015,0,0.00500595,304.974,-0.0998703,0.0048783,0.00566719,0.10015,0,0,0,0,0,0,0,0,1
stats,404,1,202.5,0.00500595,304.974,-0.0998732,0.0047808,0.00557876,0.100143,0,0.00500595,304.974,-0.0998732,0.0047808,0.00557876,0.100143,0,0.00500595,304.974,-0.0998732,0.0047808,0.00557876,0.100143,0,0.00500595,304.974,-0.0998732,0.0047808,0.00557876,0.100143,0,0.00500595,304.974,-0.0998732,0.0047808,0.00557876,0.100143,0,0.00500595,304.974,-0.0998732,0.0047808,0.00557876,0.100143,0,0,0,0,0,0,0,0,1
stats,405,1,203,0.00500595,304.974,-0.099875,0.0046956,0.00549578,0.100136,0,0.00500595,304.974,-0.099875,0.0046956,0.00549578,0.100136,0,0.00500595,304.974,-0.099875,0.0046956,0.00549578,0.100136,0,0.00500595,304.974,-0.099875,0.0046956,0.00549578,0.100136,0,0.00500595,304.974,-0.099875,0.0046956,0.00549578,0.100136,0,0.00500595,304.974,-0.099875,0.0046956,0.00549578,0.100136,0,0,0,0,0,0,0,0,1
stats,406,1,203.5,0.00500595,304.974,-0.0998766,0.00461122,0.00543175,0.10013,0,0.00500595,304.974,-0.0998766,0.00461122,0.00543175,0.10013,0,0.00500595,304.974,-0.0998766,0.00461122,0.00543175,0.10013,0,0.00500595,304.974,-0.0998766,0.00461122,0.00543175,0.10013,0,0.00500595,304.974,-0.0998766,0.00461122,0.00543175,0.10013,0,0.00500595,304.974,-0.0998766,0.00461122,0.00543175,0.10013,0,0,0,0,0,0,0,0,1
stats,407,1,204,0.00500595,304.974,-0.0998797,0.00451063,0.00534624,0.100124,0,0.00500595,304.974,-0.0998797,0.00451063,0.00534624,0.100124,0,0.00500595,304.974,-0.0998797,0.00451063,0.00534624,0.100124,0,0.00500595,304.974,-0.0998797,0.00451063,0.00534624,0.100124,0,0.00500595,304.974,-0.0998797,0.00451063,0.00534624,0.100124,0,0.00500595,304.974,-0.0998797,0.00451063,0.00534624,0.100124,0,0,0,0,0,0,0,0,1
stats,408,1,204.5,0.00500595,304.974,-0.099882,0.0044531,0.00530429,0.100122,0,0.00500595,304.974,-0.099882,0.0044531,0.00530429,0.100122,0,0.00500595,304.974,-0.099882,0.0044531,0.00530429,0.100122,0,0.00500595,304.974,-0.099882,0.0044531,0.00530429,0.100122,0,0.00500595,304.974,-0.099882,0.0044531,0.00530429,0.100122,0,0.00500595,304.974,-0.099882,0.0044531,0.00530429,0.100122,0,0,0,0,0,0,0,0,1
stats,409,1,205,0.00500595,304.974,-0.0998836,0.00441912,0.00528661,0.100121,0,0.00500595,304.974,-0.0998836,0.00441912,0.00528661,0.100121,0,0.00500595,304.974,-0.0998836,0.00441912,0.00528661,0.100121,0,0.00500595,304.974,-0.0998836,0.00441912,0.00528661,0.100121,0,0.00500595,304.974,-0.0998836,0.00441912,0.00528661,0.100121,0,0.00500595,304.974,-0.0998836,0.00441912,0.00528661,0.100121,0,0,0,0,0,0,0,0,1
stats,410,1,205.5,0.00500595,304.974,-0.0998847,0.00440853,0.00528238,0.100121,0,0.00500595,304.974,-0.0998847,0.00440853,0.00528238,0.100121,0,0.00500595,304.974,-0.0998847,0.00440853,0.00528238,0.100121,0,0.00500595,304.974,-0.0998847,0.00440853,0.00528238,0.100121,0,0.00500595,304.974,-0.0998847,0.00440853,0.00528238,0.100121,0,0.00500595,304.974,-0.0998847,0.00440853,0.00528238,0.100121,0,0,0,0,0,0,0,0,1
stats,411,1,206,0.00500595,304.974,-0.099885,0.00442769,0.00529746,0.100123,0,0.00500595,304.974,-0.099885,0.00442769,0.00529746,0.100123,0,0.00500595,304.974,-0.099885,0.00442769,0.00529746,0.100123,0,0.00500595,304.974,-0.099885,0.00442769,0.00529746,0.100123,0,0.00500595,304.974,-0.099885,0.00442769,0.00529746,0.100123,0,0.00500595,304.974,-0.099885,0.00442769,0.00529746,0.100123,0,0,0,0,0,0,0,0,1
stats,412,1,206.5,0.00500595,304.974,-0.0998842,0.00447768,0.00533414,0.100127,0,0.00500595,304.974,-0.0998842,0.00447768,0.00533414,0.100127,0,0.00500595,304.974,-0.0998842,0.00447768,0.00533414,0.100127,0,0.00500595,304.974,-0.0998842,0.00447768,0.00533414,0.100127,0,0.00500595,304.974,-0.0998842,0.00447768,0.00533414,0.100127,0,0.00500595,304.974,-0.0998842,0.00447768,0.00533414,0.100127,0,0,0,0,0,0,0,0,1
stats,413,1,207,0.00500595,304.975,-0.0998824,0.00454437,0.0053722,0.10013,0,0.00500595,304.975,-0.0998824,0.00454437,0.0053722,0.10013,0,0.00500595,304.975,-0.0998824,0.00454437,0.0053722,0.10013,0,0.00500595,304.975,-0.0998824,0.00454437,0.0053722,0.10013,0,0.00500595,304.975,-0.0998824,0.00454437,0.0053722,0.10013,0,0.00500595,304.975,-0.0998824,0.00454437,0.0053722,0.10013,0,0,0,0,0,0,0,0,1
stats,414,1,207.5,0.00500595,304.975,-0.0998802,0.00463601,0.00543612,0.100135,0,0.00500595,304.975,-0.0998802,0.00463601,0.00543612,0.100135,0,0.00500595,304.975,-0.0998802,0.00463601,0.00543612,0.100135,0,0.00500595,304.975,-0.0998802,0.00463601,0.00543612,0.100135,0,0.00500595,304.975,-0.0998802,0.00463601,0.00543612,0.100135,0,0.00500595,304.975,-0.0998802,0.00463601,0.00543612,0.100135,0,0,0,0,0,0,0,0,1
stats,415,1,208,0.00500595,304.975,-0.0998778,0.00473067,0.00548896,0.10014,0,0.00500595,304.975,-0.0998778,0.00473067,0.00548896,0.10014,0,0.00500595,304.975,-0.0998778,0.00473067,0.00548896,0.10014,0,0.00500595,304.975,-0.0998778,0.00473067,0.00548896,0.10014,0,0.00500595,304.975,-0.0998778,0.00473067,0.00548896,0.10014,0,0.00500595,304.975,-0.0998778,0.00473067,0.00548896,0.10014,0,0,0,0,0,0,0,0,1
stats,416,1,208.5,0.00500595,304.975,-0.0998755,0.00482906,0.0055565,0.100146,0,0.00500595,304.975,-0.0998755,0.00482906,0.0055565,0.100146,0,0.00500595,304.975,-0.0998755,0.00482906,0.0055565,0.100146,0,0.00500595,304.975,-0.0998755,0.00482906,0.0055565,0.100146,0,0.00500595,304.975,-0.0998755,0.00482906,0.0055565,0.100146,0,0.00500595,304.975,-0.0998755,0.00482906,0.0055565,0.100146,0,0,0,0,0,0,0,0,1
stats,417,1,209,0.00500595,304.975,-0.099873,0.00491331,0.00558192,0.100149,0,0.00500595,304.975,-0.099873,0.00491331,0.00558192,0.100149,0,0.00500595,304.975,-0.099873,0.00491331,0.00558192,0.100149,0,0.00500595,304.975,-0.099873,0.00491331,0.00558192,0.100149,0,0.00500595,304.975,-0.099873,0.00491331,0.00558192,0.100149,0,0.00500595,304.975,-0.099873,0.00491331,0.00558192,0.100149,0,0,0,0,0,0,0,0,1
stats,418,1,209.5,0.00500595,304.976,-0.0998708,0.00495313,0.00566589,0.100154,0,0.00500595,304.976,-0.0998708,0.00495313,0.00566589,0.100154,0,0.00500595,304.976,-0.0998708,0.00495313,0.00566589,0.100154,0,0.00500595,304.976,-0.0998708,0.00495313,0.00566589,0.100154,0,0.00500595,304.976,-0.0998708,0.00495313,0.00566589,0.100154,0,0.00500595,304.976,-0.0998708,0.00495313,0.00566589,0.100154,0,0,0,0,0,0,0,0,1
stats,419,1,210,0.00500595,304.976,-0.0998691,0.0049667,0.00569066,0.100154,0,0.00500595,304.976,-0.0998691,0.0049667,0.00569066,0.100154,0,0.00500595,304.976,-0.0998691,0.0049667,0.00569066,0.100154,0,0.00500595,304.976,-0.0998691,0.0049667,0.00569066,0.100154,0,0.00500595,304.976,-0.0998691,0.0049667,0.00569066,0.100154,0,0.00500595,304.976,-0.0998691,0.0049667,0.00569066,0.100154,0,0,0,0,0,0,0,0,1
stats,420,1,210.5,0.00500595,304.976,-0.0998691,0.00495408,0.00569896,0.100154,0,0.00500595,304.976,-0.0998691,0.00495408,0.00569896,0.100154,0,0.00500595,304.976,-0.0998691,0.00495408,0.00569896,0.100154,0,0.00500595,304.976,-0.0998691,0.00495408,0.00569896,0.100154,0,0.00500595,304.976,-0.0998691,0.00495408,0.00569896,0.100154,0,0.00500595,304.976,-0.0998691,0.00495408,0.00569896,0.100154,0,0,0,0,0,0,0,0,1
stats,421,1,211,0.00500595,304.976,-0.0998696,0.00493898,0.00570614,0.100154,0,0.00500595,304.976,-0.0998696,0.00493898,0.00570614,0.100154,0,0.00500595,304.976,-0.0998696,0.00493898,0.00570614,0.100154,0,0.00500595,304.976,-0.0998696,0.00493898,0.00570614,0.100154,0,0.00500595,304.976,-0.0998696,0.00493898,0.00570614,0.100154,0,0.00500595,304.976,-0.0998696,0.00493898,0.00570614,0.100154,0,0,0,0,0,0,0,0,1
stats,422,1,211.5,0.00500595,304.977,-0.0998703,0.00487547,0.00566493,0.10015,0,0.00500595,304.977,-0.0998703,0.00487547,0.00566493,0.10015,0,0.00500595,304.977,-0.0998703,0.00487547,0.00566493,0.10015,0,0.00500595,304.977,-0.0998703,0.00487547,0.00566493,0.10015,0,0.00500595,304.977,-0.0998703,0.00487547,0.00566493,0.10015,0,0.00500595,304.977,-0.0998703,0.00487547,0.00566493,0.10015,0,0,0,0,0,0,0,0,1
stats,423,1,212,0.00500595,304.977,-0.0998733,0.00477791,0.00557589,0.100143,0,0.00500595,304.977,-0.0998733,0.00477791,0.00557589,0.100143,0,0.00500595,304.977,-0.0998733,0.00477791,0.00557589,0.100143,0,0.00500595,304.977,-0.0998733,0.00477791,0.00557589,0.100143,0,0.00500595,304.977,-0.0998733,0.00477791,0.00557589,0.100143,0,0.00500595,304.977,-0.0998733,0.00477791,0.00557589,0.100143,0,0,0,0,0,0,0,0,1
stats,424,1,212.5,0.00500595,304.977,-0.099875,0.00469328,0.00549349,0.100136,0,0.00500595,304.977,-0.099875,0.00469328,0.00549349,0.100136,0,0.00500595,304.977,-0.099875,0.00469328,0.00549349,0.100136,0,0.00500595,304.977,-0.099875,0.00469328,0.00549349,0.100136,0,0.00500595,304.977,-0.099875,0.00469328,0.00549349,0.100136,0,0.00500595,304.977,-0.099875,0.00469328,0.00549349,0.100136,0,0,0,0,0,0,0,0,1
stats,425,1,213,0.00500595,304.977,-0.0998767,0.00460804,0.00542898,0.10013,0,0.00500595,304.977,-0.0998767,0.00460804,0.00542898,0.10013,0,0.00500595,304.977,-0.0998767,0.00460804,0.00542898,0.10013,0,0.00500595,304.977,-0.0998767,0.00460804,0.00542898,0.10013,0,0.00500595,304.977,-0.0998767,0.00460804,0.00542898,0.10013,0,0.00500595,304.977,-0.0998767,0.00460804,0.00542898,0.10013,0,0,0,0,0,0,0,0,1
stats,426,1,213.5,0.00500595,304.977,-0.0998798,0.00450821,0.00534429,0.100124,0,0.00500595,304.977,-0.0998798,0.00450821,0.00534429,0.100124,0,0.00500595,304.977,-0.0998798,0.00450821,0.00534429,0.100124,0,0.00500595,304.977,-0.0998798,0.00450821,0.00534429,0.100124,0,0.00500595,304.977,-0.0998798,0.00450821,0.00534429,0.100124,0,0.00500595,304.977,-0.0998798,0.00450821,0.00534429,0.100124,0,0,0,0,0,0,0,0,1
stats,427,1,214,0.00500595,304.977,-0.0998821,0.00445186,0.00530357,0.100122,0,0.00500595,304.977,-0.0998821,0.00445186,0.00530357,0.100122,0,0.00500595,304.977,-0.0998821,0.00445186,0.00530357,0.100122,0,0.00500595,304.977,-0.0998821,0.00445186,0.00530357,0.100122,0,0.00500595,304.977,-0.0998821,0.00445186,0.00530357,0.100122,0,0.00500595,304.977,-0.0998821,0.00445186,0.00530357,0.100122,0,0,0,0,0,0,0,0,1
stats,428,1,214.5,0.00500595,304.976,-0.0998837,0.00441855,0.00528634,0.100121,0,0.00500595,304.976,-0.0998837,0.00441855,0.00528634,0.100121,0,0.00500595,304.976,-0.0998837,0.00441855,0.00528634,0.100121,0,0.00500595,304.976,-0.0998837,0.00441855,0.00528634,0.100121,0,0.00500595,304.976,-0.0998837,0.00441855,0.00528634,0.100121,0,0.00500595,304.976,-0.0998837,0.00441855,0.00528634,0.100121,0,0,0,0,0,0,0,0,1
stats,429,1,215,0.00500595,304.976,-0.0998847,0.00440878,0.00528258,0.100121,0,0.00500595,304.976,-0.0998847,0.00440878,0.00528258,0.100121,0,0.00500595,304.976,-0.0998847,0.00440878,0.00528258,0.100121,0,0.00500595,304.976,-0.0998847,0.00440878,0.00528258,0.100121,0,0.00500595,304.976,-0.0998847,0.00440878,0.00528258,0.100121,0,0.00500595,304.976,-0.0998847,0.00440878,0.00528258,0.100121,0,0,0,0,0,0,0,0,1
stats,430,1,215.5,0.00500595,304.976,-0.099885,0.00442897,0.00529834,0.100123,0,0.00500595,304.976,-0.099885,0.00442897,0.00529834,0.100123,0,0.00500595,304.976,-0.099885,0.00442897,0.00529834,0.100123,0,0.00500595,304.976,-0.099885,0.00442897,0.00529834,0.100123,0,0.00500595,304.976,-0.099885,0.00442897,0.00529834,0.100123,0,0.00500595,304.976,-0.099885,0.00442897,0.00529834,0.100123,0,0,0,0,0,0,0,0,1
stats,431,1,216,0.00500595,304.977,-0.0998842,0.00447166,0.00533718,0.100127,0,0.00500595,304.977,-0.0998842,0.00447166,0.00533718,0.100127,0,0.00500595,304.977,-0.0998842,0.00447166,0.00533718,0.100127,0,0.00500595,304.977,-0.0998842,0.00447166,0.00533718,0.100127,0,0.00500595,304.977,-0.0998842,0.00447166,0.00533718,0.100127,0,0.00500595,304.977,-0.0998842,0.00447166,0.00533718,0.100127,0,0,0,0,0,0,0,0,1
stats,432,1,216.5,0.00500595,304.977,-0.0998824,0.00454707,0.00537406,0.10013,0,0.00500595,304.977,-0.0998824,0.00454707,0.00537406,0.10013,0,0.00500595,304.977,-0.0998824,0.00454707,0.00537406,0.10013,0,0.00500595,304.977,-0.0998824,0.00454707,0.00537406,0.10013,0,0.00500595,304.977,-0.0998824,0.00454707,0.00537406,0.10013,0,0.00500595,304.977,-0.0998824,0.00454707,0.00537406,0.10013,0,0,0,0,0,0,0,0,1
stats,433,1,217,0.00500595,304.977,-0.0998802,0.00463929,0.00543833,0.100136,0,0.00500595,304.977,-0.0998802,0.00463929,0.00543833,0.100136,0,0.00500595,304.977,-0.0998802,0.00463929,0.00543833,0.100136,0,0.00500595,304.977,-0.0998802,0.00463929,0.00543833,0.100136,0,0.00500595,304.977,-0.0998802,0.00463929,0.00543833,0.100136,0,0.00500595,304.977,-0.0998802,0.00463929,0.00543833,0.100136,0,0,0,0,0,0,0,0,1
stats,434,1,217.5,0.00500595,304.977,-0.0998777,0.00473404,0.00549125,0.100141,0,0.00500595,304.977,-0.0998777,0.00473404,0.00549125,0.100141,0,0.00500595,304.977,-0.0998777,0.00473404,0.00549125,0.100141,0,0.00500595,304.977,-0.0998777,0.00473404,0.00549125,0.100141,0,0.00500595,304.977,-0.0998777,0.00473404,0.00549125,0.100141,0,0.00500595,304.977,-0.0998777,0.00473404,0.00549125,0.100141,0,0,0,0,0,0,0,0,1
stats,435,1,218,0.00500595,304.977,-0.0998754,0.00483205,0.00555851,0.100147,0,0.00500595,304.977,-0.0998754,0.00483205,0.00555851,0.100147,0,0.00500595,304.977,-0.0998754,0.00483205,0.00555851,0.100147,0,0.00500595,304.977,-0.0998754,0.00483205,0.00555851,0.100147,0,0.00500595,304.977,-0.0998754,0.00483205,0.00555851,0.100147,0,0.00500595,304.977,-0.0998754,0.00483205,0.00555851,0.100147,0,0,0,0,0,0,0,0,1
stats,436,1,218.5,0.00500595,304.977,-0.0998729,0.00491563,0.0055836,0.10015,0,0.00500595,304.977,-0.0998729,0.00491563,0.0055836,0.10015,0,0.00500595,304.977,-0.0998729,0.00491563,0.0055836,0.10015,0,0.00500595,304.977,-0.0998729,0.00491563,0.0055836,0.10015,0,0.00500595,304.977,-0.0998729,0.00491563,0.0055836,0.10015,0,0.00500595,304.977,-0.0998729,0.00491563,0.0055836,0.10015,0,0,0,0,0,0,0,0,1
stats,437,1,219,0.00500595,304.978,-0.0998708,0.0049543,0.00566704,0.100154,0,0.00500595,304.978,-0.0998708,0.0049543,0.00566704,0.100154,0,0.00500595,304.978,-0.0998708,0.0049543,0.00566704,0.100154,0,0.00500595,304.978,-0.0998708,0.0049543,0.00566704,0.100154,0,0.00500595,304.978,-0.0998708,0.0049543,0.00566704,0.100154,0,0.00500595,304.978,-0.0998708,0.0049543,0.00566704,0.100154,0,0,0,0,0,0,0,0,1
stats,438,1,219.5,0.00500595,304.978,-0.0998691,0.00496684,0.00569124,0.100154,0,0.00500595,304.978,-0.0998691,0.00496684,0.00569124,0.100154,0,0.00500595,304.978,-0.0998691,0.00496684,0.00569124,0.100154,0,0.00500595,304.978,-0.0998691,0.00496684,0.00569124,0.100154,0,0.00500595,304.978,-0.0998691,0.00496684,0.00569124,0.100154,0,0.00500595,304.978,-0.0998691,0.00496684,0.00569124,0.100154,0,0,0,0,0,0,0,0,1
stats,439,1,220,0.00500595,304.978,-0.0998691,0.00495382,0.00569938,0.100154,0,0.00500595,304.978,-0.0998691,0.00495382,0.00569938,0.100154,0,0.00500595,304.978,-0.0998691,0.00495382,0.00569938,0.100154,0,0.00500595,304.978,-0.0998691,0.00495382,0.00569938,0.100154,0,0.00500595,304.978,-0.0998691,0.00495382,0.00569938,0.100154,0,0.00500595,304.978,-0.0998691,0.00495382,0.00569938,0.100154,0,0,0,0,0,0,0,0,1
stats,440,1,220.5,0.00500595,304.978,-0.0998696,0.00493817,0.00570599,0.100154,0,0.00500595,304.978,-0.0998696,0.00493817,0.00570599,0.100154,0,0.00500595,304.978,-0.0998696,0.00493817,0.00570599,0.100154,0,0.00500595,304.978,-0.0998696,0.00493817,0.00570599,0.100154,0,0.00500595,304.978,-0.0998696,0.00493817,0.00570599,0.100154,0,0.00500595,304.978,-0.0998696,0.00493817,0.00570599,0.100154,0,0,0,0,0,0,0,0,1
stats,441,1,221,0.00500595,304.978,-0.0998704,0.00487271,0.00566274,0.100149,0,0.00500595,304.978,-0.0998704,0.00487271,0.00566274,0.100149,0,0.00500595,304.978,-0.0998704,0.00487271,0.00566274,0.100149,0,0.00500595,304.978,-0.0998704,0.00487271,0.00566274,0.100149,0,0.00500595,304.978,-0.0998704,0.00487271,0.00566274,0.100149,0,0.00500595,304.978,-0.0998704,0.00487271,0.00566274,0.100149,0,0,0,0,0,0,0,0,1
stats,442,1,221.5,0.00500595,304.978,-0.0998734,0.00477523,0.00557327,0.100143,0,0.00500595,304.978,-0.0998734,0.00477523,0.00557327,0.100143,0,0.00500595,304.978,-0.0998734,0.00477523,0.00557327,0.100143,0,0.00500595,304.978,-0.0998734,0.00477523,0.00557327,0.100143,0,0.00500595,304.978,-0.0998734,0.00477523,0.00557327,0.100143,0,0.00500595,304.978,-0.0998734,0.00477523,0.00557327,0.100143,0,0,0,0,0,0,0,0,1
stats,443,1,222,0.00500595,304.978,-0.0998751,0.00469112,0.00549142,0.100136,0,0.00500595,304.978,-0.0998751,0.00469112,0.00549142,0.100136,0,0.00500595,304.978,-0.0998751,0.00469112,0.00549142,0.100136,0,0.00500595,304.978,-0.0998751,0.00469112,0.00549142,0.100136,0,0.00500595,304.978,-0.0998751,0.00469112,0.00549142,0.100136,0,0.00500595,304.978,-0.0998751,0.00469112,0.00549142,0.100136,0,0,0,0,0,0,0,0,1
stats,444,1,222.5,0.00500595,304.978,-0.0998768,0.00460493,0.00542627,0.10013,0,0.00500595,304.978,-0.0998768,0.00460493,0.00542627,0.10013,0,0.00500595,304.978,-0.0998768,0.00460493,0.00542627,0.10013,0,0.00500595,304.978,-0.0998768,0.00460493,0.00542627,0.10013,0,0.00500595,304.978,-0.0998768,0.00460493,0.00542627,0.10013,0,0.00500595,304.978,-0.0998768,0.00460493,0.00542627,0.10013,0,0,0,0,0,0,0,0,1
stats,445,1,223,0.00500595,304.978,-0.0998799,0.00450587,0.00534243,0.100124,0,0.00500595,304.978,-0.0998799,0.00450587,0.00534243,0.100124,0,0.00500595,304.978,-0.0998799,0.00450587,0.00534243,0.100124,0,0.00500595,304.978,-0.0998799,0.00450587,0.00534243,0.100124,0,0.00500595,304.978,-0.0998799,0.00450587,0.00534243,0.100124,0,0.00500595,304.978,-0.0998799,0.00450587,0.00534243,0.100124,0,0,0,0,0,0,0,0,1
stats,446,1,223.5,0.00500595,304.978,-0.0998821,0.00445064,0.00530292,0.100122,0,0.00500595,304.978,-0.0998821,0.00445064,0.00530292,0.100122,0,0.00500595,304.978,-0.0998821,0.00445064,0.00530292,0.100122,0,0.00500595,304.978,-0.0998821,0.00445064,0.00530292,0.100122,0,0.00500595,304.978,-0.0998821,0.00445064,0.00530292,0.100122,0,0.00500595,304.978,-0.0998821,0.00445064,0.00530292,0.100122,0,0,0,0,0,0,0,0,1
stats,447,1,224,0.00500595,304.978,-0.0998837,0.00441791,0.00528606,0.100121,0,0.00500595,304.978,-0.0998837,0.00441791,0.00528606,0.100121,0,0.00500595,304.978,-0.0998837,0.00441791,0.00528606,0.100121,0,0.00500595,304.978,-0.0998837,0.00441791,0.00528606,0.100121,0,0.00500595,304.978,-0.0998837,0.00441791,0.00528606,0.100121,0,0.00500595,304.978,-0.0998837,0.00441791,0.00528606,0.100121,0,0,0,0,0,0,0,0,1
stats,448,1,224.5,0.00500595,304.978,-0.0998848,0.0044088,0.00528266,0.100121,0,0.00500595,304.978,-0.0998848,0.0044088,0.00528266,0.100121,0,0.00500595,304.978,-0.0998848,0.0044088,0.00528266,0.100121,0,0.00500595,304.978,-0.0998848,0.0044088,0.00528266,0.100121,0,0.00500595,304.978,-0.0998848,0.0044088,0.00528266,0.100121,0,0.00500595,304.978,-0.0998848,0.0044088,0.00528266,0.100121,0,0,0,0,0,0,0,0,1
stats,449,1,225,0.00500595,304.978,-0.099885,0.00442984,0.00529898,0.100124,0,0.00500595,304.978,-0.099885,0.00442984,0.00529898,0.100124,0,0.00500595,304.978,-0.099885,0.00442984,0.00529898,0.100124,0,0.00500595,304.978,-0.099885,0.00442984,0.00529898,0.100124,0,0.00500595,304.978,-0.099885,0.00442984,0.00529898,0.100124,0,0.00500595,304.978,-0.099885,0.00442984,0.00529898,0.100124,0,0,0,0,0,0,0,0,1
stats,450,1,225.5,0.00500595,304.978,-0.0998842,0.00447316,0.00533823,0.100127,0,0.00500595,304.978,-0.0998842,0.00447316,0.00533823,0.100127,0,0.00500595,304.978,-0.0998842,0.00447316,0.00533823,0.100127,0,0.00500595,304.978,-0.0998842,0.00447316,0.00533823,0.100127,0,0.00500595,304.978,-0.0998842,0.00447316,0.00533823,0.100127,0,0.00500595,304.978,-0.0998842,0.00447316,0.00533823,0.100127,0,0,0,0,0,0,0,0,1
stats,451,1,226,0.00500595,304.978,-0.0998823,0.00454906,0.00537546,0.10013,0,0.00500595,304.978,-0.0998823,0.00454906,0.00537546,0.10013,0,0.00500595,304.978,-0.0998823,0.00454906,0.00537546,0.10013,0,0.00500595,304.978,-0.0998823,0.00454906,0.00537546,0.10013,0,0.00500595,304.978,-0.0998823,0.00454906,0.00537546,0.10013,0,0.00500595,304.978,-0.0998823,0.00454906,0.00537546,0.10013,0,0,0,0,0,0,0,0,1
stats,452,1,226.5,0.00500595,304.978,-0.0998801,0.00464174,0.00544001,0.100136,0,0.00500595,304.978,-0.0998801,0.00464174,0.00544001,0.100136,0,0.00500595,304.978,-0.0998801,0.00464174,0.00544001,0.100136,0,0.00500595,304.978,-0.0998801,0.00464174,0.00544001,0.100136,0,0.00500595,304.978,-0.0998801,0.00464174,0.00544001,0.100136,0,0.00500595,304.978,-0.0998801,0.00464174,0.00544001,0.100136,0,0,0,0,0,0,0,0,1
stats,453,1,227,0.00500595,304.978,-0.0998777,0.00473657,0.00549301,0.100141,0,0.00500595,304.978,-0.0998777,0.00473657,0.00549301,0.100141,0,0.00500595,304.978,-0.0998777,0.00473657,0.00549301,0.100141,0,0.00500595,304.978,-0.0998777,0.00473657,0.00549301,0.100141,0,0.00500595,304.978,-0.0998777,0.00473657,0.00549301,0.100141,0,0.00500595,304.978,-0.0998777,0.00473657,0.00549301,0.100141,0,0,0,0,0,0,0,0,1
stats,454,1,227.5,0.00500595,304.979,-0.0998753,0.00483423,0.00555999,0.100147,0,0.00500595,304.979,-0.0998753,0.00483423,0.00555999,0.100147,0,0.00500595,304.979,-0.0998753,0.00483423,0.00555999,0.100147,0,0.00500595,304.979,-0.0998753,0.00483423,0.00555999,0.100147,0,0.00500595,304.979,-0.0998753,0.00483423,0.00555999,0.100147,0,0.00500595,304.979,-0.0998753,0.00483423,0.00555999,0.100147,0,0,0,0,0,0,0,0,1
stats,455,1,228,0.00500595,304.979,-0.0998728,0.0049172,0.00558473,0.10015,0,0.00500595,304.979,-0.0998728,0.0049172,0.00558473,0.10015,0,0.00500595,304.979,-0.0998728,0.0049172,0.00558473,0.10015,0,0.00500595,304.979,-0.0998728,0.0049172,0.00558473,0.10015,0,0.00500595,304.979,-0.0998728,0.0049172,0.00558473,0.10015,0,0.00500595,304.979,-0.0998728,0.0049172,0.00558473,0.10015,0,0,0,0,0,0,0,0,1
stats,456,1,228.5,0.00500595,304.979,-0.0998708,0.00495487,0.00566773,0.100154,0,0.00500595,304.979,-0.0998708,0.00495487,0.00566773,0.100154,0,0.00500595,304.979,-0.0998708,0.00495487,0.00566773,0.100154,0,0.00500595,304.979,-0.0998708,0.00495487,0.00566773,0.100154,0,0.00500595,304.979,-0.0998708,0.00495487,0.00566773,0.100154,0,0.00500595,304.979,-0.0998708,0.00495487,0.00566773,0.100154,0,0,0,0,0,0,0,0,1
stats,457,1,229,0.00500595,304.979,-0.0998691,0.00496651,0.0056913,0.100154,0,0.00500595,304.979,-0.0998691,0.00496651,0.0056913,0.100154,0,0.00500595,304.979,-0.0998691,0.00496651,0.0056913,0.100154,0,0.00500595,304.979,-0.0998691,0.00496651,0.0056913,0.100154,0,0.00500595,304.979,-0.0998691,0.00496651,0.0056913,0.100154,0,0.00500595,304.979,-0.0998691,0.00496651,0.0056913,0.100154,0,0,0,0,0,0,0,0,1
stats,458,1,229.5,0.00500595,304.98,-0.0998691,0.00495301,0.00569916,0.100154,0,0.00500595,304.98,-0.0998691,0.00495301,0.00569916,0.100154,0,0.00500595,304.98,-0.0998691,0.00495301,0.00569916,0.100154,0,0.00500595,304.98,-0.0998691,0.00495301,0.00569916,0.100154,0,0.00500595,304.98,-0.0998691,0.00495301,0.00569916,0.100154,0,0.00500595,304.98,-0.0998691,0.00495301,0.00569916,0.100154,0,0,0,0,0,0,0,0,1
stats,459,1,230,0.00500595,304.98,-0.0998696,0.00493684,0.00570529,0.100154,0,0.00500595,304.98,-0.0998696,0.00493684,0.00570529,0.100154,0,0.00500595,304.98,-0.0998696,0.00493684,0.00570529,0.100154,0,0.00500595,304.98,-0.0998696,0.00493684,0.00570529,0.100154,0,0.00500595,304.98,-0.0998696,0.00493684,0.00570529,0.100154,0,0.00500595,304.98,-0.0998696,0.00493684,0.00570529,0.100154,0,0,0,0,0,0,0,0,1
stats,460,1,230.5,0.00500595,304.98,-0.0998705,0.00487026,0.00566082,0.100149,0,0.00500595,304.98,-0.0998705,0.00487026,0.00566082,0.100149,0,0.00500595,304.98,-0.0998705,0.00487026,0.00566082,0.100149,0,0.00500595,304.98,-0.0998705,0.00487026,0.00566082,0.100149,0,0.00500595,304.98,-0.0998705,0.00487026,0.00566082,0.100149,0,0.00500595,304.98,-0.0998705,0.00487026,0.00566082,0.100149,0,0,0,0,0,0,0,0,1
stats,461,1,231,0.00500595,304.98,-0.0998734,0.00477271,0.00557092,0.100142,0,0.00500595,304.98,-0.0998734,0.00477271,0.00557092,0.100142,0,0.00500595,304.98,-0.0998734,0.00477271,0.00557092,0.100142,0,0.00500595,304.98,-0.0998734,0.00477271,0.00557092,0.100142,0,0.00500595,304.98,-0.0998734,0.00477271,0.00557092,0.100142,0,0.00500595,304.98,-0.0998734,0.00477271,0.00557092,0.100142,0,0,0,0,0,0,0,0,1
stats,462,1,231.5,0.00500595,304.98,-0.0998751,0.0046889,0.00548929,0.100136,0,0.00500595,304.98,-0.0998751,0.0046889,0.00548929,0.100136,0,0.00500595,304.98,-0.0998751,0.0046889,0.00548929,0.100136,0,0.00500595,304.98,-0.0998751,0.0046889,0.00548929,0.100136,0,0.00500595,304.98,-0.0998751,0.0046889,0.00548929,0.100136,0,0.00500595,304.98,-0.0998751,0.0046889,0.00548929,0.100136,0,0,0,0,0,0,0,0,1
stats,463,1,232,0.00500595,304.98,-0.0998768,0.00460192,0.00542363,0.10013,0,0.00500595,304.98,-0.0998768,0.00460192,0.00542363,0.10013,0,0.00500595,304.98,-0.0998768,0.00460192,0.00542363,0.10013,0,0.00500595,304.98,-0.0998768,0.00460192,0.00542363,0.10013,0,0.00500595,304.98,-0.0998768,0.00460192,0.00542363,0.10013,0,0.00500595,304.98,-0.0998768,0.00460192,0.00542363,0.10013,0,0,0,0,0,0,0,0,1
stats,464,1,232.5,0.00500595,304.98,-0.09988,0.00450347,0.00534051,0.100124,0,0.00500595,304.98,-0.09988,0.00450347,0.00534051,0.100124,0,0.00500595,304.98,-0.09988,0.00450347,0.00534051,0.100124,0,0.00500595,304.98,-0.09988,0.00450347,0.00534051,0.100124,0,0.00500595,304.98,-0.09988,0.00450347,0.00534051,0.100124,0,0.00500595,304.98,-0.09988,0.00450347,0.00534051,0.100124,0,0,0,0,0,0,0,0,1
stats,465,1,233,0.00500595,304.98,-0.0998822,0.00444915,0.00530197,0.100122,0,0.00500595,304.98,-0.0998822,0.00444915,0.00530197,0.100122,0,0.00500595,304.98,-0.0998822,0.00444915,0.00530197,0.100122,0,0.00500595,304.98,-0.0998822,0.00444915,0.00530197,0.100122,0,0.00500595,304.98,-0.0998822,0.00444915,0.00530197,0.100122,0,0.00500595,304.98,-0.0998822,0.00444915,0.00530197,0.100122,0,0,0,0,0,0,0,0,1
stats,466,1,233.5,0.00500595,304.979,-0.0998838,0.00441703,0.00528553,0.100121,0,0.00500595,304.979,-0.0998838,0.00441703,0.00528553,0.100121,0,0.00500595,304.979,-0.0998838,0.00441703,0.00528553,0.100121,0,0.00500595,304.979,-0.0998838,0.00441703,0.00528553,0.100121,0,0.00500595,304.979,-0.0998838,0.00441703,0.00528553,0.100121,0,0.00500595,304.979,-0.0998838,0.00441703,0.00528553,0.100121,0,0,0,0,0,0,0,0,1
stats,467,1,234,0.00500595,304.979,-0.0998848,0.00440868,0.00528268,0.100122,0,0.00500595,304.979,-0.0998848,0.00440868,0.00528268,0.100122,0,0.00500595,304.979,-0.0998848,0.00440868,0.00528268,0.100122,0,0.00500595,304.979,-0.0998848,0.00440868,0.00528268,0.100122,0,0.00500595,304.979,-0.0998848,0.00440868,0.00528268,0.100122,0,0.00500595,304.979,-0.0998848,0.00440868,0.00528268,0.100122,0,0,0,0,0,0,0,0,1
stats,468,1,234.5,0.00500595,304.979,-0.099885,0.00443068,0.00529974,0.100124,0,0.00500595,304.979,-0.099885,0.00443068,0.00529974,0.100124,0,0.00500595,304.979,-0.099885,0.00443068,0.00529974,0.100124,0,0.00500595,304.979,-0.099885,0.00443068,0.00529974,0.100124,0,0.00500595,304.979,-0.099885,0.00443068,0.00529974,0.100124,0,0.00500595,304.979,-0.099885,0.00443068,0.00529974,0.100124,0,0,0,0,0,0,0,0,1
stats,469,1,235,0.00500595,304.979,-0.0998841,0.00447471,0.00533949,0.100127,0,0.00500595,304.979,-0.0998841,0.00447471,0.00533949,0.100127,0,0.00500595,304.979,-0.0998841,0.00447471,0.00533949,0.100127,0,0.00500595,304.979,-0.0998841,0.00447471,0.00533949,0.100127,0,0.00500595,304.979,-0.0998841,0.00447471,0.00533949,0.100127,0,0.00500595,304.979,-0.0998841,0.00447471,0.00533949,0.100127,0,0,0,0,0,0,0,0,1
stats,470,1,235.5,0.00500595,304.979,-0.0998823,0.00455127,0.00537715,0.10013,0,0.00500595,304.979,-0.0998823,0.00455127,0.00537715,0.10013,0,0.00500595,304.979,-0.0998823,0.00455127,0.00537715,0.10013,0,0.00500595,304.979,-0.0998823,0.00455127,0.00537715,0.10013,0,0.00500595,304.979,-0.0998823,0.00455127,0.00537715,0.10013,0,0.00500595,304.979,-0.0998823,0.00455127,0.00537715,0.10013,0,0,0,0,0,0,0,0,1
stats,471,1,236,0.00500595,304.98,-0.09988,0.00464457,0.0054421,0.100136,0,0.00500595,304.98,-0.09988,0.00464457,0.0054421,0.100136,0,0.00500595,304.98,-0.09988,0.00464457,0.0054421,0.100136,0,0.00500595,304.98,-0.09988,0.00464457,0.0054421,0.100136,0,0.00500595,304.98,-0.09988,0.00464457,0.0054421,0.100136,0,0.00500595,304.98,-0.09988,0.00464457,0.0054421,0.100136,0,0,0,0,0,0,0,0,1
stats,472,1,236.5,0.00500595,304.98,-0.0998776,0.00473947,0.00549517,0.100141,0,0.00500595,304.98,-0.0998776,0.00473947,0.00549517,0.100141,0,0.00500595,304.98,-0.0998776,0.00473947,0.00549517,0.100141,0,0.00500595,304.98,-0.0998776,0.00473947,0.00549517,0.100141,0,0.00500595,304.98,-0.0998776,0.00473947,0.00549517,0.100141,0,0.00500595,304.98,-0.0998776,0.00473947,0.00549517,0.100141,0,0,0,0,0,0,0,0,1
stats,473,1,237,0.00500595,304.98,-0.0998753,0.00483673,0.00556184,0.100147,0,0.00500595,304.98,-0.0998753,0.00483673,0.00556184,0.100147,0,0.00500595,304.98,-0.0998753,0.00483673,0.00556184,0.100147,0,0.00500595,304.98,-0.0998753,0.00483673,0.00556184,0.100147,0,0.00500595,304.98,-0.0998753,0.00483673,0.00556184,0.100147,0,0.00500595,304.98,-0.0998753,0.00483673,0.00556184,0.100147,0,0,0,0,0,0,0,0,1
stats,474,1,237.5,0.00500595,304.98,-0.0998728,0.00491912,0.00558624,0.10015,0,0.00500595,304.98,-0.0998728,0.00491912,0.00558624,0.10015,0,0.00500595,304.98,-0.0998728,0.00491912,0.00558624,0.10015,0,0.00500595,304.98,-0.0998728,0.00491912,0.00558624,0.10015,0,0.00500595,304.98,-0.0998728,0.00491912,0.00558624,0.10015,0,0.00500595,304.98,-0.0998728,0.00491912,0.00558624,0.10015,0,0,0,0,0,0,0,0,1
stats,475,1,238,0.00500595,304.98,-0.0998707,0.00495565,0.0056689,0.100154,0,0.00500595,304.98,-0.0998707,0.00495565,0.0056689,0.100154,0,0.00500595,304.98,-0.0998707,0.00495565,0.0056689,0.100154,0,0.00500595,304.98,-0.0998707,0.00495565,0.0056689,0.100154,0,0.00500595,304.98,-0.0998707,0.00495565,0.0056689,0.100154,0,0.00500595,304.98,-0.0998707,0.00495565,0.0056689,0.100154,0,0,0,0,0,0,0,0,1
stats,476,1,238.5,0.00500595,304.981,-0.099869,0.00496639,0.00569184,0.100154,0,0.00500595,304.981,-0.099869,0.00496639,0.00569184,0.100154,0,0.00500595,304.981,-0.099869,0.00496639,0.00569184,0.100154,0,0.00500595,304.981,-0.099869,0.00496639,0.00569184,0.100154,0,0.00500595,304.981,-0.099869,0.00496639,0.00569184,0.100154,0,0.00500595,304.981,-0.099869,0.00496639,0.00569184,0.100154,0,0,0,0,0,0,0,0,1
stats,477,1,239,0.00500595,304.981,-0.0998691,0.00495283,0.00569973,0.100154,0,0.00500595,304.981,-0.0998691,0.00495283,0.00569973,0.100154,0,0.00500595,304.981,-0.0998691,0.00495283,0.00569973,0.100154,0,0.00500595,304.981,-0.0998691,0.00495283,0.00569973,0.100154,0,0.00500595,304.981,-0.0998691,0.00495283,0.00569973,0.100154,0,0.00500595,304.981,-0.0998691,0.00495283,0.00569973,0.100154,0,0,0,0,0,0,0,0,1
stats,478,1,239.5,0.00500595,304.981,-0.0998696,0.00493606,0.00570513,0.100154,0,0.00500595,304.981,-0.0998696,0.00493606,0.00570513,0.100154,0,0.00500595,304.981,-0.0998696,0.00493606,0.00570513,0.100154,0,0.00500595,304.981,-0.0998696,0.00493606,0.00570513,0.100154,0,0.00500595,304.981,-0.0998696,0.00493606,0.00570513,0.100154,0,0.00500595,304.981,-0.0998696,0.00493606,0.00570513,0.100154,0,0,0,0,0,0,0,0,1
stats,479,1,240,0.00500595,304.981,-0.0998705,0.00486718,0.00565817,0.100149,0,0.00500595,304.981,-0.0998705,0.00486718,0.00565817,0.100149,0,0.00500595,304.981,-0.0998705,0.00486718,0.00565817,0.100149,0,0.00500595,304.981,-0.0998705,0.00486718,0.00565817,0.100149,0,0.00500595,304.981,-0.0998705,0.00486718,0.00565817,0.100149,0,0.00500595,304.981,-0.0998705,0.00486718,0.00565817,0.100149,0,0,0,0,0,0,0,0,1
stats,480,1,240.5,0.00500595,304.981,-0.0998735,0.0047697,0.00556783,0.100142,0,0.00500595,304.981,-0.0998735,0.0047697,0.00556783,0.100142,0,0.00500595,304.981,-0.0998735,0.0047697,0.00556783,0.100142,0,0.00500595,304.981,-0.0998735,0.0047697,0.00556783,0.100142,0,0.00500595,304.981,-0.0998735,0.0047697,0.00556783,0.100142,0,0.00500595,304.981,-0.0998735,0.0047697,0.00556783,0.100142,0,0,0,0,0,0,0,0,1
stats,481,1,241,0.00500595,304.981,-0.0998751,0.00468644,0.00548686,0.100135,0,0.00500595,304.981,-0.0998751,0.00468644,0.00548686,0.100135,0,0.00500595,304.981,-0.0998751,0.00468644,0.00548686,0.100135,0,0.00500595,304.981,-0.0998751,0.00468644,0.00548686,0.100135,0,0.00500595,304.981,-0.0998751,0.00468644,0.00548686,0.100135,0,0.00500595,304.981,-0.0998751,0.00468644,0.00548686,0.100135,0,0,0,0,0,0,0,0,1
stats,482,1,241.5,0.00500595,304.981,-0.0998769,0.00459858,0.00542074,0.10013,0,0.00500595,304.981,-0.0998769,0.00459858,0.00542074,0.10013,0,0.00500595,304.981,-0.0998769,0.00459858,0.00542074,0.10013,0,0.00500595,304.981,-0.0998769,0.00459858,0.00542074,0.10013,0,0.00500595,304.981,-0.0998769,0.00459858,0.00542074,0.10013,0,0.00500595,304.981,-0.0998769,0.00459858,0.00542074,0.10013,0,0,0,0,0,0,0,0,1
stats,483,1,242,0.00500595,304.981,-0.0998801,0.0045011,0.00533867,0.100124,0,0.00500595,304.981,-0.0998801,0.0045011,0.00533867,0.100124,0,0.00500595,304.981,-0.0998801,0.0045011,0.00533867,0.100124,0,0.00500595,304.981,-0.0998801,0.0045011,0.00533867,0.100124,0,0.00500595,304.981,-0.0998801,0.0045011,0.00533867,0.100124,0,0.00500595,304.981,-0.0998801,0.0045011,0.00533867,0.100124,0,0,0,0,0,0,0,0,1
stats,484,1,242.5,0.00500595,304.98,-0.0998822,0.00444797,0.00530133,0.100122,0,0.00500595,304.98,-0.0998822,0.00444797,0.00530133,0.100122,0,0.00500595,304.98,-0.0998822,0.00444797,0.00530133,0.100122,0,0.00500595,304.98,-0.0998822,0.00444797,0.00530133,0.100122,0,0.00500595,304.98,-0.0998822,0.00444797,0.00530133,0.100122,0,0.00500595,304.98,-0.0998822,0.00444797,0.00530133,0.100122,0,0,0,0,0,0,0,0,1
stats,485,1,243,0.00500595,304.98,-0.0998838,0.00441658,0.00528535,0.100121,0,0.00500595,304.98,-0.0998838,0.00441658,0.00528535,0.100121,0,0.00500595,304.98,-0.0998838,0.00441658,0.00528535,0.100121,0,0.00500595,304.98,-0.0998838,0.00441658,0.00528535,0.100121,0,0.00500595,304.98,-0.0998838,0.00441658,0.00528535,0.100121,0,0.00500595,304.98,-0.0998838,0.00441658,0.00528535,0.100121,0,0,0,0,0,0,0,0,1
stats,486,1,243.5,0.00500595,304.98,-0.0998848,0.00440912,0.00528301,0.100122,0,0.00500595,304.98,-0.0998848,0.00440912,0.00528301,0.100122,0,0.00500595,304.98,-0.0998848,0.00440912,0.00528301,0.100122,0,0.00500595,304.98,-0.0998848,0.00440912,0.00528301,0.100122,0,0.00500595,304.98,-0.0998848,0.00440912,0.00528301,0.100122,0,0.00500595,304.98,-0.0998848,0.00440912,0.00528301,0.100122,0,0,0,0,0,0,0,0,1
stats,487,1,244,0.00500595,304.98,-0.099885,0.0044322,0.00530078,0.100124,0,0.00500595,304.98,-0.099885,0.0044322,0.00530078,0.100124,0,0.00500595,304.98,-0.099885,0.0044322,0.00530078,0.100124,0,0.00500595,304.98,-0.099885,0.0044322,0.00530078,0.100124,0,0.00500595,304.98,-0.099885,0.0044322,0.00530078,0.100124,0,0.00500595,304.98,-0.099885,0.0044322,0.00530078,0.100124,0,0,0,0,0,0,0,0,1
stats,488,1,244.5,0.00500595,304.98,-0.0998841,0.00447703,0.00534106,0.100127,0,0.00500595,304.98,-0.0998841,0.00447703,0.00534106,0.100127,0,0.00500595,304.98,-0.0998841,0.00447703,0.00534106,0.100127,0,0.00500595,304.98,-0.0998841,0.00447703,0.00534106,0.100127,0,0.00500595,304.98,-0.0998841,0.00447703,0.00534106,0.100127,0,0.00500595,304.98,-0.0998841,0.00447703,0.00534106,0.100127,0,0,0,0,0,0,0,0,1
stats,489,1,245,0.00500595,304.98,-0.0998822,0.00455422,0.00537918,0.100131,0,0.00500595,304.98,-0.0998822,0.00455422,0.00537918,0.100131,0,0.00500595,304.98,-0.0998822,0.00455422,0.00537918,0.100131,0,0.00500595,304.98,-0.0998822,0.00455422,0.00537918,0.100131,0,0.00500595,304.98,-0.0998822,0.00455422,0.00537918,0.100131,0,0.00500595,304.98,-0.0998822,0.00455422,0.00537918,0.100131,0,0,0,0,0,0,0,0,1
stats,490,1,245.5,0.00500595,304.98,-0.09988,0.00464807,0.00544446,0.100136,0,0.00500595,304.98,-0.09988,0.00464807,0.00544446,0.100136,0,0.00500595,304.98,-0.09988,0.00464807,0.00544446,0.100136,0,0.00500595,304.98,-0.09988,0.00464807,0.00544446,0.100136,0,0.00500595,304.98,-0.09988,0.00464807,0.00544446,0.100136,0,0.00500595,304.98,-0.09988,0.00464807,0.00544446,0.100136,0,0,0,0,0,0,0,0,1
stats,491,1,246,0.00500595,304.981,-0.0998775,0.00474299,0.00549756,0.100141,0,0.00500595,304.981,-0.0998775,0.00474299,0.00549756,0.100141,0,0.00500595,304.981,-0.0998775,0.00474299,0.00549756,0.100141,0,0.00500595,304.981,-0.0998775,0.00474299,0.00549756,0.100141,0,0.00500595,304.981,-0.0998775,0.00474299,0.00549756,0.100141,0,0.00500595,304.981,-0.0998775,0.00474299,0.00549756,0.100141,0,0,0,0,0,0,0,0,1
stats,492,1,246.5,0.00500595,304.981,-0.0998752,0.00483979,0.0055639,0.100147,0,0.00500595,304.981,-0.0998752,0.00483979,0.0055639,0.100147,0,0.00500595,304.981,-0.0998752,0.00483979,0.0055639,0.100147,0,0.00500595,304.981,-0.0998752,0.00483979,0.0055639,0.100147,0,0.00500595,304.981,-0.0998752,0.00483979,0.0055639,0.100147,0,0.00500595,304.981,-0.0998752,0.00483979,0.0055639,0.100147,0,0,0,0,0,0,0,0,1
stats,493,1,247,0.00500595,304.981,-0.0998727,0.00492143,0.00558791,0.10015,0,0.00500595,304.981,-0.0998727,0.00492143,0.00558791,0.10015,0,0.00500595,304.981,-0.0998727,0.00492143,0.00558791,0.10015,0,0.00500595,304.981,-0.0998727,0.00492143,0.00558791,0.10015,0,0.00500595,304.981,-0.0998727,0.00492143,0.00558791,0.10015,0,0.00500595,304.981,-0.0998727,0.00492143,0.00558791,0.10015,0,0,0,0,0,0,0,0,1
stats,494,1,247.5,0.00500595,304.981,-0.0998706,0.00495671,0.00567009,0.100154,0,0.00500595,304.981,-0.0998706,0.00495671,0.00567009,0.100154,0,0.00500595,304.981,-0.0998706,0.00495671,0.00567009,0.100154,0,0.00500595,304.981,-0.0998706,0.00495671,0.00567009,0.100154,0,0.00500595,304.981,-0.0998706,0.00495671,0.00567009,0.100154,0,0.00500595,304.981,-0.0998706,0.00495671,0.00567009,0.100154,0,0,0,0,0,0,0,0,1
stats,495,1,248,0.00500595,304.981,-0.099869,0.00496642,0.00569239,0.100154,0,0.00500595,304.981,-0.099869,0.00496642,0.00569239,0.100154,0,0.00500595,304.981,-0.099869,0.00496642,0.00569239,0.100154,0,0.00500595,304.981,-0.099869,0.00496642,0.00569239,0.100154,0,0.00500595,304.981,-0.099869,0.00496642,0.00569239,0.100154,0,0.00500595,304.981,-0.099869,0.00496642,0.00569239,0.100154,0,0,0,0,0,0,0,0,1
stats,496,1,248.5,0.00500595,304.982,-0.0998691,0.00495256,0.00570019,0.100154,0,0.00500595,304.982,-0.0998691,0.00495256,0.00570019,0.100154,0,0.00500595,304.982,-0.0998691,0.00495256,0.00570019,0.100154,0,0.00500595,304.982,-0.0998691,0.00495256,0.00570019,0.100154,0,0.00500595,304.982,-0.0998691,0.00495256,0.00570019,0.100154,0,0.00500595,304.982,-0.0998691,0.00495256,0.00570019,0.100154,0,0,0,0,0,0,0,0,1
stats,497,1,249,0.00500595,304.982,-0.0998697,0.00493501,0.00570476,0.100154,0,0.00500595,304.982,-0.0998697,0.00493501,0.00570476,0.100154,0,0.00500595,304.982,-0.0998697,0.00493501,0.00570476,0.100154,0,0.00500595,304.982,-0.0998697,0.00493501,0.00570476,0.100154,0,0.00500595,304.982,-0.0998697,0.00493501,0.00570476,0.100154,0,0.00500595,304.982,-0.0998697,0.00493501,0.00570476,0.100154,0,0,0,0,0,0,0,0,1
stats,498,1,249.5,0.00500595,304.982,-0.0998706,0.0048642,0.0056557,0.100149,0,0.00500595,304.982,-0.0998706,0.0048642,0.0056557,0.100149,0,0.00500595,304.982,-0.0998706,0.0048642,0.0056557,0.100149,0,0.00500595,304.982,-0.0998706,0.0048642,0.0056557,0.100149,0,0.00500595,304.982,-0.0998706,0.0048642,0.0056557,0.100149,0,0.00500595,304.982,-0.0998706,0.0048642,0.0056557,0.100149,0,0,0,0,0,0,0,0,1
stats,499,1,250,0.00500595,304.982,-0.0998736,0.00476687,0.00556505,0.100142,0,0.00500595,304.982,-0.0998736,0.00476687,0.00556505,0.100142,0,0.00500595,304.982,-0.0998736,0.00476687,0.00556505,0.100142,0,0.00500595,304.982,-0.0998736,0.00476687,0.00556505,0.100142,0,0.00500595,304.982,-0.0998736,0.00476687,0.00556505,0.100142,0,0.00500595,304.982,-0.0998736,0.00476687,0.00556505,0.100142,0,0,0,0,0,0,0,0,1
stats,500,1,250.5,0.00500595,304.982,-0.0998752,0.00468409,0.0054846,0.100135,0,0.00500595,304.982,-0.0998752,0.00468409,0.0054846,0.100135,0,0.00500595,304.982,-0.0998752,0.00468409,0.0054846,0.100135,0,0.00500595,304.982,-0.0998752,0.00468409,0.0054846,0.100135,0,0.00500595,304.982,-0.0998752,0.00468409,0.0054846,0.100135,0,0.00500595,304.982,-0.0998752,0.00468409,0.0054846,0.100135,0,0,0,0,0,0,0,0,1
stats,501,1,251,0.00500595,304.982,-0.099877,0.00459532,0.00541791,0.100129,0,0.00500595,304.982,-0.099877,0.00459532,0.00541791,0.100129,0,0.00500595,304.982,-0.099877,0.00459532,0.00541791,0.100129,0,0.00500595,304.982,-0.099877,0.00459532,0.00541791,0.100129,0,0.00500595,304.982,-0.099877,0.00459532,0.00541791,0.100129,0,0.00500595,304.982,-0.099877,0.00459532,0.00541791,0.100129,0,0,0,0,0,0,0,0,1
stats,502,1,251.5,0.00500595,304.981,-0.0998802,0.00449884,0.00533692,0.100124,0,0.00500595,304.981,-0.0998802,0.00449884,0.00533692,0.100124,0,0.00500595,304.981,-0.0998802,0.00449884,0.00533692,0.100124,0,0.00500595,304.981,-0.0998802,0.00449884,0.00533692,0.100124,0,0.00500595,304.981,-0.0998802,0.00449884,0.00533692,0.100124,0,0.00500595,304.981,-0.0998802,0.00449884,0.00533692,0.100124,0,0,0,0,0,0,0,0,1
stats,503,1,252,0.00500595,304.981,-0.0998823,0.00444683,0.00530075,0.100122,0,0.00500595,304.981,-0.0998823,0.00444683,0.00530075,0.100122,0,0.00500595,304.981,-0.0998823,0.00444683,0.00530075,0.100122,0,0.00500595,304.981,-0.0998823,0.00444683,0.00530075,0.100122,0,0.00500595,304.981,-0.0998823,0.00444683,0.00530075,0.100122,0,0.00500595,304.981,-0.0998823,0.00444683,0.00530075,0.100122,0,0,0,0,0,0,0,0,1
stats,504,1,252.5,0.00500595,304.981,-0.0998838,0.00441611,0.00528518,0.100121,0,0.00500595,304.981,-0.0998838,0.00441611,0.00528518,0.100121,0,0.00500595,304.981,-0.0998838,0.00441611,0.00528518,0.100121,0,0.00500595,304.981,-0.0998838,0.00441611,0.00528518,0.100121,0,0.00500595,304.981,-0.0998838,0.00441611,0.00528518,0.100121,0,0.00500595,304.981,-0.0998838,0.00441611,0.00528518,0.100121,0,0,0,0,0,0,0,0,1
stats,505,1,253,0.00500595,304.981,-0.0998848,0.00440947,0.0052833,0.100122,0,0.00500595,304.981,-0.0998848,0.00440947,0.0052833,0.100122,0,0.00500595,304.981,-0.0998848,0.00440947,0.0052833,0.100122,0,0.00500595,304.981,-0.0998848,0.00440947,0.0052833,0.100122,0,0.00500595,304.981,-0.0998848,0.00440947,0.0052833,0.100122,0,0.00500595,304.981,-0.0998848,0.00440947,0.0052833,0.100122,0,0,0,0,0,0,0,0,1
stats,506,1,253.5,0.00500595,304.981,-0.099885,0.00443353,0.00530172,0.100124,0,0.00500595,304.981,-0.099885,0.00443353,0.00530172,0.100124,0,0.00500595,304.981,-0.099885,0.00443353,0.00530172,0.100124,0,0.00500595,304.981,-0.099885,0.00443353,0.00530172,0.100124,0,0.00500595,304.981,-0.099885,0.00443353,0.00530172,0.100124,0,0.00500595,304.981,-0.099885,0.00443353,0.00530172,0.100124,0,0,0,0,0,0,0,0,1
stats,507,1,254,0.00500595,304.981,-0.099884,0.00447907,0.00534243,0.100127,0,0.00500595,304.981,-0.099884,0.00447907,0.00534243,0.100127,0,0.00500595,304.981,-0.099884,0.00447907,0.00534243,0.100127,0,0.00500595,304.981,-0.099884,0.00447907,0.00534243,0.100127,0,0.00500595,304.981,-0.099884,0.00447907,0.00534243,0.100127,0,0.00500595,304.981,-0.099884,0.00447907,0.00534243,0.100127,0,0,0,0,0,0,0,0,1
stats,508,1,254.5,0.00500595,304.981,-0.0998821,0.0045568,0.00538094,0.100131,0,0.00500595,304.981,-0.0998821,0.0045568,0.00538094,0.100131,0,0.00500595,304.981,-0.0998821,0.0045568,0.00538094,0.100131,0,0.00500595,304.981,-0.0998821,0.0045568,0.00538094,0.100131,0,0.00500595,304.981,-0.0998821,0.0045568,0.00538094,0.100131,0,0.00500595,304.981,-0.0998821,0.0045568,0.00538094,0.100131,0,0,0,0,0,0,0,0,1
stats,509,1,255,0.00500595,304.981,-0.0998799,0.00464176,0.00542577,0.100135,0,0.00500595,304.981,-0.0998799,0.00464176,0.00542577,0.100135,0,0.00500595,304.981,-0.0998799,0.00464176,0.00542577,0.100135,0,0.00500595,304.981,-0.0998799,0.00464176,0.00542577,0.100135,0,0.00500595,304.981,-0.0998799,0.00464176,0.00542577,0.100135,0,0.00500595,304.981,-0.0998799,0.00464176,0.00542577,0.100135,0,0,0,0,0,0,0,0,1
stats,510,1,255.5,0.00500595,304.981,-0.0998774,0.00474603,0.00549958,0.100141,0,0.00500595,304.981,-0.0998774,0.00474603,0.00549958,0.100141,0,0.00500595,304.981,-0.0998774,0.00474603,0.00549958,0.100141,0,0.00500595,304.981,-0.0998774,0.00474603,0.00549958,0.100141,0,0.00500595,304.981,-0.0998774,0.00474603,0.00549958,0.100141,0,0.00500595,304.981,-0.0998774,0.00474603,0.00549958,0.100141,0,0,0,0,0,0,0,0,1
stats,511,1,256,0.00500595,304.982,-0.0998751,0.00484239,0.00556561,0.100147,0,0.00500595,304.982,-0.0998751,0.00484239,0.00556561,0.100147,0,0.00500595,304.982,-0.0998751,0.00484239,0.00556561,0.100147,0,0.00500595,304.982,-0.0998751,0.00484239,0.00556561,0.100147,0,0.00500595,304.982,-0.0998751,0.00484239,0.00556561,0.100147,0,0.00500595,304.982,-0.0998751,0.00484239,0.00556561,0.100147,0,0,0,0,0,0,0,0,1
stats,512,1,256.5,0.00500595,304.982,-0.0998726,0.0049233,0.00558923,0.10015,0,0.00500595,304.982,-0.0998726,0.0049233,0.00558923,0.10015,0,0.00500595,304.982,-0.0998726,0.0049233,0.00558923,0.10015,0,0.00500595,304.982,-0.0998726,0.0049233,0.00558923,0.10015,0,0.00500595,304.982,-0.0998726,0.0049233,0.00558923,0.10015,0,0.00500595,304.982,-0.0998726,0.0049233,0.00558923,0.10015,0,0,0,0,0,0,0,0,1
stats,513,1,257,0.00500595,304.982,-0.0998705,0.00495745,0.0056709,0.100154,0,0.00500595,304.982,-0.0998705,0.00495745,0.0056709,0.100154,0,0.00500595,304.982,-0.0998705,0.00495745,0.0056709,0.100154,0,0.00500595,304.982,-0.0998705,0.00495745,0.0056709,0.100154,0,0.00500595,304.982,-0.0998705,0.00495745,0.0056709,0.100154,0,0.00500595,304.982,-0.0998705,0.00495745,0.0056709,0.100154,0,0,0,0,0,0,0,0,1
stats,514,1,257.5,0.00500595,304.982,-0.099869,0.0049662,0.00569262,0.100154,0,0.00500595,304.982,-0.099869,0.0049662,0.00569262,0.100154,0,0.00500595,304.982,-0.099869,0.0049662,0.00569262,0.100154,0,0.00500595,304.982,-0.099869,0.0049662,0.00569262,0.100154,0,0.00500595,304.982,-0.099869,0.0049662,0.00569262,0.100154,0,0.00500595,304.982,-0.099869,0.0049662,0.00569262,0.100154,0,0,0,0,0,0,0,0,1
stats,515,1,258,0.00500595,304.982,-0.0998692,0.00495201,0.00570029,0.100154,0,0.00500595,304.982,-0.0998692,0.00495201,0.00570029,0.100154,0,0.00500595,304.982,-0.0998692,0.00495201,0.00570029,0.100154,0,0.00500595,304.982,-0.0998692,0.00495201,0.00570029,0.100154,0,0.00500595,304.982,-0.0998692,0.00495201,0.00570029,0.100154,0,0.00500595,304.982,-0.0998692,0.00495201,0.00570029,0.100154,0,0,0,0,0,0,0,0,1
stats,516,1,258.5,0.00500595,304.982,-0.0998697,0.00493374,0.00570417,0.100154,0,0.00500595,304.982,-0.0998697,0.00493374,0.00570417,0.100154,0,0.00500595,304.982,-0.0998697,0.00493374,0.00570417,0.100154,0,0.00500595,304.982,-0.0998697,0.00493374,0.00570417,0.100154,0,0.00500595,304.982,-0.0998697,0.00493374,0.00570417,0.100154,0,0.00500595,304.982,-0.0998697,0.00493374,0.00570417,0.100154,0,0,0,0,0,0,0,0,1
stats,517,1,259,0.00500595,304.982,-0.0998707,0.00486149,0.00565349,0.100149,0,0.00500595,304.982,-0.0998707,0.00486149,0.00565349,0.100149,0,0.00500595,304.982,-0.0998707,0.00486149,0.00565349,0.100149,0,0.00500595,304.982,-0.0998707,0.00486149,0.00565349,0.100149,0,0.00500595,304.982,-0.0998707,0.00486149,0.00565349,0.100149,0,0.00500595,304.982,-0.0998707,0.00486149,0.00565349,0.100149,0,0,0,0,0,0,0,0,1
stats,518,1,259.5,0.00500595,304.982,-0.0998737,0.00476425,0.00556256,0.100142,0,0.00500595,304.982,-0.0998737,0.00476425,0.00556256,0.100142,0,0.00500595,304.982,-0.0998737,0.00476425,0.00556256,0.100142,0,0.00500595,304.982,-0.0998737,0.00476425,0.00556256,0.100142,0,0.00500595,304.982,-0.0998737,0.00476425,0.00556256,0.100142,0,0.00500595,304.982,-0.0998737,0.00476425,0.00556256,0.100142,0,0,0,0,0,0,0,0,1
stats,519,1,260,0.00500595,304.982,-0.0998752,0.00468179,0.00548241,0.100135,0,0.00500595,304.982,-0.0998752,0.00468179,0.00548241,0.100135,0,0.00500595,304.982,-0.0998752,0.00468179,0.00548241,0.100135,0,0.00500595,304.982,-0.0998752,0.00468179,0.00548241,0.100135,0,0.00500595,304.982,-0.0998752,0.00468179,0.00548241,0.100135,0,0.00500595,304.982,-0.0998752,0.00468179,0.00548241,0.100135,0,0,0,0,0,0,0,0,1
stats,520,1,260.5,0.00500595,304.982,-0.0998771,0.00459212,0.00541512,0.100129,0,0.00500595,304.982,-0.0998771,0.00459212,0.00541512,0.100129,0,0.00500595,304.982,-0.0998771,0.00459212,0.00541512,0.100129,0,0.00500595,304.982,-0.0998771,0.00459212,0.00541512,0.100129,0,0.00500595,304.982,-0.0998771,0.00459212,0.00541512,0.100129,0,0.00500595,304.982,-0.0998771,0.00459212,0.00541512,0.100129,0,0,0,0,0,0,0,0,1
stats,521,1,261,0.00500595,304.982,-0.0998803,0.00449647,0.00533507,0.100124,0,0.00500595,304.982,-0.0998803,0.00449647,0.00533507,0.100124,0,0.00500595,304.982,-0.0998803,0.00449647,0.00533507,0.100124,0,0.00500595,304.982,-0.0998803,0.00449647,0.00533507,0.100124,0,0.00500595,304.982,-0.0998803,0.00449647,0.00533507,0.100124,0,0.00500595,304.982,-0.0998803,0.00449647,0.00533507,0.100124,0,0,0,0,0,0,0,0,1
stats,522,1,261.5,0.00500595,304.982,-0.0998823,0.00444543,0.00529992,0.100122,0,0.00500595,304.982,-0.0998823,0.00444543,0.00529992,0.100122,0,0.00500595,304.982,-0.0998823,0.00444543,0.00529992,0.100122,0,0.00500595,304.982,-0.0998823,0.00444543,0.00529992,0.100122,0,0.00500595,304.982,-0.0998823,0.00444543,0.00529992,0.100122,0,0.00500595,304.982,-0.0998823,0.00444543,0.00529992,0.100122,0,0,0,0,0,0,0,0,1
stats,523,1,262,0.00500595,304.982,-0.0998839,0.00441529,0.00528471,0.100121,0,0.00500595,304.982,-0.0998839,0.00441529,0.00528471,0.100121,0,0.00500595,304.982,-0.0998839,0.00441529,0.00528471,0.100121,0,0.00500595,304.982,-0.0998839,0.00441529,0.00528471,0.100121,0,0.00500595,304.982,-0.0998839,0.00441529,0.00528471,0.100121,0,0.00500595,304.982,-0.0998839,0.00441529,0.00528471,0.100121,0,0,0,0,0,0,0,0,1
stats,524,1,262.5,0.00500595,304.982,-0.0998849,0.00440939,0.00528334,0.100122,0,0.00500595,304.982,-0.0998849,0.00440939,0.00528334,0.100122,0,0.00500595,304.982,-0.0998849,0.00440939,0.00528334,0.100122,0,0.00500595,304.982,-0.0998849,0.00440939,0.00528334,0.100122,0,0.00500595,304.982,-0.0998849,0.00440939,0.00528334,0.100122,0,0.00500595,304.982,-0.0998849,0.00440939,0.00528334,0.100122,0,0,0,0,0,0,0,0,1
stats,525,1,263,0.00500595,304.982,-0.099885,0.00443439,0.00530246,0.100124,0,0.00500595,304.982,-0.099885,0.00443439,0.00530246,0.100124,0,0.00500595,304.982,-0.099885,0.00443439,0.00530246,0.100124,0,0.00500595,304.982,-0.099885,0.00443439,0.00530246,0.100124,0,0.00500595,304.982,-0.099885,0.00443439,0.00530246,0.100124,0,0.00500595,304.982,-0.099885,0.00443439,0.00530246,0.100124,0,0,0,0,0,0,0,0,1
stats,526,1,263.5,0.00500595,304.982,-0.099884,0.00448058,0.00534363,0.100127,0,0.00500595,304.982,-0.099884,0.00448058,0.00534363,0.100127,0,0.00500595,304.982,-0.099884,0.00448058,0.00534363,0.100127,0,0.00500595,304.982,-0.099884,0.00448058,0.00534363,0.100127,0,0.00500595,304.982,-0.099884,0.00448058,0.00534363,0.100127,0,0.00500595,304.982,-0.099884,0.00448058,0.00534363,0.100127,0,0,0,0,0,0,0,0,1
stats,527,1,264,0.00500595,304.982,-0.0998821,0.00455893,0.00538255,0.100131,0,0.00500595,304.982,-0.0998821,0.00455893,0.00538255,0.100131,0,0.00500595,304.982,-0.0998821,0.00455893,0.00538255,0.100131,0,0.00500595,304.982,-0.0998821,0.00455893,0.00538255,0.100131,0,0.00500595,304.982,-0.0998821,0.00455893,0.00538255,0.100131,0,0.00500595,304.982,-0.0998821,0.00455893,0.00538255,0.100131,0,0,0,0,0,0,0,0,1
stats,528,1,264.5,0.00500595,304.982,-0.0998798,0.00464444,0.00542782,0.100135,0,0.00500595,304.982,-0.0998798,0.00464444,0.00542782,0.100135,0,0.00500595,304.982,-0.0998798,0.00464444,0.00542782,0.100135,0,0.00500595,304.982,-0.0998798,0.00464444,0.00542782,0.100135,0,0.00500595,304.982,-0.0998798,0.00464444,0.00542782,0.100135,0,0.00500595,304.982,-0.0998798,0.00464444,0.00542782,0.100135,0,0,0,0,0,0,0,0,1
stats,529,1,265,0.00500595,304.982,-0.0998774,0.00474873,0.00550158,0.100141,0,0.00500595,304.982,-0.0998774,0.00474873,0.00550158,0.100141,0,0.00500595,304.982,-0.0998774,0.00474873,0.00550158,0.100141,0,0.00500595,304.982,-0.0998774,0.00474873,0.00550158,0.100141,0,0.00500595,304.982,-0.0998774,0.00474873,0.00550158,0.100141,0,0.00500595,304.982,-0.0998774,0.00474873,0.00550158,0.100141,0,0,0,0,0,0,0,0,1
stats,530,1,265.5,0.00500595,304.982,-0.099875,0.0048447,0.00556732,0.100147,0,0.00500595,304.982,-0.099875,0.0048447,0.00556732,0.100147,0,0.00500595,304.982,-0.099875,0.0048447,0.00556732,0.100147,0,0.00500595,304.982,-0.099875,0.0048447,0.00556732,0.100147,0,0.00500595,304.982,-0.099875,0.0048447,0.00556732,0.100147,0,0.00500595,304.982,-0.099875,0.0048447,0.00556732,0.100147,0,0,0,0,0,0,0,0,1
stats,531,1,266,0.00500595,304.982,-0.0998726,0.00492499,0.00559056,0.10015,0,0.00500595,304.982,-0.0998726,0.00492499,0.00559056,0.10015,0,0.00500595,304.982,-0.0998726,0.00492499,0.00559056,0.10015,0,0.00500595,304.982,-0.0998726,0.00492499,0.00559056,0.10015,0,0.00500595,304.982,-0.0998726,0.00492499,0.00559056,0.10015,0,0.00500595,304.982,-0.0998726,0.00492499,0.00559056,0.10015,0,0,0,0,0,0,0,0,1
stats,532,1,266.5,0.00500595,304.983,-0.0998704,0.00495797,0.00567183,0.100154,0,0.00500595,304.983,-0.0998704,0.00495797,0.00567183,0.100154,0,0.00500595,304.983,-0.0998704,0.00495797,0.00567183,0.100154,0,0.00500595,304.983,-0.0998704,0.00495797,0.00567183,0.100154,0,0.00500595,304.983,-0.0998704,0.00495797,0.00567183,0.100154,0,0.00500595,304.983,-0.0998704,0.00495797,0.00567183,0.100154,0,0,0,0,0,0,0,0,1
stats,533,1,267,0.00500595,304.983,-0.099869,0.00496585,0.00569288,0.100154,0,0.00500595,304.983,-0.099869,0.00496585,0.00569288,0.100154,0,0.00500595,304.983,-0.099869,0.00496585,0.00569288,0.100154,0,0.00500595,304.983,-0.099869,0.00496585,0.00569288,0.100154,0,0.00500595,304.983,-0.099869,0.00496585,0.00569288,0.100154,0,0.00500595,304.983,-0.099869,0.00496585,0.00569288,0.100154,0,0,0,0,0,0,0,0,1
stats,534,1,267.5,0.00500595,304.983,-0.0998692,0.00495155,0.00570056,0.100154,0,0.00500595,304.983,-0.0998692,0.00495155,0.00570056,0.100154,0,0.00500595,304.983,-0.0998692,0.00495155,0.00570056,0.100154,0,0.00500595,304.983,-0.0998692,0.00495155,0.00570056,0.100154,0,0.00500595,304.983,-0.0998692,0.00495155,0.00570056,0.100154,0,0.00500595,304.983,-0.0998692,0.00495155,0.00570056,0.100154,0,0,0,0,0,0,0,0,1
stats,535,1,268,0.00500595,304.983,-0.0998697,0.00493246,0.00570356,0.100154,0,0.00500595,304.983,-0.0998697,0.00493246,0.00570356,0.100154,0,0.00500595,304.983,-0.0998697,0.00493246,0.00570356,0.100154,0,0.00500595,304.983,-0.0998697,0.00493246,0.00570356,0.100154,0,0.00500595,304.983,-0.0998697,0.00493246,0.00570356,0.100154,0,0.00500595,304.983,-0.0998697,0.00493246,0.00570356,0.100154,0,0,0,0,0,0,0,0,1
stats,536,1,268.5,0.00500595,304.983,-0.0998708,0.00485847,0.00565091,0.100148,0,0.00500595,304.983,-0.0998708,0.00485847,0.00565091,0.100148,0,0.00500595,304.983,-0.0998708,0.00485847,0.00565091,0.100148,0,0.00500595,304.983,-0.0998708,0.00485847,0.00565091,0.100148,0,0.00500595,304.983,-0.0998708,0.00485847,0.00565091,0.100148,0,0.00500595,304.983,-0.0998708,0.00485847,0.00565091,0.100148,0,0,0,0,0,0,0,0,1
stats,537,1,269,0.00500595,304.983,-0.0998737,0.0047614,0.00555974,0.100142,0,0.00500595,304.983,-0.0998737,0.0047614,0.00555974,0.100142,0,0.00500595,304.983,-0.0998737,0.0047614,0.00555974,0.100142,0,0.00500595,304.983,-0.0998737,0.0047614,0.00555974,0.100142,0,0.00500595,304.983,-0.0998737,0.0047614,0.00555974,0.100142,0,0.00500595,304.983,-0.0998737,0.0047614,0.00555974,0.100142,0,0,0,0,0,0,0,0,1
stats,538,1,269.5,0.00500595,304.983,-0.0998753,0.00467928,0.00547998,0.100135,0,0.00500595,304.983,-0.0998753,0.00467928,0.00547998,0.100135,0,0.00500595,304.983,-0.0998753,0.00467928,0.00547998,0.100135,0,0.00500595,304.983,-0.0998753,0.00467928,0.00547998,0.100135,0,0.00500595,304.983,-0.0998753,0.00467928,0.00547998,0.100135,0,0.00500595,304.983,-0.0998753,0.00467928,0.00547998,0.100135,0,0,0,0,0,0,0,0,1
stats,539,1,270,0.00500595,304.983,-0.0998772,0.00458881,0.00541225,0.100129,0,0.00500595,304.983,-0.0998772,0.00458881,0.00541225,0.100129,0,0.00500595,304.983,-0.0998772,0.00458881,0.00541225,0.100129,0,0.00500595,304.983,-0.0998772,0.00458881,0.00541225,0.100129,0,0.00500595,304.983,-0.0998772,0.00458881,0.00541225,0.100129,0,0.00500595,304.983,-0.0998772,0.00458881,0.00541225,0.100129,0,0,0,0,0,0,0,0,1
stats,540,1,270.5,0.00500595,304.983,-0.0998803,0.00449414,0.00533327,0.100124,0,0.00500595,304.983,-0.0998803,0.00449414,0.00533327,0.100124,0,0.00500595,304.983,-0.0998803,0.00449414,0.00533327,0.100124,0,0.00500595,304.983,-0.0998803,0.00449414,0.00533327,0.100124,0,0.00500595,304.983,-0.0998803,0.00449414,0.00533327,0.100124,0,0.00500595,304.983,-0.0998803,0.00449414,0.00533327,0.100124,0,0,0,0,0,0,0,0,1
stats,541,1,271,0.00500595,304.982,-0.0998824,0.00444415,0.00529918,0.100122,0,0.00500595,304.982,-0.0998824,0.00444415,0.00529918,0.100122,0,0.00500595,304.982,-0.0998824,0.00444415,0.00529918,0.100122,0,0.00500595,304.982,-0.0998824,0.00444415,0.00529918,0.100122,0,0.00500595,304.982,-0.0998824,0.00444415,0.00529918,0.100122,0,0.00500595,304.982,-0.0998824,0.00444415,0.00529918,0.100122,0,0,0,0,0,0,0,0,1
stats,542,1,271.5,0.00500595,304.982,-0.0998839,0.00441473,0.00528441,0.100121,0,0.00500595,304.982,-0.0998839,0.00441473,0.00528441,0.100121,0,0.00500595,304.982,-0.0998839,0.00441473,0.00528441,0.100121,0,0.00500595,304.982,-0.0998839,0.00441473,0.00528441,0.100121,0,0.00500595,304.982,-0.0998839,0.00441473,0.00528441,0.100121,0,0.00500595,304.982,-0.0998839,0.00441473,0.00528441,0.100121,0,0,0,0,0,0,0,0,1
stats,543,1,272,0.00500595,304.982,-0.0998849,0.00440972,0.00528362,0.100122,0,0.00500595,304.982,-0.0998849,0.00440972,0.00528362,0.100122,0,0.00500595,304.982,-0.0998849,0.00440972,0.00528362,0.100122,0,0.00500595,304.982,-0.0998849,0.00440972,0.00528362,0.100122,0,0.00500595,304.982,-0.0998849,0.00440972,0.00528362,0.100122,0,0.00500595,304.982,-0.0998849,0.00440972,0.00528362,0.100122,0,0,0,0,0,0,0,0,1
stats,544,1,272.5,0.00500595,304.982,-0.099885,0.00443581,0.00530351,0.100124,0,0.00500595,304.982,-0.099885,0.00443581,0.00530351,0.100124,0,0.00500595,304.982,-0.099885,0.00443581,0.00530351,0.100124,0,0.00500595,304.982,-0.099885,0.00443581,0.00530351,0.100124,0,0.00500595,304.982,-0.099885,0.00443581,0.00530351,0.100124,0,0.00500595,304.982,-0.099885,0.00443581,0.00530351,0.100124,0,0,0,0,0,0,0,0,1
stats,545,1,273,0.00500595,304.982,-0.099884,0.00448277,0.00534518,0.100127,0,0.00500595,304.982,-0.099884,0.00448277,0.00534518,0.100127,0,0.00500595,304.982,-0.099884,0.00448277,0.00534518,0.100127,0,0.00500595,304.982,-0.099884,0.00448277,0.00534518,0.100127,0,0.00500595,304.982,-0.099884,0.00448277,0.00534518,0.100127,0,0.00500595,304.982,-0.099884,0.00448277,0.00534518,0.100127,0,0,0,0,0,0,0,0,1
stats,546,1,273.5,0.00500595,304.982,-0.099882,0.0045618,0.00538459,0.100131,0,0.00500595,304.982,-0.099882,0.0045618,0.00538459,0.100131,0,0.00500595,304.982,-0.099882,0.0045618,0.00538459,0.100131,0,0.00500595,304.982,-0.099882,0.0045618,0.00538459,0.100131,0,0.00500595,304.982,-0.099882,0.0045618,0.00538459,0.100131,0,0.00500595,304.982,-0.099882,0.0045618,0.00538459,0.100131,0,0,0,0,0,0,0,0,1
stats,547,1,274,0.00500595,304.982,-0.0998797,0.00464788,0.00543031,0.100135,0,0.00500595,304.982,-0.0998797,0.00464788,0.00543031,0.100135,0,0.00500595,304.982,-0.0998797,0.00464788,0.00543031,0.100135,0,0.00500595,304.982,-0.0998797,0.00464788,0.00543031,0.100135,0,0.00500595,304.982,-0.0998797,0.00464788,0.00543031,0.100135,0,0.00500595,304.982,-0.0998797,0.00464788,0.00543031,0.100135,0,0,0,0,0,0,0,0,1
stats,548,1,274.5,0.00500595,304.982,-0.0998773,0.00475215,0.00550397,0.100142,0,0.00500595,304.982,-0.0998773,0.00475215,0.00550397,0.100142,0,0.00500595,304.982,-0.0998773,0.00475215,0.00550397,0.100142,0,0.00500595,304.982,-0.0998773,0.00475215,0.00550397,0.100142,0,0.00500595,304.982,-0.0998773,0.00475215,0.00550397,0.100142,0,0.00500595,304.982,-0.0998773,0.00475215,0.00550397,0.100142,0,0,0,0,0,0,0,0,1
stats,549,1,275,0.00500595,304.983,-0.0998749,0.00484763,0.00556937,0.100148,0,0.00500595,304.983,-0.0998749,0.00484763,0.00556937,0.100148,0,0.00500595,304.983,-0.0998749,0.00484763,0.00556937,0.100148,0,0.00500595,304.983,-0.0998749,0.00484763,0.00556937,0.100148,0,0.00500595,304.983,-0.0998749,0.00484763,0.00556937,0.100148,0,0.00500595,304.983,-0.0998749,0.00484763,0.00556937,0.100148,0,0,0,0,0,0,0,0,1
stats,550,1,275.5,0.00500595,304.983,-0.0998725,0.00492717,0.0055922,0.10015,0,0.00500595,304.983,-0.0998725,0.00492717,0.0055922,0.10015,0,0.00500595,304.983,-0.0998725,0.00492717,0.0055922,0.10015,0,0.00500595,304.983,-0.0998725,0.00492717,0.0055922,0.10015,0,0.00500595,304.983,-0.0998725,0.00492717,0.0055922,0.10015,0,0.00500595,304.983,-0.0998725,0.00492717,0.0055922,0.10015,0,0,0,0,0,0,0,0,1
stats,551,1,276,0.00500595,304.983,-0.0998704,0.00495886,0.005673,0.100154,0,0.00500595,304.983,-0.0998704,0.00495886,0.005673,0.100154,0,0.00500595,304.983,-0.0998704,0.00495886,0.005673,0.100154,0,0.00500595,304.983,-0.0998704,0.00495886,0.005673,0.100154,0,0.00500595,304.983,-0.0998704,0.00495886,0.005673,0.100154,0,0.00500595,304.983,-0.0998704,0.00495886,0.005673,0.100154,0,0,0,0,0,0,0,0,1
stats,552,1,276.5,0.00500595,304.983,-0.099869,0.00496574,0.00569339,0.100154,0,0.00500595,304.983,-0.099869,0.00496574,0.00569339,0.100154,0,0.00500595,304.983,-0.099869,0.00496574,0.00569339,0.100154,0,0.00500595,304.983,-0.099869,0.00496574,0.00569339,0.100154,0,0.00500595,304.983,-0.099869,0.00496574,0.00569339,0.100154,0,0.00500595,304.983,-0.099869,0.00496574,0.00569339,0.100154,0,0,0,0,0,0,0,0,1
stats,553,1,277,0.00500595,304.983,-0.0998692,0.00495139,0.00570115,0.100154,0,0.00500595,304.983,-0.0998692,0.00495139,0.00570115,0.100154,0,0.00500595,304.983,-0.0998692,0.00495139,0.00570115,0.100154,0,0.00500595,304.983,-0.0998692,0.00495139,0.00570115,0.100154,0,0.00500595,304.983,-0.0998692,0.00495139,0.00570115,0.100154,0,0.00500595,304.983,-0.0998692,0.00495139,0.00570115,0.100154,0,0,0,0,0,0,0,0,1
stats,554,1,277.5,0.00500595,304.983,-0.0998697,0.00493121,0.00570301,0.100154,0,0.00500595,304.983,-0.0998697,0.00493121,0.00570301,0.100154,0,0.00500595,304.983,-0.0998697,0.00493121,0.00570301,0.100154,0,0.00500595,304.983,-0.0998697,0.00493121,0.00570301,0.100154,0,0.00500595,304.983,-0.0998697,0.00493121,0.00570301,0.100154,0,0.00500595,304.983,-0.0998697,0.00493121,0.00570301,0.100154,0,0,0,0,0,0,0,0,1
stats,555,1,278,0.00500595,304.983,-0.0998708,0.00485522,0.00564808,0.100148,0,0.00500595,304.983,-0.0998708,0.00485522,0.00564808,0.100148,0,0.00500595,304.983,-0.0998708,0.00485522,0.00564808,0.100148,0,0.00500595,304.983,-0.0998708,0.00485522,0.00564808,0.100148,0,0.00500595,304.983,-0.0998708,0.00485522,0.00564808,0.100148,0,0.00500595,304.983,-0.0998708,0.00485522,0.00564808,0.100148,0,0,0,0,0,0,0,0,1
stats,556,1,278.5,0.00500595,304.983,-0.0998738,0.00475842,0.00555677,0.100141,0,0.00500595,304.983,-0.0998738,0.00475842,0.00555677,0.100141,0,0.00500595,304.983,-0.0998738,0.00475842,0.00555677,0.100141,0,0.00500595,304.983,-0.0998738,0.00475842,0.00555677,0.100141,0,0.00500595,304.983,-0.0998738,0.00475842,0.00555677,0.100141,0,0.00500595,304.983,-0.0998738,0.00475842,0.00555677,0.100141,0,0,0,0,0,0,0,0,1
stats,557,1,279,0.00500595,304.983,-0.0998753,0.00467671,0.00547751,0.100135,0,0.00500595,304.983,-0.0998753,0.00467671,0.00547751,0.100135,0,0.00500595,304.983,-0.0998753,0.00467671,0.00547751,0.100135,0,0.00500595,304.983,-0.0998753,0.00467671,0.00547751,0.100135,0,0.00500595,304.983,-0.0998753,0.00467671,0.00547751,0.100135,0,0.00500595,304.983,-0.0998753,0.00467671,0.00547751,0.100135,0,0,0,0,0,0,0,0,1
stats,558,1,279.5,0.00500595,304.983,-0.0998773,0.00458535,0.00540928,0.100129,0,0.00500595,304.983,-0.0998773,0.00458535,0.00540928,0.100129,0,0.00500595,304.983,-0.0998773,0.00458535,0.00540928,0.100129,0,0.00500595,304.983,-0.0998773,0.00458535,0.00540928,0.100129,0,0.00500595,304.983,-0.0998773,0.00458535,0.00540928,0.100129,0,0.00500595,304.983,-0.0998773,0.00458535,0.00540928,0.100129,0,0,0,0,0,0,0,0,1
stats,559,1,280,0.00500595,304.983,-0.0998804,0.00449189,0.00533159,0.100123,0,0.00500595,304.983,-0.0998804,0.00449189,0.00533159,0.100123,0,0.00500595,304.983,-0.0998804,0.00449189,0.00533159,0.100123,0,0.00500595,304.983,-0.0998804,0.00449189,0.00533159,0.100123,0,0.00500595,304.983,-0.0998804,0.00449189,0.00533159,0.100123,0,0.00500595,304.983,-0.0998804,0.00449189,0.00533159,0.100123,0,0,0,0,0,0,0,0,1
stats,560,1,280.5,0.00500595,304.983,-0.0998824,0.00444303,0.00529864,0.100122,0,0.00500595,304.983,-0.0998824,0.00444303,0.00529864,0.100122,0,0.00500595,304.983,-0.0998824,0.00444303,0.00529864,0.100122,0,0.00500595,304.983,-0.0998824,0.00444303,0.00529864,0.100122,0,0.00500595,304.983,-0.0998824,0.00444303,0.00529864,0.100122,0,0.00500595,304.983,-0.0998824,0.00444303,0.00529864,0.100122,0,0,0,0,0,0,0,0,1
stats,561,1,281,0.00500595,304.983,-0.099884,0.00441434,0.00528428,0.100121,0,0.00500595,304.983,-0.099884,0.00441434,0.00528428,0.100121,0,0.00500595,304.983,-0.099884,0.00441434,0.00528428,0.100121,0,0.00500595,304.983,-0.099884,0.00441434,0.00528428,0.100121,0,0.00500595,304.983,-0.099884,0.00441434,0.00528428,0.100121,0,0.00500595,304.983,-0.099884,0.00441434,0.00528428,0.100121,0,0,0,0,0,0,0,0,1
stats,562,1,281.5,0.00500595,304.983,-0.0998849,0.00441025,0.00528403,0.100122,0,0.00500595,304.983,-0.0998849,0.00441025,0.00528403,0.100122,0,0.00500595,304.983,-0.0998849,0.00441025,0.00528403,0.100122,0,0.00500595,304.983,-0.0998849,0.00441025,0.00528403,0.100122,0,0.00500595,304.983,-0.0998849,0.00441025,0.00528403,0.100122,0,0.00500595,304.983,-0.0998849,0.00441025,0.00528403,0.100122,0,0,0,0,0,0,0,0,1
stats,563,1,282,0.00500595,304.983,-0.099885,0.00443743,0.00530463,0.100124,0,0.00500595,304.983,-0.099885,0.00443743,0.00530463,0.100124,0,0.00500595,304.983,-0.099885,0.00443743,0.00530463,0.100124,0,0.00500595,304.983,-0.099885,0.00443743,0.00530463,0.100124,0,0.00500595,304.983,-0.099885,0.00443743,0.00530463,0.100124,0,0.00500595,304.983,-0.099885,0.00443743,0.00530463,0.100124,0,0,0,0,0,0,0,0,1
stats,564,1,282.5,0.00500595,304.983,-0.0998839,0.00448515,0.00534678,0.100127,0,0.00500595,304.983,-0.0998839,0.00448515,0.00534678,0.100127,0,0.00500595,304.983,-0.0998839,0.00448515,0.00534678,0.100127,0,0.00500595,304.983,-0.0998839,0.00448515,0.00534678,0.100127,0,0.00500595,304.983,-0.0998839,0.00448515,0.00534678,0.100127,0,0.00500595,304.983,-0.0998839,0.00448515,0.00534678,0.100127,0,0,0,0,0,0,0,0,1
stats,565,1,283,0.00500595,304.983,-0.0998819,0.00456482,0.00538664,0.100131,0,0.00500595,304.983,-0.0998819,0.00456482,0.00538664,0.100131,0,0.00500595,304.983,-0.0998819,0.00456482,0.00538664,0.100131,0,0.00500595,304.983,-0.0998819,0.00456482,0.00538664,0.100131,0,0.00500595,304.983,-0.0998819,0.00456482,0.00538664,0.100131,0,0.00500595,304.983,-0.0998819,0.00456482,0.00538664,0.100131,0,0,0,0,0,0,0,0,1
stats,566,1,283.5,0.00500595,304.983,-0.0998796,0.00465141,0.00543276,0.100135,0,0.00500595,304.983,-0.0998796,0.00465141,0.00543276,0.100135,0,0.00500595,304.983,-0.0998796,0.00465141,0.00543276,0.100135,0,0.00500595,304.983,-0.0998796,0.00465141,0.00543276,0.100135,0,0.00500595,304.983,-0.0998796,0.00465141,0.00543276,0.100135,0,0.00500595,304.983,-0.0998796,0.00465141,0.00543276,0.100135,0,0,0,0,0,0,0,0,1
stats,567,1,284,0.00500595,304.983,-0.0998772,0.00475566,0.00550631,0.100142,0,0.00500595,304.983,-0.0998772,0.00475566,0.00550631,0.100142,0,0.00500595,304.983,-0.0998772,0.00475566,0.00550631,0.100142,0,0.00500595,304.983,-0.0998772,0.00475566,0.00550631,0.100142,0,0.00500595,304.983,-0.0998772,0.00475566,0.00550631,0.100142,0,0.00500595,304.983,-0.0998772,0.00475566,0.00550631,0.100142,0,0,0,0,0,0,0,0,1
stats,568,1,284.5,0.00500595,304.983,-0.0998749,0.00485066,0.00557139,0.100148,0,0.00500595,304.983,-0.0998749,0.00485066,0.00557139,0.100148,0,0.00500595,304.983,-0.0998749,0.00485066,0.00557139,0.100148,0,0.00500595,304.983,-0.0998749,0.00485066,0.00557139,0.100148,0,0.00500595,304.983,-0.0998749,0.00485066,0.00557139,0.100148,0,0.00500595,304.983,-0.0998749,0.00485066,0.00557139,0.100148,0,0,0,0,0,0,0,0,1
stats,569,1,285,0.00500595,304.983,-0.0998724,0.00492939,0.00559382,0.10015,0,0.00500595,304.983,-0.0998724,0.00492939,0.00559382,0.10015,0,0.00500595,304.983,-0.0998724,0.00492939,0.00559382,0.10015,0,0.00500595,304.983,-0.0998724,0.00492939,0.00559382,0.10015,0,0.00500595,304.983,-0.0998724,0.00492939,0.00559382,0.10015,0,0.00500595,304.983,-0.0998724,0.00492939,0.00559382,0.10015,0,0,0,0,0,0,0,0,1
stats,570,1,285.5,0.00500595,304.983,-0.0998702,0.00495982,0.00567408,0.100154,0,0.00500595,304.983,-0.0998702,0.00495982,0.00567408,0.100154,0,0.00500595,304.983,-0.0998702,0.00495982,0.00567408,0.100154,0,0.00500595,304.983,-0.0998702,0.00495982,0.00567408,0.100154,0,0.00500595,304.983,-0.0998702,0.00495982,0.00567408,0.100154,0,0.00500595,304.983,-0.0998702,0.00495982,0.00567408,0.100154,0,0,0,0,0,0,0,0,1
stats,571,1,286,0.00500595,304.984,-0.0998689,0.0049657,0.00569387,0.100154,0,0.00500595,304.984,-0.0998689,0.0049657,0.00569387,0.100154,0,0.00500595,304.984,-0.0998689,0.0049657,0.00569387,0.100154,0,0.00500595,304.984,-0.0998689,0.0049657,0.00569387,0.100154,0,0.00500595,304.984,-0.0998689,0.0049657,0.00569387,0.100154,0,0.00500595,304.984,-0.0998689,0.0049657,0.00569387,0.100154,0,0,0,0,0,0,0,0,1
stats,572,1,286.5,0.00500595,304.984,-0.0998692,0.00495119,0.00570165,0.100154,0,0.00500595,304.984,-0.0998692,0.00495119,0.00570165,0.100154,0,0.00500595,304.984,-0.0998692,0.00495119,0.00570165,0.100154,0,0.00500595,304.984,-0.0998692,0.00495119,0.00570165,0.100154,0,0.00500595,304.984,-0.0998692,0.00495119,0.00570165,0.100154,0,0.00500595,304.984,-0.0998692,0.00495119,0.00570165,0.100154,0,0,0,0,0,0,0,0,1
stats,573,1,287,0.00500595,304.984,-0.0998697,0.0049299,0.00570241,0.100154,0,0.00500595,304.984,-0.0998697,0.0049299,0.00570241,0.100154,0,0.00500595,304.984,-0.0998697,0.0049299,0.00570241,0.100154,0,0.00500595,304.984,-0.0998697,0.0049299,0.00570241,0.100154,0,0.00500595,304.984,-0.0998697,0.0049299,0.00570241,0.100154,0,0.00500595,304.984,-0.0998697,0.0049299,0.00570241,0.100154,0,0,0,0,0,0,0,0,1
stats,574,1,287.5,0.00500595,304.984,-0.0998709,0.00485228,0.00564557,0.100148,0,0.00500595,304.984,-0.0998709,0.00485228,0.00564557,0.100148,0,0.00500595,304.984,-0.0998709,0.00485228,0.00564557,0.100148,0,0.00500595,304.984,-0.0998709,0.00485228,0.00564557,0.100148,0,0.00500595,304.984,-0.0998709,0.00485228,0.00564557,0.100148,0,0.00500595,304.984,-0.0998709,0.00485228,0.00564557,0.100148,0,0,0,0,0,0,0,0,1
stats,575,1,288,0.00500595,304.984,-0.0998738,0.00475576,0.00555418,0.100141,0,0.00500595,304.984,-0.0998738,0.00475576,0.00555418,0.100141,0,0.00500595,304.984,-0.0998738,0.00475576,0.00555418,0.100141,0,0.00500595,304.984,-0.0998738,0.00475576,0.00555418,0.100141,0,0.00500595,304.984,-0.0998738,0.00475576,0.00555418,0.100141,0,0.00500595,304.984,-0.0998738,0.00475576,0.00555418,0.100141,0,0,0,0,0,0,0,0,1
stats,576,1,288.5,0.00500595,304.984,-0.0998753,0.00467435,0.00547527,0.100134,0,0.00500595,304.984,-0.0998753,0.00467435,0.00547527,0.100134,0,0.00500595,304.984,-0.0998753,0.00467435,0.00547527,0.100134,0,0.00500595,304.984,-0.0998753,0.00467435,0.00547527,0.100134,0,0.00500595,304.984,-0.0998753,0.00467435,0.00547527,0.100134,0,0.00500595,304.984,-0.0998753,0.00467435,0.00547527,0.100134,0,0,0,0,0,0,0,0,1
stats,577,1,289,0.00500595,304.983,-0.0998774,0.00458216,0.0054065,0.100129,0,0.00500595,304.983,-0.0998774,0.00458216,0.0054065,0.100129,0,0.00500595,304.983,-0.0998774,0.00458216,0.0054065,0.100129,0,0.00500595,304.983,-0.0998774,0.00458216,0.0054065,0.100129,0,0.00500595,304.983,-0.0998774,0.00458216,0.0054065,0.100129,0,0.00500595,304.983,-0.0998774,0.00458216,0.0054065,0.100129,0,0,0,0,0,0,0,0,1
stats,578,1,289.5,0.00500595,304.983,-0.0998805,0.00448982,0.00533004,0.100123,0,0.00500595,304.983,-0.0998805,0.00448982,0.00533004,0.100123,0,0.00500595,304.983,-0.0998805,0.00448982,0.00533004,0.100123,0,0.00500595,304.983,-0.0998805,0.00448982,0.00533004,0.100123,0,0.00500595,304.983,-0.0998805,0.00448982,0.00533004,0.100123,0,0.00500595,304.983,-0.0998805,0.00448982,0.00533004,0.100123,0,0,0,0,0,0,0,0,1
stats,579,1,290,0.00500595,304.983,-0.0998825,0.00444196,0.00529812,0.100121,0,0.00500595,304.983,-0.0998825,0.00444196,0.00529812,0.100121,0,0.00500595,304.983,-0.0998825,0.00444196,0.00529812,0.100121,0,0.00500595,304.983,-0.0998825,0.00444196,0.00529812,0.100121,0,0.00500595,304.983,-0.0998825,0.00444196,0.00529812,0.100121,0,0.00500595,304.983,-0.0998825,0.00444196,0.00529812,0.100121,0,0,0,0,0,0,0,0,1
stats,580,1,290.5,0.00500595,304.983,-0.099884,0.0044139,0.0052841,0.100121,0,0.00500595,304.983,-0.099884,0.0044139,0.0052841,0.100121,0,0.00500595,304.983,-0.099884,0.0044139,0.0052841,0.100121,0,0.00500595,304.983,-0.099884,0.0044139,0.0052841,0.100121,0,0.00500595,304.983,-0.099884,0.0044139,0.0052841,0.100121,0,0.00500595,304.983,-0.099884,0.0044139,0.0052841,0.100121,0,0,0,0,0,0,0,0,1
stats,581,1,291,0.00500595,304.983,-0.0998849,0.00441056,0.00528427,0.100122,0,0.00500595,304.983,-0.0998849,0.00441056,0.00528427,0.100122,0,0.00500595,304.983,-0.0998849,0.00441056,0.00528427,0.100122,0,0.00500595,304.983,-0.0998849,0.00441056,0.00528427,0.100122,0,0.00500595,304.983,-0.0998849,0.00441056,0.00528427,0.100122,0,0.00500595,304.983,-0.0998849,0.00441056,0.00528427,0.100122,0,0,0,0,0,0,0,0,1
stats,582,1,291.5,0.00500595,304.983,-0.0998849,0.00443863,0.00530547,0.100124,0,0.00500595,304.983,-0.0998849,0.00443863,0.00530547,0.100124,0,0.00500595,304.983,-0.0998849,0.00443863,0.00530547,0.100124,0,0.00500595,304.983,-0.0998849,0.00443863,0.00530547,0.100124,0,0.00500595,304.983,-0.0998849,0.00443863,0.00530547,0.100124,0,0.00500595,304.983,-0.0998849,0.00443863,0.00530547,0.100124,0,0,0,0,0,0,0,0,1
stats,583,1,292,0.00500595,304.983,-0.0998839,0.00448692,0.00534798,0.100128,0,0.00500595,304.983,-0.0998839,0.00448692,0.00534798,0.100128,0,0.00500595,304.983,-0.0998839,0.00448692,0.00534798,0.100128,0,0.00500595,304.983,-0.0998839,0.00448692,0.00534798,0.100128,0,0.00500595,304.983,-0.0998839,0.00448692,0.00534798,0.100128,0,0.00500595,304.983,-0.0998839,0.00448692,0.00534798,0.100128,0,0,0,0,0,0,0,0,1
stats,584,1,292.5,0.00500595,304.983,-0.0998819,0.0045671,0.00538819,0.100131,0,0.00500595,304.983,-0.0998819,0.0045671,0.00538819,0.100131,0,0.00500595,304.983,-0.0998819,0.0045671,0.00538819,0.100131,0,0.00500595,304.983,-0.0998819,0.0045671,0.00538819,0.100131,0,0.00500595,304.983,-0.0998819,0.0045671,0.00538819,0.100131,0,0.00500595,304.983,-0.0998819,0.0045671,0.00538819,0.100131,0,0,0,0,0,0,0,0,1
stats,585,1,293,0.00500595,304.983,-0.0998796,0.00465409,0.00543464,0.100136,0,0.00500595,304.983,-0.0998796,0.00465409,0.00543464,0.100136,0,0.00500595,304.983,-0.0998796,0.00465409,0.00543464,0.100136,0,0.00500595,304.983,-0.0998796,0.00465409,0.00543464,0.100136,0,0.00500595,304.983,-0.0998796,0.00465409,0.00543464,0.100136,0,0.00500595,304.983,-0.0998796,0.00465409,0.00543464,0.100136,0,0,0,0,0,0,0,0,1
stats,586,1,293.5,0.00500595,304.983,-0.0998772,0.00475826,0.00550808,0.100142,0,0.00500595,304.983,-0.0998772,0.00475826,0.00550808,0.100142,0,0.00500595,304.983,-0.0998772,0.00475826,0.00550808,0.100142,0,0.00500595,304.983,-0.0998772,0.00475826,0.00550808,0.100142,0,0.00500595,304.983,-0.0998772,0.00475826,0.00550808,0.100142,0,0.00500595,304.983,-0.0998772,0.00475826,0.00550808,0.100142,0,0,0,0,0,0,0,0,1
stats,587,1,294,0.00500595,304.983,-0.0998748,0.00485281,0.00557284,0.100148,0,0.00500595,304.983,-0.0998748,0.00485281,0.00557284,0.100148,0,0.00500595,304.983,-0.0998748,0.00485281,0.00557284,0.100148,0,0.00500595,304.983,-0.0998748,0.00485281,0.00557284,0.100148,0,0.00500595,304.983,-0.0998748,0.00485281,0.00557284,0.100148,0,0.00500595,304.983,-0.0998748,0.00485281,0.00557284,0.100148,0,0,0,0,0,0,0,0,1
stats,588,1,294.5,0.00500595,304.983,-0.0998724,0.00493082,0.00559483,0.10015,0,0.00500595,304.983,-0.0998724,0.00493082,0.00559483,0.10015,0,0.00500595,304.983,-0.0998724,0.00493082,0.00559483,0.10015,0,0.00500595,304.983,-0.0998724,0.00493082,0.00559483,0.10015,0,0.00500595,304.983,-0.0998724,0.00493082,0.00559483,0.10015,0,0.00500595,304.983,-0.0998724,0.00493082,0.00559483,0.10015,0,0,0,0,0,0,0,0,1
stats,589,1,295,0.00500595,304.984,-0.0998702,0.00496012,0.00567462,0.100154,0,0.00500595,304.984,-0.0998702,0.00496012,0.00567462,0.100154,0,0.00500595,304.984,-0.0998702,0.00496012,0.00567462,0.100154,0,0.00500595,304.984,-0.0998702,0.00496012,0.00567462,0.100154,0,0.00500595,304.984,-0.0998702,0.00496012,0.00567462,0.100154,0,0.00500595,304.984,-0.0998702,0.00496012,0.00567462,0.100154,0,0,0,0,0,0,0,0,1
stats,590,1,295.5,0.00500595,304.984,-0.0998689,0.00496513,0.00569379,0.100154,0,0.00500595,304.984,-0.0998689,0.00496513,0.00569379,0.100154,0,0.00500595,304.984,-0.0998689,0.00496513,0.00569379,0.100154,0,0.00500595,304.984,-0.0998689,0.00496513,0.00569379,0.100154,0,0.00500595,304.984,-0.0998689,0.00496513,0.00569379,0.100154,0,0.00500595,304.984,-0.0998689,0.00496513,0.00569379,0.100154,0,0,0,0,0,0,0,0,1
stats,591,1,296,0.00500595,304.984,-0.0998692,0.00495031,0.00570141,0.100154,0,0.00500595,304.984,-0.0998692,0.00495031,0.00570141,0.100154,0,0.00500595,304.984,-0.0998692,0.00495031,0.00570141,0.100154,0,0.00500595,304.984,-0.0998692,0.00495031,0.00570141,0.100154,0,0.00500595,304.984,-0.0998692,0.00495031,0.00570141,0.100154,0,0.00500595,304.984,-0.0998692,0.00495031,0.00570141,0.100154,0,0,0,0,0,0,0,0,1
stats,592,1,296.5,0.00500595,304.984,-0.0998698,0.0049282,0.00570141,0.100154,0,0.00500595,304.984,-0.0998698,0.0049282,0.00570141,0.100154,0,0.00500595,304.984,-0.0998698,0.0049282,0.00570141,0.100154,0,0.00500595,304.984,-0.0998698,0.0049282,0.00570141,0.100154,0,0.00500595,304.984,-0.0998698,0.0049282,0.00570141,0.100154,0,0.00500595,304.984,-0.0998698,0.0049282,0.00570141,0.100154,0,0,0,0,0,0,0,0,1
stats,593,1,297,0.00500595,304.984,-0.099871,0.00484958,0.00564332,0.100148,0,0.00500595,304.984,-0.099871,0.00484958,0.00564332,0.100148,0,0.00500595,304.984,-0.099871,0.00484958,0.00564332,0.100148,0,0.00500595,304.984,-0.099871,0.00484958,0.00564332,0.100148,0,0.00500595,304.984,-0.099871,0.00484958,0.00564332,0.100148,0,0.00500595,304.984,-0.099871,0.00484958,0.00564332,0.100148,0,0,0,0,0,0,0,0,1
stats,594,1,297.5,0.00500595,304.984,-0.0998738,0.00475319,0.00555181,0.100141,0,0.00500595,304.984,-0.0998738,0.00475319,0.00555181,0.100141,0,0.00500595,304.984,-0.0998738,0.00475319,0.00555181,0.100141,0,0.00500595,304.984,-0.0998738,0.00475319,0.00555181,0.100141,0,0.00500595,304.984,-0.0998738,0.00475319,0.00555181,0.100141,0,0.00500595,304.984,-0.0998738,0.00475319,0.00555181,0.100141,0,0,0,0,0,0,0,0,1
stats,595,1,298,0.00500595,304.984,-0.0998754,0.00467191,0.00547298,0.100134,0,0.00500595,304.984,-0.0998754,0.00467191,0.00547298,0.100134,0,0.00500595,304.984,-0.0998754,0.00467191,0.00547298,0.100134,0,0.00500595,304.984,-0.0998754,0.00467191,0.00547298,0.100134,0,0.00500595,304.984,-0.0998754,0.00467191,0.00547298,0.100134,0,0.00500595,304.984,-0.0998754,0.00467191,0.00547298,0.100134,0,0,0,0,0,0,0,0,1
stats,596,1,298.5,0.00500595,304.984,-0.0998775,0.00457894,0.00540373,0.100128,0,0.00500595,304.984,-0.0998775,0.00457894,0.00540373,0.100128,0,0.00500595,304.984,-0.0998775,0.00457894,0.00540373,0.100128,0,0.00500595,304.984,-0.0998775,0.00457894,0.00540373,0.100128,0,0.00500595,304.984,-0.0998775,0.00457894,0.00540373,0.100128,0,0.00500595,304.984,-0.0998775,0.00457894,0.00540373,0.100128,0,0,0,0,0,0,0,0,1
stats,597,1,299,0.00500595,304.984,-0.0998806,0.0044875,0.00532829,0.100123,0,0.00500595,304.984,-0.0998806,0.0044875,0.00532829,0.100123,0,0.00500595,304.984,-0.0998806,0.0044875,0.00532829,0.100123,0,0.00500595,304.984,-0.0998806,0.0044875,0.00532829,0.100123,0,0.00500595,304.984,-0.0998806,0.0044875,0.00532829,0.100123,0,0.00500595,304.984,-0.0998806,0.0044875,0.00532829,0.100123,0,0,0,0,0,0,0,0,1
stats,598,1,299.5,0.00500595,304.983,-0.0998825,0.0044405,0.00529724,0.100121,0,0.00500595,304.983,-0.0998825,0.0044405,0.00529724,0.100121,0,0.00500595,304.983,-0.0998825,0.0044405,0.00529724,0.100121,0,0.00500595,304.983,-0.0998825,0.0044405,0.00529724,0.100121,0,0.00500595,304.983,-0.0998825,0.0044405,0.00529724,0.100121,0,0.00500595,304.983,-0.0998825,0.0044405,0.00529724,0.100121,0,0,0,0,0,0,0,0,1
stats,599,1,300,0.00500595,304.983,-0.099884,0.00441307,0.00528362,0.100121,0,0.00500595,304.983,-0.099884,0.00441307,0.00528362,0.100121,0,0.00500595,304.983,-0.099884,0.00441307,0.00528362,0.100121,0,0.00500595,304.983,-0.099884,0.00441307,0.00528362,0.100121,0,0.00500595,304.983,-0.099884,0.00441307,0.00528362,0.100121,0,0.00500595,304.983,-0.099884,0.00441307,0.00528362,0.100121,0,0,0,0,0,0,0,0,1
