$MeshFormat
2.2 0 8
$EndMeshFormat
$PhysicalNames
10
2 184 "shellInlet"
2 185 "shellOutlet"
2 186 "tubeInlet"
2 187 "tubeOutlet"
2 188 "shellWall"
2 189 "coupleInlet"
2 190 "coupleOutlet"
3 191 "metalSolid"
3 192 "shellFluid"
3 193 "tubeFluid"
$EndPhysicalNames
$Nodes
1616
1 1 0 0
2 0 1 0
3 0 -1 0
4 -1 0 0
5 4.1 0 0
6 -4.1 0 0
7 0 4.1 0
8 0 -4.1 0
9 1.1 0 0
10 -1.1 0 0
11 0 1.1 0
12 0 -1.1 0
13 0 -1 20
14 1 0 20
15 0 1 20
16 -1 0 20
17 4.1 0 20
18 0 4.1 20
19 -4.1 0 20
20 0 -4.1 20
21 1.1 0 20
22 0 -1.1 20
23 -1.1 0 20
24 0 1.1 20
25 0.7071067795767627 0.7071067827963323 0
26 -0.7071067827963323 0.7071067795767627 0
27 -0.7071067795767627 -0.7071067827963323 0
28 0.7071067827963323 -0.7071067795767627 0
29 3.997204439433212 0.9123358314652661 0
30 3.693972356319658 1.778923334701692 0
31 3.205509073340453 2.556308193612818 0
32 2.556308181084959 3.205509083331087 0
33 1.778923324820964 3.693972361077966 0
34 0.9123358261351912 3.997204440649767 0
35 -0.9123358314652661 3.997204439433212 0
36 -1.778923334701692 3.693972356319658 0
37 -2.556308193612818 3.205509073340453 0
38 -3.205509083331087 2.556308181084959 0
39 -3.693972361077966 1.778923324820964 0
40 -3.997204440649767 0.9123358261351912 0
41 -3.997204439433212 -0.9123358314652661 0
42 -3.693972356319658 -1.778923334701692 0
43 -3.205509073340453 -2.556308193612818 0
44 -2.556308181084959 -3.205509083331087 0
45 -1.778923324820964 -3.693972361077966 0
46 -0.9123358261351912 -3.997204440649767 0
47 0.9123358314652661 -3.997204439433212 0
48 1.778923334701692 -3.693972356319658 0
49 2.556308193612818 -3.205509073340453 0
50 3.205509083331087 -2.556308181084959 0
51 3.693972361077966 -1.778923324820964 0
52 3.997204440649767 -0.9123358261351912 0
53 0.7778174575610356 0.7778174610493692 0
54 -0.7778174610493692 0.7778174575610356 0
55 -0.7778174575610356 -0.7778174610493692 0
56 0.7778174610493692 -0.7778174575610356 0
57 0.7071067827963323 -0.7071067795767627 20
58 0.7071067795767627 0.7071067827963323 20
59 -0.7071067827963323 0.7071067795767627 20
60 -0.7071067795767627 -0.7071067827963323 20
61 0 -1 0.9999999999991025
62 0 -1 1.999999999998379
63 0 -1 2.99999999999657
64 0 -1 3.999999999993654
65 0 -1 4.999999999990736
66 0 -1 5.99999999998782
67 0 -1 6.999999999984902
68 0 -1 7.999999999982053
69 0 -1 8.999999999983299
70 0 -1 9.999999999984821
71 0 -1 10.99999999998634
72 0 -1 11.99999999998786
73 0 -1 12.99999999998939
74 0 -1 13.99999999999091
75 0 -1 14.99999999999243
76 0 -1 15.99999999999396
77 0 -1 16.99999999999547
78 0 -1 17.99999999999698
79 0 -1 18.99999999999849
80 1 0 0.9999999999991025
81 1 0 1.999999999998379
82 1 0 2.99999999999657
83 1 0 3.999999999993654
84 1 0 4.999999999990736
85 1 0 5.99999999998782
86 1 0 6.999999999984902
87 1 0 7.999999999982053
88 1 0 8.999999999983299
89 1 0 9.999999999984821
90 1 0 10.99999999998634
91 1 0 11.99999999998786
92 1 0 12.99999999998939
93 1 0 13.99999999999091
94 1 0 14.99999999999243
95 1 0 15.99999999999396
96 1 0 16.99999999999547
97 1 0 17.99999999999698
98 1 0 18.99999999999849
99 0 1 0.9999999999991025
100 0 1 1.999999999998379
101 0 1 2.99999999999657
102 0 1 3.999999999993654
103 0 1 4.999999999990736
104 0 1 5.99999999998782
105 0 1 6.999999999984902
106 0 1 7.999999999982053
107 0 1 8.999999999983299
108 0 1 9.999999999984821
109 0 1 10.99999999998634
110 0 1 11.99999999998786
111 0 1 12.99999999998939
112 0 1 13.99999999999091
113 0 1 14.99999999999243
114 0 1 15.99999999999396
115 0 1 16.99999999999547
116 0 1 17.99999999999698
117 0 1 18.99999999999849
118 -1 0 0.9999999999991025
119 -1 0 1.999999999998379
120 -1 0 2.99999999999657
121 -1 0 3.999999999993654
122 -1 0 4.999999999990736
123 -1 0 5.99999999998782
124 -1 0 6.999999999984902
125 -1 0 7.999999999982053
126 -1 0 8.999999999983299
127 -1 0 9.999999999984821
128 -1 0 10.99999999998634
129 -1 0 11.99999999998786
130 -1 0 12.99999999998939
131 -1 0 13.99999999999091
132 -1 0 14.99999999999243
133 -1 0 15.99999999999396
134 -1 0 16.99999999999547
135 -1 0 17.99999999999698
136 -1 0 18.99999999999849
137 3.997204439433212 0.9123358314652661 20
138 3.693972356319658 1.778923334701692 20
139 3.205509073340453 2.556308193612818 20
140 2.556308181084959 3.205509083331087 20
141 1.778923324820964 3.693972361077966 20
142 0.9123358261351912 3.997204440649767 20
143 -0.9123358314652661 3.997204439433212 20
144 -1.778923334701692 3.693972356319658 20
145 -2.556308193612818 3.205509073340453 20
146 -3.205509083331087 2.556308181084959 20
147 -3.693972361077966 1.778923324820964 20
148 -3.997204440649767 0.9123358261351912 20
149 -3.997204439433212 -0.9123358314652661 20
150 -3.693972356319658 -1.778923334701692 20
151 -3.205509073340453 -2.556308193612818 20
152 -2.556308181084959 -3.205509083331087 20
153 -1.778923324820964 -3.693972361077966 20
154 -0.9123358261351912 -3.997204440649767 20
155 0.9123358314652661 -3.997204439433212 20
156 1.778923334701692 -3.693972356319658 20
157 2.556308193612818 -3.205509073340453 20
158 3.205509083331087 -2.556308181084959 20
159 3.693972361077966 -1.778923324820964 20
160 3.997204440649767 -0.9123358261351912 20
161 0.7778174562863185 -0.7778174623240861 20
162 -0.7778174623240861 -0.7778174562863185 20
163 -0.7778174562863185 0.7778174623240861 20
164 0.7778174623240861 0.7778174562863185 20
165 4.1 0 0.9999999999991025
166 4.1 0 1.999999999998379
167 4.1 0 2.99999999999657
168 4.1 0 3.999999999993654
169 4.1 0 4.999999999990736
170 4.1 0 5.99999999998782
171 4.1 0 6.999999999984902
172 4.1 0 7.999999999982053
173 4.1 0 8.999999999983299
174 4.1 0 9.999999999984821
175 4.1 0 10.99999999998634
176 4.1 0 11.99999999998786
177 4.1 0 12.99999999998939
178 4.1 0 13.99999999999091
179 4.1 0 14.99999999999243
180 4.1 0 15.99999999999396
181 4.1 0 16.99999999999547
182 4.1 0 17.99999999999698
183 4.1 0 18.99999999999849
184 0 4.1 0.9999999999991025
185 0 4.1 1.999999999998379
186 0 4.1 2.99999999999657
187 0 4.1 3.999999999993654
188 0 4.1 4.999999999990736
189 0 4.1 5.99999999998782
190 0 4.1 6.999999999984902
191 0 4.1 7.999999999982053
192 0 4.1 8.999999999983299
193 0 4.1 9.999999999984821
194 0 4.1 10.99999999998634
195 0 4.1 11.99999999998786
196 0 4.1 12.99999999998939
197 0 4.1 13.99999999999091
198 0 4.1 14.99999999999243
199 0 4.1 15.99999999999396
200 0 4.1 16.99999999999547
201 0 4.1 17.99999999999698
202 0 4.1 18.99999999999849
203 -4.1 0 0.9999999999991025
204 -4.1 0 1.999999999998379
205 -4.1 0 2.99999999999657
206 -4.1 0 3.999999999993654
207 -4.1 0 4.999999999990736
208 -4.1 0 5.99999999998782
209 -4.1 0 6.999999999984902
210 -4.1 0 7.999999999982053
211 -4.1 0 8.999999999983299
212 -4.1 0 9.999999999984821
213 -4.1 0 10.99999999998634
214 -4.1 0 11.99999999998786
215 -4.1 0 12.99999999998939
216 -4.1 0 13.99999999999091
217 -4.1 0 14.99999999999243
218 -4.1 0 15.99999999999396
219 -4.1 0 16.99999999999547
220 -4.1 0 17.99999999999698
221 -4.1 0 18.99999999999849
222 0 -4.1 0.9999999999991025
223 0 -4.1 1.999999999998379
224 0 -4.1 2.99999999999657
225 0 -4.1 3.999999999993654
226 0 -4.1 4.999999999990736
227 0 -4.1 5.99999999998782
228 0 -4.1 6.999999999984902
229 0 -4.1 7.999999999982053
230 0 -4.1 8.999999999983299
231 0 -4.1 9.999999999984821
232 0 -4.1 10.99999999998634
233 0 -4.1 11.99999999998786
234 0 -4.1 12.99999999998939
235 0 -4.1 13.99999999999091
236 0 -4.1 14.99999999999243
237 0 -4.1 15.99999999999396
238 0 -4.1 16.99999999999547
239 0 -4.1 17.99999999999698
240 0 -4.1 18.99999999999849
241 1.1 0 0.9999999999991025
242 1.1 0 1.999999999998379
243 1.1 0 2.99999999999657
244 1.1 0 3.999999999993654
245 1.1 0 4.999999999990736
246 1.1 0 5.99999999998782
247 1.1 0 6.999999999984902
248 1.1 0 7.999999999982053
249 1.1 0 8.999999999983299
250 1.1 0 9.999999999984821
251 1.1 0 10.99999999998634
252 1.1 0 11.99999999998786
253 1.1 0 12.99999999998939
254 1.1 0 13.99999999999091
255 1.1 0 14.99999999999243
256 1.1 0 15.99999999999396
257 1.1 0 16.99999999999547
258 1.1 0 17.99999999999698
259 1.1 0 18.99999999999849
260 0 -1.1 0.9999999999991025
261 0 -1.1 1.999999999998379
262 0 -1.1 2.99999999999657
263 0 -1.1 3.999999999993654
264 0 -1.1 4.999999999990736
265 0 -1.1 5.99999999998782
266 0 -1.1 6.999999999984902
267 0 -1.1 7.999999999982053
268 0 -1.1 8.999999999983299
269 0 -1.1 9.999999999984821
270 0 -1.1 10.99999999998634
271 0 -1.1 11.99999999998786
272 0 -1.1 12.99999999998939
273 0 -1.1 13.99999999999091
274 0 -1.1 14.99999999999243
275 0 -1.1 15.99999999999396
276 0 -1.1 16.99999999999547
277 0 -1.1 17.99999999999698
278 0 -1.1 18.99999999999849
279 -1.1 0 0.9999999999991025
280 -1.1 0 1.999999999998379
281 -1.1 0 2.99999999999657
282 -1.1 0 3.999999999993654
283 -1.1 0 4.999999999990736
284 -1.1 0 5.99999999998782
285 -1.1 0 6.999999999984902
286 -1.1 0 7.999999999982053
287 -1.1 0 8.999999999983299
288 -1.1 0 9.999999999984821
289 -1.1 0 10.99999999998634
290 -1.1 0 11.99999999998786
291 -1.1 0 12.99999999998939
292 -1.1 0 13.99999999999091
293 -1.1 0 14.99999999999243
294 -1.1 0 15.99999999999396
295 -1.1 0 16.99999999999547
296 -1.1 0 17.99999999999698
297 -1.1 0 18.99999999999849
298 0 1.1 0.9999999999991025
299 0 1.1 1.999999999998379
300 0 1.1 2.99999999999657
301 0 1.1 3.999999999993654
302 0 1.1 4.999999999990736
303 0 1.1 5.99999999998782
304 0 1.1 6.999999999984902
305 0 1.1 7.999999999982053
306 0 1.1 8.999999999983299
307 0 1.1 9.999999999984821
308 0 1.1 10.99999999998634
309 0 1.1 11.99999999998786
310 0 1.1 12.99999999998939
311 0 1.1 13.99999999999091
312 0 1.1 14.99999999999243
313 0 1.1 15.99999999999396
314 0 1.1 16.99999999999547
315 0 1.1 17.99999999999698
316 0 1.1 18.99999999999849
317 -0.2687658179415272 0.1113264465352553 0
318 0.3632776930886966 -0.1504745469004856 0
319 -0.1820395185523889 -0.4510798721275172 0
320 0.1902402574066136 0.4476830148835537 0
321 1.612518408279566 -0.6679269921675336 0
322 -1.647759384772203 0.6970999864001498 0
323 0.7017263323272289 1.6430663995949 0
324 -0.7152460684109553 -1.644097369226957 0
325 1.612518405909733 0.667926995422193 0
326 -1.612518405909733 -0.667926995422193 0
327 -0.7421393042118632 1.502023086698796 0
328 0.6679269954221929 -1.612518405909732 0
329 -2.26087519614835 2.319377473609188 0
330 2.312926219484049 -2.298633381185422 0
331 2.287313655101444 2.277110239794578 0
332 -2.287313655101444 -2.277110239794578 0
333 3.258496218109145 -0.3671443472740624 0
334 -3.291600607615637 0.4110824227974901 0
335 0.3671443472740642 3.258496218109144 0
336 -0.3671443472740642 -3.258496218109144 0
337 3.138767138218816 1.180678294689986 0
338 -1.080790250659754 3.061336344529859 0
339 -3.138767138218816 -1.180678294689986 0
340 1.043566202801418 -3.008395516986635 0
341 -0.3618820998120472 3.400069728643451 0
342 -0.2033847524000472 2.660594454424137 0
343 0.5891053722427388 2.478786456229038 0
344 1.183007170164785 3.106371389473033 0
345 1.448982264553479 2.320208998488147 0
346 1.527861069715146 1.525950126247129 0
347 2.338808302837958 1.469570663133587 0
348 2.409828830478272 0.6753945104071245 0
349 1.98296923951096 0.0006553345494145292 0
350 2.535199974851456 -0.709029827931684 0
351 2.008648556431819 -1.43867680574229 0
352 2.849160021930103 -1.635515176329321 0
353 1.432677100884799 -2.158739797497969 0
354 -0.8660549883815851 2.241789781473649 0
355 -1.498253378654636 1.794683303818822 0
356 0.3781733399791001 -3.419834875034722 0
357 0.195484019726204 -2.701830129044885 0
358 -0.5926754503967879 -2.470167379286131 0
359 -1.183162056937399 -3.105997453398528 0
360 -1.44973042074753 -2.319863567617964 0
361 -1.530239051761442 -1.526064382707441 0
362 -2.338808302837958 -1.469570663133587 0
363 -2.409828830478272 -0.6753945104071245 0
364 -1.988842735593067 0.004206831156021523 0
365 -2.495997327948337 0.6403632807439638 0
366 3.268606558323151 0.4086921825368948 0
367 -3.274123956574233 -0.4013691699496568 0
368 -1.84449458484048 2.928879987509121 0
369 -2.15877904607148 1.404492555243186 0
370 -3.08883788823749 1.181154024401865 0
371 1.830666380495394 -2.897555078504918 0
372 -0.06199373160610139 1.922784310747201 0
373 1.297657545997601 -1.297657543037881 0
374 2.932874105163666 1.852518145186532 0
375 -2.932874105163666 -1.852518145186532 0
376 0.0280499878188407 -1.88091258125297 0
377 1.850906919145126 2.920634414432962 0
378 -1.851087527738459 -2.920490541044024 0
379 2.691020164254597 0.001713570457537483 0
380 -2.692078691641909 -0.004222229131861188 0
381 0.7481295237496025 -2.272082278401288 0
382 -2.890415663012014 1.906317252399855 0
383 3.302021623608039 -1.05655533480634 0
384 -1.36494971495191 1.235223277944398 0
385 -1.510093679736961 2.469213378188128 0
386 0.7223047881888475 -0.6915748643201719 5.499999999989278
387 0.7189096111138108 -0.6951035685767908 7.499999998160365
388 0.7223047881888475 -0.6915748643201719 4.499999999992195
389 0.7211703848701743 -0.692757732534401 6.499703850757623
390 0.722304788188848 -0.6915748643201712 3.499999999995112
391 0.6915748596682801 -0.7223047926428279 2.499999999997474
392 0.7223047881888475 -0.6915748643201719 8.499999999982675
393 0.6915748596682799 -0.7223047926428281 1.499999999998741
394 0.7189096111200399 -0.6951035685703484 9.500000003752413
395 0.7189096111320676 -0.6951035685579087 17.49999999999623
396 0.722304788188848 -0.6915748643201712 16.49999999999471
397 0.7223047881888467 -0.6915748643201727 18.49999999999773
398 0.691574859668279 -0.722304792642829 15.49999999999319
399 0.7189096111365019 -0.6951035685533227 12.49999999633269
400 0.7211703848793429 -0.6927577325248563 10.50029615091425
401 0.7204713505975631 -0.6934847027643244 11.49969569241228
402 0.7223047881888475 -0.6915748643201719 13.49999999999015
403 0.6915748596682805 -0.7223047926428277 14.49999999999167
404 0.7493596634056884 -0.6621631935259716 0.7556754222970253
405 0.6621631914409364 -0.7493596652481062 19.24432457462314
406 0.7223047926428284 0.6915748596682797 5.499999999989278
407 0.7223047926428281 0.6915748596682799 6.499999999986361
408 0.7223047926428275 0.6915748596682805 7.499999999983478
409 0.6915748643201719 0.7223047881888475 4.499999999992195
410 0.6915748643201716 0.7223047881888478 3.499999999995112
411 0.6915748643201717 0.7223047881888477 2.499999999997474
412 0.7223047926428281 0.6915748596682799 8.499999999982677
413 0.6915748643201719 0.7223047881888475 1.499999999998741
414 0.7223047926428281 0.6915748596682799 9.499999999984061
415 0.6915748643201719 0.7223047881888475 18.49999999999773
416 0.6915748643201719 0.7223047881888475 17.49999999999623
417 0.6915748643201719 0.7223047881888475 16.49999999999471
418 0.6915748643201719 0.7223047881888475 15.49999999999319
419 0.6951035685533227 0.7189096111365019 12.49999999633269
420 0.6915748643201719 0.7223047881888475 10.49999999998558
421 0.6927577325270581 0.721170384877228 11.49970385180723
422 0.6915748643201719 0.7223047881888475 13.49999999999015
423 0.6951035685533227 0.7189096111365019 14.50000000364761
424 0.7493596652481055 0.6621631914409373 19.24432457462315
425 0.7493596634857486 0.6621631934353689 0.7556754214044958
426 -0.7223047881888475 0.6915748643201719 5.499999999989278
427 -0.6915748596682806 0.7223047926428274 7.499999999983478
428 -0.7223047881888475 0.6915748643201719 4.499999999992195
429 -0.7223047881888468 0.6915748643201726 6.499999999986361
430 -0.722304788188848 0.6915748643201712 3.499999999995112
431 -0.7189096111189779 0.6951035685714467 2.499999999979072
432 -0.6915748596682799 0.7223047926428281 8.499999999982677
433 -0.7223047881888475 0.6915748643201719 1.499999999998741
434 -0.6915748596682799 0.7223047926428281 9.499999999984061
435 -0.7223047881888475 0.6915748643201719 18.49999999999773
436 -0.7223047881888475 0.6915748643201719 17.49999999999623
437 -0.7223047881888475 0.6915748643201719 16.49999999999471
438 -0.7223047881888475 0.6915748643201719 15.49999999999319
439 -0.7189096111364892 0.6951035685533357 12.49999999633649
440 -0.7223047881888475 0.6915748643201719 10.49999999998558
441 -0.7211703848776038 0.6927577325266668 11.49970385044373
442 -0.7223047881888475 0.6915748643201719 13.49999999999015
443 -0.7189096111365019 0.6951035685533227 14.50000000364761
444 -0.6621631914409373 0.7493596652481055 19.24432457462315
445 -0.6621631934353689 0.7493596634857486 0.7556754214044958
446 -0.6915748643201723 -0.7223047881888471 7.499999999983478
447 -0.7223047926428284 -0.6915748596682797 6.499999999986361
448 -0.7223047926428281 -0.6915748596682799 5.499999999989278
449 -0.7189096145765199 -0.6951035649954902 4.499999999992196
450 -0.7223047926428281 -0.6915748596682799 3.499999999995112
451 -0.6915748643201717 -0.7223047881888477 2.499999999997474
452 -0.6915748643201719 -0.7223047881888475 8.499999999982675
453 -0.6915748643201719 -0.7223047881888475 1.499999999998741
454 -0.6915748643201712 -0.7223047881888481 9.499999999984061
455 -0.6915748643201719 -0.7223047881888475 18.49999999999773
456 -0.6915748643201719 -0.7223047881888475 17.49999999999623
457 -0.6915748643201719 -0.7223047881888475 15.49999999999319
458 -0.6915748643201719 -0.7223047881888475 16.49999999999471
459 -0.722304792642828 -0.69157485966828 12.49999999998862
460 -0.7223047926428277 -0.6915748596682804 10.49999999998558
461 -0.7223047926428281 -0.6915748596682799 11.4999999999871
462 -0.6951035685533227 -0.7189096111365019 14.50000000364761
463 -0.6915748643201719 -0.7223047881888475 13.49999999999015
464 -0.7493596652481055 -0.6621631914409373 19.24432457462315
465 -0.7493596634857486 -0.6621631934353689 0.7556754214044958
466 0.1113264469548191 -0.268765817223823 20
467 -0.1504745480222367 0.3632776934576478 20
468 0.4476830150213186 0.1902402587220213 20
469 -0.4510798723262105 -0.1820395197735081 20
470 2.899234313917668 2.899041288599103 0.7538962822211214
471 2.910679766711888 2.887549704447358 19.26009368623638
472 0.8275796201601976 4.015608543209298 5.476976227026783
473 4.00835877551708 0.8620092381959793 7.496638710265847
474 0.8247035795736466 4.016200194940288 9.473693374181714
475 4.008536585363995 0.8611820038751172 11.4999999999871
476 0.8476882510669684 4.011411799978036 13.5212678876341
477 4.000881373943305 0.8960737869358353 15.48997878337876
478 4.00821533703312 0.8626759600061108 3.489454493748878
479 0.8475708400442338 4.011436609384063 16.50007497810278
480 0.8394365154240498 4.01314668764708 3.491793592211582
481 4.008536585365452 0.8611820038683334 9.499999999984059
482 4.003111899561167 0.8860559347985792 13.49185625332152
483 4.00762346025846 0.8654214006979495 5.489787198407193
484 0.8263631375831737 4.015859056894763 7.47447908558007
485 0.8230217343836581 4.016545185197362 11.4734501562893
486 3.998093470829455 0.9084319448978431 17.47738171380197
487 0.8928563254067862 4.001600627521579 1.604824143006356
488 0.8611820038677516 4.008536585365577 18.49999999999773
489 4.001637942082843 0.8926890726804011 1.604759153514905
490 3.869753443282117 1.354624777643682 19.25648209607154
491 4.007249989734692 0.8671490758637198 2.528779233573175
492 3.742842513653816 1.673657646588926 2.992680095467434
493 3.739277701827831 1.681607049406362 3.978021075441124
494 3.314016808498164 2.413978581717667 3.476101087300454
495 3.307194767168173 2.423316482017042 4.46230665257179
496 2.748541319612535 3.042288713186601 3.977619901529167
497 2.780688425973053 3.01293409779562 3.058718205352009
498 2.73034081693628 3.058633522240239 4.953410719142798
499 3.301321519681023 2.431311626199113 5.45335846021289
500 2.718220893209799 3.069409580964671 5.941560690494958
501 3.295326173133023 2.439431370763372 6.447046466632526
502 2.707892003839102 3.078525766587678 6.935448687673711
503 3.289004100028219 2.447948534997736 7.443458162709691
504 2.698446471857849 3.086808487502573 7.932389258564765
505 3.282252403034424 2.456993928111086 8.441257295957673
506 2.689252130395873 3.094821962433584 8.930732652522188
507 3.276471978501625 2.464697014664001 9.439929831246857
508 2.680362106044754 3.102524614000561 9.929870051791044
509 3.269807435300067 2.473531753597756 10.43989519000951
510 2.67141008650553 3.110236027975451 10.92947966504206
511 3.263933044707904 2.481278114130656 11.43891934316225
512 2.662611797761032 3.117771385849796 11.92917574021102
513 3.257185980498174 2.4901284080236 12.43969423979762
514 2.672893940809236 3.10896091663843 12.93630416633743
515 3.251698648241534 2.497289711071621 13.43916752801764
516 2.594689497605397 3.174521445984614 13.9659703169593
517 3.240228193792486 2.512154703069117 14.4413761540422
518 2.635759030674079 3.140505426236363 14.92756384175831
519 3.234724162978563 2.519237898540476 15.43526720492102
520 2.629234658803265 3.145969661161353 15.92231348523305
521 3.226458610620585 2.529815177824712 16.42791082023481
522 2.624135265580502 3.15022445358053 16.91016857698027
523 3.217619617831982 2.541047814375552 17.40637196143379
524 1.967220893253141 3.59722698159962 15.50735661361539
525 2.052030875631172 3.549530854275867 4.457831291917047
526 2.018896674500978 3.568480939796217 6.424923345350192
527 1.995743426581513 3.581481282270882 8.420505249995159
528 1.974757230992682 3.59309530608946 10.4192984788125
529 1.956024526068306 3.603327358625533 12.42587651778314
530 2.602402679219991 3.168201429074327 17.80551362304493
531 1.945413917868903 3.609067010760809 17.41418676992584
532 3.688423134208152 1.790400732528366 16.948493712432
533 3.694812698497527 1.777177290824249 17.84379314262945
534 1.916171285131921 3.624677586494539 18.36896882199768
535 3.703562703873374 1.758869892424717 14.95605322270065
536 3.708280326564867 1.748901660932357 12.95325901752517
537 3.725569469303395 1.711762871835471 10.95959086865046
538 3.724473564639961 1.714146045790176 8.95397044979042
539 3.993763444851479 0.9272828837890005 16.48419742063141
540 3.731399108870622 1.699017566218645 6.955420512218877
541 3.74273330505779 1.673901851128431 2.022623671515099
542 3.730446657816078 1.701107795875631 1.092894311963003
543 3.274633210969725 2.467139504287121 1.560250506272976
544 0.8604720269874907 4.008689048900156 2.529187556981378
545 1.666177743490831 3.746178282876537 1.999953424711207
546 1.699249838826568 3.731293339480009 1.086083287158443
547 2.391367477402617 3.330369587301241 1.516538952311298
548 0.8315065761039749 4.014797231977705 17.49869577941678
549 4.007848205619605 0.8643799862975264 4.487610719508472
550 1.592013034086327 3.778292537549104 2.969966109740847
551 3.312649489724036 2.415854581350268 2.545460652819284
552 1.973914953464365 3.593558091431078 16.47135505438018
553 3.706523873851656 1.752621114949751 15.94812659696834
554 0.8115854861164257 4.018871607643763 4.47006553465016
555 0.8453078045015457 4.01191409624493 15.50342326125226
556 4.000822372358059 0.8963371825597903 14.48296535029139
557 0.8273557743156609 4.015654669254633 14.51623875088159
558 1.673310953815713 3.742997522286162 14.00527781808471
559 3.715879253207276 1.732697716159324 13.95193522607433
560 3.999350399791558 0.9028822623615474 12.49552448023049
561 4.00797264718236 0.8638027896678895 8.493537014127799
562 3.726784650551227 1.709115610020507 9.957003781862246
563 4.008293711276335 0.8623117325785261 10.49748937388021
564 3.718755997664674 1.726514937622322 11.9614349800998
565 0.8024876562943846 4.020698143543624 10.45833440954914
566 0.9289354964350945 3.993379376350672 12.49980894328053
567 0.8050334111889741 4.020189200382172 8.459044871261383
568 0.8073043445120566 4.019733784136949 6.461229937926603
569 1.971491877600107 3.594888006121582 11.42022811894569
570 1.99165144411976 3.583758435656018 9.420248120293317
571 3.727618533814803 1.707296127319562 7.954497482716806
572 2.013002211453346 3.571809358950158 7.422853169729206
573 3.214040056748107 2.5455739065324 18.37272592540207
574 2.044753415506496 3.553728108588854 5.435544799056591
575 4.008297114470406 0.8622959133199087 6.491069158197793
576 3.734302846318603 1.692625845240695 5.965130469130846
577 3.737330311230427 1.685930646485281 4.973203885417941
578 3.464462647516795 2.192600867454201 19.26655677718228
579 2.181331507560609 3.471569220701693 19.22102964989908
580 4.003963681021867 0.8821988670689925 18.46904043040461
581 1.391786644546032 3.856543781167705 19.25409980112201
582 2.819176877105541 2.976951752311994 2.268598218436404
583 1.596739330686421 3.776297592859847 13.16663717546503
584 3.374115695850934 2.329236628385438 0.7342393063422925
585 2.299138614162491 3.394696103168438 0.7142287612615887
586 2.156123780512158 3.487281210787275 3.454598440341142
587 2.243234613393664 3.431894297508677 2.471165167804204
588 3.976019439131527 1.000634508523574 0.753813906979236
589 1.000776811660842 3.975983623361892 0.754446204802343
590 1.486643530746255 3.820980373214485 3.939384142903666
591 2.548499646878962 3.211720652525341 18.63031974920584
592 1.473582074741922 3.826036574446106 4.94811952232345
593 2.040934964351764 3.555922450122677 14.69598242387825
594 1.475944356026685 3.825125913994593 5.92763531421912
595 3.694043719608028 1.778775139702735 18.64111163872613
596 4.042656772985982 0.6833199951930009 19.30463477996076
597 1.469261024926081 3.827698008024295 6.925024392774317
598 0.6821467673050554 4.042854905614998 19.3083304727714
599 1.465922915865725 3.828977670963847 7.921053157105699
600 1.460804774011073 3.830933229935815 8.91922404802801
601 1.457129736278632 3.832332570596211 9.917563136977316
602 1.450254648295451 3.834939563421754 10.91859633393612
603 1.448417364972762 3.835633863762984 11.82586794642725
604 2.175431547703664 3.475269425707256 13.33708767310286
605 1.368067362191876 3.865021564300174 16.99927946903156
606 1.359874685232398 3.867911689848165 17.89002644483958
607 1.368525924009679 3.864859220633198 16.00234542080303
608 1.41194049746052 3.849210832317572 15.06153313397999
609 -2.880657665302867 2.917500885232399 0.7183686778978278
610 -2.899025618519952 2.899249982868847 19.23263185222025
611 -4.016333739538785 0.8240529671340252 6.507382499090124
612 -0.8724002260475113 4.006110064088635 4.508731469430124
613 -0.861096897767985 4.008554868360211 8.510843551589563
614 -4.015994882349009 0.8257027945614372 10.51725589404166
615 -0.8560110066905149 4.009644018666082 12.51407628716345
616 -4.015792581923955 0.8266861187685012 14.5145422658428
617 -0.8603198294578295 4.008721715340396 16.50450783027865
618 -4.008536585366368 0.8611820038640711 3.499999999995112
619 -0.8608148855356184 4.008615438382721 14.51544621528108
620 -0.8573211088552957 4.009364103734048 10.51076954606585
621 -0.8624236729830085 4.008269627692041 6.502835554733507
622 -4.016138458502997 0.8250041709792546 8.51762967188224
623 -4.015861833794685 0.8263496426278553 12.51675145627742
624 -4.012792349762872 0.8411287402559503 16.50187264387991
625 -0.8691162146930146 4.006823805130153 2.534149669587324
626 -4.001856553620023 0.891708542208985 1.562895220731184
627 -4.001183366006884 0.8947243550892214 18.38942501707974
628 -0.8978011490141592 4.000494106585942 18.38210502309768
629 -1.354859801096799 3.869671164242763 0.7401245459137079
630 -0.8683737717135055 4.006984775688579 17.46322181787
631 -1.674020602817858 3.742680192234081 16.99519756773111
632 -1.676377690412699 3.741625026520774 16.01250873851904
633 -2.411011104119273 3.316176330627424 16.51126434654386
634 -2.416303866602024 3.312321787544819 15.52634046194916
635 -3.039515700572735 2.751607585752706 16.00489204580792
636 -3.014433429768951 2.779062989119066 16.92733655006417
637 -3.050839238126292 2.739047269235963 15.02810774337657
638 -2.418827457320353 3.310479380952728 14.53544457636763
639 -3.057140845788707 2.732012051402831 14.04033826062636
640 -2.42210247705074 3.308083975757669 13.5400632551708
641 -3.061664505961549 2.726941593238701 13.04600350283782
642 -2.42468330822203 3.306192803638267 12.54372998437487
643 -3.065438367515543 2.722698590546452 12.04873975283973
644 -2.428970763901968 3.303044206199712 11.54514333384634
645 -3.068969527307917 2.718717719892122 11.04958053974187
646 -2.432674223636402 3.300317578908888 10.54565239064244
647 -3.07232435675523 2.714925974476755 10.05008398327297
648 -2.43648827945936 3.297502822448703 9.546217576280213
649 -3.075635796156635 2.71117399836306 9.050410486908966
650 -2.440057062380526 3.294862900384008 8.546329744770242
651 -3.078862968995731 2.707508599828778 8.050571958143731
652 -2.443864574542463 3.292039784282137 7.546515632380075
653 -3.082271099779746 2.703628093407552 7.050079774199547
654 -2.44748329350876 3.289350320047336 6.546634181285099
655 -3.085048237680683 2.70045873347165 6.049910617089839
656 -2.451659517810286 3.286238824055585 5.547580702529452
657 -3.087411380166926 2.697756655003515 5.052055073933365
658 -2.456592193128508 3.282553091217272 4.550562388315021
659 -3.090327565819324 2.694415620489387 4.055585428598968
660 -2.462911253346204 3.277814539924525 3.558377084490207
661 -3.088975501710797 2.695965569110727 3.067510998219695
662 -2.468971491546097 3.273252170843646 2.574671535140042
663 -3.563678860766553 2.027361087060121 4.53490878980067
664 -3.554127725808027 2.044058734147005 15.53586201199518
665 -3.563286822413627 2.02805005392209 13.54998949389132
666 -3.5644975301061 2.025921360237735 11.55362945972496
667 -3.569664980850883 2.016802400952275 9.554643973485076
668 -3.580025566022158 1.998353558964911 7.554938759167862
669 -3.107722237943187 2.674334027714822 2.169098463720074
670 -3.56667681571798 2.022082216978293 2.574678500113369
671 -3.574328588899494 2.008525613124151 1.605734415099669
672 -1.726980427424084 3.718539848286438 3.051880855771248
673 -1.737917480448258 3.713440834475807 2.148846060953334
674 -1.710814458106955 3.726005084528496 5.041601669117747
675 -2.483190955793113 3.262477996411207 1.61633159316503
676 -1.679117521659587 3.740396282274883 17.96395308384104
677 -1.706330129655387 3.728060821476793 18.90314366579578
678 -2.470832264147382 3.271847784119597 18.43100677589276
679 -1.69968625338605 3.731094563268329 7.042336485072997
680 -4.008457358077393 0.8615506998866658 17.46895300312827
681 -3.74564032967965 1.667386733987446 17.99611395704785
682 -3.730758170593295 1.700424497750889 18.91251256044065
683 -3.329198914825095 2.392996988198566 18.47877735932066
684 -3.779094725045339 1.590107876571426 17.01542999427068
685 -4.016010179577632 0.8256283894881712 2.533898717052037
686 -0.8599266355399611 4.00880607930702 15.50988313685617
687 -1.692916324011395 3.734171169067607 9.033918143492667
688 -0.8763530128309382 4.005247232931088 3.525240862567109
689 -3.561376804501998 2.03140228816331 3.542109756734937
690 -1.68754061632912 3.736603627392064 11.03331921401561
691 -2.41552353910185 3.312890887434246 17.45563267273453
692 -4.018963048304972 0.8111325516579909 15.51768788107229
693 -4.008536585366756 0.8611820038622642 4.499999999992196
694 -1.682464178081394 3.738892120598413 13.03271102149953
695 -3.559161291567495 2.03528152858704 5.532635361106335
696 -3.556419755373351 2.040068264443657 6.543706836970339
697 -4.011534559647984 0.8471071223581171 5.500335191064533
698 -1.715179861381961 3.723997589031141 4.04116346036634
699 -0.86866531961317 4.006921581775884 5.507092222037658
700 -4.020147073502857 0.8052437565150165 9.527428479125321
701 -4.020356571106215 0.8041971407329612 7.52447479923446
702 -4.019935443292093 0.8062995918168387 11.52697634067579
703 -4.019773878827062 0.8071046791461668 13.52507255729377
704 -3.571598901750953 2.013375594619986 8.55451641408213
705 -3.5637699599078 2.027200945357603 10.55395862665341
706 -1.703394901635463 3.729402875673572 6.038450903199245
707 -3.561114531374733 2.031862026425935 12.5517132274153
708 -3.553807999798782 2.044614560391805 14.5426208221978
709 -0.8614672402641855 4.008475295414905 7.505373633431888
710 -1.6963548216327 3.732610389408931 8.037157675568032
711 -0.8615903505743039 4.008448835621735 9.515962086504361
712 -1.679323829081881 3.740303661078572 15.02407697059033
713 -1.690457869653489 3.735284753660233 10.03401523487896
714 -0.858810557139742 4.009045326127571 11.51662927368366
715 -1.679283129237408 3.740321934253603 14.02656994793568
716 -0.858173401764604 4.009181763465429 13.51497400540199
717 -1.685371591612371 3.737582453697307 12.0335853527169
718 -2.18531941788445 3.469060253414052 0.7520624788103479
719 -0.860185195088405 4.008750607128201 1.542786980427618
720 -3.854126149951811 1.39846759714254 0.7474355718915972
721 -3.471569220701693 2.181331507560609 0.7491185612549439
722 -2.981167048387822 2.814718996561937 17.75505833091083
723 -3.493850040968358 2.145463094817852 16.48370801266366
724 -3.394365996229907 2.299625944287059 19.28610873808461
725 -2.331250662771709 3.372724469524076 19.26067974911858
726 -3.435862089239771 2.23715258838661 17.50876061150297
727 -3.819313813556242 1.490919848140226 16.0227210370736
728 -1.013852830357256 3.97266943482296 19.24506731584781
729 -3.975147192223906 1.004094019579041 19.2460669370438
730 -3.822712076425955 1.482185002200185 15.04519922355738
731 -3.825481523848491 1.475022410234444 14.04691042542658
732 -3.840803498555891 1.434652740380342 3.023547695527695
733 -3.826017247116209 1.473632255608333 13.05057085641116
734 -3.841265424449609 1.433415480217778 4.00641765152069
735 -3.828747549638719 1.466523849494273 2.213268587265026
736 -3.827302808196383 1.470290180329067 12.05126810052617
737 -3.827143458356803 1.470704915731476 11.05385891672819
738 -3.828243789952788 1.467838371445546 10.05455171855568
739 -3.829420187194583 1.464766544506871 9.053268195839973
740 -3.829654357280176 1.464154193985374 8.055890173242968
741 -3.833429536625648 1.454241378769723 7.042612612102264
742 -3.842342158213107 1.430526734884124 6.00803024459776
743 -3.843263615772252 1.428049291754733 5.004903604208084
744 -1.790170625062944 3.688534822007479 1.348087115306703
745 -0.6543623721839112 4.047444858904175 0.6818169621249202
746 -4.041315330295152 0.6912093757475948 0.70563218154105
747 -3.188019930976338 2.578086290196203 1.378024561527561
748 -2.917500885709154 -2.880657664820014 0.7183686786748973
749 -2.899249982669712 -2.899025618719102 19.23263185186838
750 -0.8241085899768672 -4.016322326697191 6.507273825753124
751 -4.006110064192757 -0.8724002255693795 4.508731469345496
752 -4.008554868552553 -0.8610968968726035 8.510843551549002
753 -0.8257027944903422 -4.015994882363627 10.51725589223906
754 -4.009644018572207 -0.8560110071302359 12.514076287025
755 -0.8266861190567162 -4.015792581864624 14.51454226787148
756 -4.008721715340396 -0.8603198294578295 16.50450783027865
757 -0.8611820038640711 -4.008536585366368 3.499999999995112
758 -4.008615438370733 -0.8608148855914424 14.51544621512243
759 -4.009364103602889 -0.857321109468675 10.51076954608312
760 -4.008269627761912 -0.8624236726582678 6.502835554708559
761 -0.825004171455863 -4.016138458405091 8.517629674088408
762 -0.8263496423294772 -4.015861833856083 12.51675145375617
763 -0.8411287411900036 -4.012792349567084 16.50187264431635
764 -4.006823805218251 -0.8691162142868654 2.534149671083352
765 -0.8917085431702517 -4.00185655340583 1.562895220695833
766 -0.8947243550892223 -4.001183366006884 18.38942501707974
767 -4.000494106585942 -0.8978011490141592 18.38210502309768
768 -3.869671164263074 -1.354859801038788 0.7401245461220718
769 -4.006984775688579 -0.8683737717135055 17.46322181787
770 -3.742680192278674 -1.674020602718158 16.99519756755709
771 -3.741625026528553 -1.676377690395336 16.01250873594363
772 -3.316176330627424 -2.411011104119273 16.51126434654386
773 -3.312321787544819 -2.416303866602024 15.52634046194916
774 -2.751607586179272 -3.039515700186574 16.00489204044097
775 -2.779062989215519 -3.014433429680029 16.92733654984062
776 -2.739047268778279 -3.050839238537201 15.02810774345766
777 -3.310479380952726 -2.418827457320354 14.53544457636763
778 -2.732012050866189 -3.057140846268277 14.04033826337125
779 -3.308083976402792 -2.422102476169637 13.54006325375819
780 -2.726941593263557 -3.06166450593941 13.04600350295189
781 -3.306192803638264 -2.424683308222034 12.54372998437487
782 -2.722698590546449 -3.065438367515546 12.04873975283974
783 -3.303044205716584 -2.428970764558952 11.54514333657006
784 -2.718717719372408 -3.068969527768317 11.04958054420969
785 -3.300317578548606 -2.432674224125184 10.54565239531159
786 -2.714925975564825 -3.072324355793734 10.05008398294695
787 -3.297502822474731 -2.436488279424135 9.546217580202928
788 -2.711173999612078 -3.075635795055625 9.050410486790213
789 -3.294862900524145 -2.440057062191296 8.546329746046403
790 -2.707508600996955 -3.078862967968453 8.050571955376476
791 -3.292039784689256 -2.44386457399405 7.546515633508392
792 -2.703628094916934 -3.082271098455784 7.050079773463386
793 -3.289350319930058 -2.447483293666377 6.546634182428713
794 -2.700458734502182 -3.08504823677862 6.049910616448111
795 -3.286238824142352 -2.451659517693982 5.547580702307312
796 -2.697756655895948 -3.087411379387125 5.052055073391145
797 -3.282553090658357 -2.456592193875342 4.550562389036799
798 -2.694415620489368 -3.090327565819341 4.055585428598977
799 -3.277814539595084 -2.462911253784648 3.558377084169797
800 -2.695965568167306 -3.088975502534186 3.067510998531005
801 -3.273252171007121 -2.468971491329369 2.574671534990887
802 -2.027373837663249 -3.563671606974832 4.534867720414463
803 -2.044058734147004 -3.554127725808028 15.53586201199519
804 -2.028050053922087 -3.563286822413628 13.54998949389133
805 -2.02592136043172 -3.564497529995846 11.55362945967069
806 -2.01680240126246 -3.569664980675634 9.554643973256276
807 -1.998353558964906 -3.580025566022161 7.554938759167875
808 -2.674334027086605 -3.107722238483797 2.169098462813681
809 -2.022082216948287 -3.566676815734992 2.574678499411597
810 -2.00852561312412 -3.574328588899512 1.60573441509968
811 -3.718539849031992 -1.726980425818754 3.051880856159162
812 -3.713440835173392 -1.737917478957715 2.148846060773162
813 -3.726005084483596 -1.710814458204743 5.041601669406617
814 -3.262477996487825 -2.483190955692451 1.616331592897873
815 -3.740396282312368 -1.679117521576083 17.96395308376809
816 -3.728060821423092 -1.706330129772717 18.90314367067566
817 -3.27184778380595 -2.470832264562711 18.43100678109291
818 -3.731094563268326 -1.699686253386059 7.042336485072996
819 -0.8615507000507512 -4.008457358042126 17.46895299824506
820 -1.667386733987446 -3.74564032967965 17.99611395704785
821 -1.700424498219299 -3.730758170379802 18.91251256028694
822 -2.392996988198566 -3.329198914825095 18.47877735932067
823 -1.590107874068722 -3.779094726098387 17.01542999134091
824 -0.8256283893997254 -4.016010179595815 2.533898716644804
825 -4.008806079238511 -0.8599266358593358 15.50988313671721
826 -3.734171170275956 -1.692916321346066 9.033918144448966
827 -4.005247233088556 -0.8763530121112493 3.525240861181936
828 -2.031404875212657 -3.56137532885292 3.542100625774711
829 -3.736603627419628 -1.687540616268087 11.03331921482667
830 -3.312890887289659 -2.415523539300153 17.4556326702101
831 -0.8111325541316881 -4.018963047805715 15.51768788926808
832 -0.8611820038622642 -4.008536585366756 4.499999999992195
833 -3.738892120635427 -1.682464177999138 13.03271101904185
834 -2.035272214677846 -3.559166617645251 5.532569287042623
835 -2.040060442692985 -3.556424242150998 6.543679603098847
836 -0.8472672632165351 -4.011500739708465 5.500063328272237
837 -3.723997589594062 -1.715179860159748 4.041163461462069
838 -4.006921581759634 -0.8686653196881214 5.507092222389176
839 -0.8052437566807016 -4.020147073469669 9.527428478792096
840 -0.8042129889820161 -4.02035340092791 7.524438388180648
841 -0.8062995916830105 -4.019935443318936 11.5269763363763
842 -0.8071046793456845 -4.019773878787002 13.52507255986632
843 -2.013375595227945 -3.571598901408235 8.554516413494284
844 -2.027200945733023 -3.563769959694247 10.55395862708733
845 -3.729402875461831 -1.703394902099047 6.038450903809127
846 -2.03186202684218 -3.561114531137237 12.55171322610136
847 -2.044614560759079 -3.553807999587479 14.54262082241412
848 -4.00847529591534 -0.8614672379356211 7.505373632634939
849 -3.732610390918984 -1.696354818310023 8.037157674853244
850 -4.008448835699119 -0.8615903502142832 9.515962089304942
851 -3.740303661386655 -1.679323828395697 15.02407697537755
852 -3.735284754273875 -1.690457868297566 10.03401523632536
853 -4.009045326041477 -0.8588105575416418 11.51662927383946
854 -3.740321934325805 -1.679283129076592 14.02656994852049
855 -4.009181763457554 -0.8581734018013949 13.51497400451268
856 -3.737582453395939 -1.685371592280703 12.03358535267642
857 -3.469060254073886 -2.185319416837004 0.7520624790450476
858 -4.008750607087065 -0.8601851952801102 1.542786980506381
859 -1.398467596654482 -3.854126150128902 0.7474355724450528
860 -2.181331507560611 -3.471569220701692 0.7491185607202568
861 -2.814718995286997 -2.981167049591578 17.75505833420308
862 -2.145463093918882 -3.493850041520388 16.48370800864201
863 -2.299625944287059 -3.394365996229907 19.28610873808461
864 -3.37272446960144 -2.331250662659783 19.26067975694907
865 -2.237152586601513 -3.435862090402081 17.50876061149268
866 -1.490919847926381 -3.819313813639718 16.02272104074921
867 -3.97266943482296 -1.013852830357256 19.24506731584781
868 -1.004094019579041 -3.975147192223906 19.2460669370438
869 -1.482185003904029 -3.822712075765321 15.04519922291558
870 -1.475022410864844 -3.825481523605422 14.0469104260846
871 -1.434652655595992 -3.840803530225331 3.023546971324963
872 -1.473632255878572 -3.826017247012123 13.05057085678074
873 -1.433416700483376 -3.841264969092258 4.006385194629289
874 -1.466523840638758 -3.828747553030644 2.213268481106224
875 -1.470290180011245 -3.827302808318477 12.05126809986701
876 -1.470704912745096 -3.827143459504417 11.05385891650561
877 -1.467838371204259 -3.828243790045303 10.05455171912876
878 -1.464766545964064 -3.829420186637202 9.053268195701245
879 -1.464154103297364 -3.829654391952032 8.055888700965498
880 -1.454236964703651 -3.833431211133116 7.04259286788621
881 -1.430502202107307 -3.842351291821994 6.007937304812821
882 -1.428064139510717 -3.84325809872867 5.004702052301112
883 -3.688534822013768 -1.790170625049985 1.348087115613703
884 -4.047444858904175 -0.6543623721839112 0.6818169621249202
885 -0.6912093768457628 -4.041315330107326 0.7056321812793708
886 -2.578086292963918 -3.188019928738144 1.378024562295522
887 2.899041288372106 -2.899234314144649 0.7538962821166744
888 2.887549704255095 -2.910679766902623 19.26009368675721
889 4.015608543272095 -0.8275796198554934 5.476976226943112
890 0.8620092383871564 -4.008358775475966 7.496638710535787
891 4.016200194659245 -0.8247035809422947 9.47369337378438
892 0.8611820038751172 -4.008536585363995 11.4999999999871
893 4.011411800218555 -0.8476882499287842 13.5212678881185
894 0.8960737874503267 -4.000881373828075 15.48997878638763
895 0.8626759598461824 -4.008215337067542 3.489454493898687
896 4.011436609432907 -0.8475708398130578 16.50007497812061
897 4.01314668761675 -0.83943651556905 3.491793592335433
898 0.8611820038683334 -4.008536585365452 9.499999999984059
899 0.8860559357881018 -4.003111899342144 13.49185625265908
900 0.865421400585114 -4.007623460282827 5.489787197680949
901 4.015859056726574 -0.8263631384005165 7.474479085295743
902 4.016545184981975 -0.8230217354347978 11.47345015572063
903 0.9084319445800888 -3.998093470901654 17.4773817137009
904 4.001600627436118 -0.8928563257898002 1.604824142854632
905 4.008536585365577 -0.8611820038677516 18.49999999999773
906 0.8926890729922246 -4.00163794201328 1.604759153706373
907 1.354624777599234 -3.869753443297676 19.25648209622604
908 0.8671490759056748 -4.007249989725614 2.52877923346214
909 1.673657646221672 -3.742842513818038 2.992680096368024
910 1.68160705044018 -3.739277701362908 3.97802107674958
911 2.413978581495685 -3.314016808659859 3.476101087613397
912 2.423316480866942 -3.307194768010898 4.462306651615881
913 3.042288714095502 -2.748541318606495 3.977619901286353
914 3.012934098844664 -2.780688424836391 3.058718205334703
915 3.058633523017653 -2.73034081606539 4.953410718864769
916 2.431311626685401 -3.301321519322889 5.453358460763113
917 3.069409580922523 -2.718220893257393 5.94156069053094
918 2.439431370010889 -3.295326173690064 6.447046467318116
919 3.07852576648629 -2.707892003954367 6.9354486884234
920 2.447948534311561 -3.289004100538927 7.443458166196978
921 3.086808486796767 -2.698446472665236 7.932389259340873
922 2.456993927718309 -3.282252403328445 8.441257294918753
923 3.094821962176746 -2.689252130691444 8.930732652034685
924 2.464697013990393 -3.276471979008341 9.439929831548175
925 3.102524614278388 -2.680362105723168 9.929870051143833
926 2.473531752507849 -3.269807436124557 10.43989519173534
927 3.110236028435626 -2.671410085969764 10.92947966766958
928 2.481278114359385 -3.263933044534022 11.43891934744607
929 3.117771387054288 -2.662611796350638 11.92917573896801
930 2.490128408730119 -3.257185979958037 12.43969423990926
931 3.108960916405227 -2.672893941080486 12.93630416311411
932 2.497289710400589 -3.251698648756883 13.43916752768172
933 3.174521445714463 -2.594689497935919 13.96597031715876
934 2.512154702844308 -3.24022819396678 14.44137615509192
935 3.140505426236362 -2.63575903067408 14.92756384175831
936 2.51923789889678 -3.234724162701069 15.43526720550745
937 3.145969662104838 -2.629234657674353 15.92231347900459
938 2.529815177997365 -3.22645861048521 16.42791081416919
939 3.150224454224328 -2.624135264807633 16.91016856933959
940 2.541047814234435 -3.217619617943425 17.40637196847743
941 3.597226981524502 -1.9672208933905 15.50735661271565
942 3.549530854541485 -2.052030875171715 4.457831292302429
943 3.568480939869656 -2.018896674371169 6.424923345220832
944 3.581481282450211 -1.995743426259696 8.420505249393573
945 3.593095306231763 -1.974757230733761 10.41929847795132
946 3.603327358571651 -1.956024526167564 12.42587651632253
947 3.168201431595822 -2.602402676150288 17.80551362053615
948 3.609067010224109 -1.945413918864571 17.41418676860324
949 1.7904007324192 -3.688423134261142 16.94849371243924
950 1.777177290617373 -3.694812698597033 17.84379314395375
951 3.624677586494549 -1.916171285131904 18.36896882199767
952 1.758869892570067 -3.703562703804346 14.95605322416436
953 1.748901661789751 -3.708280326160503 12.95325901778886
954 1.711762872110312 -3.725569469177115 10.9595908696581
955 1.714146045613153 -3.724473564721435 8.953970450774717
956 0.9272828834096 -3.993763444939569 16.48419742627152
957 1.699017566320113 -3.73139910882442 6.955420512433799
958 1.673901850741955 -3.742733305230638 2.022623671862771
959 1.701107795960905 -3.730446657777193 1.09289431261393
960 2.46713950367421 -3.274633211431499 1.560250508416009
961 4.00868904882531 -0.860472027336177 2.529187556285515
962 3.746178282876537 -1.666177743490832 1.999953424711207
963 3.731293339901037 -1.699249837902055 1.086083286565979
964 3.33036958730124 -2.391367477402618 1.516538952311298
965 4.014797232101928 -0.8315065755041845 17.49869578190343
966 0.8643799862621672 -4.007848205627231 4.487610717867494
967 3.778292537515126 -1.592013034166966 2.969966108906945
968 2.415854581867223 -3.31264948934703 2.545460653040776
969 3.593558090899402 -1.973914954432293 16.47135504938666
970 1.752621115004101 -3.706523873825957 15.94812659706444
971 4.018871607587315 -0.8115854863959459 4.470065535456734
972 4.011914096275337 -0.8453078043572323 15.50342325977161
973 0.8963371837081285 -4.000822372100788 14.48296534724278
974 4.015654669282383 -0.8273557741809684 14.51623875339527
975 3.742997522361235 -1.673310953647783 14.00527781891865
976 1.732697715853791 -3.715879253349744 13.95193522548586
977 0.9028822620552495 -3.999350399860707 12.49552448034168
978 0.8638027896133774 -4.007972647194108 8.493537014251508
979 1.709115609422735 -3.726784650825366 9.957003781923797
980 0.8623117328009395 -4.008293711228487 10.49748937397157
981 1.72651493850538 -3.718755997254695 11.96143498163195
982 4.020698143150979 -0.8024876582616521 10.45833440886111
983 3.993379376392036 -0.9289354962572767 12.49980893794173
984 4.020189200215245 -0.8050334120225759 8.459044871366238
985 4.019733784078833 -0.8073043448014237 6.461229939808159
986 3.59488800651832 -1.971491876876681 11.42022811739694
987 3.583758436914455 -1.991651441855341 9.420248116577721
988 1.70729612756151 -3.727618533703988 7.954497483675471
989 3.571809359432705 -2.013002210597129 7.422853169124148
990 2.545573906455175 -3.21404005680927 18.37272592523735
991 3.553728108388148 -2.044753415855319 5.435544799926365
992 0.8622959134420567 -4.008297114444129 6.491069158849657
993 1.692625846737348 -3.734302845640224 5.965130469371881
994 1.685930647072116 -3.737330310965703 4.97320388478835
995 2.192600869377218 -3.46446264629975 19.26655677472857
996 3.471569220701693 -2.181331507560609 19.22102966460695
997 0.8821988667853359 -4.003963681084366 18.46904042833399
998 3.856543781063021 -1.391786644836101 19.25409980232881
999 2.976951752793205 -2.819176876597398 2.268598218945139
1000 3.776297592737317 -1.596739330976205 13.16663717492381
1001 2.329236627063698 -3.374115696763365 0.7342393063747404
1002 3.394696103168438 -2.299138614162492 0.7142287612615882
1003 3.487281212202984 -2.156123778222411 3.454598439457925
1004 3.431894299415477 -2.243234610476476 2.47116516757989
1005 1.000634509024582 -3.97601943900544 0.7538139065765259
1006 3.975983623361891 -1.000776811660843 0.7544462048023441
1007 3.820980373299684 -1.486643530527277 3.939384142984262
1008 3.211720658378457 -2.548499639502633 18.63031975192889
1009 3.826036573987346 -1.473582075933052 4.948119523072491
1010 3.555922450009077 -2.040934964549689 14.69598242356671
1011 3.825125913589684 -1.475944357076066 5.927635314966268
1012 1.778775140477659 -3.694043719234883 18.64111163846183
1013 0.6833199958993295 -4.042656772866593 19.30463477491316
1014 3.827698007901811 -1.469261025245175 6.925024392777591
1015 4.042854905692533 -0.6821467668455365 19.30833047295829
1016 3.828977670830275 -1.465922916214614 7.92105315591356
1017 3.830933229705761 -1.460804774614386 8.919224043642149
1018 3.832332568629366 -1.457129741451543 9.917563135559501
1019 3.834939562890562 -1.450254649700093 10.91859633269472
1020 3.835633860927494 -1.44841737248158 11.82586794594323
1021 3.475269425141936 -2.175431548606767 13.33708767486153
1022 3.865021563841765 -1.368067363486956 16.99927946903452
1023 3.867911689744077 -1.359874685528456 17.89002644621621
1024 3.864859220633066 -1.368525924010053 16.00234542080805
1025 3.849210832471633 -1.411940497040521 15.06153313164002
1026 0.760732352712015 -0.7945352651312859 5.499999999989278
1027 0.7607323527120151 -0.7945352651312858 4.499999999992196
1028 0.7945352750079002 -0.760732342396536 6.499999999986361
1029 0.760732352712015 -0.7945352651312859 3.499999999995112
1030 0.7945352750078997 -0.7607323423965368 7.499999999983478
1031 0.760732352712015 -0.7945352651312859 2.499999999997474
1032 0.7945352750078993 -0.760732342396537 8.499999999982677
1033 0.760732352712015 -0.7945352651312859 1.499999999998741
1034 0.7945352750078999 -0.7607323423965364 9.499999999984061
1035 0.760732352712015 -0.7945352651312859 18.49999999999773
1036 0.7607323527120151 -0.7945352651312858 17.49999999999623
1037 0.7607323527120151 -0.7945352651312858 16.49999999999471
1038 0.7607323527120151 -0.7945352651312858 15.49999999999319
1039 0.7906969828724104 -0.7647210480145472 11.49999999987932
1040 0.7945352750079 -0.7607323423965362 12.49999999998862
1041 0.7931998644244647 -0.7621246453678105 10.4996911784176
1042 0.7906969828810558 -0.764721048005608 13.49999999999446
1043 0.7945352750078999 -0.7607323423965364 14.49999999999167
1044 0.8652263501365923 -0.6792520614832989 19.24229281715407
1045 0.8652263502035982 -0.6792520613979471 0.7577071830229577
1046 0.4161535144902738 -1.018241745548371 19.53669704756003
1047 0.4209517767410307 -1.016267485290447 0.4654699242320901
1048 -0.7607323423965364 -0.7945352750078999 6.499999999986361
1049 -0.7945352651312858 -0.7607323527120151 5.499999999989278
1050 -0.7945352651312858 -0.7607323527120151 4.499999999992196
1051 -0.7945352651312859 -0.760732352712015 3.499999999995112
1052 -0.7607323423965368 -0.7945352750078997 7.499999999983478
1053 -0.7945352651312859 -0.760732352712015 2.499999999997474
1054 -0.7945352651312859 -0.760732352712015 8.499999999982677
1055 -0.7945352651312858 -0.7607323527120151 1.499999999998741
1056 -0.7945352651312853 -0.7607323527120156 9.499999999984059
1057 -0.7945352651312859 -0.760732352712015 18.49999999999773
1058 -0.7945352651312858 -0.7607323527120151 17.49999999999623
1059 -0.7945352651312858 -0.7607323527120151 16.49999999999471
1060 -0.7945352651312858 -0.7607323527120151 15.49999999999319
1061 -0.7906969741929261 -0.7647210569888548 10.50000000369792
1062 -0.7945352651312856 -0.7607323527120152 11.4999999999871
1063 -0.7906969742015876 -0.7647210569798992 12.49999999638389
1064 -0.7945352651312858 -0.7607323527120151 13.49999999999015
1065 -0.7906969742016041 -0.764721056979882 14.50000000360072
1066 -0.6792520614832989 -0.8652263501365923 19.24229281715407
1067 -0.679252061397947 -0.8652263502035984 0.7577071830229577
1068 -1.018241745548371 -0.4161535144902738 19.53669704756003
1069 -1.016267485290447 -0.4209517767410307 0.4654699242320905
1070 -0.7945352750078999 0.7607323423965364 6.499999999986361
1071 -0.760732352712015 0.7945352651312859 5.499999999989278
1072 -0.7607323527120151 0.7945352651312858 4.499999999992196
1073 -0.760732352712015 0.7945352651312859 3.499999999995112
1074 -0.7945352750078997 0.7607323423965368 7.499999999983478
1075 -0.7607323527120146 0.7945352651312861 2.499999999997474
1076 -0.790696982893959 0.7647210479922666 8.49999999995304
1077 -0.760732352712015 0.7945352651312859 1.499999999998741
1078 -0.7931998644257811 0.7621246453664405 9.500308822944351
1079 -0.760732352712015 0.7945352651312859 18.49999999999773
1080 -0.7607323527120151 0.7945352651312858 17.49999999999623
1081 -0.7607323527120151 0.7945352651312858 16.49999999999471
1082 -0.7607323527120151 0.7945352651312858 15.49999999999319
1083 -0.7647210569798821 0.790696974201604 12.49999999637958
1084 -0.7945352750078999 0.7607323423965364 10.49999999998558
1085 -0.7607323527120151 0.7945352651312858 11.4999999999871
1086 -0.7607323527120151 0.7945352651312858 13.49999999999015
1087 -0.764721056979882 0.7906969742016041 14.50000000360072
1088 -0.8652263501365923 0.6792520614832989 19.24229281715407
1089 -0.8652263502035982 0.6792520613979471 0.7577071830229577
1090 -0.4161535144902738 1.018241745548371 19.53669704756003
1091 -0.4209517767410307 1.016267485290447 0.4654699242320901
1092 0.7945352651312858 0.7607323527120151 6.499999999986361
1093 0.7906969741824773 0.7647210569996584 5.499999999989279
1094 0.7931998551157159 0.7621246550561185 4.499691177256417
1095 0.7938525179743522 0.7614447975433157 3.499939631905866
1096 0.7945352651312856 0.7607323527120152 7.499999999983478
1097 0.7945352651312859 0.760732352712015 2.499999999997474
1098 0.7945352651312859 0.760732352712015 8.499999999982677
1099 0.7730275704724555 0.7825780314380496 1.591855350783026
1100 0.7607323423965364 0.7945352750078999 9.499999999984061
1101 0.7607323423965364 0.7945352750078999 18.49999999999773
1102 0.7607323423965364 0.7945352750078999 17.49999999999623
1103 0.7647210479858428 0.7906969829001718 16.5000000001068
1104 0.7621246453640992 0.7931998644280307 15.49969117573166
1105 0.7607323423965372 0.7945352750078991 10.49999999998558
1106 0.7607323423965364 0.7945352750078999 12.49999999998862
1107 0.7607323423965365 0.7945352750078998 11.4999999999871
1108 0.7607323423965364 0.7945352750078999 14.49999999999167
1109 0.7647210480056752 0.7906969828809908 13.50000000001133
1110 0.8652263495490279 0.6792520622317342 19.24229281431252
1111 0.8652263488661713 0.6792520631015517 0.7577071838378634
1112 0.4161535219444954 1.018241742501844 0.4633029490792557
1113 0.4209517775737798 1.016267484945511 19.53453008180406
1114 1.647759382329521 -0.6970999920166663 20
1115 -0.7017263361219573 -1.64306639701787 20
1116 -1.612518403711171 0.6679269960595514 20
1117 0.7152460721125654 1.644097367262116 20
1118 1.612518407812987 0.6679269904262377 20
1119 0.7421393007728059 -1.502023087161623 20
1120 -1.612518407812987 -0.6679269904262377 20
1121 -0.6679269904262382 1.612518407812987 20
1122 -2.312926213946538 2.29863338870883 20
1123 2.260875193922424 -2.319377475247412 20
1124 2.287313656800268 2.277110240681536 20
1125 -2.287313656800269 -2.277110240681536 20
1126 3.291600606466741 -0.4110824265187251 20
1127 0.3671443472740641 3.258496218109144 20
1128 -3.258496218109145 0.3671443472740625 20
1129 -0.3671443472740641 -3.258496218109144 20
1130 -1.043566202129119 3.008395519350084 20
1131 3.138767139428161 1.180678296273717 20
1132 -3.138767139428161 -1.180678296273717 20
1133 1.080790250763106 -3.061336344340446 20
1134 0.3618820998192085 -3.400069728664755 20
1135 0.2033847516610478 -2.660594454513945 20
1136 -0.5891053742172508 -2.478786456418499 20
1137 -1.183007170300375 -3.106371389719222 20
1138 -1.448982266362472 -2.320209000198032 20
1139 -1.527861072852916 -1.525950125132653 20
1140 -2.338808307695725 -1.469570666185924 20
1141 -2.409828830150362 -0.6753945151441759 20
1142 -1.982969239419314 -0.0006553328049720788 20
1143 -2.535199969481568 0.7090298332510063 20
1144 -2.008648549142613 1.438676814403142 20
1145 -2.849160017397547 1.635515181945391 20
1146 -1.432677099022778 2.15873981425086 20
1147 0.8660549866953859 -2.241789781042399 20
1148 1.49825337446333 -1.794683302732859 20
1149 -0.3781733399405826 3.419834875173174 20
1150 -0.1954840178569434 2.701830129011956 20
1151 0.5926754524682737 2.470167379299066 20
1152 1.183162057077196 3.105997453637057 20
1153 1.449730422556871 2.319863569346417 20
1154 1.53023905488375 1.526064381698091 20
1155 2.338808307695725 1.469570666185924 20
1156 2.409828830150362 0.6753945151441748 20
1157 1.988842735855706 -0.004206833187880686 20
1158 2.495997325547206 -0.6403632850304318 20
1159 3.274123957768421 0.4013691718798486 20
1160 -3.268606559708823 -0.4086921850872927 20
1161 1.844494584677758 -2.928879987335273 20
1162 2.158779042068104 -1.404492560415696 20
1163 3.08883788653974 -1.181154028236374 20
1164 -1.830666379671738 2.89755508122326 20
1165 0.06199372857364073 -1.9227843108473 20
1166 -1.297657536072691 1.29765754119551 20
1167 2.932874106716853 1.852518146291137 20
1168 -2.932874106716853 -1.852518146291137 20
1169 -0.02804998390673774 1.880912581078707 20
1170 1.851087528468052 2.920490541614812 20
1171 -1.850906919873808 -2.920634415001568 20
1172 -2.691020163373842 -0.001713570502274386 20
1173 2.692078691157687 0.004222228457397181 20
1174 -0.7481295210028029 2.272082279111511 20
1175 2.890415660760728 -1.90631725942138 20
1176 -3.302021618190046 1.0565553418942 20
1177 1.364949711184016 -1.235223280930186 20
1178 1.510093678104401 -2.469213378139677 20
1179 0.04525550057427685 -0.02440353233256584 0.8975502879639671
1180 -0.02440353162767556 0.04525550154212632 19.10244971301686
1181 0 0 4.249999999992924
1182 0 0 6.749999999985631
1183 0 0 2.749999999997022
1184 0 0 8.249999999982364
1185 0 0 17.24999999999585
1186 0 0 11.74999999998748
1187 0 0 15.74999999999357
1188 0 0 13.74999999999053
1189 -1.110223024625157e-16 0 10.25014807544954
1190 -1.110223024625157e-16 0 5.274999999992268
1191 -0.03124999999857303 -0.01325342215584825 14.74999999999205
1192 0.01317838158047158 -0.03119447169957712 9.250074037715951
1193 0.03124999999857303 0.01325342469854404 12.74999999998901
1194 -2.524942389147016 0.2970518039850406 1.499999999998741
1195 2.524942388978895 -0.2970518067655232 18.49999999999773
1196 1.219973457719911 -2.265166754223693 18.50071513258948
1197 -2.52368593975728 -0.327393491894099 18.49999999999773
1198 -1.219951102256245 2.265230067240263 1.499344384823639
1199 2.523685939859007 0.3273934891937418 1.499999999998741
1200 -0.9635517328505647 -2.356043953468342 2.621252579474184
1201 -0.9104305149575778 -2.375069568375877 18.41483022804259
1202 0.890918270696321 2.39596305377358 17.44507324638423
1203 0.466547376538398 -2.480192746717923 1.499999999998741
1204 -0.466547374414094 2.480192747291882 18.49999999999773
1205 2.393329246970841 -0.8881204465048181 11.37219911686593
1206 0.882011754641116 2.396568056924127 11.37218426859407
1207 2.261353831443504 -1.193033618889326 16.94163766272285
1208 0.8939713570584789 2.386087501838556 3.446275366066716
1209 2.385904473588819 -0.8942894807189179 3.446816535115998
1210 1.289415327811342 2.239273376525793 12.91345627345679
1211 2.24366903866161 -1.268601439649082 12.90735066914828
1212 -0.904285822244222 -2.38550962525563 16.52537010487516
1213 -2.385509625346284 0.9042858242557157 16.52537010450798
1214 -2.38173774297075 0.9134804276527143 3.515013223452705
1215 -0.8926115501468722 -2.38697095612453 13.54877866844298
1216 -2.386970956173808 0.8926115498383903 13.54877866791934
1217 -0.8947800873948453 -2.386485103337593 11.55255429533836
1218 0.8995505298043376 2.387329579861104 6.426201075139658
1219 -2.386485103326707 0.8947800876300883 11.55255429571957
1220 -0.8956952144975266 -2.386547743982655 9.553965992957083
1221 -0.9095412713389824 -2.38295829616488 4.500085086009945
1222 0.8973527436332216 2.382536219178018 8.440678115142187
1223 2.378418392638189 -0.9239663775095479 5.437860332096167
1224 -2.385479203911533 0.861278217843656 5.499999999989278
1225 -2.39784652356789 -0.9325319957937378 16.50351523618729
1226 -0.9325319950880351 2.397846523587814 16.50351523757116
1227 2.404061724369127 -0.8880960834956972 8.419982431395985
1228 -0.8581993891343457 2.384677012918161 9.499999999984061
1229 0.903471739380074 2.389542413212865 1.578837847558801
1230 0.8605850385349354 -2.38385579094779 6.499999999986361
1231 2.398720207043817 0.8743847511542018 3.387119238154602
1232 0.8738642334292389 -2.399047002970372 3.386094924901081
1233 0.8488893217695141 2.401309686001864 15.57043107515448
1234 -2.400900247734453 0.9026581825121338 9.553961493757283
1235 -0.8606193078829829 2.383936046773194 7.499999999983477
1236 -2.383936047019421 -0.8606193079881217 7.499999999983478
1237 -0.8816169394753772 2.397082740596164 14.61553218692913
1238 -2.397082740552623 -0.8816169406038091 14.61553218868193
1239 2.404572391660142 -0.8331194087135891 14.4514623301017
1240 2.396651419372555 0.883671274438374 5.381059009616475
1241 0.8605143706516338 -2.38369029292936 8.499999999982675
1242 2.383842902388381 0.8605795351009022 10.49999999998558
1243 -2.407271492190587 0.8023012698806633 7.499999999983478
1244 0.8581508302504304 -2.384563015560725 10.49999999998558
1245 -0.8023005302478179 -2.407269650201707 7.499999999983478
1246 -2.397620771458682 -0.8832162208914414 12.61764536444625
1247 -0.8832162214492737 2.397620771485331 12.61764536528197
1248 2.380392631620116 0.8591062647270553 14.49999999999167
1249 0.8591062646851534 -2.380392631521989 14.49999999999167
1250 0.8588132518919167 -2.379706421106587 12.49999999998863
1251 2.379706421076754 0.8588132518791772 12.49999999998863
1252 -2.400155012447061 -0.8073207898661401 10.49999999998558
1253 1.413354878887122 2.163017857009308 4.935364264076286
1254 2.08764433558978 -1.525578759686262 2.018822732487287
1255 -1.42177550269554 -2.151518647270694 15.03490665024896
1256 -2.151518646811033 1.421775503151243 15.03490664940033
1257 -2.400670776588921 -0.7996508366048442 3.499999999995112
1258 -0.7996508365848103 2.400670776539028 3.499999999995111
1259 -0.7998770931933165 2.401234248201901 5.499999999989279
1260 -2.401234248196237 -0.7998770931910415 5.499999999989279
1261 2.401803771352735 0.8001057797183915 7.499999999983476
1262 1.404710350499582 -2.166553666239335 4.999999999990737
1263 -2.241292221110907 1.174945861792094 18.08056722487775
1264 -1.383526177599535 -2.18205227557628 6.012076993376205
1265 2.377020179468785 0.9063701636789741 17.42260600220941
1266 -1.415622916695935 2.150100021711835 10.97517252653382
1267 2.181336152382333 -1.400253074870034 9.895296360383474
1268 -2.164118385621924 -1.409437573603566 8.999999999983368
1269 1.416549385557817 2.164994357384336 9.910263222467773
1270 2.177757725416842 -1.402379842174565 6.936727423264478
1271 1.415048670124233 -2.154120566352288 15.99999999999395
1272 -2.113597100832043 -1.470203183349191 1.999999999998108
1273 2.112480023674317 1.50975940576542 15.92102534480523
1274 2.205090487514402 1.19024430103314 8.991621183629256
1275 -2.080085577422121 -1.610856684751704 17.82306301185122
1276 1.856686925014048 1.85731807640932 18.49758550502947
1277 0.4752421534589572 -2.551221248694815 17.18547809952662
1278 -1.891780136916973 1.879578425407739 8.509243010258821
1279 -1.906455575192105 1.871352104671008 6.526700725485967
1280 -1.85023632535662 1.896448732498536 4.535048983662653
1281 2.6 -0.2088547947522415 15.82814533398279
1282 2.093420962585131 1.634728309421908 2.119541321012388
1283 0.5119999776876578 2.610664045729297 14.13452339520993
1284 -1.061814365605667 -2.626587963710068 1.27978051856122
1285 -2.235355138490147 1.522002766786678 2.211568520846163
1286 2.756303166498018 -0.1455429052092164 9.574305095602449
1287 1.837909282172385 2.089213926575165 7.433974798932423
1288 -2.732076385461956 -0.1553369785429656 8.67557324419518
1289 -1.837965841555067 -2.093496456070968 10.55368262293282
1290 0.1658209966559738 -2.743467661327666 5.33144706079076
1291 1.759174601334045 2.115735817548449 14.54248976843337
1292 0.2008376256699519 2.768891884699516 4.597211892559458
1293 2.7664055160085 -0.1826865755900565 6.565622329871855
1294 -0.1896263238646336 -2.75165317192598 15.3663228803234
1295 -2.767333736093756 0.2224941784817037 15.37527289167229
1296 -1.893998234088877 -2.073754985928383 3.592429100166491
1297 -1.82044301144774 -2.139661247396624 12.55173335789931
1298 -2.139661247612508 1.820443011510242 12.55173335808851
1299 -0.2331199337273682 2.784578995979311 10.66134379988182
1300 2.801336084614402 -0.05426131978419935 4.456656432814171
1301 2.094481824604233 1.759545135095031 11.50020050312843
1302 2.756208320770409 0.9541331252114567 18.81944926715299
1303 1.756522839243883 -2.098603684551722 11.49901406153416
1304 -1.555804053713787 2.289252317195688 17.70778914379316
1305 -2.821016697925548 0.05310084501829671 4.484741862628019
1306 -0.2125931899537381 2.767466251916844 2.302777849005905
1307 -2.841759968392124 -0.0004365028245189286 6.499999999986361
1308 0.9449861608245299 2.735084704982885 18.78042383112104
1309 2.324188474895138 -1.580556544596362 18.70689075364621
1310 2.792321155946709 -0.1090021115764883 13.36498792232813
1311 -2.099215600524688 -1.909164609277445 13.82923233773938
1312 -1.909164609150877 2.09921559981311 13.8292323378628
1313 2.104033246224906 1.917768647277893 6.150621972387112
1314 -2.086129499992806 -1.928263886623776 4.890753690075554
1315 -2.801602109922345 -0.8886466106945576 1.153149044741145
1316 -2.846847794124008 -0.02032512977730572 17.29264033371012
1317 2.003861627519029 -1.993933979760721 13.97875165711812
1318 0.3759227200458587 2.814657073349483 9.53147175855668
1319 -1.977113516164353 -2.026625664723573 7.880272188470863
1320 -1.477783719340214 1.710540182331009 18.86656328217682
1321 1.992813955950436 -2.029893227463911 3.875872344456556
1322 2.036107202035923 2.001556386110094 3.842134049513239
1323 2.414912487311575 -1.459361895513484 15.57771830587424
1324 -0.2777240464253966 -2.891111611120623 3.534257692794903
1325 -2.861158388125774 -0.2943826076602415 11.57911938921585
1326 2.882439950531856 -0.03915554123456627 2.656974332861062
1327 1.998062177671471 -2.036294210961266 8.031988203216457
1328 0.2824806747524442 2.888636129770497 12.39572092580566
1329 -2.887894232425597 -0.2718126640022656 13.61623209980647
1330 1.704143825443966 -2.26644342356024 17.32726748407662
1331 0.2122546270853761 2.923666556587065 16.52399389859333
1332 -2.408785362919957 -1.535006045713394 11.53411465214652
1333 0.3057759807041199 2.865265437143615 7.433935918861697
1334 -2.090932416230603 2.013097737128356 3.331007156315863
1335 -2.014551304096026 2.057013773928424 9.872499242156398
1336 -2.868054487831906 0.06925310754219088 2.700955859828423
1337 -0.2989992596527017 -2.87268584088729 12.54990217622587
1338 -0.3019607838200716 -2.871400749621766 10.55300368799168
1339 2.888333806157297 0.2704602119076005 11.5005273072136
1340 -0.2989781320983002 -2.872366143602591 8.556789383139389
1341 1.559446512861962 -2.567054140572421 1.089727445781582
1342 2.270561380081816 1.687604064133257 13.45906743328463
1343 -2.021233951464462 -2.045564377612089 16.1131083516409
1344 -2.045564376224516 2.021233952572006 16.11310835025705
1345 0.1712087248203188 -2.884784355106918 18.77261745859216
1346 -2.382660161244139 -1.584857407204713 6.476995840522878
1347 2.031131751864624 2.05320196532203 17.0490563575692
1348 -0.2725949581392599 -2.900027974481946 6.486434065660126
1349 -0.3177213310422959 2.89337927002332 8.506016901269103
1350 -2.648633375144157 1.396202787729925 1.077802120375521
1351 -2.897437965300122 0.3165098255504023 10.51330660990637
1352 1.585764654320899 -2.409233191409137 9.500847520216563
1353 -0.4675817367357512 2.990690716541119 1.054335095847947
1354 2.963037473686955 0.2051821306899182 8.415866076170127
1355 2.917871407244572 -0.208757586506047 17.32372711432814
1356 2.812345031779938 -0.8572982141593254 1.212675202135681
1357 1.976286956688408 -2.215699115467795 6.064650781908673
1358 -2.877838630379542 0.4235799888778316 12.55003625635753
1359 1.463499039852055 -2.565583216464837 2.31764481627919
1360 0.1808125340952799 -2.945670154763708 13.6644504991428
1361 -0.1841039719960853 2.983202610809459 15.39438196040808
1362 0.349554502696253 -2.907264664346867 7.529989552966842
1363 -0.1458852858961354 2.960072305695466 6.330712406358678
1364 0.2654295235364715 -2.142934495486758 11.4999999999871
1365 0.2652115575597264 -2.14367863596557 9.499999999984059
1366 -2.007284688322068 -2.213853786589186 18.84573082504543
1367 -0.506038362819945 2.89142905041217 13.61642054532831
1368 2.178219905600607 -0.2685195165437989 12.32681509106876
1369 -0.02931713237308012 -3.01198836514847 2.405940620841965
1370 -1.76547062202896 -0.9684709693241524 18.95928342099245
1371 -0.4250641452304263 2.103512474268489 11.58728096288682
1372 2.852296270283023 1.063281346162271 6.448158991059058
1373 -0.2445428872749141 2.158939007180949 17.40711230439681
1374 -1.633166460785233 -1.010208997066312 1.050755349468245
1375 0.213809962362348 -2.191678596844578 4.311061218146256
1376 -1.018737315055799 -1.895256020057202 8.514203835825967
1377 -1.87890080333772 1.138744977191769 10.55049102155956
1378 -2.079414666672198 0.5637683117712478 18.99576494249223
1379 -1.526361376725358 -2.543860211438818 17.46899090886922
1380 -2.433288079766964 1.838599317707128 17.1579532209566
1381 -1.932936049575448 0.65661565506274 8.535089225458583
1382 2.028876886631047 2.235886096464265 8.555121080973501
1383 0.3081300380831336 2.07873147478172 5.499999999989278
1384 1.832526146725259 2.461191513797009 2.843646281718267
1385 -2.135236531547392 0.2114053027470536 14.42705651167643
1386 2.748016094714865 1.298693160633861 4.38249806720213
1387 1.479958057220462 -1.518615763365398 2.999999999996293
1388 2.092976802254451 -0.3033097094165273 7.484900128848329
1389 1.868992190232219 1.18969413743225 1.064249260784244
1390 -1.174313852553628 1.858027291174096 2.566384690633254
1391 2.08910941633578 -0.2329084396613389 10.49999999998558
1392 1.790645582874962 -0.9467993004616011 17.93872900344659
1393 1.86159395246091 -1.055120167024483 4.43820512077308
1394 1.93154341515528 -2.370077525638253 12.89985674060613
1395 -2.852034597131193 1.141746054243733 6.504175209723992
1396 -1.173165996099916 2.822397480534718 4.499839021505088
1397 -2.83575018928784 -1.153866614643581 4.499837442890919
1398 -0.4196338694473382 -2.036163877963157 14.51753691030413
1399 -0.6481082008888273 1.886253562004187 6.499999999986361
1400 0.9363557237654667 1.710946031457093 18.95809192547439
1401 0.6431052826200855 -1.889475622834644 13.49999999999015
1402 -2.759096713779015 -1.438265252083582 15.5220225079763
1403 -1.43826525045589 2.759096715519033 15.52202250655359
1404 -1.884814315788972 0.68463511643972 4.503114906526789
1405 1.44491206552246 -1.545921043972326 14.99658560066426
1406 0.511192949779078 -1.888802705065374 19.15970337522016
1407 1.01116588335212 -1.872847871696895 7.499963043296169
1408 -2.099487409325362 -2.189165776294239 1.118523341545661
1409 1.907694530578218 0.6159575258862277 13.49999999999015
1410 -1.386175420371747 -1.585317392538993 6.99999999998492
1411 -2.025673445025026 -0.4165026395543435 9.512629495358087
1412 1.575692654482797 -1.43056361937213 8.949973910012861
1413 0.9600040485599807 -1.730062824659878 0.9856895639263885
1414 -2.424548488407762 1.925006497071884 7.521655715023935
1415 2.440207235781686 -1.853186646746447 0.9838735882087379
1416 -0.654836452163892 -1.860602509605151 17.46804990122613
1417 -0.4966914800474408 -2.959658491437882 17.56119891204627
1418 -0.6670783618697471 -1.859850653957112 3.56022324156502
1419 -0.5101861900158624 1.88717530811118 0.8388952166692133
1420 -1.904549099354329 -0.8012987999895994 13.61639113117056
1421 2.483966861753013 1.804889204246651 9.893712817855647
1422 -2.373087955715946 1.97744084462756 5.518088244036922
1423 -1.907695261949817 -0.5669578710570758 17.49999999999622
1424 -1.621914563833555 1.469607026185033 0.9743117014263966
1425 2.857904180688843 0.7651313495834285 16.3858069644705
1426 1.961139431852761 2.426745897318847 1.181461148477345
1427 1.965812115484454 0.5332226039376936 2.430368136270244
1428 -2.551800556056434 1.707362426367048 18.96570477012799
1429 -0.7776904355933003 1.878684640050086 8.510712959132677
1430 0.4776916154017117 1.98032541250067 10.44325689250234
1431 1.089456114608161 1.850214369264713 16.50126571545963
1432 -1.287480268629563 2.808486423023379 6.551571605400105
1433 -1.89896665449204 -0.5861454404552889 6.499999999986361
1434 -1.889379552092324 0.5943467630966431 6.499999999986361
1435 -0.6388465284858478 1.890594864532248 15.56696232719075
1436 -1.890594863759328 -0.6388465282894802 15.56696232736418
1437 3.095197866941738 0.03100819865156978 5.525398556602183
1438 1.912199499817005 -2.528156375307829 19.12257095491952
1439 -2.875247125649079 1.168409861408394 4.467748957070025
1440 -0.7509298851429576 -1.865342155314125 12.58541305077831
1441 0.7586298038528956 1.858871359382595 7.385931906320455
1442 -0.7574979099056213 -1.865502673339066 10.58803217561615
1443 0.6221616702140016 -2.956739673574576 16.13434311270633
1444 2.81831337504521 -1.200471328879117 17.84646072374911
1445 -1.50934635333884 -1.484800642690162 16.8994138340837
1446 -1.885357787732891 -0.5927318789002795 4.499999999992195
1447 -1.912199502156547 2.528156375167773 0.8774529494969634
1448 -0.5924416567774216 1.884635015729682 4.499999999992195
1449 0.0541851467444693 3.110250744950088 3.499999999995112
1450 -2.372869723474073 1.992047235212237 11.49151039736172
1451 -1.994386000675197 -2.373660068885156 9.501503486942074
1452 1.849103055327845 0.6322448833289509 11.4999999999871
1453 1.881237972289269 0.6285012541969961 4.44630249114769
1454 0.6413520414955202 1.855307385217519 2.510262085503316
1455 0.3919337831728973 -2.002490948085502 2.484335805036018
1456 1.52572589107792 1.438799055692309 3.061350492384659
1457 -2.940703339270807 -1.089680930168477 17.42584035635186
1458 1.023439565550966 -2.938211225663318 4.325568255664288
1459 -1.945744897161744 -0.5014229829694324 2.499999999997474
1460 0.05287956369097854 -3.120358577938398 0.8784770858107634
1461 -0.05287956364217661 3.120358578343176 19.12152291478142
1462 1.871810992772234 0.5872922941156625 6.499999999986361
1463 -1.848045175402709 0.7727877721761411 12.61004397321648
1464 -2.91205881845389 1.141863649075922 8.554561835313965
1465 0.2232778612737039 2.148286227590566 13.19194845387753
1466 2.946616874015143 0.9737646180487114 2.265811855921692
1467 -0.8597288708515822 1.864392887582436 13.66774683356879
1468 2.94672435295749 -0.882303299741149 10.44828830935462
1469 -1.416004723110999 1.534211873179385 16.94373688172468
1470 0.9317282133993077 2.954056110654504 10.45502854553502
1471 3.109547472674971 0.02254328075119665 14.49999999999167
1472 2.432210338784106 -1.852975828647799 4.889903840464428
1473 1.714687213157906 2.623860660745209 12.00750636149783
1474 -3.101041191234577 -0.03905828694012673 7.560241952205693
1475 -2.93975620149729 0.932968587477201 14.47791358673128
1476 2.617793339443398 -1.718751349679366 12.01023462332134
1477 1.778008576572286 -2.516388382255757 7.086235115950021
1478 1.034931623060209 -2.925128786162614 11.562270923703
1479 -0.9950369034150766 -2.954031312324899 14.45807464446801
1480 0.9457313471027569 2.946050250024505 5.507219058555776
1481 -1.729310562297753 -2.613130191804558 6.977585286134957
1482 -0.2698609152243743 -2.18865681700822 0.888181480631712
1483 1.822974479145193 0.7281909185066483 18.32980581943033
1484 1.7296119808451 2.615343838762849 16.12917303638284
1485 -1.635391274044 2.664894717327485 11.89500752078396
1486 -0.8899607537424961 -2.937635499225987 5.423562967590835
1487 2.531335937622095 -1.786625192699615 10.82149651221895
1488 0.4875072392096568 -1.922410652790856 15.49999999999319
1489 1.92723475984005 0.5522540171997473 15.43979148882309
1490 1.910274332565113 -0.5609415077276647 2.514107114692059
1491 -1.921478174792133 0.571235795832048 2.604934563691675
1492 -3.127686873484737 0.4176452099660291 18.9499205421862
1493 1.194834026218453 1.641135780903129 12.04100332884323
1494 1.639555927407948 -1.20066265912967 12.04327350119671
1495 -2.633415107876965 -1.675458133267182 2.919622663236855
1496 -1.406727496898601 2.737178380332453 19.05673211679422
1497 0.917357583234341 2.930270808387491 2.513655003051709
1498 -1.854075651765661 -0.6254029938371044 11.43118087298305
1499 2.615508056902125 -1.808390646490843 2.975760661674112
1500 -1.323323015386582 1.612952607486664 11.89424832695814
1501 -3.085644123767409 -0.3323118772765215 9.676078783206584
1502 -0.4845833020982083 -1.91157691297505 5.499999999989278
1503 1.062540586174791 1.756576417966905 13.82588318984859
1504 -0.7752384033912102 -1.76233148304539 1.786104388766656
1505 -1.95533683060698 -2.500196341106098 11.55697284475904
1506 0.2810875774636835 3.068139247987681 18.01089227119961
1507 -2.668999047412162 -1.653541234571216 9.907958358726114
1508 2.953485970869397 -0.9363902053756568 7.504850936201048
1509 1.640603285521106 1.266793846678012 8.087352699647463
1510 3.127075315060961 -0.008207761221312282 19.16446054137638
1511 -2.723246907187776 -1.37960078752153 18.66366759723567
1512 -1.390657746264505 2.830476961381082 8.535903115112449
1513 2.645258969470472 -1.734931152297619 9.005782919695836
1514 -3.162965710375998 0.1314909366332787 5.491751617193612
1515 1.83452477787811 -2.556015689801607 14.93940237380934
1516 1.736160226295281 -0.8379045412907916 16.09655657683654
1517 -2.001109697428604 -2.449950860748869 2.626830864590005
1518 2.381317306421394 -2.098922477515751 16.41681926708024
1519 2.921364905955374 -1.097521254540918 4.335350353186387
1520 -3.127075313482751 0.008207760831847601 0.8355394580563573
1521 1.248211945957935 -2.821808505539659 13.59845259053364
1522 2.420550566814982 1.943314618207968 5.147242961915894
1523 -3.104123243233197 -0.1837040186443676 16.28557234753733
1524 -2.983624900499219 -0.8783396356821931 2.210695730216338
1525 1.812381707111377 0.610415177808375 16.49999999999471
1526 1.813257275187627 2.511693338148925 10.82071969935019
1527 3.108340404823001 0.02279655485814945 0.8366664867959991
1528 -1.607274541524406 -1.307855574678808 9.889494982175316
1529 -1.484502270509921 -1.473171460038893 2.83785483395389
1530 3.180297538888215 0.1449281573502134 10.49506814128599
1531 -0.07764128693687999 -3.143083134887412 9.555360630714221
1532 1.608113783927911 -1.310323128203669 10.83864640830277
1533 -1.854097709985618 0.6415933428734562 15.66415517316242
1534 1.006599626415239 1.649055027639554 0.9369873839870442
1535 2.988800820441624 -1.04095785866488 2.366818817149139
1536 1.396011277310412 -1.523433455891707 19.0845693012542
1537 1.799160124885998 -1.059172982161379 0.9256767344280753
1538 -0.6398916289881866 -1.855634863515697 15.66332301660319
1539 1.557445380763608 -1.261011736426954 5.989979677095805
1540 1.245062927576771 1.60253529158525 9.044979412741851
1541 0.6342774142905194 1.865853376146286 4.310753532783429
1542 0.627997780790891 -1.851519244846242 5.628316642712948
1543 -0.6166383611465684 1.858006522251232 10.36908322021458
1544 -0.07592630708535134 -3.144025544385095 11.55094487259973
1545 -1.942510689458273 0.4844152738719254 17.36519986281473
1546 2.630857400152321 1.747754119440991 15.0250581962677
1547 -1.849185016526413 -0.6316704459636897 8.371909495240571
1548 1.878129496854798 -0.5646725678476191 13.58876241202538
1549 -2.861853817516314 -1.302913416167569 13.45350879847489
1550 -0.7299321856876282 -2.940323667256391 19.16980303692299
1551 1.546597702992424 1.458915518610642 10.66595210128518
1552 2.617062381961232 1.811899307967786 3.010588275707399
1553 2.802739245750592 1.445167757149219 0.8864969290564804
1554 -1.412397426803706 -1.529104101590556 11.82007898351529
1555 -0.5026484844337529 -1.88659587608325 6.540146056040509
1556 -1.421282830192763 1.582268314553611 5.654001118148147
1557 -1.462606166563201 1.546480834993116 7.623853394583352
1558 -1.289201745135226 -2.87521457857177 3.4324923510248
1559 -2.987807268262547 0.9983546421527378 17.3889182440813
1560 2.98321512065596 0.6484810381822201 15.34256240288217
1561 0.2747653295430734 -2.098173254959565 18.10003197288844
1562 -2.553202771428895 -1.917165029295679 16.97340379443141
1563 2.681737265847548 1.713941071030118 7.925769181870077
1564 1.830468170101689 2.592377596607212 19.10471910966486
1565 -1.189314634586653 2.903703028156544 2.664312656952188
1566 2.549056205385914 1.971245217572098 19.13865593069659
1567 -1.157130393769734 -2.909808720975793 15.67741162183898
1568 -0.8713587074528906 2.979069798009701 17.35590710357649
1569 0.361111249258787 2.009719022409003 18.19837428906866
1570 1.132951503333623 -2.919532472268348 5.656767681560175
1571 -2.901783307627237 1.186588676721857 15.68889947802742
1572 -2.922877081400722 -1.123801354824267 8.349193526510639
1573 1.942069067649897 0.3228214729946798 8.499999999982677
1574 -3.016200862343537 1.051359594106622 2.614884457829207
1575 1.509804785760308 2.860397366488299 13.6260748461612
1576 1.164683436548841 2.911510743277172 4.282394090713098
1577 2.365578737774246 1.972568701418069 12.47232376429919
1578 -0.6010249077010967 3.078120243411744 11.88986312484673
1579 -0.1982257500180052 -3.225067204458818 4.501465579342967
1580 -1.40521838943531 -2.806455844949245 8.232299833052188
1581 2.970495417594864 0.877297836441041 9.633325744561256
1582 2.956050647376669 0.9018632150062259 13.61732297706698
1583 0.2191030621667493 2.242125524209222 19.18869231714427
1584 -0.5831297411915473 1.810228782579814 19.1112789345031
1585 2.918847966541249 -1.152590637610272 6.276453289187154
1586 1.813919983636615 -0.532861098835949 9.499999999984059
1587 -2.865357582373353 1.309071037741025 10.75156550185253
1588 3.126679786162139 -0.5835332720775719 12.04237704381936
1589 1.059407079842314 -1.672629354396505 4.076877122119314
1590 1.192419687984246 1.653400524708341 5.7867305558908
1591 -2.401395699253857 -2.043950152593018 14.78944077861731
1592 -2.043950151546435 2.40139569972041 14.78944077841158
1593 0.1199444889565361 2.106847232471304 14.92578620246431
1594 -1.648185685129916 1.182838058647774 14.18431493076252
1595 2.986224518972621 -1.095181493261848 13.60453716235148
1596 1.181255216759789 -1.586181230387556 9.955445869706734
1597 1.94383570084814 0.4668836898698887 9.6636713337539
1598 -1.754794602788768 2.724074100662553 13.04127146311238
1599 -0.2631278506014662 -3.176621280837899 16.59180238673379
1600 3.190387216545108 0.2666702725890944 3.575151099794406
1601 -1.186847705758275 2.895777811115777 10.31864109464577
1602 -3.196096874670314 -0.2531766363783297 14.58522295724174
1603 2.641944288417855 1.807808096154889 17.83744468725378
1604 2.080262205439091 -0.7940737905618245 19.16723043052973
1605 0.04816416965915871 -2.03204301382816 16.41598237950873
1606 0.7299321854628893 2.940323666723641 0.8212864072437048
1607 0.9468941949940431 -1.664966069392688 16.99999999999547
1608 -0.4100703426580773 -2.029211455058879 19.20244362241633
1609 -1.978749049620146 -0.0166307738259034 16.49210909986014
1610 -1.966099098183506 2.499910927520616 2.148195231944646
1611 3.189549633062855 0.1605167721151814 7.424932136486706
1612 -1.396245494257303 -1.533276020000868 4.277052501782921
1613 2.064222337848644 -0.00741370535122976 5.710917671668208
1614 1.321553945639981 2.8707154475804 9.20568354027548
1615 1.538491377065931 1.415016979253748 17.65144007420204
1616 -1.182881277573113 -1.539170574658635 13.99840094803969
$EndNodes
$Elements
8846
1 2 2 187 1 1 25 320
2 2 2 187 1 28 1 318
3 2 2 187 1 318 1 320
4 2 2 187 1 25 2 320
5 2 2 187 1 2 26 320
6 2 2 187 1 27 3 319
7 2 2 187 1 3 28 319
8 2 2 187 1 26 4 317
9 2 2 187 1 4 27 319
10 2 2 187 1 317 4 319
11 2 2 187 1 26 317 320
12 2 2 187 1 28 318 319
13 2 2 187 1 318 317 319
14 2 2 187 1 317 318 320
15 2 2 184 2 5 29 366
16 2 2 184 2 52 5 333
17 2 2 184 2 333 5 366
18 2 2 184 2 40 6 334
19 2 2 184 2 6 41 367
20 2 2 184 2 334 6 367
21 2 2 184 2 34 7 335
22 2 2 184 2 7 35 341
23 2 2 184 2 335 7 341
24 2 2 184 2 46 8 336
25 2 2 184 2 8 47 356
26 2 2 184 2 336 8 356
27 2 2 184 2 53 9 325
28 2 2 184 2 9 56 321
29 2 2 184 2 9 321 349
30 2 2 184 2 325 9 349
31 2 2 184 2 10 54 322
32 2 2 184 2 55 10 326
33 2 2 184 2 10 322 364
34 2 2 184 2 326 10 364
35 2 2 184 2 11 53 323
36 2 2 184 2 54 11 327
37 2 2 184 2 11 323 372
38 2 2 184 2 327 11 372
39 2 2 184 2 12 55 324
40 2 2 184 2 56 12 328
41 2 2 184 2 12 324 376
42 2 2 184 2 328 12 376
43 2 2 184 2 29 30 337
44 2 2 184 2 29 337 366
45 2 2 184 2 30 31 374
46 2 2 184 2 337 30 374
47 2 2 184 2 31 32 331
48 2 2 184 2 31 331 374
49 2 2 184 2 32 33 377
50 2 2 184 2 331 32 377
51 2 2 184 2 33 34 344
52 2 2 184 2 33 344 377
53 2 2 184 2 34 335 344
54 2 2 184 2 35 36 338
55 2 2 184 2 35 338 341
56 2 2 184 2 36 37 368
57 2 2 184 2 338 36 368
58 2 2 184 2 37 38 329
59 2 2 184 2 37 329 368
60 2 2 184 2 38 39 382
61 2 2 184 2 329 38 382
62 2 2 184 2 39 40 370
63 2 2 184 2 39 370 382
64 2 2 184 2 40 334 370
65 2 2 184 2 41 42 339
66 2 2 184 2 41 339 367
67 2 2 184 2 42 43 375
68 2 2 184 2 339 42 375
69 2 2 184 2 43 44 332
70 2 2 184 2 43 332 375
71 2 2 184 2 44 45 378
72 2 2 184 2 332 44 378
73 2 2 184 2 45 46 359
74 2 2 184 2 45 359 378
75 2 2 184 2 46 336 359
76 2 2 184 2 47 48 340
77 2 2 184 2 47 340 356
78 2 2 184 2 48 49 371
79 2 2 184 2 340 48 371
80 2 2 184 2 49 50 330
81 2 2 184 2 49 330 371
82 2 2 184 2 50 51 352
83 2 2 184 2 330 50 352
84 2 2 184 2 51 52 383
85 2 2 184 2 352 51 383
86 2 2 184 2 52 333 383
87 2 2 184 2 323 53 346
88 2 2 184 2 53 325 346
89 2 2 184 2 322 54 384
90 2 2 184 2 54 327 384
91 2 2 184 2 324 55 361
92 2 2 184 2 55 326 361
93 2 2 184 2 321 56 373
94 2 2 184 2 56 328 373
95 2 2 184 2 349 321 350
96 2 2 184 2 350 321 351
97 2 2 184 2 351 321 373
98 2 2 184 2 364 322 365
99 2 2 184 2 365 322 369
100 2 2 184 2 369 322 384
101 2 2 184 2 343 323 345
102 2 2 184 2 323 343 372
103 2 2 184 2 345 323 346
104 2 2 184 2 358 324 360
105 2 2 184 2 324 358 376
106 2 2 184 2 360 324 361
107 2 2 184 2 346 325 347
108 2 2 184 2 347 325 348
109 2 2 184 2 348 325 349
110 2 2 184 2 361 326 362
111 2 2 184 2 362 326 363
112 2 2 184 2 363 326 364
113 2 2 184 2 327 354 355
114 2 2 184 2 354 327 372
115 2 2 184 2 327 355 384
116 2 2 184 2 328 353 373
117 2 2 184 2 353 328 381
118 2 2 184 2 328 376 381
119 2 2 184 2 355 329 369
120 2 2 184 2 329 355 385
121 2 2 184 2 368 329 385
122 2 2 184 2 369 329 382
123 2 2 184 2 351 330 352
124 2 2 184 2 330 351 353
125 2 2 184 2 330 353 371
126 2 2 184 2 331 345 346
127 2 2 184 2 345 331 377
128 2 2 184 2 331 346 347
129 2 2 184 2 331 347 374
130 2 2 184 2 332 360 361
131 2 2 184 2 360 332 378
132 2 2 184 2 332 361 362
133 2 2 184 2 332 362 375
134 2 2 184 2 350 333 379
135 2 2 184 2 333 350 383
136 2 2 184 2 333 366 379
137 2 2 184 2 334 365 370
138 2 2 184 2 365 334 380
139 2 2 184 2 334 367 380
140 2 2 184 2 335 341 342
141 2 2 184 2 335 342 343
142 2 2 184 2 335 343 344
143 2 2 184 2 336 356 357
144 2 2 184 2 336 357 358
145 2 2 184 2 336 358 359
146 2 2 184 2 337 347 348
147 2 2 184 2 347 337 374
148 2 2 184 2 337 348 366
149 2 2 184 2 341 338 342
150 2 2 184 2 342 338 354
151 2 2 184 2 354 338 385
152 2 2 184 2 338 368 385
153 2 2 184 2 339 362 363
154 2 2 184 2 362 339 375
155 2 2 184 2 339 363 367
156 2 2 184 2 353 340 371
157 2 2 184 2 340 353 381
158 2 2 184 2 356 340 357
159 2 2 184 2 357 340 381
160 2 2 184 2 343 342 372
161 2 2 184 2 342 354 372
162 2 2 184 2 344 343 345
163 2 2 184 2 344 345 377
164 2 2 184 2 348 349 379
165 2 2 184 2 366 348 379
166 2 2 184 2 349 350 379
167 2 2 184 2 350 351 352
168 2 2 184 2 350 352 383
169 2 2 184 2 353 351 373
170 2 2 184 2 355 354 385
171 2 2 184 2 355 369 384
172 2 2 184 2 358 357 376
173 2 2 184 2 376 357 381
174 2 2 184 2 359 358 360
175 2 2 184 2 359 360 378
176 2 2 184 2 363 364 380
177 2 2 184 2 367 363 380
178 2 2 184 2 364 365 380
179 2 2 184 2 365 369 370
180 2 2 184 2 370 369 382
181 2 2 190 77 1 28 9
182 2 2 190 77 53 1 9
183 2 2 190 77 1 53 25
184 2 2 190 77 11 2 25
185 2 2 190 77 2 11 54
186 2 2 190 77 2 54 26
187 2 2 190 77 12 3 27
188 2 2 190 77 3 12 56
189 2 2 190 77 28 3 56
190 2 2 190 77 4 26 10
191 2 2 190 77 55 4 10
192 2 2 190 77 4 55 27
193 2 2 190 77 9 28 56
194 2 2 190 77 26 54 10
195 2 2 190 77 53 11 25
196 2 2 190 77 55 12 27
197 2 2 186 99 13 57 466
198 2 2 186 99 60 13 469
199 2 2 186 99 13 466 469
200 2 2 186 99 57 14 468
201 2 2 186 99 14 58 468
202 2 2 186 99 58 15 468
203 2 2 186 99 15 59 467
204 2 2 186 99 15 467 468
205 2 2 186 99 59 16 469
206 2 2 186 99 16 60 469
207 2 2 186 99 466 57 468
208 2 2 186 99 467 59 469
209 2 2 186 99 467 466 468
210 2 2 186 99 466 467 469
211 2 2 188 112 29 588 5
212 2 2 188 112 5 588 165
213 2 2 188 112 7 589 34
214 2 2 188 112 184 589 7
215 2 2 188 112 17 596 137
216 2 2 188 112 183 596 17
217 2 2 188 112 142 598 18
218 2 2 188 112 18 598 202
219 2 2 188 112 30 588 29
220 2 2 188 112 31 584 30
221 2 2 188 112 30 584 542
222 2 2 188 112 542 588 30
223 2 2 188 112 32 470 31
224 2 2 188 112 470 584 31
225 2 2 188 112 33 585 32
226 2 2 188 112 32 585 470
227 2 2 188 112 34 589 33
228 2 2 188 112 546 585 33
229 2 2 188 112 33 589 546
230 2 2 188 112 137 490 138
231 2 2 188 112 137 596 490
232 2 2 188 112 138 578 139
233 2 2 188 112 490 578 138
234 2 2 188 112 139 471 140
235 2 2 188 112 139 578 471
236 2 2 188 112 140 579 141
237 2 2 188 112 471 579 140
238 2 2 188 112 141 581 142
239 2 2 188 112 579 581 141
240 2 2 188 112 581 598 142
241 2 2 188 112 165 489 166
242 2 2 188 112 165 588 489
243 2 2 188 112 166 491 167
244 2 2 188 112 489 491 166
245 2 2 188 112 167 478 168
246 2 2 188 112 167 491 478
247 2 2 188 112 168 549 169
248 2 2 188 112 478 549 168
249 2 2 188 112 169 483 170
250 2 2 188 112 169 549 483
251 2 2 188 112 170 575 171
252 2 2 188 112 483 575 170
253 2 2 188 112 171 473 172
254 2 2 188 112 171 575 473
255 2 2 188 112 172 561 173
256 2 2 188 112 473 561 172
257 2 2 188 112 173 481 174
258 2 2 188 112 173 561 481
259 2 2 188 112 174 563 175
260 2 2 188 112 481 563 174
261 2 2 188 112 175 475 176
262 2 2 188 112 175 563 475
263 2 2 188 112 176 560 177
264 2 2 188 112 475 560 176
265 2 2 188 112 177 482 178
266 2 2 188 112 177 560 482
267 2 2 188 112 178 556 179
268 2 2 188 112 482 556 178
269 2 2 188 112 179 477 180
270 2 2 188 112 179 556 477
271 2 2 188 112 180 539 181
272 2 2 188 112 477 539 180
273 2 2 188 112 181 486 182
274 2 2 188 112 181 539 486
275 2 2 188 112 182 580 183
276 2 2 188 112 486 580 182
277 2 2 188 112 580 596 183
278 2 2 188 112 185 487 184
279 2 2 188 112 487 589 184
280 2 2 188 112 186 544 185
281 2 2 188 112 185 544 487
282 2 2 188 112 187 480 186
283 2 2 188 112 480 544 186
284 2 2 188 112 188 554 187
285 2 2 188 112 187 554 480
286 2 2 188 112 189 472 188
287 2 2 188 112 472 554 188
288 2 2 188 112 190 568 189
289 2 2 188 112 189 568 472
290 2 2 188 112 191 484 190
291 2 2 188 112 484 568 190
292 2 2 188 112 192 567 191
293 2 2 188 112 191 567 484
294 2 2 188 112 193 474 192
295 2 2 188 112 474 567 192
296 2 2 188 112 194 565 193
297 2 2 188 112 193 565 474
298 2 2 188 112 195 485 194
299 2 2 188 112 485 565 194
300 2 2 188 112 196 566 195
301 2 2 188 112 195 566 485
302 2 2 188 112 197 476 196
303 2 2 188 112 476 566 196
304 2 2 188 112 198 557 197
305 2 2 188 112 197 557 476
306 2 2 188 112 199 555 198
307 2 2 188 112 555 557 198
308 2 2 188 112 200 479 199
309 2 2 188 112 479 555 199
310 2 2 188 112 201 548 200
311 2 2 188 112 200 548 479
312 2 2 188 112 202 488 201
313 2 2 188 112 488 548 201
314 2 2 188 112 202 598 488
315 2 2 188 112 470 547 543
316 2 2 188 112 543 584 470
317 2 2 188 112 470 585 547
318 2 2 188 112 471 578 573
319 2 2 188 112 573 591 471
320 2 2 188 112 471 591 579
321 2 2 188 112 472 592 554
322 2 2 188 112 568 594 472
323 2 2 188 112 472 594 592
324 2 2 188 112 540 571 473
325 2 2 188 112 473 575 540
326 2 2 188 112 473 571 561
327 2 2 188 112 565 601 474
328 2 2 188 112 474 600 567
329 2 2 188 112 474 601 600
330 2 2 188 112 475 563 537
331 2 2 188 112 537 564 475
332 2 2 188 112 475 564 560
333 2 2 188 112 557 558 476
334 2 2 188 112 558 583 476
335 2 2 188 112 476 583 566
336 2 2 188 112 535 553 477
337 2 2 188 112 477 556 535
338 2 2 188 112 477 553 539
339 2 2 188 112 491 492 478
340 2 2 188 112 492 493 478
341 2 2 188 112 493 549 478
342 2 2 188 112 548 605 479
343 2 2 188 112 479 607 555
344 2 2 188 112 605 607 479
345 2 2 188 112 480 550 544
346 2 2 188 112 480 590 550
347 2 2 188 112 554 590 480
348 2 2 188 112 481 561 538
349 2 2 188 112 538 562 481
350 2 2 188 112 562 563 481
351 2 2 188 112 536 559 482
352 2 2 188 112 482 560 536
353 2 2 188 112 482 559 556
354 2 2 188 112 549 577 483
355 2 2 188 112 483 576 575
356 2 2 188 112 483 577 576
357 2 2 188 112 567 599 484
358 2 2 188 112 484 597 568
359 2 2 188 112 484 599 597
360 2 2 188 112 485 602 565
361 2 2 188 112 566 603 485
362 2 2 188 112 485 603 602
363 2 2 188 112 532 533 486
364 2 2 188 112 486 539 532
365 2 2 188 112 533 580 486
366 2 2 188 112 544 545 487
367 2 2 188 112 545 546 487
368 2 2 188 112 546 589 487
369 2 2 188 112 488 581 534
370 2 2 188 112 534 606 488
371 2 2 188 112 488 606 548
372 2 2 188 112 488 598 581
373 2 2 188 112 489 541 491
374 2 2 188 112 489 542 541
375 2 2 188 112 489 588 542
376 2 2 188 112 490 595 578
377 2 2 188 112 580 595 490
378 2 2 188 112 490 596 580
379 2 2 188 112 491 541 492
380 2 2 188 112 492 494 493
381 2 2 188 112 492 551 494
382 2 2 188 112 541 551 492
383 2 2 188 112 494 495 493
384 2 2 188 112 495 577 493
385 2 2 188 112 493 577 549
386 2 2 188 112 494 496 495
387 2 2 188 112 494 497 496
388 2 2 188 112 494 551 497
389 2 2 188 112 496 498 495
390 2 2 188 112 498 499 495
391 2 2 188 112 499 577 495
392 2 2 188 112 497 586 496
393 2 2 188 112 496 525 498
394 2 2 188 112 496 586 525
395 2 2 188 112 551 582 497
396 2 2 188 112 582 587 497
397 2 2 188 112 497 587 586
398 2 2 188 112 498 500 499
399 2 2 188 112 498 574 500
400 2 2 188 112 525 574 498
401 2 2 188 112 500 501 499
402 2 2 188 112 501 576 499
403 2 2 188 112 576 577 499
404 2 2 188 112 500 502 501
405 2 2 188 112 500 526 502
406 2 2 188 112 500 574 526
407 2 2 188 112 502 503 501
408 2 2 188 112 503 540 501
409 2 2 188 112 540 576 501
410 2 2 188 112 502 504 503
411 2 2 188 112 502 572 504
412 2 2 188 112 526 572 502
413 2 2 188 112 504 505 503
414 2 2 188 112 505 571 503
415 2 2 188 112 503 571 540
416 2 2 188 112 504 506 505
417 2 2 188 112 504 527 506
418 2 2 188 112 504 572 527
419 2 2 188 112 506 507 505
420 2 2 188 112 507 538 505
421 2 2 188 112 538 571 505
422 2 2 188 112 506 508 507
423 2 2 188 112 506 570 508
424 2 2 188 112 527 570 506
425 2 2 188 112 508 509 507
426 2 2 188 112 509 562 507
427 2 2 188 112 507 562 538
428 2 2 188 112 508 510 509
429 2 2 188 112 508 528 510
430 2 2 188 112 508 570 528
431 2 2 188 112 510 511 509
432 2 2 188 112 511 537 509
433 2 2 188 112 537 562 509
434 2 2 188 112 510 512 511
435 2 2 188 112 510 569 512
436 2 2 188 112 528 569 510
437 2 2 188 112 512 513 511
438 2 2 188 112 513 564 511
439 2 2 188 112 511 564 537
440 2 2 188 112 512 514 513
441 2 2 188 112 512 529 514
442 2 2 188 112 512 569 529
443 2 2 188 112 514 515 513
444 2 2 188 112 515 536 513
445 2 2 188 112 536 564 513
446 2 2 188 112 514 516 515
447 2 2 188 112 514 604 516
448 2 2 188 112 529 604 514
449 2 2 188 112 516 517 515
450 2 2 188 112 517 559 515
451 2 2 188 112 515 559 536
452 2 2 188 112 516 518 517
453 2 2 188 112 516 593 518
454 2 2 188 112 558 593 516
455 2 2 188 112 516 604 558
456 2 2 188 112 518 519 517
457 2 2 188 112 519 535 517
458 2 2 188 112 535 559 517
459 2 2 188 112 518 520 519
460 2 2 188 112 518 524 520
461 2 2 188 112 518 593 524
462 2 2 188 112 520 521 519
463 2 2 188 112 521 553 519
464 2 2 188 112 519 553 535
465 2 2 188 112 520 522 521
466 2 2 188 112 520 552 522
467 2 2 188 112 524 552 520
468 2 2 188 112 522 523 521
469 2 2 188 112 523 532 521
470 2 2 188 112 532 553 521
471 2 2 188 112 522 530 523
472 2 2 188 112 522 531 530
473 2 2 188 112 522 552 531
474 2 2 188 112 530 573 523
475 2 2 188 112 523 533 532
476 2 2 188 112 523 573 533
477 2 2 188 112 524 607 552
478 2 2 188 112 593 608 524
479 2 2 188 112 524 608 607
480 2 2 188 112 525 592 574
481 2 2 188 112 586 590 525
482 2 2 188 112 590 592 525
483 2 2 188 112 526 597 572
484 2 2 188 112 574 594 526
485 2 2 188 112 594 597 526
486 2 2 188 112 527 600 570
487 2 2 188 112 572 599 527
488 2 2 188 112 599 600 527
489 2 2 188 112 528 602 569
490 2 2 188 112 570 601 528
491 2 2 188 112 601 602 528
492 2 2 188 112 566 583 529
493 2 2 188 112 529 603 566
494 2 2 188 112 569 603 529
495 2 2 188 112 583 604 529
496 2 2 188 112 531 534 530
497 2 2 188 112 534 591 530
498 2 2 188 112 530 591 573
499 2 2 188 112 531 606 534
500 2 2 188 112 552 605 531
501 2 2 188 112 605 606 531
502 2 2 188 112 539 553 532
503 2 2 188 112 573 595 533
504 2 2 188 112 533 595 580
505 2 2 188 112 534 581 579
506 2 2 188 112 579 591 534
507 2 2 188 112 556 559 535
508 2 2 188 112 560 564 536
509 2 2 188 112 537 563 562
510 2 2 188 112 561 571 538
511 2 2 188 112 575 576 540
512 2 2 188 112 542 543 541
513 2 2 188 112 543 551 541
514 2 2 188 112 542 584 543
515 2 2 188 112 547 582 543
516 2 2 188 112 543 582 551
517 2 2 188 112 544 550 545
518 2 2 188 112 545 547 546
519 2 2 188 112 545 587 547
520 2 2 188 112 550 587 545
521 2 2 188 112 547 585 546
522 2 2 188 112 547 587 582
523 2 2 188 112 548 606 605
524 2 2 188 112 586 587 550
525 2 2 188 112 550 590 586
526 2 2 188 112 552 607 605
527 2 2 188 112 554 592 590
528 2 2 188 112 555 608 557
529 2 2 188 112 607 608 555
530 2 2 188 112 557 608 558
531 2 2 188 112 558 604 583
532 2 2 188 112 558 608 593
533 2 2 188 112 565 602 601
534 2 2 188 112 567 600 599
535 2 2 188 112 568 597 594
536 2 2 188 112 602 603 569
537 2 2 188 112 600 601 570
538 2 2 188 112 597 599 572
539 2 2 188 112 578 595 573
540 2 2 188 112 592 594 574
541 2 2 188 116 6 746 40
542 2 2 188 116 203 746 6
543 2 2 188 116 35 745 7
544 2 2 188 116 7 745 184
545 2 2 188 116 18 728 143
546 2 2 188 116 202 728 18
547 2 2 188 116 148 729 19
548 2 2 188 116 19 729 221
549 2 2 188 116 36 629 35
550 2 2 188 116 629 745 35
551 2 2 188 116 37 718 36
552 2 2 188 116 36 718 629
553 2 2 188 116 38 609 37
554 2 2 188 116 609 718 37
555 2 2 188 116 39 721 38
556 2 2 188 116 38 721 609
557 2 2 188 116 40 720 39
558 2 2 188 116 720 721 39
559 2 2 188 116 40 746 720
560 2 2 188 116 143 728 144
561 2 2 188 116 144 725 145
562 2 2 188 116 677 725 144
563 2 2 188 116 144 728 677
564 2 2 188 116 145 610 146
565 2 2 188 116 145 725 610
566 2 2 188 116 146 724 147
567 2 2 188 116 610 724 146
568 2 2 188 116 147 729 148
569 2 2 188 116 147 724 682
570 2 2 188 116 682 729 147
571 2 2 188 116 184 719 185
572 2 2 188 116 184 745 719
573 2 2 188 116 185 625 186
574 2 2 188 116 185 719 625
575 2 2 188 116 186 688 187
576 2 2 188 116 625 688 186
577 2 2 188 116 187 612 188
578 2 2 188 116 187 688 612
579 2 2 188 116 188 699 189
580 2 2 188 116 612 699 188
581 2 2 188 116 189 621 190
582 2 2 188 116 189 699 621
583 2 2 188 116 190 709 191
584 2 2 188 116 621 709 190
585 2 2 188 116 191 613 192
586 2 2 188 116 191 709 613
587 2 2 188 116 192 711 193
588 2 2 188 116 613 711 192
589 2 2 188 116 193 620 194
590 2 2 188 116 193 711 620
591 2 2 188 116 194 714 195
592 2 2 188 116 620 714 194
593 2 2 188 116 195 615 196
594 2 2 188 116 195 714 615
595 2 2 188 116 196 716 197
596 2 2 188 116 615 716 196
597 2 2 188 116 197 619 198
598 2 2 188 116 197 716 619
599 2 2 188 116 198 686 199
600 2 2 188 116 619 686 198
601 2 2 188 116 199 617 200
602 2 2 188 116 199 686 617
603 2 2 188 116 200 630 201
604 2 2 188 116 617 630 200
605 2 2 188 116 201 628 202
606 2 2 188 116 201 630 628
607 2 2 188 116 628 728 202
608 2 2 188 116 204 626 203
609 2 2 188 116 626 746 203
610 2 2 188 116 205 685 204
611 2 2 188 116 204 685 626
612 2 2 188 116 206 618 205
613 2 2 188 116 618 685 205
614 2 2 188 116 207 693 206
615 2 2 188 116 206 693 618
616 2 2 188 116 208 697 207
617 2 2 188 116 207 697 693
618 2 2 188 116 209 611 208
619 2 2 188 116 611 697 208
620 2 2 188 116 210 701 209
621 2 2 188 116 209 701 611
622 2 2 188 116 211 622 210
623 2 2 188 116 622 701 210
624 2 2 188 116 212 700 211
625 2 2 188 116 211 700 622
626 2 2 188 116 213 614 212
627 2 2 188 116 614 700 212
628 2 2 188 116 214 702 213
629 2 2 188 116 213 702 614
630 2 2 188 116 215 623 214
631 2 2 188 116 623 702 214
632 2 2 188 116 216 703 215
633 2 2 188 116 215 703 623
634 2 2 188 116 217 616 216
635 2 2 188 116 616 703 216
636 2 2 188 116 218 692 217
637 2 2 188 116 217 692 616
638 2 2 188 116 219 624 218
639 2 2 188 116 624 692 218
640 2 2 188 116 220 680 219
641 2 2 188 116 219 680 624
642 2 2 188 116 221 627 220
643 2 2 188 116 627 680 220
644 2 2 188 116 221 729 627
645 2 2 188 116 675 718 609
646 2 2 188 116 609 747 675
647 2 2 188 116 721 747 609
648 2 2 188 116 678 683 610
649 2 2 188 116 610 725 678
650 2 2 188 116 683 724 610
651 2 2 188 116 611 742 697
652 2 2 188 116 701 741 611
653 2 2 188 116 741 742 611
654 2 2 188 116 612 698 674
655 2 2 188 116 674 699 612
656 2 2 188 116 688 698 612
657 2 2 188 116 613 710 687
658 2 2 188 116 687 711 613
659 2 2 188 116 709 710 613
660 2 2 188 116 614 738 700
661 2 2 188 116 702 737 614
662 2 2 188 116 737 738 614
663 2 2 188 116 694 716 615
664 2 2 188 116 615 717 694
665 2 2 188 116 714 717 615
666 2 2 188 116 692 730 616
667 2 2 188 116 616 731 703
668 2 2 188 116 730 731 616
669 2 2 188 116 617 631 630
670 2 2 188 116 617 632 631
671 2 2 188 116 617 686 632
672 2 2 188 116 618 732 685
673 2 2 188 116 693 734 618
674 2 2 188 116 618 734 732
675 2 2 188 116 619 712 686
676 2 2 188 116 619 715 712
677 2 2 188 116 619 716 715
678 2 2 188 116 620 713 690
679 2 2 188 116 690 714 620
680 2 2 188 116 711 713 620
681 2 2 188 116 621 706 679
682 2 2 188 116 679 709 621
683 2 2 188 116 699 706 621
684 2 2 188 116 700 739 622
685 2 2 188 116 622 740 701
686 2 2 188 116 739 740 622
687 2 2 188 116 623 736 702
688 2 2 188 116 703 733 623
689 2 2 188 116 733 736 623
690 2 2 188 116 680 684 624
691 2 2 188 116 684 727 624
692 2 2 188 116 624 727 692
693 2 2 188 116 625 673 672
694 2 2 188 116 672 688 625
695 2 2 188 116 625 719 673
696 2 2 188 116 671 720 626
697 2 2 188 116 626 735 671
698 2 2 188 116 685 735 626
699 2 2 188 116 720 746 626
700 2 2 188 116 627 681 680
701 2 2 188 116 627 682 681
702 2 2 188 116 627 729 682
703 2 2 188 116 630 676 628
704 2 2 188 116 676 677 628
705 2 2 188 116 677 728 628
706 2 2 188 116 718 744 629
707 2 2 188 116 629 744 719
708 2 2 188 116 719 745 629
709 2 2 188 116 631 676 630
710 2 2 188 116 632 633 631
711 2 2 188 116 633 691 631
712 2 2 188 116 631 691 676
713 2 2 188 116 632 634 633
714 2 2 188 116 632 712 634
715 2 2 188 116 686 712 632
716 2 2 188 116 634 635 633
717 2 2 188 116 635 636 633
718 2 2 188 116 636 691 633
719 2 2 188 116 634 637 635
720 2 2 188 116 634 638 637
721 2 2 188 116 634 712 638
722 2 2 188 116 635 723 636
723 2 2 188 116 637 664 635
724 2 2 188 116 664 723 635
725 2 2 188 116 636 722 691
726 2 2 188 116 636 726 722
727 2 2 188 116 723 726 636
728 2 2 188 116 638 639 637
729 2 2 188 116 639 708 637
730 2 2 188 116 637 708 664
731 2 2 188 116 638 640 639
732 2 2 188 116 638 715 640
733 2 2 188 116 712 715 638
734 2 2 188 116 640 641 639
735 2 2 188 116 641 665 639
736 2 2 188 116 665 708 639
737 2 2 188 116 640 642 641
738 2 2 188 116 640 694 642
739 2 2 188 116 640 715 694
740 2 2 188 116 642 643 641
741 2 2 188 116 643 707 641
742 2 2 188 116 641 707 665
743 2 2 188 116 642 644 643
744 2 2 188 116 642 717 644
745 2 2 188 116 694 717 642
746 2 2 188 116 644 645 643
747 2 2 188 116 645 666 643
748 2 2 188 116 666 707 643
749 2 2 188 116 644 646 645
750 2 2 188 116 644 690 646
751 2 2 188 116 644 717 690
752 2 2 188 116 646 647 645
753 2 2 188 116 647 705 645
754 2 2 188 116 645 705 666
755 2 2 188 116 646 648 647
756 2 2 188 116 646 713 648
757 2 2 188 116 690 713 646
758 2 2 188 116 648 649 647
759 2 2 188 116 649 667 647
760 2 2 188 116 667 705 647
761 2 2 188 116 648 650 649
762 2 2 188 116 648 687 650
763 2 2 188 116 648 713 687
764 2 2 188 116 650 651 649
765 2 2 188 116 651 704 649
766 2 2 188 116 649 704 667
767 2 2 188 116 650 652 651
768 2 2 188 116 650 710 652
769 2 2 188 116 687 710 650
770 2 2 188 116 652 653 651
771 2 2 188 116 653 668 651
772 2 2 188 116 668 704 651
773 2 2 188 116 652 654 653
774 2 2 188 116 652 679 654
775 2 2 188 116 652 710 679
776 2 2 188 116 654 655 653
777 2 2 188 116 655 696 653
778 2 2 188 116 653 696 668
779 2 2 188 116 654 656 655
780 2 2 188 116 654 706 656
781 2 2 188 116 679 706 654
782 2 2 188 116 656 657 655
783 2 2 188 116 657 695 655
784 2 2 188 116 695 696 655
785 2 2 188 116 656 658 657
786 2 2 188 116 656 674 658
787 2 2 188 116 656 706 674
788 2 2 188 116 658 659 657
789 2 2 188 116 659 663 657
790 2 2 188 116 663 695 657
791 2 2 188 116 658 660 659
792 2 2 188 116 658 698 660
793 2 2 188 116 674 698 658
794 2 2 188 116 660 661 659
795 2 2 188 116 661 689 659
796 2 2 188 116 659 689 663
797 2 2 188 116 660 662 661
798 2 2 188 116 660 672 662
799 2 2 188 116 660 698 672
800 2 2 188 116 662 669 661
801 2 2 188 116 669 670 661
802 2 2 188 116 670 689 661
803 2 2 188 116 662 675 669
804 2 2 188 116 672 673 662
805 2 2 188 116 673 675 662
806 2 2 188 116 689 734 663
807 2 2 188 116 663 743 695
808 2 2 188 116 734 743 663
809 2 2 188 116 708 730 664
810 2 2 188 116 664 727 723
811 2 2 188 116 664 730 727
812 2 2 188 116 707 733 665
813 2 2 188 116 665 731 708
814 2 2 188 116 665 733 731
815 2 2 188 116 705 737 666
816 2 2 188 116 666 736 707
817 2 2 188 116 666 737 736
818 2 2 188 116 704 739 667
819 2 2 188 116 667 738 705
820 2 2 188 116 667 739 738
821 2 2 188 116 696 741 668
822 2 2 188 116 668 740 704
823 2 2 188 116 668 741 740
824 2 2 188 116 669 671 670
825 2 2 188 116 669 747 671
826 2 2 188 116 675 747 669
827 2 2 188 116 671 735 670
828 2 2 188 116 670 732 689
829 2 2 188 116 670 735 732
830 2 2 188 116 671 721 720
831 2 2 188 116 671 747 721
832 2 2 188 116 672 698 688
833 2 2 188 116 673 744 675
834 2 2 188 116 719 744 673
835 2 2 188 116 674 706 699
836 2 2 188 116 675 744 718
837 2 2 188 116 676 678 677
838 2 2 188 116 676 691 678
839 2 2 188 116 678 725 677
840 2 2 188 116 678 722 683
841 2 2 188 116 691 722 678
842 2 2 188 116 679 710 709
843 2 2 188 116 681 684 680
844 2 2 188 116 682 683 681
845 2 2 188 116 683 726 681
846 2 2 188 116 681 726 684
847 2 2 188 116 682 724 683
848 2 2 188 116 722 726 683
849 2 2 188 116 684 726 723
850 2 2 188 116 723 727 684
851 2 2 188 116 732 735 685
852 2 2 188 116 687 713 711
853 2 2 188 116 732 734 689
854 2 2 188 116 690 717 714
855 2 2 188 116 727 730 692
856 2 2 188 116 697 743 693
857 2 2 188 116 693 743 734
858 2 2 188 116 715 716 694
859 2 2 188 116 695 742 696
860 2 2 188 116 695 743 742
861 2 2 188 116 696 742 741
862 2 2 188 116 742 743 697
863 2 2 188 116 738 739 700
864 2 2 188 116 740 741 701
865 2 2 188 116 736 737 702
866 2 2 188 116 731 733 703
867 2 2 188 116 704 740 739
868 2 2 188 116 705 738 737
869 2 2 188 116 707 736 733
870 2 2 188 116 708 731 730
871 2 2 188 120 41 884 6
872 2 2 188 120 6 884 203
873 2 2 188 120 8 885 46
874 2 2 188 120 222 885 8
875 2 2 188 120 19 867 149
876 2 2 188 120 221 867 19
877 2 2 188 120 154 868 20
878 2 2 188 120 20 868 240
879 2 2 188 120 42 768 41
880 2 2 188 120 768 884 41
881 2 2 188 120 43 857 42
882 2 2 188 120 42 857 768
883 2 2 188 120 44 748 43
884 2 2 188 120 748 857 43
885 2 2 188 120 45 860 44
886 2 2 188 120 44 860 748
887 2 2 188 120 46 859 45
888 2 2 188 120 859 860 45
889 2 2 188 120 46 885 859
890 2 2 188 120 149 867 150
891 2 2 188 120 150 864 151
892 2 2 188 120 816 864 150
893 2 2 188 120 150 867 816
894 2 2 188 120 151 749 152
895 2 2 188 120 151 864 749
896 2 2 188 120 152 863 153
897 2 2 188 120 749 863 152
898 2 2 188 120 153 868 154
899 2 2 188 120 153 863 821
900 2 2 188 120 821 868 153
901 2 2 188 120 203 858 204
902 2 2 188 120 203 884 858
903 2 2 188 120 204 764 205
904 2 2 188 120 204 858 764
905 2 2 188 120 205 827 206
906 2 2 188 120 764 827 205
907 2 2 188 120 206 751 207
908 2 2 188 120 206 827 751
909 2 2 188 120 207 838 208
910 2 2 188 120 751 838 207
911 2 2 188 120 208 760 209
912 2 2 188 120 208 838 760
913 2 2 188 120 209 848 210
914 2 2 188 120 760 848 209
915 2 2 188 120 210 752 211
916 2 2 188 120 210 848 752
917 2 2 188 120 211 850 212
918 2 2 188 120 752 850 211
919 2 2 188 120 212 759 213
920 2 2 188 120 212 850 759
921 2 2 188 120 213 853 214
922 2 2 188 120 759 853 213
923 2 2 188 120 214 754 215
924 2 2 188 120 214 853 754
925 2 2 188 120 215 855 216
926 2 2 188 120 754 855 215
927 2 2 188 120 216 758 217
928 2 2 188 120 216 855 758
929 2 2 188 120 217 825 218
930 2 2 188 120 758 825 217
931 2 2 188 120 218 756 219
932 2 2 188 120 218 825 756
933 2 2 188 120 219 769 220
934 2 2 188 120 756 769 219
935 2 2 188 120 220 767 221
936 2 2 188 120 220 769 767
937 2 2 188 120 767 867 221
938 2 2 188 120 223 765 222
939 2 2 188 120 765 885 222
940 2 2 188 120 224 824 223
941 2 2 188 120 223 824 765
942 2 2 188 120 225 757 224
943 2 2 188 120 757 824 224
944 2 2 188 120 226 832 225
945 2 2 188 120 225 832 757
946 2 2 188 120 227 836 226
947 2 2 188 120 226 836 832
948 2 2 188 120 228 750 227
949 2 2 188 120 750 836 227
950 2 2 188 120 229 840 228
951 2 2 188 120 228 840 750
952 2 2 188 120 230 761 229
953 2 2 188 120 761 840 229
954 2 2 188 120 231 839 230
955 2 2 188 120 230 839 761
956 2 2 188 120 232 753 231
957 2 2 188 120 753 839 231
958 2 2 188 120 233 841 232
959 2 2 188 120 232 841 753
960 2 2 188 120 234 762 233
961 2 2 188 120 762 841 233
962 2 2 188 120 235 842 234
963 2 2 188 120 234 842 762
964 2 2 188 120 236 755 235
965 2 2 188 120 755 842 235
966 2 2 188 120 237 831 236
967 2 2 188 120 236 831 755
968 2 2 188 120 238 763 237
969 2 2 188 120 763 831 237
970 2 2 188 120 239 819 238
971 2 2 188 120 238 819 763
972 2 2 188 120 240 766 239
973 2 2 188 120 766 819 239
974 2 2 188 120 240 868 766
975 2 2 188 120 814 857 748
976 2 2 188 120 748 886 814
977 2 2 188 120 860 886 748
978 2 2 188 120 817 822 749
979 2 2 188 120 749 864 817
980 2 2 188 120 822 863 749
981 2 2 188 120 750 881 836
982 2 2 188 120 840 880 750
983 2 2 188 120 880 881 750
984 2 2 188 120 751 837 813
985 2 2 188 120 813 838 751
986 2 2 188 120 827 837 751
987 2 2 188 120 752 849 826
988 2 2 188 120 826 850 752
989 2 2 188 120 848 849 752
990 2 2 188 120 753 877 839
991 2 2 188 120 841 876 753
992 2 2 188 120 876 877 753
993 2 2 188 120 833 855 754
994 2 2 188 120 754 856 833
995 2 2 188 120 853 856 754
996 2 2 188 120 831 869 755
997 2 2 188 120 755 870 842
998 2 2 188 120 869 870 755
999 2 2 188 120 756 770 769
1000 2 2 188 120 756 771 770
1001 2 2 188 120 756 825 771
1002 2 2 188 120 757 871 824
1003 2 2 188 120 832 873 757
1004 2 2 188 120 757 873 871
1005 2 2 188 120 758 851 825
1006 2 2 188 120 758 854 851
1007 2 2 188 120 758 855 854
1008 2 2 188 120 759 852 829
1009 2 2 188 120 829 853 759
1010 2 2 188 120 850 852 759
1011 2 2 188 120 760 845 818
1012 2 2 188 120 818 848 760
1013 2 2 188 120 838 845 760
1014 2 2 188 120 839 878 761
1015 2 2 188 120 761 879 840
1016 2 2 188 120 878 879 761
1017 2 2 188 120 762 875 841
1018 2 2 188 120 842 872 762
1019 2 2 188 120 872 875 762
1020 2 2 188 120 819 823 763
1021 2 2 188 120 823 866 763
1022 2 2 188 120 763 866 831
1023 2 2 188 120 764 812 811
1024 2 2 188 120 811 827 764
1025 2 2 188 120 764 858 812
1026 2 2 188 120 810 859 765
1027 2 2 188 120 765 874 810
1028 2 2 188 120 824 874 765
1029 2 2 188 120 859 885 765
1030 2 2 188 120 766 820 819
1031 2 2 188 120 766 821 820
1032 2 2 188 120 766 868 821
1033 2 2 188 120 769 815 767
1034 2 2 188 120 815 816 767
1035 2 2 188 120 816 867 767
1036 2 2 188 120 857 883 768
1037 2 2 188 120 768 883 858
1038 2 2 188 120 858 884 768
1039 2 2 188 120 770 815 769
1040 2 2 188 120 771 772 770
1041 2 2 188 120 772 830 770
1042 2 2 188 120 770 830 815
1043 2 2 188 120 771 773 772
1044 2 2 188 120 771 851 773
1045 2 2 188 120 825 851 771
1046 2 2 188 120 773 774 772
1047 2 2 188 120 774 775 772
1048 2 2 188 120 775 830 772
1049 2 2 188 120 773 776 774
1050 2 2 188 120 773 777 776
1051 2 2 188 120 773 851 777
1052 2 2 188 120 774 862 775
1053 2 2 188 120 776 803 774
1054 2 2 188 120 803 862 774
1055 2 2 188 120 775 861 830
1056 2 2 188 120 775 865 861
1057 2 2 188 120 862 865 775
1058 2 2 188 120 777 778 776
1059 2 2 188 120 778 847 776
1060 2 2 188 120 776 847 803
1061 2 2 188 120 777 779 778
1062 2 2 188 120 777 854 779
1063 2 2 188 120 851 854 777
1064 2 2 188 120 779 780 778
1065 2 2 188 120 780 804 778
1066 2 2 188 120 804 847 778
1067 2 2 188 120 779 781 780
1068 2 2 188 120 779 833 781
1069 2 2 188 120 779 854 833
1070 2 2 188 120 781 782 780
1071 2 2 188 120 782 846 780
1072 2 2 188 120 780 846 804
1073 2 2 188 120 781 783 782
1074 2 2 188 120 781 856 783
1075 2 2 188 120 833 856 781
1076 2 2 188 120 783 784 782
1077 2 2 188 120 784 805 782
1078 2 2 188 120 805 846 782
1079 2 2 188 120 783 785 784
1080 2 2 188 120 783 829 785
1081 2 2 188 120 783 856 829
1082 2 2 188 120 785 786 784
1083 2 2 188 120 786 844 784
1084 2 2 188 120 784 844 805
1085 2 2 188 120 785 787 786
1086 2 2 188 120 785 852 787
1087 2 2 188 120 829 852 785
1088 2 2 188 120 787 788 786
1089 2 2 188 120 788 806 786
1090 2 2 188 120 806 844 786
1091 2 2 188 120 787 789 788
1092 2 2 188 120 787 826 789
1093 2 2 188 120 787 852 826
1094 2 2 188 120 789 790 788
1095 2 2 188 120 790 843 788
1096 2 2 188 120 788 843 806
1097 2 2 188 120 789 791 790
1098 2 2 188 120 789 849 791
1099 2 2 188 120 826 849 789
1100 2 2 188 120 791 792 790
1101 2 2 188 120 792 807 790
1102 2 2 188 120 807 843 790
1103 2 2 188 120 791 793 792
1104 2 2 188 120 791 818 793
1105 2 2 188 120 791 849 818
1106 2 2 188 120 793 794 792
1107 2 2 188 120 794 835 792
1108 2 2 188 120 792 835 807
1109 2 2 188 120 793 795 794
1110 2 2 188 120 793 845 795
1111 2 2 188 120 818 845 793
1112 2 2 188 120 795 796 794
1113 2 2 188 120 796 834 794
1114 2 2 188 120 834 835 794
1115 2 2 188 120 795 797 796
1116 2 2 188 120 795 813 797
1117 2 2 188 120 795 845 813
1118 2 2 188 120 797 798 796
1119 2 2 188 120 798 802 796
1120 2 2 188 120 802 834 796
1121 2 2 188 120 797 799 798
1122 2 2 188 120 797 837 799
1123 2 2 188 120 813 837 797
1124 2 2 188 120 799 800 798
1125 2 2 188 120 800 828 798
1126 2 2 188 120 798 828 802
1127 2 2 188 120 799 801 800
1128 2 2 188 120 799 811 801
1129 2 2 188 120 799 837 811
1130 2 2 188 120 801 808 800
1131 2 2 188 120 808 809 800
1132 2 2 188 120 809 828 800
1133 2 2 188 120 801 814 808
1134 2 2 188 120 811 812 801
1135 2 2 188 120 812 814 801
1136 2 2 188 120 828 873 802
1137 2 2 188 120 802 882 834
1138 2 2 188 120 873 882 802
1139 2 2 188 120 847 869 803
1140 2 2 188 120 803 866 862
1141 2 2 188 120 803 869 866
1142 2 2 188 120 846 872 804
1143 2 2 188 120 804 870 847
1144 2 2 188 120 804 872 870
1145 2 2 188 120 844 876 805
1146 2 2 188 120 805 875 846
1147 2 2 188 120 805 876 875
1148 2 2 188 120 843 878 806
1149 2 2 188 120 806 877 844
1150 2 2 188 120 806 878 877
1151 2 2 188 120 835 880 807
1152 2 2 188 120 807 879 843
1153 2 2 188 120 807 880 879
1154 2 2 188 120 808 810 809
1155 2 2 188 120 808 886 810
1156 2 2 188 120 814 886 808
1157 2 2 188 120 810 874 809
1158 2 2 188 120 809 871 828
1159 2 2 188 120 809 874 871
1160 2 2 188 120 810 860 859
1161 2 2 188 120 810 886 860
1162 2 2 188 120 811 837 827
1163 2 2 188 120 812 883 814
1164 2 2 188 120 858 883 812
1165 2 2 188 120 813 845 838
1166 2 2 188 120 814 883 857
1167 2 2 188 120 815 817 816
1168 2 2 188 120 815 830 817
1169 2 2 188 120 817 864 816
1170 2 2 188 120 817 861 822
1171 2 2 188 120 830 861 817
1172 2 2 188 120 818 849 848
1173 2 2 188 120 820 823 819
1174 2 2 188 120 821 822 820
1175 2 2 188 120 822 865 820
1176 2 2 188 120 820 865 823
1177 2 2 188 120 821 863 822
1178 2 2 188 120 861 865 822
1179 2 2 188 120 823 865 862
1180 2 2 188 120 862 866 823
1181 2 2 188 120 871 874 824
1182 2 2 188 120 826 852 850
1183 2 2 188 120 871 873 828
1184 2 2 188 120 829 856 853
1185 2 2 188 120 866 869 831
1186 2 2 188 120 836 882 832
1187 2 2 188 120 832 882 873
1188 2 2 188 120 854 855 833
1189 2 2 188 120 834 881 835
1190 2 2 188 120 834 882 881
1191 2 2 188 120 835 881 880
1192 2 2 188 120 881 882 836
1193 2 2 188 120 877 878 839
1194 2 2 188 120 879 880 840
1195 2 2 188 120 875 876 841
1196 2 2 188 120 870 872 842
1197 2 2 188 120 843 879 878
1198 2 2 188 120 844 877 876
1199 2 2 188 120 846 875 872
1200 2 2 188 120 847 870 869
1201 2 2 188 124 5 1006 52
1202 2 2 188 124 165 1006 5
1203 2 2 188 124 47 1005 8
1204 2 2 188 124 8 1005 222
1205 2 2 188 124 160 1015 17
1206 2 2 188 124 17 1015 183
1207 2 2 188 124 20 1013 155
1208 2 2 188 124 240 1013 20
1209 2 2 188 124 48 1005 47
1210 2 2 188 124 49 1001 48
1211 2 2 188 124 48 1001 959
1212 2 2 188 124 959 1005 48
1213 2 2 188 124 50 887 49
1214 2 2 188 124 887 1001 49
1215 2 2 188 124 51 1002 50
1216 2 2 188 124 50 1002 887
1217 2 2 188 124 52 1006 51
1218 2 2 188 124 963 1002 51
1219 2 2 188 124 51 1006 963
1220 2 2 188 124 155 907 156
1221 2 2 188 124 155 1013 907
1222 2 2 188 124 156 995 157
1223 2 2 188 124 907 995 156
1224 2 2 188 124 157 888 158
1225 2 2 188 124 157 995 888
1226 2 2 188 124 158 996 159
1227 2 2 188 124 888 996 158
1228 2 2 188 124 159 998 160
1229 2 2 188 124 996 998 159
1230 2 2 188 124 998 1015 160
1231 2 2 188 124 166 904 165
1232 2 2 188 124 904 1006 165
1233 2 2 188 124 167 961 166
1234 2 2 188 124 166 961 904
1235 2 2 188 124 168 897 167
1236 2 2 188 124 897 961 167
1237 2 2 188 124 169 971 168
1238 2 2 188 124 168 971 897
1239 2 2 188 124 170 889 169
1240 2 2 188 124 889 971 169
1241 2 2 188 124 171 985 170
1242 2 2 188 124 170 985 889
1243 2 2 188 124 172 901 171
1244 2 2 188 124 901 985 171
1245 2 2 188 124 173 984 172
1246 2 2 188 124 172 984 901
1247 2 2 188 124 174 891 173
1248 2 2 188 124 891 984 173
1249 2 2 188 124 175 982 174
1250 2 2 188 124 174 982 891
1251 2 2 188 124 176 902 175
1252 2 2 188 124 902 982 175
1253 2 2 188 124 177 983 176
1254 2 2 188 124 176 983 902
1255 2 2 188 124 178 893 177
1256 2 2 188 124 893 983 177
1257 2 2 188 124 179 974 178
1258 2 2 188 124 178 974 893
1259 2 2 188 124 180 972 179
1260 2 2 188 124 972 974 179
1261 2 2 188 124 181 896 180
1262 2 2 188 124 896 972 180
1263 2 2 188 124 182 965 181
1264 2 2 188 124 181 965 896
1265 2 2 188 124 183 905 182
1266 2 2 188 124 905 965 182
1267 2 2 188 124 183 1015 905
1268 2 2 188 124 222 906 223
1269 2 2 188 124 222 1005 906
1270 2 2 188 124 223 908 224
1271 2 2 188 124 906 908 223
1272 2 2 188 124 224 895 225
1273 2 2 188 124 224 908 895
1274 2 2 188 124 225 966 226
1275 2 2 188 124 895 966 225
1276 2 2 188 124 226 900 227
1277 2 2 188 124 226 966 900
1278 2 2 188 124 227 992 228
1279 2 2 188 124 900 992 227
1280 2 2 188 124 228 890 229
1281 2 2 188 124 228 992 890
1282 2 2 188 124 229 978 230
1283 2 2 188 124 890 978 229
1284 2 2 188 124 230 898 231
1285 2 2 188 124 230 978 898
1286 2 2 188 124 231 980 232
1287 2 2 188 124 898 980 231
1288 2 2 188 124 232 892 233
1289 2 2 188 124 232 980 892
1290 2 2 188 124 233 977 234
1291 2 2 188 124 892 977 233
1292 2 2 188 124 234 899 235
1293 2 2 188 124 234 977 899
1294 2 2 188 124 235 973 236
1295 2 2 188 124 899 973 235
1296 2 2 188 124 236 894 237
1297 2 2 188 124 236 973 894
1298 2 2 188 124 237 956 238
1299 2 2 188 124 894 956 237
1300 2 2 188 124 238 903 239
1301 2 2 188 124 238 956 903
1302 2 2 188 124 239 997 240
1303 2 2 188 124 903 997 239
1304 2 2 188 124 997 1013 240
1305 2 2 188 124 887 964 960
1306 2 2 188 124 960 1001 887
1307 2 2 188 124 887 1002 964
1308 2 2 188 124 888 995 990
1309 2 2 188 124 990 1008 888
1310 2 2 188 124 888 1008 996
1311 2 2 188 124 889 1009 971
1312 2 2 188 124 985 1011 889
1313 2 2 188 124 889 1011 1009
1314 2 2 188 124 957 988 890
1315 2 2 188 124 890 992 957
1316 2 2 188 124 890 988 978
1317 2 2 188 124 982 1018 891
1318 2 2 188 124 891 1017 984
1319 2 2 188 124 891 1018 1017
1320 2 2 188 124 892 980 954
1321 2 2 188 124 954 981 892
1322 2 2 188 124 892 981 977
1323 2 2 188 124 974 975 893
1324 2 2 188 124 975 1000 893
1325 2 2 188 124 893 1000 983
1326 2 2 188 124 952 970 894
1327 2 2 188 124 894 973 952
1328 2 2 188 124 894 970 956
1329 2 2 188 124 908 909 895
1330 2 2 188 124 909 910 895
1331 2 2 188 124 910 966 895
1332 2 2 188 124 965 1022 896
1333 2 2 188 124 896 1024 972
1334 2 2 188 124 1022 1024 896
1335 2 2 188 124 897 967 961
1336 2 2 188 124 897 1007 967
1337 2 2 188 124 971 1007 897
1338 2 2 188 124 898 978 955
1339 2 2 188 124 955 979 898
1340 2 2 188 124 979 980 898
1341 2 2 188 124 953 976 899
1342 2 2 188 124 899 977 953
1343 2 2 188 124 899 976 973
1344 2 2 188 124 966 994 900
1345 2 2 188 124 900 993 992
1346 2 2 188 124 900 994 993
1347 2 2 188 124 984 1016 901
1348 2 2 188 124 901 1014 985
1349 2 2 188 124 901 1016 1014
1350 2 2 188 124 902 1019 982
1351 2 2 188 124 983 1020 902
1352 2 2 188 124 902 1020 1019
1353 2 2 188 124 949 950 903
1354 2 2 188 124 903 956 949
1355 2 2 188 124 950 997 903
1356 2 2 188 124 961 962 904
1357 2 2 188 124 962 963 904
1358 2 2 188 124 963 1006 904
1359 2 2 188 124 905 998 951
1360 2 2 188 124 951 1023 905
1361 2 2 188 124 905 1023 965
1362 2 2 188 124 905 1015 998
1363 2 2 188 124 906 958 908
1364 2 2 188 124 906 959 958
1365 2 2 188 124 906 1005 959
1366 2 2 188 124 907 1012 995
1367 2 2 188 124 997 1012 907
1368 2 2 188 124 907 1013 997
1369 2 2 188 124 908 958 909
1370 2 2 188 124 909 911 910
1371 2 2 188 124 909 968 911
1372 2 2 188 124 958 968 909
1373 2 2 188 124 911 912 910
1374 2 2 188 124 912 994 910
1375 2 2 188 124 910 994 966
1376 2 2 188 124 911 913 912
1377 2 2 188 124 911 914 913
1378 2 2 188 124 911 968 914
1379 2 2 188 124 913 915 912
1380 2 2 188 124 915 916 912
1381 2 2 188 124 916 994 912
1382 2 2 188 124 914 1003 913
1383 2 2 188 124 913 942 915
1384 2 2 188 124 913 1003 942
1385 2 2 188 124 968 999 914
1386 2 2 188 124 999 1004 914
1387 2 2 188 124 914 1004 1003
1388 2 2 188 124 915 917 916
1389 2 2 188 124 915 991 917
1390 2 2 188 124 942 991 915
1391 2 2 188 124 917 918 916
1392 2 2 188 124 918 993 916
1393 2 2 188 124 993 994 916
1394 2 2 188 124 917 919 918
1395 2 2 188 124 917 943 919
1396 2 2 188 124 917 991 943
1397 2 2 188 124 919 920 918
1398 2 2 188 124 920 957 918
1399 2 2 188 124 957 993 918
1400 2 2 188 124 919 921 920
1401 2 2 188 124 919 989 921
1402 2 2 188 124 943 989 919
1403 2 2 188 124 921 922 920
1404 2 2 188 124 922 988 920
1405 2 2 188 124 920 988 957
1406 2 2 188 124 921 923 922
1407 2 2 188 124 921 944 923
1408 2 2 188 124 921 989 944
1409 2 2 188 124 923 924 922
1410 2 2 188 124 924 955 922
1411 2 2 188 124 955 988 922
1412 2 2 188 124 923 925 924
1413 2 2 188 124 923 987 925
1414 2 2 188 124 944 987 923
1415 2 2 188 124 925 926 924
1416 2 2 188 124 926 979 924
1417 2 2 188 124 924 979 955
1418 2 2 188 124 925 927 926
1419 2 2 188 124 925 945 927
1420 2 2 188 124 925 987 945
1421 2 2 188 124 927 928 926
1422 2 2 188 124 928 954 926
1423 2 2 188 124 954 979 926
1424 2 2 188 124 927 929 928
1425 2 2 188 124 927 986 929
1426 2 2 188 124 945 986 927
1427 2 2 188 124 929 930 928
1428 2 2 188 124 930 981 928
1429 2 2 188 124 928 981 954
1430 2 2 188 124 929 931 930
1431 2 2 188 124 929 946 931
1432 2 2 188 124 929 986 946
1433 2 2 188 124 931 932 930
1434 2 2 188 124 932 953 930
1435 2 2 188 124 953 981 930
1436 2 2 188 124 931 933 932
1437 2 2 188 124 931 1021 933
1438 2 2 188 124 946 1021 931
1439 2 2 188 124 933 934 932
1440 2 2 188 124 934 976 932
1441 2 2 188 124 932 976 953
1442 2 2 188 124 933 935 934
1443 2 2 188 124 933 1010 935
1444 2 2 188 124 975 1010 933
1445 2 2 188 124 933 1021 975
1446 2 2 188 124 935 936 934
1447 2 2 188 124 936 952 934
1448 2 2 188 124 952 976 934
1449 2 2 188 124 935 937 936
1450 2 2 188 124 935 941 937
1451 2 2 188 124 935 1010 941
1452 2 2 188 124 937 938 936
1453 2 2 188 124 938 970 936
1454 2 2 188 124 936 970 952
1455 2 2 188 124 937 939 938
1456 2 2 188 124 937 969 939
1457 2 2 188 124 941 969 937
1458 2 2 188 124 939 940 938
1459 2 2 188 124 940 949 938
1460 2 2 188 124 949 970 938
1461 2 2 188 124 939 947 940
1462 2 2 188 124 939 948 947
1463 2 2 188 124 939 969 948
1464 2 2 188 124 947 990 940
1465 2 2 188 124 940 950 949
1466 2 2 188 124 940 990 950
1467 2 2 188 124 941 1024 969
1468 2 2 188 124 1010 1025 941
1469 2 2 188 124 941 1025 1024
1470 2 2 188 124 942 1009 991
1471 2 2 188 124 1003 1007 942
1472 2 2 188 124 1007 1009 942
1473 2 2 188 124 943 1014 989
1474 2 2 188 124 991 1011 943
1475 2 2 188 124 1011 1014 943
1476 2 2 188 124 944 1017 987
1477 2 2 188 124 989 1016 944
1478 2 2 188 124 1016 1017 944
1479 2 2 188 124 945 1019 986
1480 2 2 188 124 987 1018 945
1481 2 2 188 124 1018 1019 945
1482 2 2 188 124 983 1000 946
1483 2 2 188 124 946 1020 983
1484 2 2 188 124 986 1020 946
1485 2 2 188 124 1000 1021 946
1486 2 2 188 124 948 951 947
1487 2 2 188 124 951 1008 947
1488 2 2 188 124 947 1008 990
1489 2 2 188 124 948 1023 951
1490 2 2 188 124 969 1022 948
1491 2 2 188 124 1022 1023 948
1492 2 2 188 124 956 970 949
1493 2 2 188 124 990 1012 950
1494 2 2 188 124 950 1012 997
1495 2 2 188 124 951 998 996
1496 2 2 188 124 996 1008 951
1497 2 2 188 124 973 976 952
1498 2 2 188 124 977 981 953
1499 2 2 188 124 954 980 979
1500 2 2 188 124 978 988 955
1501 2 2 188 124 992 993 957
1502 2 2 188 124 959 960 958
1503 2 2 188 124 960 968 958
1504 2 2 188 124 959 1001 960
1505 2 2 188 124 964 999 960
1506 2 2 188 124 960 999 968
1507 2 2 188 124 961 967 962
1508 2 2 188 124 962 964 963
1509 2 2 188 124 962 1004 964
1510 2 2 188 124 967 1004 962
1511 2 2 188 124 964 1002 963
1512 2 2 188 124 964 1004 999
1513 2 2 188 124 965 1023 1022
1514 2 2 188 124 1003 1004 967
1515 2 2 188 124 967 1007 1003
1516 2 2 188 124 969 1024 1022
1517 2 2 188 124 971 1009 1007
1518 2 2 188 124 972 1025 974
1519 2 2 188 124 1024 1025 972
1520 2 2 188 124 974 1025 975
1521 2 2 188 124 975 1021 1000
1522 2 2 188 124 975 1025 1010
1523 2 2 188 124 982 1019 1018
1524 2 2 188 124 984 1017 1016
1525 2 2 188 124 985 1014 1011
1526 2 2 188 124 1019 1020 986
1527 2 2 188 124 1017 1018 987
1528 2 2 188 124 1014 1016 989
1529 2 2 188 124 995 1012 990
1530 2 2 188 124 1009 1011 991
1531 2 2 185 141 17 137 1159
1532 2 2 185 141 160 17 1126
1533 2 2 185 141 1126 17 1159
1534 2 2 185 141 142 18 1127
1535 2 2 185 141 18 143 1149
1536 2 2 185 141 1127 18 1149
1537 2 2 185 141 148 19 1128
1538 2 2 185 141 19 149 1160
1539 2 2 185 141 1128 19 1160
1540 2 2 185 141 154 20 1129
1541 2 2 185 141 20 155 1134
1542 2 2 185 141 1129 20 1134
1543 2 2 185 141 21 161 1114
1544 2 2 185 141 164 21 1118
1545 2 2 185 141 21 1114 1157
1546 2 2 185 141 1118 21 1157
1547 2 2 185 141 161 22 1119
1548 2 2 185 141 22 162 1115
1549 2 2 185 141 22 1115 1165
1550 2 2 185 141 1119 22 1165
1551 2 2 185 141 162 23 1120
1552 2 2 185 141 23 163 1116
1553 2 2 185 141 23 1116 1142
1554 2 2 185 141 1120 23 1142
1555 2 2 185 141 163 24 1121
1556 2 2 185 141 24 164 1117
1557 2 2 185 141 24 1117 1169
1558 2 2 185 141 1121 24 1169
1559 2 2 185 141 137 138 1131
1560 2 2 185 141 137 1131 1159
1561 2 2 185 141 138 139 1167
1562 2 2 185 141 1131 138 1167
1563 2 2 185 141 139 140 1124
1564 2 2 185 141 139 1124 1167
1565 2 2 185 141 140 141 1170
1566 2 2 185 141 1124 140 1170
1567 2 2 185 141 141 142 1152
1568 2 2 185 141 141 1152 1170
1569 2 2 185 141 142 1127 1152
1570 2 2 185 141 143 144 1130
1571 2 2 185 141 143 1130 1149
1572 2 2 185 141 144 145 1164
1573 2 2 185 141 1130 144 1164
1574 2 2 185 141 145 146 1122
1575 2 2 185 141 145 1122 1164
1576 2 2 185 141 146 147 1145
1577 2 2 185 141 1122 146 1145
1578 2 2 185 141 147 148 1176
1579 2 2 185 141 1145 147 1176
1580 2 2 185 141 148 1128 1176
1581 2 2 185 141 149 150 1132
1582 2 2 185 141 149 1132 1160
1583 2 2 185 141 150 151 1168
1584 2 2 185 141 1132 150 1168
1585 2 2 185 141 151 152 1125
1586 2 2 185 141 151 1125 1168
1587 2 2 185 141 152 153 1171
1588 2 2 185 141 1125 152 1171
1589 2 2 185 141 153 154 1137
1590 2 2 185 141 153 1137 1171
1591 2 2 185 141 154 1129 1137
1592 2 2 185 141 155 156 1133
1593 2 2 185 141 155 1133 1134
1594 2 2 185 141 156 157 1161
1595 2 2 185 141 1133 156 1161
1596 2 2 185 141 157 158 1123
1597 2 2 185 141 157 1123 1161
1598 2 2 185 141 158 159 1175
1599 2 2 185 141 1123 158 1175
1600 2 2 185 141 159 160 1163
1601 2 2 185 141 159 1163 1175
1602 2 2 185 141 160 1126 1163
1603 2 2 185 141 1114 161 1177
1604 2 2 185 141 161 1119 1177
1605 2 2 185 141 1115 162 1139
1606 2 2 185 141 162 1120 1139
1607 2 2 185 141 1116 163 1166
1608 2 2 185 141 163 1121 1166
1609 2 2 185 141 1117 164 1154
1610 2 2 185 141 164 1118 1154
1611 2 2 185 141 1157 1114 1158
1612 2 2 185 141 1158 1114 1162
1613 2 2 185 141 1162 1114 1177
1614 2 2 185 141 1136 1115 1138
1615 2 2 185 141 1115 1136 1165
1616 2 2 185 141 1138 1115 1139
1617 2 2 185 141 1142 1116 1143
1618 2 2 185 141 1143 1116 1144
1619 2 2 185 141 1144 1116 1166
1620 2 2 185 141 1151 1117 1153
1621 2 2 185 141 1117 1151 1169
1622 2 2 185 141 1153 1117 1154
1623 2 2 185 141 1154 1118 1155
1624 2 2 185 141 1155 1118 1156
1625 2 2 185 141 1156 1118 1157
1626 2 2 185 141 1119 1147 1148
1627 2 2 185 141 1147 1119 1165
1628 2 2 185 141 1119 1148 1177
1629 2 2 185 141 1139 1120 1140
1630 2 2 185 141 1140 1120 1141
1631 2 2 185 141 1141 1120 1142
1632 2 2 185 141 1121 1146 1166
1633 2 2 185 141 1146 1121 1174
1634 2 2 185 141 1121 1169 1174
1635 2 2 185 141 1144 1122 1145
1636 2 2 185 141 1122 1144 1146
1637 2 2 185 141 1122 1146 1164
1638 2 2 185 141 1148 1123 1162
1639 2 2 185 141 1123 1148 1178
1640 2 2 185 141 1161 1123 1178
1641 2 2 185 141 1162 1123 1175
1642 2 2 185 141 1124 1153 1154
1643 2 2 185 141 1153 1124 1170
1644 2 2 185 141 1124 1154 1155
1645 2 2 185 141 1124 1155 1167
1646 2 2 185 141 1125 1138 1139
1647 2 2 185 141 1138 1125 1171
1648 2 2 185 141 1125 1139 1140
1649 2 2 185 141 1125 1140 1168
1650 2 2 185 141 1126 1158 1163
1651 2 2 185 141 1158 1126 1173
1652 2 2 185 141 1126 1159 1173
1653 2 2 185 141 1127 1149 1150
1654 2 2 185 141 1127 1150 1151
1655 2 2 185 141 1127 1151 1152
1656 2 2 185 141 1143 1128 1172
1657 2 2 185 141 1128 1143 1176
1658 2 2 185 141 1128 1160 1172
1659 2 2 185 141 1129 1134 1135
1660 2 2 185 141 1129 1135 1136
1661 2 2 185 141 1129 1136 1137
1662 2 2 185 141 1146 1130 1164
1663 2 2 185 141 1130 1146 1174
1664 2 2 185 141 1149 1130 1150
1665 2 2 185 141 1150 1130 1174
1666 2 2 185 141 1131 1155 1156
1667 2 2 185 141 1155 1131 1167
1668 2 2 185 141 1131 1156 1159
1669 2 2 185 141 1132 1140 1141
1670 2 2 185 141 1140 1132 1168
1671 2 2 185 141 1132 1141 1160
1672 2 2 185 141 1134 1133 1135
1673 2 2 185 141 1135 1133 1147
1674 2 2 185 141 1147 1133 1178
1675 2 2 185 141 1133 1161 1178
1676 2 2 185 141 1136 1135 1165
1677 2 2 185 141 1135 1147 1165
1678 2 2 185 141 1137 1136 1138
1679 2 2 185 141 1137 1138 1171
1680 2 2 185 141 1141 1142 1172
1681 2 2 185 141 1160 1141 1172
1682 2 2 185 141 1142 1143 1172
1683 2 2 185 141 1143 1144 1145
1684 2 2 185 141 1143 1145 1176
1685 2 2 185 141 1146 1144 1166
1686 2 2 185 141 1148 1147 1178
1687 2 2 185 141 1148 1162 1177
1688 2 2 185 141 1151 1150 1169
1689 2 2 185 141 1169 1150 1174
1690 2 2 185 141 1152 1151 1153
1691 2 2 185 141 1152 1153 1170
1692 2 2 185 141 1156 1157 1173
1693 2 2 185 141 1159 1156 1173
1694 2 2 185 141 1157 1158 1173
1695 2 2 185 141 1158 1162 1163
1696 2 2 185 141 1163 1162 1175
1697 2 2 189 183 13 60 22
1698 2 2 189 183 161 13 22
1699 2 2 189 183 57 13 161
1700 2 2 189 183 14 57 21
1701 2 2 189 183 164 14 21
1702 2 2 189 183 14 164 58
1703 2 2 189 183 24 15 58
1704 2 2 189 183 24 163 15
1705 2 2 189 183 15 163 59
1706 2 2 189 183 16 59 23
1707 2 2 189 183 162 16 23
1708 2 2 189 183 16 162 60
1709 2 2 189 183 57 161 21
1710 2 2 189 183 60 162 22
1711 2 2 189 183 59 163 23
1712 2 2 189 183 164 24 58
1713 4 2 193 1 97 78 1180 1185
1714 4 2 193 1 100 119 1179 1183
1715 4 2 193 1 397 97 78 1180
1716 4 2 193 1 100 119 433 1179
1717 4 2 193 1 78 135 1180 1185
1718 4 2 193 1 62 1179 119 1183
1719 4 2 193 1 455 78 135 1180
1720 4 2 193 1 453 119 62 1179
1721 4 2 193 1 97 1180 116 1185
1722 4 2 193 1 81 100 1179 1183
1723 4 2 193 1 97 415 116 1180
1724 4 2 193 1 100 413 81 1179
1725 4 2 193 1 116 1180 135 1185
1726 4 2 193 1 81 1179 62 1183
1727 4 2 193 1 435 135 116 1180
1728 4 2 193 1 62 81 393 1179
1729 4 2 193 1 446 1182 427 1184
1730 4 2 193 1 450 1181 390 1183
1731 4 2 193 1 417 1185 437 1187
1732 4 2 193 1 437 1185 458 1187
1733 4 2 193 1 430 410 1181 1183
1734 4 2 193 1 109 90 1186 1189
1735 4 2 193 1 90 71 1186 1189
1736 4 2 193 1 128 1186 71 1189
1737 4 2 193 1 109 1186 128 1189
1738 4 2 193 1 458 1185 396 1187
1739 4 2 193 1 396 1185 417 1187
1740 4 2 193 1 427 1182 408 1184
1741 4 2 193 1 410 390 1181 1183
1742 4 2 193 1 387 1182 446 1184
1743 4 2 193 1 408 1182 387 1184
1744 4 2 193 1 450 430 1181 1183
1745 4 2 193 1 123 1182 66 1190
1746 4 2 193 1 85 66 1182 1190
1747 4 2 193 1 104 85 1182 1190
1748 4 2 193 1 104 1182 123 1190
1749 4 2 193 1 125 446 427 1184
1750 4 2 193 1 450 64 390 1181
1751 4 2 193 1 446 124 427 1182
1752 4 2 193 1 450 390 63 1183
1753 4 2 193 1 97 395 78 1185
1754 4 2 193 1 90 71 401 1186
1755 4 2 193 1 128 109 441 1186
1756 4 2 193 1 90 421 109 1186
1757 4 2 193 1 436 116 135 1185
1758 4 2 193 1 115 437 417 1185
1759 4 2 193 1 116 416 97 1185
1760 4 2 193 1 135 78 456 1185
1761 4 2 193 1 437 134 458 1185
1762 4 2 193 1 437 458 133 1187
1763 4 2 193 1 114 417 437 1187
1764 4 2 193 1 430 410 102 1181
1765 4 2 193 1 128 461 71 1186
1766 4 2 193 1 66 389 85 1182
1767 4 2 193 1 100 431 119 1183
1768 4 2 193 1 81 411 100 1183
1769 4 2 193 1 407 104 85 1182
1770 4 2 193 1 430 101 410 1183
1771 4 2 193 1 90 400 71 1189
1772 4 2 193 1 458 77 396 1185
1773 4 2 193 1 396 96 417 1185
1774 4 2 193 1 427 408 106 1184
1775 4 2 193 1 410 390 83 1181
1776 4 2 193 1 458 396 76 1187
1777 4 2 193 1 396 417 95 1187
1778 4 2 193 1 104 429 123 1182
1779 4 2 193 1 410 82 390 1183
1780 4 2 193 1 451 62 119 1183
1781 4 2 193 1 447 66 123 1182
1782 4 2 193 1 408 427 105 1182
1783 4 2 193 1 62 391 81 1183
1784 4 2 193 1 109 420 90 1189
1785 4 2 193 1 109 128 440 1189
1786 4 2 193 1 460 128 71 1189
1787 4 2 193 1 68 387 446 1184
1788 4 2 193 1 446 387 67 1182
1789 4 2 193 1 408 387 87 1184
1790 4 2 193 1 86 387 408 1182
1791 4 2 193 1 426 104 123 1190
1792 4 2 193 1 85 386 66 1190
1793 4 2 193 1 123 66 448 1190
1794 4 2 193 1 104 406 85 1190
1795 4 2 193 1 450 430 121 1181
1796 4 2 193 1 450 120 430 1183
1797 4 2 193 1 64 63 450 390
1798 4 2 193 1 446 124 125 427
1799 4 2 193 1 99 100 433 1179
1800 4 2 193 1 99 413 100 1179
1801 4 2 193 1 98 97 397 1180
1802 4 2 193 1 98 415 97 1180
1803 4 2 193 1 90 71 400 401
1804 4 2 193 1 66 85 389 386
1805 4 2 193 1 431 100 119 433
1806 4 2 193 1 397 78 97 395
1807 4 2 193 1 413 100 81 411
1808 4 2 193 1 435 116 135 436
1809 4 2 193 1 456 78 135 455
1810 4 2 193 1 416 116 97 415
1811 4 2 193 1 134 133 437 458
1812 4 2 193 1 437 114 115 417
1813 4 2 193 1 430 101 102 410
1814 4 2 193 1 441 109 128 440
1815 4 2 193 1 109 90 420 421
1816 4 2 193 1 123 104 426 429
1817 4 2 193 1 410 82 83 390
1818 4 2 193 1 62 119 453 451
1819 4 2 193 1 458 77 76 396
1820 4 2 193 1 396 96 95 417
1821 4 2 193 1 407 85 104 406
1822 4 2 193 1 427 105 106 408
1823 4 2 193 1 391 62 81 393
1824 4 2 193 1 128 71 461 460
1825 4 2 193 1 448 66 123 447
1826 4 2 193 1 68 67 446 387
1827 4 2 193 1 136 455 135 1180
1828 4 2 193 1 453 62 61 1179
1829 4 2 193 1 435 136 135 1180
1830 4 2 193 1 62 393 61 1179
1831 4 2 193 1 408 86 87 387
1832 4 2 193 1 450 120 121 430
1833 4 2 193 1 413 80 81 1179
1834 4 2 193 1 116 415 117 1180
1835 4 2 193 1 116 117 435 1180
1836 4 2 193 1 80 393 81 1179
1837 4 2 193 1 464 466 79 1180
1838 4 2 193 1 117 424 467 1180
1839 4 2 193 1 466 468 405 1180
1840 4 2 193 1 465 317 118 1179
1841 4 2 193 1 467 469 444 1180
1842 4 2 193 1 318 319 404 1179
1843 4 2 193 1 317 445 118 1179
1844 4 2 193 1 468 467 424 1180
1845 4 2 193 1 469 466 464 1180
1846 4 2 193 1 94 1187 418 1191
1847 4 2 193 1 130 1188 463 1193
1848 4 2 193 1 423 1188 93 1191
1849 4 2 193 1 388 1181 65 1190
1850 4 2 193 1 428 1181 103 1190
1851 4 2 193 1 409 1181 84 1190
1852 4 2 193 1 449 65 1181 1190
1853 4 2 193 1 80 425 318 1179
1854 4 2 193 1 432 126 1184 1192
1855 4 2 193 1 107 1184 412 1192
1856 4 2 193 1 459 72 1186 1193
1857 4 2 193 1 434 1189 127 1192
1858 4 2 193 1 403 93 1188 1191
1859 4 2 193 1 414 1189 108 1192
1860 4 2 193 1 317 320 445 1179
1861 4 2 193 1 398 1187 94 1191
1862 4 2 193 1 432 1184 107 1192
1863 4 2 193 1 466 405 79 1180
1864 4 2 193 1 459 1186 129 1193
1865 4 2 193 1 108 1189 434 1192
1866 4 2 193 1 449 1181 122 1190
1867 4 2 193 1 122 1181 428 1190
1868 4 2 193 1 84 1181 388 1190
1869 4 2 193 1 103 1181 409 1190
1870 4 2 193 1 439 129 1186 1193
1871 4 2 193 1 112 1188 423 1191
1872 4 2 193 1 418 1187 113 1191
1873 4 2 193 1 130 442 1188 1193
1874 4 2 193 1 463 1188 73 1193
1875 4 2 193 1 59 444 467 469
1876 4 2 193 1 319 404 28 318
1877 4 2 193 1 126 452 1184 1192
1878 4 2 193 1 113 1187 438 1191
1879 4 2 193 1 111 1188 442 1193
1880 4 2 193 1 73 1188 402 1193
1881 4 2 193 1 454 127 1189 1192
1882 4 2 193 1 112 443 1188 1191
1883 4 2 193 1 399 1186 72 1193
1884 4 2 193 1 439 1186 110 1193
1885 4 2 193 1 412 1184 88 1192
1886 4 2 193 1 398 75 1187 1191
1887 4 2 193 1 414 89 1189 1192
1888 4 2 193 1 403 1188 74 1191
1889 4 2 193 1 392 1184 69 1192
1890 4 2 193 1 132 1187 457 1191
1891 4 2 193 1 92 1188 422 1193
1892 4 2 193 1 131 462 1188 1191
1893 4 2 193 1 419 1186 91 1193
1894 4 2 193 1 70 1189 394 1192
1895 4 2 193 1 131 1188 443 1191
1896 4 2 193 1 399 91 1186 1193
1897 4 2 193 1 462 74 1188 1191
1898 4 2 193 1 110 1186 419 1193
1899 4 2 193 1 394 1189 89 1192
1900 4 2 193 1 88 1184 392 1192
1901 4 2 193 1 457 1187 75 1191
1902 4 2 193 1 422 1188 111 1193
1903 4 2 193 1 69 1184 452 1192
1904 4 2 193 1 132 438 1187 1191
1905 4 2 193 1 70 454 1189 1192
1906 4 2 193 1 418 423 94 1191
1907 4 2 193 1 402 1188 92 1193
1908 4 2 193 1 94 423 93 1191
1909 4 2 193 1 13 79 464 466
1910 4 2 193 1 463 459 130 1193
1911 4 2 193 1 320 318 425 1179
1912 4 2 193 1 434 126 432 1192
1913 4 2 193 1 403 94 93 1191
1914 4 2 193 1 107 414 108 1192
1915 4 2 193 1 319 317 465 1179
1916 4 2 193 1 405 466 57 468
1917 4 2 193 1 434 432 107 1192
1918 4 2 193 1 130 459 129 1193
1919 4 2 193 1 107 108 434 1192
1920 4 2 193 1 463 73 459 1193
1921 4 2 193 1 15 117 424 467
1922 4 2 193 1 439 130 129 1193
1923 4 2 193 1 418 113 423 1191
1924 4 2 193 1 459 73 72 1193
1925 4 2 193 1 126 434 127 1192
1926 4 2 193 1 98 405 468 1180
1927 4 2 193 1 107 412 414 1192
1928 4 2 193 1 398 94 403 1191
1929 4 2 193 1 112 423 113 1191
1930 4 2 193 1 65 386 388 1190
1931 4 2 193 1 428 103 426 1190
1932 4 2 193 1 442 130 439 1193
1933 4 2 193 1 449 448 65 1190
1934 4 2 193 1 442 439 111 1193
1935 4 2 193 1 454 126 127 1192
1936 4 2 193 1 443 112 113 1191
1937 4 2 193 1 73 399 72 1193
1938 4 2 193 1 406 409 84 1190
1939 4 2 193 1 425 1 80 318
1940 4 2 193 1 318 404 80 1179
1941 4 2 193 1 467 444 117 1180
1942 4 2 193 1 406 103 409 1190
1943 4 2 193 1 449 122 448 1190
1944 4 2 193 1 428 426 122 1190
1945 4 2 193 1 84 388 386 1190
1946 4 2 193 1 88 414 412 1192
1947 4 2 193 1 398 403 75 1191
1948 4 2 193 1 106 412 107 1184
1949 4 2 193 1 125 432 126 1184
1950 4 2 193 1 408 412 106 1184
1951 4 2 193 1 452 125 126 1184
1952 4 2 193 1 416 417 96 1185
1953 4 2 193 1 134 456 458 1185
1954 4 2 193 1 115 436 437 1185
1955 4 2 193 1 97 416 96 1185
1956 4 2 193 1 436 115 116 1185
1957 4 2 193 1 135 456 134 1185
1958 4 2 193 1 65 388 64 1181
1959 4 2 193 1 428 102 103 1181
1960 4 2 193 1 69 392 68 1184
1961 4 2 193 1 102 428 430 1181
1962 4 2 193 1 95 418 94 1187
1963 4 2 193 1 133 457 132 1187
1964 4 2 193 1 417 418 95 1187
1965 4 2 193 1 133 458 457 1187
1966 4 2 193 1 114 437 438 1187
1967 4 2 193 1 113 114 438 1187
1968 4 2 193 1 461 72 71 1186
1969 4 2 193 1 104 407 105 1182
1970 4 2 193 1 407 408 105 1182
1971 4 2 193 1 410 411 82 1183
1972 4 2 193 1 81 82 411 1183
1973 4 2 193 1 93 422 92 1188
1974 4 2 193 1 442 111 112 1188
1975 4 2 193 1 101 430 431 1183
1976 4 2 193 1 432 125 427 1184
1977 4 2 193 1 125 452 446 1184
1978 4 2 193 1 83 84 409 1181
1979 4 2 193 1 388 390 64 1181
1980 4 2 193 1 409 410 83 1181
1981 4 2 193 1 398 95 94 1187
1982 4 2 193 1 461 459 72 1186
1983 4 2 193 1 91 421 90 1186
1984 4 2 193 1 109 110 441 1186
1985 4 2 193 1 447 67 66 1182
1986 4 2 193 1 81 391 82 1183
1987 4 2 193 1 429 104 105 1182
1988 4 2 193 1 451 119 120 1183
1989 4 2 193 1 67 389 66 1182
1990 4 2 193 1 131 463 130 1188
1991 4 2 193 1 74 402 73 1188
1992 4 2 193 1 460 71 70 1189
1993 4 2 193 1 440 108 109 1189
1994 4 2 193 1 90 420 89 1189
1995 4 2 193 1 71 400 70 1189
1996 4 2 193 1 72 401 71 1186
1997 4 2 193 1 442 112 443 1188
1998 4 2 193 1 423 422 93 1188
1999 4 2 193 1 396 77 395 1185
2000 4 2 193 1 450 449 64 1181
2001 4 2 193 1 392 387 68 1184
2002 4 2 193 1 421 91 419 1186
2003 4 2 193 1 439 441 110 1186
2004 4 2 193 1 78 395 77 1185
2005 4 2 193 1 449 65 64 1181
2006 4 2 193 1 399 401 72 1186
2007 4 2 193 1 400 394 70 1189
2008 4 2 193 1 387 389 67 1182
2009 4 2 193 1 100 101 431 1183
2010 4 2 193 1 462 463 131 1188
2011 4 2 193 1 398 76 396 1187
2012 4 2 193 1 420 108 414 1189
2013 4 2 193 1 434 440 127 1189
2014 4 2 193 1 454 127 460 1189
2015 4 2 193 1 427 124 429 1182
2016 4 2 193 1 451 450 63 1183
2017 4 2 193 1 124 446 447 1182
2018 4 2 193 1 63 390 391 1183
2019 4 2 193 1 93 402 403 1188
2020 4 2 193 1 398 396 95 1187
2021 4 2 193 1 454 460 70 1189
2022 4 2 193 1 420 414 89 1189
2023 4 2 193 1 434 108 440 1189
2024 4 2 193 1 67 447 446 1182
2025 4 2 193 1 82 391 390 1183
2026 4 2 193 1 427 429 105 1182
2027 4 2 193 1 451 120 450 1183
2028 4 2 193 1 74 403 402 1188
2029 4 2 193 1 395 97 96 1185
2030 4 2 193 1 449 121 122 1181
2031 4 2 193 1 119 431 120 1183
2032 4 2 193 1 399 91 401 1186
2033 4 2 193 1 421 419 110 1186
2034 4 2 193 1 439 129 441 1186
2035 4 2 193 1 423 112 422 1188
2036 4 2 193 1 442 443 131 1188
2037 4 2 193 1 392 87 387 1184
2038 4 2 193 1 400 89 394 1189
2039 4 2 193 1 387 86 389 1182
2040 4 2 193 1 91 90 401 1186
2041 4 2 193 1 120 431 430 1183
2042 4 2 193 1 109 421 110 1186
2043 4 2 193 1 441 129 128 1186
2044 4 2 193 1 452 69 68 1184
2045 4 2 193 1 416 115 417 1185
2046 4 2 193 1 77 458 456 1185
2047 4 2 193 1 134 437 436 1185
2048 4 2 193 1 115 416 116 1185
2049 4 2 193 1 436 135 134 1185
2050 4 2 193 1 78 77 456 1185
2051 4 2 193 1 412 87 88 1184
2052 4 2 193 1 106 107 432 1184
2053 4 2 193 1 408 87 412 1184
2054 4 2 193 1 83 388 84 1181
2055 4 2 193 1 121 428 122 1181
2056 4 2 193 1 87 392 88 1184
2057 4 2 193 1 121 430 428 1181
2058 4 2 193 1 76 75 457 1187
2059 4 2 193 1 438 133 132 1187
2060 4 2 193 1 76 457 458 1187
2061 4 2 193 1 133 438 437 1187
2062 4 2 193 1 417 114 418 1187
2063 4 2 193 1 113 418 114 1187
2064 4 2 193 1 129 461 128 1186
2065 4 2 193 1 85 389 86 1182
2066 4 2 193 1 462 74 463 1188
2067 4 2 193 1 410 101 411 1183
2068 4 2 193 1 100 411 101 1183
2069 4 2 193 1 407 85 86 1182
2070 4 2 193 1 407 86 408 1182
2071 4 2 193 1 131 130 442 1188
2072 4 2 193 1 111 422 112 1188
2073 4 2 193 1 90 89 400 1189
2074 4 2 193 1 396 395 96 1185
2075 4 2 193 1 450 121 449 1181
2076 4 2 193 1 68 446 452 1184
2077 4 2 193 1 432 427 106 1184
2078 4 2 193 1 102 409 103 1181
2079 4 2 193 1 388 83 390 1181
2080 4 2 193 1 409 102 410 1181
2081 4 2 193 1 76 398 75 1187
2082 4 2 193 1 461 129 459 1186
2083 4 2 193 1 123 429 124 1182
2084 4 2 193 1 451 63 62 1183
2085 4 2 193 1 123 124 447 1182
2086 4 2 193 1 63 391 62 1183
2087 4 2 193 1 74 73 463 1188
2088 4 2 193 1 93 92 402 1188
2089 4 2 193 1 108 420 109 1189
2090 4 2 193 1 440 128 127 1189
2091 4 2 193 1 128 460 127 1189
2092 4 2 193 1 113 438 443 1191
2093 4 2 193 1 452 126 454 1192
2094 4 2 193 1 399 73 402 1193
2095 4 2 193 1 439 110 111 1193
2096 4 2 193 1 66 386 65 1190
2097 4 2 193 1 103 104 426 1190
2098 4 2 193 1 448 66 65 1190
2099 4 2 193 1 103 406 104 1190
2100 4 2 193 1 4 118 465 317
2101 4 2 193 1 444 469 136 1180
2102 4 2 193 1 61 404 319 1179
2103 4 2 193 1 414 88 89 1192
2104 4 2 193 1 75 403 74 1191
2105 4 2 193 1 84 386 85 1190
2106 4 2 193 1 122 426 123 1190
2107 4 2 193 1 448 122 123 1190
2108 4 2 193 1 406 84 85 1190
2109 4 2 193 1 469 13 464 466
2110 4 2 193 1 462 75 74 1191
2111 4 2 193 1 88 394 89 1192
2112 4 2 193 1 110 419 111 1193
2113 4 2 193 1 132 443 438 1191
2114 4 2 193 1 399 402 92 1193
2115 4 2 193 1 452 454 69 1192
2116 4 2 193 1 99 445 320 1179
2117 4 2 193 1 424 15 467 468
2118 4 2 193 1 132 457 462 1191
2119 4 2 193 1 394 392 69 1192
2120 4 2 193 1 92 422 419 1193
2121 4 2 193 1 132 462 131 1191
2122 4 2 193 1 70 394 69 1192
2123 4 2 193 1 92 419 91 1193
2124 4 2 193 1 118 4 445 317
2125 4 2 193 1 443 132 131 1191
2126 4 2 193 1 399 92 91 1193
2127 4 2 193 1 75 462 457 1191
2128 4 2 193 1 394 88 392 1192
2129 4 2 193 1 111 419 422 1193
2130 4 2 193 1 70 69 454 1192
2131 4 2 193 1 320 317 318 1179
2132 4 2 193 1 468 466 467 1180
2133 4 2 193 1 317 319 318 1179
2134 4 2 193 1 469 467 466 1180
2135 4 2 193 1 320 445 26 317
2136 4 2 193 1 13 405 79 466
2137 4 2 193 1 1 425 320 318
2138 4 2 193 1 318 1 80 404
2139 4 2 193 1 99 320 425 1179
2140 4 2 193 1 464 60 13 469
2141 4 2 193 1 98 468 424 1180
2142 4 2 193 1 319 465 61 1179
2143 4 2 193 1 58 15 424 468
2144 4 2 193 1 14 98 405 468
2145 4 2 193 1 465 4 317 319
2146 4 2 193 1 79 405 397 1180
2147 4 2 193 1 15 117 467 444
2148 4 2 193 1 16 136 444 469
2149 4 2 193 1 3 61 404 319
2150 4 2 193 1 469 464 136 1180
2151 4 2 193 1 433 118 445 1179
2152 4 2 193 1 433 445 99 1179
2153 4 2 193 1 98 397 405 1180
2154 4 2 193 1 4 445 317 26
2155 4 2 193 1 453 465 118 1179
2156 4 2 193 1 425 25 1 320
2157 4 2 193 1 455 464 79 1180
2158 4 2 193 1 57 14 405 468
2159 4 2 193 1 444 16 469 59
2160 4 2 193 1 3 404 28 319
2161 4 2 193 1 455 136 464 1180
2162 4 2 193 1 98 424 415 1180
2163 4 2 193 1 453 61 465 1179
2164 4 2 193 1 27 4 465 319
2165 4 2 193 1 2 99 445 320
2166 4 2 193 1 425 413 99 1179
2167 4 2 193 1 425 80 413 1179
2168 4 2 193 1 117 415 424 1180
2169 4 2 193 1 444 136 435 1180
2170 4 2 193 1 404 61 393 1179
2171 4 2 193 1 404 393 80 1179
2172 4 2 193 1 444 435 117 1180
2173 4 2 193 1 2 445 26 320
2174 4 2 193 1 13 57 405 466
2175 4 2 193 1 318 28 1 404
2176 4 2 193 1 2 425 99 320
2177 4 2 193 1 61 3 465 319
2178 4 2 193 1 2 25 425 320
2179 4 2 193 1 3 465 319 27
2180 4 2 193 1 15 59 444 467
2181 4 2 193 1 468 14 98 424
2182 4 2 193 1 16 464 136 469
2183 4 2 193 1 16 60 464 469
2184 4 2 193 1 468 58 14 424
2185 4 2 193 1 1180 78 79 455
2186 4 2 193 1 1180 79 78 397
2187 4 2 193 1 1179 119 118 453
2188 4 2 193 1 1179 118 119 433
2189 4 2 192 2 1218 1287 597 1333
2190 4 2 192 2 896 1024 1207 1281
2191 4 2 192 2 926 1352 1244 1487
2192 4 2 192 2 572 597 1287 1333
2193 4 2 192 2 1233 1273 1104 1291
2194 4 2 192 2 599 1287 1222 1333
2195 4 2 192 2 485 1299 1206 1578
2196 4 2 192 2 876 1289 1217 1338
2197 4 2 192 2 1078 1278 1234 1335
2198 4 2 192 2 1220 1289 877 1338
2199 4 2 192 2 1092 1441 1313 1590
2200 4 2 192 2 1078 1228 1278 1335
2201 4 2 192 2 876 844 1289 1338
2202 4 2 192 2 572 1287 599 1333
2203 4 2 192 2 877 1289 844 1338
2204 4 2 192 2 926 1244 1303 1487
2205 4 2 192 2 182 1195 1302 1355
2206 4 2 192 2 1108 1233 1104 1291
2207 4 2 192 2 244 1209 1231 1453
2208 4 2 192 2 244 1209 243 1231
2209 4 2 192 2 1073 1214 1280 1334
2210 4 2 192 2 1284 1482 1374 1504
2211 4 2 192 2 1207 1281 1024 1323
2212 4 2 192 2 267 1340 1245 1362
2213 4 2 192 2 324 1374 1284 1482
2214 4 2 192 2 206 1305 1257 1336
2215 4 2 192 2 1233 1291 1108 1593
2216 4 2 192 2 1073 1280 1258 1334
2217 4 2 192 2 1106 1210 1409 1493
2218 4 2 192 2 306 1318 1222 1429
2219 4 2 192 2 313 1331 1226 1373
2220 4 2 192 2 1030 1227 1327 1388
2221 4 2 192 2 313 1331 314 1431
2222 4 2 192 2 313 314 1331 1373
2223 4 2 192 2 267 1241 1340 1362
2224 4 2 192 2 1032 1030 1227 1327
2225 4 2 192 2 257 1355 258 1392
2226 4 2 192 2 564 1301 537 1339
2227 4 2 192 2 247 1293 1539 1613
2228 4 2 192 2 874 1284 1200 1369
2229 4 2 192 2 1214 1305 618 1336
2230 4 2 192 2 1210 1328 1283 1575
2231 4 2 192 2 247 1293 1388 1539
2232 4 2 192 2 1078 1278 1228 1429
2233 4 2 192 2 485 1206 1328 1578
2234 4 2 192 2 1104 1291 1273 1489
2235 4 2 192 2 530 1276 1202 1347
2236 4 2 192 2 1032 1327 1227 1412
2237 4 2 192 2 1222 1429 1333 1441
2238 4 2 192 2 1108 1291 1104 1489
2239 4 2 192 2 1283 1328 476 1575
2240 4 2 192 2 1030 1327 1270 1388
2241 4 2 192 2 827 206 1257 1336
2242 4 2 192 2 1222 1349 1333 1429
2243 4 2 192 2 1342 1409 1210 1493
2244 4 2 192 2 618 1305 206 1336
2245 4 2 192 2 875 1217 1297 1337
2246 4 2 192 2 314 1331 1373 1431
2247 4 2 192 2 872 1297 1215 1337
2248 4 2 192 2 1049 1264 1260 1314
2249 4 2 192 2 289 288 1252 1351
2250 4 2 192 2 875 1297 846 1337
2251 4 2 192 2 846 1297 872 1337
2252 4 2 192 2 1104 1233 1108 1593
2253 4 2 192 2 1157 1302 1195 1483
2254 4 2 192 2 257 1265 258 1355
2255 4 2 192 2 299 1306 1229 1419
2256 4 2 192 2 1079 1204 315 1373
2257 4 2 192 2 365 1194 322 1424
2258 4 2 192 2 364 322 365 1194
2259 4 2 192 2 1318 1349 1222 1429
2260 4 2 192 2 289 288 1351 1377
2261 4 2 192 2 973 1294 1249 1360
2262 4 2 192 2 305 1429 1222 1441
2263 4 2 192 2 557 1283 1233 1361
2264 4 2 192 2 1263 1304 722 1428
2265 4 2 192 2 1080 1079 315 1373
2266 4 2 192 2 1073 1280 1214 1404
2267 4 2 192 2 1258 1280 1073 1448
2268 4 2 192 2 1260 1264 1049 1433
2269 4 2 192 2 1233 1283 608 1291
2270 4 2 192 2 560 1310 1251 1588
2271 4 2 192 2 534 1202 530 1276
2272 4 2 192 2 258 1195 1355 1483
2273 4 2 192 2 1033 1413 1254 1455
2274 4 2 192 2 1209 1300 1231 1453
2275 4 2 192 2 1040 1211 1401 1494
2276 4 2 192 2 1030 1270 1327 1407
2277 4 2 192 2 1283 1361 197 1367
2278 4 2 192 2 1163 1510 998 1604
2279 4 2 192 2 537 1301 1242 1339
2280 4 2 192 2 1195 998 1510 1604
2281 4 2 192 2 1239 1281 972 1471
2282 4 2 192 2 1226 1304 633 1344
2283 4 2 192 2 760 1307 1236 1346
2284 4 2 192 2 1211 1394 1401 1494
2285 4 2 192 2 973 236 1294 1360
2286 4 2 192 2 564 1251 1301 1339
2287 4 2 192 2 1259 656 1396 1422
2288 4 2 192 2 1287 1313 503 1372
2289 4 2 192 2 1210 1283 1328 1465
2290 4 2 192 2 898 1352 1241 1531
2291 4 2 192 2 1200 1284 874 1517
2292 4 2 192 2 534 1202 1276 1308
2293 4 2 192 2 503 1313 501 1372
2294 4 2 192 2 1195 258 1355 1392
2295 4 2 192 2 896 1281 1207 1355
2296 4 2 192 2 1194 1077 1424 1491
2297 4 2 192 2 1195 1309 998 1604
2298 4 2 192 2 313 1226 1331 1435
2299 4 2 192 2 1078 1234 1278 1381
2300 4 2 192 2 667 649 1335 1464
2301 4 2 192 2 485 194 1299 1578
2302 4 2 192 2 555 557 1233 1361
2303 4 2 192 2 1358 1463 1246 1498
2304 4 2 192 2 1106 1210 1109 1409
2305 4 2 192 2 760 1260 1307 1346
2306 4 2 192 2 950 903 1196 1277
2307 4 2 192 2 267 1241 268 1340
2308 4 2 192 2 580 182 1302 1355
2309 4 2 192 2 267 1340 268 1376
2310 4 2 192 2 1092 1313 1462 1590
2311 4 2 192 2 1251 1409 1342 1493
2312 4 2 192 2 1333 1429 1235 1441
2313 4 2 192 2 1246 1329 1420 1463
2314 4 2 192 2 619 197 1361 1367
2315 4 2 192 2 282 1214 281 1257
2316 4 2 192 2 476 1328 1283 1367
2317 4 2 192 2 258 1355 1265 1483
2318 4 2 192 2 305 1235 1429 1441
2319 4 2 192 2 1096 1441 1287 1462
2320 4 2 192 2 1032 1030 1327 1407
2321 4 2 192 2 898 1244 1352 1531
2322 4 2 192 2 279 322 364 1194
2323 4 2 192 2 1287 1372 503 1563
2324 4 2 192 2 526 597 1218 1287
2325 4 2 192 2 289 1219 1351 1498
2326 4 2 192 2 526 572 597 1287
2327 4 2 192 2 313 1331 1233 1435
2328 4 2 192 2 1278 1335 649 1464
2329 4 2 192 2 1063 1420 1297 1440
2330 4 2 192 2 322 1194 279 1424
2331 4 2 192 2 827 1257 206 1305
2332 4 2 192 2 1217 1289 876 1505
2333 4 2 192 2 1298 1467 1083 1500
2334 4 2 192 2 266 267 1245 1407
2335 4 2 192 2 257 1355 1207 1525
2336 4 2 192 2 1163 998 1309 1604
2337 4 2 192 2 1325 1358 1246 1498
2338 4 2 192 2 306 1228 307 1318
2339 4 2 192 2 1270 1388 1293 1539
2340 4 2 192 2 534 531 530 1202
2341 4 2 192 2 299 1198 1306 1419
2342 4 2 192 2 1298 1463 1083 1467
2343 4 2 192 2 1156 1157 1302 1510
2344 4 2 192 2 182 1302 1195 1510
2345 4 2 192 2 1063 1246 1297 1420
2346 4 2 192 2 313 1233 1331 1431
2347 4 2 192 2 1133 1196 907 1345
2348 4 2 192 2 1249 1443 894 1515
2349 4 2 192 2 1250 1401 1394 1494
2350 4 2 192 2 282 1214 1257 1404
2351 4 2 192 2 972 1239 1025 1281
2352 4 2 192 2 722 1304 1263 1380
2353 4 2 192 2 290 1246 1463 1498
2354 4 2 192 2 1106 1409 1251 1493
2355 4 2 192 2 1157 1195 259 1483
2356 4 2 192 2 289 1351 1219 1377
2357 4 2 192 2 1096 1092 1441 1462
2358 4 2 192 2 656 1422 1259 1432
2359 4 2 192 2 760 1236 818 1346
2360 4 2 192 2 972 1281 1025 1323
2361 4 2 192 2 560 1251 1339 1588
2362 4 2 192 2 907 1196 1133 1438
2363 4 2 192 2 1247 1467 1298 1500
2364 4 2 192 2 526 1287 1218 1313
2365 4 2 192 2 247 1539 246 1613
2366 4 2 192 2 1216 1420 1329 1463
2367 4 2 192 2 1080 1304 1263 1320
2368 4 2 192 2 794 1264 1314 1346
2369 4 2 192 2 760 845 1260 1346
2370 4 2 192 2 1247 1083 1467 1500
2371 4 2 192 2 306 1228 1318 1429
2372 4 2 192 2 1082 1081 1469 1533
2373 4 2 192 2 282 1404 1257 1446
2374 4 2 192 2 633 1344 1304 1380
2375 4 2 192 2 794 1314 795 1346
2376 4 2 192 2 530 1202 531 1347
2377 4 2 192 2 1025 1281 1239 1323
2378 4 2 192 2 667 1335 1234 1464
2379 4 2 192 2 1040 1211 1042 1401
2380 4 2 192 2 665 1312 708 1475
2381 4 2 192 2 1032 1407 1327 1412
2382 4 2 192 2 1082 1081 1435 1469
2383 4 2 192 2 1239 1281 255 1516
2384 4 2 192 2 1239 1317 1010 1323
2385 4 2 192 2 257 1207 1516 1525
2386 4 2 192 2 1246 1358 1329 1463
2387 4 2 192 2 254 255 1239 1248
2388 4 2 192 2 1156 1173 1157 1510
2389 4 2 192 2 969 1207 1024 1323
2390 4 2 192 2 188 1363 1292 1480
2391 4 2 192 2 1017 984 1227 1286
2392 4 2 192 2 935 1010 1317 1323
2393 4 2 192 2 1194 1424 1285 1491
2394 4 2 192 2 267 1362 1245 1407
2395 4 2 192 2 1108 1248 1291 1489
2396 4 2 192 2 243 1231 1209 1490
2397 4 2 192 2 894 1249 973 1294
2398 4 2 192 2 1246 1420 291 1463
2399 4 2 192 2 1374 1482 1067 1504
2400 4 2 192 2 1141 1160 1172 1197
2401 4 2 192 2 736 1219 1298 1358
2402 4 2 192 2 1285 1424 1077 1491
2403 4 2 192 2 733 1298 1216 1358
2404 4 2 192 2 1238 1255 1065 1436
2405 4 2 192 2 281 1257 1214 1491
2406 4 2 192 2 1216 291 1420 1463
2407 4 2 192 2 1436 1445 1343 1538
2408 4 2 192 2 1210 1109 1409 1503
2409 4 2 192 2 1322 1453 1095 1456
2410 4 2 192 2 361 1284 324 1374
2411 4 2 192 2 560 177 1310 1588
2412 4 2 192 2 1322 1456 1095 1541
2413 4 2 192 2 990 1196 1309 1330
2414 4 2 192 2 990 1309 1196 1438
2415 4 2 192 2 877 1289 1220 1451
2416 4 2 192 2 1060 1445 1436 1538
2417 4 2 192 2 380 363 364 1520
2418 4 2 192 2 257 1207 1355 1392
2419 4 2 192 2 574 1313 526 1480
2420 4 2 192 2 1221 1296 802 1314
2421 4 2 192 2 1252 1351 288 1411
2422 4 2 192 2 894 1249 1294 1443
2423 4 2 192 2 324 1067 1374 1482
2424 4 2 192 2 1195 1302 1157 1510
2425 4 2 192 2 1096 1462 1287 1509
2426 4 2 192 2 1022 896 1024 1207
2427 4 2 192 2 1355 1516 1207 1525
2428 4 2 192 2 1254 1413 1359 1455
2429 4 2 192 2 1018 1468 1286 1513
2430 4 2 192 2 285 1236 286 1243
2431 4 2 192 2 1215 1297 804 1311
2432 4 2 192 2 1216 1298 665 1312
2433 4 2 192 2 1351 1377 288 1411
2434 4 2 192 2 284 1224 283 1260
2435 4 2 192 2 652 1414 1235 1512
2436 4 2 192 2 1241 1362 267 1407
2437 4 2 192 2 926 1244 954 1303
2438 4 2 192 2 652 1235 1414 1432
2439 4 2 192 2 947 939 1330 1444
2440 4 2 192 2 876 1289 844 1505
2441 4 2 192 2 1276 1302 1154 1483
2442 4 2 192 2 198 197 1283 1361
2443 4 2 192 2 1239 255 1405 1516
2444 4 2 192 2 699 1292 1259 1396
2445 4 2 192 2 1313 1441 1218 1590
2446 4 2 192 2 267 1245 1340 1376
2447 4 2 192 2 1022 1024 969 1207
2448 4 2 192 2 1297 1440 1420 1616
2449 4 2 192 2 665 1216 1312 1475
2450 4 2 192 2 1079 1080 1263 1320
2451 4 2 192 2 313 1226 314 1373
2452 4 2 192 2 372 343 1419 1534
2453 4 2 192 2 1017 891 984 1286
2454 4 2 192 2 1031 1033 1254 1455
2455 4 2 192 2 1208 300 1258 1454
2456 4 2 192 2 1294 1360 236 1479
2457 4 2 192 2 804 1215 872 1297
2458 4 2 192 2 665 1216 733 1298
2459 4 2 192 2 608 1233 557 1283
2460 4 2 192 2 1049 1264 1314 1502
2461 4 2 192 2 244 1300 1209 1453
2462 4 2 192 2 1154 1400 1276 1483
2463 4 2 192 2 1018 1286 891 1513
2464 4 2 192 2 198 619 197 1361
2465 4 2 192 2 1083 1463 1298 1500
2466 4 2 192 2 289 1351 1252 1498
2467 4 2 192 2 1227 1017 1286 1513
2468 4 2 192 2 185 1306 1353 1606
2469 4 2 192 2 844 1289 877 1451
2470 4 2 192 2 898 1244 979 1352
2471 4 2 192 2 708 1312 1256 1475
2472 4 2 192 2 1256 1312 708 1592
2473 4 2 192 2 1012 907 1196 1345
2474 4 2 192 2 1463 1467 1312 1594
2475 4 2 192 2 365 1350 1194 1424
2476 4 2 192 2 1234 1377 1351 1411
2477 4 2 192 2 485 1206 1299 1470
2478 4 2 192 2 1214 1305 1257 1404
2479 4 2 192 2 555 557 608 1233
2480 4 2 192 2 1204 1320 1079 1584
2481 4 2 192 2 875 1297 1217 1505
2482 4 2 192 2 952 1249 894 1515
2483 4 2 192 2 306 1222 1318 1540
2484 4 2 192 2 1218 1313 1287 1441
2485 4 2 192 2 707 736 1298 1358
2486 4 2 192 2 1260 795 1314 1346
2487 4 2 192 2 1312 1463 1298 1467
2488 4 2 192 2 1201 1275 1057 1416
2489 4 2 192 2 574 1253 1313 1480
2490 4 2 192 2 1242 1301 537 1421
2491 4 2 192 2 1049 1502 1314 1612
2492 4 2 192 2 707 1298 733 1358
2493 4 2 192 2 526 502 1287 1313
2494 4 2 192 2 1234 288 1377 1411
2495 4 2 192 2 955 1241 898 1352
2496 4 2 192 2 875 846 872 1337
2497 4 2 192 2 950 903 997 1196
2498 4 2 192 2 802 1314 834 1486
2499 4 2 192 2 1224 283 1260 1446
2500 4 2 192 2 1202 1331 605 1484
2501 4 2 192 2 911 1232 1321 1359
2502 4 2 192 2 1065 1255 1238 1616
2503 4 2 192 2 990 1309 947 1330
2504 4 2 192 2 268 1340 1241 1365
2505 4 2 192 2 1040 1401 1250 1494
2506 4 2 192 2 574 500 526 1313
2507 4 2 192 2 1063 1064 1420 1440
2508 4 2 192 2 526 1313 1218 1480
2509 4 2 192 2 1211 1317 1042 1401
2510 4 2 192 2 1211 1042 1317 1548
2511 4 2 192 2 1141 1132 1160 1511
2512 4 2 192 2 1257 1404 1305 1446
2513 4 2 192 2 847 804 1311 1479
2514 4 2 192 2 1270 1327 1227 1388
2515 4 2 192 2 950 1277 1196 1330
2516 4 2 192 2 911 1359 1321 1499
2517 4 2 192 2 1289 1061 1498 1554
2518 4 2 192 2 847 804 778 1311
2519 4 2 192 2 665 639 708 1312
2520 4 2 192 2 1291 1503 1108 1593
2521 4 2 192 2 700 1234 1288 1464
2522 4 2 192 2 531 1202 605 1484
2523 4 2 192 2 972 1025 1239 1471
2524 4 2 192 2 1304 1428 1320 1496
2525 4 2 192 2 802 1221 1314 1486
2526 4 2 192 2 509 537 1301 1421
2527 4 2 192 2 1328 1465 309 1493
2528 4 2 192 2 1239 1248 255 1489
2529 4 2 192 2 947 1330 1309 1444
2530 4 2 192 2 711 1228 1318 1601
2531 4 2 192 2 574 1313 1253 1522
2532 4 2 192 2 1049 1314 1260 1446
2533 4 2 192 2 674 1259 656 1396
2534 4 2 192 2 700 1288 1234 1501
2535 4 2 192 2 1224 1404 283 1446
2536 4 2 192 2 1236 1307 760 1474
2537 4 2 192 2 1289 1442 1061 1554
2538 4 2 192 2 1260 1346 1264 1433
2539 4 2 192 2 307 1430 1318 1543
2540 4 2 192 2 1281 1516 1355 1525
2541 4 2 192 2 1057 1275 1201 1370
2542 4 2 192 2 1224 1260 284 1434
2543 4 2 192 2 524 1233 1291 1484
2544 4 2 192 2 876 877 844 1338
2545 4 2 192 2 280 1077 1194 1491
2546 4 2 192 2 1333 1349 1235 1429
2547 4 2 192 2 254 1248 1239 1548
2548 4 2 192 2 285 1236 1243 1433
2549 4 2 192 2 1199 1356 349 1527
2550 4 2 192 2 736 1298 1219 1450
2551 4 2 192 2 350 379 349 1527
2552 4 2 192 2 242 1199 1490 1537
2553 4 2 192 2 309 1371 1328 1493
2554 4 2 192 2 1048 1049 1264 1433
2555 4 2 192 2 1280 1396 656 1422
2556 4 2 192 2 798 802 1296 1314
2557 4 2 192 2 1420 1440 1064 1616
2558 4 2 192 2 1314 1446 1049 1612
2559 4 2 192 2 1244 1487 1352 1596
2560 4 2 192 2 188 699 612 1292
2561 4 2 192 2 1283 1367 1328 1465
2562 4 2 192 2 1154 1110 1400 1483
2563 4 2 192 2 699 612 1292 1396
2564 4 2 192 2 307 1318 1228 1543
2565 4 2 192 2 827 205 206 1336
2566 4 2 192 2 984 1227 1286 1354
2567 4 2 192 2 531 1347 1202 1484
2568 4 2 192 2 978 898 1241 1531
2569 4 2 192 2 299 1306 1198 1390
2570 4 2 192 2 1237 619 1361 1367
2571 4 2 192 2 1172 1142 1141 1197
2572 4 2 192 2 802 1296 1221 1558
2573 4 2 192 2 259 1195 1157 1604
2574 4 2 192 2 1210 1409 1342 1503
2575 4 2 192 2 656 1280 658 1396
2576 4 2 192 2 1256 1435 1087 1594
2577 4 2 192 2 813 1260 795 1314
2578 4 2 192 2 286 1243 1236 1547
2579 4 2 192 2 1241 988 1362 1477
2580 4 2 192 2 1147 1178 1133 1438
2581 4 2 192 2 572 599 597 1333
2582 4 2 192 2 804 872 846 1297
2583 4 2 192 2 707 665 733 1298
2584 4 2 192 2 1141 1160 1197 1511
2585 4 2 192 2 795 1260 845 1346
2586 4 2 192 2 1209 1300 244 1393
2587 4 2 192 2 534 606 531 1202
2588 4 2 192 2 1207 1355 1281 1516
2589 4 2 192 2 891 1286 1017 1513
2590 4 2 192 2 1215 1311 804 1479
2591 4 2 192 2 1352 1365 1241 1531
2592 4 2 192 2 1236 1319 791 1346
2593 4 2 192 2 349 1199 241 1537
2594 4 2 192 2 185 487 1306 1606
2595 4 2 192 2 847 1479 1311 1591
2596 4 2 192 2 1072 1073 1280 1448
2597 4 2 192 2 848 1236 760 1474
2598 4 2 192 2 1228 1335 1078 1543
2599 4 2 192 2 1246 1297 781 1332
2600 4 2 192 2 1072 1280 1073 1404
2601 4 2 192 2 580 486 182 1355
2602 4 2 192 2 1289 1498 1061 1528
2603 4 2 192 2 715 1237 1312 1367
2604 4 2 192 2 1335 1377 1078 1543
2605 4 2 192 2 1194 1315 364 1374
2606 4 2 192 2 1118 1154 1302 1483
2607 4 2 192 2 290 1463 1219 1498
2608 4 2 192 2 363 1315 364 1520
2609 4 2 192 2 1239 255 1281 1489
2610 4 2 192 2 1043 1317 1042 1548
2611 4 2 192 2 1196 1277 1345 1561
2612 4 2 192 2 1237 1435 1256 1594
2613 4 2 192 2 656 1259 706 1432
2614 4 2 192 2 804 1297 780 1311
2615 4 2 192 2 641 665 1298 1312
2616 4 2 192 2 857 375 1315 1408
2617 4 2 192 2 863 1366 1171 1550
2618 4 2 192 2 534 1308 1276 1564
2619 4 2 192 2 1322 1453 1253 1541
2620 4 2 192 2 364 1315 363 1374
2621 4 2 192 2 1060 1065 1255 1436
2622 4 2 192 2 1082 1087 1256 1435
2623 4 2 192 2 574 500 1313 1522
2624 4 2 192 2 196 1328 476 1367
2625 4 2 192 2 658 1280 656 1422
2626 4 2 192 2 236 1360 235 1479
2627 4 2 192 2 1216 1463 1312 1594
2628 4 2 192 2 521 1347 1273 1425
2629 4 2 192 2 895 1324 1232 1369
2630 4 2 192 2 1043 1042 1317 1401
2631 4 2 192 2 1094 1453 1253 1590
2632 4 2 192 2 349 379 348 1527
2633 4 2 192 2 1260 1433 284 1434
2634 4 2 192 2 794 1264 796 1314
2635 4 2 192 2 364 1315 1194 1520
2636 4 2 192 2 1059 1436 1060 1445
2637 4 2 192 2 911 914 968 1499
2638 4 2 192 2 754 1329 1246 1358
2639 4 2 192 2 908 895 1232 1369
2640 4 2 192 2 935 1323 1317 1515
2641 4 2 192 2 279 1194 364 1374
2642 4 2 192 2 1059 1445 1060 1538
2643 4 2 192 2 947 948 939 1444
2644 4 2 192 2 285 1433 1243 1434
2645 4 2 192 2 891 1286 1018 1468
2646 4 2 192 2 247 1462 1293 1613
2647 4 2 192 2 538 1354 1274 1563
2648 4 2 192 2 1208 1258 1449 1454
2649 4 2 192 2 689 1334 659 1439
2650 4 2 192 2 617 1361 1226 1403
2651 4 2 192 2 925 1352 926 1487
2652 4 2 192 2 1078 1335 1234 1377
2653 4 2 192 2 1234 1335 1278 1464
2654 4 2 192 2 1077 279 1194 1424
2655 4 2 192 2 1244 1532 1487 1596
2656 4 2 192 2 552 531 605 1484
2657 4 2 192 2 1030 1032 1227 1388
2658 4 2 192 2 1036 1392 1196 1607
2659 4 2 192 2 534 606 1202 1308
2660 4 2 192 2 242 241 1199 1537
2661 4 2 192 2 911 909 1232 1359
2662 4 2 192 2 802 796 834 1314
2663 4 2 192 2 268 1340 1365 1376
2664 4 2 192 2 980 1244 898 1531
2665 4 2 192 2 1287 1462 1261 1509
2666 4 2 192 2 848 818 760 1236
2667 4 2 192 2 709 1333 1235 1363
2668 4 2 192 2 299 1229 1306 1454
2669 4 2 192 2 1063 1297 1246 1554
2670 4 2 192 2 349 1356 1199 1537
2671 4 2 192 2 292 1216 291 1420
2672 4 2 192 2 922 1327 1241 1352
2673 4 2 192 2 189 1363 188 1480
2674 4 2 192 2 1093 1453 1094 1590
2675 4 2 192 2 796 794 834 1264
2676 4 2 192 2 954 1303 1244 1478
2677 4 2 192 2 1078 1278 1076 1381
2678 4 2 192 2 1086 1467 1463 1594
2679 4 2 192 2 580 1302 182 1510
2680 4 2 192 2 1231 1326 1209 1490
2681 4 2 192 2 796 1264 834 1314
2682 4 2 192 2 838 760 845 1260
2683 4 2 192 2 1080 1263 1304 1469
2684 4 2 192 2 911 968 1359 1499
2685 4 2 192 2 633 1304 691 1380
2686 4 2 192 2 243 1427 1231 1490
2687 4 2 192 2 674 706 656 1259
2688 4 2 192 2 845 795 813 1260
2689 4 2 192 2 1241 1327 988 1477
2690 4 2 192 2 707 1298 736 1450
2691 4 2 192 2 257 1265 1355 1525
2692 4 2 192 2 818 1236 791 1346
2693 4 2 192 2 220 1316 1197 1457
2694 4 2 192 2 1255 1436 1343 1538
2695 4 2 192 2 1224 1260 1305 1446
2696 4 2 192 2 1253 1453 1240 1590
2697 4 2 192 2 1237 1087 1435 1594
2698 4 2 192 2 1232 1359 908 1369
2699 4 2 192 2 1256 1435 1344 1533
2700 4 2 192 2 715 1367 1312 1598
2701 4 2 192 2 1073 1334 1258 1390
2702 4 2 192 2 781 1297 1246 1549
2703 4 2 192 2 1036 1035 1196 1392
2704 4 2 192 2 781 779 1297 1549
2705 4 2 192 2 911 1321 1232 1458
2706 4 2 192 2 271 1250 1364 1494
2707 4 2 192 2 834 1314 1264 1486
2708 4 2 192 2 896 1207 1022 1355
2709 4 2 192 2 1299 1318 1228 1601
2710 4 2 192 2 1286 1468 1267 1513
2711 4 2 192 2 1078 1076 1278 1429
2712 4 2 192 2 759 829 1252 1325
2713 4 2 192 2 1224 1305 1404 1446
2714 4 2 192 2 789 788 1319 1451
2715 4 2 192 2 1231 1300 1209 1600
2716 4 2 192 2 949 1330 1271 1443
2717 4 2 192 2 309 1328 1371 1465
2718 4 2 192 2 549 1240 1386 1437
2719 4 2 192 2 1157 259 1118 1483
2720 4 2 192 2 205 618 206 1336
2721 4 2 192 2 799 797 1296 1397
2722 4 2 192 2 978 1241 1340 1531
2723 4 2 192 2 781 856 1246 1332
2724 4 2 192 2 789 1319 1268 1451
2725 4 2 192 2 779 1311 1297 1549
2726 4 2 192 2 180 1281 896 1355
2727 4 2 192 2 1207 1323 969 1518
2728 4 2 192 2 678 722 1304 1428
2729 4 2 192 2 846 1297 875 1505
2730 4 2 192 2 907 1012 1196 1438
2731 4 2 192 2 1086 1083 1463 1467
2732 4 2 192 2 659 1334 1280 1439
2733 4 2 192 2 1306 1449 1258 1454
2734 4 2 192 2 1328 1371 1206 1493
2735 4 2 192 2 271 1040 1250 1494
2736 4 2 192 2 894 973 236 1294
2737 4 2 192 2 1419 1534 343 1606
2738 4 2 192 2 549 1240 483 1386
2739 4 2 192 2 166 1356 1199 1527
2740 4 2 192 2 549 483 1240 1437
2741 4 2 192 2 1284 1374 361 1408
2742 4 2 192 2 524 1291 518 1484
2743 4 2 192 2 618 1305 1214 1439
2744 4 2 192 2 1250 1337 977 1360
2745 4 2 192 2 1043 1401 1317 1405
2746 4 2 192 2 1306 1353 1229 1419
2747 4 2 192 2 1229 1306 487 1606
2748 4 2 192 2 925 1267 1352 1487
2749 4 2 192 2 299 1229 298 1419
2750 4 2 192 2 1244 1365 1352 1531
2751 4 2 192 2 1036 1196 1561 1607
2752 4 2 192 2 652 654 1279 1414
2753 4 2 192 2 532 1347 521 1425
2754 4 2 192 2 506 1421 508 1614
2755 4 2 192 2 709 1363 1235 1432
2756 4 2 192 2 648 649 1278 1335
2757 4 2 192 2 648 1335 1278 1512
2758 4 2 192 2 1079 315 1204 1584
2759 4 2 192 2 1216 1298 1312 1463
2760 4 2 192 2 765 1284 874 1369
2761 4 2 192 2 1342 1493 1210 1577
2762 4 2 192 2 292 1385 1216 1420
2763 4 2 192 2 291 290 1246 1463
2764 4 2 192 2 1201 1370 1366 1608
2765 4 2 192 2 911 1232 910 1458
2766 4 2 192 2 660 1280 1334 1396
2767 4 2 192 2 506 1382 1421 1614
2768 4 2 192 2 1057 1370 1201 1608
2769 4 2 192 2 1228 1349 1318 1429
2770 4 2 192 2 1043 1405 1317 1548
2771 4 2 192 2 306 1222 305 1429
2772 4 2 192 2 245 1393 1300 1613
2773 4 2 192 2 660 658 1280 1396
2774 4 2 192 2 847 1311 778 1591
2775 4 2 192 2 1052 1319 1376 1547
2776 4 2 192 2 639 708 1312 1592
2777 4 2 192 2 898 980 979 1244
2778 4 2 192 2 561 1354 538 1563
2779 4 2 192 2 1036 1196 1035 1561
2780 4 2 192 2 1246 1325 754 1358
2781 4 2 192 2 898 955 978 1241
2782 4 2 192 2 560 1339 176 1588
2783 4 2 192 2 617 686 1361 1403
2784 4 2 192 2 1259 1396 1280 1422
2785 4 2 192 2 689 1214 1334 1439
2786 4 2 192 2 1257 1305 827 1397
2787 4 2 192 2 988 1241 922 1327
2788 4 2 192 2 824 874 1200 1369
2789 4 2 192 2 271 1364 1039 1494
2790 4 2 192 2 1285 1390 1077 1424
2791 4 2 192 2 652 1279 654 1432
2792 4 2 192 2 1031 1254 1387 1455
2793 4 2 192 2 1267 1352 1487 1596
2794 4 2 192 2 649 650 648 1278
2795 4 2 192 2 799 1397 1296 1495
2796 4 2 192 2 700 1288 211 1464
2797 4 2 192 2 652 1414 1279 1432
2798 4 2 192 2 1362 1407 1230 1555
2799 4 2 192 2 564 537 475 1339
2800 4 2 192 2 617 1331 1226 1361
2801 4 2 192 2 518 1484 1291 1546
2802 4 2 192 2 1104 1273 1233 1431
2803 4 2 192 2 910 911 909 1232
2804 4 2 192 2 955 922 1241 1352
2805 4 2 192 2 908 1232 909 1359
2806 4 2 192 2 645 1335 646 1450
2807 4 2 192 2 247 1028 246 1539
2808 4 2 192 2 1252 1325 829 1332
2809 4 2 192 2 485 1299 194 1470
2810 4 2 192 2 1237 1361 1283 1367
2811 4 2 192 2 989 1270 919 1327
2812 4 2 192 2 1263 1316 1197 1559
2813 4 2 192 2 813 1260 1314 1397
2814 4 2 192 2 646 1335 1266 1450
2815 4 2 192 2 1229 1282 1099 1534
2816 4 2 192 2 648 1228 1335 1512
2817 4 2 192 2 1251 1493 1342 1577
2818 4 2 192 2 1284 1504 1272 1517
2819 4 2 192 2 564 1301 1251 1577
2820 4 2 192 2 648 1278 650 1512
2821 4 2 192 2 247 1388 1293 1462
2822 4 2 192 2 711 1318 1228 1349
2823 4 2 192 2 1142 1197 1172 1378
2824 4 2 192 2 1300 1393 245 1453
2825 4 2 192 2 781 779 780 1297
2826 4 2 192 2 1094 1253 1453 1541
2827 4 2 192 2 215 1329 754 1358
2828 4 2 192 2 1250 1360 977 1521
2829 4 2 192 2 245 1300 1453 1613
2830 4 2 192 2 1359 1413 1203 1455
2831 4 2 192 2 780 1297 779 1311
2832 4 2 192 2 797 1314 1296 1397
2833 4 2 192 2 754 1246 856 1325
2834 4 2 192 2 549 1386 1300 1437
2835 4 2 192 2 1216 1329 1358 1463
2836 4 2 192 2 810 874 1284 1517
2837 4 2 192 2 952 973 894 1249
2838 4 2 192 2 1269 508 1421 1614
2839 4 2 192 2 605 1331 479 1484
2840 4 2 192 2 881 1348 1264 1481
2841 4 2 192 2 1224 1307 1260 1434
2842 4 2 192 2 279 280 1077 1194
2843 4 2 192 2 825 1402 1295 1523
2844 4 2 192 2 1058 1057 1275 1416
2845 4 2 192 2 825 1295 1402 1602
2846 4 2 192 2 791 1319 1236 1572
2847 4 2 192 2 1222 1318 567 1349
2848 4 2 192 2 687 648 1228 1601
2849 4 2 192 2 180 1281 1355 1425
2850 4 2 192 2 188 189 699 1363
2851 4 2 192 2 989 1327 944 1508
2852 4 2 192 2 908 895 909 1232
2853 4 2 192 2 1052 1410 1319 1547
2854 4 2 192 2 652 1235 710 1512
2855 4 2 192 2 1093 1240 1453 1590
2856 4 2 192 2 1311 1479 1255 1591
2857 4 2 192 2 979 1244 926 1352
2858 4 2 192 2 1251 1310 560 1582
2859 4 2 192 2 564 560 1251 1339
2860 4 2 192 2 1010 1317 1239 1595
2861 4 2 192 2 670 1334 689 1574
2862 4 2 192 2 254 1409 1248 1548
2863 4 2 192 2 241 1199 349 1389
2864 4 2 192 2 560 176 177 1588
2865 4 2 192 2 687 1228 648 1512
2866 4 2 192 2 715 1312 1237 1592
2867 4 2 192 2 211 1288 700 1501
2868 4 2 192 2 656 654 1422 1432
2869 4 2 192 2 1211 1394 1317 1401
2870 4 2 192 2 349 1199 348 1389
2871 4 2 192 2 1236 1307 1243 1433
2872 4 2 192 2 944 1327 1227 1508
2873 4 2 192 2 361 360 324 1284
2874 4 2 192 2 487 1306 1229 1497
2875 4 2 192 2 856 1325 1246 1332
2876 4 2 192 2 667 1234 1335 1587
2877 4 2 192 2 1108 1291 1248 1503
2878 4 2 192 2 533 1265 486 1302
2879 4 2 192 2 1263 1428 681 1492
2880 4 2 192 2 1327 1352 922 1513
2881 4 2 192 2 534 1276 591 1564
2882 4 2 192 2 930 1394 1303 1478
2883 4 2 192 2 1303 1487 1244 1532
2884 4 2 192 2 537 1339 1242 1530
2885 4 2 192 2 1075 1077 1285 1390
2886 4 2 192 2 1356 1490 1199 1537
2887 4 2 192 2 906 1359 1203 1369
2888 4 2 192 2 1012 997 907 1345
2889 4 2 192 2 847 1255 1479 1591
2890 4 2 192 2 759 853 829 1325
2891 4 2 192 2 204 1336 1194 1574
2892 4 2 192 2 1279 1422 654 1432
2893 4 2 192 2 1200 1504 1284 1517
2894 4 2 192 2 1118 1154 1155 1302
2895 4 2 192 2 648 1335 1228 1601
2896 4 2 192 2 1075 1285 1077 1491
2897 4 2 192 2 949 938 1271 1330
2898 4 2 192 2 1297 1420 1311 1616
2899 4 2 192 2 679 710 652 1235
2900 4 2 192 2 540 503 501 1372
2901 4 2 192 2 670 661 689 1334
2902 4 2 192 2 679 1235 652 1432
2903 4 2 192 2 863 1171 821 1550
2904 4 2 192 2 905 1195 998 1510
2905 4 2 192 2 244 1393 1300 1453
2906 4 2 192 2 354 1353 385 1447
2907 4 2 192 2 1274 1354 538 1581
2908 4 2 192 2 791 1346 1319 1481
2909 4 2 192 2 1287 1313 1261 1462
2910 4 2 192 2 949 1277 1330 1443
2911 4 2 192 2 300 299 1390 1454
2912 4 2 192 2 572 526 502 1287
2913 4 2 192 2 1306 1390 299 1454
2914 4 2 192 2 1133 1196 1345 1406
2915 4 2 192 2 1307 1433 1260 1434
2916 4 2 192 2 1255 1060 1436 1538
2917 4 2 192 2 1206 603 1328 1473
2918 4 2 192 2 1048 1264 1410 1433
2919 4 2 192 2 322 279 1089 1424
2920 4 2 192 2 1275 1366 1201 1370
2921 4 2 192 2 533 1265 1302 1603
2922 4 2 192 2 1256 1082 1435 1533
2923 4 2 192 2 645 1335 1450 1587
2924 4 2 192 2 1231 1427 1326 1490
2925 4 2 192 2 827 1336 1257 1524
2926 4 2 192 2 540 503 1372 1563
2927 4 2 192 2 1325 1351 1219 1498
2928 4 2 192 2 781 856 833 1246
2929 4 2 192 2 984 1286 173 1354
2930 4 2 192 2 1366 1370 1139 1608
2931 4 2 192 2 1269 1421 1382 1614
2932 4 2 192 2 220 1197 767 1457
2933 4 2 192 2 1052 1376 1319 1410
2934 4 2 192 2 566 1210 1328 1473
2935 4 2 192 2 557 198 1283 1361
2936 4 2 192 2 220 1492 1316 1559
2937 4 2 192 2 280 1194 1374 1459
2938 4 2 192 2 354 338 385 1353
2939 4 2 192 2 678 1428 1304 1496
2940 4 2 192 2 270 1364 1244 1532
2941 4 2 192 2 1252 1498 1289 1528
2942 4 2 192 2 1018 891 1017 1513
2943 4 2 192 2 989 919 921 1327
2944 4 2 192 2 1099 1282 1229 1454
2945 4 2 192 2 973 235 236 1360
2946 4 2 192 2 991 1472 1357 1585
2947 4 2 192 2 224 1324 895 1369
2948 4 2 192 2 906 908 1359 1369
2949 4 2 192 2 603 485 1206 1328
2950 4 2 192 2 567 1333 1222 1349
2951 4 2 192 2 689 1334 1214 1574
2952 4 2 192 2 676 1204 1496 1568
2953 4 2 192 2 607 479 1331 1484
2954 4 2 192 2 1243 1433 1307 1434
2955 4 2 192 2 1227 1327 944 1513
2956 4 2 192 2 955 922 988 1241
2957 4 2 192 2 1272 1408 1284 1517
2958 4 2 192 2 1282 1384 582 1426
2959 4 2 192 2 660 658 659 1280
2960 4 2 192 2 1501 1507 826 1572
2961 4 2 192 2 683 1263 722 1428
2962 4 2 192 2 759 1325 1252 1351
2963 4 2 192 2 954 926 979 1244
2964 4 2 192 2 660 1280 659 1334
2965 4 2 192 2 305 304 1235 1441
2966 4 2 192 2 309 1371 1247 1465
2967 4 2 192 2 1108 1248 1409 1503
2968 4 2 192 2 567 1318 1222 1614
2969 4 2 192 2 572 504 527 1382
2970 4 2 192 2 1021 1317 1211 1394
2971 4 2 192 2 1264 1348 881 1486
2972 4 2 192 2 981 1394 930 1478
2973 4 2 192 2 281 1459 1257 1491
2974 4 2 192 2 1057 1066 1370 1608
2975 4 2 192 2 518 524 593 1291
2976 4 2 192 2 572 1287 504 1382
2977 4 2 192 2 1319 1451 788 1580
2978 4 2 192 2 190 1333 709 1363
2979 4 2 192 2 1096 1287 1441 1509
2980 4 2 192 2 1257 1305 1214 1336
2981 4 2 192 2 1219 1325 702 1351
2982 4 2 192 2 980 1338 1244 1531
2983 4 2 192 2 520 1484 518 1546
2984 4 2 192 2 700 211 622 1464
2985 4 2 192 2 1173 1157 1510 1604
2986 4 2 192 2 1333 1399 1218 1441
2987 4 2 192 2 1217 1338 1289 1442
2988 4 2 192 2 1160 1172 1197 1492
2989 4 2 192 2 984 891 173 1286
2990 4 2 192 2 505 1274 507 1382
2991 4 2 192 2 271 1039 1040 1494
2992 4 2 192 2 972 1024 1281 1323
2993 4 2 192 2 833 781 1246 1549
2994 4 2 192 2 992 227 1348 1570
2995 4 2 192 2 350 349 1356 1527
2996 4 2 192 2 1202 1308 606 1506
2997 4 2 192 2 1218 1287 1333 1441
2998 4 2 192 2 798 1296 802 1558
2999 4 2 192 2 1263 1197 1492 1559
3000 4 2 192 2 1258 1208 1449 1541
3001 4 2 192 2 957 1230 992 1362
3002 4 2 192 2 1063 1440 1297 1554
3003 4 2 192 2 286 1381 1243 1547
3004 4 2 192 2 1273 1489 1291 1546
3005 4 2 192 2 1248 1239 1471 1489
3006 4 2 192 2 485 195 194 1578
3007 4 2 192 2 1235 1414 1278 1512
3008 4 2 192 2 1248 1471 1239 1548
3009 4 2 192 2 1236 1243 1474 1547
3010 4 2 192 2 676 1496 1304 1568
3011 4 2 192 2 1316 1492 1197 1559
3012 4 2 192 2 1259 1432 1422 1556
3013 4 2 192 2 645 647 1335 1587
3014 4 2 192 2 607 605 479 1484
3015 4 2 192 2 1257 1336 1214 1491
3016 4 2 192 2 269 1244 270 1442
3017 4 2 192 2 1215 1401 1337 1440
3018 4 2 192 2 1328 1367 615 1578
3019 4 2 192 2 1269 1551 1540 1597
3020 4 2 192 2 652 1278 1414 1512
3021 4 2 192 2 599 1222 567 1333
3022 4 2 192 2 360 1284 361 1408
3023 4 2 192 2 632 631 633 1226
3024 4 2 192 2 197 557 198 1283
3025 4 2 192 2 248 1227 1032 1388
3026 4 2 192 2 997 903 239 1345
3027 4 2 192 2 1374 1408 1284 1504
3028 4 2 192 2 180 896 181 1355
3029 4 2 192 2 1239 1405 1323 1516
3030 4 2 192 2 1061 1442 1289 1528
3031 4 2 192 2 1269 1540 1421 1597
3032 4 2 192 2 1237 1361 619 1403
3033 4 2 192 2 652 1278 650 1414
3034 4 2 192 2 1012 1196 997 1345
3035 4 2 192 2 650 1278 652 1512
3036 4 2 192 2 509 537 511 1301
3037 4 2 192 2 280 1194 279 1374
3038 4 2 192 2 1110 1154 1118 1483
3039 4 2 192 2 1039 1364 1303 1494
3040 4 2 192 2 1269 1421 1551 1597
3041 4 2 192 2 1096 1261 1462 1509
3042 4 2 192 2 1030 248 1032 1388
3043 4 2 192 2 1196 1392 1330 1607
3044 4 2 192 2 532 1265 1347 1425
3045 4 2 192 2 324 1284 360 1482
3046 4 2 192 2 1039 1364 270 1532
3047 4 2 192 2 1304 1496 1204 1568
3048 4 2 192 2 271 1250 272 1440
3049 4 2 192 2 1268 1507 1501 1572
3050 4 2 192 2 266 1230 1407 1555
3051 4 2 192 2 263 262 1232 1418
3052 4 2 192 2 1252 1332 829 1507
3053 4 2 192 2 1000 1588 1211 1595
3054 4 2 192 2 509 1421 1301 1526
3055 4 2 192 2 1290 1348 227 1570
3056 4 2 192 2 485 1328 195 1578
3057 4 2 192 2 989 1270 1327 1508
3058 4 2 192 2 1080 1304 1373 1469
3059 4 2 192 2 1303 1364 1039 1532
3060 4 2 192 2 1289 1338 1220 1442
3061 4 2 192 2 928 926 954 1303
3062 4 2 192 2 970 949 1271 1443
3063 4 2 192 2 1257 1495 811 1524
3064 4 2 192 2 1260 1314 1264 1346
3065 4 2 192 2 1322 1253 1453 1522
3066 4 2 192 2 1317 1405 1239 1548
3067 4 2 192 2 251 252 1205 1452
3068 4 2 192 2 1288 1474 1243 1547
3069 4 2 192 2 563 537 1242 1530
3070 4 2 192 2 263 1232 1375 1418
3071 4 2 192 2 304 1399 1235 1441
3072 4 2 192 2 702 1325 1219 1358
3073 4 2 192 2 1247 615 1367 1578
3074 4 2 192 2 889 1223 1437 1519
3075 4 2 192 2 1313 1372 1261 1462
3076 4 2 192 2 1261 1313 1287 1372
3077 4 2 192 2 670 1285 1334 1574
3078 4 2 192 2 483 1240 577 1386
3079 4 2 192 2 1291 1489 1248 1546
3080 4 2 192 2 1222 1333 1287 1441
3081 4 2 192 2 827 1257 811 1524
3082 4 2 192 2 1235 1333 709 1349
3083 4 2 192 2 1269 1430 1318 1540
3084 4 2 192 2 476 1283 197 1367
3085 4 2 192 2 211 1288 622 1464
3086 4 2 192 2 1235 1399 1333 1441
3087 4 2 192 2 1278 1414 1235 1557
3088 4 2 192 2 617 1226 632 1403
3089 4 2 192 2 880 1348 881 1481
3090 4 2 192 2 785 829 1332 1507
3091 4 2 192 2 1272 1284 1408 1504
3092 4 2 192 2 991 1357 917 1585
3093 4 2 192 2 1194 204 1520 1524
3094 4 2 192 2 871 824 874 1200
3095 4 2 192 2 299 1077 1198 1419
3096 4 2 192 2 192 1318 711 1349
3097 4 2 192 2 872 1215 842 1337
3098 4 2 192 2 719 1198 1353 1565
3099 4 2 192 2 712 1237 619 1403
3100 4 2 192 2 632 1226 633 1403
3101 4 2 192 2 803 1255 1343 1567
3102 4 2 192 2 885 336 359 1284
3103 4 2 192 2 310 309 1247 1465
3104 4 2 192 2 299 1198 1077 1390
3105 4 2 192 2 252 1368 1205 1452
3106 4 2 192 2 568 1218 597 1333
3107 4 2 192 2 180 1355 181 1425
3108 4 2 192 2 1300 1386 1240 1437
3109 4 2 192 2 791 1319 792 1481
3110 4 2 192 2 751 827 1305 1397
3111 4 2 192 2 1279 1414 1235 1432
3112 4 2 192 2 1248 1409 1310 1548
3113 4 2 192 2 755 236 235 1479
3114 4 2 192 2 1322 1453 1386 1522
3115 4 2 192 2 1248 1310 1471 1548
3116 4 2 192 2 938 1271 1330 1518
3117 4 2 192 2 1226 1344 633 1403
3118 4 2 192 2 555 1233 607 1331
3119 4 2 192 2 1239 1323 1281 1516
3120 4 2 192 2 857 375 339 1315
3121 4 2 192 2 977 1337 234 1360
3122 4 2 192 2 1333 1363 1218 1399
3123 4 2 192 2 919 1327 1270 1477
3124 4 2 192 2 989 921 944 1327
3125 4 2 192 2 343 342 372 1419
3126 4 2 192 2 799 837 1397 1495
3127 4 2 192 2 1209 897 1326 1600
3128 4 2 192 2 1209 1326 897 1535
3129 4 2 192 2 1030 1270 1028 1388
3130 4 2 192 2 949 938 970 1271
3131 4 2 192 2 1363 1383 1292 1480
3132 4 2 192 2 707 736 666 1450
3133 4 2 192 2 507 505 538 1274
3134 4 2 192 2 1245 1340 840 1362
3135 4 2 192 2 690 1578 1485 1601
3136 4 2 192 2 998 951 1309 1444
3137 4 2 192 2 269 1365 1244 1442
3138 4 2 192 2 303 304 1218 1399
3139 4 2 192 2 1198 1077 1390 1424
3140 4 2 192 2 878 1451 1220 1580
3141 4 2 192 2 1258 1448 301 1541
3142 4 2 192 2 1253 1240 1453 1522
3143 4 2 192 2 957 1362 988 1477
3144 4 2 192 2 1038 1405 255 1516
3145 4 2 192 2 1100 1540 1551 1597
3146 4 2 192 2 1337 1401 1250 1440
3147 4 2 192 2 247 246 1462 1613
3148 4 2 192 2 566 529 583 1210
3149 4 2 192 2 1216 1329 703 1358
3150 4 2 192 2 521 1273 553 1425
3151 4 2 192 2 552 522 531 1484
3152 4 2 192 2 272 1250 1401 1440
3153 4 2 192 2 1246 1329 754 1549
3154 4 2 192 2 1292 1363 1259 1383
3155 4 2 192 2 566 529 1210 1473
3156 4 2 192 2 943 919 1270 1357
3157 4 2 192 2 1158 1510 1163 1604
3158 4 2 192 2 1212 1343 862 1379
3159 4 2 192 2 381 340 1203 1460
3160 4 2 192 2 1281 1471 1239 1489
3161 4 2 192 2 1243 1381 1288 1547
3162 4 2 192 2 1018 1267 1468 1513
3163 4 2 192 2 558 608 1283 1575
3164 4 2 192 2 840 1348 1245 1362
3165 4 2 192 2 1315 1374 1194 1459
3166 4 2 192 2 1231 1209 1326 1600
3167 4 2 192 2 957 1230 1362 1477
3168 4 2 192 2 350 1356 349 1537
3169 4 2 192 2 1281 1489 255 1516
3170 4 2 192 2 296 1197 1378 1545
3171 4 2 192 2 271 1364 1250 1440
3172 4 2 192 2 621 1363 709 1432
3173 4 2 192 2 530 1276 1347 1603
3174 4 2 192 2 670 1285 661 1334
3175 4 2 192 2 949 1277 950 1330
3176 4 2 192 2 1238 1255 1436 1591
3177 4 2 192 2 1237 1256 1435 1592
3178 4 2 192 2 1421 1540 1274 1597
3179 4 2 192 2 970 1443 1271 1515
3180 4 2 192 2 996 1175 1163 1309
3181 4 2 192 2 1300 1393 1223 1613
3182 4 2 192 2 1043 1239 1405 1548
3183 4 2 192 2 307 1430 1100 1540
3184 4 2 192 2 1485 1578 1266 1601
3185 4 2 192 2 806 844 877 1451
3186 4 2 192 2 1359 1387 1254 1455
3187 4 2 192 2 992 1348 1230 1570
3188 4 2 192 2 652 650 651 1414
3189 4 2 192 2 1229 1534 1419 1606
3190 4 2 192 2 607 1331 1233 1484
3191 4 2 192 2 1330 1392 1309 1444
3192 4 2 192 2 561 538 1354 1581
3193 4 2 192 2 605 1202 548 1331
3194 4 2 192 2 1267 1487 1532 1596
3195 4 2 192 2 703 1329 1216 1475
3196 4 2 192 2 1247 1367 1328 1578
3197 4 2 192 2 946 1211 1000 1588
3198 4 2 192 2 883 1272 814 1315
3199 4 2 192 2 298 1112 372 1534
3200 4 2 192 2 1350 1447 747 1610
3201 4 2 192 2 650 1278 651 1414
3202 4 2 192 2 1232 1324 895 1458
3203 4 2 192 2 899 977 1360 1521
3204 4 2 192 2 1241 1362 1407 1477
3205 4 2 192 2 1255 1402 1343 1436
3206 4 2 192 2 1256 1403 1344 1435
3207 4 2 192 2 555 1233 1331 1361
3208 4 2 192 2 1251 1310 1368 1588
3209 4 2 192 2 1215 1360 1337 1401
3210 4 2 192 2 1216 1385 1329 1420
3211 4 2 192 2 378 860 1284 1408
3212 4 2 192 2 1235 1349 709 1512
3213 4 2 192 2 1052 1376 1054 1547
3214 4 2 192 2 355 354 385 1447
3215 4 2 192 2 883 1315 814 1408
3216 4 2 192 2 851 854 1238 1591
3217 4 2 192 2 712 715 1237 1592
3218 4 2 192 2 272 273 1215 1401
3219 4 2 192 2 214 754 1325 1358
3220 4 2 192 2 534 530 591 1276
3221 4 2 192 2 992 1230 1348 1362
3222 4 2 192 2 1303 1364 1250 1494
3223 4 2 192 2 1030 1028 247 1388
3224 4 2 192 2 615 694 1247 1367
3225 4 2 192 2 612 1292 1396 1449
3226 4 2 192 2 789 788 790 1319
3227 4 2 192 2 978 1241 988 1362
3228 4 2 192 2 564 475 560 1339
3229 4 2 192 2 1104 1108 312 1593
3230 4 2 192 2 289 290 1219 1498
3231 4 2 192 2 1402 1436 1255 1591
3232 4 2 192 2 1403 1435 1256 1592
3233 4 2 192 2 1220 1338 877 1531
3234 4 2 192 2 990 1008 947 1309
3235 4 2 192 2 824 1369 1200 1558
3236 4 2 192 2 676 628 1204 1568
3237 4 2 192 2 1243 1307 1236 1474
3238 4 2 192 2 972 974 1025 1471
3239 4 2 192 2 794 796 795 1314
3240 4 2 192 2 781 1332 1297 1505
3241 4 2 192 2 1258 1449 1292 1541
3242 4 2 192 2 1039 251 252 1205
3243 4 2 192 2 878 1340 1220 1531
3244 4 2 192 2 313 1081 314 1226
3245 4 2 192 2 1284 1369 1203 1504
3246 4 2 192 2 974 1239 1025 1471
3247 4 2 192 2 790 1319 788 1580
3248 4 2 192 2 722 1263 683 1380
3249 4 2 192 2 775 862 1343 1379
3250 4 2 192 2 875 1217 1337 1544
3251 4 2 192 2 362 1315 375 1408
3252 4 2 192 2 298 1419 1229 1534
3253 4 2 192 2 193 1299 620 1601
3254 4 2 192 2 809 871 874 1200
3255 4 2 192 2 549 483 577 1386
3256 4 2 192 2 781 1297 782 1505
3257 4 2 192 2 686 617 632 1403
3258 4 2 192 2 252 1039 1205 1494
3259 4 2 192 2 876 1338 1217 1544
3260 4 2 192 2 618 1214 1336 1574
3261 4 2 192 2 682 681 1428 1492
3262 4 2 192 2 1273 1291 1233 1484
3263 4 2 192 2 687 713 648 1601
3264 4 2 192 2 751 827 206 1305
3265 4 2 192 2 1118 1155 1156 1302
3266 4 2 192 2 1422 1432 1279 1556
3267 4 2 192 2 814 1315 1272 1408
3268 4 2 192 2 889 1437 971 1519
3269 4 2 192 2 1211 1317 1021 1595
3270 4 2 192 2 311 1283 1467 1593
3271 4 2 192 2 1261 1372 1287 1563
3272 4 2 192 2 304 1218 1399 1441
3273 4 2 192 2 875 872 762 1337
3274 4 2 192 2 257 1036 1037 1207
3275 4 2 192 2 693 1305 618 1439
3276 4 2 192 2 676 1204 628 1496
3277 4 2 192 2 307 1100 306 1540
3278 4 2 192 2 1062 1498 1061 1554
3279 4 2 192 2 874 809 1200 1517
3280 4 2 192 2 522 1347 531 1484
3281 4 2 192 2 711 1349 1228 1512
3282 4 2 192 2 1197 1316 220 1492
3283 4 2 192 2 1206 1299 1371 1578
3284 4 2 192 2 878 1220 1340 1580
3285 4 2 192 2 854 1549 1238 1591
3286 4 2 192 2 558 608 557 1283
3287 4 2 192 2 736 1219 666 1450
3288 4 2 192 2 880 750 881 1348
3289 4 2 192 2 943 1357 1270 1585
3290 4 2 192 2 270 1244 1364 1442
3291 4 2 192 2 1299 1578 714 1601
3292 4 2 192 2 991 917 1357 1472
3293 4 2 192 2 533 486 580 1302
3294 4 2 192 2 897 1209 1519 1600
3295 4 2 192 2 213 1325 759 1351
3296 4 2 192 2 707 733 736 1358
3297 4 2 192 2 1160 867 1197 1511
3298 4 2 192 2 700 1234 1351 1501
3299 4 2 192 2 806 877 1220 1451
3300 4 2 192 2 736 702 1219 1358
3301 4 2 192 2 880 1245 840 1348
3302 4 2 192 2 268 1365 1241 1412
3303 4 2 192 2 804 846 780 1297
3304 4 2 192 2 700 1234 738 1351
3305 4 2 192 2 707 641 665 1298
3306 4 2 192 2 1069 279 364 1374
3307 4 2 192 2 765 1284 1369 1460
3308 4 2 192 2 532 1347 1265 1603
3309 4 2 192 2 711 193 620 1601
3310 4 2 192 2 853 829 1325 1332
3311 4 2 192 2 1262 1393 1026 1539
3312 4 2 192 2 282 1073 281 1214
3313 4 2 192 2 798 1296 797 1314
3314 4 2 192 2 1043 1239 255 1405
3315 4 2 192 2 179 972 1281 1471
3316 4 2 192 2 1331 1361 1233 1435
3317 4 2 192 2 196 615 1328 1367
3318 4 2 192 2 702 1219 1351 1587
3319 4 2 192 2 1084 1078 1377 1543
3320 4 2 192 2 185 1306 487 1497
3321 4 2 192 2 877 876 753 1338
3322 4 2 192 2 559 1546 1342 1582
3323 4 2 192 2 904 166 1356 1535
3324 4 2 192 2 861 1275 1366 1379
3325 4 2 192 2 981 1250 1394 1478
3326 4 2 192 2 1057 1201 277 1608
3327 4 2 192 2 1099 1097 1282 1454
3328 4 2 192 2 1085 289 1219 1377
3329 4 2 192 2 574 1253 498 1522
3330 4 2 192 2 1056 268 269 1220
3331 4 2 192 2 1062 270 271 1217
3332 4 2 192 2 619 1237 715 1367
3333 4 2 192 2 287 288 1078 1234
3334 4 2 192 2 1215 1337 1297 1440
3335 4 2 192 2 511 537 564 1301
3336 4 2 192 2 1294 1398 1360 1479
3337 4 2 192 2 764 1336 827 1524
3338 4 2 192 2 597 599 484 1333
3339 4 2 192 2 349 348 1199 1527
3340 4 2 192 2 289 290 1085 1219
3341 4 2 192 2 310 309 1465 1493
3342 4 2 192 2 1028 1270 1407 1539
3343 4 2 192 2 738 1234 667 1587
3344 4 2 192 2 1229 1384 1282 1426
3345 4 2 192 2 785 1332 1289 1507
3346 4 2 192 2 1029 243 244 1209
3347 4 2 192 2 1215 272 1401 1440
3348 4 2 192 2 842 1337 1215 1360
3349 4 2 192 2 885 336 1284 1460
3350 4 2 192 2 1195 1355 905 1444
3351 4 2 192 2 220 769 1316 1457
3352 4 2 192 2 225 895 1324 1458
3353 4 2 192 2 889 1009 1223 1519
3354 4 2 192 2 853 1325 856 1332
3355 4 2 192 2 1141 1197 1142 1370
3356 4 2 192 2 338 385 1353 1447
3357 4 2 192 2 192 567 1318 1349
3358 4 2 192 2 306 1098 305 1222
3359 4 2 192 2 300 1095 1208 1541
3360 4 2 192 2 1306 1353 1198 1565
3361 4 2 192 2 978 1340 1241 1362
3362 4 2 192 2 288 1078 1234 1377
3363 4 2 192 2 883 857 1315 1408
3364 4 2 192 2 923 1327 922 1513
3365 4 2 192 2 971 1437 1300 1519
3366 4 2 192 2 531 606 605 1202
3367 4 2 192 2 704 649 667 1464
3368 4 2 192 2 950 997 1012 1196
3369 4 2 192 2 558 593 608 1575
3370 4 2 192 2 636 633 691 1380
3371 4 2 192 2 657 663 1280 1439
3372 4 2 192 2 785 784 1289 1332
3373 4 2 192 2 292 1065 293 1385
3374 4 2 192 2 268 1241 1032 1412
3375 4 2 192 2 1317 1401 1249 1405
3376 4 2 192 2 1087 312 311 1237
3377 4 2 192 2 733 1216 703 1358
3378 4 2 192 2 719 1198 744 1353
3379 4 2 192 2 1028 1407 1230 1539
3380 4 2 192 2 291 290 1063 1246
3381 4 2 192 2 1083 310 309 1247
3382 4 2 192 2 910 909 895 1232
3383 4 2 192 2 1218 1333 568 1363
3384 4 2 192 2 292 1238 1065 1385
3385 4 2 192 2 1065 1238 293 1385
3386 4 2 192 2 507 1382 1274 1421
3387 4 2 192 2 242 1199 1389 1427
3388 4 2 192 2 189 188 472 1480
3389 4 2 192 2 735 626 1350 1574
3390 4 2 192 2 268 1220 1056 1376
3391 4 2 192 2 1063 1246 290 1498
3392 4 2 192 2 1285 1350 747 1610
3393 4 2 192 2 933 1317 1010 1595
3394 4 2 192 2 1232 1418 262 1455
3395 4 2 192 2 1107 1430 1206 1551
3396 4 2 192 2 1230 1407 1270 1539
3397 4 2 192 2 1025 1239 1010 1323
3398 4 2 192 2 775 1379 1343 1562
3399 4 2 192 2 1095 244 243 1231
3400 4 2 192 2 751 838 1397 1514
3401 4 2 192 2 1229 1353 1306 1606
3402 4 2 192 2 673 1198 719 1565
3403 4 2 192 2 261 1413 1033 1455
3404 4 2 192 2 627 1492 220 1559
3405 4 2 192 2 1346 1410 1264 1433
3406 4 2 192 2 978 1340 230 1531
3407 4 2 192 2 657 1280 1422 1439
3408 4 2 192 2 1133 907 1013 1345
3409 4 2 192 2 838 1260 1397 1514
3410 4 2 192 2 1297 1337 1217 1440
3411 4 2 192 2 1036 1207 257 1392
3412 4 2 192 2 249 1227 1032 1573
3413 4 2 192 2 548 1331 1202 1506
3414 4 2 192 2 1026 245 1223 1393
3415 4 2 192 2 824 1324 1369 1558
3416 4 2 192 2 840 1340 1245 1580
3417 4 2 192 2 1032 1227 248 1573
3418 4 2 192 2 1213 624 1523 1559
3419 4 2 192 2 369 365 322 1424
3420 4 2 192 2 759 829 852 1252
3421 4 2 192 2 690 714 1578 1601
3422 4 2 192 2 896 972 1024 1281
3423 4 2 192 2 311 1237 312 1593
3424 4 2 192 2 1079 1263 296 1378
3425 4 2 192 2 674 656 658 1396
3426 4 2 192 2 559 517 1342 1546
3427 4 2 192 2 912 1262 916 1472
3428 4 2 192 2 1292 1448 1258 1541
3429 4 2 192 2 262 1200 1053 1504
3430 4 2 192 2 1304 1344 1226 1469
3431 4 2 192 2 1238 1549 854 1602
3432 4 2 192 2 1013 1134 1133 1345
3433 4 2 192 2 1224 1305 1260 1514
3434 4 2 192 2 911 1321 914 1499
3435 4 2 192 2 1319 1410 1236 1547
3436 4 2 192 2 754 856 853 1325
3437 4 2 192 2 699 1259 1363 1432
3438 4 2 192 2 663 659 657 1280
3439 4 2 192 2 381 1203 340 1341
3440 4 2 192 2 673 744 719 1198
3441 4 2 192 2 1249 1360 1294 1398
3442 4 2 192 2 950 1196 990 1330
3443 4 2 192 2 948 1207 969 1518
3444 4 2 192 2 1359 1387 1321 1499
3445 4 2 192 2 1309 1330 1196 1392
3446 4 2 192 2 1043 1249 1401 1405
3447 4 2 192 2 619 712 715 1237
3448 4 2 192 2 851 854 758 1238
3449 4 2 192 2 908 224 895 1369
3450 4 2 192 2 323 372 1112 1534
3451 4 2 192 2 505 1274 1382 1563
3452 4 2 192 2 751 1397 1305 1514
3453 4 2 192 2 1231 1466 492 1600
3454 4 2 192 2 645 647 646 1335
3455 4 2 192 2 550 1208 586 1576
3456 4 2 192 2 560 1310 177 1582
3457 4 2 192 2 1224 1260 1307 1514
3458 4 2 192 2 225 1458 1324 1579
3459 4 2 192 2 953 981 1250 1394
3460 4 2 192 2 1291 1484 1273 1546
3461 4 2 192 2 967 1209 897 1535
3462 4 2 192 2 626 204 1194 1574
3463 4 2 192 2 1198 1390 1285 1424
3464 4 2 192 2 1029 1209 244 1393
3465 4 2 192 2 287 288 1234 1411
3466 4 2 192 2 719 1353 1306 1565
3467 4 2 192 2 704 1278 649 1464
3468 4 2 192 2 1171 1366 1138 1550
3469 4 2 192 2 311 1283 1465 1467
3470 4 2 192 2 1282 1389 1099 1534
3471 4 2 192 2 1098 1222 306 1540
3472 4 2 192 2 249 1032 248 1573
3473 4 2 192 2 988 957 890 1362
3474 4 2 192 2 204 1194 1336 1524
3475 4 2 192 2 262 1455 1200 1504
3476 4 2 192 2 1314 1502 1221 1612
3477 4 2 192 2 1027 1026 1262 1393
3478 4 2 192 2 1289 1332 784 1505
3479 4 2 192 2 880 1245 1348 1481
3480 4 2 192 2 1356 1415 962 1535
3481 4 2 192 2 1202 1431 1331 1484
3482 4 2 192 2 950 949 903 1277
3483 4 2 192 2 852 1252 829 1507
3484 4 2 192 2 1203 1369 1284 1460
3485 4 2 192 2 1264 1346 794 1481
3486 4 2 192 2 824 765 874 1369
3487 4 2 192 2 799 797 798 1296
3488 4 2 192 2 272 1215 273 1616
3489 4 2 192 2 878 1220 839 1531
3490 4 2 192 2 845 760 818 1346
3491 4 2 192 2 1323 1515 937 1518
3492 4 2 192 2 232 980 1338 1544
3493 4 2 192 2 1085 1219 290 1463
3494 4 2 192 2 1021 1211 931 1394
3495 4 2 192 2 538 1274 505 1563
3496 4 2 192 2 283 284 1071 1224
3497 4 2 192 2 532 521 553 1425
3498 4 2 192 2 1019 986 1020 1205
3499 4 2 192 2 602 569 603 1206
3500 4 2 192 2 574 498 500 1522
3501 4 2 192 2 876 1217 841 1544
3502 4 2 192 2 1058 1275 1057 1423
3503 4 2 192 2 710 1235 709 1512
3504 4 2 192 2 763 866 823 1212
3505 4 2 192 2 727 684 624 1213
3506 4 2 192 2 310 1247 1083 1467
3507 4 2 192 2 257 1102 258 1265
3508 4 2 192 2 1007 897 967 1209
3509 4 2 192 2 1075 1073 1390 1491
3510 4 2 192 2 1028 1270 1030 1407
3511 4 2 192 2 242 1490 1033 1537
3512 4 2 192 2 1138 1366 1139 1608
3513 4 2 192 2 1037 257 1207 1516
3514 4 2 192 2 1252 852 1501 1507
3515 4 2 192 2 611 1395 701 1474
3516 4 2 192 2 612 187 1292 1449
3517 4 2 192 2 242 1199 241 1389
3518 4 2 192 2 888 1175 996 1309
3519 4 2 192 2 912 1262 1321 1458
3520 4 2 192 2 299 298 1229 1534
3521 4 2 192 2 555 198 557 1361
3522 4 2 192 2 1098 305 1222 1441
3523 4 2 192 2 1102 1202 314 1569
3524 4 2 192 2 300 301 1095 1541
3525 4 2 192 2 693 206 618 1305
3526 4 2 192 2 343 342 1419 1606
3527 4 2 192 2 926 1303 928 1487
3528 4 2 192 2 703 216 1329 1475
3529 4 2 192 2 251 1205 1391 1452
3530 4 2 192 2 308 1206 1107 1430
3531 4 2 192 2 659 1280 663 1439
3532 4 2 192 2 602 603 485 1206
3533 4 2 192 2 996 1163 998 1309
3534 4 2 192 2 576 577 1240 1522
3535 4 2 192 2 1078 307 306 1228
3536 4 2 192 2 624 1213 1523 1571
3537 4 2 192 2 948 1022 969 1207
3538 4 2 192 2 303 1218 1383 1399
3539 4 2 192 2 1102 258 1265 1483
3540 4 2 192 2 895 910 1232 1458
3541 4 2 192 2 1284 1408 810 1517
3542 4 2 192 2 925 1352 1267 1513
3543 4 2 192 2 262 263 1232 1589
3544 4 2 192 2 263 264 1221 1375
3545 4 2 192 2 1028 266 265 1230
3546 4 2 192 2 622 1464 1288 1474
3547 4 2 192 2 1296 1397 1257 1495
3548 4 2 192 2 1285 1424 1350 1447
3549 4 2 192 2 1197 1316 1263 1545
3550 4 2 192 2 1230 1477 957 1570
3551 4 2 192 2 852 759 1252 1501
3552 4 2 192 2 305 304 1074 1235
3553 4 2 192 2 1263 1320 1304 1428
3554 4 2 192 2 871 824 1200 1558
3555 4 2 192 2 336 358 359 1284
3556 4 2 192 2 1003 1321 942 1519
3557 4 2 192 2 381 357 1460 1482
3558 4 2 192 2 706 674 699 1259
3559 4 2 192 2 813 838 845 1260
3560 4 2 192 2 770 771 756 1225
3561 4 2 192 2 631 632 617 1226
3562 4 2 192 2 1022 1355 1207 1444
3563 4 2 192 2 1225 1402 771 1523
3564 4 2 192 2 286 285 1052 1236
3565 4 2 192 2 1087 1237 311 1467
3566 4 2 192 2 1019 1205 1020 1588
3567 4 2 192 2 827 837 811 1257
3568 4 2 192 2 672 688 698 1258
3569 4 2 192 2 694 1247 1367 1598
3570 4 2 192 2 1062 1061 1442 1554
3571 4 2 192 2 930 1303 1394 1476
3572 4 2 192 2 913 942 1003 1321
3573 4 2 192 2 590 550 586 1576
3574 4 2 192 2 1056 1220 269 1442
3575 4 2 192 2 1199 1326 166 1466
3576 4 2 192 2 620 1299 714 1601
3577 4 2 192 2 946 1476 1211 1588
3578 4 2 192 2 1160 1197 867 1492
3579 4 2 192 2 1211 1368 1040 1548
3580 4 2 192 2 483 576 577 1240
3581 4 2 192 2 1198 1353 1306 1419
3582 4 2 192 2 492 1231 493 1552
3583 4 2 192 2 839 1220 877 1531
3584 4 2 192 2 1194 1350 626 1574
3585 4 2 192 2 653 1279 654 1414
3586 4 2 192 2 856 754 833 1246
3587 4 2 192 2 615 694 717 1247
3588 4 2 192 2 611 1307 1395 1474
3589 4 2 192 2 1083 1247 309 1500
3590 4 2 192 2 1063 1246 1498 1554
3591 4 2 192 2 268 267 1032 1241
3592 4 2 192 2 605 606 548 1202
3593 4 2 192 2 1294 1443 1249 1488
3594 4 2 192 2 521 520 1273 1484
3595 4 2 192 2 1252 1061 1498 1528
3596 4 2 192 2 361 324 1067 1374
3597 4 2 192 2 875 841 1217 1544
3598 4 2 192 2 370 1350 746 1520
3599 4 2 192 2 617 199 1331 1361
3600 4 2 192 2 652 653 654 1414
3601 4 2 192 2 1054 1056 1268 1376
3602 4 2 192 2 251 250 1105 1242
3603 4 2 192 2 704 651 1278 1414
3604 4 2 192 2 196 476 197 1367
3605 4 2 192 2 1229 1419 1353 1606
3606 4 2 192 2 1160 1132 867 1511
3607 4 2 192 2 567 191 1333 1349
3608 4 2 192 2 646 1266 644 1450
3609 4 2 192 2 191 709 1333 1349
3610 4 2 192 2 566 1328 603 1473
3611 4 2 192 2 1342 1546 1248 1582
3612 4 2 192 2 1215 1440 1297 1616
3613 4 2 192 2 576 1240 1372 1522
3614 4 2 192 2 1238 1255 1591 1616
3615 4 2 192 2 811 1257 837 1495
3616 4 2 192 2 711 687 1228 1601
3617 4 2 192 2 292 1065 1238 1420
3618 4 2 192 2 1032 1227 249 1586
3619 4 2 192 2 759 1351 1252 1501
3620 4 2 192 2 1052 1236 1410 1547
3621 4 2 192 2 1221 1502 264 1612
3622 4 2 192 2 1062 270 1217 1442
3623 4 2 192 2 803 847 776 1255
3624 4 2 192 2 637 664 708 1256
3625 4 2 192 2 1057 1275 1370 1423
3626 4 2 192 2 271 1217 270 1364
3627 4 2 192 2 269 1220 268 1365
3628 4 2 192 2 1195 1510 1157 1604
3629 4 2 192 2 704 1414 1278 1464
3630 4 2 192 2 758 1238 854 1602
3631 4 2 192 2 273 1398 1215 1401
3632 4 2 192 2 930 929 1303 1476
3633 4 2 192 2 254 1108 255 1248
3634 4 2 192 2 993 957 1477 1570
3635 4 2 192 2 878 806 1220 1451
3636 4 2 192 2 1243 701 1395 1474
3637 4 2 192 2 1081 1226 313 1435
3638 4 2 192 2 1080 1079 1263 1545
3639 4 2 192 2 1244 1365 1338 1442
3640 4 2 192 2 271 1040 272 1250
3641 4 2 192 2 253 252 1106 1251
3642 4 2 192 2 1285 1447 1350 1610
3643 4 2 192 2 244 1231 1095 1453
3644 4 2 192 2 694 717 1247 1598
3645 4 2 192 2 1246 1311 1297 1420
3646 4 2 192 2 612 1396 688 1449
3647 4 2 192 2 1342 1409 1248 1503
3648 4 2 192 2 1104 313 1233 1593
3649 4 2 192 2 273 1043 274 1249
3650 4 2 192 2 1050 264 1502 1612
3651 4 2 192 2 717 615 1247 1578
3652 4 2 192 2 756 1225 771 1523
3653 4 2 192 2 732 689 734 1214
3654 4 2 192 2 1289 1498 1332 1554
3655 4 2 192 2 1142 1370 1197 1378
3656 4 2 192 2 229 840 1340 1362
3657 4 2 192 2 699 706 1259 1432
3658 4 2 192 2 520 518 519 1546
3659 4 2 192 2 254 255 1043 1239
3660 4 2 192 2 785 783 784 1332
3661 4 2 192 2 912 1321 1262 1472
3662 4 2 192 2 1240 1093 1462 1590
3663 4 2 192 2 862 1343 1212 1567
3664 4 2 192 2 168 897 1519 1600
3665 4 2 192 2 281 1214 1073 1491
3666 4 2 192 2 1066 1139 1370 1608
3667 4 2 192 2 1235 1414 1279 1557
3668 4 2 192 2 220 767 769 1457
3669 4 2 192 2 1304 1380 1344 1469
3670 4 2 192 2 1270 1539 1293 1585
3671 4 2 192 2 1199 1326 1490 1535
3672 4 2 192 2 509 1301 511 1526
3673 4 2 192 2 1257 1397 837 1495
3674 4 2 192 2 918 1357 993 1477
3675 4 2 192 2 1238 1436 1402 1591
3676 4 2 192 2 1237 1435 1403 1592
3677 4 2 192 2 296 1263 1079 1545
3678 4 2 192 2 478 492 1466 1600
3679 4 2 192 2 314 1202 1102 1431
3680 4 2 192 2 789 1268 787 1451
3681 4 2 192 2 260 376 1047 1413
3682 4 2 192 2 576 1372 1313 1522
3683 4 2 192 2 325 241 349 1389
3684 4 2 192 2 1291 1342 1248 1503
3685 4 2 192 2 287 1234 1078 1381
3686 4 2 192 2 1081 314 1226 1469
3687 4 2 192 2 1268 1376 1056 1528
3688 4 2 192 2 715 638 1312 1592
3689 4 2 192 2 1204 1461 1174 1584
3690 4 2 192 2 296 1378 1263 1545
3691 4 2 192 2 733 731 703 1216
3692 4 2 192 2 870 842 872 1215
3693 4 2 192 2 1073 1214 282 1404
3694 4 2 192 2 1250 1364 1337 1440
3695 4 2 192 2 771 1225 770 1562
3696 4 2 192 2 1317 1323 1239 1405
3697 4 2 192 2 607 552 605 1484
3698 4 2 192 2 967 1007 1209 1499
3699 4 2 192 2 521 520 519 1273
3700 4 2 192 2 1200 1369 1284 1504
3701 4 2 192 2 1028 266 1230 1407
3702 4 2 192 2 710 679 709 1235
3703 4 2 192 2 297 1068 1142 1370
3704 4 2 192 2 1147 1178 1438 1536
3705 4 2 192 2 1253 1240 1522 1590
3706 4 2 192 2 935 937 1323 1515
3707 4 2 192 2 624 1213 684 1559
3708 4 2 192 2 277 1201 1057 1416
3709 4 2 192 2 711 1228 687 1512
3710 4 2 192 2 862 823 866 1212
3711 4 2 192 2 723 684 727 1213
3712 4 2 192 2 1220 1056 1376 1528
3713 4 2 192 2 863 821 1366 1550
3714 4 2 192 2 685 1336 204 1574
3715 4 2 192 2 743 695 1224 1439
3716 4 2 192 2 1301 1339 1251 1452
3717 4 2 192 2 269 270 1244 1596
3718 4 2 192 2 875 841 876 1217
3719 4 2 192 2 473 540 1261 1563
3720 4 2 192 2 727 723 1213 1571
3721 4 2 192 2 883 1272 1315 1524
3722 4 2 192 2 269 1041 270 1596
3723 4 2 192 2 1286 1513 1267 1586
3724 4 2 192 2 228 1348 840 1362
3725 4 2 192 2 1052 1245 267 1376
3726 4 2 192 2 957 992 1230 1570
3727 4 2 192 2 1242 1339 1301 1452
3728 4 2 192 2 272 1440 1215 1616
3729 4 2 192 2 1085 1219 1463 1500
3730 4 2 192 2 586 1384 1322 1576
3731 4 2 192 2 568 594 597 1218
3732 4 2 192 2 733 665 731 1216
3733 4 2 192 2 872 804 870 1215
3734 4 2 192 2 1253 1541 1094 1590
3735 4 2 192 2 1244 1364 1303 1532
3736 4 2 192 2 1280 1334 1214 1439
3737 4 2 192 2 291 1246 1063 1420
3738 4 2 192 2 688 1396 1258 1449
3739 4 2 192 2 261 1203 1413 1455
3740 4 2 192 2 878 877 839 1220
3741 4 2 192 2 904 1356 166 1527
3742 4 2 192 2 916 912 994 1262
3743 4 2 192 2 890 957 992 1362
3744 4 2 192 2 1203 1482 1284 1504
3745 4 2 192 2 1213 1380 1344 1571
3746 4 2 192 2 853 856 829 1332
3747 4 2 192 2 1062 1217 271 1554
3748 4 2 192 2 621 190 709 1363
3749 4 2 192 2 882 873 802 1221
3750 4 2 192 2 695 1422 1224 1439
3751 4 2 192 2 732 734 618 1214
3752 4 2 192 2 993 1477 1357 1570
3753 4 2 192 2 1041 1039 270 1532
3754 4 2 192 2 286 1074 285 1243
3755 4 2 192 2 1259 1422 1280 1556
3756 4 2 192 2 875 876 805 1217
3757 4 2 192 2 1032 1241 267 1407
3758 4 2 192 2 251 250 1242 1391
3759 4 2 192 2 507 1274 538 1421
3760 4 2 192 2 1223 1539 1293 1613
3761 4 2 192 2 1053 1200 262 1529
3762 4 2 192 2 1194 1350 1285 1424
3763 4 2 192 2 855 754 1329 1549
3764 4 2 192 2 266 267 1052 1245
3765 4 2 192 2 561 538 571 1563
3766 4 2 192 2 594 526 597 1218
3767 4 2 192 2 1206 1371 1328 1578
3768 4 2 192 2 1257 1459 1336 1491
3769 4 2 192 2 1268 1319 789 1572
3770 4 2 192 2 480 550 1208 1497
3771 4 2 192 2 525 498 574 1253
3772 4 2 192 2 313 1104 1233 1431
3773 4 2 192 2 1222 1098 1441 1509
3774 4 2 192 2 268 1034 1365 1412
3775 4 2 192 2 802 1221 873 1558
3776 4 2 192 2 1221 1314 1264 1502
3777 4 2 192 2 617 1226 1331 1568
3778 4 2 192 2 586 1208 550 1384
3779 4 2 192 2 818 1236 848 1572
3780 4 2 192 2 702 1325 213 1351
3781 4 2 192 2 1093 1094 1541 1590
3782 4 2 192 2 655 654 1279 1422
3783 4 2 192 2 204 858 1520 1524
3784 4 2 192 2 1285 1424 1447 1610
3785 4 2 192 2 1227 1513 1286 1586
3786 4 2 192 2 288 1061 289 1252
3787 4 2 192 2 701 1243 1464 1474
3788 4 2 192 2 610 1122 1428 1496
3789 4 2 192 2 1321 1359 1232 1387
3790 4 2 192 2 649 704 651 1278
3791 4 2 192 2 806 877 878 1220
3792 4 2 192 2 1293 1539 1223 1585
3793 4 2 192 2 493 1386 1231 1600
3794 4 2 192 2 949 956 1277 1443
3795 4 2 192 2 1331 1506 200 1568
3796 4 2 192 2 1037 1207 1036 1607
3797 4 2 192 2 536 564 1251 1577
3798 4 2 192 2 881 1264 835 1481
3799 4 2 192 2 906 908 958 1359
3800 4 2 192 2 791 789 1319 1572
3801 4 2 192 2 906 1369 1203 1460
3802 4 2 192 2 1254 962 1415 1535
3803 4 2 192 2 666 1219 736 1587
3804 4 2 192 2 1357 1472 1223 1585
3805 4 2 192 2 1100 1540 1269 1551
3806 4 2 192 2 1247 1371 1328 1465
3807 4 2 192 2 1263 1378 1197 1545
3808 4 2 192 2 738 1351 1234 1587
3809 4 2 192 2 1032 1412 1227 1586
3810 4 2 192 2 743 695 742 1224
3811 4 2 192 2 603 1206 569 1473
3812 4 2 192 2 809 871 1200 1558
3813 4 2 192 2 1243 1414 668 1464
3814 4 2 192 2 1015 1163 1126 1510
3815 4 2 192 2 1073 1258 300 1390
3816 4 2 192 2 1003 1499 1321 1519
3817 4 2 192 2 763 1212 823 1599
3818 4 2 192 2 1040 1042 1211 1548
3819 4 2 192 2 927 926 928 1487
3820 4 2 192 2 953 1250 977 1521
3821 4 2 192 2 1175 1309 888 1438
3822 4 2 192 2 823 1212 862 1379
3823 4 2 192 2 252 1205 1368 1494
3824 4 2 192 2 1247 1371 309 1500
3825 4 2 192 2 1040 1368 1211 1494
3826 4 2 192 2 778 804 780 1311
3827 4 2 192 2 641 639 665 1312
3828 4 2 192 2 943 919 989 1270
3829 4 2 192 2 905 1195 182 1355
3830 4 2 192 2 537 562 1242 1421
3831 4 2 192 2 307 1228 1078 1543
3832 4 2 192 2 988 1327 920 1477
3833 4 2 192 2 975 933 1010 1595
3834 4 2 192 2 882 832 873 1221
3835 4 2 192 2 1020 1205 986 1476
3836 4 2 192 2 1323 1405 1317 1515
3837 4 2 192 2 1316 1523 624 1559
3838 4 2 192 2 866 862 1212 1567
3839 4 2 192 2 1285 1390 1334 1491
3840 4 2 192 2 727 1213 624 1571
3841 4 2 192 2 245 1026 1223 1613
3842 4 2 192 2 842 1360 1215 1479
3843 4 2 192 2 369 1350 365 1424
3844 4 2 192 2 936 937 1515 1518
3845 4 2 192 2 622 1288 210 1474
3846 4 2 192 2 576 1240 483 1372
3847 4 2 192 2 1199 1490 1356 1535
3848 4 2 192 2 1200 1418 262 1529
3849 4 2 192 2 798 796 802 1314
3850 4 2 192 2 740 1243 668 1464
3851 4 2 192 2 987 925 945 1267
3852 4 2 192 2 668 740 741 1243
3853 4 2 192 2 1011 889 1009 1223
3854 4 2 192 2 1028 1230 265 1542
3855 4 2 192 2 1252 1332 1289 1498
3856 4 2 192 2 1071 1224 284 1434
3857 4 2 192 2 168 1519 1300 1600
3858 4 2 192 2 1238 1402 1295 1602
3859 4 2 192 2 991 1011 1009 1223
3860 4 2 192 2 737 666 736 1587
3861 4 2 192 2 283 1224 1071 1404
3862 4 2 192 2 192 193 711 1318
3863 4 2 192 2 814 1408 1272 1517
3864 4 2 192 2 1344 1380 723 1571
3865 4 2 192 2 1232 1324 1418 1455
3866 4 2 192 2 973 952 976 1249
3867 4 2 192 2 502 526 500 1313
3868 4 2 192 2 698 1258 688 1396
3869 4 2 192 2 486 1355 1265 1425
3870 4 2 192 2 282 281 1051 1257
3871 4 2 192 2 301 300 1073 1258
3872 4 2 192 2 1056 1220 1442 1528
3873 4 2 192 2 527 599 1222 1614
3874 4 2 192 2 827 837 1257 1397
3875 4 2 192 2 1270 1357 1230 1539
3876 4 2 192 2 272 1064 1440 1616
3877 4 2 192 2 981 977 953 1250
3878 4 2 192 2 564 560 536 1251
3879 4 2 192 2 310 1106 309 1493
3880 4 2 192 2 302 1071 303 1259
3881 4 2 192 2 284 283 1049 1260
3882 4 2 192 2 214 1325 702 1358
3883 4 2 192 2 1096 248 247 1261
3884 4 2 192 2 984 1227 1354 1508
3885 4 2 192 2 1095 300 1208 1454
3886 4 2 192 2 1080 296 1079 1545
3887 4 2 192 2 1059 1416 1212 1605
3888 4 2 192 2 1210 514 1575 1577
3889 4 2 192 2 1230 1270 1407 1477
3890 4 2 192 2 1247 1298 1467 1598
3891 4 2 192 2 998 905 951 1444
3892 4 2 192 2 278 1057 277 1608
3893 4 2 192 2 1052 286 1236 1547
3894 4 2 192 2 1310 1239 1471 1548
3895 4 2 192 2 1204 1174 1496 1584
3896 4 2 192 2 473 1261 540 1372
3897 4 2 192 2 1230 1348 1362 1555
3898 4 2 192 2 1051 1257 1529 1612
3899 4 2 192 2 1402 1436 1295 1523
3900 4 2 192 2 763 866 1212 1567
3901 4 2 192 2 820 822 1201 1379
3902 4 2 192 2 1237 1467 1283 1593
3903 4 2 192 2 878 843 1451 1580
3904 4 2 192 2 965 905 1355 1444
3905 4 2 192 2 960 1254 999 1415
3906 4 2 192 2 168 897 971 1519
3907 4 2 192 2 1266 1578 1299 1601
3908 4 2 192 2 253 1040 1368 1548
3909 4 2 192 2 325 349 348 1389
3910 4 2 192 2 1213 723 1380 1571
3911 4 2 192 2 1102 1483 1265 1615
3912 4 2 192 2 306 1078 1228 1429
3913 4 2 192 2 1283 1503 1291 1593
3914 4 2 192 2 326 1069 364 1374
3915 4 2 192 2 1087 1082 1256 1533
3916 4 2 192 2 1219 1085 1377 1500
3917 4 2 192 2 672 688 1258 1565
3918 4 2 192 2 1138 1550 1201 1608
3919 4 2 192 2 1099 242 1389 1427
3920 4 2 192 2 1052 1236 285 1433
3921 4 2 192 2 771 1402 1225 1562
3922 4 2 192 2 771 1402 825 1523
3923 4 2 192 2 1060 1255 1065 1538
3924 4 2 192 2 489 1527 1199 1553
3925 4 2 192 2 814 1272 801 1517
3926 4 2 192 2 1105 1269 1100 1430
3927 4 2 192 2 900 1290 227 1570
3928 4 2 192 2 665 731 1216 1475
3929 4 2 192 2 265 1230 266 1555
3930 4 2 192 2 1344 1435 1226 1469
3931 4 2 192 2 743 742 697 1224
3932 4 2 192 2 906 223 1369 1460
3933 4 2 192 2 988 978 955 1241
3934 4 2 192 2 645 705 647 1587
3935 4 2 192 2 251 1205 1039 1532
3936 4 2 192 2 166 1199 489 1527
3937 4 2 192 2 1093 1541 1383 1590
3938 4 2 192 2 358 1284 336 1460
3939 4 2 192 2 180 179 972 1281
3940 4 2 192 2 1212 1417 823 1599
3941 4 2 192 2 499 576 1313 1522
3942 4 2 192 2 740 701 741 1243
3943 4 2 192 2 851 825 1402 1602
3944 4 2 192 2 1022 1207 948 1444
3945 4 2 192 2 954 979 980 1244
3946 4 2 192 2 1074 1243 286 1381
3947 4 2 192 2 1032 1241 1407 1412
3948 4 2 192 2 545 1229 546 1426
3949 4 2 192 2 537 562 563 1242
3950 4 2 192 2 1138 1201 1366 1608
3951 4 2 192 2 973 1249 976 1521
3952 4 2 192 2 847 1255 803 1567
3953 4 2 192 2 1168 1366 864 1511
3954 4 2 192 2 1074 1235 304 1399
3955 4 2 192 2 1200 1272 1504 1517
3956 4 2 192 2 850 826 1501 1507
3957 4 2 192 2 244 245 1393 1453
3958 4 2 192 2 1105 1242 250 1597
3959 4 2 192 2 655 656 654 1422
3960 4 2 192 2 700 739 738 1234
3961 4 2 192 2 1000 983 1588 1595
3962 4 2 192 2 708 1256 664 1571
3963 4 2 192 2 1202 1373 314 1569
3964 4 2 192 2 263 1418 1221 1612
3965 4 2 192 2 1072 1280 1404 1556
3966 4 2 192 2 984 1016 1017 1227
3967 4 2 192 2 1212 1379 823 1417
3968 4 2 192 2 1255 1398 1065 1538
3969 4 2 192 2 1256 1087 1533 1594
3970 4 2 192 2 1312 1467 1298 1598
3971 4 2 192 2 770 1225 756 1457
3972 4 2 192 2 1251 1368 1339 1588
3973 4 2 192 2 313 1435 1233 1593
3974 4 2 192 2 851 1402 1238 1602
3975 4 2 192 2 1303 1394 1250 1478
3976 4 2 192 2 1018 987 945 1267
3977 4 2 192 2 1279 1434 1070 1557
3978 4 2 192 2 911 968 909 1359
3979 4 2 192 2 1016 944 1017 1227
3980 4 2 192 2 262 1232 1029 1589
3981 4 2 192 2 1230 1357 1270 1477
3982 4 2 192 2 1240 1462 1093 1613
3983 4 2 192 2 1035 1196 1392 1536
3984 4 2 192 2 850 1501 826 1572
3985 4 2 192 2 1087 312 1237 1435
3986 4 2 192 2 1065 293 1238 1436
3987 4 2 192 2 709 1349 613 1512
3988 4 2 192 2 1223 1026 1393 1539
3989 4 2 192 2 1200 1369 1324 1558
3990 4 2 192 2 1163 1015 998 1510
3991 4 2 192 2 302 1383 1093 1541
3992 4 2 192 2 661 1334 1285 1610
3993 4 2 192 2 517 1291 516 1342
3994 4 2 192 2 999 1254 960 1359
3995 4 2 192 2 1039 1494 1303 1532
3996 4 2 192 2 180 972 896 1281
3997 4 2 192 2 314 1373 1226 1469
3998 4 2 192 2 703 1329 215 1358
3999 4 2 192 2 794 835 834 1264
4000 4 2 192 2 214 215 754 1358
4001 4 2 192 2 355 1419 354 1447
4002 4 2 192 2 370 365 1350 1520
4003 4 2 192 2 1262 1357 916 1472
4004 4 2 192 2 854 777 1549 1591
4005 4 2 192 2 1210 1465 1328 1493
4006 4 2 192 2 977 1250 981 1478
4007 4 2 192 2 292 1238 1385 1420
4008 4 2 192 2 992 1348 228 1362
4009 4 2 192 2 667 738 739 1234
4010 4 2 192 2 370 746 334 1520
4011 4 2 192 2 305 1235 1074 1557
4012 4 2 192 2 740 701 1243 1464
4013 4 2 192 2 763 1567 1212 1599
4014 4 2 192 2 1050 1049 1446 1612
4015 4 2 192 2 1018 987 1267 1513
4016 4 2 192 2 585 546 377 1426
4017 4 2 192 2 726 1263 681 1559
4018 4 2 192 2 1104 312 313 1593
4019 4 2 192 2 617 631 1226 1568
4020 4 2 192 2 684 1213 1380 1559
4021 4 2 192 2 821 1171 1137 1550
4022 4 2 192 2 920 988 922 1327
4023 4 2 192 2 1272 1374 1315 1459
4024 4 2 192 2 1218 1363 568 1480
4025 4 2 192 2 1011 1223 991 1585
4026 4 2 192 2 902 1019 1020 1588
4027 4 2 192 2 562 563 1242 1581
4028 4 2 192 2 293 1533 1087 1594
4029 4 2 192 2 992 900 227 1570
4030 4 2 192 2 1291 1342 517 1546
4031 4 2 192 2 1203 1413 381 1482
4032 4 2 192 2 1108 1248 254 1409
4033 4 2 192 2 799 837 797 1397
4034 4 2 192 2 802 882 1221 1486
4035 4 2 192 2 1210 1575 1342 1577
4036 4 2 192 2 263 1375 1232 1589
4037 4 2 192 2 793 794 1346 1481
4038 4 2 192 2 1236 1346 1307 1433
4039 4 2 192 2 1106 253 1251 1409
4040 4 2 192 2 717 1485 1247 1598
4041 4 2 192 2 1104 1103 1273 1431
4042 4 2 192 2 692 624 1523 1571
4043 4 2 192 2 889 1223 1011 1585
4044 4 2 192 2 900 966 1290 1458
4045 4 2 192 2 253 252 1251 1368
4046 4 2 192 2 952 976 1249 1515
4047 4 2 192 2 840 1245 880 1580
4048 4 2 192 2 1075 1390 1285 1491
4049 4 2 192 2 615 716 694 1367
4050 4 2 192 2 1338 1364 1244 1442
4051 4 2 192 2 821 1201 1366 1550
4052 4 2 192 2 874 810 809 1517
4053 4 2 192 2 1105 251 1242 1551
4054 4 2 192 2 1106 1251 252 1452
4055 4 2 192 2 1256 1475 1312 1594
4056 4 2 192 2 586 1208 1384 1576
4057 4 2 192 2 1241 1407 1327 1477
4058 4 2 192 2 815 1275 830 1457
4059 4 2 192 2 669 661 670 1285
4060 4 2 192 2 245 1223 1393 1613
4061 4 2 192 2 1251 1342 536 1577
4062 4 2 192 2 1093 1240 245 1453
4063 4 2 192 2 1099 1282 1097 1427
4064 4 2 192 2 1040 272 1250 1401
4065 4 2 192 2 1084 1085 1266 1377
4066 4 2 192 2 1059 276 1416 1605
4067 4 2 192 2 274 1249 1043 1405
4068 4 2 192 2 264 1542 1375 1589
4069 4 2 192 2 527 600 599 1614
4070 4 2 192 2 277 1201 1561 1608
4071 4 2 192 2 243 1209 1029 1490
4072 4 2 192 2 1150 1174 1461 1584
4073 4 2 192 2 1043 1249 273 1401
4074 4 2 192 2 976 1249 1515 1521
4075 4 2 192 2 798 802 828 1558
4076 4 2 192 2 822 1366 1201 1379
4077 4 2 192 2 1233 1283 1291 1593
4078 4 2 192 2 699 1259 674 1396
4079 4 2 192 2 259 1392 1195 1604
4080 4 2 192 2 776 1255 847 1591
4081 4 2 192 2 637 1256 708 1592
4082 4 2 192 2 262 1029 1232 1387
4083 4 2 192 2 1100 1430 1269 1540
4084 4 2 192 2 1376 1451 1319 1580
4085 4 2 192 2 1311 1549 777 1591
4086 4 2 192 2 273 1249 274 1398
4087 4 2 192 2 1050 1502 1049 1612
4088 4 2 192 2 548 1202 606 1506
4089 4 2 192 2 903 1277 238 1417
4090 4 2 192 2 732 689 1214 1574
4091 4 2 192 2 684 1213 723 1380
4092 4 2 192 2 764 827 811 1524
4093 4 2 192 2 1027 1542 264 1589
4094 4 2 192 2 994 1262 912 1458
4095 4 2 192 2 943 917 919 1357
4096 4 2 192 2 695 1395 1224 1422
4097 4 2 192 2 473 1261 1372 1611
4098 4 2 192 2 1106 1251 1452 1493
4099 4 2 192 2 1059 1212 1416 1445
4100 4 2 192 2 696 1279 653 1414
4101 4 2 192 2 878 843 806 1451
4102 4 2 192 2 489 1199 166 1466
4103 4 2 192 2 903 949 956 1277
4104 4 2 192 2 1107 1206 1493 1551
4105 4 2 192 2 838 1260 813 1397
4106 4 2 192 2 293 1385 1533 1594
4107 4 2 192 2 1048 1264 1049 1502
4108 4 2 192 2 1008 1309 990 1438
4109 4 2 192 2 525 1253 574 1576
4110 4 2 192 2 268 1365 1220 1376
4111 4 2 192 2 1342 1575 514 1577
4112 4 2 192 2 1209 1499 1007 1519
4113 4 2 192 2 381 1203 1341 1413
4114 4 2 192 2 233 1337 977 1544
4115 4 2 192 2 496 1322 495 1522
4116 4 2 192 2 1051 1446 1257 1612
4117 4 2 192 2 1231 1386 493 1552
4118 4 2 192 2 873 1558 1221 1579
4119 4 2 192 2 726 1380 1263 1559
4120 4 2 192 2 1313 1480 1253 1590
4121 4 2 192 2 851 1238 758 1602
4122 4 2 192 2 536 1251 560 1582
4123 4 2 192 2 338 1353 629 1447
4124 4 2 192 2 1047 376 328 1413
4125 4 2 192 2 980 231 1338 1531
4126 4 2 192 2 1052 1245 1376 1410
4127 4 2 192 2 1329 1475 216 1602
4128 4 2 192 2 990 947 940 1330
4129 4 2 192 2 1138 1366 1201 1550
4130 4 2 192 2 1215 1297 1311 1616
4131 4 2 192 2 1319 1376 1268 1451
4132 4 2 192 2 1253 1480 574 1576
4133 4 2 192 2 842 1215 870 1479
4134 4 2 192 2 1231 1453 1322 1456
4135 4 2 192 2 1072 1448 1280 1556
4136 4 2 192 2 586 1322 496 1576
4137 4 2 192 2 229 1340 978 1362
4138 4 2 192 2 682 627 681 1492
4139 4 2 192 2 1202 1373 1331 1431
4140 4 2 192 2 168 971 1300 1519
4141 4 2 192 2 526 1218 594 1480
4142 4 2 192 2 1315 1520 858 1524
4143 4 2 192 2 636 1344 633 1380
4144 4 2 192 2 1074 285 1243 1434
4145 4 2 192 2 1343 1436 1225 1445
4146 4 2 192 2 743 1439 1224 1514
4147 4 2 192 2 703 1216 731 1475
4148 4 2 192 2 302 1259 303 1383
4149 4 2 192 2 243 1095 1231 1456
4150 4 2 192 2 1074 1235 1399 1557
4151 4 2 192 2 208 1307 760 1514
4152 4 2 192 2 1200 1418 1324 1455
4153 4 2 192 2 255 1248 1108 1489
4154 4 2 192 2 613 1349 711 1512
4155 4 2 192 2 783 784 1332 1505
4156 4 2 192 2 928 1303 954 1478
4157 4 2 192 2 1105 1100 1269 1551
4158 4 2 192 2 999 1359 968 1499
4159 4 2 192 2 1293 1372 575 1437
4160 4 2 192 2 640 715 638 1312
4161 4 2 192 2 701 1464 622 1474
4162 4 2 192 2 744 629 1353 1447
4163 4 2 192 2 979 955 898 1352
4164 4 2 192 2 245 1240 1093 1613
4165 4 2 192 2 793 792 794 1481
4166 4 2 192 2 943 1270 989 1585
4167 4 2 192 2 378 1284 360 1408
4168 4 2 192 2 311 1467 1237 1593
4169 4 2 192 2 924 1352 925 1513
4170 4 2 192 2 179 1471 1281 1560
4171 4 2 192 2 1098 1540 1100 1573
4172 4 2 192 2 377 1426 546 1606
4173 4 2 192 2 847 1479 1255 1567
4174 4 2 192 2 594 1218 568 1480
4175 4 2 192 2 1074 1243 1381 1557
4176 4 2 192 2 1071 1224 1434 1556
4177 4 2 192 2 957 993 992 1570
4178 4 2 192 2 695 742 1224 1395
4179 4 2 192 2 1099 1389 1282 1427
4180 4 2 192 2 679 709 1235 1432
4181 4 2 192 2 849 818 848 1572
4182 4 2 192 2 669 661 1285 1610
4183 4 2 192 2 990 1196 1012 1438
4184 4 2 192 2 618 1214 734 1439
4185 4 2 192 2 696 1395 1279 1414
4186 4 2 192 2 524 607 1233 1484
4187 4 2 192 2 262 1387 1232 1455
4188 4 2 192 2 618 732 1214 1574
4189 4 2 192 2 1070 1399 1279 1557
4190 4 2 192 2 834 835 881 1264
4191 4 2 192 2 1322 1384 1208 1576
4192 4 2 192 2 247 1261 248 1388
4193 4 2 192 2 1231 1095 1453 1456
4194 4 2 192 2 314 1373 1202 1431
4195 4 2 192 2 1194 1520 1315 1524
4196 4 2 192 2 521 1273 1347 1484
4197 4 2 192 2 717 1247 1485 1578
4198 4 2 192 2 708 1475 1256 1571
4199 4 2 192 2 484 599 567 1333
4200 4 2 192 2 254 1239 1043 1548
4201 4 2 192 2 897 1209 1007 1519
4202 4 2 192 2 1312 1475 1216 1594
4203 4 2 192 2 297 1370 1142 1378
4204 4 2 192 2 668 1243 741 1414
4205 4 2 192 2 933 935 1010 1317
4206 4 2 192 2 900 1458 1290 1570
4207 4 2 192 2 536 1342 1251 1582
4208 4 2 192 2 735 1350 671 1574
4209 4 2 192 2 1233 1361 1283 1593
4210 4 2 192 2 1012 990 950 1196
4211 4 2 192 2 1052 1410 1236 1433
4212 4 2 192 2 609 721 382 1350
4213 4 2 192 2 870 1215 804 1479
4214 4 2 192 2 1237 1256 1592 1594
4215 4 2 192 2 754 833 1246 1549
4216 4 2 192 2 170 1293 575 1437
4217 4 2 192 2 1018 1267 945 1468
4218 4 2 192 2 931 1021 946 1211
4219 4 2 192 2 1266 1371 1085 1543
4220 4 2 192 2 377 546 344 1606
4221 4 2 192 2 653 696 655 1279
4222 4 2 192 2 200 1331 548 1506
4223 4 2 192 2 381 1460 1203 1482
4224 4 2 192 2 1307 1346 1260 1433
4225 4 2 192 2 529 514 604 1210
4226 4 2 192 2 1355 1425 1281 1525
4227 4 2 192 2 1077 1089 279 1424
4228 4 2 192 2 942 1321 1472 1519
4229 4 2 192 2 711 713 687 1601
4230 4 2 192 2 370 720 746 1350
4231 4 2 192 2 726 683 1263 1380
4232 4 2 192 2 1377 1450 1335 1587
4233 4 2 192 2 697 743 1224 1514
4234 4 2 192 2 266 1245 1052 1555
4235 4 2 192 2 372 323 343 1534
4236 4 2 192 2 899 977 234 1360
4237 4 2 192 2 1009 991 1223 1472
4238 4 2 192 2 1243 1395 741 1414
4239 4 2 192 2 938 936 970 1271
4240 4 2 192 2 555 1331 199 1361
4241 4 2 192 2 991 1223 1472 1585
4242 4 2 192 2 741 1243 701 1395
4243 4 2 192 2 1049 284 1260 1433
4244 4 2 192 2 1341 1359 1254 1413
4245 4 2 192 2 1026 1539 1223 1613
4246 4 2 192 2 1061 1252 288 1528
4247 4 2 192 2 915 912 916 1472
4248 4 2 192 2 261 1482 1203 1504
4249 4 2 192 2 305 1429 1235 1557
4250 4 2 192 2 1224 1071 1404 1556
4251 4 2 192 2 1207 1392 1330 1444
4252 4 2 192 2 945 1267 925 1487
4253 4 2 192 2 1048 1264 1502 1555
4254 4 2 192 2 473 571 540 1563
4255 4 2 192 2 483 1372 1240 1437
4256 4 2 192 2 700 739 1234 1464
4257 4 2 192 2 287 1234 1381 1411
4258 4 2 192 2 1158 1126 1163 1510
4259 4 2 192 2 272 273 1064 1616
4260 4 2 192 2 1297 1311 1246 1549
4261 4 2 192 2 658 657 1280 1422
4262 4 2 192 2 274 1249 1405 1488
4263 4 2 192 2 1085 1084 1266 1543
4264 4 2 192 2 690 620 714 1601
4265 4 2 192 2 766 1345 1417 1550
4266 4 2 192 2 1345 1277 1417 1561
4267 4 2 192 2 289 1252 1061 1498
4268 4 2 192 2 751 1305 207 1514
4269 4 2 192 2 919 921 1327 1477
4270 4 2 192 2 984 1354 172 1508
4271 4 2 192 2 689 734 1214 1439
4272 4 2 192 2 282 1257 1051 1446
4273 4 2 192 2 1073 301 1258 1448
4274 4 2 192 2 1027 1262 1026 1542
4275 4 2 192 2 251 1452 1242 1551
4276 4 2 192 2 805 1217 876 1505
4277 4 2 192 2 805 875 1217 1505
4278 4 2 192 2 1295 1402 1238 1436
4279 4 2 192 2 1209 1029 1387 1393
4280 4 2 192 2 1049 1260 283 1446
4281 4 2 192 2 257 1102 1265 1525
4282 4 2 192 2 302 1071 1259 1448
4283 4 2 192 2 1227 1573 249 1586
4284 4 2 192 2 646 1266 1335 1601
4285 4 2 192 2 1254 1415 1356 1535
4286 4 2 192 2 496 495 498 1522
4287 4 2 192 2 1096 1261 247 1462
4288 4 2 192 2 761 1340 840 1580
4289 4 2 192 2 1105 1269 1430 1551
4290 4 2 192 2 1027 1262 1542 1589
4291 4 2 192 2 1223 1393 1262 1539
4292 4 2 192 2 1299 1318 193 1470
4293 4 2 192 2 299 1229 1099 1534
4294 4 2 192 2 954 1244 980 1478
4295 4 2 192 2 528 1269 508 1526
4296 4 2 192 2 485 602 1206 1470
4297 4 2 192 2 583 1210 604 1575
4298 4 2 192 2 820 1201 766 1417
4299 4 2 192 2 1344 1469 1213 1533
4300 4 2 192 2 660 698 658 1396
4301 4 2 192 2 665 708 731 1475
4302 4 2 192 2 838 208 760 1514
4303 4 2 192 2 1255 1479 1311 1616
4304 4 2 192 2 1062 1442 1217 1554
4305 4 2 192 2 1104 1273 1103 1525
4306 4 2 192 2 1266 1377 1085 1500
4307 4 2 192 2 1263 1469 1080 1545
4308 4 2 192 2 756 771 825 1523
4309 4 2 192 2 1102 1265 1525 1615
4310 4 2 192 2 1081 1545 1213 1609
4311 4 2 192 2 628 1506 1204 1568
4312 4 2 192 2 1200 262 1418 1455
4313 4 2 192 2 339 768 857 1315
4314 4 2 192 2 250 1242 1391 1597
4315 4 2 192 2 1054 1268 1056 1547
4316 4 2 192 2 820 1379 1201 1417
4317 4 2 192 2 1254 1359 999 1499
4318 4 2 192 2 917 1357 943 1585
4319 4 2 192 2 258 1195 259 1392
4320 4 2 192 2 609 1350 382 1447
4321 4 2 192 2 555 607 479 1331
4322 4 2 192 2 242 241 1099 1389
4323 4 2 192 2 1208 1095 1454 1456
4324 4 2 192 2 1269 1470 528 1614
4325 4 2 192 2 1100 249 1098 1573
4326 4 2 192 2 1218 1480 1313 1590
4327 4 2 192 2 1224 1395 742 1514
4328 4 2 192 2 370 334 365 1520
4329 4 2 192 2 892 1478 980 1544
4330 4 2 192 2 1270 1357 919 1477
4331 4 2 192 2 697 1224 742 1514
4332 4 2 192 2 1202 1347 1276 1615
4333 4 2 192 2 678 683 722 1428
4334 4 2 192 2 961 897 1326 1535
4335 4 2 192 2 973 1360 1249 1521
4336 4 2 192 2 378 359 360 1284
4337 4 2 192 2 1237 1367 1283 1467
4338 4 2 192 2 511 1301 564 1577
4339 4 2 192 2 986 1205 1019 1487
4340 4 2 192 2 1018 1017 987 1513
4341 4 2 192 2 532 486 1265 1425
4342 4 2 192 2 1194 1315 1459 1524
4343 4 2 192 2 1100 249 1573 1597
4344 4 2 192 2 260 1203 261 1482
4345 4 2 192 2 699 1363 621 1432
4346 4 2 192 2 602 569 1206 1526
4347 4 2 192 2 715 1312 640 1598
4348 4 2 192 2 1285 1334 1214 1491
4349 4 2 192 2 1071 303 1259 1556
4350 4 2 192 2 626 685 204 1574
4351 4 2 192 2 1245 1410 1052 1555
4352 4 2 192 2 261 1203 260 1413
4353 4 2 192 2 179 1281 180 1560
4354 4 2 192 2 960 1341 1254 1415
4355 4 2 192 2 930 929 928 1303
4356 4 2 192 2 1097 1282 1454 1456
4357 4 2 192 2 1264 1314 1221 1486
4358 4 2 192 2 907 1133 1161 1438
4359 4 2 192 2 851 777 854 1591
4360 4 2 192 2 712 638 715 1592
4361 4 2 192 2 1376 1451 1220 1528
4362 4 2 192 2 885 359 859 1284
4363 4 2 192 2 832 873 1221 1579
4364 4 2 192 2 1262 1393 1223 1472
4365 4 2 192 2 1252 1351 1325 1498
4366 4 2 192 2 308 1371 1206 1430
4367 4 2 192 2 1038 1271 1037 1488
4368 4 2 192 2 248 1261 1096 1509
4369 4 2 192 2 880 881 835 1481
4370 4 2 192 2 1055 1053 1272 1504
4371 4 2 192 2 944 1227 1016 1508
4372 4 2 192 2 936 1271 938 1518
4373 4 2 192 2 1074 1434 1243 1557
4374 4 2 192 2 946 1021 1000 1211
4375 4 2 192 2 757 1324 824 1558
4376 4 2 192 2 883 812 1272 1524
4377 4 2 192 2 215 855 754 1329
4378 4 2 192 2 376 381 1413 1482
4379 4 2 192 2 972 1025 1024 1323
4380 4 2 192 2 667 1234 739 1464
4381 4 2 192 2 583 529 604 1210
4382 4 2 192 2 296 1197 297 1378
4383 4 2 192 2 1311 1479 1215 1616
4384 4 2 192 2 220 767 1197 1492
4385 4 2 192 2 1270 1508 989 1585
4386 4 2 192 2 592 574 1480 1576
4387 4 2 192 2 1278 1335 1228 1512
4388 4 2 192 2 879 761 840 1580
4389 4 2 192 2 939 948 969 1518
4390 4 2 192 2 879 840 880 1580
4391 4 2 192 2 604 1210 514 1575
4392 4 2 192 2 1212 1538 1059 1605
4393 4 2 192 2 1254 1033 1490 1537
4394 4 2 192 2 1147 1438 1406 1536
4395 4 2 192 2 942 1321 913 1472
4396 4 2 192 2 882 832 1221 1486
4397 4 2 192 2 315 1102 314 1569
4398 4 2 192 2 905 998 1015 1510
4399 4 2 192 2 1296 1257 1397 1612
4400 4 2 192 2 883 814 857 1408
4401 4 2 192 2 1238 1402 851 1591
4402 4 2 192 2 1237 1403 712 1592
4403 4 2 192 2 883 812 814 1272
4404 4 2 192 2 1194 1350 365 1520
4405 4 2 192 2 1199 1466 489 1553
4406 4 2 192 2 825 1295 218 1523
4407 4 2 192 2 1059 1225 1436 1445
4408 4 2 192 2 1254 1341 960 1359
4409 4 2 192 2 880 1245 1481 1580
4410 4 2 192 2 1079 1320 1263 1378
4411 4 2 192 2 509 511 510 1526
4412 4 2 192 2 261 1455 262 1504
4413 4 2 192 2 944 1017 1227 1513
4414 4 2 192 2 772 1402 771 1562
4415 4 2 192 2 987 925 1267 1513
4416 4 2 192 2 611 209 1307 1474
4417 4 2 192 2 608 524 607 1233
4418 4 2 192 2 567 474 1318 1614
4419 4 2 192 2 994 916 1262 1570
4420 4 2 192 2 1123 1309 1175 1438
4421 4 2 192 2 169 1300 971 1437
4422 4 2 192 2 1123 1175 888 1438
4423 4 2 192 2 243 1231 1427 1456
4424 4 2 192 2 1268 1451 1376 1528
4425 4 2 192 2 624 1316 219 1523
4426 4 2 192 2 549 1300 169 1437
4427 4 2 192 2 1081 1469 1213 1545
4428 4 2 192 2 825 217 218 1295
4429 4 2 192 2 773 1343 774 1591
4430 4 2 192 2 634 1344 635 1592
4431 4 2 192 2 540 1372 1261 1563
4432 4 2 192 2 1201 1417 1345 1550
4433 4 2 192 2 970 1271 936 1515
4434 4 2 192 2 553 1273 1546 1560
4435 4 2 192 2 1335 1377 1266 1450
4436 4 2 192 2 966 226 900 1290
4437 4 2 192 2 1200 1053 1504 1529
4438 4 2 192 2 832 1221 1486 1579
4439 4 2 192 2 239 903 238 1417
4440 4 2 192 2 983 946 1000 1588
4441 4 2 192 2 923 924 925 1513
4442 4 2 192 2 744 1353 1198 1447
4443 4 2 192 2 1038 1037 1271 1516
4444 4 2 192 2 689 659 663 1439
4445 4 2 192 2 238 1277 956 1599
4446 4 2 192 2 835 1264 794 1481
4447 4 2 192 2 1365 1412 1034 1596
4448 4 2 192 2 1016 1227 984 1508
4449 4 2 192 2 936 1515 1271 1518
4450 4 2 192 2 978 988 890 1362
4451 4 2 192 2 1209 1387 1029 1490
4452 4 2 192 2 382 1350 329 1447
4453 4 2 192 2 263 1375 1221 1418
4454 4 2 192 2 1141 1197 1370 1511
4455 4 2 192 2 1000 1211 1021 1595
4456 4 2 192 2 499 576 501 1313
4457 4 2 192 2 610 1428 678 1496
4458 4 2 192 2 1282 1384 1229 1454
4459 4 2 192 2 764 205 827 1336
4460 4 2 192 2 1202 1102 1431 1615
4461 4 2 192 2 556 535 1248 1560
4462 4 2 192 2 172 1508 1354 1611
4463 4 2 192 2 1014 989 1508 1585
4464 4 2 192 2 519 553 521 1273
4465 4 2 192 2 223 765 1369 1460
4466 4 2 192 2 1290 1458 966 1579
4467 4 2 192 2 1166 1144 1320 1378
4468 4 2 192 2 962 1254 1004 1535
4469 4 2 192 2 766 1417 1201 1550
4470 4 2 192 2 1003 1007 1499 1519
4471 4 2 192 2 726 722 683 1380
4472 4 2 192 2 226 1290 966 1579
4473 4 2 192 2 931 1211 946 1476
4474 4 2 192 2 766 820 821 1201
4475 4 2 192 2 1285 1350 1194 1574
4476 4 2 192 2 1369 1455 1203 1504
4477 4 2 192 2 978 230 898 1531
4478 4 2 192 2 1238 1591 1311 1616
4479 4 2 192 2 1071 1259 1448 1556
4480 4 2 192 2 1316 1457 756 1523
4481 4 2 192 2 1174 1461 1204 1496
4482 4 2 192 2 794 795 793 1346
4483 4 2 192 2 1172 1378 1197 1492
4484 4 2 192 2 529 514 1210 1473
4485 4 2 192 2 850 752 1501 1572
4486 4 2 192 2 821 820 822 1201
4487 4 2 192 2 181 1355 486 1425
4488 4 2 192 2 1271 1037 1488 1607
4489 4 2 192 2 821 766 1201 1550
4490 4 2 192 2 1223 1262 1472 1539
4491 4 2 192 2 834 1264 881 1486
4492 4 2 192 2 842 235 1360 1479
4493 4 2 192 2 1276 1308 1202 1569
4494 4 2 192 2 730 1475 708 1571
4495 4 2 192 2 1055 1272 1053 1459
4496 4 2 192 2 262 1029 263 1589
4497 4 2 192 2 935 936 937 1515
4498 4 2 192 2 1197 296 1423 1545
4499 4 2 192 2 1300 1437 1223 1519
4500 4 2 192 2 1197 296 1370 1423
4501 4 2 192 2 767 1457 1197 1511
4502 4 2 192 2 1268 1411 1056 1547
4503 4 2 192 2 1081 1226 1435 1469
4504 4 2 192 2 1065 1238 1420 1616
4505 4 2 192 2 1215 1398 1360 1401
4506 4 2 192 2 340 1341 1203 1460
4507 4 2 192 2 474 192 567 1318
4508 4 2 192 2 1208 1449 480 1497
4509 4 2 192 2 692 1523 1295 1571
4510 4 2 192 2 530 591 1276 1603
4511 4 2 192 2 298 372 1419 1534
4512 4 2 192 2 514 1210 1473 1577
4513 4 2 192 2 1198 1447 1424 1610
4514 4 2 192 2 219 1316 624 1559
4515 4 2 192 2 553 1425 1273 1560
4516 4 2 192 2 256 255 1489 1516
4517 4 2 192 2 1217 1440 271 1554
4518 4 2 192 2 777 1311 779 1549
4519 4 2 192 2 1283 1361 1237 1593
4520 4 2 192 2 644 1450 1266 1485
4521 4 2 192 2 280 1374 1055 1459
4522 4 2 192 2 1081 1213 1469 1533
4523 4 2 192 2 555 608 607 1233
4524 4 2 192 2 658 657 659 1280
4525 4 2 192 2 1098 1509 1222 1540
4526 4 2 192 2 1058 1416 1275 1445
4527 4 2 192 2 710 709 613 1512
4528 4 2 192 2 1272 1495 801 1517
4529 4 2 192 2 478 492 491 1466
4530 4 2 192 2 905 182 965 1355
4531 4 2 192 2 880 840 750 1348
4532 4 2 192 2 1213 1523 1316 1559
4533 4 2 192 2 506 1382 507 1421
4534 4 2 192 2 801 1272 812 1495
4535 4 2 192 2 1213 1533 1081 1609
4536 4 2 192 2 1237 1312 1367 1467
4537 4 2 192 2 815 1275 1457 1511
4538 4 2 192 2 802 834 882 1486
4539 4 2 192 2 931 1394 1211 1476
4540 4 2 192 2 1217 270 1364 1442
4541 4 2 192 2 715 694 1367 1598
4542 4 2 192 2 1207 1516 1271 1607
4543 4 2 192 2 991 917 943 1585
4544 4 2 192 2 1166 1116 1144 1378
4545 4 2 192 2 227 1348 1290 1486
4546 4 2 192 2 348 1199 1527 1553
4547 4 2 192 2 303 1399 1259 1556
4548 4 2 192 2 1020 1205 1476 1588
4549 4 2 192 2 902 175 1468 1530
4550 4 2 192 2 491 478 1466 1600
4551 4 2 192 2 797 813 795 1314
4552 4 2 192 2 171 985 1508 1611
4553 4 2 192 2 683 681 726 1263
4554 4 2 192 2 1230 265 1542 1555
4555 4 2 192 2 368 338 629 1447
4556 4 2 192 2 617 686 199 1361
4557 4 2 192 2 751 207 838 1514
4558 4 2 192 2 967 1003 1007 1499
4559 4 2 192 2 776 773 774 1591
4560 4 2 192 2 637 634 635 1592
4561 4 2 192 2 847 869 1479 1567
4562 4 2 192 2 1059 1436 1225 1609
4563 4 2 192 2 570 506 508 1614
4564 4 2 192 2 1055 1374 1272 1459
4565 4 2 192 2 574 526 594 1480
4566 4 2 192 2 543 1466 1282 1553
4567 4 2 192 2 1320 1428 1122 1496
4568 4 2 192 2 889 1437 1223 1585
4569 4 2 192 2 1208 1456 1322 1541
4570 4 2 192 2 171 1293 985 1611
4571 4 2 192 2 1293 1508 985 1611
4572 4 2 192 2 1120 1142 1068 1370
4573 4 2 192 2 1306 1449 625 1565
4574 4 2 192 2 905 182 1195 1510
4575 4 2 192 2 171 1508 901 1611
4576 4 2 192 2 1107 1105 1430 1551
4577 4 2 192 2 1036 1207 1392 1607
4578 4 2 192 2 264 1221 1375 1502
4579 4 2 192 2 809 1200 1517 1558
4580 4 2 192 2 227 1290 836 1486
4581 4 2 192 2 626 746 1350 1520
4582 4 2 192 2 889 169 971 1437
4583 4 2 192 2 171 985 901 1508
4584 4 2 192 2 368 629 718 1447
4585 4 2 192 2 915 916 1357 1472
4586 4 2 192 2 381 357 340 1460
4587 4 2 192 2 1087 1237 1467 1594
4588 4 2 192 2 993 957 918 1477
4589 4 2 192 2 662 660 1334 1565
4590 4 2 192 2 680 627 220 1559
4591 4 2 192 2 602 1206 1470 1526
4592 4 2 192 2 769 756 1316 1457
4593 4 2 192 2 1288 1501 752 1572
4594 4 2 192 2 1301 1421 1242 1551
4595 4 2 192 2 1093 1094 302 1541
4596 4 2 192 2 1203 1341 1005 1460
4597 4 2 192 2 836 227 226 1290
4598 4 2 192 2 611 701 209 1474
4599 4 2 192 2 762 872 842 1337
4600 4 2 192 2 1310 1588 983 1595
4601 4 2 192 2 1108 1503 311 1593
4602 4 2 192 2 1277 1443 956 1599
4603 4 2 192 2 1274 1354 1261 1563
4604 4 2 192 2 550 1384 1208 1497
4605 4 2 192 2 565 1299 193 1470
4606 4 2 192 2 658 656 657 1422
4607 4 2 192 2 1105 1551 1242 1597
4608 4 2 192 2 1150 1174 1130 1461
4609 4 2 192 2 803 1343 862 1567
4610 4 2 192 2 803 774 862 1343
4611 4 2 192 2 1175 1162 1163 1309
4612 4 2 192 2 217 1295 825 1602
4613 4 2 192 2 1348 1542 1502 1555
4614 4 2 192 2 213 853 759 1325
4615 4 2 192 2 232 892 980 1544
4616 4 2 192 2 814 812 801 1272
4617 4 2 192 2 492 1466 1231 1552
4618 4 2 192 2 1143 1176 1428 1492
4619 4 2 192 2 1353 1419 342 1606
4620 4 2 192 2 793 818 791 1346
4621 4 2 192 2 1099 1229 299 1454
4622 4 2 192 2 822 821 1201 1366
4623 4 2 192 2 1363 1383 1218 1399
4624 4 2 192 2 1009 1472 1223 1519
4625 4 2 192 2 1205 1339 1391 1452
4626 4 2 192 2 297 1197 296 1370
4627 4 2 192 2 586 496 525 1576
4628 4 2 192 2 1100 1551 1105 1597
4629 4 2 192 2 1208 1095 1456 1541
4630 4 2 192 2 886 810 1408 1517
4631 4 2 192 2 851 758 825 1602
4632 4 2 192 2 544 186 1306 1497
4633 4 2 192 2 622 211 210 1288
4634 4 2 192 2 871 757 824 1558
4635 4 2 192 2 861 1275 1379 1562
4636 4 2 192 2 944 1016 989 1508
4637 4 2 192 2 568 1363 189 1480
4638 4 2 192 2 1137 1171 1138 1550
4639 4 2 192 2 1226 1361 1331 1435
4640 4 2 192 2 1167 578 1131 1566
4641 4 2 192 2 889 971 1009 1519
4642 4 2 192 2 251 1391 1205 1532
4643 4 2 192 2 562 1242 1421 1581
4644 4 2 192 2 617 1331 200 1568
4645 4 2 192 2 259 1110 1118 1483
4646 4 2 192 2 538 1421 1274 1581
4647 4 2 192 2 592 525 574 1576
4648 4 2 192 2 917 915 916 1357
4649 4 2 192 2 943 989 1014 1585
4650 4 2 192 2 1210 1328 1206 1493
4651 4 2 192 2 915 1357 917 1472
4652 4 2 192 2 1211 1588 1310 1595
4653 4 2 192 2 1072 1404 1071 1556
4654 4 2 192 2 1324 1375 1232 1418
4655 4 2 192 2 786 1289 844 1451
4656 4 2 192 2 1290 1502 1348 1542
4657 4 2 192 2 1108 1409 1109 1503
4658 4 2 192 2 1236 1474 1288 1547
4659 4 2 192 2 1254 1490 1356 1537
4660 4 2 192 2 626 1350 1194 1520
4661 4 2 192 2 609 382 329 1447
4662 4 2 192 2 355 1424 1419 1447
4663 4 2 192 2 669 1285 747 1610
4664 4 2 192 2 1206 1328 1210 1473
4665 4 2 192 2 568 597 484 1333
4666 4 2 192 2 925 924 926 1352
4667 4 2 192 2 1033 1254 1413 1537
4668 4 2 192 2 1220 1365 1340 1376
4669 4 2 192 2 1039 1205 1494 1532
4670 4 2 192 2 566 603 529 1473
4671 4 2 192 2 1059 1445 1423 1609
4672 4 2 192 2 1216 1358 1298 1463
4673 4 2 192 2 1131 490 1302 1566
4674 4 2 192 2 535 1546 1248 1560
4675 4 2 192 2 869 847 803 1567
4676 4 2 192 2 1301 1526 1421 1551
4677 4 2 192 2 1127 598 1152 1308
4678 4 2 192 2 173 1354 1286 1581
4679 4 2 192 2 914 999 968 1499
4680 4 2 192 2 787 1451 1268 1507
4681 4 2 192 2 1359 1369 1232 1455
4682 4 2 192 2 1225 756 1457 1523
4683 4 2 192 2 1059 1212 1445 1538
4684 4 2 192 2 482 560 177 1582
4685 4 2 192 2 680 220 1316 1559
4686 4 2 192 2 219 1316 756 1523
4687 4 2 192 2 1085 1371 1266 1500
4688 4 2 192 2 1222 1382 527 1614
4689 4 2 192 2 1200 1324 1369 1455
4690 4 2 192 2 873 1324 1558 1579
4691 4 2 192 2 541 1466 543 1553
4692 4 2 192 2 1035 1392 259 1604
4693 4 2 192 2 360 1284 358 1482
4694 4 2 192 2 242 1033 241 1537
4695 4 2 192 2 1272 1504 1053 1529
4696 4 2 192 2 880 1481 807 1580
4697 4 2 192 2 185 544 186 1306
4698 4 2 192 2 238 903 956 1277
4699 4 2 192 2 1330 1561 1196 1607
4700 4 2 192 2 480 1449 1208 1576
4701 4 2 192 2 1303 1476 929 1487
4702 4 2 192 2 646 644 645 1450
4703 4 2 192 2 1203 1460 1284 1482
4704 4 2 192 2 907 1161 995 1438
4705 4 2 192 2 1276 1400 1154 1564
4706 4 2 192 2 573 1276 591 1603
4707 4 2 192 2 1204 1461 628 1496
4708 4 2 192 2 1102 1202 1569 1615
4709 4 2 192 2 688 625 1449 1565
4710 4 2 192 2 1210 1206 1473 1493
4711 4 2 192 2 649 651 650 1278
4712 4 2 192 2 1235 1363 1333 1399
4713 4 2 192 2 1028 1539 1230 1542
4714 4 2 192 2 1289 1332 1252 1507
4715 4 2 192 2 906 1203 1005 1460
4716 4 2 192 2 1300 1386 549 1600
4717 4 2 192 2 601 528 1470 1614
4718 4 2 192 2 479 605 548 1331
4719 4 2 192 2 854 777 779 1549
4720 4 2 192 2 1207 1271 1518 1607
4721 4 2 192 2 1343 1402 1255 1591
4722 4 2 192 2 1344 1403 1256 1592
4723 4 2 192 2 1205 1468 1019 1487
4724 4 2 192 2 1245 1362 1348 1555
4725 4 2 192 2 1230 1542 1348 1555
4726 4 2 192 2 519 553 1273 1546
4727 4 2 192 2 190 568 1333 1363
4728 4 2 192 2 197 476 557 1283
4729 4 2 192 2 1252 1411 288 1528
4730 4 2 192 2 501 1313 576 1372
4731 4 2 192 2 1168 1125 864 1366
4732 4 2 192 2 261 260 1482 1504
4733 4 2 192 2 1246 1311 1420 1549
4734 4 2 192 2 693 1439 743 1514
4735 4 2 192 2 1176 682 1428 1492
4736 4 2 192 2 1101 1569 1400 1615
4737 4 2 192 2 789 787 788 1451
4738 4 2 192 2 1281 1323 1207 1516
4739 4 2 192 2 1375 1542 1262 1589
4740 4 2 192 2 1276 1400 1308 1569
4741 4 2 192 2 348 366 337 1553
4742 4 2 192 2 234 1337 842 1360
4743 4 2 192 2 1240 1462 1313 1590
4744 4 2 192 2 808 814 801 1517
4745 4 2 192 2 186 625 1306 1449
4746 4 2 192 2 769 756 219 1316
4747 4 2 192 2 1285 1198 1424 1610
4748 4 2 192 2 641 1312 1298 1598
4749 4 2 192 2 1296 1397 1314 1612
4750 4 2 192 2 532 523 521 1347
4751 4 2 192 2 1258 1334 1280 1396
4752 4 2 192 2 1284 1460 358 1482
4753 4 2 192 2 653 655 654 1279
4754 4 2 192 2 308 1107 1105 1430
4755 4 2 192 2 187 188 612 1292
4756 4 2 192 2 1298 1358 1219 1463
4757 4 2 192 2 299 1077 1075 1390
4758 4 2 192 2 1133 1134 1135 1345
4759 4 2 192 2 1205 1368 1339 1452
4760 4 2 192 2 209 760 1307 1474
4761 4 2 192 2 886 808 810 1517
4762 4 2 192 2 1203 1359 1341 1413
4763 4 2 192 2 1266 1371 1299 1578
4764 4 2 192 2 1268 1501 1288 1572
4765 4 2 192 2 1037 1605 1488 1607
4766 4 2 192 2 1103 1273 1431 1525
4767 4 2 192 2 723 635 1344 1571
4768 4 2 192 2 1140 1366 1168 1511
4769 4 2 192 2 1337 1360 1250 1401
4770 4 2 192 2 643 1298 707 1450
4771 4 2 192 2 708 664 730 1571
4772 4 2 192 2 1200 1455 1369 1504
4773 4 2 192 2 836 1290 226 1486
4774 4 2 192 2 953 930 981 1394
4775 4 2 192 2 353 1413 1415 1537
4776 4 2 192 2 201 200 1506 1568
4777 4 2 192 2 312 1237 1435 1593
4778 4 2 192 2 1431 1525 1347 1615
4779 4 2 192 2 186 1449 1306 1497
4780 4 2 192 2 327 1091 1419 1424
4781 4 2 192 2 194 193 565 1299
4782 4 2 192 2 813 1314 797 1397
4783 4 2 192 2 1238 1549 1311 1591
4784 4 2 192 2 1273 1347 1265 1425
4785 4 2 192 2 967 1499 1209 1535
4786 4 2 192 2 1305 1397 1260 1514
4787 4 2 192 2 700 738 614 1351
4788 4 2 192 2 986 1476 1205 1487
4789 4 2 192 2 569 1473 1206 1526
4790 4 2 192 2 516 1342 1291 1575
4791 4 2 192 2 167 1326 897 1600
4792 4 2 192 2 1074 1070 1434 1557
4793 4 2 192 2 1033 1031 261 1455
4794 4 2 192 2 1199 1282 1466 1553
4795 4 2 192 2 1225 1445 1059 1609
4796 4 2 192 2 1262 1027 1393 1589
4797 4 2 192 2 269 1220 1365 1442
4798 4 2 192 2 1225 1457 770 1562
4799 4 2 192 2 1065 1398 1255 1616
4800 4 2 192 2 1031 1254 1033 1490
4801 4 2 192 2 1282 1229 1426 1534
4802 4 2 192 2 271 1217 1364 1440
4803 4 2 192 2 274 1065 1398 1538
4804 4 2 192 2 1471 1489 1281 1560
4805 4 2 192 2 688 1449 1258 1565
4806 4 2 192 2 1367 1467 1312 1598
4807 4 2 192 2 174 1286 891 1468
4808 4 2 192 2 626 1194 204 1520
4809 4 2 192 2 697 693 743 1514
4810 4 2 192 2 485 194 565 1470
4811 4 2 192 2 310 1465 1247 1467
4812 4 2 192 2 623 736 733 1358
4813 4 2 192 2 861 1366 822 1379
4814 4 2 192 2 1387 1393 1029 1589
4815 4 2 192 2 377 344 345 1606
4816 4 2 192 2 681 1263 683 1428
4817 4 2 192 2 1225 1436 1402 1523
4818 4 2 192 2 1207 1037 1516 1607
4819 4 2 192 2 532 523 1347 1603
4820 4 2 192 2 348 1389 1199 1553
4821 4 2 192 2 217 1475 1295 1602
4822 4 2 192 2 964 999 1254 1415
4823 4 2 192 2 268 1032 1034 1412
4824 4 2 192 2 791 849 789 1572
4825 4 2 192 2 916 1357 1262 1570
4826 4 2 192 2 714 1299 194 1578
4827 4 2 192 2 766 1345 239 1417
4828 4 2 192 2 339 375 362 1315
4829 4 2 192 2 1201 1379 1275 1416
4830 4 2 192 2 667 649 647 1335
4831 4 2 192 2 1115 1139 1066 1608
4832 4 2 192 2 1250 1394 1303 1494
4833 4 2 192 2 613 711 687 1512
4834 4 2 192 2 591 1564 1276 1566
4835 4 2 192 2 170 171 575 1293
4836 4 2 192 2 1400 1569 1276 1615
4837 4 2 192 2 476 558 557 1283
4838 4 2 192 2 308 1085 1371 1543
4839 4 2 192 2 893 1310 983 1595
4840 4 2 192 2 1057 1370 296 1423
4841 4 2 192 2 1258 1396 1292 1449
4842 4 2 192 2 648 646 1335 1601
4843 4 2 192 2 311 1503 1283 1593
4844 4 2 192 2 217 616 1475 1602
4845 4 2 192 2 912 913 1321 1472
4846 4 2 192 2 546 545 487 1229
4847 4 2 192 2 575 1372 1293 1611
4848 4 2 192 2 1357 1477 1230 1570
4849 4 2 192 2 1005 1203 906 1341
4850 4 2 192 2 666 1450 1219 1587
4851 4 2 192 2 861 1275 817 1366
4852 4 2 192 2 1301 1473 512 1526
4853 4 2 192 2 1143 1176 1145 1428
4854 4 2 192 2 218 692 624 1523
4855 4 2 192 2 1292 1449 1208 1541
4856 4 2 192 2 259 1195 258 1483
4857 4 2 192 2 1271 1515 1323 1518
4858 4 2 192 2 612 688 187 1449
4859 4 2 192 2 1216 1385 292 1594
4860 4 2 192 2 315 1569 1204 1584
4861 4 2 192 2 185 544 1306 1497
4862 4 2 192 2 1343 1445 1212 1538
4863 4 2 192 2 506 507 508 1421
4864 4 2 192 2 1276 1569 1202 1615
4865 4 2 192 2 744 1198 673 1610
4866 4 2 192 2 1313 1372 1240 1522
4867 4 2 192 2 781 783 856 1332
4868 4 2 192 2 1154 1276 1564 1566
4869 4 2 192 2 303 1383 1218 1590
4870 4 2 192 2 1250 953 1394 1521
4871 4 2 192 2 1199 1389 1282 1553
4872 4 2 192 2 1207 1518 1330 1607
4873 4 2 192 2 514 1342 516 1575
4874 4 2 192 2 201 630 200 1568
4875 4 2 192 2 1272 1408 1374 1504
4876 4 2 192 2 842 755 235 1479
4877 4 2 192 2 628 1461 1204 1506
4878 4 2 192 2 961 897 167 1326
4879 4 2 192 2 280 1075 1077 1491
4880 4 2 192 2 194 1299 565 1470
4881 4 2 192 2 524 518 520 1484
4882 4 2 192 2 723 664 635 1571
4883 4 2 192 2 1383 1541 1253 1590
4884 4 2 192 2 261 262 1053 1504
4885 4 2 192 2 1088 1116 1166 1378
4886 4 2 192 2 273 1215 1398 1616
4887 4 2 192 2 1164 1122 725 1496
4888 4 2 192 2 1162 1163 1309 1604
4889 4 2 192 2 1201 1416 277 1561
4890 4 2 192 2 772 1343 1402 1562
4891 4 2 192 2 1029 1232 1387 1589
4892 4 2 192 2 921 944 1327 1513
4893 4 2 192 2 324 360 358 1482
4894 4 2 192 2 824 1324 224 1369
4895 4 2 192 2 245 1453 1240 1613
4896 4 2 192 2 1174 1130 1461 1496
4897 4 2 192 2 850 852 826 1507
4898 4 2 192 2 210 1288 752 1474
4899 4 2 192 2 1296 1529 1257 1612
4900 4 2 192 2 671 1350 1285 1574
4901 4 2 192 2 843 788 1451 1580
4902 4 2 192 2 715 694 716 1367
4903 4 2 192 2 1103 1525 1431 1615
4904 4 2 192 2 246 1093 1462 1613
4905 4 2 192 2 483 575 1372 1437
4906 4 2 192 2 494 495 1322 1386
4907 4 2 192 2 494 1386 1322 1552
4908 4 2 192 2 1088 1166 1320 1378
4909 4 2 192 2 933 1021 1317 1595
4910 4 2 192 2 1256 1533 1385 1594
4911 4 2 192 2 1367 1465 1283 1467
4912 4 2 192 2 964 1254 962 1415
4913 4 2 192 2 662 672 660 1565
4914 4 2 192 2 815 817 830 1275
4915 4 2 192 2 1268 1376 1319 1547
4916 4 2 192 2 575 1293 171 1611
4917 4 2 192 2 248 1227 1388 1573
4918 4 2 192 2 1315 1272 1459 1524
4919 4 2 192 2 894 1294 237 1443
4920 4 2 192 2 577 1386 1240 1522
4921 4 2 192 2 1198 1565 673 1610
4922 4 2 192 2 1104 1489 1273 1525
4923 4 2 192 2 242 1199 1427 1490
4924 4 2 192 2 253 1368 1251 1409
4925 4 2 192 2 1242 1551 1421 1597
4926 4 2 192 2 273 1249 1398 1401
4927 4 2 192 2 212 700 1351 1501
4928 4 2 192 2 1159 1131 596 1302
4929 4 2 192 2 1391 1532 1041 1586
4930 4 2 192 2 1233 1435 1361 1593
4931 4 2 192 2 558 1283 476 1575
4932 4 2 192 2 481 1354 173 1581
4933 4 2 192 2 591 1276 573 1566
4934 4 2 192 2 940 950 990 1330
4935 4 2 192 2 190 191 709 1333
4936 4 2 192 2 1036 1035 277 1561
4937 4 2 192 2 530 573 591 1603
4938 4 2 192 2 1382 1421 1269 1540
4939 4 2 192 2 945 1468 1267 1487
4940 4 2 192 2 1331 1431 1233 1484
4941 4 2 192 2 295 1059 1423 1609
4942 4 2 192 2 1269 1421 508 1526
4943 4 2 192 2 377 345 1426 1606
4944 4 2 192 2 1056 1411 1268 1528
4945 4 2 192 2 487 1229 545 1497
4946 4 2 192 2 1196 1406 1035 1561
4947 4 2 192 2 1265 1347 1273 1525
4948 4 2 192 2 1264 1481 1348 1555
4949 4 2 192 2 472 568 189 1480
4950 4 2 192 2 702 1351 614 1587
4951 4 2 192 2 237 894 236 1294
4952 4 2 192 2 288 1084 1078 1377
4953 4 2 192 2 238 1417 1277 1599
4954 4 2 192 2 1227 1327 1270 1508
4955 4 2 192 2 757 1324 873 1579
4956 4 2 192 2 555 479 199 1331
4957 4 2 192 2 1300 1519 1209 1600
4958 4 2 192 2 861 830 1275 1562
4959 4 2 192 2 1249 274 1398 1488
4960 4 2 192 2 494 493 1386 1552
4961 4 2 192 2 1146 1320 1122 1496
4962 4 2 192 2 1282 1466 551 1552
4963 4 2 192 2 752 1474 1288 1572
4964 4 2 192 2 353 1415 351 1537
4965 4 2 192 2 348 1527 366 1553
4966 4 2 192 2 985 1437 889 1585
4967 4 2 192 2 1318 1430 1299 1543
4968 4 2 192 2 528 1470 1269 1526
4969 4 2 192 2 1087 293 1082 1533
4970 4 2 192 2 1200 1504 1272 1529
4971 4 2 192 2 985 1293 1437 1585
4972 4 2 192 2 274 1060 1065 1538
4973 4 2 192 2 1288 1464 1243 1474
4974 4 2 192 2 1026 1262 1539 1542
4975 4 2 192 2 530 531 522 1347
4976 4 2 192 2 1305 1439 693 1514
4977 4 2 192 2 248 1261 1509 1573
4978 4 2 192 2 888 996 1008 1309
4979 4 2 192 2 736 623 702 1358
4980 4 2 192 2 1146 1144 1122 1320
4981 4 2 192 2 1228 1318 1299 1543
4982 4 2 192 2 902 175 982 1468
4983 4 2 192 2 714 620 194 1299
4984 4 2 192 2 699 621 706 1432
4985 4 2 192 2 1147 1148 1178 1536
4986 4 2 192 2 703 616 216 1475
4987 4 2 192 2 1197 1378 1263 1492
4988 4 2 192 2 1282 1426 1389 1534
4989 4 2 192 2 321 349 241 1537
4990 4 2 192 2 251 1391 1242 1452
4991 4 2 192 2 201 1506 628 1568
4992 4 2 192 2 752 1288 211 1501
4993 4 2 192 2 1131 578 490 1566
4994 4 2 192 2 1406 1438 1196 1536
4995 4 2 192 2 940 947 939 1330
4996 4 2 192 2 487 546 1229 1606
4997 4 2 192 2 610 725 1122 1496
4998 4 2 192 2 1243 1434 1279 1557
4999 4 2 192 2 843 790 788 1580
5000 4 2 192 2 543 1282 582 1426
5001 4 2 192 2 481 173 174 1286
5002 4 2 192 2 177 983 1310 1588
5003 4 2 192 2 1150 1461 1583 1584
5004 4 2 192 2 533 532 486 1265
5005 4 2 192 2 1268 1054 1376 1547
5006 4 2 192 2 1230 1348 1290 1570
5007 4 2 192 2 311 1465 1283 1503
5008 4 2 192 2 1129 1134 240 1345
5009 4 2 192 2 783 785 829 1332
5010 4 2 192 2 1086 310 1083 1467
5011 4 2 192 2 1122 1320 1144 1428
5012 4 2 192 2 353 1413 1341 1415
5013 4 2 192 2 212 1351 759 1501
5014 4 2 192 2 1196 1330 1277 1561
5015 4 2 192 2 934 1515 1317 1521
5016 4 2 192 2 850 1501 852 1507
5017 4 2 192 2 625 719 1306 1565
5018 4 2 192 2 1132 1168 816 1511
5019 4 2 192 2 178 1310 893 1471
5020 4 2 192 2 174 1286 1468 1530
5021 4 2 192 2 293 1385 1238 1436
5022 4 2 192 2 848 1236 1474 1572
5023 4 2 192 2 1373 1506 1331 1568
5024 4 2 192 2 1274 1354 1286 1573
5025 4 2 192 2 261 1203 1455 1504
5026 4 2 192 2 1038 1271 1405 1516
5027 4 2 192 2 196 716 615 1367
5028 4 2 192 2 1321 1499 1209 1519
5029 4 2 192 2 1230 1290 1348 1542
5030 4 2 192 2 611 1395 1307 1514
5031 4 2 192 2 545 546 547 1426
5032 4 2 192 2 549 169 483 1437
5033 4 2 192 2 941 969 1024 1323
5034 4 2 192 2 1348 1481 1245 1555
5035 4 2 192 2 275 1488 1037 1605
5036 4 2 192 2 533 532 1265 1603
5037 4 2 192 2 980 231 232 1338
5038 4 2 192 2 857 748 375 1408
5039 4 2 192 2 1225 1423 1445 1609
5040 4 2 192 2 824 757 224 1324
5041 4 2 192 2 252 1251 1368 1452
5042 4 2 192 2 1035 1406 1196 1536
5043 4 2 192 2 893 177 983 1310
5044 4 2 192 2 618 1336 685 1574
5045 4 2 192 2 1277 1561 1330 1607
5046 4 2 192 2 515 517 516 1342
5047 4 2 192 2 955 924 922 1352
5048 4 2 192 2 570 528 601 1614
5049 4 2 192 2 225 966 895 1458
5050 4 2 192 2 1294 1479 831 1567
5051 4 2 192 2 229 840 761 1340
5052 4 2 192 2 867 767 1197 1511
5053 4 2 192 2 1261 1354 1274 1573
5054 4 2 192 2 276 1416 1277 1561
5055 4 2 192 2 893 1471 1310 1595
5056 4 2 192 2 315 1373 1204 1569
5057 4 2 192 2 227 836 1348 1486
5058 4 2 192 2 1294 1567 831 1599
5059 4 2 192 2 567 191 484 1333
5060 4 2 192 2 230 978 229 1340
5061 4 2 192 2 1241 1365 1352 1412
5062 4 2 192 2 1072 1071 1448 1556
5063 4 2 192 2 1041 1586 1532 1596
5064 4 2 192 2 1197 1370 1275 1423
5065 4 2 192 2 1211 1368 1310 1588
5066 4 2 192 2 295 1545 1081 1609
5067 4 2 192 2 1244 1365 269 1596
5068 4 2 192 2 340 1005 1341 1460
5069 4 2 192 2 830 1457 1275 1562
5070 4 2 192 2 1327 1412 1352 1513
5071 4 2 192 2 676 678 1304 1496
5072 4 2 192 2 1292 1449 554 1576
5073 4 2 192 2 959 906 958 1341
5074 4 2 192 2 741 701 611 1395
5075 4 2 192 2 695 696 1395 1422
5076 4 2 192 2 1097 1427 1282 1456
5077 4 2 192 2 212 213 759 1351
5078 4 2 192 2 661 659 689 1334
5079 4 2 192 2 1327 1407 1241 1412
5080 4 2 192 2 539 181 486 1425
5081 4 2 192 2 277 1561 278 1608
5082 4 2 192 2 907 997 1013 1345
5083 4 2 192 2 1377 1450 1219 1500
5084 4 2 192 2 1214 1334 1285 1574
5085 4 2 192 2 996 998 951 1309
5086 4 2 192 2 497 496 586 1322
5087 4 2 192 2 984 172 901 1508
5088 4 2 192 2 376 1413 260 1482
5089 4 2 192 2 1309 1392 1196 1536
5090 4 2 192 2 603 566 485 1328
5091 4 2 192 2 315 314 1373 1569
5092 4 2 192 2 1330 1518 1271 1607
5093 4 2 192 2 850 826 752 1572
5094 4 2 192 2 977 233 234 1337
5095 4 2 192 2 1207 1271 1516 1518
5096 4 2 192 2 598 1308 1127 1461
5097 4 2 192 2 815 817 1275 1511
5098 4 2 192 2 1254 1415 1413 1537
5099 4 2 192 2 1274 1573 1286 1597
5100 4 2 192 2 982 1468 175 1530
5101 4 2 192 2 705 738 667 1587
5102 4 2 192 2 596 1131 490 1302
5103 4 2 192 2 1224 1404 1280 1556
5104 4 2 192 2 1175 1123 1162 1309
5105 4 2 192 2 654 656 706 1432
5106 4 2 192 2 476 196 566 1328
5107 4 2 192 2 1239 1471 974 1595
5108 4 2 192 2 497 1322 586 1384
5109 4 2 192 2 1004 1254 999 1499
5110 4 2 192 2 576 499 577 1522
5111 4 2 192 2 209 848 760 1474
5112 4 2 192 2 982 174 891 1468
5113 4 2 192 2 1347 1431 1273 1525
5114 4 2 192 2 878 1340 761 1580
5115 4 2 192 2 225 895 224 1324
5116 4 2 192 2 666 643 707 1450
5117 4 2 192 2 1227 1286 1573 1586
5118 4 2 192 2 1268 1411 1288 1501
5119 4 2 192 2 221 1160 867 1492
5120 4 2 192 2 220 221 767 1492
5121 4 2 192 2 892 977 1478 1544
5122 4 2 192 2 1274 1421 1382 1540
5123 4 2 192 2 563 1530 1242 1581
5124 4 2 192 2 722 691 1304 1380
5125 4 2 192 2 481 561 173 1354
5126 4 2 192 2 1266 1377 1335 1543
5127 4 2 192 2 873 1324 757 1558
5128 4 2 192 2 1352 1412 1365 1596
5129 4 2 192 2 900 994 1458 1570
5130 4 2 192 2 1158 1173 1510 1604
5131 4 2 192 2 1263 1545 1316 1559
5132 4 2 192 2 1043 255 1038 1405
5133 4 2 192 2 776 847 778 1591
5134 4 2 192 2 639 637 708 1592
5135 4 2 192 2 561 1354 481 1581
5136 4 2 192 2 554 1449 480 1576
5137 4 2 192 2 1074 1399 1070 1557
5138 4 2 192 2 680 219 624 1559
5139 4 2 192 2 1411 1501 1268 1507
5140 4 2 192 2 376 381 328 1413
5141 4 2 192 2 702 214 213 1325
5142 4 2 192 2 963 383 352 1356
5143 4 2 192 2 1271 1516 1037 1607
5144 4 2 192 2 481 173 1286 1581
5145 4 2 192 2 1220 1451 1376 1580
5146 4 2 192 2 1286 1354 1274 1581
5147 4 2 192 2 861 1379 775 1562
5148 4 2 192 2 1151 1308 1153 1400
5149 4 2 192 2 879 880 807 1580
5150 4 2 192 2 951 947 1309 1444
5151 4 2 192 2 1070 1434 1279 1556
5152 4 2 192 2 693 618 734 1439
5153 4 2 192 2 1273 1425 1265 1525
5154 4 2 192 2 205 685 618 1336
5155 4 2 192 2 1419 1424 1198 1447
5156 4 2 192 2 1341 1413 1254 1415
5157 4 2 192 2 805 876 844 1505
5158 4 2 192 2 1329 1549 1238 1602
5159 4 2 192 2 1257 1446 1397 1612
5160 4 2 192 2 481 1286 174 1581
5161 4 2 192 2 1200 1272 1517 1529
5162 4 2 192 2 1227 1270 1388 1508
5163 4 2 192 2 1264 1486 1221 1502
5164 4 2 192 2 642 1298 643 1485
5165 4 2 192 2 1221 1558 1324 1579
5166 4 2 192 2 786 844 806 1451
5167 4 2 192 2 1144 1320 1378 1428
5168 4 2 192 2 276 1561 1277 1607
5169 4 2 192 2 1026 1027 245 1393
5170 4 2 192 2 565 193 1318 1470
5171 4 2 192 2 302 1259 1383 1448
5172 4 2 192 2 228 750 840 1348
5173 4 2 192 2 934 935 1317 1515
5174 4 2 192 2 847 870 804 1479
5175 4 2 192 2 546 1426 1229 1606
5176 4 2 192 2 1076 1381 1278 1557
5177 4 2 192 2 515 559 517 1342
5178 4 2 192 2 303 1383 1259 1399
5179 4 2 192 2 537 509 562 1421
5180 4 2 192 2 248 1388 1261 1573
5181 4 2 192 2 919 920 921 1477
5182 4 2 192 2 633 1344 634 1403
5183 4 2 192 2 772 1343 773 1402
5184 4 2 192 2 247 1261 1388 1462
5185 4 2 192 2 1055 1272 1374 1504
5186 4 2 192 2 1248 1342 1291 1546
5187 4 2 192 2 1084 1377 1266 1543
5188 4 2 192 2 1234 1411 1351 1501
5189 4 2 192 2 747 721 609 1350
5190 4 2 192 2 1330 1392 1207 1607
5191 4 2 192 2 976 1515 934 1521
5192 4 2 192 2 237 1294 831 1599
5193 4 2 192 2 965 1355 1022 1444
5194 4 2 192 2 1237 1592 1312 1594
5195 4 2 192 2 626 746 720 1350
5196 4 2 192 2 985 1293 170 1437
5197 4 2 192 2 676 1304 691 1568
5198 4 2 192 2 805 846 875 1505
5199 4 2 192 2 260 1413 1203 1482
5200 4 2 192 2 1281 1425 180 1560
5201 4 2 192 2 1025 941 1024 1323
5202 4 2 192 2 1173 1158 1157 1604
5203 4 2 192 2 900 994 966 1458
5204 4 2 192 2 747 1285 671 1350
5205 4 2 192 2 275 1059 1538 1605
5206 4 2 192 2 744 1447 1198 1610
5207 4 2 192 2 771 770 772 1562
5208 4 2 192 2 521 1347 522 1484
5209 4 2 192 2 899 953 977 1521
5210 4 2 192 2 1075 300 299 1390
5211 4 2 192 2 630 201 628 1568
5212 4 2 192 2 515 516 514 1342
5213 4 2 192 2 1141 1140 1132 1511
5214 4 2 192 2 1241 1352 1327 1412
5215 4 2 192 2 817 861 830 1275
5216 4 2 192 2 747 1350 609 1447
5217 4 2 192 2 218 1295 692 1523
5218 4 2 192 2 972 179 974 1471
5219 4 2 192 2 935 941 1010 1323
5220 4 2 192 2 941 969 1323 1518
5221 4 2 192 2 1048 1410 1264 1555
5222 4 2 192 2 339 367 884 1315
5223 4 2 192 2 1266 1450 1377 1500
5224 4 2 192 2 820 823 1379 1417
5225 4 2 192 2 1386 1453 1240 1522
5226 4 2 192 2 668 1414 704 1464
5227 4 2 192 2 186 688 625 1449
5228 4 2 192 2 1080 1373 314 1469
5229 4 2 192 2 679 652 654 1432
5230 4 2 192 2 1275 1197 1423 1457
5231 4 2 192 2 1243 1395 1307 1474
5232 4 2 192 2 595 1302 1566 1603
5233 4 2 192 2 1288 1381 1243 1464
5234 4 2 192 2 1278 1414 1243 1464
5235 4 2 192 2 912 915 913 1472
5236 4 2 192 2 280 1194 1459 1491
5237 4 2 192 2 210 211 752 1288
5238 4 2 192 2 985 1508 1293 1585
5239 4 2 192 2 1243 1381 1278 1464
5240 4 2 192 2 966 1458 225 1579
5241 4 2 192 2 491 1466 1326 1600
5242 4 2 192 2 329 1350 369 1447
5243 4 2 192 2 1152 579 1170 1564
5244 4 2 192 2 1101 1102 1569 1615
5245 4 2 192 2 548 200 479 1331
5246 4 2 192 2 1227 1286 1354 1573
5247 4 2 192 2 840 229 228 1362
5248 4 2 192 2 1202 1347 1431 1484
5249 4 2 192 2 1279 1399 1070 1556
5250 4 2 192 2 554 1480 1292 1576
5251 4 2 192 2 994 1262 1458 1570
5252 4 2 192 2 508 1421 509 1526
5253 4 2 192 2 291 1063 1064 1420
5254 4 2 192 2 1201 1366 1275 1379
5255 4 2 192 2 1205 1391 1339 1530
5256 4 2 192 2 692 1295 1475 1571
5257 4 2 192 2 932 934 1317 1521
5258 4 2 192 2 185 1306 719 1353
5259 4 2 192 2 297 1197 1370 1378
5260 4 2 192 2 701 622 210 1474
5261 4 2 192 2 623 214 702 1358
5262 4 2 192 2 623 733 703 1358
5263 4 2 192 2 893 974 1471 1595
5264 4 2 192 2 341 335 184 1353
5265 4 2 192 2 1229 1454 1384 1497
5266 4 2 192 2 556 1471 1248 1582
5267 4 2 192 2 1205 1468 1391 1530
5268 4 2 192 2 1350 1424 369 1447
5269 4 2 192 2 554 1292 187 1449
5270 4 2 192 2 773 1402 1343 1591
5271 4 2 192 2 634 1403 1344 1592
5272 4 2 192 2 844 1289 784 1505
5273 4 2 192 2 312 1108 311 1593
5274 4 2 192 2 582 1384 1282 1552
5275 4 2 192 2 613 192 711 1349
5276 4 2 192 2 1101 1400 1276 1615
5277 4 2 192 2 785 1289 786 1507
5278 4 2 192 2 1058 1275 1423 1445
5279 4 2 192 2 1308 1400 1151 1583
5280 4 2 192 2 258 259 1035 1392
5281 4 2 192 2 1248 1471 556 1560
5282 4 2 192 2 962 964 1004 1254
5283 4 2 192 2 299 1099 298 1534
5284 4 2 192 2 495 1322 1386 1522
5285 4 2 192 2 1338 1365 1220 1442
5286 4 2 192 2 1241 1365 1340 1531
5287 4 2 192 2 1233 1431 1273 1484
5288 4 2 192 2 964 960 999 1415
5289 4 2 192 2 226 227 900 1290
5290 4 2 192 2 750 1348 836 1486
5291 4 2 192 2 807 790 1319 1481
5292 4 2 192 2 1079 296 297 1378
5293 4 2 192 2 1056 1411 287 1547
5294 4 2 192 2 885 1284 765 1460
5295 4 2 192 2 551 582 1282 1552
5296 4 2 192 2 1140 1125 1168 1366
5297 4 2 192 2 1248 1489 1471 1560
5298 4 2 192 2 293 1385 1436 1533
5299 4 2 192 2 1077 1198 1419 1424
5300 4 2 192 2 1337 1364 1217 1440
5301 4 2 192 2 474 565 193 1318
5302 4 2 192 2 191 567 192 1349
5303 4 2 192 2 631 676 691 1568
5304 4 2 192 2 1319 1346 1236 1410
5305 4 2 192 2 1267 1532 1586 1596
5306 4 2 192 2 671 735 626 1350
5307 4 2 192 2 595 1302 490 1566
5308 4 2 192 2 662 1565 1334 1610
5309 4 2 192 2 1035 1536 1392 1604
5310 4 2 192 2 921 922 923 1327
5311 4 2 192 2 961 1326 166 1535
5312 4 2 192 2 253 1368 1409 1548
5313 4 2 192 2 568 484 190 1333
5314 4 2 192 2 933 932 1317 1394
5315 4 2 192 2 614 702 213 1351
5316 4 2 192 2 1206 1371 1299 1430
5317 4 2 192 2 1026 246 1539 1613
5318 4 2 192 2 1319 1376 1245 1410
5319 4 2 192 2 1278 1429 1076 1557
5320 4 2 192 2 636 723 1344 1380
5321 4 2 192 2 1127 1152 1151 1308
5322 4 2 192 2 921 1327 923 1513
5323 4 2 192 2 754 853 214 1325
5324 4 2 192 2 1025 1010 941 1323
5325 4 2 192 2 920 1327 921 1477
5326 4 2 192 2 1394 1476 1303 1494
5327 4 2 192 2 1143 1428 1378 1492
5328 4 2 192 2 790 807 1319 1580
5329 4 2 192 2 1269 1540 1318 1614
5330 4 2 192 2 362 1374 1315 1408
5331 4 2 192 2 1085 1084 289 1377
5332 4 2 192 2 1008 951 947 1309
5333 4 2 192 2 750 227 836 1348
5334 4 2 192 2 1360 1398 1249 1401
5335 4 2 192 2 1357 1472 1262 1539
5336 4 2 192 2 227 228 992 1348
5337 4 2 192 2 819 823 1417 1599
5338 4 2 192 2 740 622 701 1464
5339 4 2 192 2 1145 1176 682 1428
5340 4 2 192 2 980 898 231 1531
5341 4 2 192 2 892 233 977 1544
5342 4 2 192 2 1159 1302 596 1510
5343 4 2 192 2 795 845 793 1346
5344 4 2 192 2 820 819 823 1417
5345 4 2 192 2 992 228 890 1362
5346 4 2 192 2 965 1023 905 1444
5347 4 2 192 2 543 1282 1426 1553
5348 4 2 192 2 1096 1441 1098 1509
5349 4 2 192 2 1103 1102 1525 1615
5350 4 2 192 2 1271 1488 1605 1607
5351 4 2 192 2 511 512 1301 1577
5352 4 2 192 2 1318 1540 1222 1614
5353 4 2 192 2 1286 1581 1274 1597
5354 4 2 192 2 1292 1396 1258 1448
5355 4 2 192 2 619 715 716 1367
5356 4 2 192 2 613 709 191 1349
5357 4 2 192 2 702 614 737 1587
5358 4 2 192 2 226 1486 1290 1579
5359 4 2 192 2 796 798 797 1314
5360 4 2 192 2 1038 1405 1271 1488
5361 4 2 192 2 933 931 932 1394
5362 4 2 192 2 926 927 925 1487
5363 4 2 192 2 1203 1369 1359 1455
5364 4 2 192 2 941 937 969 1518
5365 4 2 192 2 850 752 211 1501
5366 4 2 192 2 812 1495 1272 1524
5367 4 2 192 2 567 600 474 1614
5368 4 2 192 2 216 1475 616 1602
5369 4 2 192 2 1244 1364 1338 1544
5370 4 2 192 2 575 473 1372 1611
5371 4 2 192 2 1267 1532 1391 1586
5372 4 2 192 2 588 1527 489 1553
5373 4 2 192 2 901 1508 172 1611
5374 4 2 192 2 1211 1548 1317 1595
5375 4 2 192 2 1295 1436 1385 1533
5376 4 2 192 2 1276 1400 1101 1483
5377 4 2 192 2 216 215 703 1329
5378 4 2 192 2 807 1481 1319 1580
5379 4 2 192 2 1296 1314 1221 1612
5380 4 2 192 2 635 636 723 1344
5381 4 2 192 2 774 775 862 1343
5382 4 2 192 2 1232 1369 1324 1455
5383 4 2 192 2 784 786 785 1289
5384 4 2 192 2 832 757 873 1579
5385 4 2 192 2 1265 1425 1355 1525
5386 4 2 192 2 1212 1277 1416 1417
5387 4 2 192 2 791 789 790 1319
5388 4 2 192 2 185 487 544 1497
5389 4 2 192 2 1272 1053 1459 1529
5390 4 2 192 2 595 490 578 1566
5391 4 2 192 2 848 1474 752 1572
5392 4 2 192 2 165 904 166 1527
5393 4 2 192 2 913 914 911 1321
5394 4 2 192 2 544 480 1449 1497
5395 4 2 192 2 502 503 504 1287
5396 4 2 192 2 1212 1416 1277 1605
5397 4 2 192 2 1153 1154 1400 1564
5398 4 2 192 2 1090 1088 1166 1584
5399 4 2 192 2 1217 1442 1289 1554
5400 4 2 192 2 781 780 782 1297
5401 4 2 192 2 641 643 642 1298
5402 4 2 192 2 1240 1453 1300 1613
5403 4 2 192 2 1098 1096 305 1441
5404 4 2 192 2 1288 1381 1234 1411
5405 4 2 192 2 261 260 1033 1413
5406 4 2 192 2 1384 1454 1282 1456
5407 4 2 192 2 1205 1476 1368 1494
5408 4 2 192 2 474 565 1318 1470
5409 4 2 192 2 1317 1401 1394 1521
5410 4 2 192 2 1347 1525 1265 1615
5411 4 2 192 2 289 1084 288 1377
5412 4 2 192 2 934 935 933 1317
5413 4 2 192 2 1278 1381 1243 1557
5414 4 2 192 2 1152 598 581 1308
5415 4 2 192 2 1244 1478 1364 1544
5416 4 2 192 2 791 790 792 1319
5417 4 2 192 2 178 893 974 1471
5418 4 2 192 2 1372 1437 1293 1613
5419 4 2 192 2 937 941 935 1323
5420 4 2 192 2 572 502 504 1287
5421 4 2 192 2 1301 1452 1251 1493
5422 4 2 192 2 1110 1101 1400 1483
5423 4 2 192 2 339 884 768 1315
5424 4 2 192 2 360 359 358 1284
5425 4 2 192 2 1311 1591 1255 1616
5426 4 2 192 2 1074 1381 1076 1557
5427 4 2 192 2 541 542 1466 1553
5428 4 2 192 2 1309 1438 1162 1536
5429 4 2 192 2 1268 1547 1319 1572
5430 4 2 192 2 889 985 170 1437
5431 4 2 192 2 842 234 762 1337
5432 4 2 192 2 888 1309 1008 1438
5433 4 2 192 2 717 1485 690 1578
5434 4 2 192 2 1271 1605 1443 1607
5435 4 2 192 2 973 899 1360 1521
5436 4 2 192 2 1197 1457 1275 1511
5437 4 2 192 2 166 1326 491 1466
5438 4 2 192 2 1271 1488 1405 1515
5439 4 2 192 2 1114 259 1157 1604
5440 4 2 192 2 1050 264 1049 1502
5441 4 2 192 2 1280 1448 1259 1556
5442 4 2 192 2 1368 1476 1211 1494
5443 4 2 192 2 549 168 169 1300
5444 4 2 192 2 1208 1541 1322 1576
5445 4 2 192 2 1223 1539 1357 1585
5446 4 2 192 2 1313 1522 1240 1590
5447 4 2 192 2 1144 1378 1143 1428
5448 4 2 192 2 949 940 938 1330
5449 4 2 192 2 700 614 212 1351
5450 4 2 192 2 1224 1422 1280 1439
5451 4 2 192 2 695 655 696 1422
5452 4 2 192 2 1304 1320 1204 1496
5453 4 2 192 2 1322 1541 1253 1576
5454 4 2 192 2 1085 308 1084 1543
5455 4 2 192 2 544 1449 186 1497
5456 4 2 192 2 857 768 883 1315
5457 4 2 192 2 1059 294 1436 1609
5458 4 2 192 2 330 371 1001 1341
5459 4 2 192 2 1319 1547 1236 1572
5460 4 2 192 2 1277 1416 276 1605
5461 4 2 192 2 475 176 560 1339
5462 4 2 192 2 1132 1140 1168 1511
5463 4 2 192 2 670 735 671 1574
5464 4 2 192 2 615 195 1328 1578
5465 4 2 192 2 750 881 1348 1486
5466 4 2 192 2 1085 1463 1083 1500
5467 4 2 192 2 819 763 823 1599
5468 4 2 192 2 800 799 1296 1495
5469 4 2 192 2 747 1447 675 1610
5470 4 2 192 2 1405 1488 1249 1515
5471 4 2 192 2 257 1516 256 1525
5472 4 2 192 2 778 780 779 1311
5473 4 2 192 2 641 640 639 1312
5474 4 2 192 2 1085 290 1083 1463
5475 4 2 192 2 1240 1437 1372 1613
5476 4 2 192 2 860 378 748 1408
5477 4 2 192 2 784 844 786 1289
5478 4 2 192 2 1209 1387 1321 1393
5479 4 2 192 2 1258 1396 1280 1448
5480 4 2 192 2 1212 1343 1379 1445
5481 4 2 192 2 207 1305 693 1514
5482 4 2 192 2 680 1316 219 1559
5483 4 2 192 2 1317 1548 1239 1595
5484 4 2 192 2 1027 1026 264 1542
5485 4 2 192 2 1148 1162 1438 1536
5486 4 2 192 2 374 584 331 1553
5487 4 2 192 2 1092 1462 1093 1590
5488 4 2 192 2 264 1502 1375 1542
5489 4 2 192 2 1231 1386 1322 1453
5490 4 2 192 2 896 1022 965 1355
5491 4 2 192 2 669 671 747 1285
5492 4 2 192 2 1279 1434 1224 1556
5493 4 2 192 2 940 1330 939 1518
5494 4 2 192 2 964 999 1004 1254
5495 4 2 192 2 1071 1434 1070 1556
5496 4 2 192 2 1282 1389 1199 1427
5497 4 2 192 2 245 246 1026 1613
5498 4 2 192 2 277 1561 276 1607
5499 4 2 192 2 961 967 897 1535
5500 4 2 192 2 958 908 909 1359
5501 4 2 192 2 816 1168 864 1511
5502 4 2 192 2 913 1321 1003 1499
5503 4 2 192 2 542 489 1466 1553
5504 4 2 192 2 1223 1472 1357 1539
5505 4 2 192 2 782 1297 846 1505
5506 4 2 192 2 595 533 1302 1603
5507 4 2 192 2 1279 1399 1235 1557
5508 4 2 192 2 208 611 1307 1514
5509 4 2 192 2 262 1031 1387 1455
5510 4 2 192 2 648 713 646 1601
5511 4 2 192 2 1054 1056 287 1547
5512 4 2 192 2 1331 1373 1202 1506
5513 4 2 192 2 511 564 513 1577
5514 4 2 192 2 1211 1476 1368 1588
5515 4 2 192 2 1040 253 1042 1548
5516 4 2 192 2 1379 1445 1343 1562
5517 4 2 192 2 500 501 502 1313
5518 4 2 192 2 679 621 709 1432
5519 4 2 192 2 483 170 575 1437
5520 4 2 192 2 1254 1499 1004 1535
5521 4 2 192 2 180 181 539 1425
5522 4 2 192 2 1105 1100 307 1430
5523 4 2 192 2 852 850 759 1501
5524 4 2 192 2 1234 1288 1411 1501
5525 4 2 192 2 938 1330 940 1518
5526 4 2 192 2 1162 1309 1123 1438
5527 4 2 192 2 494 493 495 1386
5528 4 2 192 2 518 516 517 1291
5529 4 2 192 2 623 703 215 1358
5530 4 2 192 2 1310 1409 1368 1548
5531 4 2 192 2 1205 1368 1476 1588
5532 4 2 192 2 792 1319 790 1481
5533 4 2 192 2 1056 1442 1061 1528
5534 4 2 192 2 294 1081 1533 1609
5535 4 2 192 2 166 489 165 1527
5536 4 2 192 2 641 640 1312 1598
5537 4 2 192 2 1280 1404 1224 1439
5538 4 2 192 2 1243 1395 1279 1434
5539 4 2 192 2 1073 300 1075 1390
5540 4 2 192 2 1443 1605 1277 1607
5541 4 2 192 2 345 1534 1426 1606
5542 4 2 192 2 1234 1377 1335 1587
5543 4 2 192 2 1061 1056 269 1442
5544 4 2 192 2 869 831 1479 1567
5545 4 2 192 2 1107 1493 1452 1551
5546 4 2 192 2 959 1005 906 1341
5547 4 2 192 2 941 1323 937 1518
5548 4 2 192 2 280 279 1055 1374
5549 4 2 192 2 559 1342 536 1582
5550 4 2 192 2 1250 1364 1303 1478
5551 4 2 192 2 1054 268 1056 1376
5552 4 2 192 2 1103 1431 1102 1615
5553 4 2 192 2 1151 1127 1308 1461
5554 4 2 192 2 1278 1381 1234 1464
5555 4 2 192 2 168 1300 549 1600
5556 4 2 192 2 1300 1386 1231 1453
5557 4 2 192 2 918 916 993 1357
5558 4 2 192 2 1321 1393 1387 1589
5559 4 2 192 2 174 173 891 1286
5560 4 2 192 2 1298 1450 643 1485
5561 4 2 192 2 993 1357 916 1570
5562 4 2 192 2 218 217 692 1295
5563 4 2 192 2 1244 1303 1364 1478
5564 4 2 192 2 1243 1414 1278 1557
5565 4 2 192 2 1279 1414 1243 1557
5566 4 2 192 2 369 329 382 1350
5567 4 2 192 2 1227 1412 1513 1586
5568 4 2 192 2 595 533 580 1302
5569 4 2 192 2 1041 250 1391 1586
5570 4 2 192 2 642 641 1298 1598
5571 4 2 192 2 614 1351 738 1587
5572 4 2 192 2 1279 1395 1224 1434
5573 4 2 192 2 494 496 497 1322
5574 4 2 192 2 1225 1402 1343 1562
5575 4 2 192 2 350 351 352 1415
5576 4 2 192 2 754 855 833 1549
5577 4 2 192 2 376 357 381 1482
5578 4 2 192 2 364 363 326 1374
5579 4 2 192 2 982 174 1468 1530
5580 4 2 192 2 860 810 1284 1408
5581 4 2 192 2 670 671 1285 1574
5582 4 2 192 2 1230 1407 1362 1477
5583 4 2 192 2 280 1055 1053 1459
5584 4 2 192 2 743 663 695 1439
5585 4 2 192 2 1297 1332 1246 1554
5586 4 2 192 2 195 196 615 1328
5587 4 2 192 2 518 1291 517 1546
5588 4 2 192 2 1346 1410 1319 1481
5589 4 2 192 2 313 1103 1104 1431
5590 4 2 192 2 1052 267 1054 1376
5591 4 2 192 2 692 1475 730 1571
5592 4 2 192 2 811 837 799 1495
5593 4 2 192 2 178 1310 1471 1582
5594 4 2 192 2 1267 1513 1412 1586
5595 4 2 192 2 1280 1422 1224 1556
5596 4 2 192 2 620 193 194 1299
5597 4 2 192 2 1115 1138 1139 1608
5598 4 2 192 2 912 913 911 1321
5599 4 2 192 2 299 298 1077 1419
5600 4 2 192 2 1053 1051 281 1529
5601 4 2 192 2 914 1321 913 1499
5602 4 2 192 2 1285 1194 1491 1574
5603 4 2 192 2 662 1334 661 1610
5604 4 2 192 2 1131 1159 1156 1302
5605 4 2 192 2 1251 1301 1493 1577
5606 4 2 192 2 800 1517 1296 1558
5607 4 2 192 2 512 1473 1301 1577
5608 4 2 192 2 230 1340 761 1531
5609 4 2 192 2 510 508 509 1526
5610 4 2 192 2 532 539 486 1425
5611 4 2 192 2 1197 1423 1316 1545
5612 4 2 192 2 1231 1386 1300 1600
5613 4 2 192 2 314 1102 1103 1431
5614 4 2 192 2 1232 1375 1324 1458
5615 4 2 192 2 521 522 520 1484
5616 4 2 192 2 1225 1343 1402 1436
5617 4 2 192 2 1226 1344 1403 1435
5618 4 2 192 2 1275 1370 1197 1511
5619 4 2 192 2 494 495 496 1322
5620 4 2 192 2 865 862 775 1379
5621 4 2 192 2 1214 1404 1280 1439
5622 4 2 192 2 542 489 541 1466
5623 4 2 192 2 316 1169 1113 1583
5624 4 2 192 2 1141 1370 1140 1511
5625 4 2 192 2 1262 1375 1290 1542
5626 4 2 192 2 799 798 800 1296
5627 4 2 192 2 785 852 829 1507
5628 4 2 192 2 199 200 617 1331
5629 4 2 192 2 494 1322 497 1552
5630 4 2 192 2 230 761 839 1531
5631 4 2 192 2 1290 1375 1262 1458
5632 4 2 192 2 551 582 543 1282
5633 4 2 192 2 633 636 635 1344
5634 4 2 192 2 1030 1032 267 1407
5635 4 2 192 2 504 1287 503 1563
5636 4 2 192 2 1028 1030 266 1407
5637 4 2 192 2 491 1326 167 1600
5638 4 2 192 2 1261 1509 1274 1563
5639 4 2 192 2 763 831 1567 1599
5640 4 2 192 2 232 1338 753 1544
5641 4 2 192 2 1090 1166 1121 1584
5642 4 2 192 2 779 777 778 1311
5643 4 2 192 2 640 638 639 1312
5644 4 2 192 2 1178 1161 1133 1438
5645 4 2 192 2 1289 1451 786 1507
5646 4 2 192 2 316 1569 315 1584
5647 4 2 192 2 677 676 628 1496
5648 4 2 192 2 1153 1400 1308 1564
5649 4 2 192 2 277 1036 1561 1607
5650 4 2 192 2 350 351 1415 1537
5651 4 2 192 2 588 337 366 1553
5652 4 2 192 2 979 926 924 1352
5653 4 2 192 2 1053 281 1459 1529
5654 4 2 192 2 332 375 748 1408
5655 4 2 192 2 185 625 719 1306
5656 4 2 192 2 699 674 612 1396
5657 4 2 192 2 774 773 772 1343
5658 4 2 192 2 634 633 635 1344
5659 4 2 192 2 321 350 349 1537
5660 4 2 192 2 1266 1543 1335 1601
5661 4 2 192 2 700 622 739 1464
5662 4 2 192 2 505 507 506 1382
5663 4 2 192 2 1052 1048 1410 1433
5664 4 2 192 2 1279 1395 1243 1414
5665 4 2 192 2 1343 1538 1212 1567
5666 4 2 192 2 1277 1417 1212 1599
5667 4 2 192 2 1113 1117 1110 1400
5668 4 2 192 2 1295 1523 1213 1571
5669 4 2 192 2 1335 1543 1228 1601
5670 4 2 192 2 186 544 480 1449
5671 4 2 192 2 1298 1485 642 1598
5672 4 2 192 2 1055 1374 1067 1504
5673 4 2 192 2 1059 275 276 1605
5674 4 2 192 2 970 956 949 1443
5675 4 2 192 2 1255 1538 1343 1567
5676 4 2 192 2 680 220 219 1316
5677 4 2 192 2 601 1470 1318 1614
5678 4 2 192 2 841 232 753 1544
5679 4 2 192 2 919 1357 918 1477
5680 4 2 192 2 1087 1082 312 1435
5681 4 2 192 2 1065 1060 293 1436
5682 4 2 192 2 1076 1074 286 1381
5683 4 2 192 2 1261 1274 1509 1573
5684 4 2 192 2 606 1308 488 1506
5685 4 2 192 2 1356 1490 1254 1535
5686 4 2 192 2 385 338 368 1447
5687 4 2 192 2 904 961 166 1535
5688 4 2 192 2 704 668 651 1414
5689 4 2 192 2 1129 1345 240 1550
5690 4 2 192 2 1101 1276 1483 1615
5691 4 2 192 2 1038 1037 275 1488
5692 4 2 192 2 187 554 188 1292
5693 4 2 192 2 1211 1476 1394 1494
5694 4 2 192 2 554 592 1480 1576
5695 4 2 192 2 780 846 782 1297
5696 4 2 192 2 643 641 707 1298
5697 4 2 192 2 1324 1458 1375 1579
5698 4 2 192 2 242 1031 1033 1490
5699 4 2 192 2 751 206 207 1305
5700 4 2 192 2 1224 1395 1279 1422
5701 4 2 192 2 1338 1365 1244 1531
5702 4 2 192 2 1226 1373 1304 1469
5703 4 2 192 2 1226 1403 1361 1435
5704 4 2 192 2 714 717 690 1578
5705 4 2 192 2 203 204 858 1520
5706 4 2 192 2 580 182 183 1510
5707 4 2 192 2 308 1371 1430 1543
5708 4 2 192 2 1225 1423 1275 1445
5709 4 2 192 2 1337 1364 1250 1544
5710 4 2 192 2 262 1031 1029 1387
5711 4 2 192 2 515 536 559 1342
5712 4 2 192 2 186 625 185 1306
5713 4 2 192 2 985 171 170 1293
5714 4 2 192 2 1378 1428 1263 1492
5715 4 2 192 2 675 1447 744 1610
5716 4 2 192 2 1135 1134 1129 1345
5717 4 2 192 2 1014 1508 985 1585
5718 4 2 192 2 800 1495 1296 1517
5719 4 2 192 2 1344 1533 1213 1571
5720 4 2 192 2 722 636 691 1380
5721 4 2 192 2 1240 1372 1313 1462
5722 4 2 192 2 1311 1420 1238 1616
5723 4 2 192 2 1079 1088 1320 1378
5724 4 2 192 2 1225 1275 1423 1457
5725 4 2 192 2 1295 1523 1436 1609
5726 4 2 192 2 1277 1599 1212 1605
5727 4 2 192 2 278 1035 1406 1561
5728 4 2 192 2 240 1134 1013 1345
5729 4 2 192 2 1194 1459 1336 1524
5730 4 2 192 2 775 1343 774 1562
5731 4 2 192 2 1048 1049 265 1502
5732 4 2 192 2 1256 1533 1344 1571
5733 4 2 192 2 1286 1530 174 1581
5734 4 2 192 2 1293 1462 1372 1613
5735 4 2 192 2 287 1411 1381 1547
5736 4 2 192 2 1222 1441 1287 1509
5737 4 2 192 2 473 540 575 1372
5738 4 2 192 2 1375 1502 1290 1542
5739 4 2 192 2 1089 1419 1091 1424
5740 4 2 192 2 1430 1526 1206 1551
5741 4 2 192 2 610 678 725 1496
5742 4 2 192 2 1280 1396 1259 1448
5743 4 2 192 2 848 210 752 1474
5744 4 2 192 2 775 774 772 1562
5745 4 2 192 2 1452 1493 1301 1551
5746 4 2 192 2 671 669 670 1285
5747 4 2 192 2 1301 1493 1206 1551
5748 4 2 192 2 678 722 691 1304
5749 4 2 192 2 1355 1392 1207 1444
5750 4 2 192 2 766 240 1345 1550
5751 4 2 192 2 732 670 689 1574
5752 4 2 192 2 371 340 959 1341
5753 4 2 192 2 906 223 908 1369
5754 4 2 192 2 536 1342 515 1577
5755 4 2 192 2 1227 1388 1354 1508
5756 4 2 192 2 963 1356 352 1415
5757 4 2 192 2 593 516 518 1291
5758 4 2 192 2 499 501 500 1313
5759 4 2 192 2 480 554 187 1449
5760 4 2 192 2 1238 1385 1295 1436
5761 4 2 192 2 265 1048 1502 1555
5762 4 2 192 2 184 1353 335 1606
5763 4 2 192 2 1312 1467 1237 1594
5764 4 2 192 2 907 995 1012 1438
5765 4 2 192 2 477 180 1425 1560
5766 4 2 192 2 474 1318 601 1470
5767 4 2 192 2 1380 1469 1263 1545
5768 4 2 192 2 1217 1289 1505 1554
5769 4 2 192 2 1195 1392 1355 1444
5770 4 2 192 2 648 647 649 1335
5771 4 2 192 2 843 788 806 1451
5772 4 2 192 2 1275 1225 1445 1562
5773 4 2 192 2 1251 1368 1310 1409
5774 4 2 192 2 1252 1501 1411 1507
5775 4 2 192 2 1263 1380 1304 1469
5776 4 2 192 2 236 831 237 1294
5777 4 2 192 2 1235 1399 1279 1432
5778 4 2 192 2 932 976 934 1521
5779 4 2 192 2 1266 1485 1371 1578
5780 4 2 192 2 1235 1278 1429 1512
5781 4 2 192 2 728 628 1461 1496
5782 4 2 192 2 1106 1452 1107 1493
5783 4 2 192 2 219 220 769 1316
5784 4 2 192 2 315 1101 1102 1569
5785 4 2 192 2 345 343 1534 1606
5786 4 2 192 2 815 1457 767 1511
5787 4 2 192 2 991 915 917 1472
5788 4 2 192 2 1156 1302 1159 1510
5789 4 2 192 2 601 1318 474 1614
5790 4 2 192 2 331 584 470 1553
5791 4 2 192 2 751 838 813 1397
5792 4 2 192 2 1225 1275 1457 1562
5793 4 2 192 2 629 744 718 1447
5794 4 2 192 2 1148 1162 1123 1438
5795 4 2 192 2 204 1336 764 1524
5796 4 2 192 2 1080 1469 1081 1545
5797 4 2 192 2 243 1427 1097 1456
5798 4 2 192 2 1308 1151 1461 1583
5799 4 2 192 2 229 978 890 1362
5800 4 2 192 2 1062 1063 1498 1554
5801 4 2 192 2 1052 285 1048 1433
5802 4 2 192 2 905 183 182 1510
5803 4 2 192 2 1216 1329 1385 1475
5804 4 2 192 2 1109 1108 254 1409
5805 4 2 192 2 1106 1109 253 1409
5806 4 2 192 2 562 1421 538 1581
5807 4 2 192 2 1252 1351 1411 1501
5808 4 2 192 2 1031 1387 1254 1490
5809 4 2 192 2 817 1366 1275 1511
5810 4 2 192 2 1231 1427 1282 1466
5811 4 2 192 2 516 1291 593 1575
5812 4 2 192 2 1177 1119 1046 1536
5813 4 2 192 2 766 240 239 1345
5814 4 2 192 2 797 795 796 1314
5815 4 2 192 2 1204 1583 1461 1584
5816 4 2 192 2 499 1313 500 1522
5817 4 2 192 2 777 778 1311 1591
5818 4 2 192 2 639 1312 638 1592
5819 4 2 192 2 1357 1539 1270 1585
5820 4 2 192 2 884 1315 367 1520
5821 4 2 192 2 260 1067 1482 1504
5822 4 2 192 2 1276 573 1566 1603
5823 4 2 192 2 536 513 564 1577
5824 4 2 192 2 237 1443 1294 1599
5825 4 2 192 2 246 245 1093 1613
5826 4 2 192 2 169 168 971 1300
5827 4 2 192 2 1360 1398 1215 1479
5828 4 2 192 2 350 352 1356 1415
5829 4 2 192 2 1348 1486 1264 1502
5830 4 2 192 2 1399 1432 1259 1556
5831 4 2 192 2 1381 1411 1288 1547
5832 4 2 192 2 352 383 350 1356
5833 4 2 192 2 553 1546 535 1560
5834 4 2 192 2 256 1038 255 1516
5835 4 2 192 2 1235 1429 1278 1557
5836 4 2 192 2 1093 245 1094 1453
5837 4 2 192 2 1029 244 1027 1393
5838 4 2 192 2 1231 1466 1282 1552
5839 4 2 192 2 1035 259 1044 1604
5840 4 2 192 2 612 698 688 1396
5841 4 2 192 2 1220 1376 1340 1580
5842 4 2 192 2 869 831 755 1479
5843 4 2 192 2 1174 1146 1496 1584
5844 4 2 192 2 175 176 1339 1588
5845 4 2 192 2 774 1343 772 1562
5846 4 2 192 2 310 311 1109 1503
5847 4 2 192 2 1295 1385 1256 1533
5848 4 2 192 2 921 920 922 1327
5849 4 2 192 2 1051 1529 1418 1612
5850 4 2 192 2 1001 887 330 1341
5851 4 2 192 2 1322 1384 497 1552
5852 4 2 192 2 310 1465 311 1503
5853 4 2 192 2 1279 1432 1399 1556
5854 4 2 192 2 1058 1423 1059 1445
5855 4 2 192 2 1295 1213 1523 1609
5856 4 2 192 2 276 277 1416 1561
5857 4 2 192 2 178 1471 556 1582
5858 4 2 192 2 1248 1310 1409 1582
5859 4 2 192 2 693 207 206 1305
5860 4 2 192 2 836 1486 226 1579
5861 4 2 192 2 1020 1476 946 1588
5862 4 2 192 2 667 739 704 1464
5863 4 2 192 2 648 646 647 1335
5864 4 2 192 2 1354 1508 1388 1611
5865 4 2 192 2 1070 1071 284 1434
5866 4 2 192 2 807 792 790 1481
5867 4 2 192 2 515 1342 514 1577
5868 4 2 192 2 243 1029 1031 1490
5869 4 2 192 2 1247 1328 1367 1465
5870 4 2 192 2 1277 1605 276 1607
5871 4 2 192 2 1249 1398 1294 1488
5872 4 2 192 2 474 193 192 1318
5873 4 2 192 2 833 779 781 1549
5874 4 2 192 2 1259 1396 1292 1448
5875 4 2 192 2 1287 1382 1222 1509
5876 4 2 192 2 1224 1422 1279 1556
5877 4 2 192 2 828 802 873 1558
5878 4 2 192 2 1166 1320 1146 1584
5879 4 2 192 2 581 1152 1308 1564
5880 4 2 192 2 750 836 881 1486
5881 4 2 192 2 1029 1387 1031 1490
5882 4 2 192 2 619 716 197 1367
5883 4 2 192 2 1398 1479 1255 1616
5884 4 2 192 2 277 1057 1058 1416
5885 4 2 192 2 1223 1437 1300 1613
5886 4 2 192 2 1051 1050 1446 1612
5887 4 2 192 2 1326 1427 1199 1490
5888 4 2 192 2 687 648 650 1512
5889 4 2 192 2 1063 290 1062 1498
5890 4 2 192 2 1148 1438 1178 1536
5891 4 2 192 2 1326 1466 1231 1600
5892 4 2 192 2 297 296 1057 1370
5893 4 2 192 2 255 1108 1104 1489
5894 4 2 192 2 1248 1471 1310 1582
5895 4 2 192 2 562 507 538 1421
5896 4 2 192 2 1282 1427 1231 1456
5897 4 2 192 2 1278 1228 1429 1512
5898 4 2 192 2 1299 1430 1371 1543
5899 4 2 192 2 313 314 1103 1431
5900 4 2 192 2 1282 1427 1199 1466
5901 4 2 192 2 588 366 1527 1553
5902 4 2 192 2 1169 1117 1113 1583
5903 4 2 192 2 1151 1152 1153 1308
5904 4 2 192 2 783 829 856 1332
5905 4 2 192 2 1275 1416 1379 1445
5906 4 2 192 2 793 845 818 1346
5907 4 2 192 2 1264 1348 1502 1555
5908 4 2 192 2 1125 749 864 1366
5909 4 2 192 2 1254 1387 1359 1499
5910 4 2 192 2 1286 1391 1267 1468
5911 4 2 192 2 504 1382 1287 1563
5912 4 2 192 2 204 205 764 1336
5913 4 2 192 2 295 1080 1081 1545
5914 4 2 192 2 1058 295 1059 1423
5915 4 2 192 2 1058 1057 296 1423
5916 4 2 192 2 1269 1526 1430 1551
5917 4 2 192 2 1267 1391 1286 1586
5918 4 2 192 2 861 865 775 1379
5919 4 2 192 2 1217 1364 1338 1442
5920 4 2 192 2 1323 1516 1271 1518
5921 4 2 192 2 1223 1393 1300 1519
5922 4 2 192 2 1336 1491 1194 1574
5923 4 2 192 2 1256 1385 1295 1475
5924 4 2 192 2 1240 1300 1437 1613
5925 4 2 192 2 1267 1468 1391 1532
5926 4 2 192 2 921 923 944 1513
5927 4 2 192 2 1265 1483 1302 1603
5928 4 2 192 2 166 167 491 1326
5929 4 2 192 2 625 673 719 1565
5930 4 2 192 2 1240 1372 1462 1613
5931 4 2 192 2 203 626 204 1520
5932 4 2 192 2 1364 1478 1250 1544
5933 4 2 192 2 1140 1370 1366 1511
5934 4 2 192 2 198 686 619 1361
5935 4 2 192 2 1121 1166 1146 1584
5936 4 2 192 2 1302 1483 1276 1603
5937 4 2 192 2 351 353 330 1415
5938 4 2 192 2 209 760 208 1307
5939 4 2 192 2 1290 1375 1221 1502
5940 4 2 192 2 1259 1383 1363 1399
5941 4 2 192 2 1162 1158 1163 1604
5942 4 2 192 2 1258 1449 1306 1565
5943 4 2 192 2 753 1338 231 1531
5944 4 2 192 2 331 470 1426 1553
5945 4 2 192 2 330 1341 887 1415
5946 4 2 192 2 339 857 42 375
5947 4 2 192 2 1040 1042 272 1401
5948 4 2 192 2 595 1566 573 1603
5949 4 2 192 2 1042 1043 273 1401
5950 4 2 192 2 827 751 837 1397
5951 4 2 192 2 1332 1498 1246 1554
5952 4 2 192 2 350 1415 1356 1537
5953 4 2 192 2 1073 282 1072 1404
5954 4 2 192 2 1385 1475 1329 1602
5955 4 2 192 2 1242 1391 1339 1452
5956 4 2 192 2 1234 1381 1288 1464
5957 4 2 192 2 740 668 704 1464
5958 4 2 192 2 933 975 1021 1595
5959 4 2 192 2 1289 1442 1220 1528
5960 4 2 192 2 278 277 1035 1561
5961 4 2 192 2 181 182 486 1355
5962 4 2 192 2 297 1142 1116 1378
5963 4 2 192 2 381 1341 353 1413
5964 4 2 192 2 1247 1467 1367 1598
5965 4 2 192 2 274 1405 1038 1488
5966 4 2 192 2 382 721 370 1350
5967 4 2 192 2 1154 1564 1124 1566
5968 4 2 192 2 1074 304 1070 1399
5969 4 2 192 2 1316 1423 1197 1457
5970 4 2 192 2 1117 1400 1113 1583
5971 4 2 192 2 539 477 180 1425
5972 4 2 192 2 1231 1282 1456 1552
5973 4 2 192 2 1230 1539 1357 1542
5974 4 2 192 2 274 1043 1038 1405
5975 4 2 192 2 1141 1142 1120 1370
5976 4 2 192 2 175 902 176 1588
5977 4 2 192 2 676 678 691 1304
5978 4 2 192 2 1063 271 1440 1554
5979 4 2 192 2 810 874 765 1284
5980 4 2 192 2 1176 729 682 1492
5981 4 2 192 2 1246 1332 1325 1498
5982 4 2 192 2 1300 1393 1209 1519
5983 4 2 192 2 1298 1463 1219 1500
5984 4 2 192 2 1315 1374 1272 1408
5985 4 2 192 2 917 918 919 1357
5986 4 2 192 2 561 481 538 1581
5987 4 2 192 2 1079 316 315 1584
5988 4 2 192 2 1007 1003 942 1519
5989 4 2 192 2 1391 1468 1205 1532
5990 4 2 192 2 632 633 634 1403
5991 4 2 192 2 772 773 771 1402
5992 4 2 192 2 617 200 630 1568
5993 4 2 192 2 1363 1399 1235 1432
5994 4 2 192 2 662 660 661 1334
5995 4 2 192 2 1240 1386 1300 1453
5996 4 2 192 2 1430 1470 1206 1526
5997 4 2 192 2 1057 278 1066 1608
5998 4 2 192 2 999 960 968 1359
5999 4 2 192 2 692 616 730 1475
6000 4 2 192 2 283 1071 1072 1404
6001 4 2 192 2 527 1382 506 1614
6002 4 2 192 2 1036 257 258 1392
6003 4 2 192 2 243 1097 1095 1456
6004 4 2 192 2 1213 1469 1380 1545
6005 4 2 192 2 1041 1034 1586 1596
6006 4 2 192 2 302 1448 1383 1541
6007 4 2 192 2 172 1354 561 1611
6008 4 2 192 2 208 611 209 1307
6009 4 2 192 2 650 652 710 1512
6010 4 2 192 2 1323 1405 1271 1516
6011 4 2 192 2 316 1113 1400 1583
6012 4 2 192 2 748 378 332 1408
6013 4 2 192 2 1387 1490 1209 1499
6014 4 2 192 2 1292 1383 1259 1448
6015 4 2 192 2 1090 1169 316 1584
6016 4 2 192 2 1204 1373 1304 1568
6017 4 2 192 2 494 492 493 1552
6018 4 2 192 2 1357 1539 1262 1542
6019 4 2 192 2 1357 1542 1262 1570
6020 4 2 192 2 1100 1105 250 1597
6021 4 2 192 2 178 177 893 1310
6022 4 2 192 2 252 253 1040 1368
6023 4 2 192 2 1224 1439 1305 1514
6024 4 2 192 2 223 906 222 1460
6025 4 2 192 2 699 189 621 1363
6026 4 2 192 2 1035 1044 1536 1604
6027 4 2 192 2 1294 1212 1599 1605
6028 4 2 192 2 1397 1446 1314 1612
6029 4 2 192 2 1201 1345 1417 1561
6030 4 2 192 2 1173 1156 1159 1510
6031 4 2 192 2 1225 1436 1523 1609
6032 4 2 192 2 1290 1458 1262 1570
6033 4 2 192 2 1049 1048 284 1433
6034 4 2 192 2 885 859 765 1284
6035 4 2 192 2 1215 1479 1398 1616
6036 4 2 192 2 1230 1542 1357 1570
6037 4 2 192 2 1283 1465 1210 1503
6038 4 2 192 2 338 341 745 1353
6039 4 2 192 2 363 367 339 1315
6040 4 2 192 2 1317 1249 1401 1521
6041 4 2 192 2 1314 1397 1260 1446
6042 4 2 192 2 938 940 939 1518
6043 4 2 192 2 1088 1320 1166 1584
6044 4 2 192 2 1426 1534 1229 1606
6045 4 2 192 2 1304 1373 1226 1568
6046 4 2 192 2 1293 1388 1261 1462
6047 4 2 192 2 645 1450 666 1587
6048 4 2 192 2 610 683 678 1428
6049 4 2 192 2 762 1337 233 1544
6050 4 2 192 2 1383 1448 1292 1541
6051 4 2 192 2 1317 1394 932 1521
6052 4 2 192 2 1063 1062 271 1554
6053 4 2 192 2 1198 1390 1306 1565
6054 4 2 192 2 277 276 1036 1607
6055 4 2 192 2 861 822 865 1379
6056 4 2 192 2 178 556 482 1582
6057 4 2 192 2 1220 1451 1289 1528
6058 4 2 192 2 355 384 327 1424
6059 4 2 192 2 287 1078 1076 1381
6060 4 2 192 2 951 905 1023 1444
6061 4 2 192 2 306 1076 1078 1429
6062 4 2 192 2 719 744 629 1353
6063 4 2 192 2 661 660 659 1334
6064 4 2 192 2 367 363 380 1520
6065 4 2 192 2 1321 1458 1262 1589
6066 4 2 192 2 1027 244 245 1393
6067 4 2 192 2 530 1347 523 1603
6068 4 2 192 2 1269 1382 1540 1614
6069 4 2 192 2 855 1329 216 1602
6070 4 2 192 2 472 554 592 1480
6071 4 2 192 2 1144 1143 1145 1428
6072 4 2 192 2 1250 1394 1401 1521
6073 4 2 192 2 1269 1470 1430 1526
6074 4 2 192 2 753 231 839 1531
6075 4 2 192 2 1295 1533 1213 1609
6076 4 2 192 2 1117 1151 1153 1400
6077 4 2 192 2 350 383 333 1356
6078 4 2 192 2 223 222 765 1460
6079 4 2 192 2 355 327 1419 1424
6080 4 2 192 2 576 483 575 1372
6081 4 2 192 2 1389 1426 1282 1553
6082 4 2 192 2 167 166 961 1326
6083 4 2 192 2 251 1041 1391 1532
6084 4 2 192 2 1209 1499 1490 1535
6085 4 2 192 2 172 561 473 1611
6086 4 2 192 2 705 645 666 1587
6087 4 2 192 2 252 1368 1040 1494
6088 4 2 192 2 1210 1283 1503 1575
6089 4 2 192 2 965 181 896 1355
6090 4 2 192 2 1261 1372 1293 1462
6091 4 2 192 2 696 653 668 1414
6092 4 2 192 2 1221 1296 1418 1558
6093 4 2 192 2 1271 1405 1323 1515
6094 4 2 192 2 1164 1146 1122 1496
6095 4 2 192 2 1014 901 985 1508
6096 4 2 192 2 695 696 742 1395
6097 4 2 192 2 1074 1070 285 1434
6098 4 2 192 2 949 950 940 1330
6099 4 2 192 2 353 1341 330 1415
6100 4 2 192 2 1139 1366 1140 1370
6101 4 2 192 2 1307 1395 1224 1514
6102 4 2 192 2 324 376 260 1482
6103 4 2 192 2 482 536 560 1582
6104 4 2 192 2 489 166 491 1466
6105 4 2 192 2 1232 1458 1321 1589
6106 4 2 192 2 824 223 765 1369
6107 4 2 192 2 1219 1450 1298 1500
6108 4 2 192 2 1332 1505 1289 1554
6109 4 2 192 2 1034 269 1365 1596
6110 4 2 192 2 199 198 555 1361
6111 4 2 192 2 175 1339 475 1530
6112 4 2 192 2 340 356 1005 1460
6113 4 2 192 2 1165 278 1046 1406
6114 4 2 192 2 937 936 938 1518
6115 4 2 192 2 282 1051 1050 1446
6116 4 2 192 2 1245 1481 1410 1555
6117 4 2 192 2 1301 1206 1526 1551
6118 4 2 192 2 1049 283 1050 1446
6119 4 2 192 2 1073 1072 301 1448
6120 4 2 192 2 485 566 195 1328
6121 4 2 192 2 488 1308 598 1461
6122 4 2 192 2 302 1072 1071 1448
6123 4 2 192 2 1075 281 1073 1491
6124 4 2 192 2 1322 1386 1231 1552
6125 4 2 192 2 208 697 611 1514
6126 4 2 192 2 1250 1401 1360 1521
6127 4 2 192 2 268 1034 269 1365
6128 4 2 192 2 205 204 685 1336
6129 4 2 192 2 530 522 523 1347
6130 4 2 192 2 1336 1459 1194 1491
6131 4 2 192 2 1292 1383 1253 1480
6132 4 2 192 2 212 211 700 1501
6133 4 2 192 2 1410 1481 1264 1555
6134 4 2 192 2 860 886 810 1408
6135 4 2 192 2 1167 138 1131 578
6136 4 2 192 2 553 477 1425 1560
6137 4 2 192 2 1097 1454 1095 1456
6138 4 2 192 2 207 693 697 1514
6139 4 2 192 2 1354 1388 1227 1573
6140 4 2 192 2 1107 1106 252 1452
6141 4 2 192 2 267 268 1054 1376
6142 4 2 192 2 1058 1059 1416 1445
6143 4 2 192 2 1081 1080 314 1469
6144 4 2 192 2 823 862 865 1379
6145 4 2 192 2 1149 1130 728 1461
6146 4 2 192 2 1290 1486 1348 1502
6147 4 2 192 2 963 352 1002 1415
6148 4 2 192 2 1293 1372 1261 1611
6149 4 2 192 2 214 623 215 1358
6150 4 2 192 2 1459 1495 1257 1524
6151 4 2 192 2 580 596 1302 1510
6152 4 2 192 2 1136 1550 1138 1608
6153 4 2 192 2 1092 246 1093 1462
6154 4 2 192 2 1325 1332 1252 1498
6155 4 2 192 2 629 36 368 718
6156 4 2 192 2 1338 1220 1365 1531
6157 4 2 192 2 1317 1515 1249 1521
6158 4 2 192 2 511 513 512 1577
6159 4 2 192 2 762 233 841 1544
6160 4 2 192 2 312 1435 313 1593
6161 4 2 192 2 270 1039 271 1364
6162 4 2 192 2 1573 1586 1286 1597
6163 4 2 192 2 156 1133 1161 907
6164 4 2 192 2 197 716 196 1367
6165 4 2 192 2 1506 1569 1308 1583
6166 4 2 192 2 1263 1378 1320 1428
6167 4 2 192 2 1111 241 325 1389
6168 4 2 192 2 1253 1383 1292 1541
6169 4 2 192 2 1293 1388 1270 1508
6170 4 2 192 2 173 172 984 1354
6171 4 2 192 2 214 853 213 1325
6172 4 2 192 2 332 362 375 1408
6173 4 2 192 2 1143 1378 1172 1492
6174 4 2 192 2 1270 1327 1407 1477
6175 4 2 192 2 1257 1495 1459 1529
6176 4 2 192 2 581 579 1152 1564
6177 4 2 192 2 1218 1383 1363 1480
6178 4 2 192 2 523 522 521 1347
6179 4 2 192 2 1296 1200 1418 1558
6180 4 2 192 2 364 1069 10 279
6181 4 2 192 2 1096 247 1092 1462
6182 4 2 192 2 342 335 341 1353
6183 4 2 192 2 1295 1436 1533 1609
6184 4 2 192 2 973 899 235 1360
6185 4 2 192 2 1276 1566 1302 1603
6186 4 2 192 2 1160 1128 1172 1492
6187 4 2 192 2 1306 1390 1258 1565
6188 4 2 192 2 1225 1457 1316 1523
6189 4 2 192 2 604 514 516 1575
6190 4 2 192 2 1095 1097 300 1454
6191 4 2 192 2 1468 1487 1205 1532
6192 4 2 192 2 513 536 515 1577
6193 4 2 192 2 367 1315 363 1520
6194 4 2 192 2 1337 1217 1364 1544
6195 4 2 192 2 1296 1418 1200 1529
6196 4 2 192 2 820 766 819 1417
6197 4 2 192 2 859 860 810 1284
6198 4 2 192 2 1152 1153 1308 1564
6199 4 2 192 2 970 936 952 1515
6200 4 2 192 2 311 1465 310 1467
6201 4 2 192 2 1066 1120 1068 1370
6202 4 2 192 2 692 727 624 1571
6203 4 2 192 2 1320 1496 1146 1584
6204 4 2 192 2 757 225 1324 1579
6205 4 2 192 2 1310 1368 1211 1548
6206 4 2 192 2 1029 1393 1027 1589
6207 4 2 192 2 1131 1302 1155 1566
6208 4 2 192 2 1058 1059 276 1416
6209 4 2 192 2 1267 1487 1468 1532
6210 4 2 192 2 1080 315 314 1373
6211 4 2 192 2 278 1561 1406 1608
6212 4 2 192 2 1223 1437 1293 1585
6213 4 2 192 2 892 954 980 1478
6214 4 2 192 2 488 1308 1461 1506
6215 4 2 192 2 1380 1545 1263 1559
6216 4 2 192 2 1209 1393 1321 1519
6217 4 2 192 2 610 1122 724 1428
6218 4 2 192 2 1213 1545 1380 1559
6219 4 2 192 2 381 340 353 1341
6220 4 2 192 2 1226 1373 1331 1568
6221 4 2 192 2 957 988 920 1477
6222 4 2 192 2 1285 1390 1198 1610
6223 4 2 192 2 497 1384 582 1552
6224 4 2 192 2 1204 1569 1506 1583
6225 4 2 192 2 235 234 842 1360
6226 4 2 192 2 1212 1567 1294 1599
6227 4 2 192 2 316 1583 1569 1584
6228 4 2 192 2 559 535 517 1546
6229 4 2 192 2 1255 1398 1294 1479
6230 4 2 192 2 190 189 568 1363
6231 4 2 192 2 1418 1529 1296 1612
6232 4 2 192 2 371 340 48 959
6233 4 2 192 2 372 1091 298 1419
6234 4 2 192 2 1461 1506 1308 1583
6235 4 2 192 2 333 383 1006 1356
6236 4 2 192 2 1142 297 23 1068
6237 4 2 192 2 836 832 1486 1579
6238 4 2 192 2 256 1489 1104 1525
6239 4 2 192 2 190 484 191 1333
6240 4 2 192 2 10 364 279 322
6241 4 2 192 2 1114 21 1157 259
6242 4 2 192 2 820 865 822 1379
6243 4 2 192 2 979 924 955 1352
6244 4 2 192 2 294 295 1081 1609
6245 4 2 192 2 368 338 36 629
6246 4 2 192 2 907 1161 156 995
6247 4 2 192 2 1020 946 983 1588
6248 4 2 192 2 1099 1097 242 1427
6249 4 2 192 2 994 912 910 1458
6250 4 2 192 2 934 933 932 1317
6251 4 2 192 2 1167 1131 1155 1566
6252 4 2 192 2 669 662 661 1610
6253 4 2 192 2 952 934 976 1515
6254 4 2 192 2 902 982 1019 1468
6255 4 2 192 2 855 216 758 1602
6256 4 2 192 2 1254 1490 1387 1499
6257 4 2 192 2 480 544 550 1497
6258 4 2 192 2 581 1308 534 1564
6259 4 2 192 2 1000 893 983 1595
6260 4 2 192 2 1236 1410 1346 1433
6261 4 2 192 2 1257 1296 1495 1529
6262 4 2 192 2 232 231 753 1338
6263 4 2 192 2 200 548 201 1506
6264 4 2 192 2 362 363 1315 1374
6265 4 2 192 2 959 1001 371 1341
6266 4 2 192 2 1143 1142 1172 1378
6267 4 2 192 2 883 1315 858 1524
6268 4 2 192 2 973 976 899 1521
6269 4 2 192 2 140 1170 579 1564
6270 4 2 192 2 1261 1388 1354 1573
6271 4 2 192 2 485 565 602 1470
6272 4 2 192 2 266 1030 267 1407
6273 4 2 192 2 1232 1387 1359 1455
6274 4 2 192 2 644 643 1450 1485
6275 4 2 192 2 1336 1459 1257 1524
6276 4 2 192 2 338 745 629 1353
6277 4 2 192 2 855 215 216 1329
6278 4 2 192 2 550 587 1384 1497
6279 4 2 192 2 884 858 1315 1520
6280 4 2 192 2 1329 1385 1238 1420
6281 4 2 192 2 809 810 808 1517
6282 4 2 192 2 534 488 606 1308
6283 4 2 192 2 224 757 225 1324
6284 4 2 192 2 230 229 761 1340
6285 4 2 192 2 805 844 784 1505
6286 4 2 192 2 1204 1506 1461 1583
6287 4 2 192 2 914 913 1003 1499
6288 4 2 192 2 1153 1124 1154 1564
6289 4 2 192 2 1260 1397 1305 1446
6290 4 2 192 2 1207 1516 1323 1518
6291 4 2 192 2 1392 1536 1309 1604
6292 4 2 192 2 1130 728 1461 1496
6293 4 2 192 2 1339 1391 1242 1530
6294 4 2 192 2 1206 1430 1299 1470
6295 4 2 192 2 379 366 348 1527
6296 4 2 192 2 512 514 1473 1577
6297 4 2 192 2 481 174 1530 1581
6298 4 2 192 2 1252 1507 1411 1528
6299 4 2 192 2 1160 221 1128 1492
6300 4 2 192 2 763 831 866 1567
6301 4 2 192 2 1212 1294 1538 1605
6302 4 2 192 2 1166 1144 1146 1320
6303 4 2 192 2 1255 1479 1294 1567
6304 4 2 192 2 1411 1507 1268 1528
6305 4 2 192 2 714 194 195 1578
6306 4 2 192 2 1290 1221 1375 1579
6307 4 2 192 2 1321 1393 1262 1472
6308 4 2 192 2 1208 1449 1292 1576
6309 4 2 192 2 951 1008 996 1309
6310 4 2 192 2 689 663 734 1439
6311 4 2 192 2 1347 1603 1276 1615
6312 4 2 192 2 577 495 1386 1522
6313 4 2 192 2 1299 1371 1266 1543
6314 4 2 192 2 1221 1418 1296 1612
6315 4 2 192 2 1273 1489 1546 1560
6316 4 2 192 2 309 1371 1085 1500
6317 4 2 192 2 1034 1412 1032 1586
6318 4 2 192 2 1224 1395 1307 1434
6319 4 2 192 2 1311 1238 1420 1549
6320 4 2 192 2 1502 1542 265 1555
6321 4 2 192 2 763 237 831 1599
6322 4 2 192 2 1204 1506 1373 1568
6323 4 2 192 2 644 642 643 1485
6324 4 2 192 2 1389 1426 346 1534
6325 4 2 192 2 805 782 846 1505
6326 4 2 192 2 1490 1499 1254 1535
6327 4 2 192 2 150 1132 1168 816
6328 4 2 192 2 981 928 954 1478
6329 4 2 192 2 257 1103 1102 1525
6330 4 2 192 2 1009 942 1472 1519
6331 4 2 192 2 1122 1145 724 1428
6332 4 2 192 2 1023 965 1022 1444
6333 4 2 192 2 1234 1351 1377 1587
6334 4 2 192 2 256 1104 1103 1525
6335 4 2 192 2 822 863 821 1366
6336 4 2 192 2 159 996 1175 1163
6337 4 2 192 2 327 354 355 1419
6338 4 2 192 2 152 863 749 1171
6339 4 2 192 2 1213 1316 1523 1609
6340 4 2 192 2 1305 1397 1257 1446
6341 4 2 192 2 357 356 340 1460
6342 4 2 192 2 1366 1370 1275 1511
6343 4 2 192 2 346 1389 347 1426
6344 4 2 192 2 1119 1406 1046 1536
6345 4 2 192 2 491 167 478 1600
6346 4 2 192 2 570 527 506 1614
6347 4 2 192 2 1339 1368 1251 1452
6348 4 2 192 2 1288 1474 1236 1572
6349 4 2 192 2 1361 1403 1237 1435
6350 4 2 192 2 773 851 1402 1591
6351 4 2 192 2 634 712 1403 1592
6352 4 2 192 2 11 372 298 1112
6353 4 2 192 2 1210 1503 1342 1575
6354 4 2 192 2 1262 1393 1321 1589
6355 4 2 192 2 735 685 626 1574
6356 4 2 192 2 786 1451 787 1507
6357 4 2 192 2 1214 1285 1491 1574
6358 4 2 192 2 960 1341 958 1359
6359 4 2 192 2 581 534 579 1564
6360 4 2 192 2 1117 1151 1400 1583
6361 4 2 192 2 1150 1130 1149 1461
6362 4 2 192 2 372 1091 11 298
6363 4 2 192 2 1155 1131 1156 1302
6364 4 2 192 2 724 1145 682 1428
6365 4 2 192 2 335 1353 342 1606
6366 4 2 192 2 341 184 745 1353
6367 4 2 192 2 1129 1135 1345 1550
6368 4 2 192 2 1101 316 1400 1569
6369 4 2 192 2 563 175 475 1530
6370 4 2 192 2 800 801 799 1495
6371 4 2 192 2 53 323 1112 1534
6372 4 2 192 2 370 365 369 1350
6373 4 2 192 2 1224 1404 1305 1439
6374 4 2 192 2 1293 1437 1223 1613
6375 4 2 192 2 250 1041 1034 1586
6376 4 2 192 2 342 1353 354 1419
6377 4 2 192 2 1398 1488 274 1538
6378 4 2 192 2 553 535 477 1560
6379 4 2 192 2 1293 1508 1270 1585
6380 4 2 192 2 642 1485 717 1598
6381 4 2 192 2 1286 1242 1391 1530
6382 4 2 192 2 1034 1032 249 1586
6383 4 2 192 2 553 477 539 1425
6384 4 2 192 2 1094 244 1095 1453
6385 4 2 192 2 191 192 613 1349
6386 4 2 192 2 1459 1495 1272 1529
6387 4 2 192 2 1294 1398 1255 1538
6388 4 2 192 2 942 913 915 1472
6389 4 2 192 2 1274 1581 1421 1597
6390 4 2 192 2 1219 1377 1351 1587
6391 4 2 192 2 1009 942 991 1472
6392 4 2 192 2 1310 1471 1239 1595
6393 4 2 192 2 1340 1365 1220 1531
6394 4 2 192 2 184 185 719 1353
6395 4 2 192 2 1294 1599 1443 1605
6396 4 2 192 2 330 353 371 1341
6397 4 2 192 2 1354 1388 1261 1611
6398 4 2 192 2 1082 1081 313 1435
6399 4 2 192 2 1059 294 1060 1436
6400 4 2 192 2 1292 1480 1253 1576
6401 4 2 192 2 1221 1486 1290 1502
6402 4 2 192 2 1208 1454 1384 1456
6403 4 2 192 2 362 363 339 1315
6404 4 2 192 2 1276 1603 1483 1615
6405 4 2 192 2 1247 1298 1485 1500
6406 4 2 192 2 1201 1417 1416 1561
6407 4 2 192 2 345 346 1426 1534
6408 4 2 192 2 213 212 614 1351
6409 4 2 192 2 1375 1458 1290 1579
6410 4 2 192 2 773 777 851 1591
6411 4 2 192 2 634 638 712 1592
6412 4 2 192 2 1077 1419 1089 1424
6413 4 2 192 2 1338 1364 1217 1544
6414 4 2 192 2 361 1374 362 1408
6415 4 2 192 2 1421 1581 1242 1597
6416 4 2 192 2 1328 1371 1247 1578
6417 4 2 192 2 347 1426 1389 1553
6418 4 2 192 2 1269 1421 1526 1551
6419 4 2 192 2 962 904 1356 1535
6420 4 2 192 2 22 278 1046 1165
6421 4 2 192 2 821 153 1137 1171
6422 4 2 192 2 272 1064 1063 1440
6423 4 2 192 2 1169 1583 316 1584
6424 4 2 192 2 340 1005 959 1341
6425 4 2 192 2 504 505 1382 1563
6426 4 2 192 2 1044 259 1114 1604
6427 4 2 192 2 1267 1352 1412 1513
6428 4 2 192 2 1306 1454 1229 1497
6429 4 2 192 2 616 703 731 1475
6430 4 2 192 2 474 601 565 1470
6431 4 2 192 2 1288 1411 1268 1547
6432 4 2 192 2 338 354 342 1353
6433 4 2 192 2 1062 1061 270 1442
6434 4 2 192 2 1342 1503 1291 1575
6435 4 2 192 2 540 501 576 1372
6436 4 2 192 2 33 546 344 377
6437 4 2 192 2 481 174 563 1530
6438 4 2 192 2 1253 1522 1313 1590
6439 4 2 192 2 1286 1391 1242 1597
6440 4 2 192 2 1222 1509 1382 1540
6441 4 2 192 2 1264 1410 1346 1481
6442 4 2 192 2 1247 1465 1367 1467
6443 4 2 192 2 1352 1365 1244 1596
6444 4 2 192 2 1271 1488 1443 1605
6445 4 2 192 2 585 32 470 377
6446 4 2 192 2 1047 328 373 1413
6447 4 2 192 2 370 721 720 1350
6448 4 2 192 2 1248 1546 1489 1560
6449 4 2 192 2 1309 1392 1195 1444
6450 4 2 192 2 1299 1430 1318 1470
6451 4 2 192 2 1099 241 1111 1389
6452 4 2 192 2 785 786 787 1507
6453 4 2 192 2 1135 1406 1345 1608
6454 4 2 192 2 762 234 233 1337
6455 4 2 192 2 481 1530 563 1581
6456 4 2 192 2 590 554 480 1576
6457 4 2 192 2 800 801 1495 1517
6458 4 2 192 2 316 1400 1569 1583
6459 4 2 192 2 1148 1147 1119 1536
6460 4 2 192 2 1089 384 322 1424
6461 4 2 192 2 292 1064 1065 1420
6462 4 2 192 2 547 543 582 1426
6463 4 2 192 2 1177 1046 1044 1536
6464 4 2 192 2 887 1341 960 1415
6465 4 2 192 2 1393 1472 1321 1519
6466 4 2 192 2 814 748 857 1408
6467 4 2 192 2 1238 1295 1385 1602
6468 4 2 192 2 260 1067 324 1482
6469 4 2 192 2 1307 1395 1243 1434
6470 4 2 192 2 42 857 339 768
6471 4 2 192 2 891 1018 982 1468
6472 4 2 192 2 1256 1475 1295 1571
6473 4 2 192 2 1385 1475 1256 1594
6474 4 2 192 2 1201 1345 1561 1608
6475 4 2 192 2 681 683 682 1428
6476 4 2 192 2 472 594 568 1480
6477 4 2 192 2 1252 1289 1507 1528
6478 4 2 192 2 1305 1404 1214 1439
6479 4 2 192 2 1113 164 1110 1117
6480 4 2 192 2 1045 1047 373 1413
6481 4 2 192 2 1247 1485 1298 1598
6482 4 2 192 2 551 497 582 1552
6483 4 2 192 2 1293 1261 1388 1611
6484 4 2 192 2 1242 1452 1301 1551
6485 4 2 192 2 53 1112 1111 1534
6486 4 2 192 2 1132 816 867 1511
6487 4 2 192 2 1275 1445 1379 1562
6488 4 2 192 2 1205 1476 1303 1487
6489 4 2 192 2 1329 1420 1238 1549
6490 4 2 192 2 583 558 476 1575
6491 4 2 192 2 200 199 479 1331
6492 4 2 192 2 229 890 228 1362
6493 4 2 192 2 297 23 1116 1142
6494 4 2 192 2 1262 1458 1375 1589
6495 4 2 192 2 498 499 500 1522
6496 4 2 192 2 1121 1146 1174 1584
6497 4 2 192 2 254 1043 1042 1548
6498 4 2 192 2 1206 1473 1301 1526
6499 4 2 192 2 676 677 678 1496
6500 4 2 192 2 1272 1495 1459 1524
6501 4 2 192 2 477 179 180 1560
6502 4 2 192 2 316 24 1169 1090
6503 4 2 192 2 1147 1406 1119 1536
6504 4 2 192 2 985 889 1011 1585
6505 4 2 192 2 1221 1375 1324 1418
6506 4 2 192 2 541 543 542 1553
6507 4 2 192 2 370 382 39 721
6508 4 2 192 2 1037 276 1605 1607
6509 4 2 192 2 228 227 750 1348
6510 4 2 192 2 316 24 1113 1169
6511 4 2 192 2 1297 1440 1217 1554
6512 4 2 192 2 1247 1485 1371 1500
6513 4 2 192 2 1138 1171 1125 1366
6514 4 2 192 2 179 556 1471 1560
6515 4 2 192 2 218 624 219 1523
6516 4 2 192 2 1344 1380 1213 1469
6517 4 2 192 2 550 545 587 1497
6518 4 2 192 2 748 860 44 378
6519 4 2 192 2 1022 948 1023 1444
6520 4 2 192 2 378 360 332 1408
6521 4 2 192 2 1065 1420 1064 1616
6522 4 2 192 2 1079 297 1088 1378
6523 4 2 192 2 1083 309 1085 1500
6524 4 2 192 2 1309 1536 1162 1604
6525 4 2 192 2 1026 1539 1028 1542
6526 4 2 192 2 333 350 1356 1527
6527 4 2 192 2 951 948 947 1444
6528 4 2 192 2 755 842 870 1479
6529 4 2 192 2 1265 1483 1603 1615
6530 4 2 192 2 1290 1486 1221 1579
6531 4 2 192 2 1041 251 1039 1532
6532 4 2 192 2 1044 1046 1406 1536
6533 4 2 192 2 757 832 225 1579
6534 4 2 192 2 1221 1418 1324 1558
6535 4 2 192 2 1294 1488 1398 1538
6536 4 2 192 2 1345 1550 1135 1608
6537 4 2 192 2 1056 288 1411 1528
6538 4 2 192 2 1416 1417 1277 1561
6539 4 2 192 2 971 897 1007 1519
6540 4 2 192 2 1202 1431 1347 1615
6541 4 2 192 2 1310 1251 1409 1582
6542 4 2 192 2 303 1093 1383 1590
6543 4 2 192 2 539 532 553 1425
6544 4 2 192 2 769 770 756 1457
6545 4 2 192 2 1301 1473 1206 1493
6546 4 2 192 2 275 1037 276 1605
6547 4 2 192 2 1384 1454 1208 1497
6548 4 2 192 2 901 1016 984 1508
6549 4 2 192 2 1126 1158 1173 1510
6550 4 2 192 2 864 1366 817 1511
6551 4 2 192 2 304 1096 1092 1441
6552 4 2 192 2 596 490 580 1302
6553 4 2 192 2 1371 1485 1266 1500
6554 4 2 192 2 153 821 863 1171
6555 4 2 192 2 1303 1476 1205 1494
6556 4 2 192 2 1312 1592 1256 1594
6557 4 2 192 2 333 1356 1006 1527
6558 4 2 192 2 963 1006 383 1356
6559 4 2 192 2 1116 1143 1144 1378
6560 4 2 192 2 371 49 330 1001
6561 4 2 192 2 1318 1430 1269 1470
6562 4 2 192 2 546 33 585 377
6563 4 2 192 2 145 1122 725 1164
6564 4 2 192 2 138 490 1131 578
6565 4 2 192 2 586 525 590 1576
6566 4 2 192 2 1136 1135 1550 1608
6567 4 2 192 2 1258 1390 1334 1565
6568 4 2 192 2 1227 1412 1327 1513
6569 4 2 192 2 302 303 1093 1383
6570 4 2 192 2 1316 1423 1225 1609
6571 4 2 192 2 538 505 571 1563
6572 4 2 192 2 669 747 675 1610
6573 4 2 192 2 321 349 9 241
6574 4 2 192 2 1259 1399 1363 1432
6575 4 2 192 2 1083 291 1086 1463
6576 4 2 192 2 175 176 475 1339
6577 4 2 192 2 322 384 369 1424
6578 4 2 192 2 144 1130 1164 1496
6579 4 2 192 2 380 365 334 1520
6580 4 2 192 2 1011 991 943 1585
6581 4 2 192 2 888 1008 990 1438
6582 4 2 192 2 1273 1431 1347 1484
6583 4 2 192 2 1291 1503 1283 1575
6584 4 2 192 2 1062 289 1061 1498
6585 4 2 192 2 1219 1450 1377 1587
6586 4 2 192 2 694 642 717 1598
6587 4 2 192 2 1208 1384 1322 1456
6588 4 2 192 2 916 918 917 1357
6589 4 2 192 2 1225 1423 1316 1457
6590 4 2 192 2 323 345 343 1534
6591 4 2 192 2 725 677 1164 1496
6592 4 2 192 2 1231 1326 1427 1466
6593 4 2 192 2 1067 55 361 1069
6594 4 2 192 2 346 347 331 1426
6595 4 2 192 2 1308 1506 1202 1569
6596 4 2 192 2 836 226 832 1579
6597 4 2 192 2 1303 1494 1205 1532
6598 4 2 192 2 287 1381 286 1547
6599 4 2 192 2 1195 1392 1309 1604
6600 4 2 192 2 882 836 832 1486
6601 4 2 192 2 506 527 504 1382
6602 4 2 192 2 835 794 792 1481
6603 4 2 192 2 1308 1400 1276 1564
6604 4 2 192 2 1371 1485 1247 1578
6605 4 2 192 2 1084 307 1078 1543
6606 4 2 192 2 1209 1321 1387 1499
6607 4 2 192 2 324 12 260 376
6608 4 2 192 2 822 861 817 1366
6609 4 2 192 2 488 1461 202 1506
6610 4 2 192 2 1200 1517 1296 1529
6611 4 2 192 2 682 1145 147 1176
6612 4 2 192 2 1056 1061 288 1528
6613 4 2 192 2 251 1041 250 1391
6614 4 2 192 2 1212 1538 1294 1567
6615 4 2 192 2 676 630 628 1568
6616 4 2 192 2 1317 1405 1249 1515
6617 4 2 192 2 956 1443 237 1599
6618 4 2 192 2 958 909 968 1359
6619 4 2 192 2 963 51 352 383
6620 4 2 192 2 1294 1538 1255 1567
6621 4 2 192 2 1047 260 12 376
6622 4 2 192 2 1296 1517 1200 1558
6623 4 2 192 2 162 1066 1120 1068
6624 4 2 192 2 1205 1487 1303 1532
6625 4 2 192 2 879 878 761 1580
6626 4 2 192 2 1087 1467 1086 1594
6627 4 2 192 2 621 189 190 1363
6628 4 2 192 2 294 293 1436 1533
6629 4 2 192 2 308 1085 309 1371
6630 4 2 192 2 240 997 239 1345
6631 4 2 192 2 1161 1123 157 1438
6632 4 2 192 2 859 359 45 378
6633 4 2 192 2 718 37 368 1447
6634 4 2 192 2 1288 1547 1268 1572
6635 4 2 192 2 820 823 865 1379
6636 4 2 192 2 1334 1390 1285 1610
6637 4 2 192 2 1273 1425 1489 1560
6638 4 2 192 2 1262 1542 1290 1570
6639 4 2 192 2 1235 1429 1349 1512
6640 4 2 192 2 591 471 1564 1566
6641 4 2 192 2 715 640 694 1598
6642 4 2 192 2 1117 1154 1110 1400
6643 4 2 192 2 1210 1493 1473 1577
6644 4 2 192 2 1425 1489 1281 1525
6645 4 2 192 2 1292 1541 1208 1576
6646 4 2 192 2 810 765 859 1284
6647 4 2 192 2 1261 1287 1509 1563
6648 4 2 192 2 331 1426 347 1553
6649 4 2 192 2 945 1019 1468 1487
6650 4 2 192 2 1236 1547 1288 1572
6651 4 2 192 2 1026 1028 265 1542
6652 4 2 192 2 1253 1541 1292 1576
6653 4 2 192 2 713 711 620 1601
6654 4 2 192 2 1209 1490 1326 1535
6655 4 2 192 2 1213 1533 1295 1571
6656 4 2 192 2 37 329 368 1447
6657 4 2 192 2 830 770 1457 1562
6658 4 2 192 2 1297 1217 1505 1554
6659 4 2 192 2 859 45 860 378
6660 4 2 192 2 866 803 862 1567
6661 4 2 192 2 945 925 927 1487
6662 4 2 192 2 556 477 535 1560
6663 4 2 192 2 1290 1542 1230 1570
6664 4 2 192 2 1295 1533 1256 1571
6665 4 2 192 2 1088 297 1116 1378
6666 4 2 192 2 602 1470 528 1526
6667 4 2 192 2 1334 1565 1390 1610
6668 4 2 192 2 1242 1530 1286 1581
6669 4 2 192 2 1052 1054 286 1547
6670 4 2 192 2 1216 1475 1385 1594
6671 4 2 192 2 1238 1385 1329 1602
6672 4 2 192 2 932 1394 953 1521
6673 4 2 192 2 224 908 223 1369
6674 4 2 192 2 584 331 31 374
6675 4 2 192 2 1340 1376 1245 1580
6676 4 2 192 2 161 1046 1177 1119
6677 4 2 192 2 864 1168 151 1125
6678 4 2 192 2 825 771 851 1402
6679 4 2 192 2 686 632 712 1403
6680 4 2 192 2 577 499 495 1522
6681 4 2 192 2 904 963 962 1356
6682 4 2 192 2 858 768 884 1315
6683 4 2 192 2 1324 1375 1221 1579
6684 4 2 192 2 1002 352 330 1415
6685 4 2 192 2 326 361 55 1069
6686 4 2 192 2 575 171 473 1611
6687 4 2 192 2 1205 1339 1368 1588
6688 4 2 192 2 749 1125 152 1171
6689 4 2 192 2 248 1030 247 1388
6690 4 2 192 2 488 581 598 1308
6691 4 2 192 2 1204 1496 1320 1584
6692 4 2 192 2 987 923 925 1513
6693 4 2 192 2 1060 275 1059 1538
6694 4 2 192 2 652 651 653 1414
6695 4 2 192 2 321 241 1045 1537
6696 4 2 192 2 1138 1125 1139 1366
6697 4 2 192 2 1099 299 1097 1454
6698 4 2 192 2 294 1081 1082 1533
6699 4 2 192 2 1212 1416 1379 1417
6700 4 2 192 2 513 515 514 1577
6701 4 2 192 2 1125 1140 1139 1366
6702 4 2 192 2 528 508 510 1526
6703 4 2 192 2 282 283 1404 1446
6704 4 2 192 2 196 195 566 1328
6705 4 2 192 2 301 1094 1095 1541
6706 4 2 192 2 744 673 675 1610
6707 4 2 192 2 1086 1087 311 1467
6708 4 2 192 2 591 573 471 1566
6709 4 2 192 2 1569 1583 1204 1584
6710 4 2 192 2 182 181 965 1355
6711 4 2 192 2 1101 315 316 1569
6712 4 2 192 2 549 577 493 1386
6713 4 2 192 2 1253 1480 1383 1590
6714 4 2 192 2 179 477 556 1560
6715 4 2 192 2 294 1059 295 1609
6716 4 2 192 2 1242 1581 1286 1597
6717 4 2 192 2 1098 248 1509 1573
6718 4 2 192 2 1324 1418 1200 1558
6719 4 2 192 2 1245 1319 1410 1481
6720 4 2 192 2 680 681 627 1559
6721 4 2 192 2 198 199 686 1361
6722 4 2 192 2 571 503 540 1563
6723 4 2 192 2 1002 330 887 1415
6724 4 2 192 2 327 54 1091 384
6725 4 2 192 2 684 1380 726 1559
6726 4 2 192 2 819 239 238 1417
6727 4 2 192 2 1212 1379 1416 1445
6728 4 2 192 2 770 815 830 1457
6729 4 2 192 2 333 379 350 1527
6730 4 2 192 2 1342 1409 1251 1582
6731 4 2 192 2 626 720 671 1350
6732 4 2 192 2 341 35 338 745
6733 4 2 192 2 857 748 43 375
6734 4 2 192 2 766 239 819 1417
6735 4 2 192 2 235 899 234 1360
6736 4 2 192 2 345 346 331 1426
6737 4 2 192 2 996 159 998 1163
6738 4 2 192 2 756 825 218 1523
6739 4 2 192 2 168 167 897 1600
6740 4 2 192 2 1115 1136 1138 1608
6741 4 2 192 2 273 1398 1065 1616
6742 4 2 192 2 1319 1481 1245 1580
6743 4 2 192 2 1037 256 257 1516
6744 4 2 192 2 595 580 490 1302
6745 4 2 192 2 1168 150 816 864
6746 4 2 192 2 358 1460 357 1482
6747 4 2 192 2 1299 1543 1266 1601
6748 4 2 192 2 1098 248 1096 1509
6749 4 2 192 2 177 176 983 1588
6750 4 2 192 2 995 1161 157 1438
6751 4 2 192 2 1006 1356 904 1527
6752 4 2 192 2 849 826 789 1572
6753 4 2 192 2 994 993 916 1570
6754 4 2 192 2 813 797 837 1397
6755 4 2 192 2 173 561 172 1354
6756 4 2 192 2 1228 1543 1299 1601
6757 4 2 192 2 382 370 369 1350
6758 4 2 192 2 977 981 892 1478
6759 4 2 192 2 331 470 32 377
6760 4 2 192 2 900 992 993 1570
6761 4 2 192 2 672 625 688 1565
6762 4 2 192 2 1349 1429 1228 1512
6763 4 2 192 2 1318 1470 1269 1614
6764 4 2 192 2 534 581 488 1308
6765 4 2 192 2 1162 1536 1177 1604
6766 4 2 192 2 260 1055 1067 1504
6767 4 2 192 2 864 749 817 1366
6768 4 2 192 2 238 956 237 1599
6769 4 2 192 2 1225 1523 1316 1609
6770 4 2 192 2 884 203 858 1520
6771 4 2 192 2 506 504 505 1382
6772 4 2 192 2 726 684 723 1380
6773 4 2 192 2 1222 1540 1382 1614
6774 4 2 192 2 1101 1483 1102 1615
6775 4 2 192 2 815 769 767 1457
6776 4 2 192 2 303 1092 1093 1590
6777 4 2 192 2 1245 1376 1319 1580
6778 4 2 192 2 249 1586 1573 1597
6779 4 2 192 2 1199 1427 1326 1466
6780 4 2 192 2 920 919 918 1477
6781 4 2 192 2 144 725 677 1164
6782 4 2 192 2 371 353 340 1341
6783 4 2 192 2 367 41 339 884
6784 4 2 192 2 964 887 960 1415
6785 4 2 192 2 332 360 361 1408
6786 4 2 192 2 1443 1488 1294 1605
6787 4 2 192 2 48 371 959 1001
6788 4 2 192 2 1383 1480 1218 1590
6789 4 2 192 2 1090 1121 1169 1584
6790 4 2 192 2 658 698 674 1396
6791 4 2 192 2 1406 1561 1345 1608
6792 4 2 192 2 580 183 596 1510
6793 4 2 192 2 311 310 1086 1467
6794 4 2 192 2 1295 1475 1385 1602
6795 4 2 192 2 677 1130 144 1496
6796 4 2 192 2 1321 1387 1232 1589
6797 4 2 192 2 858 204 764 1524
6798 4 2 192 2 140 579 471 1564
6799 4 2 192 2 1274 1509 1382 1563
6800 4 2 192 2 824 224 223 1369
6801 4 2 192 2 1079 1320 1088 1584
6802 4 2 192 2 259 21 1157 1118
6803 4 2 192 2 1273 1489 1425 1525
6804 4 2 192 2 302 301 1448 1541
6805 4 2 192 2 602 528 569 1526
6806 4 2 192 2 752 849 848 1572
6807 4 2 192 2 677 144 1164 1496
6808 4 2 192 2 895 966 910 1458
6809 4 2 192 2 790 843 807 1580
6810 4 2 192 2 811 1495 812 1524
6811 4 2 192 2 861 775 830 1562
6812 4 2 192 2 727 664 723 1571
6813 4 2 192 2 142 1127 598 1152
6814 4 2 192 2 1126 17 1015 1510
6815 4 2 192 2 587 586 550 1384
6816 4 2 192 2 1129 240 868 1550
6817 4 2 192 2 1159 596 17 1510
6818 4 2 192 2 1065 273 274 1398
6819 4 2 192 2 504 503 505 1563
6820 4 2 192 2 1165 1046 1119 1406
6821 4 2 192 2 618 685 732 1574
6822 4 2 192 2 717 644 690 1485
6823 4 2 192 2 544 487 545 1497
6824 4 2 192 2 1310 1548 1211 1595
6825 4 2 192 2 1343 1445 1225 1562
6826 4 2 192 2 529 512 514 1473
6827 4 2 192 2 278 1406 1165 1608
6828 4 2 192 2 1111 1389 346 1534
6829 4 2 192 2 238 819 1417 1599
6830 4 2 192 2 488 202 201 1506
6831 4 2 192 2 675 747 609 1447
6832 4 2 192 2 885 336 46 359
6833 4 2 192 2 1143 1128 1176 1492
6834 4 2 192 2 1248 1409 1342 1582
6835 4 2 192 2 1154 1124 1155 1566
6836 4 2 192 2 1196 1438 1309 1536
6837 4 2 192 2 883 858 812 1524
6838 4 2 192 2 1128 1143 1172 1492
6839 4 2 192 2 332 748 44 378
6840 4 2 192 2 929 931 946 1476
6841 4 2 192 2 1034 1412 1586 1596
6842 4 2 192 2 884 367 6 1520
6843 4 2 192 2 1165 1406 1135 1608
6844 4 2 192 2 519 518 517 1546
6845 4 2 192 2 826 852 787 1507
6846 4 2 192 2 338 342 341 1353
6847 4 2 192 2 334 746 6 1520
6848 4 2 192 2 768 858 883 1315
6849 4 2 192 2 358 336 357 1460
6850 4 2 192 2 1102 1101 258 1483
6851 4 2 192 2 372 327 1091 1419
6852 4 2 192 2 1133 1013 155 1134
6853 4 2 192 2 1297 1505 1332 1554
6854 4 2 192 2 1035 1044 1406 1536
6855 4 2 192 2 783 782 784 1505
6856 4 2 192 2 1151 1150 1127 1461
6857 4 2 192 2 968 960 958 1359
6858 4 2 192 2 294 1533 1436 1609
6859 4 2 192 2 1002 352 50 330
6860 4 2 192 2 184 335 589 1606
6861 4 2 192 2 1086 292 1087 1594
6862 4 2 192 2 1150 1461 1151 1583
6863 4 2 192 2 724 1122 146 1145
6864 4 2 192 2 656 655 657 1422
6865 4 2 192 2 1239 1548 1310 1595
6866 4 2 192 2 644 643 645 1450
6867 4 2 192 2 240 1013 997 1345
6868 4 2 192 2 1213 1545 1316 1609
6869 4 2 192 2 512 513 514 1577
6870 4 2 192 2 1267 1586 1412 1596
6871 4 2 192 2 690 646 713 1601
6872 4 2 192 2 1281 1489 1425 1560
6873 4 2 192 2 885 765 222 1460
6874 4 2 192 2 1379 1416 1201 1417
6875 4 2 192 2 758 217 825 1602
6876 4 2 192 2 1375 1458 1232 1589
6877 4 2 192 2 1390 1565 1198 1610
6878 4 2 192 2 1388 1508 1293 1611
6879 4 2 192 2 1246 1420 1329 1549
6880 4 2 192 2 495 493 577 1386
6881 4 2 192 2 1015 1163 160 1126
6882 4 2 192 2 1214 1491 1336 1574
6883 4 2 192 2 291 1064 292 1420
6884 4 2 192 2 628 728 677 1496
6885 4 2 192 2 519 535 553 1546
6886 4 2 192 2 959 958 960 1341
6887 4 2 192 2 1231 1456 1322 1552
6888 4 2 192 2 361 362 332 1408
6889 4 2 192 2 956 970 894 1443
6890 4 2 192 2 596 1159 137 1131
6891 4 2 192 2 588 489 542 1553
6892 4 2 192 2 374 337 30 1553
6893 4 2 192 2 165 1006 904 1527
6894 4 2 192 2 746 334 40 370
6895 4 2 192 2 217 216 616 1602
6896 4 2 192 2 348 347 1389 1553
6897 4 2 192 2 1345 1406 1196 1561
6898 4 2 192 2 1223 1472 1393 1519
6899 4 2 192 2 787 786 788 1451
6900 4 2 192 2 624 684 680 1559
6901 4 2 192 2 1450 1485 1298 1500
6902 4 2 192 2 212 759 850 1501
6903 4 2 192 2 1122 1144 1145 1428
6904 4 2 192 2 1361 1435 1237 1593
6905 4 2 192 2 945 986 1019 1487
6906 4 2 192 2 1100 1098 306 1540
6907 4 2 192 2 617 630 631 1568
6908 4 2 192 2 1473 1493 1301 1577
6909 4 2 192 2 1004 1499 967 1535
6910 4 2 192 2 30 584 374 1553
6911 4 2 192 2 768 339 41 884
6912 4 2 192 2 349 325 9 241
6913 4 2 192 2 370 39 720 721
6914 4 2 192 2 1001 960 887 1341
6915 4 2 192 2 1122 610 145 725
6916 4 2 192 2 1129 1136 1135 1550
6917 4 2 192 2 1249 1360 1401 1521
6918 4 2 192 2 1316 1545 1213 1559
6919 4 2 192 2 478 168 549 1600
6920 4 2 192 2 996 888 158 1175
6921 4 2 192 2 202 598 1127 1461
6922 4 2 192 2 1122 146 610 724
6923 4 2 192 2 1117 1153 1154 1400
6924 4 2 192 2 885 222 336 1460
6925 4 2 192 2 942 915 991 1472
6926 4 2 192 2 1148 1123 1178 1438
6927 4 2 192 2 887 330 49 1001
6928 4 2 192 2 1152 1170 1153 1564
6929 4 2 192 2 328 353 373 1413
6930 4 2 192 2 278 1165 22 1608
6931 4 2 192 2 1045 1413 373 1537
6932 4 2 192 2 507 509 508 1421
6933 4 2 192 2 50 1002 330 887
6934 4 2 192 2 381 353 328 1413
6935 4 2 192 2 626 203 746 1520
6936 4 2 192 2 1451 1507 1289 1528
6937 4 2 192 2 385 329 355 1447
6938 4 2 192 2 1145 147 724 682
6939 4 2 192 2 184 341 7 335
6940 4 2 192 2 963 352 51 1002
6941 4 2 192 2 1028 1026 246 1539
6942 4 2 192 2 253 1409 254 1548
6943 4 2 192 2 240 1129 20 1134
6944 4 2 192 2 548 606 488 1506
6945 4 2 192 2 1267 1412 1352 1596
6946 4 2 192 2 1015 183 905 1510
6947 4 2 192 2 1286 1391 1468 1530
6948 4 2 192 2 1045 241 1033 1537
6949 4 2 192 2 202 488 598 1461
6950 4 2 192 2 221 1128 19 1160
6951 4 2 192 2 1202 1506 1373 1569
6952 4 2 192 2 809 828 871 1558
6953 4 2 192 2 311 1108 1109 1503
6954 4 2 192 2 285 284 1433 1434
6955 4 2 192 2 332 43 748 375
6956 4 2 192 2 252 1040 1039 1494
6957 4 2 192 2 748 886 860 1408
6958 4 2 192 2 1488 1538 1294 1605
6959 4 2 192 2 35 338 745 629
6960 4 2 192 2 953 932 930 1394
6961 4 2 192 2 1316 1545 1423 1609
6962 4 2 192 2 490 596 137 1131
6963 4 2 192 2 1126 1159 17 1510
6964 4 2 192 2 1066 1139 1120 1370
6965 4 2 192 2 335 342 343 1606
6966 4 2 192 2 306 305 1076 1429
6967 4 2 192 2 520 522 552 1484
6968 4 2 192 2 165 333 1006 1527
6969 4 2 192 2 1373 1506 1204 1569
6970 4 2 192 2 1106 1107 309 1493
6971 4 2 192 2 578 1167 139 1566
6972 4 2 192 2 636 726 723 1380
6973 4 2 192 2 1056 288 287 1411
6974 4 2 192 2 374 331 347 1553
6975 4 2 192 2 1266 1485 1450 1500
6976 4 2 192 2 524 552 607 1484
6977 4 2 192 2 1044 161 1046 1177
6978 4 2 192 2 956 894 237 1443
6979 4 2 192 2 1268 1507 1451 1528
6980 4 2 192 2 307 308 1430 1543
6981 4 2 192 2 777 776 778 1591
6982 4 2 192 2 637 639 638 1592
6983 4 2 192 2 367 334 6 1520
6984 4 2 192 2 1114 1162 1177 1604
6985 4 2 192 2 556 559 482 1582
6986 4 2 192 2 595 578 573 1566
6987 4 2 192 2 974 893 975 1595
6988 4 2 192 2 1114 1044 21 259
6989 4 2 192 2 322 279 10 1089
6990 4 2 192 2 1167 1124 139 1566
6991 4 2 192 2 1495 1517 1272 1529
6992 4 2 192 2 562 481 563 1581
6993 4 2 192 2 1382 1509 1274 1540
6994 4 2 192 2 54 1089 1091 384
6995 4 2 192 2 588 165 489 1527
6996 4 2 192 2 325 346 1111 1389
6997 4 2 192 2 8 356 336 1460
6998 4 2 192 2 17 596 183 1510
6999 4 2 192 2 1356 1415 1254 1537
7000 4 2 192 2 377 345 331 1426
7001 4 2 192 2 382 38 721 609
7002 4 2 192 2 304 305 1096 1441
7003 4 2 192 2 261 1055 260 1504
7004 4 2 192 2 573 530 523 1603
7005 4 2 192 2 811 812 764 1524
7006 4 2 192 2 274 1488 275 1538
7007 4 2 192 2 1035 1036 258 1392
7008 4 2 192 2 766 868 240 1550
7009 4 2 192 2 995 990 1012 1438
7010 4 2 192 2 270 1061 269 1442
7011 4 2 192 2 1013 907 1133 155
7012 4 2 192 2 1384 1456 1282 1552
7013 4 2 192 2 719 629 745 1353
7014 4 2 192 2 767 816 815 1511
7015 4 2 192 2 17 183 1015 1510
7016 4 2 192 2 290 291 1083 1463
7017 4 2 192 2 298 1111 1112 1534
7018 4 2 192 2 888 1123 158 1175
7019 4 2 192 2 920 918 957 1477
7020 4 2 192 2 838 207 208 1514
7021 4 2 192 2 226 966 225 1579
7022 4 2 192 2 495 499 498 1522
7023 4 2 192 2 569 528 510 1526
7024 4 2 192 2 186 187 688 1449
7025 4 2 192 2 588 366 165 1527
7026 4 2 192 2 1382 1509 1287 1563
7027 4 2 192 2 888 157 1123 1438
7028 4 2 192 2 272 1063 271 1440
7029 4 2 192 2 642 640 641 1598
7030 4 2 192 2 1149 18 1127 1461
7031 4 2 192 2 219 756 218 1523
7032 4 2 192 2 184 589 487 1606
7033 4 2 192 2 1116 1142 1143 1378
7034 4 2 192 2 238 763 819 1599
7035 4 2 192 2 278 22 1115 1608
7036 4 2 192 2 717 714 615 1578
7037 4 2 192 2 1296 1517 1495 1529
7038 4 2 192 2 673 1565 662 1610
7039 4 2 192 2 222 1005 356 1460
7040 4 2 192 2 728 1130 677 1496
7041 4 2 192 2 1322 1456 1384 1552
7042 4 2 192 2 295 296 1080 1545
7043 4 2 192 2 1100 250 249 1597
7044 4 2 192 2 945 927 986 1487
7045 4 2 192 2 878 879 843 1580
7046 4 2 192 2 348 347 325 1389
7047 4 2 192 2 243 242 1427 1490
7048 4 2 192 2 169 170 483 1437
7049 4 2 192 2 497 586 587 1384
7050 4 2 192 2 262 261 1031 1455
7051 4 2 192 2 170 169 889 1437
7052 4 2 192 2 834 881 882 1486
7053 4 2 192 2 1120 1140 1141 1370
7054 4 2 192 2 684 726 681 1559
7055 4 2 192 2 976 932 953 1521
7056 4 2 192 2 728 202 1149 1461
7057 4 2 192 2 850 211 212 1501
7058 4 2 192 2 221 220 627 1492
7059 4 2 192 2 1115 1066 278 1608
7060 4 2 192 2 259 1101 1110 1483
7061 4 2 192 2 286 287 1076 1381
7062 4 2 192 2 748 814 886 1408
7063 4 2 192 2 540 576 575 1372
7064 4 2 192 2 1345 1201 1550 1608
7065 4 2 192 2 884 6 203 1520
7066 4 2 192 2 22 1165 1115 1608
7067 4 2 192 2 612 674 698 1396
7068 4 2 192 2 281 280 1459 1491
7069 4 2 192 2 1105 307 308 1430
7070 4 2 192 2 867 816 767 1511
7071 4 2 192 2 1277 1443 1599 1605
7072 4 2 192 2 509 507 562 1421
7073 4 2 192 2 1138 1136 1137 1550
7074 4 2 192 2 295 1423 296 1545
7075 4 2 192 2 645 643 666 1450
7076 4 2 192 2 151 864 1125 749
7077 4 2 192 2 679 706 621 1432
7078 4 2 192 2 868 821 1137 1550
7079 4 2 192 2 6 746 203 1520
7080 4 2 192 2 788 786 806 1451
7081 4 2 192 2 1072 282 283 1404
7082 4 2 192 2 1034 1041 269 1596
7083 4 2 192 2 281 1075 280 1491
7084 4 2 192 2 264 265 1502 1542
7085 4 2 192 2 706 679 654 1432
7086 4 2 192 2 1130 1174 1146 1496
7087 4 2 192 2 546 585 547 1426
7088 4 2 192 2 545 550 544 1497
7089 4 2 192 2 1097 243 242 1427
7090 4 2 192 2 492 541 491 1466
7091 4 2 192 2 331 31 470 584
7092 4 2 192 2 848 209 210 1474
7093 4 2 192 2 323 53 346 1534
7094 4 2 192 2 730 731 708 1475
7095 4 2 192 2 934 936 935 1515
7096 4 2 192 2 376 358 357 1482
7097 4 2 192 2 962 1004 967 1535
7098 4 2 192 2 231 898 230 1531
7099 4 2 192 2 813 837 751 1397
7100 4 2 192 2 687 710 613 1512
7101 4 2 192 2 562 538 481 1581
7102 4 2 192 2 676 631 630 1568
7103 4 2 192 2 1111 1099 1389 1534
7104 4 2 192 2 171 901 172 1611
7105 4 2 192 2 362 326 363 1374
7106 4 2 192 2 209 701 210 1474
7107 4 2 192 2 259 258 1101 1483
7108 4 2 192 2 749 822 817 1366
7109 4 2 192 2 995 157 888 1438
7110 4 2 192 2 302 1094 301 1541
7111 4 2 192 2 718 609 37 1447
7112 4 2 192 2 559 536 482 1582
7113 4 2 192 2 256 255 1104 1489
7114 4 2 192 2 1152 598 142 581
7115 4 2 192 2 651 668 653 1414
7116 4 2 192 2 1400 1308 1569 1583
7117 4 2 192 2 1177 1162 1148 1536
7118 4 2 192 2 675 718 744 1447
7119 4 2 192 2 800 808 801 1517
7120 4 2 192 2 53 1111 346 1534
7121 4 2 192 2 471 1124 1564 1566
7122 4 2 192 2 589 344 546 1606
7123 4 2 192 2 966 994 910 1458
7124 4 2 192 2 160 998 1163 1015
7125 4 2 192 2 1023 948 951 1444
7126 4 2 192 2 1019 1018 945 1468
7127 4 2 192 2 726 636 722 1380
7128 4 2 192 2 609 382 38 329
7129 4 2 192 2 324 260 12 1067
7130 4 2 192 2 253 1109 254 1409
7131 4 2 192 2 609 329 37 1447
7132 4 2 192 2 261 1053 1055 1504
7133 4 2 192 2 855 854 833 1549
7134 4 2 192 2 620 690 713 1601
7135 4 2 192 2 776 777 773 1591
7136 4 2 192 2 637 638 634 1592
7137 4 2 192 2 321 351 350 1537
7138 4 2 192 2 1070 304 303 1399
7139 4 2 192 2 262 263 1051 1418
7140 4 2 192 2 655 695 657 1422
7141 4 2 192 2 720 721 671 1350
7142 4 2 192 2 542 30 337 1553
7143 4 2 192 2 747 671 721 1350
7144 4 2 192 2 601 474 600 1614
7145 4 2 192 2 976 953 899 1521
7146 4 2 192 2 343 345 344 1606
7147 4 2 192 2 1117 164 1110 1154
7148 4 2 192 2 1004 999 914 1499
7149 4 2 192 2 470 543 547 1426
7150 4 2 192 2 614 738 737 1587
7151 4 2 192 2 272 1042 273 1401
7152 4 2 192 2 1423 1545 295 1609
7153 4 2 192 2 737 705 666 1587
7154 4 2 192 2 144 677 728 1130
7155 4 2 192 2 1082 293 294 1533
7156 4 2 192 2 1060 274 275 1538
7157 4 2 192 2 179 556 178 1471
7158 4 2 192 2 632 634 712 1403
7159 4 2 192 2 771 773 851 1402
7160 4 2 192 2 892 232 233 1544
7161 4 2 192 2 1048 285 284 1433
7162 4 2 192 2 959 340 48 1005
7163 4 2 192 2 582 497 587 1384
7164 4 2 192 2 1265 1603 1347 1615
7165 4 2 192 2 1033 1413 1045 1537
7166 4 2 192 2 1147 1135 1165 1406
7167 4 2 192 2 644 717 642 1485
7168 4 2 192 2 273 1065 1064 1616
7169 4 2 192 2 1158 1114 1157 1604
7170 4 2 192 2 277 1058 276 1416
7171 4 2 192 2 480 187 186 1449
7172 4 2 192 2 1286 1586 1391 1597
7173 4 2 192 2 594 592 574 1480
7174 4 2 192 2 982 175 174 1530
7175 4 2 192 2 833 854 779 1549
7176 4 2 192 2 250 1391 1586 1597
7177 4 2 192 2 278 1115 22 1066
7178 4 2 192 2 729 1128 221 1492
7179 4 2 192 2 672 662 673 1565
7180 4 2 192 2 801 812 811 1495
7181 4 2 192 2 932 931 930 1394
7182 4 2 192 2 359 46 885 859
7183 4 2 192 2 163 1166 1090 1088
7184 4 2 192 2 1116 1088 23 297
7185 4 2 192 2 342 354 372 1419
7186 4 2 192 2 906 1005 222 1460
7187 4 2 192 2 1049 264 265 1502
7188 4 2 192 2 939 969 937 1518
7189 4 2 192 2 720 746 40 370
7190 4 2 192 2 1084 308 307 1543
7191 4 2 192 2 993 994 900 1570
7192 4 2 192 2 243 1031 242 1490
7193 4 2 192 2 202 728 628 1461
7194 4 2 192 2 822 749 863 1366
7195 4 2 192 2 1148 1119 1177 1536
7196 4 2 192 2 313 312 1082 1435
7197 4 2 192 2 293 1060 294 1436
7198 4 2 192 2 801 811 799 1495
7199 4 2 192 2 1045 1047 56 373
7200 4 2 192 2 1016 1014 989 1508
7201 4 2 192 2 533 523 532 1603
7202 4 2 192 2 516 593 558 1575
7203 4 2 192 2 830 772 770 1562
7204 4 2 192 2 281 280 1053 1459
7205 4 2 192 2 946 1020 986 1476
7206 4 2 192 2 852 785 787 1507
7207 4 2 192 2 1136 1165 1135 1608
7208 4 2 192 2 981 954 892 1478
7209 4 2 192 2 752 826 849 1572
7210 4 2 192 2 974 179 178 1471
7211 4 2 192 2 299 300 1097 1454
7212 4 2 192 2 263 1029 1027 1589
7213 4 2 192 2 275 1538 1488 1605
7214 4 2 192 2 295 1058 296 1423
7215 4 2 192 2 9 1045 321 241
7216 4 2 192 2 610 724 683 1428
7217 4 2 192 2 603 569 529 1473
7218 4 2 192 2 351 330 352 1415
7219 4 2 192 2 1094 245 244 1453
7220 4 2 192 2 524 520 552 1484
7221 4 2 192 2 201 548 488 1506
7222 4 2 192 2 251 1107 252 1452
7223 4 2 192 2 982 1018 1019 1468
7224 4 2 192 2 570 600 527 1614
7225 4 2 192 2 1066 1120 1139 162
7226 4 2 192 2 1098 249 248 1573
7227 4 2 192 2 551 494 497 1552
7228 4 2 192 2 8 222 356 1460
7229 4 2 192 2 602 601 528 1470
7230 4 2 192 2 534 591 579 1564
7231 4 2 192 2 807 835 792 1481
7232 4 2 192 2 324 358 376 1482
7233 4 2 192 2 615 714 195 1578
7234 4 2 192 2 731 730 616 1475
7235 4 2 192 2 165 366 5 1527
7236 4 2 192 2 372 11 323 1112
7237 4 2 192 2 285 1070 284 1434
7238 4 2 192 2 821 868 766 1550
7239 4 2 192 2 870 847 869 1479
7240 4 2 192 2 1121 1174 1169 1584
7241 4 2 192 2 471 139 1124 1566
7242 4 2 192 2 1038 256 1037 1516
7243 4 2 192 2 274 1038 275 1488
7244 4 2 192 2 250 1586 249 1597
7245 4 2 192 2 165 5 333 1527
7246 4 2 192 2 8 336 222 1460
7247 4 2 192 2 348 337 347 1553
7248 4 2 192 2 595 573 533 1603
7249 4 2 192 2 836 882 881 1486
7250 4 2 192 2 1050 283 282 1446
7251 4 2 192 2 487 589 546 1606
7252 4 2 192 2 578 139 471 1566
7253 4 2 192 2 1072 302 301 1448
7254 4 2 192 2 1026 265 264 1542
7255 4 2 192 2 1149 202 18 1461
7256 4 2 192 2 1045 373 321 1537
7257 4 2 192 2 1042 253 254 1548
7258 4 2 192 2 1176 1128 729 1492
7259 4 2 192 2 222 336 8 885
7260 4 2 192 2 1069 10 326 364
7261 4 2 192 2 742 741 611 1395
7262 4 2 192 2 1054 287 286 1547
7263 4 2 192 2 1127 202 18 598
7264 4 2 192 2 944 923 987 1513
7265 4 2 192 2 327 1091 11 372
7266 4 2 192 2 880 835 807 1481
7267 4 2 192 2 745 184 719 1353
7268 4 2 192 2 729 627 682 1492
7269 4 2 192 2 692 730 727 1571
7270 4 2 192 2 1120 1139 1140 1370
7271 4 2 192 2 337 588 542 1553
7272 4 2 192 2 289 1062 290 1498
7273 4 2 192 2 355 369 384 1424
7274 4 2 192 2 839 231 230 1531
7275 4 2 192 2 202 1127 18 1461
7276 4 2 192 2 609 718 675 1447
7277 4 2 192 2 710 687 650 1512
7278 4 2 192 2 871 873 757 1558
7279 4 2 192 2 366 333 5 1527
7280 4 2 192 2 30 542 584 1553
7281 4 2 192 2 247 246 1092 1462
7282 4 2 192 2 684 681 680 1559
7283 4 2 192 2 962 961 904 1535
7284 4 2 192 2 590 592 554 1576
7285 4 2 192 2 937 938 939 1518
7286 4 2 192 2 815 770 769 1457
7287 4 2 192 2 696 741 742 1395
7288 4 2 192 2 1130 1146 1164 1496
7289 4 2 192 2 1129 868 1137 1550
7290 4 2 192 2 888 990 995 1438
7291 4 2 192 2 782 805 784 1505
7292 4 2 192 2 602 565 601 1470
7293 4 2 192 2 869 866 831 1567
7294 4 2 192 2 1016 901 1014 1508
7295 4 2 192 2 34 344 589 335
7296 4 2 192 2 986 929 946 1476
7297 4 2 192 2 1129 868 154 1137
7298 4 2 192 2 361 324 55 1067
7299 4 2 192 2 944 987 1017 1513
7300 4 2 192 2 207 697 208 1514
7301 4 2 192 2 325 347 346 1389
7302 4 2 192 2 985 1011 1014 1585
7303 4 2 192 2 512 529 569 1473
7304 4 2 192 2 541 489 491 1466
7305 4 2 192 2 472 592 594 1480
7306 4 2 192 2 734 743 693 1439
7307 4 2 192 2 265 266 1048 1555
7308 4 2 192 2 1066 1139 1115 162
7309 4 2 192 2 971 1007 1009 1519
7310 4 2 192 2 812 858 764 1524
7311 4 2 192 2 675 673 662 1610
7312 4 2 192 2 346 345 323 1534
7313 4 2 192 2 663 743 734 1439
7314 4 2 192 2 551 492 494 1552
7315 4 2 192 2 335 344 589 1606
7316 4 2 192 2 1142 23 1120 1068
7317 4 2 192 2 1117 1169 1151 1583
7318 4 2 192 2 755 870 869 1479
7319 4 2 192 2 233 232 841 1544
7320 4 2 192 2 298 1099 1111 1534
7321 4 2 192 2 326 362 361 1374
7322 4 2 192 2 675 662 669 1610
7323 4 2 192 2 257 256 1103 1525
7324 4 2 192 2 5 52 1006 333
7325 4 2 192 2 167 168 478 1600
7326 4 2 192 2 775 772 830 1562
7327 4 2 192 2 601 600 570 1614
7328 4 2 192 2 729 148 19 1128
7329 4 2 192 2 1165 1046 22 1119
7330 4 2 192 2 589 184 7 335
7331 4 2 192 2 1006 165 5 333
7332 4 2 192 2 815 816 817 1511
7333 4 2 192 2 677 725 678 1496
7334 4 2 192 2 868 20 1129 154
7335 4 2 192 2 1003 967 1004 1499
7336 4 2 192 2 705 737 738 1587
7337 4 2 192 2 175 563 174 1530
7338 4 2 192 2 868 1129 20 240
7339 4 2 192 2 19 1160 149 867
7340 4 2 192 2 471 573 578 1566
7341 4 2 192 2 589 7 34 335
7342 4 2 192 2 934 952 936 1515
7343 4 2 192 2 1118 259 21 1110
7344 4 2 192 2 962 967 961 1535
7345 4 2 192 2 963 1002 964 1415
7346 4 2 192 2 1009 1007 942 1519
7347 4 2 192 2 216 217 758 1602
7348 4 2 192 2 1090 1121 1166 163
7349 4 2 192 2 172 473 171 1611
7350 4 2 192 2 907 156 1133 155
7351 4 2 192 2 1119 1147 1165 1406
7352 4 2 192 2 1128 19 729 221
7353 4 2 192 2 1150 1151 1169 1583
7354 4 2 192 2 366 5 588 165
7355 4 2 192 2 588 29 5 366
7356 4 2 192 2 505 503 571 1563
7357 4 2 192 2 373 1047 56 328
7358 4 2 192 2 745 341 7 184
7359 4 2 192 2 739 622 740 1464
7360 4 2 192 2 588 337 29 366
7361 4 2 192 2 1160 19 221 867
7362 4 2 192 2 579 591 471 1564
7363 4 2 192 2 327 372 354 1419
7364 4 2 192 2 808 800 809 1517
7365 4 2 192 2 525 592 590 1576
7366 4 2 192 2 1005 340 47 356
7367 4 2 192 2 517 535 519 1546
7368 4 2 192 2 325 1111 9 241
7369 4 2 192 2 1114 1158 1162 1604
7370 4 2 192 2 1160 149 867 1132
7371 4 2 192 2 816 864 817 1511
7372 4 2 192 2 1118 1110 164 1154
7373 4 2 192 2 54 322 1089 384
7374 4 2 192 2 161 1044 1114 1177
7375 4 2 192 2 873 871 828 1558
7376 4 2 192 2 1011 943 1014 1585
7377 4 2 192 2 879 807 843 1580
7378 4 2 192 2 1111 53 346 325
7379 4 2 192 2 1149 143 728 1130
7380 4 2 192 2 338 35 36 629
7381 4 2 192 2 1176 147 682 729
7382 4 2 192 2 869 803 866 1567
7383 4 2 192 2 1176 148 729 1128
7384 4 2 192 2 333 52 1006 383
7385 4 2 192 2 1036 276 1037 1607
7386 4 2 192 2 1006 51 963 383
7387 4 2 192 2 727 730 664 1571
7388 4 2 192 2 868 821 153 1137
7389 4 2 192 2 344 546 33 589
7390 4 2 192 2 1003 1004 914 1499
7391 4 2 192 2 150 867 1132 816
7392 4 2 192 2 30 542 337 588
7393 4 2 192 2 1113 1169 24 1117
7394 4 2 192 2 226 225 832 1579
7395 4 2 192 2 1006 963 904 1356
7396 4 2 192 2 1002 887 964 1415
7397 4 2 192 2 20 1013 240 1134
7398 4 2 192 2 470 547 585 1426
7399 4 2 192 2 763 238 237 1599
7400 4 2 192 2 321 1045 56 373
7401 4 2 192 2 1088 163 1166 1116
7402 4 2 192 2 250 1034 249 1586
7403 4 2 192 2 642 694 640 1598
7404 4 2 192 2 145 146 610 1122
7405 4 2 192 2 704 739 740 1464
7406 4 2 192 2 321 373 351 1537
7407 4 2 192 2 1005 8 222 356
7408 4 2 192 2 1000 1021 975 1595
7409 4 2 192 2 983 176 902 1588
7410 4 2 192 2 157 888 1123 158
7411 4 2 192 2 490 137 138 1131
7412 4 2 192 2 672 673 625 1565
7413 4 2 192 2 584 542 543 1553
7414 4 2 192 2 357 336 356 1460
7415 4 2 192 2 728 202 18 1149
7416 4 2 192 2 1149 1127 1150 1461
7417 4 2 192 2 1001 959 960 1341
7418 4 2 192 2 322 10 54 1089
7419 4 2 192 2 161 1044 21 1114
7420 4 2 192 2 1121 1169 24 1090
7421 4 2 192 2 330 49 50 887
7422 4 2 192 2 1178 1123 1161 1438
7423 4 2 192 2 339 41 42 768
7424 4 2 192 2 728 18 143 1149
7425 4 2 192 2 368 329 385 1447
7426 4 2 192 2 1170 141 140 579
7427 4 2 192 2 902 1020 983 1588
7428 4 2 192 2 749 1125 151 152
7429 4 2 192 2 137 17 1159 596
7430 4 2 192 2 1005 47 8 356
7431 4 2 192 2 328 1047 12 376
7432 4 2 192 2 604 516 558 1575
7433 4 2 192 2 670 732 735 1574
7434 4 2 192 2 1170 1124 1153 1564
7435 4 2 192 2 6 41 367 884
7436 4 2 192 2 558 583 604 1575
7437 4 2 192 2 1159 1126 1173 1510
7438 4 2 192 2 609 38 37 329
7439 4 2 192 2 470 32 31 331
7440 4 2 192 2 724 682 683 1428
7441 4 2 192 2 380 334 367 1520
7442 4 2 192 2 533 573 523 1603
7443 4 2 192 2 471 139 140 1124
7444 4 2 192 2 40 6 334 746
7445 4 2 192 2 1129 1137 1136 1550
7446 4 2 192 2 368 36 37 718
7447 4 2 192 2 56 9 1045 321
7448 4 2 192 2 23 163 1088 1116
7449 4 2 192 2 47 48 340 1005
7450 4 2 192 2 1152 142 141 581
7451 4 2 192 2 1015 160 17 1126
7452 4 2 192 2 159 998 1163 160
7453 4 2 192 2 43 42 857 375
7454 4 2 192 2 860 45 44 378
7455 4 2 192 2 143 144 728 1130
7456 4 2 192 2 45 46 359 859
7457 4 2 192 2 720 40 39 370
7458 4 2 192 2 335 343 344 1606
7459 4 2 192 2 379 333 366 1527
7460 4 2 192 2 159 996 158 1175
7461 4 2 192 2 748 44 43 332
7462 4 2 192 2 347 337 374 1553
7463 4 2 192 2 732 685 735 1574
7464 4 2 192 2 1115 1165 1136 1608
7465 4 2 192 2 975 893 1000 1595
7466 4 2 192 2 156 1161 157 995
7467 4 2 192 2 1167 139 138 578
7468 4 2 192 2 33 34 344 589
7469 4 2 192 2 146 147 724 1145
7470 4 2 192 2 153 154 868 1137
7471 4 2 192 2 352 50 51 1002
7472 4 2 192 2 337 29 30 588
7473 4 2 192 2 382 38 39 721
7474 4 2 192 2 1132 149 867 150
7475 4 2 192 2 336 46 8 885
7476 4 2 192 2 729 221 627 1492
7477 4 2 192 2 1155 1124 1167 1566
7478 4 2 192 2 1127 18 142 598
7479 4 2 192 2 725 144 145 1164
7480 4 2 192 2 324 12 55 1067
7481 4 2 192 2 371 48 49 1001
7482 4 2 192 2 150 1168 151 864
7483 4 2 192 2 1066 1115 22 162
7484 4 2 192 2 31 30 584 374
7485 4 2 192 2 52 51 1006 383
7486 4 2 192 2 147 1176 148 729
7487 4 2 192 2 24 1121 1090 163
7488 4 2 192 2 863 152 153 1171
7489 4 2 192 2 585 33 32 377
7490 4 2 192 2 1047 12 56 328
7491 4 2 192 2 11 54 1091 327
7492 4 2 192 2 9 53 1111 325
7493 4 2 192 2 1110 21 1118 164
7494 4 2 192 2 155 1013 20 1134
7495 4 2 192 2 1046 161 22 1119
7496 4 2 192 2 7 35 341 745
7497 4 2 192 2 24 164 1113 1117
7498 4 2 192 2 323 11 53 1112
7499 4 2 192 2 1120 23 162 1068
7500 4 2 192 2 326 55 10 1069
7501 4 2 192 2 1441 1462 1313 1287
7502 4 2 192 2 1313 1462 1441 1092
7503 4 2 192 2 1302 486 1355 1265
7504 4 2 192 2 1302 1355 486 580
7505 4 2 192 2 1313 503 502 1287
7506 4 2 192 2 1313 502 503 501
7507 4 2 192 2 1498 1358 1219 1325
7508 4 2 192 2 1498 1219 1358 1463
7509 4 2 192 2 307 1318 1540 306
7510 4 2 192 2 307 1540 1318 1430
7511 4 2 192 2 1292 699 1363 188
7512 4 2 192 2 1292 1363 699 1259
7513 4 2 192 2 1245 1407 1555 266
7514 4 2 192 2 1555 1407 1245 1362
7515 4 2 192 2 1435 1533 1469 1344
7516 4 2 192 2 1469 1533 1435 1082
7517 4 2 192 2 1345 903 1196 997
7518 4 2 192 2 1345 1196 903 1277
7519 4 2 192 2 1204 1320 1373 1079
7520 4 2 192 2 1204 1373 1320 1304
7521 4 2 192 2 1080 1373 1320 1079
7522 4 2 192 2 1080 1320 1373 1304
7523 4 2 192 2 1575 608 1291 593
7524 4 2 192 2 1575 1291 608 1283
7525 4 2 192 2 1453 1541 1095 1094
7526 4 2 192 2 1095 1541 1453 1322
7527 4 2 192 2 1291 608 524 593
7528 4 2 192 2 1291 524 608 1233
7529 4 2 192 2 1606 185 184 1353
7530 4 2 192 2 1606 184 185 487
7531 4 2 192 2 1355 1483 1302 1265
7532 4 2 192 2 1302 1483 1355 1195
7533 4 2 192 2 894 1515 970 952
7534 4 2 192 2 970 1515 894 1443
7535 4 2 192 2 1491 1334 1073 1390
7536 4 2 192 2 1491 1073 1334 1214
7537 4 2 192 2 1406 1133 1135 1345
7538 4 2 192 2 1406 1135 1133 1147
7539 4 2 192 2 1390 1454 1258 300
7540 4 2 192 2 1258 1454 1390 1306
7541 4 2 192 2 1601 193 1318 711
7542 4 2 192 2 1601 1318 193 1299
7543 4 2 192 2 1444 998 1195 1309
7544 4 2 192 2 1444 1195 998 905
7545 4 2 192 2 1302 1118 1157 1156
7546 4 2 192 2 1302 1157 1118 1483
7547 4 2 192 2 1222 1382 599 527
7548 4 2 192 2 1222 599 1382 1287
7549 4 2 192 2 572 599 1382 527
7550 4 2 192 2 572 1382 599 1287
7551 4 2 192 2 364 1520 365 380
7552 4 2 192 2 365 1520 364 1194
7553 4 2 192 2 1210 566 1575 583
7554 4 2 192 2 1210 1575 566 1328
7555 4 2 192 2 476 1575 566 583
7556 4 2 192 2 476 566 1575 1328
7557 4 2 192 2 1330 1518 1444 939
7558 4 2 192 2 1330 1444 1518 1207
7559 4 2 192 2 948 1444 1518 939
7560 4 2 192 2 948 1518 1444 1207
7561 4 2 192 2 930 1478 928 981
7562 4 2 192 2 928 1478 930 1303
7563 4 2 192 2 1388 1028 1539 1270
7564 4 2 192 2 1388 1539 1028 247
7565 4 2 192 2 1449 1454 1497 1208
7566 4 2 192 2 1497 1454 1449 1306
7567 4 2 192 2 1544 1244 980 1338
7568 4 2 192 2 1544 980 1244 1478
7569 4 2 192 2 619 1403 686 712
7570 4 2 192 2 686 1403 619 1361
7571 4 2 192 2 1250 1544 977 1337
7572 4 2 192 2 977 1544 1250 1478
7573 4 2 192 2 760 1514 1260 838
7574 4 2 192 2 1260 1514 760 1307
7575 4 2 192 2 1359 906 1341 958
7576 4 2 192 2 1359 1341 906 1203
7577 4 2 192 2 1493 1371 1107 309
7578 4 2 192 2 1493 1107 1371 1206
7579 4 2 192 2 308 1107 1371 309
7580 4 2 192 2 308 1371 1107 1206
7581 4 2 192 2 1565 660 1258 672
7582 4 2 192 2 1565 1258 660 1334
7583 4 2 192 2 698 1258 660 672
7584 4 2 192 2 1417 903 1345 239
7585 4 2 192 2 1417 1345 903 1277
7586 4 2 192 2 1505 781 783 782
7587 4 2 192 2 1505 783 781 1332
7588 4 2 192 2 1572 818 791 849
7589 4 2 192 2 1572 791 818 1236
7590 4 2 192 2 1458 911 912 910
7591 4 2 192 2 1458 912 911 1321
7592 4 2 192 2 1492 681 1559 627
7593 4 2 192 2 1492 1559 681 1263
7594 4 2 192 2 1587 647 667 705
7595 4 2 192 2 1587 667 647 1335
7596 4 2 192 2 1566 1154 1302 1155
7597 4 2 192 2 1566 1302 1154 1276
7598 4 2 192 2 1439 657 695 1422
7599 4 2 192 2 1439 695 657 663
7600 4 2 192 2 1576 550 480 590
7601 4 2 192 2 1576 480 550 1208
7602 4 2 192 2 1546 520 1273 519
7603 4 2 192 2 1546 1273 520 1484
7604 4 2 192 2 1497 587 1229 545
7605 4 2 192 2 1497 1229 587 1384
7606 4 2 192 2 1563 561 473 571
7607 4 2 192 2 1541 300 1258 1208
7608 4 2 192 2 1541 1258 300 301
7609 4 2 192 2 1384 587 1426 1229
7610 4 2 192 2 545 587 1426 547
7611 4 2 192 2 545 1426 587 1229
7612 4 2 192 2 1612 264 263 1050
7613 4 2 192 2 1612 263 264 1221
7614 4 2 192 2 303 1590 304 1092
7615 4 2 192 2 303 304 1590 1218
7616 4 2 192 2 1441 304 1590 1092
7617 4 2 192 2 1441 1590 304 1218
7618 4 2 192 2 1614 599 567 600
7619 4 2 192 2 1614 567 599 1222
7620 4 2 192 2 789 1572 787 1268
7621 4 2 192 2 789 787 1572 826
7622 4 2 192 2 1507 787 1572 1268
7623 4 2 192 2 1507 1572 787 826
7624 4 2 192 2 736 1587 702 737
7625 4 2 192 2 702 1587 736 1219
7626 4 2 192 2 1596 270 1532 1041
7627 4 2 192 2 1596 1532 270 1244
7628 4 2 192 2 1493 310 1210 1465
7629 4 2 192 2 1493 1210 310 1106
7630 4 2 192 2 1109 310 1210 1106
7631 4 2 192 2 1522 496 1253 498
7632 4 2 192 2 1522 1253 496 1322
7633 4 2 192 2 525 1253 496 498
7634 4 2 192 2 1601 646 644 690
7635 4 2 192 2 644 646 1601 1266
7636 4 2 192 2 644 1485 1601 690
7637 4 2 192 2 1601 1485 644 1266
7638 4 2 192 2 1600 492 493 478
7639 4 2 192 2 1600 493 492 1231
7640 4 2 192 2 1329 1602 854 1549
7641 4 2 192 2 854 855 1329 1549
7642 4 2 192 2 1517 886 814 1408
7643 4 2 192 2 1517 814 886 808
7644 4 2 192 2 1422 696 1279 655
7645 4 2 192 2 1422 1279 696 1395
7646 4 2 192 2 556 1582 535 559
7647 4 2 192 2 556 535 1582 1248
7648 4 2 192 2 1546 535 1582 559
7649 4 2 192 2 1546 1582 535 1248
7650 4 2 192 2 508 1614 528 570
7651 4 2 192 2 528 1614 508 1269
7652 4 2 192 2 475 1530 537 563
7653 4 2 192 2 537 1530 475 1339
7654 4 2 192 2 292 1594 291 1216
7655 4 2 192 2 292 291 1594 1086
7656 4 2 192 2 1463 291 1594 1216
7657 4 2 192 2 1463 1594 291 1086
7658 4 2 192 2 1535 1199 166 1356
7659 4 2 192 2 1535 166 1199 1326
7660 4 2 192 2 1588 1019 1468 902
7661 4 2 192 2 1588 1468 1019 1205
7662 4 2 192 2 1576 496 1253 1322
7663 4 2 192 2 1576 1253 496 525
7664 4 2 192 2 774 1591 1255 776
7665 4 2 192 2 1255 1591 774 1343
7666 4 2 192 2 1255 803 774 776
7667 4 2 192 2 774 803 1255 1343
7668 4 2 192 2 635 1592 1256 637
7669 4 2 192 2 1256 1592 635 1344
7670 4 2 192 2 1256 664 635 637
7671 4 2 192 2 1595 974 1025 975
7672 4 2 192 2 1025 974 1595 1239
7673 4 2 192 2 1025 1010 1595 975
7674 4 2 192 2 1595 1010 1025 1239
7675 4 2 192 2 1481 793 791 1346
7676 4 2 192 2 1481 791 793 792
7677 4 2 192 2 1531 753 877 839
7678 4 2 192 2 1531 877 753 1338
7679 4 2 192 2 1597 1540 1573 1100
7680 4 2 192 2 1597 1573 1540 1274
7681 4 2 192 2 1438 1406 1133 1147
7682 4 2 192 2 1438 1133 1406 1196
7683 4 2 192 2 1602 855 854 758
7684 4 2 192 2 1602 854 855 1329
7685 4 2 192 2 1544 762 875 841
7686 4 2 192 2 1544 875 762 1337
7687 4 2 192 2 928 1487 929 927
7688 4 2 192 2 929 1487 928 1303
7689 4 2 192 2 1515 1488 1443 1271
7690 4 2 192 2 1515 1443 1488 1249
7691 4 2 192 2 1479 236 831 755
7692 4 2 192 2 1479 831 236 1294
7693 4 2 192 2 1480 188 554 1292
7694 4 2 192 2 1480 554 188 472
7695 4 2 192 2 1419 1447 1353 354
7696 4 2 192 2 1353 1447 1419 1198
7697 4 2 192 2 1573 1540 1509 1098
7698 4 2 192 2 1573 1509 1540 1274
7699 4 2 192 2 1513 924 922 923
7700 4 2 192 2 1513 922 924 1352
7701 4 2 192 2 1492 767 867 221
7702 4 2 192 2 1492 867 767 1197
7703 4 2 192 2 1568 1226 633 631
7704 4 2 192 2 633 1226 1568 1304
7705 4 2 192 2 633 691 1568 631
7706 4 2 192 2 1568 691 633 1304
7707 4 2 192 2 1466 543 551 541
7708 4 2 192 2 1466 551 543 1282
7709 4 2 192 2 1476 930 931 1394
7710 4 2 192 2 1476 931 930 929
7711 4 2 192 2 1571 635 1256 664
7712 4 2 192 2 1571 1256 635 1344
7713 4 2 192 2 1475 217 692 616
7714 4 2 192 2 1475 692 217 1295
7715 4 2 192 2 1551 251 1107 1105
7716 4 2 192 2 1551 1107 251 1452
7717 4 2 192 2 742 1514 611 697
7718 4 2 192 2 611 1514 742 1395
7719 4 2 192 2 1600 493 549 478
7720 4 2 192 2 1600 549 493 1386
7721 4 2 192 2 1557 305 1076 1074
7722 4 2 192 2 1557 1076 305 1429
7723 4 2 192 2 1558 798 800 828
7724 4 2 192 2 1558 800 798 1296
7725 4 2 192 2 1394 933 1021 1317
7726 4 2 192 2 1394 1021 933 931
7727 4 2 192 2 962 1415 963 964
7728 4 2 192 2 963 1415 962 1356
7729 4 2 192 2 741 1414 696 668
7730 4 2 192 2 696 1414 741 1395
7731 4 2 192 2 1526 511 512 1301
7732 4 2 192 2 1526 512 511 510
7733 4 2 192 2 1556 303 1070 1071
7734 4 2 192 2 1556 1070 303 1399
7735 4 2 192 2 1537 353 373 351
7736 4 2 192 2 1537 373 353 1413
7737 4 2 192 2 902 1588 1530 1468
7738 4 2 192 2 1205 1588 1530 1339
7739 4 2 192 2 1205 1530 1588 1468
7740 4 2 192 2 1531 761 878 1340
7741 4 2 192 2 1531 878 761 839
7742 4 2 192 2 1594 293 292 1087
7743 4 2 192 2 1594 292 293 1385
7744 4 2 192 2 753 1544 876 841
7745 4 2 192 2 876 1544 753 1338
7746 4 2 192 2 1584 1150 1169 1583
7747 4 2 192 2 1584 1169 1150 1174
7748 4 2 192 2 262 1529 1051 1053
7749 4 2 192 2 1051 1529 262 1418
7750 4 2 192 2 1443 1607 1330 1271
7751 4 2 192 2 1330 1607 1443 1277
7752 4 2 192 2 1529 281 1257 1051
7753 4 2 192 2 1529 1257 281 1459
7754 4 2 192 2 1588 175 1530 1339
7755 4 2 192 2 1588 1530 175 902
7756 4 2 192 2 929 1487 986 927
7757 4 2 192 2 986 1487 929 1476
7758 4 2 192 2 264 1589 263 1027
7759 4 2 192 2 263 1589 264 1375
7760 4 2 192 2 177 1582 178 482
7761 4 2 192 2 178 1582 177 1310
7762 4 2 192 2 1489 1516 1525 256
7763 4 2 192 2 1525 1516 1489 1281
7764 4 2 192 2 1553 470 543 584
7765 4 2 192 2 1553 543 470 1426
7766 4 2 192 2 512 1526 569 510
7767 4 2 192 2 569 1526 512 1473
7768 4 2 192 2 369 1447 355 329
7769 4 2 192 2 355 1447 369 1424
7770 4 2 192 2 1091 384 1424 327
7771 4 2 192 2 1424 384 1091 1089
7772 4 2 192 2 1612 263 1051 1050
7773 4 2 192 2 1612 1051 263 1418
7774 4 2 192 2 579 1152 141 581
7775 4 2 192 2 579 141 1152 1170
7776 4 2 192 2 1611 561 1261 1354
7777 4 2 192 2 1611 1261 561 473
7778 4 2 192 2 1563 1261 561 1354
7779 4 2 192 2 1563 561 1261 473
7780 4 2 192 2 1052 1555 1048 266
7781 4 2 192 2 1048 1555 1052 1410
7782 4 2 192 2 1503 310 1210 1109
7783 4 2 192 2 1503 1210 310 1465
7784 4 2 192 2 1466 551 492 541
7785 4 2 192 2 1466 492 551 1552
7786 4 2 192 2 1558 800 809 828
7787 4 2 192 2 1558 809 800 1517
7788 4 2 192 2 1177 1604 1044 1114
7789 4 2 192 2 1044 1604 1177 1536
7790 4 2 192 2 378 859 1284 860
7791 4 2 192 2 378 1284 859 359
7792 4 2 192 2 1506 202 628 1461
7793 4 2 192 2 1506 628 202 201
7794 4 2 192 2 1564 140 1124 471
7795 4 2 192 2 1564 1124 140 1170
7796 4 2 192 2 377 470 1426 331
7797 4 2 192 2 377 1426 470 585
7798 4 2 192 2 749 1171 1366 1125
7799 4 2 192 2 1366 1171 749 863
7800 4 2 192 2 1069 361 1374 326
7801 4 2 192 2 1069 1374 361 1067
7802 4 2 192 2 1088 316 1584 1090
7803 4 2 192 2 1088 1584 316 1079
7804 4 2 192 2 1066 297 1370 1068
7805 4 2 192 2 1066 1370 297 1057
7806 4 2 192 2 1044 278 1406 1046
7807 4 2 192 2 1044 1406 278 1035
7808 4 2 192 2 316 1110 1400 1113
7809 4 2 192 2 316 1400 1110 1101
7810 4 2 192 2 260 1045 1413 1047
7811 4 2 192 2 260 1413 1045 1033
7812 4 2 192 2 279 1067 1374 1069
7813 4 2 192 2 279 1374 1067 1055
7814 4 2 192 2 1089 298 1419 1077
7815 4 2 192 2 1089 1419 298 1091
7816 4 2 192 2 1396 660 1258 1334
7817 4 2 192 2 1396 1258 660 698
7818 4 2 192 2 587 1426 582 1384
7819 4 2 192 2 587 582 1426 547
7820 4 2 191 3 25 2 425 1112
7821 4 2 191 3 15 58 424 1113
7822 4 2 191 3 13 405 1046 79
7823 4 2 191 3 16 464 1068 136
7824 4 2 191 3 117 15 1090 444
7825 4 2 191 3 3 404 1047 28
7826 4 2 191 3 99 2 445 1091
7827 4 2 191 3 118 4 465 1069
7828 4 2 191 3 60 16 464 1068
7829 4 2 191 3 4 27 465 1069
7830 4 2 191 3 59 15 444 1090
7831 4 2 191 3 57 13 405 1046
7832 4 2 191 3 2 445 1091 26
7833 4 2 191 3 1099 298 1111 413
7834 4 2 191 3 411 299 300 1097
7835 4 2 191 3 245 1027 388 244
7836 4 2 191 3 1072 282 428 283
7837 4 2 191 3 453 260 261 1055
7838 4 2 191 3 296 435 1079 297
7839 4 2 191 3 278 277 1057 455
7840 4 2 191 3 277 276 1058 456
7841 4 2 191 3 295 436 1080 296
7842 4 2 191 3 295 1081 437 294
7843 4 2 191 3 1059 458 276 275
7844 4 2 191 3 433 279 280 1077
7845 4 2 191 3 258 397 1035 259
7846 4 2 191 3 282 281 1073 430
7847 4 2 191 3 1082 438 294 293
7848 4 2 191 3 390 1029 243 244
7849 4 2 191 3 451 261 262 1053
7850 4 2 191 3 257 1037 396 256
7851 4 2 191 3 386 245 246 1026
7852 4 2 191 3 1045 260 404 1047
7853 4 2 191 3 1110 316 424 1113
7854 4 2 191 3 301 300 1095 410
7855 4 2 191 3 425 1112 298 1111
7856 4 2 191 3 257 395 1036 258
7857 4 2 191 3 280 281 431 1075
7858 4 2 191 3 306 432 1076 305
7859 4 2 191 3 1110 316 1101 424
7860 4 2 191 3 298 425 1111 413
7861 4 2 191 3 299 298 1099 413
7862 4 2 191 3 98 14 405 1044
7863 4 2 191 3 79 13 464 1066
7864 4 2 191 3 136 16 444 1088
7865 4 2 191 3 4 118 445 1089
7866 4 2 191 3 3 61 465 1067
7867 4 2 191 3 81 1099 413 411
7868 4 2 191 3 1029 388 1027 244
7869 4 2 191 3 436 435 1079 296
7870 4 2 191 3 1057 277 456 455
7871 4 2 191 3 276 1058 456 458
7872 4 2 191 3 276 1058 458 1059
7873 4 2 191 3 436 1079 1080 296
7874 4 2 191 3 456 1058 277 1057
7875 4 2 191 3 437 1082 294 1081
7876 4 2 191 3 1082 437 294 438
7877 4 2 191 3 388 1029 390 244
7878 4 2 191 3 261 453 1055 451
7879 4 2 191 3 451 1055 261 1053
7880 4 2 191 3 1026 386 245 388
7881 4 2 191 3 1027 1026 245 388
7882 4 2 191 3 420 1105 251 250
7883 4 2 191 3 1055 453 260 1067
7884 4 2 191 3 455 1057 278 1066
7885 4 2 191 3 1088 1079 435 297
7886 4 2 191 3 1077 433 279 1089
7887 4 2 191 3 1044 1035 397 259
7888 4 2 191 3 431 281 120 430
7889 4 2 191 3 395 97 397 258
7890 4 2 191 3 431 119 280 433
7891 4 2 191 3 396 96 395 257
7892 4 2 191 3 84 245 386 388
7893 4 2 191 3 428 122 426 283
7894 4 2 191 3 410 101 300 411
7895 4 2 191 3 436 437 134 295
7896 4 2 191 3 456 77 276 458
7897 4 2 191 3 436 135 435 296
7898 4 2 191 3 277 78 456 455
7899 4 2 191 3 437 438 133 294
7900 4 2 191 3 457 76 458 275
7901 4 2 191 3 282 121 430 428
7902 4 2 191 3 390 83 388 244
7903 4 2 191 3 409 102 301 410
7904 4 2 191 3 453 261 62 451
7905 4 2 191 3 452 69 454 268
7906 4 2 191 3 306 107 434 432
7907 4 2 191 3 427 432 106 305
7908 4 2 191 3 1066 60 13 464
7909 4 2 191 3 3 465 27 1067
7910 4 2 191 3 411 1099 299 1097
7911 4 2 191 3 1078 126 287 1076
7912 4 2 191 3 1065 292 131 1064
7913 4 2 191 3 1087 112 1086 311
7914 4 2 191 3 1083 1086 111 310
7915 4 2 191 3 132 293 1065 1060
7916 4 2 191 3 312 1087 113 1082
7917 4 2 191 3 286 125 1074 1076
7918 4 2 191 3 1083 110 1085 309
7919 4 2 191 3 1095 1094 83 244
7920 4 2 191 3 1097 1095 82 243
7921 4 2 191 3 1029 1027 64 263
7922 4 2 191 3 102 1073 1072 301
7923 4 2 191 3 101 1075 1073 300
7924 4 2 191 3 1077 1075 100 299
7925 4 2 191 3 1055 119 280 1053
7926 4 2 191 3 1058 295 134 1059
7927 4 2 191 3 1081 115 314 1080
7928 4 2 191 3 1037 77 276 1036
7929 4 2 191 3 1058 135 296 1057
7930 4 2 191 3 1080 1079 116 315
7931 4 2 191 3 1035 277 78 1036
7932 4 2 191 3 1082 114 313 1081
7933 4 2 191 3 1059 294 133 1060
7934 4 2 191 3 282 281 450 1051
7935 4 2 191 3 1026 264 65 1027
7936 4 2 191 3 302 1072 103 1071
7937 4 2 191 3 126 1054 1056 287
7938 4 2 191 3 67 1048 266 1052
7939 4 2 191 3 444 16 59 1088
7940 4 2 191 3 405 14 57 1044
7941 4 2 191 3 4 445 26 1089
7942 4 2 191 3 107 106 306 412
7943 4 2 191 3 105 407 1096 408
7944 4 2 191 3 448 65 66 265
7945 4 2 191 3 398 94 95 255
7946 4 2 191 3 104 105 303 429
7947 4 2 191 3 124 286 446 125
7948 4 2 191 3 440 109 108 307
7949 4 2 191 3 81 1031 391 393
7950 4 2 191 3 408 1098 106 412
7951 4 2 191 3 269 70 71 400
7952 4 2 191 3 266 66 67 389
7953 4 2 191 3 449 64 65 264
7954 4 2 191 3 93 94 254 423
7955 4 2 191 3 394 70 69 268
7956 4 2 191 3 387 68 67 267
7957 4 2 191 3 292 131 132 1065
7958 4 2 191 3 1087 113 112 311
7959 4 2 191 3 310 110 1083 309
7960 4 2 191 3 1083 111 110 310
7961 4 2 191 3 113 1087 312 311
7962 4 2 191 3 293 292 132 1065
7963 4 2 191 3 125 287 1076 286
7964 4 2 191 3 287 125 1076 126
7965 4 2 191 3 84 83 1094 244
7966 4 2 191 3 245 84 1094 244
7967 4 2 191 3 287 288 127 1078
7968 4 2 191 3 287 127 126 1078
7969 4 2 191 3 243 1095 83 244
7970 4 2 191 3 1095 83 82 243
7971 4 2 191 3 1027 264 64 263
7972 4 2 191 3 264 64 65 1027
7973 4 2 191 3 1029 64 63 263
7974 4 2 191 3 63 262 1029 263
7975 4 2 191 3 280 118 119 1055
7976 4 2 191 3 280 118 1055 279
7977 4 2 191 3 100 99 1077 299
7978 4 2 191 3 119 120 281 1053
7979 4 2 191 3 119 281 280 1053
7980 4 2 191 3 278 78 79 1035
7981 4 2 191 3 1079 117 116 315
7982 4 2 191 3 116 314 1080 315
7983 4 2 191 3 115 116 314 1080
7984 4 2 191 3 135 295 1058 296
7985 4 2 191 3 295 135 1058 134
7986 4 2 191 3 315 1079 117 316
7987 4 2 191 3 277 78 278 1035
7988 4 2 191 3 276 76 77 1037
7989 4 2 191 3 295 133 1059 294
7990 4 2 191 3 133 295 1059 134
7991 4 2 191 3 1037 276 76 275
7992 4 2 191 3 313 312 114 1082
7993 4 2 191 3 312 113 114 1082
7994 4 2 191 3 293 132 133 1060
7995 4 2 191 3 293 133 294 1060
7996 4 2 191 3 292 291 130 1064
7997 4 2 191 3 130 131 292 1064
7998 4 2 191 3 127 1056 288 287
7999 4 2 191 3 1056 127 126 287
8000 4 2 191 3 1074 124 286 285
8001 4 2 191 3 286 125 124 1074
8002 4 2 191 3 303 103 104 1071
8003 4 2 191 3 65 265 1026 66
8004 4 2 191 3 303 302 103 1071
8005 4 2 191 3 265 65 1026 264
8006 4 2 191 3 287 125 1054 286
8007 4 2 191 3 1054 126 125 287
8008 4 2 191 3 1085 110 109 308
8009 4 2 191 3 1085 110 308 309
8010 4 2 191 3 66 1048 265 266
8011 4 2 191 3 1048 66 67 266
8012 4 2 191 3 108 306 1100 107
8013 4 2 191 3 306 108 1100 307
8014 4 2 191 3 93 94 1043 254
8015 4 2 191 3 94 1043 254 255
8016 4 2 191 3 81 1099 1097 242
8017 4 2 191 3 99 1077 299 298
8018 4 2 191 3 59 23 163 1088
8019 4 2 191 3 9 28 56 1045
8020 4 2 191 3 281 120 119 431
8021 4 2 191 3 280 281 119 431
8022 4 2 191 3 132 292 443 131
8023 4 2 191 3 418 114 417 1104
8024 4 2 191 3 400 1041 90 401
8025 4 2 191 3 84 245 388 244
8026 4 2 191 3 246 84 386 85
8027 4 2 191 3 84 246 386 245
8028 4 2 191 3 428 282 121 283
8029 4 2 191 3 428 121 122 283
8030 4 2 191 3 388 83 84 244
8031 4 2 191 3 260 62 61 453
8032 4 2 191 3 260 261 62 453
8033 4 2 191 3 299 100 99 413
8034 4 2 191 3 278 78 455 79
8035 4 2 191 3 78 278 455 277
8036 4 2 191 3 295 135 436 296
8037 4 2 191 3 436 134 135 295
8038 4 2 191 3 276 77 76 458
8039 4 2 191 3 437 133 134 295
8040 4 2 191 3 437 133 295 294
8041 4 2 191 3 76 276 458 275
8042 4 2 191 3 68 69 452 268
8043 4 2 191 3 260 61 62 393
8044 4 2 191 3 432 306 106 305
8045 4 2 191 3 306 106 107 432
8046 4 2 191 3 416 116 415 1101
8047 4 2 191 3 114 113 312 418
8048 4 2 191 3 294 438 133 293
8049 4 2 191 3 438 132 133 293
8050 4 2 191 3 119 118 280 433
8051 4 2 191 3 279 280 118 433
8052 4 2 191 3 282 121 120 430
8053 4 2 191 3 281 282 120 430
8054 4 2 191 3 249 88 87 392
8055 4 2 191 3 1102 416 115 417
8056 4 2 191 3 243 83 390 244
8057 4 2 191 3 243 83 82 390
8058 4 2 191 3 288 128 127 440
8059 4 2 191 3 69 70 454 268
8060 4 2 191 3 420 108 109 307
8061 4 2 191 3 402 92 93 254
8062 4 2 191 3 85 84 406 246
8063 4 2 191 3 282 120 121 450
8064 4 2 191 3 120 282 281 450
8065 4 2 191 3 288 127 128 460
8066 4 2 191 3 306 107 108 434
8067 4 2 191 3 461 1062 128 460
8068 4 2 191 3 1098 408 87 412
8069 4 2 191 3 1048 67 446 1052
8070 4 2 191 3 1107 109 420 421
8071 4 2 191 3 462 132 131 1065
8072 4 2 191 3 1087 112 113 443
8073 4 2 191 3 111 110 439 1083
8074 4 2 191 3 91 399 401 1040
8075 4 2 191 3 86 1030 387 389
8076 4 2 191 3 421 1106 110 419
8077 4 2 191 3 1050 449 122 448
8078 4 2 191 3 1108 418 113 423
8079 4 2 191 3 112 1108 423 422
8080 4 2 191 3 87 1030 392 387
8081 4 2 191 3 1034 394 88 392
8082 4 2 191 3 419 1106 111 422
8083 4 2 191 3 92 399 1040 402
8084 4 2 191 3 125 126 432 1076
8085 4 2 191 3 126 1078 432 1076
8086 4 2 191 3 298 299 99 413
8087 4 2 191 3 126 1078 434 432
8088 4 2 191 3 1074 125 432 1076
8089 4 2 191 3 388 1027 64 1029
8090 4 2 191 3 1058 458 134 456
8091 4 2 191 3 435 1079 116 436
8092 4 2 191 3 1057 456 135 455
8093 4 2 191 3 458 1058 134 1059
8094 4 2 191 3 1080 116 1079 436
8095 4 2 191 3 456 1057 135 1058
8096 4 2 191 3 114 1082 437 1081
8097 4 2 191 3 438 114 1082 437
8098 4 2 191 3 64 388 1029 390
8099 4 2 191 3 1055 453 119 451
8100 4 2 191 3 119 1055 451 1053
8101 4 2 191 3 427 125 432 1074
8102 4 2 191 3 131 462 1065 1064
8103 4 2 191 3 1087 1086 112 443
8104 4 2 191 3 443 113 1087 1082
8105 4 2 191 3 1065 462 132 1060
8106 4 2 191 3 1026 65 386 388
8107 4 2 191 3 65 1026 1027 388
8108 4 2 191 3 439 1086 111 1083
8109 4 2 191 3 109 441 1085 440
8110 4 2 191 3 1071 426 104 429
8111 4 2 191 3 452 125 446 1054
8112 4 2 191 3 1100 107 412 414
8113 4 2 191 3 66 448 1048 447
8114 4 2 191 3 1085 439 110 1083
8115 4 2 191 3 1044 21 57 161
8116 4 2 191 3 54 10 26 1089
8117 4 2 191 3 1043 398 94 403
8118 4 2 191 3 1036 1037 77 395
8119 4 2 191 3 1036 78 1035 395
8120 4 2 191 3 1075 431 101 1073
8121 4 2 191 3 100 431 1075 1077
8122 4 2 191 3 386 389 66 1026
8123 4 2 191 3 431 101 100 1075
8124 4 2 191 3 77 78 1036 395
8125 4 2 191 3 84 83 409 1094
8126 4 2 191 3 1078 127 126 434
8127 4 2 191 3 397 1035 78 395
8128 4 2 191 3 1073 431 101 430
8129 4 2 191 3 431 100 433 1077
8130 4 2 191 3 1086 442 112 443
8131 4 2 191 3 1082 443 113 438
8132 4 2 191 3 457 132 462 1060
8133 4 2 191 3 1095 82 83 410
8134 4 2 191 3 111 442 1086 439
8135 4 2 191 3 1037 396 77 395
8136 4 2 191 3 462 131 463 1064
8137 4 2 191 3 441 439 110 1085
8138 4 2 191 3 82 81 411 1097
8139 4 2 191 3 103 102 428 1072
8140 4 2 191 3 1027 64 65 388
8141 4 2 191 3 453 119 118 1055
8142 4 2 191 3 1057 135 136 455
8143 4 2 191 3 116 117 1079 435
8144 4 2 191 3 1080 115 116 436
8145 4 2 191 3 1058 134 135 456
8146 4 2 191 3 115 114 437 1081
8147 4 2 191 3 458 134 133 1059
8148 4 2 191 3 100 99 433 1077
8149 4 2 191 3 78 79 1035 397
8150 4 2 191 3 1073 101 102 430
8151 4 2 191 3 457 133 132 1060
8152 4 2 191 3 113 114 1082 438
8153 4 2 191 3 112 111 442 1086
8154 4 2 191 3 63 64 1029 390
8155 4 2 191 3 120 119 451 1053
8156 4 2 191 3 396 77 76 1037
8157 4 2 191 3 131 130 463 1064
8158 4 2 191 3 454 127 126 1056
8159 4 2 191 3 427 124 125 1074
8160 4 2 191 3 426 104 103 1071
8161 4 2 191 3 66 65 386 1026
8162 4 2 191 3 452 126 125 1054
8163 4 2 191 3 441 110 109 1085
8164 4 2 191 3 1048 67 66 447
8165 4 2 191 3 108 107 1100 414
8166 4 2 191 3 1043 94 93 403
8167 4 2 191 3 297 136 23 1068
8168 4 2 191 3 406 84 409 1094
8169 4 2 191 3 434 1078 127 440
8170 4 2 191 3 390 1029 63 391
8171 4 2 191 3 450 120 451 1053
8172 4 2 191 3 396 76 398 1037
8173 4 2 191 3 130 463 1064 459
8174 4 2 191 3 1056 454 127 460
8175 4 2 191 3 1074 427 124 429
8176 4 2 191 3 447 1048 67 446
8177 4 2 191 3 1100 420 108 414
8178 4 2 191 3 1043 93 402 403
8179 4 2 191 3 22 60 1066 162
8180 4 2 191 3 27 55 12 1067
8181 4 2 191 3 1088 136 23 297
8182 4 2 191 3 12 3 27 1067
8183 4 2 191 3 22 60 13 1066
8184 4 2 191 3 1111 80 9 241
8185 4 2 191 3 9 80 1045 241
8186 4 2 191 3 9 1 80 1111
8187 4 2 191 3 80 9 1045 1
8188 4 2 191 3 28 9 1 1045
8189 4 2 191 3 16 23 136 1068
8190 4 2 191 3 61 260 1047 404
8191 4 2 191 3 425 298 99 413
8192 4 2 191 3 424 1101 117 316
8193 4 2 191 3 81 1099 411 1097
8194 4 2 191 3 136 23 16 1088
8195 4 2 191 3 1045 80 1 404
8196 4 2 191 3 425 80 1 1111
8197 4 2 191 3 23 59 16 1088
8198 4 2 191 3 26 10 4 1089
8199 4 2 191 3 21 57 14 1044
8200 4 2 191 3 1 9 53 1111
8201 4 2 191 3 1110 98 14 424
8202 4 2 191 3 1110 14 21 164
8203 4 2 191 3 1045 1 28 404
8204 4 2 191 3 1067 453 61 465
8205 4 2 191 3 1088 444 136 435
8206 4 2 191 3 79 455 1066 464
8207 4 2 191 3 445 118 433 1089
8208 4 2 191 3 1044 405 98 397
8209 4 2 191 3 435 136 1088 297
8210 4 2 191 3 455 278 79 1066
8211 4 2 191 3 453 61 260 1067
8212 4 2 191 3 397 98 1044 259
8213 4 2 191 3 118 279 433 1089
8214 4 2 191 3 465 1055 118 279
8215 4 2 191 3 136 297 1057 464
8216 4 2 191 3 1079 444 117 316
8217 4 2 191 3 405 278 79 1035
8218 4 2 191 3 117 415 1101 424
8219 4 2 191 3 445 1077 99 298
8220 4 2 191 3 53 11 25 1112
8221 4 2 191 3 58 24 164 1113
8222 4 2 191 3 1090 59 15 163
8223 4 2 191 3 56 28 3 1047
8224 4 2 191 3 13 57 161 1046
8225 4 2 191 3 54 26 2 1091
8226 4 2 191 3 11 2 25 1112
8227 4 2 191 3 24 58 15 1113
8228 4 2 191 3 15 24 1090 163
8229 4 2 191 3 162 16 60 1068
8230 4 2 191 3 27 4 55 1069
8231 4 2 191 3 54 2 11 1091
8232 4 2 191 3 3 12 56 1047
8233 4 2 191 3 161 22 13 1046
8234 4 2 191 3 118 453 1055 465
8235 4 2 191 3 117 444 1079 435
8236 4 2 191 3 136 1057 455 464
8237 4 2 191 3 99 433 1077 445
8238 4 2 191 3 1035 79 405 397
8239 4 2 191 3 404 1045 80 393
8240 4 2 191 3 1111 425 80 413
8241 4 2 191 3 1110 415 98 424
8242 4 2 191 3 23 16 162 1068
8243 4 2 191 3 55 4 10 1069
8244 4 2 191 3 136 297 464 1068
8245 4 2 191 3 444 1090 117 316
8246 4 2 191 3 79 278 405 1046
8247 4 2 191 3 1069 465 118 279
8248 4 2 191 3 1091 445 99 298
8249 4 2 191 3 1110 1101 415 424
8250 4 2 191 3 1067 1055 453 465
8251 4 2 191 3 1066 455 1057 464
8252 4 2 191 3 444 1088 1079 435
8253 4 2 191 3 433 1077 445 1089
8254 4 2 191 3 405 1044 1035 397
8255 4 2 191 3 316 1088 1079 444
8256 4 2 191 3 279 1067 1069 465
8257 4 2 191 3 1089 298 1077 445
8258 4 2 191 3 316 1088 444 1090
8259 4 2 191 3 278 1044 405 1046
8260 4 2 191 3 297 1066 464 1068
8261 4 2 191 3 297 1066 1057 464
8262 4 2 191 3 278 1044 1035 405
8263 4 2 191 3 298 1089 1091 445
8264 4 2 191 3 61 3 404 1047
8265 4 2 191 3 1067 279 1055 465
8266 4 2 191 3 24 316 15 1090
8267 4 2 191 3 24 15 316 1113
8268 4 2 191 3 117 15 316 1090
8269 4 2 191 3 298 11 2 1091
8270 4 2 191 3 2 11 298 1112
8271 4 2 191 3 2 99 298 1091
8272 4 2 191 3 283 428 1071 426
8273 4 2 191 3 283 1071 428 1072
8274 4 2 191 3 103 1071 428 426
8275 4 2 191 3 103 428 1071 1072
8276 4 2 191 3 275 458 1060 1059
8277 4 2 191 3 275 1060 458 457
8278 4 2 191 3 133 1060 458 1059
8279 4 2 191 3 133 458 1060 457
8280 4 2 191 3 1077 280 431 1075
8281 4 2 191 3 1077 431 280 433
8282 4 2 191 3 258 1035 395 1036
8283 4 2 191 3 258 395 1035 397
8284 4 2 191 3 428 282 1073 430
8285 4 2 191 3 1073 282 428 1072
8286 4 2 191 3 1073 102 428 430
8287 4 2 191 3 428 102 1073 1072
8288 4 2 191 3 281 1073 431 1075
8289 4 2 191 3 281 431 1073 430
8290 4 2 191 3 82 1097 410 1095
8291 4 2 191 3 82 410 1097 411
8292 4 2 191 3 300 410 1097 1095
8293 4 2 191 3 300 1097 410 411
8294 4 2 191 3 450 1053 63 1051
8295 4 2 191 3 450 63 1053 451
8296 4 2 191 3 262 63 1053 1051
8297 4 2 191 3 262 1053 63 451
8298 4 2 191 3 1037 257 395 1036
8299 4 2 191 3 395 257 1037 396
8300 4 2 191 3 268 452 1056 454
8301 4 2 191 3 268 1056 452 1054
8302 4 2 191 3 126 1056 452 454
8303 4 2 191 3 126 452 1056 1054
8304 4 2 191 3 256 1037 95 1038
8305 4 2 191 3 256 95 1037 396
8306 4 2 191 3 398 95 1037 1038
8307 4 2 191 3 398 1037 95 396
8308 4 2 191 3 446 1048 124 447
8309 4 2 191 3 75 462 1060 457
8310 4 2 191 3 73 272 1064 1063
8311 4 2 191 3 73 459 1064 463
8312 4 2 191 3 1064 459 73 1063
8313 4 2 191 3 1056 460 70 454
8314 4 2 191 3 70 460 1056 1061
8315 4 2 191 3 1056 269 70 1061
8316 4 2 191 3 1074 305 432 427
8317 4 2 191 3 432 305 1074 1076
8318 4 2 191 3 1043 273 74 1042
8319 4 2 191 3 74 402 1043 1042
8320 4 2 191 3 1043 402 74 403
8321 4 2 191 3 1095 301 409 1094
8322 4 2 191 3 409 301 1095 410
8323 4 2 191 3 409 83 1095 1094
8324 4 2 191 3 1095 83 409 410
8325 4 2 191 3 306 1078 432 434
8326 4 2 191 3 306 432 1078 1076
8327 4 2 191 3 1094 406 103 409
8328 4 2 191 3 103 406 1094 1093
8329 4 2 191 3 1094 302 103 1093
8330 4 2 191 3 389 1026 85 1028
8331 4 2 191 3 389 85 1026 386
8332 4 2 191 3 246 85 1026 1028
8333 4 2 191 3 246 1026 85 386
8334 4 2 191 3 1071 429 123 426
8335 4 2 191 3 448 123 1048 447
8336 4 2 191 3 75 398 1043 403
8337 4 2 191 3 411 413 299 1099
8338 4 2 191 3 411 299 413 100
8339 4 2 191 3 128 289 1085 1084
8340 4 2 191 3 128 440 1085 441
8341 4 2 191 3 1085 440 128 1084
8342 4 2 191 3 251 420 1107 1105
8343 4 2 191 3 263 264 449 1050
8344 4 2 191 3 449 264 263 64
8345 4 2 191 3 1101 258 416 1102
8346 4 2 191 3 1092 1096 105 407
8347 4 2 191 3 105 1096 1092 304
8348 4 2 191 3 1092 303 105 304
8349 4 2 191 3 263 1051 63 262
8350 4 2 191 3 1098 306 106 412
8351 4 2 191 3 1098 106 306 305
8352 4 2 191 3 1049 265 65 448
8353 4 2 191 3 65 265 1049 264
8354 4 2 191 3 255 1038 95 398
8355 4 2 191 3 255 95 1038 256
8356 4 2 191 3 268 269 394 70
8357 4 2 191 3 268 394 269 1034
8358 4 2 191 3 416 258 257 1102
8359 4 2 191 3 255 1104 95 256
8360 4 2 191 3 1103 95 1104 256
8361 4 2 191 3 241 81 1033 242
8362 4 2 191 3 1031 81 1033 393
8363 4 2 191 3 1031 1033 81 242
8364 4 2 191 3 1071 303 429 104
8365 4 2 191 3 429 303 1071 1070
8366 4 2 191 3 265 1026 389 1028
8367 4 2 191 3 389 1026 265 66
8368 4 2 191 3 389 266 265 1028
8369 4 2 191 3 265 266 389 66
8370 4 2 191 3 286 1054 446 125
8371 4 2 191 3 286 446 1054 1052
8372 4 2 191 3 308 307 440 1084
8373 4 2 191 3 440 307 308 109
8374 4 2 191 3 440 1085 308 1084
8375 4 2 191 3 308 1085 440 109
8376 4 2 191 3 265 1048 448 1049
8377 4 2 191 3 265 448 1048 66
8378 4 2 191 3 255 1043 398 94
8379 4 2 191 3 255 398 1043 1038
8380 4 2 191 3 1100 306 412 107
8381 4 2 191 3 1100 412 306 1098
8382 4 2 191 3 292 443 1086 1087
8383 4 2 191 3 254 92 1109 253
8384 4 2 191 3 71 1061 269 270
8385 4 2 191 3 303 1093 103 302
8386 4 2 191 3 312 1104 114 418
8387 4 2 191 3 114 1104 312 313
8388 4 2 191 3 246 245 406 1093
8389 4 2 191 3 246 406 245 84
8390 4 2 191 3 1094 406 245 1093
8391 4 2 191 3 1094 245 406 84
8392 4 2 191 3 1104 313 417 1103
8393 4 2 191 3 1104 417 313 114
8394 4 2 191 3 1041 251 401 1039
8395 4 2 191 3 401 251 1041 90
8396 4 2 191 3 1056 288 460 127
8397 4 2 191 3 1056 460 288 1061
8398 4 2 191 3 290 459 291 1063
8399 4 2 191 3 1064 459 291 130
8400 4 2 191 3 1064 291 459 1063
8401 4 2 191 3 1062 459 290 1063
8402 4 2 191 3 288 289 460 128
8403 4 2 191 3 288 460 289 1061
8404 4 2 191 3 1062 460 289 128
8405 4 2 191 3 1062 289 460 1061
8406 4 2 191 3 310 1106 422 111
8407 4 2 191 3 310 422 1106 1109
8408 4 2 191 3 422 310 311 1109
8409 4 2 191 3 422 1108 311 112
8410 4 2 191 3 311 1108 422 1109
8411 4 2 191 3 253 254 402 1042
8412 4 2 191 3 402 254 253 92
8413 4 2 191 3 402 1040 253 1042
8414 4 2 191 3 253 1040 402 92
8415 4 2 191 3 1092 246 406 1093
8416 4 2 191 3 251 252 401 1039
8417 4 2 191 3 1040 401 252 1039
8418 4 2 191 3 1040 252 401 91
8419 4 2 191 3 417 313 314 1103
8420 4 2 191 3 417 1102 314 115
8421 4 2 191 3 314 1102 417 1103
8422 4 2 191 3 254 1043 402 1042
8423 4 2 191 3 254 402 1043 93
8424 4 2 191 3 312 1108 418 113
8425 4 2 191 3 418 1108 312 1104
8426 4 2 191 3 288 1078 440 127
8427 4 2 191 3 288 440 1078 1084
8428 4 2 191 3 1053 281 450 120
8429 4 2 191 3 1053 450 281 1051
8430 4 2 191 3 262 1029 391 63
8431 4 2 191 3 391 1029 262 1031
8432 4 2 191 3 260 261 393 62
8433 4 2 191 3 260 393 261 1033
8434 4 2 191 3 1031 261 393 1033
8435 4 2 191 3 1034 249 392 88
8436 4 2 191 3 1034 392 249 1032
8437 4 2 191 3 315 117 1101 316
8438 4 2 191 3 249 1032 87 248
8439 4 2 191 3 249 87 1032 392
8440 4 2 191 3 1030 87 1032 248
8441 4 2 191 3 1030 1032 87 392
8442 4 2 191 3 1062 290 128 289
8443 4 2 191 3 1096 247 407 1092
8444 4 2 191 3 1102 1101 116 416
8445 4 2 191 3 116 1101 1102 315
8446 4 2 191 3 1102 314 116 315
8447 4 2 191 3 307 1105 109 420
8448 4 2 191 3 307 109 1105 308
8449 4 2 191 3 1107 109 1105 420
8450 4 2 191 3 1107 1105 109 308
8451 4 2 191 3 249 87 1098 248
8452 4 2 191 3 1050 283 448 122
8453 4 2 191 3 448 283 1050 1049
8454 4 2 191 3 275 1037 398 76
8455 4 2 191 3 275 398 1037 1038
8456 4 2 191 3 408 1098 248 1096
8457 4 2 191 3 248 1098 408 87
8458 4 2 191 3 307 1100 420 108
8459 4 2 191 3 307 420 1100 1105
8460 4 2 191 3 1070 1074 124 429
8461 4 2 191 3 124 1074 1070 285
8462 4 2 191 3 1070 284 124 285
8463 4 2 191 3 267 1052 67 266
8464 4 2 191 3 288 1084 128 440
8465 4 2 191 3 128 1084 288 289
8466 4 2 191 3 1107 308 110 309
8467 4 2 191 3 110 1106 1107 309
8468 4 2 191 3 1107 1106 110 421
8469 4 2 191 3 283 121 1050 282
8470 4 2 191 3 1108 311 113 312
8471 4 2 191 3 1034 249 89 250
8472 4 2 191 3 310 1106 110 309
8473 4 2 191 3 241 1099 81 242
8474 4 2 191 3 97 416 257 96
8475 4 2 191 3 257 416 97 258
8476 4 2 191 3 257 395 97 96
8477 4 2 191 3 97 395 257 258
8478 4 2 191 3 96 1103 95 417
8479 4 2 191 3 93 92 1109 254
8480 4 2 191 3 93 1109 92 422
8481 4 2 191 3 103 104 1093 303
8482 4 2 191 3 103 1093 104 406
8483 4 2 191 3 73 72 1063 459
8484 4 2 191 3 70 71 1061 269
8485 4 2 191 3 70 1061 71 460
8486 4 2 191 3 74 1042 73 402
8487 4 2 191 3 450 449 263 64
8488 4 2 191 3 263 63 450 64
8489 4 2 191 3 450 63 263 1051
8490 4 2 191 3 448 65 1050 449
8491 4 2 191 3 448 1050 65 1049
8492 4 2 191 3 264 1050 65 449
8493 4 2 191 3 264 65 1050 1049
8494 4 2 191 3 1063 272 72 73
8495 4 2 191 3 1063 72 272 271
8496 4 2 191 3 394 269 400 70
8497 4 2 191 3 71 401 1041 400
8498 4 2 191 3 1041 401 71 1039
8499 4 2 191 3 71 270 1041 1039
8500 4 2 191 3 1040 401 72 399
8501 4 2 191 3 417 96 1102 416
8502 4 2 191 3 417 1102 96 1103
8503 4 2 191 3 257 1102 96 416
8504 4 2 191 3 257 96 1102 1103
8505 4 2 191 3 417 95 1104 1103
8506 4 2 191 3 1104 95 417 418
8507 4 2 191 3 459 72 1062 461
8508 4 2 191 3 459 1062 72 1063
8509 4 2 191 3 271 72 1062 1063
8510 4 2 191 3 71 460 1062 461
8511 4 2 191 3 1062 460 71 1061
8512 4 2 191 3 71 270 1062 1061
8513 4 2 191 3 303 1092 104 1093
8514 4 2 191 3 406 1092 104 407
8515 4 2 191 3 406 104 1092 1093
8516 4 2 191 3 422 93 1108 423
8517 4 2 191 3 422 1108 93 1109
8518 4 2 191 3 254 1108 93 423
8519 4 2 191 3 254 93 1108 1109
8520 4 2 191 3 1111 80 1099 413
8521 4 2 191 3 1111 1099 80 241
8522 4 2 191 3 81 1099 80 413
8523 4 2 191 3 81 80 1099 241
8524 4 2 191 3 422 92 1106 1109
8525 4 2 191 3 422 1106 92 419
8526 4 2 191 3 253 1106 92 1109
8527 4 2 191 3 253 92 1106 419
8528 4 2 191 3 272 1040 73 1042
8529 4 2 191 3 402 1040 73 399
8530 4 2 191 3 402 73 1040 1042
8531 4 2 191 3 243 1097 81 82
8532 4 2 191 3 81 1097 243 242
8533 4 2 191 3 243 1031 81 242
8534 4 2 191 3 103 1072 301 102
8535 4 2 191 3 301 1072 103 302
8536 4 2 191 3 301 409 103 102
8537 4 2 191 3 410 300 102 301
8538 4 2 191 3 410 102 300 101
8539 4 2 191 3 1073 102 300 301
8540 4 2 191 3 1073 300 102 101
8541 4 2 191 3 1036 78 276 277
8542 4 2 191 3 1036 276 78 77
8543 4 2 191 3 456 276 78 277
8544 4 2 191 3 456 78 276 77
8545 4 2 191 3 1081 314 114 313
8546 4 2 191 3 1081 114 314 115
8547 4 2 191 3 417 114 314 313
8548 4 2 191 3 417 314 114 115
8549 4 2 191 3 311 1086 111 112
8550 4 2 191 3 111 1086 311 310
8551 4 2 191 3 111 422 311 112
8552 4 2 191 3 311 422 111 310
8553 4 2 191 3 112 113 1108 311
8554 4 2 191 3 112 1108 113 423
8555 4 2 191 3 121 122 1050 449
8556 4 2 191 3 121 1050 122 283
8557 4 2 191 3 110 111 1106 310
8558 4 2 191 3 1106 111 110 419
8559 4 2 191 3 88 89 1034 249
8560 4 2 191 3 88 1034 89 394
8561 4 2 191 3 86 1030 87 387
8562 4 2 191 3 92 91 1040 399
8563 4 2 191 3 109 110 1107 308
8564 4 2 191 3 109 1107 110 421
8565 4 2 191 3 128 290 1085 289
8566 4 2 191 3 283 426 123 122
8567 4 2 191 3 123 448 283 122
8568 4 2 191 3 117 116 1101 415
8569 4 2 191 3 117 1101 116 315
8570 4 2 191 3 115 116 1102 314
8571 4 2 191 3 115 1102 116 416
8572 4 2 191 3 247 1028 85 246
8573 4 2 191 3 247 407 85 86
8574 4 2 191 3 1030 86 248 247
8575 4 2 191 3 1030 248 86 87
8576 4 2 191 3 408 86 248 87
8577 4 2 191 3 457 275 75 76
8578 4 2 191 3 398 75 275 76
8579 4 2 191 3 262 451 62 261
8580 4 2 191 3 62 451 262 63
8581 4 2 191 3 262 391 62 63
8582 4 2 191 3 70 268 1056 454
8583 4 2 191 3 1056 268 70 269
8584 4 2 191 3 256 1103 96 257
8585 4 2 191 3 96 1103 256 95
8586 4 2 191 3 96 396 256 257
8587 4 2 191 3 256 396 96 95
8588 4 2 191 3 1048 124 284 285
8589 4 2 191 3 305 1096 105 304
8590 4 2 191 3 305 427 105 106
8591 4 2 191 3 459 291 129 290
8592 4 2 191 3 459 129 291 130
8593 4 2 191 3 459 461 290 129
8594 4 2 191 3 459 290 461 1062
8595 4 2 191 3 128 290 461 129
8596 4 2 191 3 128 461 290 1062
8597 4 2 191 3 250 1041 89 1034
8598 4 2 191 3 79 1046 22 278
8599 4 2 191 3 22 1046 79 13
8600 4 2 191 3 22 1066 79 278
8601 4 2 191 3 79 1066 22 13
8602 4 2 191 3 1089 118 10 4
8603 4 2 191 3 1089 10 118 279
8604 4 2 191 3 1069 10 118 4
8605 4 2 191 3 1069 118 10 279
8606 4 2 191 3 1047 61 12 260
8607 4 2 191 3 1047 12 61 3
8608 4 2 191 3 1067 12 61 260
8609 4 2 191 3 1067 61 12 3
8610 4 2 191 3 424 316 15 1113
8611 4 2 191 3 15 316 424 117
8612 4 2 191 3 98 1110 21 259
8613 4 2 191 3 21 1110 98 14
8614 4 2 191 3 21 1044 98 259
8615 4 2 191 3 98 1044 21 14
8616 4 2 191 3 404 260 393 61
8617 4 2 191 3 298 425 2 1112
8618 4 2 191 3 2 425 298 99
8619 4 2 191 3 266 389 1030 1028
8620 4 2 191 3 259 1110 415 98
8621 4 2 191 3 415 1110 259 1101
8622 4 2 191 3 420 250 1100 1105
8623 4 2 191 3 440 307 1078 1084
8624 4 2 191 3 241 81 393 1033
8625 4 2 191 3 393 81 241 80
8626 4 2 191 3 393 1045 241 1033
8627 4 2 191 3 241 1045 393 80
8628 4 2 191 3 1088 1090 59 444
8629 4 2 191 3 1088 59 1090 163
8630 4 2 191 3 1044 1046 57 405
8631 4 2 191 3 57 1046 1044 161
8632 4 2 191 3 1091 1089 26 445
8633 4 2 191 3 1091 26 1089 54
8634 4 2 191 3 1068 1066 60 162
8635 4 2 191 3 1068 60 1066 464
8636 4 2 191 3 1069 1067 27 465
8637 4 2 191 3 1069 27 1067 55
8638 4 2 191 3 1045 1047 28 56
8639 4 2 191 3 1045 28 1047 404
8640 4 2 191 3 1111 1 25 53
8641 4 2 191 3 25 1 1111 425
8642 4 2 191 3 25 1112 1111 53
8643 4 2 191 3 1111 1112 25 425
8644 4 2 191 3 1113 1110 58 424
8645 4 2 191 3 1113 58 1110 164
8646 4 2 191 3 14 58 1110 424
8647 4 2 191 3 14 1110 58 164
8648 4 2 191 3 393 1045 260 404
8649 4 2 191 3 260 1045 393 1033
8650 4 2 191 3 275 1060 75 274
8651 4 2 191 3 275 75 1060 457
8652 4 2 191 3 283 1071 123 426
8653 4 2 191 3 283 123 1071 284
8654 4 2 191 3 273 1043 75 274
8655 4 2 191 3 301 1094 103 409
8656 4 2 191 3 103 1094 301 302
8657 4 2 191 3 305 105 408 106
8658 4 2 191 3 408 105 305 1096
8659 4 2 191 3 408 1098 305 106
8660 4 2 191 3 305 1098 408 1096
8661 4 2 191 3 1031 262 62 261
8662 4 2 191 3 62 262 1031 391
8663 4 2 191 3 62 393 1031 261
8664 4 2 191 3 1031 393 62 391
8665 4 2 191 3 283 1049 123 284
8666 4 2 191 3 283 123 1049 448
8667 4 2 191 3 1048 123 1049 284
8668 4 2 191 3 1048 1049 123 448
8669 4 2 191 3 1038 275 75 274
8670 4 2 191 3 75 275 1038 398
8671 4 2 191 3 75 1043 1038 274
8672 4 2 191 3 1038 1043 75 398
8673 4 2 191 3 104 105 1092 303
8674 4 2 191 3 104 1092 105 407
8675 4 2 191 3 1039 271 71 270
8676 4 2 191 3 397 97 259 258
8677 4 2 191 3 397 259 97 98
8678 4 2 191 3 415 97 259 98
8679 4 2 191 3 1040 91 253 252
8680 4 2 191 3 1040 253 91 92
8681 4 2 191 3 419 91 253 92
8682 4 2 191 3 90 89 1041 400
8683 4 2 191 3 123 124 1048 447
8684 4 2 191 3 123 1048 124 284
8685 4 2 191 3 1082 443 293 1087
8686 4 2 191 3 292 293 443 1087
8687 4 2 191 3 292 443 293 132
8688 4 2 191 3 115 1080 437 436
8689 4 2 191 3 115 437 1080 1081
8690 4 2 191 3 295 437 1080 436
8691 4 2 191 3 295 1080 437 1081
8692 4 2 191 3 81 391 243 82
8693 4 2 191 3 81 243 391 1031
8694 4 2 191 3 1029 391 243 1031
8695 4 2 191 3 391 390 243 82
8696 4 2 191 3 243 390 391 1029
8697 4 2 191 3 303 304 429 105
8698 4 2 191 3 303 429 304 1070
8699 4 2 191 3 1074 304 429 1070
8700 4 2 191 3 427 305 304 1074
8701 4 2 191 3 304 305 427 105
8702 4 2 191 3 304 429 427 1074
8703 4 2 191 3 427 429 304 105
8704 4 2 191 3 285 286 446 124
8705 4 2 191 3 446 286 285 1052
8706 4 2 191 3 446 1048 285 124
8707 4 2 191 3 285 1048 446 1052
8708 4 2 191 3 293 438 443 1082
8709 4 2 191 3 443 438 293 132
8710 4 2 191 3 292 130 442 131
8711 4 2 191 3 292 443 442 1086
8712 4 2 191 3 442 443 292 131
8713 4 2 191 3 1086 439 291 1083
8714 4 2 191 3 129 439 291 130
8715 4 2 191 3 442 292 291 130
8716 4 2 191 3 291 292 442 1086
8717 4 2 191 3 291 439 442 130
8718 4 2 191 3 442 439 291 1086
8719 4 2 191 3 462 75 273 74
8720 4 2 191 3 462 1064 273 1065
8721 4 2 191 3 74 1043 75 273
8722 4 2 191 3 75 1043 74 403
8723 4 2 191 3 1085 290 439 1083
8724 4 2 191 3 291 290 439 129
8725 4 2 191 3 291 439 290 1083
8726 4 2 191 3 306 434 307 1078
8727 4 2 191 3 306 307 434 108
8728 4 2 191 3 440 307 434 1078
8729 4 2 191 3 440 434 307 108
8730 4 2 191 3 1071 429 284 123
8731 4 2 191 3 1071 284 429 1070
8732 4 2 191 3 124 284 429 123
8733 4 2 191 3 124 429 284 1070
8734 4 2 191 3 267 67 446 68
8735 4 2 191 3 446 67 267 1052
8736 4 2 191 3 267 1054 446 1052
8737 4 2 191 3 268 452 267 1054
8738 4 2 191 3 268 267 452 68
8739 4 2 191 3 446 267 452 1054
8740 4 2 191 3 446 452 267 68
8741 4 2 191 3 87 249 412 88
8742 4 2 191 3 87 412 249 1098
8743 4 2 191 3 1100 249 412 1098
8744 4 2 191 3 249 89 414 88
8745 4 2 191 3 249 412 414 1100
8746 4 2 191 3 414 412 249 88
8747 4 2 191 3 421 1106 252 1107
8748 4 2 191 3 121 1050 450 449
8749 4 2 191 3 263 450 1050 449
8750 4 2 191 3 263 1050 450 1051
8751 4 2 191 3 1034 89 400 1041
8752 4 2 191 3 400 89 1034 394
8753 4 2 191 3 400 269 1034 1041
8754 4 2 191 3 1034 269 400 394
8755 4 2 191 3 1040 272 72 271
8756 4 2 191 3 1062 71 271 270
8757 4 2 191 3 1041 269 71 400
8758 4 2 191 3 1041 71 269 270
8759 4 2 191 3 273 1064 73 272
8760 4 2 191 3 73 1042 273 272
8761 4 2 191 3 273 1042 73 74
8762 4 2 191 3 421 90 252 91
8763 4 2 191 3 401 90 252 251
8764 4 2 191 3 401 252 90 91
8765 4 2 191 3 251 420 89 90
8766 4 2 191 3 89 420 251 250
8767 4 2 191 3 89 1041 251 90
8768 4 2 191 3 251 1041 89 250
8769 4 2 191 3 1092 406 85 407
8770 4 2 191 3 85 406 1092 246
8771 4 2 191 3 85 247 1092 407
8772 4 2 191 3 1092 247 85 246
8773 4 2 191 3 407 1096 86 247
8774 4 2 191 3 407 86 1096 408
8775 4 2 191 3 248 86 1096 247
8776 4 2 191 3 248 1096 86 408
8777 4 2 191 3 85 247 389 1028
8778 4 2 191 3 85 389 247 86
8779 4 2 191 3 1030 389 247 1028
8780 4 2 191 3 1030 247 389 86
8781 4 2 191 3 252 1107 90 421
8782 4 2 191 3 252 90 1107 251
8783 4 2 191 3 420 90 1107 421
8784 4 2 191 3 420 1107 90 251
8785 4 2 191 3 97 259 1101 415
8786 4 2 191 3 1101 259 97 258
8787 4 2 191 3 1101 416 97 415
8788 4 2 191 3 97 416 1101 258
8789 4 2 191 3 255 1108 418 1104
8790 4 2 191 3 255 95 418 94
8791 4 2 191 3 418 95 255 1104
8792 4 2 191 3 1034 268 392 1032
8793 4 2 191 3 68 268 392 69
8794 4 2 191 3 253 419 252 91
8795 4 2 191 3 253 252 419 1106
8796 4 2 191 3 421 252 419 91
8797 4 2 191 3 421 419 252 1106
8798 4 2 191 3 267 387 266 67
8799 4 2 191 3 267 266 387 1030
8800 4 2 191 3 389 266 387 67
8801 4 2 191 3 389 387 266 1030
8802 4 2 191 3 394 392 268 69
8803 4 2 191 3 394 268 392 1034
8804 4 2 191 3 1030 392 267 1032
8805 4 2 191 3 268 392 267 68
8806 4 2 191 3 268 267 392 1032
8807 4 2 191 3 267 387 392 1030
8808 4 2 191 3 392 387 267 68
8809 4 2 191 3 401 1040 271 1039
8810 4 2 191 3 271 1040 401 72
8811 4 2 191 3 271 71 401 1039
8812 4 2 191 3 401 71 271 72
8813 4 2 191 3 72 73 1040 399
8814 4 2 191 3 1040 73 72 272
8815 4 2 191 3 254 423 255 1108
8816 4 2 191 3 254 255 423 94
8817 4 2 191 3 418 255 423 1108
8818 4 2 191 3 418 423 255 94
8819 4 2 191 3 72 1062 71 271
8820 4 2 191 3 72 71 1062 461
8821 4 2 191 3 299 1075 101 300
8822 4 2 191 3 101 1075 299 100
8823 4 2 191 3 101 411 299 300
8824 4 2 191 3 299 411 101 100
8825 4 2 191 3 435 135 297 296
8826 4 2 191 3 435 297 135 136
8827 4 2 191 3 1057 297 135 296
8828 4 2 191 3 1057 135 297 136
8829 4 2 191 3 439 290 441 129
8830 4 2 191 3 439 441 290 1085
8831 4 2 191 3 128 441 290 129
8832 4 2 191 3 128 290 441 1085
8833 4 2 191 3 462 463 273 1064
8834 4 2 191 3 462 273 463 74
8835 4 2 191 3 73 273 463 1064
8836 4 2 191 3 73 463 273 74
8837 4 2 191 3 1060 274 462 75
8838 4 2 191 3 1060 462 274 1065
8839 4 2 191 3 273 462 274 75
8840 4 2 191 3 273 274 462 1065
8841 4 2 191 3 420 250 414 1100
8842 4 2 191 3 420 414 250 89
8843 4 2 191 3 249 414 250 1100
8844 4 2 191 3 249 250 414 89
8845 4 2 191 3 450 282 1050 121
8846 4 2 191 3 450 1050 282 1051
$EndElements
